Datetime,Ticker,Adj Close,Close,High,Low,Open,Volume
2026-04-09 09:30:00,EMN.V,,0.14499999582767487,0.14499999582767487,0.14499999582767487,0.14499999582767487,0.0
2026-04-09 09:30:00,EPF.V,,0.44999998807907104,0.44999998807907104,0.44999998807907104,0.44999998807907104,0.0
2026-04-09 09:30:00,EQTY.V,,0.3050000071525574,0.3050000071525574,0.29499998688697815,0.29499998688697815,0.0
2026-04-09 09:30:00,ESK.V,,0.44999998807907104,0.46000000834465027,0.44999998807907104,0.46000000834465027,0.0
2026-04-09 09:30:00,EVGN.V,,0.3700000047683716,0.3700000047683716,0.3700000047683716,0.3700000047683716,0.0
2026-04-09 09:30:00,FAIR.V,,0.07999999821186066,0.08500000089406967,0.07999999821186066,0.08500000089406967,0.0
2026-04-09 09:30:00,FCLI.V,,0.4050000011920929,0.4050000011920929,0.4050000011920929,0.4050000011920929,0.0
2026-04-09 09:30:00,FFOX.V,,0.6399999856948853,0.6399999856948853,0.6399999856948853,0.6399999856948853,0.0
2026-04-09 09:30:00,FMS.V,,0.36000001430511475,0.36000001430511475,0.36000001430511475,0.36000001430511475,0.0
2026-04-09 09:30:00,FPC.V,,0.39500001072883606,0.39500001072883606,0.39500001072883606,0.39500001072883606,0.0
2026-04-09 09:30:00,FRED.V,,0.5899999737739563,0.5899999737739563,0.5899999737739563,0.5899999737739563,0.0
2026-04-09 09:30:00,FRNT.V,,0.20000000298023224,0.20000000298023224,0.20000000298023224,0.20000000298023224,0.0
2026-04-09 09:30:00,FUU.V,,0.16500000655651093,0.17499999701976776,0.16500000655651093,0.17499999701976776,0.0
2026-04-09 09:30:00,FW.V,,0.75,0.75,0.75,0.75,0.0
2026-04-09 09:30:00,FYL.V,,0.12999999523162842,0.12999999523162842,0.12999999523162842,0.12999999523162842,0.0
2026-04-09 09:30:00,GBML.V,,0.1850000023841858,0.1850000023841858,0.1850000023841858,0.1850000023841858,0.0
2026-04-09 09:30:00,GCCC-H.V,,0.004999999888241291,0.004999999888241291,0.004999999888241291,0.004999999888241291,0.0
2026-04-09 09:30:00,GDP.V,,0.28999999165534973,0.28999999165534973,0.28999999165534973,0.28999999165534973,0.0
2026-04-09 09:30:00,GER.V,,0.009999999776482582,0.009999999776482582,0.009999999776482582,0.009999999776482582,0.0
2026-04-09 09:30:00,GG.V,,2.700000047683716,2.700000047683716,2.690000057220459,2.690000057220459,0.0
2026-04-09 09:30:00,GGO.V,,0.9599999785423279,1.0,0.9599999785423279,1.0,0.0
2026-04-09 09:30:00,GLAD.V,,1.3200000524520874,1.3200000524520874,1.3200000524520874,1.3200000524520874,0.0
2026-04-09 09:30:00,GLD.V,,0.10000000149011612,0.10000000149011612,0.10000000149011612,0.10000000149011612,0.0
2026-04-09 09:30:00,GLIN-P.V,,0.05000000074505806,0.05000000074505806,0.05000000074505806,0.05000000074505806,0.0
2026-04-09 09:30:00,GMG.V,,2.200000047683716,2.200000047683716,2.200000047683716,2.200000047683716,0.0
2026-04-09 09:30:00,GMI.V,,0.05000000074505806,0.05000000074505806,0.05000000074505806,0.05000000074505806,0.0
2026-04-09 09:30:00,GOE-H.V,,0.019999999552965164,0.019999999552965164,0.019999999552965164,0.019999999552965164,0.0
2026-04-09 09:30:00,GOT.V,,1.649999976158142,1.649999976158142,1.649999976158142,1.649999976158142,0.0
2026-04-09 09:30:00,GPAC.V,,0.46000000834465027,0.46000000834465027,0.46000000834465027,0.46000000834465027,0.0
2026-04-09 09:30:00,GQC.V,,2.2899999618530273,2.2899999618530273,2.2899999618530273,2.2899999618530273,0.0
2026-04-09 09:30:00,GR.V,,0.10499999672174454,0.10499999672174454,0.10499999672174454,0.10499999672174454,0.0
2026-04-09 09:30:00,GRSL.V,,0.3100000023841858,0.3149999976158142,0.30000001192092896,0.30000001192092896,0.0
2026-04-09 09:30:00,GSI.V,,1.2799999713897705,1.2799999713897705,1.2799999713897705,1.2799999713897705,0.0
2026-04-09 09:30:00,GSS.V,,0.02500000037252903,0.02500000037252903,0.02500000037252903,0.02500000037252903,0.0
2026-04-09 09:30:00,GSVR.V,,0.6299999952316284,0.6299999952316284,0.6299999952316284,0.6299999952316284,0.0
2026-04-09 09:30:00,GWM.V,,0.6600000262260437,0.6600000262260437,0.6499999761581421,0.6499999761581421,0.0
2026-04-09 09:30:00,HAM.V,,4.400000095367432,4.400000095367432,4.400000095367432,4.400000095367432,0.0
2026-04-09 09:30:00,HAN.V,,0.6100000143051147,0.6100000143051147,0.6000000238418579,0.6000000238418579,0.0
2026-04-09 09:30:00,HAR.V,,0.05999999865889549,0.05999999865889549,0.05999999865889549,0.05999999865889549,0.0
2026-04-09 09:30:00,HCH.V,,1.5,1.5,1.5,1.5,0.0
2026-04-09 09:30:00,HELI.V,,0.04500000178813934,0.04500000178813934,0.04500000178813934,0.04500000178813934,0.0
2026-04-09 09:30:00,HEVI.V,,0.20499999821186066,0.20499999821186066,0.20000000298023224,0.20000000298023224,0.0
2026-04-09 09:30:00,HHH.V,,5.800000190734863,5.800000190734863,5.800000190734863,5.800000190734863,0.0
2026-04-09 09:30:00,HI.V,,0.1599999964237213,0.1599999964237213,0.1550000011920929,0.1550000011920929,0.0
2026-04-09 09:30:00,HITI.V,,3.190000057220459,3.190000057220459,3.190000057220459,3.190000057220459,0.0
2026-04-09 09:30:00,HIVE.V,,2.880000114440918,2.9000000953674316,2.880000114440918,2.9000000953674316,0.0
2026-04-09 09:30:00,HMR.V,,0.8299999833106995,0.8299999833106995,0.8299999833106995,0.8299999833106995,0.0
2026-04-09 09:30:00,HPQ.V,,0.1850000023841858,0.1850000023841858,0.1850000023841858,0.1850000023841858,0.0
2026-04-09 09:30:00,HSTR.V,,2.509999990463257,2.549999952316284,2.509999990463257,2.549999952316284,0.0
2026-04-09 09:30:00,IBC-H.V,,0.029999999329447746,0.029999999329447746,0.029999999329447746,0.029999999329447746,0.0
2026-04-09 09:30:00,IC.V,,0.12999999523162842,0.12999999523162842,0.11999999731779099,0.11999999731779099,72101.0
2026-04-09 09:30:00,ICM.V,,0.125,0.125,0.125,0.125,0.0
2026-04-09 09:30:00,IFOS.V,,3.6500000953674316,3.6500000953674316,3.5799999237060547,3.5799999237060547,0.0
2026-04-09 09:30:00,ILI.V,,0.019999999552965164,0.019999999552965164,0.019999999552965164,0.019999999552965164,0.0
2026-04-09 09:30:00,IMIN-H.V,,0.08500000089406967,0.08500000089406967,0.08500000089406967,0.08500000089406967,0.0
2026-04-09 09:30:00,IPT.V,,0.24500000476837158,0.24500000476837158,0.24500000476837158,0.24500000476837158,0.0
2026-04-09 09:30:00,ISO.V,,15.010000228881836,15.199999809265137,14.489999771118164,14.779999732971191,80849.0
2026-04-09 09:30:00,IVS.V,,0.23000000417232513,0.23000000417232513,0.23000000417232513,0.23000000417232513,0.0
2026-04-09 09:30:00,JCI-H.V,,0.05000000074505806,0.05000000074505806,0.05000000074505806,0.05000000074505806,0.0
2026-04-09 09:30:00,JEC.V,,0.05000000074505806,0.05000000074505806,0.05000000074505806,0.05000000074505806,0.0
2026-04-09 09:30:00,JML-H.V,,0.014999999664723873,0.014999999664723873,0.014999999664723873,0.014999999664723873,0.0
2026-04-09 09:30:00,JOJO-P.V,,0.0949999988079071,0.0949999988079071,0.0949999988079071,0.0949999988079071,0.0
2026-04-09 09:30:00,KAPA.V,,0.18000000715255737,0.18000000715255737,0.18000000715255737,0.18000000715255737,0.0
2026-04-09 09:30:00,KC.V,,0.3449999988079071,0.3449999988079071,0.3449999988079071,0.3449999988079071,0.0
2026-04-09 09:30:00,KCC.V,,0.8399999737739563,0.8399999737739563,0.8399999737739563,0.8399999737739563,0.0
2026-04-09 09:30:00,KDK.V,,0.9200000166893005,0.9200000166893005,0.9200000166893005,0.9200000166893005,0.0
2026-04-09 09:30:00,KFR.V,,0.7300000190734863,0.7300000190734863,0.7300000190734863,0.7300000190734863,0.0
2026-04-09 09:30:00,KING.V,,0.6000000238418579,0.6399999856948853,0.6000000238418579,0.6200000047683716,9500.0
2026-04-09 09:30:00,KRY.V,,3.359999895095825,3.369999885559082,3.3499999046325684,3.3499999046325684,0.0
2026-04-09 09:30:00,KTN.V,,1.399999976158142,1.399999976158142,1.399999976158142,1.399999976158142,0.0
2026-04-09 09:30:00,KTO.V,,0.800000011920929,0.800000011920929,0.800000011920929,0.800000011920929,0.0
2026-04-09 09:30:00,LA.V,,12.390000343322754,12.390000343322754,12.390000343322754,12.390000343322754,0.0
2026-04-09 09:30:00,LAB.V,,0.06499999761581421,0.06499999761581421,0.06499999761581421,0.06499999761581421,0.0
2026-04-09 09:30:00,LBNK.V,,0.6899999976158142,0.6899999976158142,0.6899999976158142,0.6899999976158142,0.0
2026-04-09 09:30:00,LCX.V,,1.9600000381469727,1.9600000381469727,1.9600000381469727,1.9600000381469727,0.0
2026-04-09 09:30:00,LEN.V,,1.0499999523162842,1.0800000429153442,1.0499999523162842,1.0800000429153442,254940.0
2026-04-09 09:30:00,LGC.V,,2.049999952316284,2.059999942779541,2.049999952316284,2.059999942779541,0.0
2026-04-09 09:30:00,LIFT.V,,5.429999828338623,5.449999809265137,5.420000076293945,5.449999809265137,0.0
2026-04-09 09:30:00,LITH.V,,0.6100000143051147,0.6100000143051147,0.6100000143051147,0.6100000143051147,0.0
2026-04-09 09:30:00,LLG.V,,0.07500000298023224,0.07500000298023224,0.07500000298023224,0.07500000298023224,0.0
2026-04-09 09:30:00,LMR.V,,0.09000000357627869,0.09000000357627869,0.09000000357627869,0.09000000357627869,0.0
2026-04-09 09:30:00,LRA.V,,3.740000009536743,3.740000009536743,3.740000009536743,3.740000009536743,0.0
2026-04-09 09:30:00,LSL.V,,0.3799999952316284,0.3799999952316284,0.3799999952316284,0.3799999952316284,0.0
2026-04-09 09:30:00,LSTR.V,,0.10999999940395355,0.10999999940395355,0.10999999940395355,0.10999999940395355,0.0
2026-04-09 09:30:00,LTE.V,,0.11500000208616257,0.11500000208616257,0.11500000208616257,0.11500000208616257,10325.0
2026-04-09 09:30:00,LTH.V,,1.4199999570846558,1.4299999475479126,1.4199999570846558,1.4299999475479126,0.0
2026-04-09 09:30:00,LUCA.V,,1.5299999713897705,1.5399999618530273,1.4800000190734863,1.4800000190734863,0.0
2026-04-09 09:30:00,LVG.V,,0.3149999976158142,0.3149999976158142,0.3100000023841858,0.3100000023841858,0.0
2026-04-09 09:30:00,LX-H.V,,0.03999999910593033,0.03999999910593033,0.03999999910593033,0.03999999910593033,0.0
2026-04-09 09:30:00,MCA-H.V,,0.10499999672174454,0.10499999672174454,0.10499999672174454,0.10499999672174454,0.0
2026-04-09 09:30:00,MCF.V,,0.04500000178813934,0.04500000178813934,0.04500000178813934,0.04500000178813934,0.0
2026-04-09 09:30:00,MCS.V,,2.1600000858306885,2.1600000858306885,2.1600000858306885,2.1600000858306885,0.0
2026-04-09 09:30:00,MD.V,,0.46000000834465027,0.46000000834465027,0.46000000834465027,0.46000000834465027,0.0
2026-04-09 09:30:00,MDE-H.V,,0.029999999329447746,0.029999999329447746,0.029999999329447746,0.029999999329447746,0.0
2026-04-09 09:30:00,MDO.V,,0.009999999776482582,0.009999999776482582,0.009999999776482582,0.009999999776482582,325000.0
2026-04-09 09:30:00,MDX.V,,0.054999999701976776,0.054999999701976776,0.054999999701976776,0.054999999701976776,0.0
2026-04-09 09:30:00,MGM.V,,2.630000114440918,2.630000114440918,2.630000114440918,2.630000114440918,0.0
2026-04-09 09:30:00,MINE.V,,0.07999999821186066,0.07999999821186066,0.07999999821186066,0.07999999821186066,0.0
2026-04-09 09:30:00,MIR.V,,0.06499999761581421,0.06499999761581421,0.06499999761581421,0.06499999761581421,0.0
2026-04-09 09:30:00,MLP.V,,2.0199999809265137,2.049999952316284,2.009999990463257,2.049999952316284,0.0
2026-04-09 09:30:00,MMG.V,,0.3149999976158142,0.3149999976158142,0.3050000071525574,0.3050000071525574,0.0
2026-04-09 09:30:00,MNC-PR-A.V,,3.0,3.0,3.0,3.0,0.0
2026-04-09 09:30:00,MTA.V,,9.260000228881836,9.270000457763672,9.260000228881836,9.260000228881836,0.0
2026-04-09 09:30:00,MTX.V,,0.009999999776482582,0.009999999776482582,0.009999999776482582,0.009999999776482582,0.0
2026-04-09 09:30:00,NHHH.V,,0.04500000178813934,0.04500000178813934,0.04500000178813934,0.04500000178813934,0.0
2026-04-09 09:30:00,NICU.V,,2.200000047683716,2.200000047683716,2.200000047683716,2.200000047683716,0.0
2026-04-09 09:30:00,NURS.V,,3.0999999046325684,3.140000104904175,3.0999999046325684,3.140000104904175,0.0
2026-04-09 09:30:00,PNG.V,,8.359999656677246,8.460000038146973,8.25,8.420000076293945,0.0
2026-04-09 09:30:00,ROAR.V,,0.25999999046325684,0.25999999046325684,0.25,0.25,0.0
2026-04-09 09:30:00,TUF.V,,0.23999999463558197,0.25,0.23999999463558197,0.25,0.0
2026-04-09 09:30:00,WLTR-H.V,,0.03500000014901161,0.03500000014901161,0.03500000014901161,0.03500000014901161,0.0
2026-04-09 09:30:00,WOLF.V,,1.399999976158142,1.399999976158142,1.399999976158142,1.399999976158142,0.0
2026-04-09 09:30:00,ZNG.V,,1.090000033378601,1.090000033378601,1.090000033378601,1.090000033378601,0.0
2026-04-09 09:31:00,EQTY.V,,0.3050000071525574,0.3050000071525574,0.3050000071525574,0.3050000071525574,8000.0
2026-04-09 09:31:00,FAIR.V,,0.07999999821186066,0.07999999821186066,0.07999999821186066,0.07999999821186066,72500.0
2026-04-09 09:31:00,GQC.V,,2.2899999618530273,2.2899999618530273,2.2899999618530273,2.2899999618530273,400.0
2026-04-09 09:31:00,GRSL.V,,0.3199999928474426,0.3199999928474426,0.3100000023841858,0.3100000023841858,66500.0
2026-04-09 09:31:00,GWM.V,,0.6600000262260437,0.6600000262260437,0.6600000262260437,0.6600000262260437,5500.0
2026-04-09 09:31:00,HITI.V,,3.200000047683716,3.200000047683716,3.200000047683716,3.200000047683716,100.0
2026-04-09 09:31:00,HIVE.V,,2.930000066757202,2.930000066757202,2.9000000953674316,2.9100000858306885,26294.0
2026-04-09 09:31:00,HPQ.V,,0.1850000023841858,0.1850000023841858,0.1850000023841858,0.1850000023841858,1000.0
2026-04-09 09:31:00,HSTR.V,,2.559999942779541,2.559999942779541,2.559999942779541,2.559999942779541,100.0
2026-04-09 09:31:00,IVS.V,,0.23000000417232513,0.23000000417232513,0.23000000417232513,0.23000000417232513,5269.0
2026-04-09 09:31:00,KCC.V,,0.8399999737739563,0.8399999737739563,0.8399999737739563,0.8399999737739563,500.0
2026-04-09 09:31:00,KRY.V,,3.380000114440918,3.380000114440918,3.359999895095825,3.359999895095825,2000.0
2026-04-09 09:31:00,LIFT.V,,5.420000076293945,5.420000076293945,5.420000076293945,5.420000076293945,900.0
2026-04-09 09:31:00,LTH.V,,1.4500000476837158,1.4500000476837158,1.4299999475479126,1.4299999475479126,10900.0
2026-04-09 09:31:00,LUCA.V,,1.5399999618530273,1.5700000524520874,1.5399999618530273,1.5499999523162842,15400.0
2026-04-09 09:31:00,MLP.V,,2.015000104904175,2.015000104904175,2.015000104904175,2.015000104904175,153.0
2026-04-09 09:31:00,NURS.V,,3.069999933242798,3.119999885559082,3.069999933242798,3.119999885559082,4400.0
2026-04-09 09:31:00,PNG.V,,8.470000267028809,8.470000267028809,8.470000267028809,8.470000267028809,378.0
2026-04-09 09:32:00,FAIR.V,,0.07500000298023224,0.07500000298023224,0.07500000298023224,0.07500000298023224,117000.0
2026-04-09 09:32:00,GGO.V,,0.9599999785423279,0.9599999785423279,0.9599999785423279,0.9599999785423279,500.0
2026-04-09 09:32:00,GPAC.V,,0.4699999988079071,0.4749999940395355,0.4699999988079071,0.4699999988079071,56000.0
2026-04-09 09:32:00,GRSL.V,,0.3199999928474426,0.3199999928474426,0.3199999928474426,0.3199999928474426,500.0
2026-04-09 09:32:00,GSVR.V,,0.6299999952316284,0.6299999952316284,0.6299999952316284,0.6299999952316284,5000.0
2026-04-09 09:32:00,GWM.V,,0.6600000262260437,0.6600000262260437,0.6549999713897705,0.6549999713897705,3000.0
2026-04-09 09:32:00,HITI.V,,3.200000047683716,3.200000047683716,3.200000047683716,3.200000047683716,500.0
2026-04-09 09:32:00,HIVE.V,,2.890000104904175,2.9200000762939453,2.890000104904175,2.9200000762939453,18657.0
2026-04-09 09:32:00,HSTR.V,,2.5799999237060547,2.5799999237060547,2.569999933242798,2.569999933242798,600.0
2026-04-09 09:32:00,IFOS.V,,3.7100000381469727,3.7100000381469727,3.680000066757202,3.680000066757202,10257.0
2026-04-09 09:32:00,LCX.V,,1.9600000381469727,1.9700000286102295,1.9600000381469727,1.9700000286102295,12100.0
2026-04-09 09:32:00,LUCA.V,,1.5299999713897705,1.5399999618530273,1.5299999713897705,1.5399999618530273,200.0
2026-04-09 09:32:00,MLP.V,,2.0299999713897705,2.0299999713897705,2.0299999713897705,2.0299999713897705,100.0
2026-04-09 09:32:00,NICU.V,,2.190000057220459,2.190000057220459,2.190000057220459,2.190000057220459,400.0
2026-04-09 09:32:00,NURS.V,,3.069999933242798,3.0799999237060547,3.069999933242798,3.0799999237060547,400.0
2026-04-09 09:32:00,PNG.V,,8.5,8.5,8.420000076293945,8.4399995803833,2153.0
2026-04-09 09:32:00,ZNG.V,,1.100000023841858,1.100000023841858,1.100000023841858,1.100000023841858,78100.0
2026-04-09 09:33:00,GG.V,,2.75,2.75,2.740000009536743,2.740000009536743,3100.0
2026-04-09 09:33:00,GPAC.V,,0.4699999988079071,0.4699999988079071,0.4699999988079071,0.4699999988079071,35500.0
2026-04-09 09:33:00,GQC.V,,2.2799999713897705,2.2799999713897705,2.2799999713897705,2.2799999713897705,300.0
2026-04-09 09:33:00,GWM.V,,0.6499999761581421,0.6499999761581421,0.6499999761581421,0.6499999761581421,3500.0
2026-04-09 09:33:00,IFOS.V,,3.700000047683716,3.700000047683716,3.690000057220459,3.690000057220459,5000.0
2026-04-09 09:33:00,KGS.V,,0.125,0.125,0.125,0.125,0.0
2026-04-09 09:33:00,KRY.V,,3.4100000858306885,3.4100000858306885,3.380000114440918,3.380000114440918,6500.0
2026-04-09 09:33:00,KTO.V,,0.800000011920929,0.800000011920929,0.800000011920929,0.800000011920929,1000.0
2026-04-09 09:33:00,LTH.V,,1.4500000476837158,1.4500000476837158,1.4500000476837158,1.4500000476837158,200.0
2026-04-09 09:33:00,MLP.V,,2.049999952316284,2.049999952316284,2.0399999618530273,2.0399999618530273,2400.0
2026-04-09 09:33:00,PNG.V,,8.489999771118164,8.489999771118164,8.4399995803833,8.4399995803833,2000.0
2026-04-09 09:33:00,ROAR.V,,0.25,0.25,0.25,0.25,10000.0
2026-04-09 09:33:00,ZNG.V,,1.100000023841858,1.100000023841858,1.100000023841858,1.100000023841858,29300.0
2026-04-09 09:34:00,EMN.V,,0.14499999582767487,0.14499999582767487,0.14499999582767487,0.14499999582767487,7000.0
2026-04-09 09:34:00,FRED.V,,0.5799999833106995,0.6000000238418579,0.5799999833106995,0.5899999737739563,7500.0
2026-04-09 09:34:00,GFM-H.V,,0.41999998688697815,0.41999998688697815,0.41999998688697815,0.41999998688697815,0.0
2026-04-09 09:34:00,GPAC.V,,0.4699999988079071,0.4699999988079071,0.4699999988079071,0.4699999988079071,80500.0
2026-04-09 09:34:00,GQC.V,,2.2799999713897705,2.2799999713897705,2.2799999713897705,2.2799999713897705,300.0
2026-04-09 09:34:00,HAN.V,,0.6100000143051147,0.6100000143051147,0.6100000143051147,0.6100000143051147,9000.0
2026-04-09 09:34:00,HEVI.V,,0.2199999988079071,0.2199999988079071,0.20499999821186066,0.20499999821186066,18600.0
2026-04-09 09:34:00,HIVE.V,,2.890000104904175,2.9000000953674316,2.890000104904175,2.9000000953674316,4900.0
2026-04-09 09:34:00,IFOS.V,,3.700000047683716,3.700000047683716,3.700000047683716,3.700000047683716,1000.0
2026-04-09 09:34:00,KTN.V,,1.4500000476837158,1.4500000476837158,1.4199999570846558,1.4199999570846558,18900.0
2026-04-09 09:34:00,LTH.V,,1.4500000476837158,1.4600000381469727,1.4500000476837158,1.4500000476837158,7666.0
2026-04-09 09:34:00,MCF.V,,0.04500000178813934,0.04500000178813934,0.04500000178813934,0.04500000178813934,4000.0
2026-04-09 09:34:00,PNG.V,,8.5,8.5,8.5,8.5,1300.0
2026-04-09 09:35:00,EQTY.V,,0.3100000023841858,0.3100000023841858,0.3100000023841858,0.3100000023841858,8000.0
2026-04-09 09:35:00,GOT.V,,1.649999976158142,1.649999976158142,1.649999976158142,1.649999976158142,9300.0
2026-04-09 09:35:00,GPAC.V,,0.4749999940395355,0.4749999940395355,0.4724999964237213,0.4749999940395355,8500.0
2026-04-09 09:35:00,GQC.V,,2.2799999713897705,2.2799999713897705,2.2799999713897705,2.2799999713897705,300.0
2026-04-09 09:35:00,GRSL.V,,0.3149999976158142,0.3149999976158142,0.3149999976158142,0.3149999976158142,11000.0
2026-04-09 09:35:00,HAR.V,,0.054999999701976776,0.054999999701976776,0.054999999701976776,0.054999999701976776,5000.0
2026-04-09 09:35:00,HI.V,,0.1599999964237213,0.1599999964237213,0.1599999964237213,0.1599999964237213,96500.0
2026-04-09 09:35:00,HIVE.V,,2.880000114440918,2.890000104904175,2.880000114440918,2.890000104904175,13755.0
2026-04-09 09:35:00,HMR.V,,0.8299999833106995,0.8299999833106995,0.8299999833106995,0.8299999833106995,1501.0
2026-04-09 09:35:00,HVG.V,,0.05999999865889549,0.05999999865889549,0.05999999865889549,0.05999999865889549,0.0
2026-04-09 09:35:00,IFOS.V,,3.7200000286102295,3.7200000286102295,3.7100000381469727,3.7100000381469727,7604.0
2026-04-09 09:35:00,IPT.V,,0.24500000476837158,0.24500000476837158,0.24500000476837158,0.24500000476837158,1000.0
2026-04-09 09:35:00,KTN.V,,1.440000057220459,1.440000057220459,1.440000057220459,1.440000057220459,1402.0
2026-04-09 09:35:00,LCX.V,,2.0,2.0,2.0,2.0,7000.0
2026-04-09 09:35:00,LTH.V,,1.4500000476837158,1.4500000476837158,1.4500000476837158,1.4500000476837158,3700.0
2026-04-09 09:35:00,MJS.V,,0.14499999582767487,0.14499999582767487,0.14499999582767487,0.14499999582767487,0.0
2026-04-09 09:35:00,MTA.V,,9.399999618530273,9.399999618530273,9.399999618530273,9.399999618530273,980.0
2026-04-09 09:35:00,NURS.V,,3.119999885559082,3.119999885559082,3.119999885559082,3.119999885559082,100.0
2026-04-09 09:35:00,PNG.V,,8.489999771118164,8.529999732971191,8.460000038146973,8.460000038146973,3807.0
2026-04-09 09:35:00,ROAR.V,,0.25,0.25,0.25,0.25,4600.0
2026-04-09 09:35:00,ZNG.V,,1.100000023841858,1.100000023841858,1.100000023841858,1.100000023841858,1300.0
2026-04-09 09:36:00,GG.V,,2.7699999809265137,2.7699999809265137,2.7699999809265137,2.7699999809265137,1089.0
2026-04-09 09:36:00,GGI.V,,0.11999999731779099,0.11999999731779099,0.11999999731779099,0.11999999731779099,0.0
2026-04-09 09:36:00,GOT.V,,1.649999976158142,1.649999976158142,1.649999976158142,1.649999976158142,1900.0
2026-04-09 09:36:00,GPAC.V,,0.4699999988079071,0.4699999988079071,0.4699999988079071,0.4699999988079071,126000.0
2026-04-09 09:36:00,GQC.V,,2.2799999713897705,2.2799999713897705,2.2799999713897705,2.2799999713897705,100.0
2026-04-09 09:36:00,GSR.V,,0.5299999713897705,0.5299999713897705,0.5299999713897705,0.5299999713897705,0.0
2026-04-09 09:36:00,GSVR.V,,0.6299999952316284,0.6349999904632568,0.6299999952316284,0.6299999952316284,37700.0
2026-04-09 09:36:00,HIVE.V,,2.890000104904175,2.890000104904175,2.890000104904175,2.890000104904175,150.0
2026-04-09 09:36:00,LCX.V,,2.0,2.0,2.0,2.0,500.0
2026-04-09 09:36:00,LUCA.V,,1.5199999809265137,1.5399999618530273,1.5199999809265137,1.5399999618530273,7300.0
2026-04-09 09:36:00,PNG.V,,8.5,8.5,8.489999771118164,8.489999771118164,304.0
2026-04-09 09:37:00,EQTY.V,,0.3149999976158142,0.3149999976158142,0.3149999976158142,0.3149999976158142,9000.0
2026-04-09 09:37:00,FUU.V,,0.16500000655651093,0.16500000655651093,0.16500000655651093,0.16500000655651093,1212.0
2026-04-09 09:37:00,GGI.V,,0.11999999731779099,0.11999999731779099,0.11999999731779099,0.11999999731779099,3500.0
2026-04-09 09:37:00,GOT.V,,1.649999976158142,1.649999976158142,1.649999976158142,1.649999976158142,100.0
2026-04-09 09:37:00,GQC.V,,2.2799999713897705,2.2799999713897705,2.2799999713897705,2.2799999713897705,200.0
2026-04-09 09:37:00,KTN.V,,1.4500000476837158,1.4500000476837158,1.4500000476837158,1.4500000476837158,100.0
2026-04-09 09:37:00,LTH.V,,1.434999942779541,1.440000057220459,1.434999942779541,1.440000057220459,1600.0
2026-04-09 09:37:00,MGM.V,,2.609999895095825,2.609999895095825,2.609999895095825,2.609999895095825,8000.0
2026-04-09 09:37:00,PNG.V,,8.510000228881836,8.510000228881836,8.510000228881836,8.510000228881836,1976.0
2026-04-09 09:37:00,ZNG.V,,1.1100000143051147,1.1200000047683716,1.100000023841858,1.100000023841858,56700.0
2026-04-09 09:38:00,FAIR.V,,0.07500000298023224,0.07500000298023224,0.07500000298023224,0.07500000298023224,50000.0
2026-04-09 09:38:00,GG.V,,2.8399999141693115,2.8399999141693115,2.8399999141693115,2.8399999141693115,400.0
2026-04-09 09:38:00,GSVR.V,,0.6349999904632568,0.6349999904632568,0.6349999904632568,0.6349999904632568,4000.0
2026-04-09 09:38:00,GWM.V,,0.6499999761581421,0.6499999761581421,0.6499999761581421,0.6499999761581421,4500.0
2026-04-09 09:38:00,HI.V,,0.1599999964237213,0.1599999964237213,0.1599999964237213,0.1599999964237213,1000.0
2026-04-09 09:38:00,HIVE.V,,2.869999885559082,2.890000104904175,2.869999885559082,2.890000104904175,1625.0
2026-04-09 09:38:00,HPQ.V,,0.1850000023841858,0.1850000023841858,0.1850000023841858,0.1850000023841858,1641.0
2026-04-09 09:38:00,IFOS.V,,3.7200000286102295,3.7200000286102295,3.7200000286102295,3.7200000286102295,100.0
2026-04-09 09:38:00,KTN.V,,1.4500000476837158,1.4500000476837158,1.4500000476837158,1.4500000476837158,950.0
2026-04-09 09:38:00,LGC.V,,2.0399999618530273,2.0399999618530273,2.0399999618530273,2.0399999618530273,1500.0
2026-04-09 09:38:00,NURS.V,,3.119999885559082,3.119999885559082,3.119999885559082,3.119999885559082,1600.0
2026-04-09 09:38:00,PNG.V,,8.569999694824219,8.579999923706055,8.550000190734863,8.550000190734863,5325.0
2026-04-09 09:39:00,FMAN.V,,0.32499998807907104,0.32499998807907104,0.32499998807907104,0.32499998807907104,0.0
2026-04-09 09:39:00,GEN.V,,0.05999999865889549,0.05999999865889549,0.05999999865889549,0.05999999865889549,0.0
2026-04-09 09:39:00,GG.V,,2.8399999141693115,2.8399999141693115,2.819999933242798,2.819999933242798,5800.0
2026-04-09 09:39:00,GGO.V,,0.9700000286102295,0.9800000190734863,0.9700000286102295,0.9700000286102295,6050.0
2026-04-09 09:39:00,GOT.V,,1.659999966621399,1.659999966621399,1.659999966621399,1.659999966621399,7000.0
2026-04-09 09:39:00,GWM.V,,0.6499999761581421,0.6499999761581421,0.6499999761581421,0.6499999761581421,4000.0
2026-04-09 09:39:00,HCH.V,,1.440000057220459,1.4900000095367432,1.440000057220459,1.4900000095367432,300.0
2026-04-09 09:39:00,HSTR.V,,2.569999933242798,2.569999933242798,2.569999933242798,2.569999933242798,200.0
2026-04-09 09:39:00,LIO.V,,0.24500000476837158,0.24500000476837158,0.24500000476837158,0.24500000476837158,0.0
2026-04-09 09:39:00,LRA.V,,3.609999895095825,3.609999895095825,3.609999895095825,3.609999895095825,122.0
2026-04-09 09:39:00,LUCA.V,,1.5199999809265137,1.5199999809265137,1.5199999809265137,1.5199999809265137,100.0
2026-04-09 09:39:00,MGM.V,,2.5999999046325684,2.5999999046325684,2.5999999046325684,2.5999999046325684,100.0
2026-04-09 09:39:00,MMG.V,,0.3100000023841858,0.3100000023841858,0.3100000023841858,0.3100000023841858,500.0
2026-04-09 09:39:00,NICU.V,,2.180000066757202,2.180000066757202,2.180000066757202,2.180000066757202,200.0
2026-04-09 09:39:00,PNG.V,,8.470000267028809,8.579999923706055,8.470000267028809,8.579999923706055,7842.0
2026-04-09 09:40:00,EQTY.V,,0.3100000023841858,0.3100000023841858,0.3100000023841858,0.3100000023841858,7500.0
2026-04-09 09:40:00,GGO.V,,0.9700000286102295,0.9700000286102295,0.9700000286102295,0.9700000286102295,5000.0
2026-04-09 09:40:00,GMG.V,,2.2100000381469727,2.2200000286102295,2.2100000381469727,2.2100000381469727,800.0
2026-04-09 09:40:00,GSVR.V,,0.6299999952316284,0.6299999952316284,0.6299999952316284,0.6299999952316284,500.0
2026-04-09 09:40:00,GWM.V,,0.6499999761581421,0.6499999761581421,0.6499999761581421,0.6499999761581421,500.0
2026-04-09 09:40:00,HIVE.V,,2.890000104904175,2.890000104904175,2.880000114440918,2.880000114440918,300.0
2026-04-09 09:40:00,HSTR.V,,2.569999933242798,2.569999933242798,2.559999942779541,2.569999933242798,1400.0
2026-04-09 09:40:00,KTO.V,,0.8199999928474426,0.8199999928474426,0.8100000023841858,0.8100000023841858,66500.0
2026-04-09 09:40:00,LUCA.V,,1.559999942779541,1.5700000524520874,1.5199999809265137,1.5199999809265137,87454.0
2026-04-09 09:40:00,MFG.V,,4.329999923706055,4.329999923706055,4.329999923706055,4.329999923706055,0.0
2026-04-09 09:40:00,MGM.V,,2.5999999046325684,2.5999999046325684,2.5999999046325684,2.5999999046325684,1800.0
2026-04-09 09:40:00,PNG.V,,8.489999771118164,8.529999732971191,8.489999771118164,8.520000457763672,1152.0
2026-04-09 09:40:00,ZNG.V,,1.100000023841858,1.100000023841858,1.100000023841858,1.100000023841858,300.0
2026-04-09 09:41:00,GR.V,,0.10499999672174454,0.10499999672174454,0.10499999672174454,0.10499999672174454,1661.0
2026-04-09 09:41:00,GWM.V,,0.6499999761581421,0.6499999761581421,0.6499999761581421,0.6499999761581421,3500.0
2026-04-09 09:41:00,HIVE.V,,2.869999885559082,2.869999885559082,2.869999885559082,2.869999885559082,6520.0
2026-04-09 09:41:00,HSTR.V,,2.569999933242798,2.5899999141693115,2.569999933242798,2.5899999141693115,6000.0
2026-04-09 09:41:00,KRY.V,,3.4100000858306885,3.4100000858306885,3.4100000858306885,3.4100000858306885,100.0
2026-04-09 09:41:00,LUCA.V,,1.5499999523162842,1.5499999523162842,1.5499999523162842,1.5499999523162842,2100.0
2026-04-09 09:41:00,MMG.V,,0.3100000023841858,0.3100000023841858,0.3100000023841858,0.3100000023841858,3500.0
2026-04-09 09:41:00,PNG.V,,8.470000267028809,8.470000267028809,8.470000267028809,8.470000267028809,902.0
2026-04-09 09:41:00,ZNG.V,,1.1299999952316284,1.1299999952316284,1.1100000143051147,1.1100000143051147,3000.0
2026-04-09 09:42:00,FAIR.V,,0.07500000298023224,0.07500000298023224,0.07500000298023224,0.07500000298023224,33000.0
2026-04-09 09:42:00,GWM.V,,0.6499999761581421,0.6499999761581421,0.6499999761581421,0.6499999761581421,8000.0
2026-04-09 09:42:00,HIVE.V,,2.869999885559082,2.869999885559082,2.869999885559082,2.869999885559082,2110.0
2026-04-09 09:42:00,HSTR.V,,2.5799999237060547,2.5799999237060547,2.5799999237060547,2.5799999237060547,600.0
2026-04-09 09:42:00,LGC.V,,2.0199999809265137,2.0199999809265137,2.0199999809265137,2.0199999809265137,1000.0
2026-04-09 09:42:00,LUCA.V,,1.5499999523162842,1.5499999523162842,1.5499999523162842,1.5499999523162842,4000.0
2026-04-09 09:43:00,GG.V,,2.8399999141693115,2.8399999141693115,2.8399999141693115,2.8399999141693115,700.0
2026-04-09 09:43:00,GPM.V,,0.07999999821186066,0.07999999821186066,0.07999999821186066,0.07999999821186066,0.0
2026-04-09 09:43:00,GSVR.V,,0.6399999856948853,0.6399999856948853,0.6399999856948853,0.6399999856948853,1000.0
2026-04-09 09:43:00,HELI.V,,0.04500000178813934,0.04500000178813934,0.04500000178813934,0.04500000178813934,35000.0
2026-04-09 09:43:00,KTO.V,,0.8299999833106995,0.8299999833106995,0.8299999833106995,0.8299999833106995,20500.0
2026-04-09 09:43:00,LIO.V,,0.24500000476837158,0.24500000476837158,0.24500000476837158,0.24500000476837158,615.0
2026-04-09 09:43:00,LUCA.V,,1.5399999618530273,1.5399999618530273,1.534999966621399,1.5399999618530273,8500.0
2026-04-09 09:43:00,NICU.V,,2.180000066757202,2.180000066757202,2.180000066757202,2.180000066757202,300.0
2026-04-09 09:43:00,PNG.V,,8.4399995803833,8.4399995803833,8.430000305175781,8.430000305175781,1120.0
2026-04-09 09:44:00,FAIR.V,,0.07500000298023224,0.07500000298023224,0.07500000298023224,0.07500000298023224,30000.0
2026-04-09 09:44:00,FNC.V,,0.11500000208616257,0.11500000208616257,0.11500000208616257,0.11500000208616257,0.0
2026-04-09 09:44:00,GPM.V,,0.07999999821186066,0.07999999821186066,0.07999999821186066,0.07999999821186066,210688.0
2026-04-09 09:44:00,GSR.V,,0.5299999713897705,0.5299999713897705,0.5299999713897705,0.5299999713897705,1000.0
2026-04-09 09:44:00,GWM.V,,0.6499999761581421,0.6499999761581421,0.6499999761581421,0.6499999761581421,3500.0
2026-04-09 09:44:00,HELI.V,,0.04500000178813934,0.04500000178813934,0.04500000178813934,0.04500000178813934,232000.0
2026-04-09 09:44:00,HIVE.V,,2.869999885559082,2.880000114440918,2.869999885559082,2.880000114440918,600.0
2026-04-09 09:44:00,KRY.V,,3.4000000953674316,3.4000000953674316,3.4000000953674316,3.4000000953674316,2000.0
2026-04-09 09:44:00,KTO.V,,0.8199999928474426,0.8199999928474426,0.8199999928474426,0.8199999928474426,4500.0
2026-04-09 09:44:00,LCX.V,,2.0,2.009999990463257,2.0,2.009999990463257,20700.0
2026-04-09 09:44:00,LVG.V,,0.3149999976158142,0.3149999976158142,0.3149999976158142,0.3149999976158142,2000.0
2026-04-09 09:44:00,PNG.V,,8.420000076293945,8.460000038146973,8.420000076293945,8.460000038146973,1487.0
2026-04-09 09:45:00,GWM.V,,0.6499999761581421,0.6499999761581421,0.6499999761581421,0.6499999761581421,2000.0
2026-04-09 09:45:00,HIVE.V,,2.880000114440918,2.880000114440918,2.880000114440918,2.880000114440918,2550.0
2026-04-09 09:45:00,HSTR.V,,2.559999942779541,2.569999933242798,2.549999952316284,2.569999933242798,16300.0
2026-04-09 09:45:00,IFOS.V,,3.7300000190734863,3.7300000190734863,3.7200000286102295,3.7200000286102295,6400.0
2026-04-09 09:45:00,KRY.V,,3.3499999046325684,3.380000114440918,3.3499999046325684,3.380000114440918,18000.0
2026-04-09 09:45:00,MGM.V,,2.559999942779541,2.559999942779541,2.549999952316284,2.559999942779541,8200.0
2026-04-09 09:46:00,EQTY.V,,0.30000001192092896,0.3050000071525574,0.30000001192092896,0.3050000071525574,71500.0
2026-04-09 09:46:00,FAIR.V,,0.07500000298023224,0.07500000298023224,0.07500000298023224,0.07500000298023224,40000.0
2026-04-09 09:46:00,GOT.V,,1.649999976158142,1.649999976158142,1.649999976158142,1.649999976158142,3000.0
2026-04-09 09:46:00,GPAC.V,,0.4749999940395355,0.4749999940395355,0.4749999940395355,0.4749999940395355,3500.0
2026-04-09 09:46:00,GSVR.V,,0.6399999856948853,0.6399999856948853,0.6399999856948853,0.6399999856948853,67250.0
2026-04-09 09:46:00,HAR.V,,0.05000000074505806,0.05000000074505806,0.05000000074505806,0.05000000074505806,250000.0
2026-04-09 09:46:00,HELI.V,,0.04500000178813934,0.04500000178813934,0.04500000178813934,0.04500000178813934,50000.0
2026-04-09 09:46:00,HIVE.V,,2.880000114440918,2.880000114440918,2.880000114440918,2.880000114440918,200.0
2026-04-09 09:46:00,LUCA.V,,1.559999942779541,1.559999942779541,1.5449999570846558,1.5449999570846558,15600.0
2026-04-09 09:46:00,LVG.V,,0.3100000023841858,0.3100000023841858,0.3100000023841858,0.3100000023841858,1000.0
2026-04-09 09:46:00,MFG.V,,4.380000114440918,4.380000114440918,4.320000171661377,4.349999904632568,4900.0
2026-04-09 09:46:00,PNG.V,,8.4399995803833,8.4399995803833,8.4399995803833,8.4399995803833,100.0
2026-04-09 09:47:00,EQTY.V,,0.3050000071525574,0.3050000071525574,0.3050000071525574,0.3050000071525574,1000.0
2026-04-09 09:47:00,GMG.V,,2.2200000286102295,2.2200000286102295,2.2200000286102295,2.2200000286102295,969.0
2026-04-09 09:47:00,GOT.V,,1.6399999856948853,1.6399999856948853,1.6399999856948853,1.6399999856948853,4400.0
2026-04-09 09:47:00,GRSL.V,,0.3199999928474426,0.3199999928474426,0.3199999928474426,0.3199999928474426,7500.0
2026-04-09 09:47:00,HELI.V,,0.04500000178813934,0.04500000178813934,0.04500000178813934,0.04500000178813934,10000.0
2026-04-09 09:47:00,HITI.V,,3.190000057220459,3.190000057220459,3.190000057220459,3.190000057220459,100.0
2026-04-09 09:47:00,IFOS.V,,3.740000009536743,3.740000009536743,3.740000009536743,3.740000009536743,100.0
2026-04-09 09:47:00,KRY.V,,3.430000066757202,3.430000066757202,3.3399999141693115,3.3399999141693115,28100.0
2026-04-09 09:47:00,LCX.V,,2.0199999809265137,2.0199999809265137,2.0199999809265137,2.0199999809265137,4400.0
2026-04-09 09:47:00,LUCA.V,,1.559999942779541,1.559999942779541,1.5499999523162842,1.559999942779541,3280.0
2026-04-09 09:47:00,LVG.V,,0.3100000023841858,0.3100000023841858,0.3100000023841858,0.3100000023841858,500.0
2026-04-09 09:47:00,PNG.V,,8.470000267028809,8.470000267028809,8.430000305175781,8.430000305175781,5016.0
2026-04-09 09:48:00,GOT.V,,1.6399999856948853,1.6399999856948853,1.6399999856948853,1.6399999856948853,100.0
2026-04-09 09:48:00,GSI.V,,1.2799999713897705,1.2799999713897705,1.2799999713897705,1.2799999713897705,3000.0
2026-04-09 09:48:00,GSVR.V,,0.6299999952316284,0.6349999904632568,0.6299999952316284,0.6349999904632568,55100.0
2026-04-09 09:48:00,GWM.V,,0.6499999761581421,0.6499999761581421,0.6499999761581421,0.6499999761581421,4100.0
2026-04-09 09:48:00,HIVE.V,,2.880000114440918,2.880000114440918,2.880000114440918,2.880000114440918,1500.0
2026-04-09 09:48:00,HSTR.V,,2.5399999618530273,2.549999952316284,2.5399999618530273,2.549999952316284,3700.0
2026-04-09 09:48:00,KTN.V,,1.440000057220459,1.440000057220459,1.440000057220459,1.440000057220459,600.0
2026-04-09 09:48:00,LCX.V,,2.009999990463257,2.009999990463257,2.009999990463257,2.009999990463257,2200.0
2026-04-09 09:48:00,LVG.V,,0.3100000023841858,0.3100000023841858,0.3100000023841858,0.3100000023841858,1500.0
2026-04-09 09:48:00,PNG.V,,8.529999732971191,8.529999732971191,8.5,8.5,1100.0
2026-04-09 09:49:00,FAIR.V,,0.07000000029802322,0.07000000029802322,0.07000000029802322,0.07000000029802322,100000.0
2026-04-09 09:49:00,GMG.V,,2.200000047683716,2.200000047683716,2.200000047683716,2.200000047683716,1915.0
2026-04-09 09:49:00,GRZ.V,,5.559999942779541,5.570000171661377,5.559999942779541,5.570000171661377,0.0
2026-04-09 09:49:00,GSVR.V,,0.6299999952316284,0.6299999952316284,0.6299999952316284,0.6299999952316284,1000.0
2026-04-09 09:49:00,HAN.V,,0.6000000238418579,0.6000000238418579,0.6000000238418579,0.6000000238418579,16000.0
2026-04-09 09:49:00,HIVE.V,,2.890000104904175,2.890000104904175,2.890000104904175,2.890000104904175,500.0
2026-04-09 09:49:00,IFOS.V,,3.7300000190734863,3.7300000190734863,3.7300000190734863,3.7300000190734863,300.0
2026-04-09 09:49:00,ILC.V,,0.019999999552965164,0.019999999552965164,0.019999999552965164,0.019999999552965164,0.0
2026-04-09 09:49:00,LUCA.V,,1.559999942779541,1.559999942779541,1.559999942779541,1.559999942779541,1000.0
2026-04-09 09:49:00,NICU.V,,2.180000066757202,2.180000066757202,2.180000066757202,2.180000066757202,900.0
2026-04-09 09:50:00,FAIR.V,,0.07500000298023224,0.07500000298023224,0.07500000298023224,0.07500000298023224,147000.0
2026-04-09 09:50:00,GGI.V,,0.11500000208616257,0.11500000208616257,0.11500000208616257,0.11500000208616257,85500.0
2026-04-09 09:50:00,GNG.V,,0.14499999582767487,0.14499999582767487,0.14499999582767487,0.14499999582767487,0.0
2026-04-09 09:50:00,GOT.V,,1.649999976158142,1.649999976158142,1.6399999856948853,1.6399999856948853,3100.0
2026-04-09 09:50:00,GSI.V,,1.25,1.2699999809265137,1.25,1.2699999809265137,9150.0
2026-04-09 09:50:00,HIVE.V,,2.880000114440918,2.880000114440918,2.880000114440918,2.880000114440918,10500.0
2026-04-09 09:50:00,HSTR.V,,2.5399999618530273,2.5399999618530273,2.5399999618530273,2.5399999618530273,4500.0
2026-04-09 09:50:00,LUCA.V,,1.559999942779541,1.559999942779541,1.559999942779541,1.559999942779541,1000.0
2026-04-09 09:50:00,LVG.V,,0.3100000023841858,0.3100000023841858,0.3100000023841858,0.3100000023841858,4000.0
2026-04-09 09:50:00,PNG.V,,8.430000305175781,8.539999961853027,8.430000305175781,8.529999732971191,6944.0
2026-04-09 09:51:00,EQTY.V,,0.3050000071525574,0.3050000071525574,0.3050000071525574,0.3050000071525574,7100.0
2026-04-09 09:51:00,FAIR.V,,0.07500000298023224,0.07500000298023224,0.07500000298023224,0.07500000298023224,5000.0
2026-04-09 09:51:00,GOT.V,,1.6399999856948853,1.6399999856948853,1.6399999856948853,1.6399999856948853,100.0
2026-04-09 09:51:00,GRSL.V,,0.3149999976158142,0.3149999976158142,0.3149999976158142,0.3149999976158142,5000.0
2026-04-09 09:51:00,GSVR.V,,0.6299999952316284,0.6299999952316284,0.6299999952316284,0.6299999952316284,20504.0
2026-04-09 09:51:00,GWM.V,,0.6399999856948853,0.6399999856948853,0.6399999856948853,0.6399999856948853,500.0
2026-04-09 09:51:00,HI.V,,0.1599999964237213,0.1599999964237213,0.1599999964237213,0.1599999964237213,10000.0
2026-04-09 09:51:00,HIVE.V,,2.880000114440918,2.880000114440918,2.880000114440918,2.880000114440918,2900.0
2026-04-09 09:51:00,IFOS.V,,3.7200000286102295,3.7300000190734863,3.7200000286102295,3.7300000190734863,1170.0
2026-04-09 09:51:00,KTN.V,,1.440000057220459,1.440000057220459,1.440000057220459,1.440000057220459,600.0
2026-04-09 09:51:00,LTH.V,,1.4299999475479126,1.440000057220459,1.4299999475479126,1.440000057220459,8000.0
2026-04-09 09:51:00,LUCA.V,,1.5499999523162842,1.565000057220459,1.5499999523162842,1.559999942779541,3300.0
2026-04-09 09:51:00,NICU.V,,2.180000066757202,2.184999942779541,2.180000066757202,2.180000066757202,2700.0
2026-04-09 09:51:00,PNG.V,,8.460000038146973,8.460000038146973,8.460000038146973,8.460000038146973,100.0
2026-04-09 09:52:00,GSVR.V,,0.6299999952316284,0.6299999952316284,0.6299999952316284,0.6299999952316284,7000.0
2026-04-09 09:52:00,HIVE.V,,2.890000104904175,2.890000104904175,2.890000104904175,2.890000104904175,1110.0
2026-04-09 09:52:00,HSTR.V,,2.5299999713897705,2.5299999713897705,2.5299999713897705,2.5299999713897705,500.0
2026-04-09 09:52:00,LUCA.V,,1.559999942779541,1.559999942779541,1.5499999523162842,1.5499999523162842,2200.0
2026-04-09 09:52:00,MMG.V,,0.30000001192092896,0.3050000071525574,0.30000001192092896,0.3050000071525574,20500.0
2026-04-09 09:52:00,PNG.V,,8.430000305175781,8.430000305175781,8.430000305175781,8.430000305175781,1037.0
2026-04-09 09:53:00,FAIR.V,,0.07500000298023224,0.07500000298023224,0.07500000298023224,0.07500000298023224,49000.0
2026-04-09 09:53:00,GRSL.V,,0.3149999976158142,0.3149999976158142,0.3149999976158142,0.3149999976158142,500.0
2026-04-09 09:53:00,GSVR.V,,0.6299999952316284,0.6299999952316284,0.6299999952316284,0.6299999952316284,4996.0
2026-04-09 09:53:00,HAN.V,,0.6000000238418579,0.6000000238418579,0.6000000238418579,0.6000000238418579,6024.0
2026-04-09 09:53:00,HIVE.V,,2.890000104904175,2.890000104904175,2.890000104904175,2.890000104904175,1600.0
2026-04-09 09:53:00,LTH.V,,1.4199999570846558,1.4199999570846558,1.4199999570846558,1.4199999570846558,100.0
2026-04-09 09:53:00,LUCA.V,,1.5499999523162842,1.5499999523162842,1.5499999523162842,1.5499999523162842,3200.0
2026-04-09 09:53:00,MCS.V,,2.1500000953674316,2.1500000953674316,2.1500000953674316,2.1500000953674316,100.0
2026-04-09 09:53:00,MFG.V,,4.449999809265137,4.449999809265137,4.389999866485596,4.389999866485596,3200.0
2026-04-09 09:53:00,PNG.V,,8.430000305175781,8.430000305175781,8.430000305175781,8.430000305175781,435.0
2026-04-09 09:54:00,HCH.V,,1.5,1.5,1.5,1.5,24900.0
2026-04-09 09:54:00,HIVE.V,,2.890000104904175,2.890000104904175,2.890000104904175,2.890000104904175,930.0
2026-04-09 09:54:00,IFOS.V,,3.740000009536743,3.740000009536743,3.7300000190734863,3.7300000190734863,200.0
2026-04-09 09:54:00,KTN.V,,1.4299999475479126,1.4299999475479126,1.4299999475479126,1.4299999475479126,1300.0
2026-04-09 09:54:00,KTO.V,,0.8199999928474426,0.8199999928474426,0.8199999928474426,0.8199999928474426,2000.0
2026-04-09 09:54:00,LCX.V,,2.0299999713897705,2.0299999713897705,2.0199999809265137,2.0199999809265137,666.0
2026-04-09 09:54:00,LITH.V,,0.6000000238418579,0.6000000238418579,0.6000000238418579,0.6000000238418579,16100.0
2026-04-09 09:54:00,LTH.V,,1.409999966621399,1.4199999570846558,1.409999966621399,1.4199999570846558,1700.0
2026-04-09 09:54:00,LUCA.V,,1.5549999475479126,1.5549999475479126,1.5549999475479126,1.5549999475479126,150.0
2026-04-09 09:54:00,MFG.V,,4.309999942779541,4.340000152587891,4.309999942779541,4.340000152587891,900.0
2026-04-09 09:54:00,MLP.V,,2.049999952316284,2.049999952316284,2.049999952316284,2.049999952316284,1200.0
2026-04-09 09:54:00,PNG.V,,8.460000038146973,8.460000038146973,8.430000305175781,8.430000305175781,1500.0
2026-04-09 09:54:00,ZNG.V,,1.1200000047683716,1.1200000047683716,1.1200000047683716,1.1200000047683716,200.0
2026-04-09 09:55:00,GRSL.V,,0.3149999976158142,0.3149999976158142,0.3149999976158142,0.3149999976158142,8000.0
2026-04-09 09:55:00,HAM.V,,4.329999923706055,4.340000152587891,4.329999923706055,4.340000152587891,2500.0
2026-04-09 09:55:00,LBNK.V,,0.6800000071525574,0.6800000071525574,0.6800000071525574,0.6800000071525574,2000.0
2026-04-09 09:55:00,LCX.V,,2.059999942779541,2.059999942779541,2.0399999618530273,2.049999952316284,23300.0
2026-04-09 09:55:00,LTH.V,,1.409999966621399,1.409999966621399,1.409999966621399,1.409999966621399,800.0
2026-04-09 09:55:00,LUCA.V,,1.5399999618530273,1.5499999523162842,1.5399999618530273,1.5499999523162842,17200.0
2026-04-09 09:55:00,MGM.V,,2.5799999237060547,2.5799999237060547,2.5799999237060547,2.5799999237060547,3800.0
2026-04-09 09:55:00,PNG.V,,8.449999809265137,8.449999809265137,8.449999809265137,8.449999809265137,1915.0
2026-04-09 09:56:00,FAIR.V,,0.07500000298023224,0.07500000298023224,0.07500000298023224,0.07500000298023224,191000.0
2026-04-09 09:56:00,FBF.V,,0.9900000095367432,0.9900000095367432,0.9900000095367432,0.9900000095367432,0.0
2026-04-09 09:56:00,FPC.V,,0.39500001072883606,0.39500001072883606,0.39500001072883606,0.39500001072883606,2500.0
2026-04-09 09:56:00,GLAD.V,,1.2899999618530273,1.2899999618530273,1.2899999618530273,1.2899999618530273,200.0
2026-04-09 09:56:00,GQC.V,,2.2799999713897705,2.2799999713897705,2.2799999713897705,2.2799999713897705,200.0
2026-04-09 09:56:00,HI.V,,0.1599999964237213,0.1599999964237213,0.1599999964237213,0.1599999964237213,12500.0
2026-04-09 09:56:00,HIVE.V,,2.880000114440918,2.880000114440918,2.875,2.875,2500.0
2026-04-09 09:56:00,IFOS.V,,3.7300000190734863,3.7300000190734863,3.7200000286102295,3.7200000286102295,2300.0
2026-04-09 09:56:00,KTN.V,,1.4299999475479126,1.4299999475479126,1.4299999475479126,1.4299999475479126,1200.0
2026-04-09 09:56:00,LTH.V,,1.409999966621399,1.409999966621399,1.409999966621399,1.409999966621399,2900.0
2026-04-09 09:56:00,MLP.V,,2.049999952316284,2.049999952316284,2.049999952316284,2.049999952316284,1600.0
2026-04-09 09:57:00,EMN.V,,0.14499999582767487,0.14499999582767487,0.14499999582767487,0.14499999582767487,1000.0
2026-04-09 09:57:00,EQTY.V,,0.30000001192092896,0.30000001192092896,0.30000001192092896,0.30000001192092896,16990.0
2026-04-09 09:57:00,FPC.V,,0.39500001072883606,0.39500001072883606,0.39500001072883606,0.39500001072883606,2500.0
2026-04-09 09:57:00,FUU.V,,0.17000000178813934,0.17000000178813934,0.17000000178813934,0.17000000178813934,1000.0
2026-04-09 09:57:00,GEL.V,,0.14499999582767487,0.14499999582767487,0.14499999582767487,0.14499999582767487,0.0
2026-04-09 09:57:00,GQC.V,,2.2799999713897705,2.2799999713897705,2.2799999713897705,2.2799999713897705,300.0
2026-04-09 09:57:00,GRSL.V,,0.3149999976158142,0.3149999976158142,0.3149999976158142,0.3149999976158142,5500.0
2026-04-09 09:57:00,GSI.V,,1.2450000047683716,1.2450000047683716,1.2450000047683716,1.2450000047683716,600.0
2026-04-09 09:57:00,GSVR.V,,0.6299999952316284,0.6299999952316284,0.6299999952316284,0.6299999952316284,28500.0
2026-04-09 09:57:00,GWM.V,,0.6499999761581421,0.6499999761581421,0.6499999761581421,0.6499999761581421,2000.0
2026-04-09 09:57:00,HAM.V,,4.320000171661377,4.320000171661377,4.320000171661377,4.320000171661377,700.0
2026-04-09 09:57:00,IFOS.V,,3.740000009536743,3.740000009536743,3.740000009536743,3.740000009536743,200.0
2026-04-09 09:57:00,LTH.V,,1.4199999570846558,1.4199999570846558,1.409999966621399,1.409999966621399,1800.0
2026-04-09 09:57:00,LUCA.V,,1.5499999523162842,1.5499999523162842,1.5449999570846558,1.5499999523162842,1800.0
2026-04-09 09:57:00,PNG.V,,8.489999771118164,8.489999771118164,8.470000267028809,8.470000267028809,600.0
2026-04-09 09:58:00,EQTY.V,,0.3050000071525574,0.3050000071525574,0.3050000071525574,0.3050000071525574,24000.0
2026-04-09 09:58:00,GOT.V,,1.6399999856948853,1.6449999809265137,1.6399999856948853,1.6399999856948853,1700.0
2026-04-09 09:58:00,GQC.V,,2.2799999713897705,2.2799999713897705,2.2799999713897705,2.2799999713897705,200.0
2026-04-09 09:58:00,HAM.V,,4.329999923706055,4.329999923706055,4.320000171661377,4.320000171661377,1300.0
2026-04-09 09:58:00,HIVE.V,,2.890000104904175,2.890000104904175,2.890000104904175,2.890000104904175,834.0
2026-04-09 09:58:00,KTN.V,,1.4299999475479126,1.4299999475479126,1.4299999475479126,1.4299999475479126,600.0
2026-04-09 09:58:00,LUCA.V,,1.5499999523162842,1.5549999475479126,1.5499999523162842,1.5499999523162842,3900.0
2026-04-09 09:58:00,PNG.V,,8.449999809265137,8.479999542236328,8.449999809265137,8.479999542236328,4700.0
2026-04-09 09:59:00,FRED.V,,0.6000000238418579,0.6000000238418579,0.6000000238418579,0.6000000238418579,8000.0
2026-04-09 09:59:00,GOT.V,,1.6449999809265137,1.6449999809265137,1.6449999809265137,1.6449999809265137,800.0
2026-04-09 09:59:00,GQC.V,,2.2799999713897705,2.2799999713897705,2.2799999713897705,2.2799999713897705,400.0
2026-04-09 09:59:00,GWM.V,,0.6499999761581421,0.6499999761581421,0.6499999761581421,0.6499999761581421,2500.0
2026-04-09 09:59:00,HELI.V,,0.05000000074505806,0.05000000074505806,0.05000000074505806,0.05000000074505806,10000.0
2026-04-09 09:59:00,HEVI.V,,0.20999999344348907,0.20999999344348907,0.20999999344348907,0.20999999344348907,500.0
2026-04-09 09:59:00,LTH.V,,1.409999966621399,1.409999966621399,1.399999976158142,1.409999966621399,1300.0
2026-04-09 09:59:00,LUCA.V,,1.5449999570846558,1.5549999475479126,1.5449999570846558,1.5499999523162842,1300.0
2026-04-09 09:59:00,MJS.V,,0.14499999582767487,0.14499999582767487,0.14499999582767487,0.14499999582767487,15000.0
2026-04-09 09:59:00,NURS.V,,3.0999999046325684,3.0999999046325684,3.0999999046325684,3.0999999046325684,200.0
2026-04-09 09:59:00,PNG.V,,8.449999809265137,8.449999809265137,8.449999809265137,8.449999809265137,1552.0
2026-04-09 09:59:00,ROAR.V,,0.25,0.25,0.25,0.25,8500.0
2026-04-09 09:59:00,ZNG.V,,1.1399999856948853,1.1399999856948853,1.1200000047683716,1.1200000047683716,13833.0
2026-04-09 10:00:00,FPC.V,,0.39500001072883606,0.39500001072883606,0.39500001072883606,0.39500001072883606,1500.0
2026-04-09 10:00:00,GQC.V,,2.2799999713897705,2.2799999713897705,2.2799999713897705,2.2799999713897705,200.0
2026-04-09 10:00:00,GWM.V,,0.6499999761581421,0.6499999761581421,0.6499999761581421,0.6499999761581421,1000.0
2026-04-09 10:00:00,HITI.V,,3.1700000762939453,3.1700000762939453,3.1700000762939453,3.1700000762939453,1032.0
2026-04-09 10:00:00,HIVE.V,,2.890000104904175,2.890000104904175,2.890000104904175,2.890000104904175,12300.0
2026-04-09 10:00:00,LTH.V,,1.409999966621399,1.409999966621399,1.4049999713897705,1.4049999713897705,700.0
2026-04-09 10:00:00,LUCA.V,,1.5449999570846558,1.5449999570846558,1.5449999570846558,1.5449999570846558,500.0
2026-04-09 10:00:00,MIR.V,,0.05999999865889549,0.05999999865889549,0.05999999865889549,0.05999999865889549,14000.0
2026-04-09 10:00:00,MTA.V,,9.40999984741211,9.40999984741211,9.40999984741211,9.40999984741211,300.0
2026-04-09 10:00:00,NICU.V,,2.1600000858306885,2.1700000762939453,2.1600000858306885,2.1700000762939453,1817.0
2026-04-09 10:00:00,NURS.V,,3.0799999237060547,3.0799999237060547,3.0799999237060547,3.0799999237060547,100.0
2026-04-09 10:00:00,PNG.V,,8.470000267028809,8.470000267028809,8.470000267028809,8.470000267028809,100.0
2026-04-09 10:00:00,ZNG.V,,1.149999976158142,1.149999976158142,1.1299999952316284,1.1299999952316284,3400.0
2026-04-09 10:01:00,EVER.V,,0.5099999904632568,0.5099999904632568,0.5099999904632568,0.5099999904632568,0.0
2026-04-09 10:01:00,GOT.V,,1.6399999856948853,1.6399999856948853,1.6399999856948853,1.6399999856948853,200.0
2026-04-09 10:01:00,GQC.V,,2.2799999713897705,2.2799999713897705,2.2799999713897705,2.2799999713897705,200.0
2026-04-09 10:01:00,GSVR.V,,0.6299999952316284,0.6299999952316284,0.6299999952316284,0.6299999952316284,13000.0
2026-04-09 10:01:00,HAM.V,,4.389999866485596,4.389999866485596,4.380000114440918,4.380000114440918,400.0
2026-04-09 10:01:00,HIVE.V,,2.869999885559082,2.880000114440918,2.869999885559082,2.880000114440918,4786.0
2026-04-09 10:01:00,HSTR.V,,2.5299999713897705,2.5299999713897705,2.5299999713897705,2.5299999713897705,300.0
2026-04-09 10:01:00,LBNK.V,,0.6899999976158142,0.6899999976158142,0.6899999976158142,0.6899999976158142,13500.0
2026-04-09 10:01:00,MJS.V,,0.14499999582767487,0.14499999582767487,0.14499999582767487,0.14499999582767487,3401.0
2026-04-09 10:01:00,NICU.V,,2.1600000858306885,2.1600000858306885,2.1600000858306885,2.1600000858306885,475.0
2026-04-09 10:01:00,PNG.V,,8.489999771118164,8.489999771118164,8.479999542236328,8.479999542236328,600.0
2026-04-09 10:01:00,ZNG.V,,1.149999976158142,1.149999976158142,1.149999976158142,1.149999976158142,2000.0
2026-04-09 10:02:00,GOT.V,,1.6399999856948853,1.6399999856948853,1.6399999856948853,1.6399999856948853,200.0
2026-04-09 10:02:00,GQC.V,,2.2799999713897705,2.2799999713897705,2.2799999713897705,2.2799999713897705,100.0
2026-04-09 10:02:00,HAM.V,,4.389999866485596,4.389999866485596,4.389999866485596,4.389999866485596,700.0
2026-04-09 10:02:00,HIVE.V,,2.880000114440918,2.890000104904175,2.880000114440918,2.890000104904175,210.0
2026-04-09 10:02:00,KTN.V,,1.4199999570846558,1.4199999570846558,1.4199999570846558,1.4199999570846558,100.0
2026-04-09 10:02:00,LITH.V,,0.6000000238418579,0.6000000238418579,0.6000000238418579,0.6000000238418579,36000.0
2026-04-09 10:02:00,MD.V,,0.44999998807907104,0.44999998807907104,0.44999998807907104,0.44999998807907104,3000.0
2026-04-09 10:02:00,ROAR.V,,0.25,0.25,0.25,0.25,25500.0
2026-04-09 10:03:00,EQTY.V,,0.3050000071525574,0.3050000071525574,0.3050000071525574,0.3050000071525574,1500.0
2026-04-09 10:03:00,GOT.V,,1.6399999856948853,1.6399999856948853,1.6399999856948853,1.6399999856948853,200.0
2026-04-09 10:03:00,GPAC.V,,0.4650000035762787,0.4650000035762787,0.4650000035762787,0.4650000035762787,10157.0
2026-04-09 10:03:00,GQC.V,,2.2699999809265137,2.2699999809265137,2.2699999809265137,2.2699999809265137,400.0
2026-04-09 10:03:00,HEVI.V,,0.20999999344348907,0.20999999344348907,0.20999999344348907,0.20999999344348907,5000.0
2026-04-09 10:03:00,HIVE.V,,2.890000104904175,2.890000104904175,2.890000104904175,2.890000104904175,800.0
2026-04-09 10:03:00,HSTR.V,,2.5399999618530273,2.5399999618530273,2.5399999618530273,2.5399999618530273,3700.0
2026-04-09 10:03:00,IPT.V,,0.24500000476837158,0.24500000476837158,0.24500000476837158,0.24500000476837158,1000.0
2026-04-09 10:03:00,KTN.V,,1.4199999570846558,1.4199999570846558,1.4199999570846558,1.4199999570846558,200.0
2026-04-09 10:03:00,LTH.V,,1.4049999713897705,1.4049999713897705,1.4049999713897705,1.4049999713897705,100.0
2026-04-09 10:03:00,LUCA.V,,1.5399999618530273,1.5449999570846558,1.534999966621399,1.5449999570846558,3700.0
2026-04-09 10:03:00,MD.V,,0.4399999976158142,0.4399999976158142,0.4399999976158142,0.4399999976158142,1950.0
2026-04-09 10:03:00,ROAR.V,,0.25,0.25,0.25,0.25,2000.0
2026-04-09 10:03:00,ZNG.V,,1.1399999856948853,1.1399999856948853,1.1399999856948853,1.1399999856948853,10000.0
2026-04-09 10:04:00,EMN.V,,0.14499999582767487,0.14499999582767487,0.14499999582767487,0.14499999582767487,1000.0
2026-04-09 10:04:00,EQTY.V,,0.3050000071525574,0.3050000071525574,0.3050000071525574,0.3050000071525574,1500.0
2026-04-09 10:04:00,GOT.V,,1.6399999856948853,1.6399999856948853,1.6399999856948853,1.6399999856948853,200.0
2026-04-09 10:04:00,GPAC.V,,0.4699999988079071,0.4699999988079071,0.4699999988079071,0.4699999988079071,3000.0
2026-04-09 10:04:00,GQC.V,,2.2699999809265137,2.2699999809265137,2.2699999809265137,2.2699999809265137,100.0
2026-04-09 10:04:00,GRSL.V,,0.3149999976158142,0.3149999976158142,0.3149999976158142,0.3149999976158142,500.0
2026-04-09 10:04:00,GSVR.V,,0.6299999952316284,0.6299999952316284,0.6299999952316284,0.6299999952316284,5000.0
2026-04-09 10:04:00,HEVI.V,,0.20999999344348907,0.20999999344348907,0.20999999344348907,0.20999999344348907,15000.0
2026-04-09 10:04:00,HSTR.V,,2.559999942779541,2.559999942779541,2.559999942779541,2.559999942779541,2600.0
2026-04-09 10:04:00,KRY.V,,3.4000000953674316,3.4000000953674316,3.380000114440918,3.380000114440918,1449.0
2026-04-09 10:04:00,LTH.V,,1.409999966621399,1.409999966621399,1.409999966621399,1.409999966621399,100.0
2026-04-09 10:04:00,LUCA.V,,1.5399999618530273,1.5399999618530273,1.5399999618530273,1.5399999618530273,400.0
2026-04-09 10:04:00,PNG.V,,8.479999542236328,8.479999542236328,8.470000267028809,8.470000267028809,600.0
2026-04-09 10:04:00,ROAR.V,,0.25,0.25,0.25,0.25,2000.0
2026-04-09 10:04:00,ZNG.V,,1.1399999856948853,1.1399999856948853,1.1399999856948853,1.1399999856948853,9000.0
2026-04-09 10:05:00,EQTY.V,,0.3050000071525574,0.3050000071525574,0.3050000071525574,0.3050000071525574,3500.0
2026-04-09 10:05:00,FUU.V,,0.17000000178813934,0.17000000178813934,0.17000000178813934,0.17000000178813934,6512.0
2026-04-09 10:05:00,GGO.V,,0.9700000286102295,0.9700000286102295,0.9700000286102295,0.9700000286102295,6000.0
2026-04-09 10:05:00,GOT.V,,1.6399999856948853,1.6399999856948853,1.6399999856948853,1.6399999856948853,300.0
2026-04-09 10:05:00,GQC.V,,2.2699999809265137,2.2699999809265137,2.2699999809265137,2.2699999809265137,100.0
2026-04-09 10:05:00,GSVR.V,,0.6299999952316284,0.6299999952316284,0.6299999952316284,0.6299999952316284,1000.0
2026-04-09 10:05:00,GWM.V,,0.6499999761581421,0.6499999761581421,0.6499999761581421,0.6499999761581421,71500.0
2026-04-09 10:05:00,HHH.V,,5.71999979019165,5.71999979019165,5.71999979019165,5.71999979019165,184.0
2026-04-09 10:05:00,HSTR.V,,2.559999942779541,2.569999933242798,2.559999942779541,2.565000057220459,4100.0
2026-04-09 10:05:00,ISGI.V,,0.009999999776482582,0.009999999776482582,0.009999999776482582,0.009999999776482582,0.0
2026-04-09 10:05:00,KTN.V,,1.4199999570846558,1.4199999570846558,1.4199999570846558,1.4199999570846558,600.0
2026-04-09 10:05:00,MLP.V,,2.049999952316284,2.049999952316284,2.049999952316284,2.049999952316284,1000.0
2026-04-09 10:05:00,PNG.V,,8.5,8.5,8.484999656677246,8.484999656677246,6319.0
2026-04-09 10:05:00,ZNG.V,,1.1399999856948853,1.1399999856948853,1.1399999856948853,1.1399999856948853,31000.0
2026-04-09 10:06:00,EQTY.V,,0.30000001192092896,0.30000001192092896,0.30000001192092896,0.30000001192092896,11500.0
2026-04-09 10:06:00,FPC.V,,0.39500001072883606,0.39500001072883606,0.39500001072883606,0.39500001072883606,500.0
2026-04-09 10:06:00,GOT.V,,1.6399999856948853,1.6399999856948853,1.6399999856948853,1.6399999856948853,900.0
2026-04-09 10:06:00,GQC.V,,2.2699999809265137,2.2699999809265137,2.2699999809265137,2.2699999809265137,200.0
2026-04-09 10:06:00,GRZ.V,,5.559999942779541,5.559999942779541,5.559999942779541,5.559999942779541,600.0
2026-04-09 10:06:00,GSVR.V,,0.6299999952316284,0.6299999952316284,0.6299999952316284,0.6299999952316284,500.0
2026-04-09 10:06:00,HEVI.V,,0.20999999344348907,0.20999999344348907,0.20999999344348907,0.20999999344348907,5000.0
2026-04-09 10:06:00,HSTR.V,,2.5399999618530273,2.549999952316284,2.5399999618530273,2.549999952316284,26200.0
2026-04-09 10:06:00,KTN.V,,1.4199999570846558,1.4199999570846558,1.4199999570846558,1.4199999570846558,600.0
2026-04-09 10:06:00,LTH.V,,1.4049999713897705,1.4049999713897705,1.4049999713897705,1.4049999713897705,200.0
2026-04-09 10:06:00,MFG.V,,4.400000095367432,4.400000095367432,4.389999866485596,4.389999866485596,2700.0
2026-04-09 10:06:00,ROAR.V,,0.25,0.25,0.25,0.25,80500.0
2026-04-09 10:07:00,HIVE.V,,2.880000114440918,2.880000114440918,2.880000114440918,2.880000114440918,2400.0
2026-04-09 10:07:00,LUCA.V,,1.5299999713897705,1.5299999713897705,1.524999976158142,1.5299999713897705,5600.0
2026-04-09 10:07:00,MLP.V,,2.059999942779541,2.059999942779541,2.059999942779541,2.059999942779541,100.0
2026-04-09 10:07:00,PNG.V,,8.470000267028809,8.5,8.470000267028809,8.5,2200.0
2026-04-09 10:07:00,ROAR.V,,0.25,0.25,0.25,0.25,59000.0
2026-04-09 10:07:00,TUF.V,,0.23999999463558197,0.23999999463558197,0.23999999463558197,0.23999999463558197,44000.0
2026-04-09 10:08:00,FRED.V,,0.5899999737739563,0.5899999737739563,0.5899999737739563,0.5899999737739563,27000.0
2026-04-09 10:08:00,GQC.V,,2.2850000858306885,2.2850000858306885,2.2850000858306885,2.2850000858306885,200.0
2026-04-09 10:08:00,GRSL.V,,0.3149999976158142,0.3149999976158142,0.3149999976158142,0.3149999976158142,6000.0
2026-04-09 10:08:00,GWM.V,,0.6499999761581421,0.6499999761581421,0.6499999761581421,0.6499999761581421,3000.0
2026-04-09 10:08:00,HIVE.V,,2.880000114440918,2.880000114440918,2.880000114440918,2.880000114440918,2423.0
2026-04-09 10:08:00,HSTR.V,,2.5299999713897705,2.5299999713897705,2.5299999713897705,2.5299999713897705,100.0
2026-04-09 10:08:00,IFOS.V,,3.759999990463257,3.759999990463257,3.75,3.75,200.0
2026-04-09 10:08:00,ISGI.V,,0.009999999776482582,0.009999999776482582,0.009999999776482582,0.009999999776482582,60000.0
2026-04-09 10:08:00,LTH.V,,1.4049999713897705,1.4049999713897705,1.4049999713897705,1.4049999713897705,100.0
2026-04-09 10:08:00,PNG.V,,8.4399995803833,8.479999542236328,8.4399995803833,8.460000038146973,4088.0
2026-04-09 10:08:00,ROAR.V,,0.25,0.25,0.25,0.25,17000.0
2026-04-09 10:09:00,GSVR.V,,0.6299999952316284,0.6299999952316284,0.6299999952316284,0.6299999952316284,900.0
2026-04-09 10:09:00,LTH.V,,1.4049999713897705,1.4049999713897705,1.4049999713897705,1.4049999713897705,100.0
2026-04-09 10:09:00,LUCA.V,,1.524999976158142,1.5299999713897705,1.524999976158142,1.524999976158142,1100.0
2026-04-09 10:09:00,MCS.V,,2.1500000953674316,2.1500000953674316,2.1500000953674316,2.1500000953674316,1000.0
2026-04-09 10:09:00,MLP.V,,2.049999952316284,2.049999952316284,2.049999952316284,2.049999952316284,1900.0
2026-04-09 10:09:00,PNG.V,,8.399999618530273,8.430000305175781,8.399999618530273,8.430000305175781,6705.0
2026-04-09 10:09:00,ROAR.V,,0.25,0.25,0.25,0.25,1500.0
2026-04-09 10:10:00,HIVE.V,,2.869999885559082,2.869999885559082,2.869999885559082,2.869999885559082,12420.0
2026-04-09 10:10:00,LTH.V,,1.4049999713897705,1.4049999713897705,1.4049999713897705,1.4049999713897705,100.0
2026-04-09 10:10:00,LUCA.V,,1.5199999809265137,1.524999976158142,1.5149999856948853,1.524999976158142,2000.0
2026-04-09 10:10:00,MFG.V,,4.449999809265137,4.449999809265137,4.449999809265137,4.449999809265137,900.0
2026-04-09 10:10:00,ROAR.V,,0.25,0.25,0.25,0.25,100500.0
2026-04-09 10:11:00,FPC.V,,0.39500001072883606,0.39500001072883606,0.39500001072883606,0.39500001072883606,500.0
2026-04-09 10:11:00,GMG.V,,2.180000066757202,2.180000066757202,2.180000066757202,2.180000066757202,1000.0
2026-04-09 10:11:00,GSVR.V,,0.6299999952316284,0.6299999952316284,0.6299999952316284,0.6299999952316284,500.0
2026-04-09 10:11:00,GWM.V,,0.6499999761581421,0.6499999761581421,0.6499999761581421,0.6499999761581421,2500.0
2026-04-09 10:11:00,HIVE.V,,2.869999885559082,2.869999885559082,2.869999885559082,2.869999885559082,200.0
2026-04-09 10:11:00,LTH.V,,1.4049999713897705,1.4049999713897705,1.4049999713897705,1.4049999713897705,100.0
2026-04-09 10:11:00,LUCA.V,,1.5149999856948853,1.5149999856948853,1.5149999856948853,1.5149999856948853,200.0
2026-04-09 10:11:00,MLP.V,,2.0799999237060547,2.0799999237060547,2.069999933242798,2.069999933242798,2100.0
2026-04-09 10:11:00,PNG.V,,8.359999656677246,8.359999656677246,8.359999656677246,8.359999656677246,100.0
2026-04-09 10:11:00,ROAR.V,,0.25,0.25,0.25,0.25,68000.0
2026-04-09 10:12:00,FPC.V,,0.38999998569488525,0.39500001072883606,0.38999998569488525,0.39500001072883606,3000.0
2026-04-09 10:12:00,GG.V,,2.740000009536743,2.740000009536743,2.740000009536743,2.740000009536743,500.0
2026-04-09 10:12:00,GOT.V,,1.6299999952316284,1.6299999952316284,1.6299999952316284,1.6299999952316284,100.0
2026-04-09 10:12:00,GPAC.V,,0.4650000035762787,0.4699999988079071,0.4650000035762787,0.4699999988079071,49300.0
2026-04-09 10:12:00,GSVR.V,,0.6299999952316284,0.6299999952316284,0.6299999952316284,0.6299999952316284,500.0
2026-04-09 10:12:00,GWM.V,,0.6499999761581421,0.6499999761581421,0.6499999761581421,0.6499999761581421,19500.0
2026-04-09 10:12:00,HIVE.V,,2.869999885559082,2.869999885559082,2.869999885559082,2.869999885559082,475.0
2026-04-09 10:12:00,LTH.V,,1.399999976158142,1.4049999713897705,1.399999976158142,1.4049999713897705,200.0
2026-04-09 10:12:00,LUCA.V,,1.4950000047683716,1.5149999856948853,1.4900000095367432,1.5149999856948853,19200.0
2026-04-09 10:12:00,MTA.V,,9.319999694824219,9.319999694824219,9.319999694824219,9.319999694824219,100.0
2026-04-09 10:12:00,ROAR.V,,0.25,0.25,0.25,0.25,17000.0
2026-04-09 10:13:00,GWM.V,,0.6499999761581421,0.6499999761581421,0.6499999761581421,0.6499999761581421,8000.0
2026-04-09 10:13:00,HPL.V,,0.10999999940395355,0.10999999940395355,0.10999999940395355,0.10999999940395355,0.0
2026-04-09 10:13:00,LTH.V,,1.3899999856948853,1.399999976158142,1.3899999856948853,1.399999976158142,13471.0
2026-04-09 10:13:00,LUCA.V,,1.5,1.5,1.5,1.5,2592.0
2026-04-09 10:13:00,NICU.V,,2.130000114440918,2.1449999809265137,2.130000114440918,2.1449999809265137,3600.0
2026-04-09 10:13:00,PNG.V,,8.390000343322754,8.390000343322754,8.350000381469727,8.359999656677246,4523.0
2026-04-09 10:13:00,ROAR.V,,0.25,0.25,0.25,0.25,25000.0
2026-04-09 10:13:00,ZNG.V,,1.1399999856948853,1.1399999856948853,1.1299999952316284,1.1299999952316284,2000.0
2026-04-09 10:14:00,ESK.V,,0.4650000035762787,0.4650000035762787,0.46000000834465027,0.46000000834465027,50011.0
2026-04-09 10:14:00,FRED.V,,0.5899999737739563,0.5899999737739563,0.5899999737739563,0.5899999737739563,19500.0
2026-04-09 10:14:00,GQC.V,,2.2699999809265137,2.2699999809265137,2.2699999809265137,2.2699999809265137,200.0
2026-04-09 10:14:00,GSTM.V,,0.2199999988079071,0.2199999988079071,0.2199999988079071,0.2199999988079071,0.0
2026-04-09 10:14:00,KFR.V,,0.7200000286102295,0.7200000286102295,0.7200000286102295,0.7200000286102295,15000.0
2026-04-09 10:14:00,LTH.V,,1.3899999856948853,1.3899999856948853,1.3899999856948853,1.3899999856948853,600.0
2026-04-09 10:14:00,MLP.V,,2.049999952316284,2.049999952316284,2.049999952316284,2.049999952316284,100.0
2026-04-09 10:15:00,FAIR.V,,0.07500000298023224,0.07500000298023224,0.07500000298023224,0.07500000298023224,89000.0
2026-04-09 10:15:00,GQC.V,,2.2699999809265137,2.2699999809265137,2.2699999809265137,2.2699999809265137,100.0
2026-04-09 10:15:00,GSTM.V,,0.2199999988079071,0.2199999988079071,0.2199999988079071,0.2199999988079071,5000.0
2026-04-09 10:15:00,HIVE.V,,2.859999895095825,2.859999895095825,2.859999895095825,2.859999895095825,1410.0
2026-04-09 10:15:00,LTH.V,,1.3799999952316284,1.3899999856948853,1.3799999952316284,1.3899999856948853,8500.0
2026-04-09 10:15:00,LUCA.V,,1.5,1.5,1.5,1.5,200.0
2026-04-09 10:15:00,MLP.V,,2.069999933242798,2.069999933242798,2.069999933242798,2.069999933242798,100.0
2026-04-09 10:16:00,EQTY.V,,0.30000001192092896,0.30000001192092896,0.30000001192092896,0.30000001192092896,3500.0
2026-04-09 10:16:00,GMG.V,,2.1600000858306885,2.1600000858306885,2.1600000858306885,2.1600000858306885,300.0
2026-04-09 10:16:00,GOT.V,,1.6299999952316284,1.6299999952316284,1.6299999952316284,1.6299999952316284,1000.0
2026-04-09 10:16:00,GPG.V,,0.4050000011920929,0.4050000011920929,0.4050000011920929,0.4050000011920929,0.0
2026-04-09 10:16:00,GQC.V,,2.2699999809265137,2.2699999809265137,2.2699999809265137,2.2699999809265137,100.0
2026-04-09 10:16:00,HSTR.V,,2.5199999809265137,2.5199999809265137,2.5199999809265137,2.5199999809265137,17182.0
2026-04-09 10:16:00,IVS.V,,0.23000000417232513,0.23000000417232513,0.23000000417232513,0.23000000417232513,500.0
2026-04-09 10:16:00,KCC.V,,0.8399999737739563,0.8399999737739563,0.8399999737739563,0.8399999737739563,15500.0
2026-04-09 10:16:00,MLP.V,,2.069999933242798,2.069999933242798,2.069999933242798,2.069999933242798,200.0
2026-04-09 10:16:00,NURS.V,,3.0999999046325684,3.0999999046325684,3.0999999046325684,3.0999999046325684,100.0
2026-04-09 10:16:00,PNG.V,,8.329999923706055,8.369999885559082,8.329999923706055,8.369999885559082,4300.0
2026-04-09 10:16:00,ZNG.V,,1.149999976158142,1.149999976158142,1.149999976158142,1.149999976158142,100.0
2026-04-09 10:17:00,GQC.V,,2.2699999809265137,2.2699999809265137,2.2699999809265137,2.2699999809265137,200.0
2026-04-09 10:17:00,GRI.V,,0.02500000037252903,0.02500000037252903,0.02500000037252903,0.02500000037252903,0.0
2026-04-09 10:17:00,GRSL.V,,0.3100000023841858,0.3100000023841858,0.3100000023841858,0.3100000023841858,95458.0
2026-04-09 10:17:00,HEVI.V,,0.20999999344348907,0.20999999344348907,0.20999999344348907,0.20999999344348907,2500.0
2026-04-09 10:17:00,HIVE.V,,2.859999895095825,2.859999895095825,2.8499999046325684,2.8499999046325684,5100.0
2026-04-09 10:17:00,HSTR.V,,2.5,2.509999990463257,2.5,2.509999990463257,1807.0
2026-04-09 10:17:00,JJ.V,,0.054999999701976776,0.054999999701976776,0.054999999701976776,0.054999999701976776,0.0
2026-04-09 10:17:00,KCC.V,,0.8399999737739563,0.8399999737739563,0.8399999737739563,0.8399999737739563,8000.0
2026-04-09 10:17:00,KRY.V,,3.3499999046325684,3.369999885559082,3.3499999046325684,3.369999885559082,2100.0
2026-04-09 10:17:00,KTN.V,,1.409999966621399,1.409999966621399,1.409999966621399,1.409999966621399,2100.0
2026-04-09 10:17:00,MLP.V,,2.069999933242798,2.069999933242798,2.069999933242798,2.069999933242798,100.0
2026-04-09 10:17:00,PNG.V,,8.34000015258789,8.34000015258789,8.34000015258789,8.34000015258789,1700.0
2026-04-09 10:17:00,ROAR.V,,0.25,0.25,0.25,0.25,10000.0
2026-04-09 10:17:00,SCAN.V,,7.25,7.28000020980835,7.25,7.28000020980835,0.0
2026-04-09 10:18:00,FPC.V,,0.38999998569488525,0.38999998569488525,0.38999998569488525,0.38999998569488525,2009.0
2026-04-09 10:18:00,FUU.V,,0.17000000178813934,0.17000000178813934,0.17000000178813934,0.17000000178813934,4500.0
2026-04-09 10:18:00,FW.V,,0.7400000095367432,0.7400000095367432,0.7400000095367432,0.7400000095367432,6000.0
2026-04-09 10:18:00,GG.V,,2.7899999618530273,2.7899999618530273,2.7899999618530273,2.7899999618530273,100.0
2026-04-09 10:18:00,GOT.V,,1.6200000047683716,1.625,1.6200000047683716,1.625,6923.0
2026-04-09 10:18:00,GQC.V,,2.2699999809265137,2.2699999809265137,2.2699999809265137,2.2699999809265137,200.0
2026-04-09 10:18:00,HIVE.V,,2.8499999046325684,2.8499999046325684,2.8499999046325684,2.8499999046325684,21417.0
2026-04-09 10:18:00,HSTR.V,,2.4800000190734863,2.490000009536743,2.4800000190734863,2.490000009536743,600.0
2026-04-09 10:18:00,KRY.V,,3.3499999046325684,3.3499999046325684,3.3499999046325684,3.3499999046325684,767.0
2026-04-09 10:18:00,LTH.V,,1.3700000047683716,1.3700000047683716,1.3700000047683716,1.3700000047683716,2700.0
2026-04-09 10:18:00,NURS.V,,3.0899999141693115,3.0899999141693115,3.0899999141693115,3.0899999141693115,200.0
2026-04-09 10:18:00,PNG.V,,8.350000381469727,8.359999656677246,8.350000381469727,8.359999656677246,1000.0
2026-04-09 10:18:00,ROAR.V,,0.25,0.25,0.25,0.25,2740.0
2026-04-09 10:18:00,ZNG.V,,1.1399999856948853,1.1399999856948853,1.1399999856948853,1.1399999856948853,5000.0
2026-04-09 10:19:00,EQTY.V,,0.30000001192092896,0.30000001192092896,0.30000001192092896,0.30000001192092896,23000.0
2026-04-09 10:19:00,FPC.V,,0.38499999046325684,0.38499999046325684,0.38499999046325684,0.38499999046325684,11816.0
2026-04-09 10:19:00,FW.V,,0.75,0.75,0.75,0.75,1500.0
2026-04-09 10:19:00,GMG.V,,2.1600000858306885,2.1600000858306885,2.1600000858306885,2.1600000858306885,109.0
2026-04-09 10:19:00,GOT.V,,1.6100000143051147,1.6100000143051147,1.6100000143051147,1.6100000143051147,6100.0
2026-04-09 10:19:00,GPAC.V,,0.4650000035762787,0.4650000035762787,0.4650000035762787,0.4650000035762787,2000.0
2026-04-09 10:19:00,GQC.V,,2.2699999809265137,2.2699999809265137,2.2699999809265137,2.2699999809265137,100.0
2026-04-09 10:19:00,GRSL.V,,0.3100000023841858,0.3100000023841858,0.3100000023841858,0.3100000023841858,500.0
2026-04-09 10:19:00,HIVE.V,,2.8399999141693115,2.8399999141693115,2.8399999141693115,2.8399999141693115,100.0
2026-04-09 10:19:00,HSTR.V,,2.4800000190734863,2.4800000190734863,2.4800000190734863,2.4800000190734863,100.0
2026-04-09 10:19:00,LTH.V,,1.3700000047683716,1.3700000047683716,1.3700000047683716,1.3700000047683716,300.0
2026-04-09 10:19:00,LVG.V,,0.3100000023841858,0.3100000023841858,0.3100000023841858,0.3100000023841858,12500.0
2026-04-09 10:19:00,LVX.V,,0.6299999952316284,0.6299999952316284,0.6299999952316284,0.6299999952316284,0.0
2026-04-09 10:19:00,MLP.V,,2.0199999809265137,2.069999933242798,2.0199999809265137,2.069999933242798,16300.0
2026-04-09 10:19:00,NHHH.V,,0.04500000178813934,0.04500000178813934,0.04500000178813934,0.04500000178813934,8000.0
2026-04-09 10:19:00,PNG.V,,8.380000114440918,8.380000114440918,8.350000381469727,8.350000381469727,1173.0
2026-04-09 10:19:00,ROAR.V,,0.25,0.25,0.25,0.25,4000.0
2026-04-09 10:20:00,FUU.V,,0.17000000178813934,0.17000000178813934,0.17000000178813934,0.17000000178813934,4500.0
2026-04-09 10:20:00,GQC.V,,2.2799999713897705,2.2799999713897705,2.2699999809265137,2.2699999809265137,200.0
2026-04-09 10:20:00,GRSL.V,,0.3100000023841858,0.3100000023841858,0.3100000023841858,0.3100000023841858,500.0
2026-04-09 10:20:00,HIVE.V,,2.8499999046325684,2.8499999046325684,2.8499999046325684,2.8499999046325684,500.0
2026-04-09 10:20:00,LCX.V,,2.0399999618530273,2.0399999618530273,2.0399999618530273,2.0399999618530273,100.0
2026-04-09 10:20:00,LTH.V,,1.3700000047683716,1.3700000047683716,1.3700000047683716,1.3700000047683716,800.0
2026-04-09 10:20:00,LUCA.V,,1.4900000095367432,1.4900000095367432,1.4900000095367432,1.4900000095367432,1100.0
2026-04-09 10:20:00,NICU.V,,2.130000114440918,2.130000114440918,2.130000114440918,2.130000114440918,500.0
2026-04-09 10:20:00,PNG.V,,8.390000343322754,8.390000343322754,8.380000114440918,8.380000114440918,700.0
2026-04-09 10:20:00,ZNG.V,,1.1399999856948853,1.1399999856948853,1.1399999856948853,1.1399999856948853,200.0
2026-04-09 10:21:00,GSVR.V,,0.6200000047683716,0.6200000047683716,0.6200000047683716,0.6200000047683716,2000.0
2026-04-09 10:21:00,HIVE.V,,2.8499999046325684,2.8499999046325684,2.8499999046325684,2.8499999046325684,4159.0
2026-04-09 10:21:00,HSTR.V,,2.4800000190734863,2.4800000190734863,2.4800000190734863,2.4800000190734863,802.0
2026-04-09 10:21:00,ION.V,,0.04500000178813934,0.04500000178813934,0.04500000178813934,0.04500000178813934,0.0
2026-04-09 10:21:00,KDK.V,,0.8999999761581421,0.8999999761581421,0.8999999761581421,0.8999999761581421,14800.0
2026-04-09 10:21:00,LUCA.V,,1.4900000095367432,1.4900000095367432,1.4900000095367432,1.4900000095367432,100.0
2026-04-09 10:21:00,MTA.V,,9.270000457763672,9.270000457763672,9.270000457763672,9.270000457763672,100.0
2026-04-09 10:21:00,PNG.V,,8.399999618530273,8.399999618530273,8.399999618530273,8.399999618530273,100.0
2026-04-09 10:22:00,HIVE.V,,2.8450000286102295,2.8450000286102295,2.8450000286102295,2.8450000286102295,400.0
2026-04-09 10:22:00,ION.V,,0.04500000178813934,0.04500000178813934,0.04500000178813934,0.04500000178813934,35000.0
2026-04-09 10:22:00,LTH.V,,1.3849999904632568,1.3849999904632568,1.3700000047683716,1.3700000047683716,4700.0
2026-04-09 10:22:00,LUCA.V,,1.4900000095367432,1.4900000095367432,1.4900000095367432,1.4900000095367432,100.0
2026-04-09 10:22:00,PNG.V,,8.40999984741211,8.40999984741211,8.390000343322754,8.390000343322754,3400.0
2026-04-09 10:23:00,FUU.V,,0.17000000178813934,0.17000000178813934,0.17000000178813934,0.17000000178813934,10500.0
2026-04-09 10:23:00,GOT.V,,1.6200000047683716,1.6200000047683716,1.6200000047683716,1.6200000047683716,800.0
2026-04-09 10:23:00,GQC.V,,2.2699999809265137,2.2699999809265137,2.2699999809265137,2.2699999809265137,100.0
2026-04-09 10:23:00,GSI.V,,1.2450000047683716,1.2450000047683716,1.2400000095367432,1.2400000095367432,8531.0
2026-04-09 10:23:00,HIVE.V,,2.859999895095825,2.859999895095825,2.8499999046325684,2.8499999046325684,1200.0
2026-04-09 10:23:00,HSTR.V,,2.4600000381469727,2.4600000381469727,2.4600000381469727,2.4600000381469727,100.0
2026-04-09 10:23:00,LUCA.V,,1.4900000095367432,1.4900000095367432,1.4900000095367432,1.4900000095367432,168.0
2026-04-09 10:23:00,MLP.V,,2.009999990463257,2.009999990463257,2.009999990463257,2.009999990463257,215.0
2026-04-09 10:23:00,PNG.V,,8.40999984741211,8.40999984741211,8.40999984741211,8.40999984741211,200.0
2026-04-09 10:23:00,ZNG.V,,1.1399999856948853,1.1399999856948853,1.1399999856948853,1.1399999856948853,900.0
2026-04-09 10:24:00,GMG.V,,2.140000104904175,2.1600000858306885,2.140000104904175,2.1600000858306885,600.0
2026-04-09 10:24:00,GQC.V,,2.2699999809265137,2.2699999809265137,2.2699999809265137,2.2699999809265137,100.0
2026-04-09 10:24:00,HAM.V,,4.389999866485596,4.389999866485596,4.389999866485596,4.389999866485596,600.0
2026-04-09 10:24:00,HIVE.V,,2.8499999046325684,2.8499999046325684,2.8499999046325684,2.8499999046325684,304.0
2026-04-09 10:24:00,HSTR.V,,2.4700000286102295,2.4700000286102295,2.4700000286102295,2.4700000286102295,1800.0
2026-04-09 10:24:00,KTO.V,,0.8199999928474426,0.8199999928474426,0.8199999928474426,0.8199999928474426,2000.0
2026-04-09 10:24:00,LGC.V,,2.0199999809265137,2.0199999809265137,2.0199999809265137,2.0199999809265137,1500.0
2026-04-09 10:24:00,LITH.V,,0.6000000238418579,0.6000000238418579,0.6000000238418579,0.6000000238418579,6500.0
2026-04-09 10:24:00,LTH.V,,1.375,1.375,1.375,1.375,200.0
2026-04-09 10:24:00,LUCA.V,,1.4900000095367432,1.5,1.4850000143051147,1.5,8400.0
2026-04-09 10:24:00,LVG.V,,0.3100000023841858,0.3100000023841858,0.3100000023841858,0.3100000023841858,4500.0
2026-04-09 10:24:00,MFG.V,,4.420000076293945,4.420000076293945,4.409999847412109,4.420000076293945,2000.0
2026-04-09 10:24:00,PNG.V,,8.40999984741211,8.40999984741211,8.40999984741211,8.40999984741211,300.0
2026-04-09 10:25:00,GQC.V,,2.2699999809265137,2.2699999809265137,2.2699999809265137,2.2699999809265137,100.0
2026-04-09 10:25:00,GRSL.V,,0.3149999976158142,0.3149999976158142,0.3100000023841858,0.3100000023841858,4500.0
2026-04-09 10:25:00,GSI.V,,1.2599999904632568,1.2599999904632568,1.25,1.25,4200.0
2026-04-09 10:25:00,GSVR.V,,0.6200000047683716,0.6200000047683716,0.6200000047683716,0.6200000047683716,5000.0
2026-04-09 10:25:00,HSTR.V,,2.4700000286102295,2.4700000286102295,2.4700000286102295,2.4700000286102295,100.0
2026-04-09 10:25:00,IPT.V,,0.23999999463558197,0.23999999463558197,0.23999999463558197,0.23999999463558197,5000.0
2026-04-09 10:25:00,LGC.V,,2.009999990463257,2.009999990463257,2.009999990463257,2.009999990463257,702.0
2026-04-09 10:25:00,LTH.V,,1.375,1.375,1.375,1.375,200.0
2026-04-09 10:25:00,LVG.V,,0.3149999976158142,0.3149999976158142,0.3125,0.3125,7000.0
2026-04-09 10:25:00,PNG.V,,8.380000114440918,8.40999984741211,8.380000114440918,8.40999984741211,2800.0
2026-04-09 10:26:00,GQC.V,,2.2699999809265137,2.2699999809265137,2.2699999809265137,2.2699999809265137,200.0
2026-04-09 10:26:00,GSI.V,,1.2699999809265137,1.2699999809265137,1.2649999856948853,1.2649999856948853,3200.0
2026-04-09 10:26:00,GSVR.V,,0.6200000047683716,0.6200000047683716,0.6200000047683716,0.6200000047683716,166500.0
2026-04-09 10:26:00,HIVE.V,,2.8399999141693115,2.8499999046325684,2.8399999141693115,2.8499999046325684,4370.0
2026-04-09 10:26:00,HSTR.V,,2.4700000286102295,2.4700000286102295,2.4700000286102295,2.4700000286102295,7200.0
2026-04-09 10:26:00,KTN.V,,1.409999966621399,1.409999966621399,1.409999966621399,1.409999966621399,900.0
2026-04-09 10:26:00,LUCA.V,,1.4900000095367432,1.4900000095367432,1.4900000095367432,1.4900000095367432,1500.0
2026-04-09 10:27:00,EVNI.V,,0.22499999403953552,0.22499999403953552,0.22499999403953552,0.22499999403953552,0.0
2026-04-09 10:27:00,GQC.V,,2.2699999809265137,2.2699999809265137,2.2699999809265137,2.2699999809265137,200.0
2026-04-09 10:27:00,GSI.V,,1.2599999904632568,1.2599999904632568,1.2599999904632568,1.2599999904632568,1800.0
2026-04-09 10:27:00,HIVE.V,,2.8399999141693115,2.8399999141693115,2.8399999141693115,2.8399999141693115,48600.0
2026-04-09 10:27:00,KTN.V,,1.409999966621399,1.409999966621399,1.409999966621399,1.409999966621399,800.0
2026-04-09 10:27:00,LTH.V,,1.375,1.375,1.375,1.375,100.0
2026-04-09 10:27:00,LUCA.V,,1.4900000095367432,1.4900000095367432,1.4850000143051147,1.4900000095367432,6300.0
2026-04-09 10:27:00,LVX.V,,0.6399999856948853,0.6399999856948853,0.6399999856948853,0.6399999856948853,500.0
2026-04-09 10:27:00,MGM.V,,2.559999942779541,2.569999933242798,2.559999942779541,2.569999933242798,2700.0
2026-04-09 10:27:00,MLP.V,,2.0,2.0,2.0,2.0,7956.0
2026-04-09 10:27:00,PNG.V,,8.380000114440918,8.380000114440918,8.380000114440918,8.380000114440918,406.0
2026-04-09 10:28:00,GQC.V,,2.2699999809265137,2.2699999809265137,2.2699999809265137,2.2699999809265137,400.0
2026-04-09 10:28:00,GWM.V,,0.6499999761581421,0.6499999761581421,0.6499999761581421,0.6499999761581421,1000.0
2026-04-09 10:28:00,HSTR.V,,2.4700000286102295,2.4700000286102295,2.4700000286102295,2.4700000286102295,200.0
2026-04-09 10:28:00,KDK.V,,0.9100000262260437,0.9100000262260437,0.9100000262260437,0.9100000262260437,2000.0
2026-04-09 10:28:00,KFR.V,,0.7200000286102295,0.7200000286102295,0.7200000286102295,0.7200000286102295,1000.0
2026-04-09 10:28:00,LTH.V,,1.3700000047683716,1.3700000047683716,1.3700000047683716,1.3700000047683716,700.0
2026-04-09 10:28:00,LVX.V,,0.6399999856948853,0.6399999856948853,0.6399999856948853,0.6399999856948853,500.0
2026-04-09 10:28:00,PNG.V,,8.369999885559082,8.369999885559082,8.369999885559082,8.369999885559082,101.0
2026-04-09 10:29:00,GLAD.V,,1.2599999904632568,1.2599999904632568,1.2599999904632568,1.2599999904632568,200.0
2026-04-09 10:29:00,GOT.V,,1.6299999952316284,1.6299999952316284,1.6299999952316284,1.6299999952316284,100.0
2026-04-09 10:29:00,GQC.V,,2.2699999809265137,2.2699999809265137,2.2699999809265137,2.2699999809265137,100.0
2026-04-09 10:29:00,HITI.V,,3.1500000953674316,3.1500000953674316,3.1500000953674316,3.1500000953674316,100.0
2026-04-09 10:29:00,LTH.V,,1.3700000047683716,1.3700000047683716,1.3700000047683716,1.3700000047683716,3300.0
2026-04-09 10:29:00,LUCA.V,,1.4900000095367432,1.4900000095367432,1.4900000095367432,1.4900000095367432,200.0
2026-04-09 10:29:00,PNG.V,,8.390000343322754,8.390000343322754,8.390000343322754,8.390000343322754,200.0
2026-04-09 10:30:00,FFOX.V,,0.6200000047683716,0.6200000047683716,0.6200000047683716,0.6200000047683716,2000.0
2026-04-09 10:30:00,FRNT.V,,0.20000000298023224,0.20000000298023224,0.20000000298023224,0.20000000298023224,1000.0
2026-04-09 10:30:00,FUU.V,,0.17000000178813934,0.17000000178813934,0.17000000178813934,0.17000000178813934,1515.0
2026-04-09 10:30:00,GCN.V,,0.03500000014901161,0.03500000014901161,0.03500000014901161,0.03500000014901161,0.0
2026-04-09 10:30:00,GGO.V,,0.9700000286102295,0.9700000286102295,0.9700000286102295,0.9700000286102295,11000.0
2026-04-09 10:30:00,GQC.V,,2.2699999809265137,2.2699999809265137,2.2699999809265137,2.2699999809265137,100.0
2026-04-09 10:30:00,GSI.V,,1.25,1.2599999904632568,1.25,1.2599999904632568,2600.0
2026-04-09 10:30:00,GSVR.V,,0.6200000047683716,0.6200000047683716,0.6200000047683716,0.6200000047683716,18000.0
2026-04-09 10:30:00,HAM.V,,4.400000095367432,4.400000095367432,4.400000095367432,4.400000095367432,1300.0
2026-04-09 10:30:00,HIVE.V,,2.8550000190734863,2.8550000190734863,2.8499999046325684,2.8499999046325684,700.0
2026-04-09 10:30:00,HSTR.V,,2.490000009536743,2.490000009536743,2.4800000190734863,2.4800000190734863,7417.0
2026-04-09 10:30:00,KTN.V,,1.409999966621399,1.409999966621399,1.409999966621399,1.409999966621399,300.0
2026-04-09 10:30:00,KTO.V,,0.8199999928474426,0.8199999928474426,0.8199999928474426,0.8199999928474426,5000.0
2026-04-09 10:30:00,LTH.V,,1.3700000047683716,1.3700000047683716,1.3700000047683716,1.3700000047683716,300.0
2026-04-09 10:30:00,LVX.V,,0.6399999856948853,0.6399999856948853,0.6399999856948853,0.6399999856948853,500.0
2026-04-09 10:30:00,MFG.V,,4.409999847412109,4.440000057220459,4.409999847412109,4.429999828338623,900.0
2026-04-09 10:30:00,NICU.V,,2.130000114440918,2.130000114440918,2.130000114440918,2.130000114440918,100.0
2026-04-09 10:30:00,PNG.V,,8.390000343322754,8.390000343322754,8.390000343322754,8.390000343322754,200.0
2026-04-09 10:31:00,GQC.V,,2.2699999809265137,2.2699999809265137,2.2699999809265137,2.2699999809265137,2600.0
2026-04-09 10:31:00,HEVI.V,,0.20499999821186066,0.20499999821186066,0.20499999821186066,0.20499999821186066,3000.0
2026-04-09 10:31:00,HIVE.V,,2.8499999046325684,2.8499999046325684,2.8499999046325684,2.8499999046325684,1200.0
2026-04-09 10:31:00,HSTR.V,,2.490000009536743,2.490000009536743,2.490000009536743,2.490000009536743,600.0
2026-04-09 10:31:00,LA.V,,12.0,12.0,12.0,12.0,100.0
2026-04-09 10:31:00,LTH.V,,1.3700000047683716,1.3700000047683716,1.3700000047683716,1.3700000047683716,700.0
2026-04-09 10:31:00,LUCA.V,,1.4850000143051147,1.4850000143051147,1.4850000143051147,1.4850000143051147,200.0
2026-04-09 10:31:00,LVX.V,,0.6399999856948853,0.6399999856948853,0.6399999856948853,0.6399999856948853,500.0
2026-04-09 10:31:00,MFG.V,,4.414999961853027,4.414999961853027,4.414999961853027,4.414999961853027,200.0
2026-04-09 10:31:00,NICU.V,,2.119999885559082,2.130000114440918,2.119999885559082,2.130000114440918,4700.0
2026-04-09 10:31:00,PNG.V,,8.399999618530273,8.449999809265137,8.399999618530273,8.399999618530273,1153.0
2026-04-09 10:32:00,GSI.V,,1.25,1.25,1.25,1.25,1200.0
2026-04-09 10:32:00,HITI.V,,3.1600000858306885,3.1600000858306885,3.1600000858306885,3.1600000858306885,100.0
2026-04-09 10:32:00,LTH.V,,1.3700000047683716,1.3700000047683716,1.3700000047683716,1.3700000047683716,800.0
2026-04-09 10:32:00,LUCA.V,,1.4850000143051147,1.4850000143051147,1.4850000143051147,1.4850000143051147,100.0
2026-04-09 10:32:00,LVX.V,,0.6399999856948853,0.6399999856948853,0.6399999856948853,0.6399999856948853,500.0
2026-04-09 10:32:00,NICU.V,,2.119999885559082,2.119999885559082,2.119999885559082,2.119999885559082,3400.0
2026-04-09 10:32:00,PNG.V,,8.399999618530273,8.420000076293945,8.399999618530273,8.420000076293945,400.0
2026-04-09 10:32:00,ROAR.V,,0.24500000476837158,0.25,0.24500000476837158,0.25,11500.0
2026-04-09 10:33:00,GGO.V,,0.9700000286102295,0.9700000286102295,0.9700000286102295,0.9700000286102295,5500.0
2026-04-09 10:33:00,GRSL.V,,0.3100000023841858,0.3100000023841858,0.3100000023841858,0.3100000023841858,1000.0
2026-04-09 10:33:00,GSVR.V,,0.6200000047683716,0.6200000047683716,0.6200000047683716,0.6200000047683716,4200.0
2026-04-09 10:33:00,HIVE.V,,2.8399999141693115,2.8399999141693115,2.8399999141693115,2.8399999141693115,600.0
2026-04-09 10:33:00,HPL.V,,0.10999999940395355,0.10999999940395355,0.10999999940395355,0.10999999940395355,6000.0
2026-04-09 10:33:00,HSTR.V,,2.4800000190734863,2.4800000190734863,2.4800000190734863,2.4800000190734863,100.0
2026-04-09 10:33:00,KTN.V,,1.399999976158142,1.399999976158142,1.399999976158142,1.399999976158142,2800.0
2026-04-09 10:33:00,LITH.V,,0.6000000238418579,0.6000000238418579,0.6000000238418579,0.6000000238418579,8000.0
2026-04-09 10:33:00,LTH.V,,1.3700000047683716,1.375,1.3700000047683716,1.3700000047683716,800.0
2026-04-09 10:33:00,LVX.V,,0.6399999856948853,0.6399999856948853,0.6399999856948853,0.6399999856948853,500.0
2026-04-09 10:33:00,MFG.V,,4.409999847412109,4.409999847412109,4.409999847412109,4.409999847412109,100.0
2026-04-09 10:33:00,NICU.V,,2.109999895095825,2.119999885559082,2.109999895095825,2.119999885559082,1500.0
2026-04-09 10:33:00,PNG.V,,8.40999984741211,8.420000076293945,8.399999618530273,8.420000076293945,1100.0
2026-04-09 10:33:00,ROAR.V,,0.24500000476837158,0.24500000476837158,0.24500000476837158,0.24500000476837158,8400.0
2026-04-09 10:34:00,GGO.V,,0.9599999785423279,0.9700000286102295,0.9599999785423279,0.9700000286102295,31100.0
2026-04-09 10:34:00,GOT.V,,1.6200000047683716,1.6200000047683716,1.6200000047683716,1.6200000047683716,522.0
2026-04-09 10:34:00,HSTR.V,,2.4800000190734863,2.4800000190734863,2.4800000190734863,2.4800000190734863,600.0
2026-04-09 10:34:00,IFOS.V,,3.759999990463257,3.759999990463257,3.759999990463257,3.759999990463257,700.0
2026-04-09 10:34:00,LIFT.V,,5.400000095367432,5.400000095367432,5.400000095367432,5.400000095367432,100.0
2026-04-09 10:34:00,LTH.V,,1.3650000095367432,1.375,1.3650000095367432,1.3700000047683716,6500.0
2026-04-09 10:34:00,LUCA.V,,1.4800000190734863,1.4800000190734863,1.4800000190734863,1.4800000190734863,14500.0
2026-04-09 10:34:00,MFG.V,,4.414999961853027,4.414999961853027,4.414999961853027,4.414999961853027,100.0
2026-04-09 10:34:00,TUF.V,,0.23499999940395355,0.23499999940395355,0.23499999940395355,0.23499999940395355,1300.0
2026-04-09 10:35:00,HI.V,,0.1550000011920929,0.1550000011920929,0.1550000011920929,0.1550000011920929,31000.0
2026-04-09 10:35:00,KTO.V,,0.800000011920929,0.800000011920929,0.800000011920929,0.800000011920929,27100.0
2026-04-09 10:35:00,LTH.V,,1.3600000143051147,1.3600000143051147,1.3600000143051147,1.3600000143051147,400.0
2026-04-09 10:35:00,LUCA.V,,1.4800000190734863,1.4800000190734863,1.4800000190734863,1.4800000190734863,2300.0
2026-04-09 10:35:00,LVG.V,,0.3149999976158142,0.3149999976158142,0.3100000023841858,0.3100000023841858,17000.0
2026-04-09 10:35:00,MFG.V,,4.409999847412109,4.409999847412109,4.409999847412109,4.409999847412109,100.0
2026-04-09 10:35:00,NICU.V,,2.115000009536743,2.115000009536743,2.115000009536743,2.115000009536743,200.0
2026-04-09 10:35:00,PNG.V,,8.40999984741211,8.40999984741211,8.40999984741211,8.40999984741211,112.0
2026-04-09 10:35:00,ROAR.V,,0.24500000476837158,0.24500000476837158,0.24500000476837158,0.24500000476837158,500.0
2026-04-09 10:35:00,VAND.V,,0.9599999785423279,0.9599999785423279,0.9599999785423279,0.9599999785423279,0.0
2026-04-09 10:36:00,GSR.V,,0.5199999809265137,0.5299999713897705,0.5199999809265137,0.5299999713897705,4500.0
2026-04-09 10:36:00,HIVE.V,,2.8399999141693115,2.8499999046325684,2.8399999141693115,2.8399999141693115,11762.0
2026-04-09 10:36:00,HMR.V,,0.8299999833106995,0.8299999833106995,0.8299999833106995,0.8299999833106995,26500.0
2026-04-09 10:36:00,IFOS.V,,3.759999990463257,3.759999990463257,3.759999990463257,3.759999990463257,400.0
2026-04-09 10:36:00,LIFT.V,,5.400000095367432,5.400000095367432,5.389999866485596,5.389999866485596,1500.0
2026-04-09 10:36:00,LTH.V,,1.3600000143051147,1.3600000143051147,1.3600000143051147,1.3600000143051147,400.0
2026-04-09 10:36:00,LUCA.V,,1.4800000190734863,1.4800000190734863,1.4800000190734863,1.4800000190734863,3600.0
2026-04-09 10:36:00,LVG.V,,0.3149999976158142,0.3149999976158142,0.3149999976158142,0.3149999976158142,1000.0
2026-04-09 10:36:00,MFG.V,,4.409999847412109,4.409999847412109,4.409999847412109,4.409999847412109,100.0
2026-04-09 10:36:00,NICU.V,,2.119999885559082,2.119999885559082,2.119999885559082,2.119999885559082,200.0
2026-04-09 10:36:00,PNG.V,,8.40999984741211,8.40999984741211,8.390000343322754,8.390000343322754,1600.0
2026-04-09 10:36:00,ROAR.V,,0.24500000476837158,0.24500000476837158,0.24500000476837158,0.24500000476837158,5500.0
2026-04-09 10:36:00,ZNG.V,,1.1399999856948853,1.1399999856948853,1.1399999856948853,1.1399999856948853,2500.0
2026-04-09 10:37:00,FAIR.V,,0.07500000298023224,0.07500000298023224,0.07500000298023224,0.07500000298023224,10000.0
2026-04-09 10:37:00,GGO.V,,0.949999988079071,0.949999988079071,0.949999988079071,0.949999988079071,4995.0
2026-04-09 10:37:00,GTC.V,,0.17000000178813934,0.17000000178813934,0.17000000178813934,0.17000000178813934,0.0
2026-04-09 10:37:00,HSTR.V,,2.4700000286102295,2.4700000286102295,2.4700000286102295,2.4700000286102295,100.0
2026-04-09 10:37:00,IPT.V,,0.23999999463558197,0.23999999463558197,0.23999999463558197,0.23999999463558197,63605.0
2026-04-09 10:37:00,LTH.V,,1.3600000143051147,1.3600000143051147,1.3600000143051147,1.3600000143051147,600.0
2026-04-09 10:37:00,MFG.V,,4.414999961853027,4.414999961853027,4.414999961853027,4.414999961853027,100.0
2026-04-09 10:37:00,MGM.V,,2.549999952316284,2.559999942779541,2.549999952316284,2.559999942779541,1300.0
2026-04-09 10:37:00,MLP.V,,2.0,2.0,2.0,2.0,100.0
2026-04-09 10:37:00,NICU.V,,2.119999885559082,2.119999885559082,2.109999895095825,2.119999885559082,1500.0
2026-04-09 10:37:00,PNG.V,,8.40999984741211,8.40999984741211,8.399999618530273,8.399999618530273,1400.0
2026-04-09 10:38:00,GUG.V,,0.05000000074505806,0.05000000074505806,0.05000000074505806,0.05000000074505806,0.0
2026-04-09 10:38:00,HI.V,,0.1599999964237213,0.1599999964237213,0.1599999964237213,0.1599999964237213,45500.0
2026-04-09 10:38:00,HIVE.V,,2.8499999046325684,2.8499999046325684,2.8499999046325684,2.8499999046325684,3400.0
2026-04-09 10:38:00,LITH.V,,0.6000000238418579,0.6000000238418579,0.6000000238418579,0.6000000238418579,7500.0
2026-04-09 10:38:00,LTH.V,,1.3600000143051147,1.3600000143051147,1.3600000143051147,1.3600000143051147,700.0
2026-04-09 10:38:00,LUCA.V,,1.4850000143051147,1.4900000095367432,1.4800000190734863,1.4800000190734863,5600.0
2026-04-09 10:38:00,LVX.V,,0.6399999856948853,0.6399999856948853,0.6399999856948853,0.6399999856948853,500.0
2026-04-09 10:38:00,MFG.V,,4.414999961853027,4.414999961853027,4.414999961853027,4.414999961853027,200.0
2026-04-09 10:38:00,PNG.V,,8.4399995803833,8.4399995803833,8.40999984741211,8.40999984741211,2400.0
2026-04-09 10:39:00,EPF.V,,0.44999998807907104,0.44999998807907104,0.44999998807907104,0.44999998807907104,500.0
2026-04-09 10:39:00,HIVE.V,,2.8499999046325684,2.8499999046325684,2.8499999046325684,2.8499999046325684,18500.0
2026-04-09 10:39:00,HSTR.V,,2.4800000190734863,2.4800000190734863,2.4800000190734863,2.4800000190734863,800.0
2026-04-09 10:39:00,IFOS.V,,3.7699999809265137,3.7699999809265137,3.75,3.75,1300.0
2026-04-09 10:39:00,IPT.V,,0.23999999463558197,0.23999999463558197,0.23999999463558197,0.23999999463558197,1000.0
2026-04-09 10:39:00,IVS.V,,0.22499999403953552,0.22499999403953552,0.22499999403953552,0.22499999403953552,1500.0
2026-04-09 10:39:00,LTH.V,,1.3600000143051147,1.3600000143051147,1.3600000143051147,1.3600000143051147,1100.0
2026-04-09 10:39:00,LVX.V,,0.6399999856948853,0.6399999856948853,0.6399999856948853,0.6399999856948853,500.0
2026-04-09 10:39:00,MFG.V,,4.414999961853027,4.414999961853027,4.414999961853027,4.414999961853027,100.0
2026-04-09 10:39:00,MLP.V,,2.0,2.0,2.0,2.0,100.0
2026-04-09 10:39:00,NICU.V,,2.119999885559082,2.125,2.119999885559082,2.125,1000.0
2026-04-09 10:39:00,PNG.V,,8.420000076293945,8.489999771118164,8.420000076293945,8.460000038146973,11600.0
2026-04-09 10:39:00,ROAR.V,,0.24500000476837158,0.24500000476837158,0.24500000476837158,0.24500000476837158,13500.0
2026-04-09 10:40:00,FMAN.V,,0.3199999928474426,0.3199999928474426,0.3199999928474426,0.3199999928474426,2000.0
2026-04-09 10:40:00,GSVR.V,,0.6200000047683716,0.6200000047683716,0.6200000047683716,0.6200000047683716,90000.0
2026-04-09 10:40:00,HIVE.V,,2.859999895095825,2.859999895095825,2.859999895095825,2.859999895095825,100.0
2026-04-09 10:40:00,HSTR.V,,2.4800000190734863,2.4800000190734863,2.4800000190734863,2.4800000190734863,200.0
2026-04-09 10:40:00,IFOS.V,,3.7799999713897705,3.7799999713897705,3.7699999809265137,3.7699999809265137,5100.0
2026-04-09 10:40:00,IPT.V,,0.23499999940395355,0.23499999940395355,0.23499999940395355,0.23499999940395355,46500.0
2026-04-09 10:40:00,LIFT.V,,5.400000095367432,5.400000095367432,5.400000095367432,5.400000095367432,1500.0
2026-04-09 10:40:00,LIS.V,,0.49000000953674316,0.49000000953674316,0.49000000953674316,0.49000000953674316,0.0
2026-04-09 10:40:00,LTH.V,,1.3600000143051147,1.3600000143051147,1.3600000143051147,1.3600000143051147,2200.0
2026-04-09 10:40:00,LUCA.V,,1.4850000143051147,1.4850000143051147,1.4850000143051147,1.4850000143051147,400.0
2026-04-09 10:40:00,MFG.V,,4.420000076293945,4.420000076293945,4.409999847412109,4.409999847412109,500.0
2026-04-09 10:40:00,MLP.V,,2.0,2.0,2.0,2.0,100.0
2026-04-09 10:40:00,NICU.V,,2.119999885559082,2.119999885559082,2.119999885559082,2.119999885559082,200.0
2026-04-09 10:40:00,PNG.V,,8.40999984741211,8.420000076293945,8.40999984741211,8.420000076293945,553.0
2026-04-09 10:41:00,FFOX.V,,0.6000000238418579,0.6000000238418579,0.6000000238418579,0.6000000238418579,6000.0
2026-04-09 10:41:00,GOT.V,,1.6200000047683716,1.6200000047683716,1.6200000047683716,1.6200000047683716,600.0
2026-04-09 10:41:00,GRI.V,,0.02500000037252903,0.02500000037252903,0.02500000037252903,0.02500000037252903,5000.0
2026-04-09 10:41:00,GSVR.V,,0.6200000047683716,0.6200000047683716,0.6200000047683716,0.6200000047683716,14500.0
2026-04-09 10:41:00,GWM.V,,0.6499999761581421,0.6499999761581421,0.6499999761581421,0.6499999761581421,1000.0
2026-04-09 10:41:00,HIVE.V,,2.875,2.875,2.869999885559082,2.869999885559082,1800.0
2026-04-09 10:41:00,HSTR.V,,2.4800000190734863,2.4800000190734863,2.4800000190734863,2.4800000190734863,500.0
2026-04-09 10:41:00,IFOS.V,,3.7699999809265137,3.7899999618530273,3.7699999809265137,3.7899999618530273,20100.0
2026-04-09 10:41:00,LITH.V,,0.6000000238418579,0.6000000238418579,0.6000000238418579,0.6000000238418579,500.0
2026-04-09 10:41:00,LTH.V,,1.350000023841858,1.3600000143051147,1.340000033378601,1.3600000143051147,36300.0
2026-04-09 10:41:00,MLP.V,,2.0,2.0,2.0,2.0,100.0
2026-04-09 10:42:00,HIVE.V,,2.869999885559082,2.869999885559082,2.869999885559082,2.869999885559082,200.0
2026-04-09 10:42:00,HPL.V,,0.10999999940395355,0.10999999940395355,0.10999999940395355,0.10999999940395355,36500.0
2026-04-09 10:42:00,HSTR.V,,2.4800000190734863,2.4800000190734863,2.4800000190734863,2.4800000190734863,1600.0
2026-04-09 10:42:00,IFOS.V,,3.7899999618530273,3.7899999618530273,3.7899999618530273,3.7899999618530273,150.0
2026-04-09 10:42:00,LGC.V,,2.0299999713897705,2.0299999713897705,2.0299999713897705,2.0299999713897705,288.0
2026-04-09 10:42:00,LTH.V,,1.340000033378601,1.340000033378601,1.340000033378601,1.340000033378601,300.0
2026-04-09 10:42:00,MLP.V,,2.0,2.0,2.0,2.0,100.0
2026-04-09 10:42:00,NURS.V,,3.0799999237060547,3.0799999237060547,3.0799999237060547,3.0799999237060547,500.0
2026-04-09 10:42:00,PNG.V,,8.399999618530273,8.40999984741211,8.399999618530273,8.40999984741211,1000.0
2026-04-09 10:42:00,ZNG.V,,1.1299999952316284,1.1299999952316284,1.1299999952316284,1.1299999952316284,1000.0
2026-04-09 10:43:00,GPAC.V,,0.4650000035762787,0.4650000035762787,0.4650000035762787,0.4650000035762787,8000.0
2026-04-09 10:43:00,GPM.V,,0.07999999821186066,0.07999999821186066,0.07999999821186066,0.07999999821186066,1000.0
2026-04-09 10:43:00,GSVR.V,,0.6200000047683716,0.6200000047683716,0.6200000047683716,0.6200000047683716,1200.0
2026-04-09 10:43:00,HIVE.V,,2.880000114440918,2.880000114440918,2.880000114440918,2.880000114440918,33420.0
2026-04-09 10:43:00,LTH.V,,1.340000033378601,1.340000033378601,1.340000033378601,1.340000033378601,500.0
2026-04-09 10:43:00,LVX.V,,0.6499999761581421,0.6499999761581421,0.6499999761581421,0.6499999761581421,500.0
2026-04-09 10:43:00,MLP.V,,2.0,2.0,2.0,2.0,100.0
2026-04-09 10:43:00,ROAR.V,,0.23999999463558197,0.23999999463558197,0.23999999463558197,0.23999999463558197,1000.0
2026-04-09 10:43:00,ZNG.V,,1.1200000047683716,1.1299999952316284,1.1200000047683716,1.1200000047683716,7000.0
2026-04-09 10:44:00,GBML.V,,0.18000000715255737,0.18000000715255737,0.18000000715255737,0.18000000715255737,500.0
2026-04-09 10:44:00,GPAC.V,,0.4650000035762787,0.4650000035762787,0.4650000035762787,0.4650000035762787,1000.0
2026-04-09 10:44:00,GSR.V,,0.5099999904632568,0.5099999904632568,0.5099999904632568,0.5099999904632568,14400.0
2026-04-09 10:44:00,GTC.V,,0.16500000655651093,0.16500000655651093,0.16500000655651093,0.16500000655651093,8000.0
2026-04-09 10:44:00,HSTR.V,,2.4700000286102295,2.4700000286102295,2.4700000286102295,2.4700000286102295,200.0
2026-04-09 10:44:00,LTH.V,,1.3350000381469727,1.340000033378601,1.3350000381469727,1.340000033378601,200.0
2026-04-09 10:44:00,MFG.V,,4.380000114440918,4.380000114440918,4.380000114440918,4.380000114440918,100.0
2026-04-09 10:44:00,NICU.V,,2.119999885559082,2.119999885559082,2.119999885559082,2.119999885559082,100.0
2026-04-09 10:44:00,ROAR.V,,0.23999999463558197,0.23999999463558197,0.23999999463558197,0.23999999463558197,36200.0
2026-04-09 10:45:00,FFOX.V,,0.6000000238418579,0.6000000238418579,0.6000000238418579,0.6000000238418579,26675.0
2026-04-09 10:45:00,GPM.V,,0.07999999821186066,0.07999999821186066,0.07999999821186066,0.07999999821186066,10000.0
2026-04-09 10:45:00,HITI.V,,3.1600000858306885,3.1600000858306885,3.1600000858306885,3.1600000858306885,603.0
2026-04-09 10:45:00,HIVE.V,,2.880000114440918,2.880000114440918,2.880000114440918,2.880000114440918,2988.0
2026-04-09 10:45:00,HSTR.V,,2.4700000286102295,2.4700000286102295,2.4700000286102295,2.4700000286102295,100.0
2026-04-09 10:45:00,LTH.V,,1.3300000429153442,1.3300000429153442,1.3300000429153442,1.3300000429153442,500.0
2026-04-09 10:45:00,MLP.V,,2.0,2.0,2.0,2.0,100.0
2026-04-09 10:45:00,NURS.V,,3.130000114440918,3.130000114440918,3.109999895095825,3.109999895095825,17300.0
2026-04-09 10:45:00,ROAR.V,,0.23999999463558197,0.23999999463558197,0.23999999463558197,0.23999999463558197,1000.0
2026-04-09 10:46:00,GSI.V,,1.2400000095367432,1.2400000095367432,1.2400000095367432,1.2400000095367432,100.0
2026-04-09 10:46:00,LIFT.V,,5.420000076293945,5.420000076293945,5.400000095367432,5.400000095367432,5200.0
2026-04-09 10:46:00,LTH.V,,1.3250000476837158,1.3300000429153442,1.3200000524520874,1.3300000429153442,16500.0
2026-04-09 10:46:00,MLP.V,,2.0,2.0,2.0,2.0,100.0
2026-04-09 10:47:00,GLAD.V,,1.2699999809265137,1.2699999809265137,1.2699999809265137,1.2699999809265137,100.0
2026-04-09 10:47:00,HI.V,,0.1599999964237213,0.1599999964237213,0.1599999964237213,0.1599999964237213,2000.0
2026-04-09 10:47:00,HIVE.V,,2.884999990463257,2.890000104904175,2.884999990463257,2.890000104904175,8820.0
2026-04-09 10:47:00,HVG.V,,0.054999999701976776,0.054999999701976776,0.054999999701976776,0.054999999701976776,22000.0
2026-04-09 10:47:00,LTH.V,,1.3250000476837158,1.3300000429153442,1.3250000476837158,1.3300000429153442,200.0
2026-04-09 10:47:00,LUCA.V,,1.4900000095367432,1.4900000095367432,1.4900000095367432,1.4900000095367432,100.0
2026-04-09 10:47:00,MLP.V,,2.0,2.0,2.0,2.0,100.0
2026-04-09 10:47:00,PNG.V,,8.430000305175781,8.430000305175781,8.399999618530273,8.399999618530273,3100.0
2026-04-09 10:47:00,ROAR.V,,0.23999999463558197,0.23999999463558197,0.23999999463558197,0.23999999463558197,60000.0
2026-04-09 10:48:00,HSTR.V,,2.450000047683716,2.4700000286102295,2.450000047683716,2.4700000286102295,11000.0
2026-04-09 10:48:00,KTN.V,,1.409999966621399,1.409999966621399,1.409999966621399,1.409999966621399,3300.0
2026-04-09 10:48:00,LAB.V,,0.07500000298023224,0.07500000298023224,0.07500000298023224,0.07500000298023224,69000.0
2026-04-09 10:48:00,LTH.V,,1.3250000476837158,1.3250000476837158,1.3250000476837158,1.3250000476837158,200.0
2026-04-09 10:48:00,LUCA.V,,1.4850000143051147,1.4900000095367432,1.4850000143051147,1.4900000095367432,1500.0
2026-04-09 10:48:00,MLP.V,,1.9800000190734863,2.0,1.9800000190734863,2.0,200.0
2026-04-09 10:48:00,MTA.V,,9.199999809265137,9.199999809265137,9.199999809265137,9.199999809265137,300.0
2026-04-09 10:48:00,NICU.V,,2.119999885559082,2.125,2.119999885559082,2.119999885559082,2500.0
2026-04-09 10:48:00,ZNG.V,,1.1200000047683716,1.1200000047683716,1.1200000047683716,1.1200000047683716,6400.0
2026-04-09 10:49:00,GGO.V,,0.9599999785423279,0.9599999785423279,0.9599999785423279,0.9599999785423279,5000.0
2026-04-09 10:49:00,GLAD.V,,1.2699999809265137,1.2699999809265137,1.2699999809265137,1.2699999809265137,100.0
2026-04-09 10:49:00,GSI.V,,1.2400000095367432,1.2400000095367432,1.2400000095367432,1.2400000095367432,100.0
2026-04-09 10:49:00,HSTR.V,,2.450000047683716,2.4600000381469727,2.450000047683716,2.450000047683716,4700.0
2026-04-09 10:49:00,LTH.V,,1.3200000524520874,1.3250000476837158,1.3200000524520874,1.3250000476837158,300.0
2026-04-09 10:49:00,LUCA.V,,1.4900000095367432,1.4900000095367432,1.4900000095367432,1.4900000095367432,300.0
2026-04-09 10:49:00,MLP.V,,1.9800000190734863,1.9800000190734863,1.9800000190734863,1.9800000190734863,200.0
2026-04-09 10:49:00,NICU.V,,2.119999885559082,2.119999885559082,2.119999885559082,2.119999885559082,400.0
2026-04-09 10:49:00,PNG.V,,8.430000305175781,8.4399995803833,8.430000305175781,8.4399995803833,400.0
2026-04-09 10:50:00,EPF.V,,0.44999998807907104,0.44999998807907104,0.44999998807907104,0.44999998807907104,4000.0
2026-04-09 10:50:00,EQTY.V,,0.30000001192092896,0.30000001192092896,0.30000001192092896,0.30000001192092896,21000.0
2026-04-09 10:50:00,GOT.V,,1.6200000047683716,1.6200000047683716,1.6200000047683716,1.6200000047683716,56700.0
2026-04-09 10:50:00,GPAC.V,,0.4650000035762787,0.4650000035762787,0.4650000035762787,0.4650000035762787,500.0
2026-04-09 10:50:00,GSI.V,,1.2400000095367432,1.2400000095367432,1.2400000095367432,1.2400000095367432,400.0
2026-04-09 10:50:00,GSVR.V,,0.6200000047683716,0.6200000047683716,0.6200000047683716,0.6200000047683716,14500.0
2026-04-09 10:50:00,HSTR.V,,2.450000047683716,2.450000047683716,2.450000047683716,2.450000047683716,400.0
2026-04-09 10:50:00,LTH.V,,1.3200000524520874,1.3200000524520874,1.3200000524520874,1.3200000524520874,400.0
2026-04-09 10:50:00,NICU.V,,2.119999885559082,2.119999885559082,2.119999885559082,2.119999885559082,1200.0
2026-04-09 10:50:00,PNG.V,,8.4399995803833,8.4399995803833,8.4399995803833,8.4399995803833,100.0
2026-04-09 10:50:00,ZNG.V,,1.1100000143051147,1.1100000143051147,1.1100000143051147,1.1100000143051147,9800.0
2026-04-09 10:51:00,HIVE.V,,2.9100000858306885,2.9200000762939453,2.9000000953674316,2.9000000953674316,51479.0
2026-04-09 10:51:00,HSTR.V,,2.4600000381469727,2.4600000381469727,2.4600000381469727,2.4600000381469727,10200.0
2026-04-09 10:51:00,LEM.V,,0.30000001192092896,0.30000001192092896,0.30000001192092896,0.30000001192092896,0.0
2026-04-09 10:51:00,LITH.V,,0.6000000238418579,0.6000000238418579,0.6000000238418579,0.6000000238418579,7000.0
2026-04-09 10:51:00,LTH.V,,1.3250000476837158,1.3250000476837158,1.3200000524520874,1.3200000524520874,900.0
2026-04-09 10:51:00,LUCA.V,,1.4900000095367432,1.4900000095367432,1.4900000095367432,1.4900000095367432,100.0
2026-04-09 10:51:00,LVX.V,,0.6499999761581421,0.6499999761581421,0.6499999761581421,0.6499999761581421,500.0
2026-04-09 10:51:00,MLP.V,,2.0,2.0,2.0,2.0,100.0
2026-04-09 10:51:00,PNG.V,,8.489999771118164,8.489999771118164,8.4399995803833,8.4399995803833,7400.0
2026-04-09 10:52:00,GOT.V,,1.6299999952316284,1.6299999952316284,1.6299999952316284,1.6299999952316284,7871.0
2026-04-09 10:52:00,GWM.V,,0.6499999761581421,0.6499999761581421,0.6499999761581421,0.6499999761581421,500.0
2026-04-09 10:52:00,KRY.V,,3.319999933242798,3.319999933242798,3.319999933242798,3.319999933242798,1470.0
2026-04-09 10:52:00,LAB.V,,0.07500000298023224,0.07500000298023224,0.07500000298023224,0.07500000298023224,15000.0
2026-04-09 10:52:00,LIS.V,,0.49000000953674316,0.49000000953674316,0.49000000953674316,0.49000000953674316,2100.0
2026-04-09 10:52:00,LTH.V,,1.3200000524520874,1.3250000476837158,1.3200000524520874,1.3250000476837158,600.0
2026-04-09 10:52:00,MLP.V,,2.0,2.0,2.0,2.0,100.0
2026-04-09 10:52:00,PNG.V,,8.479999542236328,8.489999771118164,8.479999542236328,8.489999771118164,200.0
2026-04-09 10:52:00,ROAR.V,,0.23999999463558197,0.23999999463558197,0.23999999463558197,0.23999999463558197,2500.0
2026-04-09 10:53:00,HAPB.V,,0.03999999910593033,0.03999999910593033,0.03999999910593033,0.03999999910593033,0.0
2026-04-09 10:53:00,HIVE.V,,2.9000000953674316,2.9000000953674316,2.9000000953674316,2.9000000953674316,12210.0
2026-04-09 10:53:00,HSTR.V,,2.4549999237060547,2.4549999237060547,2.4549999237060547,2.4549999237060547,100.0
2026-04-09 10:53:00,LTH.V,,1.3300000429153442,1.3300000429153442,1.3200000524520874,1.3200000524520874,1100.0
2026-04-09 10:53:00,LUCA.V,,1.5,1.5,1.4900000095367432,1.4900000095367432,45300.0
2026-04-09 10:53:00,MLP.V,,2.0,2.0,2.0,2.0,100.0
2026-04-09 10:53:00,NICU.V,,2.119999885559082,2.119999885559082,2.119999885559082,2.119999885559082,1100.0
2026-04-09 10:54:00,GEN.V,,0.06499999761581421,0.06499999761581421,0.06499999761581421,0.06499999761581421,10000.0
2026-04-09 10:54:00,GSR.V,,0.5099999904632568,0.5099999904632568,0.5099999904632568,0.5099999904632568,13500.0
2026-04-09 10:54:00,HAPB.V,,0.03999999910593033,0.03999999910593033,0.03999999910593033,0.03999999910593033,10000.0
2026-04-09 10:54:00,HIVE.V,,2.9100000858306885,2.9100000858306885,2.9100000858306885,2.9100000858306885,1900.0
2026-04-09 10:54:00,HO-P.V,,0.0949999988079071,0.0949999988079071,0.0949999988079071,0.0949999988079071,0.0
2026-04-09 10:54:00,HSTR.V,,2.4600000381469727,2.4600000381469727,2.4600000381469727,2.4600000381469727,50000.0
2026-04-09 10:54:00,LLG.V,,0.07500000298023224,0.07500000298023224,0.07500000298023224,0.07500000298023224,143000.0
2026-04-09 10:54:00,LTH.V,,1.3250000476837158,1.3300000429153442,1.3200000524520874,1.3300000429153442,500.0
2026-04-09 10:54:00,LUCA.V,,1.5049999952316284,1.5049999952316284,1.5049999952316284,1.5049999952316284,100.0
2026-04-09 10:54:00,MLP.V,,2.009999990463257,2.009999990463257,2.0,2.0,800.0
2026-04-09 10:54:00,NICU.V,,2.119999885559082,2.119999885559082,2.119999885559082,2.119999885559082,200.0
2026-04-09 10:54:00,PNG.V,,8.479999542236328,8.479999542236328,8.479999542236328,8.479999542236328,100.0
2026-04-09 10:54:00,ROAR.V,,0.23999999463558197,0.23999999463558197,0.23999999463558197,0.23999999463558197,6000.0
2026-04-09 10:55:00,FRED.V,,0.5899999737739563,0.5899999737739563,0.5899999737739563,0.5899999737739563,500.0
2026-04-09 10:55:00,GPAC.V,,0.4650000035762787,0.4650000035762787,0.4650000035762787,0.4650000035762787,500.0
2026-04-09 10:55:00,HIVE.V,,2.9100000858306885,2.9100000858306885,2.9100000858306885,2.9100000858306885,1000.0
2026-04-09 10:55:00,HSTR.V,,2.4800000190734863,2.4800000190734863,2.450000047683716,2.450000047683716,90200.0
2026-04-09 10:55:00,KDSX.V,,0.26499998569488525,0.26499998569488525,0.26499998569488525,0.26499998569488525,0.0
2026-04-09 10:55:00,LA.V,,11.75,11.760000228881836,11.75,11.760000228881836,1100.0
2026-04-09 10:55:00,LTH.V,,1.3200000524520874,1.3300000429153442,1.3200000524520874,1.3200000524520874,24300.0
2026-04-09 10:55:00,MLP.V,,2.0,2.0,2.0,2.0,100.0
2026-04-09 10:55:00,NICU.V,,2.119999885559082,2.125,2.119999885559082,2.119999885559082,2200.0
2026-04-09 10:55:00,PNG.V,,8.470000267028809,8.470000267028809,8.470000267028809,8.470000267028809,100.0
2026-04-09 10:56:00,HIVE.V,,2.9049999713897705,2.9049999713897705,2.9049999713897705,2.9049999713897705,136.0
2026-04-09 10:56:00,HSTR.V,,2.484999895095825,2.484999895095825,2.484999895095825,2.484999895095825,100.0
2026-04-09 10:56:00,KRY.V,,3.319999933242798,3.319999933242798,3.309999942779541,3.319999933242798,3200.0
2026-04-09 10:56:00,LTH.V,,1.3200000524520874,1.3250000476837158,1.3200000524520874,1.3250000476837158,11400.0
2026-04-09 10:56:00,LUCA.V,,1.5099999904632568,1.5099999904632568,1.5049999952316284,1.5099999904632568,500.0
2026-04-09 10:56:00,MLP.V,,2.009999990463257,2.009999990463257,2.009999990463257,2.009999990463257,100.0
2026-04-09 10:56:00,NICU.V,,2.119999885559082,2.119999885559082,2.119999885559082,2.119999885559082,800.0
2026-04-09 10:56:00,PNG.V,,8.449999809265137,8.470000267028809,8.449999809265137,8.470000267028809,1400.0
2026-04-09 10:56:00,ROAR.V,,0.24500000476837158,0.24500000476837158,0.24500000476837158,0.24500000476837158,19000.0
2026-04-09 10:57:00,GGO.V,,0.9599999785423279,0.9599999785423279,0.9599999785423279,0.9599999785423279,1500.0
2026-04-09 10:57:00,HIVE.V,,2.9100000858306885,2.9100000858306885,2.9049999713897705,2.9049999713897705,2720.0
2026-04-09 10:57:00,LSL.V,,0.38499999046325684,0.38499999046325684,0.38499999046325684,0.38499999046325684,500.0
2026-04-09 10:57:00,LTH.V,,1.309999942779541,1.309999942779541,1.309999942779541,1.309999942779541,800.0
2026-04-09 10:57:00,MLP.V,,2.009999990463257,2.009999990463257,1.9900000095367432,1.9900000095367432,200.0
2026-04-09 10:57:00,NICU.V,,2.109999895095825,2.119999885559082,2.0999999046325684,2.109999895095825,25200.0
2026-04-09 10:57:00,PNG.V,,8.40999984741211,8.460000038146973,8.40999984741211,8.460000038146973,2625.0
2026-04-09 10:58:00,EQTY.V,,0.30000001192092896,0.30000001192092896,0.30000001192092896,0.30000001192092896,5000.0
2026-04-09 10:58:00,HSTR.V,,2.490000009536743,2.490000009536743,2.490000009536743,2.490000009536743,800.0
2026-04-09 10:58:00,IFOS.V,,3.759999990463257,3.759999990463257,3.75,3.75,787.0
2026-04-09 10:58:00,LSL.V,,0.38499999046325684,0.38499999046325684,0.38499999046325684,0.38499999046325684,20500.0
2026-04-09 10:58:00,LTH.V,,1.3300000429153442,1.3300000429153442,1.309999942779541,1.309999942779541,4400.0
2026-04-09 10:58:00,LUCA.V,,1.5099999904632568,1.5099999904632568,1.5099999904632568,1.5099999904632568,100.0
2026-04-09 10:58:00,NURS.V,,3.200000047683716,3.200000047683716,3.200000047683716,3.200000047683716,300.0
2026-04-09 10:58:00,ROAR.V,,0.24500000476837158,0.24500000476837158,0.24250000715255737,0.24250000715255737,4000.0
2026-04-09 10:59:00,EQTY.V,,0.30000001192092896,0.30000001192092896,0.30000001192092896,0.30000001192092896,13000.0
2026-04-09 10:59:00,FMS.V,,0.3499999940395355,0.3499999940395355,0.3499999940395355,0.3499999940395355,2300.0
2026-04-09 10:59:00,HITI.V,,3.1600000858306885,3.1600000858306885,3.1600000858306885,3.1600000858306885,200.0
2026-04-09 10:59:00,HSTR.V,,2.5,2.5,2.5,2.5,200.0
2026-04-09 10:59:00,LSL.V,,0.4050000011920929,0.4050000011920929,0.4050000011920929,0.4050000011920929,2000.0
2026-04-09 10:59:00,LTH.V,,1.340000033378601,1.340000033378601,1.3300000429153442,1.3300000429153442,2700.0
2026-04-09 10:59:00,LUCA.V,,1.5099999904632568,1.5099999904632568,1.5099999904632568,1.5099999904632568,100.0
2026-04-09 10:59:00,MERG.V,,0.7900000214576721,0.7900000214576721,0.7900000214576721,0.7900000214576721,0.0
2026-04-09 10:59:00,MINE.V,,0.07999999821186066,0.07999999821186066,0.07999999821186066,0.07999999821186066,9000.0
2026-04-09 10:59:00,MLP.V,,2.005000114440918,2.009999990463257,2.0,2.009999990463257,12600.0
2026-04-09 10:59:00,NICU.V,,2.109999895095825,2.109999895095825,2.0999999046325684,2.109999895095825,1100.0
2026-04-09 11:00:00,HIVE.V,,2.890000104904175,2.9000000953674316,2.890000104904175,2.9000000953674316,10496.0
2026-04-09 11:00:00,HSTR.V,,2.515000104904175,2.515000104904175,2.5,2.5,3800.0
2026-04-09 11:00:00,LUCA.V,,1.5,1.5049999952316284,1.5,1.5049999952316284,12400.0
2026-04-09 11:00:00,MLP.V,,2.009999990463257,2.009999990463257,2.009999990463257,2.009999990463257,100.0
2026-04-09 11:00:00,ZNG.V,,1.1200000047683716,1.1200000047683716,1.1200000047683716,1.1200000047683716,200.0
2026-04-09 11:01:00,GQC.V,,2.259999990463257,2.259999990463257,2.259999990463257,2.259999990463257,200.0
2026-04-09 11:01:00,HEVI.V,,0.20499999821186066,0.20499999821186066,0.20499999821186066,0.20499999821186066,1000.0
2026-04-09 11:01:00,HIVE.V,,2.890000104904175,2.890000104904175,2.880000114440918,2.890000104904175,7608.0
2026-04-09 11:01:00,HMR.V,,0.8299999833106995,0.8299999833106995,0.8299999833106995,0.8299999833106995,4501.0
2026-04-09 11:01:00,HSTR.V,,2.515000104904175,2.515000104904175,2.515000104904175,2.515000104904175,100.0
2026-04-09 11:01:00,JJ.V,,0.054999999701976776,0.054999999701976776,0.054999999701976776,0.054999999701976776,2000.0
2026-04-09 11:01:00,MLP.V,,2.009999990463257,2.009999990463257,2.009999990463257,2.009999990463257,100.0
2026-04-09 11:01:00,MMG.V,,0.28999999165534973,0.28999999165534973,0.2849999964237213,0.28999999165534973,17392.0
2026-04-09 11:01:00,NICU.V,,2.109999895095825,2.109999895095825,2.109999895095825,2.109999895095825,300.0
2026-04-09 11:01:00,PNG.V,,8.4399995803833,8.4399995803833,8.4399995803833,8.4399995803833,100.0
2026-04-09 11:01:00,ZNG.V,,1.1200000047683716,1.1200000047683716,1.1200000047683716,1.1200000047683716,100.0
2026-04-09 11:02:00,GPAC.V,,0.4650000035762787,0.4650000035762787,0.4650000035762787,0.4650000035762787,500.0
2026-04-09 11:02:00,GSI.V,,1.2400000095367432,1.2400000095367432,1.2400000095367432,1.2400000095367432,700.0
2026-04-09 11:02:00,HEVI.V,,0.20499999821186066,0.20499999821186066,0.20499999821186066,0.20499999821186066,1000.0
2026-04-09 11:02:00,HITI.V,,3.1600000858306885,3.1600000858306885,3.1600000858306885,3.1600000858306885,133.0
2026-04-09 11:02:00,HSTR.V,,2.5199999809265137,2.5199999809265137,2.509999990463257,2.515000104904175,3200.0
2026-04-09 11:02:00,LITH.V,,0.6000000238418579,0.6000000238418579,0.6000000238418579,0.6000000238418579,500.0
2026-04-09 11:02:00,LTH.V,,1.340000033378601,1.340000033378601,1.3350000381469727,1.3350000381469727,200.0
2026-04-09 11:02:00,MLP.V,,2.0,2.0,2.0,2.0,200.0
2026-04-09 11:02:00,MMG.V,,0.28999999165534973,0.28999999165534973,0.28999999165534973,0.28999999165534973,23544.0
2026-04-09 11:02:00,MTA.V,,9.15999984741211,9.15999984741211,9.15999984741211,9.15999984741211,1000.0
2026-04-09 11:02:00,NICU.V,,2.109999895095825,2.109999895095825,2.0999999046325684,2.109999895095825,4700.0
2026-04-09 11:02:00,NURS.V,,3.190000057220459,3.2100000381469727,3.190000057220459,3.2100000381469727,1300.0
2026-04-09 11:02:00,ZNG.V,,1.1200000047683716,1.1200000047683716,1.1200000047683716,1.1200000047683716,4800.0
2026-04-09 11:03:00,GQC.V,,2.259999990463257,2.259999990463257,2.259999990463257,2.259999990463257,100.0
2026-04-09 11:03:00,HIVE.V,,2.890000104904175,2.890000104904175,2.890000104904175,2.890000104904175,44742.0
2026-04-09 11:03:00,KFR.V,,0.7300000190734863,0.7300000190734863,0.7300000190734863,0.7300000190734863,4500.0
2026-04-09 11:03:00,LTH.V,,1.340000033378601,1.340000033378601,1.340000033378601,1.340000033378601,300.0
2026-04-09 11:03:00,MLP.V,,2.009999990463257,2.009999990463257,2.009999990463257,2.009999990463257,1100.0
2026-04-09 11:03:00,NICU.V,,2.109999895095825,2.109999895095825,2.109999895095825,2.109999895095825,900.0
2026-04-09 11:03:00,PNG.V,,8.449999809265137,8.449999809265137,8.449999809265137,8.449999809265137,118.0
2026-04-09 11:04:00,GSVR.V,,0.6200000047683716,0.6200000047683716,0.6200000047683716,0.6200000047683716,32000.0
2026-04-09 11:04:00,HIVE.V,,2.890000104904175,2.890000104904175,2.890000104904175,2.890000104904175,400.0
2026-04-09 11:04:00,LPK.V,,0.33500000834465027,0.33500000834465027,0.33500000834465027,0.33500000834465027,0.0
2026-04-09 11:04:00,LTH.V,,1.340000033378601,1.340000033378601,1.3350000381469727,1.3350000381469727,200.0
2026-04-09 11:04:00,MDX.V,,0.05999999865889549,0.05999999865889549,0.05999999865889549,0.05999999865889549,13000.0
2026-04-09 11:04:00,MLP.V,,2.0199999809265137,2.0199999809265137,2.009999990463257,2.009999990463257,1500.0
2026-04-09 11:04:00,NICU.V,,2.0899999141693115,2.109999895095825,2.0899999141693115,2.109999895095825,5525.0
2026-04-09 11:04:00,PNG.V,,8.4399995803833,8.4399995803833,8.4399995803833,8.4399995803833,100.0
2026-04-09 11:04:00,ROAR.V,,0.24500000476837158,0.24500000476837158,0.24500000476837158,0.24500000476837158,13500.0
2026-04-09 11:04:00,WOLF.V,,1.350000023841858,1.3600000143051147,1.350000023841858,1.3600000143051147,3000.0
2026-04-09 11:05:00,GOT.V,,1.625,1.625,1.625,1.625,600.0
2026-04-09 11:05:00,GQC.V,,2.259999990463257,2.259999990463257,2.259999990463257,2.259999990463257,200.0
2026-04-09 11:05:00,HELI.V,,0.04500000178813934,0.04500000178813934,0.04500000178813934,0.04500000178813934,155000.0
2026-04-09 11:05:00,LTH.V,,1.340000033378601,1.340000033378601,1.340000033378601,1.340000033378601,300.0
2026-04-09 11:05:00,MLP.V,,2.0299999713897705,2.0299999713897705,2.0299999713897705,2.0299999713897705,300.0
2026-04-09 11:05:00,PNG.V,,8.430000305175781,8.4399995803833,8.420000076293945,8.430000305175781,2700.0
2026-04-09 11:05:00,ROAR.V,,0.25,0.25,0.24500000476837158,0.24500000476837158,43000.0
2026-04-09 11:06:00,ESK.V,,0.4650000035762787,0.4650000035762787,0.4650000035762787,0.4650000035762787,500.0
2026-04-09 11:06:00,FMS.V,,0.3449999988079071,0.3449999988079071,0.3449999988079071,0.3449999988079071,500.0
2026-04-09 11:06:00,FRED.V,,0.5899999737739563,0.5899999737739563,0.5899999737739563,0.5899999737739563,500.0
2026-04-09 11:06:00,GQC.V,,2.259999990463257,2.259999990463257,2.259999990463257,2.259999990463257,200.0
2026-04-09 11:06:00,GSI.V,,1.2400000095367432,1.2400000095367432,1.2400000095367432,1.2400000095367432,100.0
2026-04-09 11:06:00,HELI.V,,0.04500000178813934,0.04500000178813934,0.04500000178813934,0.04500000178813934,1000.0
2026-04-09 11:06:00,ICM.V,,0.11999999731779099,0.11999999731779099,0.11999999731779099,0.11999999731779099,500.0
2026-04-09 11:06:00,LIFT.V,,5.420000076293945,5.420000076293945,5.420000076293945,5.420000076293945,700.0
2026-04-09 11:06:00,LTH.V,,1.3300000429153442,1.340000033378601,1.3300000429153442,1.340000033378601,300.0
2026-04-09 11:06:00,LUCA.V,,1.5099999904632568,1.5099999904632568,1.5049999952316284,1.5049999952316284,300.0
2026-04-09 11:06:00,LVX.V,,0.6499999761581421,0.6499999761581421,0.6499999761581421,0.6499999761581421,500.0
2026-04-09 11:06:00,PNG.V,,8.420000076293945,8.430000305175781,8.420000076293945,8.430000305175781,200.0
2026-04-09 11:07:00,EMN.V,,0.14499999582767487,0.14499999582767487,0.14499999582767487,0.14499999582767487,2500.0
2026-04-09 11:07:00,GQC.V,,2.259999990463257,2.259999990463257,2.259999990463257,2.259999990463257,300.0
2026-04-09 11:07:00,HAM.V,,4.440000057220459,4.440000057220459,4.440000057220459,4.440000057220459,100.0
2026-04-09 11:07:00,HCH.V,,1.5299999713897705,1.5299999713897705,1.5299999713897705,1.5299999713897705,100.0
2026-04-09 11:07:00,HIVE.V,,2.890000104904175,2.890000104904175,2.890000104904175,2.890000104904175,6600.0
2026-04-09 11:07:00,HSTR.V,,2.5199999809265137,2.5199999809265137,2.5199999809265137,2.5199999809265137,2200.0
2026-04-09 11:07:00,LTH.V,,1.3350000381469727,1.3350000381469727,1.3300000429153442,1.3300000429153442,900.0
2026-04-09 11:07:00,LUCA.V,,1.5049999952316284,1.5049999952316284,1.5,1.5,200.0
2026-04-09 11:07:00,MLP.V,,2.0299999713897705,2.0299999713897705,2.0299999713897705,2.0299999713897705,100.0
2026-04-09 11:07:00,NICU.V,,2.0999999046325684,2.0999999046325684,2.0999999046325684,2.0999999046325684,200.0
2026-04-09 11:07:00,ROAR.V,,0.25,0.25,0.25,0.25,1000.0
2026-04-09 11:08:00,FUU.V,,0.17000000178813934,0.17000000178813934,0.17000000178813934,0.17000000178813934,2000.0
2026-04-09 11:08:00,GOT.V,,1.6200000047683716,1.6200000047683716,1.6200000047683716,1.6200000047683716,1100.0
2026-04-09 11:08:00,GQC.V,,2.259999990463257,2.259999990463257,2.259999990463257,2.259999990463257,200.0
2026-04-09 11:08:00,GSI.V,,1.2400000095367432,1.2400000095367432,1.2400000095367432,1.2400000095367432,500.0
2026-04-09 11:08:00,HELI.V,,0.04500000178813934,0.04500000178813934,0.04500000178813934,0.04500000178813934,35000.0
2026-04-09 11:08:00,HEVI.V,,0.20499999821186066,0.20499999821186066,0.20499999821186066,0.20499999821186066,1000.0
2026-04-09 11:08:00,HPQ.V,,0.1850000023841858,0.1850000023841858,0.18000000715255737,0.18000000715255737,3000.0
2026-04-09 11:08:00,KRY.V,,3.3299999237060547,3.3299999237060547,3.3299999237060547,3.3299999237060547,400.0
2026-04-09 11:08:00,LBNK.V,,0.6899999976158142,0.6899999976158142,0.6899999976158142,0.6899999976158142,1000.0
2026-04-09 11:08:00,LTH.V,,1.3350000381469727,1.3350000381469727,1.3350000381469727,1.3350000381469727,300.0
2026-04-09 11:08:00,LUCA.V,,1.5049999952316284,1.5049999952316284,1.5049999952316284,1.5049999952316284,100.0
2026-04-09 11:08:00,MLP.V,,2.0299999713897705,2.0299999713897705,2.0299999713897705,2.0299999713897705,100.0
2026-04-09 11:08:00,PNG.V,,8.430000305175781,8.430000305175781,8.420000076293945,8.420000076293945,300.0
2026-04-09 11:09:00,GQC.V,,2.259999990463257,2.259999990463257,2.259999990463257,2.259999990463257,100.0
2026-04-09 11:09:00,GSTM.V,,0.2199999988079071,0.2199999988079071,0.2199999988079071,0.2199999988079071,10500.0
2026-04-09 11:09:00,HIVE.V,,2.890000104904175,2.890000104904175,2.890000104904175,2.890000104904175,1800.0
2026-04-09 11:09:00,HSTR.V,,2.5199999809265137,2.5199999809265137,2.5199999809265137,2.5199999809265137,1200.0
2026-04-09 11:09:00,INEO.V,,0.009999999776482582,0.009999999776482582,0.009999999776482582,0.009999999776482582,0.0
2026-04-09 11:09:00,KTN.V,,1.409999966621399,1.409999966621399,1.399999976158142,1.409999966621399,11700.0
2026-04-09 11:09:00,LTH.V,,1.3300000429153442,1.3350000381469727,1.3300000429153442,1.3350000381469727,3800.0
2026-04-09 11:09:00,LUCA.V,,1.5,1.5099999904632568,1.5,1.5099999904632568,300.0
2026-04-09 11:09:00,NICU.V,,2.0999999046325684,2.0999999046325684,2.0999999046325684,2.0999999046325684,100.0
2026-04-09 11:09:00,PNG.V,,8.399999618530273,8.420000076293945,8.399999618530273,8.420000076293945,2720.0
2026-04-09 11:10:00,GQC.V,,2.259999990463257,2.259999990463257,2.259999990463257,2.259999990463257,200.0
2026-04-09 11:10:00,GTC.V,,0.18000000715255737,0.18000000715255737,0.18000000715255737,0.18000000715255737,500.0
2026-04-09 11:10:00,HI.V,,0.1599999964237213,0.1599999964237213,0.1599999964237213,0.1599999964237213,6000.0
2026-04-09 11:10:00,HIVE.V,,2.890000104904175,2.890000104904175,2.890000104904175,2.890000104904175,1000.0
2026-04-09 11:10:00,HSTR.V,,2.5250000953674316,2.5250000953674316,2.5199999809265137,2.5199999809265137,5700.0
2026-04-09 11:10:00,INEO.V,,0.009999999776482582,0.009999999776482582,0.009999999776482582,0.009999999776482582,98000.0
2026-04-09 11:10:00,JEV.V,,0.08500000089406967,0.08500000089406967,0.08500000089406967,0.08500000089406967,0.0
2026-04-09 11:10:00,LIFT.V,,5.420000076293945,5.420000076293945,5.420000076293945,5.420000076293945,300.0
2026-04-09 11:10:00,LPK.V,,0.33500000834465027,0.33500000834465027,0.33500000834465027,0.33500000834465027,40000.0
2026-04-09 11:10:00,LTH.V,,1.3350000381469727,1.3350000381469727,1.3300000429153442,1.3300000429153442,800.0
2026-04-09 11:10:00,LUCA.V,,1.5049999952316284,1.5049999952316284,1.5049999952316284,1.5049999952316284,200.0
2026-04-09 11:10:00,MLP.V,,2.0299999713897705,2.0299999713897705,2.0299999713897705,2.0299999713897705,1400.0
2026-04-09 11:10:00,NICU.V,,2.0999999046325684,2.0999999046325684,2.0999999046325684,2.0999999046325684,100.0
2026-04-09 11:10:00,PNG.V,,8.380000114440918,8.399999618530273,8.380000114440918,8.399999618530273,602.0
2026-04-09 11:11:00,HIVE.V,,2.890000104904175,2.890000104904175,2.890000104904175,2.890000104904175,5900.0
2026-04-09 11:11:00,HSTR.V,,2.5299999713897705,2.5299999713897705,2.5199999809265137,2.5250000953674316,1300.0
2026-04-09 11:11:00,KCC.V,,0.8999999761581421,0.8999999761581421,0.8999999761581421,0.8999999761581421,500.0
2026-04-09 11:11:00,LBNK.V,,0.6899999976158142,0.6899999976158142,0.6899999976158142,0.6899999976158142,3500.0
2026-04-09 11:11:00,LTH.V,,1.3300000429153442,1.3350000381469727,1.3300000429153442,1.3300000429153442,800.0
2026-04-09 11:11:00,LUCA.V,,1.5,1.5,1.5,1.5,100.0
2026-04-09 11:11:00,MLP.V,,2.0399999618530273,2.0399999618530273,2.0399999618530273,2.0399999618530273,100.0
2026-04-09 11:11:00,PNG.V,,8.390000343322754,8.390000343322754,8.369999885559082,8.369999885559082,2100.0
2026-04-09 11:12:00,GQC.V,,2.259999990463257,2.259999990463257,2.259999990463257,2.259999990463257,200.0
2026-04-09 11:12:00,GSR.V,,0.5099999904632568,0.5099999904632568,0.5099999904632568,0.5099999904632568,1000.0
2026-04-09 11:12:00,HCH.V,,1.5299999713897705,1.5299999713897705,1.5299999713897705,1.5299999713897705,100.0
2026-04-09 11:12:00,HIVE.V,,2.9000000953674316,2.9000000953674316,2.890000104904175,2.890000104904175,30400.0
2026-04-09 11:12:00,HSTR.V,,2.5299999713897705,2.5299999713897705,2.5299999713897705,2.5299999713897705,1800.0
2026-04-09 11:12:00,ILI.V,,0.019999999552965164,0.019999999552965164,0.019999999552965164,0.019999999552965164,1000.0
2026-04-09 11:12:00,LTH.V,,1.3350000381469727,1.3350000381469727,1.3300000429153442,1.3300000429153442,800.0
2026-04-09 11:12:00,LUCA.V,,1.5049999952316284,1.5049999952316284,1.5049999952316284,1.5049999952316284,100.0
2026-04-09 11:12:00,MBI-H.V,,0.019999999552965164,0.019999999552965164,0.019999999552965164,0.019999999552965164,0.0
2026-04-09 11:12:00,MGM.V,,2.5399999618530273,2.559999942779541,2.5399999618530273,2.559999942779541,3100.0
2026-04-09 11:12:00,MLP.V,,2.0399999618530273,2.0399999618530273,2.0399999618530273,2.0399999618530273,100.0
2026-04-09 11:12:00,MMG.V,,0.29499998688697815,0.29499998688697815,0.29499998688697815,0.29499998688697815,7000.0
2026-04-09 11:12:00,NICU.V,,2.0999999046325684,2.0999999046325684,2.0999999046325684,2.0999999046325684,100.0
2026-04-09 11:12:00,PNG.V,,8.399999618530273,8.399999618530273,8.399999618530273,8.399999618530273,1200.0
2026-04-09 11:13:00,GPAC.V,,0.4650000035762787,0.4650000035762787,0.4650000035762787,0.4650000035762787,500.0
2026-04-09 11:13:00,GQC.V,,2.2699999809265137,2.2699999809265137,2.2699999809265137,2.2699999809265137,800.0
2026-04-09 11:13:00,HSTR.V,,2.5399999618530273,2.5399999618530273,2.5350000858306885,2.5350000858306885,500.0
2026-04-09 11:13:00,KCC.V,,0.8999999761581421,0.8999999761581421,0.8999999761581421,0.8999999761581421,5000.0
2026-04-09 11:13:00,LCX.V,,2.0199999809265137,2.0299999713897705,2.0199999809265137,2.0299999713897705,3400.0
2026-04-09 11:13:00,LTH.V,,1.3300000429153442,1.3350000381469727,1.3300000429153442,1.3300000429153442,1300.0
2026-04-09 11:13:00,LUCA.V,,1.5,1.5049999952316284,1.5,1.5049999952316284,38900.0
2026-04-09 11:13:00,PNG.V,,8.40999984741211,8.40999984741211,8.40999984741211,8.40999984741211,180.0
2026-04-09 11:13:00,ROAR.V,,0.23999999463558197,0.23999999463558197,0.23999999463558197,0.23999999463558197,36500.0
2026-04-09 11:14:00,FUU.V,,0.17000000178813934,0.17000000178813934,0.17000000178813934,0.17000000178813934,3000.0
2026-04-09 11:14:00,HIVE.V,,2.9100000858306885,2.9100000858306885,2.9100000858306885,2.9100000858306885,14724.0
2026-04-09 11:14:00,HSTR.V,,2.5399999618530273,2.5399999618530273,2.5350000858306885,2.5350000858306885,500.0
2026-04-09 11:14:00,KTN.V,,1.409999966621399,1.409999966621399,1.409999966621399,1.409999966621399,1500.0
2026-04-09 11:14:00,LIS.V,,0.4950000047683716,0.4950000047683716,0.4950000047683716,0.4950000047683716,500.0
2026-04-09 11:14:00,LTH.V,,1.3350000381469727,1.3350000381469727,1.3300000429153442,1.3350000381469727,600.0
2026-04-09 11:14:00,LUCA.V,,1.4800000190734863,1.5,1.4800000190734863,1.5,13770.0
2026-04-09 11:14:00,MLP.V,,2.0399999618530273,2.0399999618530273,2.0399999618530273,2.0399999618530273,100.0
2026-04-09 11:14:00,NICU.V,,2.0999999046325684,2.0999999046325684,2.0999999046325684,2.0999999046325684,600.0
2026-04-09 11:14:00,PNG.V,,8.390000343322754,8.40999984741211,8.390000343322754,8.40999984741211,1005.0
2026-04-09 11:15:00,GQC.V,,2.2699999809265137,2.2699999809265137,2.2699999809265137,2.2699999809265137,100.0
2026-04-09 11:15:00,GSI.V,,1.2400000095367432,1.2400000095367432,1.2400000095367432,1.2400000095367432,294.0
2026-04-09 11:15:00,GWM.V,,0.6399999856948853,0.6399999856948853,0.6399999856948853,0.6399999856948853,2000.0
2026-04-09 11:15:00,HIVE.V,,2.9100000858306885,2.9100000858306885,2.9100000858306885,2.9100000858306885,100.0
2026-04-09 11:15:00,HSTR.V,,2.5399999618530273,2.5399999618530273,2.5399999618530273,2.5399999618530273,1200.0
2026-04-09 11:15:00,ICM.V,,0.11999999731779099,0.11999999731779099,0.11999999731779099,0.11999999731779099,4000.0
2026-04-09 11:15:00,IFOS.V,,3.799999952316284,3.799999952316284,3.7899999618530273,3.7899999618530273,1300.0
2026-04-09 11:15:00,KTO.V,,0.800000011920929,0.800000011920929,0.800000011920929,0.800000011920929,7019.0
2026-04-09 11:15:00,LCX.V,,2.009999990463257,2.009999990463257,2.009999990463257,2.009999990463257,300.0
2026-04-09 11:15:00,LTH.V,,1.3300000429153442,1.3350000381469727,1.3300000429153442,1.3350000381469727,400.0
2026-04-09 11:15:00,LUCA.V,,1.4800000190734863,1.4800000190734863,1.4800000190734863,1.4800000190734863,200.0
2026-04-09 11:15:00,MLP.V,,2.0399999618530273,2.0399999618530273,2.0399999618530273,2.0399999618530273,100.0
2026-04-09 11:15:00,NICU.V,,2.0999999046325684,2.0999999046325684,2.0999999046325684,2.0999999046325684,500.0
2026-04-09 11:15:00,ROAR.V,,0.23999999463558197,0.23999999463558197,0.23999999463558197,0.23999999463558197,6000.0
2026-04-09 11:16:00,GMG.V,,2.1500000953674316,2.1600000858306885,2.1500000953674316,2.1600000858306885,1000.0
2026-04-09 11:16:00,GOT.V,,1.6299999952316284,1.6299999952316284,1.6299999952316284,1.6299999952316284,1000.0
2026-04-09 11:16:00,GPAC.V,,0.4650000035762787,0.4650000035762787,0.4650000035762787,0.4650000035762787,500.0
2026-04-09 11:16:00,GSVR.V,,0.6299999952316284,0.6299999952316284,0.6299999952316284,0.6299999952316284,500.0
2026-04-09 11:16:00,GWM.V,,0.6399999856948853,0.6399999856948853,0.6399999856948853,0.6399999856948853,500.0
2026-04-09 11:16:00,HIVE.V,,2.9149999618530273,2.9200000762939453,2.9100000858306885,2.9200000762939453,636.0
2026-04-09 11:16:00,HSTR.V,,2.5350000858306885,2.5399999618530273,2.5299999713897705,2.5399999618530273,1500.0
2026-04-09 11:16:00,LITH.V,,0.6100000143051147,0.6100000143051147,0.6000000238418579,0.6000000238418579,71000.0
2026-04-09 11:16:00,LTH.V,,1.3300000429153442,1.3350000381469727,1.3300000429153442,1.3300000429153442,600.0
2026-04-09 11:16:00,LUCA.V,,1.4800000190734863,1.4800000190734863,1.4800000190734863,1.4800000190734863,300.0
2026-04-09 11:16:00,MLP.V,,2.049999952316284,2.049999952316284,2.0399999618530273,2.0399999618530273,5100.0
2026-04-09 11:16:00,NICU.V,,2.0999999046325684,2.0999999046325684,2.0999999046325684,2.0999999046325684,200.0
2026-04-09 11:16:00,ZNG.V,,1.1299999952316284,1.1299999952316284,1.1200000047683716,1.1200000047683716,13700.0
2026-04-09 11:17:00,HIVE.V,,2.9149999618530273,2.9149999618530273,2.9149999618530273,2.9149999618530273,100.0
2026-04-09 11:17:00,HSTR.V,,2.5299999713897705,2.5350000858306885,2.5199999809265137,2.5299999713897705,6100.0
2026-04-09 11:17:00,IPT.V,,0.23499999940395355,0.23499999940395355,0.23499999940395355,0.23499999940395355,500.0
2026-04-09 11:17:00,KDK.V,,0.8999999761581421,0.8999999761581421,0.8999999761581421,0.8999999761581421,500.0
2026-04-09 11:17:00,LUCA.V,,1.4900000095367432,1.4900000095367432,1.4800000190734863,1.4800000190734863,2400.0
2026-04-09 11:17:00,MLP.V,,2.065000057220459,2.069999933242798,2.055000066757202,2.055000066757202,8600.0
2026-04-09 11:17:00,NICU.V,,2.0999999046325684,2.0999999046325684,2.0999999046325684,2.0999999046325684,400.0
2026-04-09 11:17:00,PNG.V,,8.380000114440918,8.390000343322754,8.380000114440918,8.380000114440918,4400.0
2026-04-09 11:18:00,EQTY.V,,0.3050000071525574,0.3050000071525574,0.3050000071525574,0.3050000071525574,12721.0
2026-04-09 11:18:00,GQC.V,,2.2799999713897705,2.2799999713897705,2.2699999809265137,2.2699999809265137,1100.0
2026-04-09 11:18:00,GWM.V,,0.6499999761581421,0.6499999761581421,0.6499999761581421,0.6499999761581421,63000.0
2026-04-09 11:18:00,HIVE.V,,2.9100000858306885,2.9200000762939453,2.9100000858306885,2.9100000858306885,13110.0
2026-04-09 11:18:00,HSTR.V,,2.5299999713897705,2.5299999713897705,2.5299999713897705,2.5299999713897705,100.0
2026-04-09 11:18:00,LTH.V,,1.3250000476837158,1.3250000476837158,1.3250000476837158,1.3250000476837158,200.0
2026-04-09 11:18:00,LUCA.V,,1.4900000095367432,1.4900000095367432,1.4900000095367432,1.4900000095367432,700.0
2026-04-09 11:18:00,MLP.V,,2.065000057220459,2.065000057220459,2.065000057220459,2.065000057220459,300.0
2026-04-09 11:18:00,MTA.V,,9.210000038146973,9.210000038146973,9.210000038146973,9.210000038146973,395.0
2026-04-09 11:18:00,NICU.V,,2.0999999046325684,2.0999999046325684,2.0999999046325684,2.0999999046325684,1100.0
2026-04-09 11:18:00,PNG.V,,8.369999885559082,8.369999885559082,8.369999885559082,8.369999885559082,596.0
2026-04-09 11:19:00,GSVR.V,,0.6299999952316284,0.6299999952316284,0.6299999952316284,0.6299999952316284,111585.0
2026-04-09 11:19:00,GWM.V,,0.6499999761581421,0.6499999761581421,0.6499999761581421,0.6499999761581421,5000.0
2026-04-09 11:19:00,HSTR.V,,2.5299999713897705,2.5299999713897705,2.5299999713897705,2.5299999713897705,200.0
2026-04-09 11:19:00,KTN.V,,1.4299999475479126,1.4299999475479126,1.4199999570846558,1.4199999570846558,2106.0
2026-04-09 11:19:00,LTH.V,,1.3350000381469727,1.3350000381469727,1.3250000476837158,1.3250000476837158,1000.0
2026-04-09 11:19:00,MLP.V,,2.069999933242798,2.069999933242798,2.065000057220459,2.065000057220459,200.0
2026-04-09 11:19:00,NICU.V,,2.0999999046325684,2.0999999046325684,2.0999999046325684,2.0999999046325684,2900.0
2026-04-09 11:19:00,PNG.V,,8.399999618530273,8.399999618530273,8.399999618530273,8.399999618530273,7139.0
2026-04-09 11:19:00,ZNG.V,,1.1399999856948853,1.1399999856948853,1.1399999856948853,1.1399999856948853,1500.0
2026-04-09 11:20:00,GSVR.V,,0.6299999952316284,0.6349999904632568,0.6299999952316284,0.6349999904632568,81000.0
2026-04-09 11:20:00,HIVE.V,,2.9149999618530273,2.9149999618530273,2.9149999618530273,2.9149999618530273,1600.0
2026-04-09 11:20:00,HSTR.V,,2.5399999618530273,2.5399999618530273,2.5399999618530273,2.5399999618530273,800.0
2026-04-09 11:20:00,ICM.V,,0.125,0.125,0.125,0.125,1000.0
2026-04-09 11:20:00,LTH.V,,1.3350000381469727,1.3350000381469727,1.3350000381469727,1.3350000381469727,100.0
2026-04-09 11:20:00,MLP.V,,2.0899999141693115,2.0899999141693115,2.0799999237060547,2.0799999237060547,3300.0
2026-04-09 11:20:00,NICU.V,,2.0999999046325684,2.0999999046325684,2.0999999046325684,2.0999999046325684,4300.0
2026-04-09 11:20:00,NURS.V,,3.190000057220459,3.200000047683716,3.190000057220459,3.200000047683716,800.0
2026-04-09 11:21:00,GQC.V,,2.2799999713897705,2.2799999713897705,2.2799999713897705,2.2799999713897705,100.0
2026-04-09 11:21:00,GRDM.V,,0.125,0.125,0.125,0.125,0.0
2026-04-09 11:21:00,HIVE.V,,2.9200000762939453,2.9200000762939453,2.9200000762939453,2.9200000762939453,4733.0
2026-04-09 11:21:00,HSTR.V,,2.5399999618530273,2.5399999618530273,2.5399999618530273,2.5399999618530273,100.0
2026-04-09 11:21:00,MLP.V,,2.0899999141693115,2.0899999141693115,2.0899999141693115,2.0899999141693115,100.0
2026-04-09 11:21:00,NICU.V,,2.0999999046325684,2.0999999046325684,2.0999999046325684,2.0999999046325684,800.0
2026-04-09 11:21:00,NURS.V,,3.200000047683716,3.200000047683716,3.200000047683716,3.200000047683716,100.0
2026-04-09 11:21:00,ROAR.V,,0.23999999463558197,0.23999999463558197,0.23999999463558197,0.23999999463558197,5500.0
2026-04-09 11:22:00,FUU.V,,0.17000000178813934,0.17000000178813934,0.17000000178813934,0.17000000178813934,15000.0
2026-04-09 11:22:00,GOT.V,,1.6399999856948853,1.6399999856948853,1.6399999856948853,1.6399999856948853,700.0
2026-04-09 11:22:00,HAM.V,,4.440000057220459,4.449999809265137,4.440000057220459,4.449999809265137,700.0
2026-04-09 11:22:00,HCH.V,,1.5,1.5,1.5,1.5,100.0
2026-04-09 11:22:00,HIVE.V,,2.9200000762939453,2.9200000762939453,2.9200000762939453,2.9200000762939453,5392.0
2026-04-09 11:22:00,HSTR.V,,2.5450000762939453,2.5450000762939453,2.5399999618530273,2.5399999618530273,900.0
2026-04-09 11:22:00,KDK.V,,0.8999999761581421,0.8999999761581421,0.8999999761581421,0.8999999761581421,500.0
2026-04-09 11:22:00,LEM.V,,0.30000001192092896,0.30000001192092896,0.30000001192092896,0.30000001192092896,9000.0
2026-04-09 11:22:00,LTH.V,,1.3300000429153442,1.3300000429153442,1.3300000429153442,1.3300000429153442,500.0
2026-04-09 11:22:00,MLP.V,,2.0999999046325684,2.0999999046325684,2.0999999046325684,2.0999999046325684,100.0
2026-04-09 11:22:00,NICU.V,,2.0999999046325684,2.0999999046325684,2.0999999046325684,2.0999999046325684,3700.0
2026-04-09 11:22:00,PNG.V,,8.399999618530273,8.399999618530273,8.399999618530273,8.399999618530273,200.0
2026-04-09 11:22:00,ROAR.V,,0.23999999463558197,0.23999999463558197,0.23999999463558197,0.23999999463558197,5500.0
2026-04-09 11:23:00,GOT.V,,1.6399999856948853,1.6399999856948853,1.6399999856948853,1.6399999856948853,4400.0
2026-04-09 11:23:00,GQC.V,,2.2899999618530273,2.2899999618530273,2.2799999713897705,2.2799999713897705,1500.0
2026-04-09 11:23:00,GRSL.V,,0.3199999928474426,0.3199999928474426,0.3199999928474426,0.3199999928474426,67000.0
2026-04-09 11:23:00,HIVE.V,,2.9100000858306885,2.9200000762939453,2.9100000858306885,2.9200000762939453,12900.0
2026-04-09 11:23:00,LIFT.V,,5.349999904632568,5.385000228881836,5.309999942779541,5.385000228881836,1600.0
2026-04-09 11:23:00,LTH.V,,1.3300000429153442,1.3300000429153442,1.3300000429153442,1.3300000429153442,600.0
2026-04-09 11:23:00,NICU.V,,2.0999999046325684,2.109999895095825,2.0899999141693115,2.0999999046325684,23700.0
2026-04-09 11:23:00,PNG.V,,8.399999618530273,8.399999618530273,8.399999618530273,8.399999618530273,100.0
2026-04-09 11:24:00,GBML.V,,0.18000000715255737,0.18000000715255737,0.18000000715255737,0.18000000715255737,1500.0
2026-04-09 11:24:00,GGO.V,,0.9700000286102295,0.9700000286102295,0.9700000286102295,0.9700000286102295,9000.0
2026-04-09 11:24:00,IFOS.V,,3.799999952316284,3.799999952316284,3.799999952316284,3.799999952316284,4800.0
2026-04-09 11:24:00,IPT.V,,0.24500000476837158,0.24500000476837158,0.24500000476837158,0.24500000476837158,26000.0
2026-04-09 11:24:00,LCX.V,,2.009999990463257,2.009999990463257,2.009999990463257,2.009999990463257,500.0
2026-04-09 11:24:00,LTH.V,,1.3300000429153442,1.3300000429153442,1.3300000429153442,1.3300000429153442,500.0
2026-04-09 11:24:00,LVX.V,,0.6499999761581421,0.6499999761581421,0.6499999761581421,0.6499999761581421,2000.0
2026-04-09 11:24:00,MLP.V,,2.069999933242798,2.0999999046325684,2.069999933242798,2.0999999046325684,3400.0
2026-04-09 11:24:00,NICU.V,,2.0999999046325684,2.0999999046325684,2.0999999046325684,2.0999999046325684,1514.0
2026-04-09 11:24:00,PNG.V,,8.399999618530273,8.404999732971191,8.399999618530273,8.404999732971191,200.0
2026-04-09 11:25:00,GPG.V,,0.4000000059604645,0.4000000059604645,0.4000000059604645,0.4000000059604645,8500.0
2026-04-09 11:25:00,GQC.V,,2.2899999618530273,2.2899999618530273,2.2899999618530273,2.2899999618530273,14900.0
2026-04-09 11:25:00,HIVE.V,,2.9100000858306885,2.9100000858306885,2.9100000858306885,2.9100000858306885,2400.0
2026-04-09 11:25:00,HSTR.V,,2.5450000762939453,2.5450000762939453,2.5450000762939453,2.5450000762939453,700.0
2026-04-09 11:25:00,IGO.V,,0.09000000357627869,0.09000000357627869,0.09000000357627869,0.09000000357627869,0.0
2026-04-09 11:25:00,KTN.V,,1.4299999475479126,1.4299999475479126,1.4299999475479126,1.4299999475479126,1100.0
2026-04-09 11:25:00,LTH.V,,1.3300000429153442,1.3300000429153442,1.3300000429153442,1.3300000429153442,400.0
2026-04-09 11:25:00,LUCA.V,,1.5,1.5,1.5,1.5,600.0
2026-04-09 11:25:00,MLP.V,,2.059999942779541,2.0799999237060547,2.0450000762939453,2.069999933242798,36300.0
2026-04-09 11:25:00,PNG.V,,8.390000343322754,8.399999618530273,8.390000343322754,8.399999618530273,2750.0
2026-04-09 11:26:00,EQTY.V,,0.3050000071525574,0.3050000071525574,0.3050000071525574,0.3050000071525574,10500.0
2026-04-09 11:26:00,GMG.V,,2.1600000858306885,2.1600000858306885,2.1600000858306885,2.1600000858306885,2100.0
2026-04-09 11:26:00,GQC.V,,2.2899999618530273,2.2899999618530273,2.2799999713897705,2.2799999713897705,1000.0
2026-04-09 11:26:00,GWM.V,,0.6499999761581421,0.6499999761581421,0.6499999761581421,0.6499999761581421,500.0
2026-04-09 11:26:00,HSTR.V,,2.5450000762939453,2.5450000762939453,2.5450000762939453,2.5450000762939453,200.0
2026-04-09 11:26:00,LTH.V,,1.3300000429153442,1.3300000429153442,1.3300000429153442,1.3300000429153442,400.0
2026-04-09 11:26:00,LUCA.V,,1.4950000047683716,1.5,1.4950000047683716,1.4950000047683716,11700.0
2026-04-09 11:26:00,PNG.V,,8.380000114440918,8.380000114440918,8.380000114440918,8.380000114440918,1100.0
2026-04-09 11:27:00,EQTY.V,,0.3100000023841858,0.3100000023841858,0.3050000071525574,0.3050000071525574,15500.0
2026-04-09 11:27:00,GQC.V,,2.2899999618530273,2.2899999618530273,2.2899999618530273,2.2899999618530273,100.0
2026-04-09 11:27:00,GSI.V,,1.2400000095367432,1.2400000095367432,1.2400000095367432,1.2400000095367432,300.0
2026-04-09 11:27:00,GWM.V,,0.6800000071525574,0.6800000071525574,0.6600000262260437,0.6600000262260437,32450.0
2026-04-09 11:27:00,HSTR.V,,2.5450000762939453,2.5450000762939453,2.5450000762939453,2.5450000762939453,200.0
2026-04-09 11:27:00,IFOS.V,,3.7899999618530273,3.7899999618530273,3.7899999618530273,3.7899999618530273,800.0
2026-04-09 11:27:00,KAPA.V,,0.17499999701976776,0.17499999701976776,0.17499999701976776,0.17499999701976776,500.0
2026-04-09 11:27:00,LTH.V,,1.3300000429153442,1.3300000429153442,1.3300000429153442,1.3300000429153442,500.0
2026-04-09 11:27:00,LUCA.V,,1.5,1.5,1.5,1.5,1400.0
2026-04-09 11:27:00,PNG.V,,8.390000343322754,8.390000343322754,8.390000343322754,8.390000343322754,100.0
2026-04-09 11:27:00,ROAR.V,,0.24500000476837158,0.24500000476837158,0.24500000476837158,0.24500000476837158,6500.0
2026-04-09 11:27:00,TUF.V,,0.23999999463558197,0.23999999463558197,0.23999999463558197,0.23999999463558197,4500.0
2026-04-09 11:27:00,ZNG.V,,1.149999976158142,1.149999976158142,1.149999976158142,1.149999976158142,5400.0
2026-04-09 11:28:00,GQC.V,,2.2899999618530273,2.2899999618530273,2.2899999618530273,2.2899999618530273,200.0
2026-04-09 11:28:00,HSTR.V,,2.5450000762939453,2.5450000762939453,2.5450000762939453,2.5450000762939453,200.0
2026-04-09 11:28:00,LTH.V,,1.350000023841858,1.350000023841858,1.3300000429153442,1.3300000429153442,2300.0
2026-04-09 11:28:00,LUCA.V,,1.5,1.5,1.5,1.5,100.0
2026-04-09 11:28:00,LVX.V,,0.6499999761581421,0.6499999761581421,0.6499999761581421,0.6499999761581421,500.0
2026-04-09 11:28:00,MMG.V,,0.29499998688697815,0.29499998688697815,0.29499998688697815,0.29499998688697815,2000.0
2026-04-09 11:28:00,NICU.V,,2.0999999046325684,2.0999999046325684,2.0899999141693115,2.0899999141693115,3200.0
2026-04-09 11:28:00,NURS.V,,3.2100000381469727,3.2100000381469727,3.2100000381469727,3.2100000381469727,100.0
2026-04-09 11:28:00,PNG.V,,8.380000114440918,8.380000114440918,8.380000114440918,8.380000114440918,893.0
2026-04-09 11:28:00,ZNG.V,,1.159999966621399,1.159999966621399,1.159999966621399,1.159999966621399,5000.0
2026-04-09 11:29:00,GQC.V,,2.2899999618530273,2.2899999618530273,2.2899999618530273,2.2899999618530273,500.0
2026-04-09 11:29:00,HIVE.V,,2.9000000953674316,2.9000000953674316,2.9000000953674316,2.9000000953674316,50197.0
2026-04-09 11:29:00,HSTR.V,,2.549999952316284,2.549999952316284,2.5399999618530273,2.5450000762939453,30492.0
2026-04-09 11:29:00,ICM.V,,0.11500000208616257,0.11500000208616257,0.11500000208616257,0.11500000208616257,1000.0
2026-04-09 11:29:00,IFOS.V,,3.799999952316284,3.799999952316284,3.799999952316284,3.799999952316284,104.0
2026-04-09 11:29:00,LSL.V,,0.4000000059604645,0.4000000059604645,0.4000000059604645,0.4000000059604645,2000.0
2026-04-09 11:29:00,LVX.V,,0.6499999761581421,0.6499999761581421,0.6499999761581421,0.6499999761581421,1000.0
2026-04-09 11:29:00,NICU.V,,2.0999999046325684,2.0999999046325684,2.0999999046325684,2.0999999046325684,500.0
2026-04-09 11:30:00,ESK.V,,0.4650000035762787,0.4650000035762787,0.4650000035762787,0.4650000035762787,2000.0
2026-04-09 11:30:00,GQC.V,,2.2899999618530273,2.2899999618530273,2.2899999618530273,2.2899999618530273,500.0
2026-04-09 11:30:00,HIVE.V,,2.9100000858306885,2.9100000858306885,2.9100000858306885,2.9100000858306885,2800.0
2026-04-09 11:30:00,HSTR.V,,2.559999942779541,2.559999942779541,2.559999942779541,2.559999942779541,4350.0
2026-04-09 11:30:00,LVX.V,,0.6499999761581421,0.6499999761581421,0.6499999761581421,0.6499999761581421,500.0
2026-04-09 11:30:00,NICU.V,,2.0999999046325684,2.0999999046325684,2.0999999046325684,2.0999999046325684,100.0
2026-04-09 11:30:00,ROAR.V,,0.24500000476837158,0.24500000476837158,0.24500000476837158,0.24500000476837158,2500.0
2026-04-09 11:31:00,GQC.V,,2.2899999618530273,2.2899999618530273,2.2899999618530273,2.2899999618530273,100.0
2026-04-09 11:31:00,HELI.V,,0.04500000178813934,0.04500000178813934,0.04500000178813934,0.04500000178813934,178000.0
2026-04-09 11:31:00,HSTR.V,,2.559999942779541,2.559999942779541,2.559999942779541,2.559999942779541,200.0
2026-04-09 11:31:00,LCX.V,,2.0299999713897705,2.0299999713897705,2.0299999713897705,2.0299999713897705,300.0
2026-04-09 11:31:00,LUCA.V,,1.5,1.5,1.5,1.5,100.0
2026-04-09 11:31:00,NICU.V,,2.0999999046325684,2.0999999046325684,2.0999999046325684,2.0999999046325684,1200.0
2026-04-09 11:32:00,GQC.V,,2.2899999618530273,2.2899999618530273,2.2899999618530273,2.2899999618530273,100.0
2026-04-09 11:32:00,GRSL.V,,0.32499998807907104,0.32499998807907104,0.32499998807907104,0.32499998807907104,27500.0
2026-04-09 11:32:00,HIVE.V,,2.9200000762939453,2.9200000762939453,2.9100000858306885,2.9100000858306885,27795.0
2026-04-09 11:32:00,HSTR.V,,2.569999933242798,2.569999933242798,2.559999942779541,2.559999942779541,1300.0
2026-04-09 11:32:00,LTH.V,,1.340000033378601,1.340000033378601,1.340000033378601,1.340000033378601,300.0
2026-04-09 11:32:00,MLP.V,,2.059999942779541,2.069999933242798,2.059999942779541,2.069999933242798,1400.0
2026-04-09 11:32:00,NICU.V,,2.0999999046325684,2.0999999046325684,2.0999999046325684,2.0999999046325684,4400.0
2026-04-09 11:32:00,PNG.V,,8.40999984741211,8.40999984741211,8.399999618530273,8.399999618530273,500.0
2026-04-09 11:33:00,GMG.V,,2.1700000762939453,2.1700000762939453,2.1600000858306885,2.1600000858306885,3000.0
2026-04-09 11:33:00,GQC.V,,2.2899999618530273,2.2899999618530273,2.2899999618530273,2.2899999618530273,100.0
2026-04-09 11:33:00,HELI.V,,0.04500000178813934,0.04500000178813934,0.04500000178813934,0.04500000178813934,10000.0
2026-04-09 11:33:00,HITI.V,,3.1649999618530273,3.1649999618530273,3.1649999618530273,3.1649999618530273,100.0
2026-04-09 11:33:00,HIVE.V,,2.9200000762939453,2.9200000762939453,2.9200000762939453,2.9200000762939453,100.0
2026-04-09 11:33:00,IFOS.V,,3.7899999618530273,3.7899999618530273,3.7899999618530273,3.7899999618530273,500.0
2026-04-09 11:33:00,LTH.V,,1.3350000381469727,1.340000033378601,1.3350000381469727,1.340000033378601,1800.0
2026-04-09 11:33:00,LUCA.V,,1.5,1.5,1.5,1.5,200.0
2026-04-09 11:33:00,MLP.V,,2.059999942779541,2.059999942779541,2.059999942779541,2.059999942779541,100.0
2026-04-09 11:33:00,NICU.V,,2.0999999046325684,2.0999999046325684,2.0999999046325684,2.0999999046325684,2000.0
2026-04-09 11:33:00,PNG.V,,8.380000114440918,8.40999984741211,8.380000114440918,8.40999984741211,7300.0
2026-04-09 11:34:00,GQC.V,,2.2899999618530273,2.2899999618530273,2.2899999618530273,2.2899999618530273,100.0
2026-04-09 11:34:00,HELI.V,,0.04500000178813934,0.04500000178813934,0.04500000178813934,0.04500000178813934,5000.0
2026-04-09 11:34:00,HSTR.V,,2.559999942779541,2.569999933242798,2.559999942779541,2.569999933242798,2600.0
2026-04-09 11:34:00,ICM.V,,0.11999999731779099,0.11999999731779099,0.11999999731779099,0.11999999731779099,10000.0
2026-04-09 11:34:00,IPT.V,,0.24500000476837158,0.24500000476837158,0.24500000476837158,0.24500000476837158,7524.0
2026-04-09 11:34:00,LUCA.V,,1.4950000047683716,1.5,1.4950000047683716,1.5,721.0
2026-04-09 11:34:00,NICU.V,,2.0999999046325684,2.0999999046325684,2.0999999046325684,2.0999999046325684,100.0
2026-04-09 11:34:00,NURS.V,,3.2100000381469727,3.2100000381469727,3.2100000381469727,3.2100000381469727,1000.0
2026-04-09 11:34:00,PNG.V,,8.390000343322754,8.399999618530273,8.390000343322754,8.399999618530273,240.0
2026-04-09 11:35:00,GOFL.V,,0.04500000178813934,0.04500000178813934,0.04500000178813934,0.04500000178813934,0.0
2026-04-09 11:35:00,GOT.V,,1.6399999856948853,1.6399999856948853,1.6399999856948853,1.6399999856948853,400.0
2026-04-09 11:35:00,GSVR.V,,0.6299999952316284,0.6299999952316284,0.6299999952316284,0.6299999952316284,45000.0
2026-04-09 11:35:00,HSTR.V,,2.569999933242798,2.569999933242798,2.569999933242798,2.569999933242798,600.0
2026-04-09 11:35:00,KRY.V,,3.3399999141693115,3.3399999141693115,3.3399999141693115,3.3399999141693115,100.0
2026-04-09 11:35:00,LUCA.V,,1.5,1.5,1.4950000047683716,1.4950000047683716,12600.0
2026-04-09 11:35:00,MGM.V,,2.5799999237060547,2.5799999237060547,2.5799999237060547,2.5799999237060547,1400.0
2026-04-09 11:35:00,MSC.V,,0.019999999552965164,0.019999999552965164,0.019999999552965164,0.019999999552965164,0.0
2026-04-09 11:35:00,NICU.V,,2.0999999046325684,2.0999999046325684,2.0899999141693115,2.0999999046325684,74600.0
2026-04-09 11:35:00,NURS.V,,3.200000047683716,3.200000047683716,3.200000047683716,3.200000047683716,100.0
2026-04-09 11:36:00,EVNI.V,,0.22499999403953552,0.22499999403953552,0.22499999403953552,0.22499999403953552,1500.0
2026-04-09 11:36:00,GQC.V,,2.2899999618530273,2.2899999618530273,2.2899999618530273,2.2899999618530273,100.0
2026-04-09 11:36:00,GRSL.V,,0.32499998807907104,0.32499998807907104,0.32499998807907104,0.32499998807907104,22000.0
2026-04-09 11:36:00,GSI.V,,1.2400000095367432,1.2400000095367432,1.2400000095367432,1.2400000095367432,100.0
2026-04-09 11:36:00,GSVR.V,,0.6299999952316284,0.6299999952316284,0.6299999952316284,0.6299999952316284,45000.0
2026-04-09 11:36:00,HIVE.V,,2.930000066757202,2.930000066757202,2.930000066757202,2.930000066757202,19245.0
2026-04-09 11:36:00,HSTR.V,,2.5799999237060547,2.5799999237060547,2.5799999237060547,2.5799999237060547,3400.0
2026-04-09 11:36:00,LCX.V,,2.009999990463257,2.009999990463257,2.0,2.009999990463257,48317.0
2026-04-09 11:36:00,LUCA.V,,1.5,1.5,1.5,1.5,600.0
2026-04-09 11:36:00,MFG.V,,4.409999847412109,4.420000076293945,4.400000095367432,4.400000095367432,8900.0
2026-04-09 11:36:00,NICU.V,,2.0999999046325684,2.0999999046325684,2.0999999046325684,2.0999999046325684,4400.0
2026-04-09 11:36:00,NURS.V,,3.200000047683716,3.200000047683716,3.200000047683716,3.200000047683716,6623.0
2026-04-09 11:36:00,PNG.V,,8.40999984741211,8.420000076293945,8.399999618530273,8.40999984741211,6975.0
2026-04-09 11:37:00,GLAD.V,,1.2899999618530273,1.2899999618530273,1.2899999618530273,1.2899999618530273,200.0
2026-04-09 11:37:00,GQC.V,,2.2899999618530273,2.2899999618530273,2.2899999618530273,2.2899999618530273,100.0
2026-04-09 11:37:00,GSVR.V,,0.6299999952316284,0.6299999952316284,0.6299999952316284,0.6299999952316284,45000.0
2026-04-09 11:37:00,HAM.V,,4.429999828338623,4.429999828338623,4.429999828338623,4.429999828338623,100.0
2026-04-09 11:37:00,HIVE.V,,2.930000066757202,2.930000066757202,2.930000066757202,2.930000066757202,500.0
2026-04-09 11:37:00,HSTR.V,,2.5850000381469727,2.5899999141693115,2.5799999237060547,2.5799999237060547,8100.0
2026-04-09 11:37:00,ICM.V,,0.11500000208616257,0.11500000208616257,0.11500000208616257,0.11500000208616257,2000.0
2026-04-09 11:37:00,KTN.V,,1.440000057220459,1.440000057220459,1.440000057220459,1.440000057220459,840.0
2026-04-09 11:37:00,LIFT.V,,5.349999904632568,5.349999904632568,5.349999904632568,5.349999904632568,100.0
2026-04-09 11:37:00,LITH.V,,0.6100000143051147,0.6100000143051147,0.6100000143051147,0.6100000143051147,500.0
2026-04-09 11:37:00,LTH.V,,1.350000023841858,1.350000023841858,1.350000023841858,1.350000023841858,3000.0
2026-04-09 11:37:00,LUCA.V,,1.5,1.5,1.5,1.5,100.0
2026-04-09 11:37:00,NICU.V,,2.0999999046325684,2.0999999046325684,2.0999999046325684,2.0999999046325684,1700.0
2026-04-09 11:38:00,EQTY.V,,0.3050000071525574,0.3050000071525574,0.3050000071525574,0.3050000071525574,3500.0
2026-04-09 11:38:00,GQC.V,,2.2799999713897705,2.2899999618530273,2.2799999713897705,2.2899999618530273,1800.0
2026-04-09 11:38:00,GSI.V,,1.2400000095367432,1.2400000095367432,1.2400000095367432,1.2400000095367432,200.0
2026-04-09 11:38:00,GSVR.V,,0.6299999952316284,0.6299999952316284,0.6299999952316284,0.6299999952316284,23200.0
2026-04-09 11:38:00,GWM.V,,0.6700000166893005,0.6700000166893005,0.6700000166893005,0.6700000166893005,500.0
2026-04-09 11:38:00,HIVE.V,,2.930000066757202,2.930000066757202,2.930000066757202,2.930000066757202,12735.0
2026-04-09 11:38:00,HSTR.V,,2.5899999141693115,2.5899999141693115,2.5799999237060547,2.5799999237060547,3800.0
2026-04-09 11:38:00,LTH.V,,1.3550000190734863,1.3550000190734863,1.3550000190734863,1.3550000190734863,100.0
2026-04-09 11:38:00,LVX.V,,0.6499999761581421,0.6499999761581421,0.6499999761581421,0.6499999761581421,500.0
2026-04-09 11:38:00,MFG.V,,4.420000076293945,4.5,4.409999847412109,4.409999847412109,10600.0
2026-04-09 11:38:00,NICU.V,,2.0999999046325684,2.0999999046325684,2.0899999141693115,2.0999999046325684,1600.0
2026-04-09 11:38:00,PNG.V,,8.399999618530273,8.40999984741211,8.390000343322754,8.399999618530273,3310.0
2026-04-09 11:38:00,ROAR.V,,0.23999999463558197,0.23999999463558197,0.23999999463558197,0.23999999463558197,10000.0
2026-04-09 11:39:00,HELI.V,,0.04500000178813934,0.04500000178813934,0.04500000178813934,0.04500000178813934,10614.0
2026-04-09 11:39:00,KTN.V,,1.4299999475479126,1.4299999475479126,1.4299999475479126,1.4299999475479126,800.0
2026-04-09 11:39:00,LTH.V,,1.340000033378601,1.350000023841858,1.340000033378601,1.350000023841858,1000.0
2026-04-09 11:39:00,LUCA.V,,1.4950000047683716,1.4950000047683716,1.4950000047683716,1.4950000047683716,100.0
2026-04-09 11:39:00,MFG.V,,4.420000076293945,4.420000076293945,4.420000076293945,4.420000076293945,100.0
2026-04-09 11:39:00,MLP.V,,2.0799999237060547,2.0799999237060547,2.0799999237060547,2.0799999237060547,100.0
2026-04-09 11:39:00,NURS.V,,3.180000066757202,3.190000057220459,3.180000066757202,3.190000057220459,1552.0
2026-04-09 11:39:00,ZNG.V,,1.159999966621399,1.159999966621399,1.159999966621399,1.159999966621399,100.0
2026-04-09 11:40:00,GWM.V,,0.6700000166893005,0.6700000166893005,0.6700000166893005,0.6700000166893005,9500.0
2026-04-09 11:40:00,HITI.V,,3.1700000762939453,3.1700000762939453,3.1600000858306885,3.1600000858306885,400.0
2026-04-09 11:40:00,HIVE.V,,2.930000066757202,2.930000066757202,2.930000066757202,2.930000066757202,1700.0
2026-04-09 11:40:00,HSTR.V,,2.5899999141693115,2.5899999141693115,2.5899999141693115,2.5899999141693115,2500.0
2026-04-09 11:40:00,HVG.V,,0.05999999865889549,0.05999999865889549,0.05999999865889549,0.05999999865889549,1000.0
2026-04-09 11:40:00,IPT.V,,0.24500000476837158,0.24500000476837158,0.24500000476837158,0.24500000476837158,5500.0
2026-04-09 11:40:00,KCC.V,,0.8999999761581421,0.8999999761581421,0.8999999761581421,0.8999999761581421,5500.0
2026-04-09 11:40:00,LTH.V,,1.340000033378601,1.340000033378601,1.340000033378601,1.340000033378601,500.0
2026-04-09 11:40:00,MLP.V,,2.069999933242798,2.069999933242798,2.069999933242798,2.069999933242798,400.0
2026-04-09 11:40:00,MTX.V,,0.009999999776482582,0.009999999776482582,0.009999999776482582,0.009999999776482582,250000.0
2026-04-09 11:40:00,NICU.V,,2.109999895095825,2.109999895095825,2.109999895095825,2.109999895095825,1100.0
2026-04-09 11:40:00,PNG.V,,8.40999984741211,8.40999984741211,8.399999618530273,8.399999618530273,1200.0
2026-04-09 11:40:00,ROAR.V,,0.23999999463558197,0.23999999463558197,0.23999999463558197,0.23999999463558197,2650.0
2026-04-09 11:41:00,GSI.V,,1.2400000095367432,1.2400000095367432,1.2400000095367432,1.2400000095367432,100.0
2026-04-09 11:41:00,GWM.V,,0.6600000262260437,0.6700000166893005,0.6600000262260437,0.6700000166893005,130500.0
2026-04-09 11:41:00,HIVE.V,,2.930000066757202,2.930000066757202,2.930000066757202,2.930000066757202,300.0
2026-04-09 11:41:00,HSTR.V,,2.5899999141693115,2.5950000286102295,2.5899999141693115,2.5950000286102295,9588.0
2026-04-09 11:41:00,IFOS.V,,3.799999952316284,3.799999952316284,3.799999952316284,3.799999952316284,800.0
2026-04-09 11:41:00,LTH.V,,1.340000033378601,1.340000033378601,1.340000033378601,1.340000033378601,400.0
2026-04-09 11:41:00,LUCA.V,,1.5,1.5,1.5,1.5,100.0
2026-04-09 11:41:00,MLP.V,,2.0799999237060547,2.0799999237060547,2.0799999237060547,2.0799999237060547,100.0
2026-04-09 11:41:00,ROAR.V,,0.24500000476837158,0.24500000476837158,0.23999999463558197,0.23999999463558197,31000.0
2026-04-09 11:42:00,EMN.V,,0.14499999582767487,0.14499999582767487,0.14499999582767487,0.14499999582767487,1000.0
2026-04-09 11:42:00,GSVR.V,,0.6299999952316284,0.6299999952316284,0.6299999952316284,0.6299999952316284,11000.0
2026-04-09 11:42:00,HI.V,,0.1599999964237213,0.1599999964237213,0.1599999964237213,0.1599999964237213,58500.0
2026-04-09 11:42:00,HIVE.V,,2.940000057220459,2.940000057220459,2.940000057220459,2.940000057220459,1000.0
2026-04-09 11:42:00,LCX.V,,2.009999990463257,2.009999990463257,1.9900000095367432,1.9900000095367432,800.0
2026-04-09 11:42:00,LTH.V,,1.340000033378601,1.340000033378601,1.340000033378601,1.340000033378601,500.0
2026-04-09 11:42:00,MLP.V,,2.0799999237060547,2.0799999237060547,2.0799999237060547,2.0799999237060547,100.0
2026-04-09 11:42:00,NICU.V,,2.109999895095825,2.109999895095825,2.109999895095825,2.109999895095825,900.0
2026-04-09 11:42:00,PNG.V,,8.399999618530273,8.399999618530273,8.399999618530273,8.399999618530273,100.0
2026-04-09 11:42:00,ROAR.V,,0.24500000476837158,0.24500000476837158,0.24500000476837158,0.24500000476837158,7500.0
2026-04-09 11:42:00,ZNG.V,,1.159999966621399,1.159999966621399,1.159999966621399,1.159999966621399,5000.0
2026-04-09 11:43:00,GRG.V,,0.06499999761581421,0.06499999761581421,0.06499999761581421,0.06499999761581421,0.0
2026-04-09 11:43:00,GWM.V,,0.6499999761581421,0.6499999761581421,0.6499999761581421,0.6499999761581421,1000.0
2026-04-09 11:43:00,HIVE.V,,2.940000057220459,2.944999933242798,2.940000057220459,2.940000057220459,40950.0
2026-04-09 11:43:00,HSTR.V,,2.5950000286102295,2.5999999046325684,2.5899999141693115,2.5899999141693115,17500.0
2026-04-09 11:43:00,LTH.V,,1.340000033378601,1.340000033378601,1.340000033378601,1.340000033378601,500.0
2026-04-09 11:43:00,LUCA.V,,1.5,1.5,1.5,1.5,200.0
2026-04-09 11:43:00,MCS.V,,2.1600000858306885,2.1600000858306885,2.1600000858306885,2.1600000858306885,2900.0
2026-04-09 11:43:00,MLP.V,,2.059999942779541,2.059999942779541,2.059999942779541,2.059999942779541,100.0
2026-04-09 11:43:00,NICU.V,,2.1050000190734863,2.109999895095825,2.1050000190734863,2.1050000190734863,3611.0
2026-04-09 11:43:00,NURS.V,,3.140000104904175,3.1700000762939453,3.140000104904175,3.1700000762939453,3600.0
2026-04-09 11:44:00,GRZ.V,,5.550000190734863,5.550000190734863,5.550000190734863,5.550000190734863,1500.0
2026-04-09 11:44:00,GSVR.V,,0.6299999952316284,0.6299999952316284,0.6299999952316284,0.6299999952316284,28000.0
2026-04-09 11:44:00,HITI.V,,3.180000066757202,3.180000066757202,3.180000066757202,3.180000066757202,100.0
2026-04-09 11:44:00,LTH.V,,1.340000033378601,1.340000033378601,1.340000033378601,1.340000033378601,400.0
2026-04-09 11:44:00,LUCA.V,,1.5,1.5,1.5,1.5,200.0
2026-04-09 11:44:00,MD.V,,0.45500001311302185,0.45500001311302185,0.45500001311302185,0.45500001311302185,1000.0
2026-04-09 11:44:00,MLP.V,,2.0799999237060547,2.0799999237060547,2.0799999237060547,2.0799999237060547,100.0
2026-04-09 11:44:00,ZNG.V,,1.159999966621399,1.159999966621399,1.159999966621399,1.159999966621399,2490.0
2026-04-09 11:45:00,GLAD.V,,1.2899999618530273,1.2899999618530273,1.2899999618530273,1.2899999618530273,100.0
2026-04-09 11:45:00,GQC.V,,2.2799999713897705,2.2799999713897705,2.2799999713897705,2.2799999713897705,100.0
2026-04-09 11:45:00,HAPB.V,,0.03999999910593033,0.03999999910593033,0.03999999910593033,0.03999999910593033,13364.0
2026-04-09 11:45:00,IFOS.V,,3.7899999618530273,3.7899999618530273,3.7899999618530273,3.7899999618530273,425.0
2026-04-09 11:45:00,LTH.V,,1.340000033378601,1.340000033378601,1.340000033378601,1.340000033378601,1400.0
2026-04-09 11:45:00,LUCA.V,,1.4950000047683716,1.4950000047683716,1.4950000047683716,1.4950000047683716,200.0
2026-04-09 11:45:00,MLP.V,,2.059999942779541,2.059999942779541,2.059999942779541,2.059999942779541,200.0
2026-04-09 11:45:00,PNG.V,,8.390000343322754,8.390000343322754,8.390000343322754,8.390000343322754,120.0
2026-04-09 11:46:00,GRDM.V,,0.125,0.125,0.125,0.125,3000.0
2026-04-09 11:46:00,HIVE.V,,2.9600000381469727,2.9600000381469727,2.950000047683716,2.950000047683716,50714.0
2026-04-09 11:46:00,HSTR.V,,2.5950000286102295,2.5950000286102295,2.5950000286102295,2.5950000286102295,300.0
2026-04-09 11:46:00,LTH.V,,1.340000033378601,1.340000033378601,1.340000033378601,1.340000033378601,500.0
2026-04-09 11:46:00,LUCA.V,,1.4950000047683716,1.4950000047683716,1.4900000095367432,1.4950000047683716,3200.0
2026-04-09 11:46:00,MLP.V,,2.059999942779541,2.059999942779541,2.059999942779541,2.059999942779541,200.0
2026-04-09 11:46:00,NICU.V,,2.0999999046325684,2.0999999046325684,2.0999999046325684,2.0999999046325684,2700.0
2026-04-09 11:47:00,FMAN.V,,0.3199999928474426,0.3199999928474426,0.3199999928474426,0.3199999928474426,4500.0
2026-04-09 11:47:00,GQC.V,,2.2899999618530273,2.2899999618530273,2.2799999713897705,2.2799999713897705,900.0
2026-04-09 11:47:00,HIVE.V,,2.9600000381469727,2.9600000381469727,2.9600000381469727,2.9600000381469727,17200.0
2026-04-09 11:47:00,KGS.V,,0.125,0.125,0.125,0.125,9000.0
2026-04-09 11:47:00,KTN.V,,1.440000057220459,1.440000057220459,1.440000057220459,1.440000057220459,1600.0
2026-04-09 11:47:00,LTH.V,,1.340000033378601,1.340000033378601,1.340000033378601,1.340000033378601,400.0
2026-04-09 11:47:00,LUCA.V,,1.4950000047683716,1.4950000047683716,1.4950000047683716,1.4950000047683716,200.0
2026-04-09 11:47:00,MLP.V,,2.059999942779541,2.059999942779541,2.059999942779541,2.059999942779541,100.0
2026-04-09 11:47:00,PNG.V,,8.399999618530273,8.399999618530273,8.399999618530273,8.399999618530273,160.0
2026-04-09 11:48:00,GSVR.V,,0.6299999952316284,0.6299999952316284,0.6299999952316284,0.6299999952316284,700.0
2026-04-09 11:48:00,HITI.V,,3.180000066757202,3.180000066757202,3.180000066757202,3.180000066757202,150.0
2026-04-09 11:48:00,HIVE.V,,2.9700000286102295,2.9700000286102295,2.9600000381469727,2.9600000381469727,9465.0
2026-04-09 11:48:00,HSTR.V,,2.5950000286102295,2.5950000286102295,2.5950000286102295,2.5950000286102295,2100.0
2026-04-09 11:48:00,IPT.V,,0.24500000476837158,0.24500000476837158,0.24500000476837158,0.24500000476837158,2500.0
2026-04-09 11:48:00,KTN.V,,1.4500000476837158,1.4500000476837158,1.440000057220459,1.440000057220459,4300.0
2026-04-09 11:48:00,LTH.V,,1.340000033378601,1.340000033378601,1.340000033378601,1.340000033378601,500.0
2026-04-09 11:48:00,LUCA.V,,1.4900000095367432,1.4900000095367432,1.4900000095367432,1.4900000095367432,100.0
2026-04-09 11:48:00,PNG.V,,8.399999618530273,8.399999618530273,8.399999618530273,8.399999618530273,700.0
2026-04-09 11:48:00,ROAR.V,,0.24500000476837158,0.24500000476837158,0.24500000476837158,0.24500000476837158,36000.0
2026-04-09 11:49:00,EQTY.V,,0.3100000023841858,0.3100000023841858,0.3100000023841858,0.3100000023841858,50000.0
2026-04-09 11:49:00,GQC.V,,2.2899999618530273,2.2899999618530273,2.2899999618530273,2.2899999618530273,100.0
2026-04-09 11:49:00,GSVR.V,,0.6299999952316284,0.6299999952316284,0.6299999952316284,0.6299999952316284,23000.0
2026-04-09 11:49:00,HIVE.V,,2.9600000381469727,2.9600000381469727,2.950000047683716,2.9600000381469727,34231.0
2026-04-09 11:49:00,HSTR.V,,2.5950000286102295,2.5950000286102295,2.5950000286102295,2.5950000286102295,1700.0
2026-04-09 11:49:00,IPT.V,,0.24500000476837158,0.24500000476837158,0.24500000476837158,0.24500000476837158,2500.0
2026-04-09 11:49:00,LTH.V,,1.3350000381469727,1.3350000381469727,1.3350000381469727,1.3350000381469727,200.0
2026-04-09 11:49:00,LUCA.V,,1.4900000095367432,1.4950000047683716,1.4900000095367432,1.4900000095367432,300.0
2026-04-09 11:49:00,MLP.V,,2.069999933242798,2.069999933242798,2.069999933242798,2.069999933242798,6100.0
2026-04-09 11:49:00,NICU.V,,2.0999999046325684,2.0999999046325684,2.0999999046325684,2.0999999046325684,150000.0
2026-04-09 11:49:00,PNG.V,,8.40999984741211,8.40999984741211,8.40999984741211,8.40999984741211,220.0
2026-04-09 11:49:00,ROAR.V,,0.24500000476837158,0.24500000476837158,0.24500000476837158,0.24500000476837158,9000.0
2026-04-09 11:50:00,EQTY.V,,0.3100000023841858,0.3100000023841858,0.3100000023841858,0.3100000023841858,100000.0
2026-04-09 11:50:00,GSVR.V,,0.6299999952316284,0.6299999952316284,0.6299999952316284,0.6299999952316284,10000.0
2026-04-09 11:50:00,GTC.V,,0.18000000715255737,0.18000000715255737,0.18000000715255737,0.18000000715255737,500.0
2026-04-09 11:50:00,GWM.V,,0.6600000262260437,0.6600000262260437,0.6600000262260437,0.6600000262260437,6000.0
2026-04-09 11:50:00,HIVE.V,,2.9700000286102295,2.9700000286102295,2.9700000286102295,2.9700000286102295,1800.0
2026-04-09 11:50:00,ICM.V,,0.11500000208616257,0.11500000208616257,0.11500000208616257,0.11500000208616257,1309.0
2026-04-09 11:50:00,LCX.V,,1.9800000190734863,1.9800000190734863,1.9800000190734863,1.9800000190734863,5100.0
2026-04-09 11:50:00,LTH.V,,1.3350000381469727,1.3350000381469727,1.3350000381469727,1.3350000381469727,600.0
2026-04-09 11:50:00,LUCA.V,,1.4900000095367432,1.4900000095367432,1.4900000095367432,1.4900000095367432,200.0
2026-04-09 11:50:00,PNG.V,,8.399999618530273,8.404999732971191,8.399999618530273,8.404999732971191,2800.0
2026-04-09 11:50:00,ROAR.V,,0.24500000476837158,0.24500000476837158,0.24500000476837158,0.24500000476837158,21000.0
2026-04-09 11:51:00,EQTY.V,,0.3100000023841858,0.3100000023841858,0.3100000023841858,0.3100000023841858,1632.0
2026-04-09 11:51:00,GQC.V,,2.2899999618530273,2.2899999618530273,2.2899999618530273,2.2899999618530273,100.0
2026-04-09 11:51:00,GRZ.V,,5.579999923706055,5.590000152587891,5.570000171661377,5.590000152587891,1500.0
2026-04-09 11:51:00,HEVI.V,,0.20999999344348907,0.20999999344348907,0.20999999344348907,0.20999999344348907,2000.0
2026-04-09 11:51:00,HIVE.V,,2.9700000286102295,2.9700000286102295,2.9700000286102295,2.9700000286102295,600.0
2026-04-09 11:51:00,HSTR.V,,2.5950000286102295,2.5950000286102295,2.5950000286102295,2.5950000286102295,3600.0
2026-04-09 11:51:00,KTN.V,,1.4500000476837158,1.4500000476837158,1.4500000476837158,1.4500000476837158,500.0
2026-04-09 11:51:00,LTH.V,,1.3350000381469727,1.3350000381469727,1.3350000381469727,1.3350000381469727,300.0
2026-04-09 11:51:00,LUCA.V,,1.4900000095367432,1.4950000047683716,1.4850000143051147,1.4900000095367432,26600.0
2026-04-09 11:51:00,NICU.V,,2.1050000190734863,2.1050000190734863,2.0999999046325684,2.0999999046325684,9200.0
2026-04-09 11:51:00,NURS.V,,3.0999999046325684,3.130000114440918,3.0899999141693115,3.130000114440918,10600.0
2026-04-09 11:51:00,PNG.V,,8.404999732971191,8.404999732971191,8.404999732971191,8.404999732971191,100.0
2026-04-09 11:52:00,GRZ.V,,5.579999923706055,5.579999923706055,5.579999923706055,5.579999923706055,500.0
2026-04-09 11:52:00,GSVR.V,,0.6299999952316284,0.6299999952316284,0.6299999952316284,0.6299999952316284,2500.0
2026-04-09 11:52:00,HIVE.V,,2.9800000190734863,2.9800000190734863,2.9700000286102295,2.9700000286102295,21178.0
2026-04-09 11:52:00,HSTR.V,,2.5950000286102295,2.5950000286102295,2.5950000286102295,2.5950000286102295,100.0
2026-04-09 11:52:00,LUCA.V,,1.4900000095367432,1.4900000095367432,1.4850000143051147,1.4900000095367432,4900.0
2026-04-09 11:52:00,MLP.V,,2.069999933242798,2.069999933242798,2.069999933242798,2.069999933242798,700.0
2026-04-09 11:53:00,FPC.V,,0.38999998569488525,0.38999998569488525,0.38999998569488525,0.38999998569488525,500.0
2026-04-09 11:53:00,GPAC.V,,0.4650000035762787,0.4650000035762787,0.4650000035762787,0.4650000035762787,500.0
2026-04-09 11:53:00,GQC.V,,2.2899999618530273,2.2899999618530273,2.2899999618530273,2.2899999618530273,100.0
2026-04-09 11:53:00,GSVR.V,,0.6299999952316284,0.6299999952316284,0.6299999952316284,0.6299999952316284,500.0
2026-04-09 11:53:00,GWM.V,,0.6700000166893005,0.6700000166893005,0.6700000166893005,0.6700000166893005,21500.0
2026-04-09 11:53:00,HIVE.V,,2.9800000190734863,2.9800000190734863,2.9800000190734863,2.9800000190734863,8577.0
2026-04-09 11:53:00,HSTR.V,,2.5950000286102295,2.5950000286102295,2.5950000286102295,2.5950000286102295,400.0
2026-04-09 11:53:00,LITH.V,,0.6100000143051147,0.6100000143051147,0.6100000143051147,0.6100000143051147,1500.0
2026-04-09 11:53:00,LTH.V,,1.340000033378601,1.340000033378601,1.340000033378601,1.340000033378601,100.0
2026-04-09 11:53:00,NICU.V,,2.109999895095825,2.109999895095825,2.109999895095825,2.109999895095825,700.0
2026-04-09 11:53:00,PNG.V,,8.390000343322754,8.399999618530273,8.390000343322754,8.399999618530273,600.0
2026-04-09 11:54:00,FORT.V,,5.599999904632568,5.599999904632568,5.599999904632568,5.599999904632568,0.0
2026-04-09 11:54:00,GRZ.V,,5.579999923706055,5.579999923706055,5.570000171661377,5.570000171661377,400.0
2026-04-09 11:54:00,HIVE.V,,2.9800000190734863,2.990000009536743,2.9800000190734863,2.9800000190734863,40500.0
2026-04-09 11:54:00,IPT.V,,0.24500000476837158,0.24500000476837158,0.24500000476837158,0.24500000476837158,5000.0
2026-04-09 11:54:00,LTH.V,,1.340000033378601,1.340000033378601,1.340000033378601,1.340000033378601,100.0
2026-04-09 11:54:00,MLP.V,,2.0799999237060547,2.0799999237060547,2.0799999237060547,2.0799999237060547,2100.0
2026-04-09 11:54:00,NURS.V,,3.069999933242798,3.069999933242798,3.069999933242798,3.069999933242798,400.0
2026-04-09 11:54:00,PNG.V,,8.390000343322754,8.390000343322754,8.390000343322754,8.390000343322754,722.0
2026-04-09 11:55:00,EMN.V,,0.14499999582767487,0.14499999582767487,0.14499999582767487,0.14499999582767487,2000.0
2026-04-09 11:55:00,FRED.V,,0.6100000143051147,0.6100000143051147,0.6000000238418579,0.6000000238418579,30000.0
2026-04-09 11:55:00,GQC.V,,2.2899999618530273,2.2899999618530273,2.2899999618530273,2.2899999618530273,100.0
2026-04-09 11:55:00,GR.V,,0.10499999672174454,0.10499999672174454,0.10499999672174454,0.10499999672174454,1500.0
2026-04-09 11:55:00,HAR.V,,0.05000000074505806,0.05000000074505806,0.05000000074505806,0.05000000074505806,7000.0
2026-04-09 11:55:00,HIVE.V,,2.9800000190734863,2.9800000190734863,2.9800000190734863,2.9800000190734863,3300.0
2026-04-09 11:55:00,HSTR.V,,2.5950000286102295,2.5950000286102295,2.5950000286102295,2.5950000286102295,500.0
2026-04-09 11:55:00,IFOS.V,,3.799999952316284,3.799999952316284,3.799999952316284,3.799999952316284,135.0
2026-04-09 11:55:00,LGC.V,,2.0399999618530273,2.0399999618530273,2.0399999618530273,2.0399999618530273,219.0
2026-04-09 11:55:00,MLP.V,,2.069999933242798,2.069999933242798,2.069999933242798,2.069999933242798,100.0
2026-04-09 11:56:00,GLAD.V,,1.2799999713897705,1.2799999713897705,1.2799999713897705,1.2799999713897705,1000.0
2026-04-09 11:56:00,GOT.V,,1.6399999856948853,1.6399999856948853,1.6399999856948853,1.6399999856948853,500.0
2026-04-09 11:56:00,GPG.V,,0.4000000059604645,0.4000000059604645,0.4000000059604645,0.4000000059604645,5000.0
2026-04-09 11:56:00,GWM.V,,0.6800000071525574,0.6800000071525574,0.6800000071525574,0.6800000071525574,6781.0
2026-04-09 11:56:00,HITI.V,,3.180000066757202,3.180000066757202,3.180000066757202,3.180000066757202,100.0
2026-04-09 11:56:00,HIVE.V,,3.0,3.0,2.9800000190734863,2.9800000190734863,78973.0
2026-04-09 11:56:00,HMR.V,,0.8299999833106995,0.8299999833106995,0.8299999833106995,0.8299999833106995,3000.0
2026-04-09 11:56:00,HSTR.V,,2.5950000286102295,2.5950000286102295,2.5950000286102295,2.5950000286102295,1000.0
2026-04-09 11:56:00,KTN.V,,1.4550000429153442,1.4550000429153442,1.4500000476837158,1.4500000476837158,1700.0
2026-04-09 11:56:00,LBNK.V,,0.6899999976158142,0.6899999976158142,0.6899999976158142,0.6899999976158142,3000.0
2026-04-09 11:56:00,LTH.V,,1.3300000429153442,1.3300000429153442,1.3300000429153442,1.3300000429153442,61700.0
2026-04-09 11:56:00,PNG.V,,8.369999885559082,8.395000457763672,8.369999885559082,8.395000457763672,900.0
2026-04-09 11:56:00,ROAR.V,,0.24500000476837158,0.24500000476837158,0.24500000476837158,0.24500000476837158,2000.0
2026-04-09 11:57:00,GG.V,,2.7200000286102295,2.7200000286102295,2.7200000286102295,2.7200000286102295,100.0
2026-04-09 11:57:00,GQC.V,,2.2899999618530273,2.2899999618530273,2.2899999618530273,2.2899999618530273,100.0
2026-04-09 11:57:00,GSI.V,,1.25,1.25,1.25,1.25,200.0
2026-04-09 11:57:00,GSVR.V,,0.6399999856948853,0.6399999856948853,0.6299999952316284,0.6299999952316284,27682.0
2026-04-09 11:57:00,HIVE.V,,3.0,3.0,3.0,3.0,600.0
2026-04-09 11:57:00,HSTR.V,,2.5950000286102295,2.5950000286102295,2.5950000286102295,2.5950000286102295,300.0
2026-04-09 11:57:00,LTH.V,,1.3250000476837158,1.3300000429153442,1.3250000476837158,1.3300000429153442,200.0
2026-04-09 11:57:00,MLP.V,,2.0899999141693115,2.0899999141693115,2.0899999141693115,2.0899999141693115,100.0
2026-04-09 11:57:00,NURS.V,,3.069999933242798,3.0799999237060547,3.069999933242798,3.0799999237060547,1759.0
2026-04-09 11:57:00,PNG.V,,8.390000343322754,8.390000343322754,8.369999885559082,8.369999885559082,400.0
2026-04-09 11:57:00,ROAR.V,,0.24500000476837158,0.24500000476837158,0.24500000476837158,0.24500000476837158,2500.0
2026-04-09 11:58:00,FCLI.V,,0.41999998688697815,0.41999998688697815,0.41999998688697815,0.41999998688697815,1000.0
2026-04-09 11:58:00,GSVR.V,,0.6299999952316284,0.6299999952316284,0.6299999952316284,0.6299999952316284,500.0
2026-04-09 11:58:00,HIVE.V,,2.9700000286102295,2.990000009536743,2.9700000286102295,2.990000009536743,11400.0
2026-04-09 11:58:00,IGO.V,,0.0949999988079071,0.0949999988079071,0.0949999988079071,0.0949999988079071,50000.0
2026-04-09 11:58:00,KDK.V,,0.8999999761581421,0.8999999761581421,0.8999999761581421,0.8999999761581421,2000.0
2026-04-09 11:58:00,LTH.V,,1.3250000476837158,1.3300000429153442,1.3250000476837158,1.3250000476837158,400.0
2026-04-09 11:58:00,MCS.V,,2.1600000858306885,2.1600000858306885,2.1500000953674316,2.1500000953674316,1800.0
2026-04-09 11:58:00,MLP.V,,2.069999933242798,2.069999933242798,2.069999933242798,2.069999933242798,100.0
2026-04-09 11:58:00,PNG.V,,8.390000343322754,8.390000343322754,8.390000343322754,8.390000343322754,200.0
2026-04-09 11:59:00,GQC.V,,2.2799999713897705,2.2899999618530273,2.2799999713897705,2.2899999618530273,300.0
2026-04-09 11:59:00,GSVR.V,,0.6299999952316284,0.6299999952316284,0.6299999952316284,0.6299999952316284,3398.0
2026-04-09 11:59:00,HIVE.V,,2.990000009536743,2.990000009536743,2.990000009536743,2.990000009536743,14200.0
2026-04-09 11:59:00,HSTR.V,,2.5950000286102295,2.5950000286102295,2.5950000286102295,2.5950000286102295,300.0
2026-04-09 11:59:00,LTH.V,,1.3300000429153442,1.3300000429153442,1.3250000476837158,1.3250000476837158,300.0
2026-04-09 11:59:00,MCS.V,,2.1600000858306885,2.1600000858306885,2.1600000858306885,2.1600000858306885,500.0
2026-04-09 11:59:00,NICU.V,,2.0950000286102295,2.0999999046325684,2.0950000286102295,2.0999999046325684,15631.0
2026-04-09 11:59:00,PNG.V,,8.390000343322754,8.390000343322754,8.390000343322754,8.390000343322754,600.0
2026-04-09 12:00:00,EMN.V,,0.14499999582767487,0.14499999582767487,0.14499999582767487,0.14499999582767487,1000.0
2026-04-09 12:00:00,EPF.V,,0.44999998807907104,0.44999998807907104,0.44999998807907104,0.44999998807907104,1500.0
2026-04-09 12:00:00,FRED.V,,0.6200000047683716,0.6200000047683716,0.6200000047683716,0.6200000047683716,4000.0
2026-04-09 12:00:00,GWM.V,,0.6800000071525574,0.6800000071525574,0.6700000166893005,0.6700000166893005,12500.0
2026-04-09 12:00:00,HIVE.V,,2.990000009536743,2.990000009536743,2.990000009536743,2.990000009536743,1300.0
2026-04-09 12:00:00,HSTR.V,,2.5950000286102295,2.5950000286102295,2.5950000286102295,2.5950000286102295,1700.0
2026-04-09 12:00:00,LUCA.V,,1.5,1.5,1.5,1.5,100.0
2026-04-09 12:00:00,NICU.V,,2.0999999046325684,2.0999999046325684,2.0999999046325684,2.0999999046325684,3000.0
2026-04-09 12:00:00,PNG.V,,8.390000343322754,8.390000343322754,8.390000343322754,8.390000343322754,6891.0
2026-04-09 12:01:00,EMN.V,,0.14499999582767487,0.14499999582767487,0.14499999582767487,0.14499999582767487,1000.0
2026-04-09 12:01:00,FRED.V,,0.6299999952316284,0.6299999952316284,0.6299999952316284,0.6299999952316284,2000.0
2026-04-09 12:01:00,GQC.V,,2.2899999618530273,2.2899999618530273,2.2799999713897705,2.2799999713897705,200.0
2026-04-09 12:01:00,GRSL.V,,0.32499998807907104,0.32499998807907104,0.32499998807907104,0.32499998807907104,1000.0
2026-04-09 12:01:00,GSVR.V,,0.625,0.625,0.625,0.625,2000.0
2026-04-09 12:01:00,HELI.V,,0.04500000178813934,0.04500000178813934,0.04500000178813934,0.04500000178813934,247000.0
2026-04-09 12:01:00,HIVE.V,,2.990000009536743,2.994999885559082,2.990000009536743,2.990000009536743,12700.0
2026-04-09 12:01:00,KCC.V,,0.8999999761581421,0.8999999761581421,0.8999999761581421,0.8999999761581421,500.0
2026-04-09 12:01:00,LTH.V,,1.3300000429153442,1.3300000429153442,1.3300000429153442,1.3300000429153442,100.0
2026-04-09 12:01:00,LUCA.V,,1.5,1.5,1.5,1.5,100.0
2026-04-09 12:01:00,MERG.V,,0.8100000023841858,0.8100000023841858,0.8100000023841858,0.8100000023841858,500.0
2026-04-09 12:01:00,MLP.V,,2.069999933242798,2.069999933242798,2.069999933242798,2.069999933242798,3200.0
2026-04-09 12:01:00,PNG.V,,8.399999618530273,8.399999618530273,8.399999618530273,8.399999618530273,2224.0
2026-04-09 12:01:00,WOLF.V,,1.350000023841858,1.350000023841858,1.350000023841858,1.350000023841858,3000.0
2026-04-09 12:01:00,ZNG.V,,1.149999976158142,1.149999976158142,1.149999976158142,1.149999976158142,100.0
2026-04-09 12:02:00,GOT.V,,1.6399999856948853,1.6399999856948853,1.6399999856948853,1.6399999856948853,300.0
2026-04-09 12:02:00,GRSL.V,,0.32499998807907104,0.32499998807907104,0.32499998807907104,0.32499998807907104,500.0
2026-04-09 12:02:00,GRZ.V,,5.590000152587891,5.590000152587891,5.570000171661377,5.579999923706055,1500.0
2026-04-09 12:02:00,HIVE.V,,2.990000009536743,3.0,2.990000009536743,3.0,7533.0
2026-04-09 12:02:00,HSTR.V,,2.609999895095825,2.609999895095825,2.5999999046325684,2.5999999046325684,12675.0
2026-04-09 12:02:00,IGO.V,,0.0949999988079071,0.0949999988079071,0.0949999988079071,0.0949999988079071,152500.0
2026-04-09 12:02:00,KTO.V,,0.800000011920929,0.800000011920929,0.800000011920929,0.800000011920929,21000.0
2026-04-09 12:02:00,LSL.V,,0.38999998569488525,0.39500001072883606,0.38999998569488525,0.39500001072883606,7000.0
2026-04-09 12:02:00,LTH.V,,1.3300000429153442,1.3300000429153442,1.3300000429153442,1.3300000429153442,200.0
2026-04-09 12:02:00,LUCA.V,,1.5,1.5,1.5,1.5,100.0
2026-04-09 12:02:00,NICU.V,,2.0999999046325684,2.0999999046325684,2.0999999046325684,2.0999999046325684,1100.0
2026-04-09 12:02:00,PNG.V,,8.390000343322754,8.399999618530273,8.390000343322754,8.399999618530273,400.0
2026-04-09 12:03:00,GOT.V,,1.6399999856948853,1.6399999856948853,1.6399999856948853,1.6399999856948853,8100.0
2026-04-09 12:03:00,GQC.V,,2.2799999713897705,2.2799999713897705,2.2799999713897705,2.2799999713897705,100.0
2026-04-09 12:03:00,GSTM.V,,0.22499999403953552,0.22499999403953552,0.22499999403953552,0.22499999403953552,2500.0
2026-04-09 12:03:00,GSVR.V,,0.6299999952316284,0.6299999952316284,0.6299999952316284,0.6299999952316284,41700.0
2026-04-09 12:03:00,HIVE.V,,2.990000009536743,2.990000009536743,2.990000009536743,2.990000009536743,4000.0
2026-04-09 12:03:00,HSTR.V,,2.609999895095825,2.609999895095825,2.609999895095825,2.609999895095825,700.0
2026-04-09 12:03:00,KDK.V,,0.9100000262260437,0.9100000262260437,0.9100000262260437,0.9100000262260437,3250.0
2026-04-09 12:03:00,LUCA.V,,1.5,1.5,1.5,1.5,200.0
2026-04-09 12:03:00,NICU.V,,2.125,2.125,2.109999895095825,2.109999895095825,4200.0
2026-04-09 12:03:00,PNG.V,,8.399999618530273,8.399999618530273,8.399999618530273,8.399999618530273,156.0
2026-04-09 12:04:00,EQTY.V,,0.3149999976158142,0.3149999976158142,0.3149999976158142,0.3149999976158142,1999.0
2026-04-09 12:04:00,GQC.V,,2.2899999618530273,2.2899999618530273,2.2899999618530273,2.2899999618530273,100.0
2026-04-09 12:04:00,GRI.V,,0.019999999552965164,0.019999999552965164,0.019999999552965164,0.019999999552965164,2000.0
2026-04-09 12:04:00,GSI.V,,1.25,1.25,1.25,1.25,700.0
2026-04-09 12:04:00,HSTR.V,,2.609999895095825,2.609999895095825,2.609999895095825,2.609999895095825,100.0
2026-04-09 12:04:00,IGO.V,,0.0949999988079071,0.0949999988079071,0.0949999988079071,0.0949999988079071,15000.0
2026-04-09 12:04:00,KTN.V,,1.4600000381469727,1.4600000381469727,1.4600000381469727,1.4600000381469727,650.0
2026-04-09 12:04:00,LTH.V,,1.3300000429153442,1.3300000429153442,1.3300000429153442,1.3300000429153442,200.0
2026-04-09 12:04:00,LUCA.V,,1.5,1.5,1.5,1.5,200.0
2026-04-09 12:05:00,GRB.V,,0.46000000834465027,0.46000000834465027,0.44999998807907104,0.44999998807907104,0.0
2026-04-09 12:05:00,HIVE.V,,2.990000009536743,3.0,2.990000009536743,3.0,1800.0
2026-04-09 12:05:00,LBNK.V,,0.699999988079071,0.699999988079071,0.699999988079071,0.699999988079071,500.0
2026-04-09 12:05:00,LTH.V,,1.3300000429153442,1.3300000429153442,1.3300000429153442,1.3300000429153442,200.0
2026-04-09 12:05:00,LUCA.V,,1.5,1.5,1.5,1.5,100.0
2026-04-09 12:05:00,PNG.V,,8.420000076293945,8.420000076293945,8.399999618530273,8.399999618530273,3284.0
2026-04-09 12:06:00,GOT.V,,1.6299999952316284,1.6299999952316284,1.6299999952316284,1.6299999952316284,1800.0
2026-04-09 12:06:00,GQC.V,,2.2799999713897705,2.2799999713897705,2.2799999713897705,2.2799999713897705,100.0
2026-04-09 12:06:00,GSI.V,,1.25,1.25,1.25,1.25,216.0
2026-04-09 12:06:00,HIVE.V,,2.990000009536743,2.990000009536743,2.990000009536743,2.990000009536743,849.0
2026-04-09 12:06:00,KCC.V,,0.8999999761581421,0.8999999761581421,0.8999999761581421,0.8999999761581421,500.0
2026-04-09 12:06:00,KTO.V,,0.800000011920929,0.800000011920929,0.800000011920929,0.800000011920929,10000.0
2026-04-09 12:06:00,LBNK.V,,0.699999988079071,0.699999988079071,0.699999988079071,0.699999988079071,500.0
2026-04-09 12:06:00,LIFT.V,,5.175000190734863,5.324999809265137,5.010000228881836,5.324999809265137,900.0
2026-04-09 12:06:00,LTH.V,,1.3300000429153442,1.3300000429153442,1.3300000429153442,1.3300000429153442,200.0
2026-04-09 12:06:00,LUCA.V,,1.5,1.5,1.5,1.5,100.0
2026-04-09 12:06:00,MMG.V,,0.28999999165534973,0.28999999165534973,0.28999999165534973,0.28999999165534973,31000.0
2026-04-09 12:06:00,NURS.V,,3.130000114440918,3.130000114440918,3.0799999237060547,3.0799999237060547,39200.0
2026-04-09 12:06:00,PNG.V,,8.460000038146973,8.460000038146973,8.4399995803833,8.4399995803833,4184.0
2026-04-09 12:07:00,GMG.V,,2.140000104904175,2.1700000762939453,2.140000104904175,2.1700000762939453,2000.0
2026-04-09 12:07:00,GQC.V,,2.2799999713897705,2.2799999713897705,2.2799999713897705,2.2799999713897705,100.0
2026-04-09 12:07:00,GRSL.V,,0.32499998807907104,0.32499998807907104,0.32499998807907104,0.32499998807907104,5000.0
2026-04-09 12:07:00,GSVR.V,,0.6299999952316284,0.6299999952316284,0.6299999952316284,0.6299999952316284,4200.0
2026-04-09 12:07:00,HITI.V,,3.1700000762939453,3.1700000762939453,3.1700000762939453,3.1700000762939453,700.0
2026-04-09 12:07:00,HIVE.V,,2.990000009536743,2.990000009536743,2.990000009536743,2.990000009536743,500.0
2026-04-09 12:07:00,KFR.V,,0.7400000095367432,0.7400000095367432,0.7400000095367432,0.7400000095367432,2600.0
2026-04-09 12:07:00,KTO.V,,0.800000011920929,0.800000011920929,0.800000011920929,0.800000011920929,15500.0
2026-04-09 12:07:00,LTH.V,,1.3300000429153442,1.3300000429153442,1.3300000429153442,1.3300000429153442,200.0
2026-04-09 12:07:00,LUCA.V,,1.4950000047683716,1.5,1.4950000047683716,1.5,200.0
2026-04-09 12:07:00,MLP.V,,2.069999933242798,2.0799999237060547,2.069999933242798,2.069999933242798,800.0
2026-04-09 12:07:00,MMG.V,,0.29499998688697815,0.29499998688697815,0.28999999165534973,0.28999999165534973,53000.0
2026-04-09 12:07:00,ZNG.V,,1.149999976158142,1.149999976158142,1.149999976158142,1.149999976158142,100.0
2026-04-09 12:08:00,GRSL.V,,0.32499998807907104,0.32499998807907104,0.32499998807907104,0.32499998807907104,31500.0
2026-04-09 12:08:00,GSVR.V,,0.6299999952316284,0.6299999952316284,0.6299999952316284,0.6299999952316284,20000.0
2026-04-09 12:08:00,HI.V,,0.1599999964237213,0.1599999964237213,0.1599999964237213,0.1599999964237213,13293.0
2026-04-09 12:08:00,HIVE.V,,2.9800000190734863,2.9800000190734863,2.9800000190734863,2.9800000190734863,8865.0
2026-04-09 12:08:00,HSTR.V,,2.609999895095825,2.609999895095825,2.5999999046325684,2.609999895095825,2600.0
2026-04-09 12:08:00,KTO.V,,0.8100000023841858,0.8100000023841858,0.8100000023841858,0.8100000023841858,6500.0
2026-04-09 12:08:00,LBNK.V,,0.699999988079071,0.699999988079071,0.699999988079071,0.699999988079071,1140.0
2026-04-09 12:08:00,LTH.V,,1.3300000429153442,1.3300000429153442,1.3300000429153442,1.3300000429153442,200.0
2026-04-09 12:08:00,LUCA.V,,1.5,1.5,1.5,1.5,200.0
2026-04-09 12:08:00,MLP.V,,2.069999933242798,2.069999933242798,2.069999933242798,2.069999933242798,100.0
2026-04-09 12:08:00,NICU.V,,2.119999885559082,2.130000114440918,2.109999895095825,2.125,30800.0
2026-04-09 12:08:00,PNG.V,,8.4399995803833,8.449999809265137,8.4399995803833,8.449999809265137,3100.0
2026-04-09 12:09:00,GQC.V,,2.2799999713897705,2.2799999713897705,2.2799999713897705,2.2799999713897705,100.0
2026-04-09 12:09:00,GSI.V,,1.2599999904632568,1.2599999904632568,1.2599999904632568,1.2599999904632568,500.0
2026-04-09 12:09:00,GSVR.V,,0.6299999952316284,0.6399999856948853,0.6299999952316284,0.6399999856948853,238500.0
2026-04-09 12:09:00,GWM.V,,0.675000011920929,0.675000011920929,0.6700000166893005,0.6700000166893005,1500.0
2026-04-09 12:09:00,HIVE.V,,2.990000009536743,2.990000009536743,2.990000009536743,2.990000009536743,17191.0
2026-04-09 12:09:00,KFR.V,,0.75,0.75,0.7450000047683716,0.7450000047683716,7000.0
2026-04-09 12:09:00,LTH.V,,1.3250000476837158,1.3300000429153442,1.3250000476837158,1.3300000429153442,300.0
2026-04-09 12:09:00,LUCA.V,,1.5,1.5,1.5,1.5,100.0
2026-04-09 12:09:00,MLP.V,,2.069999933242798,2.069999933242798,2.069999933242798,2.069999933242798,100.0
2026-04-09 12:09:00,NICU.V,,2.0999999046325684,2.125,2.0999999046325684,2.125,18900.0
2026-04-09 12:09:00,PNG.V,,8.460000038146973,8.460000038146973,8.449999809265137,8.460000038146973,2600.0
2026-04-09 12:10:00,FPC.V,,0.38999998569488525,0.38999998569488525,0.38999998569488525,0.38999998569488525,4500.0
2026-04-09 12:10:00,FRED.V,,0.6399999856948853,0.6399999856948853,0.6399999856948853,0.6399999856948853,1000.0
2026-04-09 12:10:00,GSI.V,,1.2599999904632568,1.2599999904632568,1.2599999904632568,1.2599999904632568,10600.0
2026-04-09 12:10:00,HEVI.V,,0.20999999344348907,0.20999999344348907,0.20999999344348907,0.20999999344348907,500.0
2026-04-09 12:10:00,HIVE.V,,2.990000009536743,2.990000009536743,2.990000009536743,2.990000009536743,1000.0
2026-04-09 12:10:00,LTH.V,,1.3250000476837158,1.3300000429153442,1.3250000476837158,1.3250000476837158,600.0
2026-04-09 12:10:00,LUCA.V,,1.5,1.5,1.5,1.5,200.0
2026-04-09 12:10:00,PNG.V,,8.470000267028809,8.470000267028809,8.470000267028809,8.470000267028809,600.0
2026-04-09 12:10:00,TUF.V,,0.23999999463558197,0.23999999463558197,0.23999999463558197,0.23999999463558197,2000.0
2026-04-09 12:11:00,FPC.V,,0.38999998569488525,0.38999998569488525,0.38999998569488525,0.38999998569488525,5500.0
2026-04-09 12:11:00,GOT.V,,1.6299999952316284,1.6299999952316284,1.6299999952316284,1.6299999952316284,2400.0
2026-04-09 12:11:00,GRSL.V,,0.33000001311302185,0.33000001311302185,0.33000001311302185,0.33000001311302185,9500.0
2026-04-09 12:11:00,HITI.V,,3.1700000762939453,3.1700000762939453,3.1700000762939453,3.1700000762939453,300.0
2026-04-09 12:11:00,HSTR.V,,2.609999895095825,2.609999895095825,2.609999895095825,2.609999895095825,1200.0
2026-04-09 12:11:00,IB.V,,0.1899999976158142,0.1899999976158142,0.1899999976158142,0.1899999976158142,0.0
2026-04-09 12:11:00,LTH.V,,1.3250000476837158,1.3300000429153442,1.3250000476837158,1.3250000476837158,700.0
2026-04-09 12:11:00,LUCA.V,,1.4950000047683716,1.4950000047683716,1.4950000047683716,1.4950000047683716,500.0
2026-04-09 12:11:00,NICU.V,,2.0899999141693115,2.0999999046325684,2.0899999141693115,2.0999999046325684,800.0
2026-04-09 12:11:00,NURS.V,,3.119999885559082,3.119999885559082,3.119999885559082,3.119999885559082,200.0
2026-04-09 12:11:00,PNG.V,,8.4399995803833,8.479999542236328,8.4399995803833,8.470000267028809,2643.0
2026-04-09 12:12:00,GPAC.V,,0.4699999988079071,0.4699999988079071,0.4699999988079071,0.4699999988079071,4000.0
2026-04-09 12:12:00,GQC.V,,2.2899999618530273,2.2899999618530273,2.2899999618530273,2.2899999618530273,100.0
2026-04-09 12:12:00,GWM.V,,0.6700000166893005,0.6700000166893005,0.6700000166893005,0.6700000166893005,500.0
2026-04-09 12:12:00,HIVE.V,,3.0,3.0,3.0,3.0,6900.0
2026-04-09 12:12:00,IB.V,,0.1850000023841858,0.1850000023841858,0.1850000023841858,0.1850000023841858,1500.0
2026-04-09 12:12:00,LTH.V,,1.3250000476837158,1.3300000429153442,1.3250000476837158,1.3250000476837158,500.0
2026-04-09 12:12:00,NICU.V,,2.0999999046325684,2.0999999046325684,2.0899999141693115,2.0899999141693115,1349.0
2026-04-09 12:12:00,PNG.V,,8.449999809265137,8.449999809265137,8.449999809265137,8.449999809265137,800.0
2026-04-09 12:12:00,ZNG.V,,1.149999976158142,1.149999976158142,1.149999976158142,1.149999976158142,400.0
2026-04-09 12:13:00,EQTY.V,,0.3149999976158142,0.3149999976158142,0.3149999976158142,0.3149999976158142,1500.0
2026-04-09 12:13:00,FPC.V,,0.39500001072883606,0.39500001072883606,0.39500001072883606,0.39500001072883606,4515.0
2026-04-09 12:13:00,GPAC.V,,0.4749999940395355,0.4749999940395355,0.4699999988079071,0.4699999988079071,38500.0
2026-04-09 12:13:00,GSI.V,,1.2599999904632568,1.2599999904632568,1.2599999904632568,1.2599999904632568,900.0
2026-04-09 12:13:00,GSVR.V,,0.6399999856948853,0.6399999856948853,0.6399999856948853,0.6399999856948853,24747.0
2026-04-09 12:13:00,HIVE.V,,3.0,3.0,3.0,3.0,2777.0
2026-04-09 12:13:00,HSTR.V,,2.619999885559082,2.619999885559082,2.619999885559082,2.619999885559082,100.0
2026-04-09 12:13:00,IVS.V,,0.23000000417232513,0.23000000417232513,0.23000000417232513,0.23000000417232513,1000.0
2026-04-09 12:13:00,LIS.V,,0.4950000047683716,0.4950000047683716,0.4950000047683716,0.4950000047683716,1000.0
2026-04-09 12:13:00,LTH.V,,1.3300000429153442,1.3300000429153442,1.3250000476837158,1.3250000476837158,700.0
2026-04-09 12:13:00,LUCA.V,,1.4900000095367432,1.4900000095367432,1.4900000095367432,1.4900000095367432,100.0
2026-04-09 12:13:00,ZNG.V,,1.149999976158142,1.149999976158142,1.149999976158142,1.149999976158142,100.0
2026-04-09 12:14:00,EQTY.V,,0.3149999976158142,0.3149999976158142,0.3149999976158142,0.3149999976158142,500.0
2026-04-09 12:14:00,FPC.V,,0.39500001072883606,0.4000000059604645,0.39500001072883606,0.4000000059604645,19000.0
2026-04-09 12:14:00,GOT.V,,1.6349999904632568,1.6349999904632568,1.6349999904632568,1.6349999904632568,200.0
2026-04-09 12:14:00,GRSL.V,,0.32499998807907104,0.32499998807907104,0.32499998807907104,0.32499998807907104,3000.0
2026-04-09 12:14:00,HSTR.V,,2.619999885559082,2.619999885559082,2.619999885559082,2.619999885559082,900.0
2026-04-09 12:14:00,KCC.V,,0.8999999761581421,0.8999999761581421,0.8999999761581421,0.8999999761581421,1000.0
2026-04-09 12:14:00,KRI.V,,0.29499998688697815,0.29499998688697815,0.29499998688697815,0.29499998688697815,0.0
2026-04-09 12:14:00,LTH.V,,1.350000023841858,1.350000023841858,1.3250000476837158,1.3250000476837158,20006.0
2026-04-09 12:14:00,LUCA.V,,1.5,1.5,1.4900000095367432,1.4900000095367432,7100.0
2026-04-09 12:14:00,MLP.V,,2.069999933242798,2.069999933242798,2.069999933242798,2.069999933242798,200.0
2026-04-09 12:15:00,GRSL.V,,0.32499998807907104,0.32499998807907104,0.32499998807907104,0.32499998807907104,20000.0
2026-04-09 12:15:00,HIVE.V,,2.984999895095825,2.990000009536743,2.984999895095825,2.990000009536743,200.0
2026-04-09 12:15:00,HSTR.V,,2.619999885559082,2.619999885559082,2.619999885559082,2.619999885559082,800.0
2026-04-09 12:15:00,KCC.V,,0.8999999761581421,0.8999999761581421,0.8999999761581421,0.8999999761581421,1600.0
2026-04-09 12:15:00,LTH.V,,1.3600000143051147,1.3600000143051147,1.3600000143051147,1.3600000143051147,100.0
2026-04-09 12:15:00,LVX.V,,0.6499999761581421,0.6499999761581421,0.6499999761581421,0.6499999761581421,1500.0
2026-04-09 12:15:00,MGM.V,,2.549999952316284,2.549999952316284,2.549999952316284,2.549999952316284,200.0
2026-04-09 12:15:00,NICU.V,,2.0999999046325684,2.0999999046325684,2.0999999046325684,2.0999999046325684,300.0
2026-04-09 12:15:00,NURS.V,,3.0899999141693115,3.109999895095825,3.0899999141693115,3.109999895095825,1700.0
2026-04-09 12:15:00,PNG.V,,8.460000038146973,8.460000038146973,8.449999809265137,8.449999809265137,959.0
2026-04-09 12:16:00,FRED.V,,0.6399999856948853,0.6399999856948853,0.6399999856948853,0.6399999856948853,1000.0
2026-04-09 12:16:00,GOT.V,,1.6349999904632568,1.6349999904632568,1.6349999904632568,1.6349999904632568,100.0
2026-04-09 12:16:00,GRB.V,,0.45500001311302185,0.45500001311302185,0.45500001311302185,0.45500001311302185,2000.0
2026-04-09 12:16:00,HIVE.V,,2.990000009536743,2.990000009536743,2.9800000190734863,2.9800000190734863,21100.0
2026-04-09 12:16:00,HSTR.V,,2.619999885559082,2.619999885559082,2.619999885559082,2.619999885559082,400.0
2026-04-09 12:16:00,LTH.V,,1.350000023841858,1.350000023841858,1.350000023841858,1.350000023841858,3600.0
2026-04-09 12:16:00,LUCA.V,,1.5,1.5,1.5,1.5,100.0
2026-04-09 12:16:00,NICU.V,,2.0999999046325684,2.0999999046325684,2.0999999046325684,2.0999999046325684,1700.0
2026-04-09 12:16:00,NURS.V,,3.069999933242798,3.0799999237060547,3.069999933242798,3.0799999237060547,1600.0
2026-04-09 12:17:00,HIVE.V,,2.990000009536743,2.990000009536743,2.990000009536743,2.990000009536743,16500.0
2026-04-09 12:17:00,LUCA.V,,1.5099999904632568,1.5099999904632568,1.5,1.5,9110.0
2026-04-09 12:17:00,NICU.V,,2.0999999046325684,2.0999999046325684,2.0999999046325684,2.0999999046325684,800.0
2026-04-09 12:17:00,PNG.V,,8.4399995803833,8.449999809265137,8.4399995803833,8.449999809265137,200.0
2026-04-09 12:17:00,ROAR.V,,0.25,0.25,0.25,0.25,48000.0
2026-04-09 12:18:00,FBF.V,,0.8999999761581421,0.9900000095367432,0.8999999761581421,0.9900000095367432,11829.0
2026-04-09 12:18:00,FRED.V,,0.6499999761581421,0.6499999761581421,0.6399999856948853,0.6399999856948853,6000.0
2026-04-09 12:18:00,GQC.V,,2.2799999713897705,2.2799999713897705,2.2799999713897705,2.2799999713897705,100.0
2026-04-09 12:18:00,GSVR.V,,0.6399999856948853,0.6399999856948853,0.6399999856948853,0.6399999856948853,2500.0
2026-04-09 12:18:00,GWM.V,,0.6600000262260437,0.6600000262260437,0.6600000262260437,0.6600000262260437,500.0
2026-04-09 12:18:00,HSTR.V,,2.609999895095825,2.619999885559082,2.609999895095825,2.619999885559082,2600.0
2026-04-09 12:18:00,LTH.V,,1.340000033378601,1.340000033378601,1.340000033378601,1.340000033378601,100.0
2026-04-09 12:18:00,MJS.V,,0.14499999582767487,0.14499999582767487,0.14499999582767487,0.14499999582767487,58500.0
2026-04-09 12:18:00,MLP.V,,2.069999933242798,2.069999933242798,2.069999933242798,2.069999933242798,100.0
2026-04-09 12:18:00,NICU.V,,2.0999999046325684,2.0999999046325684,2.0999999046325684,2.0999999046325684,1300.0
2026-04-09 12:18:00,NURS.V,,3.0,3.059999942779541,2.9800000190734863,3.059999942779541,34932.0
2026-04-09 12:18:00,PNG.V,,8.460000038146973,8.460000038146973,8.460000038146973,8.460000038146973,200.0
2026-04-09 12:19:00,GGO.V,,0.9700000286102295,0.9700000286102295,0.9700000286102295,0.9700000286102295,10000.0
2026-04-09 12:19:00,IFOS.V,,3.869999885559082,3.869999885559082,3.8299999237060547,3.8299999237060547,23900.0
2026-04-09 12:19:00,PNG.V,,8.460000038146973,8.460000038146973,8.460000038146973,8.460000038146973,100.0
2026-04-09 12:19:00,ZNG.V,,1.1699999570846558,1.1699999570846558,1.159999966621399,1.159999966621399,5400.0
2026-04-09 12:20:00,GQC.V,,2.2799999713897705,2.2799999713897705,2.2799999713897705,2.2799999713897705,200.0
2026-04-09 12:20:00,HCH.V,,1.5299999713897705,1.5299999713897705,1.5199999809265137,1.5199999809265137,300.0
2026-04-09 12:20:00,HIVE.V,,2.990000009536743,3.0,2.990000009536743,3.0,2500.0
2026-04-09 12:20:00,HSTR.V,,2.609999895095825,2.609999895095825,2.609999895095825,2.609999895095825,200.0
2026-04-09 12:20:00,LVX.V,,0.6499999761581421,0.6499999761581421,0.6499999761581421,0.6499999761581421,500.0
2026-04-09 12:20:00,MCF.V,,0.04500000178813934,0.04500000178813934,0.04500000178813934,0.04500000178813934,29521.0
2026-04-09 12:20:00,MGM.V,,2.559999942779541,2.559999942779541,2.559999942779541,2.559999942779541,1200.0
2026-04-09 12:20:00,PNG.V,,8.460000038146973,8.460000038146973,8.460000038146973,8.460000038146973,600.0
2026-04-09 12:20:00,ROAR.V,,0.25,0.25,0.25,0.25,500.0
2026-04-09 12:20:00,TUF.V,,0.23499999940395355,0.23499999940395355,0.23499999940395355,0.23499999940395355,1000.0
2026-04-09 12:21:00,FPC.V,,0.4000000059604645,0.4000000059604645,0.4000000059604645,0.4000000059604645,500.0
2026-04-09 12:21:00,GQC.V,,2.2799999713897705,2.2799999713897705,2.2799999713897705,2.2799999713897705,300.0
2026-04-09 12:21:00,GRSL.V,,0.32499998807907104,0.32499998807907104,0.32499998807907104,0.32499998807907104,8000.0
2026-04-09 12:21:00,HIVE.V,,2.990000009536743,3.0,2.990000009536743,3.0,1711.0
2026-04-09 12:21:00,JJ.V,,0.05999999865889549,0.05999999865889549,0.05999999865889549,0.05999999865889549,1000.0
2026-04-09 12:21:00,KTO.V,,0.800000011920929,0.800000011920929,0.800000011920929,0.800000011920929,500.0
2026-04-09 12:21:00,MLP.V,,2.0999999046325684,2.0999999046325684,2.0899999141693115,2.0899999141693115,9000.0
2026-04-09 12:21:00,PNG.V,,8.460000038146973,8.460000038146973,8.4399995803833,8.449999809265137,3725.0
2026-04-09 12:21:00,ZNG.V,,1.159999966621399,1.159999966621399,1.159999966621399,1.159999966621399,5700.0
2026-04-09 12:22:00,FPC.V,,0.4000000059604645,0.4000000059604645,0.4000000059604645,0.4000000059604645,30500.0
2026-04-09 12:22:00,GQC.V,,2.2799999713897705,2.2899999618530273,2.2799999713897705,2.2899999618530273,500.0
2026-04-09 12:22:00,HIVE.V,,3.0,3.0,3.0,3.0,6915.0
2026-04-09 12:22:00,HSTR.V,,2.5799999237060547,2.609999895095825,2.5799999237060547,2.609999895095825,197600.0
2026-04-09 12:22:00,LA.V,,11.739999771118164,11.739999771118164,11.729999542236328,11.729999542236328,500.0
2026-04-09 12:22:00,LUCA.V,,1.5099999904632568,1.5099999904632568,1.5099999904632568,1.5099999904632568,100.0
2026-04-09 12:22:00,MLP.V,,2.0999999046325684,2.0999999046325684,2.0999999046325684,2.0999999046325684,200.0
2026-04-09 12:22:00,NURS.V,,2.990000009536743,3.009999990463257,2.990000009536743,3.009999990463257,800.0
2026-04-09 12:22:00,PNG.V,,8.479999542236328,8.479999542236328,8.460000038146973,8.470000267028809,5342.0
2026-04-09 12:23:00,GQC.V,,2.2799999713897705,2.2799999713897705,2.2799999713897705,2.2799999713897705,2300.0
2026-04-09 12:23:00,HIVE.V,,3.0,3.005000114440918,3.0,3.005000114440918,1500.0
2026-04-09 12:23:00,HSTR.V,,2.5799999237060547,2.5799999237060547,2.5799999237060547,2.5799999237060547,500.0
2026-04-09 12:23:00,IGO.V,,0.10000000149011612,0.10000000149011612,0.10000000149011612,0.10000000149011612,1000.0
2026-04-09 12:23:00,NURS.V,,2.9600000381469727,2.9800000190734863,2.9600000381469727,2.9800000190734863,2500.0
2026-04-09 12:24:00,GPAC.V,,0.4699999988079071,0.4699999988079071,0.4699999988079071,0.4699999988079071,500.0
2026-04-09 12:24:00,GQC.V,,2.2799999713897705,2.2799999713897705,2.2799999713897705,2.2799999713897705,900.0
2026-04-09 12:24:00,HMR.V,,0.8100000023841858,0.8199999928474426,0.8100000023841858,0.8199999928474426,29383.0
2026-04-09 12:24:00,HSTR.V,,2.569999933242798,2.569999933242798,2.569999933242798,2.569999933242798,1000.0
2026-04-09 12:24:00,LUCA.V,,1.5099999904632568,1.5099999904632568,1.5099999904632568,1.5099999904632568,200.0
2026-04-09 12:24:00,MTX.V,,0.009999999776482582,0.009999999776482582,0.009999999776482582,0.009999999776482582,12000.0
2026-04-09 12:24:00,PNG.V,,8.460000038146973,8.470000267028809,8.460000038146973,8.470000267028809,1400.0
2026-04-09 12:25:00,GSI.V,,1.25,1.25,1.25,1.25,4200.0
2026-04-09 12:25:00,GSVR.V,,0.6399999856948853,0.6399999856948853,0.6399999856948853,0.6399999856948853,500.0
2026-04-09 12:25:00,HIVE.V,,3.0,3.0,3.0,3.0,200.0
2026-04-09 12:25:00,HSTR.V,,2.5799999237060547,2.5799999237060547,2.569999933242798,2.569999933242798,2300.0
2026-04-09 12:25:00,IPT.V,,0.24500000476837158,0.24500000476837158,0.24500000476837158,0.24500000476837158,1000.0
2026-04-09 12:25:00,KRI.V,,0.29499998688697815,0.29499998688697815,0.29499998688697815,0.29499998688697815,1000.0
2026-04-09 12:25:00,LITH.V,,0.6100000143051147,0.6100000143051147,0.6100000143051147,0.6100000143051147,500.0
2026-04-09 12:25:00,LUCA.V,,1.5,1.5,1.5,1.5,20400.0
2026-04-09 12:25:00,LVX.V,,0.6499999761581421,0.6499999761581421,0.6499999761581421,0.6499999761581421,500.0
2026-04-09 12:25:00,MLP.V,,2.0899999141693115,2.0899999141693115,2.0899999141693115,2.0899999141693115,470.0
2026-04-09 12:25:00,PNG.V,,8.4399995803833,8.449999809265137,8.4399995803833,8.449999809265137,1200.0
2026-04-09 12:25:00,ZNG.V,,1.159999966621399,1.159999966621399,1.159999966621399,1.159999966621399,1400.0
2026-04-09 12:26:00,GQC.V,,2.2699999809265137,2.2699999809265137,2.2699999809265137,2.2699999809265137,100.0
2026-04-09 12:26:00,GRSL.V,,0.32499998807907104,0.32499998807907104,0.32499998807907104,0.32499998807907104,1000.0
2026-04-09 12:26:00,HIVE.V,,2.990000009536743,2.990000009536743,2.990000009536743,2.990000009536743,17200.0
2026-04-09 12:26:00,NURS.V,,2.990000009536743,2.990000009536743,2.990000009536743,2.990000009536743,1200.0
2026-04-09 12:26:00,PNG.V,,8.460000038146973,8.460000038146973,8.460000038146973,8.460000038146973,414.0
2026-04-09 12:27:00,EPF.V,,0.4399999976158142,0.4399999976158142,0.4399999976158142,0.4399999976158142,4000.0
2026-04-09 12:27:00,GQC.V,,2.2799999713897705,2.2799999713897705,2.2699999809265137,2.2699999809265137,200.0
2026-04-09 12:27:00,HIVE.V,,2.990000009536743,2.990000009536743,2.990000009536743,2.990000009536743,5700.0
2026-04-09 12:27:00,LVX.V,,0.6499999761581421,0.6499999761581421,0.6499999761581421,0.6499999761581421,500.0
2026-04-09 12:27:00,NICU.V,,2.0999999046325684,2.0999999046325684,2.0999999046325684,2.0999999046325684,1200.0
2026-04-09 12:28:00,GRSL.V,,0.33000001311302185,0.33000001311302185,0.33000001311302185,0.33000001311302185,2000.0
2026-04-09 12:28:00,GSVR.V,,0.6399999856948853,0.6399999856948853,0.6399999856948853,0.6399999856948853,2005.0
2026-04-09 12:28:00,HIVE.V,,2.990000009536743,2.990000009536743,2.990000009536743,2.990000009536743,100.0
2026-04-09 12:28:00,HSTR.V,,2.5799999237060547,2.5799999237060547,2.5799999237060547,2.5799999237060547,500.0
2026-04-09 12:28:00,IPT.V,,0.24500000476837158,0.24500000476837158,0.24500000476837158,0.24500000476837158,500.0
2026-04-09 12:28:00,LCX.V,,1.9700000286102295,1.9700000286102295,1.9600000381469727,1.9700000286102295,14200.0
2026-04-09 12:28:00,LUCA.V,,1.5,1.5,1.4950000047683716,1.4950000047683716,9300.0
2026-04-09 12:28:00,LVX.V,,0.6499999761581421,0.6499999761581421,0.6499999761581421,0.6499999761581421,500.0
2026-04-09 12:28:00,NICU.V,,2.0999999046325684,2.0999999046325684,2.0999999046325684,2.0999999046325684,500.0
2026-04-09 12:28:00,PNG.V,,8.479999542236328,8.479999542236328,8.479999542236328,8.479999542236328,200.0
2026-04-09 12:29:00,GPAC.V,,0.4699999988079071,0.4699999988079071,0.4699999988079071,0.4699999988079071,500.0
2026-04-09 12:29:00,HIVE.V,,2.990000009536743,2.990000009536743,2.990000009536743,2.990000009536743,3800.0
2026-04-09 12:29:00,HSTR.V,,2.5799999237060547,2.5799999237060547,2.5799999237060547,2.5799999237060547,1900.0
2026-04-09 12:29:00,IFOS.V,,3.8399999141693115,3.8399999141693115,3.8399999141693115,3.8399999141693115,700.0
2026-04-09 12:29:00,LTH.V,,1.3300000429153442,1.3300000429153442,1.3300000429153442,1.3300000429153442,5902.0
2026-04-09 12:29:00,PNG.V,,8.489999771118164,8.489999771118164,8.489999771118164,8.489999771118164,6507.0
2026-04-09 12:29:00,ZNG.V,,1.159999966621399,1.159999966621399,1.159999966621399,1.159999966621399,2800.0
2026-04-09 12:30:00,FPC.V,,0.39500001072883606,0.39500001072883606,0.39500001072883606,0.39500001072883606,12500.0
2026-04-09 12:30:00,GSI.V,,1.25,1.25,1.25,1.25,300.0
2026-04-09 12:30:00,HIVE.V,,2.9800000190734863,2.9800000190734863,2.9800000190734863,2.9800000190734863,1100.0
2026-04-09 12:30:00,HSTR.V,,2.559999942779541,2.569999933242798,2.559999942779541,2.569999933242798,6500.0
2026-04-09 12:30:00,IFOS.V,,3.8399999141693115,3.8399999141693115,3.8399999141693115,3.8399999141693115,700.0
2026-04-09 12:30:00,LCX.V,,1.9600000381469727,1.9800000190734863,1.9600000381469727,1.9800000190734863,5100.0
2026-04-09 12:30:00,LVX.V,,0.6499999761581421,0.6499999761581421,0.6499999761581421,0.6499999761581421,500.0
2026-04-09 12:30:00,MLP.V,,2.0899999141693115,2.0899999141693115,2.0899999141693115,2.0899999141693115,100.0
2026-04-09 12:30:00,PNG.V,,8.489999771118164,8.489999771118164,8.489999771118164,8.489999771118164,500.0
2026-04-09 12:31:00,GG.V,,2.799999952316284,2.799999952316284,2.7899999618530273,2.7899999618530273,200.0
2026-04-09 12:31:00,GQC.V,,2.2699999809265137,2.2699999809265137,2.2699999809265137,2.2699999809265137,200.0
2026-04-09 12:31:00,GSVR.V,,0.6399999856948853,0.6399999856948853,0.6399999856948853,0.6399999856948853,5000.0
2026-04-09 12:31:00,HELI.V,,0.04500000178813934,0.04500000178813934,0.04500000178813934,0.04500000178813934,68000.0
2026-04-09 12:31:00,HSTR.V,,2.549999952316284,2.549999952316284,2.5399999618530273,2.549999952316284,14500.0
2026-04-09 12:31:00,LLG.V,,0.07999999821186066,0.07999999821186066,0.07999999821186066,0.07999999821186066,4000.0
2026-04-09 12:31:00,LUCA.V,,1.4950000047683716,1.4950000047683716,1.4950000047683716,1.4950000047683716,500.0
2026-04-09 12:31:00,LVG.V,,0.3149999976158142,0.3149999976158142,0.3149999976158142,0.3149999976158142,1000.0
2026-04-09 12:31:00,NICU.V,,2.0999999046325684,2.0999999046325684,2.0999999046325684,2.0999999046325684,500.0
2026-04-09 12:31:00,PNG.V,,8.5,8.5,8.5,8.5,700.0
2026-04-09 12:32:00,FBF.V,,0.8999999761581421,0.8999999761581421,0.8999999761581421,0.8999999761581421,2200.0
2026-04-09 12:32:00,GQC.V,,2.2699999809265137,2.2699999809265137,2.2699999809265137,2.2699999809265137,200.0
2026-04-09 12:32:00,HSTR.V,,2.549999952316284,2.549999952316284,2.549999952316284,2.549999952316284,4300.0
2026-04-09 12:32:00,KDK.V,,0.9200000166893005,0.9200000166893005,0.9200000166893005,0.9200000166893005,1500.0
2026-04-09 12:32:00,LUCA.V,,1.4900000095367432,1.4900000095367432,1.4900000095367432,1.4900000095367432,200.0
2026-04-09 12:32:00,MLP.V,,2.109999895095825,2.109999895095825,2.109999895095825,2.109999895095825,300.0
2026-04-09 12:32:00,NICU.V,,2.0999999046325684,2.0999999046325684,2.0999999046325684,2.0999999046325684,200.0
2026-04-09 12:32:00,PNG.V,,8.510000228881836,8.510000228881836,8.5,8.5,3003.0
2026-04-09 12:33:00,EMN.V,,0.14499999582767487,0.14499999582767487,0.14499999582767487,0.14499999582767487,1500.0
2026-04-09 12:33:00,FRED.V,,0.6200000047683716,0.6200000047683716,0.6200000047683716,0.6200000047683716,4000.0
2026-04-09 12:33:00,GQC.V,,2.2799999713897705,2.2799999713897705,2.2699999809265137,2.2699999809265137,200.0
2026-04-09 12:33:00,GRG.V,,0.06499999761581421,0.06499999761581421,0.06499999761581421,0.06499999761581421,5000.0
2026-04-09 12:33:00,HCH.V,,1.5299999713897705,1.5299999713897705,1.5299999713897705,1.5299999713897705,1000.0
2026-04-09 12:33:00,HIVE.V,,2.9800000190734863,2.9800000190734863,2.9800000190734863,2.9800000190734863,3800.0
2026-04-09 12:33:00,HSTR.V,,2.549999952316284,2.549999952316284,2.549999952316284,2.549999952316284,100.0
2026-04-09 12:33:00,LUCA.V,,1.4900000095367432,1.4900000095367432,1.4900000095367432,1.4900000095367432,100.0
2026-04-09 12:33:00,MERG.V,,0.800000011920929,0.800000011920929,0.800000011920929,0.800000011920929,1000.0
2026-04-09 12:33:00,MLP.V,,2.0899999141693115,2.0899999141693115,2.0899999141693115,2.0899999141693115,100.0
2026-04-09 12:33:00,NICU.V,,2.0999999046325684,2.0999999046325684,2.0999999046325684,2.0999999046325684,1000.0
2026-04-09 12:33:00,PNG.V,,8.520000457763672,8.520000457763672,8.5,8.5,4653.0
2026-04-09 12:34:00,GQC.V,,2.2699999809265137,2.2699999809265137,2.2699999809265137,2.2699999809265137,100.0
2026-04-09 12:34:00,GWM.V,,0.6600000262260437,0.6600000262260437,0.6600000262260437,0.6600000262260437,1000.0
2026-04-09 12:34:00,LUCA.V,,1.4900000095367432,1.4900000095367432,1.4900000095367432,1.4900000095367432,300.0
2026-04-09 12:34:00,MEED-P.V,,0.03999999910593033,0.03999999910593033,0.03999999910593033,0.03999999910593033,0.0
2026-04-09 12:34:00,NURS.V,,2.9700000286102295,2.990000009536743,2.9700000286102295,2.990000009536743,900.0
2026-04-09 12:35:00,FAIR.V,,0.07000000029802322,0.07000000029802322,0.07000000029802322,0.07000000029802322,479000.0
2026-04-09 12:35:00,GQC.V,,2.2699999809265137,2.2699999809265137,2.2699999809265137,2.2699999809265137,200.0
2026-04-09 12:35:00,HIVE.V,,2.9800000190734863,2.9800000190734863,2.9800000190734863,2.9800000190734863,3900.0
2026-04-09 12:35:00,LUCA.V,,1.4900000095367432,1.4900000095367432,1.4900000095367432,1.4900000095367432,300.0
2026-04-09 12:35:00,LVX.V,,0.6499999761581421,0.6499999761581421,0.6499999761581421,0.6499999761581421,500.0
2026-04-09 12:35:00,MCS.V,,2.0899999141693115,2.0899999141693115,2.0899999141693115,2.0899999141693115,100.0
2026-04-09 12:35:00,NURS.V,,2.930000066757202,2.9700000286102295,2.930000066757202,2.9700000286102295,6487.0
2026-04-09 12:35:00,PNG.V,,8.529999732971191,8.529999732971191,8.520000457763672,8.520000457763672,1115.0
2026-04-09 12:36:00,FAIR.V,,0.06499999761581421,0.07000000029802322,0.06499999761581421,0.07000000029802322,630500.0
2026-04-09 12:36:00,GPAC.V,,0.4699999988079071,0.4699999988079071,0.4699999988079071,0.4699999988079071,500.0
2026-04-09 12:36:00,GQC.V,,2.2699999809265137,2.2699999809265137,2.2699999809265137,2.2699999809265137,100.0
2026-04-09 12:36:00,HITI.V,,3.180000066757202,3.180000066757202,3.180000066757202,3.180000066757202,100.0
2026-04-09 12:36:00,HIVE.V,,2.9800000190734863,2.9800000190734863,2.9700000286102295,2.9800000190734863,300.0
2026-04-09 12:36:00,HMR.V,,0.8100000023841858,0.8100000023841858,0.8100000023841858,0.8100000023841858,8500.0
2026-04-09 12:36:00,HSTR.V,,2.549999952316284,2.559999942779541,2.5399999618530273,2.559999942779541,9500.0
2026-04-09 12:36:00,KFR.V,,0.75,0.75,0.75,0.75,500.0
2026-04-09 12:36:00,LUCA.V,,1.4950000047683716,1.4950000047683716,1.4900000095367432,1.4900000095367432,800.0
2026-04-09 12:36:00,MLP.V,,2.0899999141693115,2.0899999141693115,2.0799999237060547,2.0899999141693115,15100.0
2026-04-09 12:36:00,ZNG.V,,1.159999966621399,1.159999966621399,1.159999966621399,1.159999966621399,5600.0
2026-04-09 12:37:00,GQC.V,,2.2799999713897705,2.2799999713897705,2.2799999713897705,2.2799999713897705,1200.0
2026-04-09 12:37:00,HELI.V,,0.04500000178813934,0.04500000178813934,0.04500000178813934,0.04500000178813934,147333.0
2026-04-09 12:37:00,HIVE.V,,2.9800000190734863,2.9800000190734863,2.9800000190734863,2.9800000190734863,200.0
2026-04-09 12:37:00,HSTR.V,,2.549999952316284,2.549999952316284,2.549999952316284,2.549999952316284,100.0
2026-04-09 12:37:00,LTH.V,,1.3200000524520874,1.3200000524520874,1.3200000524520874,1.3200000524520874,3800.0
2026-04-09 12:37:00,LUCA.V,,1.4950000047683716,1.4950000047683716,1.4950000047683716,1.4950000047683716,800.0
2026-04-09 12:37:00,LVX.V,,0.6499999761581421,0.6499999761581421,0.6499999761581421,0.6499999761581421,15500.0
2026-04-09 12:37:00,MLP.V,,2.109999895095825,2.109999895095825,2.109999895095825,2.109999895095825,900.0
2026-04-09 12:37:00,NICU.V,,2.0999999046325684,2.0999999046325684,2.0999999046325684,2.0999999046325684,2000.0
2026-04-09 12:38:00,GOT.V,,1.6299999952316284,1.6349999904632568,1.6299999952316284,1.6349999904632568,1100.0
2026-04-09 12:38:00,GQC.V,,2.2799999713897705,2.2799999713897705,2.2799999713897705,2.2799999713897705,100.0
2026-04-09 12:38:00,GRSL.V,,0.32499998807907104,0.32499998807907104,0.32499998807907104,0.32499998807907104,500.0
2026-04-09 12:38:00,LUCA.V,,1.4950000047683716,1.4950000047683716,1.4950000047683716,1.4950000047683716,100.0
2026-04-09 12:38:00,MCA-H.V,,0.10499999672174454,0.10499999672174454,0.10499999672174454,0.10499999672174454,4500.0
2026-04-09 12:38:00,MLP.V,,2.0999999046325684,2.0999999046325684,2.0999999046325684,2.0999999046325684,200.0
2026-04-09 12:38:00,PNG.V,,8.5,8.520000457763672,8.5,8.520000457763672,3650.0
2026-04-09 12:38:00,ZNG.V,,1.159999966621399,1.159999966621399,1.159999966621399,1.159999966621399,2000.0
2026-04-09 12:39:00,GSTM.V,,0.22499999403953552,0.22499999403953552,0.22499999403953552,0.22499999403953552,30000.0
2026-04-09 12:39:00,GSVR.V,,0.6399999856948853,0.6399999856948853,0.6399999856948853,0.6399999856948853,500.0
2026-04-09 12:39:00,HITI.V,,3.1700000762939453,3.1700000762939453,3.1700000762939453,3.1700000762939453,300.0
2026-04-09 12:39:00,HIVE.V,,2.9700000286102295,2.9700000286102295,2.9649999141693115,2.9700000286102295,2800.0
2026-04-09 12:39:00,HSTR.V,,2.549999952316284,2.549999952316284,2.549999952316284,2.549999952316284,100.0
2026-04-09 12:39:00,KDK.V,,0.9200000166893005,0.9200000166893005,0.9200000166893005,0.9200000166893005,500.0
2026-04-09 12:39:00,LTH.V,,1.315000057220459,1.3200000524520874,1.315000057220459,1.3200000524520874,23800.0
2026-04-09 12:39:00,LUCA.V,,1.4950000047683716,1.4950000047683716,1.4900000095367432,1.4900000095367432,200.0
2026-04-09 12:39:00,MLP.V,,2.0999999046325684,2.0999999046325684,2.0999999046325684,2.0999999046325684,300.0
2026-04-09 12:39:00,NICU.V,,2.0999999046325684,2.0999999046325684,2.0999999046325684,2.0999999046325684,300.0
2026-04-09 12:39:00,PNG.V,,8.5,8.5,8.5,8.5,100.0
2026-04-09 12:39:00,ROAR.V,,0.2549999952316284,0.2549999952316284,0.2549999952316284,0.2549999952316284,11000.0
2026-04-09 12:40:00,GRSL.V,,0.32499998807907104,0.32499998807907104,0.32499998807907104,0.32499998807907104,1500.0
2026-04-09 12:40:00,GSTM.V,,0.22499999403953552,0.22499999403953552,0.22499999403953552,0.22499999403953552,12000.0
2026-04-09 12:40:00,HIVE.V,,2.9700000286102295,2.9700000286102295,2.9700000286102295,2.9700000286102295,100.0
2026-04-09 12:40:00,HSTR.V,,2.549999952316284,2.549999952316284,2.5399999618530273,2.549999952316284,4200.0
2026-04-09 12:40:00,LTH.V,,1.315000057220459,1.315000057220459,1.315000057220459,1.315000057220459,400.0
2026-04-09 12:40:00,LUCA.V,,1.4950000047683716,1.4950000047683716,1.4950000047683716,1.4950000047683716,100.0
2026-04-09 12:40:00,LVX.V,,0.6499999761581421,0.6499999761581421,0.6499999761581421,0.6499999761581421,500.0
2026-04-09 12:40:00,MLP.V,,2.0999999046325684,2.0999999046325684,2.0999999046325684,2.0999999046325684,1500.0
2026-04-09 12:40:00,NICU.V,,2.0999999046325684,2.0999999046325684,2.0999999046325684,2.0999999046325684,100.0
2026-04-09 12:40:00,PNG.V,,8.520000457763672,8.520000457763672,8.5,8.5,900.0
2026-04-09 12:41:00,HIVE.V,,2.9600000381469727,2.9700000286102295,2.950000047683716,2.9700000286102295,37000.0
2026-04-09 12:41:00,HSTR.V,,2.549999952316284,2.549999952316284,2.549999952316284,2.549999952316284,200.0
2026-04-09 12:41:00,KDK.V,,0.9200000166893005,0.9200000166893005,0.9200000166893005,0.9200000166893005,1500.0
2026-04-09 12:41:00,LTH.V,,1.315000057220459,1.315000057220459,1.315000057220459,1.315000057220459,400.0
2026-04-09 12:41:00,LUCA.V,,1.4950000047683716,1.4950000047683716,1.4950000047683716,1.4950000047683716,200.0
2026-04-09 12:41:00,PNG.V,,8.520000457763672,8.539999961853027,8.520000457763672,8.529999732971191,1013.0
2026-04-09 12:41:00,ZNG.V,,1.1699999570846558,1.1699999570846558,1.1699999570846558,1.1699999570846558,2500.0
2026-04-09 12:42:00,FBF.V,,0.9200000166893005,0.9200000166893005,0.9200000166893005,0.9200000166893005,1100.0
2026-04-09 12:42:00,GPAC.V,,0.4699999988079071,0.4699999988079071,0.4699999988079071,0.4699999988079071,500.0
2026-04-09 12:42:00,GSTM.V,,0.22499999403953552,0.22499999403953552,0.22499999403953552,0.22499999403953552,5500.0
2026-04-09 12:42:00,GSVR.V,,0.6399999856948853,0.6399999856948853,0.6399999856948853,0.6399999856948853,21264.0
2026-04-09 12:42:00,HITI.V,,3.180000066757202,3.180000066757202,3.180000066757202,3.180000066757202,1700.0
2026-04-09 12:42:00,HIVE.V,,2.9700000286102295,2.9700000286102295,2.950000047683716,2.950000047683716,3500.0
2026-04-09 12:42:00,KTO.V,,0.800000011920929,0.800000011920929,0.800000011920929,0.800000011920929,10000.0
2026-04-09 12:42:00,LITH.V,,0.6100000143051147,0.6100000143051147,0.6100000143051147,0.6100000143051147,500.0
2026-04-09 12:42:00,LTH.V,,1.315000057220459,1.315000057220459,1.315000057220459,1.315000057220459,300.0
2026-04-09 12:42:00,LUCA.V,,1.4900000095367432,1.4900000095367432,1.4900000095367432,1.4900000095367432,100.0
2026-04-09 12:42:00,LVX.V,,0.6499999761581421,0.6499999761581421,0.6499999761581421,0.6499999761581421,500.0
2026-04-09 12:42:00,MLP.V,,2.0950000286102295,2.0950000286102295,2.0950000286102295,2.0950000286102295,100.0
2026-04-09 12:42:00,PNG.V,,8.529999732971191,8.529999732971191,8.529999732971191,8.529999732971191,100.0
2026-04-09 12:43:00,FAIR.V,,0.07000000029802322,0.07000000029802322,0.07000000029802322,0.07000000029802322,19000.0
2026-04-09 12:43:00,GQC.V,,2.2799999713897705,2.2799999713897705,2.2799999713897705,2.2799999713897705,200.0
2026-04-09 12:43:00,HIVE.V,,2.9700000286102295,2.9700000286102295,2.9700000286102295,2.9700000286102295,100.0
2026-04-09 12:43:00,HSTR.V,,2.549999952316284,2.549999952316284,2.549999952316284,2.549999952316284,100.0
2026-04-09 12:43:00,IFOS.V,,3.8499999046325684,3.8499999046325684,3.8499999046325684,3.8499999046325684,1600.0
2026-04-09 12:43:00,IMI.V,,0.11500000208616257,0.11500000208616257,0.11500000208616257,0.11500000208616257,0.0
2026-04-09 12:43:00,LUCA.V,,1.5,1.5,1.4900000095367432,1.4900000095367432,2800.0
2026-04-09 12:43:00,MLP.V,,2.0950000286102295,2.0950000286102295,2.0950000286102295,2.0950000286102295,100.0
2026-04-09 12:43:00,NURS.V,,2.9000000953674316,2.940000057220459,2.9000000953674316,2.940000057220459,7310.0
2026-04-09 12:43:00,PNG.V,,8.539999961853027,8.539999961853027,8.529999732971191,8.529999732971191,1000.0
2026-04-09 12:44:00,GSI.V,,1.25,1.25,1.25,1.25,100.0
2026-04-09 12:44:00,GSVR.V,,0.6399999856948853,0.6399999856948853,0.6399999856948853,0.6399999856948853,3000.0
2026-04-09 12:44:00,GWM.V,,0.6600000262260437,0.6600000262260437,0.6600000262260437,0.6600000262260437,500.0
2026-04-09 12:44:00,LUCA.V,,1.5,1.5,1.5,1.5,100.0
2026-04-09 12:44:00,LVX.V,,0.6499999761581421,0.6499999761581421,0.6499999761581421,0.6499999761581421,500.0
2026-04-09 12:44:00,PNG.V,,8.539999961853027,8.539999961853027,8.539999961853027,8.539999961853027,230.0
2026-04-09 12:45:00,HIVE.V,,2.9600000381469727,2.9600000381469727,2.950000047683716,2.9600000381469727,20700.0
2026-04-09 12:45:00,HSTR.V,,2.549999952316284,2.549999952316284,2.549999952316284,2.549999952316284,400.0
2026-04-09 12:45:00,IPT.V,,0.24500000476837158,0.24500000476837158,0.24500000476837158,0.24500000476837158,14500.0
2026-04-09 12:45:00,KC.V,,0.36000001430511475,0.36000001430511475,0.36000001430511475,0.36000001430511475,4000.0
2026-04-09 12:45:00,LTH.V,,1.315000057220459,1.315000057220459,1.315000057220459,1.315000057220459,200.0
2026-04-09 12:45:00,LUCA.V,,1.5,1.5,1.5,1.5,100.0
2026-04-09 12:45:00,MLP.V,,2.0950000286102295,2.0950000286102295,2.0950000286102295,2.0950000286102295,100.0
2026-04-09 12:45:00,PNG.V,,8.550000190734863,8.550000190734863,8.539999961853027,8.539999961853027,4100.0
2026-04-09 12:46:00,GSVR.V,,0.6399999856948853,0.6399999856948853,0.6399999856948853,0.6399999856948853,500.0
2026-04-09 12:46:00,HIVE.V,,2.9600000381469727,2.9600000381469727,2.9600000381469727,2.9600000381469727,3800.0
2026-04-09 12:46:00,LTH.V,,1.315000057220459,1.315000057220459,1.315000057220459,1.315000057220459,300.0
2026-04-09 12:46:00,LUCA.V,,1.4900000095367432,1.5,1.4900000095367432,1.5,300.0
2026-04-09 12:46:00,LVX.V,,0.6499999761581421,0.6499999761581421,0.6499999761581421,0.6499999761581421,500.0
2026-04-09 12:46:00,MLP.V,,2.0999999046325684,2.0999999046325684,2.0950000286102295,2.0950000286102295,300.0
2026-04-09 12:46:00,PNG.V,,8.539999961853027,8.550000190734863,8.539999961853027,8.550000190734863,1100.0
2026-04-09 12:47:00,FRED.V,,0.6100000143051147,0.6100000143051147,0.6100000143051147,0.6100000143051147,500.0
2026-04-09 12:47:00,GQC.V,,2.2799999713897705,2.2799999713897705,2.2799999713897705,2.2799999713897705,100.0
2026-04-09 12:47:00,HIVE.V,,2.950000047683716,2.950000047683716,2.950000047683716,2.950000047683716,3300.0
2026-04-09 12:47:00,HSTR.V,,2.549999952316284,2.549999952316284,2.549999952316284,2.549999952316284,700.0
2026-04-09 12:47:00,IFOS.V,,3.8499999046325684,3.8499999046325684,3.8499999046325684,3.8499999046325684,100.0
2026-04-09 12:47:00,LTH.V,,1.315000057220459,1.315000057220459,1.315000057220459,1.315000057220459,400.0
2026-04-09 12:47:00,LVX.V,,0.6499999761581421,0.6499999761581421,0.6499999761581421,0.6499999761581421,500.0
2026-04-09 12:47:00,MCF.V,,0.04500000178813934,0.04500000178813934,0.04500000178813934,0.04500000178813934,17000.0
2026-04-09 12:47:00,MLP.V,,2.0999999046325684,2.0999999046325684,2.0999999046325684,2.0999999046325684,700.0
2026-04-09 12:48:00,FRED.V,,0.6000000238418579,0.6000000238418579,0.6000000238418579,0.6000000238418579,4500.0
2026-04-09 12:48:00,HEVI.V,,0.20499999821186066,0.20499999821186066,0.20499999821186066,0.20499999821186066,3005.0
2026-04-09 12:48:00,LTH.V,,1.3200000524520874,1.3200000524520874,1.315000057220459,1.315000057220459,500.0
2026-04-09 12:48:00,LUCA.V,,1.5,1.5,1.5,1.5,100.0
2026-04-09 12:48:00,LVX.V,,0.6499999761581421,0.6499999761581421,0.6499999761581421,0.6499999761581421,500.0
2026-04-09 12:48:00,MGM.V,,2.549999952316284,2.549999952316284,2.549999952316284,2.549999952316284,800.0
2026-04-09 12:48:00,NHHH.V,,0.03999999910593033,0.03999999910593033,0.03999999910593033,0.03999999910593033,5000.0
2026-04-09 12:48:00,PNG.V,,8.529999732971191,8.529999732971191,8.520000457763672,8.520000457763672,1200.0
2026-04-09 12:49:00,FPC.V,,0.4000000059604645,0.4000000059604645,0.4000000059604645,0.4000000059604645,500.0
2026-04-09 12:49:00,FRED.V,,0.6100000143051147,0.6100000143051147,0.6100000143051147,0.6100000143051147,3500.0
2026-04-09 12:49:00,GPAC.V,,0.4699999988079071,0.4699999988079071,0.4699999988079071,0.4699999988079071,500.0
2026-04-09 12:49:00,GQC.V,,2.2799999713897705,2.2799999713897705,2.2799999713897705,2.2799999713897705,100.0
2026-04-09 12:49:00,HIVE.V,,2.950000047683716,2.9600000381469727,2.944999933242798,2.950000047683716,13370.0
2026-04-09 12:49:00,HSTR.V,,2.549999952316284,2.549999952316284,2.549999952316284,2.549999952316284,100.0
2026-04-09 12:49:00,LTH.V,,1.315000057220459,1.315000057220459,1.315000057220459,1.315000057220459,300.0
2026-04-09 12:49:00,LUCA.V,,1.4900000095367432,1.5,1.4900000095367432,1.5,200.0
2026-04-09 12:49:00,MLP.V,,2.0899999141693115,2.0899999141693115,2.0899999141693115,2.0899999141693115,100.0
2026-04-09 12:49:00,TUF.V,,0.23999999463558197,0.23999999463558197,0.23999999463558197,0.23999999463558197,26500.0
2026-04-09 12:50:00,FUU.V,,0.17499999701976776,0.17499999701976776,0.17499999701976776,0.17499999701976776,12686.0
2026-04-09 12:50:00,GSVR.V,,0.6399999856948853,0.6399999856948853,0.6399999856948853,0.6399999856948853,500.0
2026-04-09 12:50:00,HIVE.V,,2.950000047683716,2.950000047683716,2.950000047683716,2.950000047683716,2300.0
2026-04-09 12:50:00,HSTR.V,,2.549999952316284,2.549999952316284,2.549999952316284,2.549999952316284,3100.0
2026-04-09 12:50:00,LTH.V,,1.315000057220459,1.3200000524520874,1.315000057220459,1.315000057220459,500.0
2026-04-09 12:50:00,LUCA.V,,1.5,1.5,1.5,1.5,100.0
2026-04-09 12:50:00,LVX.V,,0.6499999761581421,0.6499999761581421,0.6499999761581421,0.6499999761581421,500.0
2026-04-09 12:50:00,ROAR.V,,0.2549999952316284,0.2549999952316284,0.2549999952316284,0.2549999952316284,500.0
2026-04-09 12:51:00,ESK.V,,0.46000000834465027,0.46000000834465027,0.46000000834465027,0.46000000834465027,2000.0
2026-04-09 12:51:00,FMS.V,,0.3499999940395355,0.3499999940395355,0.3499999940395355,0.3499999940395355,2500.0
2026-04-09 12:51:00,FRED.V,,0.6100000143051147,0.6100000143051147,0.6100000143051147,0.6100000143051147,1000.0
2026-04-09 12:51:00,GRSL.V,,0.32499998807907104,0.32499998807907104,0.32499998807907104,0.32499998807907104,3500.0
2026-04-09 12:51:00,GSVR.V,,0.6399999856948853,0.6399999856948853,0.6399999856948853,0.6399999856948853,55700.0
2026-04-09 12:51:00,HITI.V,,3.190000057220459,3.190000057220459,3.180000066757202,3.180000066757202,410.0
2026-04-09 12:51:00,HIVE.V,,2.9600000381469727,2.9600000381469727,2.950000047683716,2.950000047683716,400.0
2026-04-09 12:51:00,LTH.V,,1.315000057220459,1.3200000524520874,1.315000057220459,1.315000057220459,500.0
2026-04-09 12:51:00,LUCA.V,,1.5,1.5,1.4900000095367432,1.4900000095367432,200.0
2026-04-09 12:51:00,LWR.V,,0.07500000298023224,0.07500000298023224,0.07500000298023224,0.07500000298023224,0.0
2026-04-09 12:51:00,MLP.V,,2.119999885559082,2.119999885559082,2.0950000286102295,2.0950000286102295,9400.0
2026-04-09 12:51:00,PNG.V,,8.539999961853027,8.539999961853027,8.529999732971191,8.529999732971191,1600.0
2026-04-09 12:51:00,ZNG.V,,1.149999976158142,1.149999976158142,1.149999976158142,1.149999976158142,900.0
2026-04-09 12:52:00,GSI.V,,1.2450000047683716,1.2450000047683716,1.2450000047683716,1.2450000047683716,100.0
2026-04-09 12:52:00,GSVR.V,,0.6399999856948853,0.6399999856948853,0.6399999856948853,0.6399999856948853,12500.0
2026-04-09 12:52:00,HIVE.V,,2.9600000381469727,2.9600000381469727,2.9600000381469727,2.9600000381469727,100.0
2026-04-09 12:52:00,HSTR.V,,2.5399999618530273,2.5399999618530273,2.5399999618530273,2.5399999618530273,2200.0
2026-04-09 12:52:00,KRY.V,,3.3399999141693115,3.3399999141693115,3.3399999141693115,3.3399999141693115,305.0
2026-04-09 12:52:00,KTN.V,,1.4600000381469727,1.4600000381469727,1.4600000381469727,1.4600000381469727,7500.0
2026-04-09 12:52:00,LTH.V,,1.315000057220459,1.315000057220459,1.315000057220459,1.315000057220459,400.0
2026-04-09 12:52:00,LVX.V,,0.6499999761581421,0.6499999761581421,0.6499999761581421,0.6499999761581421,500.0
2026-04-09 12:52:00,MLP.V,,2.0999999046325684,2.0999999046325684,2.0999999046325684,2.0999999046325684,100.0
2026-04-09 12:52:00,PNG.V,,8.539999961853027,8.539999961853027,8.539999961853027,8.539999961853027,500.0
2026-04-09 12:53:00,GSI.V,,1.25,1.25,1.25,1.25,300.0
2026-04-09 12:53:00,HIVE.V,,2.9600000381469727,2.9600000381469727,2.9600000381469727,2.9600000381469727,200.0
2026-04-09 12:53:00,HSTR.V,,2.5399999618530273,2.5399999618530273,2.5399999618530273,2.5399999618530273,400.0
2026-04-09 12:53:00,KTN.V,,1.4600000381469727,1.4600000381469727,1.4600000381469727,1.4600000381469727,1000.0
2026-04-09 12:53:00,LTH.V,,1.315000057220459,1.3200000524520874,1.315000057220459,1.3200000524520874,400.0
2026-04-09 12:53:00,LUCA.V,,1.5,1.5,1.5,1.5,100.0
2026-04-09 12:53:00,MLP.V,,2.109999895095825,2.109999895095825,2.109999895095825,2.109999895095825,100.0
2026-04-09 12:53:00,PNG.V,,8.529999732971191,8.539999961853027,8.529999732971191,8.539999961853027,1083.0
2026-04-09 12:53:00,TUF.V,,0.23999999463558197,0.23999999463558197,0.23999999463558197,0.23999999463558197,42000.0
2026-04-09 12:54:00,FAIR.V,,0.07000000029802322,0.07000000029802322,0.07000000029802322,0.07000000029802322,25000.0
2026-04-09 12:54:00,HIVE.V,,2.9549999237060547,2.9600000381469727,2.9549999237060547,2.9600000381469727,1700.0
2026-04-09 12:54:00,LTH.V,,1.315000057220459,1.3200000524520874,1.315000057220459,1.315000057220459,500.0
2026-04-09 12:54:00,LUCA.V,,1.5,1.5,1.4950000047683716,1.4950000047683716,200.0
2026-04-09 12:54:00,LVX.V,,0.6499999761581421,0.6499999761581421,0.6499999761581421,0.6499999761581421,500.0
2026-04-09 12:54:00,PNG.V,,8.529999732971191,8.529999732971191,8.529999732971191,8.529999732971191,100.0
2026-04-09 12:55:00,FAIR.V,,0.07000000029802322,0.07000000029802322,0.07000000029802322,0.07000000029802322,25000.0
2026-04-09 12:55:00,GRDM.V,,0.125,0.125,0.125,0.125,5000.0
2026-04-09 12:55:00,KTN.V,,1.4700000286102295,1.4700000286102295,1.465000033378601,1.465000033378601,3500.0
2026-04-09 12:55:00,LTH.V,,1.315000057220459,1.315000057220459,1.315000057220459,1.315000057220459,300.0
2026-04-09 12:55:00,LUCA.V,,1.4900000095367432,1.5,1.4900000095367432,1.4900000095367432,2800.0
2026-04-09 12:55:00,LVX.V,,0.6499999761581421,0.6499999761581421,0.6499999761581421,0.6499999761581421,500.0
2026-04-09 12:55:00,MLP.V,,2.109999895095825,2.109999895095825,2.109999895095825,2.109999895095825,100.0
2026-04-09 12:56:00,GPAC.V,,0.4699999988079071,0.4699999988079071,0.4699999988079071,0.4699999988079071,500.0
2026-04-09 12:56:00,HI.V,,0.1599999964237213,0.1599999964237213,0.1599999964237213,0.1599999964237213,21500.0
2026-04-09 12:56:00,HIVE.V,,2.950000047683716,2.950000047683716,2.950000047683716,2.950000047683716,5900.0
2026-04-09 12:56:00,KTN.V,,1.4600000381469727,1.4600000381469727,1.4600000381469727,1.4600000381469727,1400.0
2026-04-09 12:56:00,LTH.V,,1.315000057220459,1.3200000524520874,1.315000057220459,1.3200000524520874,400.0
2026-04-09 12:56:00,LUCA.V,,1.4950000047683716,1.4950000047683716,1.4950000047683716,1.4950000047683716,700.0
2026-04-09 12:56:00,MLP.V,,2.109999895095825,2.109999895095825,2.109999895095825,2.109999895095825,100.0
2026-04-09 12:56:00,PNG.V,,8.539999961853027,8.539999961853027,8.539999961853027,8.539999961853027,300.0
2026-04-09 12:57:00,FAIR.V,,0.07000000029802322,0.07000000029802322,0.07000000029802322,0.07000000029802322,6000.0
2026-04-09 12:57:00,FRED.V,,0.6100000143051147,0.6100000143051147,0.6000000238418579,0.6000000238418579,4500.0
2026-04-09 12:57:00,FUU.V,,0.17499999701976776,0.17499999701976776,0.17499999701976776,0.17499999701976776,4288.0
2026-04-09 12:57:00,GPAC.V,,0.4699999988079071,0.4699999988079071,0.4699999988079071,0.4699999988079071,33500.0
2026-04-09 12:57:00,GSVR.V,,0.6399999856948853,0.6399999856948853,0.6399999856948853,0.6399999856948853,8500.0
2026-04-09 12:57:00,HIVE.V,,2.950000047683716,2.950000047683716,2.950000047683716,2.950000047683716,8100.0
2026-04-09 12:57:00,KDK.V,,0.8899999856948853,0.8999999761581421,0.8899999856948853,0.8999999761581421,4000.0
2026-04-09 12:57:00,KFR.V,,0.75,0.75,0.75,0.75,2500.0
2026-04-09 12:57:00,LTH.V,,1.3200000524520874,1.3200000524520874,1.315000057220459,1.315000057220459,11000.0
2026-04-09 12:57:00,LUCA.V,,1.4950000047683716,1.4950000047683716,1.4900000095367432,1.4900000095367432,200.0
2026-04-09 12:57:00,LVX.V,,0.6499999761581421,0.6499999761581421,0.6499999761581421,0.6499999761581421,500.0
2026-04-09 12:57:00,MLP.V,,2.109999895095825,2.109999895095825,2.109999895095825,2.109999895095825,100.0
2026-04-09 12:57:00,PNG.V,,8.529999732971191,8.529999732971191,8.529999732971191,8.529999732971191,868.0
2026-04-09 12:58:00,FPC.V,,0.4000000059604645,0.4000000059604645,0.4000000059604645,0.4000000059604645,500.0
2026-04-09 12:58:00,GGO.V,,0.949999988079071,0.9599999785423279,0.949999988079071,0.9599999785423279,67500.0
2026-04-09 12:58:00,GOT.V,,1.6399999856948853,1.6399999856948853,1.6399999856948853,1.6399999856948853,300.0
2026-04-09 12:58:00,GSVR.V,,0.6499999761581421,0.6499999761581421,0.6499999761581421,0.6499999761581421,14000.0
2026-04-09 12:58:00,HSTR.V,,2.549999952316284,2.549999952316284,2.549999952316284,2.549999952316284,5300.0
2026-04-09 12:58:00,KRI.V,,0.2849999964237213,0.28999999165534973,0.2849999964237213,0.28999999165534973,6500.0
2026-04-09 12:58:00,KTN.V,,1.4500000476837158,1.4500000476837158,1.4299999475479126,1.4500000476837158,26500.0
2026-04-09 12:58:00,LTH.V,,1.3200000524520874,1.3200000524520874,1.315000057220459,1.315000057220459,500.0
2026-04-09 12:58:00,LUCA.V,,1.4900000095367432,1.4900000095367432,1.4900000095367432,1.4900000095367432,200.0
2026-04-09 12:58:00,MLP.V,,2.109999895095825,2.109999895095825,2.109999895095825,2.109999895095825,1800.0
2026-04-09 12:58:00,PNG.V,,8.529999732971191,8.529999732971191,8.529999732971191,8.529999732971191,100.0
2026-04-09 12:59:00,FRED.V,,0.6100000143051147,0.6100000143051147,0.6100000143051147,0.6100000143051147,5000.0
2026-04-09 12:59:00,GSI.V,,1.2599999904632568,1.2799999713897705,1.2599999904632568,1.2699999809265137,16300.0
2026-04-09 12:59:00,HSTR.V,,2.5399999618530273,2.5399999618530273,2.5399999618530273,2.5399999618530273,600.0
2026-04-09 12:59:00,IFOS.V,,3.809999942779541,3.8299999237060547,3.809999942779541,3.8299999237060547,3830.0
2026-04-09 12:59:00,KRY.V,,3.3399999141693115,3.3399999141693115,3.3399999141693115,3.3399999141693115,200.0
2026-04-09 12:59:00,LITH.V,,0.6100000143051147,0.6100000143051147,0.6100000143051147,0.6100000143051147,500.0
2026-04-09 12:59:00,LTH.V,,1.315000057220459,1.315000057220459,1.315000057220459,1.315000057220459,300.0
2026-04-09 12:59:00,LUCA.V,,1.4900000095367432,1.4900000095367432,1.4900000095367432,1.4900000095367432,100.0
2026-04-09 12:59:00,LVX.V,,0.6499999761581421,0.6499999761581421,0.6499999761581421,0.6499999761581421,500.0
2026-04-09 12:59:00,NICU.V,,2.109999895095825,2.109999895095825,2.109999895095825,2.109999895095825,300.0
2026-04-09 13:00:00,EQTY.V,,0.3100000023841858,0.3100000023841858,0.3100000023841858,0.3100000023841858,8500.0
2026-04-09 13:00:00,FRED.V,,0.6100000143051147,0.6100000143051147,0.6100000143051147,0.6100000143051147,1000.0
2026-04-09 13:00:00,GRSL.V,,0.32499998807907104,0.32499998807907104,0.32499998807907104,0.32499998807907104,20500.0
2026-04-09 13:00:00,GWM.V,,0.6600000262260437,0.6600000262260437,0.6600000262260437,0.6600000262260437,500.0
2026-04-09 13:00:00,HIVE.V,,2.950000047683716,2.950000047683716,2.950000047683716,2.950000047683716,1200.0
2026-04-09 13:00:00,HSTR.V,,2.5399999618530273,2.5399999618530273,2.5399999618530273,2.5399999618530273,800.0
2026-04-09 13:00:00,LGC.V,,2.0399999618530273,2.0399999618530273,2.0399999618530273,2.0399999618530273,1600.0
2026-04-09 13:00:00,LTH.V,,1.3200000524520874,1.3200000524520874,1.3200000524520874,1.3200000524520874,100.0
2026-04-09 13:00:00,LUCA.V,,1.4900000095367432,1.4900000095367432,1.4900000095367432,1.4900000095367432,100.0
2026-04-09 13:00:00,LVX.V,,0.6499999761581421,0.6499999761581421,0.6499999761581421,0.6499999761581421,500.0
2026-04-09 13:00:00,MLP.V,,2.0999999046325684,2.0999999046325684,2.0999999046325684,2.0999999046325684,200.0
2026-04-09 13:00:00,PNG.V,,8.5,8.524999618530273,8.489999771118164,8.524999618530273,3912.0
2026-04-09 13:00:00,ZNG.V,,1.1399999856948853,1.1399999856948853,1.1399999856948853,1.1399999856948853,100.0
2026-04-09 13:01:00,EQTY.V,,0.3100000023841858,0.3100000023841858,0.3100000023841858,0.3100000023841858,7000.0
2026-04-09 13:01:00,FBF.V,,0.949999988079071,0.949999988079071,0.949999988079071,0.949999988079071,100.0
2026-04-09 13:01:00,GFM-H.V,,0.3799999952316284,0.3799999952316284,0.3799999952316284,0.3799999952316284,9000.0
2026-04-09 13:01:00,GRSL.V,,0.32499998807907104,0.32499998807907104,0.32499998807907104,0.32499998807907104,2000.0
2026-04-09 13:01:00,GSVR.V,,0.6499999761581421,0.6499999761581421,0.6499999761581421,0.6499999761581421,500.0
2026-04-09 13:01:00,LTH.V,,1.3200000524520874,1.3200000524520874,1.3200000524520874,1.3200000524520874,100.0
2026-04-09 13:01:00,LUCA.V,,1.4900000095367432,1.4950000047683716,1.4900000095367432,1.4950000047683716,200.0
2026-04-09 13:01:00,NICU.V,,2.0999999046325684,2.0999999046325684,2.0999999046325684,2.0999999046325684,1300.0
2026-04-09 13:01:00,PNG.V,,8.479999542236328,8.489999771118164,8.479999542236328,8.489999771118164,1010.0
2026-04-09 13:02:00,GGO.V,,0.949999988079071,0.949999988079071,0.949999988079071,0.949999988079071,9500.0
2026-04-09 13:02:00,GMG.V,,2.1700000762939453,2.1700000762939453,2.1700000762939453,2.1700000762939453,536.0
2026-04-09 13:02:00,GQC.V,,2.2799999713897705,2.2799999713897705,2.2799999713897705,2.2799999713897705,2800.0
2026-04-09 13:02:00,GRSL.V,,0.32499998807907104,0.32499998807907104,0.32499998807907104,0.32499998807907104,5000.0
2026-04-09 13:02:00,GTC.V,,0.17000000178813934,0.17000000178813934,0.17000000178813934,0.17000000178813934,11000.0
2026-04-09 13:02:00,HIVE.V,,2.9600000381469727,2.9600000381469727,2.950000047683716,2.950000047683716,10100.0
2026-04-09 13:02:00,LTH.V,,1.3200000524520874,1.3200000524520874,1.3200000524520874,1.3200000524520874,100.0
2026-04-09 13:02:00,LUCA.V,,1.4900000095367432,1.4900000095367432,1.4900000095367432,1.4900000095367432,100.0
2026-04-09 13:02:00,LVX.V,,0.6499999761581421,0.6499999761581421,0.6499999761581421,0.6499999761581421,500.0
2026-04-09 13:02:00,MLP.V,,2.109999895095825,2.109999895095825,2.109999895095825,2.109999895095825,100.0
2026-04-09 13:03:00,FAIR.V,,0.07000000029802322,0.07000000029802322,0.07000000029802322,0.07000000029802322,45000.0
2026-04-09 13:03:00,GOT.V,,1.6399999856948853,1.6399999856948853,1.6399999856948853,1.6399999856948853,100.0
2026-04-09 13:03:00,GRSL.V,,0.32499998807907104,0.32499998807907104,0.32499998807907104,0.32499998807907104,500.0
2026-04-09 13:03:00,GUN.V,,0.949999988079071,0.949999988079071,0.9399999976158142,0.9399999976158142,0.0
2026-04-09 13:03:00,HIVE.V,,2.9600000381469727,2.9600000381469727,2.9600000381469727,2.9600000381469727,3400.0
2026-04-09 13:03:00,LTH.V,,1.3200000524520874,1.3200000524520874,1.3200000524520874,1.3200000524520874,200.0
2026-04-09 13:03:00,LUCA.V,,1.4950000047683716,1.4950000047683716,1.4900000095367432,1.4900000095367432,200.0
2026-04-09 13:03:00,LVX.V,,0.6399999856948853,0.6399999856948853,0.6399999856948853,0.6399999856948853,13500.0
2026-04-09 13:03:00,MLP.V,,2.109999895095825,2.109999895095825,2.109999895095825,2.109999895095825,100.0
2026-04-09 13:03:00,NURS.V,,2.9800000190734863,2.9800000190734863,2.940000057220459,2.940000057220459,7100.0
2026-04-09 13:03:00,ROAR.V,,0.25999999046325684,0.25999999046325684,0.25999999046325684,0.25999999046325684,500.0
2026-04-09 13:04:00,GSTM.V,,0.22499999403953552,0.22499999403953552,0.22499999403953552,0.22499999403953552,2000.0
2026-04-09 13:04:00,GSVR.V,,0.6499999761581421,0.6499999761581421,0.6499999761581421,0.6499999761581421,500.0
2026-04-09 13:04:00,LTH.V,,1.309999942779541,1.3200000524520874,1.309999942779541,1.309999942779541,600.0
2026-04-09 13:04:00,LUCA.V,,1.4900000095367432,1.4900000095367432,1.4900000095367432,1.4900000095367432,100.0
2026-04-09 13:04:00,NICU.V,,2.0999999046325684,2.0999999046325684,2.0999999046325684,2.0999999046325684,1300.0
2026-04-09 13:04:00,NURS.V,,2.9200000762939453,2.9200000762939453,2.9200000762939453,2.9200000762939453,900.0
2026-04-09 13:04:00,PNG.V,,8.510000228881836,8.510000228881836,8.5,8.5,4500.0
2026-04-09 13:05:00,FPC.V,,0.39500001072883606,0.39500001072883606,0.39500001072883606,0.39500001072883606,500.0
2026-04-09 13:05:00,GOT.V,,1.6399999856948853,1.6399999856948853,1.6399999856948853,1.6399999856948853,1700.0
2026-04-09 13:05:00,GRI.V,,0.019999999552965164,0.019999999552965164,0.019999999552965164,0.019999999552965164,8000.0
2026-04-09 13:05:00,GSVR.V,,0.6399999856948853,0.6399999856948853,0.6399999856948853,0.6399999856948853,23500.0
2026-04-09 13:05:00,HEVI.V,,0.20000000298023224,0.20499999821186066,0.20000000298023224,0.20250000059604645,5000.0
2026-04-09 13:05:00,LTH.V,,1.3300000429153442,1.340000033378601,1.315000057220459,1.3200000524520874,61100.0
2026-04-09 13:05:00,LUCA.V,,1.4950000047683716,1.4950000047683716,1.4900000095367432,1.4900000095367432,200.0
2026-04-09 13:05:00,MLP.V,,2.109999895095825,2.109999895095825,2.109999895095825,2.109999895095825,100.0
2026-04-09 13:05:00,PNG.V,,8.510000228881836,8.510000228881836,8.510000228881836,8.510000228881836,100.0
2026-04-09 13:05:00,SCAN.V,,7.150000095367432,7.25,7.150000095367432,7.25,600.0
2026-04-09 13:06:00,GQC.V,,2.2799999713897705,2.2799999713897705,2.2799999713897705,2.2799999713897705,100.0
2026-04-09 13:06:00,GRSL.V,,0.32499998807907104,0.32499998807907104,0.32499998807907104,0.32499998807907104,68271.0
2026-04-09 13:06:00,HIVE.V,,2.9700000286102295,2.9700000286102295,2.9700000286102295,2.9700000286102295,900.0
2026-04-09 13:06:00,LTH.V,,1.3300000429153442,1.3300000429153442,1.3300000429153442,1.3300000429153442,200.0
2026-04-09 13:06:00,LUCA.V,,1.4950000047683716,1.4950000047683716,1.4950000047683716,1.4950000047683716,100.0
2026-04-09 13:06:00,MLP.V,,2.109999895095825,2.109999895095825,2.109999895095825,2.109999895095825,100.0
2026-04-09 13:06:00,NICU.V,,2.0999999046325684,2.0999999046325684,2.0999999046325684,2.0999999046325684,1900.0
2026-04-09 13:06:00,NURS.V,,2.930000066757202,2.930000066757202,2.930000066757202,2.930000066757202,5100.0
2026-04-09 13:07:00,FAIR.V,,0.07000000029802322,0.07000000029802322,0.07000000029802322,0.07000000029802322,29000.0
2026-04-09 13:07:00,GPG.V,,0.4000000059604645,0.4000000059604645,0.4000000059604645,0.4000000059604645,4500.0
2026-04-09 13:07:00,LTH.V,,1.3250000476837158,1.3300000429153442,1.3250000476837158,1.3300000429153442,300.0
2026-04-09 13:07:00,LUCA.V,,1.4900000095367432,1.4900000095367432,1.4900000095367432,1.4900000095367432,100.0
2026-04-09 13:07:00,MENE.V,,0.1899999976158142,0.1899999976158142,0.1899999976158142,0.1899999976158142,0.0
2026-04-09 13:07:00,NICU.V,,2.0999999046325684,2.0999999046325684,2.0999999046325684,2.0999999046325684,1200.0
2026-04-09 13:07:00,PNG.V,,8.550000190734863,8.550000190734863,8.539999961853027,8.539999961853027,900.0
2026-04-09 13:08:00,HITI.V,,3.180000066757202,3.180000066757202,3.180000066757202,3.180000066757202,100.0
2026-04-09 13:08:00,HIVE.V,,2.9700000286102295,2.9700000286102295,2.9700000286102295,2.9700000286102295,29300.0
2026-04-09 13:08:00,KALO.V,,0.20999999344348907,0.20999999344348907,0.20999999344348907,0.20999999344348907,0.0
2026-04-09 13:08:00,KFR.V,,0.7599999904632568,0.7599999904632568,0.7599999904632568,0.7599999904632568,11000.0
2026-04-09 13:08:00,LTH.V,,1.3300000429153442,1.3300000429153442,1.3250000476837158,1.3250000476837158,700.0
2026-04-09 13:08:00,LUCA.V,,1.4950000047683716,1.4950000047683716,1.4950000047683716,1.4950000047683716,200.0
2026-04-09 13:08:00,MLP.V,,2.109999895095825,2.109999895095825,2.109999895095825,2.109999895095825,100.0
2026-04-09 13:08:00,NICU.V,,2.0999999046325684,2.0999999046325684,2.0999999046325684,2.0999999046325684,1200.0
2026-04-09 13:08:00,PNG.V,,8.539999961853027,8.539999961853027,8.539999961853027,8.539999961853027,157.0
2026-04-09 13:08:00,TUF.V,,0.23999999463558197,0.23999999463558197,0.23999999463558197,0.23999999463558197,29500.0
2026-04-09 13:09:00,GQC.V,,2.2799999713897705,2.2799999713897705,2.2799999713897705,2.2799999713897705,100.0
2026-04-09 13:09:00,GSVR.V,,0.6399999856948853,0.6399999856948853,0.6399999856948853,0.6399999856948853,33100.0
2026-04-09 13:09:00,HAPB.V,,0.03999999910593033,0.03999999910593033,0.03999999910593033,0.03999999910593033,191000.0
2026-04-09 13:09:00,HITI.V,,3.180000066757202,3.180000066757202,3.180000066757202,3.180000066757202,700.0
2026-04-09 13:09:00,IB.V,,0.1850000023841858,0.1850000023841858,0.1850000023841858,0.1850000023841858,13500.0
2026-04-09 13:09:00,LTH.V,,1.3300000429153442,1.3300000429153442,1.3250000476837158,1.3250000476837158,400.0
2026-04-09 13:09:00,LUCA.V,,1.4950000047683716,1.4950000047683716,1.4950000047683716,1.4950000047683716,200.0
2026-04-09 13:09:00,MLP.V,,2.119999885559082,2.119999885559082,2.119999885559082,2.119999885559082,4400.0
2026-04-09 13:09:00,PNG.V,,8.550000190734863,8.550000190734863,8.550000190734863,8.550000190734863,1000.0
2026-04-09 13:10:00,EMM.V,,0.07500000298023224,0.07500000298023224,0.07500000298023224,0.07500000298023224,0.0
2026-04-09 13:10:00,HAN.V,,0.6100000143051147,0.6100000143051147,0.6100000143051147,0.6100000143051147,4000.0
2026-04-09 13:10:00,HAPB.V,,0.03999999910593033,0.03999999910593033,0.03999999910593033,0.03999999910593033,216000.0
2026-04-09 13:10:00,HSTR.V,,2.549999952316284,2.549999952316284,2.549999952316284,2.549999952316284,100.0
2026-04-09 13:10:00,IFOS.V,,3.809999942779541,3.819999933242798,3.809999942779541,3.819999933242798,200.0
2026-04-09 13:10:00,LSL.V,,0.38999998569488525,0.38999998569488525,0.38999998569488525,0.38999998569488525,3500.0
2026-04-09 13:10:00,LTH.V,,1.3300000429153442,1.3300000429153442,1.3250000476837158,1.3300000429153442,300.0
2026-04-09 13:10:00,LUCA.V,,1.4950000047683716,1.4950000047683716,1.4950000047683716,1.4950000047683716,100.0
2026-04-09 13:10:00,MGM.V,,2.549999952316284,2.549999952316284,2.549999952316284,2.549999952316284,1000.0
2026-04-09 13:10:00,MLP.V,,2.119999885559082,2.119999885559082,2.119999885559082,2.119999885559082,400.0
2026-04-09 13:10:00,ZNG.V,,1.149999976158142,1.149999976158142,1.1399999856948853,1.1399999856948853,11375.0
2026-04-09 13:11:00,EMM.V,,0.07500000298023224,0.07500000298023224,0.07500000298023224,0.07500000298023224,16000.0
2026-04-09 13:11:00,EMN.V,,0.14499999582767487,0.14499999582767487,0.14499999582767487,0.14499999582767487,1000.0
2026-04-09 13:11:00,FPC.V,,0.39500001072883606,0.39500001072883606,0.39500001072883606,0.39500001072883606,500.0
2026-04-09 13:11:00,GSI.V,,1.25,1.25,1.25,1.25,100.0
2026-04-09 13:11:00,LTH.V,,1.3250000476837158,1.3300000429153442,1.3250000476837158,1.3300000429153442,500.0
2026-04-09 13:11:00,LUCA.V,,1.4950000047683716,1.4950000047683716,1.4900000095367432,1.4900000095367432,300.0
2026-04-09 13:12:00,GQC.V,,2.2799999713897705,2.2799999713897705,2.2799999713897705,2.2799999713897705,100.0
2026-04-09 13:12:00,GSI.V,,1.2599999904632568,1.2599999904632568,1.2599999904632568,1.2599999904632568,800.0
2026-04-09 13:12:00,GUN.V,,0.9599999785423279,0.9599999785423279,0.9599999785423279,0.9599999785423279,7000.0
2026-04-09 13:12:00,HAN.V,,0.6100000143051147,0.6100000143051147,0.6100000143051147,0.6100000143051147,1500.0
2026-04-09 13:12:00,HIVE.V,,2.9800000190734863,2.9800000190734863,2.9800000190734863,2.9800000190734863,100.0
2026-04-09 13:12:00,LTH.V,,1.3250000476837158,1.3300000429153442,1.3250000476837158,1.3250000476837158,600.0
2026-04-09 13:12:00,LUCA.V,,1.4900000095367432,1.4950000047683716,1.4900000095367432,1.4950000047683716,400.0
2026-04-09 13:12:00,MCS.V,,2.0899999141693115,2.0899999141693115,2.0899999141693115,2.0899999141693115,100.0
2026-04-09 13:12:00,PNG.V,,8.550000190734863,8.550000190734863,8.550000190734863,8.550000190734863,100.0
2026-04-09 13:13:00,ESK.V,,0.44999998807907104,0.45500001311302185,0.44999998807907104,0.45500001311302185,10500.0
2026-04-09 13:13:00,GRG.V,,0.06499999761581421,0.06499999761581421,0.06499999761581421,0.06499999761581421,2500.0
2026-04-09 13:13:00,LTH.V,,1.3300000429153442,1.3300000429153442,1.3300000429153442,1.3300000429153442,4000.0
2026-04-09 13:13:00,LUCA.V,,1.4900000095367432,1.4950000047683716,1.4900000095367432,1.4950000047683716,200.0
2026-04-09 13:13:00,NICU.V,,2.0999999046325684,2.109999895095825,2.0999999046325684,2.0999999046325684,2900.0
2026-04-09 13:13:00,NURS.V,,2.9800000190734863,2.9800000190734863,2.9700000286102295,2.9700000286102295,600.0
2026-04-09 13:13:00,ZNG.V,,1.1699999570846558,1.1699999570846558,1.159999966621399,1.159999966621399,13700.0
2026-04-09 13:14:00,HIVE.V,,2.9700000286102295,2.9749999046325684,2.9700000286102295,2.9749999046325684,1300.0
2026-04-09 13:14:00,IFOS.V,,3.799999952316284,3.799999952316284,3.799999952316284,3.799999952316284,700.0
2026-04-09 13:14:00,LTH.V,,1.3300000429153442,1.3300000429153442,1.3300000429153442,1.3300000429153442,300.0
2026-04-09 13:14:00,LUCA.V,,1.4900000095367432,1.4950000047683716,1.4900000095367432,1.4950000047683716,200.0
2026-04-09 13:14:00,MGM.V,,2.549999952316284,2.549999952316284,2.549999952316284,2.549999952316284,1000.0
2026-04-09 13:14:00,PNG.V,,8.550000190734863,8.550000190734863,8.550000190734863,8.550000190734863,185.0
2026-04-09 13:15:00,HAPB.V,,0.05000000074505806,0.05000000074505806,0.04500000178813934,0.04500000178813934,11000.0
2026-04-09 13:15:00,HIVE.V,,2.9800000190734863,2.9800000190734863,2.9800000190734863,2.9800000190734863,100.0
2026-04-09 13:15:00,HSTR.V,,2.549999952316284,2.549999952316284,2.549999952316284,2.549999952316284,25800.0
2026-04-09 13:15:00,LITH.V,,0.6100000143051147,0.6100000143051147,0.6100000143051147,0.6100000143051147,500.0
2026-04-09 13:15:00,LTH.V,,1.3300000429153442,1.3300000429153442,1.3300000429153442,1.3300000429153442,400.0
2026-04-09 13:15:00,LUCA.V,,1.4900000095367432,1.4900000095367432,1.4900000095367432,1.4900000095367432,100.0
2026-04-09 13:15:00,MGM.V,,2.559999942779541,2.559999942779541,2.559999942779541,2.559999942779541,2830.0
2026-04-09 13:15:00,NICU.V,,2.0999999046325684,2.0999999046325684,2.0999999046325684,2.0999999046325684,585.0
2026-04-09 13:15:00,NURS.V,,2.940000057220459,2.950000047683716,2.940000057220459,2.950000047683716,900.0
2026-04-09 13:15:00,PNG.V,,8.539999961853027,8.550000190734863,8.539999961853027,8.550000190734863,539.0
2026-04-09 13:16:00,GLAD.V,,1.2999999523162842,1.2999999523162842,1.2899999618530273,1.2999999523162842,1800.0
2026-04-09 13:16:00,GOT.V,,1.6399999856948853,1.6399999856948853,1.6399999856948853,1.6399999856948853,221.0
2026-04-09 13:16:00,GQC.V,,2.2699999809265137,2.2699999809265137,2.2699999809265137,2.2699999809265137,4900.0
2026-04-09 13:16:00,HIVE.V,,2.9800000190734863,2.9800000190734863,2.9800000190734863,2.9800000190734863,168.0
2026-04-09 13:16:00,KGS.V,,0.125,0.125,0.125,0.125,6000.0
2026-04-09 13:16:00,LTH.V,,1.3300000429153442,1.3300000429153442,1.3300000429153442,1.3300000429153442,300.0
2026-04-09 13:16:00,LUCA.V,,1.4900000095367432,1.4950000047683716,1.4900000095367432,1.4950000047683716,1800.0
2026-04-09 13:16:00,MLP.V,,2.119999885559082,2.119999885559082,2.119999885559082,2.119999885559082,2395.0
2026-04-09 13:16:00,NURS.V,,2.930000066757202,2.940000057220459,2.930000066757202,2.940000057220459,700.0
2026-04-09 13:16:00,PNG.V,,8.569999694824219,8.569999694824219,8.550000190734863,8.550000190734863,55191.0
2026-04-09 13:17:00,GSVR.V,,0.6399999856948853,0.6399999856948853,0.6399999856948853,0.6399999856948853,1600.0
2026-04-09 13:17:00,HI.V,,0.1599999964237213,0.1599999964237213,0.1599999964237213,0.1599999964237213,38000.0
2026-04-09 13:17:00,HITI.V,,3.1700000762939453,3.1700000762939453,3.1700000762939453,3.1700000762939453,100.0
2026-04-09 13:17:00,KFR.V,,0.7599999904632568,0.7599999904632568,0.7599999904632568,0.7599999904632568,5000.0
2026-04-09 13:17:00,LTH.V,,1.340000033378601,1.340000033378601,1.340000033378601,1.340000033378601,100.0
2026-04-09 13:17:00,LUCA.V,,1.4900000095367432,1.4900000095367432,1.4900000095367432,1.4900000095367432,100.0
2026-04-09 13:17:00,LVG.V,,0.3149999976158142,0.3149999976158142,0.3149999976158142,0.3149999976158142,2500.0
2026-04-09 13:17:00,MLP.V,,2.119999885559082,2.119999885559082,2.119999885559082,2.119999885559082,300.0
2026-04-09 13:17:00,PNG.V,,8.569999694824219,8.569999694824219,8.569999694824219,8.569999694824219,1200.0
2026-04-09 13:17:00,ZNG.V,,1.159999966621399,1.159999966621399,1.159999966621399,1.159999966621399,5000.0
2026-04-09 13:18:00,FPC.V,,0.39500001072883606,0.39500001072883606,0.39500001072883606,0.39500001072883606,500.0
2026-04-09 13:18:00,GSI.V,,1.2549999952316284,1.2549999952316284,1.2549999952316284,1.2549999952316284,100.0
2026-04-09 13:18:00,GSR.V,,0.5099999904632568,0.5099999904632568,0.5099999904632568,0.5099999904632568,12000.0
2026-04-09 13:18:00,HAPB.V,,0.05000000074505806,0.05000000074505806,0.05000000074505806,0.05000000074505806,163000.0
2026-04-09 13:18:00,HIVE.V,,2.9800000190734863,2.9800000190734863,2.9800000190734863,2.9800000190734863,100.0
2026-04-09 13:18:00,LITH.V,,0.6100000143051147,0.6100000143051147,0.6100000143051147,0.6100000143051147,500.0
2026-04-09 13:18:00,LTH.V,,1.3350000381469727,1.3350000381469727,1.3350000381469727,1.3350000381469727,100.0
2026-04-09 13:18:00,LUCA.V,,1.4950000047683716,1.4950000047683716,1.4900000095367432,1.4950000047683716,300.0
2026-04-09 13:18:00,MLP.V,,2.119999885559082,2.119999885559082,2.119999885559082,2.119999885559082,300.0
2026-04-09 13:19:00,EQTY.V,,0.3149999976158142,0.3149999976158142,0.3149999976158142,0.3149999976158142,23500.0
2026-04-09 13:19:00,HIVE.V,,2.9749999046325684,2.9749999046325684,2.9700000286102295,2.9700000286102295,896.0
2026-04-09 13:19:00,KTN.V,,1.4600000381469727,1.4600000381469727,1.4500000476837158,1.4500000476837158,1900.0
2026-04-09 13:19:00,KTO.V,,0.8199999928474426,0.8199999928474426,0.8199999928474426,0.8199999928474426,6500.0
2026-04-09 13:19:00,LTH.V,,1.3350000381469727,1.3350000381469727,1.3350000381469727,1.3350000381469727,100.0
2026-04-09 13:19:00,LUCA.V,,1.4900000095367432,1.4900000095367432,1.4900000095367432,1.4900000095367432,100.0
2026-04-09 13:19:00,LVG.V,,0.3149999976158142,0.3149999976158142,0.3149999976158142,0.3149999976158142,3500.0
2026-04-09 13:19:00,MLP.V,,2.109999895095825,2.109999895095825,2.109999895095825,2.109999895095825,100.0
2026-04-09 13:19:00,NURS.V,,2.930000066757202,2.930000066757202,2.930000066757202,2.930000066757202,500.0
2026-04-09 13:19:00,PNG.V,,8.600000381469727,8.600000381469727,8.579999923706055,8.579999923706055,30371.0
2026-04-09 13:20:00,EPF.V,,0.4300000071525574,0.4300000071525574,0.4300000071525574,0.4300000071525574,22000.0
2026-04-09 13:20:00,GOT.V,,1.6399999856948853,1.6399999856948853,1.6349999904632568,1.6349999904632568,1800.0
2026-04-09 13:20:00,GPAC.V,,0.45500001311302185,0.45500001311302185,0.45500001311302185,0.45500001311302185,500.0
2026-04-09 13:20:00,HCH.V,,1.5,1.5,1.5,1.5,100.0
2026-04-09 13:20:00,IFOS.V,,3.809999942779541,3.809999942779541,3.809999942779541,3.809999942779541,100.0
2026-04-09 13:20:00,LUCA.V,,1.4900000095367432,1.4900000095367432,1.4900000095367432,1.4900000095367432,100.0
2026-04-09 13:20:00,PNG.V,,8.600000381469727,8.619999885559082,8.600000381469727,8.619999885559082,8600.0
2026-04-09 13:21:00,HIVE.V,,2.9700000286102295,2.9749999046325684,2.9700000286102295,2.9749999046325684,600.0
2026-04-09 13:21:00,KFR.V,,0.7699999809265137,0.7699999809265137,0.7699999809265137,0.7699999809265137,9500.0
2026-04-09 13:21:00,LTH.V,,1.3350000381469727,1.3350000381469727,1.3350000381469727,1.3350000381469727,100.0
2026-04-09 13:21:00,LUCA.V,,1.4900000095367432,1.4900000095367432,1.4900000095367432,1.4900000095367432,100.0
2026-04-09 13:21:00,MLP.V,,2.109999895095825,2.109999895095825,2.109999895095825,2.109999895095825,3500.0
2026-04-09 13:21:00,NICU.V,,2.119999885559082,2.119999885559082,2.0999999046325684,2.0999999046325684,7000.0
2026-04-09 13:21:00,NURS.V,,2.880000114440918,2.9200000762939453,2.880000114440918,2.9200000762939453,8602.0
2026-04-09 13:21:00,PNG.V,,8.604999542236328,8.604999542236328,8.600000381469727,8.600000381469727,1500.0
2026-04-09 13:21:00,ROAR.V,,0.2549999952316284,0.2549999952316284,0.2549999952316284,0.2549999952316284,500.0
2026-04-09 13:22:00,GGO.V,,0.9399999976158142,0.949999988079071,0.9300000071525574,0.949999988079071,145550.0
2026-04-09 13:22:00,GQC.V,,2.2799999713897705,2.2799999713897705,2.2799999713897705,2.2799999713897705,100.0
2026-04-09 13:22:00,HITI.V,,3.1700000762939453,3.1700000762939453,3.1700000762939453,3.1700000762939453,100.0
2026-04-09 13:22:00,HIVE.V,,2.9700000286102295,2.9749999046325684,2.9700000286102295,2.9700000286102295,13300.0
2026-04-09 13:22:00,LTH.V,,1.3350000381469727,1.3350000381469727,1.3350000381469727,1.3350000381469727,100.0
2026-04-09 13:22:00,LUCA.V,,1.4900000095367432,1.4900000095367432,1.4900000095367432,1.4900000095367432,200.0
2026-04-09 13:22:00,NICU.V,,2.109999895095825,2.109999895095825,2.1050000190734863,2.109999895095825,1900.0
2026-04-09 13:23:00,HITI.V,,3.1700000762939453,3.1700000762939453,3.1700000762939453,3.1700000762939453,100.0
2026-04-09 13:23:00,HIVE.V,,2.9700000286102295,2.9700000286102295,2.9700000286102295,2.9700000286102295,6500.0
2026-04-09 13:23:00,HSTR.V,,2.549999952316284,2.549999952316284,2.549999952316284,2.549999952316284,100.0
2026-04-09 13:23:00,IFOS.V,,3.799999952316284,3.799999952316284,3.799999952316284,3.799999952316284,146.0
2026-04-09 13:23:00,LAB.V,,0.07500000298023224,0.07500000298023224,0.07500000298023224,0.07500000298023224,6000.0
2026-04-09 13:23:00,LUCA.V,,1.4900000095367432,1.4900000095367432,1.4900000095367432,1.4900000095367432,100.0
2026-04-09 13:23:00,NURS.V,,2.9000000953674316,2.9000000953674316,2.859999895095825,2.869999885559082,7746.0
2026-04-09 13:23:00,PNG.V,,8.619999885559082,8.619999885559082,8.609999656677246,8.609999656677246,1734.0
2026-04-09 13:24:00,GGO.V,,0.9399999976158142,0.9399999976158142,0.9200000166893005,0.9300000071525574,115500.0
2026-04-09 13:24:00,GQC.V,,2.2799999713897705,2.2799999713897705,2.2799999713897705,2.2799999713897705,100.0
2026-04-09 13:24:00,GSR.V,,0.5099999904632568,0.5099999904632568,0.5099999904632568,0.5099999904632568,25000.0
2026-04-09 13:24:00,HIVE.V,,2.9700000286102295,2.9749999046325684,2.9700000286102295,2.9749999046325684,18232.0
2026-04-09 13:24:00,LTH.V,,1.3350000381469727,1.3350000381469727,1.3350000381469727,1.3350000381469727,100.0
2026-04-09 13:24:00,LUCA.V,,1.4900000095367432,1.4900000095367432,1.4900000095367432,1.4900000095367432,100.0
2026-04-09 13:24:00,MJS.V,,0.14499999582767487,0.14499999582767487,0.14499999582767487,0.14499999582767487,500.0
2026-04-09 13:24:00,MMG.V,,0.29499998688697815,0.29499998688697815,0.29499998688697815,0.29499998688697815,1100.0
2026-04-09 13:25:00,FPC.V,,0.39500001072883606,0.4000000059604645,0.39500001072883606,0.39500001072883606,2500.0
2026-04-09 13:25:00,GSI.V,,1.2549999952316284,1.2549999952316284,1.2549999952316284,1.2549999952316284,100.0
2026-04-09 13:25:00,HIVE.V,,2.9700000286102295,2.9700000286102295,2.9600000381469727,2.9600000381469727,2500.0
2026-04-09 13:25:00,KTN.V,,1.4500000476837158,1.4500000476837158,1.4500000476837158,1.4500000476837158,900.0
2026-04-09 13:25:00,KTO.V,,0.8199999928474426,0.8199999928474426,0.8199999928474426,0.8199999928474426,9500.0
2026-04-09 13:25:00,LTH.V,,1.3350000381469727,1.3350000381469727,1.3350000381469727,1.3350000381469727,100.0
2026-04-09 13:25:00,LUCA.V,,1.4900000095367432,1.4900000095367432,1.4900000095367432,1.4900000095367432,100.0
2026-04-09 13:25:00,LVG.V,,0.3149999976158142,0.3149999976158142,0.3149999976158142,0.3149999976158142,1500.0
2026-04-09 13:25:00,NICU.V,,2.0999999046325684,2.1050000190734863,2.0999999046325684,2.1050000190734863,9100.0
2026-04-09 13:25:00,PNG.V,,8.609999656677246,8.609999656677246,8.609999656677246,8.609999656677246,100.0
2026-04-09 13:26:00,EQTY.V,,0.3149999976158142,0.3149999976158142,0.3149999976158142,0.3149999976158142,12307.0
2026-04-09 13:26:00,FPC.V,,0.39500001072883606,0.39500001072883606,0.39500001072883606,0.39500001072883606,1000.0
2026-04-09 13:26:00,GGO.V,,0.9399999976158142,0.9399999976158142,0.9399999976158142,0.9399999976158142,6000.0
2026-04-09 13:26:00,GMG.V,,2.180000066757202,2.180000066757202,2.180000066757202,2.180000066757202,2700.0
2026-04-09 13:26:00,GSVR.V,,0.6399999856948853,0.6399999856948853,0.6399999856948853,0.6399999856948853,7732.0
2026-04-09 13:26:00,HITI.V,,3.1700000762939453,3.1700000762939453,3.1700000762939453,3.1700000762939453,200.0
2026-04-09 13:26:00,HIVE.V,,2.9700000286102295,2.9700000286102295,2.9700000286102295,2.9700000286102295,300.0
2026-04-09 13:26:00,IPT.V,,0.24500000476837158,0.24500000476837158,0.24500000476837158,0.24500000476837158,1500.0
2026-04-09 13:26:00,LTH.V,,1.3350000381469727,1.3350000381469727,1.3350000381469727,1.3350000381469727,100.0
2026-04-09 13:26:00,LUCA.V,,1.4900000095367432,1.4900000095367432,1.4900000095367432,1.4900000095367432,100.0
2026-04-09 13:26:00,MGM.V,,2.549999952316284,2.559999942779541,2.549999952316284,2.559999942779541,5100.0
2026-04-09 13:26:00,PNG.V,,8.609999656677246,8.630000114440918,8.609999656677246,8.619999885559082,1025.0
2026-04-09 13:27:00,GMG.V,,2.180000066757202,2.180000066757202,2.180000066757202,2.180000066757202,100.0
2026-04-09 13:27:00,GQC.V,,2.2799999713897705,2.2799999713897705,2.2699999809265137,2.2799999713897705,2700.0
2026-04-09 13:27:00,GSVR.V,,0.6499999761581421,0.6499999761581421,0.6399999856948853,0.6399999856948853,205206.0
2026-04-09 13:27:00,HIVE.V,,2.9600000381469727,2.9600000381469727,2.9600000381469727,2.9600000381469727,3700.0
2026-04-09 13:27:00,LUCA.V,,1.4800000190734863,1.4900000095367432,1.4800000190734863,1.4900000095367432,6600.0
2026-04-09 13:27:00,PNG.V,,8.630000114440918,8.640000343322754,8.630000114440918,8.630000114440918,1426.0
2026-04-09 13:28:00,FUU.V,,0.17499999701976776,0.17499999701976776,0.17499999701976776,0.17499999701976776,1000.0
2026-04-09 13:28:00,GPAC.V,,0.46000000834465027,0.46000000834465027,0.46000000834465027,0.46000000834465027,1000.0
2026-04-09 13:28:00,GPM.V,,0.07999999821186066,0.07999999821186066,0.07999999821186066,0.07999999821186066,2000.0
2026-04-09 13:28:00,GQC.V,,2.2799999713897705,2.2799999713897705,2.2799999713897705,2.2799999713897705,100.0
2026-04-09 13:28:00,HITI.V,,3.1700000762939453,3.1700000762939453,3.1700000762939453,3.1700000762939453,100.0
2026-04-09 13:28:00,HSTR.V,,2.549999952316284,2.549999952316284,2.549999952316284,2.549999952316284,5500.0
2026-04-09 13:28:00,LTH.V,,1.340000033378601,1.340000033378601,1.3350000381469727,1.3350000381469727,200.0
2026-04-09 13:28:00,LUCA.V,,1.4800000190734863,1.4800000190734863,1.4800000190734863,1.4800000190734863,200.0
2026-04-09 13:28:00,MLP.V,,2.109999895095825,2.109999895095825,2.109999895095825,2.109999895095825,200.0
2026-04-09 13:28:00,PNG.V,,8.640000343322754,8.640000343322754,8.640000343322754,8.640000343322754,213.0
2026-04-09 13:29:00,GSI.V,,1.2549999952316284,1.2549999952316284,1.2549999952316284,1.2549999952316284,100.0
2026-04-09 13:29:00,HITI.V,,3.1700000762939453,3.1700000762939453,3.1700000762939453,3.1700000762939453,200.0
2026-04-09 13:29:00,HIVE.V,,2.9649999141693115,2.9649999141693115,2.9600000381469727,2.9600000381469727,200.0
2026-04-09 13:29:00,HSTR.V,,2.549999952316284,2.549999952316284,2.549999952316284,2.549999952316284,100.0
2026-04-09 13:29:00,IFOS.V,,3.7899999618530273,3.7899999618530273,3.7899999618530273,3.7899999618530273,100.0
2026-04-09 13:29:00,LIO.V,,0.24500000476837158,0.24500000476837158,0.24500000476837158,0.24500000476837158,11500.0
2026-04-09 13:29:00,LTH.V,,1.340000033378601,1.340000033378601,1.340000033378601,1.340000033378601,100.0
2026-04-09 13:29:00,LUCA.V,,1.4800000190734863,1.4800000190734863,1.4800000190734863,1.4800000190734863,100.0
2026-04-09 13:29:00,MLP.V,,2.109999895095825,2.109999895095825,2.109999895095825,2.109999895095825,300.0
2026-04-09 13:29:00,PNG.V,,8.600000381469727,8.640000343322754,8.600000381469727,8.640000343322754,2200.0
2026-04-09 13:29:00,ROAR.V,,0.25,0.2549999952316284,0.25,0.2549999952316284,7500.0
2026-04-09 13:30:00,GEL.V,,0.13500000536441803,0.13500000536441803,0.13500000536441803,0.13500000536441803,1340.0
2026-04-09 13:30:00,GGO.V,,0.9399999976158142,0.9399999976158142,0.9300000071525574,0.9300000071525574,44500.0
2026-04-09 13:30:00,GWM.V,,0.6600000262260437,0.6600000262260437,0.6600000262260437,0.6600000262260437,500.0
2026-04-09 13:30:00,HCH.V,,1.5,1.5,1.5,1.5,3200.0
2026-04-09 13:30:00,HIVE.V,,2.9600000381469727,2.9600000381469727,2.9600000381469727,2.9600000381469727,5968.0
2026-04-09 13:30:00,HSTR.V,,2.569999933242798,2.569999933242798,2.549999952316284,2.549999952316284,45200.0
2026-04-09 13:30:00,IFOS.V,,3.799999952316284,3.799999952316284,3.799999952316284,3.799999952316284,1000.0
2026-04-09 13:30:00,LUCA.V,,1.4800000190734863,1.4800000190734863,1.4800000190734863,1.4800000190734863,100.0
2026-04-09 13:30:00,ROAR.V,,0.2549999952316284,0.2549999952316284,0.25,0.25,85500.0
2026-04-09 13:31:00,GSI.V,,1.2549999952316284,1.2549999952316284,1.2549999952316284,1.2549999952316284,100.0
2026-04-09 13:31:00,GSR.V,,0.5,0.5099999904632568,0.5,0.5099999904632568,16000.0
2026-04-09 13:31:00,HVG.V,,0.05999999865889549,0.05999999865889549,0.05999999865889549,0.05999999865889549,5000.0
2026-04-09 13:31:00,KTN.V,,1.4500000476837158,1.4500000476837158,1.4500000476837158,1.4500000476837158,500.0
2026-04-09 13:31:00,LTH.V,,1.340000033378601,1.340000033378601,1.340000033378601,1.340000033378601,100.0
2026-04-09 13:31:00,LUCA.V,,1.4800000190734863,1.4800000190734863,1.4800000190734863,1.4800000190734863,100.0
2026-04-09 13:31:00,LVG.V,,0.3149999976158142,0.3149999976158142,0.3149999976158142,0.3149999976158142,2000.0
2026-04-09 13:31:00,MMG.V,,0.29499998688697815,0.29499998688697815,0.29499998688697815,0.29499998688697815,10000.0
2026-04-09 13:31:00,NURS.V,,2.890000104904175,2.9000000953674316,2.890000104904175,2.9000000953674316,3400.0
2026-04-09 13:31:00,PNG.V,,8.600000381469727,8.600000381469727,8.600000381469727,8.600000381469727,2100.0
2026-04-09 13:32:00,GGO.V,,0.949999988079071,0.9599999785423279,0.9399999976158142,0.9399999976158142,25500.0
2026-04-09 13:32:00,HIVE.V,,2.9600000381469727,2.9600000381469727,2.9600000381469727,2.9600000381469727,100.0
2026-04-09 13:32:00,KRI.V,,0.3100000023841858,0.3100000023841858,0.3100000023841858,0.3100000023841858,500.0
2026-04-09 13:32:00,LITH.V,,0.6100000143051147,0.6100000143051147,0.6100000143051147,0.6100000143051147,500.0
2026-04-09 13:32:00,LTH.V,,1.340000033378601,1.340000033378601,1.340000033378601,1.340000033378601,100.0
2026-04-09 13:32:00,LUCA.V,,1.4800000190734863,1.4800000190734863,1.4800000190734863,1.4800000190734863,200.0
2026-04-09 13:32:00,MLP.V,,2.109999895095825,2.109999895095825,2.109999895095825,2.109999895095825,100.0
2026-04-09 13:32:00,NICU.V,,2.0999999046325684,2.1050000190734863,2.0999999046325684,2.0999999046325684,5200.0
2026-04-09 13:32:00,PNG.V,,8.609999656677246,8.609999656677246,8.609999656677246,8.609999656677246,700.0
2026-04-09 13:33:00,FMS.V,,0.35499998927116394,0.35499998927116394,0.35499998927116394,0.35499998927116394,9000.0
2026-04-09 13:33:00,FPC.V,,0.4000000059604645,0.4000000059604645,0.4000000059604645,0.4000000059604645,500.0
2026-04-09 13:33:00,GGO.V,,0.9700000286102295,0.9700000286102295,0.949999988079071,0.949999988079071,6000.0
2026-04-09 13:33:00,HITI.V,,3.1700000762939453,3.1700000762939453,3.1700000762939453,3.1700000762939453,100.0
2026-04-09 13:33:00,HIVE.V,,2.950000047683716,2.950000047683716,2.950000047683716,2.950000047683716,2020.0
2026-04-09 13:33:00,LTH.V,,1.3300000429153442,1.340000033378601,1.3300000429153442,1.340000033378601,7200.0
2026-04-09 13:33:00,LUCA.V,,1.4900000095367432,1.4900000095367432,1.4800000190734863,1.4800000190734863,4300.0
2026-04-09 13:33:00,LVG.V,,0.3149999976158142,0.3149999976158142,0.3149999976158142,0.3149999976158142,2000.0
2026-04-09 13:33:00,MLP.V,,2.109999895095825,2.109999895095825,2.109999895095825,2.109999895095825,100.0
2026-04-09 13:33:00,NURS.V,,2.9000000953674316,2.9000000953674316,2.9000000953674316,2.9000000953674316,200.0
2026-04-09 13:33:00,PNG.V,,8.569999694824219,8.600000381469727,8.5,8.600000381469727,28569.0
2026-04-09 13:34:00,GQC.V,,2.2799999713897705,2.2799999713897705,2.2799999713897705,2.2799999713897705,100.0
2026-04-09 13:34:00,GRSL.V,,0.33000001311302185,0.33000001311302185,0.33000001311302185,0.33000001311302185,1000.0
2026-04-09 13:34:00,GWM.V,,0.6600000262260437,0.6600000262260437,0.6600000262260437,0.6600000262260437,500.0
2026-04-09 13:34:00,HSTR.V,,2.569999933242798,2.569999933242798,2.569999933242798,2.569999933242798,100.0
2026-04-09 13:34:00,IPT.V,,0.24500000476837158,0.24500000476837158,0.24500000476837158,0.24500000476837158,3500.0
2026-04-09 13:34:00,LTH.V,,1.3300000429153442,1.3300000429153442,1.3300000429153442,1.3300000429153442,900.0
2026-04-09 13:34:00,MLP.V,,2.109999895095825,2.109999895095825,2.109999895095825,2.109999895095825,100.0
2026-04-09 13:34:00,PNG.V,,8.579999923706055,8.59000015258789,8.579999923706055,8.59000015258789,300.0
2026-04-09 13:35:00,GLD.V,,0.10000000149011612,0.10000000149011612,0.10000000149011612,0.10000000149011612,3000.0
2026-04-09 13:35:00,HIVE.V,,2.950000047683716,2.950000047683716,2.950000047683716,2.950000047683716,1500.0
2026-04-09 13:35:00,LTH.V,,1.3300000429153442,1.3300000429153442,1.3300000429153442,1.3300000429153442,300.0
2026-04-09 13:35:00,NICU.V,,2.0999999046325684,2.0999999046325684,2.0999999046325684,2.0999999046325684,400.0
2026-04-09 13:36:00,GMG.V,,2.1700000762939453,2.1700000762939453,2.1700000762939453,2.1700000762939453,1100.0
2026-04-09 13:36:00,LCX.V,,1.9900000095367432,1.9900000095367432,1.9800000190734863,1.9800000190734863,12900.0
2026-04-09 13:36:00,MLP.V,,2.109999895095825,2.119999885559082,2.109999895095825,2.109999895095825,2000.0
2026-04-09 13:36:00,PNG.V,,8.600000381469727,8.600000381469727,8.600000381469727,8.600000381469727,100.0
2026-04-09 13:37:00,GMG.V,,2.1700000762939453,2.1700000762939453,2.1700000762939453,2.1700000762939453,1100.0
2026-04-09 13:37:00,GQC.V,,2.2799999713897705,2.2799999713897705,2.2799999713897705,2.2799999713897705,100.0
2026-04-09 13:37:00,GSI.V,,1.2549999952316284,1.2549999952316284,1.2549999952316284,1.2549999952316284,100.0
2026-04-09 13:37:00,GSVR.V,,0.6499999761581421,0.6499999761581421,0.6499999761581421,0.6499999761581421,134500.0
2026-04-09 13:37:00,GTC.V,,0.16500000655651093,0.17000000178813934,0.16500000655651093,0.17000000178813934,27500.0
2026-04-09 13:37:00,HSTR.V,,2.5799999237060547,2.5799999237060547,2.569999933242798,2.569999933242798,5400.0
2026-04-09 13:37:00,MJS.V,,0.14499999582767487,0.14499999582767487,0.14499999582767487,0.14499999582767487,10000.0
2026-04-09 13:37:00,NICU.V,,2.0999999046325684,2.0999999046325684,2.0999999046325684,2.0999999046325684,1300.0
2026-04-09 13:37:00,PNG.V,,8.600000381469727,8.600000381469727,8.600000381469727,8.600000381469727,1175.0
2026-04-09 13:37:00,ZNG.V,,1.1799999475479126,1.1799999475479126,1.1799999475479126,1.1799999475479126,100.0
2026-04-09 13:38:00,FAIR.V,,0.07500000298023224,0.07500000298023224,0.07500000298023224,0.07500000298023224,30000.0
2026-04-09 13:38:00,FRED.V,,0.6200000047683716,0.6200000047683716,0.6200000047683716,0.6200000047683716,23000.0
2026-04-09 13:38:00,GOT.V,,1.6399999856948853,1.6399999856948853,1.6399999856948853,1.6399999856948853,100.0
2026-04-09 13:38:00,GSVR.V,,0.6499999761581421,0.6499999761581421,0.6499999761581421,0.6499999761581421,74000.0
2026-04-09 13:38:00,HIVE.V,,2.9600000381469727,2.9600000381469727,2.9600000381469727,2.9600000381469727,20300.0
2026-04-09 13:38:00,HSTR.V,,2.5799999237060547,2.5899999141693115,2.5799999237060547,2.5899999141693115,3800.0
2026-04-09 13:38:00,HWY.V,,0.41999998688697815,0.41999998688697815,0.41999998688697815,0.41999998688697815,0.0
2026-04-09 13:38:00,MFG.V,,4.429999828338623,4.5,4.429999828338623,4.5,400.0
2026-04-09 13:38:00,MLP.V,,2.109999895095825,2.109999895095825,2.109999895095825,2.109999895095825,100.0
2026-04-09 13:38:00,MTX.V,,0.009999999776482582,0.009999999776482582,0.009999999776482582,0.009999999776482582,100000.0
2026-04-09 13:38:00,NICU.V,,2.0999999046325684,2.0999999046325684,2.0999999046325684,2.0999999046325684,1300.0
2026-04-09 13:38:00,NURS.V,,2.9000000953674316,2.9000000953674316,2.890000104904175,2.890000104904175,10600.0
2026-04-09 13:38:00,PNG.V,,8.59000015258789,8.600000381469727,8.59000015258789,8.600000381469727,1600.0
2026-04-09 13:39:00,FPC.V,,0.39500001072883606,0.39500001072883606,0.39500001072883606,0.39500001072883606,20000.0
2026-04-09 13:39:00,GSVR.V,,0.6499999761581421,0.6499999761581421,0.6499999761581421,0.6499999761581421,500.0
2026-04-09 13:39:00,HITI.V,,3.180000066757202,3.180000066757202,3.180000066757202,3.180000066757202,100.0
2026-04-09 13:39:00,HIVE.V,,2.9700000286102295,2.9800000190734863,2.9700000286102295,2.9700000286102295,3400.0
2026-04-09 13:39:00,HSTR.V,,2.5850000381469727,2.5850000381469727,2.5850000381469727,2.5850000381469727,100.0
2026-04-09 13:39:00,MFG.V,,4.429999828338623,4.429999828338623,4.429999828338623,4.429999828338623,100.0
2026-04-09 13:39:00,MJS.V,,0.14499999582767487,0.14499999582767487,0.14499999582767487,0.14499999582767487,100000.0
2026-04-09 13:39:00,MTX.V,,0.009999999776482582,0.009999999776482582,0.009999999776482582,0.009999999776482582,20000.0
2026-04-09 13:39:00,NURS.V,,2.890000104904175,2.890000104904175,2.890000104904175,2.890000104904175,2500.0
2026-04-09 13:40:00,GSI.V,,1.2999999523162842,1.2999999523162842,1.2599999904632568,1.2599999904632568,35000.0
2026-04-09 13:40:00,GWM.V,,0.6700000166893005,0.6700000166893005,0.6700000166893005,0.6700000166893005,22340.0
2026-04-09 13:40:00,HEVI.V,,0.20499999821186066,0.20499999821186066,0.20499999821186066,0.20499999821186066,1500.0
2026-04-09 13:40:00,HIVE.V,,2.9700000286102295,2.9700000286102295,2.9700000286102295,2.9700000286102295,100.0
2026-04-09 13:40:00,HSTR.V,,2.5799999237060547,2.5799999237060547,2.5799999237060547,2.5799999237060547,100.0
2026-04-09 13:40:00,LUCA.V,,1.4900000095367432,1.4900000095367432,1.4900000095367432,1.4900000095367432,100.0
2026-04-09 13:40:00,LVG.V,,0.3149999976158142,0.3149999976158142,0.3149999976158142,0.3149999976158142,1500.0
2026-04-09 13:40:00,MLP.V,,2.109999895095825,2.109999895095825,2.109999895095825,2.109999895095825,100.0
2026-04-09 13:40:00,PNG.V,,8.600000381469727,8.619999885559082,8.59000015258789,8.59000015258789,4619.0
2026-04-09 13:40:00,ZNG.V,,1.1699999570846558,1.1699999570846558,1.1699999570846558,1.1699999570846558,5000.0
2026-04-09 13:41:00,FPC.V,,0.4000000059604645,0.4000000059604645,0.4000000059604645,0.4000000059604645,500.0
2026-04-09 13:41:00,FUU.V,,0.17499999701976776,0.17499999701976776,0.17499999701976776,0.17499999701976776,11000.0
2026-04-09 13:41:00,GGO.V,,0.9599999785423279,0.9599999785423279,0.9599999785423279,0.9599999785423279,11000.0
2026-04-09 13:41:00,GPAC.V,,0.46000000834465027,0.46000000834465027,0.46000000834465027,0.46000000834465027,500.0
2026-04-09 13:41:00,GQC.V,,2.299999952316284,2.299999952316284,2.2799999713897705,2.2799999713897705,8727.0
2026-04-09 13:41:00,GSI.V,,1.2999999523162842,1.2999999523162842,1.2999999523162842,1.2999999523162842,3800.0
2026-04-09 13:41:00,HIVE.V,,2.9700000286102295,2.9700000286102295,2.9700000286102295,2.9700000286102295,2372.0
2026-04-09 13:41:00,HSTR.V,,2.5850000381469727,2.5850000381469727,2.5850000381469727,2.5850000381469727,400.0
2026-04-09 13:41:00,KC.V,,0.36000001430511475,0.36500000953674316,0.36000001430511475,0.36500000953674316,51500.0
2026-04-09 13:41:00,NICU.V,,2.0999999046325684,2.0999999046325684,2.0999999046325684,2.0999999046325684,7500.0
2026-04-09 13:41:00,PNG.V,,8.59000015258789,8.59000015258789,8.59000015258789,8.59000015258789,200.0
2026-04-09 13:41:00,ROAR.V,,0.2549999952316284,0.2549999952316284,0.2549999952316284,0.2549999952316284,10500.0
2026-04-09 13:42:00,GMG.V,,2.180000066757202,2.180000066757202,2.180000066757202,2.180000066757202,1800.0
2026-04-09 13:42:00,GOT.V,,1.6399999856948853,1.6399999856948853,1.6399999856948853,1.6399999856948853,100.0
2026-04-09 13:42:00,GPAC.V,,0.46000000834465027,0.46000000834465027,0.46000000834465027,0.46000000834465027,1500.0
2026-04-09 13:42:00,HHH.V,,5.769999980926514,5.769999980926514,5.769999980926514,5.769999980926514,2500.0
2026-04-09 13:42:00,HIVE.V,,2.9700000286102295,2.9700000286102295,2.9700000286102295,2.9700000286102295,200.0
2026-04-09 13:42:00,HSTR.V,,2.5799999237060547,2.5799999237060547,2.5799999237060547,2.5799999237060547,200.0
2026-04-09 13:42:00,KTO.V,,0.8199999928474426,0.8199999928474426,0.8199999928474426,0.8199999928474426,4000.0
2026-04-09 13:42:00,LUCA.V,,1.4950000047683716,1.4950000047683716,1.4950000047683716,1.4950000047683716,100.0
2026-04-09 13:42:00,LXE.V,,0.25,0.25,0.2199999988079071,0.2199999988079071,0.0
2026-04-09 13:42:00,NICU.V,,2.0999999046325684,2.1050000190734863,2.0999999046325684,2.0999999046325684,9500.0
2026-04-09 13:42:00,PNG.V,,8.59000015258789,8.59000015258789,8.59000015258789,8.59000015258789,100.0
2026-04-09 13:42:00,ZNG.V,,1.1699999570846558,1.1699999570846558,1.1699999570846558,1.1699999570846558,400.0
2026-04-09 13:43:00,GQC.V,,2.299999952316284,2.299999952316284,2.299999952316284,2.299999952316284,100.0
2026-04-09 13:43:00,GSVR.V,,0.6499999761581421,0.6499999761581421,0.6499999761581421,0.6499999761581421,15500.0
2026-04-09 13:43:00,HIVE.V,,2.9700000286102295,2.9700000286102295,2.9700000286102295,2.9700000286102295,1125.0
2026-04-09 13:43:00,HVG.V,,0.05999999865889549,0.05999999865889549,0.05999999865889549,0.05999999865889549,2000.0
2026-04-09 13:43:00,KTO.V,,0.8199999928474426,0.8199999928474426,0.8199999928474426,0.8199999928474426,12000.0
2026-04-09 13:43:00,LIO.V,,0.24500000476837158,0.24500000476837158,0.24500000476837158,0.24500000476837158,20000.0
2026-04-09 13:43:00,LUCA.V,,1.5,1.5,1.5,1.5,1100.0
2026-04-09 13:43:00,LVG.V,,0.3149999976158142,0.3149999976158142,0.3149999976158142,0.3149999976158142,2000.0
2026-04-09 13:43:00,LVX.V,,0.6499999761581421,0.6499999761581421,0.6499999761581421,0.6499999761581421,12000.0
2026-04-09 13:43:00,MLP.V,,2.109999895095825,2.109999895095825,2.109999895095825,2.109999895095825,100.0
2026-04-09 13:44:00,GSVR.V,,0.6499999761581421,0.6499999761581421,0.6499999761581421,0.6499999761581421,18000.0
2026-04-09 13:44:00,HIVE.V,,2.9700000286102295,2.9700000286102295,2.9700000286102295,2.9700000286102295,1200.0
2026-04-09 13:44:00,HPL.V,,0.10999999940395355,0.10999999940395355,0.10999999940395355,0.10999999940395355,43500.0
2026-04-09 13:44:00,HSTR.V,,2.5899999141693115,2.5899999141693115,2.5899999141693115,2.5899999141693115,300.0
2026-04-09 13:44:00,LIO.V,,0.24500000476837158,0.24500000476837158,0.24500000476837158,0.24500000476837158,19000.0
2026-04-09 13:44:00,LTH.V,,1.3300000429153442,1.3300000429153442,1.3300000429153442,1.3300000429153442,200.0
2026-04-09 13:44:00,MLP.V,,2.109999895095825,2.109999895095825,2.109999895095825,2.109999895095825,400.0
2026-04-09 13:44:00,NICU.V,,2.109999895095825,2.109999895095825,2.0999999046325684,2.0999999046325684,3400.0
2026-04-09 13:44:00,PNG.V,,8.59000015258789,8.59000015258789,8.59000015258789,8.59000015258789,500.0
2026-04-09 13:45:00,GGO.V,,0.9800000190734863,0.9800000190734863,0.9700000286102295,0.9700000286102295,8000.0
2026-04-09 13:45:00,GOT.V,,1.649999976158142,1.649999976158142,1.6399999856948853,1.6399999856948853,6000.0
2026-04-09 13:45:00,GQC.V,,2.299999952316284,2.299999952316284,2.299999952316284,2.299999952316284,100.0
2026-04-09 13:45:00,GSI.V,,1.2899999618530273,1.2899999618530273,1.2899999618530273,1.2899999618530273,4000.0
2026-04-09 13:45:00,HSTR.V,,2.5899999141693115,2.5950000286102295,2.5899999141693115,2.5899999141693115,1400.0
2026-04-09 13:45:00,IVS.V,,0.23000000417232513,0.23000000417232513,0.23000000417232513,0.23000000417232513,3000.0
2026-04-09 13:45:00,KRI.V,,0.30000001192092896,0.30000001192092896,0.30000001192092896,0.30000001192092896,500.0
2026-04-09 13:45:00,KRY.V,,3.3299999237060547,3.3299999237060547,3.3299999237060547,3.3299999237060547,100.0
2026-04-09 13:45:00,LIO.V,,0.24500000476837158,0.24500000476837158,0.24500000476837158,0.24500000476837158,31000.0
2026-04-09 13:45:00,LTH.V,,1.3300000429153442,1.3300000429153442,1.3250000476837158,1.3300000429153442,300.0
2026-04-09 13:45:00,LUCA.V,,1.5,1.5,1.5,1.5,100.0
2026-04-09 13:45:00,LVX.V,,0.6499999761581421,0.6499999761581421,0.6499999761581421,0.6499999761581421,500.0
2026-04-09 13:45:00,MFG.V,,4.429999828338623,4.429999828338623,4.429999828338623,4.429999828338623,300.0
2026-04-09 13:45:00,PNG.V,,8.579999923706055,8.600000381469727,8.579999923706055,8.595000267028809,1200.0
2026-04-09 13:46:00,FRED.V,,0.6200000047683716,0.6200000047683716,0.6200000047683716,0.6200000047683716,7000.0
2026-04-09 13:46:00,GOT.V,,1.6399999856948853,1.6399999856948853,1.6399999856948853,1.6399999856948853,800.0
2026-04-09 13:46:00,GQC.V,,2.299999952316284,2.299999952316284,2.299999952316284,2.299999952316284,100.0
2026-04-09 13:46:00,GRDM.V,,0.11999999731779099,0.11999999731779099,0.11999999731779099,0.11999999731779099,2500.0
2026-04-09 13:46:00,GRZ.V,,5.619999885559082,5.619999885559082,5.619999885559082,5.619999885559082,100.0
2026-04-09 13:46:00,HEVI.V,,0.20499999821186066,0.20499999821186066,0.20499999821186066,0.20499999821186066,3500.0
2026-04-09 13:46:00,HIVE.V,,2.9749999046325684,2.9749999046325684,2.9749999046325684,2.9749999046325684,2600.0
2026-04-09 13:46:00,HSTR.V,,2.609999895095825,2.609999895095825,2.5999999046325684,2.5999999046325684,5100.0
2026-04-09 13:46:00,LCX.V,,1.9900000095367432,1.9900000095367432,1.9900000095367432,1.9900000095367432,1300.0
2026-04-09 13:46:00,LTH.V,,1.3300000429153442,1.3300000429153442,1.3300000429153442,1.3300000429153442,100.0
2026-04-09 13:46:00,LVG.V,,0.3174999952316284,0.3174999952316284,0.3174999952316284,0.3174999952316284,1500.0
2026-04-09 13:46:00,MLP.V,,2.109999895095825,2.109999895095825,2.109999895095825,2.109999895095825,100.0
2026-04-09 13:46:00,MN.V,,0.11500000208616257,0.11500000208616257,0.11500000208616257,0.11500000208616257,0.0
2026-04-09 13:46:00,NICU.V,,2.0999999046325684,2.0999999046325684,2.0999999046325684,2.0999999046325684,900.0
2026-04-09 13:46:00,PNG.V,,8.579999923706055,8.600000381469727,8.579999923706055,8.600000381469727,1400.0
2026-04-09 13:47:00,FPC.V,,0.39500001072883606,0.39500001072883606,0.39500001072883606,0.39500001072883606,2000.0
2026-04-09 13:47:00,FUU.V,,0.17499999701976776,0.17499999701976776,0.17499999701976776,0.17499999701976776,34512.0
2026-04-09 13:47:00,GMG.V,,2.1700000762939453,2.1700000762939453,2.1700000762939453,2.1700000762939453,100.0
2026-04-09 13:47:00,GOT.V,,1.6399999856948853,1.6399999856948853,1.6399999856948853,1.6399999856948853,200.0
2026-04-09 13:47:00,GQC.V,,2.299999952316284,2.299999952316284,2.299999952316284,2.299999952316284,100.0
2026-04-09 13:47:00,GSVR.V,,0.6499999761581421,0.6499999761581421,0.6499999761581421,0.6499999761581421,16756.0
2026-04-09 13:47:00,HEVI.V,,0.20999999344348907,0.20999999344348907,0.20499999821186066,0.20499999821186066,4500.0
2026-04-09 13:47:00,HITI.V,,3.190000057220459,3.190000057220459,3.180000066757202,3.180000066757202,2400.0
2026-04-09 13:47:00,HIVE.V,,2.9749999046325684,2.9749999046325684,2.9749999046325684,2.9749999046325684,100.0
2026-04-09 13:47:00,LUCA.V,,1.5,1.5,1.5,1.5,100.0
2026-04-09 13:47:00,LVX.V,,0.6499999761581421,0.6499999761581421,0.6499999761581421,0.6499999761581421,1500.0
2026-04-09 13:47:00,MLP.V,,2.119999885559082,2.119999885559082,2.109999895095825,2.109999895095825,4600.0
2026-04-09 13:47:00,NICU.V,,2.109999895095825,2.109999895095825,2.109999895095825,2.109999895095825,300.0
2026-04-09 13:47:00,PNG.V,,8.600000381469727,8.600000381469727,8.600000381469727,8.600000381469727,100.0
2026-04-09 13:48:00,GOT.V,,1.6399999856948853,1.6399999856948853,1.6399999856948853,1.6399999856948853,200.0
2026-04-09 13:48:00,HEVI.V,,0.20000000298023224,0.20000000298023224,0.20000000298023224,0.20000000298023224,2000.0
2026-04-09 13:48:00,HIVE.V,,2.9700000286102295,2.9700000286102295,2.9700000286102295,2.9700000286102295,602.0
2026-04-09 13:48:00,IVS.V,,0.23000000417232513,0.23000000417232513,0.23000000417232513,0.23000000417232513,10000.0
2026-04-09 13:48:00,LCX.V,,1.9700000286102295,1.9700000286102295,1.9700000286102295,1.9700000286102295,7800.0
2026-04-09 13:48:00,LTH.V,,1.3300000429153442,1.3300000429153442,1.3300000429153442,1.3300000429153442,200.0
2026-04-09 13:48:00,LVX.V,,0.6499999761581421,0.6499999761581421,0.6499999761581421,0.6499999761581421,500.0
2026-04-09 13:48:00,MGM.V,,2.5799999237060547,2.5799999237060547,2.5799999237060547,2.5799999237060547,2600.0
2026-04-09 13:48:00,NICU.V,,2.109999895095825,2.109999895095825,2.109999895095825,2.109999895095825,2200.0
2026-04-09 13:48:00,PNG.V,,8.600000381469727,8.600000381469727,8.600000381469727,8.600000381469727,500.0
2026-04-09 13:48:00,ROAR.V,,0.2549999952316284,0.2549999952316284,0.2549999952316284,0.2549999952316284,11000.0
2026-04-09 13:49:00,GQC.V,,2.299999952316284,2.299999952316284,2.299999952316284,2.299999952316284,100.0
2026-04-09 13:49:00,GRSL.V,,0.33000001311302185,0.33000001311302185,0.33000001311302185,0.33000001311302185,51563.0
2026-04-09 13:49:00,HCH.V,,1.5,1.5,1.5,1.5,100.0
2026-04-09 13:49:00,HSTR.V,,2.609999895095825,2.609999895095825,2.609999895095825,2.609999895095825,500.0
2026-04-09 13:49:00,LITH.V,,0.6100000143051147,0.6100000143051147,0.6100000143051147,0.6100000143051147,500.0
2026-04-09 13:49:00,LTH.V,,1.3300000429153442,1.3300000429153442,1.3300000429153442,1.3300000429153442,100.0
2026-04-09 13:49:00,PNG.V,,8.600000381469727,8.600000381469727,8.600000381469727,8.600000381469727,200.0
2026-04-09 13:50:00,GGO.V,,0.9900000095367432,0.9900000095367432,0.9900000095367432,0.9900000095367432,4000.0
2026-04-09 13:50:00,GQC.V,,2.299999952316284,2.299999952316284,2.299999952316284,2.299999952316284,100.0
2026-04-09 13:50:00,GSI.V,,1.2899999618530273,1.2899999618530273,1.2899999618530273,1.2899999618530273,100.0
2026-04-09 13:50:00,GSVR.V,,0.6499999761581421,0.6499999761581421,0.6499999761581421,0.6499999761581421,20000.0
2026-04-09 13:50:00,HIVE.V,,2.9700000286102295,2.9700000286102295,2.9700000286102295,2.9700000286102295,276.0
2026-04-09 13:50:00,HSTR.V,,2.609999895095825,2.609999895095825,2.609999895095825,2.609999895095825,700.0
2026-04-09 13:50:00,IPT.V,,0.25,0.25,0.24500000476837158,0.24500000476837158,74893.0
2026-04-09 13:50:00,LUCA.V,,1.5,1.5,1.4950000047683716,1.4950000047683716,200.0
2026-04-09 13:50:00,LVX.V,,0.6499999761581421,0.6499999761581421,0.6499999761581421,0.6499999761581421,500.0
2026-04-09 13:50:00,MLP.V,,2.0999999046325684,2.109999895095825,2.0999999046325684,2.109999895095825,600.0
2026-04-09 13:50:00,PNG.V,,8.579999923706055,8.579999923706055,8.579999923706055,8.579999923706055,1000.0
2026-04-09 13:50:00,ROAR.V,,0.2549999952316284,0.2549999952316284,0.2549999952316284,0.2549999952316284,3000.0
2026-04-09 13:50:00,ZNG.V,,1.159999966621399,1.159999966621399,1.159999966621399,1.159999966621399,1500.0
2026-04-09 13:51:00,HIVE.V,,2.9700000286102295,2.9700000286102295,2.9700000286102295,2.9700000286102295,100.0
2026-04-09 13:51:00,HSTR.V,,2.615000009536743,2.615000009536743,2.615000009536743,2.615000009536743,300.0
2026-04-09 13:51:00,KCC.V,,0.9100000262260437,0.9100000262260437,0.9100000262260437,0.9100000262260437,2000.0
2026-04-09 13:51:00,LUCA.V,,1.4900000095367432,1.4900000095367432,1.4900000095367432,1.4900000095367432,100.0
2026-04-09 13:51:00,PNG.V,,8.579999923706055,8.600000381469727,8.579999923706055,8.59000015258789,1511.0
2026-04-09 13:52:00,GQC.V,,2.299999952316284,2.299999952316284,2.299999952316284,2.299999952316284,100.0
2026-04-09 13:52:00,GSI.V,,1.309999942779541,1.309999942779541,1.2999999523162842,1.2999999523162842,4800.0
2026-04-09 13:52:00,HIVE.V,,2.9700000286102295,2.9700000286102295,2.9700000286102295,2.9700000286102295,100.0
2026-04-09 13:52:00,HSTR.V,,2.615000009536743,2.615000009536743,2.609999895095825,2.609999895095825,300.0
2026-04-09 13:52:00,LGC.V,,2.049999952316284,2.049999952316284,2.049999952316284,2.049999952316284,3300.0
2026-04-09 13:52:00,LTH.V,,1.3300000429153442,1.3300000429153442,1.3300000429153442,1.3300000429153442,100.0
2026-04-09 13:52:00,LUCA.V,,1.4900000095367432,1.4900000095367432,1.4900000095367432,1.4900000095367432,100.0
2026-04-09 13:52:00,LVX.V,,0.6499999761581421,0.6499999761581421,0.6499999761581421,0.6499999761581421,500.0
2026-04-09 13:52:00,MJS.V,,0.14499999582767487,0.14499999582767487,0.14499999582767487,0.14499999582767487,11000.0
2026-04-09 13:52:00,NURS.V,,2.9200000762939453,2.9200000762939453,2.9200000762939453,2.9200000762939453,2600.0
2026-04-09 13:53:00,GOT.V,,1.649999976158142,1.649999976158142,1.649999976158142,1.649999976158142,304.0
2026-04-09 13:53:00,GQC.V,,2.299999952316284,2.299999952316284,2.299999952316284,2.299999952316284,100.0
2026-04-09 13:53:00,HIVE.V,,2.9600000381469727,2.9700000286102295,2.9600000381469727,2.9700000286102295,21210.0
2026-04-09 13:53:00,HSTR.V,,2.609999895095825,2.615000009536743,2.609999895095825,2.615000009536743,200.0
2026-04-09 13:53:00,LTH.V,,1.3300000429153442,1.3300000429153442,1.3300000429153442,1.3300000429153442,100.0
2026-04-09 13:53:00,LUCA.V,,1.4900000095367432,1.4900000095367432,1.4900000095367432,1.4900000095367432,100.0
2026-04-09 13:53:00,LVX.V,,0.6499999761581421,0.6499999761581421,0.6499999761581421,0.6499999761581421,500.0
2026-04-09 13:53:00,NICU.V,,2.115000009536743,2.115000009536743,2.115000009536743,2.115000009536743,100.0
2026-04-09 13:53:00,NURS.V,,2.940000057220459,2.940000057220459,2.930000066757202,2.930000066757202,5400.0
2026-04-09 13:53:00,PNG.V,,8.600000381469727,8.600000381469727,8.600000381469727,8.600000381469727,200.0
2026-04-09 13:53:00,ZNG.V,,1.1699999570846558,1.1699999570846558,1.1699999570846558,1.1699999570846558,600.0
2026-04-09 13:54:00,GSI.V,,1.3200000524520874,1.3200000524520874,1.3200000524520874,1.3200000524520874,600.0
2026-04-09 13:54:00,HSTR.V,,2.619999885559082,2.619999885559082,2.619999885559082,2.619999885559082,2800.0
2026-04-09 13:54:00,KFR.V,,0.7799999713897705,0.7799999713897705,0.7799999713897705,0.7799999713897705,1000.0
2026-04-09 13:54:00,LTH.V,,1.3250000476837158,1.3250000476837158,1.3250000476837158,1.3250000476837158,100.0
2026-04-09 13:54:00,LUCA.V,,1.4950000047683716,1.4950000047683716,1.4950000047683716,1.4950000047683716,100.0
2026-04-09 13:54:00,LVX.V,,0.6499999761581421,0.6499999761581421,0.6499999761581421,0.6499999761581421,500.0
2026-04-09 13:54:00,PNG.V,,8.569999694824219,8.595000267028809,8.539999961853027,8.59000015258789,3503.0
2026-04-09 13:55:00,GQC.V,,2.299999952316284,2.299999952316284,2.299999952316284,2.299999952316284,2000.0
2026-04-09 13:55:00,GSI.V,,1.3300000429153442,1.3300000429153442,1.3300000429153442,1.3300000429153442,500.0
2026-04-09 13:55:00,LCX.V,,1.9900000095367432,1.9900000095367432,1.9800000190734863,1.9800000190734863,2100.0
2026-04-09 13:55:00,LUCA.V,,1.4900000095367432,1.4900000095367432,1.4900000095367432,1.4900000095367432,100.0
2026-04-09 13:55:00,NICU.V,,2.119999885559082,2.119999885559082,2.119999885559082,2.119999885559082,100.0
2026-04-09 13:55:00,PNG.V,,8.550000190734863,8.550000190734863,8.550000190734863,8.550000190734863,190.0
2026-04-09 13:56:00,GRSL.V,,0.33000001311302185,0.33000001311302185,0.33000001311302185,0.33000001311302185,500.0
2026-04-09 13:56:00,GSR.V,,0.5099999904632568,0.5099999904632568,0.5099999904632568,0.5099999904632568,3000.0
2026-04-09 13:56:00,HSTR.V,,2.609999895095825,2.609999895095825,2.5999999046325684,2.609999895095825,10500.0
2026-04-09 13:56:00,KRY.V,,3.369999885559082,3.369999885559082,3.359999895095825,3.359999895095825,7300.0
2026-04-09 13:56:00,LTH.V,,1.3300000429153442,1.3300000429153442,1.3300000429153442,1.3300000429153442,100.0
2026-04-09 13:56:00,LUCA.V,,1.4900000095367432,1.4900000095367432,1.4900000095367432,1.4900000095367432,100.0
2026-04-09 13:56:00,LVX.V,,0.6499999761581421,0.6499999761581421,0.6499999761581421,0.6499999761581421,500.0
2026-04-09 13:56:00,NICU.V,,2.119999885559082,2.119999885559082,2.119999885559082,2.119999885559082,100.0
2026-04-09 13:56:00,PNG.V,,8.550000190734863,8.550000190734863,8.550000190734863,8.550000190734863,100.0
2026-04-09 13:57:00,GPAC.V,,0.46000000834465027,0.46000000834465027,0.46000000834465027,0.46000000834465027,500.0
2026-04-09 13:57:00,GQC.V,,2.319999933242798,2.319999933242798,2.319999933242798,2.319999933242798,100.0
2026-04-09 13:57:00,GSVR.V,,0.6499999761581421,0.6499999761581421,0.6499999761581421,0.6499999761581421,500.0
2026-04-09 13:57:00,HIVE.V,,2.9649999141693115,2.9649999141693115,2.9649999141693115,2.9649999141693115,900.0
2026-04-09 13:57:00,LGC.V,,2.069999933242798,2.069999933242798,2.069999933242798,2.069999933242798,100.0
2026-04-09 13:57:00,LTH.V,,1.3300000429153442,1.3300000429153442,1.3300000429153442,1.3300000429153442,100.0
2026-04-09 13:57:00,LUCA.V,,1.4950000047683716,1.4950000047683716,1.4900000095367432,1.4900000095367432,200.0
2026-04-09 13:57:00,PNG.V,,8.539999961853027,8.539999961853027,8.539999961853027,8.539999961853027,100.0
2026-04-09 13:58:00,GOT.V,,1.649999976158142,1.649999976158142,1.6399999856948853,1.6399999856948853,400.0
2026-04-09 13:58:00,HITI.V,,3.190000057220459,3.190000057220459,3.190000057220459,3.190000057220459,100.0
2026-04-09 13:58:00,HIVE.V,,2.9649999141693115,2.9649999141693115,2.9649999141693115,2.9649999141693115,200.0
2026-04-09 13:58:00,HSTR.V,,2.609999895095825,2.609999895095825,2.609999895095825,2.609999895095825,500.0
2026-04-09 13:58:00,IFOS.V,,3.809999942779541,3.809999942779541,3.809999942779541,3.809999942779541,3800.0
2026-04-09 13:58:00,LGC.V,,2.0799999237060547,2.0799999237060547,2.069999933242798,2.069999933242798,700.0
2026-04-09 13:58:00,LUCA.V,,1.4950000047683716,1.4950000047683716,1.4950000047683716,1.4950000047683716,200.0
2026-04-09 13:58:00,LVX.V,,0.6499999761581421,0.6499999761581421,0.6499999761581421,0.6499999761581421,500.0
2026-04-09 13:58:00,MCS.V,,2.1600000858306885,2.1600000858306885,2.1600000858306885,2.1600000858306885,1000.0
2026-04-09 13:58:00,MLP.V,,2.0999999046325684,2.0999999046325684,2.0999999046325684,2.0999999046325684,300.0
2026-04-09 13:58:00,NURS.V,,3.0,3.009999990463257,3.0,3.0,3887.0
2026-04-09 13:58:00,PNG.V,,8.539999961853027,8.539999961853027,8.510000228881836,8.510000228881836,7000.0
2026-04-09 13:59:00,GQC.V,,2.319999933242798,2.319999933242798,2.319999933242798,2.319999933242798,100.0
2026-04-09 13:59:00,GSI.V,,1.3300000429153442,1.3300000429153442,1.3300000429153442,1.3300000429153442,100.0
2026-04-09 13:59:00,HIVE.V,,2.9649999141693115,2.9649999141693115,2.9649999141693115,2.9649999141693115,200.0
2026-04-09 13:59:00,HSTR.V,,2.609999895095825,2.609999895095825,2.609999895095825,2.609999895095825,200.0
2026-04-09 13:59:00,LGC.V,,2.119999885559082,2.119999885559082,2.0799999237060547,2.0799999237060547,380.0
2026-04-09 13:59:00,LUCA.V,,1.4950000047683716,1.4950000047683716,1.4950000047683716,1.4950000047683716,100.0
2026-04-09 13:59:00,LVX.V,,0.6499999761581421,0.6499999761581421,0.6499999761581421,0.6499999761581421,500.0
2026-04-09 13:59:00,NICU.V,,2.115000009536743,2.115000009536743,2.115000009536743,2.115000009536743,200.0
2026-04-09 13:59:00,NURS.V,,3.0,3.009999990463257,3.0,3.009999990463257,7700.0
2026-04-09 13:59:00,PNG.V,,8.550000190734863,8.550000190734863,8.550000190734863,8.550000190734863,300.0
2026-04-09 14:00:00,FAIR.V,,0.07000000029802322,0.07000000029802322,0.07000000029802322,0.07000000029802322,6000.0
2026-04-09 14:00:00,FCLI.V,,0.41999998688697815,0.41999998688697815,0.41999998688697815,0.41999998688697815,2000.0
2026-04-09 14:00:00,GOT.V,,1.6399999856948853,1.6399999856948853,1.6399999856948853,1.6399999856948853,100.0
2026-04-09 14:00:00,GQC.V,,2.309999942779541,2.309999942779541,2.309999942779541,2.309999942779541,800.0
2026-04-09 14:00:00,GRSL.V,,0.33000001311302185,0.33000001311302185,0.33000001311302185,0.33000001311302185,10000.0
2026-04-09 14:00:00,HIVE.V,,2.9600000381469727,2.9649999141693115,2.9600000381469727,2.9649999141693115,2010.0
2026-04-09 14:00:00,HSTR.V,,2.609999895095825,2.609999895095825,2.609999895095825,2.609999895095825,100.0
2026-04-09 14:00:00,LGC.V,,2.130000114440918,2.130000114440918,2.109999895095825,2.109999895095825,2500.0
2026-04-09 14:00:00,LUCA.V,,1.4950000047683716,1.4950000047683716,1.4950000047683716,1.4950000047683716,100.0
2026-04-09 14:00:00,MLP.V,,2.0999999046325684,2.0999999046325684,2.0999999046325684,2.0999999046325684,100.0
2026-04-09 14:01:00,FAIR.V,,0.07000000029802322,0.07000000029802322,0.07000000029802322,0.07000000029802322,5000.0
2026-04-09 14:01:00,GSVR.V,,0.6499999761581421,0.6499999761581421,0.6499999761581421,0.6499999761581421,500.0
2026-04-09 14:01:00,GWM.V,,0.6700000166893005,0.6700000166893005,0.6700000166893005,0.6700000166893005,2500.0
2026-04-09 14:01:00,HITI.V,,3.180000066757202,3.180000066757202,3.180000066757202,3.180000066757202,100.0
2026-04-09 14:01:00,HIVE.V,,2.950000047683716,2.950000047683716,2.950000047683716,2.950000047683716,14000.0
2026-04-09 14:01:00,HSTR.V,,2.615000009536743,2.615000009536743,2.615000009536743,2.615000009536743,300.0
2026-04-09 14:01:00,KFR.V,,0.7799999713897705,0.7799999713897705,0.7799999713897705,0.7799999713897705,5100.0
2026-04-09 14:01:00,LGC.V,,2.130000114440918,2.130000114440918,2.130000114440918,2.130000114440918,300.0
2026-04-09 14:01:00,LUCA.V,,1.4950000047683716,1.4950000047683716,1.4950000047683716,1.4950000047683716,200.0
2026-04-09 14:01:00,LVX.V,,0.6499999761581421,0.6499999761581421,0.6499999761581421,0.6499999761581421,500.0
2026-04-09 14:01:00,PNG.V,,8.550000190734863,8.550000190734863,8.550000190734863,8.550000190734863,300.0
2026-04-09 14:01:00,ROAR.V,,0.2549999952316284,0.2549999952316284,0.2549999952316284,0.2549999952316284,7500.0
2026-04-09 14:02:00,FBF.V,,0.949999988079071,0.949999988079071,0.949999988079071,0.949999988079071,200.0
2026-04-09 14:02:00,GOT.V,,1.6399999856948853,1.6399999856948853,1.6399999856948853,1.6399999856948853,2000.0
2026-04-09 14:02:00,GSI.V,,1.3200000524520874,1.3300000429153442,1.3200000524520874,1.3300000429153442,2500.0
2026-04-09 14:02:00,HIVE.V,,2.950000047683716,2.950000047683716,2.950000047683716,2.950000047683716,16520.0
2026-04-09 14:02:00,HSTR.V,,2.609999895095825,2.609999895095825,2.609999895095825,2.609999895095825,200.0
2026-04-09 14:02:00,KFR.V,,0.7699999809265137,0.7699999809265137,0.7699999809265137,0.7699999809265137,4500.0
2026-04-09 14:02:00,KTN.V,,1.4600000381469727,1.4600000381469727,1.4600000381469727,1.4600000381469727,100.0
2026-04-09 14:02:00,LGC.V,,2.130000114440918,2.130000114440918,2.130000114440918,2.130000114440918,500.0
2026-04-09 14:02:00,LUCA.V,,1.4900000095367432,1.4950000047683716,1.4900000095367432,1.4950000047683716,1800.0
2026-04-09 14:02:00,LVX.V,,0.6499999761581421,0.6499999761581421,0.6499999761581421,0.6499999761581421,500.0
2026-04-09 14:02:00,NURS.V,,2.9800000190734863,3.009999990463257,2.9800000190734863,3.009999990463257,2000.0
2026-04-09 14:02:00,PNG.V,,8.510000228881836,8.539999961853027,8.510000228881836,8.539999961853027,5995.0
2026-04-09 14:03:00,FPC.V,,0.4000000059604645,0.4000000059604645,0.4000000059604645,0.4000000059604645,500.0
2026-04-09 14:03:00,GOT.V,,1.6399999856948853,1.6399999856948853,1.6399999856948853,1.6399999856948853,100.0
2026-04-09 14:03:00,GQC.V,,2.299999952316284,2.299999952316284,2.299999952316284,2.299999952316284,1300.0
2026-04-09 14:03:00,GRSL.V,,0.33000001311302185,0.33000001311302185,0.33000001311302185,0.33000001311302185,3000.0
2026-04-09 14:03:00,HAN.V,,0.6100000143051147,0.6100000143051147,0.6100000143051147,0.6100000143051147,500.0
2026-04-09 14:03:00,HITI.V,,3.180000066757202,3.180000066757202,3.180000066757202,3.180000066757202,300.0
2026-04-09 14:03:00,HIVE.V,,2.950000047683716,2.950000047683716,2.950000047683716,2.950000047683716,2900.0
2026-04-09 14:03:00,HSTR.V,,2.5999999046325684,2.609999895095825,2.5999999046325684,2.609999895095825,3535.0
2026-04-09 14:03:00,IFOS.V,,3.809999942779541,3.809999942779541,3.809999942779541,3.809999942779541,800.0
2026-04-09 14:03:00,LGC.V,,2.130000114440918,2.130000114440918,2.130000114440918,2.130000114440918,300.0
2026-04-09 14:03:00,LITH.V,,0.6100000143051147,0.6100000143051147,0.6100000143051147,0.6100000143051147,1000.0
2026-04-09 14:03:00,LRA.V,,3.6700000762939453,3.6700000762939453,3.6700000762939453,3.6700000762939453,100.0
2026-04-09 14:04:00,GOT.V,,1.6399999856948853,1.6399999856948853,1.6399999856948853,1.6399999856948853,500.0
2026-04-09 14:04:00,GRSL.V,,0.33000001311302185,0.33000001311302185,0.33000001311302185,0.33000001311302185,56500.0
2026-04-09 14:04:00,GSVR.V,,0.6399999856948853,0.6399999856948853,0.6399999856948853,0.6399999856948853,44500.0
2026-04-09 14:04:00,HIVE.V,,2.940000057220459,2.940000057220459,2.930000066757202,2.940000057220459,20500.0
2026-04-09 14:04:00,HSTR.V,,2.5899999141693115,2.5899999141693115,2.5899999141693115,2.5899999141693115,100.0
2026-04-09 14:04:00,KFR.V,,0.7599999904632568,0.7599999904632568,0.7599999904632568,0.7599999904632568,4560.0
2026-04-09 14:04:00,KTN.V,,1.4500000476837158,1.4500000476837158,1.4500000476837158,1.4500000476837158,600.0
2026-04-09 14:04:00,LGC.V,,2.130000114440918,2.130000114440918,2.130000114440918,2.130000114440918,2300.0
2026-04-09 14:04:00,LSL.V,,0.38499999046325684,0.38499999046325684,0.38499999046325684,0.38499999046325684,503.0
2026-04-09 14:04:00,LTH.V,,1.3200000524520874,1.3250000476837158,1.3200000524520874,1.3250000476837158,500.0
2026-04-09 14:04:00,LTX.V,,0.1850000023841858,0.1850000023841858,0.1850000023841858,0.1850000023841858,0.0
2026-04-09 14:04:00,LUCA.V,,1.4900000095367432,1.4900000095367432,1.4900000095367432,1.4900000095367432,4200.0
2026-04-09 14:04:00,LVX.V,,0.6499999761581421,0.6499999761581421,0.6499999761581421,0.6499999761581421,500.0
2026-04-09 14:04:00,MLP.V,,2.0999999046325684,2.0999999046325684,2.0999999046325684,2.0999999046325684,100.0
2026-04-09 14:04:00,NICU.V,,2.109999895095825,2.109999895095825,2.109999895095825,2.109999895095825,3875.0
2026-04-09 14:04:00,PNG.V,,8.5,8.539999961853027,8.5,8.539999961853027,5330.0
2026-04-09 14:04:00,ZNG.V,,1.149999976158142,1.149999976158142,1.149999976158142,1.149999976158142,6800.0
2026-04-09 14:05:00,GSVR.V,,0.6399999856948853,0.6399999856948853,0.6399999856948853,0.6399999856948853,500.0
2026-04-09 14:05:00,HIVE.V,,2.950000047683716,2.950000047683716,2.940000057220459,2.940000057220459,3400.0
2026-04-09 14:05:00,HSTR.V,,2.5999999046325684,2.5999999046325684,2.5999999046325684,2.5999999046325684,600.0
2026-04-09 14:05:00,LTH.V,,1.3200000524520874,1.3250000476837158,1.3200000524520874,1.3200000524520874,500.0
2026-04-09 14:05:00,LUCA.V,,1.4900000095367432,1.4900000095367432,1.4900000095367432,1.4900000095367432,200.0
2026-04-09 14:05:00,LVX.V,,0.6499999761581421,0.6499999761581421,0.6499999761581421,0.6499999761581421,1000.0
2026-04-09 14:05:00,MFG.V,,4.429999828338623,4.429999828338623,4.420000076293945,4.420000076293945,200.0
2026-04-09 14:06:00,GOT.V,,1.6399999856948853,1.6399999856948853,1.6399999856948853,1.6399999856948853,300.0
2026-04-09 14:06:00,GSI.V,,1.3200000524520874,1.3200000524520874,1.3200000524520874,1.3200000524520874,800.0
2026-04-09 14:06:00,HIVE.V,,2.950000047683716,2.950000047683716,2.950000047683716,2.950000047683716,400.0
2026-04-09 14:06:00,HSTR.V,,2.5999999046325684,2.5999999046325684,2.5999999046325684,2.5999999046325684,1100.0
2026-04-09 14:06:00,LTH.V,,1.3200000524520874,1.3250000476837158,1.3200000524520874,1.3200000524520874,600.0
2026-04-09 14:06:00,LUCA.V,,1.4900000095367432,1.4900000095367432,1.4900000095367432,1.4900000095367432,100.0
2026-04-09 14:06:00,MFG.V,,4.429999828338623,4.429999828338623,4.429999828338623,4.429999828338623,100.0
2026-04-09 14:06:00,MLP.V,,2.0999999046325684,2.0999999046325684,2.0999999046325684,2.0999999046325684,1560.0
2026-04-09 14:06:00,MMG.V,,0.28999999165534973,0.28999999165534973,0.28999999165534973,0.28999999165534973,4500.0
2026-04-09 14:06:00,NHHH.V,,0.05000000074505806,0.05000000074505806,0.05000000074505806,0.05000000074505806,111000.0
2026-04-09 14:06:00,NICU.V,,2.109999895095825,2.109999895095825,2.109999895095825,2.109999895095825,2900.0
2026-04-09 14:06:00,PNG.V,,8.520000457763672,8.520000457763672,8.520000457763672,8.520000457763672,100.0
2026-04-09 14:07:00,GOT.V,,1.6399999856948853,1.6399999856948853,1.6399999856948853,1.6399999856948853,200.0
2026-04-09 14:07:00,GRSL.V,,0.33000001311302185,0.33000001311302185,0.33000001311302185,0.33000001311302185,8500.0
2026-04-09 14:07:00,GSI.V,,1.3200000524520874,1.3200000524520874,1.3200000524520874,1.3200000524520874,300.0
2026-04-09 14:07:00,GSVR.V,,0.6399999856948853,0.6399999856948853,0.6399999856948853,0.6399999856948853,8000.0
2026-04-09 14:07:00,HPQ.V,,0.1850000023841858,0.1850000023841858,0.1850000023841858,0.1850000023841858,15500.0
2026-04-09 14:07:00,LTH.V,,1.3200000524520874,1.3200000524520874,1.3200000524520874,1.3200000524520874,400.0
2026-04-09 14:07:00,LUCA.V,,1.4900000095367432,1.4900000095367432,1.4900000095367432,1.4900000095367432,100.0
2026-04-09 14:07:00,LVX.V,,0.6499999761581421,0.6499999761581421,0.6499999761581421,0.6499999761581421,500.0
2026-04-09 14:07:00,MLP.V,,2.0999999046325684,2.0999999046325684,2.0999999046325684,2.0999999046325684,1200.0
2026-04-09 14:08:00,GPAC.V,,0.46000000834465027,0.46000000834465027,0.46000000834465027,0.46000000834465027,500.0
2026-04-09 14:08:00,GSI.V,,1.3200000524520874,1.3300000429153442,1.3200000524520874,1.3300000429153442,48900.0
2026-04-09 14:08:00,GSVR.V,,0.6399999856948853,0.6399999856948853,0.6399999856948853,0.6399999856948853,28500.0
2026-04-09 14:08:00,HSTR.V,,2.5950000286102295,2.5950000286102295,2.5950000286102295,2.5950000286102295,100.0
2026-04-09 14:08:00,KTO.V,,0.8100000023841858,0.8100000023841858,0.8100000023841858,0.8100000023841858,1000.0
2026-04-09 14:08:00,LGC.V,,2.130000114440918,2.130000114440918,2.130000114440918,2.130000114440918,1500.0
2026-04-09 14:08:00,LTH.V,,1.3200000524520874,1.3250000476837158,1.3200000524520874,1.3250000476837158,500.0
2026-04-09 14:08:00,LUCA.V,,1.4900000095367432,1.4900000095367432,1.4900000095367432,1.4900000095367432,100.0
2026-04-09 14:08:00,LVX.V,,0.6499999761581421,0.6499999761581421,0.6499999761581421,0.6499999761581421,500.0
2026-04-09 14:08:00,MGM.V,,2.559999942779541,2.5899999141693115,2.559999942779541,2.5899999141693115,300.0
2026-04-09 14:08:00,MTX.V,,0.009999999776482582,0.009999999776482582,0.009999999776482582,0.009999999776482582,70000.0
2026-04-09 14:08:00,PNG.V,,8.520000457763672,8.520000457763672,8.520000457763672,8.520000457763672,200.0
2026-04-09 14:09:00,GOT.V,,1.6399999856948853,1.6399999856948853,1.6399999856948853,1.6399999856948853,200.0
2026-04-09 14:09:00,GPM.V,,0.07999999821186066,0.07999999821186066,0.07999999821186066,0.07999999821186066,10000.0
2026-04-09 14:09:00,GSI.V,,1.3200000524520874,1.3200000524520874,1.3200000524520874,1.3200000524520874,800.0
2026-04-09 14:09:00,HIVE.V,,2.940000057220459,2.940000057220459,2.940000057220459,2.940000057220459,500.0
2026-04-09 14:09:00,HPQ.V,,0.1850000023841858,0.1850000023841858,0.1850000023841858,0.1850000023841858,25000.0
2026-04-09 14:09:00,KDK.V,,0.8999999761581421,0.8999999761581421,0.8999999761581421,0.8999999761581421,10000.0
2026-04-09 14:09:00,LSL.V,,0.38499999046325684,0.38499999046325684,0.38499999046325684,0.38499999046325684,1000.0
2026-04-09 14:09:00,LSTR.V,,0.10000000149011612,0.10499999672174454,0.10000000149011612,0.10499999672174454,137000.0
2026-04-09 14:09:00,LTH.V,,1.3200000524520874,1.3250000476837158,1.3200000524520874,1.3200000524520874,500.0
2026-04-09 14:09:00,LUCA.V,,1.4900000095367432,1.4900000095367432,1.4900000095367432,1.4900000095367432,100.0
2026-04-09 14:09:00,LVX.V,,0.6499999761581421,0.6499999761581421,0.6499999761581421,0.6499999761581421,500.0
2026-04-09 14:09:00,ROAR.V,,0.25,0.25,0.25,0.25,3000.0
2026-04-09 14:10:00,GQC.V,,2.309999942779541,2.309999942779541,2.309999942779541,2.309999942779541,100.0
2026-04-09 14:10:00,GSVR.V,,0.6399999856948853,0.6399999856948853,0.6399999856948853,0.6399999856948853,500.0
2026-04-09 14:10:00,HITI.V,,3.1700000762939453,3.1700000762939453,3.1700000762939453,3.1700000762939453,100.0
2026-04-09 14:10:00,LTH.V,,1.3200000524520874,1.3200000524520874,1.3200000524520874,1.3200000524520874,500.0
2026-04-09 14:10:00,LUCA.V,,1.4900000095367432,1.4900000095367432,1.4900000095367432,1.4900000095367432,1300.0
2026-04-09 14:10:00,PNG.V,,8.520000457763672,8.520000457763672,8.520000457763672,8.520000457763672,1300.0
2026-04-09 14:10:00,ROAR.V,,0.25,0.25,0.25,0.25,35000.0
2026-04-09 14:11:00,GOT.V,,1.6399999856948853,1.6399999856948853,1.6399999856948853,1.6399999856948853,200.0
2026-04-09 14:11:00,GPM.V,,0.07999999821186066,0.07999999821186066,0.07999999821186066,0.07999999821186066,62000.0
2026-04-09 14:11:00,GSI.V,,1.340000033378601,1.340000033378601,1.3200000524520874,1.3200000524520874,8300.0
2026-04-09 14:11:00,HIVE.V,,2.950000047683716,2.950000047683716,2.950000047683716,2.950000047683716,300.0
2026-04-09 14:11:00,HSTR.V,,2.5950000286102295,2.5950000286102295,2.5950000286102295,2.5950000286102295,200.0
2026-04-09 14:11:00,KDK.V,,0.8899999856948853,0.8899999856948853,0.8899999856948853,0.8899999856948853,5515.0
2026-04-09 14:11:00,LGC.V,,2.140000104904175,2.140000104904175,2.140000104904175,2.140000104904175,2700.0
2026-04-09 14:11:00,LIFT.V,,5.210000038146973,5.21999979019165,5.210000038146973,5.21999979019165,800.0
2026-04-09 14:11:00,LTH.V,,1.3200000524520874,1.3200000524520874,1.3200000524520874,1.3200000524520874,400.0
2026-04-09 14:11:00,LUCA.V,,1.4850000143051147,1.4850000143051147,1.4850000143051147,1.4850000143051147,100.0
2026-04-09 14:11:00,LVX.V,,0.6499999761581421,0.6499999761581421,0.6499999761581421,0.6499999761581421,500.0
2026-04-09 14:12:00,EMN.V,,0.14499999582767487,0.14499999582767487,0.14499999582767487,0.14499999582767487,12000.0
2026-04-09 14:12:00,FPC.V,,0.4000000059604645,0.4000000059604645,0.4000000059604645,0.4000000059604645,500.0
2026-04-09 14:12:00,GOT.V,,1.6399999856948853,1.6399999856948853,1.6399999856948853,1.6399999856948853,2100.0
2026-04-09 14:12:00,GQC.V,,2.309999942779541,2.309999942779541,2.309999942779541,2.309999942779541,100.0
2026-04-09 14:12:00,GSI.V,,1.340000033378601,1.340000033378601,1.340000033378601,1.340000033378601,100.0
2026-04-09 14:12:00,HSTR.V,,2.5950000286102295,2.5950000286102295,2.5950000286102295,2.5950000286102295,200.0
2026-04-09 14:12:00,LTH.V,,1.3200000524520874,1.3200000524520874,1.3200000524520874,1.3200000524520874,500.0
2026-04-09 14:12:00,LUCA.V,,1.4800000190734863,1.4800000190734863,1.4800000190734863,1.4800000190734863,100.0
2026-04-09 14:12:00,LVX.V,,0.6499999761581421,0.6499999761581421,0.6499999761581421,0.6499999761581421,500.0
2026-04-09 14:12:00,NURS.V,,3.049999952316284,3.049999952316284,3.049999952316284,3.049999952316284,100.0
2026-04-09 14:12:00,PNG.V,,8.5,8.510000228881836,8.5,8.510000228881836,4800.0
2026-04-09 14:13:00,GOT.V,,1.6399999856948853,1.6399999856948853,1.6399999856948853,1.6399999856948853,200.0
2026-04-09 14:13:00,GPM.V,,0.07999999821186066,0.07999999821186066,0.07999999821186066,0.07999999821186066,148000.0
2026-04-09 14:13:00,GSVR.V,,0.6399999856948853,0.6399999856948853,0.6399999856948853,0.6399999856948853,2000.0
2026-04-09 14:13:00,HIVE.V,,2.940000057220459,2.940000057220459,2.940000057220459,2.940000057220459,800.0
2026-04-09 14:13:00,HSTR.V,,2.5899999141693115,2.5899999141693115,2.5899999141693115,2.5899999141693115,300.0
2026-04-09 14:13:00,LIO.V,,0.24500000476837158,0.24500000476837158,0.24500000476837158,0.24500000476837158,5000.0
2026-04-09 14:13:00,LTH.V,,1.309999942779541,1.3200000524520874,1.309999942779541,1.3200000524520874,400.0
2026-04-09 14:13:00,LUCA.V,,1.4800000190734863,1.4800000190734863,1.4800000190734863,1.4800000190734863,100.0
2026-04-09 14:13:00,MLP.V,,2.0899999141693115,2.109999895095825,2.0899999141693115,2.109999895095825,4200.0
2026-04-09 14:13:00,NICU.V,,2.109999895095825,2.109999895095825,2.109999895095825,2.109999895095825,800.0
2026-04-09 14:13:00,PNG.V,,8.479999542236328,8.5,8.479999542236328,8.5,2854.0
2026-04-09 14:14:00,EPF.V,,0.4449999928474426,0.4449999928474426,0.4449999928474426,0.4449999928474426,500.0
2026-04-09 14:14:00,GG.V,,2.759999990463257,2.759999990463257,2.759999990463257,2.759999990463257,500.0
2026-04-09 14:14:00,GOT.V,,1.6399999856948853,1.6399999856948853,1.6399999856948853,1.6399999856948853,100.0
2026-04-09 14:14:00,HIVE.V,,2.930000066757202,2.940000057220459,2.930000066757202,2.940000057220459,8010.0
2026-04-09 14:14:00,HSTR.V,,2.5899999141693115,2.5899999141693115,2.5899999141693115,2.5899999141693115,300.0
2026-04-09 14:14:00,KTN.V,,1.4500000476837158,1.4500000476837158,1.4500000476837158,1.4500000476837158,500.0
2026-04-09 14:14:00,LTH.V,,1.309999942779541,1.315000057220459,1.309999942779541,1.309999942779541,500.0
2026-04-09 14:14:00,LUCA.V,,1.4800000190734863,1.4800000190734863,1.4800000190734863,1.4800000190734863,200.0
2026-04-09 14:14:00,LVX.V,,0.6499999761581421,0.6499999761581421,0.6499999761581421,0.6499999761581421,500.0
2026-04-09 14:14:00,NURS.V,,3.049999952316284,3.049999952316284,3.0299999713897705,3.0299999713897705,2000.0
2026-04-09 14:14:00,PNG.V,,8.489999771118164,8.489999771118164,8.489999771118164,8.489999771118164,100.0
2026-04-09 14:15:00,GMG.V,,2.1600000858306885,2.1600000858306885,2.1600000858306885,2.1600000858306885,1000.0
2026-04-09 14:15:00,GQC.V,,2.309999942779541,2.309999942779541,2.309999942779541,2.309999942779541,100.0
2026-04-09 14:15:00,HHH.V,,5.800000190734863,5.800000190734863,5.800000190734863,5.800000190734863,4700.0
2026-04-09 14:15:00,HIVE.V,,2.930000066757202,2.930000066757202,2.930000066757202,2.930000066757202,500.0
2026-04-09 14:15:00,HSTR.V,,2.5899999141693115,2.5899999141693115,2.5899999141693115,2.5899999141693115,600.0
2026-04-09 14:15:00,KGS.V,,0.125,0.125,0.125,0.125,30000.0
2026-04-09 14:15:00,LGC.V,,2.1700000762939453,2.1700000762939453,2.1700000762939453,2.1700000762939453,1000.0
2026-04-09 14:15:00,LITH.V,,0.6100000143051147,0.6100000143051147,0.6100000143051147,0.6100000143051147,500.0
2026-04-09 14:15:00,LSTR.V,,0.10000000149011612,0.10000000149011612,0.10000000149011612,0.10000000149011612,13000.0
2026-04-09 14:15:00,LTH.V,,1.309999942779541,1.309999942779541,1.309999942779541,1.309999942779541,500.0
2026-04-09 14:15:00,LUCA.V,,1.4800000190734863,1.4800000190734863,1.4800000190734863,1.4800000190734863,100.0
2026-04-09 14:15:00,LVX.V,,0.6499999761581421,0.6499999761581421,0.6499999761581421,0.6499999761581421,2000.0
2026-04-09 14:15:00,PNG.V,,8.5,8.5,8.5,8.5,500.0
2026-04-09 14:16:00,GG.V,,2.7300000190734863,2.740000009536743,2.7300000190734863,2.740000009536743,15400.0
2026-04-09 14:16:00,GOT.V,,1.6349999904632568,1.6349999904632568,1.6349999904632568,1.6349999904632568,1700.0
2026-04-09 14:16:00,HIVE.V,,2.930000066757202,2.930000066757202,2.930000066757202,2.930000066757202,3600.0
2026-04-09 14:16:00,HSTR.V,,2.5950000286102295,2.5950000286102295,2.5950000286102295,2.5950000286102295,200.0
2026-04-09 14:16:00,ICM.V,,0.11999999731779099,0.11999999731779099,0.11999999731779099,0.11999999731779099,3500.0
2026-04-09 14:16:00,KC.V,,0.35499998927116394,0.35499998927116394,0.35499998927116394,0.35499998927116394,500.0
2026-04-09 14:16:00,LTH.V,,1.309999942779541,1.309999942779541,1.309999942779541,1.309999942779541,400.0
2026-04-09 14:16:00,LUCA.V,,1.4800000190734863,1.4800000190734863,1.4800000190734863,1.4800000190734863,100.0
2026-04-09 14:16:00,LVX.V,,0.6499999761581421,0.6499999761581421,0.6499999761581421,0.6499999761581421,500.0
2026-04-09 14:16:00,MTX.V,,0.009999999776482582,0.009999999776482582,0.009999999776482582,0.009999999776482582,27000.0
2026-04-09 14:16:00,PNG.V,,8.5,8.5,8.5,8.5,500.0
2026-04-09 14:17:00,GPAC.V,,0.46000000834465027,0.46000000834465027,0.46000000834465027,0.46000000834465027,500.0
2026-04-09 14:17:00,HIVE.V,,2.940000057220459,2.940000057220459,2.940000057220459,2.940000057220459,172.0
2026-04-09 14:17:00,HPL.V,,0.10999999940395355,0.10999999940395355,0.10999999940395355,0.10999999940395355,6500.0
2026-04-09 14:17:00,HSTR.V,,2.5950000286102295,2.5950000286102295,2.5950000286102295,2.5950000286102295,300.0
2026-04-09 14:17:00,LTH.V,,1.309999942779541,1.309999942779541,1.309999942779541,1.309999942779541,500.0
2026-04-09 14:17:00,LUCA.V,,1.4800000190734863,1.4800000190734863,1.4800000190734863,1.4800000190734863,300.0
2026-04-09 14:17:00,MMG.V,,0.28999999165534973,0.28999999165534973,0.28999999165534973,0.28999999165534973,19000.0
2026-04-09 14:17:00,PNG.V,,8.510000228881836,8.520000457763672,8.510000228881836,8.520000457763672,300.0
2026-04-09 14:18:00,FUU.V,,0.17499999701976776,0.17499999701976776,0.17499999701976776,0.17499999701976776,3500.0
2026-04-09 14:18:00,GOT.V,,1.6399999856948853,1.6399999856948853,1.6399999856948853,1.6399999856948853,2700.0
2026-04-09 14:18:00,GQC.V,,2.299999952316284,2.299999952316284,2.299999952316284,2.299999952316284,100.0
2026-04-09 14:18:00,GRZ.V,,5.550000190734863,5.550000190734863,5.550000190734863,5.550000190734863,120.0
2026-04-09 14:18:00,GSI.V,,1.350000023841858,1.350000023841858,1.350000023841858,1.350000023841858,700.0
2026-04-09 14:18:00,GSVR.V,,0.6399999856948853,0.6399999856948853,0.6399999856948853,0.6399999856948853,13200.0
2026-04-09 14:18:00,HANS.V,,0.029999999329447746,0.029999999329447746,0.02500000037252903,0.02500000037252903,0.0
2026-04-09 14:18:00,HPQ.V,,0.1850000023841858,0.1850000023841858,0.1850000023841858,0.1850000023841858,45000.0
2026-04-09 14:18:00,HSTR.V,,2.5899999141693115,2.5899999141693115,2.5899999141693115,2.5899999141693115,200.0
2026-04-09 14:18:00,KC.V,,0.35499998927116394,0.35499998927116394,0.35499998927116394,0.35499998927116394,500.0
2026-04-09 14:18:00,KTO.V,,0.8299999833106995,0.8299999833106995,0.8299999833106995,0.8299999833106995,9000.0
2026-04-09 14:18:00,LSL.V,,0.38499999046325684,0.38499999046325684,0.38499999046325684,0.38499999046325684,500.0
2026-04-09 14:18:00,LTH.V,,1.309999942779541,1.309999942779541,1.309999942779541,1.309999942779541,500.0
2026-04-09 14:18:00,LVX.V,,0.6499999761581421,0.6499999761581421,0.6499999761581421,0.6499999761581421,500.0
2026-04-09 14:18:00,MJS.V,,0.14499999582767487,0.14499999582767487,0.14499999582767487,0.14499999582767487,43000.0
2026-04-09 14:18:00,NURS.V,,3.0399999618530273,3.0399999618530273,3.0399999618530273,3.0399999618530273,1000.0
2026-04-09 14:19:00,EMM.V,,0.07500000298023224,0.07500000298023224,0.07500000298023224,0.07500000298023224,8000.0
2026-04-09 14:19:00,HIVE.V,,2.930000066757202,2.930000066757202,2.930000066757202,2.930000066757202,1500.0
2026-04-09 14:19:00,KTN.V,,1.4550000429153442,1.4550000429153442,1.4550000429153442,1.4550000429153442,600.0
2026-04-09 14:19:00,LTH.V,,1.309999942779541,1.309999942779541,1.309999942779541,1.309999942779541,400.0
2026-04-09 14:19:00,LUCA.V,,1.4850000143051147,1.4850000143051147,1.4850000143051147,1.4850000143051147,200.0
2026-04-09 14:19:00,LVX.V,,0.6499999761581421,0.6499999761581421,0.6499999761581421,0.6499999761581421,500.0
2026-04-09 14:19:00,MJS.V,,0.14499999582767487,0.14499999582767487,0.14499999582767487,0.14499999582767487,61000.0
2026-04-09 14:19:00,MLP.V,,2.0999999046325684,2.0999999046325684,2.0999999046325684,2.0999999046325684,200.0
2026-04-09 14:19:00,PNG.V,,8.510000228881836,8.510000228881836,8.5,8.5,1500.0
2026-04-09 14:20:00,FPC.V,,0.39750000834465027,0.39750000834465027,0.39750000834465027,0.39750000834465027,500.0
2026-04-09 14:20:00,GOT.V,,1.6399999856948853,1.6399999856948853,1.6399999856948853,1.6399999856948853,200.0
2026-04-09 14:20:00,GRSL.V,,0.33000001311302185,0.33000001311302185,0.33000001311302185,0.33000001311302185,2500.0
2026-04-09 14:20:00,GWM.V,,0.6600000262260437,0.6600000262260437,0.6600000262260437,0.6600000262260437,500.0
2026-04-09 14:20:00,HITI.V,,3.1700000762939453,3.1700000762939453,3.1700000762939453,3.1700000762939453,100.0
2026-04-09 14:20:00,HIVE.V,,2.930000066757202,2.930000066757202,2.930000066757202,2.930000066757202,200.0
2026-04-09 14:20:00,LTH.V,,1.309999942779541,1.309999942779541,1.309999942779541,1.309999942779541,500.0
2026-04-09 14:20:00,NICU.V,,2.109999895095825,2.109999895095825,2.109999895095825,2.109999895095825,300.0
2026-04-09 14:21:00,GOT.V,,1.6399999856948853,1.6399999856948853,1.6399999856948853,1.6399999856948853,100.0
2026-04-09 14:21:00,GSVR.V,,0.6399999856948853,0.6399999856948853,0.6399999856948853,0.6399999856948853,2000.0
2026-04-09 14:21:00,HIVE.V,,2.930000066757202,2.930000066757202,2.930000066757202,2.930000066757202,4410.0
2026-04-09 14:21:00,LGC.V,,2.180000066757202,2.180000066757202,2.180000066757202,2.180000066757202,800.0
2026-04-09 14:21:00,LTH.V,,1.309999942779541,1.309999942779541,1.309999942779541,1.309999942779541,500.0
2026-04-09 14:21:00,LVX.V,,0.6499999761581421,0.6499999761581421,0.6499999761581421,0.6499999761581421,500.0
2026-04-09 14:21:00,NURS.V,,3.0999999046325684,3.0999999046325684,3.0999999046325684,3.0999999046325684,1000.0
2026-04-09 14:22:00,GOT.V,,1.6399999856948853,1.6399999856948853,1.6399999856948853,1.6399999856948853,200.0
2026-04-09 14:22:00,GSI.V,,1.3600000143051147,1.3600000143051147,1.3600000143051147,1.3600000143051147,200.0
2026-04-09 14:22:00,LTH.V,,1.315000057220459,1.315000057220459,1.309999942779541,1.309999942779541,1400.0
2026-04-09 14:22:00,LUCA.V,,1.4850000143051147,1.4850000143051147,1.4850000143051147,1.4850000143051147,100.0
2026-04-09 14:22:00,MLP.V,,2.0999999046325684,2.0999999046325684,2.0899999141693115,2.0899999141693115,300.0
2026-04-09 14:22:00,NICU.V,,2.115000009536743,2.115000009536743,2.115000009536743,2.115000009536743,200.0
2026-04-09 14:22:00,PNG.V,,8.475000381469727,8.489999771118164,8.460000038146973,8.489999771118164,13623.0
2026-04-09 14:23:00,GOT.V,,1.6399999856948853,1.6399999856948853,1.6399999856948853,1.6399999856948853,6227.0
2026-04-09 14:23:00,GQC.V,,2.299999952316284,2.299999952316284,2.299999952316284,2.299999952316284,100.0
2026-04-09 14:23:00,GRSL.V,,0.33000001311302185,0.33000001311302185,0.33000001311302185,0.33000001311302185,3500.0
2026-04-09 14:23:00,GSI.V,,1.3600000143051147,1.3600000143051147,1.3600000143051147,1.3600000143051147,100.0
2026-04-09 14:23:00,HIVE.V,,2.930000066757202,2.930000066757202,2.930000066757202,2.930000066757202,100.0
2026-04-09 14:23:00,HSTR.V,,2.5950000286102295,2.5950000286102295,2.5899999141693115,2.5899999141693115,400.0
2026-04-09 14:23:00,IB.V,,0.1850000023841858,0.1850000023841858,0.1850000023841858,0.1850000023841858,5000.0
2026-04-09 14:23:00,IFOS.V,,3.799999952316284,3.799999952316284,3.799999952316284,3.799999952316284,100.0
2026-04-09 14:23:00,KRI.V,,0.28999999165534973,0.28999999165534973,0.28999999165534973,0.28999999165534973,2200.0
2026-04-09 14:23:00,LTH.V,,1.3200000524520874,1.3200000524520874,1.3200000524520874,1.3200000524520874,700.0
2026-04-09 14:23:00,LUCA.V,,1.4800000190734863,1.4800000190734863,1.4800000190734863,1.4800000190734863,100.0
2026-04-09 14:23:00,LVG.V,,0.3149999976158142,0.3149999976158142,0.3149999976158142,0.3149999976158142,500.0
2026-04-09 14:23:00,LVX.V,,0.6499999761581421,0.6499999761581421,0.6499999761581421,0.6499999761581421,500.0
2026-04-09 14:23:00,NURS.V,,3.130000114440918,3.130000114440918,3.130000114440918,3.130000114440918,700.0
2026-04-09 14:24:00,FAIR.V,,0.07000000029802322,0.07000000029802322,0.07000000029802322,0.07000000029802322,10000.0
2026-04-09 14:24:00,GOT.V,,1.6399999856948853,1.6399999856948853,1.6399999856948853,1.6399999856948853,200.0
2026-04-09 14:24:00,GSR.V,,0.5,0.5099999904632568,0.5,0.5099999904632568,88000.0
2026-04-09 14:24:00,GSVR.V,,0.6399999856948853,0.6399999856948853,0.6399999856948853,0.6399999856948853,4000.0
2026-04-09 14:24:00,HAN.V,,0.6100000143051147,0.6100000143051147,0.6100000143051147,0.6100000143051147,10000.0
2026-04-09 14:24:00,HIVE.V,,2.930000066757202,2.930000066757202,2.930000066757202,2.930000066757202,100.0
2026-04-09 14:24:00,HSTR.V,,2.5899999141693115,2.5899999141693115,2.5899999141693115,2.5899999141693115,600.0
2026-04-09 14:24:00,LGC.V,,2.200000047683716,2.200000047683716,2.200000047683716,2.200000047683716,700.0
2026-04-09 14:24:00,LUCA.V,,1.4800000190734863,1.4850000143051147,1.4800000190734863,1.4850000143051147,200.0
2026-04-09 14:24:00,LVX.V,,0.6499999761581421,0.6499999761581421,0.6499999761581421,0.6499999761581421,500.0
2026-04-09 14:24:00,MCF.V,,0.04500000178813934,0.04500000178813934,0.04500000178813934,0.04500000178813934,1000.0
2026-04-09 14:24:00,MLP.V,,2.0999999046325684,2.0999999046325684,2.0999999046325684,2.0999999046325684,100.0
2026-04-09 14:25:00,GPG.V,,0.4000000059604645,0.4000000059604645,0.4000000059604645,0.4000000059604645,9000.0
2026-04-09 14:25:00,GRDM.V,,0.11999999731779099,0.11999999731779099,0.11999999731779099,0.11999999731779099,6000.0
2026-04-09 14:25:00,GSI.V,,1.3700000047683716,1.3700000047683716,1.3600000143051147,1.3600000143051147,1700.0
2026-04-09 14:25:00,GSR.V,,0.5,0.5,0.5,0.5,11500.0
2026-04-09 14:25:00,HIVE.V,,2.930000066757202,2.930000066757202,2.930000066757202,2.930000066757202,1400.0
2026-04-09 14:25:00,HSTR.V,,2.5950000286102295,2.5950000286102295,2.5899999141693115,2.5899999141693115,300.0
2026-04-09 14:25:00,LUCA.V,,1.4800000190734863,1.4800000190734863,1.4800000190734863,1.4800000190734863,100.0
2026-04-09 14:25:00,LVX.V,,0.6499999761581421,0.6499999761581421,0.6499999761581421,0.6499999761581421,500.0
2026-04-09 14:25:00,MLP.V,,2.0999999046325684,2.0999999046325684,2.0999999046325684,2.0999999046325684,100.0
2026-04-09 14:25:00,NURS.V,,3.0999999046325684,3.109999895095825,3.0999999046325684,3.109999895095825,800.0
2026-04-09 14:25:00,PNG.V,,8.420000076293945,8.460000038146973,8.420000076293945,8.460000038146973,4302.0
2026-04-09 14:26:00,GPAC.V,,0.46000000834465027,0.46000000834465027,0.46000000834465027,0.46000000834465027,500.0
2026-04-09 14:26:00,GSR.V,,0.5,0.5,0.5,0.5,33500.0
2026-04-09 14:26:00,HIVE.V,,2.9200000762939453,2.930000066757202,2.9100000858306885,2.930000066757202,18530.0
2026-04-09 14:26:00,HSTR.V,,2.5899999141693115,2.5950000286102295,2.5899999141693115,2.5950000286102295,500.0
2026-04-09 14:26:00,LTH.V,,1.315000057220459,1.3200000524520874,1.315000057220459,1.3200000524520874,400.0
2026-04-09 14:26:00,LUCA.V,,1.4850000143051147,1.4850000143051147,1.4800000190734863,1.4800000190734863,200.0
2026-04-09 14:26:00,MFG.V,,4.429999828338623,4.429999828338623,4.429999828338623,4.429999828338623,200.0
2026-04-09 14:26:00,MTX.V,,0.009999999776482582,0.009999999776482582,0.009999999776482582,0.009999999776482582,669000.0
2026-04-09 14:26:00,NICU.V,,2.1050000190734863,2.109999895095825,2.0999999046325684,2.109999895095825,13600.0
2026-04-09 14:26:00,NURS.V,,3.109999895095825,3.109999895095825,3.109999895095825,3.109999895095825,100.0
2026-04-09 14:27:00,HITI.V,,3.1700000762939453,3.1700000762939453,3.1700000762939453,3.1700000762939453,200.0
2026-04-09 14:27:00,HIVE.V,,2.9200000762939453,2.9200000762939453,2.9200000762939453,2.9200000762939453,1200.0
2026-04-09 14:27:00,HSTR.V,,2.5899999141693115,2.5899999141693115,2.5899999141693115,2.5899999141693115,100.0
2026-04-09 14:27:00,IFOS.V,,3.799999952316284,3.799999952316284,3.799999952316284,3.799999952316284,1400.0
2026-04-09 14:27:00,LTH.V,,1.3200000524520874,1.3200000524520874,1.315000057220459,1.315000057220459,2000.0
2026-04-09 14:27:00,LUCA.V,,1.4850000143051147,1.4850000143051147,1.4850000143051147,1.4850000143051147,100.0
2026-04-09 14:27:00,LVX.V,,0.6499999761581421,0.6499999761581421,0.6499999761581421,0.6499999761581421,500.0
2026-04-09 14:27:00,MLP.V,,2.0999999046325684,2.0999999046325684,2.0999999046325684,2.0999999046325684,100.0
2026-04-09 14:27:00,ROAR.V,,0.2549999952316284,0.2549999952316284,0.25,0.25,7000.0
2026-04-09 14:28:00,GQC.V,,2.2950000762939453,2.2950000762939453,2.2950000762939453,2.2950000762939453,100.0
2026-04-09 14:28:00,HSTR.V,,2.5899999141693115,2.5899999141693115,2.5899999141693115,2.5899999141693115,300.0
2026-04-09 14:28:00,IFOS.V,,3.759999990463257,3.799999952316284,3.759999990463257,3.799999952316284,2421.0
2026-04-09 14:28:00,LITH.V,,0.6100000143051147,0.6100000143051147,0.6100000143051147,0.6100000143051147,500.0
2026-04-09 14:28:00,LTH.V,,1.3200000524520874,1.3200000524520874,1.315000057220459,1.3200000524520874,2300.0
2026-04-09 14:28:00,LUCA.V,,1.4850000143051147,1.4850000143051147,1.4850000143051147,1.4850000143051147,400.0
2026-04-09 14:29:00,FPC.V,,0.39750000834465027,0.39750000834465027,0.39750000834465027,0.39750000834465027,500.0
2026-04-09 14:29:00,GRZ.V,,5.550000190734863,5.550000190734863,5.550000190734863,5.550000190734863,217.0
2026-04-09 14:29:00,HSTR.V,,2.5950000286102295,2.5950000286102295,2.5950000286102295,2.5950000286102295,100.0
2026-04-09 14:29:00,KRY.V,,3.390000104904175,3.390000104904175,3.390000104904175,3.390000104904175,200.0
2026-04-09 14:29:00,LUCA.V,,1.4850000143051147,1.4850000143051147,1.4850000143051147,1.4850000143051147,100.0
2026-04-09 14:29:00,NURS.V,,3.059999942779541,3.069999933242798,3.059999942779541,3.069999933242798,600.0
2026-04-09 14:29:00,ZNG.V,,1.1299999952316284,1.1299999952316284,1.1299999952316284,1.1299999952316284,9600.0
2026-04-09 14:30:00,GAR-H.V,,0.014999999664723873,0.014999999664723873,0.014999999664723873,0.014999999664723873,0.0
2026-04-09 14:30:00,GPAC.V,,0.46000000834465027,0.46000000834465027,0.46000000834465027,0.46000000834465027,1500.0
2026-04-09 14:30:00,GSR.V,,0.5,0.5,0.5,0.5,20600.0
2026-04-09 14:30:00,HIVE.V,,2.9200000762939453,2.9200000762939453,2.9200000762939453,2.9200000762939453,3800.0
2026-04-09 14:30:00,HSTR.V,,2.5899999141693115,2.5899999141693115,2.5899999141693115,2.5899999141693115,500.0
2026-04-09 14:30:00,KFR.V,,0.75,0.75,0.75,0.75,3500.0
2026-04-09 14:30:00,LTH.V,,1.3200000524520874,1.3200000524520874,1.3200000524520874,1.3200000524520874,300.0
2026-04-09 14:30:00,LUCA.V,,1.4900000095367432,1.4900000095367432,1.4850000143051147,1.4850000143051147,200.0
2026-04-09 14:30:00,NICU.V,,2.109999895095825,2.109999895095825,2.0999999046325684,2.0999999046325684,2700.0
2026-04-09 14:31:00,GSR.V,,0.5,0.5,0.5,0.5,500.0
2026-04-09 14:31:00,GSVR.V,,0.6449999809265137,0.6449999809265137,0.6449999809265137,0.6449999809265137,715.0
2026-04-09 14:31:00,GWM.V,,0.6600000262260437,0.6600000262260437,0.6600000262260437,0.6600000262260437,500.0
2026-04-09 14:31:00,HIVE.V,,2.9200000762939453,2.9200000762939453,2.9200000762939453,2.9200000762939453,2200.0
2026-04-09 14:31:00,HSTR.V,,2.5899999141693115,2.5899999141693115,2.5899999141693115,2.5899999141693115,400.0
2026-04-09 14:31:00,IFOS.V,,3.759999990463257,3.7699999809265137,3.759999990463257,3.759999990463257,5900.0
2026-04-09 14:31:00,ILC.V,,0.019999999552965164,0.019999999552965164,0.019999999552965164,0.019999999552965164,1000.0
2026-04-09 14:31:00,LTH.V,,1.3200000524520874,1.3200000524520874,1.3200000524520874,1.3200000524520874,300.0
2026-04-09 14:31:00,LUCA.V,,1.4800000190734863,1.4850000143051147,1.4800000190734863,1.4850000143051147,200.0
2026-04-09 14:31:00,MKR.V,,0.15000000596046448,0.15000000596046448,0.15000000596046448,0.15000000596046448,0.0
2026-04-09 14:31:00,PNG.V,,8.4399995803833,8.4399995803833,8.4399995803833,8.4399995803833,1669.0
2026-04-09 14:32:00,EMN.V,,0.14499999582767487,0.14499999582767487,0.14499999582767487,0.14499999582767487,500.0
2026-04-09 14:32:00,EQTY.V,,0.3149999976158142,0.3199999928474426,0.3149999976158142,0.3199999928474426,27000.0
2026-04-09 14:32:00,GPAC.V,,0.46000000834465027,0.46000000834465027,0.45750001072883606,0.45750001072883606,2000.0
2026-04-09 14:32:00,HCH.V,,1.5,1.5,1.5,1.5,2600.0
2026-04-09 14:32:00,HPL.V,,0.10999999940395355,0.10999999940395355,0.10999999940395355,0.10999999940395355,1000.0
2026-04-09 14:32:00,HSTR.V,,2.5899999141693115,2.5899999141693115,2.5899999141693115,2.5899999141693115,200.0
2026-04-09 14:32:00,KRI.V,,0.28999999165534973,0.28999999165534973,0.28999999165534973,0.28999999165534973,5000.0
2026-04-09 14:32:00,LITH.V,,0.6100000143051147,0.6100000143051147,0.6100000143051147,0.6100000143051147,500.0
2026-04-09 14:32:00,LUCA.V,,1.4800000190734863,1.4800000190734863,1.4800000190734863,1.4800000190734863,1800.0
2026-04-09 14:33:00,GSI.V,,1.3600000143051147,1.3700000047683716,1.3600000143051147,1.3700000047683716,2400.0
2026-04-09 14:33:00,GSR.V,,0.4950000047683716,0.5,0.4950000047683716,0.5,1500.0
2026-04-09 14:33:00,HITI.V,,3.1700000762939453,3.1700000762939453,3.1700000762939453,3.1700000762939453,600.0
2026-04-09 14:33:00,HIVE.V,,2.9200000762939453,2.9200000762939453,2.9200000762939453,2.9200000762939453,700.0
2026-04-09 14:33:00,HMR.V,,0.8199999928474426,0.8199999928474426,0.8199999928474426,0.8199999928474426,2000.0
2026-04-09 14:33:00,HSTR.V,,2.5899999141693115,2.5899999141693115,2.5899999141693115,2.5899999141693115,1000.0
2026-04-09 14:33:00,LUCA.V,,1.4800000190734863,1.4800000190734863,1.4800000190734863,1.4800000190734863,100.0
2026-04-09 14:33:00,PNG.V,,8.430000305175781,8.449999809265137,8.430000305175781,8.449999809265137,2300.0
2026-04-09 14:34:00,FPC.V,,0.38999998569488525,0.39500001072883606,0.38999998569488525,0.39500001072883606,32500.0
2026-04-09 14:34:00,GQC.V,,2.309999942779541,2.309999942779541,2.2950000762939453,2.2950000762939453,600.0
2026-04-09 14:34:00,GSI.V,,1.3600000143051147,1.3600000143051147,1.3600000143051147,1.3600000143051147,800.0
2026-04-09 14:34:00,GSVR.V,,0.6399999856948853,0.6399999856948853,0.6399999856948853,0.6399999856948853,12500.0
2026-04-09 14:34:00,HMR.V,,0.8299999833106995,0.8299999833106995,0.8299999833106995,0.8299999833106995,8000.0
2026-04-09 14:34:00,HSTR.V,,2.5899999141693115,2.5899999141693115,2.5899999141693115,2.5899999141693115,200.0
2026-04-09 14:34:00,LTH.V,,1.3200000524520874,1.3200000524520874,1.3200000524520874,1.3200000524520874,400.0
2026-04-09 14:34:00,LUCA.V,,1.4800000190734863,1.4800000190734863,1.4800000190734863,1.4800000190734863,100.0
2026-04-09 14:34:00,PNG.V,,8.420000076293945,8.430000305175781,8.420000076293945,8.430000305175781,952.0
2026-04-09 14:35:00,EMN.V,,0.14499999582767487,0.14499999582767487,0.14499999582767487,0.14499999582767487,3000.0
2026-04-09 14:35:00,GBML.V,,0.18000000715255737,0.18000000715255737,0.18000000715255737,0.18000000715255737,15000.0
2026-04-09 14:35:00,GOT.V,,1.6399999856948853,1.6399999856948853,1.6399999856948853,1.6399999856948853,400.0
2026-04-09 14:35:00,HIVE.V,,2.9200000762939453,2.9200000762939453,2.9200000762939453,2.9200000762939453,7000.0
2026-04-09 14:35:00,HSTR.V,,2.5950000286102295,2.5950000286102295,2.5950000286102295,2.5950000286102295,200.0
2026-04-09 14:35:00,KTN.V,,1.4500000476837158,1.4500000476837158,1.4500000476837158,1.4500000476837158,100.0
2026-04-09 14:35:00,LMR.V,,0.09000000357627869,0.09000000357627869,0.09000000357627869,0.09000000357627869,1000.0
2026-04-09 14:35:00,LTH.V,,1.3200000524520874,1.3200000524520874,1.3200000524520874,1.3200000524520874,500.0
2026-04-09 14:35:00,LUCA.V,,1.4800000190734863,1.4800000190734863,1.4800000190734863,1.4800000190734863,100.0
2026-04-09 14:35:00,PNG.V,,8.399999618530273,8.420000076293945,8.399999618530273,8.420000076293945,6072.0
2026-04-09 14:36:00,FRED.V,,0.6399999856948853,0.6399999856948853,0.6399999856948853,0.6399999856948853,5000.0
2026-04-09 14:36:00,GRSL.V,,0.33000001311302185,0.33000001311302185,0.33000001311302185,0.33000001311302185,2000.0
2026-04-09 14:36:00,HIVE.V,,2.9200000762939453,2.9200000762939453,2.9200000762939453,2.9200000762939453,1209.0
2026-04-09 14:36:00,HSTR.V,,2.5799999237060547,2.5899999141693115,2.5799999237060547,2.5899999141693115,7800.0
2026-04-09 14:36:00,ICM.V,,0.11500000208616257,0.11999999731779099,0.11500000208616257,0.11999999731779099,29000.0
2026-04-09 14:36:00,LTH.V,,1.3200000524520874,1.3200000524520874,1.3200000524520874,1.3200000524520874,500.0
2026-04-09 14:36:00,LUCA.V,,1.4800000190734863,1.4800000190734863,1.4800000190734863,1.4800000190734863,100.0
2026-04-09 14:36:00,LVX.V,,0.6600000262260437,0.6600000262260437,0.6600000262260437,0.6600000262260437,500.0
2026-04-09 14:36:00,ROAR.V,,0.25,0.25,0.25,0.25,2000.0
2026-04-09 14:37:00,FRED.V,,0.6299999952316284,0.6299999952316284,0.6299999952316284,0.6299999952316284,16500.0
2026-04-09 14:37:00,GSI.V,,1.350000023841858,1.3550000190734863,1.350000023841858,1.3550000190734863,4400.0
2026-04-09 14:37:00,HIVE.V,,2.9100000858306885,2.9100000858306885,2.9100000858306885,2.9100000858306885,1000.0
2026-04-09 14:37:00,HMR.V,,0.8199999928474426,0.8199999928474426,0.8199999928474426,0.8199999928474426,1000.0
2026-04-09 14:37:00,HSTR.V,,2.5850000381469727,2.5850000381469727,2.5799999237060547,2.5799999237060547,600.0
2026-04-09 14:37:00,ICM.V,,0.11500000208616257,0.11500000208616257,0.11500000208616257,0.11500000208616257,29751.0
2026-04-09 14:37:00,LGC.V,,2.1500000953674316,2.1500000953674316,2.1500000953674316,2.1500000953674316,100.0
2026-04-09 14:37:00,LTH.V,,1.3200000524520874,1.3200000524520874,1.3200000524520874,1.3200000524520874,500.0
2026-04-09 14:37:00,LUCA.V,,1.4800000190734863,1.4800000190734863,1.4800000190734863,1.4800000190734863,100.0
2026-04-09 14:37:00,MJS.V,,0.14499999582767487,0.14499999582767487,0.14499999582767487,0.14499999582767487,500.0
2026-04-09 14:37:00,NURS.V,,3.0999999046325684,3.0999999046325684,3.0999999046325684,3.0999999046325684,350.0
2026-04-09 14:38:00,GRSL.V,,0.33000001311302185,0.33000001311302185,0.33000001311302185,0.33000001311302185,25874.0
2026-04-09 14:38:00,HIVE.V,,2.9200000762939453,2.9200000762939453,2.9200000762939453,2.9200000762939453,200.0
2026-04-09 14:38:00,HSTR.V,,2.5799999237060547,2.5799999237060547,2.5799999237060547,2.5799999237060547,1400.0
2026-04-09 14:38:00,INEO.V,,0.009999999776482582,0.009999999776482582,0.009999999776482582,0.009999999776482582,8000.0
2026-04-09 14:38:00,KRI.V,,0.28999999165534973,0.28999999165534973,0.28999999165534973,0.28999999165534973,8000.0
2026-04-09 14:38:00,LCX.V,,1.9900000095367432,1.9900000095367432,1.9800000190734863,1.9800000190734863,7800.0
2026-04-09 14:38:00,LTH.V,,1.3200000524520874,1.3250000476837158,1.3200000524520874,1.3200000524520874,600.0
2026-04-09 14:38:00,LUCA.V,,1.4800000190734863,1.4800000190734863,1.4800000190734863,1.4800000190734863,100.0
2026-04-09 14:38:00,PNG.V,,8.420000076293945,8.420000076293945,8.420000076293945,8.420000076293945,100.0
2026-04-09 14:39:00,EMN.V,,0.14499999582767487,0.14499999582767487,0.14499999582767487,0.14499999582767487,2500.0
2026-04-09 14:39:00,FBF.V,,0.9700000286102295,0.9700000286102295,0.949999988079071,0.949999988079071,800.0
2026-04-09 14:39:00,FCLI.V,,0.41999998688697815,0.41999998688697815,0.41999998688697815,0.41999998688697815,1000.0
2026-04-09 14:39:00,GG.V,,2.700000047683716,2.7100000381469727,2.700000047683716,2.7100000381469727,2008.0
2026-04-09 14:39:00,HIVE.V,,2.9200000762939453,2.9200000762939453,2.9200000762939453,2.9200000762939453,2500.0
2026-04-09 14:39:00,HSTR.V,,2.5799999237060547,2.5799999237060547,2.5799999237060547,2.5799999237060547,100.0
2026-04-09 14:39:00,INEO.V,,0.009999999776482582,0.009999999776482582,0.009999999776482582,0.009999999776482582,44000.0
2026-04-09 14:39:00,KTO.V,,0.8100000023841858,0.8199999928474426,0.8100000023841858,0.8199999928474426,8000.0
2026-04-09 14:39:00,LTH.V,,1.3200000524520874,1.3250000476837158,1.3200000524520874,1.3200000524520874,600.0
2026-04-09 14:39:00,LUCA.V,,1.4800000190734863,1.4800000190734863,1.4800000190734863,1.4800000190734863,100.0
2026-04-09 14:39:00,PNG.V,,8.420000076293945,8.420000076293945,8.420000076293945,8.420000076293945,200.0
2026-04-09 14:40:00,HIVE.V,,2.9200000762939453,2.9200000762939453,2.9200000762939453,2.9200000762939453,200.0
2026-04-09 14:40:00,HSTR.V,,2.569999933242798,2.5799999237060547,2.569999933242798,2.5799999237060547,1820.0
2026-04-09 14:40:00,LTH.V,,1.3200000524520874,1.3250000476837158,1.3200000524520874,1.3200000524520874,600.0
2026-04-09 14:40:00,LUCA.V,,1.4800000190734863,1.4800000190734863,1.4800000190734863,1.4800000190734863,100.0
2026-04-09 14:40:00,LVG.V,,0.3100000023841858,0.3100000023841858,0.3100000023841858,0.3100000023841858,17000.0
2026-04-09 14:40:00,MJS.V,,0.14499999582767487,0.14499999582767487,0.14499999582767487,0.14499999582767487,500.0
2026-04-09 14:40:00,PNG.V,,8.420000076293945,8.420000076293945,8.40999984741211,8.40999984741211,400.0
2026-04-09 14:41:00,GQC.V,,2.309999942779541,2.309999942779541,2.309999942779541,2.309999942779541,100.0
2026-04-09 14:41:00,GRZ.V,,5.400000095367432,5.400000095367432,5.400000095367432,5.400000095367432,200.0
2026-04-09 14:41:00,GSI.V,,1.3600000143051147,1.3600000143051147,1.3600000143051147,1.3600000143051147,2900.0
2026-04-09 14:41:00,GSVR.V,,0.6399999856948853,0.6399999856948853,0.6399999856948853,0.6399999856948853,5500.0
2026-04-09 14:41:00,HAN.V,,0.6100000143051147,0.6100000143051147,0.6100000143051147,0.6100000143051147,2500.0
2026-04-09 14:41:00,HITI.V,,3.1700000762939453,3.1700000762939453,3.1700000762939453,3.1700000762939453,600.0
2026-04-09 14:41:00,HIVE.V,,2.9100000858306885,2.9100000858306885,2.9100000858306885,2.9100000858306885,2000.0
2026-04-09 14:41:00,HSTR.V,,2.559999942779541,2.559999942779541,2.559999942779541,2.559999942779541,600.0
2026-04-09 14:41:00,LTH.V,,1.3200000524520874,1.3200000524520874,1.3200000524520874,1.3200000524520874,500.0
2026-04-09 14:41:00,LUCA.V,,1.4800000190734863,1.4800000190734863,1.4800000190734863,1.4800000190734863,200.0
2026-04-09 14:41:00,MLP.V,,2.0999999046325684,2.0999999046325684,2.0999999046325684,2.0999999046325684,100.0
2026-04-09 14:41:00,PNG.V,,8.40999984741211,8.40999984741211,8.40999984741211,8.40999984741211,2500.0
2026-04-09 14:42:00,FCLI.V,,0.42500001192092896,0.42500001192092896,0.42500001192092896,0.42500001192092896,3500.0
2026-04-09 14:42:00,GSI.V,,1.3600000143051147,1.3600000143051147,1.3600000143051147,1.3600000143051147,2290.0
2026-04-09 14:42:00,GWM.V,,0.6600000262260437,0.6600000262260437,0.6600000262260437,0.6600000262260437,500.0
2026-04-09 14:42:00,HSTR.V,,2.555000066757202,2.555000066757202,2.555000066757202,2.555000066757202,1900.0
2026-04-09 14:42:00,LGC.V,,2.200000047683716,2.200000047683716,2.200000047683716,2.200000047683716,1000.0
2026-04-09 14:42:00,LTH.V,,1.3200000524520874,1.3250000476837158,1.3200000524520874,1.3250000476837158,600.0
2026-04-09 14:42:00,LUCA.V,,1.4800000190734863,1.4800000190734863,1.4800000190734863,1.4800000190734863,100.0
2026-04-09 14:42:00,LVG.V,,0.3100000023841858,0.3100000023841858,0.3100000023841858,0.3100000023841858,18000.0
2026-04-09 14:42:00,MTX.V,,0.009999999776482582,0.009999999776482582,0.009999999776482582,0.009999999776482582,250000.0
2026-04-09 14:42:00,NURS.V,,3.069999933242798,3.069999933242798,3.069999933242798,3.069999933242798,10000.0
2026-04-09 14:42:00,PNG.V,,8.420000076293945,8.4399995803833,8.420000076293945,8.420000076293945,4000.0
2026-04-09 14:43:00,GRSL.V,,0.32749998569488525,0.32749998569488525,0.32749998569488525,0.32749998569488525,1000.0
2026-04-09 14:43:00,HIVE.V,,2.9100000858306885,2.9100000858306885,2.9100000858306885,2.9100000858306885,600.0
2026-04-09 14:43:00,HMR.V,,0.8199999928474426,0.8199999928474426,0.8199999928474426,0.8199999928474426,500.0
2026-04-09 14:43:00,HSTR.V,,2.559999942779541,2.559999942779541,2.555000066757202,2.555000066757202,2400.0
2026-04-09 14:43:00,LTH.V,,1.3200000524520874,1.3250000476837158,1.3200000524520874,1.3200000524520874,600.0
2026-04-09 14:43:00,LUCA.V,,1.4800000190734863,1.4800000190734863,1.475000023841858,1.4800000190734863,8300.0
2026-04-09 14:43:00,LVG.V,,0.3100000023841858,0.3100000023841858,0.3100000023841858,0.3100000023841858,7500.0
2026-04-09 14:43:00,MJS.V,,0.14499999582767487,0.14499999582767487,0.14499999582767487,0.14499999582767487,500.0
2026-04-09 14:43:00,MTX.V,,0.009999999776482582,0.009999999776482582,0.009999999776482582,0.009999999776482582,81000.0
2026-04-09 14:44:00,EXG.V,,0.0949999988079071,0.10999999940395355,0.0949999988079071,0.10999999940395355,0.0
2026-04-09 14:44:00,GSI.V,,1.3550000190734863,1.3550000190734863,1.3550000190734863,1.3550000190734863,100.0
2026-04-09 14:44:00,GSVR.V,,0.6399999856948853,0.6399999856948853,0.6399999856948853,0.6399999856948853,3500.0
2026-04-09 14:44:00,HMR.V,,0.8199999928474426,0.8199999928474426,0.8199999928474426,0.8199999928474426,500.0
2026-04-09 14:44:00,HPQ.V,,0.1850000023841858,0.1850000023841858,0.1850000023841858,0.1850000023841858,500.0
2026-04-09 14:44:00,HSTR.V,,2.555000066757202,2.555000066757202,2.555000066757202,2.555000066757202,300.0
2026-04-09 14:44:00,LIO.V,,0.24500000476837158,0.24500000476837158,0.24500000476837158,0.24500000476837158,21500.0
2026-04-09 14:44:00,LSL.V,,0.38499999046325684,0.38499999046325684,0.38499999046325684,0.38499999046325684,4000.0
2026-04-09 14:44:00,LTH.V,,1.3200000524520874,1.3200000524520874,1.3200000524520874,1.3200000524520874,500.0
2026-04-09 14:44:00,LUCA.V,,1.4700000286102295,1.4800000190734863,1.4700000286102295,1.4800000190734863,2700.0
2026-04-09 14:44:00,PNG.V,,8.40999984741211,8.40999984741211,8.40999984741211,8.40999984741211,1600.0
2026-04-09 14:45:00,EXG.V,,0.10499999672174454,0.10499999672174454,0.10499999672174454,0.10499999672174454,16000.0
2026-04-09 14:45:00,GSVR.V,,0.6399999856948853,0.6399999856948853,0.6399999856948853,0.6399999856948853,3000.0
2026-04-09 14:45:00,HIVE.V,,2.9100000858306885,2.9100000858306885,2.9100000858306885,2.9100000858306885,27600.0
2026-04-09 14:45:00,KGL-H.V,,0.17000000178813934,0.17000000178813934,0.17000000178813934,0.17000000178813934,0.0
2026-04-09 14:45:00,KTO.V,,0.8199999928474426,0.8199999928474426,0.8199999928474426,0.8199999928474426,7100.0
2026-04-09 14:45:00,LCX.V,,1.9900000095367432,1.9900000095367432,1.9800000190734863,1.9800000190734863,4400.0
2026-04-09 14:45:00,LIO.V,,0.24500000476837158,0.24500000476837158,0.24500000476837158,0.24500000476837158,2000.0
2026-04-09 14:45:00,LTH.V,,1.3200000524520874,1.3200000524520874,1.3200000524520874,1.3200000524520874,500.0
2026-04-09 14:45:00,LUCA.V,,1.4700000286102295,1.4700000286102295,1.4700000286102295,1.4700000286102295,100.0
2026-04-09 14:45:00,PNG.V,,8.420000076293945,8.420000076293945,8.420000076293945,8.420000076293945,531.0
2026-04-09 14:46:00,FMAN.V,,0.33000001311302185,0.33000001311302185,0.32499998807907104,0.32499998807907104,16000.0
2026-04-09 14:46:00,GSVR.V,,0.6399999856948853,0.6399999856948853,0.6399999856948853,0.6399999856948853,64500.0
2026-04-09 14:46:00,HIVE.V,,2.9100000858306885,2.9100000858306885,2.9100000858306885,2.9100000858306885,2200.0
2026-04-09 14:46:00,HSTR.V,,2.569999933242798,2.569999933242798,2.559999942779541,2.559999942779541,6500.0
2026-04-09 14:46:00,KDK.V,,0.8799999952316284,0.8799999952316284,0.8799999952316284,0.8799999952316284,2000.0
2026-04-09 14:46:00,LTH.V,,1.3200000524520874,1.3200000524520874,1.3200000524520874,1.3200000524520874,400.0
2026-04-09 14:46:00,LUCA.V,,1.4700000286102295,1.4700000286102295,1.4700000286102295,1.4700000286102295,100.0
2026-04-09 14:46:00,PNG.V,,8.40999984741211,8.430000305175781,8.40999984741211,8.430000305175781,3245.0
2026-04-09 14:46:00,ROAR.V,,0.25,0.25,0.25,0.25,1500.0
2026-04-09 14:46:00,ZNG.V,,1.1399999856948853,1.1399999856948853,1.1299999952316284,1.1299999952316284,200.0
2026-04-09 14:47:00,FYL.V,,0.12999999523162842,0.12999999523162842,0.12999999523162842,0.12999999523162842,15000.0
2026-04-09 14:47:00,GSI.V,,1.3600000143051147,1.3600000143051147,1.3600000143051147,1.3600000143051147,400.0
2026-04-09 14:47:00,HIVE.V,,2.9100000858306885,2.9100000858306885,2.9100000858306885,2.9100000858306885,100.0
2026-04-09 14:47:00,LTH.V,,1.3200000524520874,1.3200000524520874,1.3200000524520874,1.3200000524520874,600.0
2026-04-09 14:47:00,LUCA.V,,1.4700000286102295,1.4800000190734863,1.4700000286102295,1.4800000190734863,200.0
2026-04-09 14:47:00,MJS.V,,0.14499999582767487,0.14499999582767487,0.14499999582767487,0.14499999582767487,500.0
2026-04-09 14:47:00,PNG.V,,8.40999984741211,8.420000076293945,8.40999984741211,8.40999984741211,900.0
2026-04-09 14:47:00,ROAR.V,,0.25,0.25,0.25,0.25,3500.0
2026-04-09 14:48:00,FPC.V,,0.39500001072883606,0.39500001072883606,0.39500001072883606,0.39500001072883606,500.0
2026-04-09 14:48:00,FRED.V,,0.6200000047683716,0.6299999952316284,0.6200000047683716,0.6299999952316284,17000.0
2026-04-09 14:48:00,GPAC.V,,0.46000000834465027,0.46000000834465027,0.46000000834465027,0.46000000834465027,500.0
2026-04-09 14:48:00,GQC.V,,2.2950000762939453,2.2950000762939453,2.2950000762939453,2.2950000762939453,100.0
2026-04-09 14:48:00,GWM.V,,0.6600000262260437,0.6600000262260437,0.6600000262260437,0.6600000262260437,27029.0
2026-04-09 14:48:00,HIVE.V,,2.9100000858306885,2.9100000858306885,2.9100000858306885,2.9100000858306885,1100.0
2026-04-09 14:48:00,LGC.V,,2.200000047683716,2.200000047683716,2.200000047683716,2.200000047683716,2000.0
2026-04-09 14:48:00,LTH.V,,1.315000057220459,1.3250000476837158,1.315000057220459,1.3200000524520874,800.0
2026-04-09 14:48:00,LUCA.V,,1.4700000286102295,1.4700000286102295,1.4700000286102295,1.4700000286102295,100.0
2026-04-09 14:48:00,MJS.V,,0.14499999582767487,0.14499999582767487,0.14499999582767487,0.14499999582767487,11500.0
2026-04-09 14:48:00,MLP.V,,2.0899999141693115,2.0999999046325684,2.0899999141693115,2.0999999046325684,1900.0
2026-04-09 14:49:00,GGO.V,,0.9800000190734863,0.9800000190734863,0.9800000190734863,0.9800000190734863,1500.0
2026-04-09 14:49:00,HIVE.V,,2.9100000858306885,2.9100000858306885,2.9100000858306885,2.9100000858306885,4200.0
2026-04-09 14:49:00,LTH.V,,1.315000057220459,1.315000057220459,1.315000057220459,1.315000057220459,300.0
2026-04-09 14:49:00,LUCA.V,,1.4700000286102295,1.4700000286102295,1.4700000286102295,1.4700000286102295,100.0
2026-04-09 14:49:00,PNG.V,,8.40999984741211,8.40999984741211,8.40999984741211,8.40999984741211,400.0
2026-04-09 14:50:00,HIVE.V,,2.9100000858306885,2.9100000858306885,2.9100000858306885,2.9100000858306885,872.0
2026-04-09 14:50:00,HSTR.V,,2.569999933242798,2.569999933242798,2.569999933242798,2.569999933242798,300.0
2026-04-09 14:50:00,KAPA.V,,0.17000000178813934,0.17000000178813934,0.17000000178813934,0.17000000178813934,800.0
2026-04-09 14:50:00,LGC.V,,2.2200000286102295,2.2200000286102295,2.2100000381469727,2.2100000381469727,11900.0
2026-04-09 14:50:00,LITH.V,,0.6100000143051147,0.6100000143051147,0.6100000143051147,0.6100000143051147,500.0
2026-04-09 14:50:00,LTH.V,,1.309999942779541,1.309999942779541,1.309999942779541,1.309999942779541,100.0
2026-04-09 14:50:00,LUCA.V,,1.475000023841858,1.475000023841858,1.475000023841858,1.475000023841858,100.0
2026-04-09 14:50:00,MJS.V,,0.14499999582767487,0.14499999582767487,0.14499999582767487,0.14499999582767487,500.0
2026-04-09 14:50:00,PNG.V,,8.40999984741211,8.40999984741211,8.40999984741211,8.40999984741211,300.0
2026-04-09 14:51:00,FRED.V,,0.6100000143051147,0.6150000095367432,0.6100000143051147,0.6150000095367432,1500.0
2026-04-09 14:51:00,GSVR.V,,0.6399999856948853,0.6399999856948853,0.6399999856948853,0.6399999856948853,790.0
2026-04-09 14:51:00,HEVI.V,,0.20999999344348907,0.20999999344348907,0.20999999344348907,0.20999999344348907,16500.0
2026-04-09 14:51:00,HSTR.V,,2.569999933242798,2.569999933242798,2.569999933242798,2.569999933242798,500.0
2026-04-09 14:51:00,LGC.V,,2.2200000286102295,2.2200000286102295,2.2200000286102295,2.2200000286102295,500.0
2026-04-09 14:51:00,LTH.V,,1.309999942779541,1.309999942779541,1.309999942779541,1.309999942779541,500.0
2026-04-09 14:51:00,LUCA.V,,1.475000023841858,1.475000023841858,1.475000023841858,1.475000023841858,100.0
2026-04-09 14:51:00,MLP.V,,2.0899999141693115,2.0999999046325684,2.0899999141693115,2.0999999046325684,1600.0
2026-04-09 14:51:00,PNG.V,,8.420000076293945,8.420000076293945,8.420000076293945,8.420000076293945,250.0
2026-04-09 14:52:00,FPC.V,,0.38999998569488525,0.38999998569488525,0.38999998569488525,0.38999998569488525,1000.0
2026-04-09 14:52:00,GOT.V,,1.6299999952316284,1.6299999952316284,1.6299999952316284,1.6299999952316284,2830.0
2026-04-09 14:52:00,HCH.V,,1.5,1.5,1.4900000095367432,1.4900000095367432,400.0
2026-04-09 14:52:00,HEVI.V,,0.20999999344348907,0.20999999344348907,0.20999999344348907,0.20999999344348907,9600.0
2026-04-09 14:52:00,HITI.V,,3.1700000762939453,3.1700000762939453,3.1700000762939453,3.1700000762939453,100.0
2026-04-09 14:52:00,IPT.V,,0.25,0.25,0.25,0.25,5000.0
2026-04-09 14:52:00,LGC.V,,2.2200000286102295,2.2200000286102295,2.2200000286102295,2.2200000286102295,600.0
2026-04-09 14:52:00,LTH.V,,1.309999942779541,1.309999942779541,1.309999942779541,1.309999942779541,500.0
2026-04-09 14:52:00,LUCA.V,,1.475000023841858,1.475000023841858,1.475000023841858,1.475000023841858,200.0
2026-04-09 14:52:00,MTX.V,,0.009999999776482582,0.009999999776482582,0.009999999776482582,0.009999999776482582,15000.0
2026-04-09 14:52:00,TUF.V,,0.24500000476837158,0.24500000476837158,0.24500000476837158,0.24500000476837158,6700.0
2026-04-09 14:53:00,FCLI.V,,0.42500001192092896,0.42500001192092896,0.42500001192092896,0.42500001192092896,500.0
2026-04-09 14:53:00,GMG.V,,2.1600000858306885,2.1600000858306885,2.1600000858306885,2.1600000858306885,100.0
2026-04-09 14:53:00,HEVI.V,,0.2150000035762787,0.2150000035762787,0.2150000035762787,0.2150000035762787,2300.0
2026-04-09 14:53:00,HIVE.V,,2.9000000953674316,2.9000000953674316,2.9000000953674316,2.9000000953674316,16570.0
2026-04-09 14:53:00,KTO.V,,0.8100000023841858,0.8199999928474426,0.8100000023841858,0.8199999928474426,10500.0
2026-04-09 14:53:00,LGC.V,,2.2200000286102295,2.2200000286102295,2.2200000286102295,2.2200000286102295,500.0
2026-04-09 14:53:00,LLG.V,,0.07500000298023224,0.07500000298023224,0.07500000298023224,0.07500000298023224,5000.0
2026-04-09 14:53:00,LSL.V,,0.38499999046325684,0.38499999046325684,0.38499999046325684,0.38499999046325684,3000.0
2026-04-09 14:53:00,LTH.V,,1.309999942779541,1.309999942779541,1.309999942779541,1.309999942779541,500.0
2026-04-09 14:53:00,MJS.V,,0.14499999582767487,0.14499999582767487,0.14499999582767487,0.14499999582767487,500.0
2026-04-09 14:53:00,MTA.V,,9.289999961853027,9.289999961853027,9.289999961853027,9.289999961853027,200.0
2026-04-09 14:53:00,NURS.V,,3.119999885559082,3.119999885559082,3.119999885559082,3.119999885559082,200.0
2026-04-09 14:54:00,KTO.V,,0.8199999928474426,0.8199999928474426,0.8199999928474426,0.8199999928474426,1000.0
2026-04-09 14:54:00,LGC.V,,2.2200000286102295,2.2200000286102295,2.2200000286102295,2.2200000286102295,700.0
2026-04-09 14:54:00,LTH.V,,1.309999942779541,1.309999942779541,1.309999942779541,1.309999942779541,200.0
2026-04-09 14:54:00,LUCA.V,,1.475000023841858,1.475000023841858,1.475000023841858,1.475000023841858,200.0
2026-04-09 14:54:00,MCS.V,,2.1600000858306885,2.1600000858306885,2.1600000858306885,2.1600000858306885,1000.0
2026-04-09 14:54:00,PNG.V,,8.420000076293945,8.420000076293945,8.40999984741211,8.420000076293945,300.0
2026-04-09 14:55:00,GOT.V,,1.6299999952316284,1.6299999952316284,1.6299999952316284,1.6299999952316284,100.0
2026-04-09 14:55:00,GSVR.V,,0.6399999856948853,0.6399999856948853,0.6399999856948853,0.6399999856948853,18350.0
2026-04-09 14:55:00,HEVI.V,,0.2150000035762787,0.2150000035762787,0.2150000035762787,0.2150000035762787,57000.0
2026-04-09 14:55:00,HSTR.V,,2.575000047683716,2.575000047683716,2.575000047683716,2.575000047683716,200.0
2026-04-09 14:55:00,LGC.V,,2.2200000286102295,2.2200000286102295,2.2200000286102295,2.2200000286102295,500.0
2026-04-09 14:55:00,LTH.V,,1.309999942779541,1.309999942779541,1.309999942779541,1.309999942779541,400.0
2026-04-09 14:55:00,LUCA.V,,1.475000023841858,1.475000023841858,1.475000023841858,1.475000023841858,100.0
2026-04-09 14:55:00,MTX.V,,0.009999999776482582,0.009999999776482582,0.009999999776482582,0.009999999776482582,3000.0
2026-04-09 14:55:00,NURS.V,,3.140000104904175,3.140000104904175,3.130000114440918,3.130000114440918,3303.0
2026-04-09 14:55:00,PNG.V,,8.420000076293945,8.420000076293945,8.420000076293945,8.420000076293945,2600.0
2026-04-09 14:56:00,FPC.V,,0.38999998569488525,0.38999998569488525,0.38999998569488525,0.38999998569488525,500.0
2026-04-09 14:56:00,GOT.V,,1.6299999952316284,1.6299999952316284,1.6299999952316284,1.6299999952316284,100.0
2026-04-09 14:56:00,GQC.V,,2.2950000762939453,2.2950000762939453,2.2950000762939453,2.2950000762939453,100.0
2026-04-09 14:56:00,GSI.V,,1.3600000143051147,1.3700000047683716,1.3600000143051147,1.3700000047683716,1600.0
2026-04-09 14:56:00,HITI.V,,3.1700000762939453,3.1700000762939453,3.1700000762939453,3.1700000762939453,100.0
2026-04-09 14:56:00,HSTR.V,,2.575000047683716,2.575000047683716,2.569999933242798,2.569999933242798,400.0
2026-04-09 14:56:00,LGC.V,,2.2200000286102295,2.2200000286102295,2.2200000286102295,2.2200000286102295,600.0
2026-04-09 14:56:00,LTH.V,,1.309999942779541,1.315000057220459,1.309999942779541,1.309999942779541,600.0
2026-04-09 14:56:00,LUCA.V,,1.475000023841858,1.475000023841858,1.475000023841858,1.475000023841858,100.0
2026-04-09 14:56:00,MJS.V,,0.14499999582767487,0.14499999582767487,0.14499999582767487,0.14499999582767487,500.0
2026-04-09 14:56:00,MLP.V,,2.0999999046325684,2.0999999046325684,2.0999999046325684,2.0999999046325684,1100.0
2026-04-09 14:56:00,PNG.V,,8.420000076293945,8.420000076293945,8.420000076293945,8.420000076293945,200.0
2026-04-09 14:57:00,FMAN.V,,0.33000001311302185,0.33000001311302185,0.33000001311302185,0.33000001311302185,1000.0
2026-04-09 14:57:00,GOT.V,,1.6299999952316284,1.6299999952316284,1.6299999952316284,1.6299999952316284,100.0
2026-04-09 14:57:00,GRSL.V,,0.33000001311302185,0.33000001311302185,0.33000001311302185,0.33000001311302185,6000.0
2026-04-09 14:57:00,GRZ.V,,5.480000019073486,5.480000019073486,5.480000019073486,5.480000019073486,100.0
2026-04-09 14:57:00,HSTR.V,,2.575000047683716,2.575000047683716,2.575000047683716,2.575000047683716,500.0
2026-04-09 14:57:00,IVS.V,,0.23000000417232513,0.23000000417232513,0.23000000417232513,0.23000000417232513,30000.0
2026-04-09 14:57:00,LGC.V,,2.2200000286102295,2.2200000286102295,2.2200000286102295,2.2200000286102295,600.0
2026-04-09 14:57:00,LTH.V,,1.3200000524520874,1.3200000524520874,1.309999942779541,1.309999942779541,600.0
2026-04-09 14:57:00,LUCA.V,,1.475000023841858,1.475000023841858,1.475000023841858,1.475000023841858,200.0
2026-04-09 14:57:00,PNG.V,,8.420000076293945,8.420000076293945,8.420000076293945,8.420000076293945,100.0
2026-04-09 14:58:00,GSS.V,,0.03500000014901161,0.03500000014901161,0.029999999329447746,0.029999999329447746,13000.0
2026-04-09 14:58:00,HAN.V,,0.6000000238418579,0.6100000143051147,0.6000000238418579,0.6100000143051147,3010.0
2026-04-09 14:58:00,HIVE.V,,2.9000000953674316,2.9000000953674316,2.9000000953674316,2.9000000953674316,153.0
2026-04-09 14:58:00,HSTR.V,,2.575000047683716,2.575000047683716,2.575000047683716,2.575000047683716,100.0
2026-04-09 14:58:00,IFOS.V,,3.7799999713897705,3.7799999713897705,3.7799999713897705,3.7799999713897705,100.0
2026-04-09 14:58:00,LGC.V,,2.2200000286102295,2.2200000286102295,2.200000047683716,2.2200000286102295,700.0
2026-04-09 14:58:00,LTH.V,,1.309999942779541,1.309999942779541,1.309999942779541,1.309999942779541,600.0
2026-04-09 14:58:00,LUCA.V,,1.4700000286102295,1.4700000286102295,1.4700000286102295,1.4700000286102295,100.0
2026-04-09 14:58:00,NICU.V,,2.0999999046325684,2.0999999046325684,2.0999999046325684,2.0999999046325684,38255.0
2026-04-09 14:58:00,PNG.V,,8.40999984741211,8.40999984741211,8.399999618530273,8.40999984741211,11967.0
2026-04-09 14:59:00,FMS.V,,0.3700000047683716,0.3700000047683716,0.36000001430511475,0.36000001430511475,42000.0
2026-04-09 14:59:00,FPC.V,,0.38999998569488525,0.38999998569488525,0.38999998569488525,0.38999998569488525,500.0
2026-04-09 14:59:00,GOT.V,,1.6399999856948853,1.6399999856948853,1.6299999952316284,1.6299999952316284,600.0
2026-04-09 14:59:00,GPAC.V,,0.4650000035762787,0.4699999988079071,0.4650000035762787,0.4699999988079071,10500.0
2026-04-09 14:59:00,HITI.V,,3.1700000762939453,3.1700000762939453,3.1700000762939453,3.1700000762939453,100.0
2026-04-09 14:59:00,HPQ.V,,0.1850000023841858,0.1850000023841858,0.1850000023841858,0.1850000023841858,36000.0
2026-04-09 14:59:00,HSTR.V,,2.5799999237060547,2.5799999237060547,2.575000047683716,2.575000047683716,2600.0
2026-04-09 14:59:00,LGC.V,,2.2200000286102295,2.2200000286102295,2.2200000286102295,2.2200000286102295,500.0
2026-04-09 14:59:00,LTH.V,,1.309999942779541,1.315000057220459,1.309999942779541,1.315000057220459,600.0
2026-04-09 14:59:00,LUCA.V,,1.475000023841858,1.475000023841858,1.475000023841858,1.475000023841858,100.0
2026-04-09 14:59:00,MJS.V,,0.14499999582767487,0.14499999582767487,0.14499999582767487,0.14499999582767487,500.0
2026-04-09 14:59:00,NURS.V,,3.1500000953674316,3.1500000953674316,3.1500000953674316,3.1500000953674316,2005.0
2026-04-09 15:00:00,GOT.V,,1.6299999952316284,1.6299999952316284,1.6299999952316284,1.6299999952316284,2100.0
2026-04-09 15:00:00,HIVE.V,,2.9000000953674316,2.9100000858306885,2.9000000953674316,2.9100000858306885,210.0
2026-04-09 15:00:00,LGC.V,,2.25,2.25,2.190000057220459,2.2200000286102295,8200.0
2026-04-09 15:00:00,LTH.V,,1.309999942779541,1.315000057220459,1.309999942779541,1.309999942779541,600.0
2026-04-09 15:00:00,LUCA.V,,1.4800000190734863,1.4900000095367432,1.475000023841858,1.475000023841858,5400.0
2026-04-09 15:00:00,LVX.V,,0.6600000262260437,0.6600000262260437,0.6600000262260437,0.6600000262260437,7500.0
2026-04-09 15:00:00,NICU.V,,2.0999999046325684,2.0999999046325684,2.0999999046325684,2.0999999046325684,400.0
2026-04-09 15:01:00,GGAU.V,,0.25,0.25,0.25,0.25,0.0
2026-04-09 15:01:00,GOT.V,,1.649999976158142,1.649999976158142,1.6299999952316284,1.6299999952316284,36500.0
2026-04-09 15:01:00,HITI.V,,3.1700000762939453,3.1700000762939453,3.1700000762939453,3.1700000762939453,100.0
2026-04-09 15:01:00,HSTR.V,,2.569999933242798,2.569999933242798,2.569999933242798,2.569999933242798,2600.0
2026-04-09 15:01:00,IVS.V,,0.23000000417232513,0.23000000417232513,0.23000000417232513,0.23000000417232513,20000.0
2026-04-09 15:01:00,LBNK.V,,0.7099999785423279,0.7099999785423279,0.7099999785423279,0.7099999785423279,1000.0
2026-04-09 15:01:00,LGC.V,,2.2699999809265137,2.2699999809265137,2.25,2.25,4850.0
2026-04-09 15:01:00,LTH.V,,1.309999942779541,1.315000057220459,1.309999942779541,1.309999942779541,700.0
2026-04-09 15:01:00,MLP.V,,2.0999999046325684,2.0999999046325684,2.0999999046325684,2.0999999046325684,1500.0
2026-04-09 15:02:00,FFOX.V,,0.6000000238418579,0.6000000238418579,0.6000000238418579,0.6000000238418579,5000.0
2026-04-09 15:02:00,FPC.V,,0.38999998569488525,0.38999998569488525,0.38999998569488525,0.38999998569488525,500.0
2026-04-09 15:02:00,GOT.V,,1.649999976158142,1.649999976158142,1.649999976158142,1.649999976158142,1300.0
2026-04-09 15:02:00,GSVR.V,,0.6499999761581421,0.6499999761581421,0.6499999761581421,0.6499999761581421,27489.0
2026-04-09 15:02:00,HIVE.V,,2.9100000858306885,2.9100000858306885,2.9100000858306885,2.9100000858306885,400.0
2026-04-09 15:02:00,LGC.V,,2.2699999809265137,2.2699999809265137,2.2699999809265137,2.2699999809265137,500.0
2026-04-09 15:02:00,LTH.V,,1.309999942779541,1.309999942779541,1.309999942779541,1.309999942779541,600.0
2026-04-09 15:02:00,LUCA.V,,1.475000023841858,1.475000023841858,1.475000023841858,1.475000023841858,100.0
2026-04-09 15:02:00,MJS.V,,0.14499999582767487,0.14499999582767487,0.14499999582767487,0.14499999582767487,500.0
2026-04-09 15:02:00,PNG.V,,8.399999618530273,8.420000076293945,8.399999618530273,8.420000076293945,2500.0
2026-04-09 15:02:00,WOLF.V,,1.350000023841858,1.350000023841858,1.350000023841858,1.350000023841858,1100.0
2026-04-09 15:03:00,FAIR.V,,0.07000000029802322,0.07000000029802322,0.07000000029802322,0.07000000029802322,2000.0
2026-04-09 15:03:00,GLAD.V,,1.309999942779541,1.309999942779541,1.2999999523162842,1.2999999523162842,2700.0
2026-04-09 15:03:00,GOT.V,,1.649999976158142,1.649999976158142,1.649999976158142,1.649999976158142,900.0
2026-04-09 15:03:00,LGC.V,,2.2699999809265137,2.2699999809265137,2.2699999809265137,2.2699999809265137,400.0
2026-04-09 15:03:00,LTH.V,,1.309999942779541,1.315000057220459,1.309999942779541,1.309999942779541,10900.0
2026-04-09 15:03:00,MGM.V,,2.5450000762939453,2.5450000762939453,2.5450000762939453,2.5450000762939453,300.0
2026-04-09 15:03:00,NICU.V,,2.0999999046325684,2.0999999046325684,2.0999999046325684,2.0999999046325684,100.0
2026-04-09 15:03:00,WOLF.V,,1.309999942779541,1.3200000524520874,1.309999942779541,1.3200000524520874,1900.0
2026-04-09 15:04:00,GTC.V,,0.18000000715255737,0.18000000715255737,0.18000000715255737,0.18000000715255737,1500.0
2026-04-09 15:04:00,HITI.V,,3.1700000762939453,3.1700000762939453,3.1700000762939453,3.1700000762939453,100.0
2026-04-09 15:04:00,HIVE.V,,2.9100000858306885,2.9100000858306885,2.9100000858306885,2.9100000858306885,300.0
2026-04-09 15:04:00,HSTR.V,,2.569999933242798,2.569999933242798,2.569999933242798,2.569999933242798,1400.0
2026-04-09 15:04:00,LGC.V,,2.2699999809265137,2.2799999713897705,2.2699999809265137,2.2699999809265137,700.0
2026-04-09 15:04:00,LTH.V,,1.309999942779541,1.309999942779541,1.309999942779541,1.309999942779541,100.0
2026-04-09 15:04:00,LUCA.V,,1.4700000286102295,1.475000023841858,1.4700000286102295,1.475000023841858,10800.0
2026-04-09 15:04:00,MLP.V,,2.0999999046325684,2.0999999046325684,2.0999999046325684,2.0999999046325684,100.0
2026-04-09 15:04:00,PNG.V,,8.390000343322754,8.40999984741211,8.390000343322754,8.40999984741211,1230.0
2026-04-09 15:05:00,GSVR.V,,0.6449999809265137,0.6449999809265137,0.6449999809265137,0.6449999809265137,3000.0
2026-04-09 15:05:00,HIVE.V,,2.9049999713897705,2.9049999713897705,2.9049999713897705,2.9049999713897705,100.0
2026-04-09 15:05:00,ICM.V,,0.10999999940395355,0.10999999940395355,0.10999999940395355,0.10999999940395355,140917.0
2026-04-09 15:05:00,IFOS.V,,3.7799999713897705,3.7799999713897705,3.7799999713897705,3.7799999713897705,200.0
2026-04-09 15:05:00,LGC.V,,2.2799999713897705,2.2799999713897705,2.2699999809265137,2.2699999809265137,600.0
2026-04-09 15:05:00,LTH.V,,1.309999942779541,1.309999942779541,1.309999942779541,1.309999942779541,600.0
2026-04-09 15:05:00,LUCA.V,,1.475000023841858,1.475000023841858,1.4700000286102295,1.4700000286102295,3400.0
2026-04-09 15:05:00,MJS.V,,0.14499999582767487,0.14499999582767487,0.14499999582767487,0.14499999582767487,500.0
2026-04-09 15:06:00,GQC.V,,2.2950000762939453,2.2950000762939453,2.2950000762939453,2.2950000762939453,100.0
2026-04-09 15:06:00,GSVR.V,,0.6499999761581421,0.6499999761581421,0.6499999761581421,0.6499999761581421,500.0
2026-04-09 15:06:00,HIVE.V,,2.9100000858306885,2.9100000858306885,2.9049999713897705,2.9049999713897705,200.0
2026-04-09 15:06:00,HSTR.V,,2.5799999237060547,2.5799999237060547,2.5799999237060547,2.5799999237060547,500.0
2026-04-09 15:06:00,KTO.V,,0.8199999928474426,0.8199999928474426,0.8199999928474426,0.8199999928474426,1500.0
2026-04-09 15:06:00,LCX.V,,1.9700000286102295,1.9700000286102295,1.9700000286102295,1.9700000286102295,5100.0
2026-04-09 15:06:00,LGC.V,,2.2799999713897705,2.2799999713897705,2.2799999713897705,2.2799999713897705,600.0
2026-04-09 15:06:00,LTH.V,,1.309999942779541,1.309999942779541,1.309999942779541,1.309999942779541,700.0
2026-04-09 15:06:00,MGM.V,,2.559999942779541,2.559999942779541,2.559999942779541,2.559999942779541,100.0
2026-04-09 15:06:00,PNG.V,,8.40999984741211,8.40999984741211,8.40999984741211,8.40999984741211,200.0
2026-04-09 15:07:00,GGI.V,,0.11999999731779099,0.11999999731779099,0.11999999731779099,0.11999999731779099,11000.0
2026-04-09 15:07:00,HCH.V,,1.5,1.5,1.5,1.5,100.0
2026-04-09 15:07:00,HIVE.V,,2.9100000858306885,2.9100000858306885,2.9100000858306885,2.9100000858306885,400.0
2026-04-09 15:07:00,HSTR.V,,2.5799999237060547,2.5799999237060547,2.5799999237060547,2.5799999237060547,100.0
2026-04-09 15:07:00,LGC.V,,2.2799999713897705,2.2799999713897705,2.2799999713897705,2.2799999713897705,100.0
2026-04-09 15:07:00,LTH.V,,1.309999942779541,1.309999942779541,1.309999942779541,1.309999942779541,1000.0
2026-04-09 15:08:00,EMM.V,,0.07500000298023224,0.07500000298023224,0.07500000298023224,0.07500000298023224,21000.0
2026-04-09 15:08:00,HAPB.V,,0.04500000178813934,0.04500000178813934,0.04500000178813934,0.04500000178813934,23000.0
2026-04-09 15:08:00,HIVE.V,,2.9100000858306885,2.9100000858306885,2.9100000858306885,2.9100000858306885,500.0
2026-04-09 15:08:00,LTH.V,,1.309999942779541,1.309999942779541,1.309999942779541,1.309999942779541,400.0
2026-04-09 15:08:00,NICU.V,,2.0999999046325684,2.109999895095825,2.0999999046325684,2.109999895095825,800.0
2026-04-09 15:08:00,PNG.V,,8.40999984741211,8.40999984741211,8.399999618530273,8.399999618530273,200.0
2026-04-09 15:09:00,HAN.V,,0.6100000143051147,0.6100000143051147,0.6000000238418579,0.6000000238418579,5000.0
2026-04-09 15:09:00,HITI.V,,3.1700000762939453,3.1700000762939453,3.1700000762939453,3.1700000762939453,200.0
2026-04-09 15:09:00,HIVE.V,,2.9100000858306885,2.9100000858306885,2.9100000858306885,2.9100000858306885,1400.0
2026-04-09 15:09:00,HSTR.V,,2.5799999237060547,2.5799999237060547,2.5799999237060547,2.5799999237060547,7100.0
2026-04-09 15:09:00,LTH.V,,1.309999942779541,1.309999942779541,1.309999942779541,1.309999942779541,600.0
2026-04-09 15:09:00,MLP.V,,2.0999999046325684,2.0999999046325684,2.0999999046325684,2.0999999046325684,200.0
2026-04-09 15:09:00,PNG.V,,8.399999618530273,8.399999618530273,8.399999618530273,8.399999618530273,200.0
2026-04-09 15:10:00,GMG.V,,2.1600000858306885,2.1600000858306885,2.1600000858306885,2.1600000858306885,100.0
2026-04-09 15:10:00,GOT.V,,1.6549999713897705,1.6549999713897705,1.6549999713897705,1.6549999713897705,400.0
2026-04-09 15:10:00,HITI.V,,3.1700000762939453,3.1700000762939453,3.1700000762939453,3.1700000762939453,500.0
2026-04-09 15:10:00,HIVE.V,,2.9100000858306885,2.9100000858306885,2.9100000858306885,2.9100000858306885,3300.0
2026-04-09 15:10:00,HSTR.V,,2.5899999141693115,2.5899999141693115,2.5899999141693115,2.5899999141693115,200.0
2026-04-09 15:10:00,IPT.V,,0.25,0.25,0.25,0.25,1000.0
2026-04-09 15:10:00,KGS.V,,0.125,0.125,0.125,0.125,500.0
2026-04-09 15:10:00,LIO.V,,0.24500000476837158,0.24500000476837158,0.24500000476837158,0.24500000476837158,1000.0
2026-04-09 15:10:00,LTH.V,,1.309999942779541,1.309999942779541,1.309999942779541,1.309999942779541,400.0
2026-04-09 15:10:00,LVX.V,,0.6600000262260437,0.6600000262260437,0.6600000262260437,0.6600000262260437,5418.0
2026-04-09 15:10:00,NICU.V,,2.109999895095825,2.109999895095825,2.109999895095825,2.109999895095825,100.0
2026-04-09 15:10:00,PNG.V,,8.399999618530273,8.399999618530273,8.390000343322754,8.390000343322754,4814.0
2026-04-09 15:11:00,GMG.V,,2.1600000858306885,2.1600000858306885,2.1600000858306885,2.1600000858306885,100.0
2026-04-09 15:11:00,GQC.V,,2.2950000762939453,2.2950000762939453,2.2950000762939453,2.2950000762939453,500.0
2026-04-09 15:11:00,GWM.V,,0.6600000262260437,0.6600000262260437,0.6600000262260437,0.6600000262260437,500.0
2026-04-09 15:11:00,HITI.V,,3.1700000762939453,3.1700000762939453,3.1700000762939453,3.1700000762939453,100.0
2026-04-09 15:11:00,HIVE.V,,2.9100000858306885,2.9100000858306885,2.9100000858306885,2.9100000858306885,300.0
2026-04-09 15:11:00,LTH.V,,1.309999942779541,1.309999942779541,1.309999942779541,1.309999942779541,100.0
2026-04-09 15:11:00,MLP.V,,2.0999999046325684,2.0999999046325684,2.0999999046325684,2.0999999046325684,100.0
2026-04-09 15:11:00,PNG.V,,8.399999618530273,8.399999618530273,8.390000343322754,8.399999618530273,1100.0
2026-04-09 15:12:00,FAIR.V,,0.07000000029802322,0.07000000029802322,0.07000000029802322,0.07000000029802322,70500.0
2026-04-09 15:12:00,GQC.V,,2.2799999713897705,2.2799999713897705,2.2799999713897705,2.2799999713897705,100.0
2026-04-09 15:12:00,GRG.V,,0.06499999761581421,0.06499999761581421,0.06499999761581421,0.06499999761581421,14000.0
2026-04-09 15:12:00,GRZ.V,,5.53000020980835,5.53000020980835,5.53000020980835,5.53000020980835,1700.0
2026-04-09 15:12:00,HIVE.V,,2.9100000858306885,2.9100000858306885,2.9100000858306885,2.9100000858306885,7000.0
2026-04-09 15:12:00,KRY.V,,3.4100000858306885,3.4100000858306885,3.4100000858306885,3.4100000858306885,200.0
2026-04-09 15:12:00,LIO.V,,0.24500000476837158,0.24500000476837158,0.24500000476837158,0.24500000476837158,17000.0
2026-04-09 15:12:00,LTH.V,,1.309999942779541,1.309999942779541,1.309999942779541,1.309999942779541,300.0
2026-04-09 15:12:00,LVG.V,,0.3100000023841858,0.3100000023841858,0.3100000023841858,0.3100000023841858,500.0
2026-04-09 15:12:00,PNG.V,,8.399999618530273,8.40999984741211,8.399999618530273,8.40999984741211,9050.0
2026-04-09 15:13:00,FRED.V,,0.6100000143051147,0.6150000095367432,0.6100000143051147,0.6150000095367432,10500.0
2026-04-09 15:13:00,GSI.V,,1.3600000143051147,1.3600000143051147,1.3600000143051147,1.3600000143051147,200.0
2026-04-09 15:13:00,HEM.V,,0.07000000029802322,0.07000000029802322,0.07000000029802322,0.07000000029802322,0.0
2026-04-09 15:13:00,HITI.V,,3.1700000762939453,3.1700000762939453,3.1700000762939453,3.1700000762939453,100.0
2026-04-09 15:13:00,HIVE.V,,2.9100000858306885,2.9100000858306885,2.9100000858306885,2.9100000858306885,200.0
2026-04-09 15:13:00,HMR.V,,0.8199999928474426,0.8199999928474426,0.8199999928474426,0.8199999928474426,500.0
2026-04-09 15:13:00,LTH.V,,1.309999942779541,1.315000057220459,1.309999942779541,1.309999942779541,400.0
2026-04-09 15:13:00,PNG.V,,8.399999618530273,8.399999618530273,8.399999618530273,8.399999618530273,100.0
2026-04-09 15:14:00,FMAN.V,,0.33000001311302185,0.33000001311302185,0.33000001311302185,0.33000001311302185,6500.0
2026-04-09 15:14:00,GRZ.V,,5.619999885559082,5.789999961853027,5.619999885559082,5.789999961853027,300.0
2026-04-09 15:14:00,HAR.V,,0.05000000074505806,0.05000000074505806,0.05000000074505806,0.05000000074505806,18000.0
2026-04-09 15:14:00,HIVE.V,,2.9100000858306885,2.9100000858306885,2.9100000858306885,2.9100000858306885,100.0
2026-04-09 15:14:00,HSTR.V,,2.5899999141693115,2.5899999141693115,2.5899999141693115,2.5899999141693115,900.0
2026-04-09 15:14:00,LSL.V,,0.38499999046325684,0.38499999046325684,0.38499999046325684,0.38499999046325684,3000.0
2026-04-09 15:14:00,LTH.V,,1.309999942779541,1.309999942779541,1.309999942779541,1.309999942779541,600.0
2026-04-09 15:14:00,NURS.V,,3.1500000953674316,3.1500000953674316,3.140000104904175,3.140000104904175,10699.0
2026-04-09 15:14:00,PNG.V,,8.40999984741211,8.40999984741211,8.40999984741211,8.40999984741211,100.0
2026-04-09 15:15:00,GOT.V,,1.659999966621399,1.659999966621399,1.659999966621399,1.659999966621399,700.0
2026-04-09 15:15:00,GPAC.V,,0.46000000834465027,0.46000000834465027,0.46000000834465027,0.46000000834465027,500.0
2026-04-09 15:15:00,GQC.V,,2.2950000762939453,2.2950000762939453,2.2950000762939453,2.2950000762939453,100.0
2026-04-09 15:15:00,GRG.V,,0.07000000029802322,0.07000000029802322,0.07000000029802322,0.07000000029802322,4900.0
2026-04-09 15:15:00,GRSL.V,,0.33000001311302185,0.33000001311302185,0.33000001311302185,0.33000001311302185,13500.0
2026-04-09 15:15:00,GSTM.V,,0.22499999403953552,0.22499999403953552,0.22499999403953552,0.22499999403953552,3000.0
2026-04-09 15:15:00,HEVI.V,,0.20999999344348907,0.20999999344348907,0.20999999344348907,0.20999999344348907,22500.0
2026-04-09 15:15:00,HIVE.V,,2.9100000858306885,2.9100000858306885,2.9100000858306885,2.9100000858306885,100.0
2026-04-09 15:15:00,LCX.V,,1.9700000286102295,1.9700000286102295,1.9700000286102295,1.9700000286102295,5400.0
2026-04-09 15:15:00,LTH.V,,1.309999942779541,1.315000057220459,1.309999942779541,1.309999942779541,700.0
2026-04-09 15:15:00,LUCA.V,,1.475000023841858,1.475000023841858,1.475000023841858,1.475000023841858,100.0
2026-04-09 15:15:00,PNG.V,,8.390000343322754,8.399999618530273,8.390000343322754,8.399999618530273,431.0
2026-04-09 15:16:00,FMAN.V,,0.33000001311302185,0.33000001311302185,0.33000001311302185,0.33000001311302185,2000.0
2026-04-09 15:16:00,GMG.V,,2.1600000858306885,2.1600000858306885,2.1600000858306885,2.1600000858306885,200.0
2026-04-09 15:16:00,GOT.V,,1.6549999713897705,1.6549999713897705,1.6549999713897705,1.6549999713897705,400.0
2026-04-09 15:16:00,GRG.V,,0.07000000029802322,0.07000000029802322,0.07000000029802322,0.07000000029802322,5000.0
2026-04-09 15:16:00,GWM.V,,0.6600000262260437,0.6600000262260437,0.6600000262260437,0.6600000262260437,1000.0
2026-04-09 15:16:00,HCH.V,,1.5,1.5,1.5,1.5,21000.0
2026-04-09 15:16:00,HIVE.V,,2.9100000858306885,2.9100000858306885,2.9100000858306885,2.9100000858306885,300.0
2026-04-09 15:16:00,HSTR.V,,2.5899999141693115,2.5899999141693115,2.5899999141693115,2.5899999141693115,2600.0
2026-04-09 15:16:00,KDK.V,,0.9100000262260437,0.9100000262260437,0.9100000262260437,0.9100000262260437,500.0
2026-04-09 15:16:00,KRY.V,,3.390000104904175,3.390000104904175,3.390000104904175,3.390000104904175,400.0
2026-04-09 15:16:00,LTH.V,,1.309999942779541,1.315000057220459,1.309999942779541,1.309999942779541,800.0
2026-04-09 15:16:00,LUCA.V,,1.475000023841858,1.4800000190734863,1.475000023841858,1.475000023841858,300.0
2026-04-09 15:16:00,MFG.V,,4.400000095367432,4.400000095367432,4.400000095367432,4.400000095367432,3900.0
2026-04-09 15:16:00,PNG.V,,8.399999618530273,8.399999618530273,8.399999618530273,8.399999618530273,100.0
2026-04-09 15:17:00,HIVE.V,,2.9049999713897705,2.9100000858306885,2.9049999713897705,2.9100000858306885,400.0
2026-04-09 15:17:00,HSTR.V,,2.5899999141693115,2.5899999141693115,2.5899999141693115,2.5899999141693115,200.0
2026-04-09 15:17:00,ICM.V,,0.11500000208616257,0.11500000208616257,0.11500000208616257,0.11500000208616257,500.0
2026-04-09 15:17:00,LTH.V,,1.309999942779541,1.309999942779541,1.309999942779541,1.309999942779541,600.0
2026-04-09 15:17:00,LUCA.V,,1.4700000286102295,1.475000023841858,1.4700000286102295,1.475000023841858,200.0
2026-04-09 15:17:00,MLP.V,,2.0999999046325684,2.0999999046325684,2.0999999046325684,2.0999999046325684,200.0
2026-04-09 15:17:00,PNG.V,,8.399999618530273,8.399999618530273,8.399999618530273,8.399999618530273,100.0
2026-04-09 15:18:00,GOT.V,,1.6549999713897705,1.6549999713897705,1.6549999713897705,1.6549999713897705,400.0
2026-04-09 15:18:00,GRZ.V,,5.800000190734863,5.800000190734863,5.800000190734863,5.800000190734863,1000.0
2026-04-09 15:18:00,HITI.V,,3.1600000858306885,3.1600000858306885,3.1600000858306885,3.1600000858306885,202.0
2026-04-09 15:18:00,HIVE.V,,2.9049999713897705,2.9100000858306885,2.9049999713897705,2.9100000858306885,200.0
2026-04-09 15:18:00,HSTR.V,,2.5899999141693115,2.5899999141693115,2.5899999141693115,2.5899999141693115,600.0
2026-04-09 15:18:00,LBNK.V,,0.6899999976158142,0.699999988079071,0.6899999976158142,0.699999988079071,12056.0
2026-04-09 15:18:00,LRA.V,,3.6700000762939453,3.6700000762939453,3.6700000762939453,3.6700000762939453,350.0
2026-04-09 15:18:00,LTH.V,,1.309999942779541,1.309999942779541,1.309999942779541,1.309999942779541,500.0
2026-04-09 15:18:00,LUCA.V,,1.4700000286102295,1.475000023841858,1.4700000286102295,1.475000023841858,200.0
2026-04-09 15:18:00,NURS.V,,3.200000047683716,3.200000047683716,3.200000047683716,3.200000047683716,1100.0
2026-04-09 15:18:00,PNG.V,,8.390000343322754,8.40999984741211,8.390000343322754,8.399999618530273,1300.0
2026-04-09 15:19:00,FRED.V,,0.6200000047683716,0.6200000047683716,0.6200000047683716,0.6200000047683716,19000.0
2026-04-09 15:19:00,GOT.V,,1.6549999713897705,1.6549999713897705,1.649999976158142,1.649999976158142,2800.0
2026-04-09 15:19:00,GQC.V,,2.2899999618530273,2.2899999618530273,2.2899999618530273,2.2899999618530273,800.0
2026-04-09 15:19:00,HEVI.V,,0.20999999344348907,0.20999999344348907,0.20999999344348907,0.20999999344348907,20600.0
2026-04-09 15:19:00,HITI.V,,3.1600000858306885,3.1600000858306885,3.1600000858306885,3.1600000858306885,400.0
2026-04-09 15:19:00,HIVE.V,,2.8949999809265137,2.9100000858306885,2.8949999809265137,2.9100000858306885,3860.0
2026-04-09 15:19:00,HSTR.V,,2.5899999141693115,2.5899999141693115,2.5899999141693115,2.5899999141693115,2339.0
2026-04-09 15:19:00,LGC.V,,2.3299999237060547,2.3299999237060547,2.319999933242798,2.319999933242798,3700.0
2026-04-09 15:19:00,LTH.V,,1.309999942779541,1.309999942779541,1.309999942779541,1.309999942779541,600.0
2026-04-09 15:19:00,LUCA.V,,1.4700000286102295,1.4700000286102295,1.4700000286102295,1.4700000286102295,200.0
2026-04-09 15:19:00,MGM.V,,2.559999942779541,2.559999942779541,2.559999942779541,2.559999942779541,100.0
2026-04-09 15:19:00,PNG.V,,8.399999618530273,8.399999618530273,8.399999618530273,8.399999618530273,100.0
2026-04-09 15:19:00,TUF.V,,0.24500000476837158,0.24500000476837158,0.24500000476837158,0.24500000476837158,8000.0
2026-04-09 15:20:00,FMAN.V,,0.33000001311302185,0.33000001311302185,0.33000001311302185,0.33000001311302185,2000.0
2026-04-09 15:20:00,FRED.V,,0.6200000047683716,0.6200000047683716,0.6200000047683716,0.6200000047683716,3000.0
2026-04-09 15:20:00,GG.V,,2.7300000190734863,2.7300000190734863,2.7200000286102295,2.7200000286102295,3100.0
2026-04-09 15:20:00,GLAD.V,,1.2999999523162842,1.2999999523162842,1.2999999523162842,1.2999999523162842,200.0
2026-04-09 15:20:00,GQC.V,,2.2899999618530273,2.2899999618530273,2.2899999618530273,2.2899999618530273,100.0
2026-04-09 15:20:00,GRSL.V,,0.33000001311302185,0.33000001311302185,0.33000001311302185,0.33000001311302185,500.0
2026-04-09 15:20:00,GSVR.V,,0.6449999809265137,0.6449999809265137,0.6449999809265137,0.6449999809265137,3000.0
2026-04-09 15:20:00,HSTR.V,,2.5799999237060547,2.5799999237060547,2.5799999237060547,2.5799999237060547,1800.0
2026-04-09 15:20:00,KFR.V,,0.75,0.75,0.75,0.75,1000.0
2026-04-09 15:20:00,LIO.V,,0.24500000476837158,0.24500000476837158,0.24500000476837158,0.24500000476837158,7000.0
2026-04-09 15:20:00,LTH.V,,1.309999942779541,1.309999942779541,1.309999942779541,1.309999942779541,700.0
2026-04-09 15:20:00,LUCA.V,,1.4700000286102295,1.4700000286102295,1.4700000286102295,1.4700000286102295,200.0
2026-04-09 15:20:00,LVG.V,,0.3100000023841858,0.3100000023841858,0.3100000023841858,0.3100000023841858,500.0
2026-04-09 15:20:00,LVX.V,,0.6499999761581421,0.6499999761581421,0.6499999761581421,0.6499999761581421,11000.0
2026-04-09 15:20:00,MGM.V,,2.5299999713897705,2.5399999618530273,2.5299999713897705,2.5399999618530273,400.0
2026-04-09 15:20:00,MLP.V,,2.0999999046325684,2.0999999046325684,2.0999999046325684,2.0999999046325684,100.0
2026-04-09 15:20:00,NICU.V,,2.109999895095825,2.109999895095825,2.109999895095825,2.109999895095825,100.0
2026-04-09 15:20:00,PNG.V,,8.380000114440918,8.390000343322754,8.380000114440918,8.390000343322754,2302.0
2026-04-09 15:21:00,GFM-H.V,,0.3799999952316284,0.3799999952316284,0.3799999952316284,0.3799999952316284,14000.0
2026-04-09 15:21:00,GG.V,,2.7200000286102295,2.7300000190734863,2.7200000286102295,2.7200000286102295,7200.0
2026-04-09 15:21:00,GOT.V,,1.649999976158142,1.649999976158142,1.649999976158142,1.649999976158142,300.0
2026-04-09 15:21:00,GQC.V,,2.2899999618530273,2.2899999618530273,2.2899999618530273,2.2899999618530273,300.0
2026-04-09 15:21:00,GRZ.V,,5.670000076293945,5.670000076293945,5.659999847412109,5.670000076293945,1300.0
2026-04-09 15:21:00,GWM.V,,0.6549999713897705,0.6600000262260437,0.6549999713897705,0.6600000262260437,7000.0
2026-04-09 15:21:00,HEVI.V,,0.2199999988079071,0.2199999988079071,0.2199999988079071,0.2199999988079071,1500.0
2026-04-09 15:21:00,HITI.V,,3.1600000858306885,3.1600000858306885,3.1600000858306885,3.1600000858306885,700.0
2026-04-09 15:21:00,HIVE.V,,2.9000000953674316,2.9000000953674316,2.9000000953674316,2.9000000953674316,700.0
2026-04-09 15:21:00,INX.V,,0.2800000011920929,0.2800000011920929,0.27000001072883606,0.27000001072883606,0.0
2026-04-09 15:21:00,KDK.V,,0.9100000262260437,0.9100000262260437,0.9100000262260437,0.9100000262260437,500.0
2026-04-09 15:21:00,LGC.V,,2.309999942779541,2.3399999141693115,2.309999942779541,2.319999933242798,7000.0
2026-04-09 15:21:00,LTH.V,,1.309999942779541,1.309999942779541,1.309999942779541,1.309999942779541,600.0
2026-04-09 15:21:00,LUCA.V,,1.475000023841858,1.475000023841858,1.4700000286102295,1.4700000286102295,1100.0
2026-04-09 15:21:00,LVG.V,,0.3100000023841858,0.3100000023841858,0.3100000023841858,0.3100000023841858,1000.0
2026-04-09 15:21:00,MGM.V,,2.490000009536743,2.5,2.490000009536743,2.5,700.0
2026-04-09 15:21:00,PNG.V,,8.390000343322754,8.390000343322754,8.390000343322754,8.390000343322754,1200.0
2026-04-09 15:21:00,ZNG.V,,1.1299999952316284,1.1299999952316284,1.1299999952316284,1.1299999952316284,100.0
2026-04-09 15:22:00,GFM-H.V,,0.3799999952316284,0.3799999952316284,0.3799999952316284,0.3799999952316284,9000.0
2026-04-09 15:22:00,GG.V,,2.7300000190734863,2.740000009536743,2.7300000190734863,2.7300000190734863,64674.0
2026-04-09 15:22:00,GOT.V,,1.649999976158142,1.649999976158142,1.649999976158142,1.649999976158142,400.0
2026-04-09 15:22:00,GQC.V,,2.2799999713897705,2.2799999713897705,2.2799999713897705,2.2799999713897705,100.0
2026-04-09 15:22:00,GWM.V,,0.6499999761581421,0.6600000262260437,0.6499999761581421,0.6600000262260437,20300.0
2026-04-09 15:22:00,HITI.V,,3.1600000858306885,3.1600000858306885,3.1600000858306885,3.1600000858306885,200.0
2026-04-09 15:22:00,HIVE.V,,2.9000000953674316,2.9000000953674316,2.9000000953674316,2.9000000953674316,100.0
2026-04-09 15:22:00,HSTR.V,,2.5799999237060547,2.5799999237060547,2.5799999237060547,2.5799999237060547,200.0
2026-04-09 15:22:00,LTH.V,,1.309999942779541,1.309999942779541,1.309999942779541,1.309999942779541,600.0
2026-04-09 15:22:00,LUCA.V,,1.4700000286102295,1.4700000286102295,1.4700000286102295,1.4700000286102295,200.0
2026-04-09 15:22:00,LVG.V,,0.3100000023841858,0.3100000023841858,0.3100000023841858,0.3100000023841858,500.0
2026-04-09 15:22:00,MGM.V,,2.494999885559082,2.509999990463257,2.494999885559082,2.5,400.0
2026-04-09 15:22:00,NICU.V,,2.109999895095825,2.109999895095825,2.109999895095825,2.109999895095825,100.0
2026-04-09 15:23:00,GFM-H.V,,0.3799999952316284,0.3799999952316284,0.3799999952316284,0.3799999952316284,15000.0
2026-04-09 15:23:00,GMG.V,,2.1600000858306885,2.1600000858306885,2.1600000858306885,2.1600000858306885,100.0
2026-04-09 15:23:00,GOT.V,,1.649999976158142,1.649999976158142,1.649999976158142,1.649999976158142,600.0
2026-04-09 15:23:00,GQC.V,,2.2799999713897705,2.2799999713897705,2.2799999713897705,2.2799999713897705,400.0
2026-04-09 15:23:00,GSR.V,,0.5,0.5,0.5,0.5,46500.0
2026-04-09 15:23:00,HEVI.V,,0.2199999988079071,0.2199999988079071,0.2199999988079071,0.2199999988079071,2000.0
2026-04-09 15:23:00,HI.V,,0.1599999964237213,0.1599999964237213,0.1599999964237213,0.1599999964237213,30000.0
2026-04-09 15:23:00,HITI.V,,3.1600000858306885,3.1600000858306885,3.1600000858306885,3.1600000858306885,100.0
2026-04-09 15:23:00,HIVE.V,,2.9000000953674316,2.9000000953674316,2.9000000953674316,2.9000000953674316,400.0
2026-04-09 15:23:00,HSTR.V,,2.5799999237060547,2.5799999237060547,2.5799999237060547,2.5799999237060547,200.0
2026-04-09 15:23:00,LTH.V,,1.2999999523162842,1.309999942779541,1.2999999523162842,1.309999942779541,700.0
2026-04-09 15:23:00,LUCA.V,,1.4700000286102295,1.4700000286102295,1.4700000286102295,1.4700000286102295,1000.0
2026-04-09 15:23:00,LVG.V,,0.3100000023841858,0.3100000023841858,0.3100000023841858,0.3100000023841858,1500.0
2026-04-09 15:23:00,MAX.V,,0.3400000035762787,0.3400000035762787,0.3400000035762787,0.3400000035762787,0.0
2026-04-09 15:23:00,MGM.V,,2.4800000190734863,2.4800000190734863,2.4800000190734863,2.4800000190734863,200.0
2026-04-09 15:23:00,ZNG.V,,1.1399999856948853,1.1399999856948853,1.1399999856948853,1.1399999856948853,1900.0
2026-04-09 15:24:00,GQC.V,,2.2799999713897705,2.2799999713897705,2.2799999713897705,2.2799999713897705,100.0
2026-04-09 15:24:00,GRSL.V,,0.33000001311302185,0.33000001311302185,0.33000001311302185,0.33000001311302185,1000.0
2026-04-09 15:24:00,GSVR.V,,0.6499999761581421,0.6499999761581421,0.6499999761581421,0.6499999761581421,500.0
2026-04-09 15:24:00,HI.V,,0.1599999964237213,0.1599999964237213,0.1599999964237213,0.1599999964237213,7500.0
2026-04-09 15:24:00,HIVE.V,,2.9000000953674316,2.9000000953674316,2.9000000953674316,2.9000000953674316,100.0
2026-04-09 15:24:00,HPL.V,,0.10999999940395355,0.10999999940395355,0.10999999940395355,0.10999999940395355,2000.0
2026-04-09 15:24:00,HSTR.V,,2.5799999237060547,2.5799999237060547,2.5799999237060547,2.5799999237060547,100.0
2026-04-09 15:24:00,LGC.V,,2.2899999618530273,2.309999942779541,2.2899999618530273,2.309999942779541,1800.0
2026-04-09 15:24:00,LIO.V,,0.24500000476837158,0.24500000476837158,0.24500000476837158,0.24500000476837158,8000.0
2026-04-09 15:24:00,LTH.V,,1.2999999523162842,1.2999999523162842,1.2999999523162842,1.2999999523162842,100.0
2026-04-09 15:24:00,LUCA.V,,1.4700000286102295,1.4700000286102295,1.4700000286102295,1.4700000286102295,200.0
2026-04-09 15:24:00,LVG.V,,0.3100000023841858,0.3100000023841858,0.3100000023841858,0.3100000023841858,1000.0
2026-04-09 15:24:00,MGM.V,,2.490000009536743,2.490000009536743,2.490000009536743,2.490000009536743,100.0
2026-04-09 15:24:00,PNG.V,,8.399999618530273,8.399999618530273,8.399999618530273,8.399999618530273,750.0
2026-04-09 15:25:00,GMG.V,,2.1600000858306885,2.1600000858306885,2.1600000858306885,2.1600000858306885,900.0
2026-04-09 15:25:00,GOT.V,,1.649999976158142,1.649999976158142,1.649999976158142,1.649999976158142,400.0
2026-04-09 15:25:00,GPAC.V,,0.46000000834465027,0.46000000834465027,0.46000000834465027,0.46000000834465027,500.0
2026-04-09 15:25:00,GQC.V,,2.2799999713897705,2.2799999713897705,2.2799999713897705,2.2799999713897705,200.0
2026-04-09 15:25:00,GSR.V,,0.5,0.5,0.5,0.5,5000.0
2026-04-09 15:25:00,GSVR.V,,0.6499999761581421,0.6499999761581421,0.6499999761581421,0.6499999761581421,10538.0
2026-04-09 15:25:00,HIVE.V,,2.9000000953674316,2.9000000953674316,2.9000000953674316,2.9000000953674316,2100.0
2026-04-09 15:25:00,INX.V,,0.2800000011920929,0.2800000011920929,0.2800000011920929,0.2800000011920929,11500.0
2026-04-09 15:25:00,KGS.V,,0.125,0.125,0.125,0.125,3000.0
2026-04-09 15:25:00,LCX.V,,1.9700000286102295,1.9700000286102295,1.9700000286102295,1.9700000286102295,100.0
2026-04-09 15:25:00,LGC.V,,2.3399999141693115,2.3399999141693115,2.3399999141693115,2.3399999141693115,2000.0
2026-04-09 15:25:00,LUCA.V,,1.475000023841858,1.475000023841858,1.4700000286102295,1.475000023841858,400.0
2026-04-09 15:25:00,LVG.V,,0.3100000023841858,0.3100000023841858,0.3100000023841858,0.3100000023841858,1000.0
2026-04-09 15:25:00,PNG.V,,8.399999618530273,8.399999618530273,8.399999618530273,8.399999618530273,2110.0
2026-04-09 15:25:00,ZNG.V,,1.1399999856948853,1.1399999856948853,1.1399999856948853,1.1399999856948853,3200.0
2026-04-09 15:26:00,GOT.V,,1.649999976158142,1.649999976158142,1.649999976158142,1.649999976158142,400.0
2026-04-09 15:26:00,GQC.V,,2.2799999713897705,2.2799999713897705,2.2799999713897705,2.2799999713897705,300.0
2026-04-09 15:26:00,HIVE.V,,2.890000104904175,2.890000104904175,2.890000104904175,2.890000104904175,15000.0
2026-04-09 15:26:00,LTH.V,,1.3049999475479126,1.3049999475479126,1.2999999523162842,1.2999999523162842,600.0
2026-04-09 15:26:00,LUCA.V,,1.4700000286102295,1.475000023841858,1.4700000286102295,1.475000023841858,400.0
2026-04-09 15:26:00,NICU.V,,2.1050000190734863,2.1050000190734863,2.1050000190734863,2.1050000190734863,100.0
2026-04-09 15:26:00,ROAR.V,,0.2549999952316284,0.2549999952316284,0.2549999952316284,0.2549999952316284,2500.0
2026-04-09 15:27:00,GOT.V,,1.649999976158142,1.649999976158142,1.649999976158142,1.649999976158142,400.0
2026-04-09 15:27:00,GQC.V,,2.2799999713897705,2.2799999713897705,2.2799999713897705,2.2799999713897705,300.0
2026-04-09 15:27:00,GSR.V,,0.5,0.5,0.5,0.5,500.0
2026-04-09 15:27:00,GSTM.V,,0.22499999403953552,0.22499999403953552,0.22499999403953552,0.22499999403953552,10000.0
2026-04-09 15:27:00,HITI.V,,3.1500000953674316,3.1500000953674316,3.1500000953674316,3.1500000953674316,100.0
2026-04-09 15:27:00,HPQ.V,,0.1850000023841858,0.1850000023841858,0.1850000023841858,0.1850000023841858,1000.0
2026-04-09 15:27:00,LTH.V,,1.3049999475479126,1.309999942779541,1.3049999475479126,1.3049999475479126,700.0
2026-04-09 15:27:00,LUCA.V,,1.475000023841858,1.475000023841858,1.4700000286102295,1.475000023841858,400.0
2026-04-09 15:27:00,LVG.V,,0.3100000023841858,0.3100000023841858,0.3100000023841858,0.3100000023841858,1000.0
2026-04-09 15:27:00,ROAR.V,,0.25,0.25,0.25,0.25,1500.0
2026-04-09 15:28:00,GOT.V,,1.649999976158142,1.649999976158142,1.649999976158142,1.649999976158142,400.0
2026-04-09 15:28:00,GQC.V,,2.2799999713897705,2.2799999713897705,2.2799999713897705,2.2799999713897705,300.0
2026-04-09 15:28:00,HIVE.V,,2.890000104904175,2.890000104904175,2.890000104904175,2.890000104904175,200.0
2026-04-09 15:28:00,HSTR.V,,2.5799999237060547,2.5899999141693115,2.5799999237060547,2.5799999237060547,9860.0
2026-04-09 15:28:00,LBNK.V,,0.6899999976158142,0.6899999976158142,0.6899999976158142,0.6899999976158142,1000.0
2026-04-09 15:28:00,LGC.V,,2.359999895095825,2.359999895095825,2.3499999046325684,2.3499999046325684,400.0
2026-04-09 15:28:00,LITH.V,,0.6100000143051147,0.6100000143051147,0.6100000143051147,0.6100000143051147,500.0
2026-04-09 15:28:00,LTH.V,,1.3049999475479126,1.309999942779541,1.3049999475479126,1.3049999475479126,800.0
2026-04-09 15:28:00,LUCA.V,,1.475000023841858,1.475000023841858,1.475000023841858,1.475000023841858,200.0
2026-04-09 15:28:00,MGM.V,,2.5299999713897705,2.5299999713897705,2.5299999713897705,2.5299999713897705,100.0
2026-04-09 15:28:00,MKR.V,,0.14499999582767487,0.15000000596046448,0.14499999582767487,0.15000000596046448,14140.0
2026-04-09 15:28:00,PNG.V,,8.390000343322754,8.399999618530273,8.390000343322754,8.399999618530273,693.0
2026-04-09 15:28:00,ROAR.V,,0.25,0.25,0.25,0.25,20000.0
2026-04-09 15:29:00,FPC.V,,0.38999998569488525,0.38999998569488525,0.38999998569488525,0.38999998569488525,1500.0
2026-04-09 15:29:00,GSVR.V,,0.6499999761581421,0.6499999761581421,0.6499999761581421,0.6499999761581421,4000.0
2026-04-09 15:29:00,HIVE.V,,2.890000104904175,2.9000000953674316,2.890000104904175,2.9000000953674316,3750.0
2026-04-09 15:29:00,HSTR.V,,2.5799999237060547,2.5799999237060547,2.5799999237060547,2.5799999237060547,900.0
2026-04-09 15:29:00,IFOS.V,,3.799999952316284,3.799999952316284,3.799999952316284,3.799999952316284,200.0
2026-04-09 15:29:00,INX.V,,0.2849999964237213,0.2849999964237213,0.2849999964237213,0.2849999964237213,1000.0
2026-04-09 15:29:00,KDK.V,,0.8899999856948853,0.8999999761581421,0.8899999856948853,0.8999999761581421,5000.0
2026-04-09 15:29:00,LCX.V,,1.9700000286102295,1.9700000286102295,1.9700000286102295,1.9700000286102295,1800.0
2026-04-09 15:29:00,LGC.V,,2.3499999046325684,2.3499999046325684,2.3499999046325684,2.3499999046325684,100.0
2026-04-09 15:29:00,LTH.V,,1.3049999475479126,1.309999942779541,1.3049999475479126,1.3049999475479126,700.0
2026-04-09 15:29:00,LUCA.V,,1.4700000286102295,1.475000023841858,1.4700000286102295,1.475000023841858,1200.0
2026-04-09 15:29:00,LVG.V,,0.3100000023841858,0.3100000023841858,0.3100000023841858,0.3100000023841858,2000.0
2026-04-09 15:29:00,PNG.V,,8.404999732971191,8.404999732971191,8.404999732971191,8.404999732971191,477.0
2026-04-09 15:29:00,ZNG.V,,1.1399999856948853,1.1399999856948853,1.1399999856948853,1.1399999856948853,6700.0
2026-04-09 15:30:00,GOT.V,,1.659999966621399,1.659999966621399,1.649999976158142,1.649999976158142,5800.0
2026-04-09 15:30:00,GQC.V,,2.2799999713897705,2.2799999713897705,2.2799999713897705,2.2799999713897705,200.0
2026-04-09 15:30:00,GSR.V,,0.5,0.5,0.5,0.5,4824.0
2026-04-09 15:30:00,GUN.V,,1.0,1.0,1.0,1.0,8000.0
2026-04-09 15:30:00,HCH.V,,1.4900000095367432,1.4900000095367432,1.4900000095367432,1.4900000095367432,100.0
2026-04-09 15:30:00,HEVI.V,,0.2150000035762787,0.2150000035762787,0.2150000035762787,0.2150000035762787,500.0
2026-04-09 15:30:00,LCX.V,,1.9700000286102295,1.9700000286102295,1.9700000286102295,1.9700000286102295,3800.0
2026-04-09 15:30:00,LTH.V,,1.2999999523162842,1.3049999475479126,1.2999999523162842,1.3049999475479126,400.0
2026-04-09 15:30:00,LUCA.V,,1.4700000286102295,1.4700000286102295,1.4700000286102295,1.4700000286102295,1900.0
2026-04-09 15:30:00,LVG.V,,0.3100000023841858,0.3100000023841858,0.3100000023841858,0.3100000023841858,1000.0
2026-04-09 15:30:00,MLP.V,,2.0999999046325684,2.0999999046325684,2.0999999046325684,2.0999999046325684,100.0
2026-04-09 15:31:00,GOT.V,,1.649999976158142,1.649999976158142,1.649999976158142,1.649999976158142,400.0
2026-04-09 15:31:00,GQC.V,,2.2699999809265137,2.2699999809265137,2.2699999809265137,2.2699999809265137,200.0
2026-04-09 15:31:00,HITI.V,,3.1500000953674316,3.1500000953674316,3.1500000953674316,3.1500000953674316,800.0
2026-04-09 15:31:00,HSTR.V,,2.5799999237060547,2.5799999237060547,2.5799999237060547,2.5799999237060547,100.0
2026-04-09 15:31:00,IRO.V,,1.0199999809265137,1.0199999809265137,1.0199999809265137,1.0199999809265137,0.0
2026-04-09 15:31:00,KRI.V,,0.28999999165534973,0.28999999165534973,0.28999999165534973,0.28999999165534973,4000.0
2026-04-09 15:31:00,LCX.V,,1.9700000286102295,1.9700000286102295,1.9700000286102295,1.9700000286102295,300.0
2026-04-09 15:31:00,LGC.V,,2.299999952316284,2.3299999237060547,2.299999952316284,2.3299999237060547,1400.0
2026-04-09 15:31:00,LTH.V,,1.3049999475479126,1.309999942779541,1.3049999475479126,1.3049999475479126,900.0
2026-04-09 15:31:00,LUCA.V,,1.4700000286102295,1.4700000286102295,1.4700000286102295,1.4700000286102295,500.0
2026-04-09 15:31:00,LVG.V,,0.3100000023841858,0.3100000023841858,0.3100000023841858,0.3100000023841858,1500.0
2026-04-09 15:31:00,MLP.V,,2.0999999046325684,2.0999999046325684,2.0999999046325684,2.0999999046325684,100.0
2026-04-09 15:32:00,FPC.V,,0.38499999046325684,0.38999998569488525,0.38499999046325684,0.38999998569488525,5000.0
2026-04-09 15:32:00,GG.V,,2.809999942779541,2.809999942779541,2.809999942779541,2.809999942779541,9300.0
2026-04-09 15:32:00,GOT.V,,1.649999976158142,1.649999976158142,1.649999976158142,1.649999976158142,400.0
2026-04-09 15:32:00,GQC.V,,2.2699999809265137,2.2699999809265137,2.2699999809265137,2.2699999809265137,200.0
2026-04-09 15:32:00,GSVR.V,,0.6499999761581421,0.6499999761581421,0.6499999761581421,0.6499999761581421,500.0
2026-04-09 15:32:00,GWM.V,,0.6499999761581421,0.6499999761581421,0.6499999761581421,0.6499999761581421,500.0
2026-04-09 15:32:00,HITI.V,,3.1600000858306885,3.1600000858306885,3.1500000953674316,3.1500000953674316,400.0
2026-04-09 15:32:00,HIVE.V,,2.8949999809265137,2.9000000953674316,2.8949999809265137,2.9000000953674316,700.0
2026-04-09 15:32:00,HMR.V,,0.8299999833106995,0.8299999833106995,0.8299999833106995,0.8299999833106995,1500.0
2026-04-09 15:32:00,HPL.V,,0.10999999940395355,0.10999999940395355,0.10999999940395355,0.10999999940395355,4500.0
2026-04-09 15:32:00,LTH.V,,1.3049999475479126,1.3049999475479126,1.3049999475479126,1.3049999475479126,800.0
2026-04-09 15:32:00,LUCA.V,,1.4700000286102295,1.4700000286102295,1.4700000286102295,1.4700000286102295,400.0
2026-04-09 15:32:00,LVX.V,,0.6499999761581421,0.6499999761581421,0.6499999761581421,0.6499999761581421,2000.0
2026-04-09 15:32:00,MLP.V,,2.0999999046325684,2.0999999046325684,2.0999999046325684,2.0999999046325684,150.0
2026-04-09 15:32:00,PNG.V,,8.420000076293945,8.420000076293945,8.420000076293945,8.420000076293945,800.0
2026-04-09 15:32:00,ROAR.V,,0.2549999952316284,0.2549999952316284,0.2549999952316284,0.2549999952316284,500.0
2026-04-09 15:33:00,FUU.V,,0.17000000178813934,0.17000000178813934,0.17000000178813934,0.17000000178813934,45500.0
2026-04-09 15:33:00,GOT.V,,1.649999976158142,1.649999976158142,1.649999976158142,1.649999976158142,600.0
2026-04-09 15:33:00,GQC.V,,2.2699999809265137,2.2699999809265137,2.2699999809265137,2.2699999809265137,100.0
2026-04-09 15:33:00,HIVE.V,,2.8949999809265137,2.8949999809265137,2.8949999809265137,2.8949999809265137,500.0
2026-04-09 15:33:00,HMR.V,,0.8199999928474426,0.8199999928474426,0.8199999928474426,0.8199999928474426,500.0
2026-04-09 15:33:00,LTH.V,,1.3200000524520874,1.3200000524520874,1.2999999523162842,1.309999942779541,11800.0
2026-04-09 15:33:00,LUCA.V,,1.4700000286102295,1.4700000286102295,1.4700000286102295,1.4700000286102295,500.0
2026-04-09 15:33:00,LVX.V,,0.6499999761581421,0.6499999761581421,0.6499999761581421,0.6499999761581421,500.0
2026-04-09 15:33:00,MTX.V,,0.014999999664723873,0.014999999664723873,0.014999999664723873,0.014999999664723873,1000.0
2026-04-09 15:33:00,NICU.V,,2.115000009536743,2.115000009536743,2.109999895095825,2.109999895095825,1000.0
2026-04-09 15:33:00,PNG.V,,8.4399995803833,8.4399995803833,8.430000305175781,8.430000305175781,1800.0
2026-04-09 15:34:00,FUU.V,,0.17000000178813934,0.17000000178813934,0.17000000178813934,0.17000000178813934,34000.0
2026-04-09 15:34:00,GPAC.V,,0.46000000834465027,0.46000000834465027,0.46000000834465027,0.46000000834465027,500.0
2026-04-09 15:34:00,GRSL.V,,0.33000001311302185,0.33000001311302185,0.33000001311302185,0.33000001311302185,1000.0
2026-04-09 15:34:00,GRZ.V,,5.659999847412109,5.670000076293945,5.659999847412109,5.670000076293945,1200.0
2026-04-09 15:34:00,GSTM.V,,0.23499999940395355,0.23499999940395355,0.23000000417232513,0.23000000417232513,18950.0
2026-04-09 15:34:00,HI.V,,0.1599999964237213,0.1599999964237213,0.1599999964237213,0.1599999964237213,24000.0
2026-04-09 15:34:00,HIVE.V,,2.890000104904175,2.890000104904175,2.890000104904175,2.890000104904175,6903.0
2026-04-09 15:34:00,HSTR.V,,2.569999933242798,2.569999933242798,2.569999933242798,2.569999933242798,6500.0
2026-04-09 15:34:00,LAB.V,,0.07500000298023224,0.07500000298023224,0.07500000298023224,0.07500000298023224,10240.0
2026-04-09 15:34:00,LCX.V,,1.9700000286102295,1.9700000286102295,1.9700000286102295,1.9700000286102295,2200.0
2026-04-09 15:34:00,LUCA.V,,1.4700000286102295,1.4700000286102295,1.4700000286102295,1.4700000286102295,400.0
2026-04-09 15:34:00,LVX.V,,0.6499999761581421,0.6499999761581421,0.6499999761581421,0.6499999761581421,500.0
2026-04-09 15:34:00,MGM.V,,2.549999952316284,2.549999952316284,2.549999952316284,2.549999952316284,100.0
2026-04-09 15:34:00,MMG.V,,0.29499998688697815,0.29499998688697815,0.29499998688697815,0.29499998688697815,500.0
2026-04-09 15:34:00,NICU.V,,2.119999885559082,2.119999885559082,2.115000009536743,2.115000009536743,1200.0
2026-04-09 15:34:00,PNG.V,,8.4399995803833,8.4399995803833,8.4399995803833,8.4399995803833,100.0
2026-04-09 15:35:00,EMN.V,,0.14249999821186066,0.14249999821186066,0.14249999821186066,0.14249999821186066,1000.0
2026-04-09 15:35:00,FUU.V,,0.17000000178813934,0.17000000178813934,0.17000000178813934,0.17000000178813934,27000.0
2026-04-09 15:35:00,GOT.V,,1.649999976158142,1.6549999713897705,1.649999976158142,1.649999976158142,1000.0
2026-04-09 15:35:00,GSTM.V,,0.23999999463558197,0.23999999463558197,0.23999999463558197,0.23999999463558197,2500.0
2026-04-09 15:35:00,HSTR.V,,2.569999933242798,2.569999933242798,2.569999933242798,2.569999933242798,200.0
2026-04-09 15:35:00,IFOS.V,,3.799999952316284,3.799999952316284,3.799999952316284,3.799999952316284,6200.0
2026-04-09 15:35:00,LTH.V,,1.3200000524520874,1.3200000524520874,1.3200000524520874,1.3200000524520874,2000.0
2026-04-09 15:35:00,LUCA.V,,1.4700000286102295,1.475000023841858,1.4700000286102295,1.475000023841858,2100.0
2026-04-09 15:35:00,LVG.V,,0.3100000023841858,0.3100000023841858,0.3100000023841858,0.3100000023841858,500.0
2026-04-09 15:35:00,LVX.V,,0.6499999761581421,0.6499999761581421,0.6499999761581421,0.6499999761581421,500.0
2026-04-09 15:35:00,MMG.V,,0.28999999165534973,0.28999999165534973,0.28999999165534973,0.28999999165534973,1000.0
2026-04-09 15:35:00,NICU.V,,2.125,2.125,2.125,2.125,100.0
2026-04-09 15:35:00,PNG.V,,8.449999809265137,8.449999809265137,8.4399995803833,8.4399995803833,4900.0
2026-04-09 15:36:00,EMN.V,,0.14499999582767487,0.14499999582767487,0.14499999582767487,0.14499999582767487,2000.0
2026-04-09 15:36:00,FUU.V,,0.17000000178813934,0.17000000178813934,0.17000000178813934,0.17000000178813934,22500.0
2026-04-09 15:36:00,GQC.V,,2.2699999809265137,2.2699999809265137,2.2699999809265137,2.2699999809265137,100.0
2026-04-09 15:36:00,GSVR.V,,0.6499999761581421,0.6499999761581421,0.6499999761581421,0.6499999761581421,1097.0
2026-04-09 15:36:00,HITI.V,,3.1500000953674316,3.1500000953674316,3.1500000953674316,3.1500000953674316,700.0
2026-04-09 15:36:00,HSTR.V,,2.569999933242798,2.569999933242798,2.569999933242798,2.569999933242798,100.0
2026-04-09 15:36:00,LTH.V,,1.3200000524520874,1.3200000524520874,1.3200000524520874,1.3200000524520874,100.0
2026-04-09 15:36:00,LUCA.V,,1.4700000286102295,1.4700000286102295,1.4700000286102295,1.4700000286102295,600.0
2026-04-09 15:36:00,LVG.V,,0.3100000023841858,0.3100000023841858,0.3100000023841858,0.3100000023841858,500.0
2026-04-09 15:36:00,LVX.V,,0.6499999761581421,0.6499999761581421,0.6499999761581421,0.6499999761581421,500.0
2026-04-09 15:36:00,MTA.V,,9.260000228881836,9.260000228881836,9.260000228881836,9.260000228881836,300.0
2026-04-09 15:36:00,NICU.V,,2.125,2.125,2.125,2.125,200.0
2026-04-09 15:36:00,PNG.V,,8.470000267028809,8.470000267028809,8.449999809265137,8.460000038146973,11300.0
2026-04-09 15:37:00,FUU.V,,0.17000000178813934,0.17000000178813934,0.17000000178813934,0.17000000178813934,20000.0
2026-04-09 15:37:00,GOT.V,,1.649999976158142,1.649999976158142,1.649999976158142,1.649999976158142,500.0
2026-04-09 15:37:00,GQC.V,,2.2799999713897705,2.2799999713897705,2.2799999713897705,2.2799999713897705,200.0
2026-04-09 15:37:00,GRZ.V,,5.650000095367432,5.650000095367432,5.650000095367432,5.650000095367432,7600.0
2026-04-09 15:37:00,HIVE.V,,2.880000114440918,2.880000114440918,2.869999885559082,2.880000114440918,23868.0
2026-04-09 15:37:00,LGC.V,,2.309999942779541,2.319999933242798,2.309999942779541,2.319999933242798,200.0
2026-04-09 15:37:00,LSL.V,,0.38499999046325684,0.38499999046325684,0.38499999046325684,0.38499999046325684,10000.0
2026-04-09 15:37:00,LTH.V,,1.3200000524520874,1.3200000524520874,1.3200000524520874,1.3200000524520874,600.0
2026-04-09 15:37:00,LUCA.V,,1.4700000286102295,1.4700000286102295,1.4700000286102295,1.4700000286102295,600.0
2026-04-09 15:37:00,LVG.V,,0.3100000023841858,0.3100000023841858,0.3100000023841858,0.3100000023841858,500.0
2026-04-09 15:37:00,MLP.V,,2.119999885559082,2.119999885559082,2.109999895095825,2.109999895095825,2500.0
2026-04-09 15:37:00,NICU.V,,2.130000114440918,2.140000104904175,2.130000114440918,2.130000114440918,2600.0
2026-04-09 15:38:00,EQTY.V,,0.3149999976158142,0.3149999976158142,0.3149999976158142,0.3149999976158142,12500.0
2026-04-09 15:38:00,EVER.V,,0.5299999713897705,0.5299999713897705,0.5299999713897705,0.5299999713897705,4500.0
2026-04-09 15:38:00,FUU.V,,0.17000000178813934,0.17000000178813934,0.17000000178813934,0.17000000178813934,24000.0
2026-04-09 15:38:00,GOT.V,,1.649999976158142,1.649999976158142,1.649999976158142,1.649999976158142,500.0
2026-04-09 15:38:00,GSI.V,,1.3600000143051147,1.3600000143051147,1.3600000143051147,1.3600000143051147,2500.0
2026-04-09 15:38:00,HSTR.V,,2.569999933242798,2.569999933242798,2.569999933242798,2.569999933242798,200.0
2026-04-09 15:38:00,IFOS.V,,3.7899999618530273,3.7899999618530273,3.7899999618530273,3.7899999618530273,100.0
2026-04-09 15:38:00,LGC.V,,2.2699999809265137,2.309999942779541,2.2699999809265137,2.309999942779541,1900.0
2026-04-09 15:38:00,LTH.V,,1.3200000524520874,1.3200000524520874,1.3200000524520874,1.3200000524520874,600.0
2026-04-09 15:38:00,LUCA.V,,1.4700000286102295,1.475000023841858,1.4700000286102295,1.4700000286102295,1400.0
2026-04-09 15:38:00,LVG.V,,0.3100000023841858,0.3100000023841858,0.3100000023841858,0.3100000023841858,500.0
2026-04-09 15:38:00,MGM.V,,2.5299999713897705,2.5299999713897705,2.5299999713897705,2.5299999713897705,1200.0
2026-04-09 15:38:00,NICU.V,,2.130000114440918,2.134999990463257,2.130000114440918,2.134999990463257,1000.0
2026-04-09 15:38:00,PNG.V,,8.470000267028809,8.470000267028809,8.470000267028809,8.470000267028809,1589.0
2026-04-09 15:39:00,FUU.V,,0.17000000178813934,0.17000000178813934,0.17000000178813934,0.17000000178813934,15972.0
2026-04-09 15:39:00,GCN.V,,0.03500000014901161,0.03500000014901161,0.03500000014901161,0.03500000014901161,42000.0
2026-04-09 15:39:00,GMG.V,,2.1500000953674316,2.1500000953674316,2.1500000953674316,2.1500000953674316,100.0
2026-04-09 15:39:00,GOT.V,,1.649999976158142,1.649999976158142,1.649999976158142,1.649999976158142,9600.0
2026-04-09 15:39:00,GQC.V,,2.2850000858306885,2.2850000858306885,2.2799999713897705,2.2799999713897705,300.0
2026-04-09 15:39:00,GRSL.V,,0.33000001311302185,0.33000001311302185,0.33000001311302185,0.33000001311302185,683.0
2026-04-09 15:39:00,HITI.V,,3.1500000953674316,3.1500000953674316,3.1500000953674316,3.1500000953674316,200.0
2026-04-09 15:39:00,HSTR.V,,2.575000047683716,2.575000047683716,2.569999933242798,2.569999933242798,1100.0
2026-04-09 15:39:00,LGC.V,,2.299999952316284,2.299999952316284,2.2699999809265137,2.2799999713897705,1500.0
2026-04-09 15:39:00,LITH.V,,0.6100000143051147,0.6100000143051147,0.6100000143051147,0.6100000143051147,500.0
2026-04-09 15:39:00,LTH.V,,1.3200000524520874,1.3200000524520874,1.3200000524520874,1.3200000524520874,700.0
2026-04-09 15:39:00,LUCA.V,,1.4700000286102295,1.4700000286102295,1.4700000286102295,1.4700000286102295,200.0
2026-04-09 15:39:00,LVG.V,,0.3100000023841858,0.3100000023841858,0.3100000023841858,0.3100000023841858,500.0
2026-04-09 15:39:00,LVX.V,,0.6499999761581421,0.6499999761581421,0.6499999761581421,0.6499999761581421,500.0
2026-04-09 15:39:00,MLP.V,,2.0999999046325684,2.0999999046325684,2.0999999046325684,2.0999999046325684,100.0
2026-04-09 15:39:00,NICU.V,,2.134999990463257,2.134999990463257,2.134999990463257,2.134999990463257,100.0
2026-04-09 15:39:00,NURS.V,,3.1600000858306885,3.1600000858306885,3.1600000858306885,3.1600000858306885,100.0
2026-04-09 15:39:00,PNG.V,,8.479999542236328,8.479999542236328,8.479999542236328,8.479999542236328,100.0
2026-04-09 15:40:00,GOT.V,,1.649999976158142,1.649999976158142,1.649999976158142,1.649999976158142,500.0
2026-04-09 15:40:00,GRSL.V,,0.33000001311302185,0.33000001311302185,0.33000001311302185,0.33000001311302185,27000.0
2026-04-09 15:40:00,GSVR.V,,0.6499999761581421,0.6499999761581421,0.6499999761581421,0.6499999761581421,500.0
2026-04-09 15:40:00,HITI.V,,3.1500000953674316,3.1500000953674316,3.1500000953674316,3.1500000953674316,800.0
2026-04-09 15:40:00,HIVE.V,,2.869999885559082,2.869999885559082,2.869999885559082,2.869999885559082,24100.0
2026-04-09 15:40:00,HSTR.V,,2.569999933242798,2.569999933242798,2.569999933242798,2.569999933242798,700.0
2026-04-09 15:40:00,KTN.V,,1.4550000429153442,1.4550000429153442,1.4550000429153442,1.4550000429153442,600.0
2026-04-09 15:40:00,LBNK.V,,0.6899999976158142,0.6899999976158142,0.6899999976158142,0.6899999976158142,4000.0
2026-04-09 15:40:00,LTH.V,,1.3200000524520874,1.3200000524520874,1.3200000524520874,1.3200000524520874,800.0
2026-04-09 15:40:00,LUCA.V,,1.465000033378601,1.4700000286102295,1.4600000381469727,1.4700000286102295,5000.0
2026-04-09 15:40:00,LVG.V,,0.3100000023841858,0.3100000023841858,0.3100000023841858,0.3100000023841858,500.0
2026-04-09 15:40:00,NURS.V,,3.190000057220459,3.190000057220459,3.190000057220459,3.190000057220459,105.0
2026-04-09 15:40:00,PNG.V,,8.479999542236328,8.479999542236328,8.479999542236328,8.479999542236328,400.0
2026-04-09 15:41:00,ESK.V,,0.45500001311302185,0.45500001311302185,0.44999998807907104,0.44999998807907104,7500.0
2026-04-09 15:41:00,GOT.V,,1.649999976158142,1.649999976158142,1.649999976158142,1.649999976158142,3800.0
2026-04-09 15:41:00,GWM.V,,0.6499999761581421,0.6499999761581421,0.6499999761581421,0.6499999761581421,500.0
2026-04-09 15:41:00,HIVE.V,,2.869999885559082,2.880000114440918,2.869999885559082,2.880000114440918,300.0
2026-04-09 15:41:00,HSTR.V,,2.569999933242798,2.569999933242798,2.569999933242798,2.569999933242798,302.0
2026-04-09 15:41:00,KC.V,,0.36500000953674316,0.36500000953674316,0.36500000953674316,0.36500000953674316,5000.0
2026-04-09 15:41:00,LGC.V,,2.2699999809265137,2.2699999809265137,2.2699999809265137,2.2699999809265137,0.0
2026-04-09 15:41:00,LIS.V,,0.4950000047683716,0.4950000047683716,0.4950000047683716,0.4950000047683716,21500.0
2026-04-09 15:41:00,LTH.V,,1.3250000476837158,1.3250000476837158,1.3200000524520874,1.3200000524520874,400.0
2026-04-09 15:41:00,LUCA.V,,1.4600000381469727,1.465000033378601,1.4600000381469727,1.465000033378601,300.0
2026-04-09 15:42:00,FMAN.V,,0.33000001311302185,0.33000001311302185,0.33000001311302185,0.33000001311302185,500.0
2026-04-09 15:42:00,FPC.V,,0.39500001072883606,0.39500001072883606,0.39500001072883606,0.39500001072883606,500.0
2026-04-09 15:42:00,GG.V,,2.799999952316284,2.799999952316284,2.7899999618530273,2.7899999618530273,6988.0
2026-04-09 15:42:00,GOT.V,,1.649999976158142,1.649999976158142,1.649999976158142,1.649999976158142,600.0
2026-04-09 15:42:00,GSVR.V,,0.6399999856948853,0.6399999856948853,0.6399999856948853,0.6399999856948853,6000.0
2026-04-09 15:42:00,HITI.V,,3.1500000953674316,3.1500000953674316,3.1500000953674316,3.1500000953674316,300.0
2026-04-09 15:42:00,HIVE.V,,2.869999885559082,2.869999885559082,2.869999885559082,2.869999885559082,1044.0
2026-04-09 15:42:00,HSTR.V,,2.569999933242798,2.569999933242798,2.569999933242798,2.569999933242798,1600.0
2026-04-09 15:42:00,IPT.V,,0.25,0.25,0.25,0.25,5000.0
2026-04-09 15:42:00,LCX.V,,1.9600000381469727,1.9600000381469727,1.9600000381469727,1.9600000381469727,8000.0
2026-04-09 15:42:00,LGC.V,,2.2699999809265137,2.2699999809265137,2.2699999809265137,2.2699999809265137,82639.0
2026-04-09 15:42:00,LUCA.V,,1.4800000190734863,1.4800000190734863,1.4600000381469727,1.4600000381469727,4800.0
2026-04-09 15:42:00,NICU.V,,2.134999990463257,2.134999990463257,2.134999990463257,2.134999990463257,1000.0
2026-04-09 15:42:00,NURS.V,,3.180000066757202,3.180000066757202,3.180000066757202,3.180000066757202,100.0
2026-04-09 15:42:00,PNG.V,,8.470000267028809,8.5,8.470000267028809,8.489999771118164,8514.0
2026-04-09 15:43:00,EMM.V,,0.07500000298023224,0.07500000298023224,0.07500000298023224,0.07500000298023224,25000.0
2026-04-09 15:43:00,GOT.V,,1.649999976158142,1.649999976158142,1.6449999809265137,1.649999976158142,7100.0
2026-04-09 15:43:00,GPAC.V,,0.46000000834465027,0.46000000834465027,0.46000000834465027,0.46000000834465027,500.0
2026-04-09 15:43:00,GPM.V,,0.07999999821186066,0.07999999821186066,0.07999999821186066,0.07999999821186066,84000.0
2026-04-09 15:43:00,GQC.V,,2.2850000858306885,2.2850000858306885,2.2850000858306885,2.2850000858306885,200.0
2026-04-09 15:43:00,GSI.V,,1.3550000190734863,1.3550000190734863,1.3550000190734863,1.3550000190734863,900.0
2026-04-09 15:43:00,GSTM.V,,0.23999999463558197,0.23999999463558197,0.23499999940395355,0.23499999940395355,45000.0
2026-04-09 15:43:00,HITI.V,,3.1500000953674316,3.1500000953674316,3.1500000953674316,3.1500000953674316,200.0
2026-04-09 15:43:00,HPQ.V,,0.1850000023841858,0.1850000023841858,0.1850000023841858,0.1850000023841858,500.0
2026-04-09 15:43:00,HSTR.V,,2.569999933242798,2.569999933242798,2.569999933242798,2.569999933242798,400.0
2026-04-09 15:43:00,KTN.V,,1.440000057220459,1.4500000476837158,1.440000057220459,1.4500000476837158,11328.0
2026-04-09 15:43:00,LBNK.V,,0.6899999976158142,0.6899999976158142,0.6899999976158142,0.6899999976158142,11000.0
2026-04-09 15:43:00,LTH.V,,1.3250000476837158,1.3250000476837158,1.3250000476837158,1.3250000476837158,100.0
2026-04-09 15:43:00,MLP.V,,2.0999999046325684,2.0999999046325684,2.0999999046325684,2.0999999046325684,100.0
2026-04-09 15:43:00,NICU.V,,2.140000104904175,2.140000104904175,2.140000104904175,2.140000104904175,2000.0
2026-04-09 15:43:00,PNG.V,,8.449999809265137,8.449999809265137,8.449999809265137,8.449999809265137,600.0
2026-04-09 15:44:00,EMM.V,,0.07500000298023224,0.07500000298023224,0.07500000298023224,0.07500000298023224,1000.0
2026-04-09 15:44:00,GOT.V,,1.649999976158142,1.649999976158142,1.649999976158142,1.649999976158142,8500.0
2026-04-09 15:44:00,GQC.V,,2.2799999713897705,2.2799999713897705,2.2799999713897705,2.2799999713897705,200.0
2026-04-09 15:44:00,GSTM.V,,0.25,0.25,0.23499999940395355,0.23499999940395355,45253.0
2026-04-09 15:44:00,GSVR.V,,0.6499999761581421,0.6499999761581421,0.6499999761581421,0.6499999761581421,500.0
2026-04-09 15:44:00,HITI.V,,3.1500000953674316,3.1500000953674316,3.1500000953674316,3.1500000953674316,100.0
2026-04-09 15:44:00,IFOS.V,,3.799999952316284,3.799999952316284,3.799999952316284,3.799999952316284,700.0
2026-04-09 15:44:00,LGC.V,,2.2300000190734863,2.2799999713897705,2.2300000190734863,2.2799999713897705,1800.0
2026-04-09 15:44:00,LTH.V,,1.3250000476837158,1.3250000476837158,1.3250000476837158,1.3250000476837158,100.0
2026-04-09 15:44:00,NICU.V,,2.1449999809265137,2.1449999809265137,2.1449999809265137,2.1449999809265137,200.0
2026-04-09 15:45:00,EXG.V,,0.10499999672174454,0.10499999672174454,0.10499999672174454,0.10499999672174454,9000.0
2026-04-09 15:45:00,GMG.V,,2.140000104904175,2.1500000953674316,2.140000104904175,2.1500000953674316,500.0
2026-04-09 15:45:00,GOT.V,,1.649999976158142,1.649999976158142,1.649999976158142,1.649999976158142,1000.0
2026-04-09 15:45:00,HITI.V,,3.1500000953674316,3.1500000953674316,3.1500000953674316,3.1500000953674316,300.0
2026-04-09 15:45:00,HSTR.V,,2.569999933242798,2.569999933242798,2.569999933242798,2.569999933242798,900.0
2026-04-09 15:45:00,LCX.V,,1.9600000381469727,1.9600000381469727,1.9600000381469727,1.9600000381469727,6230.0
2026-04-09 15:45:00,LTH.V,,1.3250000476837158,1.3250000476837158,1.3250000476837158,1.3250000476837158,100.0
2026-04-09 15:45:00,LUCA.V,,1.4800000190734863,1.4800000190734863,1.4800000190734863,1.4800000190734863,200.0
2026-04-09 15:45:00,PNG.V,,8.460000038146973,8.460000038146973,8.460000038146973,8.460000038146973,100.0
2026-04-09 15:46:00,EQTY.V,,0.3149999976158142,0.3149999976158142,0.3149999976158142,0.3149999976158142,500.0
2026-04-09 15:46:00,FPC.V,,0.39500001072883606,0.39500001072883606,0.39500001072883606,0.39500001072883606,500.0
2026-04-09 15:46:00,FUU.V,,0.16500000655651093,0.16500000655651093,0.16500000655651093,0.16500000655651093,2005.0
2026-04-09 15:46:00,GQC.V,,2.2799999713897705,2.2799999713897705,2.2799999713897705,2.2799999713897705,100.0
2026-04-09 15:46:00,HITI.V,,3.1500000953674316,3.1500000953674316,3.1500000953674316,3.1500000953674316,100.0
2026-04-09 15:46:00,HIVE.V,,2.880000114440918,2.880000114440918,2.869999885559082,2.869999885559082,25100.0
2026-04-09 15:46:00,HSTR.V,,2.569999933242798,2.569999933242798,2.569999933242798,2.569999933242798,300.0
2026-04-09 15:46:00,IFOS.V,,3.7899999618530273,3.7899999618530273,3.7899999618530273,3.7899999618530273,300.0
2026-04-09 15:46:00,LIS.V,,0.5,0.5,0.5,0.5,266500.0
2026-04-09 15:46:00,LSTR.V,,0.10499999672174454,0.10499999672174454,0.10499999672174454,0.10499999672174454,1000.0
2026-04-09 15:46:00,LTH.V,,1.3250000476837158,1.3250000476837158,1.3250000476837158,1.3250000476837158,200.0
2026-04-09 15:46:00,LUCA.V,,1.4700000286102295,1.4800000190734863,1.4700000286102295,1.4800000190734863,500.0
2026-04-09 15:46:00,LVG.V,,0.3100000023841858,0.3100000023841858,0.3100000023841858,0.3100000023841858,3500.0
2026-04-09 15:46:00,LVX.V,,0.6399999856948853,0.6399999856948853,0.6399999856948853,0.6399999856948853,500.0
2026-04-09 15:46:00,NICU.V,,2.1449999809265137,2.1449999809265137,2.1449999809265137,2.1449999809265137,200.0
2026-04-09 15:46:00,PNG.V,,8.430000305175781,8.449999809265137,8.430000305175781,8.449999809265137,6553.0
2026-04-09 15:47:00,GOT.V,,1.6449999809265137,1.6449999809265137,1.6449999809265137,1.6449999809265137,200.0
2026-04-09 15:47:00,GQC.V,,2.2799999713897705,2.2799999713897705,2.2799999713897705,2.2799999713897705,200.0
2026-04-09 15:47:00,GSVR.V,,0.6499999761581421,0.6499999761581421,0.6499999761581421,0.6499999761581421,500.0
2026-04-09 15:47:00,HITI.V,,3.1500000953674316,3.1500000953674316,3.1500000953674316,3.1500000953674316,100.0
2026-04-09 15:47:00,HIVE.V,,2.880000114440918,2.880000114440918,2.880000114440918,2.880000114440918,22080.0
2026-04-09 15:47:00,IPT.V,,0.24500000476837158,0.24500000476837158,0.24500000476837158,0.24500000476837158,3000.0
2026-04-09 15:47:00,LITH.V,,0.6100000143051147,0.6100000143051147,0.6100000143051147,0.6100000143051147,500.0
2026-04-09 15:47:00,LTH.V,,1.3250000476837158,1.3250000476837158,1.3250000476837158,1.3250000476837158,1100.0
2026-04-09 15:47:00,LUCA.V,,1.4800000190734863,1.4800000190734863,1.475000023841858,1.475000023841858,500.0
2026-04-09 15:47:00,LVG.V,,0.3100000023841858,0.3100000023841858,0.3100000023841858,0.3100000023841858,1000.0
2026-04-09 15:47:00,MMG.V,,0.28999999165534973,0.28999999165534973,0.28999999165534973,0.28999999165534973,5000.0
2026-04-09 15:47:00,NICU.V,,2.140000104904175,2.1500000953674316,2.140000104904175,2.1449999809265137,4400.0
2026-04-09 15:48:00,GMG.V,,2.1500000953674316,2.1500000953674316,2.1500000953674316,2.1500000953674316,145.0
2026-04-09 15:48:00,GOT.V,,1.649999976158142,1.649999976158142,1.649999976158142,1.649999976158142,10800.0
2026-04-09 15:48:00,GPAC.V,,0.46000000834465027,0.46000000834465027,0.46000000834465027,0.46000000834465027,500.0
2026-04-09 15:48:00,GQC.V,,2.2799999713897705,2.2799999713897705,2.2799999713897705,2.2799999713897705,400.0
2026-04-09 15:48:00,GSVR.V,,0.6499999761581421,0.6499999761581421,0.6499999761581421,0.6499999761581421,1000.0
2026-04-09 15:48:00,HITI.V,,3.1500000953674316,3.1500000953674316,3.1500000953674316,3.1500000953674316,1100.0
2026-04-09 15:48:00,HIVE.V,,2.875,2.880000114440918,2.875,2.880000114440918,20200.0
2026-04-09 15:48:00,HSTR.V,,2.569999933242798,2.569999933242798,2.569999933242798,2.569999933242798,3500.0
2026-04-09 15:48:00,IFOS.V,,3.799999952316284,3.799999952316284,3.799999952316284,3.799999952316284,100.0
2026-04-09 15:48:00,LIS.V,,0.4950000047683716,0.4950000047683716,0.4950000047683716,0.4950000047683716,17500.0
2026-04-09 15:48:00,LTH.V,,1.3250000476837158,1.3250000476837158,1.3250000476837158,1.3250000476837158,100.0
2026-04-09 15:48:00,LUCA.V,,1.4700000286102295,1.475000023841858,1.4700000286102295,1.475000023841858,800.0
2026-04-09 15:48:00,LVG.V,,0.3100000023841858,0.3100000023841858,0.3100000023841858,0.3100000023841858,1500.0
2026-04-09 15:48:00,MGM.V,,2.5399999618530273,2.5399999618530273,2.5399999618530273,2.5399999618530273,100.0
2026-04-09 15:48:00,MLP.V,,2.0999999046325684,2.0999999046325684,2.0999999046325684,2.0999999046325684,200.0
2026-04-09 15:49:00,EQTY.V,,0.3100000023841858,0.3149999976158142,0.3100000023841858,0.3149999976158142,52500.0
2026-04-09 15:49:00,GMG.V,,2.140000104904175,2.1500000953674316,2.140000104904175,2.1500000953674316,200.0
2026-04-09 15:49:00,GOT.V,,1.659999966621399,1.659999966621399,1.659999966621399,1.659999966621399,1000.0
2026-04-09 15:49:00,GPM.V,,0.07999999821186066,0.07999999821186066,0.07999999821186066,0.07999999821186066,124000.0
2026-04-09 15:49:00,GQC.V,,2.2699999809265137,2.2799999713897705,2.2699999809265137,2.2799999713897705,200.0
2026-04-09 15:49:00,KTN.V,,1.440000057220459,1.440000057220459,1.440000057220459,1.440000057220459,200.0
2026-04-09 15:49:00,LCX.V,,1.9500000476837158,1.9600000381469727,1.9500000476837158,1.9600000381469727,6400.0
2026-04-09 15:49:00,LIS.V,,0.4950000047683716,0.4950000047683716,0.4950000047683716,0.4950000047683716,25000.0
2026-04-09 15:49:00,LUCA.V,,1.475000023841858,1.4800000190734863,1.4700000286102295,1.4800000190734863,1800.0
2026-04-09 15:49:00,PNG.V,,8.4399995803833,8.4399995803833,8.430000305175781,8.4399995803833,700.0
2026-04-09 15:50:00,EQTY.V,,0.3100000023841858,0.3100000023841858,0.3100000023841858,0.3100000023841858,10500.0
2026-04-09 15:50:00,EXG.V,,0.11999999731779099,0.11999999731779099,0.11999999731779099,0.11999999731779099,11500.0
2026-04-09 15:50:00,FP.V,,0.6800000071525574,0.6800000071525574,0.6800000071525574,0.6800000071525574,0.0
2026-04-09 15:50:00,FPC.V,,0.39500001072883606,0.39500001072883606,0.39500001072883606,0.39500001072883606,500.0
2026-04-09 15:50:00,GGO.V,,0.9599999785423279,0.9700000286102295,0.9599999785423279,0.9700000286102295,17500.0
2026-04-09 15:50:00,GQC.V,,2.2699999809265137,2.2699999809265137,2.2699999809265137,2.2699999809265137,300.0
2026-04-09 15:50:00,GSVR.V,,0.6499999761581421,0.6499999761581421,0.6499999761581421,0.6499999761581421,500.0
2026-04-09 15:50:00,GWM.V,,0.6499999761581421,0.6499999761581421,0.6499999761581421,0.6499999761581421,500.0
2026-04-09 15:50:00,HITI.V,,3.1500000953674316,3.1500000953674316,3.1500000953674316,3.1500000953674316,100.0
2026-04-09 15:50:00,HIVE.V,,2.880000114440918,2.880000114440918,2.875,2.880000114440918,8800.0
2026-04-09 15:50:00,HSTR.V,,2.5799999237060547,2.5799999237060547,2.5799999237060547,2.5799999237060547,100.0
2026-04-09 15:50:00,LGC.V,,2.25,2.259999990463257,2.25,2.259999990463257,1100.0
2026-04-09 15:50:00,LSL.V,,0.38999998569488525,0.38999998569488525,0.38999998569488525,0.38999998569488525,12500.0
2026-04-09 15:50:00,LTH.V,,1.3250000476837158,1.3250000476837158,1.3250000476837158,1.3250000476837158,1200.0
2026-04-09 15:50:00,LUCA.V,,1.4600000381469727,1.4700000286102295,1.4600000381469727,1.4700000286102295,6900.0
2026-04-09 15:50:00,LVG.V,,0.3100000023841858,0.3100000023841858,0.3100000023841858,0.3100000023841858,500.0
2026-04-09 15:50:00,MJS.V,,0.14499999582767487,0.14499999582767487,0.14499999582767487,0.14499999582767487,500.0
2026-04-09 15:50:00,MLP.V,,2.0999999046325684,2.0999999046325684,2.0999999046325684,2.0999999046325684,100.0
2026-04-09 15:50:00,NICU.V,,2.1500000953674316,2.1500000953674316,2.1500000953674316,2.1500000953674316,100.0
2026-04-09 15:50:00,PNG.V,,8.430000305175781,8.4399995803833,8.430000305175781,8.4399995803833,5101.0
2026-04-09 15:51:00,FUU.V,,0.17000000178813934,0.17000000178813934,0.17000000178813934,0.17000000178813934,50110.0
2026-04-09 15:51:00,GNG.V,,0.14499999582767487,0.14499999582767487,0.14499999582767487,0.14499999582767487,500.0
2026-04-09 15:51:00,GQC.V,,2.2799999713897705,2.2799999713897705,2.2799999713897705,2.2799999713897705,1000.0
2026-04-09 15:51:00,GRSL.V,,0.33000001311302185,0.33000001311302185,0.33000001311302185,0.33000001311302185,500.0
2026-04-09 15:51:00,GSI.V,,1.3600000143051147,1.3600000143051147,1.3600000143051147,1.3600000143051147,2200.0
2026-04-09 15:51:00,HITI.V,,3.1500000953674316,3.1500000953674316,3.1500000953674316,3.1500000953674316,100.0
2026-04-09 15:51:00,HIVE.V,,2.869999885559082,2.880000114440918,2.869999885559082,2.880000114440918,65100.0
2026-04-09 15:51:00,IFOS.V,,3.7799999713897705,3.799999952316284,3.7799999713897705,3.799999952316284,3800.0
2026-04-09 15:51:00,KDK.V,,0.9100000262260437,0.9100000262260437,0.9100000262260437,0.9100000262260437,8500.0
2026-04-09 15:51:00,LTH.V,,1.3250000476837158,1.3300000429153442,1.3250000476837158,1.3300000429153442,200.0
2026-04-09 15:51:00,LUCA.V,,1.465000033378601,1.465000033378601,1.4600000381469727,1.465000033378601,2200.0
2026-04-09 15:51:00,LVG.V,,0.3100000023841858,0.3100000023841858,0.3100000023841858,0.3100000023841858,1000.0
2026-04-09 15:51:00,MLP.V,,2.0999999046325684,2.0999999046325684,2.0999999046325684,2.0999999046325684,100.0
2026-04-09 15:51:00,NURS.V,,3.2100000381469727,3.2100000381469727,3.200000047683716,3.200000047683716,900.0
2026-04-09 15:51:00,ZNG.V,,1.1399999856948853,1.1399999856948853,1.1399999856948853,1.1399999856948853,5100.0
2026-04-09 15:52:00,FMS.V,,0.375,0.375,0.375,0.375,7500.0
2026-04-09 15:52:00,FRED.V,,0.6200000047683716,0.6200000047683716,0.6200000047683716,0.6200000047683716,3000.0
2026-04-09 15:52:00,GMG.V,,2.140000104904175,2.140000104904175,2.140000104904175,2.140000104904175,100.0
2026-04-09 15:52:00,GPAC.V,,0.46000000834465027,0.46000000834465027,0.46000000834465027,0.46000000834465027,500.0
2026-04-09 15:52:00,GRSL.V,,0.33000001311302185,0.33000001311302185,0.33000001311302185,0.33000001311302185,500.0
2026-04-09 15:52:00,GSVR.V,,0.6499999761581421,0.6499999761581421,0.6499999761581421,0.6499999761581421,1000.0
2026-04-09 15:52:00,HIVE.V,,2.869999885559082,2.869999885559082,2.869999885559082,2.869999885559082,700.0
2026-04-09 15:52:00,HSTR.V,,2.5899999141693115,2.5899999141693115,2.5799999237060547,2.5799999237060547,2800.0
2026-04-09 15:52:00,LIO.V,,0.24500000476837158,0.24500000476837158,0.24500000476837158,0.24500000476837158,67000.0
2026-04-09 15:52:00,LTH.V,,1.3300000429153442,1.3300000429153442,1.3250000476837158,1.3250000476837158,300.0
2026-04-09 15:52:00,LUCA.V,,1.465000033378601,1.465000033378601,1.4600000381469727,1.465000033378601,1900.0
2026-04-09 15:52:00,LVG.V,,0.3100000023841858,0.3100000023841858,0.3100000023841858,0.3100000023841858,8000.0
2026-04-09 15:52:00,MLP.V,,2.0999999046325684,2.0999999046325684,2.0999999046325684,2.0999999046325684,200.0
2026-04-09 15:52:00,NICU.V,,2.1449999809265137,2.1500000953674316,2.1449999809265137,2.1500000953674316,3100.0
2026-04-09 15:52:00,PNG.V,,8.449999809265137,8.449999809265137,8.4399995803833,8.4399995803833,4200.0
2026-04-09 15:53:00,FPC.V,,0.39500001072883606,0.39500001072883606,0.39500001072883606,0.39500001072883606,500.0
2026-04-09 15:53:00,GLAD.V,,1.2999999523162842,1.2999999523162842,1.2999999523162842,1.2999999523162842,200.0
2026-04-09 15:53:00,GMG.V,,2.140000104904175,2.140000104904175,2.140000104904175,2.140000104904175,200.0
2026-04-09 15:53:00,GRSL.V,,0.33000001311302185,0.33000001311302185,0.33000001311302185,0.33000001311302185,500.0
2026-04-09 15:53:00,GSI.V,,1.3600000143051147,1.3600000143051147,1.3600000143051147,1.3600000143051147,2300.0
2026-04-09 15:53:00,HAR.V,,0.05000000074505806,0.05000000074505806,0.05000000074505806,0.05000000074505806,3000.0
2026-04-09 15:53:00,HCH.V,,1.4800000190734863,1.4900000095367432,1.4800000190734863,1.4900000095367432,2555.0
2026-04-09 15:53:00,HITI.V,,3.1500000953674316,3.1500000953674316,3.1500000953674316,3.1500000953674316,100.0
2026-04-09 15:53:00,HIVE.V,,2.869999885559082,2.869999885559082,2.869999885559082,2.869999885559082,1700.0
2026-04-09 15:53:00,KTN.V,,1.4500000476837158,1.4500000476837158,1.4500000476837158,1.4500000476837158,8000.0
2026-04-09 15:53:00,LBNK.V,,0.6899999976158142,0.6899999976158142,0.6899999976158142,0.6899999976158142,1000.0
2026-04-09 15:53:00,LTH.V,,1.3300000429153442,1.3300000429153442,1.3300000429153442,1.3300000429153442,300.0
2026-04-09 15:53:00,LUCA.V,,1.465000033378601,1.465000033378601,1.4600000381469727,1.465000033378601,2000.0
2026-04-09 15:53:00,MLP.V,,2.0999999046325684,2.0999999046325684,2.0999999046325684,2.0999999046325684,100.0
2026-04-09 15:53:00,PNG.V,,8.460000038146973,8.470000267028809,8.449999809265137,8.460000038146973,2900.0
2026-04-09 15:54:00,FMAN.V,,0.33000001311302185,0.33000001311302185,0.33000001311302185,0.33000001311302185,5000.0
2026-04-09 15:54:00,GMG.V,,2.130000114440918,2.130000114440918,2.130000114440918,2.130000114440918,2600.0
2026-04-09 15:54:00,GOT.V,,1.649999976158142,1.649999976158142,1.649999976158142,1.649999976158142,100.0
2026-04-09 15:54:00,GQC.V,,2.2699999809265137,2.2699999809265137,2.2699999809265137,2.2699999809265137,300.0
2026-04-09 15:54:00,GRSL.V,,0.33000001311302185,0.33000001311302185,0.33000001311302185,0.33000001311302185,500.0
2026-04-09 15:54:00,GSI.V,,1.3550000190734863,1.3550000190734863,1.3550000190734863,1.3550000190734863,200.0
2026-04-09 15:54:00,GSVR.V,,0.6499999761581421,0.6499999761581421,0.6499999761581421,0.6499999761581421,34506.0
2026-04-09 15:54:00,HEVI.V,,0.20999999344348907,0.20999999344348907,0.20999999344348907,0.20999999344348907,2096.0
2026-04-09 15:54:00,HITI.V,,3.1500000953674316,3.1500000953674316,3.1500000953674316,3.1500000953674316,100.0
2026-04-09 15:54:00,HIVE.V,,2.869999885559082,2.869999885559082,2.869999885559082,2.869999885559082,600.0
2026-04-09 15:54:00,HSTR.V,,2.5899999141693115,2.5899999141693115,2.5899999141693115,2.5899999141693115,100.0
2026-04-09 15:54:00,KTN.V,,1.4600000381469727,1.4600000381469727,1.4550000429153442,1.4550000429153442,4091.0
2026-04-09 15:54:00,LITH.V,,0.6100000143051147,0.6100000143051147,0.6100000143051147,0.6100000143051147,500.0
2026-04-09 15:54:00,LMR.V,,0.09000000357627869,0.09000000357627869,0.09000000357627869,0.09000000357627869,20000.0
2026-04-09 15:54:00,LTH.V,,1.3200000524520874,1.3250000476837158,1.3200000524520874,1.3200000524520874,1000.0
2026-04-09 15:54:00,LUCA.V,,1.4600000381469727,1.465000033378601,1.4600000381469727,1.465000033378601,2900.0
2026-04-09 15:54:00,MLP.V,,2.0999999046325684,2.0999999046325684,2.0999999046325684,2.0999999046325684,100.0
2026-04-09 15:54:00,NICU.V,,2.1449999809265137,2.1600000858306885,2.140000104904175,2.1500000953674316,8500.0
2026-04-09 15:54:00,NURS.V,,3.180000066757202,3.190000057220459,3.180000066757202,3.190000057220459,210.0
2026-04-09 15:54:00,PNG.V,,8.449999809265137,8.460000038146973,8.449999809265137,8.460000038146973,3200.0
2026-04-09 15:54:00,ZNG.V,,1.1200000047683716,1.1299999952316284,1.1200000047683716,1.1299999952316284,12800.0
2026-04-09 15:55:00,FMAN.V,,0.33000001311302185,0.33000001311302185,0.33000001311302185,0.33000001311302185,500.0
2026-04-09 15:55:00,FPC.V,,0.39500001072883606,0.39500001072883606,0.39500001072883606,0.39500001072883606,500.0
2026-04-09 15:55:00,GOT.V,,1.649999976158142,1.649999976158142,1.649999976158142,1.649999976158142,700.0
2026-04-09 15:55:00,GPAC.V,,0.4650000035762787,0.4650000035762787,0.4650000035762787,0.4650000035762787,500.0
2026-04-09 15:55:00,GQC.V,,2.259999990463257,2.259999990463257,2.259999990463257,2.259999990463257,800.0
2026-04-09 15:55:00,GSI.V,,1.3600000143051147,1.3600000143051147,1.3600000143051147,1.3600000143051147,2100.0
2026-04-09 15:55:00,GSVR.V,,0.6499999761581421,0.6499999761581421,0.6499999761581421,0.6499999761581421,500.0
2026-04-09 15:55:00,HITI.V,,3.1500000953674316,3.1500000953674316,3.1500000953674316,3.1500000953674316,200.0
2026-04-09 15:55:00,HIVE.V,,2.880000114440918,2.880000114440918,2.880000114440918,2.880000114440918,100.0
2026-04-09 15:55:00,HSTR.V,,2.5899999141693115,2.5899999141693115,2.5899999141693115,2.5899999141693115,400.0
2026-04-09 15:55:00,KRY.V,,3.380000114440918,3.380000114440918,3.380000114440918,3.380000114440918,300.0
2026-04-09 15:55:00,LTH.V,,1.309999942779541,1.3200000524520874,1.309999942779541,1.3200000524520874,1700.0
2026-04-09 15:55:00,LUCA.V,,1.4600000381469727,1.465000033378601,1.4600000381469727,1.4600000381469727,4600.0
2026-04-09 15:55:00,MGM.V,,2.5399999618530273,2.5399999618530273,2.5399999618530273,2.5399999618530273,100.0
2026-04-09 15:55:00,MTA.V,,9.229999542236328,9.229999542236328,9.229999542236328,9.229999542236328,200.0
2026-04-09 15:55:00,PNG.V,,8.40999984741211,8.444999694824219,8.40999984741211,8.4399995803833,5412.0
2026-04-09 15:56:00,EQTY.V,,0.3149999976158142,0.3149999976158142,0.3149999976158142,0.3149999976158142,1500.0
2026-04-09 15:56:00,GBML.V,,0.1850000023841858,0.1850000023841858,0.1850000023841858,0.1850000023841858,5000.0
2026-04-09 15:56:00,GMG.V,,2.130000114440918,2.130000114440918,2.130000114440918,2.130000114440918,100.0
2026-04-09 15:56:00,GOT.V,,1.649999976158142,1.649999976158142,1.649999976158142,1.649999976158142,11300.0
2026-04-09 15:56:00,GPAC.V,,0.46000000834465027,0.46000000834465027,0.46000000834465027,0.46000000834465027,500.0
2026-04-09 15:56:00,GQC.V,,2.259999990463257,2.259999990463257,2.259999990463257,2.259999990463257,800.0
2026-04-09 15:56:00,GR.V,,0.0949999988079071,0.0949999988079071,0.0949999988079071,0.0949999988079071,3500.0
2026-04-09 15:56:00,GRSL.V,,0.33000001311302185,0.33000001311302185,0.33000001311302185,0.33000001311302185,500.0
2026-04-09 15:56:00,GRZ.V,,5.610000133514404,5.610000133514404,5.610000133514404,5.610000133514404,300.0
2026-04-09 15:56:00,GWM.V,,0.6499999761581421,0.6499999761581421,0.6499999761581421,0.6499999761581421,500.0
2026-04-09 15:56:00,HITI.V,,3.1500000953674316,3.1500000953674316,3.1500000953674316,3.1500000953674316,200.0
2026-04-09 15:56:00,HIVE.V,,2.880000114440918,2.884999990463257,2.880000114440918,2.880000114440918,34900.0
2026-04-09 15:56:00,HSTR.V,,2.5899999141693115,2.5899999141693115,2.5850000381469727,2.5899999141693115,900.0
2026-04-09 15:56:00,IGO.V,,0.0949999988079071,0.0949999988079071,0.0949999988079071,0.0949999988079071,1000.0
2026-04-09 15:56:00,LTH.V,,1.3200000524520874,1.3200000524520874,1.3200000524520874,1.3200000524520874,900.0
2026-04-09 15:56:00,LUCA.V,,1.4600000381469727,1.4600000381469727,1.4600000381469727,1.4600000381469727,1300.0
2026-04-09 15:56:00,MGM.V,,2.5399999618530273,2.5399999618530273,2.5299999713897705,2.5299999713897705,200.0
2026-04-09 15:56:00,MLP.V,,2.0999999046325684,2.0999999046325684,2.0999999046325684,2.0999999046325684,150.0
2026-04-09 15:56:00,PNG.V,,8.430000305175781,8.4399995803833,8.430000305175781,8.430000305175781,6700.0
2026-04-09 15:57:00,FMAN.V,,0.3149999976158142,0.33000001311302185,0.3149999976158142,0.33000001311302185,1500.0
2026-04-09 15:57:00,FPC.V,,0.39500001072883606,0.39500001072883606,0.39500001072883606,0.39500001072883606,500.0
2026-04-09 15:57:00,GFM-H.V,,0.3799999952316284,0.3799999952316284,0.3799999952316284,0.3799999952316284,10000.0
2026-04-09 15:57:00,GMG.V,,2.130000114440918,2.130000114440918,2.130000114440918,2.130000114440918,100.0
2026-04-09 15:57:00,GOT.V,,1.649999976158142,1.649999976158142,1.649999976158142,1.649999976158142,24800.0
2026-04-09 15:57:00,GQC.V,,2.259999990463257,2.259999990463257,2.259999990463257,2.259999990463257,1100.0
2026-04-09 15:57:00,GSTM.V,,0.23999999463558197,0.23999999463558197,0.23999999463558197,0.23999999463558197,5000.0
2026-04-09 15:57:00,GSVR.V,,0.6499999761581421,0.6499999761581421,0.6499999761581421,0.6499999761581421,500.0
2026-04-09 15:57:00,HITI.V,,3.1500000953674316,3.1500000953674316,3.1500000953674316,3.1500000953674316,400.0
2026-04-09 15:57:00,HIVE.V,,2.880000114440918,2.880000114440918,2.880000114440918,2.880000114440918,200.0
2026-04-09 15:57:00,HSTR.V,,2.5899999141693115,2.5899999141693115,2.5899999141693115,2.5899999141693115,800.0
2026-04-09 15:57:00,IFOS.V,,3.799999952316284,3.799999952316284,3.799999952316284,3.799999952316284,100.0
2026-04-09 15:57:00,KTN.V,,1.4500000476837158,1.4500000476837158,1.4500000476837158,1.4500000476837158,1600.0
2026-04-09 15:57:00,LCX.V,,1.9500000476837158,1.9500000476837158,1.9500000476837158,1.9500000476837158,1100.0
2026-04-09 15:57:00,LGC.V,,2.25,2.259999990463257,2.25,2.259999990463257,1100.0
2026-04-09 15:57:00,LSL.V,,0.39500001072883606,0.39500001072883606,0.39500001072883606,0.39500001072883606,5500.0
2026-04-09 15:57:00,LTH.V,,1.3300000429153442,1.3300000429153442,1.309999942779541,1.309999942779541,7200.0
2026-04-09 15:57:00,LUCA.V,,1.4600000381469727,1.465000033378601,1.4600000381469727,1.465000033378601,2600.0
2026-04-09 15:57:00,MGM.V,,2.5399999618530273,2.5399999618530273,2.5399999618530273,2.5399999618530273,100.0
2026-04-09 15:57:00,MLP.V,,2.0999999046325684,2.0999999046325684,2.0999999046325684,2.0999999046325684,100.0
2026-04-09 15:57:00,PNG.V,,8.40999984741211,8.4399995803833,8.40999984741211,8.4399995803833,3600.0
2026-04-09 15:58:00,FRED.V,,0.6100000143051147,0.6100000143051147,0.6100000143051147,0.6100000143051147,2000.0
2026-04-09 15:58:00,GLAD.V,,1.2999999523162842,1.2999999523162842,1.2999999523162842,1.2999999523162842,1000.0
2026-04-09 15:58:00,GOT.V,,1.659999966621399,1.659999966621399,1.659999966621399,1.659999966621399,142.0
2026-04-09 15:58:00,GQC.V,,2.25,2.25,2.25,2.25,700.0
2026-04-09 15:58:00,GRI.V,,0.02500000037252903,0.02500000037252903,0.02500000037252903,0.02500000037252903,1000.0
2026-04-09 15:58:00,GRSL.V,,0.33000001311302185,0.33000001311302185,0.33000001311302185,0.33000001311302185,500.0
2026-04-09 15:58:00,HIVE.V,,2.869999885559082,2.884999990463257,2.869999885559082,2.880000114440918,32628.0
2026-04-09 15:58:00,HSTR.V,,2.5899999141693115,2.5899999141693115,2.5899999141693115,2.5899999141693115,200.0
2026-04-09 15:58:00,IFOS.V,,3.799999952316284,3.799999952316284,3.799999952316284,3.799999952316284,100.0
2026-04-09 15:58:00,IGO.V,,0.10000000149011612,0.10000000149011612,0.10000000149011612,0.10000000149011612,1000.0
2026-04-09 15:58:00,IPT.V,,0.24500000476837158,0.24500000476837158,0.24500000476837158,0.24500000476837158,500.0
2026-04-09 15:58:00,KTN.V,,1.440000057220459,1.440000057220459,1.440000057220459,1.440000057220459,100.0
2026-04-09 15:58:00,LA.V,,11.75,11.75,11.739999771118164,11.739999771118164,200.0
2026-04-09 15:58:00,LTH.V,,1.3250000476837158,1.3250000476837158,1.3250000476837158,1.3250000476837158,1600.0
2026-04-09 15:58:00,LUCA.V,,1.4600000381469727,1.4600000381469727,1.4600000381469727,1.4600000381469727,3800.0
2026-04-09 15:58:00,MFG.V,,4.380000114440918,4.389999866485596,4.380000114440918,4.389999866485596,2100.0
2026-04-09 15:58:00,MGM.V,,2.5199999809265137,2.5199999809265137,2.5199999809265137,2.5199999809265137,100.0
2026-04-09 15:58:00,MJS.V,,0.14499999582767487,0.14499999582767487,0.14499999582767487,0.14499999582767487,500.0
2026-04-09 15:58:00,MLP.V,,2.0999999046325684,2.0999999046325684,2.0999999046325684,2.0999999046325684,810.0
2026-04-09 15:58:00,MMX.V,,0.06499999761581421,0.06499999761581421,0.06499999761581421,0.06499999761581421,0.0
2026-04-09 15:58:00,NICU.V,,2.1500000953674316,2.1600000858306885,2.1449999809265137,2.1449999809265137,3100.0
2026-04-09 15:58:00,PNG.V,,8.350000381469727,8.40999984741211,8.300000190734863,8.40999984741211,24456.0
2026-04-09 15:59:00,EVGN.V,,0.38999998569488525,0.38999998569488525,0.38999998569488525,0.38999998569488525,500.0
2026-04-09 15:59:00,FRED.V,,0.6299999952316284,0.6299999952316284,0.6299999952316284,0.6299999952316284,500.0
2026-04-09 15:59:00,FUU.V,,0.16500000655651093,0.16500000655651093,0.16500000655651093,0.16500000655651093,0.0
2026-04-09 15:59:00,GGI.V,,0.11999999731779099,0.11999999731779099,0.11999999731779099,0.11999999731779099,11500.0
2026-04-09 15:59:00,GGO.V,,0.9599999785423279,0.9599999785423279,0.9599999785423279,0.9599999785423279,1000.0
2026-04-09 15:59:00,GIGA.V,,0.0949999988079071,0.0949999988079071,0.0949999988079071,0.0949999988079071,0.0
2026-04-09 15:59:00,GMG.V,,2.130000114440918,2.130000114440918,2.130000114440918,2.130000114440918,200.0
2026-04-09 15:59:00,GOT.V,,1.649999976158142,1.659999966621399,1.649999976158142,1.659999966621399,8000.0
2026-04-09 15:59:00,GPAC.V,,0.46000000834465027,0.46000000834465027,0.46000000834465027,0.46000000834465027,1000.0
2026-04-09 15:59:00,GQC.V,,2.25,2.2699999809265137,2.25,2.25,2400.0
2026-04-09 15:59:00,GRSL.V,,0.33000001311302185,0.33000001311302185,0.32499998807907104,0.32749998569488525,12000.0
2026-04-09 15:59:00,GSI.V,,1.3550000190734863,1.3550000190734863,1.3550000190734863,1.3550000190734863,800.0
2026-04-09 15:59:00,GSVR.V,,0.6499999761581421,0.6499999761581421,0.6399999856948853,0.6499999761581421,1900.0
2026-04-09 15:59:00,GWM.V,,0.6600000262260437,0.6600000262260437,0.6600000262260437,0.6600000262260437,500.0
2026-04-09 15:59:00,HAN.V,,0.6000000238418579,0.6000000238418579,0.6000000238418579,0.6000000238418579,2500.0
2026-04-09 15:59:00,HELI.V,,0.04500000178813934,0.04500000178813934,0.04500000178813934,0.04500000178813934,19000.0
2026-04-09 15:59:00,HITI.V,,3.1600000858306885,3.1600000858306885,3.1500000953674316,3.1500000953674316,9701.0
2026-04-09 15:59:00,HIVE.V,,2.869999885559082,2.869999885559082,2.859999895095825,2.869999885559082,39814.0
2026-04-09 15:59:00,HSTR.V,,2.5799999237060547,2.5999999046325684,2.569999933242798,2.5899999141693115,32975.0
2026-04-09 15:59:00,IFOS.V,,3.7699999809265137,3.7799999713897705,3.7699999809265137,3.7799999713897705,400.0
2026-04-09 15:59:00,IGO.V,,0.0949999988079071,0.0949999988079071,0.0949999988079071,0.0949999988079071,17400.0
2026-04-09 15:59:00,IPT.V,,0.25,0.25,0.24500000476837158,0.2475000023841858,47500.0
2026-04-09 15:59:00,JJ.V,,0.054999999701976776,0.054999999701976776,0.054999999701976776,0.054999999701976776,15000.0
2026-04-09 15:59:00,KC.V,,0.36500000953674316,0.36500000953674316,0.36500000953674316,0.36500000953674316,3000.0
2026-04-09 15:59:00,KDK.V,,0.8799999952316284,0.8899999856948853,0.8799999952316284,0.8899999856948853,11500.0
2026-04-09 15:59:00,KRY.V,,3.3299999237060547,3.4000000953674316,3.3299999237060547,3.4000000953674316,1700.0
2026-04-09 15:59:00,KTN.V,,1.440000057220459,1.440000057220459,1.440000057220459,1.440000057220459,300.0
2026-04-09 15:59:00,LA.V,,11.25,11.399999618530273,11.25,11.399999618530273,1900.0
2026-04-09 15:59:00,LCX.V,,1.9800000190734863,1.9800000190734863,1.9500000476837158,1.9500000476837158,7700.0
2026-04-09 15:59:00,LIFT.V,,5.21999979019165,5.21999979019165,5.21999979019165,5.21999979019165,300.0
2026-04-09 15:59:00,LIO.V,,0.23999999463558197,0.23999999463558197,0.23999999463558197,0.23999999463558197,2000.0
2026-04-09 15:59:00,LLG.V,,0.07500000298023224,0.07500000298023224,0.07500000298023224,0.07500000298023224,13000.0
2026-04-09 15:59:00,LPS.V,,0.07999999821186066,0.07999999821186066,0.07999999821186066,0.07999999821186066,0.0
2026-04-09 15:59:00,LTH.V,,1.3300000429153442,1.3300000429153442,1.3200000524520874,1.3300000429153442,2900.0
2026-04-09 15:59:00,LUCA.V,,1.4600000381469727,1.4700000286102295,1.4600000381469727,1.4600000381469727,10034.0
2026-04-09 15:59:00,MERG.V,,0.800000011920929,0.800000011920929,0.800000011920929,0.800000011920929,2000.0
2026-04-09 15:59:00,MGM.V,,2.5199999809265137,2.5199999809265137,2.5199999809265137,2.5199999809265137,100.0
2026-04-09 15:59:00,MLP.V,,2.1500000953674316,2.1500000953674316,2.0899999141693115,2.0999999046325684,4400.0
2026-04-09 15:59:00,MTA.V,,9.199999809265137,9.239999771118164,9.199999809265137,9.239999771118164,100.0
2026-04-09 15:59:00,NICU.V,,2.1500000953674316,2.1600000858306885,2.1500000953674316,2.1600000858306885,2800.0
2026-04-09 15:59:00,NURS.V,,3.240000009536743,3.240000009536743,3.2300000190734863,3.2300000190734863,400.0
2026-04-09 15:59:00,PNG.V,,8.420000076293945,8.460000038146973,8.350000381469727,8.350000381469727,21474.0
2026-04-09 15:59:00,ROAR.V,,0.2549999952316284,0.2549999952316284,0.2549999952316284,0.2549999952316284,5000.0
2026-04-09 15:59:00,SCAN.V,,7.199999809265137,7.199999809265137,7.199999809265137,7.199999809265137,100.0
