Datetime,Ticker,Adj Close,Close,High,Low,Open,Volume
2026-04-13 09:30:00,AUMB.V,,0.9800000190734863,1.0,0.9800000190734863,1.0,0.0
2026-04-13 09:30:00,AWE.V,,0.12999999523162842,0.12999999523162842,0.12999999523162842,0.12999999523162842,0.0
2026-04-13 09:30:00,EFF.V,,0.029999999329447746,0.029999999329447746,0.029999999329447746,0.029999999329447746,0.0
2026-04-13 09:30:00,FIVD-P.V,,0.10000000149011612,0.10000000149011612,0.10000000149011612,0.10000000149011612,0.0
2026-04-13 09:30:00,MIT.V,,0.029999999329447746,0.029999999329447746,0.029999999329447746,0.029999999329447746,0.0
2026-04-13 09:30:00,NILI.V,,0.6299999952316284,0.6299999952316284,0.6299999952316284,0.6299999952316284,0.0
2026-04-13 09:30:00,RARE.V,,5.809999942779541,5.809999942779541,5.809999942779541,5.809999942779541,0.0
2026-04-13 09:30:00,SPZ.V,,0.05999999865889549,0.05999999865889549,0.05999999865889549,0.05999999865889549,0.0
2026-04-13 09:30:00,SURG.V,,0.5699999928474426,0.5699999928474426,0.5699999928474426,0.5699999928474426,0.0
2026-04-13 09:30:00,TAJ.V,,0.25,0.25,0.23999999463558197,0.23999999463558197,0.0
2026-04-13 09:30:00,TAO.V,,0.09000000357627869,0.09000000357627869,0.09000000357627869,0.09000000357627869,0.0
2026-04-13 09:30:00,TBK.V,,0.41999998688697815,0.41999998688697815,0.41999998688697815,0.41999998688697815,0.0
2026-04-13 09:30:00,TCO.V,,0.07000000029802322,0.07000000029802322,0.07000000029802322,0.07000000029802322,0.0
2026-04-13 09:30:00,TECT.V,,2.450000047683716,2.509999990463257,2.450000047683716,2.509999990463257,0.0
2026-04-13 09:30:00,TES.V,,0.11999999731779099,0.11999999731779099,0.11999999731779099,0.11999999731779099,0.0
2026-04-13 09:30:00,TGOL.V,,0.14000000059604645,0.14000000059604645,0.14000000059604645,0.14000000059604645,0.0
2026-04-13 09:30:00,TGS.V,,0.054999999701976776,0.054999999701976776,0.054999999701976776,0.054999999701976776,0.0
2026-04-13 09:30:00,THRM.V,,0.06499999761581421,0.06499999761581421,0.06499999761581421,0.06499999761581421,0.0
2026-04-13 09:30:00,THX.V,,1.5,1.5199999809265137,1.5,1.5199999809265137,0.0
2026-04-13 09:30:00,TIG.V,,0.5299999713897705,0.5400000214576721,0.5299999713897705,0.5400000214576721,0.0
2026-04-13 09:30:00,TLT.V,,0.30000001192092896,0.30000001192092896,0.30000001192092896,0.30000001192092896,0.0
2026-04-13 09:30:00,TMET.V,,0.10499999672174454,0.10499999672174454,0.10499999672174454,0.10499999672174454,0.0
2026-04-13 09:30:00,TMG.V,,0.15000000596046448,0.15000000596046448,0.15000000596046448,0.15000000596046448,0.0
2026-04-13 09:30:00,TNR.V,,0.23999999463558197,0.23999999463558197,0.23999999463558197,0.23999999463558197,0.0
2026-04-13 09:30:00,TOI.V,,91.01000213623047,91.01000213623047,91.0,91.0,0.0
2026-04-13 09:30:00,TOP-P.V,,0.03500000014901161,0.03500000014901161,0.03500000014901161,0.03500000014901161,0.0
2026-04-13 09:30:00,TRA.V,,0.004999999888241291,0.004999999888241291,0.004999999888241291,0.004999999888241291,0.0
2026-04-13 09:30:00,TSG.V,,0.24500000476837158,0.24500000476837158,0.24500000476837158,0.24500000476837158,0.0
2026-04-13 09:30:00,TTD.V,,0.03999999910593033,0.03999999910593033,0.03999999910593033,0.03999999910593033,0.0
2026-04-13 09:30:00,TTG.V,,0.11999999731779099,0.11999999731779099,0.11999999731779099,0.11999999731779099,0.0
2026-04-13 09:30:00,TUD.V,,0.9900000095367432,0.9900000095367432,0.9800000190734863,0.9800000190734863,0.0
2026-04-13 09:30:00,TUK.V,,0.02500000037252903,0.02500000037252903,0.02500000037252903,0.02500000037252903,0.0
2026-04-13 09:30:00,TUP-P.V,,0.03999999910593033,0.03999999910593033,0.03999999910593033,0.03999999910593033,0.0
2026-04-13 09:30:00,TVI.V,,0.04500000178813934,0.04500000178813934,0.04500000178813934,0.04500000178813934,0.0
2026-04-13 09:30:00,TVR-H.V,,0.03500000014901161,0.03500000014901161,0.03500000014901161,0.03500000014901161,0.0
2026-04-13 09:30:00,TWO.V,,0.5199999809265137,0.5199999809265137,0.5199999809265137,0.5199999809265137,0.0
2026-04-13 09:30:00,TWR.V,,0.17000000178813934,0.17000000178813934,0.17000000178813934,0.17000000178813934,0.0
2026-04-13 09:30:00,UCU.V,,5.679999828338623,5.789999961853027,5.639999866485596,5.699999809265137,0.0
2026-04-13 09:30:00,UI.V,,0.019999999552965164,0.019999999552965164,0.019999999552965164,0.019999999552965164,0.0
2026-04-13 09:30:00,UPT-P.V,,0.05999999865889549,0.05999999865889549,0.05999999865889549,0.05999999865889549,0.0
2026-04-13 09:30:00,USCU.V,,0.17000000178813934,0.17000000178813934,0.17000000178813934,0.17000000178813934,0.0
2026-04-13 09:30:00,VCC-P.V,,0.03999999910593033,0.03999999910593033,0.03999999910593033,0.03999999910593033,0.0
2026-04-13 09:30:00,VCI.V,,6.610000133514404,6.610000133514404,6.610000133514404,6.610000133514404,0.0
2026-04-13 09:30:00,VCU.V,,1.2999999523162842,1.3799999952316284,1.2999999523162842,1.3799999952316284,0.0
2026-04-13 09:30:00,VG.V,,0.0949999988079071,0.0949999988079071,0.0949999988079071,0.0949999988079071,0.0
2026-04-13 09:30:00,VLI.V,,0.014999999664723873,0.014999999664723873,0.014999999664723873,0.014999999664723873,0.0
2026-04-13 09:30:00,VM.V,,0.11999999731779099,0.11999999731779099,0.11999999731779099,0.11999999731779099,0.0
2026-04-13 09:30:00,VPT.V,,0.10499999672174454,0.10499999672174454,0.10499999672174454,0.10499999672174454,0.0
2026-04-13 09:30:00,VRS.V,,0.014999999664723873,0.014999999664723873,0.014999999664723873,0.014999999664723873,0.0
2026-04-13 09:30:00,VVC.V,,0.019999999552965164,0.019999999552965164,0.019999999552965164,0.019999999552965164,0.0
2026-04-13 09:30:00,WCU.V,,0.014999999664723873,0.014999999664723873,0.014999999664723873,0.014999999664723873,0.0
2026-04-13 09:30:00,WEB.V,,1.6399999856948853,1.659999966621399,1.6399999856948853,1.659999966621399,0.0
2026-04-13 09:30:00,WEE-H.V,,0.019999999552965164,0.019999999552965164,0.019999999552965164,0.019999999552965164,0.0
2026-04-13 09:30:00,WET-H.V,,0.07000000029802322,0.07000000029802322,0.07000000029802322,0.07000000029802322,0.0
2026-04-13 09:30:00,WEX.V,,0.6800000071525574,0.6800000071525574,0.6800000071525574,0.6800000071525574,0.0
2026-04-13 09:30:00,WGF.V,,0.1850000023841858,0.1850000023841858,0.1850000023841858,0.1850000023841858,0.0
2026-04-13 09:30:00,WGO.V,,1.600000023841858,1.600000023841858,1.600000023841858,1.600000023841858,0.0
2026-04-13 09:30:00,WHN.V,,0.27000001072883606,0.2750000059604645,0.27000001072883606,0.2750000059604645,0.0
2026-04-13 09:30:00,WHY.V,,0.38499999046325684,0.38499999046325684,0.38499999046325684,0.38499999046325684,0.0
2026-04-13 09:30:00,WINS.V,,0.14000000059604645,0.14000000059604645,0.14000000059604645,0.14000000059604645,0.0
2026-04-13 09:30:00,WML.V,,0.08500000089406967,0.08500000089406967,0.08500000089406967,0.08500000089406967,0.0
2026-04-13 09:30:00,WOI-H.V,,0.03500000014901161,0.03500000014901161,0.03500000014901161,0.03500000014901161,0.0
2026-04-13 09:30:00,WRLG.V,,1.0,1.0,1.0,1.0,0.0
2026-04-13 09:30:00,WRR.V,,0.3400000035762787,0.3400000035762787,0.3400000035762787,0.3400000035762787,0.0
2026-04-13 09:30:00,WVM.V,,1.7999999523162842,1.7999999523162842,1.7999999523162842,1.7999999523162842,0.0
2026-04-13 09:30:00,WWT.V,,0.03500000014901161,0.03500000014901161,0.03500000014901161,0.03500000014901161,0.0
2026-04-13 09:30:00,XGC.V,,0.28999999165534973,0.28999999165534973,0.28999999165534973,0.28999999165534973,0.0
2026-04-13 09:30:00,XIA-H.V,,0.07999999821186066,0.07999999821186066,0.07999999821186066,0.07999999821186066,0.0
2026-04-13 09:30:00,XIM.V,,0.09000000357627869,0.09000000357627869,0.09000000357627869,0.09000000357627869,0.0
2026-04-13 09:30:00,YNV.V,,0.10999999940395355,0.10999999940395355,0.10999999940395355,0.10999999940395355,0.0
2026-04-13 09:30:00,YSC-H.V,,0.029999999329447746,0.029999999329447746,0.029999999329447746,0.029999999329447746,0.0
2026-04-13 09:30:00,ZAC.V,,0.07500000298023224,0.07500000298023224,0.07500000298023224,0.07500000298023224,0.0
2026-04-13 09:30:00,ZDC.V,,5.5,5.5,5.5,5.5,0.0
2026-04-13 09:30:00,ZEN.V,,0.7699999809265137,0.7699999809265137,0.7699999809265137,0.7699999809265137,0.0
2026-04-13 09:30:00,ZIM-H.V,,0.05000000074505806,0.05000000074505806,0.05000000074505806,0.05000000074505806,0.0
2026-04-13 09:30:00,ZMA.V,,0.07000000029802322,0.07000000029802322,0.07000000029802322,0.07000000029802322,0.0
2026-04-13 09:30:00,ZMD-H.V,,0.014999999664723873,0.014999999664723873,0.014999999664723873,0.014999999664723873,0.0
2026-04-13 09:30:00,ZMD.V,,0.014999999664723873,0.014999999664723873,0.014999999664723873,0.014999999664723873,0.0
2026-04-13 09:30:00,ZNX.V,,0.09000000357627869,0.09000000357627869,0.09000000357627869,0.09000000357627869,0.0
2026-04-13 09:30:00,ZOMD.V,,0.8700000047683716,0.8700000047683716,0.8700000047683716,0.8700000047683716,0.0
2026-04-13 09:30:00,ZON.V,,0.10000000149011612,0.10000000149011612,0.10000000149011612,0.10000000149011612,0.0
2026-04-13 09:31:00,AUMB.V,,0.9700000286102295,0.9800000190734863,0.9700000286102295,0.9800000190734863,6950.0
2026-04-13 09:31:00,SURG.V,,0.5699999928474426,0.5699999928474426,0.5699999928474426,0.5699999928474426,22000.0
2026-04-13 09:31:00,TOI.V,,91.51000213623047,91.51000213623047,91.51000213623047,91.51000213623047,200.0
2026-04-13 09:31:00,TUD.V,,1.0,1.0,1.0,1.0,6000.0
2026-04-13 09:31:00,UCU.V,,5.670000076293945,5.670000076293945,5.599999904632568,5.599999904632568,4046.0
2026-04-13 09:31:00,WEX.V,,0.6899999976158142,0.6899999976158142,0.6899999976158142,0.6899999976158142,500.0
2026-04-13 09:31:00,WML.V,,0.08500000089406967,0.08500000089406967,0.08500000089406967,0.08500000089406967,2000.0
2026-04-13 09:31:00,WRLG.V,,1.0,1.0,1.0,1.0,4000.0
2026-04-13 09:32:00,TBK.V,,0.41999998688697815,0.41999998688697815,0.41999998688697815,0.41999998688697815,3400.0
2026-04-13 09:32:00,THX.V,,1.5,1.5,1.4900000095367432,1.4900000095367432,2000.0
2026-04-13 09:32:00,UCU.V,,5.590000152587891,5.610000133514404,5.590000152587891,5.610000133514404,8450.0
2026-04-13 09:32:00,XIM.V,,0.08500000089406967,0.08500000089406967,0.08500000089406967,0.08500000089406967,5000.0
2026-04-13 09:33:00,TECT.V,,2.4000000953674316,2.450000047683716,2.4000000953674316,2.450000047683716,8058.0
2026-04-13 09:33:00,THX.V,,1.5,1.5,1.4950000047683716,1.5,10500.0
2026-04-13 09:33:00,UCU.V,,5.5,5.5,5.5,5.5,1100.0
2026-04-13 09:33:00,WML.V,,0.08500000089406967,0.08500000089406967,0.08500000089406967,0.08500000089406967,25000.0
2026-04-13 09:33:00,WRLG.V,,1.0,1.0,1.0,1.0,8000.0
2026-04-13 09:33:00,XIM.V,,0.09000000357627869,0.09000000357627869,0.09000000357627869,0.09000000357627869,30000.0
2026-04-13 09:34:00,SURG.V,,0.5699999928474426,0.5699999928474426,0.5699999928474426,0.5699999928474426,2000.0
2026-04-13 09:34:00,TAO.V,,0.08500000089406967,0.08500000089406967,0.08500000089406967,0.08500000089406967,29000.0
2026-04-13 09:34:00,THX.V,,1.5,1.5,1.5,1.5,100.0
2026-04-13 09:34:00,TIG.V,,0.5400000214576721,0.550000011920929,0.5400000214576721,0.5400000214576721,5500.0
2026-04-13 09:34:00,TUD.V,,1.0,1.0,1.0,1.0,18000.0
2026-04-13 09:34:00,UCU.V,,5.519999980926514,5.519999980926514,5.519999980926514,5.519999980926514,214.0
2026-04-13 09:34:00,WEX.V,,0.6899999976158142,0.6899999976158142,0.6899999976158142,0.6899999976158142,1500.0
2026-04-13 09:34:00,WRLG.V,,1.0,1.0,1.0,1.0,11500.0
2026-04-13 09:35:00,TIG.V,,0.5299999713897705,0.5299999713897705,0.5299999713897705,0.5299999713897705,509.0
2026-04-13 09:35:00,TRBC.V,,0.1850000023841858,0.1850000023841858,0.1850000023841858,0.1850000023841858,0.0
2026-04-13 09:35:00,WEB.V,,1.6299999952316284,1.6299999952316284,1.6299999952316284,1.6299999952316284,5556.0
2026-04-13 09:35:00,WGO.V,,1.600000023841858,1.600000023841858,1.600000023841858,1.600000023841858,29900.0
2026-04-13 09:35:00,WRLG.V,,1.0,1.0,1.0,1.0,20000.0
2026-04-13 09:36:00,TMG.V,,0.15000000596046448,0.15000000596046448,0.15000000596046448,0.15000000596046448,2000.0
2026-04-13 09:36:00,TOI.V,,91.0,91.0,91.0,91.0,608.0
2026-04-13 09:36:00,TUD.V,,1.0,1.0,1.0,1.0,500.0
2026-04-13 09:36:00,VIO.V,,0.12999999523162842,0.12999999523162842,0.12999999523162842,0.12999999523162842,0.0
2026-04-13 09:36:00,WRLG.V,,1.0,1.0,1.0,1.0,24000.0
2026-04-13 09:37:00,SURG.V,,0.5699999928474426,0.5699999928474426,0.5699999928474426,0.5699999928474426,53500.0
2026-04-13 09:37:00,TMG.V,,0.15000000596046448,0.15000000596046448,0.15000000596046448,0.15000000596046448,35000.0
2026-04-13 09:37:00,TSLV.V,,0.10999999940395355,0.10999999940395355,0.10999999940395355,0.10999999940395355,0.0
2026-04-13 09:37:00,UFC.V,,0.8600000143051147,0.8600000143051147,0.8600000143051147,0.8600000143051147,0.0
2026-04-13 09:37:00,WMS.V,,0.06499999761581421,0.06499999761581421,0.06499999761581421,0.06499999761581421,0.0
2026-04-13 09:37:00,WRLG.V,,1.0,1.0,1.0,1.0,14442.0
2026-04-13 09:38:00,UCU.V,,5.5,5.519999980926514,5.5,5.519999980926514,5445.0
2026-04-13 09:38:00,WGO.V,,1.6399999856948853,1.6399999856948853,1.6399999856948853,1.6399999856948853,200.0
2026-04-13 09:39:00,AUMB.V,,0.9700000286102295,0.9700000286102295,0.9700000286102295,0.9700000286102295,1042.0
2026-04-13 09:39:00,TIG.V,,0.5199999809265137,0.5299999713897705,0.5199999809265137,0.5299999713897705,3500.0
2026-04-13 09:39:00,TLT.V,,0.29499998688697815,0.29499998688697815,0.29499998688697815,0.29499998688697815,5000.0
2026-04-13 09:39:00,TMG.V,,0.15000000596046448,0.15000000596046448,0.15000000596046448,0.15000000596046448,32000.0
2026-04-13 09:39:00,TUD.V,,0.9900000095367432,1.0,0.9900000095367432,1.0,12500.0
2026-04-13 09:39:00,WISH.V,,0.25999999046325684,0.25999999046325684,0.25999999046325684,0.25999999046325684,0.0
2026-04-13 09:39:00,XIM.V,,0.08500000089406967,0.08500000089406967,0.08500000089406967,0.08500000089406967,18000.0
2026-04-13 09:40:00,EFF.V,,0.03500000014901161,0.03500000014901161,0.029999999329447746,0.029999999329447746,188000.0
2026-04-13 09:40:00,TGX.V,,0.19499999284744263,0.19499999284744263,0.19499999284744263,0.19499999284744263,0.0
2026-04-13 09:40:00,TLT.V,,0.29499998688697815,0.29499998688697815,0.29499998688697815,0.29499998688697815,2500.0
2026-04-13 09:40:00,TVI.V,,0.04500000178813934,0.04500000178813934,0.04500000178813934,0.04500000178813934,10000.0
2026-04-13 09:40:00,USCU.V,,0.1599999964237213,0.1599999964237213,0.1599999964237213,0.1599999964237213,17700.0
2026-04-13 09:40:00,WISH.V,,0.25999999046325684,0.25999999046325684,0.25999999046325684,0.25999999046325684,1000.0
2026-04-13 09:40:00,WRLG.V,,1.0,1.0,1.0,1.0,5420.0
2026-04-13 09:40:00,WRR.V,,0.3199999928474426,0.3199999928474426,0.3199999928474426,0.3199999928474426,500.0
2026-04-13 09:41:00,AUMB.V,,0.9599999785423279,0.9599999785423279,0.9599999785423279,0.9599999785423279,7286.0
2026-04-13 09:41:00,TAJ.V,,0.25,0.25,0.25,0.25,10000.0
2026-04-13 09:41:00,TCO.V,,0.07000000029802322,0.07000000029802322,0.07000000029802322,0.07000000029802322,1000.0
2026-04-13 09:41:00,TECT.V,,2.380000114440918,2.4000000953674316,2.380000114440918,2.4000000953674316,7600.0
2026-04-13 09:41:00,TLT.V,,0.29499998688697815,0.29499998688697815,0.29499998688697815,0.29499998688697815,17500.0
2026-04-13 09:41:00,TTS.V,,0.5299999713897705,0.5299999713897705,0.5299999713897705,0.5299999713897705,0.0
2026-04-13 09:41:00,TUD.V,,0.9900000095367432,0.9900000095367432,0.9900000095367432,0.9900000095367432,3000.0
2026-04-13 09:41:00,WRLG.V,,1.0,1.0,1.0,1.0,500.0
2026-04-13 09:41:00,XGC.V,,0.28999999165534973,0.28999999165534973,0.28999999165534973,0.28999999165534973,5000.0
2026-04-13 09:42:00,AUMB.V,,0.9700000286102295,0.9700000286102295,0.9700000286102295,0.9700000286102295,500.0
2026-04-13 09:42:00,ONE.V,,0.4050000011920929,0.4050000011920929,0.4050000011920929,0.4050000011920929,0.0
2026-04-13 09:42:00,SURG.V,,0.5600000023841858,0.5600000023841858,0.5600000023841858,0.5600000023841858,9000.0
2026-04-13 09:42:00,TECT.V,,2.380000114440918,2.380000114440918,2.380000114440918,2.380000114440918,200.0
2026-04-13 09:42:00,TGX.V,,0.25,0.25,0.24500000476837158,0.24500000476837158,4000.0
2026-04-13 09:42:00,TNR.V,,0.23999999463558197,0.23999999463558197,0.23999999463558197,0.23999999463558197,500.0
2026-04-13 09:42:00,TUD.V,,0.9900000095367432,0.9900000095367432,0.9900000095367432,0.9900000095367432,2500.0
2026-04-13 09:42:00,WML.V,,0.09000000357627869,0.09000000357627869,0.08749999850988388,0.08749999850988388,30000.0
2026-04-13 09:42:00,WRLG.V,,1.0049999952316284,1.0049999952316284,1.0049999952316284,1.0049999952316284,34500.0
2026-04-13 09:43:00,AUMB.V,,0.9700000286102295,0.9700000286102295,0.9700000286102295,0.9700000286102295,500.0
2026-04-13 09:43:00,THX.V,,1.5,1.5,1.5,1.5,700.0
2026-04-13 09:43:00,VIO.V,,0.125,0.125,0.125,0.125,120000.0
2026-04-13 09:43:00,VMS.V,,0.04500000178813934,0.04500000178813934,0.04500000178813934,0.04500000178813934,0.0
2026-04-13 09:43:00,WAM.V,,0.7900000214576721,0.7900000214576721,0.7900000214576721,0.7900000214576721,0.0
2026-04-13 09:43:00,WRLG.V,,1.0049999952316284,1.0049999952316284,1.0049999952316284,1.0049999952316284,85068.0
2026-04-13 09:44:00,TTS.V,,0.5299999713897705,0.5299999713897705,0.5299999713897705,0.5299999713897705,11500.0
2026-04-13 09:44:00,TUO.V,,1.7000000476837158,1.7000000476837158,1.7000000476837158,1.7000000476837158,0.0
2026-04-13 09:44:00,VIO.V,,0.125,0.125,0.125,0.125,500.0
2026-04-13 09:44:00,WGO.V,,1.649999976158142,1.659999966621399,1.6399999856948853,1.6399999856948853,5400.0
2026-04-13 09:44:00,WRLG.V,,1.0,1.0,1.0,1.0,56500.0
2026-04-13 09:45:00,TAJ.V,,0.25,0.25,0.25,0.25,39834.0
2026-04-13 09:45:00,TECT.V,,2.4000000953674316,2.4100000858306885,2.3949999809265137,2.3949999809265137,700.0
2026-04-13 09:45:00,TGOL.V,,0.13500000536441803,0.13500000536441803,0.13500000536441803,0.13500000536441803,500.0
2026-04-13 09:45:00,THX.V,,1.4900000095367432,1.4900000095367432,1.4900000095367432,1.4900000095367432,500.0
2026-04-13 09:45:00,UCU.V,,5.570000171661377,5.570000171661377,5.570000171661377,5.570000171661377,600.0
2026-04-13 09:45:00,WRLG.V,,0.9900000095367432,1.0049999952316284,0.9900000095367432,1.0049999952316284,6500.0
2026-04-13 09:46:00,AUMB.V,,0.9700000286102295,0.9700000286102295,0.9700000286102295,0.9700000286102295,2000.0
2026-04-13 09:46:00,TAJ.V,,0.25999999046325684,0.25999999046325684,0.25999999046325684,0.25999999046325684,13500.0
2026-04-13 09:46:00,TDG.V,,0.5600000023841858,0.5699999928474426,0.5600000023841858,0.5699999928474426,0.0
2026-04-13 09:46:00,TECT.V,,2.380000114440918,2.380000114440918,2.380000114440918,2.380000114440918,100.0
2026-04-13 09:46:00,THX.V,,1.4900000095367432,1.4900000095367432,1.4900000095367432,1.4900000095367432,4500.0
2026-04-13 09:46:00,TLT.V,,0.29499998688697815,0.29499998688697815,0.29499998688697815,0.29499998688697815,17500.0
2026-04-13 09:46:00,TTS.V,,0.5299999713897705,0.5299999713897705,0.5299999713897705,0.5299999713897705,500.0
2026-04-13 09:46:00,TUD.V,,0.9800000190734863,0.9900000095367432,0.9800000190734863,0.9900000095367432,13100.0
2026-04-13 09:46:00,UCU.V,,5.590000152587891,5.590000152587891,5.590000152587891,5.590000152587891,400.0
2026-04-13 09:46:00,VML.V,,0.5299999713897705,0.5299999713897705,0.5299999713897705,0.5299999713897705,0.0
2026-04-13 09:46:00,ZOMD.V,,0.8799999952316284,0.8799999952316284,0.8700000047683716,0.8700000047683716,6500.0
2026-04-13 09:47:00,THX.V,,1.4900000095367432,1.4900000095367432,1.4900000095367432,1.4900000095367432,400.0
2026-04-13 09:47:00,TLT.V,,0.30000001192092896,0.30000001192092896,0.30000001192092896,0.30000001192092896,69500.0
2026-04-13 09:47:00,TUD.V,,0.9800000190734863,0.9800000190734863,0.9800000190734863,0.9800000190734863,2200.0
2026-04-13 09:47:00,UCU.V,,5.610000133514404,5.610000133514404,5.610000133514404,5.610000133514404,3000.0
2026-04-13 09:47:00,VCT.V,,0.02500000037252903,0.02500000037252903,0.02500000037252903,0.02500000037252903,0.0
2026-04-13 09:47:00,WGO.V,,1.649999976158142,1.649999976158142,1.649999976158142,1.649999976158142,10000.0
2026-04-13 09:47:00,WI.V,,0.8999999761581421,0.8999999761581421,0.8999999761581421,0.8999999761581421,0.0
2026-04-13 09:47:00,WRLG.V,,0.9900000095367432,0.9950000047683716,0.9900000095367432,0.9950000047683716,20500.0
2026-04-13 09:47:00,ZDC.V,,5.679999828338623,5.679999828338623,5.650000095367432,5.650000095367432,5200.0
2026-04-13 09:48:00,TDG.V,,0.5600000023841858,0.5600000023841858,0.5600000023841858,0.5600000023841858,6000.0
2026-04-13 09:48:00,TUD.V,,0.9800000190734863,0.9800000190734863,0.9800000190734863,0.9800000190734863,1000.0
2026-04-13 09:48:00,UCU.V,,5.650000095367432,5.650000095367432,5.650000095367432,5.650000095367432,200.0
2026-04-13 09:48:00,VCU.V,,1.3300000429153442,1.3300000429153442,1.3300000429153442,1.3300000429153442,200.0
2026-04-13 09:48:00,VML.V,,0.550000011920929,0.550000011920929,0.550000011920929,0.550000011920929,12500.0
2026-04-13 09:48:00,WRLG.V,,0.9900000095367432,0.9900000095367432,0.9900000095367432,0.9900000095367432,1000.0
2026-04-13 09:48:00,ZDC.V,,5.610000133514404,5.610000133514404,5.610000133514404,5.610000133514404,200.0
2026-04-13 09:49:00,AUMB.V,,0.9700000286102295,0.9700000286102295,0.9700000286102295,0.9700000286102295,2000.0
2026-04-13 09:49:00,RARE.V,,5.75,5.75,5.75,5.75,100.0
2026-04-13 09:49:00,TOI.V,,91.5,91.5,91.30000305175781,91.30000305175781,600.0
2026-04-13 09:49:00,TUD.V,,0.9800000190734863,0.9800000190734863,0.9800000190734863,0.9800000190734863,3300.0
2026-04-13 09:49:00,UCU.V,,5.659999847412109,5.659999847412109,5.659999847412109,5.659999847412109,600.0
2026-04-13 09:50:00,TDG.V,,0.5600000023841858,0.5600000023841858,0.5600000023841858,0.5600000023841858,119500.0
2026-04-13 09:50:00,TECT.V,,2.390000104904175,2.390000104904175,2.390000104904175,2.390000104904175,800.0
2026-04-13 09:50:00,TLT.V,,0.30000001192092896,0.30000001192092896,0.30000001192092896,0.30000001192092896,10000.0
2026-04-13 09:50:00,UCU.V,,5.639999866485596,5.639999866485596,5.639999866485596,5.639999866485596,900.0
2026-04-13 09:50:00,WGO.V,,1.649999976158142,1.649999976158142,1.649999976158142,1.649999976158142,10000.0
2026-04-13 09:50:00,WRLG.V,,0.9950000047683716,0.9950000047683716,0.9950000047683716,0.9950000047683716,1500.0
2026-04-13 09:50:00,WVM.V,,1.809999942779541,1.809999942779541,1.809999942779541,1.809999942779541,100.0
2026-04-13 09:51:00,NILI.V,,0.6299999952316284,0.6299999952316284,0.6299999952316284,0.6299999952316284,3500.0
2026-04-13 09:51:00,SURG.V,,0.5699999928474426,0.5699999928474426,0.5699999928474426,0.5699999928474426,65000.0
2026-04-13 09:51:00,TAJ.V,,0.25999999046325684,0.25999999046325684,0.25999999046325684,0.25999999046325684,2000.0
2026-04-13 09:51:00,TDG.V,,0.5600000023841858,0.5799999833106995,0.5600000023841858,0.5600000023841858,160000.0
2026-04-13 09:51:00,TUD.V,,0.9800000190734863,0.9800000190734863,0.9800000190734863,0.9800000190734863,5000.0
2026-04-13 09:51:00,VCU.V,,1.309999942779541,1.3300000429153442,1.309999942779541,1.3300000429153442,3420.0
2026-04-13 09:52:00,TGOL.V,,0.13500000536441803,0.13500000536441803,0.13500000536441803,0.13500000536441803,500.0
2026-04-13 09:52:00,TOI.V,,92.4000015258789,92.4000015258789,92.0,92.0,206.0
2026-04-13 09:52:00,TRBC.V,,0.18000000715255737,0.18000000715255737,0.18000000715255737,0.18000000715255737,1500.0
2026-04-13 09:52:00,TSG.V,,0.24500000476837158,0.24500000476837158,0.24500000476837158,0.24500000476837158,3500.0
2026-04-13 09:52:00,TUD.V,,0.9800000190734863,0.9800000190734863,0.9800000190734863,0.9800000190734863,3100.0
2026-04-13 09:52:00,WRLG.V,,1.0,1.0,1.0,1.0,500.0
2026-04-13 09:52:00,ZDC.V,,5.590000152587891,5.590000152587891,5.590000152587891,5.590000152587891,100.0
2026-04-13 09:53:00,AUMB.V,,0.9700000286102295,0.9700000286102295,0.9700000286102295,0.9700000286102295,6500.0
2026-04-13 09:53:00,TAJ.V,,0.27000001072883606,0.27000001072883606,0.27000001072883606,0.27000001072883606,2500.0
2026-04-13 09:53:00,TECT.V,,2.430000066757202,2.430000066757202,2.4100000858306885,2.4100000858306885,700.0
2026-04-13 09:53:00,TUD.V,,0.9800000190734863,0.9800000190734863,0.9800000190734863,0.9800000190734863,1000.0
2026-04-13 09:54:00,ONE.V,,0.4050000011920929,0.4050000011920929,0.4050000011920929,0.4050000011920929,2500.0
2026-04-13 09:54:00,TUD.V,,0.9800000190734863,0.9800000190734863,0.9700000286102295,0.9750000238418579,17400.0
2026-04-13 09:54:00,ZDC.V,,5.599999904632568,5.599999904632568,5.599999904632568,5.599999904632568,200.0
2026-04-13 09:55:00,AUMB.V,,0.9800000190734863,0.9800000190734863,0.9800000190734863,0.9800000190734863,7500.0
2026-04-13 09:55:00,TLT.V,,0.30000001192092896,0.30000001192092896,0.30000001192092896,0.30000001192092896,2500.0
2026-04-13 09:55:00,TOI.V,,92.51000213623047,92.51000213623047,92.5,92.5,600.0
2026-04-13 09:55:00,VCU.V,,1.2899999618530273,1.2899999618530273,1.2899999618530273,1.2899999618530273,2000.0
2026-04-13 09:56:00,AUMB.V,,0.9800000190734863,0.9800000190734863,0.9800000190734863,0.9800000190734863,1250.0
2026-04-13 09:56:00,THX.V,,1.5,1.5,1.4950000047683716,1.4950000047683716,1900.0
2026-04-13 09:56:00,TOI.V,,93.0,93.0,92.98999786376953,92.98999786376953,255.0
2026-04-13 09:56:00,TUD.V,,0.9800000190734863,0.9800000190734863,0.9800000190734863,0.9800000190734863,2000.0
2026-04-13 09:56:00,UCU.V,,5.639999866485596,5.679999828338623,5.639999866485596,5.679999828338623,1500.0
2026-04-13 09:56:00,WEB.V,,1.600000023841858,1.6200000047683716,1.600000023841858,1.6200000047683716,1610.0
2026-04-13 09:57:00,THX.V,,1.4950000047683716,1.4950000047683716,1.4950000047683716,1.4950000047683716,600.0
2026-04-13 09:57:00,TRBC.V,,0.18000000715255737,0.18000000715255737,0.18000000715255737,0.18000000715255737,3000.0
2026-04-13 09:57:00,WEB.V,,1.600000023841858,1.600000023841858,1.600000023841858,1.600000023841858,0.0
2026-04-13 09:57:00,WGO.V,,1.659999966621399,1.659999966621399,1.659999966621399,1.659999966621399,1200.0
2026-04-13 09:57:00,ZOMD.V,,0.8799999952316284,0.8799999952316284,0.8799999952316284,0.8799999952316284,500.0
2026-04-13 09:58:00,NILI.V,,0.6299999952316284,0.6299999952316284,0.6299999952316284,0.6299999952316284,30500.0
2026-04-13 09:58:00,RARE.V,,5.650000095367432,5.650000095367432,5.650000095367432,5.650000095367432,1722.0
2026-04-13 09:58:00,TLT.V,,0.3050000071525574,0.3050000071525574,0.3050000071525574,0.3050000071525574,11146.0
2026-04-13 09:58:00,TRBC.V,,0.18000000715255737,0.18000000715255737,0.18000000715255737,0.18000000715255737,2000.0
2026-04-13 09:58:00,WEB.V,,1.600000023841858,1.600000023841858,1.600000023841858,1.600000023841858,8219.0
2026-04-13 09:58:00,WRLG.V,,0.9950000047683716,0.9950000047683716,0.9950000047683716,0.9950000047683716,1000.0
2026-04-13 09:59:00,NILI.V,,0.6299999952316284,0.6299999952316284,0.6299999952316284,0.6299999952316284,1500.0
2026-04-13 09:59:00,SURG.V,,0.5699999928474426,0.5699999928474426,0.5699999928474426,0.5699999928474426,5500.0
2026-04-13 09:59:00,TUD.V,,0.9900000095367432,0.9900000095367432,0.9900000095367432,0.9900000095367432,9000.0
2026-04-13 09:59:00,VG.V,,0.0949999988079071,0.0949999988079071,0.0949999988079071,0.0949999988079071,12000.0
2026-04-13 09:59:00,WHN.V,,0.27000001072883606,0.27000001072883606,0.27000001072883606,0.27000001072883606,500.0
2026-04-13 09:59:00,YTY.V,,0.03999999910593033,0.03999999910593033,0.03999999910593033,0.03999999910593033,0.0
2026-04-13 09:59:00,ZDC.V,,5.630000114440918,5.630000114440918,5.630000114440918,5.630000114440918,700.0
2026-04-13 10:00:00,TBK.V,,0.41999998688697815,0.41999998688697815,0.41999998688697815,0.41999998688697815,1000.0
2026-04-13 10:00:00,TECT.V,,2.4600000381469727,2.4800000190734863,2.4600000381469727,2.4600000381469727,700.0
2026-04-13 10:00:00,TUD.V,,0.9900000095367432,0.9900000095367432,0.9900000095367432,0.9900000095367432,4200.0
2026-04-13 10:00:00,WRLG.V,,1.0,1.0,0.9950000047683716,0.9950000047683716,65500.0
2026-04-13 10:01:00,TLT.V,,0.30000001192092896,0.30000001192092896,0.30000001192092896,0.30000001192092896,500.0
2026-04-13 10:01:00,TUD.V,,0.9900000095367432,0.9900000095367432,0.9900000095367432,0.9900000095367432,6100.0
2026-04-13 10:01:00,UCU.V,,5.699999809265137,5.699999809265137,5.630000114440918,5.639999866485596,1670.0
2026-04-13 10:02:00,AUMB.V,,1.0099999904632568,1.0099999904632568,1.0,1.0,7500.0
2026-04-13 10:02:00,THX.V,,1.4950000047683716,1.4950000047683716,1.4950000047683716,1.4950000047683716,400.0
2026-04-13 10:02:00,UCU.V,,5.670000076293945,5.670000076293945,5.670000076293945,5.670000076293945,255.0
2026-04-13 10:02:00,WEX.V,,0.6899999976158142,0.6899999976158142,0.6899999976158142,0.6899999976158142,3000.0
2026-04-13 10:02:00,WRLG.V,,1.0,1.0,1.0,1.0,108499.0
2026-04-13 10:03:00,AUMB.V,,1.0,1.0,1.0,1.0,4560.0
2026-04-13 10:03:00,THX.V,,1.5,1.5,1.5,1.5,400.0
2026-04-13 10:03:00,USCU.V,,0.1599999964237213,0.1599999964237213,0.1599999964237213,0.1599999964237213,20097.0
2026-04-13 10:03:00,VCU.V,,1.2899999618530273,1.2899999618530273,1.2899999618530273,1.2899999618530273,1300.0
2026-04-13 10:03:00,WGO.V,,1.659999966621399,1.6699999570846558,1.659999966621399,1.6699999570846558,9000.0
2026-04-13 10:03:00,WRLG.V,,0.9900000095367432,0.9900000095367432,0.9900000095367432,0.9900000095367432,500.0
2026-04-13 10:04:00,TOI.V,,93.81999969482422,93.81999969482422,93.31999969482422,93.31999969482422,4266.0
2026-04-13 10:04:00,TRBC.V,,0.18000000715255737,0.18000000715255737,0.18000000715255737,0.18000000715255737,12000.0
2026-04-13 10:04:00,TUD.V,,0.9800000190734863,0.9800000190734863,0.9800000190734863,0.9800000190734863,4900.0
2026-04-13 10:04:00,WEX.V,,0.699999988079071,0.699999988079071,0.699999988079071,0.699999988079071,2000.0
2026-04-13 10:04:00,WGO.V,,1.6799999475479126,1.6799999475479126,1.6799999475479126,1.6799999475479126,400.0
2026-04-13 10:04:00,WISH.V,,0.25,0.25,0.25,0.25,20000.0
2026-04-13 10:05:00,NILI.V,,0.6299999952316284,0.6299999952316284,0.6299999952316284,0.6299999952316284,9394.0
2026-04-13 10:05:00,THX.V,,1.5,1.5,1.5,1.5,1000.0
2026-04-13 10:05:00,UCU.V,,5.739999771118164,5.739999771118164,5.71999979019165,5.71999979019165,400.0
2026-04-13 10:05:00,VIO.V,,0.125,0.125,0.125,0.125,202000.0
2026-04-13 10:05:00,WRLG.V,,0.9950000047683716,0.9950000047683716,0.9950000047683716,0.9950000047683716,4500.0
2026-04-13 10:06:00,TES.V,,0.10499999672174454,0.10499999672174454,0.10499999672174454,0.10499999672174454,500.0
2026-04-13 10:06:00,THX.V,,1.5,1.5,1.5,1.5,1600.0
2026-04-13 10:06:00,TK.V,,0.4000000059604645,0.4000000059604645,0.4000000059604645,0.4000000059604645,0.0
2026-04-13 10:06:00,VIO.V,,0.125,0.125,0.125,0.125,2000.0
2026-04-13 10:07:00,TLT.V,,0.3100000023841858,0.3100000023841858,0.3050000071525574,0.3050000071525574,150000.0
2026-04-13 10:07:00,TOI.V,,93.80999755859375,93.81999969482422,93.80999755859375,93.81999969482422,200.0
2026-04-13 10:07:00,VIO.V,,0.125,0.125,0.125,0.125,500.0
2026-04-13 10:07:00,WAM.V,,0.8100000023841858,0.8100000023841858,0.7900000214576721,0.7900000214576721,6500.0
2026-04-13 10:07:00,WML.V,,0.09000000357627869,0.09000000357627869,0.09000000357627869,0.09000000357627869,1760.0
2026-04-13 10:07:00,WRLG.V,,0.9950000047683716,0.9950000047683716,0.9950000047683716,0.9950000047683716,500.0
2026-04-13 10:07:00,XTM.V,,0.07000000029802322,0.07000000029802322,0.07000000029802322,0.07000000029802322,0.0
2026-04-13 10:08:00,TECT.V,,2.5,2.5,2.5,2.5,200.0
2026-04-13 10:08:00,THX.V,,1.5,1.5099999904632568,1.5,1.5,10900.0
2026-04-13 10:08:00,TLT.V,,0.3100000023841858,0.3100000023841858,0.3100000023841858,0.3100000023841858,5000.0
2026-04-13 10:08:00,VCU.V,,1.2899999618530273,1.2899999618530273,1.2899999618530273,1.2899999618530273,200.0
2026-04-13 10:08:00,VIO.V,,0.125,0.125,0.125,0.125,10000.0
2026-04-13 10:08:00,WAM.V,,0.8100000023841858,0.8100000023841858,0.8100000023841858,0.8100000023841858,1299.0
2026-04-13 10:08:00,YNV.V,,0.10499999672174454,0.10499999672174454,0.10499999672174454,0.10499999672174454,50000.0
2026-04-13 10:09:00,AWE.V,,0.14499999582767487,0.14499999582767487,0.14499999582767487,0.14499999582767487,4000.0
2026-04-13 10:09:00,TAJ.V,,0.27000001072883606,0.27000001072883606,0.27000001072883606,0.27000001072883606,2000.0
2026-04-13 10:09:00,THX.V,,1.5,1.5,1.4900000095367432,1.5,11900.0
2026-04-13 10:09:00,TLT.V,,0.3149999976158142,0.3149999976158142,0.3100000023841858,0.3100000023841858,264463.0
2026-04-13 10:09:00,UCU.V,,5.739999771118164,5.739999771118164,5.739999771118164,5.739999771118164,100.0
2026-04-13 10:09:00,WRLG.V,,1.0,1.0,1.0,1.0,500.0
2026-04-13 10:09:00,ZAC.V,,0.07999999821186066,0.07999999821186066,0.07999999821186066,0.07999999821186066,3000.0
2026-04-13 10:10:00,TAJ.V,,0.27000001072883606,0.27000001072883606,0.27000001072883606,0.27000001072883606,12000.0
2026-04-13 10:10:00,TOI.V,,94.0,94.0,93.98999786376953,93.98999786376953,486.0
2026-04-13 10:11:00,TDG.V,,0.5699999928474426,0.5699999928474426,0.5699999928474426,0.5699999928474426,21000.0
2026-04-13 10:11:00,WAM.V,,0.8050000071525574,0.8050000071525574,0.8050000071525574,0.8050000071525574,500.0
2026-04-13 10:11:00,WRLG.V,,0.9950000047683716,1.0,0.9950000047683716,0.9950000047683716,25400.0
2026-04-13 10:12:00,AUMB.V,,1.0,1.0,1.0,1.0,2500.0
2026-04-13 10:12:00,THX.V,,1.4900000095367432,1.4900000095367432,1.4900000095367432,1.4900000095367432,500.0
2026-04-13 10:12:00,TUK.V,,0.02500000037252903,0.02500000037252903,0.02500000037252903,0.02500000037252903,300000.0
2026-04-13 10:12:00,USCU.V,,0.16500000655651093,0.16500000655651093,0.16500000655651093,0.16500000655651093,8500.0
2026-04-13 10:12:00,VCU.V,,1.2799999713897705,1.2799999713897705,1.2799999713897705,1.2799999713897705,7000.0
2026-04-13 10:12:00,WGF.V,,0.1899999976158142,0.1899999976158142,0.1850000023841858,0.1850000023841858,4000.0
2026-04-13 10:12:00,WGO.V,,1.6699999570846558,1.6699999570846558,1.6699999570846558,1.6699999570846558,900.0
2026-04-13 10:12:00,WRLG.V,,0.9950000047683716,0.9950000047683716,0.9950000047683716,0.9950000047683716,1500.0
2026-04-13 10:13:00,VO.V,,0.10000000149011612,0.10000000149011612,0.10000000149011612,0.10000000149011612,0.0
2026-04-13 10:13:00,WHN.V,,0.2800000011920929,0.2800000011920929,0.2750000059604645,0.2750000059604645,10000.0
2026-04-13 10:13:00,WRLG.V,,0.9950000047683716,0.9950000047683716,0.9950000047683716,0.9950000047683716,1000.0
2026-04-13 10:14:00,TUK.V,,0.02500000037252903,0.02500000037252903,0.02500000037252903,0.02500000037252903,876000.0
2026-04-13 10:14:00,TWO.V,,0.5299999713897705,0.5299999713897705,0.5299999713897705,0.5299999713897705,2500.0
2026-04-13 10:14:00,UCU.V,,5.730000019073486,5.730000019073486,5.730000019073486,5.730000019073486,100.0
2026-04-13 10:14:00,VIO.V,,0.12999999523162842,0.12999999523162842,0.12999999523162842,0.12999999523162842,53500.0
2026-04-13 10:14:00,WRLG.V,,0.9950000047683716,0.9950000047683716,0.9950000047683716,0.9950000047683716,500.0
2026-04-13 10:15:00,TAJ.V,,0.27000001072883606,0.27000001072883606,0.27000001072883606,0.27000001072883606,4000.0
2026-04-13 10:15:00,TLT.V,,0.3199999928474426,0.3199999928474426,0.3149999976158142,0.3149999976158142,35500.0
2026-04-13 10:15:00,VZZ.V,,0.125,0.125,0.125,0.125,0.0
2026-04-13 10:15:00,XIM.V,,0.08500000089406967,0.08500000089406967,0.08500000089406967,0.08500000089406967,1000.0
2026-04-13 10:16:00,TLT.V,,0.32499998807907104,0.32499998807907104,0.3199999928474426,0.3199999928474426,27514.0
2026-04-13 10:16:00,TUK.V,,0.02500000037252903,0.02500000037252903,0.02500000037252903,0.02500000037252903,19000.0
2026-04-13 10:16:00,UCU.V,,5.75,5.75,5.75,5.75,100.0
2026-04-13 10:16:00,WRLG.V,,0.9950000047683716,0.9950000047683716,0.9950000047683716,0.9950000047683716,6500.0
2026-04-13 10:17:00,THX.V,,1.4900000095367432,1.4900000095367432,1.4900000095367432,1.4900000095367432,700.0
2026-04-13 10:17:00,TLT.V,,0.33000001311302185,0.33000001311302185,0.3199999928474426,0.3199999928474426,41000.0
2026-04-13 10:17:00,TUK.V,,0.02500000037252903,0.02500000037252903,0.02500000037252903,0.02500000037252903,2000.0
2026-04-13 10:18:00,RARE.V,,5.75,5.75,5.75,5.75,432.0
2026-04-13 10:18:00,TAJ.V,,0.2750000059604645,0.2750000059604645,0.2750000059604645,0.2750000059604645,35500.0
2026-04-13 10:18:00,THX.V,,1.5,1.5,1.4900000095367432,1.4900000095367432,14380.0
2026-04-13 10:18:00,TOI.V,,93.31999969482422,93.31999969482422,93.30999755859375,93.31999969482422,600.0
2026-04-13 10:18:00,UCU.V,,5.730000019073486,5.730000019073486,5.730000019073486,5.730000019073486,1300.0
2026-04-13 10:19:00,AUMB.V,,1.0,1.0,1.0,1.0,1500.0
2026-04-13 10:19:00,TECT.V,,2.5,2.5,2.5,2.5,100.0
2026-04-13 10:19:00,TLT.V,,0.33000001311302185,0.33000001311302185,0.33000001311302185,0.33000001311302185,21000.0
2026-04-13 10:19:00,TOI.V,,93.75,93.75,93.75,93.75,200.0
2026-04-13 10:19:00,UCU.V,,5.739999771118164,5.739999771118164,5.739999771118164,5.739999771118164,200.0
2026-04-13 10:19:00,WEX.V,,0.6899999976158142,0.6899999976158142,0.6899999976158142,0.6899999976158142,500.0
2026-04-13 10:19:00,WRLG.V,,0.9950000047683716,0.9950000047683716,0.9950000047683716,0.9950000047683716,1500.0
2026-04-13 10:19:00,ZDC.V,,5.599999904632568,5.599999904632568,5.599999904632568,5.599999904632568,300.0
2026-04-13 10:20:00,AUMB.V,,0.9900000095367432,1.0,0.9900000095367432,1.0,61200.0
2026-04-13 10:20:00,SURG.V,,0.5799999833106995,0.5799999833106995,0.5799999833106995,0.5799999833106995,9000.0
2026-04-13 10:20:00,TDG.V,,0.5649999976158142,0.5649999976158142,0.5649999976158142,0.5649999976158142,1000.0
2026-04-13 10:20:00,THX.V,,1.5,1.5,1.5,1.5,300.0
2026-04-13 10:20:00,TLT.V,,0.32499998807907104,0.33000001311302185,0.32499998807907104,0.33000001311302185,7000.0
2026-04-13 10:20:00,TUD.V,,1.0,1.0,0.9900000095367432,0.9900000095367432,13000.0
2026-04-13 10:20:00,UCU.V,,5.760000228881836,5.760000228881836,5.75,5.75,1500.0
2026-04-13 10:21:00,TAJ.V,,0.2750000059604645,0.2750000059604645,0.2750000059604645,0.2750000059604645,20500.0
2026-04-13 10:21:00,THX.V,,1.5,1.5,1.5,1.5,100.0
2026-04-13 10:21:00,TMG.V,,0.15000000596046448,0.15000000596046448,0.15000000596046448,0.15000000596046448,36500.0
2026-04-13 10:21:00,TUD.V,,1.0,1.0,1.0,1.0,4000.0
2026-04-13 10:21:00,UCU.V,,5.739999771118164,5.739999771118164,5.739999771118164,5.739999771118164,493.0
2026-04-13 10:21:00,VCU.V,,1.2999999523162842,1.2999999523162842,1.2999999523162842,1.2999999523162842,100.0
2026-04-13 10:21:00,WRLG.V,,1.0049999952316284,1.0099999904632568,0.9950000047683716,1.0,111100.0
2026-04-13 10:22:00,TGOL.V,,0.13500000536441803,0.13500000536441803,0.13500000536441803,0.13500000536441803,4500.0
2026-04-13 10:22:00,THX.V,,1.5,1.5,1.5,1.5,2800.0
2026-04-13 10:22:00,TK.V,,0.39500001072883606,0.39500001072883606,0.39500001072883606,0.39500001072883606,3500.0
2026-04-13 10:22:00,TSG.V,,0.24500000476837158,0.24500000476837158,0.24500000476837158,0.24500000476837158,3751.0
2026-04-13 10:22:00,UGD.V,,0.4000000059604645,0.4000000059604645,0.4000000059604645,0.4000000059604645,0.0
2026-04-13 10:22:00,VCU.V,,1.2999999523162842,1.2999999523162842,1.2999999523162842,1.2999999523162842,400.0
2026-04-13 10:22:00,WGO.V,,1.6799999475479126,1.6799999475479126,1.6699999570846558,1.6699999570846558,5699.0
2026-04-13 10:22:00,WML.V,,0.09000000357627869,0.09000000357627869,0.09000000357627869,0.09000000357627869,25000.0
2026-04-13 10:22:00,WRLG.V,,1.0049999952316284,1.0049999952316284,1.0049999952316284,1.0049999952316284,1500.0
2026-04-13 10:23:00,AUMB.V,,0.9900000095367432,0.9900000095367432,0.9900000095367432,0.9900000095367432,10000.0
2026-04-13 10:23:00,ONE.V,,0.4050000011920929,0.4050000011920929,0.4050000011920929,0.4050000011920929,1000.0
2026-04-13 10:23:00,TECT.V,,2.5199999809265137,2.5199999809265137,2.509999990463257,2.509999990463257,2000.0
2026-04-13 10:23:00,TOI.V,,93.80000305175781,93.80000305175781,93.79000091552734,93.79000091552734,360.0
2026-04-13 10:23:00,UCU.V,,5.71999979019165,5.71999979019165,5.71999979019165,5.71999979019165,480.0
2026-04-13 10:23:00,UGD.V,,0.4000000059604645,0.4000000059604645,0.4000000059604645,0.4000000059604645,39000.0
2026-04-13 10:23:00,VCU.V,,1.2899999618530273,1.2899999618530273,1.2899999618530273,1.2899999618530273,400.0
2026-04-13 10:23:00,VRB.V,,0.10000000149011612,0.10000000149011612,0.10000000149011612,0.10000000149011612,0.0
2026-04-13 10:23:00,WAM.V,,0.8100000023841858,0.8100000023841858,0.8100000023841858,0.8100000023841858,1000.0
2026-04-13 10:23:00,WRLG.V,,1.0,1.0,1.0,1.0,500.0
2026-04-13 10:24:00,TAJ.V,,0.2750000059604645,0.2750000059604645,0.2750000059604645,0.2750000059604645,3000.0
2026-04-13 10:24:00,TLT.V,,0.32499998807907104,0.32499998807907104,0.32499998807907104,0.32499998807907104,500.0
2026-04-13 10:24:00,TUD.V,,0.9900000095367432,0.9900000095367432,0.9900000095367432,0.9900000095367432,7100.0
2026-04-13 10:24:00,WRLG.V,,1.0,1.0,1.0,1.0,10000.0
2026-04-13 10:25:00,TAO.V,,0.08500000089406967,0.08500000089406967,0.08500000089406967,0.08500000089406967,31000.0
2026-04-13 10:25:00,TECT.V,,2.5199999809265137,2.5199999809265137,2.5199999809265137,2.5199999809265137,100.0
2026-04-13 10:25:00,THRM.V,,0.07000000029802322,0.07000000029802322,0.06499999761581421,0.06499999761581421,40000.0
2026-04-13 10:25:00,THX.V,,1.5,1.5,1.5,1.5,500.0
2026-04-13 10:25:00,TUD.V,,0.9900000095367432,0.9900000095367432,0.9900000095367432,0.9900000095367432,2000.0
2026-04-13 10:25:00,UCU.V,,5.71999979019165,5.71999979019165,5.71999979019165,5.71999979019165,300.0
2026-04-13 10:25:00,WGO.V,,1.6699999570846558,1.6799999475479126,1.6699999570846558,1.6799999475479126,44600.0
2026-04-13 10:25:00,WRLG.V,,0.9950000047683716,1.0,0.9950000047683716,1.0,79900.0
2026-04-13 10:26:00,TLT.V,,0.30000001192092896,0.3199999928474426,0.30000001192092896,0.3199999928474426,56610.0
2026-04-13 10:26:00,UCU.V,,5.710000038146973,5.710000038146973,5.710000038146973,5.710000038146973,429.0
2026-04-13 10:26:00,VCU.V,,1.2899999618530273,1.2899999618530273,1.2899999618530273,1.2899999618530273,100.0
2026-04-13 10:26:00,VIO.V,,0.13500000536441803,0.13500000536441803,0.13500000536441803,0.13500000536441803,5000.0
2026-04-13 10:26:00,WISH.V,,0.25,0.2549999952316284,0.25,0.2549999952316284,7000.0
2026-04-13 10:26:00,YEG.V,,0.17499999701976776,0.17499999701976776,0.17499999701976776,0.17499999701976776,0.0
2026-04-13 10:28:00,SPZ.V,,0.054999999701976776,0.054999999701976776,0.054999999701976776,0.054999999701976776,4783.0
2026-04-13 10:28:00,VRR.V,,0.2800000011920929,0.2800000011920929,0.2800000011920929,0.2800000011920929,0.0
2026-04-13 10:28:00,ZDC.V,,5.599999904632568,5.619999885559082,5.599999904632568,5.619999885559082,1600.0
2026-04-13 10:29:00,XTM.V,,0.07000000029802322,0.07000000029802322,0.07000000029802322,0.07000000029802322,2700.0
2026-04-13 10:30:00,AUMB.V,,0.9900000095367432,0.9900000095367432,0.9900000095367432,0.9900000095367432,1000.0
2026-04-13 10:30:00,TUD.V,,0.9800000190734863,0.9800000190734863,0.9800000190734863,0.9800000190734863,9000.0
2026-04-13 10:31:00,AUMB.V,,0.9900000095367432,0.9900000095367432,0.9900000095367432,0.9900000095367432,2000.0
2026-04-13 10:31:00,TUK.V,,0.02500000037252903,0.02500000037252903,0.02500000037252903,0.02500000037252903,120000.0
2026-04-13 10:31:00,TWO.V,,0.5099999904632568,0.5099999904632568,0.5099999904632568,0.5099999904632568,500.0
2026-04-13 10:32:00,RARE.V,,5.820000171661377,5.820000171661377,5.820000171661377,5.820000171661377,500.0
2026-04-13 10:32:00,TECT.V,,2.5,2.5,2.5,2.5,400.0
2026-04-13 10:32:00,TLT.V,,0.3100000023841858,0.3100000023841858,0.3100000023841858,0.3100000023841858,2500.0
2026-04-13 10:32:00,TUD.V,,0.9800000190734863,0.9800000190734863,0.9800000190734863,0.9800000190734863,29900.0
2026-04-13 10:32:00,UCU.V,,5.699999809265137,5.699999809265137,5.699999809265137,5.699999809265137,2100.0
2026-04-13 10:32:00,WGO.V,,1.649999976158142,1.659999966621399,1.649999976158142,1.659999966621399,35000.0
2026-04-13 10:33:00,NILI.V,,0.6399999856948853,0.6399999856948853,0.6399999856948853,0.6399999856948853,30499.0
2026-04-13 10:33:00,RARE.V,,5.820000171661377,5.820000171661377,5.820000171661377,5.820000171661377,500.0
2026-04-13 10:33:00,WGO.V,,1.6399999856948853,1.6399999856948853,1.6399999856948853,1.6399999856948853,100.0
2026-04-13 10:33:00,WRLG.V,,1.0,1.0,0.9950000047683716,0.9950000047683716,6000.0
2026-04-13 10:34:00,AUMB.V,,0.9900000095367432,0.9900000095367432,0.9900000095367432,0.9900000095367432,1000.0
2026-04-13 10:34:00,TECT.V,,2.5199999809265137,2.5199999809265137,2.5199999809265137,2.5199999809265137,500.0
2026-04-13 10:34:00,TGX.V,,0.25,0.25,0.25,0.25,500.0
2026-04-13 10:34:00,TWO.V,,0.5099999904632568,0.5099999904632568,0.5099999904632568,0.5099999904632568,49500.0
2026-04-13 10:35:00,NILI.V,,0.6399999856948853,0.6399999856948853,0.6399999856948853,0.6399999856948853,5000.0
2026-04-13 10:35:00,TDG.V,,0.5600000023841858,0.5600000023841858,0.5600000023841858,0.5600000023841858,28000.0
2026-04-13 10:35:00,THX.V,,1.5,1.5,1.5,1.5,100.0
2026-04-13 10:35:00,TUD.V,,0.9850000143051147,0.9850000143051147,0.9850000143051147,0.9850000143051147,1000.0
2026-04-13 10:35:00,WGO.V,,1.6449999809265137,1.6449999809265137,1.6449999809265137,1.6449999809265137,100.0
2026-04-13 10:35:00,ZDC.V,,5.610000133514404,5.610000133514404,5.599999904632568,5.599999904632568,700.0
2026-04-13 10:36:00,TAJ.V,,0.25999999046325684,0.25999999046325684,0.25999999046325684,0.25999999046325684,500.0
2026-04-13 10:36:00,THX.V,,1.4900000095367432,1.4900000095367432,1.4900000095367432,1.4900000095367432,200.0
2026-04-13 10:36:00,TOI.V,,94.0,94.0,94.0,94.0,100.0
2026-04-13 10:36:00,TUD.V,,0.9900000095367432,0.9900000095367432,0.9900000095367432,0.9900000095367432,10000.0
2026-04-13 10:36:00,UCU.V,,5.730000019073486,5.730000019073486,5.730000019073486,5.730000019073486,100.0
2026-04-13 10:36:00,UGD.V,,0.4000000059604645,0.4000000059604645,0.4000000059604645,0.4000000059604645,20000.0
2026-04-13 10:36:00,VIO.V,,0.13500000536441803,0.13500000536441803,0.13500000536441803,0.13500000536441803,138000.0
2026-04-13 10:36:00,WAM.V,,0.8100000023841858,0.8100000023841858,0.8100000023841858,0.8100000023841858,1000.0
2026-04-13 10:36:00,WGO.V,,1.659999966621399,1.659999966621399,1.649999976158142,1.649999976158142,2000.0
2026-04-13 10:36:00,WHY.V,,0.3499999940395355,0.3499999940395355,0.3499999940395355,0.3499999940395355,2000.0
2026-04-13 10:36:00,WRLG.V,,0.9950000047683716,0.9950000047683716,0.9950000047683716,0.9950000047683716,3000.0
2026-04-13 10:37:00,AUMB.V,,0.9950000047683716,0.9950000047683716,0.9950000047683716,0.9950000047683716,500.0
2026-04-13 10:37:00,TAJ.V,,0.27000001072883606,0.27000001072883606,0.27000001072883606,0.27000001072883606,1500.0
2026-04-13 10:37:00,TECT.V,,2.549999952316284,2.549999952316284,2.5299999713897705,2.5399999618530273,2900.0
2026-04-13 10:38:00,AUMB.V,,0.9900000095367432,0.9900000095367432,0.9900000095367432,0.9900000095367432,500.0
2026-04-13 10:38:00,ONE.V,,0.4050000011920929,0.4050000011920929,0.4050000011920929,0.4050000011920929,500.0
2026-04-13 10:38:00,RARE.V,,5.800000190734863,5.800000190734863,5.800000190734863,5.800000190734863,400.0
2026-04-13 10:38:00,SURG.V,,0.5899999737739563,0.5899999737739563,0.5899999737739563,0.5899999737739563,80000.0
2026-04-13 10:38:00,THX.V,,1.4950000047683716,1.4950000047683716,1.4950000047683716,1.4950000047683716,100.0
2026-04-13 10:38:00,TOI.V,,94.75,94.75,94.5,94.5,835.0
2026-04-13 10:38:00,UCU.V,,5.699999809265137,5.699999809265137,5.699999809265137,5.699999809265137,8400.0
2026-04-13 10:39:00,UCU.V,,5.730000019073486,5.730000019073486,5.730000019073486,5.730000019073486,100.0
2026-04-13 10:39:00,ZDC.V,,5.579999923706055,5.579999923706055,5.579999923706055,5.579999923706055,125.0
2026-04-13 10:40:00,TLT.V,,0.3149999976158142,0.3149999976158142,0.3149999976158142,0.3149999976158142,2000.0
2026-04-13 10:40:00,UCU.V,,5.760000228881836,5.760000228881836,5.739999771118164,5.760000228881836,17300.0
2026-04-13 10:40:00,WGO.V,,1.659999966621399,1.659999966621399,1.659999966621399,1.659999966621399,200.0
2026-04-13 10:41:00,TECT.V,,2.5399999618530273,2.5399999618530273,2.5399999618530273,2.5399999618530273,392.0
2026-04-13 10:41:00,UCU.V,,5.760000228881836,5.760000228881836,5.760000228881836,5.760000228881836,7400.0
2026-04-13 10:42:00,NILI.V,,0.6399999856948853,0.6399999856948853,0.6399999856948853,0.6399999856948853,500.0
2026-04-13 10:42:00,VCU.V,,1.2999999523162842,1.2999999523162842,1.2899999618530273,1.2899999618530273,400.0
2026-04-13 10:42:00,WISH.V,,0.25,0.25,0.25,0.25,6000.0
2026-04-13 10:42:00,WRLG.V,,1.0049999952316284,1.0049999952316284,1.0,1.0,57800.0
2026-04-13 10:43:00,THX.V,,1.5,1.5,1.5,1.5,100.0
2026-04-13 10:43:00,TOI.V,,93.83999633789062,93.83999633789062,93.83999633789062,93.83999633789062,302.0
2026-04-13 10:43:00,TUD.V,,0.9900000095367432,0.9900000095367432,0.9900000095367432,0.9900000095367432,600.0
2026-04-13 10:43:00,UCU.V,,5.760000228881836,5.760000228881836,5.760000228881836,5.760000228881836,100.0
2026-04-13 10:43:00,VCU.V,,1.2999999523162842,1.2999999523162842,1.2999999523162842,1.2999999523162842,346.0
2026-04-13 10:43:00,WGO.V,,1.659999966621399,1.659999966621399,1.659999966621399,1.659999966621399,100.0
2026-04-13 10:44:00,TAJ.V,,0.2750000059604645,0.2750000059604645,0.27000001072883606,0.27000001072883606,76500.0
2026-04-13 10:44:00,THX.V,,1.5,1.5,1.5,1.5,500.0
2026-04-13 10:44:00,TLT.V,,0.3199999928474426,0.3199999928474426,0.3199999928474426,0.3199999928474426,3000.0
2026-04-13 10:44:00,TPL.V,,1.590000033378601,1.590000033378601,1.590000033378601,1.590000033378601,0.0
2026-04-13 10:44:00,TUD.V,,0.9900000095367432,0.9900000095367432,0.9900000095367432,0.9900000095367432,1500.0
2026-04-13 10:44:00,UCU.V,,5.760000228881836,5.760000228881836,5.75,5.75,900.0
2026-04-13 10:44:00,WRLG.V,,1.0049999952316284,1.0049999952316284,1.0049999952316284,1.0049999952316284,500.0
2026-04-13 10:45:00,THX.V,,1.5,1.5,1.5,1.5,100.0
2026-04-13 10:45:00,TTG.V,,0.13500000536441803,0.13500000536441803,0.13500000536441803,0.13500000536441803,1000.0
2026-04-13 10:45:00,TUD.V,,0.9900000095367432,0.9900000095367432,0.9900000095367432,0.9900000095367432,2000.0
2026-04-13 10:45:00,UCU.V,,5.760000228881836,5.760000228881836,5.760000228881836,5.760000228881836,400.0
2026-04-13 10:45:00,UFC.V,,0.8600000143051147,0.8600000143051147,0.8600000143051147,0.8600000143051147,4500.0
2026-04-13 10:45:00,WAM.V,,0.8100000023841858,0.8100000023841858,0.8100000023841858,0.8100000023841858,500.0
2026-04-13 10:45:00,ZOMD.V,,0.8799999952316284,0.8849999904632568,0.8799999952316284,0.8799999952316284,8768.0
2026-04-13 10:46:00,TUD.V,,0.9900000095367432,0.9900000095367432,0.9900000095367432,0.9900000095367432,2000.0
2026-04-13 10:46:00,UCU.V,,5.760000228881836,5.760000228881836,5.760000228881836,5.760000228881836,7500.0
2026-04-13 10:47:00,RARE.V,,5.800000190734863,5.800000190734863,5.800000190734863,5.800000190734863,500.0
2026-04-13 10:47:00,THX.V,,1.5,1.5,1.5,1.5,100.0
2026-04-13 10:47:00,TLT.V,,0.3149999976158142,0.3149999976158142,0.3149999976158142,0.3149999976158142,500.0
2026-04-13 10:47:00,TOI.V,,94.05999755859375,94.05999755859375,94.05999755859375,94.05999755859375,225.0
2026-04-13 10:47:00,UCU.V,,5.760000228881836,5.760000228881836,5.760000228881836,5.760000228881836,500.0
2026-04-13 10:48:00,RARE.V,,5.800000190734863,5.800000190734863,5.800000190734863,5.800000190734863,500.0
2026-04-13 10:48:00,TAJ.V,,0.2750000059604645,0.2750000059604645,0.2750000059604645,0.2750000059604645,9500.0
2026-04-13 10:48:00,TBK.V,,0.4050000011920929,0.4050000011920929,0.4050000011920929,0.4050000011920929,4000.0
2026-04-13 10:48:00,UCU.V,,5.760000228881836,5.760000228881836,5.760000228881836,5.760000228881836,200.0
2026-04-13 10:48:00,VRB.V,,0.10000000149011612,0.10000000149011612,0.10000000149011612,0.10000000149011612,5000.0
2026-04-13 10:48:00,WGO.V,,1.659999966621399,1.659999966621399,1.659999966621399,1.659999966621399,200.0
2026-04-13 10:48:00,WRLG.V,,1.0,1.0,1.0,1.0,13000.0
2026-04-13 10:49:00,TLT.V,,0.3149999976158142,0.3149999976158142,0.3149999976158142,0.3149999976158142,1000.0
2026-04-13 10:49:00,TUD.V,,0.9900000095367432,0.9900000095367432,0.9900000095367432,0.9900000095367432,1500.0
2026-04-13 10:49:00,UCU.V,,5.75,5.75,5.75,5.75,600.0
2026-04-13 10:49:00,WGO.V,,1.659999966621399,1.659999966621399,1.659999966621399,1.659999966621399,100.0
2026-04-13 10:49:00,WRLG.V,,0.9900000095367432,1.0,0.9900000095367432,1.0,96000.0
2026-04-13 10:50:00,AUMB.V,,0.9900000095367432,0.9900000095367432,0.9900000095367432,0.9900000095367432,500.0
2026-04-13 10:50:00,NILI.V,,0.6399999856948853,0.6399999856948853,0.6399999856948853,0.6399999856948853,9500.0
2026-04-13 10:50:00,SURG.V,,0.6000000238418579,0.6000000238418579,0.6000000238418579,0.6000000238418579,27000.0
2026-04-13 10:50:00,TDG.V,,0.5699999928474426,0.5699999928474426,0.5699999928474426,0.5699999928474426,7000.0
2026-04-13 10:50:00,TWO.V,,0.4950000047683716,0.4950000047683716,0.4950000047683716,0.4950000047683716,500.0
2026-04-13 10:50:00,ZDC.V,,5.570000171661377,5.570000171661377,5.570000171661377,5.570000171661377,200.0
2026-04-13 10:51:00,THX.V,,1.5,1.5,1.4950000047683716,1.4950000047683716,4800.0
2026-04-13 10:51:00,UCU.V,,5.760000228881836,5.760000228881836,5.760000228881836,5.760000228881836,600.0
2026-04-13 10:51:00,VCU.V,,1.2999999523162842,1.2999999523162842,1.2999999523162842,1.2999999523162842,300.0
2026-04-13 10:51:00,WGO.V,,1.659999966621399,1.659999966621399,1.659999966621399,1.659999966621399,100.0
2026-04-13 10:52:00,SURG.V,,0.5899999737739563,0.5899999737739563,0.5899999737739563,0.5899999737739563,8500.0
2026-04-13 10:52:00,TECT.V,,2.559999942779541,2.559999942779541,2.559999942779541,2.559999942779541,600.0
2026-04-13 10:52:00,TPL.V,,1.590000033378601,1.590000033378601,1.590000033378601,1.590000033378601,100.0
2026-04-13 10:52:00,UCU.V,,5.760000228881836,5.760000228881836,5.760000228881836,5.760000228881836,400.0
2026-04-13 10:52:00,WEX.V,,0.699999988079071,0.699999988079071,0.699999988079071,0.699999988079071,8000.0
2026-04-13 10:52:00,ZCC-H.V,,0.2199999988079071,0.23499999940395355,0.2199999988079071,0.23499999940395355,0.0
2026-04-13 10:53:00,AUMB.V,,0.9800000190734863,0.9800000190734863,0.9800000190734863,0.9800000190734863,6000.0
2026-04-13 10:53:00,UCU.V,,5.75,5.75,5.75,5.75,3700.0
2026-04-13 10:53:00,WAM.V,,0.8199999928474426,0.8199999928474426,0.8100000023841858,0.8100000023841858,1500.0
2026-04-13 10:54:00,AUMB.V,,0.9800000190734863,0.9800000190734863,0.9800000190734863,0.9800000190734863,5500.0
2026-04-13 10:54:00,VCU.V,,1.2999999523162842,1.2999999523162842,1.2999999523162842,1.2999999523162842,100.0
2026-04-13 10:54:00,WGO.V,,1.659999966621399,1.659999966621399,1.659999966621399,1.659999966621399,100.0
2026-04-13 10:55:00,NILI.V,,0.6399999856948853,0.6399999856948853,0.6349999904632568,0.6399999856948853,4937.0
2026-04-13 10:55:00,TECT.V,,2.5799999237060547,2.5799999237060547,2.5799999237060547,2.5799999237060547,629.0
2026-04-13 10:55:00,THX.V,,1.5,1.5,1.5,1.5,100.0
2026-04-13 10:55:00,TUD.V,,0.9800000190734863,0.9800000190734863,0.9800000190734863,0.9800000190734863,5000.0
2026-04-13 10:55:00,VCU.V,,1.2999999523162842,1.2999999523162842,1.2999999523162842,1.2999999523162842,200.0
2026-04-13 10:55:00,VIO.V,,0.13500000536441803,0.13500000536441803,0.13500000536441803,0.13500000536441803,500.0
2026-04-13 10:55:00,WGO.V,,1.659999966621399,1.659999966621399,1.659999966621399,1.659999966621399,500.0
2026-04-13 10:55:00,WRLG.V,,0.9900000095367432,0.9900000095367432,0.9900000095367432,0.9900000095367432,500.0
2026-04-13 10:55:00,ZDC.V,,5.559999942779541,5.559999942779541,5.559999942779541,5.559999942779541,1635.0
2026-04-13 10:55:00,ZOMD.V,,0.8799999952316284,0.8799999952316284,0.8799999952316284,0.8799999952316284,1000.0
2026-04-13 10:56:00,TIG.V,,0.5199999809265137,0.5199999809265137,0.5199999809265137,0.5199999809265137,1000.0
2026-04-13 10:56:00,TUD.V,,0.9800000190734863,0.9800000190734863,0.9800000190734863,0.9800000190734863,4500.0
2026-04-13 10:56:00,UCU.V,,5.769999980926514,5.769999980926514,5.769999980926514,5.769999980926514,100.0
2026-04-13 10:56:00,WML.V,,0.09000000357627869,0.09000000357627869,0.09000000357627869,0.09000000357627869,27000.0
2026-04-13 10:56:00,WRLG.V,,0.9900000095367432,0.9900000095367432,0.9900000095367432,0.9900000095367432,500.0
2026-04-13 10:56:00,XTM.V,,0.07000000029802322,0.07000000029802322,0.07000000029802322,0.07000000029802322,10000.0
2026-04-13 10:56:00,ZZE-H.V,,0.27000001072883606,0.27000001072883606,0.27000001072883606,0.27000001072883606,0.0
2026-04-13 10:57:00,UCU.V,,5.769999980926514,5.769999980926514,5.769999980926514,5.769999980926514,300.0
2026-04-13 10:58:00,THX.V,,1.5,1.5,1.5,1.5,100.0
2026-04-13 10:58:00,TUD.V,,0.9800000190734863,0.9800000190734863,0.9800000190734863,0.9800000190734863,4100.0
2026-04-13 10:58:00,VIO.V,,0.13500000536441803,0.14000000059604645,0.13500000536441803,0.14000000059604645,5500.0
2026-04-13 10:58:00,WGO.V,,1.659999966621399,1.659999966621399,1.659999966621399,1.659999966621399,1400.0
2026-04-13 10:58:00,ZZE-H.V,,0.2800000011920929,0.2800000011920929,0.2800000011920929,0.2800000011920929,4000.0
2026-04-13 10:59:00,AUMB.V,,0.9800000190734863,0.9800000190734863,0.9800000190734863,0.9800000190734863,2500.0
2026-04-13 10:59:00,TOI.V,,94.44000244140625,95.0,94.44000244140625,94.73999786376953,545.0
2026-04-13 10:59:00,TUD.V,,0.9800000190734863,0.9800000190734863,0.9800000190734863,0.9800000190734863,1000.0
2026-04-13 10:59:00,UCU.V,,5.760000228881836,5.760000228881836,5.760000228881836,5.760000228881836,100.0
2026-04-13 10:59:00,VIO.V,,0.13500000536441803,0.13500000536441803,0.13500000536441803,0.13500000536441803,500.0
2026-04-13 11:00:00,TECT.V,,2.5799999237060547,2.5799999237060547,2.5799999237060547,2.5799999237060547,1500.0
2026-04-13 11:00:00,THX.V,,1.5,1.5,1.5,1.5,300.0
2026-04-13 11:00:00,TM.V,,0.41499999165534973,0.41499999165534973,0.41499999165534973,0.41499999165534973,0.0
2026-04-13 11:00:00,UCU.V,,5.739999771118164,5.75,5.739999771118164,5.75,1200.0
2026-04-13 11:00:00,WCU.V,,0.014999999664723873,0.014999999664723873,0.014999999664723873,0.014999999664723873,33333.0
2026-04-13 11:01:00,ZDC.V,,5.599999904632568,5.599999904632568,5.599999904632568,5.599999904632568,700.0
2026-04-13 11:02:00,NILI.V,,0.6399999856948853,0.6399999856948853,0.6399999856948853,0.6399999856948853,500.0
2026-04-13 11:02:00,TUD.V,,0.9800000190734863,0.9800000190734863,0.9800000190734863,0.9800000190734863,1900.0
2026-04-13 11:03:00,AUMB.V,,0.9800000190734863,0.9800000190734863,0.9800000190734863,0.9800000190734863,1500.0
2026-04-13 11:03:00,TAJ.V,,0.2750000059604645,0.2750000059604645,0.2750000059604645,0.2750000059604645,1000.0
2026-04-13 11:04:00,AUMB.V,,0.9800000190734863,0.9800000190734863,0.9800000190734863,0.9800000190734863,2000.0
2026-04-13 11:04:00,NILI.V,,0.6399999856948853,0.6399999856948853,0.6399999856948853,0.6399999856948853,10383.0
2026-04-13 11:04:00,THX.V,,1.4900000095367432,1.4900000095367432,1.4900000095367432,1.4900000095367432,3200.0
2026-04-13 11:04:00,UCU.V,,5.730000019073486,5.730000019073486,5.730000019073486,5.730000019073486,1005.0
2026-04-13 11:05:00,ONE.V,,0.41999998688697815,0.41999998688697815,0.41999998688697815,0.41999998688697815,10500.0
2026-04-13 11:05:00,RARE.V,,5.800000190734863,5.800000190734863,5.800000190734863,5.800000190734863,200.0
2026-04-13 11:05:00,TECT.V,,2.559999942779541,2.559999942779541,2.559999942779541,2.559999942779541,400.0
2026-04-13 11:05:00,TSG.V,,0.24500000476837158,0.24500000476837158,0.24500000476837158,0.24500000476837158,4880.0
2026-04-13 11:05:00,TUO.V,,1.75,1.75,1.75,1.75,100.0
2026-04-13 11:05:00,WGO.V,,1.649999976158142,1.649999976158142,1.649999976158142,1.649999976158142,23900.0
2026-04-13 11:06:00,WGO.V,,1.649999976158142,1.649999976158142,1.6399999856948853,1.6399999856948853,4700.0
2026-04-13 11:07:00,TLT.V,,0.3149999976158142,0.3149999976158142,0.3149999976158142,0.3149999976158142,1674.0
2026-04-13 11:07:00,TM.V,,0.41499999165534973,0.41999998688697815,0.41499999165534973,0.41999998688697815,6500.0
2026-04-13 11:07:00,WRLG.V,,0.9950000047683716,0.9950000047683716,0.9950000047683716,0.9950000047683716,500.0
2026-04-13 11:08:00,TECT.V,,2.5299999713897705,2.559999942779541,2.5299999713897705,2.559999942779541,3200.0
2026-04-13 11:08:00,WAM.V,,0.8199999928474426,0.8199999928474426,0.8199999928474426,0.8199999928474426,4500.0
2026-04-13 11:08:00,WGO.V,,1.649999976158142,1.649999976158142,1.649999976158142,1.649999976158142,26800.0
2026-04-13 11:09:00,TLT.V,,0.3050000071525574,0.3050000071525574,0.3050000071525574,0.3050000071525574,500.0
2026-04-13 11:09:00,TMG.V,,0.1550000011920929,0.1550000011920929,0.1550000011920929,0.1550000011920929,43000.0
2026-04-13 11:09:00,TUK.V,,0.02500000037252903,0.02500000037252903,0.02500000037252903,0.02500000037252903,70000.0
2026-04-13 11:09:00,VM.V,,0.11999999731779099,0.11999999731779099,0.11999999731779099,0.11999999731779099,1500.0
2026-04-13 11:09:00,VML.V,,0.5299999713897705,0.5400000214576721,0.5299999713897705,0.5400000214576721,4000.0
2026-04-13 11:09:00,ZOMD.V,,0.8799999952316284,0.8799999952316284,0.8799999952316284,0.8799999952316284,500.0
2026-04-13 11:10:00,TUK.V,,0.02500000037252903,0.02500000037252903,0.02500000037252903,0.02500000037252903,30000.0
2026-04-13 11:10:00,UCU.V,,5.71999979019165,5.739999771118164,5.71999979019165,5.739999771118164,500.0
2026-04-13 11:10:00,WGO.V,,1.659999966621399,1.659999966621399,1.659999966621399,1.659999966621399,4300.0
2026-04-13 11:11:00,UCU.V,,5.710000038146973,5.710000038146973,5.699999809265137,5.699999809265137,7488.0
2026-04-13 11:11:00,VCU.V,,1.2899999618530273,1.2899999618530273,1.2799999713897705,1.2899999618530273,1855.0
2026-04-13 11:11:00,WRLG.V,,0.9900000095367432,0.9900000095367432,0.9900000095367432,0.9900000095367432,13000.0
2026-04-13 11:12:00,RARE.V,,5.800000190734863,5.800000190734863,5.800000190734863,5.800000190734863,200.0
2026-04-13 11:12:00,TAJ.V,,0.2750000059604645,0.2750000059604645,0.2750000059604645,0.2750000059604645,5150.0
2026-04-13 11:12:00,TOI.V,,94.01000213623047,94.01000213623047,94.01000213623047,94.01000213623047,100.0
2026-04-13 11:12:00,TUD.V,,0.9900000095367432,0.9900000095367432,0.9800000190734863,0.9800000190734863,8600.0
2026-04-13 11:12:00,UCU.V,,5.71999979019165,5.71999979019165,5.71999979019165,5.71999979019165,5400.0
2026-04-13 11:13:00,AUMB.V,,0.9800000190734863,0.9800000190734863,0.9800000190734863,0.9800000190734863,1500.0
2026-04-13 11:13:00,NILI.V,,0.6499999761581421,0.6499999761581421,0.6499999761581421,0.6499999761581421,13000.0
2026-04-13 11:13:00,UCU.V,,5.699999809265137,5.71999979019165,5.699999809265137,5.710000038146973,3000.0
2026-04-13 11:13:00,VRB.V,,0.10000000149011612,0.10000000149011612,0.10000000149011612,0.10000000149011612,4100.0
2026-04-13 11:14:00,AUMB.V,,0.9800000190734863,0.9800000190734863,0.9800000190734863,0.9800000190734863,500.0
2026-04-13 11:14:00,SURG.V,,0.5899999737739563,0.5899999737739563,0.5899999737739563,0.5899999737739563,12500.0
2026-04-13 11:14:00,THX.V,,1.4900000095367432,1.4900000095367432,1.4900000095367432,1.4900000095367432,700.0
2026-04-13 11:14:00,TMG.V,,0.1599999964237213,0.1599999964237213,0.1599999964237213,0.1599999964237213,10000.0
2026-04-13 11:14:00,VCU.V,,1.2799999713897705,1.2799999713897705,1.2799999713897705,1.2799999713897705,300.0
2026-04-13 11:14:00,VML.V,,0.5199999809265137,0.5199999809265137,0.5199999809265137,0.5199999809265137,5000.0
2026-04-13 11:14:00,WGO.V,,1.659999966621399,1.659999966621399,1.659999966621399,1.659999966621399,8600.0
2026-04-13 11:14:00,YOO.V,,0.02500000037252903,0.02500000037252903,0.02500000037252903,0.02500000037252903,0.0
2026-04-13 11:15:00,AUMB.V,,0.9800000190734863,0.9800000190734863,0.9800000190734863,0.9800000190734863,500.0
2026-04-13 11:15:00,NILI.V,,0.6499999761581421,0.6499999761581421,0.6499999761581421,0.6499999761581421,500.0
2026-04-13 11:15:00,THX.V,,1.5,1.5,1.5,1.5,100.0
2026-04-13 11:15:00,TUD.V,,0.9900000095367432,0.9900000095367432,0.9900000095367432,0.9900000095367432,500.0
2026-04-13 11:15:00,VML.V,,0.5099999904632568,0.5099999904632568,0.5099999904632568,0.5099999904632568,13000.0
2026-04-13 11:15:00,YNV.V,,0.10000000149011612,0.10000000149011612,0.10000000149011612,0.10000000149011612,25353.0
2026-04-13 11:15:00,ZON.V,,0.10999999940395355,0.10999999940395355,0.10999999940395355,0.10999999940395355,18000.0
2026-04-13 11:16:00,NILI.V,,0.6499999761581421,0.6499999761581421,0.6499999761581421,0.6499999761581421,500.0
2026-04-13 11:16:00,TLT.V,,0.3149999976158142,0.3149999976158142,0.3149999976158142,0.3149999976158142,7500.0
2026-04-13 11:16:00,TTS.V,,0.5199999809265137,0.5199999809265137,0.5199999809265137,0.5199999809265137,8500.0
2026-04-13 11:16:00,TUD.V,,0.9900000095367432,0.9900000095367432,0.9900000095367432,0.9900000095367432,1000.0
2026-04-13 11:16:00,UGD.V,,0.4099999964237213,0.4099999964237213,0.4050000011920929,0.4050000011920929,6000.0
2026-04-13 11:16:00,WGO.V,,1.649999976158142,1.649999976158142,1.649999976158142,1.649999976158142,650000.0
2026-04-13 11:16:00,WINS.V,,0.13500000536441803,0.13500000536441803,0.13500000536441803,0.13500000536441803,2000.0
2026-04-13 11:16:00,YNV.V,,0.10000000149011612,0.10000000149011612,0.10000000149011612,0.10000000149011612,69000.0
2026-04-13 11:17:00,NILI.V,,0.6499999761581421,0.6499999761581421,0.6499999761581421,0.6499999761581421,1000.0
2026-04-13 11:17:00,TTS.V,,0.5199999809265137,0.5199999809265137,0.5199999809265137,0.5199999809265137,1500.0
2026-04-13 11:17:00,TUD.V,,0.9900000095367432,0.9900000095367432,0.9900000095367432,0.9900000095367432,1000.0
2026-04-13 11:17:00,UCU.V,,5.699999809265137,5.699999809265137,5.699999809265137,5.699999809265137,283.0
2026-04-13 11:17:00,ZDC.V,,5.619999885559082,5.619999885559082,5.619999885559082,5.619999885559082,800.0
2026-04-13 11:18:00,NILI.V,,0.6499999761581421,0.6499999761581421,0.6499999761581421,0.6499999761581421,500.0
2026-04-13 11:18:00,TDG.V,,0.5699999928474426,0.5699999928474426,0.5699999928474426,0.5699999928474426,5000.0
2026-04-13 11:18:00,TTS.V,,0.5199999809265137,0.5199999809265137,0.5199999809265137,0.5199999809265137,4500.0
2026-04-13 11:18:00,TUK.V,,0.02500000037252903,0.02500000037252903,0.02500000037252903,0.02500000037252903,44000.0
2026-04-13 11:18:00,UCU.V,,5.710000038146973,5.710000038146973,5.710000038146973,5.710000038146973,100.0
2026-04-13 11:19:00,NILI.V,,0.6499999761581421,0.6499999761581421,0.6499999761581421,0.6499999761581421,500.0
2026-04-13 11:19:00,THX.V,,1.4950000047683716,1.4950000047683716,1.4950000047683716,1.4950000047683716,100.0
2026-04-13 11:19:00,TLT.V,,0.3149999976158142,0.3149999976158142,0.3149999976158142,0.3149999976158142,5000.0
2026-04-13 11:19:00,TUD.V,,0.9900000095367432,0.9900000095367432,0.9900000095367432,0.9900000095367432,15400.0
2026-04-13 11:19:00,WRLG.V,,0.9900000095367432,0.9900000095367432,0.9850000143051147,0.9900000095367432,337077.0
2026-04-13 11:20:00,SURG.V,,0.6000000238418579,0.6000000238418579,0.6000000238418579,0.6000000238418579,500.0
2026-04-13 11:20:00,UCU.V,,5.710000038146973,5.710000038146973,5.710000038146973,5.710000038146973,100.0
2026-04-13 11:20:00,WRR.V,,0.30000001192092896,0.3050000071525574,0.30000001192092896,0.3050000071525574,10500.0
2026-04-13 11:20:00,ZON.V,,0.10499999672174454,0.10499999672174454,0.10499999672174454,0.10499999672174454,7000.0
2026-04-13 11:21:00,AUMB.V,,0.9700000286102295,0.9700000286102295,0.9700000286102295,0.9700000286102295,500.0
2026-04-13 11:21:00,RARE.V,,5.849999904632568,5.849999904632568,5.849999904632568,5.849999904632568,500.0
2026-04-13 11:21:00,UCU.V,,5.710000038146973,5.710000038146973,5.710000038146973,5.710000038146973,100.0
2026-04-13 11:21:00,VCU.V,,1.2899999618530273,1.2899999618530273,1.2899999618530273,1.2899999618530273,1500.0
2026-04-13 11:21:00,VLI.V,,0.014999999664723873,0.014999999664723873,0.014999999664723873,0.014999999664723873,1000.0
2026-04-13 11:21:00,WRLG.V,,0.9900000095367432,0.9900000095367432,0.9900000095367432,0.9900000095367432,81000.0
2026-04-13 11:21:00,ZON.V,,0.10499999672174454,0.10499999672174454,0.10499999672174454,0.10499999672174454,13000.0
2026-04-13 11:22:00,NILI.V,,0.6449999809265137,0.6449999809265137,0.6449999809265137,0.6449999809265137,500.0
2026-04-13 11:22:00,UCU.V,,5.690000057220459,5.690000057220459,5.690000057220459,5.690000057220459,640.0
2026-04-13 11:24:00,TLT.V,,0.3100000023841858,0.3100000023841858,0.3100000023841858,0.3100000023841858,8500.0
2026-04-13 11:24:00,WRLG.V,,0.9800000190734863,0.9800000190734863,0.9800000190734863,0.9800000190734863,121615.0
2026-04-13 11:24:00,YEG.V,,0.17000000178813934,0.17000000178813934,0.17000000178813934,0.17000000178813934,1500.0
2026-04-13 11:24:00,ZYUS.V,,0.5,0.5,0.5,0.5,0.0
2026-04-13 11:25:00,THX.V,,1.4950000047683716,1.4950000047683716,1.4950000047683716,1.4950000047683716,100.0
2026-04-13 11:25:00,WGO.V,,1.649999976158142,1.649999976158142,1.649999976158142,1.649999976158142,100.0
2026-04-13 11:26:00,THX.V,,1.4900000095367432,1.4900000095367432,1.4900000095367432,1.4900000095367432,16250.0
2026-04-13 11:26:00,WGO.V,,1.649999976158142,1.649999976158142,1.649999976158142,1.649999976158142,100.0
2026-04-13 11:26:00,WVM.V,,1.7999999523162842,1.809999942779541,1.7999999523162842,1.809999942779541,4400.0
2026-04-13 11:27:00,NILI.V,,0.6499999761581421,0.6499999761581421,0.6499999761581421,0.6499999761581421,500.0
2026-04-13 11:27:00,TAJ.V,,0.25999999046325684,0.25999999046325684,0.25999999046325684,0.25999999046325684,500.0
2026-04-13 11:27:00,TIG.V,,0.5199999809265137,0.5199999809265137,0.5099999904632568,0.5199999809265137,6500.0
2026-04-13 11:27:00,TOI.V,,94.0,94.01000213623047,94.0,94.01000213623047,285.0
2026-04-13 11:27:00,WAM.V,,0.8199999928474426,0.8199999928474426,0.8199999928474426,0.8199999928474426,2000.0
2026-04-13 11:27:00,WGO.V,,1.649999976158142,1.649999976158142,1.649999976158142,1.649999976158142,100.0
2026-04-13 11:27:00,WRLG.V,,0.9700000286102295,0.9700000286102295,0.9700000286102295,0.9700000286102295,10200.0
2026-04-13 11:28:00,TGOL.V,,0.13500000536441803,0.13500000536441803,0.13500000536441803,0.13500000536441803,60500.0
2026-04-13 11:28:00,WRLG.V,,0.9700000286102295,0.9700000286102295,0.9700000286102295,0.9700000286102295,19617.0
2026-04-13 11:29:00,UCU.V,,5.699999809265137,5.699999809265137,5.679999828338623,5.679999828338623,400.0
2026-04-13 11:29:00,WGO.V,,1.649999976158142,1.649999976158142,1.649999976158142,1.649999976158142,100.0
2026-04-13 11:30:00,TAJ.V,,0.25999999046325684,0.25999999046325684,0.25999999046325684,0.25999999046325684,500.0
2026-04-13 11:30:00,TAO.V,,0.08500000089406967,0.08500000089406967,0.08500000089406967,0.08500000089406967,10000.0
2026-04-13 11:30:00,WGO.V,,1.649999976158142,1.649999976158142,1.649999976158142,1.649999976158142,100.0
2026-04-13 11:30:00,WHY.V,,0.3449999988079071,0.3449999988079071,0.3449999988079071,0.3449999988079071,2510.0
2026-04-13 11:31:00,TLT.V,,0.3100000023841858,0.3100000023841858,0.3100000023841858,0.3100000023841858,11500.0
2026-04-13 11:31:00,TOI.V,,94.4749984741211,94.4749984741211,94.0,94.0,3347.0
2026-04-13 11:32:00,NILI.V,,0.6499999761581421,0.6499999761581421,0.6499999761581421,0.6499999761581421,500.0
2026-04-13 11:32:00,TAJ.V,,0.25999999046325684,0.25999999046325684,0.25999999046325684,0.25999999046325684,500.0
2026-04-13 11:32:00,VCU.V,,1.2999999523162842,1.2999999523162842,1.2999999523162842,1.2999999523162842,8800.0
2026-04-13 11:32:00,WGO.V,,1.649999976158142,1.649999976158142,1.649999976158142,1.649999976158142,100.0
2026-04-13 11:32:00,WRLG.V,,0.9700000286102295,0.9700000286102295,0.9700000286102295,0.9700000286102295,1000.0
2026-04-13 11:33:00,WEX.V,,0.6899999976158142,0.6899999976158142,0.6899999976158142,0.6899999976158142,2600.0
2026-04-13 11:34:00,UCU.V,,5.690000057220459,5.710000038146973,5.690000057220459,5.710000038146973,630.0
2026-04-13 11:34:00,WGO.V,,1.6549999713897705,1.6549999713897705,1.6549999713897705,1.6549999713897705,100.0
2026-04-13 11:35:00,AUMB.V,,0.9700000286102295,0.9700000286102295,0.9700000286102295,0.9700000286102295,1000.0
2026-04-13 11:35:00,TAJ.V,,0.25999999046325684,0.25999999046325684,0.25999999046325684,0.25999999046325684,24500.0
2026-04-13 11:35:00,THX.V,,1.4950000047683716,1.4950000047683716,1.4950000047683716,1.4950000047683716,100.0
2026-04-13 11:35:00,VG.V,,0.0949999988079071,0.0949999988079071,0.0949999988079071,0.0949999988079071,4000.0
2026-04-13 11:36:00,TAJ.V,,0.25,0.25,0.25,0.25,35000.0
2026-04-13 11:36:00,TUK.V,,0.02500000037252903,0.02500000037252903,0.02500000037252903,0.02500000037252903,20000.0
2026-04-13 11:36:00,VML.V,,0.5099999904632568,0.5099999904632568,0.5099999904632568,0.5099999904632568,2000.0
2026-04-13 11:37:00,WAM.V,,0.8149999976158142,0.8149999976158142,0.8149999976158142,0.8149999976158142,500.0
2026-04-13 11:37:00,WGO.V,,1.649999976158142,1.6549999713897705,1.649999976158142,1.6549999713897705,48900.0
2026-04-13 11:37:00,WRLG.V,,0.9700000286102295,0.9700000286102295,0.9700000286102295,0.9700000286102295,500.0
2026-04-13 11:38:00,TLT.V,,0.3149999976158142,0.3149999976158142,0.3149999976158142,0.3149999976158142,15500.0
2026-04-13 11:38:00,TMG.V,,0.1599999964237213,0.1599999964237213,0.1599999964237213,0.1599999964237213,1000.0
2026-04-13 11:38:00,TUD.V,,0.9900000095367432,0.9900000095367432,0.9900000095367432,0.9900000095367432,1000.0
2026-04-13 11:38:00,WGO.V,,1.6549999713897705,1.6549999713897705,1.6549999713897705,1.6549999713897705,100.0
2026-04-13 11:39:00,UCU.V,,5.670000076293945,5.670000076293945,5.670000076293945,5.670000076293945,3300.0
2026-04-13 11:39:00,WGO.V,,1.659999966621399,1.659999966621399,1.659999966621399,1.659999966621399,6700.0
2026-04-13 11:40:00,TECT.V,,2.5299999713897705,2.5299999713897705,2.5299999713897705,2.5299999713897705,100.0
2026-04-13 11:40:00,WRLG.V,,0.9750000238418579,0.9750000238418579,0.9750000238418579,0.9750000238418579,610.0
2026-04-13 11:41:00,TECT.V,,2.5299999713897705,2.5299999713897705,2.5299999713897705,2.5299999713897705,200.0
2026-04-13 11:41:00,YTY.V,,0.03999999910593033,0.03999999910593033,0.03999999910593033,0.03999999910593033,1000.0
2026-04-13 11:41:00,ZDC.V,,5.630000114440918,5.630000114440918,5.630000114440918,5.630000114440918,400.0
2026-04-13 11:42:00,THX.V,,1.4900000095367432,1.4900000095367432,1.4900000095367432,1.4900000095367432,3225.0
2026-04-13 11:42:00,TUD.V,,0.9900000095367432,0.9900000095367432,0.9900000095367432,0.9900000095367432,1500.0
2026-04-13 11:43:00,AUMB.V,,0.9700000286102295,0.9700000286102295,0.9700000286102295,0.9700000286102295,500.0
2026-04-13 11:43:00,VERT.V,,0.029999999329447746,0.029999999329447746,0.029999999329447746,0.029999999329447746,0.0
2026-04-13 11:44:00,AUMB.V,,0.9700000286102295,0.9700000286102295,0.9700000286102295,0.9700000286102295,500.0
2026-04-13 11:44:00,TLT.V,,0.3100000023841858,0.3100000023841858,0.3100000023841858,0.3100000023841858,2000.0
2026-04-13 11:44:00,TOI.V,,94.62999725341797,94.62999725341797,94.45999908447266,94.45999908447266,800.0
2026-04-13 11:44:00,TUD.V,,0.9800000190734863,0.9800000190734863,0.9800000190734863,0.9800000190734863,12000.0
2026-04-13 11:44:00,WEB.V,,1.600000023841858,1.600000023841858,1.600000023841858,1.600000023841858,600.0
2026-04-13 11:45:00,UCU.V,,5.659999847412109,5.670000076293945,5.659999847412109,5.670000076293945,2600.0
2026-04-13 11:45:00,WRLG.V,,0.9800000190734863,0.9800000190734863,0.9800000190734863,0.9800000190734863,500.0
2026-04-13 11:46:00,UCU.V,,5.659999847412109,5.659999847412109,5.659999847412109,5.659999847412109,290.0
2026-04-13 11:46:00,VIO.V,,0.13500000536441803,0.13500000536441803,0.13500000536441803,0.13500000536441803,8000.0
2026-04-13 11:46:00,WRLG.V,,0.9800000190734863,0.9800000190734863,0.9800000190734863,0.9800000190734863,1500.0
2026-04-13 11:46:00,XGC.V,,0.2800000011920929,0.2800000011920929,0.2800000011920929,0.2800000011920929,11625.0
2026-04-13 11:47:00,THX.V,,1.4900000095367432,1.4900000095367432,1.4850000143051147,1.4850000143051147,1800.0
2026-04-13 11:47:00,WCE.V,,0.14000000059604645,0.14000000059604645,0.14000000059604645,0.14000000059604645,0.0
2026-04-13 11:48:00,TUD.V,,0.9800000190734863,0.9800000190734863,0.9800000190734863,0.9800000190734863,5000.0
2026-04-13 11:48:00,VIO.V,,0.13500000536441803,0.13500000536441803,0.13500000536441803,0.13500000536441803,500.0
2026-04-13 11:48:00,WRLG.V,,0.9750000238418579,0.9750000238418579,0.9750000238418579,0.9750000238418579,2000.0
2026-04-13 11:49:00,TUD.V,,0.9800000190734863,0.9800000190734863,0.9800000190734863,0.9800000190734863,1400.0
2026-04-13 11:49:00,ZON.V,,0.10000000149011612,0.10000000149011612,0.10000000149011612,0.10000000149011612,1000.0
2026-04-13 11:50:00,THX.V,,1.4900000095367432,1.4900000095367432,1.4900000095367432,1.4900000095367432,400.0
2026-04-13 11:50:00,WGO.V,,1.659999966621399,1.659999966621399,1.659999966621399,1.659999966621399,100.0
2026-04-13 11:50:00,ZON.V,,0.10000000149011612,0.10000000149011612,0.10000000149011612,0.10000000149011612,18500.0
2026-04-13 11:51:00,TAO.V,,0.08500000089406967,0.08500000089406967,0.08500000089406967,0.08500000089406967,12000.0
2026-04-13 11:51:00,VCU.V,,1.2899999618530273,1.2899999618530273,1.2899999618530273,1.2899999618530273,2000.0
2026-04-13 11:51:00,WRLG.V,,0.9800000190734863,0.9800000190734863,0.9750000238418579,0.9750000238418579,71000.0
2026-04-13 11:52:00,TDG.V,,0.5699999928474426,0.5699999928474426,0.5699999928474426,0.5699999928474426,108500.0
2026-04-13 11:52:00,WEB.V,,1.5800000429153442,1.5800000429153442,1.5800000429153442,1.5800000429153442,5500.0
2026-04-13 11:52:00,WRLG.V,,0.9800000190734863,0.9800000190734863,0.9800000190734863,0.9800000190734863,19500.0
2026-04-13 11:53:00,TECT.V,,2.5299999713897705,2.5399999618530273,2.5250000953674316,2.5299999713897705,8800.0
2026-04-13 11:53:00,TIG.V,,0.5099999904632568,0.5099999904632568,0.5099999904632568,0.5099999904632568,500.0
2026-04-13 11:53:00,UCU.V,,5.659999847412109,5.659999847412109,5.659999847412109,5.659999847412109,100.0
2026-04-13 11:53:00,WEB.V,,1.5800000429153442,1.5800000429153442,1.5800000429153442,1.5800000429153442,1000.0
2026-04-13 11:53:00,WML.V,,0.09000000357627869,0.09000000357627869,0.09000000357627869,0.09000000357627869,9000.0
2026-04-13 11:54:00,TIG.V,,0.5299999713897705,0.5299999713897705,0.5199999809265137,0.5199999809265137,3500.0
2026-04-13 11:54:00,TOI.V,,94.91999816894531,94.91999816894531,94.7699966430664,94.7699966430664,202.0
2026-04-13 11:54:00,WEB.V,,1.5800000429153442,1.5800000429153442,1.5800000429153442,1.5800000429153442,1000.0
2026-04-13 11:55:00,WGO.V,,1.6699999570846558,1.6699999570846558,1.6699999570846558,1.6699999570846558,2415.0
2026-04-13 11:55:00,WRLG.V,,0.9800000190734863,0.9800000190734863,0.9800000190734863,0.9800000190734863,13400.0
2026-04-13 11:56:00,UCU.V,,5.670000076293945,5.670000076293945,5.670000076293945,5.670000076293945,1400.0
2026-04-13 11:56:00,ZON.V,,0.10000000149011612,0.10000000149011612,0.10000000149011612,0.10000000149011612,4000.0
2026-04-13 11:57:00,THX.V,,1.4900000095367432,1.4900000095367432,1.4900000095367432,1.4900000095367432,100.0
2026-04-13 11:57:00,WRLG.V,,0.9800000190734863,0.9800000190734863,0.9800000190734863,0.9800000190734863,15500.0
2026-04-13 11:57:00,ZDC.V,,5.590000152587891,5.599999904632568,5.590000152587891,5.599999904632568,1400.0
2026-04-13 11:59:00,RARE.V,,5.900000095367432,5.900000095367432,5.900000095367432,5.900000095367432,500.0
2026-04-13 12:00:00,WEB.V,,1.5700000524520874,1.5700000524520874,1.5700000524520874,1.5700000524520874,1000.0
2026-04-13 12:00:00,WRLG.V,,0.9750000238418579,0.9750000238418579,0.9750000238418579,0.9750000238418579,500.0
2026-04-13 12:01:00,UCU.V,,5.690000057220459,5.690000057220459,5.690000057220459,5.690000057220459,100.0
2026-04-13 12:01:00,WGO.V,,1.6699999570846558,1.6699999570846558,1.6699999570846558,1.6699999570846558,800.0
2026-04-13 12:02:00,THX.V,,1.4900000095367432,1.4900000095367432,1.4900000095367432,1.4900000095367432,200.0
2026-04-13 12:02:00,TRBC.V,,0.18000000715255737,0.18000000715255737,0.18000000715255737,0.18000000715255737,6000.0
2026-04-13 12:02:00,WRR.V,,0.3050000071525574,0.3050000071525574,0.3050000071525574,0.3050000071525574,2500.0
2026-04-13 12:03:00,THX.V,,1.4900000095367432,1.4900000095367432,1.4900000095367432,1.4900000095367432,2100.0
2026-04-13 12:03:00,WGO.V,,1.659999966621399,1.6699999570846558,1.659999966621399,1.6699999570846558,11600.0
2026-04-13 12:04:00,SPZ.V,,0.054999999701976776,0.054999999701976776,0.054999999701976776,0.054999999701976776,8000.0
2026-04-13 12:04:00,THX.V,,1.4900000095367432,1.4900000095367432,1.4900000095367432,1.4900000095367432,400.0
2026-04-13 12:04:00,TSLV.V,,0.10999999940395355,0.10999999940395355,0.10999999940395355,0.10999999940395355,2500.0
2026-04-13 12:04:00,TTG.V,,0.13500000536441803,0.13500000536441803,0.13500000536441803,0.13500000536441803,1000.0
2026-04-13 12:04:00,TUD.V,,0.9800000190734863,0.9800000190734863,0.9800000190734863,0.9800000190734863,500.0
2026-04-13 12:04:00,UCU.V,,5.690000057220459,5.690000057220459,5.690000057220459,5.690000057220459,300.0
2026-04-13 12:04:00,WRLG.V,,0.9800000190734863,0.9800000190734863,0.9800000190734863,0.9800000190734863,1000.0
2026-04-13 12:05:00,TECT.V,,2.549999952316284,2.549999952316284,2.5299999713897705,2.5299999713897705,1100.0
2026-04-13 12:05:00,UCU.V,,5.690000057220459,5.690000057220459,5.690000057220459,5.690000057220459,100.0
2026-04-13 12:06:00,AUMB.V,,0.9800000190734863,0.9800000190734863,0.9800000190734863,0.9800000190734863,23000.0
2026-04-13 12:06:00,UCU.V,,5.690000057220459,5.690000057220459,5.690000057220459,5.690000057220459,100.0
2026-04-13 12:06:00,VPT.V,,0.10499999672174454,0.10499999672174454,0.10499999672174454,0.10499999672174454,5000.0
2026-04-13 12:06:00,WRLG.V,,0.9800000190734863,0.9800000190734863,0.9800000190734863,0.9800000190734863,1000.0
2026-04-13 12:06:00,ZEN.V,,0.7200000286102295,0.7200000286102295,0.7200000286102295,0.7200000286102295,4600.0
2026-04-13 12:07:00,UCU.V,,5.699999809265137,5.699999809265137,5.699999809265137,5.699999809265137,800.0
2026-04-13 12:07:00,ZDC.V,,5.599999904632568,5.599999904632568,5.599999904632568,5.599999904632568,1500.0
2026-04-13 12:08:00,TOI.V,,95.0,95.0,95.0,95.0,100.0
2026-04-13 12:08:00,TUD.V,,0.9900000095367432,0.9900000095367432,0.9900000095367432,0.9900000095367432,12000.0
2026-04-13 12:09:00,AUMB.V,,0.9800000190734863,0.9800000190734863,0.9800000190734863,0.9800000190734863,2000.0
2026-04-13 12:09:00,THX.V,,1.4900000095367432,1.4900000095367432,1.4900000095367432,1.4900000095367432,3900.0
2026-04-13 12:09:00,TUO.V,,1.75,1.75,1.7400000095367432,1.7400000095367432,400.0
2026-04-13 12:09:00,ZDC.V,,5.599999904632568,5.599999904632568,5.599999904632568,5.599999904632568,600.0
2026-04-13 12:10:00,AUMB.V,,0.9800000190734863,0.9800000190734863,0.9800000190734863,0.9800000190734863,3500.0
2026-04-13 12:10:00,UCU.V,,5.71999979019165,5.71999979019165,5.71999979019165,5.71999979019165,100.0
2026-04-13 12:10:00,ZEN.V,,0.7300000190734863,0.7300000190734863,0.7300000190734863,0.7300000190734863,500.0
2026-04-13 12:11:00,AUMB.V,,0.9800000190734863,0.9800000190734863,0.9800000190734863,0.9800000190734863,3500.0
2026-04-13 12:11:00,SURG.V,,0.6000000238418579,0.6000000238418579,0.6000000238418579,0.6000000238418579,53000.0
2026-04-13 12:11:00,WEB.V,,1.5700000524520874,1.5700000524520874,1.559999942779541,1.5700000524520874,5690.0
2026-04-13 12:11:00,WRLG.V,,0.9800000190734863,0.9800000190734863,0.9800000190734863,0.9800000190734863,1000.0
2026-04-13 12:12:00,THRM.V,,0.06499999761581421,0.06499999761581421,0.06499999761581421,0.06499999761581421,2000.0
2026-04-13 12:12:00,TOI.V,,94.98999786376953,94.98999786376953,94.93000030517578,94.93000030517578,600.0
2026-04-13 12:13:00,TIG.V,,0.5199999809265137,0.5299999713897705,0.5199999809265137,0.5299999713897705,2500.0
2026-04-13 12:13:00,TOI.V,,94.9800033569336,94.9800033569336,94.9800033569336,94.9800033569336,100.0
2026-04-13 12:13:00,WRLG.V,,0.9800000190734863,0.9800000190734863,0.9800000190734863,0.9800000190734863,500.0
2026-04-13 12:14:00,NILI.V,,0.6399999856948853,0.6399999856948853,0.6399999856948853,0.6399999856948853,500.0
2026-04-13 12:14:00,WRLG.V,,0.9800000190734863,0.9800000190734863,0.9800000190734863,0.9800000190734863,33200.0
2026-04-13 12:15:00,THRM.V,,0.06499999761581421,0.06499999761581421,0.06499999761581421,0.06499999761581421,8000.0
2026-04-13 12:15:00,WRLG.V,,0.9800000190734863,0.9800000190734863,0.9800000190734863,0.9800000190734863,3500.0
2026-04-13 12:15:00,XIM.V,,0.08500000089406967,0.08500000089406967,0.08500000089406967,0.08500000089406967,1000.0
2026-04-13 12:15:00,ZON.V,,0.10000000149011612,0.10000000149011612,0.10000000149011612,0.10000000149011612,500.0
2026-04-13 12:16:00,ZYUS.V,,0.5,0.5,0.5,0.5,500.0
2026-04-13 12:18:00,AUMB.V,,0.9800000190734863,0.9800000190734863,0.9800000190734863,0.9800000190734863,6500.0
2026-04-13 12:18:00,TECT.V,,2.5399999618530273,2.5399999618530273,2.5350000858306885,2.5350000858306885,300.0
2026-04-13 12:18:00,TOI.V,,94.97000122070312,94.97000122070312,94.95999908447266,94.95999908447266,200.0
2026-04-13 12:18:00,TUD.V,,0.9900000095367432,0.9900000095367432,0.9900000095367432,0.9900000095367432,500.0
2026-04-13 12:18:00,VMS.V,,0.04500000178813934,0.04500000178813934,0.04500000178813934,0.04500000178813934,5000.0
2026-04-13 12:20:00,TMET.V,,0.10499999672174454,0.10499999672174454,0.10499999672174454,0.10499999672174454,15000.0
2026-04-13 12:20:00,TOI.V,,95.02999877929688,95.02999877929688,95.02999877929688,95.02999877929688,100.0
2026-04-13 12:20:00,TUD.V,,0.9900000095367432,0.9900000095367432,0.9900000095367432,0.9900000095367432,2000.0
2026-04-13 12:20:00,UCU.V,,5.650000095367432,5.690000057220459,5.650000095367432,5.690000057220459,3300.0
2026-04-13 12:21:00,TAO.V,,0.08500000089406967,0.08500000089406967,0.08500000089406967,0.08500000089406967,40000.0
2026-04-13 12:21:00,THX.V,,1.4900000095367432,1.4900000095367432,1.4900000095367432,1.4900000095367432,800.0
2026-04-13 12:21:00,TOI.V,,95.08000183105469,95.08000183105469,95.08000183105469,95.08000183105469,100.0
2026-04-13 12:21:00,UCU.V,,5.570000171661377,5.650000095367432,5.570000171661377,5.650000095367432,2594.0
2026-04-13 12:21:00,WHN.V,,0.27000001072883606,0.27000001072883606,0.27000001072883606,0.27000001072883606,13500.0
2026-04-13 12:22:00,THX.V,,1.4900000095367432,1.4900000095367432,1.4900000095367432,1.4900000095367432,800.0
2026-04-13 12:22:00,TOI.V,,95.0,95.0,95.0,95.0,100.0
2026-04-13 12:22:00,TWR.V,,0.16500000655651093,0.16500000655651093,0.16500000655651093,0.16500000655651093,50000.0
2026-04-13 12:22:00,UCU.V,,5.599999904632568,5.614999771118164,5.599999904632568,5.614999771118164,200.0
2026-04-13 12:22:00,UGD.V,,0.4099999964237213,0.4099999964237213,0.4099999964237213,0.4099999964237213,8500.0
2026-04-13 12:23:00,TUD.V,,0.9900000095367432,0.9900000095367432,0.9900000095367432,0.9900000095367432,2300.0
2026-04-13 12:23:00,UCU.V,,5.619999885559082,5.630000114440918,5.610000133514404,5.610000133514404,700.0
2026-04-13 12:23:00,WHY.V,,0.3449999988079071,0.3449999988079071,0.3449999988079071,0.3449999988079071,3000.0
2026-04-13 12:23:00,ZDC.V,,5.630000114440918,5.630000114440918,5.605000019073486,5.605000019073486,900.0
2026-04-13 12:24:00,TGOL.V,,0.13500000536441803,0.13500000536441803,0.13500000536441803,0.13500000536441803,33000.0
2026-04-13 12:24:00,TUD.V,,0.9900000095367432,0.9900000095367432,0.9900000095367432,0.9900000095367432,500.0
2026-04-13 12:24:00,UCU.V,,5.630000114440918,5.630000114440918,5.619999885559082,5.619999885559082,700.0
2026-04-13 12:24:00,VCU.V,,1.2799999713897705,1.2899999618530273,1.2799999713897705,1.2899999618530273,15500.0
2026-04-13 12:25:00,TGOL.V,,0.13500000536441803,0.13500000536441803,0.13500000536441803,0.13500000536441803,500.0
2026-04-13 12:25:00,THX.V,,1.5,1.5,1.4900000095367432,1.4900000095367432,418.0
2026-04-13 12:25:00,TLT.V,,0.3050000071525574,0.3050000071525574,0.3050000071525574,0.3050000071525574,16000.0
2026-04-13 12:25:00,WHY.V,,0.3449999988079071,0.3449999988079071,0.3449999988079071,0.3449999988079071,1000.0
2026-04-13 12:26:00,TAO.V,,0.08500000089406967,0.08500000089406967,0.08500000089406967,0.08500000089406967,10000.0
2026-04-13 12:26:00,THX.V,,1.5,1.5,1.5,1.5,100.0
2026-04-13 12:26:00,TOI.V,,95.19999694824219,95.19999694824219,95.19999694824219,95.19999694824219,160.0
2026-04-13 12:26:00,TUD.V,,0.9900000095367432,0.9900000095367432,0.9900000095367432,0.9900000095367432,5000.0
2026-04-13 12:26:00,WGO.V,,1.659999966621399,1.659999966621399,1.6549999713897705,1.6549999713897705,50200.0
2026-04-13 12:26:00,ZDC.V,,5.630000114440918,5.630000114440918,5.630000114440918,5.630000114440918,500.0
2026-04-13 12:26:00,ZEN.V,,0.7200000286102295,0.7200000286102295,0.7200000286102295,0.7200000286102295,1500.0
2026-04-13 12:27:00,TDG.V,,0.5799999833106995,0.5799999833106995,0.5799999833106995,0.5799999833106995,10500.0
2026-04-13 12:27:00,TECT.V,,2.549999952316284,2.549999952316284,2.549999952316284,2.549999952316284,1200.0
2026-04-13 12:27:00,THX.V,,1.5,1.5,1.5,1.5,100.0
2026-04-13 12:27:00,TUD.V,,0.9900000095367432,0.9900000095367432,0.9900000095367432,0.9900000095367432,2500.0
2026-04-13 12:27:00,UCU.V,,5.670000076293945,5.670000076293945,5.670000076293945,5.670000076293945,100.0
2026-04-13 12:27:00,WGO.V,,1.659999966621399,1.659999966621399,1.659999966621399,1.659999966621399,1800.0
2026-04-13 12:27:00,ZOMD.V,,0.8700000047683716,0.8700000047683716,0.8700000047683716,0.8700000047683716,500.0
2026-04-13 12:28:00,VCU.V,,1.2799999713897705,1.2799999713897705,1.2799999713897705,1.2799999713897705,2000.0
2026-04-13 12:29:00,AUMB.V,,0.9900000095367432,0.9900000095367432,0.9800000190734863,0.9800000190734863,35600.0
2026-04-13 12:29:00,NILI.V,,0.6600000262260437,0.6600000262260437,0.6499999761581421,0.6499999761581421,49500.0
2026-04-13 12:29:00,THX.V,,1.5,1.5,1.5,1.5,100.0
2026-04-13 12:29:00,WGO.V,,1.6699999570846558,1.6699999570846558,1.6699999570846558,1.6699999570846558,0.0
2026-04-13 12:29:00,ZDC.V,,5.650000095367432,5.650000095367432,5.650000095367432,5.650000095367432,2850.0
2026-04-13 12:30:00,NILI.V,,0.6600000262260437,0.6600000262260437,0.6600000262260437,0.6600000262260437,500.0
2026-04-13 12:30:00,TLT.V,,0.3100000023841858,0.3100000023841858,0.3100000023841858,0.3100000023841858,33500.0
2026-04-13 12:30:00,TMG.V,,0.1599999964237213,0.1599999964237213,0.1599999964237213,0.1599999964237213,1000.0
2026-04-13 12:30:00,WGO.V,,1.6699999570846558,1.6699999570846558,1.6699999570846558,1.6699999570846558,1101996.0
2026-04-13 12:31:00,THX.V,,1.4950000047683716,1.4950000047683716,1.4950000047683716,1.4950000047683716,700.0
2026-04-13 12:31:00,WHY.V,,0.3400000035762787,0.3449999988079071,0.3400000035762787,0.3449999988079071,4500.0
2026-04-13 12:31:00,WRLG.V,,0.9900000095367432,0.9900000095367432,0.9900000095367432,0.9900000095367432,8000.0
2026-04-13 12:32:00,NILI.V,,0.6600000262260437,0.6600000262260437,0.6600000262260437,0.6600000262260437,500.0
2026-04-13 12:32:00,TECT.V,,2.5399999618530273,2.5399999618530273,2.5399999618530273,2.5399999618530273,600.0
2026-04-13 12:32:00,THX.V,,1.5,1.5,1.5,1.5,100.0
2026-04-13 12:32:00,UCU.V,,5.739999771118164,5.739999771118164,5.710000038146973,5.710000038146973,3000.0
2026-04-13 12:32:00,WHY.V,,0.3400000035762787,0.3400000035762787,0.3400000035762787,0.3400000035762787,2000.0
2026-04-13 12:32:00,WRLG.V,,0.9900000095367432,0.9900000095367432,0.9900000095367432,0.9900000095367432,100500.0
2026-04-13 12:33:00,NILI.V,,0.6600000262260437,0.6600000262260437,0.6600000262260437,0.6600000262260437,2500.0
2026-04-13 12:33:00,TECT.V,,2.549999952316284,2.549999952316284,2.5299999713897705,2.5299999713897705,1800.0
2026-04-13 12:33:00,THX.V,,1.5,1.5,1.4950000047683716,1.4950000047683716,300.0
2026-04-13 12:33:00,TLT.V,,0.3149999976158142,0.3149999976158142,0.3149999976158142,0.3149999976158142,15500.0
2026-04-13 12:33:00,TUD.V,,1.0,1.0,1.0,1.0,4500.0
2026-04-13 12:33:00,UCU.V,,5.739999771118164,5.739999771118164,5.739999771118164,5.739999771118164,100.0
2026-04-13 12:33:00,VIS.V,,0.014999999664723873,0.014999999664723873,0.014999999664723873,0.014999999664723873,0.0
2026-04-13 12:33:00,WGO.V,,1.690000057220459,1.690000057220459,1.6799999475479126,1.6799999475479126,3400.0
2026-04-13 12:33:00,WRLG.V,,0.9900000095367432,0.9900000095367432,0.9900000095367432,0.9900000095367432,13000.0
2026-04-13 12:34:00,NILI.V,,0.6700000166893005,0.6700000166893005,0.6600000262260437,0.6600000262260437,76626.0
2026-04-13 12:34:00,THX.V,,1.5,1.5,1.5,1.5,100.0
2026-04-13 12:34:00,TLT.V,,0.3149999976158142,0.3149999976158142,0.3149999976158142,0.3149999976158142,8500.0
2026-04-13 12:34:00,TMG.V,,0.1599999964237213,0.1599999964237213,0.1599999964237213,0.1599999964237213,19500.0
2026-04-13 12:34:00,TUD.V,,1.0,1.0,1.0,1.0,2000.0
2026-04-13 12:34:00,UCU.V,,5.75,5.75,5.75,5.75,100.0
2026-04-13 12:35:00,NILI.V,,0.6700000166893005,0.6700000166893005,0.6700000166893005,0.6700000166893005,2000.0
2026-04-13 12:35:00,THX.V,,1.5,1.5,1.5,1.5,100.0
2026-04-13 12:35:00,TMET.V,,0.10499999672174454,0.10499999672174454,0.10499999672174454,0.10499999672174454,13000.0
2026-04-13 12:35:00,TMG.V,,0.1599999964237213,0.1599999964237213,0.1599999964237213,0.1599999964237213,500.0
2026-04-13 12:35:00,TOI.V,,95.4800033569336,95.79000091552734,95.4800033569336,95.79000091552734,418.0
2026-04-13 12:35:00,UCU.V,,5.75,5.75,5.75,5.75,1300.0
2026-04-13 12:35:00,WML.V,,0.08500000089406967,0.08500000089406967,0.08500000089406967,0.08500000089406967,1000.0
2026-04-13 12:36:00,NILI.V,,0.6700000166893005,0.6700000166893005,0.6700000166893005,0.6700000166893005,1000.0
2026-04-13 12:36:00,THX.V,,1.5,1.5,1.5,1.5,100.0
2026-04-13 12:36:00,TUD.V,,1.0,1.0,1.0,1.0,3000.0
2026-04-13 12:36:00,VAU.V,,0.14000000059604645,0.14000000059604645,0.14000000059604645,0.14000000059604645,0.0
2026-04-13 12:36:00,WGO.V,,1.690000057220459,1.690000057220459,1.690000057220459,1.690000057220459,2700.0
2026-04-13 12:36:00,ZON.V,,0.10000000149011612,0.10000000149011612,0.10000000149011612,0.10000000149011612,500.0
2026-04-13 12:37:00,AUMB.V,,1.0,1.0,1.0,1.0,1500.0
2026-04-13 12:37:00,NILI.V,,0.6700000166893005,0.6700000166893005,0.6700000166893005,0.6700000166893005,2000.0
2026-04-13 12:37:00,TECT.V,,2.569999933242798,2.5999999046325684,2.549999952316284,2.549999952316284,5300.0
2026-04-13 12:37:00,UCU.V,,5.75,5.75,5.739999771118164,5.739999771118164,600.0
2026-04-13 12:37:00,YOO.V,,0.029999999329447746,0.029999999329447746,0.029999999329447746,0.029999999329447746,1000.0
2026-04-13 12:38:00,NILI.V,,0.6700000166893005,0.6700000166893005,0.6700000166893005,0.6700000166893005,4000.0
2026-04-13 12:38:00,THX.V,,1.5,1.5,1.5,1.5,100.0
2026-04-13 12:38:00,UCU.V,,5.75,5.75,5.75,5.75,800.0
2026-04-13 12:39:00,NILI.V,,0.6800000071525574,0.6800000071525574,0.6700000166893005,0.6700000166893005,35205.0
2026-04-13 12:39:00,THX.V,,1.5,1.5,1.5,1.5,100.0
2026-04-13 12:39:00,TLT.V,,0.3149999976158142,0.3149999976158142,0.3149999976158142,0.3149999976158142,81809.0
2026-04-13 12:39:00,TTS.V,,0.5299999713897705,0.5299999713897705,0.5299999713897705,0.5299999713897705,11500.0
2026-04-13 12:39:00,WRLG.V,,0.9900000095367432,0.9900000095367432,0.9900000095367432,0.9900000095367432,1000.0
2026-04-13 12:40:00,AUMB.V,,0.9900000095367432,0.9900000095367432,0.9900000095367432,0.9900000095367432,95300.0
2026-04-13 12:40:00,NILI.V,,0.6800000071525574,0.6800000071525574,0.6800000071525574,0.6800000071525574,1000.0
2026-04-13 12:40:00,UCU.V,,5.75,5.75,5.75,5.75,2000.0
2026-04-13 12:40:00,VUX.V,,0.15000000596046448,0.15000000596046448,0.15000000596046448,0.15000000596046448,0.0
2026-04-13 12:40:00,WAM.V,,0.8199999928474426,0.8199999928474426,0.8199999928474426,0.8199999928474426,1500.0
2026-04-13 12:40:00,WGO.V,,1.7000000476837158,1.7000000476837158,1.7000000476837158,1.7000000476837158,20000.0
2026-04-13 12:40:00,WRLG.V,,0.9900000095367432,0.9900000095367432,0.9900000095367432,0.9900000095367432,16100.0
2026-04-13 12:41:00,NILI.V,,0.6800000071525574,0.6800000071525574,0.6800000071525574,0.6800000071525574,500.0
2026-04-13 12:41:00,UCU.V,,5.730000019073486,5.739999771118164,5.730000019073486,5.739999771118164,2100.0
2026-04-13 12:41:00,WRLG.V,,0.9900000095367432,0.9900000095367432,0.9900000095367432,0.9900000095367432,12900.0
2026-04-13 12:42:00,AUMB.V,,0.9900000095367432,0.9900000095367432,0.9900000095367432,0.9900000095367432,500.0
2026-04-13 12:42:00,NILI.V,,0.6800000071525574,0.6800000071525574,0.6800000071525574,0.6800000071525574,2500.0
2026-04-13 12:42:00,TDG.V,,0.5799999833106995,0.5799999833106995,0.5799999833106995,0.5799999833106995,2500.0
2026-04-13 12:42:00,TECT.V,,2.549999952316284,2.549999952316284,2.549999952316284,2.549999952316284,200.0
2026-04-13 12:42:00,TR.V,,0.019999999552965164,0.019999999552965164,0.019999999552965164,0.019999999552965164,0.0
2026-04-13 12:42:00,WRLG.V,,0.9900000095367432,0.9900000095367432,0.9900000095367432,0.9900000095367432,5500.0
2026-04-13 12:43:00,NILI.V,,0.6800000071525574,0.6800000071525574,0.6800000071525574,0.6800000071525574,500.0
2026-04-13 12:43:00,TECT.V,,2.549999952316284,2.549999952316284,2.549999952316284,2.549999952316284,200.0
2026-04-13 12:43:00,VCU.V,,1.2949999570846558,1.2949999570846558,1.2899999618530273,1.2899999618530273,7500.0
2026-04-13 12:43:00,WRLG.V,,0.9950000047683716,0.9950000047683716,0.9950000047683716,0.9950000047683716,500.0
2026-04-13 12:44:00,NILI.V,,0.6800000071525574,0.6800000071525574,0.6800000071525574,0.6800000071525574,500.0
2026-04-13 12:44:00,TLT.V,,0.3149999976158142,0.3149999976158142,0.3149999976158142,0.3149999976158142,1000.0
2026-04-13 12:44:00,UCU.V,,5.769999980926514,5.789999961853027,5.75,5.75,23645.0
2026-04-13 12:44:00,VCU.V,,1.2999999523162842,1.2999999523162842,1.2999999523162842,1.2999999523162842,4000.0
2026-04-13 12:45:00,NILI.V,,0.675000011920929,0.6800000071525574,0.675000011920929,0.6800000071525574,1000.0
2026-04-13 12:45:00,TECT.V,,2.549999952316284,2.549999952316284,2.549999952316284,2.549999952316284,100.0
2026-04-13 12:45:00,TOI.V,,96.0,96.0,95.4749984741211,95.94999694824219,1126.0
2026-04-13 12:45:00,TUD.V,,1.0049999952316284,1.0049999952316284,1.0049999952316284,1.0049999952316284,1200.0
2026-04-13 12:45:00,UCU.V,,5.809999942779541,5.809999942779541,5.769999980926514,5.769999980926514,9900.0
2026-04-13 12:46:00,AUMB.V,,0.9900000095367432,0.9900000095367432,0.9900000095367432,0.9900000095367432,500.0
2026-04-13 12:46:00,NILI.V,,0.6800000071525574,0.6800000071525574,0.6800000071525574,0.6800000071525574,500.0
2026-04-13 12:46:00,TLT.V,,0.3149999976158142,0.3149999976158142,0.3149999976158142,0.3149999976158142,5500.0
2026-04-13 12:47:00,NILI.V,,0.6800000071525574,0.6800000071525574,0.6800000071525574,0.6800000071525574,500.0
2026-04-13 12:47:00,TECT.V,,2.5999999046325684,2.5999999046325684,2.565000057220459,2.565000057220459,5800.0
2026-04-13 12:47:00,VCI.V,,6.550000190734863,6.550000190734863,6.550000190734863,6.550000190734863,1100.0
2026-04-13 12:47:00,WED.V,,25.0,25.0,25.0,25.0,0.0
2026-04-13 12:48:00,NILI.V,,0.6800000071525574,0.6800000071525574,0.6800000071525574,0.6800000071525574,1000.0
2026-04-13 12:48:00,SURG.V,,0.6100000143051147,0.6100000143051147,0.6100000143051147,0.6100000143051147,184900.0
2026-04-13 12:48:00,TOI.V,,97.05000305175781,97.05000305175781,96.55500030517578,96.87999725341797,477.0
2026-04-13 12:48:00,UCU.V,,5.809999942779541,5.809999942779541,5.809999942779541,5.809999942779541,14128.0
2026-04-13 12:49:00,NILI.V,,0.6800000071525574,0.6800000071525574,0.6800000071525574,0.6800000071525574,500.0
2026-04-13 12:49:00,TECT.V,,2.5799999237060547,2.5799999237060547,2.569999933242798,2.569999933242798,3600.0
2026-04-13 12:49:00,THX.V,,1.5,1.5,1.5,1.5,100.0
2026-04-13 12:49:00,UCU.V,,5.809999942779541,5.809999942779541,5.809999942779541,5.809999942779541,700.0
2026-04-13 12:49:00,WED.V,,25.0,25.0,25.0,25.0,2300.0
2026-04-13 12:49:00,WGO.V,,1.690000057220459,1.690000057220459,1.690000057220459,1.690000057220459,3800.0
2026-04-13 12:50:00,NILI.V,,0.6800000071525574,0.6800000071525574,0.6800000071525574,0.6800000071525574,1000.0
2026-04-13 12:50:00,TTG.V,,0.13500000536441803,0.13500000536441803,0.13500000536441803,0.13500000536441803,7500.0
2026-04-13 12:50:00,UCU.V,,5.809999942779541,5.809999942779541,5.809999942779541,5.809999942779541,4100.0
2026-04-13 12:50:00,WED.V,,25.0,25.0,25.0,25.0,4200.0
2026-04-13 12:51:00,NILI.V,,0.6800000071525574,0.6800000071525574,0.6800000071525574,0.6800000071525574,500.0
2026-04-13 12:51:00,TDG.V,,0.5799999833106995,0.5799999833106995,0.5799999833106995,0.5799999833106995,3000.0
2026-04-13 12:51:00,THX.V,,1.5,1.5,1.5,1.5,300.0
2026-04-13 12:51:00,UCU.V,,5.809999942779541,5.809999942779541,5.809999942779541,5.809999942779541,7700.0
2026-04-13 12:52:00,NILI.V,,0.6800000071525574,0.6800000071525574,0.6800000071525574,0.6800000071525574,500.0
2026-04-13 12:52:00,TIG.V,,0.5299999713897705,0.5299999713897705,0.5299999713897705,0.5299999713897705,1000.0
2026-04-13 12:52:00,UCU.V,,5.809999942779541,5.809999942779541,5.809999942779541,5.809999942779541,100.0
2026-04-13 12:53:00,NILI.V,,0.6800000071525574,0.6800000071525574,0.6800000071525574,0.6800000071525574,500.0
2026-04-13 12:53:00,TECT.V,,2.559999942779541,2.559999942779541,2.559999942779541,2.559999942779541,100.0
2026-04-13 12:53:00,TGOL.V,,0.13500000536441803,0.13500000536441803,0.13500000536441803,0.13500000536441803,63500.0
2026-04-13 12:53:00,TLT.V,,0.3199999928474426,0.3199999928474426,0.3149999976158142,0.3149999976158142,3000.0
2026-04-13 12:53:00,UCU.V,,5.789999961853027,5.800000190734863,5.789999961853027,5.800000190734863,1200.0
2026-04-13 12:53:00,WRLG.V,,1.0,1.0,1.0,1.0,1000.0
2026-04-13 12:53:00,XGC.V,,0.25,0.2750000059604645,0.25,0.2750000059604645,39000.0
2026-04-13 12:54:00,NILI.V,,0.6800000071525574,0.6800000071525574,0.6800000071525574,0.6800000071525574,500.0
2026-04-13 12:54:00,TECT.V,,2.549999952316284,2.549999952316284,2.549999952316284,2.549999952316284,100.0
2026-04-13 12:54:00,WRLG.V,,1.0,1.0,1.0,1.0,500.0
2026-04-13 12:55:00,NILI.V,,0.6800000071525574,0.6800000071525574,0.6800000071525574,0.6800000071525574,1000.0
2026-04-13 12:55:00,THX.V,,1.5,1.5,1.5,1.5,100.0
2026-04-13 12:55:00,TIG.V,,0.5099999904632568,0.5299999713897705,0.5099999904632568,0.5299999713897705,5000.0
2026-04-13 12:56:00,TECT.V,,2.549999952316284,2.569999933242798,2.549999952316284,2.569999933242798,800.0
2026-04-13 12:56:00,TIG.V,,0.5199999809265137,0.5299999713897705,0.5199999809265137,0.5199999809265137,4000.0
2026-04-13 12:56:00,UCU.V,,5.78000020980835,5.78000020980835,5.78000020980835,5.78000020980835,200.0
2026-04-13 12:57:00,NILI.V,,0.6800000071525574,0.6800000071525574,0.6800000071525574,0.6800000071525574,500.0
2026-04-13 12:57:00,TECT.V,,2.5899999141693115,2.5899999141693115,2.569999933242798,2.5799999237060547,9200.0
2026-04-13 12:57:00,THX.V,,1.5,1.5,1.5,1.5,100.0
2026-04-13 12:57:00,TRO.V,,0.18000000715255737,0.18000000715255737,0.18000000715255737,0.18000000715255737,0.0
2026-04-13 12:58:00,NILI.V,,0.6700000166893005,0.6800000071525574,0.6700000166893005,0.6800000071525574,2000.0
2026-04-13 12:58:00,TAJ.V,,0.25,0.25,0.25,0.25,500.0
2026-04-13 12:58:00,UCU.V,,5.769999980926514,5.769999980926514,5.769999980926514,5.769999980926514,100.0
2026-04-13 12:58:00,WRLG.V,,0.9950000047683716,0.9950000047683716,0.9950000047683716,0.9950000047683716,500.0
2026-04-13 12:59:00,RARE.V,,6.0,6.0,6.0,6.0,500.0
2026-04-13 12:59:00,TECT.V,,2.569999933242798,2.569999933242798,2.569999933242798,2.569999933242798,200.0
2026-04-13 12:59:00,THX.V,,1.4950000047683716,1.4950000047683716,1.4950000047683716,1.4950000047683716,100.0
2026-04-13 12:59:00,TUK.V,,0.02500000037252903,0.02500000037252903,0.02500000037252903,0.02500000037252903,52000.0
2026-04-13 12:59:00,UCU.V,,5.769999980926514,5.769999980926514,5.769999980926514,5.769999980926514,100.0
2026-04-13 13:00:00,TECT.V,,2.569999933242798,2.569999933242798,2.569999933242798,2.569999933242798,100.0
2026-04-13 13:00:00,TRBC.V,,0.1850000023841858,0.1850000023841858,0.1850000023841858,0.1850000023841858,17000.0
2026-04-13 13:00:00,VUX.V,,0.15000000596046448,0.15000000596046448,0.15000000596046448,0.15000000596046448,3000.0
2026-04-13 13:00:00,ZDC.V,,5.699999809265137,5.699999809265137,5.699999809265137,5.699999809265137,1000.0
2026-04-13 13:01:00,NILI.V,,0.6700000166893005,0.6700000166893005,0.6700000166893005,0.6700000166893005,1000.0
2026-04-13 13:01:00,TECT.V,,2.5850000381469727,2.5899999141693115,2.5850000381469727,2.5899999141693115,6600.0
2026-04-13 13:01:00,THX.V,,1.5,1.5,1.5,1.5,100.0
2026-04-13 13:01:00,WRLG.V,,1.0,1.0,1.0,1.0,47000.0
2026-04-13 13:02:00,THX.V,,1.5,1.5,1.5,1.5,100.0
2026-04-13 13:02:00,UCU.V,,5.789999961853027,5.789999961853027,5.78000020980835,5.78000020980835,1000.0
2026-04-13 13:02:00,VLI.V,,0.014999999664723873,0.014999999664723873,0.014999999664723873,0.014999999664723873,1000.0
2026-04-13 13:02:00,WED.V,,25.0,25.0,25.0,25.0,100.0
2026-04-13 13:02:00,ZOMD.V,,0.875,0.875,0.875,0.875,1000.0
2026-04-13 13:03:00,THX.V,,1.5,1.5,1.5,1.5,100.0
2026-04-13 13:03:00,WRLG.V,,1.0,1.0,1.0,1.0,3000.0
2026-04-13 13:04:00,NILI.V,,0.6700000166893005,0.675000011920929,0.6650000214576721,0.675000011920929,9500.0
2026-04-13 13:04:00,TNO-H.V,,0.07500000298023224,0.07500000298023224,0.07500000298023224,0.07500000298023224,0.0
2026-04-13 13:04:00,TUK.V,,0.02500000037252903,0.02500000037252903,0.02500000037252903,0.02500000037252903,75000.0
2026-04-13 13:04:00,WRLG.V,,1.0,1.0,1.0,1.0,1500.0
2026-04-13 13:05:00,BIRD.V,,0.06499999761581421,0.06499999761581421,0.06499999761581421,0.06499999761581421,0.0
2026-04-13 13:05:00,THX.V,,1.5,1.5,1.5,1.5,100.0
2026-04-13 13:06:00,NILI.V,,0.6700000166893005,0.6700000166893005,0.6700000166893005,0.6700000166893005,1000.0
2026-04-13 13:06:00,USS.V,,0.6800000071525574,0.6800000071525574,0.6800000071525574,0.6800000071525574,0.0
2026-04-13 13:07:00,TECT.V,,2.559999942779541,2.559999942779541,2.559999942779541,2.559999942779541,100.0
2026-04-13 13:07:00,TUK.V,,0.02500000037252903,0.02500000037252903,0.02500000037252903,0.02500000037252903,32000.0
2026-04-13 13:08:00,AUMB.V,,0.9900000095367432,0.9900000095367432,0.9900000095367432,0.9900000095367432,500.0
2026-04-13 13:08:00,TECT.V,,2.559999942779541,2.559999942779541,2.559999942779541,2.559999942779541,200.0
2026-04-13 13:08:00,WRLG.V,,1.0,1.0,1.0,1.0,500.0
2026-04-13 13:09:00,AUMB.V,,0.9900000095367432,0.9900000095367432,0.9900000095367432,0.9900000095367432,24500.0
2026-04-13 13:09:00,BIRD.V,,0.07000000029802322,0.07000000029802322,0.07000000029802322,0.07000000029802322,25000.0
2026-04-13 13:09:00,TECT.V,,2.559999942779541,2.559999942779541,2.559999942779541,2.559999942779541,300.0
2026-04-13 13:09:00,WRLG.V,,1.0,1.0,1.0,1.0,3000.0
2026-04-13 13:09:00,ZON.V,,0.10000000149011612,0.10000000149011612,0.10000000149011612,0.10000000149011612,2000.0
2026-04-13 13:10:00,NILI.V,,0.675000011920929,0.675000011920929,0.675000011920929,0.675000011920929,500.0
2026-04-13 13:10:00,TECT.V,,2.559999942779541,2.559999942779541,2.559999942779541,2.559999942779541,200.0
2026-04-13 13:10:00,THX.V,,1.4950000047683716,1.4950000047683716,1.4950000047683716,1.4950000047683716,100.0
2026-04-13 13:10:00,UCU.V,,5.800000190734863,5.800000190734863,5.800000190734863,5.800000190734863,200.0
2026-04-13 13:10:00,WRLG.V,,1.0,1.0,1.0,1.0,33520.0
2026-04-13 13:11:00,NILI.V,,0.675000011920929,0.675000011920929,0.675000011920929,0.675000011920929,500.0
2026-04-13 13:11:00,TECT.V,,2.559999942779541,2.559999942779541,2.559999942779541,2.559999942779541,200.0
2026-04-13 13:11:00,VCT.V,,0.02500000037252903,0.02500000037252903,0.02500000037252903,0.02500000037252903,1000.0
2026-04-13 13:11:00,WMS.V,,0.05999999865889549,0.05999999865889549,0.05999999865889549,0.05999999865889549,40000.0
2026-04-13 13:11:00,XGC.V,,0.2800000011920929,0.2800000011920929,0.2800000011920929,0.2800000011920929,500.0
2026-04-13 13:12:00,TAO.V,,0.08500000089406967,0.08500000089406967,0.08500000089406967,0.08500000089406967,4000.0
2026-04-13 13:12:00,TECT.V,,2.559999942779541,2.559999942779541,2.559999942779541,2.559999942779541,100.0
2026-04-13 13:12:00,THX.V,,1.4950000047683716,1.4950000047683716,1.4950000047683716,1.4950000047683716,100.0
2026-04-13 13:13:00,NILI.V,,0.6700000166893005,0.675000011920929,0.6700000166893005,0.675000011920929,1000.0
2026-04-13 13:13:00,TECT.V,,2.559999942779541,2.559999942779541,2.559999942779541,2.559999942779541,100.0
2026-04-13 13:14:00,TAJ.V,,0.25,0.25,0.25,0.25,500.0
2026-04-13 13:14:00,TECT.V,,2.559999942779541,2.559999942779541,2.559999942779541,2.559999942779541,100.0
2026-04-13 13:14:00,TPL.V,,1.5099999904632568,1.5099999904632568,1.5099999904632568,1.5099999904632568,200.0
2026-04-13 13:14:00,UCU.V,,5.789999961853027,5.789999961853027,5.789999961853027,5.789999961853027,800.0
2026-04-13 13:14:00,UFC.V,,0.8600000143051147,0.8600000143051147,0.8600000143051147,0.8600000143051147,9000.0
2026-04-13 13:14:00,VCU.V,,1.309999942779541,1.309999942779541,1.309999942779541,1.309999942779541,9200.0
2026-04-13 13:14:00,WRLG.V,,1.0049999952316284,1.0049999952316284,1.0,1.0,4000.0
2026-04-13 13:14:00,ZDC.V,,5.75,5.75,5.710000038146973,5.710000038146973,5752.0
2026-04-13 13:15:00,RARE.V,,6.099999904632568,6.099999904632568,6.099999904632568,6.099999904632568,500.0
2026-04-13 13:15:00,SURG.V,,0.6200000047683716,0.6200000047683716,0.6200000047683716,0.6200000047683716,50505.0
2026-04-13 13:15:00,TAO.V,,0.08500000089406967,0.08500000089406967,0.08500000089406967,0.08500000089406967,24000.0
2026-04-13 13:15:00,TECT.V,,2.5799999237060547,2.5799999237060547,2.569999933242798,2.569999933242798,2700.0
2026-04-13 13:15:00,WEB.V,,1.5399999618530273,1.5499999523162842,1.5399999618530273,1.5499999523162842,5575.0
2026-04-13 13:16:00,NILI.V,,0.675000011920929,0.675000011920929,0.675000011920929,0.675000011920929,500.0
2026-04-13 13:16:00,TUK.V,,0.02500000037252903,0.02500000037252903,0.02500000037252903,0.02500000037252903,7000.0
2026-04-13 13:16:00,UCU.V,,5.800000190734863,5.800000190734863,5.800000190734863,5.800000190734863,500.0
2026-04-13 13:17:00,TECT.V,,2.559999942779541,2.569999933242798,2.559999942779541,2.559999942779541,4100.0
2026-04-13 13:17:00,THX.V,,1.5,1.5,1.5,1.5,2200.0
2026-04-13 13:17:00,UCU.V,,5.809999942779541,5.809999942779541,5.809999942779541,5.809999942779541,2200.0
2026-04-13 13:17:00,WAM.V,,0.8199999928474426,0.8199999928474426,0.8199999928474426,0.8199999928474426,1112.0
2026-04-13 13:17:00,WRLG.V,,1.0049999952316284,1.0049999952316284,1.0049999952316284,1.0049999952316284,500.0
2026-04-13 13:18:00,AUMB.V,,1.0,1.0,1.0,1.0,500.0
2026-04-13 13:18:00,TECT.V,,2.569999933242798,2.569999933242798,2.569999933242798,2.569999933242798,1000.0
2026-04-13 13:18:00,THX.V,,1.5,1.5,1.5,1.5,100.0
2026-04-13 13:18:00,TUD.V,,1.0099999904632568,1.0099999904632568,1.0099999904632568,1.0099999904632568,1500.0
2026-04-13 13:18:00,UCU.V,,5.809999942779541,5.809999942779541,5.809999942779541,5.809999942779541,11993.0
2026-04-13 13:19:00,NILI.V,,0.675000011920929,0.675000011920929,0.675000011920929,0.675000011920929,500.0
2026-04-13 13:19:00,TAJ.V,,0.25,0.25,0.25,0.25,500.0
2026-04-13 13:19:00,THX.V,,1.5,1.5,1.5,1.5,100.0
2026-04-13 13:19:00,TOI.V,,96.19999694824219,96.19999694824219,96.19999694824219,96.19999694824219,155.0
2026-04-13 13:19:00,UCU.V,,5.800000190734863,5.809999942779541,5.789999961853027,5.809999942779541,10100.0
2026-04-13 13:19:00,VIO.V,,0.13500000536441803,0.13500000536441803,0.13500000536441803,0.13500000536441803,500.0
2026-04-13 13:19:00,WRLG.V,,1.0099999904632568,1.0099999904632568,1.0049999952316284,1.0049999952316284,1000.0
2026-04-13 13:20:00,TDG.V,,0.5799999833106995,0.5799999833106995,0.5799999833106995,0.5799999833106995,8000.0
2026-04-13 13:20:00,THX.V,,1.5,1.5,1.5,1.5,100.0
2026-04-13 13:20:00,WISH.V,,0.25,0.25,0.25,0.25,23500.0
2026-04-13 13:21:00,NILI.V,,0.675000011920929,0.675000011920929,0.675000011920929,0.675000011920929,500.0
2026-04-13 13:21:00,TECT.V,,2.559999942779541,2.559999942779541,2.559999942779541,2.559999942779541,200.0
2026-04-13 13:21:00,UCU.V,,5.789999961853027,5.809999942779541,5.789999961853027,5.809999942779541,5300.0
2026-04-13 13:21:00,WISH.V,,0.25,0.25,0.25,0.25,4500.0
2026-04-13 13:22:00,AUMB.V,,1.0,1.0,1.0,1.0,30250.0
2026-04-13 13:22:00,NILI.V,,0.6700000166893005,0.6700000166893005,0.6700000166893005,0.6700000166893005,500.0
2026-04-13 13:22:00,TECT.V,,2.5799999237060547,2.5799999237060547,2.559999942779541,2.559999942779541,2100.0
2026-04-13 13:22:00,THX.V,,1.5,1.5,1.5,1.5,200.0
2026-04-13 13:22:00,TOI.V,,96.48999786376953,96.48999786376953,96.48999786376953,96.48999786376953,174.0
2026-04-13 13:22:00,UCU.V,,5.789999961853027,5.789999961853027,5.789999961853027,5.789999961853027,5000.0
2026-04-13 13:22:00,WRLG.V,,1.0049999952316284,1.0049999952316284,1.0049999952316284,1.0049999952316284,515.0
2026-04-13 13:23:00,SURG.V,,0.6299999952316284,0.6299999952316284,0.6299999952316284,0.6299999952316284,18000.0
2026-04-13 13:23:00,WISH.V,,0.25,0.25,0.25,0.25,25000.0
2026-04-13 13:24:00,AUMB.V,,1.0,1.0,1.0,1.0,8500.0
2026-04-13 13:24:00,BIRD.V,,0.07500000298023224,0.07500000298023224,0.07000000029802322,0.07000000029802322,25000.0
2026-04-13 13:24:00,TAJ.V,,0.25999999046325684,0.25999999046325684,0.25999999046325684,0.25999999046325684,17500.0
2026-04-13 13:24:00,THX.V,,1.5,1.5,1.5,1.5,200.0
2026-04-13 13:24:00,TLT.V,,0.3149999976158142,0.3149999976158142,0.3149999976158142,0.3149999976158142,4000.0
2026-04-13 13:24:00,YEG.V,,0.17499999701976776,0.17499999701976776,0.17499999701976776,0.17499999701976776,1000.0
2026-04-13 13:25:00,NILI.V,,0.6700000166893005,0.6700000166893005,0.6700000166893005,0.6700000166893005,500.0
2026-04-13 13:25:00,TAJ.V,,0.25999999046325684,0.25999999046325684,0.25999999046325684,0.25999999046325684,38500.0
2026-04-13 13:25:00,TDG.V,,0.5899999737739563,0.5899999737739563,0.5799999833106995,0.5799999833106995,97500.0
2026-04-13 13:25:00,TECT.V,,2.559999942779541,2.569999933242798,2.559999942779541,2.569999933242798,1800.0
2026-04-13 13:25:00,THX.V,,1.5,1.5,1.5,1.5,100.0
2026-04-13 13:25:00,VCU.V,,1.3300000429153442,1.3300000429153442,1.3300000429153442,1.3300000429153442,24700.0
2026-04-13 13:25:00,WISH.V,,0.25,0.25,0.25,0.25,50500.0
2026-04-13 13:25:00,ZDC.V,,5.739999771118164,5.769999980926514,5.71999979019165,5.71999979019165,1800.0
2026-04-13 13:26:00,RARE.V,,6.099999904632568,6.099999904632568,6.099999904632568,6.099999904632568,100.0
2026-04-13 13:26:00,TDG.V,,0.5899999737739563,0.5899999737739563,0.5899999737739563,0.5899999737739563,500.0
2026-04-13 13:26:00,TECT.V,,2.559999942779541,2.559999942779541,2.559999942779541,2.559999942779541,2900.0
2026-04-13 13:26:00,THX.V,,1.5,1.5,1.5,1.5,100.0
2026-04-13 13:26:00,WEB.V,,1.5499999523162842,1.5499999523162842,1.5499999523162842,1.5499999523162842,100.0
2026-04-13 13:26:00,WISH.V,,0.25,0.25,0.25,0.25,33100.0
2026-04-13 13:27:00,AUMB.V,,1.0,1.0,1.0,1.0,5500.0
2026-04-13 13:27:00,WED.V,,25.0,25.0,25.0,25.0,100.0
2026-04-13 13:28:00,BIRD.V,,0.07500000298023224,0.07500000298023224,0.07500000298023224,0.07500000298023224,30000.0
2026-04-13 13:28:00,TAJ.V,,0.25999999046325684,0.25999999046325684,0.25999999046325684,0.25999999046325684,84500.0
2026-04-13 13:28:00,THX.V,,1.5,1.5,1.5,1.5,800.0
2026-04-13 13:28:00,UCU.V,,5.760000228881836,5.769999980926514,5.760000228881836,5.769999980926514,600.0
2026-04-13 13:29:00,TECT.V,,2.559999942779541,2.559999942779541,2.559999942779541,2.559999942779541,100.0
2026-04-13 13:29:00,TK.V,,0.4000000059604645,0.4000000059604645,0.4000000059604645,0.4000000059604645,45500.0
2026-04-13 13:29:00,TUD.V,,1.0199999809265137,1.0199999809265137,1.0199999809265137,1.0199999809265137,500.0
2026-04-13 13:29:00,UCU.V,,5.760000228881836,5.78000020980835,5.760000228881836,5.769999980926514,1112.0
2026-04-13 13:29:00,WEB.V,,1.5549999475479126,1.5549999475479126,1.5549999475479126,1.5549999475479126,100.0
2026-04-13 13:30:00,NILI.V,,0.675000011920929,0.675000011920929,0.675000011920929,0.675000011920929,500.0
2026-04-13 13:30:00,TECT.V,,2.559999942779541,2.559999942779541,2.559999942779541,2.559999942779541,200.0
2026-04-13 13:30:00,TELO.V,,0.05999999865889549,0.05999999865889549,0.05999999865889549,0.05999999865889549,0.0
2026-04-13 13:30:00,THX.V,,1.5,1.5,1.5,1.5,100.0
2026-04-13 13:30:00,TK.V,,0.4000000059604645,0.4000000059604645,0.4000000059604645,0.4000000059604645,10007.0
2026-04-13 13:31:00,VIO.V,,0.13750000298023224,0.13750000298023224,0.13750000298023224,0.13750000298023224,2000.0
2026-04-13 13:31:00,VO.V,,0.10000000149011612,0.10000000149011612,0.10000000149011612,0.10000000149011612,1500.0
2026-04-13 13:31:00,WRLG.V,,1.0049999952316284,1.0049999952316284,1.0049999952316284,1.0049999952316284,500.0
2026-04-13 13:32:00,AUMB.V,,1.0,1.0,1.0,1.0,500.0
2026-04-13 13:32:00,BIRD.V,,0.07500000298023224,0.07500000298023224,0.07500000298023224,0.07500000298023224,23000.0
2026-04-13 13:32:00,NILI.V,,0.675000011920929,0.675000011920929,0.675000011920929,0.675000011920929,500.0
2026-04-13 13:32:00,RARE.V,,6.079999923706055,6.079999923706055,6.079999923706055,6.079999923706055,1600.0
2026-04-13 13:32:00,TECT.V,,2.559999942779541,2.559999942779541,2.559999942779541,2.559999942779541,100.0
2026-04-13 13:32:00,TMET.V,,0.10499999672174454,0.10499999672174454,0.10499999672174454,0.10499999672174454,1000.0
2026-04-13 13:32:00,UCU.V,,5.769999980926514,5.769999980926514,5.769999980926514,5.769999980926514,100.0
2026-04-13 13:32:00,VLC.V,,0.20999999344348907,0.20999999344348907,0.20999999344348907,0.20999999344348907,0.0
2026-04-13 13:32:00,ZDC.V,,5.739999771118164,5.739999771118164,5.739999771118164,5.739999771118164,100.0
2026-04-13 13:33:00,BIRD.V,,0.10000000149011612,0.10000000149011612,0.0949999988079071,0.0949999988079071,3844.0
2026-04-13 13:33:00,NILI.V,,0.6700000166893005,0.6700000166893005,0.6700000166893005,0.6700000166893005,1829.0
2026-04-13 13:33:00,VIO.V,,0.13500000536441803,0.13500000536441803,0.13500000536441803,0.13500000536441803,1500.0
2026-04-13 13:33:00,ZDC.V,,5.739999771118164,5.739999771118164,5.739999771118164,5.739999771118164,100.0
2026-04-13 13:34:00,AUMB.V,,1.0,1.0,1.0,1.0,1500.0
2026-04-13 13:34:00,RARE.V,,6.079999923706055,6.079999923706055,6.079999923706055,6.079999923706055,100.0
2026-04-13 13:34:00,TECT.V,,2.559999942779541,2.559999942779541,2.559999942779541,2.559999942779541,100.0
2026-04-13 13:34:00,UCU.V,,5.739999771118164,5.75,5.739999771118164,5.75,3800.0
2026-04-13 13:34:00,WRLG.V,,1.0,1.0,1.0,1.0,166100.0
2026-04-13 13:35:00,TECT.V,,2.559999942779541,2.559999942779541,2.559999942779541,2.559999942779541,100.0
2026-04-13 13:35:00,UCU.V,,5.710000038146973,5.730000019073486,5.710000038146973,5.730000019073486,1000.0
2026-04-13 13:35:00,WRLG.V,,1.0,1.0,1.0,1.0,1500.0
2026-04-13 13:35:00,ZDC.V,,5.730000019073486,5.739999771118164,5.730000019073486,5.739999771118164,10973.0
2026-04-13 13:36:00,AUMB.V,,1.0099999904632568,1.0099999904632568,1.0,1.0,5500.0
2026-04-13 13:36:00,SURG.V,,0.6299999952316284,0.6299999952316284,0.6299999952316284,0.6299999952316284,20000.0
2026-04-13 13:36:00,TECT.V,,2.569999933242798,2.569999933242798,2.559999942779541,2.559999942779541,300.0
2026-04-13 13:36:00,WGO.V,,1.690000057220459,1.690000057220459,1.690000057220459,1.690000057220459,5000.0
2026-04-13 13:36:00,WRLG.V,,1.0,1.0,1.0,1.0,25500.0
2026-04-13 13:37:00,TDG.V,,0.6000000238418579,0.6000000238418579,0.5899999737739563,0.5899999737739563,15000.0
2026-04-13 13:37:00,VUL.V,,0.2199999988079071,0.2199999988079071,0.2199999988079071,0.2199999988079071,0.0
2026-04-13 13:37:00,WEB.V,,1.559999942779541,1.559999942779541,1.559999942779541,1.559999942779541,100.0
2026-04-13 13:37:00,WRLG.V,,1.0,1.0,1.0,1.0,3000.0
2026-04-13 13:37:00,ZDC.V,,5.75,5.75,5.75,5.75,300.0
2026-04-13 13:38:00,RARE.V,,6.079999923706055,6.079999923706055,6.079999923706055,6.079999923706055,300.0
2026-04-13 13:38:00,TECT.V,,2.559999942779541,2.559999942779541,2.559999942779541,2.559999942779541,100.0
2026-04-13 13:38:00,TIG.V,,0.5299999713897705,0.5299999713897705,0.5299999713897705,0.5299999713897705,2000.0
2026-04-13 13:38:00,WRLG.V,,1.0,1.0,1.0,1.0,1000.0
2026-04-13 13:39:00,NILI.V,,0.6700000166893005,0.6700000166893005,0.6700000166893005,0.6700000166893005,1000.0
2026-04-13 13:39:00,TAJ.V,,0.25999999046325684,0.25999999046325684,0.25999999046325684,0.25999999046325684,2000.0
2026-04-13 13:39:00,TECT.V,,2.5899999141693115,2.5899999141693115,2.5799999237060547,2.5799999237060547,3700.0
2026-04-13 13:39:00,WRLG.V,,1.0,1.0,1.0,1.0,23500.0
2026-04-13 13:40:00,NILI.V,,0.6700000166893005,0.6700000166893005,0.6700000166893005,0.6700000166893005,4700.0
2026-04-13 13:40:00,TAJ.V,,0.26499998569488525,0.26499998569488525,0.26249998807907104,0.26249998807907104,24500.0
2026-04-13 13:40:00,WRLG.V,,1.0,1.0,1.0,1.0,1000.0
2026-04-13 13:40:00,ZDC.V,,5.760000228881836,5.760000228881836,5.739999771118164,5.739999771118164,900.0
2026-04-13 13:41:00,RARE.V,,6.0,6.050000190734863,6.0,6.050000190734863,3779.0
2026-04-13 13:41:00,TLT.V,,0.3149999976158142,0.3149999976158142,0.3149999976158142,0.3149999976158142,42000.0
2026-04-13 13:41:00,WGO.V,,1.7000000476837158,1.7000000476837158,1.6950000524520874,1.6950000524520874,8600.0
2026-04-13 13:42:00,THX.V,,1.5,1.5,1.5,1.5,1800.0
2026-04-13 13:42:00,UCU.V,,5.71999979019165,5.71999979019165,5.71999979019165,5.71999979019165,100.0
2026-04-13 13:42:00,WMK.V,,0.20999999344348907,0.20999999344348907,0.20999999344348907,0.20999999344348907,0.0
2026-04-13 13:43:00,TECT.V,,2.559999942779541,2.559999942779541,2.559999942779541,2.559999942779541,300.0
2026-04-13 13:43:00,TIG.V,,0.5400000214576721,0.5400000214576721,0.5400000214576721,0.5400000214576721,1400.0
2026-04-13 13:43:00,UCU.V,,5.71999979019165,5.71999979019165,5.71999979019165,5.71999979019165,100.0
2026-04-13 13:43:00,WGO.V,,1.7000000476837158,1.7000000476837158,1.7000000476837158,1.7000000476837158,1100.0
2026-04-13 13:43:00,WRLG.V,,1.0,1.0,1.0,1.0,500.0
2026-04-13 13:44:00,TECT.V,,2.559999942779541,2.559999942779541,2.559999942779541,2.559999942779541,100.0
2026-04-13 13:44:00,TUD.V,,1.0199999809265137,1.0199999809265137,1.0199999809265137,1.0199999809265137,500.0
2026-04-13 13:44:00,VM.V,,0.11500000208616257,0.11500000208616257,0.11500000208616257,0.11500000208616257,500.0
2026-04-13 13:44:00,VUL.V,,0.2199999988079071,0.2199999988079071,0.2199999988079071,0.2199999988079071,13500.0
2026-04-13 13:44:00,WED.V,,25.0,25.0,25.0,25.0,100.0
2026-04-13 13:45:00,NILI.V,,0.675000011920929,0.675000011920929,0.675000011920929,0.675000011920929,500.0
2026-04-13 13:45:00,TAJ.V,,0.27000001072883606,0.27000001072883606,0.27000001072883606,0.27000001072883606,2500.0
2026-04-13 13:45:00,TECT.V,,2.559999942779541,2.559999942779541,2.559999942779541,2.559999942779541,200.0
2026-04-13 13:45:00,UCU.V,,5.71999979019165,5.71999979019165,5.71999979019165,5.71999979019165,100.0
2026-04-13 13:45:00,WRLG.V,,1.0,1.0,1.0,1.0,2000.0
2026-04-13 13:45:00,XTM.V,,0.07000000029802322,0.07000000029802322,0.07000000029802322,0.07000000029802322,19000.0
2026-04-13 13:45:00,ZDC.V,,5.730000019073486,5.730000019073486,5.730000019073486,5.730000019073486,500.0
2026-04-13 13:46:00,TECT.V,,2.559999942779541,2.559999942779541,2.559999942779541,2.559999942779541,100.0
2026-04-13 13:46:00,THX.V,,1.5049999952316284,1.5049999952316284,1.5049999952316284,1.5049999952316284,100.0
2026-04-13 13:46:00,TLT.V,,0.3149999976158142,0.3149999976158142,0.3149999976158142,0.3149999976158142,30000.0
2026-04-13 13:46:00,WRLG.V,,1.0,1.0,1.0,1.0,8500.0
2026-04-13 13:47:00,SURG.V,,0.6299999952316284,0.6299999952316284,0.6299999952316284,0.6299999952316284,7600.0
2026-04-13 13:47:00,TECT.V,,2.559999942779541,2.559999942779541,2.559999942779541,2.559999942779541,200.0
2026-04-13 13:47:00,THX.V,,1.5049999952316284,1.5049999952316284,1.5049999952316284,1.5049999952316284,100.0
2026-04-13 13:47:00,UCU.V,,5.699999809265137,5.699999809265137,5.699999809265137,5.699999809265137,1850.0
2026-04-13 13:47:00,WGO.V,,1.7000000476837158,1.7000000476837158,1.7000000476837158,1.7000000476837158,15900.0
2026-04-13 13:47:00,WRLG.V,,1.0,1.0,1.0,1.0,5500.0
2026-04-13 13:48:00,NILI.V,,0.675000011920929,0.675000011920929,0.675000011920929,0.675000011920929,500.0
2026-04-13 13:48:00,SURG.V,,0.6299999952316284,0.6299999952316284,0.6299999952316284,0.6299999952316284,3000.0
2026-04-13 13:48:00,TECT.V,,2.559999942779541,2.559999942779541,2.559999942779541,2.559999942779541,200.0
2026-04-13 13:48:00,TSLV.V,,0.11500000208616257,0.11500000208616257,0.11500000208616257,0.11500000208616257,2500.0
2026-04-13 13:48:00,VO.V,,0.10000000149011612,0.10000000149011612,0.10000000149011612,0.10000000149011612,192500.0
2026-04-13 13:48:00,WRLG.V,,1.0,1.0,1.0,1.0,13000.0
2026-04-13 13:49:00,SURG.V,,0.6200000047683716,0.6299999952316284,0.6200000047683716,0.6299999952316284,87223.0
2026-04-13 13:49:00,TECT.V,,2.559999942779541,2.559999942779541,2.559999942779541,2.559999942779541,100.0
2026-04-13 13:49:00,THX.V,,1.5049999952316284,1.5049999952316284,1.5049999952316284,1.5049999952316284,100.0
2026-04-13 13:49:00,UCU.V,,5.71999979019165,5.71999979019165,5.71999979019165,5.71999979019165,100.0
2026-04-13 13:49:00,WRLG.V,,1.0,1.0,1.0,1.0,500.0
2026-04-13 13:49:00,ZDC.V,,5.71999979019165,5.730000019073486,5.71999979019165,5.730000019073486,1100.0
2026-04-13 13:50:00,THX.V,,1.5,1.5,1.5,1.5,10800.0
2026-04-13 13:51:00,NILI.V,,0.675000011920929,0.675000011920929,0.675000011920929,0.675000011920929,1000.0
2026-04-13 13:51:00,TECT.V,,2.559999942779541,2.559999942779541,2.559999942779541,2.559999942779541,100.0
2026-04-13 13:51:00,THX.V,,1.5,1.5,1.4950000047683716,1.4950000047683716,400.0
2026-04-13 13:51:00,VCU.V,,1.350000023841858,1.350000023841858,1.350000023841858,1.350000023841858,1900.0
2026-04-13 13:52:00,NILI.V,,0.675000011920929,0.675000011920929,0.675000011920929,0.675000011920929,500.0
2026-04-13 13:52:00,THX.V,,1.5,1.5,1.5,1.5,100.0
2026-04-13 13:52:00,UCU.V,,5.730000019073486,5.730000019073486,5.730000019073486,5.730000019073486,150.0
2026-04-13 13:53:00,THX.V,,1.5,1.5,1.5,1.5,200.0
2026-04-13 13:53:00,TRU.V,,0.04500000178813934,0.04500000178813934,0.04500000178813934,0.04500000178813934,0.0
2026-04-13 13:53:00,WRLG.V,,1.0,1.0,1.0,1.0,9000.0
2026-04-13 13:54:00,AUMB.V,,0.9900000095367432,0.9900000095367432,0.9900000095367432,0.9900000095367432,6500.0
2026-04-13 13:54:00,TECT.V,,2.559999942779541,2.559999942779541,2.559999942779541,2.559999942779541,100.0
2026-04-13 13:54:00,THX.V,,1.5,1.5,1.5,1.5,2500.0
2026-04-13 13:54:00,UCU.V,,5.710000038146973,5.710000038146973,5.710000038146973,5.710000038146973,700.0
2026-04-13 13:54:00,VIO.V,,0.13500000536441803,0.13500000536441803,0.13500000536441803,0.13500000536441803,5000.0
2026-04-13 13:54:00,ZAC.V,,0.07999999821186066,0.07999999821186066,0.07999999821186066,0.07999999821186066,21000.0
2026-04-13 13:55:00,TECT.V,,2.559999942779541,2.569999933242798,2.559999942779541,2.569999933242798,1200.0
2026-04-13 13:55:00,VIO.V,,0.13500000536441803,0.13500000536441803,0.13500000536441803,0.13500000536441803,1500.0
2026-04-13 13:56:00,NILI.V,,0.675000011920929,0.675000011920929,0.675000011920929,0.675000011920929,500.0
2026-04-13 13:56:00,VCU.V,,1.3300000429153442,1.3300000429153442,1.3300000429153442,1.3300000429153442,1400.0
2026-04-13 13:56:00,WGO.V,,1.7000000476837158,1.7000000476837158,1.7000000476837158,1.7000000476837158,400.0
2026-04-13 13:56:00,YNV.V,,0.10499999672174454,0.10499999672174454,0.10499999672174454,0.10499999672174454,500.0
2026-04-13 13:57:00,TECT.V,,2.559999942779541,2.559999942779541,2.559999942779541,2.559999942779541,100.0
2026-04-13 13:57:00,WED.V,,24.8799991607666,24.8799991607666,24.8799991607666,24.8799991607666,100.0
2026-04-13 13:58:00,VO.V,,0.10000000149011612,0.10000000149011612,0.10000000149011612,0.10000000149011612,10000.0
2026-04-13 13:59:00,TDG.V,,0.5899999737739563,0.5899999737739563,0.5899999737739563,0.5899999737739563,15000.0
2026-04-13 13:59:00,THX.V,,1.5049999952316284,1.5049999952316284,1.5049999952316284,1.5049999952316284,200.0
2026-04-13 13:59:00,TTZ.V,,0.36000001430511475,0.36000001430511475,0.35499998927116394,0.35499998927116394,0.0
2026-04-13 13:59:00,YNV.V,,0.10499999672174454,0.10499999672174454,0.10499999672174454,0.10499999672174454,6000.0
2026-04-13 13:59:00,ZDC.V,,5.710000038146973,5.710000038146973,5.710000038146973,5.710000038146973,100.0
2026-04-13 13:59:00,ZON.V,,0.10000000149011612,0.10000000149011612,0.10000000149011612,0.10000000149011612,13500.0
2026-04-13 14:00:00,NILI.V,,0.675000011920929,0.675000011920929,0.675000011920929,0.675000011920929,500.0
2026-04-13 14:00:00,TAJ.V,,0.27000001072883606,0.27000001072883606,0.27000001072883606,0.27000001072883606,9000.0
2026-04-13 14:00:00,TDG.V,,0.5899999737739563,0.5899999737739563,0.5899999737739563,0.5899999737739563,5000.0
2026-04-13 14:00:00,THX.V,,1.5049999952316284,1.5049999952316284,1.5049999952316284,1.5049999952316284,100.0
2026-04-13 14:00:00,TMET.V,,0.10999999940395355,0.10999999940395355,0.10999999940395355,0.10999999940395355,11000.0
2026-04-13 14:00:00,TUD.V,,1.0099999904632568,1.0099999904632568,1.0099999904632568,1.0099999904632568,1000.0
2026-04-13 14:00:00,USS.V,,0.6600000262260437,0.6600000262260437,0.6600000262260437,0.6600000262260437,3000.0
2026-04-13 14:00:00,ZOMD.V,,0.8700000047683716,0.875,0.8700000047683716,0.875,5000.0
2026-04-13 14:01:00,TECT.V,,2.559999942779541,2.559999942779541,2.559999942779541,2.559999942779541,100.0
2026-04-13 14:01:00,THX.V,,1.5099999904632568,1.5099999904632568,1.5099999904632568,1.5099999904632568,200.0
2026-04-13 14:01:00,TTZ.V,,0.3700000047683716,0.3700000047683716,0.36000001430511475,0.36000001430511475,27500.0
2026-04-13 14:01:00,WED.V,,25.0,25.0,25.0,25.0,100.0
2026-04-13 14:01:00,WRLG.V,,1.0,1.0,1.0,1.0,500.0
2026-04-13 14:02:00,SURG.V,,0.6299999952316284,0.6299999952316284,0.6299999952316284,0.6299999952316284,12500.0
2026-04-13 14:02:00,TECT.V,,2.559999942779541,2.559999942779541,2.559999942779541,2.559999942779541,100.0
2026-04-13 14:02:00,THX.V,,1.5049999952316284,1.5049999952316284,1.5049999952316284,1.5049999952316284,100.0
2026-04-13 14:02:00,TTZ.V,,0.3700000047683716,0.3700000047683716,0.3700000047683716,0.3700000047683716,6500.0
2026-04-13 14:02:00,VCU.V,,1.340000033378601,1.340000033378601,1.340000033378601,1.340000033378601,237.0
2026-04-13 14:03:00,THX.V,,1.5049999952316284,1.5049999952316284,1.5049999952316284,1.5049999952316284,2400.0
2026-04-13 14:03:00,UCU.V,,5.730000019073486,5.730000019073486,5.730000019073486,5.730000019073486,100.0
2026-04-13 14:03:00,WEX.V,,0.699999988079071,0.699999988079071,0.6899999976158142,0.6899999976158142,5580.0
2026-04-13 14:03:00,WRLG.V,,1.0,1.0,1.0,1.0,500.0
2026-04-13 14:04:00,AUMB.V,,1.0,1.0,1.0,1.0,1000.0
2026-04-13 14:04:00,SURG.V,,0.6299999952316284,0.6299999952316284,0.6299999952316284,0.6299999952316284,5000.0
2026-04-13 14:04:00,TELO.V,,0.054999999701976776,0.054999999701976776,0.054999999701976776,0.054999999701976776,51500.0
2026-04-13 14:04:00,THX.V,,1.5099999904632568,1.5099999904632568,1.5099999904632568,1.5099999904632568,100.0
2026-04-13 14:04:00,TOI.V,,96.5,96.5,96.29000091552734,96.29000091552734,700.0
2026-04-13 14:04:00,TTZ.V,,0.3700000047683716,0.3700000047683716,0.3700000047683716,0.3700000047683716,5000.0
2026-04-13 14:04:00,VCU.V,,1.3300000429153442,1.3300000429153442,1.3300000429153442,1.3300000429153442,2640.0
2026-04-13 14:05:00,NILI.V,,0.675000011920929,0.675000011920929,0.675000011920929,0.675000011920929,500.0
2026-04-13 14:05:00,TECT.V,,2.559999942779541,2.559999942779541,2.559999942779541,2.559999942779541,100.0
2026-04-13 14:05:00,THX.V,,1.5099999904632568,1.5099999904632568,1.5099999904632568,1.5099999904632568,800.0
2026-04-13 14:05:00,TLT.V,,0.3199999928474426,0.3199999928474426,0.3199999928474426,0.3199999928474426,84500.0
2026-04-13 14:05:00,TOI.V,,96.73999786376953,96.73999786376953,96.73999786376953,96.73999786376953,212.0
2026-04-13 14:05:00,TTS.V,,0.5199999809265137,0.5199999809265137,0.5199999809265137,0.5199999809265137,2000.0
2026-04-13 14:05:00,UCU.V,,5.739999771118164,5.739999771118164,5.730000019073486,5.730000019073486,600.0
2026-04-13 14:06:00,UCU.V,,5.71999979019165,5.730000019073486,5.71999979019165,5.71999979019165,400.0
2026-04-13 14:07:00,SURG.V,,0.6299999952316284,0.6299999952316284,0.6299999952316284,0.6299999952316284,1500.0
2026-04-13 14:07:00,UCU.V,,5.690000057220459,5.699999809265137,5.679999828338623,5.699999809265137,2560.0
2026-04-13 14:07:00,WRLG.V,,1.0,1.0,1.0,1.0,1000.0
2026-04-13 14:08:00,AUMB.V,,0.9900000095367432,0.9950000047683716,0.9900000095367432,0.9950000047683716,34100.0
2026-04-13 14:08:00,TECT.V,,2.559999942779541,2.559999942779541,2.559999942779541,2.559999942779541,100.0
2026-04-13 14:08:00,THX.V,,1.5099999904632568,1.5099999904632568,1.5099999904632568,1.5099999904632568,800.0
2026-04-13 14:08:00,TOI.V,,96.75,96.75,96.69999694824219,96.69999694824219,409.0
2026-04-13 14:08:00,WRLG.V,,1.0,1.0,1.0,1.0,30000.0
2026-04-13 14:08:00,ZDC.V,,5.710000038146973,5.710000038146973,5.710000038146973,5.710000038146973,100.0
2026-04-13 14:09:00,THX.V,,1.5099999904632568,1.5099999904632568,1.5099999904632568,1.5099999904632568,200.0
2026-04-13 14:09:00,VCU.V,,1.3300000429153442,1.3300000429153442,1.3300000429153442,1.3300000429153442,600.0
2026-04-13 14:09:00,WRLG.V,,1.0,1.0,1.0,1.0,500.0
2026-04-13 14:09:00,ZDC.V,,5.710000038146973,5.710000038146973,5.710000038146973,5.710000038146973,500.0
2026-04-13 14:10:00,TDG.V,,0.6100000143051147,0.6100000143051147,0.6000000238418579,0.6000000238418579,48000.0
2026-04-13 14:10:00,TECT.V,,2.559999942779541,2.559999942779541,2.559999942779541,2.559999942779541,100.0
2026-04-13 14:10:00,UCU.V,,5.699999809265137,5.699999809265137,5.699999809265137,5.699999809265137,200.0
2026-04-13 14:11:00,NILI.V,,0.675000011920929,0.675000011920929,0.675000011920929,0.675000011920929,500.0
2026-04-13 14:11:00,TOI.V,,96.73999786376953,96.80000305175781,96.73999786376953,96.80000305175781,260.0
2026-04-13 14:11:00,TUK.V,,0.02500000037252903,0.02500000037252903,0.02500000037252903,0.02500000037252903,10000.0
2026-04-13 14:11:00,UCU.V,,5.699999809265137,5.699999809265137,5.699999809265137,5.699999809265137,400.0
2026-04-13 14:11:00,WRLG.V,,1.0,1.0,1.0,1.0,1500.0
2026-04-13 14:11:00,ZDC.V,,5.730000019073486,5.730000019073486,5.71999979019165,5.71999979019165,600.0
2026-04-13 14:12:00,THX.V,,1.5099999904632568,1.5099999904632568,1.5099999904632568,1.5099999904632568,600.0
2026-04-13 14:12:00,VIO.V,,0.13500000536441803,0.13500000536441803,0.13500000536441803,0.13500000536441803,7000.0
2026-04-13 14:12:00,WML.V,,0.09000000357627869,0.09000000357627869,0.09000000357627869,0.09000000357627869,3000.0
2026-04-13 14:12:00,WRLG.V,,1.0,1.0,1.0,1.0,500.0
2026-04-13 14:12:00,YEG.V,,0.17000000178813934,0.17000000178813934,0.17000000178813934,0.17000000178813934,1500.0
2026-04-13 14:13:00,TECT.V,,2.559999942779541,2.559999942779541,2.559999942779541,2.559999942779541,100.0
2026-04-13 14:13:00,UCU.V,,5.690000057220459,5.690000057220459,5.690000057220459,5.690000057220459,100.0
2026-04-13 14:13:00,WRLG.V,,1.0,1.0,1.0,1.0,500.0
2026-04-13 14:14:00,ZDC.V,,5.710000038146973,5.710000038146973,5.710000038146973,5.710000038146973,100.0
2026-04-13 14:15:00,AUMB.V,,0.9800000190734863,0.9800000190734863,0.9800000190734863,0.9800000190734863,500.0
2026-04-13 14:15:00,UCU.V,,5.699999809265137,5.699999809265137,5.699999809265137,5.699999809265137,100.0
2026-04-13 14:15:00,WED.V,,25.0,25.0,25.0,25.0,100.0
2026-04-13 14:15:00,WI.V,,0.8700000047683716,0.8700000047683716,0.8700000047683716,0.8700000047683716,2000.0
2026-04-13 14:15:00,XIM.V,,0.08500000089406967,0.08500000089406967,0.08500000089406967,0.08500000089406967,1000.0
2026-04-13 14:15:00,ZOMD.V,,0.875,0.875,0.875,0.875,500.0
2026-04-13 14:16:00,TOI.V,,97.05000305175781,97.05000305175781,96.88999938964844,96.88999938964844,522.0
2026-04-13 14:16:00,UCU.V,,5.699999809265137,5.699999809265137,5.699999809265137,5.699999809265137,100.0
2026-04-13 14:16:00,ZDC.V,,5.71999979019165,5.71999979019165,5.71999979019165,5.71999979019165,100.0
2026-04-13 14:16:00,ZON.V,,0.10000000149011612,0.10000000149011612,0.10000000149011612,0.10000000149011612,20500.0
2026-04-13 14:17:00,THX.V,,1.5049999952316284,1.5049999952316284,1.5049999952316284,1.5049999952316284,200.0
2026-04-13 14:17:00,UCU.V,,5.699999809265137,5.699999809265137,5.699999809265137,5.699999809265137,100.0
2026-04-13 14:17:00,UGD.V,,0.4099999964237213,0.4099999964237213,0.4099999964237213,0.4099999964237213,3500.0
2026-04-13 14:17:00,WGO.V,,1.7000000476837158,1.7000000476837158,1.7000000476837158,1.7000000476837158,1100.0
2026-04-13 14:18:00,NILI.V,,0.6800000071525574,0.6800000071525574,0.6800000071525574,0.6800000071525574,500.0
2026-04-13 14:18:00,THX.V,,1.5049999952316284,1.5049999952316284,1.5049999952316284,1.5049999952316284,200.0
2026-04-13 14:18:00,WRR.V,,0.3100000023841858,0.3100000023841858,0.3100000023841858,0.3100000023841858,17000.0
2026-04-13 14:19:00,TECT.V,,2.559999942779541,2.559999942779541,2.559999942779541,2.559999942779541,100.0
2026-04-13 14:19:00,THX.V,,1.5049999952316284,1.5099999904632568,1.5049999952316284,1.5049999952316284,600.0
2026-04-13 14:19:00,TRBC.V,,0.18000000715255737,0.18000000715255737,0.18000000715255737,0.18000000715255737,26000.0
2026-04-13 14:19:00,UCU.V,,5.699999809265137,5.699999809265137,5.699999809265137,5.699999809265137,100.0
2026-04-13 14:19:00,VCU.V,,1.3300000429153442,1.3300000429153442,1.3300000429153442,1.3300000429153442,300.0
2026-04-13 14:19:00,WRR.V,,0.3100000023841858,0.3100000023841858,0.30000001192092896,0.3100000023841858,9500.0
2026-04-13 14:20:00,AUMB.V,,0.9800000190734863,0.9800000190734863,0.9800000190734863,0.9800000190734863,2000.0
2026-04-13 14:20:00,TECT.V,,2.559999942779541,2.559999942779541,2.559999942779541,2.559999942779541,100.0
2026-04-13 14:20:00,TRBC.V,,0.1850000023841858,0.1850000023841858,0.1850000023841858,0.1850000023841858,500.0
2026-04-13 14:20:00,UCU.V,,5.699999809265137,5.699999809265137,5.699999809265137,5.699999809265137,600.0
2026-04-13 14:21:00,TLT.V,,0.3199999928474426,0.3199999928474426,0.3199999928474426,0.3199999928474426,500.0
2026-04-13 14:21:00,WED.V,,24.889999389648438,24.889999389648438,24.889999389648438,24.889999389648438,100.0
2026-04-13 14:21:00,WHY.V,,0.3400000035762787,0.3400000035762787,0.3400000035762787,0.3400000035762787,1000.0
2026-04-13 14:21:00,ZDC.V,,5.730000019073486,5.730000019073486,5.730000019073486,5.730000019073486,200.0
2026-04-13 14:22:00,TAJ.V,,0.27000001072883606,0.27000001072883606,0.27000001072883606,0.27000001072883606,500.0
2026-04-13 14:22:00,TGOL.V,,0.12999999523162842,0.12999999523162842,0.12999999523162842,0.12999999523162842,4000.0
2026-04-13 14:22:00,THX.V,,1.5049999952316284,1.5049999952316284,1.5049999952316284,1.5049999952316284,300.0
2026-04-13 14:22:00,TMG.V,,0.1599999964237213,0.1599999964237213,0.1599999964237213,0.1599999964237213,47500.0
2026-04-13 14:22:00,UCU.V,,5.730000019073486,5.730000019073486,5.710000038146973,5.710000038146973,300.0
2026-04-13 14:23:00,SURG.V,,0.6299999952316284,0.6299999952316284,0.6299999952316284,0.6299999952316284,2000.0
2026-04-13 14:23:00,TELO.V,,0.054999999701976776,0.054999999701976776,0.054999999701976776,0.054999999701976776,5000.0
2026-04-13 14:23:00,TK.V,,0.4050000011920929,0.4050000011920929,0.4050000011920929,0.4050000011920929,2000.0
2026-04-13 14:23:00,WCU.V,,0.014999999664723873,0.014999999664723873,0.014999999664723873,0.014999999664723873,145000.0
2026-04-13 14:23:00,WRLG.V,,0.9950000047683716,0.9950000047683716,0.9950000047683716,0.9950000047683716,500.0
2026-04-13 14:24:00,AUMB.V,,0.9900000095367432,0.9900000095367432,0.9900000095367432,0.9900000095367432,8000.0
2026-04-13 14:24:00,TK.V,,0.4050000011920929,0.4050000011920929,0.4050000011920929,0.4050000011920929,3000.0
2026-04-13 14:24:00,UCU.V,,5.670000076293945,5.699999809265137,5.670000076293945,5.699999809265137,1000.0
2026-04-13 14:24:00,WML.V,,0.09000000357627869,0.09000000357627869,0.09000000357627869,0.09000000357627869,9000.0
2026-04-13 14:24:00,WRLG.V,,1.0,1.0,1.0,1.0,500.0
2026-04-13 14:26:00,THX.V,,1.5099999904632568,1.5099999904632568,1.5099999904632568,1.5099999904632568,5200.0
2026-04-13 14:26:00,WRLG.V,,0.9950000047683716,0.9950000047683716,0.9950000047683716,0.9950000047683716,500.0
2026-04-13 14:26:00,ZYUS.V,,0.5,0.5,0.5,0.5,1500.0
2026-04-13 14:27:00,BIRD.V,,0.06499999761581421,0.06499999761581421,0.06499999761581421,0.06499999761581421,2000.0
2026-04-13 14:27:00,THX.V,,1.5099999904632568,1.5099999904632568,1.5099999904632568,1.5099999904632568,20700.0
2026-04-13 14:27:00,WGO.V,,1.7000000476837158,1.7000000476837158,1.7000000476837158,1.7000000476837158,589.0
2026-04-13 14:28:00,ONE.V,,0.4000000059604645,0.4050000011920929,0.4000000059604645,0.4050000011920929,2500.0
2026-04-13 14:28:00,THX.V,,1.5099999904632568,1.5099999904632568,1.5099999904632568,1.5099999904632568,300.0
2026-04-13 14:28:00,TMG.V,,0.1599999964237213,0.1599999964237213,0.1599999964237213,0.1599999964237213,10500.0
2026-04-13 14:28:00,UCU.V,,5.710000038146973,5.710000038146973,5.699999809265137,5.699999809265137,800.0
2026-04-13 14:28:00,WRLG.V,,0.9950000047683716,0.9950000047683716,0.9950000047683716,0.9950000047683716,500.0
2026-04-13 14:29:00,NILI.V,,0.675000011920929,0.675000011920929,0.675000011920929,0.675000011920929,500.0
2026-04-13 14:29:00,THX.V,,1.5099999904632568,1.5099999904632568,1.5099999904632568,1.5099999904632568,500.0
2026-04-13 14:29:00,TLT.V,,0.3149999976158142,0.3149999976158142,0.3149999976158142,0.3149999976158142,5500.0
2026-04-13 14:29:00,UCU.V,,5.699999809265137,5.699999809265137,5.699999809265137,5.699999809265137,200.0
2026-04-13 14:29:00,WGO.V,,1.7000000476837158,1.7000000476837158,1.7000000476837158,1.7000000476837158,15500.0
2026-04-13 14:30:00,AUMB.V,,0.9900000095367432,0.9900000095367432,0.9900000095367432,0.9900000095367432,1000.0
2026-04-13 14:30:00,NILI.V,,0.6800000071525574,0.6800000071525574,0.6800000071525574,0.6800000071525574,500.0
2026-04-13 14:30:00,THX.V,,1.5099999904632568,1.5099999904632568,1.5099999904632568,1.5099999904632568,300.0
2026-04-13 14:30:00,UCU.V,,5.699999809265137,5.699999809265137,5.699999809265137,5.699999809265137,300.0
2026-04-13 14:30:00,WED.V,,24.989999771118164,24.989999771118164,24.989999771118164,24.989999771118164,100.0
2026-04-13 14:30:00,WGO.V,,1.7000000476837158,1.7000000476837158,1.7000000476837158,1.7000000476837158,100.0
2026-04-13 14:31:00,TAJ.V,,0.2750000059604645,0.2750000059604645,0.2750000059604645,0.2750000059604645,7500.0
2026-04-13 14:31:00,TGOL.V,,0.13500000536441803,0.13500000536441803,0.13500000536441803,0.13500000536441803,500.0
2026-04-13 14:31:00,THX.V,,1.5099999904632568,1.5099999904632568,1.5099999904632568,1.5099999904632568,200.0
2026-04-13 14:32:00,THX.V,,1.5099999904632568,1.5099999904632568,1.5099999904632568,1.5099999904632568,900.0
2026-04-13 14:32:00,UCU.V,,5.704999923706055,5.704999923706055,5.704999923706055,5.704999923706055,100.0
2026-04-13 14:33:00,AUMB.V,,0.9900000095367432,0.9900000095367432,0.9900000095367432,0.9900000095367432,2845.0
2026-04-13 14:33:00,UCU.V,,5.704999923706055,5.704999923706055,5.704999923706055,5.704999923706055,100.0
2026-04-13 14:34:00,NILI.V,,0.675000011920929,0.675000011920929,0.675000011920929,0.675000011920929,500.0
2026-04-13 14:34:00,TM.V,,0.4050000011920929,0.4099999964237213,0.4050000011920929,0.4099999964237213,10000.0
2026-04-13 14:34:00,VIO.V,,0.14000000059604645,0.14000000059604645,0.13750000298023224,0.13750000298023224,55000.0
2026-04-13 14:34:00,WCE.V,,0.13500000536441803,0.13500000536441803,0.13500000536441803,0.13500000536441803,20000.0
2026-04-13 14:34:00,ZDC.V,,5.71999979019165,5.71999979019165,5.71999979019165,5.71999979019165,500.0
2026-04-13 14:34:00,ZON.V,,0.10000000149011612,0.10000000149011612,0.10000000149011612,0.10000000149011612,2500.0
2026-04-13 14:35:00,NILI.V,,0.675000011920929,0.675000011920929,0.675000011920929,0.675000011920929,500.0
2026-04-13 14:35:00,THX.V,,1.5149999856948853,1.5149999856948853,1.5149999856948853,1.5149999856948853,100.0
2026-04-13 14:35:00,UCU.V,,5.699999809265137,5.710000038146973,5.699999809265137,5.710000038146973,900.0
2026-04-13 14:35:00,VCU.V,,1.340000033378601,1.340000033378601,1.340000033378601,1.340000033378601,700.0
2026-04-13 14:36:00,NILI.V,,0.675000011920929,0.675000011920929,0.675000011920929,0.675000011920929,500.0
2026-04-13 14:36:00,THX.V,,1.5199999809265137,1.5199999809265137,1.5149999856948853,1.5149999856948853,200.0
2026-04-13 14:36:00,TNO-H.V,,0.07000000029802322,0.07000000029802322,0.07000000029802322,0.07000000029802322,3000.0
2026-04-13 14:36:00,UGD.V,,0.4000000059604645,0.4000000059604645,0.4000000059604645,0.4000000059604645,160000.0
2026-04-13 14:36:00,ZDC.V,,5.699999809265137,5.699999809265137,5.699999809265137,5.699999809265137,100.0
2026-04-13 14:37:00,AUMB.V,,0.9900000095367432,0.9900000095367432,0.9900000095367432,0.9900000095367432,500.0
2026-04-13 14:37:00,THX.V,,1.5199999809265137,1.5199999809265137,1.5199999809265137,1.5199999809265137,300.0
2026-04-13 14:37:00,UGD.V,,0.4099999964237213,0.4099999964237213,0.4099999964237213,0.4099999964237213,5000.0
2026-04-13 14:37:00,WRLG.V,,0.9950000047683716,0.9950000047683716,0.9950000047683716,0.9950000047683716,500.0
2026-04-13 14:38:00,NILI.V,,0.675000011920929,0.675000011920929,0.675000011920929,0.675000011920929,500.0
2026-04-13 14:38:00,THX.V,,1.5149999856948853,1.5149999856948853,1.5149999856948853,1.5149999856948853,100.0
2026-04-13 14:38:00,TK.V,,0.4099999964237213,0.4099999964237213,0.4099999964237213,0.4099999964237213,500.0
2026-04-13 14:38:00,UGD.V,,0.4099999964237213,0.4099999964237213,0.4000000059604645,0.4000000059604645,92000.0
2026-04-13 14:38:00,ZDC.V,,5.699999809265137,5.699999809265137,5.699999809265137,5.699999809265137,100.0
2026-04-13 14:39:00,NILI.V,,0.675000011920929,0.675000011920929,0.675000011920929,0.675000011920929,500.0
2026-04-13 14:39:00,THX.V,,1.5149999856948853,1.5199999809265137,1.5149999856948853,1.5199999809265137,1000.0
2026-04-13 14:39:00,UGD.V,,0.4099999964237213,0.4099999964237213,0.4000000059604645,0.4099999964237213,93000.0
2026-04-13 14:40:00,TELO.V,,0.054999999701976776,0.054999999701976776,0.054999999701976776,0.054999999701976776,20000.0
2026-04-13 14:40:00,THX.V,,1.5149999856948853,1.5149999856948853,1.5149999856948853,1.5149999856948853,200.0
2026-04-13 14:40:00,UGD.V,,0.4000000059604645,0.4099999964237213,0.4000000059604645,0.4099999964237213,18000.0
2026-04-13 14:40:00,WRLG.V,,1.0,1.0,1.0,1.0,21000.0
2026-04-13 14:41:00,NILI.V,,0.675000011920929,0.675000011920929,0.675000011920929,0.675000011920929,500.0
2026-04-13 14:41:00,THX.V,,1.5199999809265137,1.5199999809265137,1.5149999856948853,1.5149999856948853,1933.0
2026-04-13 14:41:00,UCU.V,,5.695000171661377,5.695000171661377,5.695000171661377,5.695000171661377,130.0
2026-04-13 14:41:00,WEB.V,,1.5700000524520874,1.5700000524520874,1.559999942779541,1.559999942779541,3400.0
2026-04-13 14:41:00,WGO.V,,1.7100000381469727,1.7100000381469727,1.7100000381469727,1.7100000381469727,3500.0
2026-04-13 14:41:00,ZDC.V,,5.699999809265137,5.699999809265137,5.699999809265137,5.699999809265137,1800.0
2026-04-13 14:42:00,NILI.V,,0.675000011920929,0.675000011920929,0.675000011920929,0.675000011920929,500.0
2026-04-13 14:42:00,TAJ.V,,0.2750000059604645,0.2750000059604645,0.27000001072883606,0.27000001072883606,18000.0
2026-04-13 14:42:00,TECT.V,,2.5799999237060547,2.5799999237060547,2.5799999237060547,2.5799999237060547,5500.0
2026-04-13 14:42:00,TELO.V,,0.054999999701976776,0.054999999701976776,0.054999999701976776,0.054999999701976776,20000.0
2026-04-13 14:42:00,THX.V,,1.5149999856948853,1.5149999856948853,1.5149999856948853,1.5149999856948853,200.0
2026-04-13 14:42:00,TOI.V,,96.26000213623047,96.36000061035156,96.26000213623047,96.36000061035156,400.0
2026-04-13 14:42:00,WRLG.V,,1.0,1.0,1.0,1.0,500.0
2026-04-13 14:43:00,THX.V,,1.5149999856948853,1.5149999856948853,1.5149999856948853,1.5149999856948853,200.0
2026-04-13 14:43:00,TM.V,,0.4050000011920929,0.4050000011920929,0.4050000011920929,0.4050000011920929,1500.0
2026-04-13 14:43:00,VCU.V,,1.350000023841858,1.350000023841858,1.350000023841858,1.350000023841858,3600.0
2026-04-13 14:43:00,ZDC.V,,5.699999809265137,5.699999809265137,5.679999828338623,5.679999828338623,500.0
2026-04-13 14:44:00,TECT.V,,2.569999933242798,2.569999933242798,2.569999933242798,2.569999933242798,300.0
2026-04-13 14:44:00,THM.V,,1.0399999618530273,1.100000023841858,1.0399999618530273,1.100000023841858,0.0
2026-04-13 14:44:00,THX.V,,1.5099999904632568,1.5149999856948853,1.5099999904632568,1.5149999856948853,1100.0
2026-04-13 14:44:00,VUL.V,,0.23999999463558197,0.23999999463558197,0.23999999463558197,0.23999999463558197,35000.0
2026-04-13 14:44:00,WHY.V,,0.3400000035762787,0.3400000035762787,0.3400000035762787,0.3400000035762787,5000.0
2026-04-13 14:45:00,TMET.V,,0.10499999672174454,0.10499999672174454,0.10499999672174454,0.10499999672174454,1000.0
2026-04-13 14:46:00,TOI.V,,96.93000030517578,96.93000030517578,96.93000030517578,96.93000030517578,160.0
2026-04-13 14:46:00,UCU.V,,5.695000171661377,5.695000171661377,5.695000171661377,5.695000171661377,100.0
2026-04-13 14:46:00,WED.V,,24.969999313354492,24.969999313354492,24.969999313354492,24.969999313354492,100.0
2026-04-13 14:46:00,ZDC.V,,5.679999828338623,5.695000171661377,5.679999828338623,5.695000171661377,2600.0
2026-04-13 14:47:00,NILI.V,,0.675000011920929,0.675000011920929,0.675000011920929,0.675000011920929,500.0
2026-04-13 14:47:00,THM.V,,1.0399999618530273,1.100000023841858,1.0399999618530273,1.100000023841858,200.0
2026-04-13 14:47:00,TSLV.V,,0.11500000208616257,0.11500000208616257,0.11500000208616257,0.11500000208616257,22500.0
2026-04-13 14:47:00,WHY.V,,0.3400000035762787,0.3400000035762787,0.3400000035762787,0.3400000035762787,3500.0
2026-04-13 14:47:00,WIL.V,,0.3100000023841858,0.3100000023841858,0.3100000023841858,0.3100000023841858,0.0
2026-04-13 14:47:00,WRLG.V,,1.0,1.0,1.0,1.0,500.0
2026-04-13 14:48:00,NILI.V,,0.6700000166893005,0.6700000166893005,0.6700000166893005,0.6700000166893005,500.0
2026-04-13 14:48:00,TECT.V,,2.559999942779541,2.559999942779541,2.559999942779541,2.559999942779541,100.0
2026-04-13 14:48:00,TELO.V,,0.054999999701976776,0.054999999701976776,0.054999999701976776,0.054999999701976776,17000.0
2026-04-13 14:48:00,TIG.V,,0.5400000214576721,0.5400000214576721,0.5400000214576721,0.5400000214576721,1000.0
2026-04-13 14:48:00,TR.V,,0.02500000037252903,0.02500000037252903,0.02500000037252903,0.02500000037252903,23000.0
2026-04-13 14:48:00,UCU.V,,5.690000057220459,5.699999809265137,5.690000057220459,5.699999809265137,1100.0
2026-04-13 14:48:00,WGO.V,,1.7100000381469727,1.7100000381469727,1.7100000381469727,1.7100000381469727,800.0
2026-04-13 14:48:00,WIL.V,,0.3100000023841858,0.3100000023841858,0.3100000023841858,0.3100000023841858,4500.0
2026-04-13 14:48:00,WRLG.V,,1.0,1.0,1.0,1.0,500.0
2026-04-13 14:49:00,NILI.V,,0.675000011920929,0.675000011920929,0.675000011920929,0.675000011920929,500.0
2026-04-13 14:49:00,WRLG.V,,1.0,1.0,1.0,1.0,36500.0
2026-04-13 14:49:00,ZDC.V,,5.690000057220459,5.690000057220459,5.690000057220459,5.690000057220459,100.0
2026-04-13 14:50:00,NILI.V,,0.6700000166893005,0.6700000166893005,0.6700000166893005,0.6700000166893005,500.0
2026-04-13 14:50:00,THX.V,,1.5199999809265137,1.5199999809265137,1.5199999809265137,1.5199999809265137,500.0
2026-04-13 14:50:00,UCU.V,,5.690000057220459,5.690000057220459,5.690000057220459,5.690000057220459,100.0
2026-04-13 14:50:00,WRLG.V,,1.0,1.0,1.0,1.0,500.0
2026-04-13 14:51:00,RARE.V,,5.989999771118164,5.989999771118164,5.989999771118164,5.989999771118164,500.0
2026-04-13 14:51:00,TAJ.V,,0.2800000011920929,0.2800000011920929,0.2800000011920929,0.2800000011920929,3000.0
2026-04-13 14:51:00,TECT.V,,2.559999942779541,2.559999942779541,2.559999942779541,2.559999942779541,100.0
2026-04-13 14:51:00,THX.V,,1.5199999809265137,1.5199999809265137,1.5199999809265137,1.5199999809265137,200.0
2026-04-13 14:51:00,VGD.V,,0.1899999976158142,0.1899999976158142,0.1899999976158142,0.1899999976158142,0.0
2026-04-13 14:51:00,WRLG.V,,0.9950000047683716,0.9950000047683716,0.9950000047683716,0.9950000047683716,500.0
2026-04-13 14:51:00,YOO.V,,0.03500000014901161,0.03500000014901161,0.03500000014901161,0.03500000014901161,3000.0
2026-04-13 14:52:00,NILI.V,,0.675000011920929,0.675000011920929,0.675000011920929,0.675000011920929,500.0
2026-04-13 14:52:00,TAJ.V,,0.2800000011920929,0.2800000011920929,0.2800000011920929,0.2800000011920929,9000.0
2026-04-13 14:52:00,ZC.V,,0.5699999928474426,0.5799999833106995,0.5699999928474426,0.5799999833106995,0.0
2026-04-13 14:53:00,NILI.V,,0.6700000166893005,0.6700000166893005,0.6700000166893005,0.6700000166893005,500.0
2026-04-13 14:53:00,THX.V,,1.5199999809265137,1.5199999809265137,1.5199999809265137,1.5199999809265137,200.0
2026-04-13 14:53:00,TOI.V,,97.3499984741211,97.3499984741211,97.19999694824219,97.19999694824219,640.0
2026-04-13 14:53:00,TUD.V,,1.0199999809265137,1.0199999809265137,1.0199999809265137,1.0199999809265137,13300.0
2026-04-13 14:53:00,UCU.V,,5.699999809265137,5.699999809265137,5.699999809265137,5.699999809265137,100.0
2026-04-13 14:53:00,WEX.V,,0.7099999785423279,0.7099999785423279,0.7099999785423279,0.7099999785423279,2500.0
2026-04-13 14:53:00,ZAC.V,,0.08500000089406967,0.08500000089406967,0.07999999821186066,0.07999999821186066,20000.0
2026-04-13 14:53:00,ZC.V,,0.5600000023841858,0.5600000023841858,0.5600000023841858,0.5600000023841858,4000.0
2026-04-13 14:54:00,TECT.V,,2.559999942779541,2.559999942779541,2.559999942779541,2.559999942779541,100.0
2026-04-13 14:54:00,TOI.V,,97.4000015258789,97.4000015258789,97.4000015258789,97.4000015258789,210.0
2026-04-13 14:54:00,TRBC.V,,0.1850000023841858,0.1850000023841858,0.1850000023841858,0.1850000023841858,20500.0
2026-04-13 14:54:00,UCU.V,,5.679999828338623,5.690000057220459,5.679999828338623,5.690000057220459,700.0
2026-04-13 14:54:00,ZEN.V,,0.7300000190734863,0.7300000190734863,0.7300000190734863,0.7300000190734863,500.0
2026-04-13 14:55:00,NILI.V,,0.675000011920929,0.675000011920929,0.675000011920929,0.675000011920929,500.0
2026-04-13 14:55:00,UCU.V,,5.679999828338623,5.679999828338623,5.679999828338623,5.679999828338623,300.0
2026-04-13 14:56:00,NILI.V,,0.6700000166893005,0.6700000166893005,0.6700000166893005,0.6700000166893005,1000.0
2026-04-13 14:56:00,RARE.V,,5.989999771118164,5.989999771118164,5.989999771118164,5.989999771118164,556.0
2026-04-13 14:56:00,THX.V,,1.5199999809265137,1.5199999809265137,1.5199999809265137,1.5199999809265137,100.0
2026-04-13 14:57:00,TECT.V,,2.559999942779541,2.559999942779541,2.559999942779541,2.559999942779541,100.0
2026-04-13 14:57:00,THX.V,,1.5199999809265137,1.5199999809265137,1.5199999809265137,1.5199999809265137,100.0
2026-04-13 14:57:00,TIG.V,,0.5400000214576721,0.5400000214576721,0.5400000214576721,0.5400000214576721,1000.0
2026-04-13 14:57:00,WED.V,,24.790000915527344,24.790000915527344,24.790000915527344,24.790000915527344,100.0
2026-04-13 14:57:00,WEX.V,,0.7200000286102295,0.7200000286102295,0.7200000286102295,0.7200000286102295,3500.0
2026-04-13 14:57:00,WGO.V,,1.7000000476837158,1.7000000476837158,1.7000000476837158,1.7000000476837158,1300.0
2026-04-13 14:58:00,NILI.V,,0.675000011920929,0.675000011920929,0.675000011920929,0.675000011920929,500.0
2026-04-13 14:58:00,THX.V,,1.5099999904632568,1.5199999809265137,1.5099999904632568,1.5199999809265137,5310.0
2026-04-13 14:58:00,TTGI.V,,0.05000000074505806,0.054999999701976776,0.05000000074505806,0.054999999701976776,0.0
2026-04-13 14:58:00,WEX.V,,0.7300000190734863,0.7300000190734863,0.7200000286102295,0.7300000190734863,48500.0
2026-04-13 14:59:00,TAJ.V,,0.2849999964237213,0.2849999964237213,0.2849999964237213,0.2849999964237213,500.0
2026-04-13 14:59:00,TTGI.V,,0.05000000074505806,0.05000000074505806,0.05000000074505806,0.05000000074505806,100000.0
2026-04-13 14:59:00,UCU.V,,5.699999809265137,5.710000038146973,5.699999809265137,5.710000038146973,700.0
2026-04-13 14:59:00,WED.V,,24.760000228881836,24.760000228881836,24.760000228881836,24.760000228881836,100.0
2026-04-13 14:59:00,WEX.V,,0.7300000190734863,0.7300000190734863,0.7300000190734863,0.7300000190734863,500.0
2026-04-13 14:59:00,WGO.V,,1.7100000381469727,1.7100000381469727,1.7100000381469727,1.7100000381469727,400.0
2026-04-13 14:59:00,WRLG.V,,1.0,1.0,1.0,1.0,29500.0
2026-04-13 15:00:00,TAJ.V,,0.2849999964237213,0.2849999964237213,0.2849999964237213,0.2849999964237213,1000.0
2026-04-13 15:00:00,TDG.V,,0.6100000143051147,0.6100000143051147,0.6100000143051147,0.6100000143051147,10000.0
2026-04-13 15:00:00,TECT.V,,2.559999942779541,2.559999942779541,2.559999942779541,2.559999942779541,100.0
2026-04-13 15:00:00,THX.V,,1.5099999904632568,1.5099999904632568,1.5099999904632568,1.5099999904632568,200.0
2026-04-13 15:00:00,TLT.V,,0.3199999928474426,0.3199999928474426,0.3199999928474426,0.3199999928474426,500.0
2026-04-13 15:00:00,TOI.V,,97.0,97.0,97.0,97.0,2000.0
2026-04-13 15:00:00,WEX.V,,0.7300000190734863,0.7300000190734863,0.7300000190734863,0.7300000190734863,500.0
2026-04-13 15:00:00,WGO.V,,1.7050000429153442,1.7100000381469727,1.7050000429153442,1.7100000381469727,400.0
2026-04-13 15:00:00,ZDC.V,,5.699999809265137,5.699999809265137,5.699999809265137,5.699999809265137,100.0
2026-04-13 15:01:00,NILI.V,,0.675000011920929,0.675000011920929,0.6700000166893005,0.6700000166893005,1000.0
2026-04-13 15:01:00,THX.V,,1.5099999904632568,1.5099999904632568,1.5099999904632568,1.5099999904632568,400.0
2026-04-13 15:01:00,TIG.V,,0.5400000214576721,0.5400000214576721,0.5400000214576721,0.5400000214576721,500.0
2026-04-13 15:01:00,TOI.V,,97.0,97.0,97.0,97.0,230.0
2026-04-13 15:01:00,WGO.V,,1.7100000381469727,1.7100000381469727,1.7100000381469727,1.7100000381469727,200.0
2026-04-13 15:01:00,WRLG.V,,1.0,1.0,1.0,1.0,7000.0
2026-04-13 15:02:00,VUL.V,,0.23000000417232513,0.23999999463558197,0.23000000417232513,0.23999999463558197,5000.0
2026-04-13 15:02:00,WRLG.V,,0.9950000047683716,1.0,0.9950000047683716,1.0,2000.0
2026-04-13 15:03:00,AUMB.V,,0.9900000095367432,0.9900000095367432,0.9900000095367432,0.9900000095367432,1500.0
2026-04-13 15:03:00,EFF.V,,0.03500000014901161,0.03500000014901161,0.03500000014901161,0.03500000014901161,1000.0
2026-04-13 15:03:00,THX.V,,1.5099999904632568,1.5099999904632568,1.5099999904632568,1.5099999904632568,400.0
2026-04-13 15:03:00,UCU.V,,5.690000057220459,5.710000038146973,5.690000057220459,5.690000057220459,900.0
2026-04-13 15:04:00,TPL.V,,1.590000033378601,1.590000033378601,1.590000033378601,1.590000033378601,100.0
2026-04-13 15:04:00,WRLG.V,,1.0,1.0,1.0,1.0,7000.0
2026-04-13 15:04:00,ZDC.V,,5.679999828338623,5.679999828338623,5.679999828338623,5.679999828338623,200.0
2026-04-13 15:05:00,NILI.V,,0.6700000166893005,0.6700000166893005,0.6700000166893005,0.6700000166893005,21000.0
2026-04-13 15:05:00,TMET.V,,0.10999999940395355,0.10999999940395355,0.10999999940395355,0.10999999940395355,1000.0
2026-04-13 15:05:00,WED.V,,24.760000228881836,24.760000228881836,24.760000228881836,24.760000228881836,100.0
2026-04-13 15:05:00,ZON.V,,0.10000000149011612,0.10000000149011612,0.10000000149011612,0.10000000149011612,5000.0
2026-04-13 15:06:00,THM.V,,1.100000023841858,1.100000023841858,1.100000023841858,1.100000023841858,1800.0
2026-04-13 15:06:00,THX.V,,1.5099999904632568,1.5099999904632568,1.5099999904632568,1.5099999904632568,400.0
2026-04-13 15:06:00,WEX.V,,0.7400000095367432,0.7400000095367432,0.7400000095367432,0.7400000095367432,500.0
2026-04-13 15:07:00,AUMB.V,,0.9900000095367432,0.9900000095367432,0.9900000095367432,0.9900000095367432,1000.0
2026-04-13 15:07:00,THM.V,,1.100000023841858,1.100000023841858,1.100000023841858,1.100000023841858,700.0
2026-04-13 15:07:00,TLT.V,,0.3199999928474426,0.3199999928474426,0.3199999928474426,0.3199999928474426,1000.0
2026-04-13 15:07:00,UCU.V,,5.71999979019165,5.71999979019165,5.71999979019165,5.71999979019165,100.0
2026-04-13 15:07:00,WEX.V,,0.7400000095367432,0.7400000095367432,0.7400000095367432,0.7400000095367432,2000.0
2026-04-13 15:07:00,WRLG.V,,0.9900000095367432,0.9950000047683716,0.9900000095367432,0.9950000047683716,42000.0
2026-04-13 15:08:00,UCU.V,,5.730000019073486,5.730000019073486,5.710000038146973,5.710000038146973,4000.0
2026-04-13 15:08:00,VCU.V,,1.3200000524520874,1.3300000429153442,1.3200000524520874,1.3300000429153442,12600.0
2026-04-13 15:08:00,ZDC.V,,5.690000057220459,5.690000057220459,5.690000057220459,5.690000057220459,100.0
2026-04-13 15:09:00,AUMB.V,,0.9900000095367432,0.9900000095367432,0.9900000095367432,0.9900000095367432,500.0
2026-04-13 15:09:00,TECT.V,,2.5799999237060547,2.5799999237060547,2.559999942779541,2.559999942779541,6265.0
2026-04-13 15:09:00,THX.V,,1.5099999904632568,1.5099999904632568,1.5099999904632568,1.5099999904632568,300.0
2026-04-13 15:09:00,TOI.V,,97.23999786376953,97.23999786376953,97.23999786376953,97.23999786376953,100.0
2026-04-13 15:09:00,UCU.V,,5.75,5.75,5.739999771118164,5.739999771118164,1400.0
2026-04-13 15:09:00,VCU.V,,1.3200000524520874,1.3200000524520874,1.3200000524520874,1.3200000524520874,7300.0
2026-04-13 15:09:00,ZONE.V,,0.014999999664723873,0.014999999664723873,0.014999999664723873,0.014999999664723873,0.0
2026-04-13 15:10:00,NILI.V,,0.675000011920929,0.675000011920929,0.675000011920929,0.675000011920929,1000.0
2026-04-13 15:10:00,THX.V,,1.5099999904632568,1.5099999904632568,1.5099999904632568,1.5099999904632568,200.0
2026-04-13 15:10:00,UCU.V,,5.730000019073486,5.75,5.730000019073486,5.75,1100.0
2026-04-13 15:10:00,VCI.V,,6.550000190734863,6.550000190734863,6.550000190734863,6.550000190734863,100.0
2026-04-13 15:10:00,WEX.V,,0.75,0.75,0.75,0.75,500.0
2026-04-13 15:10:00,XIM.V,,0.08500000089406967,0.08500000089406967,0.08500000089406967,0.08500000089406967,7000.0
2026-04-13 15:11:00,TECT.V,,2.569999933242798,2.569999933242798,2.555000066757202,2.559999942779541,8900.0
2026-04-13 15:11:00,THX.V,,1.5099999904632568,1.5099999904632568,1.5099999904632568,1.5099999904632568,100.0
2026-04-13 15:11:00,VCU.V,,1.3200000524520874,1.3200000524520874,1.3200000524520874,1.3200000524520874,2500.0
2026-04-13 15:11:00,VRR.V,,0.2800000011920929,0.2800000011920929,0.2800000011920929,0.2800000011920929,2000.0
2026-04-13 15:11:00,WEX.V,,0.7300000190734863,0.7300000190734863,0.7300000190734863,0.7300000190734863,1500.0
2026-04-13 15:12:00,NILI.V,,0.675000011920929,0.675000011920929,0.6700000166893005,0.6700000166893005,2500.0
2026-04-13 15:12:00,TUD.V,,1.0099999904632568,1.0099999904632568,1.0099999904632568,1.0099999904632568,1000.0
2026-04-13 15:13:00,NILI.V,,0.675000011920929,0.675000011920929,0.675000011920929,0.675000011920929,500.0
2026-04-13 15:13:00,TECT.V,,2.559999942779541,2.559999942779541,2.559999942779541,2.559999942779541,100.0
2026-04-13 15:13:00,TOI.V,,97.83999633789062,97.83999633789062,97.0,97.0,823.0
2026-04-13 15:13:00,TUD.V,,1.0099999904632568,1.0099999904632568,1.0099999904632568,1.0099999904632568,900.0
2026-04-13 15:13:00,VIO.V,,0.13750000298023224,0.13750000298023224,0.13750000298023224,0.13750000298023224,2000.0
2026-04-13 15:14:00,TECT.V,,2.5899999141693115,2.5999999046325684,2.559999942779541,2.565000057220459,26100.0
2026-04-13 15:14:00,WRLG.V,,1.0,1.0,1.0,1.0,59500.0
2026-04-13 15:15:00,NILI.V,,0.675000011920929,0.675000011920929,0.675000011920929,0.675000011920929,500.0
2026-04-13 15:15:00,TECT.V,,2.5799999237060547,2.5799999237060547,2.5799999237060547,2.5799999237060547,1500.0
2026-04-13 15:15:00,THX.V,,1.5099999904632568,1.5099999904632568,1.5099999904632568,1.5099999904632568,100.0
2026-04-13 15:15:00,UCU.V,,5.71999979019165,5.71999979019165,5.71999979019165,5.71999979019165,200.0
2026-04-13 15:16:00,NILI.V,,0.675000011920929,0.675000011920929,0.675000011920929,0.675000011920929,500.0
2026-04-13 15:16:00,THX.V,,1.5049999952316284,1.5049999952316284,1.5049999952316284,1.5049999952316284,200.0
2026-04-13 15:16:00,TIG.V,,0.5299999713897705,0.5299999713897705,0.5299999713897705,0.5299999713897705,2100.0
2026-04-13 15:16:00,TWO.V,,0.4950000047683716,0.4950000047683716,0.4950000047683716,0.4950000047683716,12500.0
2026-04-13 15:16:00,UCU.V,,5.71999979019165,5.71999979019165,5.71999979019165,5.71999979019165,100.0
2026-04-13 15:16:00,VCU.V,,1.350000023841858,1.350000023841858,1.3200000524520874,1.3200000524520874,43500.0
2026-04-13 15:16:00,VRR.V,,0.2750000059604645,0.2750000059604645,0.2750000059604645,0.2750000059604645,1500.0
2026-04-13 15:16:00,WRLG.V,,1.0049999952316284,1.0049999952316284,1.0049999952316284,1.0049999952316284,1000.0
2026-04-13 15:16:00,ZDC.V,,5.670000076293945,5.670000076293945,5.670000076293945,5.670000076293945,100.0
2026-04-13 15:17:00,NILI.V,,0.675000011920929,0.675000011920929,0.675000011920929,0.675000011920929,500.0
2026-04-13 15:17:00,VCU.V,,1.350000023841858,1.350000023841858,1.350000023841858,1.350000023841858,64700.0
2026-04-13 15:17:00,WRLG.V,,1.0049999952316284,1.0049999952316284,1.0049999952316284,1.0049999952316284,2000.0
2026-04-13 15:17:00,YEG.V,,0.17499999701976776,0.17499999701976776,0.17499999701976776,0.17499999701976776,1000.0
2026-04-13 15:18:00,NILI.V,,0.675000011920929,0.675000011920929,0.675000011920929,0.675000011920929,500.0
2026-04-13 15:18:00,TECT.V,,2.559999942779541,2.559999942779541,2.559999942779541,2.559999942779541,5500.0
2026-04-13 15:18:00,THX.V,,1.5,1.5,1.5,1.5,1400.0
2026-04-13 15:18:00,WRLG.V,,1.0049999952316284,1.0049999952316284,1.0049999952316284,1.0049999952316284,6500.0
2026-04-13 15:18:00,ZDC.V,,5.670000076293945,5.670000076293945,5.670000076293945,5.670000076293945,600.0
2026-04-13 15:19:00,THX.V,,1.5099999904632568,1.5099999904632568,1.5099999904632568,1.5099999904632568,100.0
2026-04-13 15:19:00,TMET.V,,0.10499999672174454,0.10499999672174454,0.10499999672174454,0.10499999672174454,1000.0
2026-04-13 15:19:00,WRLG.V,,1.0049999952316284,1.0049999952316284,1.0049999952316284,1.0049999952316284,3000.0
2026-04-13 15:20:00,THX.V,,1.5099999904632568,1.5099999904632568,1.5099999904632568,1.5099999904632568,100.0
2026-04-13 15:20:00,TLT.V,,0.3199999928474426,0.3199999928474426,0.3199999928474426,0.3199999928474426,5500.0
2026-04-13 15:20:00,TUD.V,,1.0099999904632568,1.0099999904632568,1.0099999904632568,1.0099999904632568,2300.0
2026-04-13 15:20:00,VIO.V,,0.14000000059604645,0.14000000059604645,0.13750000298023224,0.13750000298023224,10000.0
2026-04-13 15:20:00,WRLG.V,,1.0049999952316284,1.0049999952316284,1.0049999952316284,1.0049999952316284,1000.0
2026-04-13 15:20:00,ZON.V,,0.10000000149011612,0.10000000149011612,0.10000000149011612,0.10000000149011612,8000.0
2026-04-13 15:21:00,TECT.V,,2.559999942779541,2.559999942779541,2.559999942779541,2.559999942779541,2900.0
2026-04-13 15:21:00,THX.V,,1.5049999952316284,1.5049999952316284,1.5049999952316284,1.5049999952316284,100.0
2026-04-13 15:21:00,TWO.V,,0.5199999809265137,0.5199999809265137,0.5199999809265137,0.5199999809265137,2000.0
2026-04-13 15:21:00,UCU.V,,5.75,5.75,5.739999771118164,5.739999771118164,2300.0
2026-04-13 15:21:00,WRLG.V,,1.0049999952316284,1.0049999952316284,1.0049999952316284,1.0049999952316284,500.0
2026-04-13 15:22:00,TECT.V,,2.565000057220459,2.565000057220459,2.559999942779541,2.559999942779541,2700.0
2026-04-13 15:22:00,THX.V,,1.5099999904632568,1.5099999904632568,1.5049999952316284,1.5049999952316284,400.0
2026-04-13 15:22:00,UCU.V,,5.75,5.75,5.75,5.75,500.0
2026-04-13 15:22:00,UGD.V,,0.4000000059604645,0.4000000059604645,0.4000000059604645,0.4000000059604645,18632.0
2026-04-13 15:22:00,WIL.V,,0.30000001192092896,0.30000001192092896,0.30000001192092896,0.30000001192092896,6500.0
2026-04-13 15:22:00,WRLG.V,,1.0099999904632568,1.0099999904632568,1.0049999952316284,1.0099999904632568,2500.0
2026-04-13 15:22:00,ZDC.V,,5.670000076293945,5.670000076293945,5.670000076293945,5.670000076293945,100.0
2026-04-13 15:23:00,TECT.V,,2.559999942779541,2.559999942779541,2.559999942779541,2.559999942779541,100.0
2026-04-13 15:23:00,THX.V,,1.5,1.5,1.5,1.5,900.0
2026-04-13 15:23:00,UCU.V,,5.75,5.75,5.75,5.75,215.0
2026-04-13 15:23:00,WRLG.V,,1.0,1.0,1.0,1.0,6000.0
2026-04-13 15:24:00,SURG.V,,0.6399999856948853,0.6399999856948853,0.6299999952316284,0.6299999952316284,32500.0
2026-04-13 15:24:00,TECT.V,,2.559999942779541,2.559999942779541,2.559999942779541,2.559999942779541,100.0
2026-04-13 15:24:00,THX.V,,1.5,1.5,1.5,1.5,700.0
2026-04-13 15:24:00,UCU.V,,5.75,5.75,5.75,5.75,100.0
2026-04-13 15:24:00,WGO.V,,1.7100000381469727,1.7100000381469727,1.7100000381469727,1.7100000381469727,600.0
2026-04-13 15:25:00,NILI.V,,0.6800000071525574,0.6800000071525574,0.6800000071525574,0.6800000071525574,500.0
2026-04-13 15:25:00,SURG.V,,0.6399999856948853,0.6399999856948853,0.6399999856948853,0.6399999856948853,43500.0
2026-04-13 15:25:00,TECT.V,,2.559999942779541,2.559999942779541,2.559999942779541,2.559999942779541,100.0
2026-04-13 15:25:00,THX.V,,1.5099999904632568,1.5099999904632568,1.5099999904632568,1.5099999904632568,100.0
2026-04-13 15:25:00,UCU.V,,5.739999771118164,5.75,5.739999771118164,5.75,200.0
2026-04-13 15:25:00,WRLG.V,,1.0049999952316284,1.0049999952316284,1.0049999952316284,1.0049999952316284,500.0
2026-04-13 15:26:00,AUMB.V,,1.0,1.0,1.0,1.0,10000.0
2026-04-13 15:26:00,NILI.V,,0.6800000071525574,0.6800000071525574,0.6800000071525574,0.6800000071525574,1000.0
2026-04-13 15:26:00,TAJ.V,,0.2849999964237213,0.2849999964237213,0.2849999964237213,0.2849999964237213,9500.0
2026-04-13 15:26:00,TECT.V,,2.559999942779541,2.559999942779541,2.559999942779541,2.559999942779541,100.0
2026-04-13 15:26:00,THX.V,,1.5099999904632568,1.5099999904632568,1.5099999904632568,1.5099999904632568,100.0
2026-04-13 15:26:00,TOI.V,,96.94000244140625,96.94000244140625,96.94000244140625,96.94000244140625,380.0
2026-04-13 15:26:00,WRLG.V,,1.0049999952316284,1.0049999952316284,1.0049999952316284,1.0049999952316284,1000.0
2026-04-13 15:26:00,ZEN.V,,0.7300000190734863,0.7300000190734863,0.7300000190734863,0.7300000190734863,1000.0
2026-04-13 15:27:00,TECT.V,,2.559999942779541,2.559999942779541,2.559999942779541,2.559999942779541,440.0
2026-04-13 15:27:00,THX.V,,1.5099999904632568,1.5099999904632568,1.5099999904632568,1.5099999904632568,100.0
2026-04-13 15:27:00,UCU.V,,5.730000019073486,5.730000019073486,5.730000019073486,5.730000019073486,800.0
2026-04-13 15:27:00,VRR.V,,0.2750000059604645,0.2750000059604645,0.2750000059604645,0.2750000059604645,1000.0
2026-04-13 15:27:00,WAM.V,,0.8199999928474426,0.8199999928474426,0.8199999928474426,0.8199999928474426,2000.0
2026-04-13 15:27:00,WISH.V,,0.25999999046325684,0.25999999046325684,0.25999999046325684,0.25999999046325684,500.0
2026-04-13 15:27:00,WRLG.V,,1.0049999952316284,1.0049999952316284,1.0049999952316284,1.0049999952316284,1000.0
2026-04-13 15:28:00,NILI.V,,0.6800000071525574,0.6800000071525574,0.6800000071525574,0.6800000071525574,500.0
2026-04-13 15:28:00,TAJ.V,,0.2849999964237213,0.2849999964237213,0.2824999988079071,0.2824999988079071,7000.0
2026-04-13 15:28:00,THX.V,,1.5049999952316284,1.5049999952316284,1.5049999952316284,1.5049999952316284,100.0
2026-04-13 15:28:00,UCU.V,,5.71999979019165,5.71999979019165,5.71999979019165,5.71999979019165,100.0
2026-04-13 15:28:00,WRLG.V,,1.0049999952316284,1.0049999952316284,1.0049999952316284,1.0049999952316284,1000.0
2026-04-13 15:29:00,NILI.V,,0.6800000071525574,0.6800000071525574,0.6800000071525574,0.6800000071525574,500.0
2026-04-13 15:29:00,TGOL.V,,0.13500000536441803,0.13500000536441803,0.13500000536441803,0.13500000536441803,1000.0
2026-04-13 15:29:00,THX.V,,1.5049999952316284,1.5049999952316284,1.5049999952316284,1.5049999952316284,100.0
2026-04-13 15:29:00,WGF.V,,0.1899999976158142,0.1899999976158142,0.1899999976158142,0.1899999976158142,1000.0
2026-04-13 15:29:00,WGO.V,,1.7000000476837158,1.7100000381469727,1.7000000476837158,1.7000000476837158,8100.0
2026-04-13 15:29:00,WRLG.V,,1.0099999904632568,1.0099999904632568,1.0049999952316284,1.0049999952316284,1000.0
2026-04-13 15:30:00,NILI.V,,0.6800000071525574,0.6800000071525574,0.6800000071525574,0.6800000071525574,500.0
2026-04-13 15:30:00,THX.V,,1.5099999904632568,1.5099999904632568,1.5049999952316284,1.5049999952316284,500.0
2026-04-13 15:30:00,TOI.V,,96.5999984741211,96.5999984741211,96.5999984741211,96.5999984741211,600.0
2026-04-13 15:30:00,VCU.V,,1.350000023841858,1.350000023841858,1.350000023841858,1.350000023841858,200.0
2026-04-13 15:30:00,WGO.V,,1.7100000381469727,1.7100000381469727,1.7100000381469727,1.7100000381469727,500.0
2026-04-13 15:30:00,WHY.V,,0.3400000035762787,0.3400000035762787,0.3400000035762787,0.3400000035762787,3200.0
2026-04-13 15:30:00,WRLG.V,,1.0,1.0049999952316284,1.0,1.0049999952316284,161446.0
2026-04-13 15:31:00,NILI.V,,0.6800000071525574,0.6800000071525574,0.6800000071525574,0.6800000071525574,500.0
2026-04-13 15:31:00,TAJ.V,,0.2800000011920929,0.2800000011920929,0.2800000011920929,0.2800000011920929,1500.0
2026-04-13 15:31:00,TECT.V,,2.569999933242798,2.569999933242798,2.569999933242798,2.569999933242798,3000.0
2026-04-13 15:31:00,THX.V,,1.5099999904632568,1.5099999904632568,1.5099999904632568,1.5099999904632568,100.0
2026-04-13 15:31:00,WRLG.V,,1.0,1.0,1.0,1.0,185600.0
2026-04-13 15:32:00,AUMB.V,,0.9950000047683716,0.9950000047683716,0.9950000047683716,0.9950000047683716,500.0
2026-04-13 15:32:00,NILI.V,,0.6800000071525574,0.6800000071525574,0.6800000071525574,0.6800000071525574,500.0
2026-04-13 15:32:00,TECT.V,,2.559999942779541,2.559999942779541,2.559999942779541,2.559999942779541,100.0
2026-04-13 15:32:00,THX.V,,1.5099999904632568,1.5099999904632568,1.5099999904632568,1.5099999904632568,100.0
2026-04-13 15:32:00,WEB.V,,1.5499999523162842,1.5499999523162842,1.5499999523162842,1.5499999523162842,100.0
2026-04-13 15:32:00,WGO.V,,1.7100000381469727,1.7100000381469727,1.7100000381469727,1.7100000381469727,100.0
2026-04-13 15:32:00,WRLG.V,,1.0,1.0,1.0,1.0,94300.0
2026-04-13 15:32:00,ZOMD.V,,0.8700000047683716,0.8700000047683716,0.8700000047683716,0.8700000047683716,9500.0
2026-04-13 15:33:00,NILI.V,,0.6800000071525574,0.6800000071525574,0.6800000071525574,0.6800000071525574,500.0
2026-04-13 15:33:00,TECT.V,,2.559999942779541,2.559999942779541,2.559999942779541,2.559999942779541,1700.0
2026-04-13 15:33:00,TGOL.V,,0.12999999523162842,0.12999999523162842,0.12999999523162842,0.12999999523162842,1000.0
2026-04-13 15:33:00,THX.V,,1.5099999904632568,1.5099999904632568,1.5099999904632568,1.5099999904632568,200.0
2026-04-13 15:33:00,UCU.V,,5.739999771118164,5.739999771118164,5.739999771118164,5.739999771118164,200.0
2026-04-13 15:33:00,VML.V,,0.5099999904632568,0.5099999904632568,0.5099999904632568,0.5099999904632568,1000.0
2026-04-13 15:33:00,WRLG.V,,1.0,1.0,1.0,1.0,1000.0
2026-04-13 15:33:00,ZDC.V,,5.690000057220459,5.690000057220459,5.690000057220459,5.690000057220459,300.0
2026-04-13 15:34:00,NILI.V,,0.6800000071525574,0.6800000071525574,0.6800000071525574,0.6800000071525574,500.0
2026-04-13 15:34:00,UCU.V,,5.739999771118164,5.739999771118164,5.739999771118164,5.739999771118164,300.0
2026-04-13 15:35:00,NILI.V,,0.6800000071525574,0.6800000071525574,0.6800000071525574,0.6800000071525574,500.0
2026-04-13 15:35:00,TLT.V,,0.3149999976158142,0.3149999976158142,0.3149999976158142,0.3149999976158142,1000.0
2026-04-13 15:35:00,UCU.V,,5.739999771118164,5.739999771118164,5.739999771118164,5.739999771118164,200.0
2026-04-13 15:35:00,WAM.V,,0.8299999833106995,0.8299999833106995,0.8199999928474426,0.8199999928474426,16500.0
2026-04-13 15:35:00,ZOMD.V,,0.8700000047683716,0.8700000047683716,0.8700000047683716,0.8700000047683716,500.0
2026-04-13 15:36:00,AUMB.V,,0.9900000095367432,0.9900000095367432,0.9900000095367432,0.9900000095367432,581.0
2026-04-13 15:36:00,NILI.V,,0.6800000071525574,0.6800000071525574,0.6800000071525574,0.6800000071525574,500.0
2026-04-13 15:36:00,TECT.V,,2.559999942779541,2.569999933242798,2.559999942779541,2.569999933242798,6500.0
2026-04-13 15:36:00,THX.V,,1.5099999904632568,1.5099999904632568,1.5099999904632568,1.5099999904632568,100.0
2026-04-13 15:36:00,UCU.V,,5.739999771118164,5.739999771118164,5.739999771118164,5.739999771118164,100.0
2026-04-13 15:36:00,WCU.V,,0.014999999664723873,0.014999999664723873,0.014999999664723873,0.014999999664723873,17000.0
2026-04-13 15:36:00,WHY.V,,0.3400000035762787,0.3400000035762787,0.3400000035762787,0.3400000035762787,1000.0
2026-04-13 15:36:00,WRLG.V,,1.0,1.0,1.0,1.0,41796.0
2026-04-13 15:37:00,NILI.V,,0.6800000071525574,0.6800000071525574,0.6800000071525574,0.6800000071525574,500.0
2026-04-13 15:37:00,THRM.V,,0.06499999761581421,0.06499999761581421,0.06499999761581421,0.06499999761581421,2000.0
2026-04-13 15:37:00,THX.V,,1.5099999904632568,1.5099999904632568,1.5099999904632568,1.5099999904632568,100.0
2026-04-13 15:37:00,TM.V,,0.4050000011920929,0.4050000011920929,0.4050000011920929,0.4050000011920929,8500.0
2026-04-13 15:37:00,TNR.V,,0.25,0.25,0.25,0.25,7000.0
2026-04-13 15:37:00,TORQ.V,,0.09000000357627869,0.09000000357627869,0.09000000357627869,0.09000000357627869,0.0
2026-04-13 15:37:00,TUD.V,,1.0099999904632568,1.0099999904632568,1.0099999904632568,1.0099999904632568,500.0
2026-04-13 15:37:00,UCU.V,,5.730000019073486,5.739999771118164,5.730000019073486,5.739999771118164,700.0
2026-04-13 15:37:00,ZDC.V,,5.650000095367432,5.670000076293945,5.650000095367432,5.670000076293945,500.0
2026-04-13 15:37:00,ZOMD.V,,0.8700000047683716,0.8700000047683716,0.8700000047683716,0.8700000047683716,500.0
2026-04-13 15:37:00,ZYUS.V,,0.5,0.5,0.5,0.5,2500.0
2026-04-13 15:38:00,TAJ.V,,0.2800000011920929,0.2800000011920929,0.2800000011920929,0.2800000011920929,28000.0
2026-04-13 15:38:00,THX.V,,1.5099999904632568,1.5099999904632568,1.5099999904632568,1.5099999904632568,100.0
2026-04-13 15:38:00,ZDC.V,,5.650000095367432,5.650000095367432,5.650000095367432,5.650000095367432,200.0
2026-04-13 15:39:00,AUMB.V,,0.9900000095367432,0.9900000095367432,0.9900000095367432,0.9900000095367432,500.0
2026-04-13 15:39:00,NILI.V,,0.6800000071525574,0.6800000071525574,0.6800000071525574,0.6800000071525574,500.0
2026-04-13 15:39:00,UCU.V,,5.71999979019165,5.71999979019165,5.71999979019165,5.71999979019165,600.0
2026-04-13 15:40:00,NILI.V,,0.6700000166893005,0.6700000166893005,0.6700000166893005,0.6700000166893005,500.0
2026-04-13 15:40:00,TECT.V,,2.559999942779541,2.559999942779541,2.559999942779541,2.559999942779541,200.0
2026-04-13 15:40:00,THX.V,,1.5099999904632568,1.5099999904632568,1.5099999904632568,1.5099999904632568,200.0
2026-04-13 15:40:00,TLT.V,,0.3149999976158142,0.3149999976158142,0.3149999976158142,0.3149999976158142,6000.0
2026-04-13 15:40:00,TTZ.V,,0.3700000047683716,0.3700000047683716,0.3700000047683716,0.3700000047683716,5500.0
2026-04-13 15:40:00,WHN.V,,0.26499998569488525,0.26499998569488525,0.26499998569488525,0.26499998569488525,9500.0
2026-04-13 15:40:00,WRLG.V,,0.9950000047683716,0.9950000047683716,0.9950000047683716,0.9950000047683716,1000.0
2026-04-13 15:40:00,ZOMD.V,,0.8600000143051147,0.8700000047683716,0.8600000143051147,0.8700000047683716,4000.0
2026-04-13 15:40:00,ZON.V,,0.10000000149011612,0.10000000149011612,0.10000000149011612,0.10000000149011612,1500.0
2026-04-13 15:41:00,NILI.V,,0.6700000166893005,0.6700000166893005,0.6700000166893005,0.6700000166893005,5000.0
2026-04-13 15:41:00,TECT.V,,2.5899999141693115,2.5899999141693115,2.5799999237060547,2.5799999237060547,5800.0
2026-04-13 15:41:00,THX.V,,1.5099999904632568,1.5099999904632568,1.5099999904632568,1.5099999904632568,500.0
2026-04-13 15:41:00,WGO.V,,1.7050000429153442,1.7050000429153442,1.7050000429153442,1.7050000429153442,200.0
2026-04-13 15:41:00,WRLG.V,,1.0,1.0,1.0,1.0,2500.0
2026-04-13 15:41:00,XGC.V,,0.27000001072883606,0.2750000059604645,0.27000001072883606,0.2750000059604645,3500.0
2026-04-13 15:41:00,ZDC.V,,5.650000095367432,5.650000095367432,5.650000095367432,5.650000095367432,700.0
2026-04-13 15:41:00,ZEN.V,,0.7300000190734863,0.7300000190734863,0.7300000190734863,0.7300000190734863,2500.0
2026-04-13 15:41:00,ZYUS.V,,0.5,0.5,0.5,0.5,3000.0
2026-04-13 15:42:00,AUMB.V,,0.9900000095367432,0.9900000095367432,0.9900000095367432,0.9900000095367432,500.0
2026-04-13 15:42:00,NILI.V,,0.6700000166893005,0.675000011920929,0.6700000166893005,0.675000011920929,1000.0
2026-04-13 15:42:00,THX.V,,1.5099999904632568,1.5099999904632568,1.5099999904632568,1.5099999904632568,200.0
2026-04-13 15:42:00,TIG.V,,0.5400000214576721,0.5400000214576721,0.5299999713897705,0.5299999713897705,4000.0
2026-04-13 15:42:00,TLT.V,,0.3149999976158142,0.3149999976158142,0.3149999976158142,0.3149999976158142,8000.0
2026-04-13 15:42:00,TOI.V,,96.69999694824219,96.69999694824219,96.6500015258789,96.6500015258789,1200.0
2026-04-13 15:42:00,UCU.V,,5.71999979019165,5.71999979019165,5.71999979019165,5.71999979019165,100.0
2026-04-13 15:42:00,VUX.V,,0.15000000596046448,0.15000000596046448,0.15000000596046448,0.15000000596046448,1200.0
2026-04-13 15:42:00,WRLG.V,,1.0,1.0,1.0,1.0,6000.0
2026-04-13 15:42:00,ZDC.V,,5.639999866485596,5.650000095367432,5.639999866485596,5.650000095367432,2700.0
2026-04-13 15:43:00,NILI.V,,0.675000011920929,0.675000011920929,0.6700000166893005,0.6700000166893005,1000.0
2026-04-13 15:43:00,THX.V,,1.5099999904632568,1.5099999904632568,1.5099999904632568,1.5099999904632568,100.0
2026-04-13 15:43:00,TIG.V,,0.550000011920929,0.550000011920929,0.550000011920929,0.550000011920929,1500.0
2026-04-13 15:43:00,UCU.V,,5.739999771118164,5.739999771118164,5.739999771118164,5.739999771118164,800.0
2026-04-13 15:43:00,WGO.V,,1.7000000476837158,1.7000000476837158,1.7000000476837158,1.7000000476837158,2500.0
2026-04-13 15:43:00,WRLG.V,,1.0,1.0,1.0,1.0,2500.0
2026-04-13 15:43:00,ZYUS.V,,0.5,0.5,0.5,0.5,2500.0
2026-04-13 15:44:00,THX.V,,1.5099999904632568,1.5099999904632568,1.5099999904632568,1.5099999904632568,200.0
2026-04-13 15:44:00,TOI.V,,96.72000122070312,96.72000122070312,96.69999694824219,96.69999694824219,426.0
2026-04-13 15:44:00,UCU.V,,5.739999771118164,5.739999771118164,5.739999771118164,5.739999771118164,800.0
2026-04-13 15:44:00,WGO.V,,1.6950000524520874,1.6950000524520874,1.6950000524520874,1.6950000524520874,100.0
2026-04-13 15:44:00,WHY.V,,0.3400000035762787,0.3400000035762787,0.3400000035762787,0.3400000035762787,4000.0
2026-04-13 15:44:00,WRLG.V,,1.0,1.0,1.0,1.0,15000.0
2026-04-13 15:44:00,ZDC.V,,5.650000095367432,5.650000095367432,5.639999866485596,5.639999866485596,300.0
2026-04-13 15:45:00,NILI.V,,0.675000011920929,0.675000011920929,0.675000011920929,0.675000011920929,500.0
2026-04-13 15:45:00,TECT.V,,2.569999933242798,2.569999933242798,2.569999933242798,2.569999933242798,100.0
2026-04-13 15:45:00,THX.V,,1.5099999904632568,1.5099999904632568,1.5099999904632568,1.5099999904632568,100.0
2026-04-13 15:45:00,TLT.V,,0.3199999928474426,0.3199999928474426,0.3149999976158142,0.3149999976158142,17500.0
2026-04-13 15:45:00,TUK.V,,0.019999999552965164,0.019999999552965164,0.019999999552965164,0.019999999552965164,222200.0
2026-04-13 15:45:00,UCU.V,,5.75,5.75,5.75,5.75,500.0
2026-04-13 15:45:00,WRLG.V,,1.0,1.0,1.0,1.0,10500.0
2026-04-13 15:46:00,AUMB.V,,0.9900000095367432,0.9900000095367432,0.9900000095367432,0.9900000095367432,1000.0
2026-04-13 15:46:00,NILI.V,,0.675000011920929,0.675000011920929,0.675000011920929,0.675000011920929,500.0
2026-04-13 15:46:00,RARE.V,,6.0,6.0,6.0,6.0,600.0
2026-04-13 15:46:00,TECT.V,,2.569999933242798,2.569999933242798,2.569999933242798,2.569999933242798,100.0
2026-04-13 15:46:00,THX.V,,1.5099999904632568,1.5099999904632568,1.5099999904632568,1.5099999904632568,100.0
2026-04-13 15:46:00,UCU.V,,5.75,5.75,5.75,5.75,100.0
2026-04-13 15:46:00,USS.V,,0.6700000166893005,0.6700000166893005,0.6700000166893005,0.6700000166893005,20000.0
2026-04-13 15:46:00,VCU.V,,1.350000023841858,1.350000023841858,1.350000023841858,1.350000023841858,2300.0
2026-04-13 15:46:00,WRLG.V,,1.0,1.0,1.0,1.0,3000.0
2026-04-13 15:46:00,ZDC.V,,5.630000114440918,5.630000114440918,5.630000114440918,5.630000114440918,100.0
2026-04-13 15:46:00,ZON.V,,0.10000000149011612,0.10000000149011612,0.10000000149011612,0.10000000149011612,6500.0
2026-04-13 15:47:00,NILI.V,,0.675000011920929,0.675000011920929,0.675000011920929,0.675000011920929,500.0
2026-04-13 15:47:00,TECT.V,,2.569999933242798,2.569999933242798,2.569999933242798,2.569999933242798,200.0
2026-04-13 15:47:00,TLA.V,,0.550000011920929,0.550000011920929,0.550000011920929,0.550000011920929,0.0
2026-04-13 15:47:00,TLT.V,,0.3149999976158142,0.3149999976158142,0.3149999976158142,0.3149999976158142,9500.0
2026-04-13 15:47:00,TNO-H.V,,0.07000000029802322,0.07000000029802322,0.07000000029802322,0.07000000029802322,20000.0
2026-04-13 15:47:00,TRBC.V,,0.18000000715255737,0.1899999976158142,0.18000000715255737,0.1899999976158142,21500.0
2026-04-13 15:47:00,TUD.V,,1.0099999904632568,1.0099999904632568,1.0099999904632568,1.0099999904632568,3300.0
2026-04-13 15:47:00,VCU.V,,1.350000023841858,1.350000023841858,1.350000023841858,1.350000023841858,500.0
2026-04-13 15:48:00,AUMB.V,,0.9900000095367432,0.9900000095367432,0.9900000095367432,0.9900000095367432,6000.0
2026-04-13 15:48:00,NILI.V,,0.6700000166893005,0.675000011920929,0.6700000166893005,0.675000011920929,1500.0
2026-04-13 15:48:00,SURG.V,,0.6399999856948853,0.6399999856948853,0.6399999856948853,0.6399999856948853,28000.0
2026-04-13 15:48:00,TECT.V,,2.569999933242798,2.569999933242798,2.569999933242798,2.569999933242798,200.0
2026-04-13 15:48:00,THX.V,,1.5099999904632568,1.5099999904632568,1.5099999904632568,1.5099999904632568,300.0
2026-04-13 15:48:00,UCU.V,,5.75,5.75,5.75,5.75,2400.0
2026-04-13 15:48:00,WGO.V,,1.7000000476837158,1.7000000476837158,1.7000000476837158,1.7000000476837158,200.0
2026-04-13 15:48:00,WRLG.V,,1.0,1.0,1.0,1.0,6000.0
2026-04-13 15:48:00,ZDC.V,,5.619999885559082,5.619999885559082,5.619999885559082,5.619999885559082,200.0
2026-04-13 15:49:00,AUMB.V,,0.9900000095367432,0.9900000095367432,0.9900000095367432,0.9900000095367432,500.0
2026-04-13 15:49:00,SURG.V,,0.6399999856948853,0.6399999856948853,0.6399999856948853,0.6399999856948853,27000.0
2026-04-13 15:49:00,TECT.V,,2.569999933242798,2.569999933242798,2.569999933242798,2.569999933242798,100.0
2026-04-13 15:49:00,THX.V,,1.5099999904632568,1.5099999904632568,1.5099999904632568,1.5099999904632568,100.0
2026-04-13 15:49:00,TLT.V,,0.3149999976158142,0.3149999976158142,0.3149999976158142,0.3149999976158142,3000.0
2026-04-13 15:49:00,UCU.V,,5.739999771118164,5.75,5.739999771118164,5.75,1300.0
2026-04-13 15:49:00,WRLG.V,,1.0,1.0,1.0,1.0,65500.0
2026-04-13 15:49:00,ZDC.V,,5.619999885559082,5.619999885559082,5.619999885559082,5.619999885559082,100.0
2026-04-13 15:50:00,AUMB.V,,0.9950000047683716,0.9950000047683716,0.9950000047683716,0.9950000047683716,500.0
2026-04-13 15:50:00,NILI.V,,0.675000011920929,0.675000011920929,0.675000011920929,0.675000011920929,500.0
2026-04-13 15:50:00,TECT.V,,2.569999933242798,2.569999933242798,2.569999933242798,2.569999933242798,200.0
2026-04-13 15:50:00,THX.V,,1.5099999904632568,1.5099999904632568,1.5099999904632568,1.5099999904632568,200.0
2026-04-13 15:50:00,TUD.V,,1.0,1.0099999904632568,1.0,1.0,25500.0
2026-04-13 15:50:00,WED.V,,25.0,25.0,25.0,25.0,100.0
2026-04-13 15:50:00,ZDC.V,,5.650000095367432,5.650000095367432,5.650000095367432,5.650000095367432,800.0
2026-04-13 15:51:00,AUMB.V,,0.9900000095367432,0.9900000095367432,0.9900000095367432,0.9900000095367432,500.0
2026-04-13 15:51:00,TECT.V,,2.569999933242798,2.569999933242798,2.569999933242798,2.569999933242798,100.0
2026-04-13 15:51:00,THX.V,,1.5099999904632568,1.5099999904632568,1.5099999904632568,1.5099999904632568,300.0
2026-04-13 15:51:00,TLT.V,,0.3149999976158142,0.3149999976158142,0.3149999976158142,0.3149999976158142,1500.0
2026-04-13 15:51:00,WGO.V,,1.7000000476837158,1.7000000476837158,1.7000000476837158,1.7000000476837158,100.0
2026-04-13 15:51:00,WRLG.V,,1.0049999952316284,1.0049999952316284,1.0049999952316284,1.0049999952316284,3000.0
2026-04-13 15:52:00,AUMB.V,,0.9900000095367432,0.9900000095367432,0.9900000095367432,0.9900000095367432,3000.0
2026-04-13 15:52:00,NILI.V,,0.675000011920929,0.675000011920929,0.675000011920929,0.675000011920929,500.0
2026-04-13 15:52:00,TECT.V,,2.5999999046325684,2.5999999046325684,2.569999933242798,2.569999933242798,9000.0
2026-04-13 15:52:00,THX.V,,1.5099999904632568,1.5099999904632568,1.5099999904632568,1.5099999904632568,100.0
2026-04-13 15:52:00,TLT.V,,0.3149999976158142,0.3149999976158142,0.3149999976158142,0.3149999976158142,5000.0
2026-04-13 15:52:00,WGO.V,,1.7000000476837158,1.7000000476837158,1.7000000476837158,1.7000000476837158,100.0
2026-04-13 15:52:00,WRLG.V,,1.0099999904632568,1.0099999904632568,1.0049999952316284,1.0049999952316284,5061.0
2026-04-13 15:52:00,ZDC.V,,5.630000114440918,5.630000114440918,5.630000114440918,5.630000114440918,200.0
2026-04-13 15:53:00,AUMB.V,,0.9900000095367432,0.9900000095367432,0.9900000095367432,0.9900000095367432,500.0
2026-04-13 15:53:00,NILI.V,,0.6700000166893005,0.6700000166893005,0.6700000166893005,0.6700000166893005,3000.0
2026-04-13 15:53:00,THX.V,,1.5099999904632568,1.5099999904632568,1.5099999904632568,1.5099999904632568,500.0
2026-04-13 15:53:00,TLT.V,,0.3149999976158142,0.3149999976158142,0.3149999976158142,0.3149999976158142,500.0
2026-04-13 15:53:00,TOI.V,,97.0,97.0,97.0,97.0,113.0
2026-04-13 15:53:00,UCU.V,,5.75,5.75,5.75,5.75,100.0
2026-04-13 15:53:00,WGO.V,,1.7000000476837158,1.7000000476837158,1.7000000476837158,1.7000000476837158,100.0
2026-04-13 15:53:00,WRLG.V,,1.0049999952316284,1.0099999904632568,1.0049999952316284,1.0049999952316284,4000.0
2026-04-13 15:53:00,ZDC.V,,5.630000114440918,5.630000114440918,5.630000114440918,5.630000114440918,600.0
2026-04-13 15:54:00,AUMB.V,,0.9900000095367432,0.9900000095367432,0.9900000095367432,0.9900000095367432,1000.0
2026-04-13 15:54:00,SURG.V,,0.6299999952316284,0.6299999952316284,0.6299999952316284,0.6299999952316284,8000.0
2026-04-13 15:54:00,TDG.V,,0.6100000143051147,0.6100000143051147,0.6100000143051147,0.6100000143051147,500.0
2026-04-13 15:54:00,THX.V,,1.5099999904632568,1.5099999904632568,1.5099999904632568,1.5099999904632568,600.0
2026-04-13 15:54:00,TLT.V,,0.3149999976158142,0.3149999976158142,0.3149999976158142,0.3149999976158142,5500.0
2026-04-13 15:54:00,TOI.V,,96.48999786376953,96.48999786376953,96.25,96.25,300.0
2026-04-13 15:54:00,UCU.V,,5.739999771118164,5.739999771118164,5.739999771118164,5.739999771118164,150.0
2026-04-13 15:54:00,WRLG.V,,1.0049999952316284,1.0099999904632568,1.0049999952316284,1.0099999904632568,4000.0
2026-04-13 15:54:00,ZDC.V,,5.610000133514404,5.610000133514404,5.610000133514404,5.610000133514404,300.0
2026-04-13 15:55:00,AUMB.V,,0.9900000095367432,0.9900000095367432,0.9900000095367432,0.9900000095367432,1000.0
2026-04-13 15:55:00,NILI.V,,0.6650000214576721,0.6650000214576721,0.6650000214576721,0.6650000214576721,500.0
2026-04-13 15:55:00,ONE.V,,0.38499999046325684,0.38999998569488525,0.3799999952316284,0.38999998569488525,8420.0
2026-04-13 15:55:00,TDG.V,,0.6200000047683716,0.6200000047683716,0.6200000047683716,0.6200000047683716,8500.0
2026-04-13 15:55:00,TECT.V,,2.609999895095825,2.609999895095825,2.5950000286102295,2.5999999046325684,5200.0
2026-04-13 15:55:00,TIG.V,,0.5299999713897705,0.5400000214576721,0.5299999713897705,0.5400000214576721,2000.0
2026-04-13 15:55:00,TLT.V,,0.3149999976158142,0.3149999976158142,0.3149999976158142,0.3149999976158142,500.0
2026-04-13 15:55:00,TMET.V,,0.10499999672174454,0.10499999672174454,0.10499999672174454,0.10499999672174454,1000.0
2026-04-13 15:55:00,TOI.V,,96.30999755859375,96.5,96.30999755859375,96.5,882.0
2026-04-13 15:55:00,UCU.V,,5.739999771118164,5.739999771118164,5.739999771118164,5.739999771118164,2200.0
2026-04-13 15:55:00,VCU.V,,1.350000023841858,1.350000023841858,1.350000023841858,1.350000023841858,900.0
2026-04-13 15:55:00,WGO.V,,1.7000000476837158,1.7000000476837158,1.7000000476837158,1.7000000476837158,900.0
2026-04-13 15:55:00,WRLG.V,,1.0049999952316284,1.0099999904632568,1.0049999952316284,1.0049999952316284,3000.0
2026-04-13 15:55:00,ZDC.V,,5.599999904632568,5.599999904632568,5.599999904632568,5.599999904632568,200.0
2026-04-13 15:56:00,AUMB.V,,0.9950000047683716,0.9950000047683716,0.9950000047683716,0.9950000047683716,1500.0
2026-04-13 15:56:00,ONE.V,,0.3799999952316284,0.38499999046325684,0.3799999952316284,0.38499999046325684,3500.0
2026-04-13 15:56:00,TAJ.V,,0.2800000011920929,0.2800000011920929,0.2800000011920929,0.2800000011920929,30000.0
2026-04-13 15:56:00,THRM.V,,0.05999999865889549,0.05999999865889549,0.05999999865889549,0.05999999865889549,2000.0
2026-04-13 15:56:00,THX.V,,1.5099999904632568,1.5099999904632568,1.5099999904632568,1.5099999904632568,200.0
2026-04-13 15:56:00,TOI.V,,96.25,96.25,95.83999633789062,95.83999633789062,423.0
2026-04-13 15:56:00,TUD.V,,1.0,1.0,1.0,1.0,500.0
2026-04-13 15:56:00,UCU.V,,5.739999771118164,5.739999771118164,5.71999979019165,5.71999979019165,500.0
2026-04-13 15:56:00,VO.V,,0.10000000149011612,0.10000000149011612,0.10000000149011612,0.10000000149011612,40000.0
2026-04-13 15:56:00,WRLG.V,,0.9950000047683716,1.0099999904632568,0.9950000047683716,1.0049999952316284,138468.0
2026-04-13 15:56:00,ZDC.V,,5.610000133514404,5.610000133514404,5.610000133514404,5.610000133514404,100.0
2026-04-13 15:56:00,ZEN.V,,0.7300000190734863,0.7300000190734863,0.7300000190734863,0.7300000190734863,500.0
2026-04-13 15:56:00,ZOMD.V,,0.8700000047683716,0.8700000047683716,0.8700000047683716,0.8700000047683716,3500.0
2026-04-13 15:57:00,AUMB.V,,0.9950000047683716,0.9950000047683716,0.9950000047683716,0.9950000047683716,500.0
2026-04-13 15:57:00,NILI.V,,0.6650000214576721,0.6650000214576721,0.6650000214576721,0.6650000214576721,500.0
2026-04-13 15:57:00,ONE.V,,0.3799999952316284,0.3799999952316284,0.3799999952316284,0.3799999952316284,4000.0
2026-04-13 15:57:00,THX.V,,1.5099999904632568,1.5099999904632568,1.5099999904632568,1.5099999904632568,100.0
2026-04-13 15:57:00,TMET.V,,0.10499999672174454,0.10499999672174454,0.10499999672174454,0.10499999672174454,1000.0
2026-04-13 15:57:00,TNR.V,,0.23499999940395355,0.2549999952316284,0.23499999940395355,0.25,16850.0
2026-04-13 15:57:00,TOI.V,,95.80000305175781,95.83999633789062,95.80000305175781,95.83999633789062,200.0
2026-04-13 15:57:00,UCU.V,,5.739999771118164,5.75,5.739999771118164,5.75,500.0
2026-04-13 15:57:00,VAU.V,,0.13500000536441803,0.13500000536441803,0.13500000536441803,0.13500000536441803,7500.0
2026-04-13 15:57:00,WRLG.V,,1.0,1.0,1.0,1.0,6000.0
2026-04-13 15:57:00,ZDC.V,,5.599999904632568,5.599999904632568,5.599999904632568,5.599999904632568,2400.0
2026-04-13 15:57:00,ZOMD.V,,0.8700000047683716,0.8799999952316284,0.8700000047683716,0.8700000047683716,5500.0
2026-04-13 15:58:00,AUMB.V,,0.9950000047683716,0.9950000047683716,0.9950000047683716,0.9950000047683716,500.0
2026-04-13 15:58:00,NILI.V,,0.6800000071525574,0.6800000071525574,0.6700000166893005,0.6700000166893005,28000.0
2026-04-13 15:58:00,ONE.V,,0.3799999952316284,0.3799999952316284,0.3799999952316284,0.3799999952316284,3000.0
2026-04-13 15:58:00,TAJ.V,,0.2750000059604645,0.2750000059604645,0.2750000059604645,0.2750000059604645,7000.0
2026-04-13 15:58:00,TECT.V,,2.5799999237060547,2.5999999046325684,2.5799999237060547,2.5999999046325684,2200.0
2026-04-13 15:58:00,THM.V,,1.0499999523162842,1.0499999523162842,1.0499999523162842,1.0499999523162842,2000.0
2026-04-13 15:58:00,THX.V,,1.5099999904632568,1.5099999904632568,1.5099999904632568,1.5099999904632568,200.0
2026-04-13 15:58:00,TLT.V,,0.3149999976158142,0.3149999976158142,0.3149999976158142,0.3149999976158142,5000.0
2026-04-13 15:58:00,TMET.V,,0.10499999672174454,0.10499999672174454,0.10499999672174454,0.10499999672174454,500.0
2026-04-13 15:58:00,TOI.V,,96.0,96.0,95.76000213623047,95.7699966430664,569.0
2026-04-13 15:58:00,UCU.V,,5.75,5.75,5.730000019073486,5.730000019073486,530.0
2026-04-13 15:58:00,VCU.V,,1.350000023841858,1.350000023841858,1.350000023841858,1.350000023841858,1300.0
2026-04-13 15:58:00,VO.V,,0.10000000149011612,0.10000000149011612,0.10000000149011612,0.10000000149011612,10000.0
2026-04-13 15:58:00,WGO.V,,1.6950000524520874,1.7000000476837158,1.6950000524520874,1.7000000476837158,200.0
2026-04-13 15:58:00,WRLG.V,,1.0049999952316284,1.0049999952316284,1.0,1.0,59500.0
2026-04-13 15:58:00,ZDC.V,,5.599999904632568,5.610000133514404,5.599999904632568,5.610000133514404,1200.0
2026-04-13 15:59:00,AUMB.V,,0.9900000095367432,0.9950000047683716,0.9900000095367432,0.9950000047683716,8432.0
2026-04-13 15:59:00,NILI.V,,0.6800000071525574,0.6800000071525574,0.6700000166893005,0.6700000166893005,1500.0
2026-04-13 15:59:00,SURG.V,,0.6299999952316284,0.6299999952316284,0.625,0.625,3000.0
2026-04-13 15:59:00,TDG.V,,0.6100000143051147,0.6100000143051147,0.6100000143051147,0.6100000143051147,63500.0
2026-04-13 15:59:00,TECT.V,,2.619999885559082,2.619999885559082,2.5899999141693115,2.5899999141693115,1300.0
2026-04-13 15:59:00,THRM.V,,0.05999999865889549,0.05999999865889549,0.05999999865889549,0.05999999865889549,1000.0
2026-04-13 15:59:00,THX.V,,1.5099999904632568,1.5099999904632568,1.5,1.5099999904632568,5568.0
2026-04-13 15:59:00,TMET.V,,0.10499999672174454,0.10499999672174454,0.10499999672174454,0.10499999672174454,500.0
2026-04-13 15:59:00,TNR.V,,0.23499999940395355,0.23499999940395355,0.23499999940395355,0.23499999940395355,500.0
2026-04-13 15:59:00,TOI.V,,96.08000183105469,96.5,95.66999816894531,95.66999816894531,1822.0
2026-04-13 15:59:00,TUD.V,,1.0,1.0399999618530273,1.0,1.0099999904632568,44800.0
2026-04-13 15:59:00,UCU.V,,5.75,5.75,5.71999979019165,5.71999979019165,1600.0
2026-04-13 15:59:00,UGD.V,,0.38499999046325684,0.38499999046325684,0.38499999046325684,0.38499999046325684,11500.0
2026-04-13 15:59:00,USHA.V,,0.05000000074505806,0.05000000074505806,0.05000000074505806,0.05000000074505806,0.0
2026-04-13 15:59:00,VCU.V,,1.350000023841858,1.350000023841858,1.350000023841858,1.350000023841858,24800.0
2026-04-13 15:59:00,VIO.V,,0.14000000059604645,0.14000000059604645,0.14000000059604645,0.14000000059604645,15000.0
2026-04-13 15:59:00,WAM.V,,0.8500000238418579,0.8500000238418579,0.8399999737739563,0.8399999737739563,3000.0
2026-04-13 15:59:00,WGO.V,,1.690000057220459,1.7000000476837158,1.690000057220459,1.7000000476837158,3300.0
2026-04-13 15:59:00,WHY.V,,0.33000001311302185,0.3400000035762787,0.33000001311302185,0.3400000035762787,47000.0
2026-04-13 15:59:00,WRLG.V,,1.0,1.0049999952316284,1.0,1.0049999952316284,17063.0
2026-04-13 15:59:00,XIM.V,,0.07999999821186066,0.07999999821186066,0.07999999821186066,0.07999999821186066,7000.0
2026-04-13 15:59:00,XTM.V,,0.07500000298023224,0.07500000298023224,0.07500000298023224,0.07500000298023224,1000.0
2026-04-13 15:59:00,ZDC.V,,5.570000171661377,5.619999885559082,5.570000171661377,5.590000152587891,1400.0
2026-04-13 15:59:00,ZOMD.V,,0.8799999952316284,0.8799999952316284,0.8799999952316284,0.8799999952316284,3000.0
