Datetime,Ticker,Adj Close,Close,High,Low,Open,Volume
2026-04-06 09:30:00,BIG.V,,0.6499999761581421,0.6600000262260437,0.6499999761581421,0.6600000262260437,0.0
2026-04-06 09:30:00,CELL.V,,0.02500000037252903,0.02500000037252903,0.02500000037252903,0.02500000037252903,0.0
2026-04-06 09:30:00,EMN.V,,0.16500000655651093,0.16500000655651093,0.16500000655651093,0.16500000655651093,0.0
2026-04-06 09:30:00,EQTY.V,,0.3050000071525574,0.3050000071525574,0.3050000071525574,0.3050000071525574,0.0
2026-04-06 09:30:00,EXG.V,,0.11999999731779099,0.11999999731779099,0.11999999731779099,0.11999999731779099,0.0
2026-04-06 09:30:00,FBF.V,,0.9900000095367432,0.9900000095367432,0.9900000095367432,0.9900000095367432,0.0
2026-04-06 09:30:00,FCLI.V,,0.42500001192092896,0.42500001192092896,0.42500001192092896,0.42500001192092896,0.0
2026-04-06 09:30:00,FG.V,,0.009999999776482582,0.009999999776482582,0.009999999776482582,0.009999999776482582,0.0
2026-04-06 09:30:00,FKM.V,,0.25999999046325684,0.25999999046325684,0.25999999046325684,0.25999999046325684,0.0
2026-04-06 09:30:00,FL.V,,0.8100000023841858,0.8100000023841858,0.8100000023841858,0.8100000023841858,0.0
2026-04-06 09:30:00,FMAN.V,,0.3199999928474426,0.3199999928474426,0.3199999928474426,0.3199999928474426,0.0
2026-04-06 09:30:00,FMN.V,,0.15000000596046448,0.1550000011920929,0.15000000596046448,0.1550000011920929,0.0
2026-04-06 09:30:00,FMS.V,,0.3499999940395355,0.3499999940395355,0.3499999940395355,0.3499999940395355,0.0
2026-04-06 09:30:00,FO.V,,0.3700000047683716,0.3700000047683716,0.3700000047683716,0.3700000047683716,0.0
2026-04-06 09:30:00,FPC.V,,0.36000001430511475,0.36000001430511475,0.36000001430511475,0.36000001430511475,0.0
2026-04-06 09:30:00,FPX.V,,0.48500001430511475,0.48500001430511475,0.48500001430511475,0.48500001430511475,0.0
2026-04-06 09:30:00,FRED.V,,0.5400000214576721,0.5400000214576721,0.5400000214576721,0.5400000214576721,0.0
2026-04-06 09:30:00,FRI.V,,0.05999999865889549,0.05999999865889549,0.05999999865889549,0.05999999865889549,0.0
2026-04-06 09:30:00,FRNT.V,,0.20000000298023224,0.20000000298023224,0.20000000298023224,0.20000000298023224,0.0
2026-04-06 09:30:00,FTEC.V,,0.04500000178813934,0.04500000178813934,0.04500000178813934,0.04500000178813934,0.0
2026-04-06 09:30:00,FUU.V,,0.18000000715255737,0.18000000715255737,0.18000000715255737,0.18000000715255737,0.0
2026-04-06 09:30:00,FWZ.V,,4.519999980926514,4.53000020980835,4.519999980926514,4.53000020980835,0.0
2026-04-06 09:30:00,GBU.V,,0.11999999731779099,0.11999999731779099,0.11999999731779099,0.11999999731779099,0.0
2026-04-06 09:30:00,GEN.V,,0.06499999761581421,0.06499999761581421,0.06499999761581421,0.06499999761581421,0.0
2026-04-06 09:30:00,GER.V,,0.009999999776482582,0.009999999776482582,0.009999999776482582,0.009999999776482582,0.0
2026-04-06 09:30:00,GFG.V,,0.15000000596046448,0.15000000596046448,0.15000000596046448,0.15000000596046448,0.0
2026-04-06 09:30:00,GG.V,,2.609999895095825,2.609999895095825,2.609999895095825,2.609999895095825,0.0
2026-04-06 09:30:00,GGI.V,,0.125,0.125,0.125,0.125,0.0
2026-04-06 09:30:00,GGO.V,,1.0299999713897705,1.0299999713897705,1.0299999713897705,1.0299999713897705,0.0
2026-04-06 09:30:00,GI.V,,0.4300000071525574,0.4350000023841858,0.42500001192092896,0.42500001192092896,27248.0
2026-04-06 09:30:00,GLAD.V,,1.2599999904632568,1.2599999904632568,1.2599999904632568,1.2599999904632568,0.0
2026-04-06 09:30:00,GLD.V,,0.08500000089406967,0.08500000089406967,0.08500000089406967,0.08500000089406967,0.0
2026-04-06 09:30:00,GLIN-P.V,,0.05000000074505806,0.05000000074505806,0.05000000074505806,0.05000000074505806,0.0
2026-04-06 09:30:00,GMA.V,,0.27000001072883606,0.27000001072883606,0.27000001072883606,0.27000001072883606,0.0
2026-04-06 09:30:00,GMG.V,,2.130000114440918,2.2200000286102295,2.130000114440918,2.2200000286102295,0.0
2026-04-06 09:30:00,GMI.V,,0.05000000074505806,0.05000000074505806,0.05000000074505806,0.05000000074505806,0.0
2026-04-06 09:30:00,GOE-H.V,,0.019999999552965164,0.019999999552965164,0.019999999552965164,0.019999999552965164,0.0
2026-04-06 09:30:00,GOT.V,,1.6699999570846558,1.6799999475479126,1.649999976158142,1.649999976158142,0.0
2026-04-06 09:30:00,GPG.V,,0.42500001192092896,0.4300000071525574,0.42500001192092896,0.4300000071525574,0.0
2026-04-06 09:30:00,GPH.V,,1.2400000095367432,1.2400000095367432,1.2400000095367432,1.2400000095367432,0.0
2026-04-06 09:30:00,GQC.V,,2.4600000381469727,2.4800000190734863,2.4600000381469727,2.4800000190734863,0.0
2026-04-06 09:30:00,GR.V,,0.0949999988079071,0.0949999988079071,0.0949999988079071,0.0949999988079071,0.0
2026-04-06 09:30:00,GRB.V,,0.4000000059604645,0.4000000059604645,0.4000000059604645,0.4000000059604645,0.0
2026-04-06 09:30:00,GRD.V,,0.07999999821186066,0.07999999821186066,0.07999999821186066,0.07999999821186066,0.0
2026-04-06 09:30:00,GRDM.V,,0.125,0.125,0.125,0.125,0.0
2026-04-06 09:30:00,GRSL.V,,0.33000001311302185,0.33500000834465027,0.33000001311302185,0.33500000834465027,0.0
2026-04-06 09:30:00,GRZ.V,,5.889999866485596,5.889999866485596,5.889999866485596,5.889999866485596,0.0
2026-04-06 09:30:00,GSI.V,,1.2400000095367432,1.2400000095367432,1.2400000095367432,1.2400000095367432,0.0
2026-04-06 09:30:00,GSP.V,,0.1599999964237213,0.1599999964237213,0.1599999964237213,0.1599999964237213,0.0
2026-04-06 09:30:00,GSTM.V,,0.2150000035762787,0.2150000035762787,0.20999999344348907,0.20999999344348907,0.0
2026-04-06 09:30:00,GSVR.V,,0.6100000143051147,0.6100000143051147,0.6000000238418579,0.6000000238418579,0.0
2026-04-06 09:30:00,GWM.V,,0.6499999761581421,0.6499999761581421,0.6499999761581421,0.6499999761581421,0.0
2026-04-06 09:30:00,GYA.V,,0.125,0.125,0.125,0.125,0.0
2026-04-06 09:30:00,HAM.V,,4.900000095367432,4.900000095367432,4.900000095367432,4.900000095367432,0.0
2026-04-06 09:30:00,HAN.V,,0.5600000023841858,0.5600000023841858,0.5600000023841858,0.5600000023841858,0.0
2026-04-06 09:30:00,HCH.V,,1.340000033378601,1.340000033378601,1.340000033378601,1.340000033378601,0.0
2026-04-06 09:30:00,HELI.V,,0.054999999701976776,0.054999999701976776,0.054999999701976776,0.054999999701976776,0.0
2026-04-06 09:30:00,HEVI.V,,0.26499998569488525,0.26499998569488525,0.26499998569488525,0.26499998569488525,0.0
2026-04-06 09:30:00,HFC.V,,0.4050000011920929,0.4050000011920929,0.4050000011920929,0.4050000011920929,0.0
2026-04-06 09:30:00,HHH.V,,6.099999904632568,6.099999904632568,6.099999904632568,6.099999904632568,0.0
2026-04-06 09:30:00,HITI.V,,3.2300000190734863,3.2300000190734863,3.200000047683716,3.200000047683716,0.0
2026-04-06 09:30:00,HIVE.V,,2.700000047683716,2.740000009536743,2.700000047683716,2.740000009536743,0.0
2026-04-06 09:30:00,HME.V,,2.799999952316284,2.799999952316284,2.7699999809265137,2.7899999618530273,0.0
2026-04-06 09:30:00,HMR.V,,0.8600000143051147,0.8600000143051147,0.8600000143051147,0.8600000143051147,0.0
2026-04-06 09:30:00,HPQ.V,,0.17499999701976776,0.17499999701976776,0.17499999701976776,0.17499999701976776,0.0
2026-04-06 09:30:00,HSTR.V,,2.380000114440918,2.380000114440918,2.359999895095825,2.369999885559082,0.0
2026-04-06 09:30:00,IBC-H.V,,0.029999999329447746,0.029999999329447746,0.029999999329447746,0.029999999329447746,0.0
2026-04-06 09:30:00,IC.V,,0.125,0.125,0.11500000208616257,0.11999999731779099,125000.0
2026-04-06 09:30:00,ICI-P.V,,0.20999999344348907,0.20999999344348907,0.20999999344348907,0.20999999344348907,0.0
2026-04-06 09:30:00,ICM.V,,0.125,0.125,0.125,0.125,0.0
2026-04-06 09:30:00,IFOS.V,,3.819999933242798,3.819999933242798,3.819999933242798,3.819999933242798,0.0
2026-04-06 09:30:00,ILI.V,,0.014999999664723873,0.014999999664723873,0.014999999664723873,0.014999999664723873,0.0
2026-04-06 09:30:00,IMIN-H.V,,0.08500000089406967,0.08500000089406967,0.08500000089406967,0.08500000089406967,0.0
2026-04-06 09:30:00,INEO.V,,0.009999999776482582,0.009999999776482582,0.009999999776482582,0.009999999776482582,0.0
2026-04-06 09:30:00,INFI.V,,0.25,0.25,0.25,0.25,0.0
2026-04-06 09:30:00,IPT.V,,0.23499999940395355,0.23499999940395355,0.23499999940395355,0.23499999940395355,0.0
2026-04-06 09:30:00,ISO.V,,14.789999961853027,14.949999809265137,14.100000381469727,14.760000228881836,113566.0
2026-04-06 09:30:00,ITG-H.V,,0.019999999552965164,0.019999999552965164,0.019999999552965164,0.019999999552965164,0.0
2026-04-06 09:30:00,ITR.V,,4.039999961853027,4.039999961853027,4.039999961853027,4.039999961853027,0.0
2026-04-06 09:30:00,JAX.V,,0.009999999776482582,0.009999999776482582,0.009999999776482582,0.009999999776482582,0.0
2026-04-06 09:30:00,JCI-H.V,,0.05000000074505806,0.05000000074505806,0.05000000074505806,0.05000000074505806,0.0
2026-04-06 09:30:00,JML-H.V,,0.014999999664723873,0.014999999664723873,0.014999999664723873,0.014999999664723873,0.0
2026-04-06 09:30:00,JOJO-P.V,,0.0949999988079071,0.0949999988079071,0.0949999988079071,0.0949999988079071,0.0
2026-04-06 09:30:00,JTC.V,,1.1100000143051147,1.1100000143051147,1.1100000143051147,1.1100000143051147,0.0
2026-04-06 09:30:00,JUGR.V,,1.409999966621399,1.409999966621399,1.409999966621399,1.409999966621399,0.0
2026-04-06 09:30:00,JZR.V,,0.27000001072883606,0.27000001072883606,0.27000001072883606,0.27000001072883606,0.0
2026-04-06 09:30:00,KAC-P.V,,0.019999999552965164,0.019999999552965164,0.019999999552965164,0.019999999552965164,0.0
2026-04-06 09:30:00,KC.V,,0.3199999928474426,0.3199999928474426,0.3199999928474426,0.3199999928474426,0.0
2026-04-06 09:30:00,KCC.V,,0.8399999737739563,0.8399999737739563,0.8399999737739563,0.8399999737739563,0.0
2026-04-06 09:30:00,KFR.V,,0.7200000286102295,0.7200000286102295,0.7200000286102295,0.7200000286102295,0.0
2026-04-06 09:30:00,KG.V,,0.19499999284744263,0.19499999284744263,0.19499999284744263,0.19499999284744263,0.0
2026-04-06 09:30:00,KGC.V,,0.029999999329447746,0.029999999329447746,0.029999999329447746,0.029999999329447746,0.0
2026-04-06 09:30:00,KING.V,,0.6000000238418579,0.6000000238418579,0.6000000238418579,0.6000000238418579,3300.0
2026-04-06 09:30:00,KIP.V,,0.25,0.25,0.25,0.25,0.0
2026-04-06 09:30:00,KLDC.V,,0.19499999284744263,0.19499999284744263,0.19499999284744263,0.19499999284744263,0.0
2026-04-06 09:30:00,KNG.V,,1.3300000429153442,1.3300000429153442,1.309999942779541,1.309999942779541,0.0
2026-04-06 09:30:00,KRY.V,,3.3299999237060547,3.3299999237060547,3.299999952316284,3.299999952316284,0.0
2026-04-06 09:30:00,KS.V,,0.2199999988079071,0.2199999988079071,0.2199999988079071,0.2199999988079071,0.0
2026-04-06 09:30:00,KTN.V,,1.440000057220459,1.440000057220459,1.440000057220459,1.440000057220459,0.0
2026-04-06 09:30:00,KTO.V,,0.699999988079071,0.7099999785423279,0.699999988079071,0.7099999785423279,0.0
2026-04-06 09:30:00,LAB.V,,0.06499999761581421,0.06499999761581421,0.06499999761581421,0.06499999761581421,0.0
2026-04-06 09:30:00,LBNK.V,,0.7400000095367432,0.7599999904632568,0.7400000095367432,0.7599999904632568,0.0
2026-04-06 09:30:00,LCX.V,,2.0,2.0299999713897705,2.0,2.0299999713897705,0.0
2026-04-06 09:30:00,LEM.V,,0.30000001192092896,0.30000001192092896,0.30000001192092896,0.30000001192092896,0.0
2026-04-06 09:30:00,LEN.V,,1.090000033378601,1.1299999952316284,1.0499999523162842,1.1299999952316284,857136.0
2026-04-06 09:30:00,LFST.V,,0.04500000178813934,0.04500000178813934,0.04500000178813934,0.04500000178813934,0.0
2026-04-06 09:30:00,LG.V,,0.3499999940395355,0.3499999940395355,0.3499999940395355,0.3499999940395355,0.0
2026-04-06 09:30:00,LGC.V,,2.0,2.0,1.9900000095367432,2.0,0.0
2026-04-06 09:30:00,LGN.V,,0.949999988079071,0.949999988079071,0.949999988079071,0.949999988079071,0.0
2026-04-06 09:30:00,LIFT.V,,5.150000095367432,5.150000095367432,5.150000095367432,5.150000095367432,0.0
2026-04-06 09:30:00,LIO.V,,0.25999999046325684,0.25999999046325684,0.25,0.25,0.0
2026-04-06 09:30:00,LIS.V,,0.49000000953674316,0.49000000953674316,0.49000000953674316,0.49000000953674316,0.0
2026-04-06 09:30:00,LKY.V,,0.004999999888241291,0.004999999888241291,0.004999999888241291,0.004999999888241291,0.0
2026-04-06 09:30:00,LLG.V,,0.07500000298023224,0.07500000298023224,0.07500000298023224,0.07500000298023224,0.0
2026-04-06 09:30:00,LME.V,,0.20999999344348907,0.2150000035762787,0.20999999344348907,0.2150000035762787,0.0
2026-04-06 09:30:00,LMN.V,,23.0,23.0,23.0,23.0,0.0
2026-04-06 09:30:00,LMR.V,,0.0949999988079071,0.0949999988079071,0.0949999988079071,0.0949999988079071,0.0
2026-04-06 09:30:00,LMS.V,,0.23000000417232513,0.23000000417232513,0.23000000417232513,0.23000000417232513,0.0
2026-04-06 09:30:00,LRA.V,,3.549999952316284,3.5999999046325684,3.549999952316284,3.5899999141693115,0.0
2026-04-06 09:30:00,LRC-H.V,,0.07999999821186066,0.07999999821186066,0.07999999821186066,0.07999999821186066,0.0
2026-04-06 09:30:00,LSL.V,,0.38999998569488525,0.38999998569488525,0.38999998569488525,0.38999998569488525,0.0
2026-04-06 09:30:00,LSTR.V,,0.11500000208616257,0.11500000208616257,0.11500000208616257,0.11500000208616257,0.0
2026-04-06 09:30:00,LTE.V,,0.11500000208616257,0.11500000208616257,0.11500000208616257,0.11500000208616257,0.0
2026-04-06 09:30:00,LTH.V,,1.4600000381469727,1.4600000381469727,1.4600000381469727,1.4600000381469727,0.0
2026-04-06 09:30:00,LTV.V,,0.03999999910593033,0.03999999910593033,0.03999999910593033,0.03999999910593033,0.0
2026-04-06 09:30:00,LTX.V,,0.1899999976158142,0.1899999976158142,0.1899999976158142,0.1899999976158142,0.0
2026-04-06 09:30:00,LUCA.V,,1.4500000476837158,1.4500000476837158,1.4500000476837158,1.4500000476837158,0.0
2026-04-06 09:30:00,LVG.V,,0.33000001311302185,0.33000001311302185,0.33000001311302185,0.33000001311302185,0.0
2026-04-06 09:30:00,LVX.V,,0.5799999833106995,0.5799999833106995,0.5799999833106995,0.5799999833106995,0.0
2026-04-06 09:30:00,LX-H.V,,0.03999999910593033,0.03999999910593033,0.03999999910593033,0.03999999910593033,0.0
2026-04-06 09:30:00,LXE.V,,0.23999999463558197,0.23999999463558197,0.23999999463558197,0.23999999463558197,0.0
2026-04-06 09:30:00,MAN-P.V,,0.11500000208616257,0.11500000208616257,0.11500000208616257,0.11500000208616257,0.0
2026-04-06 09:30:00,MASS.V,,0.11500000208616257,0.11500000208616257,0.11500000208616257,0.11500000208616257,0.0
2026-04-06 09:30:00,MCF.V,,0.03999999910593033,0.03999999910593033,0.03999999910593033,0.03999999910593033,0.0
2026-04-06 09:30:00,MCX.V,,0.02500000037252903,0.02500000037252903,0.02500000037252903,0.02500000037252903,0.0
2026-04-06 09:30:00,MD.V,,0.46000000834465027,0.46000000834465027,0.46000000834465027,0.46000000834465027,0.0
2026-04-06 09:30:00,MDE-H.V,,0.029999999329447746,0.029999999329447746,0.029999999329447746,0.029999999329447746,0.0
2026-04-06 09:30:00,MDO.V,,0.009999999776482582,0.009999999776482582,0.009999999776482582,0.009999999776482582,52000.0
2026-04-06 09:30:00,MEK.V,,0.02500000037252903,0.029999999329447746,0.02500000037252903,0.029999999329447746,0.0
2026-04-06 09:30:00,MENE.V,,0.20000000298023224,0.20000000298023224,0.20000000298023224,0.20000000298023224,0.0
2026-04-06 09:30:00,MFG.V,,4.360000133514404,4.360000133514404,4.360000133514404,4.360000133514404,0.0
2026-04-06 09:30:00,MGM.V,,2.450000047683716,2.450000047683716,2.4100000858306885,2.4100000858306885,0.0
2026-04-06 09:30:00,MIM.V,,0.23000000417232513,0.23000000417232513,0.23000000417232513,0.23000000417232513,0.0
2026-04-06 09:30:00,MINE.V,,0.07500000298023224,0.07500000298023224,0.07500000298023224,0.07500000298023224,0.0
2026-04-06 09:30:00,MJS.V,,0.14499999582767487,0.14499999582767487,0.14499999582767487,0.14499999582767487,0.0
2026-04-06 09:30:00,MKO.V,,9.020000457763672,9.130000114440918,8.859999656677246,8.880000114440918,0.0
2026-04-06 09:30:00,MLP.V,,2.009999990463257,2.0199999809265137,2.009999990463257,2.009999990463257,0.0
2026-04-06 09:30:00,MMA.V,,1.2899999618530273,1.3300000429153442,1.2799999713897705,1.3300000429153442,0.0
2026-04-06 09:30:00,MMG.V,,0.30000001192092896,0.30000001192092896,0.30000001192092896,0.30000001192092896,0.0
2026-04-06 09:30:00,MN.V,,0.10999999940395355,0.10999999940395355,0.10999999940395355,0.10999999940395355,0.0
2026-04-06 09:30:00,MNC-PR-A.V,,3.0,3.0,3.0,3.0,0.0
2026-04-06 09:30:00,MPH.V,,1.2200000286102295,1.2200000286102295,1.2200000286102295,1.2200000286102295,0.0
2026-04-06 09:30:00,MQM.V,,0.29499998688697815,0.29499998688697815,0.29499998688697815,0.29499998688697815,0.0
2026-04-06 09:30:00,MSC.V,,0.019999999552965164,0.019999999552965164,0.019999999552965164,0.019999999552965164,0.0
2026-04-06 09:30:00,MTA.V,,9.479999542236328,9.479999542236328,9.479999542236328,9.479999542236328,0.0
2026-04-06 09:30:00,MTS.V,,0.1599999964237213,0.1599999964237213,0.1599999964237213,0.1599999964237213,0.0
2026-04-06 09:30:00,MTT.V,,0.1850000023841858,0.1850000023841858,0.1850000023841858,0.1850000023841858,0.0
2026-04-06 09:30:00,MTX.V,,0.009999999776482582,0.009999999776482582,0.009999999776482582,0.009999999776482582,0.0
2026-04-06 09:30:00,NICU.V,,2.180000066757202,2.190000057220459,2.119999885559082,2.119999885559082,0.0
2026-04-06 09:30:00,NURS.V,,2.875,3.0299999713897705,2.859999895095825,3.0299999713897705,0.0
2026-04-06 09:30:00,PNG.V,,8.5,8.5,8.40999984741211,8.40999984741211,0.0
2026-04-06 09:30:00,ROAR.V,,0.20000000298023224,0.20499999821186066,0.20000000298023224,0.20499999821186066,0.0
2026-04-06 09:30:00,TUF.V,,0.2549999952316284,0.2549999952316284,0.2549999952316284,0.2549999952316284,0.0
2026-04-06 09:30:00,WLTR-H.V,,0.03500000014901161,0.03500000014901161,0.03500000014901161,0.03500000014901161,0.0
2026-04-06 09:30:00,YGT.V,,0.2199999988079071,0.2199999988079071,0.2199999988079071,0.2199999988079071,0.0
2026-04-06 09:30:00,ZNG.V,,1.100000023841858,1.100000023841858,1.100000023841858,1.100000023841858,0.0
2026-04-06 09:31:00,FWZ.V,,4.510000228881836,4.510000228881836,4.510000228881836,4.510000228881836,800.0
2026-04-06 09:31:00,GSI.V,,1.2400000095367432,1.2400000095367432,1.2400000095367432,1.2400000095367432,3500.0
2026-04-06 09:31:00,GSVR.V,,0.6000000238418579,0.6000000238418579,0.6000000238418579,0.6000000238418579,5000.0
2026-04-06 09:31:00,HAM.V,,4.900000095367432,4.900000095367432,4.900000095367432,4.900000095367432,200.0
2026-04-06 09:31:00,HIVE.V,,2.7200000286102295,2.740000009536743,2.7200000286102295,2.740000009536743,6500.0
2026-04-06 09:31:00,HME.V,,2.799999952316284,2.799999952316284,2.799999952316284,2.799999952316284,400.0
2026-04-06 09:31:00,IFOS.V,,3.75,3.75,3.75,3.75,162.0
2026-04-06 09:31:00,IPT.V,,0.23999999463558197,0.23999999463558197,0.23999999463558197,0.23999999463558197,9000.0
2026-04-06 09:31:00,ITR.V,,4.010000228881836,4.010000228881836,4.010000228881836,4.010000228881836,200.0
2026-04-06 09:31:00,KRY.V,,3.2899999618530273,3.299999952316284,3.2899999618530273,3.299999952316284,900.0
2026-04-06 09:31:00,LCX.V,,2.009999990463257,2.0199999809265137,2.0,2.0,3843.0
2026-04-06 09:31:00,LG.V,,0.35499998927116394,0.35499998927116394,0.35499998927116394,0.35499998927116394,1000.0
2026-04-06 09:31:00,LMN.V,,23.0,23.0,22.989999771118164,22.989999771118164,1300.0
2026-04-06 09:31:00,LVG.V,,0.3199999928474426,0.3199999928474426,0.3199999928474426,0.3199999928474426,7635.0
2026-04-06 09:31:00,MEK.V,,0.02500000037252903,0.02500000037252903,0.02500000037252903,0.02500000037252903,81465.0
2026-04-06 09:31:00,MKO.V,,9.0,9.0,8.899999618530273,8.899999618530273,300.0
2026-04-06 09:31:00,NICU.V,,2.200000047683716,2.200000047683716,2.190000057220459,2.200000047683716,13700.0
2026-04-06 09:31:00,PNG.V,,8.579999923706055,8.579999923706055,8.5,8.5,19666.0
2026-04-06 09:31:00,ROAR.V,,0.20000000298023224,0.20000000298023224,0.20000000298023224,0.20000000298023224,3000.0
2026-04-06 09:32:00,GSI.V,,1.25,1.2599999904632568,1.25,1.25,4200.0
2026-04-06 09:32:00,HAM.V,,4.900000095367432,4.900000095367432,4.900000095367432,4.900000095367432,300.0
2026-04-06 09:32:00,HEVI.V,,0.26499998569488525,0.26499998569488525,0.26499998569488525,0.26499998569488525,40300.0
2026-04-06 09:32:00,HIVE.V,,2.7200000286102295,2.7200000286102295,2.7100000381469727,2.7200000286102295,8950.0
2026-04-06 09:32:00,HME.V,,2.799999952316284,2.799999952316284,2.799999952316284,2.799999952316284,100.0
2026-04-06 09:32:00,JUGR.V,,1.3899999856948853,1.3899999856948853,1.3899999856948853,1.3899999856948853,100.0
2026-04-06 09:32:00,KFR.V,,0.7200000286102295,0.7200000286102295,0.7200000286102295,0.7200000286102295,10050.0
2026-04-06 09:32:00,LMN.V,,22.780000686645508,22.81999969482422,22.780000686645508,22.81999969482422,200.0
2026-04-06 09:32:00,MKO.V,,8.960000038146973,8.960000038146973,8.960000038146973,8.960000038146973,100.0
2026-04-06 09:32:00,MN.V,,0.10999999940395355,0.10999999940395355,0.10999999940395355,0.10999999940395355,1500.0
2026-04-06 09:32:00,MTA.V,,9.4399995803833,9.4399995803833,9.4399995803833,9.4399995803833,100.0
2026-04-06 09:32:00,NURS.V,,2.9149999618530273,2.940000057220459,2.859999895095825,2.859999895095825,4300.0
2026-04-06 09:32:00,PNG.V,,8.5,8.539999961853027,8.5,8.539999961853027,5411.0
2026-04-06 09:32:00,SCAN.V,,7.659999847412109,7.659999847412109,7.659999847412109,7.659999847412109,0.0
2026-04-06 09:33:00,BIG.V,,0.6600000262260437,0.6600000262260437,0.6499999761581421,0.6499999761581421,3000.0
2026-04-06 09:33:00,GMG.V,,2.190000057220459,2.190000057220459,2.190000057220459,2.190000057220459,2100.0
2026-04-06 09:33:00,GRDM.V,,0.125,0.125,0.125,0.125,500.0
2026-04-06 09:33:00,GSVR.V,,0.6000000238418579,0.6000000238418579,0.6000000238418579,0.6000000238418579,10000.0
2026-04-06 09:33:00,HAM.V,,4.900000095367432,4.900000095367432,4.900000095367432,4.900000095367432,1200.0
2026-04-06 09:33:00,HEVI.V,,0.27000001072883606,0.27000001072883606,0.27000001072883606,0.27000001072883606,123100.0
2026-04-06 09:33:00,HIVE.V,,2.7200000286102295,2.7200000286102295,2.7200000286102295,2.7200000286102295,6200.0
2026-04-06 09:33:00,HME.V,,2.799999952316284,2.799999952316284,2.799999952316284,2.799999952316284,5005.0
2026-04-06 09:33:00,HSTR.V,,2.380000114440918,2.380000114440918,2.380000114440918,2.380000114440918,130.0
2026-04-06 09:33:00,LIS.V,,0.49000000953674316,0.49000000953674316,0.49000000953674316,0.49000000953674316,34000.0
2026-04-06 09:33:00,LLG.V,,0.07500000298023224,0.07500000298023224,0.07500000298023224,0.07500000298023224,8000.0
2026-04-06 09:33:00,LRA.V,,3.5399999618530273,3.5399999618530273,3.5399999618530273,3.5399999618530273,4100.0
2026-04-06 09:33:00,LTH.V,,1.4550000429153442,1.4550000429153442,1.4550000429153442,1.4550000429153442,800.0
2026-04-06 09:33:00,MKO.V,,8.899999618530273,8.899999618530273,8.899999618530273,8.899999618530273,400.0
2026-04-06 09:33:00,NURS.V,,3.0,3.0,2.880000114440918,2.8949999809265137,10400.0
2026-04-06 09:33:00,PNG.V,,8.569999694824219,8.569999694824219,8.539999961853027,8.539999961853027,1426.0
2026-04-06 09:34:00,GSI.V,,1.2450000047683716,1.25,1.2400000095367432,1.25,1400.0
2026-04-06 09:34:00,GSVR.V,,0.6000000238418579,0.6000000238418579,0.6000000238418579,0.6000000238418579,61000.0
2026-04-06 09:34:00,HEVI.V,,0.27000001072883606,0.27000001072883606,0.27000001072883606,0.27000001072883606,14000.0
2026-04-06 09:34:00,HITI.V,,3.25,3.25,3.25,3.25,100.0
2026-04-06 09:34:00,HIVE.V,,2.75,2.75,2.7249999046325684,2.7249999046325684,25109.0
2026-04-06 09:34:00,HME.V,,2.7899999618530273,2.7899999618530273,2.7899999618530273,2.7899999618530273,3800.0
2026-04-06 09:34:00,IPT.V,,0.24500000476837158,0.24500000476837158,0.24500000476837158,0.24500000476837158,15245.0
2026-04-06 09:34:00,KTN.V,,1.440000057220459,1.440000057220459,1.440000057220459,1.440000057220459,700.0
2026-04-06 09:34:00,LVG.V,,0.3100000023841858,0.3100000023841858,0.3100000023841858,0.3100000023841858,69050.0
2026-04-06 09:34:00,MENE.V,,0.20499999821186066,0.20499999821186066,0.20000000298023224,0.20000000298023224,5000.0
2026-04-06 09:34:00,MKO.V,,8.850000381469727,8.850000381469727,8.850000381469727,8.850000381469727,100.0
2026-04-06 09:34:00,NURS.V,,3.0199999809265137,3.0299999713897705,3.0,3.0,1400.0
2026-04-06 09:34:00,PNG.V,,8.569999694824219,8.569999694824219,8.529999732971191,8.529999732971191,200.0
2026-04-06 09:35:00,FPC.V,,0.36500000953674316,0.36500000953674316,0.36500000953674316,0.36500000953674316,8609.0
2026-04-06 09:35:00,GOT.V,,1.6699999570846558,1.6699999570846558,1.659999966621399,1.659999966621399,2100.0
2026-04-06 09:35:00,HITI.V,,3.2699999809265137,3.2799999713897705,3.2699999809265137,3.2799999713897705,1200.0
2026-04-06 09:35:00,HIVE.V,,2.759999990463257,2.759999990463257,2.75,2.75,12255.0
2026-04-06 09:35:00,HSTR.V,,2.4000000953674316,2.4000000953674316,2.380000114440918,2.380000114440918,2300.0
2026-04-06 09:35:00,JUGR.V,,1.3899999856948853,1.3899999856948853,1.3899999856948853,1.3899999856948853,200.0
2026-04-06 09:35:00,KTN.V,,1.4299999475479126,1.4299999475479126,1.4299999475479126,1.4299999475479126,100.0
2026-04-06 09:35:00,LGN.V,,0.9399999976158142,0.9399999976158142,0.9399999976158142,0.9399999976158142,30460.0
2026-04-06 09:35:00,LMN.V,,22.90999984741211,23.0,22.719999313354492,23.0,1622.0
2026-04-06 09:35:00,LUCA.V,,1.4299999475479126,1.4500000476837158,1.4299999475479126,1.4500000476837158,3500.0
2026-04-06 09:35:00,MLP.V,,2.0399999618530273,2.0399999618530273,2.0399999618530273,2.0399999618530273,100.0
2026-04-06 09:35:00,NURS.V,,3.0999999046325684,3.0999999046325684,3.0299999713897705,3.0299999713897705,4306.0
2026-04-06 09:35:00,PNG.V,,8.5600004196167,8.600000381469727,8.5600004196167,8.569999694824219,22305.0
2026-04-06 09:36:00,BIG.V,,0.6499999761581421,0.6499999761581421,0.6499999761581421,0.6499999761581421,11000.0
2026-04-06 09:36:00,FMN.V,,0.16500000655651093,0.16500000655651093,0.16500000655651093,0.16500000655651093,10000.0
2026-04-06 09:36:00,GLAD.V,,1.25,1.25,1.25,1.25,600.0
2026-04-06 09:36:00,GPAC.V,,0.4650000035762787,0.4650000035762787,0.4650000035762787,0.4650000035762787,0.0
2026-04-06 09:36:00,GQC.V,,2.4100000858306885,2.4100000858306885,2.4100000858306885,2.4100000858306885,200.0
2026-04-06 09:36:00,GSI.V,,1.2450000047683716,1.2450000047683716,1.2400000095367432,1.2400000095367432,1100.0
2026-04-06 09:36:00,GSR.V,,0.5400000214576721,0.5400000214576721,0.5400000214576721,0.5400000214576721,0.0
2026-04-06 09:36:00,HAR.V,,0.05999999865889549,0.05999999865889549,0.05999999865889549,0.05999999865889549,0.0
2026-04-06 09:36:00,HITI.V,,3.2799999713897705,3.2799999713897705,3.2699999809265137,3.2699999809265137,3100.0
2026-04-06 09:36:00,HIVE.V,,2.75,2.75,2.75,2.75,2800.0
2026-04-06 09:36:00,HME.V,,2.7799999713897705,2.7799999713897705,2.7799999713897705,2.7799999713897705,900.0
2026-04-06 09:36:00,HSTR.V,,2.4000000953674316,2.4000000953674316,2.4000000953674316,2.4000000953674316,500.0
2026-04-06 09:36:00,IFOS.V,,3.809999942779541,3.809999942779541,3.809999942779541,3.809999942779541,3378.0
2026-04-06 09:36:00,KTN.V,,1.4199999570846558,1.4199999570846558,1.4199999570846558,1.4199999570846558,400.0
2026-04-06 09:36:00,LCX.V,,1.9700000286102295,1.9800000190734863,1.9700000286102295,1.9800000190734863,1210.0
2026-04-06 09:36:00,LTH.V,,1.4500000476837158,1.4500000476837158,1.4500000476837158,1.4500000476837158,1000.0
2026-04-06 09:36:00,MLP.V,,2.0299999713897705,2.0299999713897705,2.009999990463257,2.0199999809265137,11300.0
2026-04-06 09:36:00,PNG.V,,8.59000015258789,8.59000015258789,8.529999732971191,8.5600004196167,7053.0
2026-04-06 09:36:00,YGT.V,,0.2150000035762787,0.2150000035762787,0.2150000035762787,0.2150000035762787,5500.0
2026-04-06 09:37:00,FMN.V,,0.17000000178813934,0.17000000178813934,0.17000000178813934,0.17000000178813934,4000.0
2026-04-06 09:37:00,FPC.V,,0.3700000047683716,0.3700000047683716,0.3700000047683716,0.3700000047683716,1000.0
2026-04-06 09:37:00,FUU.V,,0.17499999701976776,0.18000000715255737,0.17499999701976776,0.18000000715255737,6500.0
2026-04-06 09:37:00,FWZ.V,,4.519999980926514,4.539999961853027,4.5,4.539999961853027,9310.0
2026-04-06 09:37:00,GOT.V,,1.649999976158142,1.659999966621399,1.649999976158142,1.659999966621399,6900.0
2026-04-06 09:37:00,GQC.V,,2.4100000858306885,2.4100000858306885,2.4000000953674316,2.4100000858306885,700.0
2026-04-06 09:37:00,GRDM.V,,0.125,0.125,0.125,0.125,32000.0
2026-04-06 09:37:00,HIVE.V,,2.75,2.75,2.75,2.75,6600.0
2026-04-06 09:37:00,KTN.V,,1.4199999570846558,1.4199999570846558,1.4199999570846558,1.4199999570846558,1800.0
2026-04-06 09:37:00,LCX.V,,1.9900000095367432,1.9900000095367432,1.9600000381469727,1.9600000381469727,20200.0
2026-04-06 09:37:00,LG.V,,0.35499998927116394,0.35499998927116394,0.35499998927116394,0.35499998927116394,1500.0
2026-04-06 09:37:00,LGN.V,,0.949999988079071,0.949999988079071,0.949999988079071,0.949999988079071,9000.0
2026-04-06 09:37:00,LMN.V,,22.780000686645508,22.780000686645508,22.780000686645508,22.780000686645508,400.0
2026-04-06 09:37:00,LUCA.V,,1.440000057220459,1.440000057220459,1.440000057220459,1.440000057220459,900.0
2026-04-06 09:37:00,LVG.V,,0.3100000023841858,0.3100000023841858,0.3100000023841858,0.3100000023841858,5000.0
2026-04-06 09:37:00,PNG.V,,8.619999885559082,8.630000114440918,8.600000381469727,8.600000381469727,22439.0
2026-04-06 09:38:00,GOT.V,,1.6449999809265137,1.649999976158142,1.6449999809265137,1.649999976158142,3100.0
2026-04-06 09:38:00,GQC.V,,2.4000000953674316,2.4100000858306885,2.4000000953674316,2.4100000858306885,3800.0
2026-04-06 09:38:00,HHH.V,,6.099999904632568,6.099999904632568,6.099999904632568,6.099999904632568,200.0
2026-04-06 09:38:00,HIVE.V,,2.7699999809265137,2.7699999809265137,2.759999990463257,2.759999990463257,14425.0
2026-04-06 09:38:00,HME.V,,2.7799999713897705,2.7799999713897705,2.7799999713897705,2.7799999713897705,100.0
2026-04-06 09:38:00,KTN.V,,1.4199999570846558,1.4299999475479126,1.4199999570846558,1.4299999475479126,1000.0
2026-04-06 09:38:00,KTO.V,,0.699999988079071,0.699999988079071,0.699999988079071,0.699999988079071,7000.0
2026-04-06 09:38:00,LVG.V,,0.3100000023841858,0.3100000023841858,0.3100000023841858,0.3100000023841858,7500.0
2026-04-06 09:38:00,LVX.V,,0.550000011920929,0.550000011920929,0.550000011920929,0.550000011920929,930.0
2026-04-06 09:38:00,PNG.V,,8.630000114440918,8.640000343322754,8.630000114440918,8.630000114440918,3770.0
2026-04-06 09:38:00,ROAR.V,,0.19750000536441803,0.19750000536441803,0.19750000536441803,0.19750000536441803,3000.0
2026-04-06 09:39:00,GLAD.V,,1.25,1.25,1.25,1.25,1400.0
2026-04-06 09:39:00,GMG.V,,2.190000057220459,2.190000057220459,2.180000066757202,2.180000066757202,300.0
2026-04-06 09:39:00,GQC.V,,2.380000114440918,2.380000114440918,2.380000114440918,2.380000114440918,200.0
2026-04-06 09:39:00,GRB.V,,0.39500001072883606,0.39500001072883606,0.39500001072883606,0.39500001072883606,23500.0
2026-04-06 09:39:00,GTC.V,,0.17000000178813934,0.17000000178813934,0.17000000178813934,0.17000000178813934,0.0
2026-04-06 09:39:00,HIVE.V,,2.759999990463257,2.7699999809265137,2.759999990463257,2.7699999809265137,59591.0
2026-04-06 09:39:00,HME.V,,2.7699999809265137,2.7699999809265137,2.7699999809265137,2.7699999809265137,2800.0
2026-04-06 09:39:00,IGO.V,,0.0949999988079071,0.0949999988079071,0.0949999988079071,0.0949999988079071,0.0
2026-04-06 09:39:00,LTH.V,,1.440000057220459,1.440000057220459,1.440000057220459,1.440000057220459,2800.0
2026-04-06 09:39:00,LVG.V,,0.3100000023841858,0.3100000023841858,0.3100000023841858,0.3100000023841858,5000.0
2026-04-06 09:39:00,MMG.V,,0.30000001192092896,0.30000001192092896,0.30000001192092896,0.30000001192092896,6740.0
2026-04-06 09:39:00,NURS.V,,3.180000066757202,3.180000066757202,3.180000066757202,3.180000066757202,100.0
2026-04-06 09:39:00,PNG.V,,8.649999618530273,8.649999618530273,8.649999618530273,8.649999618530273,1415.0
2026-04-06 09:39:00,SCAN.V,,7.599999904632568,7.599999904632568,7.599999904632568,7.599999904632568,100.0
2026-04-06 09:39:00,YGT.V,,0.20999999344348907,0.20999999344348907,0.20999999344348907,0.20999999344348907,5500.0
2026-04-06 09:40:00,GGO.V,,1.0299999713897705,1.0299999713897705,1.0299999713897705,1.0299999713897705,100.0
2026-04-06 09:40:00,GMG.V,,2.1500000953674316,2.1500000953674316,2.1500000953674316,2.1500000953674316,235.0
2026-04-06 09:40:00,GOT.V,,1.649999976158142,1.649999976158142,1.649999976158142,1.649999976158142,4100.0
2026-04-06 09:40:00,GQC.V,,2.380000114440918,2.380000114440918,2.380000114440918,2.380000114440918,100.0
2026-04-06 09:40:00,GSI.V,,1.2300000190734863,1.2300000190734863,1.2300000190734863,1.2300000190734863,5800.0
2026-04-06 09:40:00,HITI.V,,3.2699999809265137,3.2699999809265137,3.2699999809265137,3.2699999809265137,150.0
2026-04-06 09:40:00,HIVE.V,,2.759999990463257,2.759999990463257,2.759999990463257,2.759999990463257,300.0
2026-04-06 09:40:00,HME.V,,2.7799999713897705,2.7799999713897705,2.7799999713897705,2.7799999713897705,100.0
2026-04-06 09:40:00,HSTR.V,,2.4000000953674316,2.4000000953674316,2.4000000953674316,2.4000000953674316,100.0
2026-04-06 09:40:00,KNG.V,,1.3200000524520874,1.3200000524520874,1.3200000524520874,1.3200000524520874,200.0
2026-04-06 09:40:00,LBNK.V,,0.7300000190734863,0.7300000190734863,0.7300000190734863,0.7300000190734863,8788.0
2026-04-06 09:40:00,LCX.V,,1.9500000476837158,1.9700000286102295,1.9500000476837158,1.9700000286102295,41900.0
2026-04-06 09:40:00,LMN.V,,22.780000686645508,22.780000686645508,22.780000686645508,22.780000686645508,1400.0
2026-04-06 09:40:00,LTH.V,,1.4299999475479126,1.4299999475479126,1.4299999475479126,1.4299999475479126,150.0
2026-04-06 09:40:00,MEK.V,,0.02500000037252903,0.02500000037252903,0.02500000037252903,0.02500000037252903,45000.0
2026-04-06 09:40:00,MGM.V,,2.4100000858306885,2.4200000762939453,2.4100000858306885,2.4200000762939453,3300.0
2026-04-06 09:40:00,NURS.V,,3.130000114440918,3.140000104904175,3.130000114440918,3.140000104904175,200.0
2026-04-06 09:40:00,PNG.V,,8.65999984741211,8.699999809265137,8.630000114440918,8.649999618530273,33812.0
2026-04-06 09:41:00,EXG.V,,0.11999999731779099,0.11999999731779099,0.11999999731779099,0.11999999731779099,2000.0
2026-04-06 09:41:00,FWZ.V,,4.5,4.5,4.5,4.5,200.0
2026-04-06 09:41:00,GQC.V,,2.380000114440918,2.380000114440918,2.380000114440918,2.380000114440918,300.0
2026-04-06 09:41:00,GSR.V,,0.5400000214576721,0.5400000214576721,0.5400000214576721,0.5400000214576721,3000.0
2026-04-06 09:41:00,HAN.V,,0.6200000047683716,0.6200000047683716,0.6200000047683716,0.6200000047683716,500.0
2026-04-06 09:41:00,HELI.V,,0.05000000074505806,0.05000000074505806,0.05000000074505806,0.05000000074505806,5000.0
2026-04-06 09:41:00,HEVI.V,,0.2800000011920929,0.2800000011920929,0.2800000011920929,0.2800000011920929,3500.0
2026-04-06 09:41:00,HITI.V,,3.2899999618530273,3.2899999618530273,3.2699999809265137,3.2699999809265137,4627.0
2026-04-06 09:41:00,HIVE.V,,2.7699999809265137,2.7699999809265137,2.759999990463257,2.759999990463257,700.0
2026-04-06 09:41:00,LBNK.V,,0.7200000286102295,0.7200000286102295,0.7200000286102295,0.7200000286102295,2500.0
2026-04-06 09:41:00,LIO.V,,0.2549999952316284,0.2549999952316284,0.2549999952316284,0.2549999952316284,23000.0
2026-04-06 09:41:00,LMN.V,,22.780000686645508,22.780000686645508,22.780000686645508,22.780000686645508,300.0
2026-04-06 09:41:00,MKO.V,,8.710000038146973,8.739999771118164,8.6850004196167,8.720000267028809,4500.0
2026-04-06 09:41:00,MTA.V,,9.4399995803833,9.4399995803833,9.4399995803833,9.4399995803833,104.0
2026-04-06 09:41:00,NURS.V,,3.119999885559082,3.130000114440918,3.119999885559082,3.130000114440918,300.0
2026-04-06 09:41:00,PNG.V,,8.6899995803833,8.6899995803833,8.680000305175781,8.680000305175781,522.0
2026-04-06 09:41:00,SCAN.V,,7.5,7.5,7.5,7.5,100.0
2026-04-06 09:42:00,GOT.V,,1.6449999809265137,1.6449999809265137,1.6449999809265137,1.6449999809265137,123.0
2026-04-06 09:42:00,GQC.V,,2.380000114440918,2.380000114440918,2.380000114440918,2.380000114440918,200.0
2026-04-06 09:42:00,HEVI.V,,0.2800000011920929,0.2800000011920929,0.2800000011920929,0.2800000011920929,2500.0
2026-04-06 09:42:00,HITI.V,,3.2899999618530273,3.299999952316284,3.2899999618530273,3.299999952316284,200.0
2026-04-06 09:42:00,HIVE.V,,2.7699999809265137,2.7699999809265137,2.7699999809265137,2.7699999809265137,5400.0
2026-04-06 09:42:00,HSTR.V,,2.390000104904175,2.390000104904175,2.390000104904175,2.390000104904175,200.0
2026-04-06 09:42:00,LUCA.V,,1.4500000476837158,1.4500000476837158,1.4500000476837158,1.4500000476837158,1000.0
2026-04-06 09:42:00,PNG.V,,8.699999809265137,8.699999809265137,8.680000305175781,8.680000305175781,11070.0
2026-04-06 09:42:00,SCAN.V,,7.400000095367432,7.400000095367432,7.400000095367432,7.400000095367432,113.0
2026-04-06 09:43:00,GLAD.V,,1.25,1.25,1.25,1.25,8002.0
2026-04-06 09:43:00,GQC.V,,2.380000114440918,2.380000114440918,2.380000114440918,2.380000114440918,200.0
2026-04-06 09:43:00,HEVI.V,,0.2824999988079071,0.2824999988079071,0.2800000011920929,0.2800000011920929,16630.0
2026-04-06 09:43:00,HME.V,,2.7799999713897705,2.7799999713897705,2.7799999713897705,2.7799999713897705,900.0
2026-04-06 09:43:00,HSTR.V,,2.380000114440918,2.380000114440918,2.380000114440918,2.380000114440918,100.0
2026-04-06 09:43:00,INFI.V,,0.27000001072883606,0.27000001072883606,0.27000001072883606,0.27000001072883606,1000.0
2026-04-06 09:43:00,ITR.V,,3.9800000190734863,3.9800000190734863,3.9800000190734863,3.9800000190734863,300.0
2026-04-06 09:43:00,KTN.V,,1.4149999618530273,1.4199999570846558,1.4149999618530273,1.4199999570846558,5200.0
2026-04-06 09:43:00,LG.V,,0.3449999988079071,0.3499999940395355,0.3449999988079071,0.3499999940395355,3000.0
2026-04-06 09:43:00,LMN.V,,22.889999389648438,22.889999389648438,22.889999389648438,22.889999389648438,200.0
2026-04-06 09:43:00,LUCA.V,,1.4500000476837158,1.4500000476837158,1.4500000476837158,1.4500000476837158,1000.0
2026-04-06 09:43:00,MKO.V,,8.789999961853027,8.789999961853027,8.770000457763672,8.770000457763672,300.0
2026-04-06 09:43:00,NICU.V,,2.200000047683716,2.200000047683716,2.200000047683716,2.200000047683716,100.0
2026-04-06 09:43:00,PNG.V,,8.699999809265137,8.699999809265137,8.670000076293945,8.699999809265137,1075.0
2026-04-06 09:43:00,SCAN.V,,7.400000095367432,7.400000095367432,7.400000095367432,7.400000095367432,100.0
2026-04-06 09:44:00,EVER.V,,0.5899999737739563,0.5899999737739563,0.5899999737739563,0.5899999737739563,0.0
2026-04-06 09:44:00,FBF.V,,0.9900000095367432,0.9900000095367432,0.9900000095367432,0.9900000095367432,3900.0
2026-04-06 09:44:00,GTC.V,,0.18000000715255737,0.18000000715255737,0.18000000715255737,0.18000000715255737,15000.0
2026-04-06 09:44:00,HELI.V,,0.054999999701976776,0.054999999701976776,0.054999999701976776,0.054999999701976776,13377.0
2026-04-06 09:44:00,HIVE.V,,2.7699999809265137,2.7699999809265137,2.7699999809265137,2.7699999809265137,8205.0
2026-04-06 09:44:00,HSTR.V,,2.390000104904175,2.390000104904175,2.390000104904175,2.390000104904175,100.0
2026-04-06 09:44:00,KTN.V,,1.4199999570846558,1.4199999570846558,1.4199999570846558,1.4199999570846558,1600.0
2026-04-06 09:44:00,LG.V,,0.3499999940395355,0.3499999940395355,0.3499999940395355,0.3499999940395355,15000.0
2026-04-06 09:44:00,LUCA.V,,1.440000057220459,1.440000057220459,1.440000057220459,1.440000057220459,800.0
2026-04-06 09:44:00,MKO.V,,8.729999542236328,8.800000190734863,8.729999542236328,8.800000190734863,200.0
2026-04-06 09:44:00,MLP.V,,2.009999990463257,2.009999990463257,2.009999990463257,2.009999990463257,5250.0
2026-04-06 09:44:00,NICU.V,,2.184999942779541,2.184999942779541,2.184999942779541,2.184999942779541,1100.0
2026-04-06 09:44:00,PNG.V,,8.649999618530273,8.680000305175781,8.649999618530273,8.680000305175781,780.0
2026-04-06 09:44:00,ROAR.V,,0.19750000536441803,0.19750000536441803,0.19750000536441803,0.19750000536441803,5500.0
2026-04-06 09:45:00,BIG.V,,0.6499999761581421,0.6499999761581421,0.6499999761581421,0.6499999761581421,57000.0
2026-04-06 09:45:00,FMS.V,,0.3449999988079071,0.3449999988079071,0.3449999988079071,0.3449999988079071,4000.0
2026-04-06 09:45:00,FPC.V,,0.3700000047683716,0.3700000047683716,0.3700000047683716,0.3700000047683716,3000.0
2026-04-06 09:45:00,FWZ.V,,4.46999979019165,4.5,4.46999979019165,4.5,6333.0
2026-04-06 09:45:00,GLAD.V,,1.2400000095367432,1.2400000095367432,1.2400000095367432,1.2400000095367432,2000.0
2026-04-06 09:45:00,HEVI.V,,0.2800000011920929,0.2800000011920929,0.2800000011920929,0.2800000011920929,2050.0
2026-04-06 09:45:00,HIVE.V,,2.7699999809265137,2.7699999809265137,2.7699999809265137,2.7699999809265137,300.0
2026-04-06 09:45:00,LMN.V,,22.75,22.75,22.75,22.75,105.0
2026-04-06 09:45:00,LUCA.V,,1.4299999475479126,1.4299999475479126,1.4299999475479126,1.4299999475479126,200.0
2026-04-06 09:45:00,MEK.V,,0.02500000037252903,0.02500000037252903,0.02500000037252903,0.02500000037252903,10000.0
2026-04-06 09:45:00,NICU.V,,2.180000066757202,2.180000066757202,2.180000066757202,2.180000066757202,300.0
2026-04-06 09:45:00,PNG.V,,8.6899995803833,8.6899995803833,8.6899995803833,8.6899995803833,100.0
2026-04-06 09:46:00,FUU.V,,0.18000000715255737,0.18000000715255737,0.18000000715255737,0.18000000715255737,500.0
2026-04-06 09:46:00,GGO.V,,1.0099999904632568,1.0299999713897705,1.0099999904632568,1.0299999713897705,6785.0
2026-04-06 09:46:00,GLAD.V,,1.2300000190734863,1.2300000190734863,1.2300000190734863,1.2300000190734863,1500.0
2026-04-06 09:46:00,GPH.V,,1.25,1.25,1.25,1.25,200.0
2026-04-06 09:46:00,GSVR.V,,0.5899999737739563,0.5899999737739563,0.5899999737739563,0.5899999737739563,100300.0
2026-04-06 09:46:00,HIVE.V,,2.7899999618530273,2.7899999618530273,2.7799999713897705,2.7799999713897705,17871.0
2026-04-06 09:46:00,HME.V,,2.765000104904175,2.765000104904175,2.765000104904175,2.765000104904175,100.0
2026-04-06 09:46:00,HSTR.V,,2.380000114440918,2.390000104904175,2.380000114440918,2.390000104904175,2000.0
2026-04-06 09:46:00,KTN.V,,1.4199999570846558,1.4199999570846558,1.4199999570846558,1.4199999570846558,100.0
2026-04-06 09:46:00,LGN.V,,0.949999988079071,0.949999988079071,0.949999988079071,0.949999988079071,7500.0
2026-04-06 09:46:00,LUCA.V,,1.4299999475479126,1.4299999475479126,1.4299999475479126,1.4299999475479126,21900.0
2026-04-06 09:46:00,MGM.V,,2.390000104904175,2.4000000953674316,2.390000104904175,2.4000000953674316,3298.0
2026-04-06 09:46:00,MKO.V,,8.710000038146973,8.710000038146973,8.699999809265137,8.699999809265137,200.0
2026-04-06 09:46:00,NURS.V,,3.140000104904175,3.140000104904175,3.0999999046325684,3.109999895095825,3204.0
2026-04-06 09:46:00,PNG.V,,8.649999618530273,8.670000076293945,8.649999618530273,8.670000076293945,1140.0
2026-04-06 09:46:00,YGT.V,,0.20999999344348907,0.20999999344348907,0.20999999344348907,0.20999999344348907,8500.0
2026-04-06 09:47:00,FUU.V,,0.18000000715255737,0.18000000715255737,0.18000000715255737,0.18000000715255737,500.0
2026-04-06 09:47:00,GWM.V,,0.6399999856948853,0.6399999856948853,0.6399999856948853,0.6399999856948853,2100.0
2026-04-06 09:47:00,HHH.V,,6.099999904632568,6.099999904632568,6.099999904632568,6.099999904632568,4400.0
2026-04-06 09:47:00,HIVE.V,,2.7899999618530273,2.7899999618530273,2.7899999618530273,2.7899999618530273,661.0
2026-04-06 09:47:00,ITR.V,,3.950000047683716,3.9600000381469727,3.950000047683716,3.9600000381469727,2100.0
2026-04-06 09:47:00,LTH.V,,1.4500000476837158,1.4500000476837158,1.4500000476837158,1.4500000476837158,3000.0
2026-04-06 09:47:00,LUCA.V,,1.4199999570846558,1.4199999570846558,1.4199999570846558,1.4199999570846558,500.0
2026-04-06 09:47:00,MRVL.V,,0.18000000715255737,0.18000000715255737,0.18000000715255737,0.18000000715255737,0.0
2026-04-06 09:47:00,NURS.V,,3.140000104904175,3.1600000858306885,3.140000104904175,3.1600000858306885,300.0
2026-04-06 09:47:00,PNG.V,,8.649999618530273,8.649999618530273,8.619999885559082,8.640000343322754,2731.0
2026-04-06 09:47:00,ROAR.V,,0.19750000536441803,0.19750000536441803,0.19750000536441803,0.19750000536441803,1000.0
2026-04-06 09:47:00,TUF.V,,0.25999999046325684,0.25999999046325684,0.25999999046325684,0.25999999046325684,2000.0
2026-04-06 09:48:00,FPC.V,,0.3700000047683716,0.3700000047683716,0.3700000047683716,0.3700000047683716,10197.0
2026-04-06 09:48:00,GIGA.V,,0.0949999988079071,0.0949999988079071,0.0949999988079071,0.0949999988079071,0.0
2026-04-06 09:48:00,GLAD.V,,1.2200000286102295,1.2300000190734863,1.2200000286102295,1.2300000190734863,6230.0
2026-04-06 09:48:00,GNG.V,,0.17000000178813934,0.17000000178813934,0.17000000178813934,0.17000000178813934,0.0
2026-04-06 09:48:00,GPH.V,,1.25,1.25,1.25,1.25,4800.0
2026-04-06 09:48:00,GRSL.V,,0.32499998807907104,0.32499998807907104,0.32499998807907104,0.32499998807907104,500.0
2026-04-06 09:48:00,GSVR.V,,0.5899999737739563,0.5899999737739563,0.5899999737739563,0.5899999737739563,1900.0
2026-04-06 09:48:00,HIVE.V,,2.7699999809265137,2.7899999618530273,2.7699999809265137,2.7899999618530273,8933.0
2026-04-06 09:48:00,ITR.V,,3.940000057220459,3.940000057220459,3.940000057220459,3.940000057220459,7107.0
2026-04-06 09:48:00,LCX.V,,1.940000057220459,1.940000057220459,1.9199999570846558,1.9299999475479126,13100.0
2026-04-06 09:48:00,LG.V,,0.3400000035762787,0.3449999988079071,0.3400000035762787,0.3449999988079071,75079.0
2026-04-06 09:48:00,MFG.V,,4.289999961853027,4.289999961853027,4.289999961853027,4.289999961853027,200.0
2026-04-06 09:48:00,MKO.V,,8.699999809265137,8.699999809265137,8.680000305175781,8.680000305175781,1100.0
2026-04-06 09:48:00,NICU.V,,2.1700000762939453,2.1700000762939453,2.1700000762939453,2.1700000762939453,400.0
2026-04-06 09:48:00,NURS.V,,3.140000104904175,3.140000104904175,3.140000104904175,3.140000104904175,2748.0
2026-04-06 09:48:00,PNG.V,,8.579999923706055,8.640000343322754,8.579999923706055,8.640000343322754,3126.0
2026-04-06 09:48:00,TUF.V,,0.25999999046325684,0.25999999046325684,0.25999999046325684,0.25999999046325684,3500.0
2026-04-06 09:48:00,YGT.V,,0.20499999821186066,0.20499999821186066,0.20499999821186066,0.20499999821186066,1500.0
2026-04-06 09:49:00,BIG.V,,0.6499999761581421,0.6499999761581421,0.6499999761581421,0.6499999761581421,23400.0
2026-04-06 09:49:00,FUU.V,,0.18000000715255737,0.18000000715255737,0.18000000715255737,0.18000000715255737,849.0
2026-04-06 09:49:00,GOT.V,,1.6399999856948853,1.6399999856948853,1.6399999856948853,1.6399999856948853,3645.0
2026-04-06 09:49:00,GPAC.V,,0.4650000035762787,0.4650000035762787,0.4650000035762787,0.4650000035762787,9800.0
2026-04-06 09:49:00,HELI.V,,0.05000000074505806,0.05000000074505806,0.05000000074505806,0.05000000074505806,289270.0
2026-04-06 09:49:00,HEVI.V,,0.2800000011920929,0.2800000011920929,0.2800000011920929,0.2800000011920929,16766.0
2026-04-06 09:49:00,HHH.V,,6.099999904632568,6.099999904632568,6.099999904632568,6.099999904632568,3300.0
2026-04-06 09:49:00,HIVE.V,,2.7699999809265137,2.7699999809265137,2.7699999809265137,2.7699999809265137,611.0
2026-04-06 09:49:00,HSTR.V,,2.369999885559082,2.369999885559082,2.369999885559082,2.369999885559082,375.0
2026-04-06 09:49:00,IPT.V,,0.23999999463558197,0.23999999463558197,0.23999999463558197,0.23999999463558197,1000.0
2026-04-06 09:49:00,KTN.V,,1.399999976158142,1.409999966621399,1.399999976158142,1.409999966621399,9585.0
2026-04-06 09:49:00,LLG.V,,0.07500000298023224,0.07500000298023224,0.07500000298023224,0.07500000298023224,20000.0
2026-04-06 09:49:00,LMR.V,,0.09000000357627869,0.09000000357627869,0.09000000357627869,0.09000000357627869,2500.0
2026-04-06 09:49:00,LUCA.V,,1.399999976158142,1.399999976158142,1.399999976158142,1.399999976158142,100.0
2026-04-06 09:49:00,MKO.V,,8.75,8.75,8.6899995803833,8.6899995803833,200.0
2026-04-06 09:49:00,MLP.V,,2.0,2.009999990463257,1.9900000095367432,2.009999990463257,21516.0
2026-04-06 09:49:00,NICU.V,,2.1600000858306885,2.1700000762939453,2.1600000858306885,2.1700000762939453,3400.0
2026-04-06 09:49:00,NURS.V,,3.0999999046325684,3.0999999046325684,3.0999999046325684,3.0999999046325684,1000.0
2026-04-06 09:49:00,PNG.V,,8.600000381469727,8.619999885559082,8.600000381469727,8.619999885559082,10299.0
2026-04-06 09:50:00,FPC.V,,0.3700000047683716,0.3700000047683716,0.3700000047683716,0.3700000047683716,2000.0
2026-04-06 09:50:00,GSTM.V,,0.20999999344348907,0.20999999344348907,0.20999999344348907,0.20999999344348907,1255.0
2026-04-06 09:50:00,GSVR.V,,0.5899999737739563,0.5899999737739563,0.5899999737739563,0.5899999737739563,1000.0
2026-04-06 09:50:00,HHH.V,,6.099999904632568,6.099999904632568,6.099999904632568,6.099999904632568,800.0
2026-04-06 09:50:00,HIVE.V,,2.7699999809265137,2.7699999809265137,2.7699999809265137,2.7699999809265137,21033.0
2026-04-06 09:50:00,IFOS.V,,3.740000009536743,3.740000009536743,3.740000009536743,3.740000009536743,2400.0
2026-04-06 09:50:00,LMN.V,,22.799999237060547,22.799999237060547,22.799999237060547,22.799999237060547,200.0
2026-04-06 09:50:00,LTH.V,,1.4500000476837158,1.4600000381469727,1.4299999475479126,1.4299999475479126,23636.0
2026-04-06 09:50:00,LUCA.V,,1.4049999713897705,1.4049999713897705,1.4049999713897705,1.4049999713897705,200.0
2026-04-06 09:50:00,MGM.V,,2.390000104904175,2.390000104904175,2.390000104904175,2.390000104904175,2000.0
2026-04-06 09:50:00,NURS.V,,3.200000047683716,3.200000047683716,3.119999885559082,3.119999885559082,1511.0
2026-04-06 09:50:00,PNG.V,,8.579999923706055,8.579999923706055,8.579999923706055,8.579999923706055,1717.0
2026-04-06 09:50:00,ZNG.V,,1.0700000524520874,1.0700000524520874,1.059999942779541,1.0700000524520874,12100.0
2026-04-06 09:51:00,GOT.V,,1.6349999904632568,1.6399999856948853,1.6349999904632568,1.6349999904632568,700.0
2026-04-06 09:51:00,HEVI.V,,0.2750000059604645,0.2750000059604645,0.2750000059604645,0.2750000059604645,3882.0
2026-04-06 09:51:00,HITI.V,,3.299999952316284,3.299999952316284,3.2850000858306885,3.2850000858306885,1500.0
2026-04-06 09:51:00,HIVE.V,,2.7799999713897705,2.7799999713897705,2.7799999713897705,2.7799999713897705,1350.0
2026-04-06 09:51:00,HME.V,,2.7799999713897705,2.7799999713897705,2.7699999809265137,2.7699999809265137,4700.0
2026-04-06 09:51:00,HSTR.V,,2.380000114440918,2.380000114440918,2.380000114440918,2.380000114440918,100.0
2026-04-06 09:51:00,KFR.V,,0.7099999785423279,0.7200000286102295,0.7099999785423279,0.7200000286102295,35100.0
2026-04-06 09:51:00,LCX.V,,1.940000057220459,1.940000057220459,1.940000057220459,1.940000057220459,1400.0
2026-04-06 09:51:00,LMN.V,,22.790000915527344,22.790000915527344,22.75,22.75,500.0
2026-04-06 09:51:00,LRA.V,,3.5399999618530273,3.5899999141693115,3.5399999618530273,3.559999942779541,1604.0
2026-04-06 09:51:00,LUCA.V,,1.4199999570846558,1.4199999570846558,1.4049999713897705,1.4049999713897705,4800.0
2026-04-06 09:51:00,MKO.V,,8.75,8.75,8.739999771118164,8.739999771118164,200.0
2026-04-06 09:51:00,MLP.V,,1.9900000095367432,1.9900000095367432,1.9600000381469727,1.9600000381469727,1700.0
2026-04-06 09:51:00,PNG.V,,8.619999885559082,8.619999885559082,8.600000381469727,8.600000381469727,1100.0
2026-04-06 09:52:00,BIG.V,,0.6499999761581421,0.6499999761581421,0.6499999761581421,0.6499999761581421,1000.0
2026-04-06 09:52:00,FWZ.V,,4.409999847412109,4.420000076293945,4.409999847412109,4.420000076293945,2000.0
2026-04-06 09:52:00,GGO.V,,0.9900000095367432,0.9900000095367432,0.9900000095367432,0.9900000095367432,2036.0
2026-04-06 09:52:00,GRB.V,,0.39500001072883606,0.39500001072883606,0.39500001072883606,0.39500001072883606,5000.0
2026-04-06 09:52:00,GRSL.V,,0.32499998807907104,0.32499998807907104,0.32499998807907104,0.32499998807907104,5000.0
2026-04-06 09:52:00,GSVR.V,,0.5899999737739563,0.5899999737739563,0.5899999737739563,0.5899999737739563,48000.0
2026-04-06 09:52:00,HIVE.V,,2.799999952316284,2.799999952316284,2.7899999618530273,2.7899999618530273,57209.0
2026-04-06 09:52:00,HME.V,,2.75,2.7699999809265137,2.75,2.7699999809265137,10814.0
2026-04-06 09:52:00,IB.V,,0.1899999976158142,0.20000000298023224,0.1899999976158142,0.20000000298023224,0.0
2026-04-06 09:52:00,ITR.V,,3.940000057220459,3.940000057220459,3.930000066757202,3.940000057220459,1100.0
2026-04-06 09:52:00,LME.V,,0.2150000035762787,0.2150000035762787,0.2150000035762787,0.2150000035762787,9500.0
2026-04-06 09:52:00,LMS.V,,0.23000000417232513,0.23000000417232513,0.23000000417232513,0.23000000417232513,1000.0
2026-04-06 09:52:00,LTH.V,,1.440000057220459,1.440000057220459,1.440000057220459,1.440000057220459,250535.0
2026-04-06 09:52:00,LVG.V,,0.3149999976158142,0.3149999976158142,0.3149999976158142,0.3149999976158142,1000.0
2026-04-06 09:52:00,PNG.V,,8.579999923706055,8.640000343322754,8.569999694824219,8.640000343322754,2100.0
2026-04-06 09:53:00,BIG.V,,0.6499999761581421,0.6499999761581421,0.6499999761581421,0.6499999761581421,3000.0
2026-04-06 09:53:00,FWZ.V,,4.400000095367432,4.400000095367432,4.400000095367432,4.400000095367432,500.0
2026-04-06 09:53:00,GG.V,,2.700000047683716,2.700000047683716,2.700000047683716,2.700000047683716,1500.0
2026-04-06 09:53:00,GSVR.V,,0.5899999737739563,0.5899999737739563,0.5899999737739563,0.5899999737739563,1000.0
2026-04-06 09:53:00,HELI.V,,0.054999999701976776,0.054999999701976776,0.054999999701976776,0.054999999701976776,50000.0
2026-04-06 09:53:00,HIVE.V,,2.7899999618530273,2.7899999618530273,2.7899999618530273,2.7899999618530273,6219.0
2026-04-06 09:53:00,ITR.V,,3.950000047683716,3.950000047683716,3.940000057220459,3.940000057220459,1700.0
2026-04-06 09:53:00,KTN.V,,1.409999966621399,1.409999966621399,1.409999966621399,1.409999966621399,100.0
2026-04-06 09:53:00,LGC.V,,1.940000057220459,1.940000057220459,1.940000057220459,1.940000057220459,2033.0
2026-04-06 09:53:00,LIS.V,,0.49000000953674316,0.49000000953674316,0.49000000953674316,0.49000000953674316,112000.0
2026-04-06 09:53:00,LTH.V,,1.440000057220459,1.4500000476837158,1.440000057220459,1.4500000476837158,4300.0
2026-04-06 09:53:00,LUCA.V,,1.4199999570846558,1.4199999570846558,1.4199999570846558,1.4199999570846558,1000.0
2026-04-06 09:53:00,MMA.V,,1.309999942779541,1.309999942779541,1.309999942779541,1.309999942779541,100.0
2026-04-06 09:54:00,EQTY.V,,0.29499998688697815,0.29499998688697815,0.29499998688697815,0.29499998688697815,29503.0
2026-04-06 09:54:00,FWZ.V,,4.46999979019165,4.46999979019165,4.440000057220459,4.440000057220459,3000.0
2026-04-06 09:54:00,GOT.V,,1.6399999856948853,1.6399999856948853,1.6399999856948853,1.6399999856948853,100.0
2026-04-06 09:54:00,GWM.V,,0.6499999761581421,0.6499999761581421,0.6499999761581421,0.6499999761581421,500.0
2026-04-06 09:54:00,HEVI.V,,0.2750000059604645,0.2750000059604645,0.27000001072883606,0.27000001072883606,11200.0
2026-04-06 09:54:00,IFOS.V,,3.740000009536743,3.75,3.740000009536743,3.75,14410.0
2026-04-06 09:54:00,IPT.V,,0.23999999463558197,0.23999999463558197,0.23999999463558197,0.23999999463558197,5000.0
2026-04-06 09:54:00,ITR.V,,3.950000047683716,3.950000047683716,3.950000047683716,3.950000047683716,200.0
2026-04-06 09:54:00,JUGR.V,,1.3799999952316284,1.3899999856948853,1.3799999952316284,1.3899999856948853,1500.0
2026-04-06 09:54:00,LMN.V,,22.65999984741211,22.790000915527344,22.65999984741211,22.760000228881836,1300.0
2026-04-06 09:54:00,LXE.V,,0.24500000476837158,0.24500000476837158,0.24500000476837158,0.24500000476837158,500.0
2026-04-06 09:54:00,MMA.V,,1.309999942779541,1.309999942779541,1.309999942779541,1.309999942779541,6200.0
2026-04-06 09:54:00,PNG.V,,8.550000190734863,8.550000190734863,8.550000190734863,8.550000190734863,1100.0
2026-04-06 09:55:00,BIG.V,,0.6499999761581421,0.6499999761581421,0.6499999761581421,0.6499999761581421,2000.0
2026-04-06 09:55:00,FPC.V,,0.3700000047683716,0.3700000047683716,0.3700000047683716,0.3700000047683716,8000.0
2026-04-06 09:55:00,GFM-H.V,,0.36000001430511475,0.36000001430511475,0.3499999940395355,0.3499999940395355,0.0
2026-04-06 09:55:00,GMG.V,,2.190000057220459,2.190000057220459,2.190000057220459,2.190000057220459,4800.0
2026-04-06 09:55:00,GOT.V,,1.649999976158142,1.649999976158142,1.649999976158142,1.649999976158142,200.0
2026-04-06 09:55:00,HME.V,,2.759999990463257,2.759999990463257,2.759999990463257,2.759999990463257,725.0
2026-04-06 09:55:00,HSTR.V,,2.380000114440918,2.380000114440918,2.380000114440918,2.380000114440918,400.0
2026-04-06 09:55:00,ITR.V,,3.9600000381469727,3.9600000381469727,3.9600000381469727,3.9600000381469727,4000.0
2026-04-06 09:55:00,LTH.V,,1.4199999570846558,1.440000057220459,1.4199999570846558,1.440000057220459,17488.0
2026-04-06 09:55:00,MKO.V,,8.760000228881836,8.760000228881836,8.760000228881836,8.760000228881836,100.0
2026-04-06 09:55:00,NURS.V,,3.1700000762939453,3.180000066757202,3.1700000762939453,3.180000066757202,3400.0
2026-04-06 09:55:00,PNG.V,,8.600000381469727,8.600000381469727,8.529999732971191,8.529999732971191,5028.0
2026-04-06 09:56:00,GGO.V,,0.9900000095367432,0.9900000095367432,0.9900000095367432,0.9900000095367432,100.0
2026-04-06 09:56:00,GLAD.V,,1.2300000190734863,1.2300000190734863,1.2200000286102295,1.2200000286102295,300.0
2026-04-06 09:56:00,HEVI.V,,0.27000001072883606,0.27000001072883606,0.27000001072883606,0.27000001072883606,15000.0
2026-04-06 09:56:00,HIVE.V,,2.7899999618530273,2.7899999618530273,2.7899999618530273,2.7899999618530273,1200.0
2026-04-06 09:56:00,LMR.V,,0.09000000357627869,0.09000000357627869,0.09000000357627869,0.09000000357627869,6000.0
2026-04-06 09:56:00,LRA.V,,3.559999942779541,3.559999942779541,3.559999942779541,3.559999942779541,2000.0
2026-04-06 09:56:00,LSL.V,,0.39500001072883606,0.39500001072883606,0.39500001072883606,0.39500001072883606,2500.0
2026-04-06 09:56:00,MKO.V,,8.75,8.75,8.75,8.75,400.0
2026-04-06 09:56:00,NICU.V,,2.1700000762939453,2.1700000762939453,2.1700000762939453,2.1700000762939453,800.0
2026-04-06 09:56:00,PNG.V,,8.59000015258789,8.600000381469727,8.59000015258789,8.600000381469727,1500.0
2026-04-06 09:57:00,FBF.V,,0.9900000095367432,0.9900000095367432,0.9900000095367432,0.9900000095367432,700.0
2026-04-06 09:57:00,FUU.V,,0.17000000178813934,0.17000000178813934,0.17000000178813934,0.17000000178813934,30465.0
2026-04-06 09:57:00,GOT.V,,1.649999976158142,1.649999976158142,1.649999976158142,1.649999976158142,100.0
2026-04-06 09:57:00,GSVR.V,,0.5899999737739563,0.5899999737739563,0.5899999737739563,0.5899999737739563,6000.0
2026-04-06 09:57:00,HME.V,,2.7699999809265137,2.7699999809265137,2.759999990463257,2.759999990463257,300.0
2026-04-06 09:57:00,IFOS.V,,3.7200000286102295,3.7200000286102295,3.7200000286102295,3.7200000286102295,800.0
2026-04-06 09:57:00,ITR.V,,3.9600000381469727,3.9600000381469727,3.9600000381469727,3.9600000381469727,3800.0
2026-04-06 09:57:00,MLP.V,,1.9600000381469727,1.9600000381469727,1.9600000381469727,1.9600000381469727,1200.0
2026-04-06 09:57:00,MTX.V,,0.014999999664723873,0.014999999664723873,0.014999999664723873,0.014999999664723873,2000.0
2026-04-06 09:57:00,NICU.V,,2.1700000762939453,2.1700000762939453,2.1700000762939453,2.1700000762939453,300.0
2026-04-06 09:57:00,PNG.V,,8.579999923706055,8.59000015258789,8.579999923706055,8.59000015258789,1621.0
2026-04-06 09:58:00,GRB.V,,0.39500001072883606,0.39500001072883606,0.39500001072883606,0.39500001072883606,12700.0
2026-04-06 09:58:00,HEVI.V,,0.27000001072883606,0.27000001072883606,0.27000001072883606,0.27000001072883606,19050.0
2026-04-06 09:58:00,HIVE.V,,2.799999952316284,2.799999952316284,2.799999952316284,2.799999952316284,135.0
2026-04-06 09:58:00,HME.V,,2.759999990463257,2.759999990463257,2.759999990463257,2.759999990463257,900.0
2026-04-06 09:58:00,HSTR.V,,2.380000114440918,2.380000114440918,2.380000114440918,2.380000114440918,689.0
2026-04-06 09:58:00,LMN.V,,22.739999771118164,22.739999771118164,22.739999771118164,22.739999771118164,200.0
2026-04-06 09:58:00,PNG.V,,8.600000381469727,8.600000381469727,8.600000381469727,8.600000381469727,1100.0
2026-04-06 09:59:00,GGO.V,,0.9900000095367432,0.9900000095367432,0.9900000095367432,0.9900000095367432,100.0
2026-04-06 09:59:00,GOT.V,,1.649999976158142,1.659999966621399,1.6299999952316284,1.6399999856948853,24700.0
2026-04-06 09:59:00,GR.V,,0.0949999988079071,0.0949999988079071,0.0949999988079071,0.0949999988079071,8000.0
2026-04-06 09:59:00,HEVI.V,,0.27000001072883606,0.27000001072883606,0.27000001072883606,0.27000001072883606,2500.0
2026-04-06 09:59:00,HIVE.V,,2.7899999618530273,2.799999952316284,2.7899999618530273,2.799999952316284,20700.0
2026-04-06 09:59:00,IPT.V,,0.23999999463558197,0.23999999463558197,0.23999999463558197,0.23999999463558197,4021.0
2026-04-06 09:59:00,ITR.V,,3.9600000381469727,3.9700000286102295,3.9600000381469727,3.9700000286102295,500.0
2026-04-06 09:59:00,KTO.V,,0.699999988079071,0.699999988079071,0.699999988079071,0.699999988079071,5000.0
2026-04-06 09:59:00,LFST.V,,0.05000000074505806,0.05000000074505806,0.04500000178813934,0.04500000178813934,6000.0
2026-04-06 09:59:00,LMN.V,,22.780000686645508,22.790000915527344,22.75,22.75,2700.0
2026-04-06 09:59:00,LUCA.V,,1.4299999475479126,1.4299999475479126,1.4299999475479126,1.4299999475479126,100.0
2026-04-06 09:59:00,NICU.V,,2.180000066757202,2.180000066757202,2.1700000762939453,2.1700000762939453,200.0
2026-04-06 09:59:00,PNG.V,,8.609999656677246,8.609999656677246,8.600000381469727,8.600000381469727,340.0
2026-04-06 09:59:00,ROAR.V,,0.20000000298023224,0.20000000298023224,0.20000000298023224,0.20000000298023224,4000.0
2026-04-06 10:00:00,FMN.V,,0.16500000655651093,0.16500000655651093,0.1599999964237213,0.1599999964237213,9000.0
2026-04-06 10:00:00,FNC.V,,0.10999999940395355,0.10999999940395355,0.10999999940395355,0.10999999940395355,0.0
2026-04-06 10:00:00,FRED.V,,0.550000011920929,0.5600000023841858,0.550000011920929,0.550000011920929,5000.0
2026-04-06 10:00:00,FWZ.V,,4.485000133514404,4.489999771118164,4.480000019073486,4.480000019073486,500.0
2026-04-06 10:00:00,GGO.V,,1.0,1.0,1.0,1.0,100.0
2026-04-06 10:00:00,GOT.V,,1.649999976158142,1.649999976158142,1.649999976158142,1.649999976158142,3100.0
2026-04-06 10:00:00,GSVR.V,,0.5899999737739563,0.5899999737739563,0.5899999737739563,0.5899999737739563,500.0
2026-04-06 10:00:00,HEVI.V,,0.27000001072883606,0.27000001072883606,0.27000001072883606,0.27000001072883606,2000.0
2026-04-06 10:00:00,HIVE.V,,2.799999952316284,2.799999952316284,2.7799999713897705,2.7899999618530273,5622.0
2026-04-06 10:00:00,ICM.V,,0.125,0.125,0.11999999731779099,0.11999999731779099,45500.0
2026-04-06 10:00:00,ION.V,,0.04500000178813934,0.04500000178813934,0.04500000178813934,0.04500000178813934,0.0
2026-04-06 10:00:00,ITR.V,,3.9800000190734863,3.9800000190734863,3.9700000286102295,3.9700000286102295,1800.0
2026-04-06 10:00:00,LTH.V,,1.409999966621399,1.4199999570846558,1.409999966621399,1.4199999570846558,19414.0
2026-04-06 10:00:00,MLP.V,,1.9700000286102295,1.9800000190734863,1.9700000286102295,1.9800000190734863,7600.0
2026-04-06 10:00:00,NICU.V,,2.180000066757202,2.180000066757202,2.180000066757202,2.180000066757202,4900.0
2026-04-06 10:00:00,NURS.V,,3.1500000953674316,3.1500000953674316,3.1500000953674316,3.1500000953674316,1032.0
2026-04-06 10:00:00,PNG.V,,8.680000305175781,8.680000305175781,8.630000114440918,8.630000114440918,5680.0
2026-04-06 10:01:00,GSVR.V,,0.6000000238418579,0.6000000238418579,0.6000000238418579,0.6000000238418579,19639.0
2026-04-06 10:01:00,HIVE.V,,2.7899999618530273,2.7899999618530273,2.7899999618530273,2.7899999618530273,4851.0
2026-04-06 10:01:00,HSTR.V,,2.4000000953674316,2.4000000953674316,2.4000000953674316,2.4000000953674316,100.0
2026-04-06 10:01:00,JUGR.V,,1.3899999856948853,1.3899999856948853,1.3899999856948853,1.3899999856948853,1000.0
2026-04-06 10:01:00,KNG.V,,1.3300000429153442,1.3300000429153442,1.3300000429153442,1.3300000429153442,4800.0
2026-04-06 10:01:00,LGN.V,,0.949999988079071,0.949999988079071,0.949999988079071,0.949999988079071,4000.0
2026-04-06 10:01:00,LMN.V,,23.0,23.0,23.0,23.0,200.0
2026-04-06 10:01:00,LTH.V,,1.4199999570846558,1.4199999570846558,1.4199999570846558,1.4199999570846558,100.0
2026-04-06 10:01:00,NICU.V,,2.190000057220459,2.200000047683716,2.190000057220459,2.200000047683716,1200.0
2026-04-06 10:01:00,PNG.V,,8.65999984741211,8.65999984741211,8.649999618530273,8.65999984741211,300.0
2026-04-06 10:02:00,GOT.V,,1.649999976158142,1.649999976158142,1.649999976158142,1.649999976158142,400.0
2026-04-06 10:02:00,GQC.V,,2.369999885559082,2.369999885559082,2.369999885559082,2.369999885559082,200.0
2026-04-06 10:02:00,HEVI.V,,0.27000001072883606,0.27000001072883606,0.27000001072883606,0.27000001072883606,1500.0
2026-04-06 10:02:00,HHH.V,,6.090000152587891,6.090000152587891,6.090000152587891,6.090000152587891,100.0
2026-04-06 10:02:00,HIVE.V,,2.7899999618530273,2.7899999618530273,2.7899999618530273,2.7899999618530273,1551.0
2026-04-06 10:02:00,ITR.V,,3.9600000381469727,3.9600000381469727,3.9600000381469727,3.9600000381469727,450.0
2026-04-06 10:02:00,KDK.V,,0.8500000238418579,0.8500000238418579,0.8500000238418579,0.8500000238418579,0.0
2026-04-06 10:02:00,KG.V,,0.1899999976158142,0.1899999976158142,0.1899999976158142,0.1899999976158142,3010.0
2026-04-06 10:02:00,KRI.V,,0.33000001311302185,0.33000001311302185,0.3199999928474426,0.3199999928474426,0.0
2026-04-06 10:02:00,KTO.V,,0.699999988079071,0.699999988079071,0.699999988079071,0.699999988079071,15000.0
2026-04-06 10:02:00,LCX.V,,1.940000057220459,1.940000057220459,1.940000057220459,1.940000057220459,515.0
2026-04-06 10:02:00,NICU.V,,2.180000066757202,2.180000066757202,2.180000066757202,2.180000066757202,2000.0
2026-04-06 10:02:00,PNG.V,,8.649999618530273,8.649999618530273,8.600000381469727,8.649999618530273,2879.0
2026-04-06 10:03:00,FUU.V,,0.17000000178813934,0.17000000178813934,0.17000000178813934,0.17000000178813934,1535.0
2026-04-06 10:03:00,GQC.V,,2.369999885559082,2.369999885559082,2.369999885559082,2.369999885559082,1000.0
2026-04-06 10:03:00,GSVR.V,,0.6000000238418579,0.6000000238418579,0.6000000238418579,0.6000000238418579,10234.0
2026-04-06 10:03:00,HIVE.V,,2.799999952316284,2.799999952316284,2.7799999713897705,2.7899999618530273,32761.0
2026-04-06 10:03:00,HPQ.V,,0.17499999701976776,0.17499999701976776,0.17499999701976776,0.17499999701976776,3300.0
2026-04-06 10:03:00,HSTR.V,,2.390000104904175,2.390000104904175,2.390000104904175,2.390000104904175,1200.0
2026-04-06 10:03:00,ITR.V,,3.9600000381469727,3.9600000381469727,3.9549999237060547,3.9549999237060547,400.0
2026-04-06 10:03:00,LRA.V,,3.559999942779541,3.559999942779541,3.559999942779541,3.559999942779541,500.0
2026-04-06 10:03:00,LTH.V,,1.409999966621399,1.409999966621399,1.409999966621399,1.409999966621399,1200.0
2026-04-06 10:03:00,MD.V,,0.4699999988079071,0.4699999988079071,0.4699999988079071,0.4699999988079071,1000.0
2026-04-06 10:03:00,MTA.V,,9.390000343322754,9.390000343322754,9.390000343322754,9.390000343322754,100.0
2026-04-06 10:03:00,NICU.V,,2.174999952316284,2.174999952316284,2.174999952316284,2.174999952316284,100.0
2026-04-06 10:04:00,EQTY.V,,0.29499998688697815,0.29499998688697815,0.29499998688697815,0.29499998688697815,6500.0
2026-04-06 10:04:00,FWZ.V,,4.460000038146973,4.460000038146973,4.460000038146973,4.460000038146973,1000.0
2026-04-06 10:04:00,GG.V,,2.75,2.75,2.75,2.75,100.0
2026-04-06 10:04:00,HEVI.V,,0.2750000059604645,0.2750000059604645,0.2750000059604645,0.2750000059604645,4000.0
2026-04-06 10:04:00,HIVE.V,,2.7799999713897705,2.7899999618530273,2.7799999713897705,2.7899999618530273,1039.0
2026-04-06 10:04:00,HME.V,,2.7699999809265137,2.7699999809265137,2.759999990463257,2.759999990463257,5600.0
2026-04-06 10:04:00,HSTR.V,,2.390000104904175,2.390000104904175,2.390000104904175,2.390000104904175,200.0
2026-04-06 10:04:00,ITR.V,,3.940000057220459,3.950000047683716,3.940000057220459,3.950000047683716,705.0
2026-04-06 10:04:00,KFR.V,,0.7099999785423279,0.7099999785423279,0.7099999785423279,0.7099999785423279,4500.0
2026-04-06 10:04:00,KRI.V,,0.33000001311302185,0.33000001311302185,0.33000001311302185,0.33000001311302185,105500.0
2026-04-06 10:04:00,KTN.V,,1.409999966621399,1.409999966621399,1.409999966621399,1.409999966621399,1400.0
2026-04-06 10:04:00,LLG.V,,0.07500000298023224,0.07500000298023224,0.07500000298023224,0.07500000298023224,12000.0
2026-04-06 10:04:00,NICU.V,,2.1700000762939453,2.1700000762939453,2.1700000762939453,2.1700000762939453,700.0
2026-04-06 10:04:00,NURS.V,,3.0999999046325684,3.130000114440918,3.0999999046325684,3.130000114440918,2300.0
2026-04-06 10:04:00,PNG.V,,8.550000190734863,8.569999694824219,8.550000190734863,8.569999694824219,500.0
2026-04-06 10:05:00,GNG.V,,0.17000000178813934,0.17000000178813934,0.17000000178813934,0.17000000178813934,6500.0
2026-04-06 10:05:00,GOT.V,,1.6349999904632568,1.6399999856948853,1.6349999904632568,1.6399999856948853,200.0
2026-04-06 10:05:00,GRSL.V,,0.32499998807907104,0.32499998807907104,0.32499998807907104,0.32499998807907104,3500.0
2026-04-06 10:05:00,HEVI.V,,0.2750000059604645,0.2750000059604645,0.2750000059604645,0.2750000059604645,7000.0
2026-04-06 10:05:00,HIVE.V,,2.7799999713897705,2.7799999713897705,2.7799999713897705,2.7799999713897705,4200.0
2026-04-06 10:05:00,HSTR.V,,2.4000000953674316,2.4000000953674316,2.390000104904175,2.390000104904175,8781.0
2026-04-06 10:05:00,ITR.V,,3.9200000762939453,3.9200000762939453,3.9200000762939453,3.9200000762939453,3128.0
2026-04-06 10:05:00,LMN.V,,22.770000457763672,22.770000457763672,22.770000457763672,22.770000457763672,300.0
2026-04-06 10:05:00,MLP.V,,1.9500000476837158,1.9700000286102295,1.9500000476837158,1.9700000286102295,9410.0
2026-04-06 10:05:00,NURS.V,,3.0899999141693115,3.0899999141693115,3.009999990463257,3.0799999237060547,54400.0
2026-04-06 10:05:00,PNG.V,,8.550000190734863,8.550000190734863,8.550000190734863,8.550000190734863,310.0
2026-04-06 10:05:00,ZNG.V,,1.059999942779541,1.059999942779541,1.059999942779541,1.059999942779541,500.0
2026-04-06 10:06:00,FWZ.V,,4.440000057220459,4.440000057220459,4.440000057220459,4.440000057220459,214.0
2026-04-06 10:06:00,GOT.V,,1.6349999904632568,1.6349999904632568,1.6349999904632568,1.6349999904632568,100.0
2026-04-06 10:06:00,GPAC.V,,0.4699999988079071,0.4699999988079071,0.4699999988079071,0.4699999988079071,5000.0
2026-04-06 10:06:00,HIVE.V,,2.759999990463257,2.7699999809265137,2.75,2.7699999809265137,7148.0
2026-04-06 10:06:00,HSTR.V,,2.4000000953674316,2.4000000953674316,2.3949999809265137,2.3949999809265137,1200.0
2026-04-06 10:06:00,KRI.V,,0.33000001311302185,0.33000001311302185,0.33000001311302185,0.33000001311302185,20501.0
2026-04-06 10:06:00,LCX.V,,1.9299999475479126,1.9299999475479126,1.9299999475479126,1.9299999475479126,200.0
2026-04-06 10:06:00,LTH.V,,1.4199999570846558,1.4199999570846558,1.4199999570846558,1.4199999570846558,400.0
2026-04-06 10:06:00,PNG.V,,8.5,8.5600004196167,8.5,8.5600004196167,11999.0
2026-04-06 10:07:00,GSVR.V,,0.6000000238418579,0.6000000238418579,0.6000000238418579,0.6000000238418579,1000.0
2026-04-06 10:07:00,HITI.V,,3.2799999713897705,3.2799999713897705,3.2799999713897705,3.2799999713897705,100.0
2026-04-06 10:07:00,HME.V,,2.7699999809265137,2.7699999809265137,2.7699999809265137,2.7699999809265137,1500.0
2026-04-06 10:07:00,IPT.V,,0.23999999463558197,0.23999999463558197,0.23999999463558197,0.23999999463558197,1440.0
2026-04-06 10:07:00,ITR.V,,3.930000066757202,3.930000066757202,3.9200000762939453,3.9200000762939453,700.0
2026-04-06 10:07:00,KCC.V,,0.8399999737739563,0.8399999737739563,0.8399999737739563,0.8399999737739563,500.0
2026-04-06 10:07:00,LG.V,,0.3400000035762787,0.3400000035762787,0.3400000035762787,0.3400000035762787,6500.0
2026-04-06 10:07:00,LLG.V,,0.07500000298023224,0.07500000298023224,0.07500000298023224,0.07500000298023224,12000.0
2026-04-06 10:07:00,LMN.V,,22.670000076293945,22.670000076293945,22.670000076293945,22.670000076293945,100.0
2026-04-06 10:07:00,MLP.V,,1.9299999475479126,1.940000057220459,1.9299999475479126,1.940000057220459,1509.0
2026-04-06 10:07:00,NURS.V,,3.049999952316284,3.049999952316284,3.0399999618530273,3.049999952316284,14100.0
2026-04-06 10:07:00,PNG.V,,8.520000457763672,8.520000457763672,8.5,8.5,3785.0
2026-04-06 10:08:00,BIG.V,,0.6499999761581421,0.6499999761581421,0.6499999761581421,0.6499999761581421,500.0
2026-04-06 10:08:00,EQTY.V,,0.28999999165534973,0.28999999165534973,0.28999999165534973,0.28999999165534973,7500.0
2026-04-06 10:08:00,HHH.V,,6.079999923706055,6.079999923706055,6.079999923706055,6.079999923706055,210.0
2026-04-06 10:08:00,HIVE.V,,2.759999990463257,2.759999990463257,2.759999990463257,2.759999990463257,600.0
2026-04-06 10:08:00,LIO.V,,0.2549999952316284,0.2549999952316284,0.2549999952316284,0.2549999952316284,1149.0
2026-04-06 10:08:00,LLG.V,,0.07999999821186066,0.07999999821186066,0.07999999821186066,0.07999999821186066,15000.0
2026-04-06 10:08:00,LMN.V,,22.719999313354492,22.719999313354492,22.65999984741211,22.65999984741211,900.0
2026-04-06 10:08:00,MFG.V,,4.289999961853027,4.289999961853027,4.289999961853027,4.289999961853027,100.0
2026-04-06 10:08:00,MLP.V,,1.9500000476837158,1.9500000476837158,1.9500000476837158,1.9500000476837158,400.0
2026-04-06 10:08:00,NURS.V,,3.049999952316284,3.049999952316284,3.049999952316284,3.049999952316284,1100.0
2026-04-06 10:08:00,PNG.V,,8.529999732971191,8.529999732971191,8.520000457763672,8.529999732971191,1700.0
2026-04-06 10:09:00,FO.V,,0.375,0.375,0.375,0.375,5000.0
2026-04-06 10:09:00,GMG.V,,2.240000009536743,2.240000009536743,2.2200000286102295,2.2200000286102295,9400.0
2026-04-06 10:09:00,GOT.V,,1.6399999856948853,1.6399999856948853,1.6399999856948853,1.6399999856948853,1000.0
2026-04-06 10:09:00,GSR.V,,0.5400000214576721,0.5400000214576721,0.5400000214576721,0.5400000214576721,5000.0
2026-04-06 10:09:00,HIVE.V,,2.759999990463257,2.759999990463257,2.759999990463257,2.759999990463257,1100.0
2026-04-06 10:09:00,ICM.V,,0.125,0.125,0.125,0.125,22000.0
2026-04-06 10:09:00,ITR.V,,3.930000066757202,3.930000066757202,3.930000066757202,3.930000066757202,200.0
2026-04-06 10:09:00,KRI.V,,0.3199999928474426,0.3199999928474426,0.3199999928474426,0.3199999928474426,4000.0
2026-04-06 10:09:00,LMN.V,,22.760000228881836,22.760000228881836,22.739999771118164,22.739999771118164,900.0
2026-04-06 10:09:00,MKO.V,,8.699999809265137,8.699999809265137,8.699999809265137,8.699999809265137,100.0
2026-04-06 10:09:00,NURS.V,,3.049999952316284,3.049999952316284,3.0399999618530273,3.0399999618530273,700.0
2026-04-06 10:09:00,PNG.V,,8.5600004196167,8.5600004196167,8.529999732971191,8.529999732971191,1415.0
2026-04-06 10:09:00,ZNG.V,,1.059999942779541,1.059999942779541,1.059999942779541,1.059999942779541,400.0
2026-04-06 10:10:00,GG.V,,2.75,2.75,2.75,2.75,100.0
2026-04-06 10:10:00,GSR.V,,0.5400000214576721,0.5400000214576721,0.5400000214576721,0.5400000214576721,10000.0
2026-04-06 10:10:00,HIVE.V,,2.75,2.759999990463257,2.75,2.759999990463257,6100.0
2026-04-06 10:10:00,HME.V,,2.7699999809265137,2.7799999713897705,2.7699999809265137,2.7699999809265137,6100.0
2026-04-06 10:10:00,IPT.V,,0.23999999463558197,0.23999999463558197,0.23999999463558197,0.23999999463558197,2000.0
2026-04-06 10:10:00,ITR.V,,3.9200000762939453,3.930000066757202,3.9200000762939453,3.930000066757202,9901.0
2026-04-06 10:10:00,KRI.V,,0.3199999928474426,0.3199999928474426,0.3199999928474426,0.3199999928474426,2500.0
2026-04-06 10:10:00,LMN.V,,22.770000457763672,22.770000457763672,22.760000228881836,22.760000228881836,200.0
2026-04-06 10:10:00,LTH.V,,1.4199999570846558,1.4199999570846558,1.4199999570846558,1.4199999570846558,100.0
2026-04-06 10:10:00,MLP.V,,1.9299999475479126,1.9299999475479126,1.9299999475479126,1.9299999475479126,1200.0
2026-04-06 10:10:00,NURS.V,,3.0399999618530273,3.049999952316284,3.0399999618530273,3.049999952316284,2800.0
2026-04-06 10:10:00,PNG.V,,8.529999732971191,8.529999732971191,8.529999732971191,8.529999732971191,328.0
2026-04-06 10:11:00,FWZ.V,,4.449999809265137,4.449999809265137,4.449999809265137,4.449999809265137,150.0
2026-04-06 10:11:00,GGO.V,,0.9900000095367432,1.0,0.9900000095367432,1.0,1700.0
2026-04-06 10:11:00,GMG.V,,2.25,2.25,2.25,2.25,2558.0
2026-04-06 10:11:00,GSR.V,,0.5400000214576721,0.5400000214576721,0.5400000214576721,0.5400000214576721,5000.0
2026-04-06 10:11:00,HITI.V,,3.259999990463257,3.259999990463257,3.259999990463257,3.259999990463257,263.0
2026-04-06 10:11:00,HIVE.V,,2.75,2.75,2.75,2.75,600.0
2026-04-06 10:11:00,HME.V,,2.7699999809265137,2.7799999713897705,2.7699999809265137,2.7799999713897705,1200.0
2026-04-06 10:11:00,HMR.V,,0.8600000143051147,0.8600000143051147,0.8600000143051147,0.8600000143051147,1170.0
2026-04-06 10:11:00,HSTR.V,,2.380000114440918,2.380000114440918,2.380000114440918,2.380000114440918,500.0
2026-04-06 10:11:00,ITR.V,,3.930000066757202,3.930000066757202,3.9200000762939453,3.9200000762939453,6800.0
2026-04-06 10:11:00,KC.V,,0.32499998807907104,0.32499998807907104,0.32499998807907104,0.32499998807907104,1000.0
2026-04-06 10:11:00,LMN.V,,22.889999389648438,22.889999389648438,22.780000686645508,22.780000686645508,700.0
2026-04-06 10:11:00,NURS.V,,3.049999952316284,3.049999952316284,3.0399999618530273,3.049999952316284,3400.0
2026-04-06 10:12:00,GGO.V,,1.0,1.0,1.0,1.0,500.0
2026-04-06 10:12:00,GSR.V,,0.5400000214576721,0.5400000214576721,0.5400000214576721,0.5400000214576721,1000.0
2026-04-06 10:12:00,HEVI.V,,0.27000001072883606,0.27000001072883606,0.27000001072883606,0.27000001072883606,2000.0
2026-04-06 10:12:00,HIVE.V,,2.75,2.75,2.75,2.75,1300.0
2026-04-06 10:12:00,HME.V,,2.7699999809265137,2.7699999809265137,2.7699999809265137,2.7699999809265137,100.0
2026-04-06 10:12:00,HSTR.V,,2.369999885559082,2.369999885559082,2.369999885559082,2.369999885559082,700.0
2026-04-06 10:12:00,ITR.V,,3.9100000858306885,3.9200000762939453,3.9100000858306885,3.9200000762939453,2620.0
2026-04-06 10:12:00,LG.V,,0.3400000035762787,0.3400000035762787,0.3400000035762787,0.3400000035762787,2500.0
2026-04-06 10:12:00,MKO.V,,8.640000343322754,8.649999618530273,8.640000343322754,8.649999618530273,900.0
2026-04-06 10:12:00,NURS.V,,3.009999990463257,3.009999990463257,3.009999990463257,3.009999990463257,700.0
2026-04-06 10:12:00,ROAR.V,,0.20000000298023224,0.20000000298023224,0.20000000298023224,0.20000000298023224,1000.0
2026-04-06 10:13:00,FWZ.V,,4.449999809265137,4.449999809265137,4.449999809265137,4.449999809265137,200.0
2026-04-06 10:13:00,GMV.V,,0.18000000715255737,0.18000000715255737,0.18000000715255737,0.18000000715255737,0.0
2026-04-06 10:13:00,HEVI.V,,0.27000001072883606,0.27000001072883606,0.27000001072883606,0.27000001072883606,1000.0
2026-04-06 10:13:00,HIVE.V,,2.75,2.75,2.75,2.75,347.0
2026-04-06 10:13:00,HME.V,,2.759999990463257,2.759999990463257,2.759999990463257,2.759999990463257,1200.0
2026-04-06 10:13:00,HMR.V,,0.8600000143051147,0.8600000143051147,0.8600000143051147,0.8600000143051147,1000.0
2026-04-06 10:13:00,HSTR.V,,2.369999885559082,2.369999885559082,2.369999885559082,2.369999885559082,600.0
2026-04-06 10:13:00,ITR.V,,3.9200000762939453,3.9200000762939453,3.890000104904175,3.9000000953674316,6938.0
2026-04-06 10:13:00,LUCA.V,,1.409999966621399,1.409999966621399,1.409999966621399,1.409999966621399,200.0
2026-04-06 10:13:00,MQM.V,,0.30000001192092896,0.30000001192092896,0.30000001192092896,0.30000001192092896,2000.0
2026-04-06 10:13:00,NURS.V,,3.059999942779541,3.059999942779541,3.0399999618530273,3.0399999618530273,13400.0
2026-04-06 10:13:00,PNG.V,,8.520000457763672,8.529999732971191,8.510000228881836,8.529999732971191,1550.0
2026-04-06 10:13:00,ROAR.V,,0.20000000298023224,0.20000000298023224,0.20000000298023224,0.20000000298023224,6000.0
2026-04-06 10:14:00,FWZ.V,,4.449999809265137,4.460000038146973,4.449999809265137,4.460000038146973,1100.0
2026-04-06 10:14:00,GOT.V,,1.6349999904632568,1.6349999904632568,1.6349999904632568,1.6349999904632568,100.0
2026-04-06 10:14:00,HIVE.V,,2.75,2.75,2.75,2.75,3700.0
2026-04-06 10:14:00,LG.V,,0.3400000035762787,0.3400000035762787,0.3400000035762787,0.3400000035762787,94000.0
2026-04-06 10:14:00,LME.V,,0.2150000035762787,0.2150000035762787,0.2150000035762787,0.2150000035762787,39000.0
2026-04-06 10:14:00,LTH.V,,1.4299999475479126,1.4299999475479126,1.4299999475479126,1.4299999475479126,100.0
2026-04-06 10:14:00,LVG.V,,0.3199999928474426,0.3199999928474426,0.3199999928474426,0.3199999928474426,17500.0
2026-04-06 10:14:00,MKO.V,,8.640000343322754,8.640000343322754,8.640000343322754,8.640000343322754,300.0
2026-04-06 10:14:00,MTA.V,,9.300000190734863,9.300000190734863,9.300000190734863,9.300000190734863,100.0
2026-04-06 10:14:00,PNG.V,,8.539999961853027,8.539999961853027,8.539999961853027,8.539999961853027,602.0
2026-04-06 10:15:00,GGO.V,,0.9800000190734863,0.9800000190734863,0.9800000190734863,0.9800000190734863,100.0
2026-04-06 10:15:00,GRSL.V,,0.32499998807907104,0.32499998807907104,0.32499998807907104,0.32499998807907104,1000.0
2026-04-06 10:15:00,HIVE.V,,2.759999990463257,2.759999990463257,2.759999990463257,2.759999990463257,2200.0
2026-04-06 10:15:00,ITR.V,,3.930000066757202,3.930000066757202,3.930000066757202,3.930000066757202,100.0
2026-04-06 10:15:00,KC.V,,0.3199999928474426,0.3199999928474426,0.3199999928474426,0.3199999928474426,6000.0
2026-04-06 10:15:00,KNG.V,,1.2699999809265137,1.2799999713897705,1.2699999809265137,1.2799999713897705,1000.0
2026-04-06 10:15:00,LTH.V,,1.4199999570846558,1.4199999570846558,1.4199999570846558,1.4199999570846558,100.0
2026-04-06 10:15:00,MIM.V,,0.23999999463558197,0.23999999463558197,0.23999999463558197,0.23999999463558197,500.0
2026-04-06 10:15:00,MLP.V,,1.9500000476837158,1.9500000476837158,1.9500000476837158,1.9500000476837158,750.0
2026-04-06 10:15:00,MTA.V,,9.3100004196167,9.3100004196167,9.3100004196167,9.3100004196167,100.0
2026-04-06 10:15:00,NURS.V,,3.0999999046325684,3.0999999046325684,3.0999999046325684,3.0999999046325684,600.0
2026-04-06 10:15:00,PNG.V,,8.550000190734863,8.550000190734863,8.550000190734863,8.550000190734863,1000.0
2026-04-06 10:15:00,SCAN.V,,7.360000133514404,7.360000133514404,7.360000133514404,7.360000133514404,179.0
2026-04-06 10:16:00,FL.V,,0.8299999833106995,0.8299999833106995,0.8199999928474426,0.8199999928474426,4000.0
2026-04-06 10:16:00,FWZ.V,,4.480000019073486,4.480000019073486,4.460000038146973,4.460000038146973,2400.0
2026-04-06 10:16:00,GSI.V,,1.2400000095367432,1.2400000095367432,1.2400000095367432,1.2400000095367432,100.0
2026-04-06 10:16:00,GSP.V,,0.1599999964237213,0.1599999964237213,0.1599999964237213,0.1599999964237213,70500.0
2026-04-06 10:16:00,HHH.V,,6.039999961853027,6.050000190734863,6.039999961853027,6.050000190734863,500.0
2026-04-06 10:16:00,HITI.V,,3.240000009536743,3.25,3.240000009536743,3.25,900.0
2026-04-06 10:16:00,HIVE.V,,2.759999990463257,2.759999990463257,2.759999990463257,2.759999990463257,2167.0
2026-04-06 10:16:00,IPT.V,,0.23999999463558197,0.23999999463558197,0.23999999463558197,0.23999999463558197,500.0
2026-04-06 10:16:00,KTN.V,,1.409999966621399,1.409999966621399,1.409999966621399,1.409999966621399,100.0
2026-04-06 10:16:00,PNG.V,,8.529999732971191,8.550000190734863,8.529999732971191,8.550000190734863,400.0
2026-04-06 10:17:00,FO.V,,0.375,0.375,0.3700000047683716,0.3700000047683716,103700.0
2026-04-06 10:17:00,FRED.V,,0.550000011920929,0.550000011920929,0.550000011920929,0.550000011920929,1600.0
2026-04-06 10:17:00,GSVR.V,,0.5899999737739563,0.5899999737739563,0.5899999737739563,0.5899999737739563,11000.0
2026-04-06 10:17:00,GWM.V,,0.6399999856948853,0.6399999856948853,0.6399999856948853,0.6399999856948853,600.0
2026-04-06 10:17:00,HIVE.V,,2.759999990463257,2.759999990463257,2.759999990463257,2.759999990463257,1200.0
2026-04-06 10:17:00,HME.V,,2.75,2.75,2.75,2.75,1500.0
2026-04-06 10:17:00,IPT.V,,0.23999999463558197,0.23999999463558197,0.23999999463558197,0.23999999463558197,500.0
2026-04-06 10:17:00,ITR.V,,3.9200000762939453,3.9200000762939453,3.9200000762939453,3.9200000762939453,400.0
2026-04-06 10:17:00,LLG.V,,0.07999999821186066,0.07999999821186066,0.07999999821186066,0.07999999821186066,15000.0
2026-04-06 10:17:00,MAH.V,,0.004999999888241291,0.004999999888241291,0.004999999888241291,0.004999999888241291,0.0
2026-04-06 10:17:00,NURS.V,,3.1500000953674316,3.1500000953674316,3.130000114440918,3.130000114440918,1300.0
2026-04-06 10:17:00,PNG.V,,8.510000228881836,8.529999732971191,8.510000228881836,8.529999732971191,500.0
2026-04-06 10:18:00,GR.V,,0.10000000149011612,0.10000000149011612,0.10000000149011612,0.10000000149011612,3200.0
2026-04-06 10:18:00,GSVR.V,,0.5950000286102295,0.5950000286102295,0.5950000286102295,0.5950000286102295,6500.0
2026-04-06 10:18:00,HEVI.V,,0.27000001072883606,0.27000001072883606,0.27000001072883606,0.27000001072883606,2000.0
2026-04-06 10:18:00,HIVE.V,,2.75,2.75,2.75,2.75,400.0
2026-04-06 10:18:00,HSTR.V,,2.369999885559082,2.369999885559082,2.369999885559082,2.369999885559082,400.0
2026-04-06 10:18:00,KTN.V,,1.399999976158142,1.399999976158142,1.399999976158142,1.399999976158142,500.0
2026-04-06 10:18:00,LUCA.V,,1.409999966621399,1.409999966621399,1.409999966621399,1.409999966621399,1950.0
2026-04-06 10:18:00,MLP.V,,1.9500000476837158,1.9500000476837158,1.9500000476837158,1.9500000476837158,100.0
2026-04-06 10:18:00,PNG.V,,8.510000228881836,8.550000190734863,8.510000228881836,8.529999732971191,3600.0
2026-04-06 10:18:00,ZNG.V,,1.0700000524520874,1.0700000524520874,1.0700000524520874,1.0700000524520874,1400.0
2026-04-06 10:19:00,GOT.V,,1.6349999904632568,1.6349999904632568,1.6349999904632568,1.6349999904632568,100.0
2026-04-06 10:19:00,HIVE.V,,2.75,2.75,2.75,2.75,300.0
2026-04-06 10:19:00,HSTR.V,,2.380000114440918,2.380000114440918,2.380000114440918,2.380000114440918,300.0
2026-04-06 10:19:00,ITR.V,,3.930000066757202,3.930000066757202,3.930000066757202,3.930000066757202,400.0
2026-04-06 10:19:00,LCX.V,,1.9299999475479126,1.9299999475479126,1.9299999475479126,1.9299999475479126,100.0
2026-04-06 10:19:00,LUCA.V,,1.409999966621399,1.409999966621399,1.409999966621399,1.409999966621399,1900.0
2026-04-06 10:19:00,NURS.V,,3.119999885559082,3.119999885559082,3.119999885559082,3.119999885559082,1000.0
2026-04-06 10:19:00,PNG.V,,8.550000190734863,8.550000190734863,8.539999961853027,8.550000190734863,800.0
2026-04-06 10:20:00,EQTY.V,,0.29499998688697815,0.29499998688697815,0.29499998688697815,0.29499998688697815,3500.0
2026-04-06 10:20:00,FMS.V,,0.3499999940395355,0.3499999940395355,0.3499999940395355,0.3499999940395355,500.0
2026-04-06 10:20:00,FOR.V,,0.6600000262260437,0.6600000262260437,0.6600000262260437,0.6600000262260437,0.0
2026-04-06 10:20:00,GG.V,,2.75,2.75,2.75,2.75,300.0
2026-04-06 10:20:00,GOT.V,,1.6399999856948853,1.6399999856948853,1.6399999856948853,1.6399999856948853,600.0
2026-04-06 10:20:00,GQC.V,,2.3499999046325684,2.359999895095825,2.3499999046325684,2.359999895095825,2500.0
2026-04-06 10:20:00,HHH.V,,6.0,6.0,6.0,6.0,476.0
2026-04-06 10:20:00,HIVE.V,,2.759999990463257,2.759999990463257,2.759999990463257,2.759999990463257,2000.0
2026-04-06 10:20:00,ITR.V,,3.940000057220459,3.950000047683716,3.940000057220459,3.950000047683716,200.0
2026-04-06 10:20:00,JZR.V,,0.2750000059604645,0.2750000059604645,0.2750000059604645,0.2750000059604645,500.0
2026-04-06 10:20:00,KFR.V,,0.7099999785423279,0.7099999785423279,0.7099999785423279,0.7099999785423279,6000.0
2026-04-06 10:20:00,LGC.V,,1.9500000476837158,1.9500000476837158,1.9500000476837158,1.9500000476837158,800.0
2026-04-06 10:20:00,LMN.V,,22.770000457763672,22.770000457763672,22.770000457763672,22.770000457763672,100.0
2026-04-06 10:20:00,MCM-A.V,,0.36000001430511475,0.36000001430511475,0.36000001430511475,0.36000001430511475,0.0
2026-04-06 10:20:00,MKO.V,,8.630000114440918,8.630000114440918,8.630000114440918,8.630000114440918,100.0
2026-04-06 10:20:00,MLP.V,,1.9500000476837158,1.9500000476837158,1.9500000476837158,1.9500000476837158,1100.0
2026-04-06 10:20:00,PNG.V,,8.550000190734863,8.550000190734863,8.550000190734863,8.550000190734863,100.0
2026-04-06 10:21:00,FUU.V,,0.17000000178813934,0.17000000178813934,0.17000000178813934,0.17000000178813934,18300.0
2026-04-06 10:21:00,GWM.V,,0.6349999904632568,0.6349999904632568,0.6349999904632568,0.6349999904632568,1747.0
2026-04-06 10:21:00,HAR.V,,0.054999999701976776,0.054999999701976776,0.054999999701976776,0.054999999701976776,2000.0
2026-04-06 10:21:00,HEVI.V,,0.27000001072883606,0.27000001072883606,0.27000001072883606,0.27000001072883606,3000.0
2026-04-06 10:21:00,HITI.V,,3.259999990463257,3.259999990463257,3.259999990463257,3.259999990463257,500.0
2026-04-06 10:21:00,HIVE.V,,2.759999990463257,2.759999990463257,2.759999990463257,2.759999990463257,18500.0
2026-04-06 10:21:00,IGO.V,,0.09000000357627869,0.09000000357627869,0.09000000357627869,0.09000000357627869,13000.0
2026-04-06 10:21:00,JZR.V,,0.2750000059604645,0.2750000059604645,0.2750000059604645,0.2750000059604645,500.0
2026-04-06 10:21:00,LMN.V,,22.920000076293945,22.920000076293945,22.780000686645508,22.780000686645508,800.0
2026-04-06 10:21:00,PNG.V,,8.5600004196167,8.5600004196167,8.550000190734863,8.550000190734863,5915.0
2026-04-06 10:22:00,FUU.V,,0.17000000178813934,0.17000000178813934,0.17000000178813934,0.17000000178813934,2000.0
2026-04-06 10:22:00,HSTR.V,,2.390000104904175,2.390000104904175,2.390000104904175,2.390000104904175,400.0
2026-04-06 10:22:00,ITR.V,,3.9600000381469727,3.9600000381469727,3.950000047683716,3.950000047683716,1800.0
2026-04-06 10:22:00,JZR.V,,0.2750000059604645,0.2750000059604645,0.2750000059604645,0.2750000059604645,500.0
2026-04-06 10:22:00,LTH.V,,1.4199999570846558,1.4249999523162842,1.4199999570846558,1.4249999523162842,10600.0
2026-04-06 10:22:00,MKO.V,,8.625,8.625,8.625,8.625,200.0
2026-04-06 10:22:00,NURS.V,,3.119999885559082,3.119999885559082,3.119999885559082,3.119999885559082,450.0
2026-04-06 10:22:00,PNG.V,,8.5600004196167,8.5600004196167,8.539999961853027,8.5600004196167,300.0
2026-04-06 10:23:00,HIVE.V,,2.759999990463257,2.759999990463257,2.759999990463257,2.759999990463257,759.0
2026-04-06 10:23:00,HME.V,,2.759999990463257,2.759999990463257,2.759999990463257,2.759999990463257,5500.0
2026-04-06 10:23:00,ITR.V,,3.9700000286102295,3.9700000286102295,3.9600000381469727,3.9600000381469727,18200.0
2026-04-06 10:23:00,JZR.V,,0.2750000059604645,0.2750000059604645,0.2750000059604645,0.2750000059604645,500.0
2026-04-06 10:23:00,LMN.V,,22.90999984741211,22.90999984741211,22.90999984741211,22.90999984741211,100.0
2026-04-06 10:23:00,LTH.V,,1.409999966621399,1.409999966621399,1.409999966621399,1.409999966621399,1100.0
2026-04-06 10:23:00,PNG.V,,8.550000190734863,8.550000190734863,8.550000190734863,8.550000190734863,1800.0
2026-04-06 10:24:00,EQTY.V,,0.30000001192092896,0.30000001192092896,0.30000001192092896,0.30000001192092896,11000.0
2026-04-06 10:24:00,HCH.V,,1.2799999713897705,1.2799999713897705,1.2699999809265137,1.2799999713897705,4500.0
2026-04-06 10:24:00,HIVE.V,,2.759999990463257,2.759999990463257,2.759999990463257,2.759999990463257,600.0
2026-04-06 10:24:00,JZR.V,,0.2750000059604645,0.2750000059604645,0.2750000059604645,0.2750000059604645,500.0
2026-04-06 10:24:00,LGC.V,,1.9700000286102295,1.9800000190734863,1.9700000286102295,1.9800000190734863,2100.0
2026-04-06 10:24:00,MCM-A.V,,0.35499998927116394,0.35499998927116394,0.35499998927116394,0.35499998927116394,500.0
2026-04-06 10:24:00,PNG.V,,8.529999732971191,8.529999732971191,8.529999732971191,8.529999732971191,600.0
2026-04-06 10:25:00,GGO.V,,1.0199999809265137,1.0199999809265137,1.0,1.0,17100.0
2026-04-06 10:25:00,GMA.V,,0.26499998569488525,0.26499998569488525,0.26499998569488525,0.26499998569488525,6500.0
2026-04-06 10:25:00,GOT.V,,1.649999976158142,1.649999976158142,1.649999976158142,1.649999976158142,100.0
2026-04-06 10:25:00,ITR.V,,3.9700000286102295,3.9700000286102295,3.9700000286102295,3.9700000286102295,7100.0
2026-04-06 10:25:00,LGC.V,,1.9600000381469727,1.9600000381469727,1.9600000381469727,1.9600000381469727,300.0
2026-04-06 10:25:00,LVG.V,,0.3199999928474426,0.3199999928474426,0.3199999928474426,0.3199999928474426,1000.0
2026-04-06 10:25:00,MKO.V,,8.699999809265137,8.699999809265137,8.699999809265137,8.699999809265137,100.0
2026-04-06 10:25:00,MLP.V,,1.9500000476837158,1.9500000476837158,1.940000057220459,1.9500000476837158,7066.0
2026-04-06 10:25:00,PNG.V,,8.520000457763672,8.529999732971191,8.520000457763672,8.529999732971191,495.0
2026-04-06 10:26:00,BIG.V,,0.6499999761581421,0.6499999761581421,0.6499999761581421,0.6499999761581421,8000.0
2026-04-06 10:26:00,FRED.V,,0.550000011920929,0.550000011920929,0.550000011920929,0.550000011920929,23500.0
2026-04-06 10:26:00,GOT.V,,1.6449999809265137,1.6449999809265137,1.6449999809265137,1.6449999809265137,100.0
2026-04-06 10:26:00,GPAC.V,,0.4699999988079071,0.4699999988079071,0.4699999988079071,0.4699999988079071,5000.0
2026-04-06 10:26:00,HEVI.V,,0.27000001072883606,0.27000001072883606,0.27000001072883606,0.27000001072883606,7000.0
2026-04-06 10:26:00,HIVE.V,,2.759999990463257,2.759999990463257,2.759999990463257,2.759999990463257,100.0
2026-04-06 10:26:00,HSTR.V,,2.380000114440918,2.380000114440918,2.380000114440918,2.380000114440918,105.0
2026-04-06 10:26:00,ITR.V,,3.9800000190734863,3.9800000190734863,3.9800000190734863,3.9800000190734863,100.0
2026-04-06 10:26:00,JZR.V,,0.2750000059604645,0.2750000059604645,0.2750000059604645,0.2750000059604645,500.0
2026-04-06 10:26:00,LMN.V,,22.90999984741211,22.90999984741211,22.829999923706055,22.829999923706055,1000.0
2026-04-06 10:26:00,PNG.V,,8.524999618530273,8.524999618530273,8.524999618530273,8.524999618530273,200.0
2026-04-06 10:27:00,FRED.V,,0.5600000023841858,0.5600000023841858,0.5600000023841858,0.5600000023841858,5000.0
2026-04-06 10:27:00,GQC.V,,2.3499999046325684,2.3499999046325684,2.3499999046325684,2.3499999046325684,300.0
2026-04-06 10:27:00,HCH.V,,1.2899999618530273,1.2899999618530273,1.2899999618530273,1.2899999618530273,4000.0
2026-04-06 10:27:00,JG.V,,0.0949999988079071,0.0949999988079071,0.0949999988079071,0.0949999988079071,0.0
2026-04-06 10:27:00,JZR.V,,0.2750000059604645,0.2750000059604645,0.2750000059604645,0.2750000059604645,1500.0
2026-04-06 10:27:00,KTN.V,,1.4049999713897705,1.4049999713897705,1.4049999713897705,1.4049999713897705,200.0
2026-04-06 10:27:00,LCX.V,,1.909999966621399,1.909999966621399,1.909999966621399,1.909999966621399,8200.0
2026-04-06 10:27:00,LME.V,,0.2150000035762787,0.2150000035762787,0.2150000035762787,0.2150000035762787,11000.0
2026-04-06 10:27:00,LMN.V,,22.940000534057617,22.940000534057617,22.829999923706055,22.864999771118164,3205.0
2026-04-06 10:27:00,MCM-A.V,,0.38999998569488525,0.38999998569488525,0.38999998569488525,0.38999998569488525,5000.0
2026-04-06 10:27:00,MEK.V,,0.02500000037252903,0.02500000037252903,0.02500000037252903,0.02500000037252903,857000.0
2026-04-06 10:27:00,MKO.V,,8.699999809265137,8.699999809265137,8.680000305175781,8.680000305175781,1600.0
2026-04-06 10:27:00,MLP.V,,1.940000057220459,1.9500000476837158,1.940000057220459,1.9500000476837158,400.0
2026-04-06 10:27:00,NURS.V,,3.119999885559082,3.119999885559082,3.119999885559082,3.119999885559082,800.0
2026-04-06 10:27:00,PNG.V,,8.609999656677246,8.609999656677246,8.539999961853027,8.539999961853027,3700.0
2026-04-06 10:28:00,FUU.V,,0.16500000655651093,0.16500000655651093,0.16500000655651093,0.16500000655651093,200180.0
2026-04-06 10:28:00,FWZ.V,,4.480000019073486,4.480000019073486,4.480000019073486,4.480000019073486,1440.0
2026-04-06 10:28:00,GG.V,,2.759999990463257,2.759999990463257,2.759999990463257,2.759999990463257,463.0
2026-04-06 10:28:00,GPH.V,,1.2599999904632568,1.2599999904632568,1.2599999904632568,1.2599999904632568,600.0
2026-04-06 10:28:00,GQC.V,,2.3499999046325684,2.3499999046325684,2.3499999046325684,2.3499999046325684,200.0
2026-04-06 10:28:00,GSTM.V,,0.20999999344348907,0.20999999344348907,0.20999999344348907,0.20999999344348907,3500.0
2026-04-06 10:28:00,HCH.V,,1.2899999618530273,1.2899999618530273,1.2899999618530273,1.2899999618530273,1000.0
2026-04-06 10:28:00,HIVE.V,,2.759999990463257,2.759999990463257,2.759999990463257,2.759999990463257,100.0
2026-04-06 10:28:00,HME.V,,2.759999990463257,2.759999990463257,2.759999990463257,2.759999990463257,1000.0
2026-04-06 10:28:00,HSTR.V,,2.380000114440918,2.380000114440918,2.380000114440918,2.380000114440918,600.0
2026-04-06 10:28:00,JZR.V,,0.2750000059604645,0.2750000059604645,0.2750000059604645,0.2750000059604645,500.0
2026-04-06 10:28:00,LCX.V,,1.9299999475479126,1.9299999475479126,1.9299999475479126,1.9299999475479126,100.0
2026-04-06 10:28:00,MCM-A.V,,0.38999998569488525,0.38999998569488525,0.38999998569488525,0.38999998569488525,2000.0
2026-04-06 10:28:00,MKO.V,,8.699999809265137,8.699999809265137,8.699999809265137,8.699999809265137,800.0
2026-04-06 10:28:00,NURS.V,,3.1500000953674316,3.1500000953674316,3.1500000953674316,3.1500000953674316,300.0
2026-04-06 10:28:00,PNG.V,,8.609999656677246,8.609999656677246,8.609999656677246,8.609999656677246,167.0
2026-04-06 10:29:00,FKM.V,,0.2549999952316284,0.2549999952316284,0.2524999976158142,0.2524999976158142,25000.0
2026-04-06 10:29:00,FPX.V,,0.4399999976158142,0.44999998807907104,0.4399999976158142,0.44999998807907104,6675.0
2026-04-06 10:29:00,GFM-H.V,,0.3799999952316284,0.3799999952316284,0.3799999952316284,0.3799999952316284,9000.0
2026-04-06 10:29:00,HCH.V,,1.2799999713897705,1.2799999713897705,1.2799999713897705,1.2799999713897705,5000.0
2026-04-06 10:29:00,HIVE.V,,2.759999990463257,2.759999990463257,2.759999990463257,2.759999990463257,3600.0
2026-04-06 10:29:00,HSTR.V,,2.380000114440918,2.380000114440918,2.380000114440918,2.380000114440918,200.0
2026-04-06 10:29:00,MLP.V,,1.9299999475479126,1.9299999475479126,1.9299999475479126,1.9299999475479126,1000.0
2026-04-06 10:29:00,MMA.V,,1.2999999523162842,1.2999999523162842,1.2999999523162842,1.2999999523162842,500.0
2026-04-06 10:29:00,MN.V,,0.10499999672174454,0.10499999672174454,0.10499999672174454,0.10499999672174454,37000.0
2026-04-06 10:30:00,FUU.V,,0.16500000655651093,0.16500000655651093,0.16500000655651093,0.16500000655651093,9000.0
2026-04-06 10:30:00,GOT.V,,1.6449999809265137,1.6449999809265137,1.6449999809265137,1.6449999809265137,100.0
2026-04-06 10:30:00,GPAC.V,,0.4699999988079071,0.4699999988079071,0.4699999988079071,0.4699999988079071,4000.0
2026-04-06 10:30:00,GSI.V,,1.2400000095367432,1.2400000095367432,1.2400000095367432,1.2400000095367432,3200.0
2026-04-06 10:30:00,HME.V,,2.759999990463257,2.759999990463257,2.759999990463257,2.759999990463257,2700.0
2026-04-06 10:30:00,ITR.V,,3.9800000190734863,3.9800000190734863,3.9800000190734863,3.9800000190734863,1700.0
2026-04-06 10:30:00,KTO.V,,0.699999988079071,0.699999988079071,0.699999988079071,0.699999988079071,500.0
2026-04-06 10:30:00,LTH.V,,1.409999966621399,1.4199999570846558,1.409999966621399,1.4199999570846558,1100.0
2026-04-06 10:30:00,LUCA.V,,1.409999966621399,1.409999966621399,1.409999966621399,1.409999966621399,100.0
2026-04-06 10:30:00,MQM.V,,0.30000001192092896,0.30000001192092896,0.30000001192092896,0.30000001192092896,500.0
2026-04-06 10:30:00,PNG.V,,8.619999885559082,8.649999618530273,8.619999885559082,8.619999885559082,15302.0
2026-04-06 10:31:00,FUU.V,,0.1599999964237213,0.1599999964237213,0.1599999964237213,0.1599999964237213,76500.0
2026-04-06 10:31:00,GPH.V,,1.2699999809265137,1.2699999809265137,1.2699999809265137,1.2699999809265137,5150.0
2026-04-06 10:31:00,HSTR.V,,2.390000104904175,2.390000104904175,2.390000104904175,2.390000104904175,100.0
2026-04-06 10:31:00,ITR.V,,3.9800000190734863,3.9800000190734863,3.9800000190734863,3.9800000190734863,100.0
2026-04-06 10:31:00,JZR.V,,0.2750000059604645,0.2750000059604645,0.2750000059604645,0.2750000059604645,500.0
2026-04-06 10:31:00,LMN.V,,23.0,23.0,23.0,23.0,100.0
2026-04-06 10:31:00,LTH.V,,1.409999966621399,1.409999966621399,1.399999976158142,1.409999966621399,21700.0
2026-04-06 10:31:00,LUCA.V,,1.409999966621399,1.409999966621399,1.409999966621399,1.409999966621399,100.0
2026-04-06 10:31:00,MEK.V,,0.02500000037252903,0.02500000037252903,0.02500000037252903,0.02500000037252903,23000.0
2026-04-06 10:31:00,NURS.V,,3.1500000953674316,3.1500000953674316,3.1500000953674316,3.1500000953674316,210.0
2026-04-06 10:31:00,PNG.V,,8.600000381469727,8.609999656677246,8.600000381469727,8.609999656677246,5530.0
2026-04-06 10:32:00,FRI.V,,0.054999999701976776,0.054999999701976776,0.054999999701976776,0.054999999701976776,10000.0
2026-04-06 10:32:00,GMA.V,,0.27000001072883606,0.27000001072883606,0.27000001072883606,0.27000001072883606,3500.0
2026-04-06 10:32:00,GOT.V,,1.649999976158142,1.649999976158142,1.649999976158142,1.649999976158142,1000.0
2026-04-06 10:32:00,GSP.V,,0.1599999964237213,0.1599999964237213,0.1599999964237213,0.1599999964237213,3120.0
2026-04-06 10:32:00,HIVE.V,,2.759999990463257,2.759999990463257,2.759999990463257,2.759999990463257,300.0
2026-04-06 10:32:00,HME.V,,2.75,2.75,2.75,2.75,800.0
2026-04-06 10:32:00,HSTR.V,,2.390000104904175,2.390000104904175,2.390000104904175,2.390000104904175,200.0
2026-04-06 10:32:00,ILI.V,,0.014999999664723873,0.014999999664723873,0.014999999664723873,0.014999999664723873,10000.0
2026-04-06 10:32:00,ITR.V,,3.9700000286102295,3.9800000190734863,3.9700000286102295,3.9800000190734863,15400.0
2026-04-06 10:32:00,JZR.V,,0.2750000059604645,0.2750000059604645,0.2750000059604645,0.2750000059604645,1000.0
2026-04-06 10:32:00,LIO.V,,0.2549999952316284,0.2549999952316284,0.2549999952316284,0.2549999952316284,1721.0
2026-04-06 10:32:00,LTH.V,,1.4149999618530273,1.4149999618530273,1.409999966621399,1.409999966621399,153900.0
2026-04-06 10:32:00,MEK.V,,0.02500000037252903,0.02500000037252903,0.02500000037252903,0.02500000037252903,33000.0
2026-04-06 10:32:00,MMA.V,,1.2999999523162842,1.2999999523162842,1.2999999523162842,1.2999999523162842,100.0
2026-04-06 10:32:00,MTA.V,,9.260000228881836,9.260000228881836,9.260000228881836,9.260000228881836,100.0
2026-04-06 10:32:00,PNG.V,,8.600000381469727,8.600000381469727,8.600000381469727,8.600000381469727,490.0
2026-04-06 10:33:00,BIG.V,,0.6499999761581421,0.6499999761581421,0.6499999761581421,0.6499999761581421,500.0
2026-04-06 10:33:00,FL.V,,0.8100000023841858,0.8100000023841858,0.8100000023841858,0.8100000023841858,3743.0
2026-04-06 10:33:00,FPX.V,,0.4399999976158142,0.4399999976158142,0.4399999976158142,0.4399999976158142,12500.0
2026-04-06 10:33:00,GGO.V,,1.0,1.0,1.0,1.0,100.0
2026-04-06 10:33:00,GPAC.V,,0.4699999988079071,0.4699999988079071,0.4699999988079071,0.4699999988079071,1500.0
2026-04-06 10:33:00,GSI.V,,1.25,1.25,1.2400000095367432,1.2400000095367432,3919.0
2026-04-06 10:33:00,GSP.V,,0.1599999964237213,0.1599999964237213,0.1599999964237213,0.1599999964237213,50000.0
2026-04-06 10:33:00,HIVE.V,,2.759999990463257,2.759999990463257,2.759999990463257,2.759999990463257,499.0
2026-04-06 10:33:00,ITR.V,,3.9700000286102295,3.9700000286102295,3.9700000286102295,3.9700000286102295,800.0
2026-04-06 10:33:00,JUGR.V,,1.3899999856948853,1.3899999856948853,1.3899999856948853,1.3899999856948853,525.0
2026-04-06 10:33:00,JZR.V,,0.2750000059604645,0.2750000059604645,0.2750000059604645,0.2750000059604645,1000.0
2026-04-06 10:33:00,KFR.V,,0.7200000286102295,0.7200000286102295,0.7200000286102295,0.7200000286102295,7000.0
2026-04-06 10:33:00,LMN.V,,23.06999969482422,23.06999969482422,23.06999969482422,23.06999969482422,100.0
2026-04-06 10:33:00,MEK.V,,0.02500000037252903,0.02500000037252903,0.02500000037252903,0.02500000037252903,5000.0
2026-04-06 10:33:00,MKO.V,,8.699999809265137,8.699999809265137,8.699999809265137,8.699999809265137,605.0
2026-04-06 10:33:00,NURS.V,,3.200000047683716,3.200000047683716,3.1500000953674316,3.1500000953674316,4116.0
2026-04-06 10:33:00,PNG.V,,8.5600004196167,8.569999694824219,8.5600004196167,8.569999694824219,950.0
2026-04-06 10:34:00,FKM.V,,0.2549999952316284,0.2549999952316284,0.2549999952316284,0.2549999952316284,5000.0
2026-04-06 10:34:00,GGO.V,,1.0,1.0,1.0,1.0,904.0
2026-04-06 10:34:00,HME.V,,2.759999990463257,2.759999990463257,2.759999990463257,2.759999990463257,200.0
2026-04-06 10:34:00,ITR.V,,3.9700000286102295,3.9700000286102295,3.9700000286102295,3.9700000286102295,100.0
2026-04-06 10:34:00,LGC.V,,1.9700000286102295,1.9700000286102295,1.9700000286102295,1.9700000286102295,700.0
2026-04-06 10:34:00,MTA.V,,9.25,9.25,9.25,9.25,200.0
2026-04-06 10:34:00,NICU.V,,2.180000066757202,2.184999942779541,2.1700000762939453,2.1700000762939453,7800.0
2026-04-06 10:35:00,GGO.V,,1.0,1.0,1.0,1.0,100.0
2026-04-06 10:35:00,GMG.V,,2.259999990463257,2.2699999809265137,2.259999990463257,2.2699999809265137,305.0
2026-04-06 10:35:00,GOT.V,,1.649999976158142,1.649999976158142,1.649999976158142,1.649999976158142,100.0
2026-04-06 10:35:00,GPAC.V,,0.4749999940395355,0.4749999940395355,0.4749999940395355,0.4749999940395355,9000.0
2026-04-06 10:35:00,HITI.V,,3.2899999618530273,3.2899999618530273,3.2799999713897705,3.2799999713897705,500.0
2026-04-06 10:35:00,HIVE.V,,2.759999990463257,2.759999990463257,2.759999990463257,2.759999990463257,4700.0
2026-04-06 10:35:00,HSTR.V,,2.4000000953674316,2.4000000953674316,2.4000000953674316,2.4000000953674316,400.0
2026-04-06 10:35:00,ITR.V,,3.9800000190734863,3.9800000190734863,3.9800000190734863,3.9800000190734863,1000.0
2026-04-06 10:35:00,JZR.V,,0.2800000011920929,0.2800000011920929,0.2800000011920929,0.2800000011920929,500.0
2026-04-06 10:35:00,KG.V,,0.20000000298023224,0.20000000298023224,0.20000000298023224,0.20000000298023224,1000.0
2026-04-06 10:35:00,LGC.V,,1.9700000286102295,1.9700000286102295,1.9700000286102295,1.9700000286102295,600.0
2026-04-06 10:35:00,LTH.V,,1.409999966621399,1.409999966621399,1.409999966621399,1.409999966621399,6700.0
2026-04-06 10:35:00,MLP.V,,1.9299999475479126,1.9299999475479126,1.9299999475479126,1.9299999475479126,7700.0
2026-04-06 10:35:00,MTA.V,,9.260000228881836,9.260000228881836,9.260000228881836,9.260000228881836,200.0
2026-04-06 10:35:00,NICU.V,,2.1700000762939453,2.1700000762939453,2.1700000762939453,2.1700000762939453,5600.0
2026-04-06 10:35:00,PNG.V,,8.579999923706055,8.579999923706055,8.579999923706055,8.579999923706055,500.0
2026-04-06 10:36:00,BIG.V,,0.6499999761581421,0.6499999761581421,0.6449999809265137,0.6449999809265137,13000.0
2026-04-06 10:36:00,FRED.V,,0.5600000023841858,0.5600000023841858,0.5600000023841858,0.5600000023841858,25166.0
2026-04-06 10:36:00,GFM-H.V,,0.38999998569488525,0.38999998569488525,0.38999998569488525,0.38999998569488525,10000.0
2026-04-06 10:36:00,HIVE.V,,2.759999990463257,2.759999990463257,2.759999990463257,2.759999990463257,600.0
2026-04-06 10:36:00,IFOS.V,,3.759999990463257,3.759999990463257,3.759999990463257,3.759999990463257,1700.0
2026-04-06 10:36:00,LGC.V,,1.9700000286102295,1.9700000286102295,1.9700000286102295,1.9700000286102295,400.0
2026-04-06 10:36:00,MN.V,,0.10499999672174454,0.10499999672174454,0.10499999672174454,0.10499999672174454,4616.0
2026-04-06 10:36:00,ZNG.V,,1.0499999523162842,1.0499999523162842,1.0499999523162842,1.0499999523162842,10500.0
2026-04-06 10:37:00,GGO.V,,1.0,1.0,1.0,1.0,100.0
2026-04-06 10:37:00,GOT.V,,1.6449999809265137,1.6449999809265137,1.6449999809265137,1.6449999809265137,100.0
2026-04-06 10:37:00,GSVR.V,,0.5899999737739563,0.5899999737739563,0.5899999737739563,0.5899999737739563,1500.0
2026-04-06 10:37:00,HIVE.V,,2.75,2.75,2.75,2.75,400.0
2026-04-06 10:37:00,ICM.V,,0.125,0.125,0.125,0.125,5033.0
2026-04-06 10:37:00,JZR.V,,0.2800000011920929,0.2800000011920929,0.2800000011920929,0.2800000011920929,500.0
2026-04-06 10:37:00,LGC.V,,1.9700000286102295,1.9700000286102295,1.9700000286102295,1.9700000286102295,300.0
2026-04-06 10:37:00,LTH.V,,1.399999976158142,1.399999976158142,1.399999976158142,1.399999976158142,10081.0
2026-04-06 10:37:00,NURS.V,,3.1600000858306885,3.1600000858306885,3.1600000858306885,3.1600000858306885,120.0
2026-04-06 10:37:00,PNG.V,,8.550000190734863,8.569999694824219,8.550000190734863,8.569999694824219,1650.0
2026-04-06 10:38:00,GQC.V,,2.3399999141693115,2.3399999141693115,2.3399999141693115,2.3399999141693115,100.0
2026-04-06 10:38:00,GTC.V,,0.18000000715255737,0.18000000715255737,0.18000000715255737,0.18000000715255737,7000.0
2026-04-06 10:38:00,HIVE.V,,2.740000009536743,2.75,2.734999895095825,2.75,23950.0
2026-04-06 10:38:00,HSTR.V,,2.390000104904175,2.390000104904175,2.390000104904175,2.390000104904175,500.0
2026-04-06 10:38:00,IFOS.V,,3.759999990463257,3.759999990463257,3.75,3.75,900.0
2026-04-06 10:38:00,ITR.V,,3.9700000286102295,3.9800000190734863,3.9700000286102295,3.9700000286102295,6271.0
2026-04-06 10:38:00,JUGR.V,,1.3899999856948853,1.3899999856948853,1.3899999856948853,1.3899999856948853,300.0
2026-04-06 10:38:00,KLDC.V,,0.1850000023841858,0.1850000023841858,0.1850000023841858,0.1850000023841858,6000.0
2026-04-06 10:38:00,LG.V,,0.3400000035762787,0.3400000035762787,0.3400000035762787,0.3400000035762787,33000.0
2026-04-06 10:38:00,LGC.V,,1.9700000286102295,1.9700000286102295,1.9700000286102295,1.9700000286102295,200.0
2026-04-06 10:38:00,LTH.V,,1.375,1.3899999856948853,1.375,1.3899999856948853,5300.0
2026-04-06 10:38:00,LUCA.V,,1.409999966621399,1.409999966621399,1.409999966621399,1.409999966621399,3800.0
2026-04-06 10:38:00,MN.V,,0.10499999672174454,0.10499999672174454,0.10499999672174454,0.10499999672174454,1000.0
2026-04-06 10:38:00,MRVL.V,,0.17499999701976776,0.17499999701976776,0.17499999701976776,0.17499999701976776,500.0
2026-04-06 10:38:00,NICU.V,,2.1600000858306885,2.1600000858306885,2.1600000858306885,2.1600000858306885,3300.0
2026-04-06 10:38:00,PNG.V,,8.510000228881836,8.550000190734863,8.5,8.550000190734863,20515.0
2026-04-06 10:39:00,GGAU.V,,0.2800000011920929,0.2800000011920929,0.2800000011920929,0.2800000011920929,0.0
2026-04-06 10:39:00,GPH.V,,1.2599999904632568,1.2599999904632568,1.2599999904632568,1.2599999904632568,100.0
2026-04-06 10:39:00,HHH.V,,5.989999771118164,6.0,5.989999771118164,5.989999771118164,700.0
2026-04-06 10:39:00,HSTR.V,,2.390000104904175,2.390000104904175,2.390000104904175,2.390000104904175,412.0
2026-04-06 10:39:00,ITR.V,,3.9700000286102295,3.9700000286102295,3.9700000286102295,3.9700000286102295,500.0
2026-04-06 10:39:00,LTH.V,,1.3799999952316284,1.3799999952316284,1.3799999952316284,1.3799999952316284,1700.0
2026-04-06 10:39:00,MKO.V,,8.699999809265137,8.699999809265137,8.699999809265137,8.699999809265137,800.0
2026-04-06 10:39:00,MN.V,,0.10999999940395355,0.10999999940395355,0.10499999672174454,0.10499999672174454,15000.0
2026-04-06 10:39:00,MTA.V,,9.260000228881836,9.260000228881836,9.260000228881836,9.260000228881836,100.0
2026-04-06 10:39:00,NURS.V,,3.180000066757202,3.180000066757202,3.180000066757202,3.180000066757202,300.0
2026-04-06 10:39:00,PNG.V,,8.449999809265137,8.479999542236328,8.4399995803833,8.479999542236328,9105.0
2026-04-06 10:40:00,FPC.V,,0.3700000047683716,0.3700000047683716,0.3700000047683716,0.3700000047683716,2500.0
2026-04-06 10:40:00,GGO.V,,1.0,1.0,1.0,1.0,100.0
2026-04-06 10:40:00,GMG.V,,2.25,2.2699999809265137,2.25,2.2699999809265137,1300.0
2026-04-06 10:40:00,GSI.V,,1.2400000095367432,1.2400000095367432,1.2400000095367432,1.2400000095367432,100.0
2026-04-06 10:40:00,GSVR.V,,0.6000000238418579,0.6000000238418579,0.6000000238418579,0.6000000238418579,542.0
2026-04-06 10:40:00,HSTR.V,,2.390000104904175,2.390000104904175,2.390000104904175,2.390000104904175,1800.0
2026-04-06 10:40:00,ITR.V,,3.990000009536743,3.990000009536743,3.990000009536743,3.990000009536743,300.0
2026-04-06 10:40:00,MKO.V,,8.789999961853027,8.789999961853027,8.779999732971191,8.789999961853027,1100.0
2026-04-06 10:40:00,MLP.V,,1.940000057220459,1.940000057220459,1.940000057220459,1.940000057220459,1030.0
2026-04-06 10:40:00,NURS.V,,3.180000066757202,3.180000066757202,3.180000066757202,3.180000066757202,100.0
2026-04-06 10:40:00,PNG.V,,8.470000267028809,8.470000267028809,8.420000076293945,8.430000305175781,1100.0
2026-04-06 10:40:00,ROAR.V,,0.20000000298023224,0.20000000298023224,0.20000000298023224,0.20000000298023224,6000.0
2026-04-06 10:41:00,GPH.V,,1.2599999904632568,1.2599999904632568,1.2599999904632568,1.2599999904632568,100.0
2026-04-06 10:41:00,GSI.V,,1.2400000095367432,1.2400000095367432,1.2400000095367432,1.2400000095367432,800.0
2026-04-06 10:41:00,HIVE.V,,2.7300000190734863,2.740000009536743,2.7300000190734863,2.740000009536743,3900.0
2026-04-06 10:41:00,ITR.V,,3.990000009536743,4.010000228881836,3.990000009536743,4.0,6300.0
2026-04-06 10:41:00,LUCA.V,,1.4199999570846558,1.4199999570846558,1.4199999570846558,1.4199999570846558,1400.0
2026-04-06 10:41:00,MKO.V,,8.829999923706055,8.829999923706055,8.829999923706055,8.829999923706055,100.0
2026-04-06 10:41:00,PNG.V,,8.5,8.5,8.470000267028809,8.470000267028809,1100.0
2026-04-06 10:42:00,GGO.V,,1.0199999809265137,1.0299999713897705,1.0099999904632568,1.0099999904632568,16500.0
2026-04-06 10:42:00,HEVI.V,,0.25999999046325684,0.26499998569488525,0.25999999046325684,0.26499998569488525,44500.0
2026-04-06 10:42:00,HIVE.V,,2.7300000190734863,2.7300000190734863,2.7300000190734863,2.7300000190734863,2000.0
2026-04-06 10:42:00,HME.V,,2.75,2.75,2.75,2.75,1700.0
2026-04-06 10:42:00,ITR.V,,3.9800000190734863,3.9800000190734863,3.9800000190734863,3.9800000190734863,1525.0
2026-04-06 10:42:00,KTN.V,,1.409999966621399,1.409999966621399,1.409999966621399,1.409999966621399,500.0
2026-04-06 10:42:00,LMN.V,,22.850000381469727,22.850000381469727,22.84000015258789,22.84000015258789,212.0
2026-04-06 10:42:00,LUCA.V,,1.409999966621399,1.4149999618530273,1.409999966621399,1.4149999618530273,4400.0
2026-04-06 10:42:00,MKO.V,,8.829999923706055,8.829999923706055,8.829999923706055,8.829999923706055,200.0
2026-04-06 10:42:00,MTA.V,,9.25,9.260000228881836,9.25,9.260000228881836,200.0
2026-04-06 10:42:00,PNG.V,,8.449999809265137,8.489999771118164,8.449999809265137,8.489999771118164,2200.0
2026-04-06 10:42:00,ZNG.V,,1.0499999523162842,1.0499999523162842,1.0299999713897705,1.0299999713897705,19800.0
2026-04-06 10:43:00,FUU.V,,0.1599999964237213,0.1599999964237213,0.1599999964237213,0.1599999964237213,10000.0
2026-04-06 10:43:00,GPH.V,,1.2599999904632568,1.2599999904632568,1.2599999904632568,1.2599999904632568,100.0
2026-04-06 10:43:00,GSI.V,,1.2300000190734863,1.2300000190734863,1.2300000190734863,1.2300000190734863,1200.0
2026-04-06 10:43:00,HIVE.V,,2.7300000190734863,2.7300000190734863,2.7300000190734863,2.7300000190734863,7830.0
2026-04-06 10:43:00,HMR.V,,0.8600000143051147,0.8600000143051147,0.8600000143051147,0.8600000143051147,3000.0
2026-04-06 10:43:00,HSTR.V,,2.369999885559082,2.380000114440918,2.369999885559082,2.380000114440918,6000.0
2026-04-06 10:43:00,ITR.V,,3.9800000190734863,3.990000009536743,3.9800000190734863,3.9800000190734863,6100.0
2026-04-06 10:43:00,KNG.V,,1.3300000429153442,1.3300000429153442,1.3300000429153442,1.3300000429153442,100.0
2026-04-06 10:43:00,LMN.V,,22.889999389648438,22.889999389648438,22.889999389648438,22.889999389648438,228.0
2026-04-06 10:43:00,LTH.V,,1.3700000047683716,1.3700000047683716,1.3700000047683716,1.3700000047683716,14200.0
2026-04-06 10:43:00,LVG.V,,0.3199999928474426,0.3199999928474426,0.3199999928474426,0.3199999928474426,1000.0
2026-04-06 10:43:00,MKO.V,,8.75,8.75,8.75,8.75,400.0
2026-04-06 10:43:00,NURS.V,,3.1500000953674316,3.1500000953674316,3.1500000953674316,3.1500000953674316,100.0
2026-04-06 10:43:00,PNG.V,,8.479999542236328,8.479999542236328,8.479999542236328,8.479999542236328,800.0
2026-04-06 10:44:00,GGO.V,,1.0199999809265137,1.0199999809265137,1.0199999809265137,1.0199999809265137,900.0
2026-04-06 10:44:00,GPH.V,,1.2599999904632568,1.2599999904632568,1.2599999904632568,1.2599999904632568,100.0
2026-04-06 10:44:00,GRB.V,,0.4000000059604645,0.4000000059604645,0.4000000059604645,0.4000000059604645,50000.0
2026-04-06 10:44:00,GRSL.V,,0.32499998807907104,0.32499998807907104,0.32499998807907104,0.32499998807907104,5000.0
2026-04-06 10:44:00,HEVI.V,,0.25999999046325684,0.25999999046325684,0.25999999046325684,0.25999999046325684,4000.0
2026-04-06 10:44:00,HIVE.V,,2.7300000190734863,2.7300000190734863,2.7300000190734863,2.7300000190734863,1700.0
2026-04-06 10:44:00,HPL.V,,0.10999999940395355,0.10999999940395355,0.10999999940395355,0.10999999940395355,0.0
2026-04-06 10:44:00,IFOS.V,,3.75,3.75,3.75,3.75,150.0
2026-04-06 10:44:00,ITR.V,,3.9800000190734863,3.990000009536743,3.9800000190734863,3.990000009536743,3100.0
2026-04-06 10:44:00,JUGR.V,,1.3899999856948853,1.3899999856948853,1.3899999856948853,1.3899999856948853,500.0
2026-04-06 10:44:00,LSL.V,,0.38999998569488525,0.38999998569488525,0.38999998569488525,0.38999998569488525,50000.0
2026-04-06 10:44:00,LTH.V,,1.3700000047683716,1.3799999952316284,1.3700000047683716,1.3799999952316284,2600.0
2026-04-06 10:44:00,LVG.V,,0.3199999928474426,0.3199999928474426,0.3199999928474426,0.3199999928474426,500.0
2026-04-06 10:44:00,MKO.V,,8.729999542236328,8.729999542236328,8.729999542236328,8.729999542236328,200.0
2026-04-06 10:44:00,NICU.V,,2.1700000762939453,2.1700000762939453,2.1600000858306885,2.1649999618530273,8200.0
2026-04-06 10:44:00,NURS.V,,3.1500000953674316,3.1500000953674316,3.1500000953674316,3.1500000953674316,200.0
2026-04-06 10:45:00,FRSH.V,,0.7599999904632568,0.7599999904632568,0.7599999904632568,0.7599999904632568,0.0
2026-04-06 10:45:00,GPH.V,,1.2599999904632568,1.2599999904632568,1.2599999904632568,1.2599999904632568,100.0
2026-04-06 10:45:00,GRB.V,,0.4000000059604645,0.4000000059604645,0.4000000059604645,0.4000000059604645,10500.0
2026-04-06 10:45:00,HIVE.V,,2.7200000286102295,2.7200000286102295,2.7200000286102295,2.7200000286102295,13827.0
2026-04-06 10:45:00,IPT.V,,0.23999999463558197,0.23999999463558197,0.23999999463558197,0.23999999463558197,1000.0
2026-04-06 10:45:00,ITR.V,,3.9700000286102295,3.9700000286102295,3.9700000286102295,3.9700000286102295,100.0
2026-04-06 10:45:00,JUGR.V,,1.3799999952316284,1.3799999952316284,1.3799999952316284,1.3799999952316284,300.0
2026-04-06 10:45:00,LGC.V,,1.9600000381469727,1.9600000381469727,1.9600000381469727,1.9600000381469727,100.0
2026-04-06 10:45:00,LMN.V,,22.829999923706055,22.924999237060547,22.81999969482422,22.84000015258789,700.0
2026-04-06 10:45:00,MKO.V,,8.699999809265137,8.699999809265137,8.699999809265137,8.699999809265137,480.0
2026-04-06 10:45:00,MLP.V,,1.9500000476837158,1.9500000476837158,1.9500000476837158,1.9500000476837158,100.0
2026-04-06 10:45:00,NICU.V,,2.1600000858306885,2.1600000858306885,2.1600000858306885,2.1600000858306885,200.0
2026-04-06 10:45:00,PNG.V,,8.520000457763672,8.520000457763672,8.489999771118164,8.489999771118164,2900.0
2026-04-06 10:46:00,FL.V,,0.8199999928474426,0.8199999928474426,0.8199999928474426,0.8199999928474426,2000.0
2026-04-06 10:46:00,GGO.V,,1.0199999809265137,1.0199999809265137,1.0099999904632568,1.0099999904632568,3800.0
2026-04-06 10:46:00,GPH.V,,1.2599999904632568,1.2599999904632568,1.2599999904632568,1.2599999904632568,100.0
2026-04-06 10:46:00,HEVI.V,,0.2549999952316284,0.25999999046325684,0.2549999952316284,0.25999999046325684,17000.0
2026-04-06 10:46:00,HHH.V,,5.900000095367432,5.900000095367432,5.900000095367432,5.900000095367432,100.0
2026-04-06 10:46:00,HIVE.V,,2.7200000286102295,2.7200000286102295,2.7200000286102295,2.7200000286102295,1119.0
2026-04-06 10:46:00,ITR.V,,3.9700000286102295,3.9700000286102295,3.9700000286102295,3.9700000286102295,300.0
2026-04-06 10:46:00,MEK.V,,0.02500000037252903,0.02500000037252903,0.02500000037252903,0.02500000037252903,20000.0
2026-04-06 10:46:00,MGM.V,,2.380000114440918,2.380000114440918,2.380000114440918,2.380000114440918,100.0
2026-04-06 10:46:00,PNG.V,,8.529999732971191,8.529999732971191,8.520000457763672,8.529999732971191,1400.0
2026-04-06 10:46:00,SCAN.V,,7.25,7.349999904632568,7.25,7.349999904632568,500.0
2026-04-06 10:47:00,GPH.V,,1.2599999904632568,1.2599999904632568,1.2599999904632568,1.2599999904632568,100.0
2026-04-06 10:47:00,HIVE.V,,2.7200000286102295,2.7200000286102295,2.7200000286102295,2.7200000286102295,1000.0
2026-04-06 10:47:00,HSTR.V,,2.380000114440918,2.380000114440918,2.380000114440918,2.380000114440918,600.0
2026-04-06 10:47:00,KGS.V,,0.11999999731779099,0.11999999731779099,0.11999999731779099,0.11999999731779099,0.0
2026-04-06 10:47:00,LTH.V,,1.3899999856948853,1.3899999856948853,1.3700000047683716,1.3700000047683716,5400.0
2026-04-06 10:47:00,LUCA.V,,1.399999976158142,1.399999976158142,1.399999976158142,1.399999976158142,100.0
2026-04-06 10:47:00,MLP.V,,1.9500000476837158,1.9500000476837158,1.9299999475479126,1.940000057220459,500.0
2026-04-06 10:47:00,PNG.V,,8.569999694824219,8.569999694824219,8.539999961853027,8.539999961853027,1800.0
2026-04-06 10:48:00,GEN.V,,0.06499999761581421,0.06499999761581421,0.06499999761581421,0.06499999761581421,15000.0
2026-04-06 10:48:00,GSI.V,,1.225000023841858,1.225000023841858,1.225000023841858,1.225000023841858,100.0
2026-04-06 10:48:00,HIVE.V,,2.7200000286102295,2.7200000286102295,2.7200000286102295,2.7200000286102295,600.0
2026-04-06 10:48:00,HSTR.V,,2.380000114440918,2.380000114440918,2.380000114440918,2.380000114440918,100.0
2026-04-06 10:48:00,ITR.V,,3.990000009536743,3.990000009536743,3.9800000190734863,3.9800000190734863,600.0
2026-04-06 10:48:00,LUCA.V,,1.399999976158142,1.399999976158142,1.399999976158142,1.399999976158142,200.0
2026-04-06 10:48:00,MLP.V,,1.940000057220459,1.9600000381469727,1.9299999475479126,1.9299999475479126,673.0
2026-04-06 10:48:00,PNG.V,,8.569999694824219,8.569999694824219,8.5600004196167,8.5600004196167,700.0
2026-04-06 10:49:00,GOT.V,,1.6449999809265137,1.6449999809265137,1.6449999809265137,1.6449999809265137,100.0
2026-04-06 10:49:00,GPH.V,,1.2599999904632568,1.2599999904632568,1.2599999904632568,1.2599999904632568,300.0
2026-04-06 10:49:00,HITI.V,,3.259999990463257,3.259999990463257,3.259999990463257,3.259999990463257,100.0
2026-04-06 10:49:00,HIVE.V,,2.7100000381469727,2.7100000381469727,2.700000047683716,2.7100000381469727,77900.0
2026-04-06 10:49:00,HME.V,,2.759999990463257,2.759999990463257,2.759999990463257,2.759999990463257,6300.0
2026-04-06 10:49:00,IPT.V,,0.23999999463558197,0.23999999463558197,0.23999999463558197,0.23999999463558197,1239.0
2026-04-06 10:49:00,LMN.V,,22.809999465942383,22.809999465942383,22.809999465942383,22.809999465942383,300.0
2026-04-06 10:49:00,LSL.V,,0.38999998569488525,0.38999998569488525,0.38999998569488525,0.38999998569488525,45000.0
2026-04-06 10:49:00,LUCA.V,,1.399999976158142,1.399999976158142,1.399999976158142,1.399999976158142,300.0
2026-04-06 10:49:00,MLP.V,,1.9600000381469727,1.9600000381469727,1.9600000381469727,1.9600000381469727,100.0
2026-04-06 10:49:00,NICU.V,,2.1600000858306885,2.1600000858306885,2.1600000858306885,2.1600000858306885,800.0
2026-04-06 10:49:00,PNG.V,,8.529999732971191,8.5600004196167,8.510000228881836,8.529999732971191,1218.0
2026-04-06 10:50:00,HIVE.V,,2.7200000286102295,2.7200000286102295,2.7200000286102295,2.7200000286102295,5000.0
2026-04-06 10:50:00,HSTR.V,,2.380000114440918,2.380000114440918,2.380000114440918,2.380000114440918,1300.0
2026-04-06 10:50:00,KLDC.V,,0.1850000023841858,0.1850000023841858,0.1850000023841858,0.1850000023841858,2000.0
2026-04-06 10:50:00,LUCA.V,,1.399999976158142,1.399999976158142,1.399999976158142,1.399999976158142,1200.0
2026-04-06 10:50:00,MLP.V,,1.9500000476837158,1.9600000381469727,1.9500000476837158,1.9600000381469727,500.0
2026-04-06 10:50:00,MTA.V,,9.25,9.25,9.25,9.25,100.0
2026-04-06 10:51:00,GG.V,,2.7200000286102295,2.7200000286102295,2.7200000286102295,2.7200000286102295,400.0
2026-04-06 10:51:00,GPH.V,,1.2599999904632568,1.2599999904632568,1.2599999904632568,1.2599999904632568,100.0
2026-04-06 10:51:00,GSVR.V,,0.6000000238418579,0.6000000238418579,0.6000000238418579,0.6000000238418579,24000.0
2026-04-06 10:51:00,GWM.V,,0.6499999761581421,0.6499999761581421,0.6499999761581421,0.6499999761581421,500.0
2026-04-06 10:51:00,HIVE.V,,2.7200000286102295,2.7200000286102295,2.7200000286102295,2.7200000286102295,2800.0
2026-04-06 10:51:00,ITR.V,,3.994999885559082,4.0,3.994999885559082,4.0,300.0
2026-04-06 10:51:00,LMN.V,,22.809999465942383,22.809999465942383,22.809999465942383,22.809999465942383,700.0
2026-04-06 10:51:00,LUCA.V,,1.399999976158142,1.399999976158142,1.399999976158142,1.399999976158142,300.0
2026-04-06 10:51:00,MKO.V,,8.694999694824219,8.694999694824219,8.6899995803833,8.6899995803833,200.0
2026-04-06 10:51:00,MTA.V,,9.270000457763672,9.270000457763672,9.270000457763672,9.270000457763672,200.0
2026-04-06 10:52:00,FKM.V,,0.2549999952316284,0.2549999952316284,0.2549999952316284,0.2549999952316284,65000.0
2026-04-06 10:52:00,FWZ.V,,4.5,4.5,4.5,4.5,1100.0
2026-04-06 10:52:00,GOT.V,,1.6399999856948853,1.6449999809265137,1.6399999856948853,1.6449999809265137,3500.0
2026-04-06 10:52:00,GPH.V,,1.2599999904632568,1.2699999809265137,1.2599999904632568,1.2699999809265137,15100.0
2026-04-06 10:52:00,GSI.V,,1.225000023841858,1.225000023841858,1.225000023841858,1.225000023841858,100.0
2026-04-06 10:52:00,LUCA.V,,1.399999976158142,1.399999976158142,1.399999976158142,1.399999976158142,400.0
2026-04-06 10:52:00,MEK.V,,0.02500000037252903,0.02500000037252903,0.02500000037252903,0.02500000037252903,15000.0
2026-04-06 10:53:00,FUU.V,,0.16500000655651093,0.16500000655651093,0.16249999403953552,0.16249999403953552,79500.0
2026-04-06 10:53:00,GPH.V,,1.2599999904632568,1.2599999904632568,1.2599999904632568,1.2599999904632568,200.0
2026-04-06 10:53:00,GSVR.V,,0.6100000143051147,0.6100000143051147,0.6000000238418579,0.6000000238418579,231685.0
2026-04-06 10:53:00,LMS.V,,0.2549999952316284,0.2549999952316284,0.2549999952316284,0.2549999952316284,1500.0
2026-04-06 10:53:00,LTH.V,,1.3899999856948853,1.3899999856948853,1.3899999856948853,1.3899999856948853,1000.0
2026-04-06 10:53:00,LUCA.V,,1.399999976158142,1.399999976158142,1.399999976158142,1.399999976158142,100.0
2026-04-06 10:53:00,MEK.V,,0.02500000037252903,0.02500000037252903,0.02500000037252903,0.02500000037252903,25000.0
2026-04-06 10:54:00,GGO.V,,1.0099999904632568,1.0099999904632568,1.0099999904632568,1.0099999904632568,900.0
2026-04-06 10:54:00,GPH.V,,1.2599999904632568,1.2599999904632568,1.2599999904632568,1.2599999904632568,100.0
2026-04-06 10:54:00,HIVE.V,,2.7249999046325684,2.7249999046325684,2.7249999046325684,2.7249999046325684,400.0
2026-04-06 10:54:00,HME.V,,2.765000104904175,2.765000104904175,2.765000104904175,2.765000104904175,700.0
2026-04-06 10:54:00,ITR.V,,4.019999980926514,4.019999980926514,4.019999980926514,4.019999980926514,570.0
2026-04-06 10:54:00,LMN.V,,22.809999465942383,22.860000610351562,22.809999465942383,22.860000610351562,1000.0
2026-04-06 10:54:00,LTH.V,,1.3899999856948853,1.3899999856948853,1.3899999856948853,1.3899999856948853,1000.0
2026-04-06 10:54:00,LUCA.V,,1.399999976158142,1.399999976158142,1.399999976158142,1.399999976158142,100.0
2026-04-06 10:54:00,PNG.V,,8.479999542236328,8.515000343322754,8.470000267028809,8.5,4261.0
2026-04-06 10:55:00,FFOX.V,,0.6000000238418579,0.6000000238418579,0.6000000238418579,0.6000000238418579,0.0
2026-04-06 10:55:00,FUU.V,,0.16500000655651093,0.16500000655651093,0.16500000655651093,0.16500000655651093,5002.0
2026-04-06 10:55:00,GGO.V,,1.0,1.0,1.0,1.0,100.0
2026-04-06 10:55:00,GPH.V,,1.2599999904632568,1.2599999904632568,1.2599999904632568,1.2599999904632568,100.0
2026-04-06 10:55:00,GQC.V,,2.3399999141693115,2.3399999141693115,2.3399999141693115,2.3399999141693115,100.0
2026-04-06 10:55:00,GRDM.V,,0.125,0.125,0.125,0.125,7000.0
2026-04-06 10:55:00,GSI.V,,1.2300000190734863,1.2300000190734863,1.2300000190734863,1.2300000190734863,200.0
2026-04-06 10:55:00,HIVE.V,,2.7200000286102295,2.7200000286102295,2.7200000286102295,2.7200000286102295,300.0
2026-04-06 10:55:00,HMR.V,,0.8600000143051147,0.8600000143051147,0.8600000143051147,0.8600000143051147,1500.0
2026-04-06 10:55:00,HSTR.V,,2.390000104904175,2.390000104904175,2.390000104904175,2.390000104904175,1900.0
2026-04-06 10:55:00,JUGR.V,,1.3799999952316284,1.3799999952316284,1.3799999952316284,1.3799999952316284,9200.0
2026-04-06 10:55:00,KTN.V,,1.4199999570846558,1.4199999570846558,1.4199999570846558,1.4199999570846558,500.0
2026-04-06 10:55:00,NICU.V,,2.1700000762939453,2.1700000762939453,2.1700000762939453,2.1700000762939453,4500.0
2026-04-06 10:55:00,PNG.V,,8.479999542236328,8.479999542236328,8.470000267028809,8.470000267028809,1017.0
2026-04-06 10:55:00,ZNG.V,,1.059999942779541,1.059999942779541,1.059999942779541,1.059999942779541,600.0
2026-04-06 10:56:00,GOT.V,,1.6449999809265137,1.6449999809265137,1.6449999809265137,1.6449999809265137,300.0
2026-04-06 10:56:00,GPH.V,,1.2599999904632568,1.2599999904632568,1.2599999904632568,1.2599999904632568,100.0
2026-04-06 10:56:00,GSVR.V,,0.6100000143051147,0.6100000143051147,0.6100000143051147,0.6100000143051147,3000.0
2026-04-06 10:56:00,HIVE.V,,2.7300000190734863,2.7300000190734863,2.7300000190734863,2.7300000190734863,5000.0
2026-04-06 10:56:00,HSTR.V,,2.4100000858306885,2.4100000858306885,2.390000104904175,2.390000104904175,5200.0
2026-04-06 10:56:00,ITR.V,,4.03000020980835,4.03000020980835,4.03000020980835,4.03000020980835,200.0
2026-04-06 10:56:00,LG.V,,0.3449999988079071,0.3449999988079071,0.3449999988079071,0.3449999988079071,3000.0
2026-04-06 10:56:00,LMN.V,,22.860000610351562,22.860000610351562,22.829999923706055,22.829999923706055,2200.0
2026-04-06 10:56:00,LUCA.V,,1.399999976158142,1.399999976158142,1.399999976158142,1.399999976158142,100.0
2026-04-06 10:56:00,MLP.V,,1.9500000476837158,1.9500000476837158,1.9500000476837158,1.9500000476837158,3220.0
2026-04-06 10:56:00,MRVL.V,,0.17000000178813934,0.17000000178813934,0.17000000178813934,0.17000000178813934,1000.0
2026-04-06 10:56:00,NICU.V,,2.1700000762939453,2.1700000762939453,2.1700000762939453,2.1700000762939453,500.0
2026-04-06 10:56:00,NURS.V,,3.190000057220459,3.190000057220459,3.190000057220459,3.190000057220459,595.0
2026-04-06 10:57:00,EQTY.V,,0.3050000071525574,0.3050000071525574,0.3050000071525574,0.3050000071525574,2000.0
2026-04-06 10:57:00,GOT.V,,1.6549999713897705,1.659999966621399,1.649999976158142,1.649999976158142,25600.0
2026-04-06 10:57:00,GPH.V,,1.2599999904632568,1.2599999904632568,1.2599999904632568,1.2599999904632568,100.0
2026-04-06 10:57:00,HSTR.V,,2.430000066757202,2.430000066757202,2.430000066757202,2.430000066757202,1200.0
2026-04-06 10:57:00,IVS.V,,0.25,0.25,0.25,0.25,0.0
2026-04-06 10:57:00,LG.V,,0.3449999988079071,0.3449999988079071,0.3449999988079071,0.3449999988079071,1500.0
2026-04-06 10:57:00,LMN.V,,22.829999923706055,22.8700008392334,22.829999923706055,22.8700008392334,700.0
2026-04-06 10:57:00,LUCA.V,,1.409999966621399,1.4149999618530273,1.409999966621399,1.409999966621399,1500.0
2026-04-06 10:57:00,MKO.V,,8.800000190734863,8.819999694824219,8.779999732971191,8.789999961853027,2890.0
2026-04-06 10:57:00,MRVL.V,,0.17499999701976776,0.17499999701976776,0.17499999701976776,0.17499999701976776,20000.0
2026-04-06 10:57:00,NICU.V,,2.180000066757202,2.180000066757202,2.174999952316284,2.174999952316284,600.0
2026-04-06 10:58:00,FWZ.V,,4.53000020980835,4.539999961853027,4.53000020980835,4.53000020980835,4700.0
2026-04-06 10:58:00,GFM-H.V,,0.4000000059604645,0.4000000059604645,0.38999998569488525,0.38999998569488525,40000.0
2026-04-06 10:58:00,GGO.V,,1.0199999809265137,1.0199999809265137,1.0199999809265137,1.0199999809265137,1500.0
2026-04-06 10:58:00,GOT.V,,1.659999966621399,1.659999966621399,1.659999966621399,1.659999966621399,3200.0
2026-04-06 10:58:00,GPH.V,,1.2599999904632568,1.2599999904632568,1.2599999904632568,1.2599999904632568,100.0
2026-04-06 10:58:00,HIVE.V,,2.740000009536743,2.740000009536743,2.740000009536743,2.740000009536743,1400.0
2026-04-06 10:58:00,HSTR.V,,2.440000057220459,2.440000057220459,2.440000057220459,2.440000057220459,2700.0
2026-04-06 10:58:00,ITR.V,,4.050000190734863,4.050000190734863,4.03000020980835,4.03000020980835,1000.0
2026-04-06 10:58:00,KTN.V,,1.440000057220459,1.440000057220459,1.4299999475479126,1.4299999475479126,5703.0
2026-04-06 10:58:00,MAH.V,,0.004999999888241291,0.004999999888241291,0.004999999888241291,0.004999999888241291,138000.0
2026-04-06 10:58:00,MEK.V,,0.02500000037252903,0.02500000037252903,0.02500000037252903,0.02500000037252903,20000.0
2026-04-06 10:58:00,MGM.V,,2.4200000762939453,2.4200000762939453,2.4000000953674316,2.4000000953674316,3187.0
2026-04-06 10:58:00,MLP.V,,1.9500000476837158,1.9700000286102295,1.9500000476837158,1.9600000381469727,4400.0
2026-04-06 10:58:00,PNG.V,,8.479999542236328,8.5,8.479999542236328,8.5,325.0
2026-04-06 10:59:00,GOT.V,,1.6699999570846558,1.6699999570846558,1.659999966621399,1.659999966621399,700.0
2026-04-06 10:59:00,GPH.V,,1.2599999904632568,1.2599999904632568,1.2599999904632568,1.2599999904632568,200.0
2026-04-06 10:59:00,GSI.V,,1.2300000190734863,1.2300000190734863,1.2300000190734863,1.2300000190734863,100.0
2026-04-06 10:59:00,ITR.V,,4.059999942779541,4.059999942779541,4.059999942779541,4.059999942779541,233.0
2026-04-06 10:59:00,PNG.V,,8.5,8.5,8.5,8.5,700.0
2026-04-06 11:00:00,GFM-H.V,,0.4000000059604645,0.4000000059604645,0.4000000059604645,0.4000000059604645,1000.0
2026-04-06 11:00:00,GOT.V,,1.659999966621399,1.6699999570846558,1.659999966621399,1.659999966621399,18700.0
2026-04-06 11:00:00,GPH.V,,1.2599999904632568,1.2599999904632568,1.2599999904632568,1.2599999904632568,100.0
2026-04-06 11:00:00,IFOS.V,,3.7300000190734863,3.75,3.7300000190734863,3.75,10500.0
2026-04-06 11:00:00,LTH.V,,1.409999966621399,1.409999966621399,1.399999976158142,1.399999976158142,6500.0
2026-04-06 11:00:00,NURS.V,,3.200000047683716,3.200000047683716,3.200000047683716,3.200000047683716,1300.0
2026-04-06 11:00:00,PNG.V,,8.5,8.5,8.5,8.5,100.0
2026-04-06 11:00:00,YGT.V,,0.2150000035762787,0.2150000035762787,0.2150000035762787,0.2150000035762787,500.0
2026-04-06 11:01:00,FOR.V,,0.6499999761581421,0.6499999761581421,0.6499999761581421,0.6499999761581421,8000.0
2026-04-06 11:01:00,GOT.V,,1.659999966621399,1.6699999570846558,1.659999966621399,1.6699999570846558,12900.0
2026-04-06 11:01:00,GPH.V,,1.2599999904632568,1.2599999904632568,1.2599999904632568,1.2599999904632568,200.0
2026-04-06 11:01:00,GSI.V,,1.2300000190734863,1.2300000190734863,1.2300000190734863,1.2300000190734863,100.0
2026-04-06 11:01:00,HIVE.V,,2.740000009536743,2.740000009536743,2.740000009536743,2.740000009536743,2900.0
2026-04-06 11:01:00,IFOS.V,,3.75,3.75,3.75,3.75,1000.0
2026-04-06 11:01:00,KTN.V,,1.4299999475479126,1.4299999475479126,1.4299999475479126,1.4299999475479126,1000.0
2026-04-06 11:01:00,LBNK.V,,0.7200000286102295,0.7200000286102295,0.7200000286102295,0.7200000286102295,9500.0
2026-04-06 11:01:00,LTH.V,,1.409999966621399,1.409999966621399,1.409999966621399,1.409999966621399,2200.0
2026-04-06 11:01:00,LUCA.V,,1.409999966621399,1.409999966621399,1.409999966621399,1.409999966621399,400.0
2026-04-06 11:01:00,PNG.V,,8.510000228881836,8.510000228881836,8.510000228881836,8.510000228881836,200.0
2026-04-06 11:02:00,GOT.V,,1.659999966621399,1.659999966621399,1.659999966621399,1.659999966621399,200.0
2026-04-06 11:02:00,GPH.V,,1.2599999904632568,1.2599999904632568,1.2599999904632568,1.2599999904632568,200.0
2026-04-06 11:02:00,GSI.V,,1.2300000190734863,1.2300000190734863,1.2300000190734863,1.2300000190734863,100.0
2026-04-06 11:02:00,HIVE.V,,2.740000009536743,2.740000009536743,2.740000009536743,2.740000009536743,700.0
2026-04-06 11:02:00,ITR.V,,4.039999961853027,4.039999961853027,4.039999961853027,4.039999961853027,300.0
2026-04-06 11:02:00,LMN.V,,22.81999969482422,22.81999969482422,22.81999969482422,22.81999969482422,100.0
2026-04-06 11:02:00,LUCA.V,,1.4049999713897705,1.4049999713897705,1.4049999713897705,1.4049999713897705,100.0
2026-04-06 11:02:00,MQM.V,,0.3199999928474426,0.3199999928474426,0.30000001192092896,0.30000001192092896,22000.0
2026-04-06 11:02:00,NURS.V,,3.25,3.25,3.200000047683716,3.200000047683716,14060.0
2026-04-06 11:02:00,PNG.V,,8.510000228881836,8.510000228881836,8.510000228881836,8.510000228881836,100.0
2026-04-06 11:03:00,GOT.V,,1.659999966621399,1.659999966621399,1.659999966621399,1.659999966621399,200.0
2026-04-06 11:03:00,GPH.V,,1.2599999904632568,1.2599999904632568,1.2599999904632568,1.2599999904632568,300.0
2026-04-06 11:03:00,GSVR.V,,0.6100000143051147,0.6100000143051147,0.6100000143051147,0.6100000143051147,15230.0
2026-04-06 11:03:00,HIVE.V,,2.7300000190734863,2.7300000190734863,2.7300000190734863,2.7300000190734863,2100.0
2026-04-06 11:03:00,HSTR.V,,2.430000066757202,2.430000066757202,2.430000066757202,2.430000066757202,1000.0
2026-04-06 11:03:00,KTN.V,,1.4249999523162842,1.4249999523162842,1.4249999523162842,1.4249999523162842,600.0
2026-04-06 11:03:00,LUCA.V,,1.399999976158142,1.399999976158142,1.399999976158142,1.399999976158142,100.0
2026-04-06 11:03:00,LXE.V,,0.2199999988079071,0.2199999988079071,0.2199999988079071,0.2199999988079071,1500.0
2026-04-06 11:03:00,MTA.V,,9.319999694824219,9.319999694824219,9.319999694824219,9.319999694824219,200.0
2026-04-06 11:03:00,PNG.V,,8.5,8.5,8.5,8.5,100.0
2026-04-06 11:04:00,FPX.V,,0.44999998807907104,0.44999998807907104,0.44999998807907104,0.44999998807907104,500.0
2026-04-06 11:04:00,GPH.V,,1.2599999904632568,1.2599999904632568,1.2599999904632568,1.2599999904632568,100.0
2026-04-06 11:04:00,GSI.V,,1.2300000190734863,1.2300000190734863,1.2300000190734863,1.2300000190734863,500.0
2026-04-06 11:04:00,HIVE.V,,2.7300000190734863,2.7300000190734863,2.7300000190734863,2.7300000190734863,1400.0
2026-04-06 11:04:00,HSTR.V,,2.430000066757202,2.430000066757202,2.430000066757202,2.430000066757202,100.0
2026-04-06 11:04:00,ITR.V,,4.050000190734863,4.050000190734863,4.045000076293945,4.045000076293945,500.0
2026-04-06 11:04:00,JZR.V,,0.29499998688697815,0.29499998688697815,0.29499998688697815,0.29499998688697815,1000.0
2026-04-06 11:04:00,LMN.V,,22.809999465942383,22.81999969482422,22.809999465942383,22.81999969482422,400.0
2026-04-06 11:04:00,LTH.V,,1.4199999570846558,1.4199999570846558,1.4199999570846558,1.4199999570846558,100.0
2026-04-06 11:04:00,LUCA.V,,1.399999976158142,1.399999976158142,1.399999976158142,1.399999976158142,100.0
2026-04-06 11:04:00,NICU.V,,2.174999952316284,2.174999952316284,2.174999952316284,2.174999952316284,300.0
2026-04-06 11:04:00,PNG.V,,8.5,8.5,8.470000267028809,8.479999542236328,3812.0
2026-04-06 11:05:00,GOT.V,,1.659999966621399,1.659999966621399,1.659999966621399,1.659999966621399,100.0
2026-04-06 11:05:00,GPG.V,,0.41999998688697815,0.41999998688697815,0.41999998688697815,0.41999998688697815,500.0
2026-04-06 11:05:00,GPH.V,,1.2599999904632568,1.2599999904632568,1.2599999904632568,1.2599999904632568,100.0
2026-04-06 11:05:00,HIVE.V,,2.7300000190734863,2.7300000190734863,2.7300000190734863,2.7300000190734863,225.0
2026-04-06 11:05:00,HME.V,,2.7799999713897705,2.7799999713897705,2.7699999809265137,2.7699999809265137,44400.0
2026-04-06 11:05:00,HSTR.V,,2.430000066757202,2.430000066757202,2.430000066757202,2.430000066757202,300.0
2026-04-06 11:05:00,ICM.V,,0.12999999523162842,0.12999999523162842,0.12999999523162842,0.12999999523162842,35500.0
2026-04-06 11:05:00,ITR.V,,4.050000190734863,4.050000190734863,4.050000190734863,4.050000190734863,1400.0
2026-04-06 11:05:00,JZR.V,,0.29499998688697815,0.29499998688697815,0.29499998688697815,0.29499998688697815,500.0
2026-04-06 11:05:00,LUCA.V,,1.399999976158142,1.399999976158142,1.399999976158142,1.399999976158142,100.0
2026-04-06 11:05:00,MEK.V,,0.02500000037252903,0.02500000037252903,0.02500000037252903,0.02500000037252903,68000.0
2026-04-06 11:05:00,MMA.V,,1.2899999618530273,1.2899999618530273,1.2899999618530273,1.2899999618530273,2266.0
2026-04-06 11:05:00,PNG.V,,8.489999771118164,8.489999771118164,8.489999771118164,8.489999771118164,200.0
2026-04-06 11:05:00,ROAR.V,,0.20000000298023224,0.20000000298023224,0.20000000298023224,0.20000000298023224,4000.0
2026-04-06 11:06:00,FWZ.V,,4.539999961853027,4.539999961853027,4.539999961853027,4.539999961853027,850.0
2026-04-06 11:06:00,GLAD.V,,1.2400000095367432,1.2400000095367432,1.2200000286102295,1.2200000286102295,10100.0
2026-04-06 11:06:00,GOT.V,,1.659999966621399,1.6649999618530273,1.659999966621399,1.6649999618530273,200.0
2026-04-06 11:06:00,GPH.V,,1.2599999904632568,1.2599999904632568,1.2599999904632568,1.2599999904632568,200.0
2026-04-06 11:06:00,GSI.V,,1.2300000190734863,1.2300000190734863,1.2300000190734863,1.2300000190734863,100.0
2026-04-06 11:06:00,HSTR.V,,2.430000066757202,2.430000066757202,2.430000066757202,2.430000066757202,300.0
2026-04-06 11:06:00,ITR.V,,4.050000190734863,4.050000190734863,4.050000190734863,4.050000190734863,300.0
2026-04-06 11:06:00,JZR.V,,0.29499998688697815,0.29499998688697815,0.29499998688697815,0.29499998688697815,500.0
2026-04-06 11:06:00,MLP.V,,1.9700000286102295,1.9700000286102295,1.9700000286102295,1.9700000286102295,400.0
2026-04-06 11:06:00,NICU.V,,2.174999952316284,2.174999952316284,2.174999952316284,2.174999952316284,300.0
2026-04-06 11:06:00,PNG.V,,8.5,8.5,8.489999771118164,8.489999771118164,1268.0
2026-04-06 11:07:00,EQTY.V,,0.30000001192092896,0.30000001192092896,0.30000001192092896,0.30000001192092896,25000.0
2026-04-06 11:07:00,FPX.V,,0.4399999976158142,0.4399999976158142,0.4399999976158142,0.4399999976158142,5250.0
2026-04-06 11:07:00,GLAD.V,,1.25,1.2599999904632568,1.2400000095367432,1.25,4600.0
2026-04-06 11:07:00,GOT.V,,1.6699999570846558,1.6699999570846558,1.659999966621399,1.659999966621399,4000.0
2026-04-06 11:07:00,GPH.V,,1.2599999904632568,1.2599999904632568,1.2599999904632568,1.2599999904632568,100.0
2026-04-06 11:07:00,HIVE.V,,2.7300000190734863,2.7300000190734863,2.7300000190734863,2.7300000190734863,1100.0
2026-04-06 11:07:00,HSTR.V,,2.430000066757202,2.430000066757202,2.430000066757202,2.430000066757202,300.0
2026-04-06 11:07:00,ITR.V,,4.050000190734863,4.050000190734863,4.045000076293945,4.045000076293945,2500.0
2026-04-06 11:07:00,JZR.V,,0.29499998688697815,0.29499998688697815,0.29499998688697815,0.29499998688697815,500.0
2026-04-06 11:07:00,LVG.V,,0.3199999928474426,0.3199999928474426,0.3199999928474426,0.3199999928474426,500.0
2026-04-06 11:07:00,MTA.V,,9.369999885559082,9.369999885559082,9.34000015258789,9.34000015258789,644.0
2026-04-06 11:07:00,NICU.V,,2.174999952316284,2.174999952316284,2.174999952316284,2.174999952316284,400.0
2026-04-06 11:07:00,PNG.V,,8.470000267028809,8.470000267028809,8.470000267028809,8.470000267028809,100.0
2026-04-06 11:08:00,EQTY.V,,0.30000001192092896,0.30000001192092896,0.30000001192092896,0.30000001192092896,15000.0
2026-04-06 11:08:00,GOT.V,,1.6699999570846558,1.6699999570846558,1.6699999570846558,1.6699999570846558,200.0
2026-04-06 11:08:00,GPAC.V,,0.47999998927116394,0.47999998927116394,0.47999998927116394,0.47999998927116394,500.0
2026-04-06 11:08:00,GPH.V,,1.2599999904632568,1.2599999904632568,1.2599999904632568,1.2599999904632568,200.0
2026-04-06 11:08:00,ITR.V,,4.059999942779541,4.065000057220459,4.059999942779541,4.065000057220459,4000.0
2026-04-06 11:08:00,JZR.V,,0.29499998688697815,0.29499998688697815,0.29499998688697815,0.29499998688697815,500.0
2026-04-06 11:09:00,FL.V,,0.800000011920929,0.800000011920929,0.800000011920929,0.800000011920929,500.0
2026-04-06 11:09:00,GGO.V,,1.0099999904632568,1.0099999904632568,1.0099999904632568,1.0099999904632568,200.0
2026-04-06 11:09:00,GOT.V,,1.6799999475479126,1.6799999475479126,1.6749999523162842,1.6749999523162842,4300.0
2026-04-06 11:09:00,GPH.V,,1.2599999904632568,1.2599999904632568,1.2599999904632568,1.2599999904632568,100.0
2026-04-06 11:09:00,GSI.V,,1.2300000190734863,1.2300000190734863,1.2300000190734863,1.2300000190734863,100.0
2026-04-06 11:09:00,HIVE.V,,2.740000009536743,2.740000009536743,2.740000009536743,2.740000009536743,100.0
2026-04-06 11:09:00,HME.V,,2.7750000953674316,2.7799999713897705,2.7750000953674316,2.7799999713897705,6400.0
2026-04-06 11:09:00,ITR.V,,4.039999961853027,4.050000190734863,4.039999961853027,4.050000190734863,3100.0
2026-04-06 11:09:00,JZR.V,,0.29499998688697815,0.29499998688697815,0.29499998688697815,0.29499998688697815,500.0
2026-04-06 11:09:00,NURS.V,,3.1600000858306885,3.2200000286102295,3.1600000858306885,3.2200000286102295,1400.0
2026-04-06 11:10:00,GPH.V,,1.2599999904632568,1.2599999904632568,1.2599999904632568,1.2599999904632568,200.0
2026-04-06 11:10:00,GSI.V,,1.2300000190734863,1.2300000190734863,1.2300000190734863,1.2300000190734863,1300.0
2026-04-06 11:10:00,GSP.V,,0.1599999964237213,0.1599999964237213,0.1599999964237213,0.1599999964237213,500.0
2026-04-06 11:10:00,HSTR.V,,2.4200000762939453,2.4200000762939453,2.4200000762939453,2.4200000762939453,200.0
2026-04-06 11:10:00,IPT.V,,0.23749999701976776,0.23749999701976776,0.23749999701976776,0.23749999701976776,1000.0
2026-04-06 11:10:00,JZR.V,,0.29499998688697815,0.29499998688697815,0.29499998688697815,0.29499998688697815,500.0
2026-04-06 11:10:00,KTN.V,,1.4199999570846558,1.4199999570846558,1.4199999570846558,1.4199999570846558,2100.0
2026-04-06 11:10:00,LG.V,,0.3499999940395355,0.3499999940395355,0.3499999940395355,0.3499999940395355,2000.0
2026-04-06 11:10:00,LIO.V,,0.2549999952316284,0.2549999952316284,0.2549999952316284,0.2549999952316284,1000.0
2026-04-06 11:10:00,LUCA.V,,1.399999976158142,1.399999976158142,1.3899999856948853,1.399999976158142,8647.0
2026-04-06 11:10:00,MLP.V,,1.940000057220459,1.9600000381469727,1.940000057220459,1.9600000381469727,3300.0
2026-04-06 11:10:00,NICU.V,,2.174999952316284,2.180000066757202,2.174999952316284,2.174999952316284,2800.0
2026-04-06 11:10:00,PNG.V,,8.460000038146973,8.460000038146973,8.460000038146973,8.460000038146973,1000.0
2026-04-06 11:11:00,EQTY.V,,0.30000001192092896,0.30000001192092896,0.30000001192092896,0.30000001192092896,18500.0
2026-04-06 11:11:00,GOT.V,,1.6699999570846558,1.6699999570846558,1.6699999570846558,1.6699999570846558,100.0
2026-04-06 11:11:00,GPH.V,,1.2599999904632568,1.2599999904632568,1.2599999904632568,1.2599999904632568,100.0
2026-04-06 11:11:00,GSP.V,,0.1599999964237213,0.1599999964237213,0.1599999964237213,0.1599999964237213,500.0
2026-04-06 11:11:00,GWM.V,,0.6399999856948853,0.6399999856948853,0.6399999856948853,0.6399999856948853,1776.0
2026-04-06 11:11:00,HSTR.V,,2.4200000762939453,2.4200000762939453,2.4200000762939453,2.4200000762939453,300.0
2026-04-06 11:11:00,IPT.V,,0.23999999463558197,0.23999999463558197,0.23999999463558197,0.23999999463558197,3000.0
2026-04-06 11:11:00,ITR.V,,4.03000020980835,4.03000020980835,4.03000020980835,4.03000020980835,100.0
2026-04-06 11:11:00,JZR.V,,0.29499998688697815,0.29499998688697815,0.29499998688697815,0.29499998688697815,500.0
2026-04-06 11:11:00,KFR.V,,0.7200000286102295,0.7200000286102295,0.7200000286102295,0.7200000286102295,30285.0
2026-04-06 11:11:00,KRI.V,,0.3199999928474426,0.3199999928474426,0.3199999928474426,0.3199999928474426,3500.0
2026-04-06 11:11:00,LG.V,,0.3499999940395355,0.3499999940395355,0.3499999940395355,0.3499999940395355,3000.0
2026-04-06 11:11:00,NURS.V,,3.180000066757202,3.180000066757202,3.180000066757202,3.180000066757202,100.0
2026-04-06 11:11:00,PNG.V,,8.479999542236328,8.479999542236328,8.479999542236328,8.479999542236328,300.0
2026-04-06 11:12:00,GGO.V,,1.0099999904632568,1.0099999904632568,1.0099999904632568,1.0099999904632568,100.0
2026-04-06 11:12:00,GPH.V,,1.2599999904632568,1.2599999904632568,1.2599999904632568,1.2599999904632568,100.0
2026-04-06 11:12:00,GQC.V,,2.359999895095825,2.359999895095825,2.3499999046325684,2.3499999046325684,3037.0
2026-04-06 11:12:00,HEVI.V,,0.25999999046325684,0.25999999046325684,0.25999999046325684,0.25999999046325684,500.0
2026-04-06 11:12:00,HIVE.V,,2.7300000190734863,2.7300000190734863,2.7300000190734863,2.7300000190734863,200.0
2026-04-06 11:12:00,HME.V,,2.7699999809265137,2.7699999809265137,2.7699999809265137,2.7699999809265137,2300.0
2026-04-06 11:12:00,HSTR.V,,2.4200000762939453,2.4200000762939453,2.4200000762939453,2.4200000762939453,800.0
2026-04-06 11:12:00,ITR.V,,4.019999980926514,4.019999980926514,4.019999980926514,4.019999980926514,300.0
2026-04-06 11:12:00,JZR.V,,0.29499998688697815,0.29499998688697815,0.29499998688697815,0.29499998688697815,500.0
2026-04-06 11:12:00,LMN.V,,22.799999237060547,22.799999237060547,22.799999237060547,22.799999237060547,115.0
2026-04-06 11:12:00,LUCA.V,,1.399999976158142,1.399999976158142,1.399999976158142,1.399999976158142,200.0
2026-04-06 11:12:00,MKO.V,,8.779999732971191,8.779999732971191,8.760000228881836,8.760000228881836,900.0
2026-04-06 11:12:00,MMA.V,,1.2899999618530273,1.2899999618530273,1.2899999618530273,1.2899999618530273,4400.0
2026-04-06 11:12:00,NURS.V,,3.190000057220459,3.190000057220459,3.190000057220459,3.190000057220459,285.0
2026-04-06 11:12:00,PNG.V,,8.460000038146973,8.460000038146973,8.460000038146973,8.460000038146973,200.0
2026-04-06 11:12:00,ROAR.V,,0.20000000298023224,0.20000000298023224,0.20000000298023224,0.20000000298023224,25000.0
2026-04-06 11:13:00,GFM-H.V,,0.4099999964237213,0.4099999964237213,0.4099999964237213,0.4099999964237213,20000.0
2026-04-06 11:13:00,GGO.V,,1.0099999904632568,1.0099999904632568,1.0099999904632568,1.0099999904632568,100.0
2026-04-06 11:13:00,GPH.V,,1.2599999904632568,1.2599999904632568,1.2599999904632568,1.2599999904632568,100.0
2026-04-06 11:13:00,GRSL.V,,0.32499998807907104,0.32499998807907104,0.32499998807907104,0.32499998807907104,1000.0
2026-04-06 11:13:00,HME.V,,2.7699999809265137,2.7699999809265137,2.7699999809265137,2.7699999809265137,700.0
2026-04-06 11:13:00,IFOS.V,,3.7200000286102295,3.75,3.7200000286102295,3.75,5640.0
2026-04-06 11:13:00,JZR.V,,0.29499998688697815,0.29499998688697815,0.29499998688697815,0.29499998688697815,500.0
2026-04-06 11:13:00,KNG.V,,1.2899999618530273,1.2899999618530273,1.2899999618530273,1.2899999618530273,800.0
2026-04-06 11:13:00,LCX.V,,1.9199999570846558,1.9199999570846558,1.899999976158142,1.909999966621399,700.0
2026-04-06 11:13:00,LG.V,,0.3499999940395355,0.3499999940395355,0.3499999940395355,0.3499999940395355,10000.0
2026-04-06 11:13:00,LMR.V,,0.09000000357627869,0.09000000357627869,0.09000000357627869,0.09000000357627869,500.0
2026-04-06 11:13:00,LUCA.V,,1.399999976158142,1.399999976158142,1.399999976158142,1.399999976158142,100.0
2026-04-06 11:13:00,MKO.V,,8.819999694824219,8.819999694824219,8.819999694824219,8.819999694824219,100.0
2026-04-06 11:13:00,PNG.V,,8.489999771118164,8.489999771118164,8.479999542236328,8.479999542236328,3337.0
2026-04-06 11:13:00,ZNG.V,,1.059999942779541,1.059999942779541,1.059999942779541,1.059999942779541,2000.0
2026-04-06 11:14:00,FUU.V,,0.17000000178813934,0.17000000178813934,0.17000000178813934,0.17000000178813934,36000.0
2026-04-06 11:14:00,GPH.V,,1.2599999904632568,1.2599999904632568,1.2599999904632568,1.2599999904632568,200.0
2026-04-06 11:14:00,GSI.V,,1.2300000190734863,1.2300000190734863,1.2300000190734863,1.2300000190734863,500.0
2026-04-06 11:14:00,JZR.V,,0.29499998688697815,0.29499998688697815,0.29499998688697815,0.29499998688697815,500.0
2026-04-06 11:14:00,KRI.V,,0.3100000023841858,0.3100000023841858,0.3100000023841858,0.3100000023841858,10000.0
2026-04-06 11:14:00,LTH.V,,1.4199999570846558,1.4199999570846558,1.4199999570846558,1.4199999570846558,1800.0
2026-04-06 11:14:00,MLP.V,,1.9299999475479126,1.9299999475479126,1.9299999475479126,1.9299999475479126,100.0
2026-04-06 11:14:00,PNG.V,,8.489999771118164,8.489999771118164,8.489999771118164,8.489999771118164,0.0
2026-04-06 11:15:00,FFOX.V,,0.5799999833106995,0.6000000238418579,0.5799999833106995,0.6000000238418579,6000.0
2026-04-06 11:15:00,GFM-H.V,,0.41499999165534973,0.41499999165534973,0.41499999165534973,0.41499999165534973,2500.0
2026-04-06 11:15:00,GGO.V,,1.0099999904632568,1.0099999904632568,1.0099999904632568,1.0099999904632568,100.0
2026-04-06 11:15:00,GOT.V,,1.6749999523162842,1.6749999523162842,1.6749999523162842,1.6749999523162842,100.0
2026-04-06 11:15:00,GSI.V,,1.2300000190734863,1.2300000190734863,1.2300000190734863,1.2300000190734863,100.0
2026-04-06 11:15:00,HITI.V,,3.2799999713897705,3.2799999713897705,3.2799999713897705,3.2799999713897705,100.0
2026-04-06 11:15:00,HIVE.V,,2.75,2.75,2.740000009536743,2.740000009536743,74400.0
2026-04-06 11:15:00,HSTR.V,,2.4200000762939453,2.4200000762939453,2.4200000762939453,2.4200000762939453,600.0
2026-04-06 11:15:00,IPT.V,,0.23999999463558197,0.23999999463558197,0.23999999463558197,0.23999999463558197,500.0
2026-04-06 11:15:00,ITR.V,,4.019999980926514,4.03000020980835,4.019999980926514,4.03000020980835,933.0
2026-04-06 11:15:00,JZR.V,,0.29499998688697815,0.29499998688697815,0.29499998688697815,0.29499998688697815,500.0
2026-04-06 11:15:00,LGC.V,,1.9600000381469727,1.9600000381469727,1.9600000381469727,1.9600000381469727,2200.0
2026-04-06 11:15:00,LTH.V,,1.4149999618530273,1.4149999618530273,1.4149999618530273,1.4149999618530273,500.0
2026-04-06 11:15:00,LUCA.V,,1.3899999856948853,1.3899999856948853,1.3899999856948853,1.3899999856948853,100.0
2026-04-06 11:16:00,AUEN.V,,0.28999999165534973,0.28999999165534973,0.28999999165534973,0.28999999165534973,0.0
2026-04-06 11:16:00,FL.V,,0.8199999928474426,0.8199999928474426,0.8199999928474426,0.8199999928474426,2000.0
2026-04-06 11:16:00,GGO.V,,1.0099999904632568,1.0099999904632568,1.0099999904632568,1.0099999904632568,100.0
2026-04-06 11:16:00,GPH.V,,1.2599999904632568,1.2599999904632568,1.2599999904632568,1.2599999904632568,300.0
2026-04-06 11:16:00,GSP.V,,0.1599999964237213,0.1599999964237213,0.1599999964237213,0.1599999964237213,500.0
2026-04-06 11:16:00,HAN.V,,0.6299999952316284,0.6299999952316284,0.6299999952316284,0.6299999952316284,5750.0
2026-04-06 11:16:00,HIVE.V,,2.75,2.75,2.75,2.75,28350.0
2026-04-06 11:16:00,HSTR.V,,2.430000066757202,2.430000066757202,2.430000066757202,2.430000066757202,1100.0
2026-04-06 11:16:00,JZR.V,,0.29499998688697815,0.29499998688697815,0.29499998688697815,0.29499998688697815,500.0
2026-04-06 11:16:00,LUCA.V,,1.3899999856948853,1.3899999856948853,1.3899999856948853,1.3899999856948853,200.0
2026-04-06 11:16:00,MLP.V,,1.9299999475479126,1.9299999475479126,1.9299999475479126,1.9299999475479126,800.0
2026-04-06 11:16:00,NURS.V,,3.1600000858306885,3.180000066757202,3.1600000858306885,3.180000066757202,600.0
2026-04-06 11:17:00,GGO.V,,1.0099999904632568,1.0099999904632568,1.0099999904632568,1.0099999904632568,200.0
2026-04-06 11:17:00,GMG.V,,2.25,2.25,2.25,2.25,900.0
2026-04-06 11:17:00,GOT.V,,1.6749999523162842,1.6749999523162842,1.6749999523162842,1.6749999523162842,100.0
2026-04-06 11:17:00,GSVR.V,,0.6000000238418579,0.6000000238418579,0.6000000238418579,0.6000000238418579,1000.0
2026-04-06 11:17:00,HSTR.V,,2.430000066757202,2.430000066757202,2.430000066757202,2.430000066757202,300.0
2026-04-06 11:17:00,ITR.V,,4.019999980926514,4.019999980926514,4.019999980926514,4.019999980926514,100.0
2026-04-06 11:17:00,JZR.V,,0.29499998688697815,0.29499998688697815,0.29499998688697815,0.29499998688697815,500.0
2026-04-06 11:17:00,KRI.V,,0.3100000023841858,0.3100000023841858,0.3100000023841858,0.3100000023841858,27500.0
2026-04-06 11:17:00,LG.V,,0.3499999940395355,0.3499999940395355,0.3499999940395355,0.3499999940395355,1000.0
2026-04-06 11:17:00,LUCA.V,,1.3949999809265137,1.3949999809265137,1.3899999856948853,1.3899999856948853,400.0
2026-04-06 11:17:00,MEK.V,,0.02500000037252903,0.02500000037252903,0.02500000037252903,0.02500000037252903,156000.0
2026-04-06 11:17:00,MLP.V,,1.9299999475479126,1.9299999475479126,1.9299999475479126,1.9299999475479126,100.0
2026-04-06 11:17:00,NICU.V,,2.1700000762939453,2.1700000762939453,2.1700000762939453,2.1700000762939453,5100.0
2026-04-06 11:17:00,PNG.V,,8.489999771118164,8.5,8.489999771118164,8.5,2223.0
2026-04-06 11:17:00,ZNG.V,,1.059999942779541,1.059999942779541,1.059999942779541,1.059999942779541,800.0
2026-04-06 11:18:00,GMG.V,,2.259999990463257,2.259999990463257,2.25,2.25,2100.0
2026-04-06 11:18:00,GOT.V,,1.6699999570846558,1.6699999570846558,1.6699999570846558,1.6699999570846558,992.0
2026-04-06 11:18:00,GPG.V,,0.4050000011920929,0.4050000011920929,0.4050000011920929,0.4050000011920929,3500.0
2026-04-06 11:18:00,GPH.V,,1.2599999904632568,1.2599999904632568,1.2599999904632568,1.2599999904632568,200.0
2026-04-06 11:18:00,HAR.V,,0.054999999701976776,0.054999999701976776,0.054999999701976776,0.054999999701976776,15000.0
2026-04-06 11:18:00,HELI.V,,0.05000000074505806,0.05000000074505806,0.05000000074505806,0.05000000074505806,1847.0
2026-04-06 11:18:00,HIVE.V,,2.759999990463257,2.759999990463257,2.75,2.75,23800.0
2026-04-06 11:18:00,ITR.V,,4.03000020980835,4.03000020980835,4.03000020980835,4.03000020980835,200.0
2026-04-06 11:18:00,JUGR.V,,1.3600000143051147,1.3600000143051147,1.3600000143051147,1.3600000143051147,100.0
2026-04-06 11:18:00,JZR.V,,0.29499998688697815,0.29499998688697815,0.29499998688697815,0.29499998688697815,500.0
2026-04-06 11:18:00,LUCA.V,,1.4049999713897705,1.4049999713897705,1.399999976158142,1.399999976158142,4000.0
2026-04-06 11:18:00,NICU.V,,2.180000066757202,2.180000066757202,2.174999952316284,2.174999952316284,600.0
2026-04-06 11:18:00,NURS.V,,3.1600000858306885,3.1600000858306885,3.1600000858306885,3.1600000858306885,710.0
2026-04-06 11:18:00,PNG.V,,8.510000228881836,8.510000228881836,8.510000228881836,8.510000228881836,100.0
2026-04-06 11:19:00,EQTY.V,,0.30000001192092896,0.30000001192092896,0.30000001192092896,0.30000001192092896,15000.0
2026-04-06 11:19:00,GGO.V,,1.0099999904632568,1.0099999904632568,1.0099999904632568,1.0099999904632568,100.0
2026-04-06 11:19:00,GPH.V,,1.2599999904632568,1.2599999904632568,1.2599999904632568,1.2599999904632568,100.0
2026-04-06 11:19:00,HIVE.V,,2.744999885559082,2.75,2.740000009536743,2.75,1950.0
2026-04-06 11:19:00,JZR.V,,0.29499998688697815,0.29499998688697815,0.29499998688697815,0.29499998688697815,975.0
2026-04-06 11:19:00,KG.V,,0.20000000298023224,0.20000000298023224,0.20000000298023224,0.20000000298023224,500.0
2026-04-06 11:19:00,LUCA.V,,1.4049999713897705,1.4049999713897705,1.4049999713897705,1.4049999713897705,500.0
2026-04-06 11:19:00,MD.V,,0.4650000035762787,0.4699999988079071,0.4650000035762787,0.4699999988079071,10000.0
2026-04-06 11:19:00,MEK.V,,0.02500000037252903,0.02500000037252903,0.02500000037252903,0.02500000037252903,90000.0
2026-04-06 11:19:00,MMA.V,,1.2899999618530273,1.2899999618530273,1.2899999618530273,1.2899999618530273,100.0
2026-04-06 11:19:00,NICU.V,,2.174999952316284,2.174999952316284,2.174999952316284,2.174999952316284,100.0
2026-04-06 11:19:00,PNG.V,,8.449999809265137,8.510000228881836,8.449999809265137,8.510000228881836,4753.0
2026-04-06 11:20:00,GGO.V,,1.0099999904632568,1.0099999904632568,1.0099999904632568,1.0099999904632568,100.0
2026-04-06 11:20:00,GSI.V,,1.2300000190734863,1.2300000190734863,1.2300000190734863,1.2300000190734863,100.0
2026-04-06 11:20:00,HME.V,,2.759999990463257,2.759999990463257,2.759999990463257,2.759999990463257,1100.0
2026-04-06 11:20:00,ISGI.V,,0.009999999776482582,0.009999999776482582,0.009999999776482582,0.009999999776482582,0.0
2026-04-06 11:20:00,ITR.V,,4.03000020980835,4.03000020980835,4.03000020980835,4.03000020980835,300.0
2026-04-06 11:20:00,JZR.V,,0.29499998688697815,0.29499998688697815,0.29499998688697815,0.29499998688697815,500.0
2026-04-06 11:20:00,LBNK.V,,0.7200000286102295,0.7200000286102295,0.7200000286102295,0.7200000286102295,2000.0
2026-04-06 11:20:00,LGC.V,,1.9600000381469727,1.9600000381469727,1.9500000476837158,1.9500000476837158,700.0
2026-04-06 11:20:00,MLP.V,,1.9299999475479126,1.9299999475479126,1.9299999475479126,1.9299999475479126,300.0
2026-04-06 11:21:00,GGO.V,,1.0299999713897705,1.0299999713897705,1.0299999713897705,1.0299999713897705,400.0
2026-04-06 11:21:00,GPH.V,,1.2599999904632568,1.2599999904632568,1.2599999904632568,1.2599999904632568,200.0
2026-04-06 11:21:00,GRSL.V,,0.32499998807907104,0.32499998807907104,0.32499998807907104,0.32499998807907104,6000.0
2026-04-06 11:21:00,HIVE.V,,2.740000009536743,2.75,2.740000009536743,2.740000009536743,450.0
2026-04-06 11:21:00,HME.V,,2.75,2.75,2.75,2.75,200.0
2026-04-06 11:21:00,ITR.V,,4.03000020980835,4.03000020980835,4.025000095367432,4.025000095367432,300.0
2026-04-06 11:21:00,IVS.V,,0.24500000476837158,0.24500000476837158,0.24500000476837158,0.24500000476837158,20000.0
2026-04-06 11:21:00,JZR.V,,0.29499998688697815,0.29499998688697815,0.29499998688697815,0.29499998688697815,500.0
2026-04-06 11:21:00,LTX.V,,0.1899999976158142,0.1899999976158142,0.1850000023841858,0.1850000023841858,5000.0
2026-04-06 11:21:00,LUCA.V,,1.399999976158142,1.399999976158142,1.399999976158142,1.399999976158142,700.0
2026-04-06 11:21:00,NURS.V,,3.1500000953674316,3.1500000953674316,3.1500000953674316,3.1500000953674316,400.0
2026-04-06 11:21:00,PNG.V,,8.5,8.5,8.5,8.5,138.0
2026-04-06 11:22:00,FRNT.V,,0.18000000715255737,0.18000000715255737,0.18000000715255737,0.18000000715255737,500.0
2026-04-06 11:22:00,GGO.V,,1.0099999904632568,1.0099999904632568,1.0099999904632568,1.0099999904632568,100.0
2026-04-06 11:22:00,GOT.V,,1.6749999523162842,1.6749999523162842,1.6749999523162842,1.6749999523162842,100.0
2026-04-06 11:22:00,GSI.V,,1.2300000190734863,1.2300000190734863,1.2300000190734863,1.2300000190734863,100.0
2026-04-06 11:22:00,HIVE.V,,2.740000009536743,2.740000009536743,2.740000009536743,2.740000009536743,18567.0
2026-04-06 11:22:00,HME.V,,2.759999990463257,2.759999990463257,2.759999990463257,2.759999990463257,300.0
2026-04-06 11:22:00,ITR.V,,4.03000020980835,4.03000020980835,4.03000020980835,4.03000020980835,400.0
2026-04-06 11:22:00,JUGR.V,,1.3600000143051147,1.3600000143051147,1.3600000143051147,1.3600000143051147,100.0
2026-04-06 11:22:00,JZR.V,,0.29499998688697815,0.29499998688697815,0.29499998688697815,0.29499998688697815,500.0
2026-04-06 11:22:00,LG.V,,0.3499999940395355,0.3499999940395355,0.3499999940395355,0.3499999940395355,500.0
2026-04-06 11:22:00,LTX.V,,0.1899999976158142,0.1899999976158142,0.1899999976158142,0.1899999976158142,2000.0
2026-04-06 11:22:00,MLP.V,,1.9299999475479126,1.9299999475479126,1.9299999475479126,1.9299999475479126,200.0
2026-04-06 11:22:00,NURS.V,,3.1600000858306885,3.1600000858306885,3.1600000858306885,3.1600000858306885,1000.0
2026-04-06 11:23:00,GGO.V,,1.0099999904632568,1.0099999904632568,1.0099999904632568,1.0099999904632568,193.0
2026-04-06 11:23:00,GOT.V,,1.6799999475479126,1.6799999475479126,1.6799999475479126,1.6799999475479126,2700.0
2026-04-06 11:23:00,GPH.V,,1.2599999904632568,1.2599999904632568,1.2599999904632568,1.2599999904632568,200.0
2026-04-06 11:23:00,HHH.V,,6.0,6.0,6.0,6.0,1500.0
2026-04-06 11:23:00,JZR.V,,0.29499998688697815,0.29499998688697815,0.29499998688697815,0.29499998688697815,500.0
2026-04-06 11:23:00,LUCA.V,,1.3949999809265137,1.3949999809265137,1.3949999809265137,1.3949999809265137,100.0
2026-04-06 11:23:00,MLP.V,,1.9500000476837158,1.9500000476837158,1.9500000476837158,1.9500000476837158,200.0
2026-04-06 11:23:00,NURS.V,,3.180000066757202,3.180000066757202,3.1600000858306885,3.1600000858306885,1609.0
2026-04-06 11:23:00,PNG.V,,8.470000267028809,8.489999771118164,8.470000267028809,8.489999771118164,295.0
2026-04-06 11:24:00,FL.V,,0.800000011920929,0.800000011920929,0.800000011920929,0.800000011920929,500.0
2026-04-06 11:24:00,GGO.V,,1.0099999904632568,1.0099999904632568,1.0099999904632568,1.0099999904632568,100.0
2026-04-06 11:24:00,GPH.V,,1.2599999904632568,1.2599999904632568,1.2599999904632568,1.2599999904632568,100.0
2026-04-06 11:24:00,GSP.V,,0.1599999964237213,0.1599999964237213,0.1599999964237213,0.1599999964237213,500.0
2026-04-06 11:24:00,HIVE.V,,2.740000009536743,2.740000009536743,2.7300000190734863,2.7300000190734863,550.0
2026-04-06 11:24:00,HSTR.V,,2.434999942779541,2.434999942779541,2.434999942779541,2.434999942779541,100.0
2026-04-06 11:24:00,JZR.V,,0.29499998688697815,0.29499998688697815,0.29499998688697815,0.29499998688697815,500.0
2026-04-06 11:24:00,KTN.V,,1.409999966621399,1.409999966621399,1.409999966621399,1.409999966621399,135.0
2026-04-06 11:24:00,LTH.V,,1.4199999570846558,1.4199999570846558,1.4199999570846558,1.4199999570846558,100.0
2026-04-06 11:24:00,LUCA.V,,1.3949999809265137,1.3949999809265137,1.3949999809265137,1.3949999809265137,200.0
2026-04-06 11:24:00,LVX.V,,0.5600000023841858,0.5600000023841858,0.5600000023841858,0.5600000023841858,2900.0
2026-04-06 11:24:00,PNG.V,,8.479999542236328,8.479999542236328,8.479999542236328,8.479999542236328,1810.0
2026-04-06 11:25:00,GFM-H.V,,0.4050000011920929,0.4050000011920929,0.4050000011920929,0.4050000011920929,15000.0
2026-04-06 11:25:00,GGO.V,,1.0099999904632568,1.0099999904632568,1.0099999904632568,1.0099999904632568,100.0
2026-04-06 11:25:00,GSR.V,,0.5299999713897705,0.5299999713897705,0.5299999713897705,0.5299999713897705,10000.0
2026-04-06 11:25:00,HIVE.V,,2.7300000190734863,2.7300000190734863,2.7300000190734863,2.7300000190734863,1900.0
2026-04-06 11:25:00,HPL.V,,0.10999999940395355,0.10999999940395355,0.10999999940395355,0.10999999940395355,45000.0
2026-04-06 11:25:00,ITR.V,,4.019999980926514,4.019999980926514,4.019999980926514,4.019999980926514,400.0
2026-04-06 11:25:00,JZR.V,,0.29499998688697815,0.29499998688697815,0.29499998688697815,0.29499998688697815,500.0
2026-04-06 11:25:00,KFR.V,,0.7200000286102295,0.7200000286102295,0.7200000286102295,0.7200000286102295,7000.0
2026-04-06 11:25:00,LMN.V,,22.940000534057617,22.940000534057617,22.940000534057617,22.940000534057617,200.0
2026-04-06 11:25:00,NICU.V,,2.180000066757202,2.180000066757202,2.180000066757202,2.180000066757202,600.0
2026-04-06 11:25:00,NURS.V,,3.200000047683716,3.200000047683716,3.200000047683716,3.200000047683716,130.0
2026-04-06 11:25:00,PNG.V,,8.479999542236328,8.479999542236328,8.479999542236328,8.479999542236328,934.0
2026-04-06 11:25:00,YGT.V,,0.2150000035762787,0.2150000035762787,0.2150000035762787,0.2150000035762787,47500.0
2026-04-06 11:26:00,FRED.V,,0.5699999928474426,0.5699999928474426,0.5699999928474426,0.5699999928474426,6000.0
2026-04-06 11:26:00,GFM-H.V,,0.4050000011920929,0.4050000011920929,0.4050000011920929,0.4050000011920929,25000.0
2026-04-06 11:26:00,GGO.V,,1.0099999904632568,1.0099999904632568,1.0099999904632568,1.0099999904632568,100.0
2026-04-06 11:26:00,GMA.V,,0.26499998569488525,0.26499998569488525,0.26499998569488525,0.26499998569488525,2000.0
2026-04-06 11:26:00,GPH.V,,1.2599999904632568,1.2599999904632568,1.2599999904632568,1.2599999904632568,300.0
2026-04-06 11:26:00,HIVE.V,,2.7300000190734863,2.7300000190734863,2.7300000190734863,2.7300000190734863,2726.0
2026-04-06 11:26:00,HME.V,,2.759999990463257,2.759999990463257,2.759999990463257,2.759999990463257,2000.0
2026-04-06 11:26:00,JZR.V,,0.28999999165534973,0.29499998688697815,0.28999999165534973,0.29499998688697815,2500.0
2026-04-06 11:27:00,GGO.V,,1.0099999904632568,1.0099999904632568,1.0099999904632568,1.0099999904632568,100.0
2026-04-06 11:27:00,GOT.V,,1.6799999475479126,1.6799999475479126,1.6799999475479126,1.6799999475479126,1000.0
2026-04-06 11:27:00,HELI.V,,0.054999999701976776,0.054999999701976776,0.054999999701976776,0.054999999701976776,52847.0
2026-04-06 11:27:00,HEVI.V,,0.25999999046325684,0.25999999046325684,0.25999999046325684,0.25999999046325684,2535.0
2026-04-06 11:27:00,HSTR.V,,2.434999942779541,2.434999942779541,2.434999942779541,2.434999942779541,500.0
2026-04-06 11:27:00,ITR.V,,4.03000020980835,4.03000020980835,4.03000020980835,4.03000020980835,300.0
2026-04-06 11:27:00,KFR.V,,0.7200000286102295,0.7200000286102295,0.7200000286102295,0.7200000286102295,21870.0
2026-04-06 11:27:00,NICU.V,,2.180000066757202,2.180000066757202,2.180000066757202,2.180000066757202,200.0
2026-04-06 11:27:00,PNG.V,,8.449999809265137,8.460000038146973,8.449999809265137,8.460000038146973,1570.0
2026-04-06 11:28:00,GPG.V,,0.4050000011920929,0.4050000011920929,0.4050000011920929,0.4050000011920929,2000.0
2026-04-06 11:28:00,GPH.V,,1.2599999904632568,1.2599999904632568,1.2599999904632568,1.2599999904632568,700.0
2026-04-06 11:28:00,HITI.V,,3.299999952316284,3.299999952316284,3.299999952316284,3.299999952316284,100.0
2026-04-06 11:28:00,HIVE.V,,2.740000009536743,2.740000009536743,2.740000009536743,2.740000009536743,9600.0
2026-04-06 11:28:00,HME.V,,2.759999990463257,2.759999990463257,2.759999990463257,2.759999990463257,100.0
2026-04-06 11:28:00,LBNK.V,,0.7200000286102295,0.7200000286102295,0.7200000286102295,0.7200000286102295,1925.0
2026-04-06 11:28:00,LMN.V,,22.850000381469727,22.850000381469727,22.81999969482422,22.829999923706055,1211.0
2026-04-06 11:28:00,LTH.V,,1.4149999618530273,1.4149999618530273,1.4149999618530273,1.4149999618530273,1000.0
2026-04-06 11:28:00,NICU.V,,2.1700000762939453,2.1700000762939453,2.1700000762939453,2.1700000762939453,1800.0
2026-04-06 11:28:00,PNG.V,,8.430000305175781,8.4399995803833,8.430000305175781,8.4399995803833,1693.0
2026-04-06 11:29:00,FO.V,,0.3700000047683716,0.3700000047683716,0.3700000047683716,0.3700000047683716,1079.0
2026-04-06 11:29:00,FWZ.V,,4.53000020980835,4.53000020980835,4.53000020980835,4.53000020980835,1314.0
2026-04-06 11:29:00,GGO.V,,1.0099999904632568,1.0099999904632568,1.0099999904632568,1.0099999904632568,100.0
2026-04-06 11:29:00,GOT.V,,1.6799999475479126,1.6799999475479126,1.6749999523162842,1.6749999523162842,1500.0
2026-04-06 11:29:00,GPH.V,,1.2599999904632568,1.2599999904632568,1.2599999904632568,1.2599999904632568,200.0
2026-04-06 11:29:00,GRDM.V,,0.125,0.125,0.125,0.125,14500.0
2026-04-06 11:29:00,LMN.V,,22.760000228881836,22.790000915527344,22.760000228881836,22.790000915527344,400.0
2026-04-06 11:29:00,LUCA.V,,1.399999976158142,1.399999976158142,1.399999976158142,1.399999976158142,1400.0
2026-04-06 11:29:00,NICU.V,,2.1600000858306885,2.1600000858306885,2.1600000858306885,2.1600000858306885,2000.0
2026-04-06 11:29:00,PNG.V,,8.4399995803833,8.4399995803833,8.4399995803833,8.4399995803833,3189.0
2026-04-06 11:30:00,FRED.V,,0.5699999928474426,0.5699999928474426,0.5699999928474426,0.5699999928474426,2500.0
2026-04-06 11:30:00,FRI.V,,0.05999999865889549,0.05999999865889549,0.05999999865889549,0.05999999865889549,68000.0
2026-04-06 11:30:00,GRDM.V,,0.125,0.125,0.125,0.125,40000.0
2026-04-06 11:30:00,HSTR.V,,2.440000057220459,2.440000057220459,2.440000057220459,2.440000057220459,1800.0
2026-04-06 11:30:00,JZR.V,,0.28999999165534973,0.28999999165534973,0.28999999165534973,0.28999999165534973,500.0
2026-04-06 11:30:00,LGN.V,,0.949999988079071,0.949999988079071,0.949999988079071,0.949999988079071,9263.0
2026-04-06 11:30:00,LMN.V,,22.850000381469727,22.850000381469727,22.850000381469727,22.850000381469727,200.0
2026-04-06 11:30:00,LUCA.V,,1.399999976158142,1.399999976158142,1.399999976158142,1.399999976158142,100.0
2026-04-06 11:30:00,MTA.V,,9.270000457763672,9.270000457763672,9.270000457763672,9.270000457763672,100.0
2026-04-06 11:30:00,NICU.V,,2.1500000953674316,2.1600000858306885,2.1500000953674316,2.1549999713897705,6700.0
2026-04-06 11:30:00,NURS.V,,3.2300000190734863,3.2300000190734863,3.2300000190734863,3.2300000190734863,9750.0
2026-04-06 11:31:00,GGO.V,,1.0099999904632568,1.0099999904632568,1.0099999904632568,1.0099999904632568,200.0
2026-04-06 11:31:00,GPH.V,,1.2699999809265137,1.2699999809265137,1.2699999809265137,1.2699999809265137,1900.0
2026-04-06 11:31:00,GRDM.V,,0.125,0.125,0.125,0.125,500.0
2026-04-06 11:31:00,GSI.V,,1.2300000190734863,1.2300000190734863,1.2300000190734863,1.2300000190734863,1000.0
2026-04-06 11:31:00,HCH.V,,1.3300000429153442,1.3300000429153442,1.3300000429153442,1.3300000429153442,700.0
2026-04-06 11:31:00,HIVE.V,,2.740000009536743,2.740000009536743,2.740000009536743,2.740000009536743,35206.0
2026-04-06 11:31:00,JZR.V,,0.28999999165534973,0.28999999165534973,0.28999999165534973,0.28999999165534973,500.0
2026-04-06 11:31:00,LUCA.V,,1.3899999856948853,1.399999976158142,1.3899999856948853,1.399999976158142,200.0
2026-04-06 11:31:00,PNG.V,,8.470000267028809,8.470000267028809,8.460000038146973,8.460000038146973,600.0
2026-04-06 11:32:00,GMG.V,,2.25,2.259999990463257,2.25,2.259999990463257,1321.0
2026-04-06 11:32:00,GOT.V,,1.690000057220459,1.690000057220459,1.690000057220459,1.690000057220459,100.0
2026-04-06 11:32:00,GSP.V,,0.16500000655651093,0.16500000655651093,0.1599999964237213,0.1599999964237213,21000.0
2026-04-06 11:32:00,GSR.V,,0.5400000214576721,0.5400000214576721,0.5400000214576721,0.5400000214576721,12500.0
2026-04-06 11:32:00,GSVR.V,,0.6000000238418579,0.6000000238418579,0.6000000238418579,0.6000000238418579,20100.0
2026-04-06 11:32:00,HIVE.V,,2.740000009536743,2.75,2.740000009536743,2.75,6136.0
2026-04-06 11:32:00,HSTR.V,,2.440000057220459,2.440000057220459,2.440000057220459,2.440000057220459,400.0
2026-04-06 11:32:00,ITR.V,,4.034999847412109,4.034999847412109,4.034999847412109,4.034999847412109,100.0
2026-04-06 11:32:00,JZR.V,,0.28999999165534973,0.28999999165534973,0.28999999165534973,0.28999999165534973,500.0
2026-04-06 11:32:00,LUCA.V,,1.399999976158142,1.399999976158142,1.3899999856948853,1.3899999856948853,200.0
2026-04-06 11:32:00,MLP.V,,1.9299999475479126,1.9299999475479126,1.9299999475479126,1.9299999475479126,160.0
2026-04-06 11:32:00,MQM.V,,0.30000001192092896,0.30000001192092896,0.30000001192092896,0.30000001192092896,9000.0
2026-04-06 11:32:00,PNG.V,,8.4399995803833,8.4399995803833,8.4399995803833,8.4399995803833,13519.0
2026-04-06 11:33:00,GGO.V,,1.0099999904632568,1.0099999904632568,1.0099999904632568,1.0099999904632568,100.0
2026-04-06 11:33:00,GOT.V,,1.684999942779541,1.690000057220459,1.684999942779541,1.690000057220459,3952.0
2026-04-06 11:33:00,GRDM.V,,0.125,0.125,0.125,0.125,55000.0
2026-04-06 11:33:00,GSR.V,,0.5400000214576721,0.5400000214576721,0.5400000214576721,0.5400000214576721,15000.0
2026-04-06 11:33:00,GWM.V,,0.6499999761581421,0.6499999761581421,0.6499999761581421,0.6499999761581421,1500.0
2026-04-06 11:33:00,HIVE.V,,2.740000009536743,2.740000009536743,2.740000009536743,2.740000009536743,12948.0
2026-04-06 11:33:00,HSTR.V,,2.440000057220459,2.440000057220459,2.440000057220459,2.440000057220459,1500.0
2026-04-06 11:33:00,JZR.V,,0.28999999165534973,0.28999999165534973,0.28999999165534973,0.28999999165534973,500.0
2026-04-06 11:33:00,KFR.V,,0.7200000286102295,0.7200000286102295,0.7200000286102295,0.7200000286102295,3600.0
2026-04-06 11:33:00,KTN.V,,1.409999966621399,1.4149999618530273,1.409999966621399,1.4149999618530273,4600.0
2026-04-06 11:33:00,LUCA.V,,1.3949999809265137,1.3949999809265137,1.3949999809265137,1.3949999809265137,100.0
2026-04-06 11:33:00,MLP.V,,1.940000057220459,1.940000057220459,1.940000057220459,1.940000057220459,1600.0
2026-04-06 11:33:00,NICU.V,,2.1500000953674316,2.1500000953674316,2.1500000953674316,2.1500000953674316,0.0
2026-04-06 11:33:00,NURS.V,,3.200000047683716,3.200000047683716,3.200000047683716,3.200000047683716,500.0
2026-04-06 11:34:00,GPAC.V,,0.4699999988079071,0.4749999940395355,0.4699999988079071,0.4749999940395355,51000.0
2026-04-06 11:34:00,GSR.V,,0.5400000214576721,0.5400000214576721,0.5400000214576721,0.5400000214576721,6500.0
2026-04-06 11:34:00,HIVE.V,,2.740000009536743,2.740000009536743,2.740000009536743,2.740000009536743,400.0
2026-04-06 11:34:00,ITR.V,,4.039999961853027,4.039999961853027,4.039999961853027,4.039999961853027,400.0
2026-04-06 11:34:00,JZR.V,,0.28999999165534973,0.28999999165534973,0.28999999165534973,0.28999999165534973,500.0
2026-04-06 11:34:00,LITH.V,,0.6000000238418579,0.6000000238418579,0.6000000238418579,0.6000000238418579,0.0
2026-04-06 11:34:00,LUCA.V,,1.3949999809265137,1.3949999809265137,1.3949999809265137,1.3949999809265137,100.0
2026-04-06 11:34:00,NICU.V,,2.1500000953674316,2.1500000953674316,2.1500000953674316,2.1500000953674316,118012.0
2026-04-06 11:34:00,NURS.V,,3.240000009536743,3.240000009536743,3.2300000190734863,3.2300000190734863,700.0
2026-04-06 11:35:00,FL.V,,0.800000011920929,0.800000011920929,0.800000011920929,0.800000011920929,500.0
2026-04-06 11:35:00,GPH.V,,1.2699999809265137,1.2699999809265137,1.2699999809265137,1.2699999809265137,200.0
2026-04-06 11:35:00,HIVE.V,,2.740000009536743,2.740000009536743,2.740000009536743,2.740000009536743,5500.0
2026-04-06 11:35:00,JZR.V,,0.28999999165534973,0.28999999165534973,0.28999999165534973,0.28999999165534973,500.0
2026-04-06 11:35:00,PNG.V,,8.479999542236328,8.479999542236328,8.470000267028809,8.470000267028809,800.0
2026-04-06 11:36:00,HIVE.V,,2.740000009536743,2.740000009536743,2.740000009536743,2.740000009536743,1600.0
2026-04-06 11:36:00,HME.V,,2.759999990463257,2.759999990463257,2.759999990463257,2.759999990463257,100.0
2026-04-06 11:36:00,ITR.V,,4.039999961853027,4.039999961853027,4.039999961853027,4.039999961853027,1400.0
2026-04-06 11:36:00,JUGR.V,,1.3799999952316284,1.3799999952316284,1.3799999952316284,1.3799999952316284,1700.0
2026-04-06 11:36:00,JZR.V,,0.28999999165534973,0.28999999165534973,0.28999999165534973,0.28999999165534973,1000.0
2026-04-06 11:36:00,MKO.V,,8.800000190734863,8.800000190734863,8.800000190734863,8.800000190734863,100.0
2026-04-06 11:36:00,PNG.V,,8.470000267028809,8.470000267028809,8.460000038146973,8.460000038146973,1700.0
2026-04-06 11:37:00,FPC.V,,0.3700000047683716,0.3700000047683716,0.3700000047683716,0.3700000047683716,8500.0
2026-04-06 11:37:00,GG.V,,2.7200000286102295,2.7200000286102295,2.7200000286102295,2.7200000286102295,100.0
2026-04-06 11:37:00,GGO.V,,1.0099999904632568,1.0099999904632568,1.0099999904632568,1.0099999904632568,100.0
2026-04-06 11:37:00,GOT.V,,1.6799999475479126,1.690000057220459,1.6799999475479126,1.690000057220459,5100.0
2026-04-06 11:37:00,GRSL.V,,0.32499998807907104,0.32499998807907104,0.32499998807907104,0.32499998807907104,50000.0
2026-04-06 11:37:00,GSVR.V,,0.6000000238418579,0.6000000238418579,0.6000000238418579,0.6000000238418579,3300.0
2026-04-06 11:37:00,HIVE.V,,2.7300000190734863,2.7300000190734863,2.7300000190734863,2.7300000190734863,3200.0
2026-04-06 11:37:00,ITR.V,,4.03000020980835,4.03000020980835,4.03000020980835,4.03000020980835,300.0
2026-04-06 11:37:00,JZR.V,,0.28999999165534973,0.28999999165534973,0.28999999165534973,0.28999999165534973,500.0
2026-04-06 11:37:00,KTN.V,,1.409999966621399,1.409999966621399,1.409999966621399,1.409999966621399,300.0
2026-04-06 11:37:00,MKO.V,,8.789999961853027,8.789999961853027,8.789999961853027,8.789999961853027,300.0
2026-04-06 11:37:00,NICU.V,,2.1500000953674316,2.1500000953674316,2.1500000953674316,2.1500000953674316,900.0
2026-04-06 11:37:00,PNG.V,,8.5,8.5,8.460000038146973,8.460000038146973,2500.0
2026-04-06 11:38:00,FMAN.V,,0.3100000023841858,0.3100000023841858,0.3100000023841858,0.3100000023841858,500.0
2026-04-06 11:38:00,GOT.V,,1.6799999475479126,1.6799999475479126,1.6799999475479126,1.6799999475479126,200.0
2026-04-06 11:38:00,JZR.V,,0.28999999165534973,0.28999999165534973,0.28999999165534973,0.28999999165534973,500.0
2026-04-06 11:38:00,MKO.V,,8.800000190734863,8.800000190734863,8.779999732971191,8.779999732971191,580.0
2026-04-06 11:38:00,PNG.V,,8.479999542236328,8.479999542236328,8.479999542236328,8.479999542236328,100.0
2026-04-06 11:39:00,FUU.V,,0.17499999701976776,0.17499999701976776,0.17499999701976776,0.17499999701976776,500.0
2026-04-06 11:39:00,GG.V,,2.7200000286102295,2.7300000190734863,2.7200000286102295,2.7300000190734863,1100.0
2026-04-06 11:39:00,GOT.V,,1.6799999475479126,1.6799999475479126,1.6799999475479126,1.6799999475479126,4400.0
2026-04-06 11:39:00,GSVR.V,,0.6000000238418579,0.6000000238418579,0.6000000238418579,0.6000000238418579,1000.0
2026-04-06 11:39:00,HSTR.V,,2.430000066757202,2.430000066757202,2.430000066757202,2.430000066757202,1102.0
2026-04-06 11:39:00,JZR.V,,0.28999999165534973,0.28999999165534973,0.28999999165534973,0.28999999165534973,500.0
2026-04-06 11:39:00,LGC.V,,1.940000057220459,1.940000057220459,1.940000057220459,1.940000057220459,180.0
2026-04-06 11:39:00,LUCA.V,,1.399999976158142,1.399999976158142,1.399999976158142,1.399999976158142,3000.0
2026-04-06 11:39:00,NURS.V,,3.180000066757202,3.200000047683716,3.180000066757202,3.200000047683716,1100.0
2026-04-06 11:39:00,PNG.V,,8.479999542236328,8.479999542236328,8.479999542236328,8.479999542236328,1000.0
2026-04-06 11:40:00,FWZ.V,,4.550000190734863,4.550000190734863,4.550000190734863,4.550000190734863,400.0
2026-04-06 11:40:00,GGO.V,,1.0099999904632568,1.0099999904632568,1.0099999904632568,1.0099999904632568,100.0
2026-04-06 11:40:00,GLAD.V,,1.2100000381469727,1.2100000381469727,1.2100000381469727,1.2100000381469727,2515.0
2026-04-06 11:40:00,GMG.V,,2.25,2.25,2.25,2.25,250.0
2026-04-06 11:40:00,GOT.V,,1.6699999570846558,1.6699999570846558,1.6699999570846558,1.6699999570846558,100.0
2026-04-06 11:40:00,GPH.V,,1.2599999904632568,1.2599999904632568,1.2599999904632568,1.2599999904632568,100.0
2026-04-06 11:40:00,HIVE.V,,2.740000009536743,2.740000009536743,2.740000009536743,2.740000009536743,4000.0
2026-04-06 11:40:00,JZR.V,,0.28999999165534973,0.28999999165534973,0.28999999165534973,0.28999999165534973,500.0
2026-04-06 11:40:00,MKO.V,,8.760000228881836,8.779999732971191,8.760000228881836,8.779999732971191,400.0
2026-04-06 11:40:00,NICU.V,,2.1500000953674316,2.1500000953674316,2.1500000953674316,2.1500000953674316,100.0
2026-04-06 11:40:00,NURS.V,,3.200000047683716,3.200000047683716,3.200000047683716,3.200000047683716,122.0
2026-04-06 11:41:00,GOT.V,,1.6699999570846558,1.6699999570846558,1.6699999570846558,1.6699999570846558,100.0
2026-04-06 11:41:00,GPAC.V,,0.4699999988079071,0.4699999988079071,0.4699999988079071,0.4699999988079071,35000.0
2026-04-06 11:41:00,GSI.V,,1.225000023841858,1.225000023841858,1.225000023841858,1.225000023841858,100.0
2026-04-06 11:41:00,HIVE.V,,2.740000009536743,2.740000009536743,2.740000009536743,2.740000009536743,5450.0
2026-04-06 11:41:00,HME.V,,2.7799999713897705,2.7799999713897705,2.759999990463257,2.759999990463257,79200.0
2026-04-06 11:41:00,JG.V,,0.0949999988079071,0.0949999988079071,0.0949999988079071,0.0949999988079071,70000.0
2026-04-06 11:41:00,JZR.V,,0.28999999165534973,0.28999999165534973,0.28999999165534973,0.28999999165534973,500.0
2026-04-06 11:41:00,LMN.V,,22.84000015258789,22.93000030517578,22.84000015258789,22.8799991607666,1000.0
2026-04-06 11:41:00,LSL.V,,0.38999998569488525,0.38999998569488525,0.38999998569488525,0.38999998569488525,5800.0
2026-04-06 11:41:00,LUCA.V,,1.399999976158142,1.399999976158142,1.399999976158142,1.399999976158142,100.0
2026-04-06 11:41:00,PNG.V,,8.489999771118164,8.489999771118164,8.489999771118164,8.489999771118164,200.0
2026-04-06 11:42:00,GPAC.V,,0.4699999988079071,0.4699999988079071,0.4699999988079071,0.4699999988079071,19001.0
2026-04-06 11:42:00,GPH.V,,1.2599999904632568,1.2599999904632568,1.2599999904632568,1.2599999904632568,100.0
2026-04-06 11:42:00,GSI.V,,1.2300000190734863,1.2300000190734863,1.2300000190734863,1.2300000190734863,300.0
2026-04-06 11:42:00,GSVR.V,,0.6000000238418579,0.6000000238418579,0.6000000238418579,0.6000000238418579,2000.0
2026-04-06 11:42:00,HIVE.V,,2.740000009536743,2.740000009536743,2.740000009536743,2.740000009536743,800.0
2026-04-06 11:42:00,JZR.V,,0.28999999165534973,0.28999999165534973,0.28999999165534973,0.28999999165534973,500.0
2026-04-06 11:42:00,LUCA.V,,1.399999976158142,1.399999976158142,1.399999976158142,1.399999976158142,200.0
2026-04-06 11:42:00,MCF.V,,0.03999999910593033,0.03999999910593033,0.03999999910593033,0.03999999910593033,37000.0
2026-04-06 11:42:00,MERG.V,,0.8199999928474426,0.8199999928474426,0.8199999928474426,0.8199999928474426,0.0
2026-04-06 11:42:00,NICU.V,,2.1549999713897705,2.1600000858306885,2.1500000953674316,2.1500000953674316,5400.0
2026-04-06 11:42:00,PNG.V,,8.529999732971191,8.529999732971191,8.470000267028809,8.470000267028809,17418.0
2026-04-06 11:43:00,FL.V,,0.8100000023841858,0.8149999976158142,0.8100000023841858,0.8149999976158142,1500.0
2026-04-06 11:43:00,GPG.V,,0.4050000011920929,0.4050000011920929,0.4050000011920929,0.4050000011920929,13500.0
2026-04-06 11:43:00,HIVE.V,,2.740000009536743,2.740000009536743,2.740000009536743,2.740000009536743,400.0
2026-04-06 11:43:00,HME.V,,2.7799999713897705,2.7799999713897705,2.7799999713897705,2.7799999713897705,100.0
2026-04-06 11:43:00,HMR.V,,0.8600000143051147,0.8600000143051147,0.8600000143051147,0.8600000143051147,3000.0
2026-04-06 11:43:00,JZR.V,,0.2849999964237213,0.2849999964237213,0.2849999964237213,0.2849999964237213,500.0
2026-04-06 11:43:00,LRA.V,,3.5899999141693115,3.5899999141693115,3.5899999141693115,3.5899999141693115,100.0
2026-04-06 11:43:00,NICU.V,,2.1500000953674316,2.1500000953674316,2.1500000953674316,2.1500000953674316,1000.0
2026-04-06 11:43:00,NURS.V,,3.2200000286102295,3.2200000286102295,3.200000047683716,3.200000047683716,1300.0
2026-04-06 11:44:00,HIVE.V,,2.740000009536743,2.740000009536743,2.740000009536743,2.740000009536743,1300.0
2026-04-06 11:44:00,ITR.V,,4.010000228881836,4.010000228881836,4.010000228881836,4.010000228881836,400.0
2026-04-06 11:44:00,JZR.V,,0.2849999964237213,0.2849999964237213,0.2849999964237213,0.2849999964237213,500.0
2026-04-06 11:44:00,KTO.V,,0.699999988079071,0.699999988079071,0.699999988079071,0.699999988079071,6000.0
2026-04-06 11:44:00,LG.V,,0.3449999988079071,0.3499999940395355,0.3449999988079071,0.3499999940395355,15000.0
2026-04-06 11:44:00,LUCA.V,,1.399999976158142,1.399999976158142,1.399999976158142,1.399999976158142,100.0
2026-04-06 11:44:00,NICU.V,,2.1500000953674316,2.1500000953674316,2.1500000953674316,2.1500000953674316,1000.0
2026-04-06 11:44:00,PNG.V,,8.529999732971191,8.529999732971191,8.529999732971191,8.529999732971191,503.0
2026-04-06 11:45:00,FMAN.V,,0.3100000023841858,0.3100000023841858,0.3100000023841858,0.3100000023841858,4500.0
2026-04-06 11:45:00,GGO.V,,1.0099999904632568,1.0099999904632568,1.0099999904632568,1.0099999904632568,100.0
2026-04-06 11:45:00,GPH.V,,1.2599999904632568,1.2599999904632568,1.2599999904632568,1.2599999904632568,100.0
2026-04-06 11:45:00,GSI.V,,1.2300000190734863,1.2300000190734863,1.2200000286102295,1.2300000190734863,3900.0
2026-04-06 11:45:00,GSR.V,,0.5400000214576721,0.5400000214576721,0.5400000214576721,0.5400000214576721,26000.0
2026-04-06 11:45:00,HITI.V,,3.2899999618530273,3.2899999618530273,3.2899999618530273,3.2899999618530273,2700.0
2026-04-06 11:45:00,HIVE.V,,2.740000009536743,2.740000009536743,2.740000009536743,2.740000009536743,600.0
2026-04-06 11:45:00,JZR.V,,0.2849999964237213,0.2849999964237213,0.2849999964237213,0.2849999964237213,500.0
2026-04-06 11:45:00,LTH.V,,1.4149999618530273,1.4199999570846558,1.4149999618530273,1.4199999570846558,600.0
2026-04-06 11:45:00,LUCA.V,,1.399999976158142,1.399999976158142,1.399999976158142,1.399999976158142,100.0
2026-04-06 11:45:00,MTA.V,,9.260000228881836,9.260000228881836,9.260000228881836,9.260000228881836,170.0
2026-04-06 11:45:00,NICU.V,,2.1500000953674316,2.1500000953674316,2.1500000953674316,2.1500000953674316,100.0
2026-04-06 11:45:00,PNG.V,,8.529999732971191,8.529999732971191,8.529999732971191,8.529999732971191,16725.0
2026-04-06 11:46:00,FPC.V,,0.375,0.375,0.375,0.375,1500.0
2026-04-06 11:46:00,FUU.V,,0.17499999701976776,0.17499999701976776,0.17499999701976776,0.17499999701976776,500.0
2026-04-06 11:46:00,GPH.V,,1.2699999809265137,1.2699999809265137,1.2699999809265137,1.2699999809265137,1100.0
2026-04-06 11:46:00,HIVE.V,,2.740000009536743,2.740000009536743,2.740000009536743,2.740000009536743,100.0
2026-04-06 11:46:00,HME.V,,2.7799999713897705,2.7799999713897705,2.7799999713897705,2.7799999713897705,100.0
2026-04-06 11:46:00,KTN.V,,1.4049999713897705,1.4049999713897705,1.4049999713897705,1.4049999713897705,600.0
2026-04-06 11:46:00,LCX.V,,1.9199999570846558,1.9199999570846558,1.9199999570846558,1.9199999570846558,100.0
2026-04-06 11:46:00,LGN.V,,0.9449999928474426,0.9449999928474426,0.9449999928474426,0.9449999928474426,500.0
2026-04-06 11:46:00,LUCA.V,,1.399999976158142,1.399999976158142,1.399999976158142,1.399999976158142,200.0
2026-04-06 11:46:00,NICU.V,,2.1500000953674316,2.1500000953674316,2.1500000953674316,2.1500000953674316,300.0
2026-04-06 11:46:00,NURS.V,,3.2200000286102295,3.2200000286102295,3.2200000286102295,3.2200000286102295,300.0
2026-04-06 11:46:00,PNG.V,,8.529999732971191,8.529999732971191,8.529999732971191,8.529999732971191,300.0
2026-04-06 11:47:00,FRED.V,,0.5799999833106995,0.5799999833106995,0.5799999833106995,0.5799999833106995,4500.0
2026-04-06 11:47:00,HITI.V,,3.309999942779541,3.315000057220459,3.299999952316284,3.299999952316284,2900.0
2026-04-06 11:47:00,HME.V,,2.7799999713897705,2.7799999713897705,2.7799999713897705,2.7799999713897705,100.0
2026-04-06 11:47:00,HMR.V,,0.8600000143051147,0.8600000143051147,0.8600000143051147,0.8600000143051147,1000.0
2026-04-06 11:47:00,HSTR.V,,2.440000057220459,2.440000057220459,2.430000066757202,2.430000066757202,1263.0
2026-04-06 11:47:00,ITR.V,,4.03000020980835,4.03000020980835,4.03000020980835,4.03000020980835,700.0
2026-04-06 11:47:00,JZR.V,,0.2849999964237213,0.2849999964237213,0.2849999964237213,0.2849999964237213,500.0
2026-04-06 11:47:00,LCX.V,,1.9199999570846558,1.9199999570846558,1.9199999570846558,1.9199999570846558,634.0
2026-04-06 11:47:00,LMN.V,,22.940000534057617,22.940000534057617,22.940000534057617,22.940000534057617,100.0
2026-04-06 11:47:00,MAH.V,,0.004999999888241291,0.004999999888241291,0.004999999888241291,0.004999999888241291,188842.0
2026-04-06 11:47:00,NICU.V,,2.1500000953674316,2.1500000953674316,2.1500000953674316,2.1500000953674316,1000.0
2026-04-06 11:47:00,PNG.V,,8.539999961853027,8.539999961853027,8.539999961853027,8.539999961853027,500.0
2026-04-06 11:48:00,BIG.V,,0.6499999761581421,0.6499999761581421,0.6499999761581421,0.6499999761581421,8300.0
2026-04-06 11:48:00,GGO.V,,1.0099999904632568,1.0099999904632568,1.0099999904632568,1.0099999904632568,100.0
2026-04-06 11:48:00,GOT.V,,1.6749999523162842,1.6749999523162842,1.6749999523162842,1.6749999523162842,300.0
2026-04-06 11:48:00,HME.V,,2.7799999713897705,2.7799999713897705,2.7799999713897705,2.7799999713897705,100.0
2026-04-06 11:48:00,HSTR.V,,2.440000057220459,2.440000057220459,2.440000057220459,2.440000057220459,100.0
2026-04-06 11:48:00,HVG.V,,0.05999999865889549,0.05999999865889549,0.05999999865889549,0.05999999865889549,0.0
2026-04-06 11:48:00,IPT.V,,0.23999999463558197,0.23999999463558197,0.23999999463558197,0.23999999463558197,500.0
2026-04-06 11:48:00,JZR.V,,0.2849999964237213,0.2849999964237213,0.2849999964237213,0.2849999964237213,500.0
2026-04-06 11:48:00,KTO.V,,0.699999988079071,0.699999988079071,0.699999988079071,0.699999988079071,500.0
2026-04-06 11:48:00,PNG.V,,8.539999961853027,8.539999961853027,8.529999732971191,8.529999732971191,2000.0
2026-04-06 11:48:00,ZNG.V,,1.0499999523162842,1.0499999523162842,1.0499999523162842,1.0499999523162842,1000.0
2026-04-06 11:49:00,FUU.V,,0.17499999701976776,0.17499999701976776,0.17499999701976776,0.17499999701976776,500.0
2026-04-06 11:49:00,GGO.V,,1.0099999904632568,1.0099999904632568,1.0099999904632568,1.0099999904632568,100.0
2026-04-06 11:49:00,HME.V,,2.7799999713897705,2.7799999713897705,2.7799999713897705,2.7799999713897705,200.0
2026-04-06 11:49:00,JZR.V,,0.2849999964237213,0.2849999964237213,0.2849999964237213,0.2849999964237213,500.0
2026-04-06 11:49:00,KDK.V,,0.8500000238418579,0.8500000238418579,0.8500000238418579,0.8500000238418579,1000.0
2026-04-06 11:49:00,KTN.V,,1.399999976158142,1.399999976158142,1.399999976158142,1.399999976158142,200.0
2026-04-06 11:49:00,LVG.V,,0.3199999928474426,0.3199999928474426,0.3199999928474426,0.3199999928474426,500.0
2026-04-06 11:50:00,FL.V,,0.8100000023841858,0.8100000023841858,0.8100000023841858,0.8100000023841858,5250.0
2026-04-06 11:50:00,GOT.V,,1.6699999570846558,1.6699999570846558,1.6699999570846558,1.6699999570846558,100.0
2026-04-06 11:50:00,GPH.V,,1.2599999904632568,1.2599999904632568,1.2599999904632568,1.2599999904632568,100.0
2026-04-06 11:50:00,GSVR.V,,0.6100000143051147,0.6100000143051147,0.6100000143051147,0.6100000143051147,14500.0
2026-04-06 11:50:00,HIVE.V,,2.744999885559082,2.744999885559082,2.744999885559082,2.744999885559082,100.0
2026-04-06 11:50:00,HME.V,,2.7799999713897705,2.7799999713897705,2.7799999713897705,2.7799999713897705,100.0
2026-04-06 11:50:00,HPL.V,,0.10999999940395355,0.10999999940395355,0.10999999940395355,0.10999999940395355,65000.0
2026-04-06 11:50:00,ITR.V,,4.03000020980835,4.03000020980835,4.03000020980835,4.03000020980835,100.0
2026-04-06 11:50:00,JZR.V,,0.2849999964237213,0.2849999964237213,0.2849999964237213,0.2849999964237213,500.0
2026-04-06 11:50:00,KTN.V,,1.399999976158142,1.399999976158142,1.399999976158142,1.399999976158142,5603.0
2026-04-06 11:50:00,LIO.V,,0.2549999952316284,0.2549999952316284,0.25,0.2549999952316284,29500.0
2026-04-06 11:50:00,MLP.V,,1.9500000476837158,1.9500000476837158,1.9500000476837158,1.9500000476837158,100.0
2026-04-06 11:50:00,NICU.V,,2.1500000953674316,2.1500000953674316,2.1500000953674316,2.1500000953674316,400.0
2026-04-06 11:51:00,FL.V,,0.8100000023841858,0.8100000023841858,0.8100000023841858,0.8100000023841858,4000.0
2026-04-06 11:51:00,GLD.V,,0.08500000089406967,0.08500000089406967,0.08500000089406967,0.08500000089406967,16415.0
2026-04-06 11:51:00,GTC.V,,0.18000000715255737,0.18000000715255737,0.18000000715255737,0.18000000715255737,1000.0
2026-04-06 11:51:00,HELI.V,,0.054999999701976776,0.054999999701976776,0.054999999701976776,0.054999999701976776,2000.0
2026-04-06 11:51:00,HITI.V,,3.2899999618530273,3.2899999618530273,3.2899999618530273,3.2899999618530273,100.0
2026-04-06 11:51:00,HME.V,,2.7799999713897705,2.7799999713897705,2.7799999713897705,2.7799999713897705,300.0
2026-04-06 11:51:00,ITR.V,,4.039999961853027,4.039999961853027,4.039999961853027,4.039999961853027,100.0
2026-04-06 11:51:00,JUGR.V,,1.3600000143051147,1.3700000047683716,1.3600000143051147,1.3700000047683716,13400.0
2026-04-06 11:51:00,JZR.V,,0.2849999964237213,0.2849999964237213,0.2849999964237213,0.2849999964237213,500.0
2026-04-06 11:51:00,KCC.V,,0.800000011920929,0.800000011920929,0.800000011920929,0.800000011920929,2064.0
2026-04-06 11:51:00,LMN.V,,22.979999542236328,22.979999542236328,22.969999313354492,22.969999313354492,600.0
2026-04-06 11:52:00,FWZ.V,,4.559999942779541,4.559999942779541,4.559999942779541,4.559999942779541,500.0
2026-04-06 11:52:00,GPH.V,,1.2599999904632568,1.2599999904632568,1.2599999904632568,1.2599999904632568,100.0
2026-04-06 11:52:00,GRSL.V,,0.3199999928474426,0.3199999928474426,0.3199999928474426,0.3199999928474426,12500.0
2026-04-06 11:52:00,HME.V,,2.7799999713897705,2.7799999713897705,2.7799999713897705,2.7799999713897705,100.0
2026-04-06 11:52:00,HSTR.V,,2.440000057220459,2.440000057220459,2.440000057220459,2.440000057220459,800.0
2026-04-06 11:52:00,ITR.V,,4.039999961853027,4.039999961853027,4.039999961853027,4.039999961853027,600.0
2026-04-06 11:52:00,JZR.V,,0.2849999964237213,0.2849999964237213,0.2849999964237213,0.2849999964237213,500.0
2026-04-06 11:52:00,LUCA.V,,1.409999966621399,1.409999966621399,1.409999966621399,1.409999966621399,200.0
2026-04-06 11:52:00,NICU.V,,2.1500000953674316,2.1500000953674316,2.1500000953674316,2.1500000953674316,5000.0
2026-04-06 11:52:00,NURS.V,,3.2100000381469727,3.2100000381469727,3.2100000381469727,3.2100000381469727,290.0
2026-04-06 11:52:00,PNG.V,,8.529999732971191,8.539999961853027,8.520000457763672,8.529999732971191,1750.0
2026-04-06 11:53:00,FPC.V,,0.38999998569488525,0.38999998569488525,0.375,0.375,98715.0
2026-04-06 11:53:00,FUU.V,,0.17499999701976776,0.17499999701976776,0.17499999701976776,0.17499999701976776,500.0
2026-04-06 11:53:00,GGO.V,,1.0099999904632568,1.0099999904632568,1.0099999904632568,1.0099999904632568,100.0
2026-04-06 11:53:00,GSI.V,,1.2300000190734863,1.2300000190734863,1.2300000190734863,1.2300000190734863,200.0
2026-04-06 11:53:00,HELI.V,,0.054999999701976776,0.054999999701976776,0.054999999701976776,0.054999999701976776,10000.0
2026-04-06 11:53:00,HME.V,,2.7799999713897705,2.7799999713897705,2.7799999713897705,2.7799999713897705,200.0
2026-04-06 11:53:00,JZR.V,,0.2849999964237213,0.2849999964237213,0.2849999964237213,0.2849999964237213,500.0
2026-04-06 11:53:00,LIO.V,,0.2549999952316284,0.2549999952316284,0.2549999952316284,0.2549999952316284,500.0
2026-04-06 11:53:00,NICU.V,,2.1500000953674316,2.1500000953674316,2.1500000953674316,2.1500000953674316,1400.0
2026-04-06 11:53:00,PNG.V,,8.529999732971191,8.529999732971191,8.529999732971191,8.529999732971191,200.0
2026-04-06 11:54:00,GMA.V,,0.26499998569488525,0.26499998569488525,0.26499998569488525,0.26499998569488525,1254.0
2026-04-06 11:54:00,GOT.V,,1.6799999475479126,1.6799999475479126,1.6799999475479126,1.6799999475479126,100.0
2026-04-06 11:54:00,HELI.V,,0.054999999701976776,0.054999999701976776,0.054999999701976776,0.054999999701976776,149000.0
2026-04-06 11:54:00,HME.V,,2.7799999713897705,2.7799999713897705,2.7799999713897705,2.7799999713897705,100.0
2026-04-06 11:54:00,ITR.V,,4.050000190734863,4.050000190734863,4.039999961853027,4.039999961853027,350.0
2026-04-06 11:54:00,JZR.V,,0.2849999964237213,0.2849999964237213,0.2849999964237213,0.2849999964237213,500.0
2026-04-06 11:54:00,KCC.V,,0.7799999713897705,0.7799999713897705,0.7799999713897705,0.7799999713897705,1000.0
2026-04-06 11:54:00,LIS.V,,0.4950000047683716,0.4950000047683716,0.4950000047683716,0.4950000047683716,149500.0
2026-04-06 11:54:00,LMN.V,,22.969999313354492,23.200000762939453,22.969999313354492,22.979999542236328,746.0
2026-04-06 11:54:00,LUCA.V,,1.399999976158142,1.399999976158142,1.399999976158142,1.399999976158142,100.0
2026-04-06 11:54:00,MTA.V,,9.279999732971191,9.279999732971191,9.279999732971191,9.279999732971191,1200.0
2026-04-06 11:54:00,NICU.V,,2.1500000953674316,2.1500000953674316,2.1500000953674316,2.1500000953674316,200.0
2026-04-06 11:54:00,NURS.V,,3.200000047683716,3.200000047683716,3.200000047683716,3.200000047683716,222.0
2026-04-06 11:55:00,EVGN.V,,0.3799999952316284,0.3799999952316284,0.3799999952316284,0.3799999952316284,0.0
2026-04-06 11:55:00,GG.V,,2.7200000286102295,2.7200000286102295,2.7200000286102295,2.7200000286102295,500.0
2026-04-06 11:55:00,GOT.V,,1.6749999523162842,1.6749999523162842,1.6749999523162842,1.6749999523162842,100.0
2026-04-06 11:55:00,GPH.V,,1.2599999904632568,1.2599999904632568,1.2599999904632568,1.2599999904632568,100.0
2026-04-06 11:55:00,HME.V,,2.7799999713897705,2.7799999713897705,2.7799999713897705,2.7799999713897705,200.0
2026-04-06 11:55:00,JZR.V,,0.2849999964237213,0.2849999964237213,0.2849999964237213,0.2849999964237213,500.0
2026-04-06 11:55:00,LSL.V,,0.38999998569488525,0.38999998569488525,0.38999998569488525,0.38999998569488525,500.0
2026-04-06 11:55:00,LUCA.V,,1.409999966621399,1.409999966621399,1.409999966621399,1.409999966621399,100.0
2026-04-06 11:55:00,MASS.V,,0.10999999940395355,0.10999999940395355,0.10999999940395355,0.10999999940395355,500.0
2026-04-06 11:55:00,PNG.V,,8.539999961853027,8.539999961853027,8.529999732971191,8.529999732971191,1065.0
2026-04-06 11:55:00,ROAR.V,,0.20000000298023224,0.20000000298023224,0.20000000298023224,0.20000000298023224,500.0
2026-04-06 11:56:00,FUU.V,,0.17499999701976776,0.17499999701976776,0.17499999701976776,0.17499999701976776,500.0
2026-04-06 11:56:00,FWZ.V,,4.619999885559082,4.619999885559082,4.579999923706055,4.579999923706055,910.0
2026-04-06 11:56:00,HIVE.V,,2.75,2.75,2.75,2.75,21800.0
2026-04-06 11:56:00,HME.V,,2.7899999618530273,2.7899999618530273,2.7799999713897705,2.7799999713897705,3300.0
2026-04-06 11:56:00,ITR.V,,4.039999961853027,4.039999961853027,4.039999961853027,4.039999961853027,300.0
2026-04-06 11:56:00,JZR.V,,0.2849999964237213,0.2849999964237213,0.2849999964237213,0.2849999964237213,500.0
2026-04-06 11:56:00,LIS.V,,0.4950000047683716,0.4950000047683716,0.4950000047683716,0.4950000047683716,151000.0
2026-04-06 11:56:00,LUCA.V,,1.4049999713897705,1.4049999713897705,1.4049999713897705,1.4049999713897705,100.0
2026-04-06 11:56:00,NICU.V,,2.1500000953674316,2.1500000953674316,2.1500000953674316,2.1500000953674316,6300.0
2026-04-06 11:56:00,NURS.V,,3.2200000286102295,3.2200000286102295,3.2200000286102295,3.2200000286102295,800.0
2026-04-06 11:57:00,GGO.V,,1.0099999904632568,1.0099999904632568,1.0099999904632568,1.0099999904632568,100.0
2026-04-06 11:57:00,GPH.V,,1.2599999904632568,1.2599999904632568,1.2599999904632568,1.2599999904632568,100.0
2026-04-06 11:57:00,GSI.V,,1.2300000190734863,1.2300000190734863,1.2300000190734863,1.2300000190734863,100.0
2026-04-06 11:57:00,GSR.V,,0.5400000214576721,0.5400000214576721,0.5400000214576721,0.5400000214576721,15000.0
2026-04-06 11:57:00,HEVI.V,,0.27000001072883606,0.27000001072883606,0.27000001072883606,0.27000001072883606,5500.0
2026-04-06 11:57:00,HME.V,,2.7899999618530273,2.7899999618530273,2.7899999618530273,2.7899999618530273,100.0
2026-04-06 11:57:00,KTN.V,,1.399999976158142,1.399999976158142,1.399999976158142,1.399999976158142,4800.0
2026-04-06 11:57:00,LMN.V,,23.190000534057617,23.190000534057617,23.190000534057617,23.190000534057617,200.0
2026-04-06 11:57:00,MLP.V,,1.9299999475479126,1.9299999475479126,1.9299999475479126,1.9299999475479126,300.0
2026-04-06 11:57:00,NICU.V,,2.1500000953674316,2.1500000953674316,2.1500000953674316,2.1500000953674316,3400.0
2026-04-06 11:57:00,NURS.V,,3.2200000286102295,3.2200000286102295,3.2200000286102295,3.2200000286102295,500.0
2026-04-06 11:57:00,PNG.V,,8.550000190734863,8.550000190734863,8.550000190734863,8.550000190734863,1301.0
2026-04-06 11:58:00,FWZ.V,,4.599999904632568,4.599999904632568,4.599999904632568,4.599999904632568,1300.0
2026-04-06 11:58:00,HITI.V,,3.299999952316284,3.299999952316284,3.299999952316284,3.299999952316284,100.0
2026-04-06 11:58:00,HME.V,,2.7899999618530273,2.7899999618530273,2.7899999618530273,2.7899999618530273,800.0
2026-04-06 11:58:00,HSTR.V,,2.450000047683716,2.450000047683716,2.450000047683716,2.450000047683716,100.0
2026-04-06 11:58:00,JZR.V,,0.2849999964237213,0.2849999964237213,0.2849999964237213,0.2849999964237213,500.0
2026-04-06 11:58:00,MKO.V,,8.800000190734863,8.800000190734863,8.789999961853027,8.789999961853027,2400.0
2026-04-06 11:58:00,MLP.V,,1.9299999475479126,1.9299999475479126,1.9299999475479126,1.9299999475479126,100.0
2026-04-06 11:58:00,NICU.V,,2.1500000953674316,2.1500000953674316,2.1500000953674316,2.1500000953674316,400.0
2026-04-06 11:58:00,NURS.V,,3.1700000762939453,3.200000047683716,3.1700000762939453,3.200000047683716,1250.0
2026-04-06 11:59:00,HME.V,,2.7850000858306885,2.7899999618530273,2.7850000858306885,2.7899999618530273,200.0
2026-04-06 11:59:00,HSTR.V,,2.450000047683716,2.450000047683716,2.450000047683716,2.450000047683716,300.0
2026-04-06 11:59:00,IFOS.V,,3.7200000286102295,3.7200000286102295,3.7100000381469727,3.7200000286102295,5905.0
2026-04-06 11:59:00,IPT.V,,0.23999999463558197,0.23999999463558197,0.23999999463558197,0.23999999463558197,1000.0
2026-04-06 11:59:00,ITR.V,,4.050000190734863,4.050000190734863,4.050000190734863,4.050000190734863,100.0
2026-04-06 11:59:00,JUGR.V,,1.3600000143051147,1.3600000143051147,1.3600000143051147,1.3600000143051147,100.0
2026-04-06 11:59:00,JZR.V,,0.2849999964237213,0.2849999964237213,0.2849999964237213,0.2849999964237213,500.0
2026-04-06 11:59:00,KTN.V,,1.399999976158142,1.399999976158142,1.399999976158142,1.399999976158142,700.0
2026-04-06 11:59:00,LQWD.V,,1.0099999904632568,1.0099999904632568,1.0099999904632568,1.0099999904632568,0.0
2026-04-06 11:59:00,LUCA.V,,1.399999976158142,1.399999976158142,1.399999976158142,1.399999976158142,100.0
2026-04-06 11:59:00,MLP.V,,1.9299999475479126,1.9299999475479126,1.9299999475479126,1.9299999475479126,600.0
2026-04-06 11:59:00,PNG.V,,8.569999694824219,8.569999694824219,8.5600004196167,8.5600004196167,1300.0
2026-04-06 12:00:00,FPC.V,,0.38499999046325684,0.38999998569488525,0.38499999046325684,0.38999998569488525,114500.0
2026-04-06 12:00:00,FUU.V,,0.17499999701976776,0.17499999701976776,0.17499999701976776,0.17499999701976776,500.0
2026-04-06 12:00:00,GOT.V,,1.684999942779541,1.684999942779541,1.684999942779541,1.684999942779541,100.0
2026-04-06 12:00:00,GPH.V,,1.2599999904632568,1.2599999904632568,1.2599999904632568,1.2599999904632568,100.0
2026-04-06 12:00:00,GSI.V,,1.2300000190734863,1.2300000190734863,1.2300000190734863,1.2300000190734863,100.0
2026-04-06 12:00:00,HEVI.V,,0.27000001072883606,0.27000001072883606,0.27000001072883606,0.27000001072883606,2000.0
2026-04-06 12:00:00,HME.V,,2.7850000858306885,2.7850000858306885,2.7850000858306885,2.7850000858306885,100.0
2026-04-06 12:00:00,IFOS.V,,3.7200000286102295,3.7200000286102295,3.7200000286102295,3.7200000286102295,3700.0
2026-04-06 12:00:00,JZR.V,,0.2849999964237213,0.2849999964237213,0.2849999964237213,0.2849999964237213,500.0
2026-04-06 12:00:00,KTN.V,,1.399999976158142,1.399999976158142,1.399999976158142,1.399999976158142,10000.0
2026-04-06 12:00:00,KTO.V,,0.699999988079071,0.699999988079071,0.699999988079071,0.699999988079071,5000.0
2026-04-06 12:00:00,NICU.V,,2.1500000953674316,2.1500000953674316,2.1500000953674316,2.1500000953674316,1100.0
2026-04-06 12:00:00,PNG.V,,8.569999694824219,8.569999694824219,8.550000190734863,8.550000190734863,3700.0
2026-04-06 12:01:00,FRED.V,,0.5899999737739563,0.5899999737739563,0.5799999833106995,0.5799999833106995,7982.0
2026-04-06 12:01:00,GFM-H.V,,0.42500001192092896,0.42500001192092896,0.42500001192092896,0.42500001192092896,10327.0
2026-04-06 12:01:00,GRSL.V,,0.3199999928474426,0.3199999928474426,0.3199999928474426,0.3199999928474426,4500.0
2026-04-06 12:01:00,HELI.V,,0.054999999701976776,0.054999999701976776,0.054999999701976776,0.054999999701976776,10000.0
2026-04-06 12:01:00,HIVE.V,,2.75,2.75,2.75,2.75,2500.0
2026-04-06 12:01:00,HME.V,,2.7850000858306885,2.7850000858306885,2.7850000858306885,2.7850000858306885,100.0
2026-04-06 12:01:00,JZR.V,,0.2849999964237213,0.2849999964237213,0.2849999964237213,0.2849999964237213,500.0
2026-04-06 12:01:00,KTO.V,,0.699999988079071,0.699999988079071,0.699999988079071,0.699999988079071,9500.0
2026-04-06 12:01:00,LIO.V,,0.2549999952316284,0.2549999952316284,0.2549999952316284,0.2549999952316284,10000.0
2026-04-06 12:01:00,LLG.V,,0.07999999821186066,0.07999999821186066,0.07999999821186066,0.07999999821186066,5000.0
2026-04-06 12:01:00,NICU.V,,2.1500000953674316,2.1500000953674316,2.1500000953674316,2.1500000953674316,700.0
2026-04-06 12:01:00,PNG.V,,8.569999694824219,8.569999694824219,8.569999694824219,8.569999694824219,555.0
2026-04-06 12:02:00,GGO.V,,1.0149999856948853,1.0149999856948853,1.0149999856948853,1.0149999856948853,100.0
2026-04-06 12:02:00,GPH.V,,1.2599999904632568,1.2599999904632568,1.2599999904632568,1.2599999904632568,100.0
2026-04-06 12:02:00,GSI.V,,1.2300000190734863,1.2300000190734863,1.2300000190734863,1.2300000190734863,400.0
2026-04-06 12:02:00,HITI.V,,3.2899999618530273,3.299999952316284,3.2899999618530273,3.299999952316284,400.0
2026-04-06 12:02:00,HIVE.V,,2.75,2.75,2.75,2.75,1116.0
2026-04-06 12:02:00,ICM.V,,0.12999999523162842,0.12999999523162842,0.12999999523162842,0.12999999523162842,1000.0
2026-04-06 12:02:00,ITR.V,,4.050000190734863,4.050000190734863,4.050000190734863,4.050000190734863,1200.0
2026-04-06 12:02:00,LRA.V,,3.630000114440918,3.630000114440918,3.5899999141693115,3.5899999141693115,500.0
2026-04-06 12:02:00,TUF.V,,0.2549999952316284,0.2549999952316284,0.2549999952316284,0.2549999952316284,12000.0
2026-04-06 12:03:00,FREQ.V,,0.27000001072883606,0.27000001072883606,0.27000001072883606,0.27000001072883606,0.0
2026-04-06 12:03:00,FUU.V,,0.17499999701976776,0.17499999701976776,0.17499999701976776,0.17499999701976776,500.0
2026-04-06 12:03:00,GLDN.V,,0.054999999701976776,0.054999999701976776,0.054999999701976776,0.054999999701976776,0.0
2026-04-06 12:03:00,GMG.V,,2.25,2.25,2.25,2.25,1147.0
2026-04-06 12:03:00,GOT.V,,1.6799999475479126,1.6799999475479126,1.6799999475479126,1.6799999475479126,100.0
2026-04-06 12:03:00,GSP.V,,0.1550000011920929,0.1599999964237213,0.1550000011920929,0.1599999964237213,13095.0
2026-04-06 12:03:00,IFOS.V,,3.7200000286102295,3.7200000286102295,3.7200000286102295,3.7200000286102295,3200.0
2026-04-06 12:03:00,JZR.V,,0.2849999964237213,0.2849999964237213,0.2849999964237213,0.2849999964237213,500.0
2026-04-06 12:03:00,NURS.V,,3.2200000286102295,3.2200000286102295,3.2100000381469727,3.2100000381469727,2500.0
2026-04-06 12:03:00,PNG.V,,8.550000190734863,8.550000190734863,8.550000190734863,8.550000190734863,7400.0
2026-04-06 12:04:00,GOT.V,,1.6749999523162842,1.6749999523162842,1.6749999523162842,1.6749999523162842,100.0
2026-04-06 12:04:00,GPH.V,,1.2599999904632568,1.2599999904632568,1.2599999904632568,1.2599999904632568,1000.0
2026-04-06 12:04:00,HEVI.V,,0.25999999046325684,0.25999999046325684,0.25999999046325684,0.25999999046325684,29000.0
2026-04-06 12:04:00,IPT.V,,0.23999999463558197,0.23999999463558197,0.23999999463558197,0.23999999463558197,560.0
2026-04-06 12:04:00,JZR.V,,0.2849999964237213,0.2849999964237213,0.2849999964237213,0.2849999964237213,500.0
2026-04-06 12:04:00,KTN.V,,1.399999976158142,1.399999976158142,1.399999976158142,1.399999976158142,1000.0
2026-04-06 12:04:00,LUCA.V,,1.399999976158142,1.399999976158142,1.399999976158142,1.399999976158142,104.0
2026-04-06 12:04:00,PNG.V,,8.569999694824219,8.569999694824219,8.569999694824219,8.569999694824219,24524.0
2026-04-06 12:05:00,ESK.V,,0.42500001192092896,0.42500001192092896,0.42500001192092896,0.42500001192092896,0.0
2026-04-06 12:05:00,FWZ.V,,4.590000152587891,4.590000152587891,4.590000152587891,4.590000152587891,500.0
2026-04-06 12:05:00,GPH.V,,1.2599999904632568,1.2599999904632568,1.2599999904632568,1.2599999904632568,200.0
2026-04-06 12:05:00,GSI.V,,1.2300000190734863,1.2300000190734863,1.2300000190734863,1.2300000190734863,200.0
2026-04-06 12:05:00,HEVI.V,,0.25999999046325684,0.25999999046325684,0.25999999046325684,0.25999999046325684,4000.0
2026-04-06 12:05:00,ITR.V,,4.050000190734863,4.050000190734863,4.045000076293945,4.045000076293945,500.0
2026-04-06 12:05:00,JZR.V,,0.2849999964237213,0.2849999964237213,0.2849999964237213,0.2849999964237213,500.0
2026-04-06 12:05:00,LUCA.V,,1.409999966621399,1.409999966621399,1.409999966621399,1.409999966621399,100.0
2026-04-06 12:05:00,MAH.V,,0.004999999888241291,0.004999999888241291,0.004999999888241291,0.004999999888241291,2000.0
2026-04-06 12:05:00,NICU.V,,2.1500000953674316,2.1500000953674316,2.1500000953674316,2.1500000953674316,500.0
2026-04-06 12:05:00,PNG.V,,8.579999923706055,8.579999923706055,8.579999923706055,8.579999923706055,935.0
2026-04-06 12:05:00,YGT.V,,0.2150000035762787,0.2150000035762787,0.2150000035762787,0.2150000035762787,500.0
2026-04-06 12:06:00,GGO.V,,1.0099999904632568,1.0099999904632568,1.0099999904632568,1.0099999904632568,100.0
2026-04-06 12:06:00,GPH.V,,1.2599999904632568,1.2599999904632568,1.2599999904632568,1.2599999904632568,100.0
2026-04-06 12:06:00,HEVI.V,,0.25999999046325684,0.25999999046325684,0.25999999046325684,0.25999999046325684,1008.0
2026-04-06 12:06:00,HIVE.V,,2.75,2.75,2.75,2.75,9500.0
2026-04-06 12:06:00,HME.V,,2.7899999618530273,2.7899999618530273,2.7899999618530273,2.7899999618530273,201.0
2026-04-06 12:06:00,ICM.V,,0.12999999523162842,0.12999999523162842,0.12999999523162842,0.12999999523162842,24000.0
2026-04-06 12:06:00,LGN.V,,0.9599999785423279,0.9599999785423279,0.949999988079071,0.949999988079071,169226.0
2026-04-06 12:06:00,LTH.V,,1.4149999618530273,1.4149999618530273,1.4149999618530273,1.4149999618530273,1200.0
2026-04-06 12:06:00,MEK.V,,0.02500000037252903,0.02500000037252903,0.02500000037252903,0.02500000037252903,51000.0
2026-04-06 12:06:00,NURS.V,,3.2200000286102295,3.2200000286102295,3.2200000286102295,3.2200000286102295,100.0
2026-04-06 12:06:00,PNG.V,,8.579999923706055,8.579999923706055,8.579999923706055,8.579999923706055,300.0
2026-04-06 12:07:00,FUU.V,,0.17499999701976776,0.17499999701976776,0.17499999701976776,0.17499999701976776,500.0
2026-04-06 12:07:00,GPH.V,,1.2599999904632568,1.2599999904632568,1.2599999904632568,1.2599999904632568,300.0
2026-04-06 12:07:00,GSR.V,,0.5400000214576721,0.5400000214576721,0.5400000214576721,0.5400000214576721,45000.0
2026-04-06 12:07:00,HIVE.V,,2.75,2.75,2.75,2.75,700.0
2026-04-06 12:07:00,HME.V,,2.7899999618530273,2.7899999618530273,2.7899999618530273,2.7899999618530273,200.0
2026-04-06 12:07:00,JZR.V,,0.28999999165534973,0.28999999165534973,0.28999999165534973,0.28999999165534973,500.0
2026-04-06 12:07:00,LGN.V,,0.9599999785423279,0.9599999785423279,0.9599999785423279,0.9599999785423279,9500.0
2026-04-06 12:07:00,NICU.V,,2.1500000953674316,2.1500000953674316,2.1500000953674316,2.1500000953674316,100.0
2026-04-06 12:08:00,FWZ.V,,4.590000152587891,4.590000152587891,4.590000152587891,4.590000152587891,700.0
2026-04-06 12:08:00,GSI.V,,1.2300000190734863,1.2300000190734863,1.2300000190734863,1.2300000190734863,100.0
2026-04-06 12:08:00,HELI.V,,0.05000000074505806,0.05000000074505806,0.05000000074505806,0.05000000074505806,995580.0
2026-04-06 12:08:00,HEVI.V,,0.25,0.2549999952316284,0.25,0.2549999952316284,5000.0
2026-04-06 12:08:00,HIVE.V,,2.75,2.75,2.740000009536743,2.740000009536743,528.0
2026-04-06 12:08:00,IFOS.V,,3.7200000286102295,3.7200000286102295,3.7200000286102295,3.7200000286102295,1000.0
2026-04-06 12:08:00,JZR.V,,0.28999999165534973,0.28999999165534973,0.28999999165534973,0.28999999165534973,1000.0
2026-04-06 12:08:00,KTN.V,,1.399999976158142,1.399999976158142,1.399999976158142,1.399999976158142,1000.0
2026-04-06 12:08:00,LUCA.V,,1.409999966621399,1.409999966621399,1.409999966621399,1.409999966621399,100.0
2026-04-06 12:08:00,NICU.V,,2.1500000953674316,2.1500000953674316,2.1500000953674316,2.1500000953674316,200.0
2026-04-06 12:08:00,PNG.V,,8.5600004196167,8.569999694824219,8.5600004196167,8.569999694824219,802.0
2026-04-06 12:09:00,GOT.V,,1.6699999570846558,1.6699999570846558,1.6699999570846558,1.6699999570846558,100.0
2026-04-06 12:09:00,GSI.V,,1.2300000190734863,1.2300000190734863,1.2300000190734863,1.2300000190734863,1700.0
2026-04-06 12:09:00,GWM.V,,0.6399999856948853,0.6399999856948853,0.6399999856948853,0.6399999856948853,500.0
2026-04-06 12:09:00,HELI.V,,0.05000000074505806,0.05000000074505806,0.05000000074505806,0.05000000074505806,4000.0
2026-04-06 12:09:00,HME.V,,2.7899999618530273,2.7899999618530273,2.7899999618530273,2.7899999618530273,100.0
2026-04-06 12:09:00,JZR.V,,0.28999999165534973,0.28999999165534973,0.28999999165534973,0.28999999165534973,500.0
2026-04-06 12:09:00,LTH.V,,1.409999966621399,1.409999966621399,1.409999966621399,1.409999966621399,2200.0
2026-04-06 12:10:00,GPH.V,,1.2599999904632568,1.2599999904632568,1.2599999904632568,1.2599999904632568,100.0
2026-04-06 12:10:00,GRSL.V,,0.3199999928474426,0.3199999928474426,0.3199999928474426,0.3199999928474426,10500.0
2026-04-06 12:10:00,HIVE.V,,2.740000009536743,2.740000009536743,2.740000009536743,2.740000009536743,800.0
2026-04-06 12:10:00,HME.V,,2.7899999618530273,2.7899999618530273,2.7899999618530273,2.7899999618530273,100.0
2026-04-06 12:10:00,IFOS.V,,3.7200000286102295,3.7200000286102295,3.7200000286102295,3.7200000286102295,200.0
2026-04-06 12:10:00,JZR.V,,0.28999999165534973,0.28999999165534973,0.28999999165534973,0.28999999165534973,500.0
2026-04-06 12:10:00,LBNK.V,,0.7300000190734863,0.7300000190734863,0.7300000190734863,0.7300000190734863,3000.0
2026-04-06 12:10:00,LG.V,,0.3449999988079071,0.3449999988079071,0.3449999988079071,0.3449999988079071,500.0
2026-04-06 12:10:00,LTH.V,,1.399999976158142,1.399999976158142,1.3949999809265137,1.399999976158142,9400.0
2026-04-06 12:10:00,MLP.V,,1.9299999475479126,1.9299999475479126,1.9299999475479126,1.9299999475479126,100.0
2026-04-06 12:10:00,NICU.V,,2.1500000953674316,2.1549999713897705,2.1500000953674316,2.1500000953674316,7200.0
2026-04-06 12:10:00,PNG.V,,8.579999923706055,8.579999923706055,8.569999694824219,8.569999694824219,335.0
2026-04-06 12:11:00,FUU.V,,0.17499999701976776,0.17499999701976776,0.17499999701976776,0.17499999701976776,500.0
2026-04-06 12:11:00,GGO.V,,1.0099999904632568,1.0099999904632568,1.0099999904632568,1.0099999904632568,100.0
2026-04-06 12:11:00,GPH.V,,1.2599999904632568,1.2599999904632568,1.2599999904632568,1.2599999904632568,4100.0
2026-04-06 12:11:00,HELI.V,,0.05000000074505806,0.05000000074505806,0.05000000074505806,0.05000000074505806,2000.0
2026-04-06 12:11:00,HEVI.V,,0.2549999952316284,0.2549999952316284,0.2549999952316284,0.2549999952316284,500.0
2026-04-06 12:11:00,HME.V,,2.7899999618530273,2.7899999618530273,2.7899999618530273,2.7899999618530273,100.0
2026-04-06 12:11:00,ITR.V,,4.045000076293945,4.045000076293945,4.045000076293945,4.045000076293945,100.0
2026-04-06 12:11:00,JZR.V,,0.28999999165534973,0.28999999165534973,0.28999999165534973,0.28999999165534973,500.0
2026-04-06 12:11:00,LBNK.V,,0.7200000286102295,0.7200000286102295,0.7200000286102295,0.7200000286102295,1000.0
2026-04-06 12:11:00,LTH.V,,1.399999976158142,1.399999976158142,1.399999976158142,1.399999976158142,600.0
2026-04-06 12:11:00,MN.V,,0.11500000208616257,0.11500000208616257,0.11500000208616257,0.11500000208616257,16500.0
2026-04-06 12:11:00,NURS.V,,3.2200000286102295,3.2200000286102295,3.2200000286102295,3.2200000286102295,100.0
2026-04-06 12:11:00,PNG.V,,8.569999694824219,8.569999694824219,8.569999694824219,8.569999694824219,3000.0
2026-04-06 12:12:00,GOOD.V,,0.14000000059604645,0.14000000059604645,0.14000000059604645,0.14000000059604645,0.0
2026-04-06 12:12:00,GQC.V,,2.369999885559082,2.369999885559082,2.369999885559082,2.369999885559082,3100.0
2026-04-06 12:12:00,GSVR.V,,0.6100000143051147,0.6100000143051147,0.6100000143051147,0.6100000143051147,31000.0
2026-04-06 12:12:00,HIVE.V,,2.759999990463257,2.759999990463257,2.75,2.75,9574.0
2026-04-06 12:12:00,ITR.V,,4.050000190734863,4.050000190734863,4.050000190734863,4.050000190734863,100.0
2026-04-06 12:12:00,LIS.V,,0.49000000953674316,0.49000000953674316,0.49000000953674316,0.49000000953674316,25000.0
2026-04-06 12:12:00,LTH.V,,1.399999976158142,1.399999976158142,1.399999976158142,1.399999976158142,100.0
2026-04-06 12:12:00,LUCA.V,,1.4049999713897705,1.409999966621399,1.4049999713897705,1.409999966621399,300.0
2026-04-06 12:12:00,NICU.V,,2.1500000953674316,2.1500000953674316,2.1500000953674316,2.1500000953674316,100.0
2026-04-06 12:13:00,FPX.V,,0.4350000023841858,0.4350000023841858,0.4350000023841858,0.4350000023841858,1000.0
2026-04-06 12:13:00,GGO.V,,1.0099999904632568,1.0099999904632568,1.0099999904632568,1.0099999904632568,100.0
2026-04-06 12:13:00,GPH.V,,1.2599999904632568,1.2599999904632568,1.2599999904632568,1.2599999904632568,200.0
2026-04-06 12:13:00,HEVI.V,,0.2549999952316284,0.2549999952316284,0.2549999952316284,0.2549999952316284,7205.0
2026-04-06 12:13:00,HME.V,,2.7899999618530273,2.7899999618530273,2.7899999618530273,2.7899999618530273,100.0
2026-04-06 12:13:00,HSTR.V,,2.440000057220459,2.440000057220459,2.434999942779541,2.440000057220459,4400.0
2026-04-06 12:13:00,ITR.V,,4.050000190734863,4.050000190734863,4.050000190734863,4.050000190734863,600.0
2026-04-06 12:13:00,JZR.V,,0.28999999165534973,0.28999999165534973,0.28999999165534973,0.28999999165534973,500.0
2026-04-06 12:13:00,KTN.V,,1.399999976158142,1.399999976158142,1.399999976158142,1.399999976158142,100.0
2026-04-06 12:13:00,LIO.V,,0.2549999952316284,0.2549999952316284,0.25,0.2549999952316284,84500.0
2026-04-06 12:13:00,LTH.V,,1.399999976158142,1.399999976158142,1.399999976158142,1.399999976158142,4800.0
2026-04-06 12:13:00,ZNG.V,,1.0700000524520874,1.0700000524520874,1.0700000524520874,1.0700000524520874,400.0
2026-04-06 12:14:00,FPX.V,,0.4300000071525574,0.45500001311302185,0.4300000071525574,0.45500001311302185,5500.0
2026-04-06 12:14:00,FRED.V,,0.5699999928474426,0.5799999833106995,0.5699999928474426,0.5799999833106995,3066.0
2026-04-06 12:14:00,HCH.V,,1.350000023841858,1.350000023841858,1.350000023841858,1.350000023841858,1000.0
2026-04-06 12:14:00,HEVI.V,,0.25,0.25,0.25,0.25,2000.0
2026-04-06 12:14:00,HIVE.V,,2.7699999809265137,2.7699999809265137,2.7699999809265137,2.7699999809265137,7403.0
2026-04-06 12:14:00,HME.V,,2.7899999618530273,2.7899999618530273,2.7899999618530273,2.7899999618530273,100.0
2026-04-06 12:14:00,ICM.V,,0.125,0.125,0.125,0.125,500.0
2026-04-06 12:14:00,JZR.V,,0.28999999165534973,0.28999999165534973,0.28999999165534973,0.28999999165534973,500.0
2026-04-06 12:14:00,LIO.V,,0.2549999952316284,0.2549999952316284,0.2549999952316284,0.2549999952316284,5000.0
2026-04-06 12:14:00,LMN.V,,22.989999771118164,22.989999771118164,22.989999771118164,22.989999771118164,132.0
2026-04-06 12:14:00,NICU.V,,2.1500000953674316,2.1500000953674316,2.1500000953674316,2.1500000953674316,500.0
2026-04-06 12:14:00,PNG.V,,8.569999694824219,8.569999694824219,8.569999694824219,8.569999694824219,100.0
2026-04-06 12:15:00,FPX.V,,0.45500001311302185,0.45500001311302185,0.45500001311302185,0.45500001311302185,2500.0
2026-04-06 12:15:00,FUU.V,,0.17499999701976776,0.17499999701976776,0.17499999701976776,0.17499999701976776,500.0
2026-04-06 12:15:00,GSI.V,,1.2300000190734863,1.2300000190734863,1.2300000190734863,1.2300000190734863,500.0
2026-04-06 12:15:00,HELI.V,,0.05000000074505806,0.05000000074505806,0.05000000074505806,0.05000000074505806,28000.0
2026-04-06 12:15:00,HEVI.V,,0.25,0.2549999952316284,0.25,0.2549999952316284,18000.0
2026-04-06 12:15:00,HITI.V,,3.2899999618530273,3.2899999618530273,3.2899999618530273,3.2899999618530273,4343.0
2026-04-06 12:15:00,HSTR.V,,2.430000066757202,2.430000066757202,2.430000066757202,2.430000066757202,800.0
2026-04-06 12:15:00,ITR.V,,4.050000190734863,4.050000190734863,4.034999847412109,4.039999961853027,5500.0
2026-04-06 12:15:00,JZR.V,,0.28999999165534973,0.28999999165534973,0.28999999165534973,0.28999999165534973,500.0
2026-04-06 12:15:00,LUCA.V,,1.409999966621399,1.409999966621399,1.409999966621399,1.409999966621399,100.0
2026-04-06 12:15:00,MMA.V,,1.2799999713897705,1.2999999523162842,1.2799999713897705,1.2999999523162842,9370.0
2026-04-06 12:15:00,PNG.V,,8.539999961853027,8.5600004196167,8.539999961853027,8.5600004196167,1055.0
2026-04-06 12:16:00,FPX.V,,0.4300000071525574,0.4300000071525574,0.4300000071525574,0.4300000071525574,2000.0
2026-04-06 12:16:00,GGO.V,,1.0099999904632568,1.0099999904632568,1.0099999904632568,1.0099999904632568,100.0
2026-04-06 12:16:00,HIVE.V,,2.7699999809265137,2.7699999809265137,2.7699999809265137,2.7699999809265137,2700.0
2026-04-06 12:16:00,HME.V,,2.7899999618530273,2.7899999618530273,2.7899999618530273,2.7899999618530273,100.0
2026-04-06 12:16:00,ITR.V,,4.045000076293945,4.045000076293945,4.045000076293945,4.045000076293945,100.0
2026-04-06 12:16:00,JZR.V,,0.28999999165534973,0.28999999165534973,0.28999999165534973,0.28999999165534973,500.0
2026-04-06 12:16:00,MLP.V,,1.9299999475479126,1.9299999475479126,1.9299999475479126,1.9299999475479126,200.0
2026-04-06 12:16:00,NURS.V,,3.180000066757202,3.180000066757202,3.180000066757202,3.180000066757202,100.0
2026-04-06 12:16:00,PNG.V,,8.550000190734863,8.550000190734863,8.550000190734863,8.550000190734863,100.0
2026-04-06 12:17:00,GSI.V,,1.2300000190734863,1.2300000190734863,1.2300000190734863,1.2300000190734863,100.0
2026-04-06 12:17:00,GSVR.V,,0.6100000143051147,0.6100000143051147,0.6100000143051147,0.6100000143051147,32400.0
2026-04-06 12:17:00,HSTR.V,,2.4200000762939453,2.4200000762939453,2.4200000762939453,2.4200000762939453,100.0
2026-04-06 12:17:00,ITR.V,,4.050000190734863,4.059999942779541,4.050000190734863,4.050000190734863,2200.0
2026-04-06 12:17:00,JZR.V,,0.28999999165534973,0.28999999165534973,0.28999999165534973,0.28999999165534973,500.0
2026-04-06 12:17:00,KTN.V,,1.399999976158142,1.399999976158142,1.399999976158142,1.399999976158142,900.0
2026-04-06 12:17:00,LBNK.V,,0.7099999785423279,0.7099999785423279,0.7099999785423279,0.7099999785423279,1000.0
2026-04-06 12:17:00,NICU.V,,2.1500000953674316,2.1500000953674316,2.1500000953674316,2.1500000953674316,500.0
2026-04-06 12:17:00,PNG.V,,8.529999732971191,8.529999732971191,8.529999732971191,8.529999732971191,500.0
2026-04-06 12:18:00,AUEN.V,,0.2800000011920929,0.2800000011920929,0.2800000011920929,0.2800000011920929,3000.0
2026-04-06 12:18:00,GMG.V,,2.2200000286102295,2.240000009536743,2.2200000286102295,2.240000009536743,3800.0
2026-04-06 12:18:00,GPH.V,,1.2599999904632568,1.2599999904632568,1.2599999904632568,1.2599999904632568,100.0
2026-04-06 12:18:00,GQC.V,,2.369999885559082,2.369999885559082,2.369999885559082,2.369999885559082,700.0
2026-04-06 12:18:00,GSVR.V,,0.6100000143051147,0.6100000143051147,0.6100000143051147,0.6100000143051147,872.0
2026-04-06 12:18:00,HELI.V,,0.05000000074505806,0.05000000074505806,0.05000000074505806,0.05000000074505806,31313.0
2026-04-06 12:18:00,HME.V,,2.7899999618530273,2.7899999618530273,2.7899999618530273,2.7899999618530273,100.0
2026-04-06 12:18:00,JZR.V,,0.28999999165534973,0.28999999165534973,0.28999999165534973,0.28999999165534973,500.0
2026-04-06 12:18:00,LMN.V,,23.030000686645508,23.030000686645508,23.030000686645508,23.030000686645508,100.0
2026-04-06 12:19:00,FO.V,,0.375,0.375,0.375,0.375,500.0
2026-04-06 12:19:00,FRI.V,,0.05999999865889549,0.05999999865889549,0.05999999865889549,0.05999999865889549,1000.0
2026-04-06 12:19:00,FUU.V,,0.17499999701976776,0.17499999701976776,0.17499999701976776,0.17499999701976776,500.0
2026-04-06 12:19:00,FWZ.V,,4.550000190734863,4.550000190734863,4.550000190734863,4.550000190734863,500.0
2026-04-06 12:19:00,GMG.V,,2.2100000381469727,2.2200000286102295,2.2100000381469727,2.2200000286102295,800.0
2026-04-06 12:19:00,HIVE.V,,2.7699999809265137,2.7699999809265137,2.7699999809265137,2.7699999809265137,3809.0
2026-04-06 12:19:00,IFOS.V,,3.7200000286102295,3.7300000190734863,3.7200000286102295,3.7300000190734863,400.0
2026-04-06 12:19:00,KS.V,,0.2199999988079071,0.2199999988079071,0.2199999988079071,0.2199999988079071,1500.0
2026-04-06 12:19:00,LIS.V,,0.4950000047683716,0.4950000047683716,0.4950000047683716,0.4950000047683716,500.0
2026-04-06 12:19:00,LTH.V,,1.409999966621399,1.409999966621399,1.399999976158142,1.399999976158142,2100.0
2026-04-06 12:19:00,LUCA.V,,1.399999976158142,1.399999976158142,1.399999976158142,1.399999976158142,100.0
2026-04-06 12:19:00,LVX.V,,0.5799999833106995,0.5799999833106995,0.5600000023841858,0.5600000023841858,30500.0
2026-04-06 12:19:00,NICU.V,,2.1500000953674316,2.1500000953674316,2.1500000953674316,2.1500000953674316,200.0
2026-04-06 12:20:00,AUEN.V,,0.2800000011920929,0.2800000011920929,0.2800000011920929,0.2800000011920929,500.0
2026-04-06 12:20:00,FMAN.V,,0.3100000023841858,0.3100000023841858,0.3100000023841858,0.3100000023841858,2000.0
2026-04-06 12:20:00,GMG.V,,2.200000047683716,2.2100000381469727,2.200000047683716,2.2100000381469727,1800.0
2026-04-06 12:20:00,GPAC.V,,0.46000000834465027,0.4650000035762787,0.46000000834465027,0.4650000035762787,5500.0
2026-04-06 12:20:00,GSI.V,,1.2300000190734863,1.2300000190734863,1.2300000190734863,1.2300000190734863,1000.0
2026-04-06 12:20:00,GSVR.V,,0.6100000143051147,0.6100000143051147,0.6100000143051147,0.6100000143051147,500.0
2026-04-06 12:20:00,HME.V,,2.7899999618530273,2.7899999618530273,2.7899999618530273,2.7899999618530273,100.0
2026-04-06 12:20:00,JZR.V,,0.28999999165534973,0.28999999165534973,0.28999999165534973,0.28999999165534973,500.0
2026-04-06 12:20:00,LIS.V,,0.4950000047683716,0.4950000047683716,0.4950000047683716,0.4950000047683716,15000.0
2026-04-06 12:20:00,LTH.V,,1.4049999713897705,1.4049999713897705,1.4049999713897705,1.4049999713897705,100.0
2026-04-06 12:20:00,LUCA.V,,1.399999976158142,1.399999976158142,1.399999976158142,1.399999976158142,6838.0
2026-04-06 12:21:00,FWZ.V,,4.550000190734863,4.550000190734863,4.550000190734863,4.550000190734863,100.0
2026-04-06 12:21:00,GGO.V,,1.0199999809265137,1.0199999809265137,1.0099999904632568,1.0099999904632568,900.0
2026-04-06 12:21:00,GPH.V,,1.2599999904632568,1.2599999904632568,1.2599999904632568,1.2599999904632568,100.0
2026-04-06 12:21:00,HME.V,,2.7899999618530273,2.7899999618530273,2.7899999618530273,2.7899999618530273,100.0
2026-04-06 12:21:00,HWY.V,,0.4099999964237213,0.41499999165534973,0.4099999964237213,0.41499999165534973,0.0
2026-04-06 12:21:00,JZR.V,,0.28999999165534973,0.28999999165534973,0.28999999165534973,0.28999999165534973,500.0
2026-04-06 12:21:00,LMN.V,,23.030000686645508,23.030000686645508,23.030000686645508,23.030000686645508,100.0
2026-04-06 12:21:00,LTH.V,,1.409999966621399,1.409999966621399,1.4049999713897705,1.4049999713897705,1400.0
2026-04-06 12:21:00,LUCA.V,,1.399999976158142,1.399999976158142,1.399999976158142,1.399999976158142,900.0
2026-04-06 12:21:00,NURS.V,,3.180000066757202,3.180000066757202,3.180000066757202,3.180000066757202,100.0
2026-04-06 12:22:00,FMS.V,,0.3499999940395355,0.3499999940395355,0.3499999940395355,0.3499999940395355,1000.0
2026-04-06 12:22:00,FPC.V,,0.38999998569488525,0.38999998569488525,0.38999998569488525,0.38999998569488525,11000.0
2026-04-06 12:22:00,GOT.V,,1.6699999570846558,1.6699999570846558,1.6699999570846558,1.6699999570846558,500.0
2026-04-06 12:22:00,HITI.V,,3.2799999713897705,3.2799999713897705,3.2799999713897705,3.2799999713897705,100.0
2026-04-06 12:22:00,JZR.V,,0.28999999165534973,0.28999999165534973,0.28999999165534973,0.28999999165534973,500.0
2026-04-06 12:22:00,LGN.V,,0.9549999833106995,0.9549999833106995,0.9549999833106995,0.9549999833106995,500.0
2026-04-06 12:22:00,LTH.V,,1.399999976158142,1.399999976158142,1.399999976158142,1.399999976158142,100.0
2026-04-06 12:22:00,MLP.V,,1.9299999475479126,1.9299999475479126,1.9299999475479126,1.9299999475479126,300.0
2026-04-06 12:23:00,FUU.V,,0.17499999701976776,0.17499999701976776,0.17499999701976776,0.17499999701976776,500.0
2026-04-06 12:23:00,GPH.V,,1.2599999904632568,1.2599999904632568,1.2599999904632568,1.2599999904632568,100.0
2026-04-06 12:23:00,HCH.V,,1.3200000524520874,1.3200000524520874,1.3200000524520874,1.3200000524520874,800.0
2026-04-06 12:23:00,HIVE.V,,2.7699999809265137,2.7699999809265137,2.7699999809265137,2.7699999809265137,300.0
2026-04-06 12:23:00,HME.V,,2.7899999618530273,2.7899999618530273,2.7899999618530273,2.7899999618530273,100.0
2026-04-06 12:23:00,JUGR.V,,1.350000023841858,1.350000023841858,1.350000023841858,1.350000023841858,3000.0
2026-04-06 12:23:00,JZR.V,,0.28999999165534973,0.28999999165534973,0.28999999165534973,0.28999999165534973,500.0
2026-04-06 12:23:00,KC.V,,0.30000001192092896,0.30000001192092896,0.30000001192092896,0.30000001192092896,8000.0
2026-04-06 12:23:00,LTH.V,,1.399999976158142,1.399999976158142,1.399999976158142,1.399999976158142,100.0
2026-04-06 12:23:00,MKO.V,,8.829999923706055,8.829999923706055,8.829999923706055,8.829999923706055,100.0
2026-04-06 12:23:00,NURS.V,,3.200000047683716,3.200000047683716,3.200000047683716,3.200000047683716,200.0
2026-04-06 12:24:00,GOT.V,,1.6749999523162842,1.6749999523162842,1.6749999523162842,1.6749999523162842,100.0
2026-04-06 12:24:00,GPH.V,,1.2599999904632568,1.2599999904632568,1.2599999904632568,1.2599999904632568,100.0
2026-04-06 12:24:00,KTO.V,,0.699999988079071,0.699999988079071,0.699999988079071,0.699999988079071,1000.0
2026-04-06 12:24:00,LTH.V,,1.399999976158142,1.399999976158142,1.399999976158142,1.399999976158142,1200.0
2026-04-06 12:24:00,MLP.V,,1.9500000476837158,1.9500000476837158,1.9500000476837158,1.9500000476837158,100.0
2026-04-06 12:24:00,NURS.V,,3.2200000286102295,3.2200000286102295,3.1700000762939453,3.1700000762939453,10400.0
2026-04-06 12:25:00,GPH.V,,1.2599999904632568,1.2599999904632568,1.2599999904632568,1.2599999904632568,400.0
2026-04-06 12:25:00,GSI.V,,1.2300000190734863,1.2350000143051147,1.2300000190734863,1.2350000143051147,1400.0
2026-04-06 12:25:00,HIVE.V,,2.7699999809265137,2.7699999809265137,2.7699999809265137,2.7699999809265137,800.0
2026-04-06 12:25:00,KTO.V,,0.699999988079071,0.699999988079071,0.699999988079071,0.699999988079071,500.0
2026-04-06 12:25:00,LMN.V,,23.049999237060547,23.049999237060547,23.049999237060547,23.049999237060547,100.0
2026-04-06 12:25:00,LSL.V,,0.38999998569488525,0.38999998569488525,0.38999998569488525,0.38999998569488525,3000.0
2026-04-06 12:25:00,LTH.V,,1.399999976158142,1.399999976158142,1.399999976158142,1.399999976158142,100.0
2026-04-06 12:25:00,MTX.V,,0.014999999664723873,0.014999999664723873,0.014999999664723873,0.014999999664723873,100000.0
2026-04-06 12:26:00,FO.V,,0.3700000047683716,0.3700000047683716,0.3700000047683716,0.3700000047683716,1000.0
2026-04-06 12:26:00,FPC.V,,0.39500001072883606,0.39500001072883606,0.39500001072883606,0.39500001072883606,28000.0
2026-04-06 12:26:00,FWZ.V,,4.550000190734863,4.550000190734863,4.550000190734863,4.550000190734863,151.0
2026-04-06 12:26:00,GGO.V,,1.0099999904632568,1.0099999904632568,1.0099999904632568,1.0099999904632568,100.0
2026-04-06 12:26:00,GPH.V,,1.2599999904632568,1.2599999904632568,1.2599999904632568,1.2599999904632568,100.0
2026-04-06 12:26:00,GRZ.V,,5.550000190734863,5.550000190734863,5.550000190734863,5.550000190734863,100.0
2026-04-06 12:26:00,HIVE.V,,2.7699999809265137,2.7699999809265137,2.7699999809265137,2.7699999809265137,10100.0
2026-04-06 12:26:00,HME.V,,2.7899999618530273,2.7899999618530273,2.7899999618530273,2.7899999618530273,100.0
2026-04-06 12:26:00,JZR.V,,0.28999999165534973,0.28999999165534973,0.28999999165534973,0.28999999165534973,500.0
2026-04-06 12:26:00,LGN.V,,0.949999988079071,0.949999988079071,0.949999988079071,0.949999988079071,500.0
2026-04-06 12:26:00,LTH.V,,1.399999976158142,1.399999976158142,1.399999976158142,1.399999976158142,400.0
2026-04-06 12:26:00,PNG.V,,8.550000190734863,8.550000190734863,8.550000190734863,8.550000190734863,129.0
2026-04-06 12:27:00,FO.V,,0.3700000047683716,0.3700000047683716,0.3700000047683716,0.3700000047683716,2500.0
2026-04-06 12:27:00,FPC.V,,0.39500001072883606,0.39500001072883606,0.39500001072883606,0.39500001072883606,30500.0
2026-04-06 12:27:00,FWZ.V,,4.570000171661377,4.570000171661377,4.570000171661377,4.570000171661377,600.0
2026-04-06 12:27:00,GRZ.V,,5.550000190734863,5.550000190734863,5.550000190734863,5.550000190734863,400.0
2026-04-06 12:27:00,HIVE.V,,2.7699999809265137,2.7699999809265137,2.7699999809265137,2.7699999809265137,500.0
2026-04-06 12:27:00,HSTR.V,,2.430000066757202,2.430000066757202,2.430000066757202,2.430000066757202,1200.0
2026-04-06 12:27:00,ITR.V,,4.050000190734863,4.050000190734863,4.050000190734863,4.050000190734863,300.0
2026-04-06 12:27:00,JZR.V,,0.28999999165534973,0.28999999165534973,0.28999999165534973,0.28999999165534973,500.0
2026-04-06 12:27:00,LGC.V,,1.9199999570846558,1.940000057220459,1.9199999570846558,1.940000057220459,2600.0
2026-04-06 12:27:00,MTA.V,,9.34000015258789,9.34000015258789,9.3100004196167,9.3100004196167,400.0
2026-04-06 12:28:00,GSI.V,,1.2300000190734863,1.2300000190734863,1.2300000190734863,1.2300000190734863,100.0
2026-04-06 12:28:00,HEVI.V,,0.25999999046325684,0.25999999046325684,0.25999999046325684,0.25999999046325684,5000.0
2026-04-06 12:28:00,KFR.V,,0.7200000286102295,0.7200000286102295,0.7200000286102295,0.7200000286102295,3000.0
2026-04-06 12:28:00,LAB.V,,0.07000000029802322,0.07000000029802322,0.07000000029802322,0.07000000029802322,10000.0
2026-04-06 12:28:00,LGC.V,,1.9199999570846558,1.9199999570846558,1.9199999570846558,1.9199999570846558,400.0
2026-04-06 12:28:00,MLP.V,,1.940000057220459,1.9500000476837158,1.940000057220459,1.9500000476837158,400.0
2026-04-06 12:28:00,MQM.V,,0.2800000011920929,0.2800000011920929,0.2800000011920929,0.2800000011920929,1000.0
2026-04-06 12:28:00,NICU.V,,2.1500000953674316,2.1500000953674316,2.1500000953674316,2.1500000953674316,601.0
2026-04-06 12:28:00,PNG.V,,8.529999732971191,8.539999961853027,8.529999732971191,8.539999961853027,1050.0
2026-04-06 12:29:00,FPC.V,,0.4000000059604645,0.4000000059604645,0.4000000059604645,0.4000000059604645,80000.0
2026-04-06 12:29:00,GOT.V,,1.6749999523162842,1.6749999523162842,1.6749999523162842,1.6749999523162842,100.0
2026-04-06 12:29:00,GPH.V,,1.2599999904632568,1.2599999904632568,1.2599999904632568,1.2599999904632568,300.0
2026-04-06 12:29:00,HME.V,,2.7899999618530273,2.7899999618530273,2.7899999618530273,2.7899999618530273,100.0
2026-04-06 12:29:00,JZR.V,,0.28999999165534973,0.28999999165534973,0.28999999165534973,0.28999999165534973,500.0
2026-04-06 12:29:00,KTO.V,,0.699999988079071,0.699999988079071,0.699999988079071,0.699999988079071,500.0
2026-04-06 12:29:00,LMN.V,,23.0,23.049999237060547,23.0,23.049999237060547,1300.0
2026-04-06 12:29:00,MASS.V,,0.10999999940395355,0.10999999940395355,0.10999999940395355,0.10999999940395355,30000.0
2026-04-06 12:29:00,PNG.V,,8.529999732971191,8.539999961853027,8.529999732971191,8.539999961853027,11800.0
2026-04-06 12:30:00,FPC.V,,0.4000000059604645,0.4000000059604645,0.4000000059604645,0.4000000059604645,12000.0
2026-04-06 12:30:00,GGO.V,,1.0099999904632568,1.0099999904632568,1.0099999904632568,1.0099999904632568,100.0
2026-04-06 12:30:00,GOT.V,,1.6699999570846558,1.6699999570846558,1.6699999570846558,1.6699999570846558,100.0
2026-04-06 12:30:00,HIVE.V,,2.7699999809265137,2.7699999809265137,2.7699999809265137,2.7699999809265137,2080.0
2026-04-06 12:30:00,JZR.V,,0.28999999165534973,0.28999999165534973,0.28999999165534973,0.28999999165534973,500.0
2026-04-06 12:30:00,KTN.V,,1.399999976158142,1.399999976158142,1.399999976158142,1.399999976158142,100.0
2026-04-06 12:30:00,LGN.V,,0.9599999785423279,0.9599999785423279,0.9599999785423279,0.9599999785423279,99000.0
2026-04-06 12:30:00,LMN.V,,23.049999237060547,23.049999237060547,23.049999237060547,23.049999237060547,100.0
2026-04-06 12:30:00,LUCA.V,,1.409999966621399,1.409999966621399,1.409999966621399,1.409999966621399,100.0
2026-04-06 12:30:00,PNG.V,,8.520000457763672,8.520000457763672,8.520000457763672,8.520000457763672,335.0
2026-04-06 12:31:00,GGO.V,,1.0099999904632568,1.0099999904632568,1.0099999904632568,1.0099999904632568,100.0
2026-04-06 12:31:00,GSI.V,,1.2300000190734863,1.2300000190734863,1.2300000190734863,1.2300000190734863,200.0
2026-04-06 12:31:00,HME.V,,2.7899999618530273,2.7899999618530273,2.7899999618530273,2.7899999618530273,717.0
2026-04-06 12:31:00,ITR.V,,4.054999828338623,4.059999942779541,4.054999828338623,4.059999942779541,500.0
2026-04-06 12:31:00,JZR.V,,0.28999999165534973,0.28999999165534973,0.28999999165534973,0.28999999165534973,500.0
2026-04-06 12:31:00,LUCA.V,,1.399999976158142,1.399999976158142,1.399999976158142,1.399999976158142,100.0
2026-04-06 12:32:00,GOT.V,,1.6749999523162842,1.6749999523162842,1.6749999523162842,1.6749999523162842,100.0
2026-04-06 12:32:00,GPH.V,,1.2599999904632568,1.2599999904632568,1.2599999904632568,1.2599999904632568,100.0
2026-04-06 12:32:00,GSI.V,,1.2300000190734863,1.2300000190734863,1.2300000190734863,1.2300000190734863,1000.0
2026-04-06 12:32:00,GSVR.V,,0.6100000143051147,0.6100000143051147,0.6100000143051147,0.6100000143051147,1000.0
2026-04-06 12:32:00,HME.V,,2.7899999618530273,2.7899999618530273,2.7899999618530273,2.7899999618530273,600.0
2026-04-06 12:32:00,ITR.V,,4.074999809265137,4.079999923706055,4.070000171661377,4.070000171661377,1500.0
2026-04-06 12:32:00,LMN.V,,22.8799991607666,22.93000030517578,22.8799991607666,22.93000030517578,700.0
2026-04-06 12:32:00,LUCA.V,,1.399999976158142,1.399999976158142,1.399999976158142,1.399999976158142,200.0
2026-04-06 12:33:00,GGO.V,,1.0399999618530273,1.0399999618530273,1.0199999809265137,1.0199999809265137,12100.0
2026-04-06 12:33:00,GOT.V,,1.6799999475479126,1.6799999475479126,1.6799999475479126,1.6799999475479126,100.0
2026-04-06 12:33:00,GSVR.V,,0.6100000143051147,0.6200000047683716,0.6100000143051147,0.6200000047683716,2000.0
2026-04-06 12:33:00,JZR.V,,0.28999999165534973,0.28999999165534973,0.28999999165534973,0.28999999165534973,500.0
2026-04-06 12:33:00,LTH.V,,1.3799999952316284,1.3899999856948853,1.3700000047683716,1.3899999856948853,12300.0
2026-04-06 12:33:00,LUCA.V,,1.399999976158142,1.399999976158142,1.399999976158142,1.399999976158142,200.0
2026-04-06 12:33:00,NURS.V,,3.2100000381469727,3.2100000381469727,3.2100000381469727,3.2100000381469727,300.0
2026-04-06 12:34:00,FRNT.V,,0.18000000715255737,0.18000000715255737,0.18000000715255737,0.18000000715255737,500.0
2026-04-06 12:34:00,GGM.V,,0.054999999701976776,0.054999999701976776,0.054999999701976776,0.054999999701976776,0.0
2026-04-06 12:34:00,GGO.V,,1.0399999618530273,1.0399999618530273,1.0199999809265137,1.0199999809265137,2900.0
2026-04-06 12:34:00,GOT.V,,1.6799999475479126,1.6799999475479126,1.6799999475479126,1.6799999475479126,100.0
2026-04-06 12:34:00,IFOS.V,,3.7899999618530273,3.7899999618530273,3.7899999618530273,3.7899999618530273,1320.0
2026-04-06 12:34:00,ITR.V,,4.079999923706055,4.079999923706055,4.079999923706055,4.079999923706055,100.0
2026-04-06 12:34:00,JZR.V,,0.28999999165534973,0.28999999165534973,0.28999999165534973,0.28999999165534973,500.0
2026-04-06 12:34:00,LGN.V,,0.9549999833106995,0.9549999833106995,0.9549999833106995,0.9549999833106995,1000.0
2026-04-06 12:34:00,LUCA.V,,1.399999976158142,1.399999976158142,1.399999976158142,1.399999976158142,100.0
2026-04-06 12:34:00,MMA.V,,1.2799999713897705,1.2799999713897705,1.2799999713897705,1.2799999713897705,1100.0
2026-04-06 12:34:00,ROAR.V,,0.20000000298023224,0.20000000298023224,0.20000000298023224,0.20000000298023224,1000.0
2026-04-06 12:35:00,GPAC.V,,0.4650000035762787,0.4650000035762787,0.4650000035762787,0.4650000035762787,7000.0
2026-04-06 12:35:00,GPH.V,,1.2599999904632568,1.2599999904632568,1.2599999904632568,1.2599999904632568,200.0
2026-04-06 12:35:00,HIVE.V,,2.7699999809265137,2.7699999809265137,2.7699999809265137,2.7699999809265137,200.0
2026-04-06 12:35:00,JZR.V,,0.28999999165534973,0.28999999165534973,0.28999999165534973,0.28999999165534973,500.0
2026-04-06 12:35:00,LGN.V,,0.9599999785423279,0.9599999785423279,0.9599999785423279,0.9599999785423279,33000.0
2026-04-06 12:35:00,LTH.V,,1.3799999952316284,1.3849999904632568,1.3799999952316284,1.3849999904632568,4000.0
2026-04-06 12:35:00,LUCA.V,,1.399999976158142,1.399999976158142,1.399999976158142,1.399999976158142,200.0
2026-04-06 12:35:00,NURS.V,,3.2200000286102295,3.2200000286102295,3.2200000286102295,3.2200000286102295,700.0
2026-04-06 12:36:00,GPH.V,,1.2599999904632568,1.2599999904632568,1.2599999904632568,1.2599999904632568,5400.0
2026-04-06 12:36:00,HIVE.V,,2.765000104904175,2.765000104904175,2.765000104904175,2.765000104904175,100.0
2026-04-06 12:36:00,JZR.V,,0.28999999165534973,0.28999999165534973,0.28999999165534973,0.28999999165534973,500.0
2026-04-06 12:36:00,LMN.V,,23.010000228881836,23.010000228881836,23.010000228881836,23.010000228881836,200.0
2026-04-06 12:36:00,LTH.V,,1.3799999952316284,1.3799999952316284,1.3700000047683716,1.3700000047683716,2600.0
2026-04-06 12:36:00,LUCA.V,,1.399999976158142,1.399999976158142,1.399999976158142,1.399999976158142,100.0
2026-04-06 12:36:00,MTA.V,,9.34000015258789,9.34000015258789,9.34000015258789,9.34000015258789,200.0
2026-04-06 12:36:00,ZNG.V,,1.0700000524520874,1.0700000524520874,1.0700000524520874,1.0700000524520874,1000.0
2026-04-06 12:37:00,FL.V,,0.800000011920929,0.800000011920929,0.800000011920929,0.800000011920929,2000.0
2026-04-06 12:37:00,FO.V,,0.3700000047683716,0.3700000047683716,0.3700000047683716,0.3700000047683716,500.0
2026-04-06 12:37:00,FPC.V,,0.4050000011920929,0.4050000011920929,0.4000000059604645,0.4000000059604645,225000.0
2026-04-06 12:37:00,GPAC.V,,0.4650000035762787,0.4650000035762787,0.4650000035762787,0.4650000035762787,1000.0
2026-04-06 12:37:00,HIVE.V,,2.7699999809265137,2.7699999809265137,2.765000104904175,2.765000104904175,400.0
2026-04-06 12:37:00,KTN.V,,1.399999976158142,1.399999976158142,1.399999976158142,1.399999976158142,5200.0
2026-04-06 12:37:00,LTH.V,,1.3799999952316284,1.3799999952316284,1.3700000047683716,1.3799999952316284,7900.0
2026-04-06 12:37:00,LUCA.V,,1.399999976158142,1.399999976158142,1.399999976158142,1.399999976158142,100.0
2026-04-06 12:37:00,NURS.V,,3.2100000381469727,3.2100000381469727,3.2100000381469727,3.2100000381469727,100.0
2026-04-06 12:37:00,PNG.V,,8.5600004196167,8.5600004196167,8.539999961853027,8.539999961853027,12300.0
2026-04-06 12:37:00,TUF.V,,0.2549999952316284,0.2549999952316284,0.2549999952316284,0.2549999952316284,8200.0
2026-04-06 12:38:00,FPC.V,,0.4000000059604645,0.4050000011920929,0.4000000059604645,0.4050000011920929,12000.0
2026-04-06 12:38:00,GOT.V,,1.6749999523162842,1.6749999523162842,1.6749999523162842,1.6749999523162842,100.0
2026-04-06 12:38:00,HITI.V,,3.2899999618530273,3.2899999618530273,3.2899999618530273,3.2899999618530273,300.0
2026-04-06 12:38:00,HIVE.V,,2.765000104904175,2.765000104904175,2.765000104904175,2.765000104904175,100.0
2026-04-06 12:38:00,JZR.V,,0.2849999964237213,0.2849999964237213,0.2849999964237213,0.2849999964237213,1500.0
2026-04-06 12:38:00,KC.V,,0.3149999976158142,0.3149999976158142,0.3149999976158142,0.3149999976158142,1000.0
2026-04-06 12:38:00,LGN.V,,0.9599999785423279,0.9599999785423279,0.9599999785423279,0.9599999785423279,4000.0
2026-04-06 12:38:00,LUCA.V,,1.4049999713897705,1.409999966621399,1.4049999713897705,1.409999966621399,200.0
2026-04-06 12:38:00,MLP.V,,1.9600000381469727,1.9600000381469727,1.9600000381469727,1.9600000381469727,100.0
2026-04-06 12:38:00,NURS.V,,3.2200000286102295,3.2200000286102295,3.2200000286102295,3.2200000286102295,1315.0
2026-04-06 12:38:00,PNG.V,,8.569999694824219,8.569999694824219,8.569999694824219,8.569999694824219,2600.0
2026-04-06 12:39:00,FO.V,,0.3799999952316284,0.38499999046325684,0.3799999952316284,0.3799999952316284,52683.0
2026-04-06 12:39:00,GGO.V,,1.0199999809265137,1.0199999809265137,1.0199999809265137,1.0199999809265137,100.0
2026-04-06 12:39:00,GOT.V,,1.6799999475479126,1.6799999475479126,1.6799999475479126,1.6799999475479126,100.0
2026-04-06 12:39:00,GQC.V,,2.369999885559082,2.369999885559082,2.369999885559082,2.369999885559082,600.0
2026-04-06 12:39:00,HIVE.V,,2.765000104904175,2.765000104904175,2.765000104904175,2.765000104904175,100.0
2026-04-06 12:39:00,ITR.V,,4.079999923706055,4.079999923706055,4.079999923706055,4.079999923706055,300.0
2026-04-06 12:39:00,LUCA.V,,1.4049999713897705,1.4049999713897705,1.4049999713897705,1.4049999713897705,200.0
2026-04-06 12:39:00,MGM.V,,2.380000114440918,2.380000114440918,2.380000114440918,2.380000114440918,3100.0
2026-04-06 12:40:00,FPC.V,,0.4000000059604645,0.4000000059604645,0.4000000059604645,0.4000000059604645,3000.0
2026-04-06 12:40:00,GEN.V,,0.05999999865889549,0.05999999865889549,0.05999999865889549,0.05999999865889549,10000.0
2026-04-06 12:40:00,GMG.V,,2.2100000381469727,2.2100000381469727,2.2100000381469727,2.2100000381469727,1300.0
2026-04-06 12:40:00,GQC.V,,2.369999885559082,2.369999885559082,2.369999885559082,2.369999885559082,100.0
2026-04-06 12:40:00,GTC.V,,0.18000000715255737,0.18000000715255737,0.18000000715255737,0.18000000715255737,28000.0
2026-04-06 12:40:00,HEVI.V,,0.2549999952316284,0.2549999952316284,0.2549999952316284,0.2549999952316284,500.0
2026-04-06 12:40:00,HIVE.V,,2.759999990463257,2.759999990463257,2.759999990463257,2.759999990463257,100.0
2026-04-06 12:40:00,ITR.V,,4.090000152587891,4.090000152587891,4.079999923706055,4.079999923706055,2500.0
2026-04-06 12:40:00,KFR.V,,0.7200000286102295,0.7200000286102295,0.7200000286102295,0.7200000286102295,500.0
2026-04-06 12:40:00,LTH.V,,1.3799999952316284,1.3799999952316284,1.3799999952316284,1.3799999952316284,1800.0
2026-04-06 12:40:00,LUCA.V,,1.4049999713897705,1.4049999713897705,1.4049999713897705,1.4049999713897705,100.0
2026-04-06 12:40:00,NURS.V,,3.2200000286102295,3.2200000286102295,3.2200000286102295,3.2200000286102295,500.0
2026-04-06 12:40:00,PNG.V,,8.59000015258789,8.600000381469727,8.579999923706055,8.579999923706055,2300.0
2026-04-06 12:41:00,GOT.V,,1.6799999475479126,1.6799999475479126,1.6799999475479126,1.6799999475479126,700.0
2026-04-06 12:41:00,GPH.V,,1.2599999904632568,1.2599999904632568,1.2599999904632568,1.2599999904632568,100.0
2026-04-06 12:41:00,GSI.V,,1.2300000190734863,1.2300000190734863,1.2300000190734863,1.2300000190734863,500.0
2026-04-06 12:41:00,GTC.V,,0.1899999976158142,0.1899999976158142,0.1850000023841858,0.1850000023841858,72299.0
2026-04-06 12:41:00,HIVE.V,,2.759999990463257,2.759999990463257,2.759999990463257,2.759999990463257,11400.0
2026-04-06 12:41:00,ITR.V,,4.099999904632568,4.099999904632568,4.090000152587891,4.090000152587891,700.0
2026-04-06 12:41:00,LCX.V,,1.9500000476837158,1.9500000476837158,1.9500000476837158,1.9500000476837158,13351.0
2026-04-06 12:41:00,LMN.V,,23.260000228881836,23.260000228881836,23.1299991607666,23.1299991607666,1300.0
2026-04-06 12:41:00,LTH.V,,1.3799999952316284,1.3799999952316284,1.3700000047683716,1.3700000047683716,86800.0
2026-04-06 12:41:00,LUCA.V,,1.4049999713897705,1.4049999713897705,1.4049999713897705,1.4049999713897705,100.0
2026-04-06 12:41:00,NURS.V,,3.200000047683716,3.200000047683716,3.200000047683716,3.200000047683716,800.0
2026-04-06 12:41:00,PNG.V,,8.59000015258789,8.59000015258789,8.59000015258789,8.59000015258789,100.0
2026-04-06 12:42:00,FL.V,,0.8100000023841858,0.8100000023841858,0.8100000023841858,0.8100000023841858,10500.0
2026-04-06 12:42:00,GGO.V,,1.0199999809265137,1.0199999809265137,1.0199999809265137,1.0199999809265137,100.0
2026-04-06 12:42:00,GQC.V,,2.369999885559082,2.369999885559082,2.369999885559082,2.369999885559082,100.0
2026-04-06 12:42:00,HEVI.V,,0.25999999046325684,0.25999999046325684,0.25999999046325684,0.25999999046325684,7000.0
2026-04-06 12:42:00,HME.V,,2.7799999713897705,2.7799999713897705,2.7799999713897705,2.7799999713897705,100.0
2026-04-06 12:42:00,ITR.V,,4.099999904632568,4.099999904632568,4.099999904632568,4.099999904632568,1200.0
2026-04-06 12:42:00,JUGR.V,,1.3200000524520874,1.340000033378601,1.3200000524520874,1.340000033378601,15600.0
2026-04-06 12:42:00,LGC.V,,1.940000057220459,1.940000057220459,1.940000057220459,1.940000057220459,100.0
2026-04-06 12:42:00,LUCA.V,,1.4049999713897705,1.4049999713897705,1.4049999713897705,1.4049999713897705,100.0
2026-04-06 12:42:00,NURS.V,,3.2200000286102295,3.2200000286102295,3.1700000762939453,3.1700000762939453,2000.0
2026-04-06 12:42:00,PNG.V,,8.569999694824219,8.569999694824219,8.569999694824219,8.569999694824219,901.0
2026-04-06 12:42:00,ZNG.V,,1.0700000524520874,1.0800000429153442,1.0700000524520874,1.0800000429153442,500.0
2026-04-06 12:43:00,FL.V,,0.8100000023841858,0.8100000023841858,0.8100000023841858,0.8100000023841858,2500.0
2026-04-06 12:43:00,GPH.V,,1.25,1.25,1.25,1.25,200.0
2026-04-06 12:43:00,GQC.V,,2.369999885559082,2.369999885559082,2.369999885559082,2.369999885559082,200.0
2026-04-06 12:43:00,GSI.V,,1.2300000190734863,1.2300000190734863,1.2300000190734863,1.2300000190734863,100.0
2026-04-06 12:43:00,HME.V,,2.7899999618530273,2.7899999618530273,2.7899999618530273,2.7899999618530273,200.0
2026-04-06 12:43:00,NICU.V,,2.1500000953674316,2.1500000953674316,2.1449999809265137,2.1449999809265137,300.0
2026-04-06 12:43:00,PNG.V,,8.5600004196167,8.5600004196167,8.5600004196167,8.5600004196167,100.0
2026-04-06 12:43:00,TEST-H.V,,0.019999999552965164,0.019999999552965164,0.019999999552965164,0.019999999552965164,0.0
2026-04-06 12:44:00,GGO.V,,1.0199999809265137,1.0199999809265137,1.0199999809265137,1.0199999809265137,100.0
2026-04-06 12:44:00,GMG.V,,2.240000009536743,2.240000009536743,2.240000009536743,2.240000009536743,551.0
2026-04-06 12:44:00,GOT.V,,1.6799999475479126,1.6799999475479126,1.6799999475479126,1.6799999475479126,200.0
2026-04-06 12:44:00,HME.V,,2.7899999618530273,2.7899999618530273,2.7899999618530273,2.7899999618530273,100.0
2026-04-06 12:44:00,ITR.V,,4.090000152587891,4.090000152587891,4.090000152587891,4.090000152587891,2000.0
2026-04-06 12:44:00,KTO.V,,0.699999988079071,0.699999988079071,0.699999988079071,0.699999988079071,7500.0
2026-04-06 12:44:00,NURS.V,,3.2200000286102295,3.2200000286102295,3.2200000286102295,3.2200000286102295,100.0
2026-04-06 12:44:00,PNG.V,,8.5600004196167,8.5600004196167,8.5600004196167,8.5600004196167,300.0
2026-04-06 12:45:00,BIG.V,,0.6499999761581421,0.6499999761581421,0.6499999761581421,0.6499999761581421,40000.0
2026-04-06 12:45:00,GPH.V,,1.25,1.25,1.25,1.25,100.0
2026-04-06 12:45:00,GQC.V,,2.369999885559082,2.369999885559082,2.369999885559082,2.369999885559082,100.0
2026-04-06 12:45:00,JUGR.V,,1.2999999523162842,1.3200000524520874,1.2999999523162842,1.309999942779541,27720.0
2026-04-06 12:45:00,LIO.V,,0.25,0.25,0.25,0.25,54500.0
2026-04-06 12:45:00,MFG.V,,4.269999980926514,4.269999980926514,4.269999980926514,4.269999980926514,5200.0
2026-04-06 12:45:00,MLP.V,,1.9299999475479126,1.940000057220459,1.9299999475479126,1.940000057220459,2805.0
2026-04-06 12:45:00,NICU.V,,2.1500000953674316,2.1500000953674316,2.1500000953674316,2.1500000953674316,200.0
2026-04-06 12:45:00,PNG.V,,8.579999923706055,8.579999923706055,8.579999923706055,8.579999923706055,200.0
2026-04-06 12:46:00,BIG.V,,0.6499999761581421,0.6499999761581421,0.6499999761581421,0.6499999761581421,20000.0
2026-04-06 12:46:00,GGO.V,,1.0199999809265137,1.0199999809265137,1.0199999809265137,1.0199999809265137,100.0
2026-04-06 12:46:00,GPG.V,,0.4099999964237213,0.4099999964237213,0.4099999964237213,0.4099999964237213,1000.0
2026-04-06 12:46:00,GPH.V,,1.25,1.25,1.25,1.25,100.0
2026-04-06 12:46:00,GQC.V,,2.369999885559082,2.369999885559082,2.369999885559082,2.369999885559082,1900.0
2026-04-06 12:46:00,ITR.V,,4.099999904632568,4.099999904632568,4.099999904632568,4.099999904632568,200.0
2026-04-06 12:46:00,JUGR.V,,1.2999999523162842,1.309999942779541,1.2999999523162842,1.309999942779541,1100.0
2026-04-06 12:46:00,JZR.V,,0.2800000011920929,0.2800000011920929,0.2800000011920929,0.2800000011920929,1500.0
2026-04-06 12:46:00,LIO.V,,0.25,0.25,0.25,0.25,119000.0
2026-04-06 12:46:00,LTH.V,,1.3899999856948853,1.399999976158142,1.3799999952316284,1.3799999952316284,18500.0
2026-04-06 12:46:00,LUCA.V,,1.409999966621399,1.409999966621399,1.4049999713897705,1.4049999713897705,200.0
2026-04-06 12:46:00,MFG.V,,4.349999904632568,4.349999904632568,4.28000020980835,4.28000020980835,3439.0
2026-04-06 12:46:00,MKO.V,,8.850000381469727,8.850000381469727,8.850000381469727,8.850000381469727,100.0
2026-04-06 12:46:00,PNG.V,,8.579999923706055,8.579999923706055,8.569999694824219,8.569999694824219,300.0
2026-04-06 12:47:00,FO.V,,0.375,0.375,0.3700000047683716,0.375,75000.0
2026-04-06 12:47:00,FWZ.V,,4.599999904632568,4.599999904632568,4.590000152587891,4.590000152587891,1300.0
2026-04-06 12:47:00,GPH.V,,1.25,1.25,1.25,1.25,100.0
2026-04-06 12:47:00,JZR.V,,0.2800000011920929,0.2800000011920929,0.2800000011920929,0.2800000011920929,6088.0
2026-04-06 12:47:00,KNG.V,,1.2899999618530273,1.2899999618530273,1.2899999618530273,1.2899999618530273,200.0
2026-04-06 12:47:00,LTH.V,,1.3899999856948853,1.3899999856948853,1.3899999856948853,1.3899999856948853,1200.0
2026-04-06 12:47:00,LUCA.V,,1.4049999713897705,1.4049999713897705,1.4049999713897705,1.4049999713897705,100.0
2026-04-06 12:47:00,NURS.V,,3.240000009536743,3.240000009536743,3.2200000286102295,3.2200000286102295,1805.0
2026-04-06 12:47:00,PNG.V,,8.579999923706055,8.579999923706055,8.579999923706055,8.579999923706055,225.0
2026-04-06 12:48:00,FRED.V,,0.5899999737739563,0.5899999737739563,0.5899999737739563,0.5899999737739563,4800.0
2026-04-06 12:48:00,GGO.V,,1.0199999809265137,1.0199999809265137,1.0199999809265137,1.0199999809265137,200.0
2026-04-06 12:48:00,GOT.V,,1.6799999475479126,1.6799999475479126,1.6749999523162842,1.6749999523162842,500.0
2026-04-06 12:48:00,GSI.V,,1.225000023841858,1.225000023841858,1.225000023841858,1.225000023841858,100.0
2026-04-06 12:48:00,HIVE.V,,2.7699999809265137,2.7699999809265137,2.7699999809265137,2.7699999809265137,2600.0
2026-04-06 12:48:00,JUGR.V,,1.2899999618530273,1.2999999523162842,1.2899999618530273,1.2999999523162842,13800.0
2026-04-06 12:48:00,KTN.V,,1.399999976158142,1.399999976158142,1.399999976158142,1.399999976158142,3000.0
2026-04-06 12:48:00,LTH.V,,1.3899999856948853,1.3899999856948853,1.3899999856948853,1.3899999856948853,1200.0
2026-04-06 12:48:00,LUCA.V,,1.4049999713897705,1.4049999713897705,1.4049999713897705,1.4049999713897705,100.0
2026-04-06 12:48:00,MLP.V,,1.9199999570846558,1.9199999570846558,1.9199999570846558,1.9199999570846558,600.0
2026-04-06 12:48:00,PNG.V,,8.600000381469727,8.600000381469727,8.600000381469727,8.600000381469727,200.0
2026-04-06 12:49:00,GPH.V,,1.25,1.25,1.25,1.25,300.0
2026-04-06 12:49:00,HELI.V,,0.05000000074505806,0.05000000074505806,0.05000000074505806,0.05000000074505806,136161.0
2026-04-06 12:49:00,JUGR.V,,1.2899999618530273,1.2899999618530273,1.2899999618530273,1.2899999618530273,200.0
2026-04-06 12:49:00,LMN.V,,23.479999542236328,23.479999542236328,23.479999542236328,23.479999542236328,200.0
2026-04-06 12:49:00,LSTR.V,,0.11500000208616257,0.11500000208616257,0.11500000208616257,0.11500000208616257,1000.0
2026-04-06 12:49:00,LUCA.V,,1.4049999713897705,1.4049999713897705,1.4049999713897705,1.4049999713897705,100.0
2026-04-06 12:49:00,PNG.V,,8.600000381469727,8.600000381469727,8.600000381469727,8.600000381469727,100.0
2026-04-06 12:50:00,FO.V,,0.375,0.375,0.375,0.375,183000.0
2026-04-06 12:50:00,HELI.V,,0.05000000074505806,0.05000000074505806,0.05000000074505806,0.05000000074505806,40000.0
2026-04-06 12:50:00,HIVE.V,,2.7699999809265137,2.7699999809265137,2.7699999809265137,2.7699999809265137,1000.0
2026-04-06 12:50:00,ITR.V,,4.079999923706055,4.099999904632568,4.079999923706055,4.090000152587891,2000.0
2026-04-06 12:50:00,KTN.V,,1.3949999809265137,1.3949999809265137,1.3949999809265137,1.3949999809265137,700.0
2026-04-06 12:50:00,PNG.V,,8.609999656677246,8.609999656677246,8.600000381469727,8.600000381469727,6357.0
2026-04-06 12:51:00,FNC.V,,0.10999999940395355,0.10999999940395355,0.10999999940395355,0.10999999940395355,2000.0
2026-04-06 12:51:00,FO.V,,0.375,0.375,0.375,0.375,58000.0
2026-04-06 12:51:00,GGO.V,,1.0199999809265137,1.0199999809265137,1.0199999809265137,1.0199999809265137,100.0
2026-04-06 12:51:00,GPH.V,,1.25,1.25,1.25,1.25,1500.0
2026-04-06 12:51:00,GSI.V,,1.2300000190734863,1.2300000190734863,1.2300000190734863,1.2300000190734863,1400.0
2026-04-06 12:51:00,JUGR.V,,1.2899999618530273,1.2899999618530273,1.2899999618530273,1.2899999618530273,100.0
2026-04-06 12:51:00,JZR.V,,0.2849999964237213,0.2849999964237213,0.2849999964237213,0.2849999964237213,500.0
2026-04-06 12:51:00,LUCA.V,,1.4049999713897705,1.4049999713897705,1.4049999713897705,1.4049999713897705,100.0
2026-04-06 12:51:00,NHHH.V,,0.04500000178813934,0.04500000178813934,0.04500000178813934,0.04500000178813934,0.0
2026-04-06 12:51:00,PNG.V,,8.619999885559082,8.619999885559082,8.609999656677246,8.609999656677246,1000.0
2026-04-06 12:52:00,FMS.V,,0.3449999988079071,0.3449999988079071,0.3449999988079071,0.3449999988079071,1500.0
2026-04-06 12:52:00,FWZ.V,,4.619999885559082,4.619999885559082,4.610000133514404,4.610000133514404,900.0
2026-04-06 12:52:00,GGO.V,,1.0199999809265137,1.0199999809265137,1.0199999809265137,1.0199999809265137,100.0
2026-04-06 12:52:00,GPH.V,,1.2400000095367432,1.2400000095367432,1.2400000095367432,1.2400000095367432,100.0
2026-04-06 12:52:00,GSVR.V,,0.6100000143051147,0.6100000143051147,0.6100000143051147,0.6100000143051147,28500.0
2026-04-06 12:52:00,HHH.V,,6.050000190734863,6.050000190734863,6.050000190734863,6.050000190734863,100.0
2026-04-06 12:52:00,HIVE.V,,2.759999990463257,2.759999990463257,2.759999990463257,2.759999990463257,7194.0
2026-04-06 12:52:00,LCX.V,,1.9500000476837158,1.9500000476837158,1.9500000476837158,1.9500000476837158,200.0
2026-04-06 12:52:00,PNG.V,,8.619999885559082,8.619999885559082,8.619999885559082,8.619999885559082,600.0
2026-04-06 12:53:00,GGO.V,,1.0199999809265137,1.0199999809265137,1.0199999809265137,1.0199999809265137,100.0
2026-04-06 12:53:00,GOT.V,,1.6799999475479126,1.6799999475479126,1.6799999475479126,1.6799999475479126,200.0
2026-04-06 12:53:00,GPH.V,,1.2599999904632568,1.2599999904632568,1.2599999904632568,1.2599999904632568,600.0
2026-04-06 12:53:00,HELI.V,,0.05000000074505806,0.05000000074505806,0.05000000074505806,0.05000000074505806,12000.0
2026-04-06 12:53:00,HIVE.V,,2.759999990463257,2.759999990463257,2.759999990463257,2.759999990463257,700.0
2026-04-06 12:53:00,NURS.V,,3.2300000190734863,3.2300000190734863,3.2300000190734863,3.2300000190734863,100.0
2026-04-06 12:53:00,PNG.V,,8.619999885559082,8.619999885559082,8.619999885559082,8.619999885559082,1350.0
2026-04-06 12:53:00,YGT.V,,0.20499999821186066,0.20499999821186066,0.20499999821186066,0.20499999821186066,21000.0
2026-04-06 12:54:00,GPAC.V,,0.46000000834465027,0.4650000035762787,0.46000000834465027,0.4650000035762787,20000.0
2026-04-06 12:54:00,GQC.V,,2.365000009536743,2.365000009536743,2.365000009536743,2.365000009536743,300.0
2026-04-06 12:54:00,HIVE.V,,2.759999990463257,2.759999990463257,2.759999990463257,2.759999990463257,17600.0
2026-04-06 12:54:00,LIS.V,,0.4950000047683716,0.4950000047683716,0.4950000047683716,0.4950000047683716,445600.0
2026-04-06 12:54:00,LVX.V,,0.5799999833106995,0.5799999833106995,0.5799999833106995,0.5799999833106995,500.0
2026-04-06 12:54:00,NICU.V,,2.1500000953674316,2.1500000953674316,2.1500000953674316,2.1500000953674316,400.0
2026-04-06 12:54:00,ZNG.V,,1.0700000524520874,1.0700000524520874,1.0700000524520874,1.0700000524520874,37000.0
2026-04-06 12:55:00,FPC.V,,0.39500001072883606,0.39500001072883606,0.39500001072883606,0.39500001072883606,500.0
2026-04-06 12:55:00,GOT.V,,1.6749999523162842,1.6749999523162842,1.6749999523162842,1.6749999523162842,100.0
2026-04-06 12:55:00,GPH.V,,1.2400000095367432,1.2400000095367432,1.2400000095367432,1.2400000095367432,200.0
2026-04-06 12:55:00,HIVE.V,,2.75,2.75,2.75,2.75,951.0
2026-04-06 12:55:00,LBNK.V,,0.7099999785423279,0.7200000286102295,0.7099999785423279,0.7200000286102295,2500.0
2026-04-06 12:55:00,MLP.V,,1.9299999475479126,1.9299999475479126,1.9299999475479126,1.9299999475479126,100.0
2026-04-06 12:55:00,NURS.V,,3.2200000286102295,3.2200000286102295,3.2200000286102295,3.2200000286102295,700.0
2026-04-06 12:55:00,PNG.V,,8.619999885559082,8.619999885559082,8.600000381469727,8.619999885559082,2500.0
2026-04-06 12:56:00,ESK.V,,0.42500001192092896,0.42500001192092896,0.42500001192092896,0.42500001192092896,9500.0
2026-04-06 12:56:00,FO.V,,0.375,0.375,0.375,0.375,34500.0
2026-04-06 12:56:00,GTC.V,,0.1899999976158142,0.1899999976158142,0.1899999976158142,0.1899999976158142,500.0
2026-04-06 12:56:00,HHH.V,,6.050000190734863,6.050000190734863,6.050000190734863,6.050000190734863,200.0
2026-04-06 12:56:00,HIVE.V,,2.740000009536743,2.740000009536743,2.740000009536743,2.740000009536743,1600.0
2026-04-06 12:56:00,HME.V,,2.809999942779541,2.809999942779541,2.7899999618530273,2.7899999618530273,16800.0
2026-04-06 12:56:00,ITR.V,,4.079999923706055,4.079999923706055,4.070000171661377,4.079999923706055,1800.0
2026-04-06 12:56:00,MTA.V,,9.329999923706055,9.329999923706055,9.329999923706055,9.329999923706055,100.0
2026-04-06 12:56:00,PNG.V,,8.600000381469727,8.600000381469727,8.600000381469727,8.600000381469727,3800.0
2026-04-06 12:56:00,ZNG.V,,1.0700000524520874,1.0700000524520874,1.0700000524520874,1.0700000524520874,100.0
2026-04-06 12:57:00,GGO.V,,1.0199999809265137,1.0199999809265137,1.0199999809265137,1.0199999809265137,100.0
2026-04-06 12:57:00,GOT.V,,1.6699999570846558,1.6699999570846558,1.6699999570846558,1.6699999570846558,200.0
2026-04-06 12:57:00,GPAC.V,,0.4650000035762787,0.4650000035762787,0.4650000035762787,0.4650000035762787,24500.0
2026-04-06 12:57:00,GSI.V,,1.2300000190734863,1.2300000190734863,1.2300000190734863,1.2300000190734863,100.0
2026-04-06 12:57:00,HIVE.V,,2.740000009536743,2.740000009536743,2.740000009536743,2.740000009536743,2985.0
2026-04-06 12:57:00,ITR.V,,4.079999923706055,4.079999923706055,4.074999809265137,4.074999809265137,1200.0
2026-04-06 12:57:00,LMN.V,,23.110000610351562,23.110000610351562,23.110000610351562,23.110000610351562,150.0
2026-04-06 12:57:00,MERG.V,,0.8199999928474426,0.8199999928474426,0.8199999928474426,0.8199999928474426,1000.0
2026-04-06 12:57:00,MLP.V,,1.9299999475479126,1.9299999475479126,1.9299999475479126,1.9299999475479126,200.0
2026-04-06 12:57:00,NURS.V,,3.200000047683716,3.2200000286102295,3.200000047683716,3.2200000286102295,2520.0
2026-04-06 12:57:00,PNG.V,,8.59000015258789,8.59000015258789,8.59000015258789,8.59000015258789,1600.0
2026-04-06 12:58:00,FWZ.V,,4.610000133514404,4.610000133514404,4.579999923706055,4.579999923706055,832.0
2026-04-06 12:58:00,GGO.V,,1.0199999809265137,1.0199999809265137,1.0199999809265137,1.0199999809265137,100.0
2026-04-06 12:58:00,GPH.V,,1.2400000095367432,1.2400000095367432,1.2400000095367432,1.2400000095367432,100.0
2026-04-06 12:58:00,GSI.V,,1.2300000190734863,1.2300000190734863,1.2300000190734863,1.2300000190734863,100.0
2026-04-06 12:58:00,HITI.V,,3.2699999809265137,3.2699999809265137,3.2699999809265137,3.2699999809265137,100.0
2026-04-06 12:58:00,HIVE.V,,2.740000009536743,2.740000009536743,2.740000009536743,2.740000009536743,2000.0
2026-04-06 12:58:00,LGN.V,,0.9599999785423279,0.9599999785423279,0.9599999785423279,0.9599999785423279,12186.0
2026-04-06 12:58:00,LUCA.V,,1.399999976158142,1.399999976158142,1.399999976158142,1.399999976158142,100.0
2026-04-06 12:58:00,MLP.V,,1.9299999475479126,1.9299999475479126,1.9299999475479126,1.9299999475479126,400.0
2026-04-06 12:58:00,PNG.V,,8.579999923706055,8.59000015258789,8.579999923706055,8.59000015258789,693.0
2026-04-06 12:59:00,GOT.V,,1.6699999570846558,1.6699999570846558,1.6699999570846558,1.6699999570846558,100.0
2026-04-06 12:59:00,GPAC.V,,0.4650000035762787,0.4650000035762787,0.4650000035762787,0.4650000035762787,50000.0
2026-04-06 12:59:00,GQC.V,,2.3399999141693115,2.359999895095825,2.3399999141693115,2.359999895095825,77400.0
2026-04-06 12:59:00,HIVE.V,,2.740000009536743,2.740000009536743,2.740000009536743,2.740000009536743,300.0
2026-04-06 12:59:00,ITR.V,,4.079999923706055,4.079999923706055,4.079999923706055,4.079999923706055,200.0
2026-04-06 12:59:00,KGC.V,,0.029999999329447746,0.029999999329447746,0.029999999329447746,0.029999999329447746,141000.0
2026-04-06 12:59:00,LGN.V,,0.9599999785423279,0.9599999785423279,0.9599999785423279,0.9599999785423279,50000.0
2026-04-06 12:59:00,MKO.V,,8.890000343322754,8.890000343322754,8.890000343322754,8.890000343322754,1600.0
2026-04-06 12:59:00,PNG.V,,8.600000381469727,8.600000381469727,8.600000381469727,8.600000381469727,700.0
2026-04-06 13:00:00,GMG.V,,2.200000047683716,2.2100000381469727,2.200000047683716,2.2100000381469727,2900.0
2026-04-06 13:00:00,GOT.V,,1.6699999570846558,1.6699999570846558,1.6699999570846558,1.6699999570846558,600.0
2026-04-06 13:00:00,GPH.V,,1.2400000095367432,1.2400000095367432,1.2400000095367432,1.2400000095367432,100.0
2026-04-06 13:00:00,GX.V,,0.23000000417232513,0.23000000417232513,0.23000000417232513,0.23000000417232513,0.0
2026-04-06 13:00:00,HIVE.V,,2.740000009536743,2.740000009536743,2.740000009536743,2.740000009536743,635.0
2026-04-06 13:00:00,LMN.V,,23.09000015258789,23.100000381469727,23.0,23.049999237060547,921.0
2026-04-06 13:00:00,MLP.V,,1.9299999475479126,1.9299999475479126,1.9299999475479126,1.9299999475479126,100.0
2026-04-06 13:00:00,NICU.V,,2.1500000953674316,2.1500000953674316,2.1500000953674316,2.1500000953674316,700.0
2026-04-06 13:00:00,NURS.V,,3.1700000762939453,3.1700000762939453,3.1700000762939453,3.1700000762939453,100.0
2026-04-06 13:01:00,BIG.V,,0.6499999761581421,0.6499999761581421,0.6499999761581421,0.6499999761581421,30000.0
2026-04-06 13:01:00,GLD.V,,0.07999999821186066,0.07999999821186066,0.07999999821186066,0.07999999821186066,2415.0
2026-04-06 13:01:00,GPH.V,,1.2400000095367432,1.2400000095367432,1.2400000095367432,1.2400000095367432,100.0
2026-04-06 13:01:00,HIVE.V,,2.7200000286102295,2.7300000190734863,2.7200000286102295,2.7300000190734863,20400.0
2026-04-06 13:01:00,LGN.V,,0.949999988079071,0.949999988079071,0.949999988079071,0.949999988079071,6500.0
2026-04-06 13:01:00,LUCA.V,,1.4049999713897705,1.4199999570846558,1.4049999713897705,1.409999966621399,3859.0
2026-04-06 13:01:00,LVG.V,,0.32499998807907104,0.32499998807907104,0.3199999928474426,0.32499998807907104,2500.0
2026-04-06 13:01:00,MGM.V,,2.380000114440918,2.380000114440918,2.380000114440918,2.380000114440918,3600.0
2026-04-06 13:01:00,MLP.V,,1.9299999475479126,1.9299999475479126,1.9299999475479126,1.9299999475479126,100.0
2026-04-06 13:02:00,BIG.V,,0.6499999761581421,0.6499999761581421,0.6499999761581421,0.6499999761581421,10000.0
2026-04-06 13:02:00,FWZ.V,,4.590000152587891,4.590000152587891,4.590000152587891,4.590000152587891,600.0
2026-04-06 13:02:00,GGO.V,,1.0199999809265137,1.0199999809265137,1.0199999809265137,1.0199999809265137,100.0
2026-04-06 13:02:00,GOT.V,,1.6699999570846558,1.6699999570846558,1.6699999570846558,1.6699999570846558,100.0
2026-04-06 13:02:00,GQC.V,,2.3399999141693115,2.3399999141693115,2.3399999141693115,2.3399999141693115,600.0
2026-04-06 13:02:00,HIVE.V,,2.7200000286102295,2.7200000286102295,2.7200000286102295,2.7200000286102295,41669.0
2026-04-06 13:02:00,HSTR.V,,2.430000066757202,2.430000066757202,2.430000066757202,2.430000066757202,900.0
2026-04-06 13:02:00,ITR.V,,4.070000171661377,4.070000171661377,4.070000171661377,4.070000171661377,700.0
2026-04-06 13:02:00,JG.V,,0.0949999988079071,0.0949999988079071,0.0949999988079071,0.0949999988079071,60000.0
2026-04-06 13:02:00,KCC.V,,0.7799999713897705,0.8100000023841858,0.7799999713897705,0.8100000023841858,5200.0
2026-04-06 13:02:00,KTN.V,,1.3899999856948853,1.3899999856948853,1.3899999856948853,1.3899999856948853,1800.0
2026-04-06 13:02:00,MINE.V,,0.07500000298023224,0.07500000298023224,0.07500000298023224,0.07500000298023224,27000.0
2026-04-06 13:02:00,PNG.V,,8.600000381469727,8.600000381469727,8.600000381469727,8.600000381469727,1076.0
2026-04-06 13:03:00,GRSL.V,,0.32249999046325684,0.32249999046325684,0.32249999046325684,0.32249999046325684,500.0
2026-04-06 13:03:00,HEVI.V,,0.25999999046325684,0.25999999046325684,0.25999999046325684,0.25999999046325684,500.0
2026-04-06 13:03:00,MINE.V,,0.07500000298023224,0.07500000298023224,0.07500000298023224,0.07500000298023224,20000.0
2026-04-06 13:03:00,MLP.V,,1.9299999475479126,1.9299999475479126,1.9299999475479126,1.9299999475479126,1600.0
2026-04-06 13:03:00,PNG.V,,8.59000015258789,8.59000015258789,8.59000015258789,8.59000015258789,3017.0
2026-04-06 13:03:00,ROAR.V,,0.19499999284744263,0.19499999284744263,0.19499999284744263,0.19499999284744263,500.0
2026-04-06 13:04:00,FCLI.V,,0.41999998688697815,0.41999998688697815,0.41999998688697815,0.41999998688697815,1000.0
2026-04-06 13:04:00,GOT.V,,1.6699999570846558,1.6699999570846558,1.6649999618530273,1.6699999570846558,500.0
2026-04-06 13:04:00,GPH.V,,1.2400000095367432,1.2400000095367432,1.2400000095367432,1.2400000095367432,100.0
2026-04-06 13:04:00,HFC.V,,0.4050000011920929,0.4050000011920929,0.4050000011920929,0.4050000011920929,500.0
2026-04-06 13:04:00,HME.V,,2.809999942779541,2.809999942779541,2.809999942779541,2.809999942779541,100.0
2026-04-06 13:04:00,ITR.V,,4.070000171661377,4.070000171661377,4.065000057220459,4.070000171661377,1500.0
2026-04-06 13:04:00,MTA.V,,9.229999542236328,9.25,9.229999542236328,9.25,700.0
2026-04-06 13:05:00,FWZ.V,,4.570000171661377,4.570000171661377,4.570000171661377,4.570000171661377,100.0
2026-04-06 13:05:00,GPH.V,,1.2400000095367432,1.2400000095367432,1.2400000095367432,1.2400000095367432,100.0
2026-04-06 13:05:00,HEVI.V,,0.2549999952316284,0.2549999952316284,0.2549999952316284,0.2549999952316284,1000.0
2026-04-06 13:05:00,ITR.V,,4.065000057220459,4.065000057220459,4.065000057220459,4.065000057220459,100.0
2026-04-06 13:05:00,MKO.V,,8.890000343322754,8.890000343322754,8.890000343322754,8.890000343322754,500.0
2026-04-06 13:05:00,PNG.V,,8.569999694824219,8.579999923706055,8.569999694824219,8.579999923706055,1600.0
2026-04-06 13:06:00,BIG.V,,0.6499999761581421,0.6499999761581421,0.6499999761581421,0.6499999761581421,11500.0
2026-04-06 13:06:00,HITI.V,,3.259999990463257,3.259999990463257,3.259999990463257,3.259999990463257,100.0
2026-04-06 13:06:00,HIVE.V,,2.7200000286102295,2.7249999046325684,2.7200000286102295,2.7249999046325684,316.0
2026-04-06 13:06:00,HSTR.V,,2.4200000762939453,2.4200000762939453,2.4200000762939453,2.4200000762939453,200.0
2026-04-06 13:06:00,ITR.V,,4.059999942779541,4.059999942779541,4.059999942779541,4.059999942779541,400.0
2026-04-06 13:06:00,LG.V,,0.3449999988079071,0.3449999988079071,0.3449999988079071,0.3449999988079071,9650.0
2026-04-06 13:06:00,LUCA.V,,1.399999976158142,1.399999976158142,1.399999976158142,1.399999976158142,100.0
2026-04-06 13:07:00,BIG.V,,0.6499999761581421,0.6499999761581421,0.6499999761581421,0.6499999761581421,5000.0
2026-04-06 13:07:00,FWZ.V,,4.570000171661377,4.570000171661377,4.570000171661377,4.570000171661377,100.0
2026-04-06 13:07:00,GGO.V,,1.0199999809265137,1.0199999809265137,1.0199999809265137,1.0199999809265137,300.0
2026-04-06 13:07:00,GLAD.V,,1.2100000381469727,1.2100000381469727,1.2000000476837158,1.2100000381469727,5213.0
2026-04-06 13:07:00,GPH.V,,1.25,1.25,1.25,1.25,200.0
2026-04-06 13:07:00,HITI.V,,3.240000009536743,3.25,3.240000009536743,3.25,300.0
2026-04-06 13:07:00,IFOS.V,,3.7699999809265137,3.7899999618530273,3.7699999809265137,3.7899999618530273,230.0
2026-04-06 13:07:00,ITR.V,,4.059999942779541,4.059999942779541,4.059999942779541,4.059999942779541,700.0
2026-04-06 13:07:00,KS.V,,0.2199999988079071,0.2199999988079071,0.2199999988079071,0.2199999988079071,500.0
2026-04-06 13:07:00,LMN.V,,23.110000610351562,23.110000610351562,23.06999969482422,23.06999969482422,400.0
2026-04-06 13:07:00,LTH.V,,1.3899999856948853,1.3899999856948853,1.3849999904632568,1.3849999904632568,2600.0
2026-04-06 13:07:00,LUCA.V,,1.3899999856948853,1.399999976158142,1.3899999856948853,1.399999976158142,5500.0
2026-04-06 13:07:00,MLP.V,,1.9199999570846558,1.9199999570846558,1.9199999570846558,1.9199999570846558,100.0
2026-04-06 13:07:00,NHHH.V,,0.04500000178813934,0.04500000178813934,0.04500000178813934,0.04500000178813934,1000.0
2026-04-06 13:07:00,NICU.V,,2.1500000953674316,2.1500000953674316,2.1500000953674316,2.1500000953674316,400.0
2026-04-06 13:07:00,NURS.V,,3.1700000762939453,3.1700000762939453,3.1700000762939453,3.1700000762939453,150.0
2026-04-06 13:08:00,GSI.V,,1.2200000286102295,1.2200000286102295,1.2200000286102295,1.2200000286102295,500.0
2026-04-06 13:08:00,GWM.V,,0.6499999761581421,0.6499999761581421,0.6499999761581421,0.6499999761581421,2049.0
2026-04-06 13:08:00,HME.V,,2.819999933242798,2.8299999237060547,2.809999942779541,2.809999942779541,19400.0
2026-04-06 13:08:00,IFOS.V,,3.7799999713897705,3.7799999713897705,3.7699999809265137,3.7699999809265137,1200.0
2026-04-06 13:08:00,LRA.V,,3.630000114440918,3.630000114440918,3.630000114440918,3.630000114440918,300.0
2026-04-06 13:08:00,LVG.V,,0.32499998807907104,0.32499998807907104,0.32499998807907104,0.32499998807907104,500.0
2026-04-06 13:08:00,MEK.V,,0.02500000037252903,0.02500000037252903,0.02500000037252903,0.02500000037252903,20000.0
2026-04-06 13:08:00,MLP.V,,1.9199999570846558,1.9199999570846558,1.9199999570846558,1.9199999570846558,100.0
2026-04-06 13:08:00,NICU.V,,2.1500000953674316,2.1500000953674316,2.1500000953674316,2.1500000953674316,300.0
2026-04-06 13:08:00,PNG.V,,8.600000381469727,8.600000381469727,8.59000015258789,8.59000015258789,2260.0
2026-04-06 13:08:00,ZNG.V,,1.0499999523162842,1.0700000524520874,1.0499999523162842,1.0700000524520874,17800.0
2026-04-06 13:09:00,BIG.V,,0.6499999761581421,0.6499999761581421,0.6499999761581421,0.6499999761581421,3500.0
2026-04-06 13:09:00,FUU.V,,0.17499999701976776,0.17499999701976776,0.17499999701976776,0.17499999701976776,3000.0
2026-04-06 13:09:00,FWZ.V,,4.570000171661377,4.570000171661377,4.570000171661377,4.570000171661377,100.0
2026-04-06 13:09:00,IFOS.V,,3.7799999713897705,3.7799999713897705,3.7799999713897705,3.7799999713897705,300.0
2026-04-06 13:09:00,LIS.V,,0.4950000047683716,0.4950000047683716,0.4950000047683716,0.4950000047683716,63500.0
2026-04-06 13:10:00,BIG.V,,0.6499999761581421,0.6499999761581421,0.6499999761581421,0.6499999761581421,10000.0
2026-04-06 13:10:00,FWZ.V,,4.570000171661377,4.570000171661377,4.570000171661377,4.570000171661377,100.0
2026-04-06 13:10:00,GOT.V,,1.6699999570846558,1.6699999570846558,1.6699999570846558,1.6699999570846558,100.0
2026-04-06 13:10:00,GPH.V,,1.25,1.25,1.25,1.25,900.0
2026-04-06 13:10:00,GSI.V,,1.2200000286102295,1.2200000286102295,1.2200000286102295,1.2200000286102295,100.0
2026-04-06 13:10:00,HIVE.V,,2.7200000286102295,2.7200000286102295,2.7200000286102295,2.7200000286102295,33580.0
2026-04-06 13:10:00,ITR.V,,4.050000190734863,4.050000190734863,4.050000190734863,4.050000190734863,600.0
2026-04-06 13:10:00,LSTR.V,,0.11500000208616257,0.11500000208616257,0.11500000208616257,0.11500000208616257,1500.0
2026-04-06 13:10:00,LUCA.V,,1.3899999856948853,1.3899999856948853,1.3899999856948853,1.3899999856948853,100.0
2026-04-06 13:10:00,MEK.V,,0.02500000037252903,0.02500000037252903,0.02500000037252903,0.02500000037252903,173682.0
2026-04-06 13:10:00,PNG.V,,8.600000381469727,8.600000381469727,8.600000381469727,8.600000381469727,3500.0
2026-04-06 13:11:00,GGAU.V,,0.25,0.25,0.25,0.25,17000.0
2026-04-06 13:11:00,GOT.V,,1.6699999570846558,1.6699999570846558,1.6699999570846558,1.6699999570846558,100.0
2026-04-06 13:11:00,GPH.V,,1.25,1.25,1.25,1.25,100.0
2026-04-06 13:11:00,GRSL.V,,0.3199999928474426,0.3199999928474426,0.3199999928474426,0.3199999928474426,3500.0
2026-04-06 13:11:00,HEMP.V,,0.009999999776482582,0.009999999776482582,0.009999999776482582,0.009999999776482582,0.0
2026-04-06 13:11:00,HFC.V,,0.4050000011920929,0.4050000011920929,0.4050000011920929,0.4050000011920929,500.0
2026-04-06 13:11:00,HIVE.V,,2.7200000286102295,2.7200000286102295,2.7200000286102295,2.7200000286102295,12800.0
2026-04-06 13:11:00,LUCA.V,,1.3899999856948853,1.3899999856948853,1.3899999856948853,1.3899999856948853,200.0
2026-04-06 13:11:00,MMA.V,,1.2799999713897705,1.2799999713897705,1.2799999713897705,1.2799999713897705,2000.0
2026-04-06 13:12:00,FRED.V,,0.5699999928474426,0.5699999928474426,0.5699999928474426,0.5699999928474426,500.0
2026-04-06 13:12:00,FWZ.V,,4.550000190734863,4.550000190734863,4.550000190734863,4.550000190734863,500.0
2026-04-06 13:12:00,GGO.V,,1.0199999809265137,1.0199999809265137,1.0199999809265137,1.0199999809265137,100.0
2026-04-06 13:12:00,GOT.V,,1.6699999570846558,1.6699999570846558,1.6699999570846558,1.6699999570846558,3300.0
2026-04-06 13:12:00,GPH.V,,1.25,1.25,1.25,1.25,100.0
2026-04-06 13:12:00,GQC.V,,2.3399999141693115,2.3399999141693115,2.3399999141693115,2.3399999141693115,1100.0
2026-04-06 13:12:00,HEVI.V,,0.2549999952316284,0.2549999952316284,0.2549999952316284,0.2549999952316284,2000.0
2026-04-06 13:12:00,HIVE.V,,2.7100000381469727,2.7200000286102295,2.7100000381469727,2.7200000286102295,8467.0
2026-04-06 13:12:00,HME.V,,2.819999933242798,2.819999933242798,2.819999933242798,2.819999933242798,500.0
2026-04-06 13:12:00,HSTR.V,,2.4200000762939453,2.4200000762939453,2.4200000762939453,2.4200000762939453,2400.0
2026-04-06 13:12:00,ITR.V,,4.039999961853027,4.039999961853027,4.039999961853027,4.039999961853027,2100.0
2026-04-06 13:12:00,KTN.V,,1.3899999856948853,1.3899999856948853,1.3899999856948853,1.3899999856948853,10041.0
2026-04-06 13:12:00,LEM.V,,0.30000001192092896,0.30000001192092896,0.30000001192092896,0.30000001192092896,500.0
2026-04-06 13:12:00,LMN.V,,23.0,23.0,23.0,23.0,100.0
2026-04-06 13:12:00,LUCA.V,,1.3899999856948853,1.3899999856948853,1.3899999856948853,1.3899999856948853,100.0
2026-04-06 13:12:00,MLP.V,,1.9199999570846558,1.9299999475479126,1.9199999570846558,1.9299999475479126,1260.0
2026-04-06 13:12:00,NURS.V,,3.2200000286102295,3.2200000286102295,3.1700000762939453,3.190000057220459,15700.0
2026-04-06 13:12:00,PNG.V,,8.5600004196167,8.600000381469727,8.5600004196167,8.600000381469727,5900.0
2026-04-06 13:13:00,ESK.V,,0.42500001192092896,0.42500001192092896,0.42500001192092896,0.42500001192092896,1000.0
2026-04-06 13:13:00,FUU.V,,0.17499999701976776,0.17499999701976776,0.17499999701976776,0.17499999701976776,500.0
2026-04-06 13:13:00,GGO.V,,1.0199999809265137,1.0199999809265137,1.0199999809265137,1.0199999809265137,50000.0
2026-04-06 13:13:00,GOT.V,,1.6649999618530273,1.6649999618530273,1.6649999618530273,1.6649999618530273,200.0
2026-04-06 13:13:00,GRSL.V,,0.3199999928474426,0.3199999928474426,0.3199999928474426,0.3199999928474426,4000.0
2026-04-06 13:13:00,HIVE.V,,2.7100000381469727,2.7100000381469727,2.7100000381469727,2.7100000381469727,1700.0
2026-04-06 13:13:00,HSTR.V,,2.4200000762939453,2.4200000762939453,2.4200000762939453,2.4200000762939453,500.0
2026-04-06 13:13:00,ITR.V,,4.039999961853027,4.039999961853027,4.039999961853027,4.039999961853027,400.0
2026-04-06 13:13:00,KNG.V,,1.2799999713897705,1.2799999713897705,1.2799999713897705,1.2799999713897705,550.0
2026-04-06 13:13:00,LG.V,,0.3449999988079071,0.3449999988079071,0.3449999988079071,0.3449999988079071,6000.0
2026-04-06 13:13:00,LUCA.V,,1.3899999856948853,1.3899999856948853,1.3899999856948853,1.3899999856948853,400.0
2026-04-06 13:13:00,MTA.V,,9.220000267028809,9.220000267028809,9.220000267028809,9.220000267028809,119.0
2026-04-06 13:13:00,NICU.V,,2.140000104904175,2.140000104904175,2.140000104904175,2.140000104904175,600.0
2026-04-06 13:13:00,PNG.V,,8.520000457763672,8.5600004196167,8.520000457763672,8.5600004196167,4555.0
2026-04-06 13:14:00,GGAU.V,,0.25,0.25,0.25,0.25,50000.0
2026-04-06 13:14:00,GPH.V,,1.25,1.25,1.25,1.25,100.0
2026-04-06 13:14:00,GRSL.V,,0.3199999928474426,0.3199999928474426,0.3199999928474426,0.3199999928474426,18500.0
2026-04-06 13:14:00,HIVE.V,,2.7100000381469727,2.7100000381469727,2.7100000381469727,2.7100000381469727,2900.0
2026-04-06 13:14:00,ITR.V,,4.039999961853027,4.039999961853027,4.039999961853027,4.039999961853027,1000.0
2026-04-06 13:14:00,LG.V,,0.3400000035762787,0.3449999988079071,0.3400000035762787,0.3449999988079071,109503.0
2026-04-06 13:14:00,LUCA.V,,1.3899999856948853,1.3899999856948853,1.3899999856948853,1.3899999856948853,200.0
2026-04-06 13:14:00,MTA.V,,9.220000267028809,9.220000267028809,9.220000267028809,9.220000267028809,100.0
2026-04-06 13:14:00,NICU.V,,2.1449999809265137,2.1449999809265137,2.1449999809265137,2.1449999809265137,200.0
2026-04-06 13:14:00,PNG.V,,8.520000457763672,8.520000457763672,8.510000228881836,8.510000228881836,1400.0
2026-04-06 13:14:00,ROAR.V,,0.20000000298023224,0.20000000298023224,0.20000000298023224,0.20000000298023224,13500.0
2026-04-06 13:15:00,FCA-U.V,,3.0,3.0,3.0,3.0,0.0
2026-04-06 13:15:00,FMAN.V,,0.3100000023841858,0.3100000023841858,0.3100000023841858,0.3100000023841858,515.0
2026-04-06 13:15:00,FPC.V,,0.39500001072883606,0.39500001072883606,0.39500001072883606,0.39500001072883606,500.0
2026-04-06 13:15:00,GGAU.V,,0.25,0.25,0.25,0.25,74500.0
2026-04-06 13:15:00,GGO.V,,1.0099999904632568,1.0099999904632568,1.0099999904632568,1.0099999904632568,100.0
2026-04-06 13:15:00,GGX.V,,0.054999999701976776,0.054999999701976776,0.054999999701976776,0.054999999701976776,0.0
2026-04-06 13:15:00,GRSL.V,,0.3199999928474426,0.3199999928474426,0.3199999928474426,0.3199999928474426,1500.0
2026-04-06 13:15:00,HIVE.V,,2.7200000286102295,2.7200000286102295,2.7200000286102295,2.7200000286102295,700.0
2026-04-06 13:15:00,ICM.V,,0.125,0.125,0.125,0.125,1500.0
2026-04-06 13:15:00,IFOS.V,,3.809999942779541,3.809999942779541,3.7799999713897705,3.799999952316284,9600.0
2026-04-06 13:15:00,ITR.V,,4.059999942779541,4.059999942779541,4.059999942779541,4.059999942779541,300.0
2026-04-06 13:15:00,LUCA.V,,1.3899999856948853,1.3899999856948853,1.3899999856948853,1.3899999856948853,900.0
2026-04-06 13:15:00,MKO.V,,8.869999885559082,8.869999885559082,8.869999885559082,8.869999885559082,200.0
2026-04-06 13:15:00,MLP.V,,1.9199999570846558,1.9199999570846558,1.9199999570846558,1.9199999570846558,100.0
2026-04-06 13:16:00,BIG.V,,0.6499999761581421,0.6499999761581421,0.6499999761581421,0.6499999761581421,4000.0
2026-04-06 13:16:00,GMG.V,,2.200000047683716,2.2100000381469727,2.190000057220459,2.200000047683716,11850.0
2026-04-06 13:16:00,GSI.V,,1.2200000286102295,1.2200000286102295,1.2200000286102295,1.2200000286102295,100.0
2026-04-06 13:16:00,HIVE.V,,2.7200000286102295,2.7200000286102295,2.7200000286102295,2.7200000286102295,6200.0
2026-04-06 13:16:00,HME.V,,2.819999933242798,2.819999933242798,2.819999933242798,2.819999933242798,200.0
2026-04-06 13:16:00,ITR.V,,4.039999961853027,4.039999961853027,4.039999961853027,4.039999961853027,1000.0
2026-04-06 13:16:00,LUCA.V,,1.3899999856948853,1.3899999856948853,1.3899999856948853,1.3899999856948853,100.0
2026-04-06 13:16:00,MKO.V,,8.880000114440918,8.880000114440918,8.880000114440918,8.880000114440918,100.0
2026-04-06 13:16:00,NICU.V,,2.140000104904175,2.140000104904175,2.140000104904175,2.140000104904175,500.0
2026-04-06 13:16:00,PNG.V,,8.550000190734863,8.550000190734863,8.529999732971191,8.529999732971191,3250.0
2026-04-06 13:17:00,FPC.V,,0.38999998569488525,0.38999998569488525,0.38999998569488525,0.38999998569488525,500.0
2026-04-06 13:17:00,FRED.V,,0.5699999928474426,0.5699999928474426,0.5699999928474426,0.5699999928474426,1500.0
2026-04-06 13:17:00,FUU.V,,0.17499999701976776,0.17499999701976776,0.17499999701976776,0.17499999701976776,500.0
2026-04-06 13:17:00,GCN.V,,0.03999999910593033,0.03999999910593033,0.03999999910593033,0.03999999910593033,0.0
2026-04-06 13:17:00,GGO.V,,1.0099999904632568,1.0099999904632568,1.0099999904632568,1.0099999904632568,100.0
2026-04-06 13:17:00,GPH.V,,1.25,1.25,1.25,1.25,600.0
2026-04-06 13:17:00,HIVE.V,,2.7300000190734863,2.7300000190734863,2.7200000286102295,2.7200000286102295,1500.0
2026-04-06 13:17:00,ITR.V,,4.03000020980835,4.039999961853027,4.03000020980835,4.039999961853027,2700.0
2026-04-06 13:17:00,LG.V,,0.3400000035762787,0.3400000035762787,0.3400000035762787,0.3400000035762787,504.0
2026-04-06 13:17:00,LUCA.V,,1.3899999856948853,1.3899999856948853,1.3899999856948853,1.3899999856948853,100.0
2026-04-06 13:17:00,NICU.V,,2.140000104904175,2.140000104904175,2.140000104904175,2.140000104904175,1200.0
2026-04-06 13:18:00,GGO.V,,1.0099999904632568,1.0099999904632568,1.0099999904632568,1.0099999904632568,100.0
2026-04-06 13:18:00,GPH.V,,1.2599999904632568,1.2599999904632568,1.2599999904632568,1.2599999904632568,1700.0
2026-04-06 13:18:00,HIVE.V,,2.7200000286102295,2.7200000286102295,2.7200000286102295,2.7200000286102295,500.0
2026-04-06 13:18:00,HME.V,,2.819999933242798,2.819999933242798,2.819999933242798,2.819999933242798,805.0
2026-04-06 13:18:00,LUCA.V,,1.3899999856948853,1.399999976158142,1.3899999856948853,1.399999976158142,200.0
2026-04-06 13:18:00,PNG.V,,8.550000190734863,8.550000190734863,8.550000190734863,8.550000190734863,1300.0
2026-04-06 13:19:00,FREQ.V,,0.27000001072883606,0.27000001072883606,0.27000001072883606,0.27000001072883606,5000.0
2026-04-06 13:19:00,GGO.V,,1.0099999904632568,1.0099999904632568,1.0099999904632568,1.0099999904632568,400.0
2026-04-06 13:19:00,HIVE.V,,2.7300000190734863,2.7300000190734863,2.7200000286102295,2.7200000286102295,2100.0
2026-04-06 13:19:00,KNG.V,,1.2699999809265137,1.2699999809265137,1.2699999809265137,1.2699999809265137,400.0
2026-04-06 13:19:00,LUCA.V,,1.3899999856948853,1.3899999856948853,1.3899999856948853,1.3899999856948853,200.0
2026-04-06 13:19:00,MKO.V,,8.800000190734863,8.800000190734863,8.800000190734863,8.800000190734863,100.0
2026-04-06 13:19:00,MLP.V,,1.899999976158142,1.9199999570846558,1.899999976158142,1.9199999570846558,46336.0
2026-04-06 13:19:00,PNG.V,,8.569999694824219,8.569999694824219,8.5600004196167,8.569999694824219,1900.0
2026-04-06 13:20:00,EVER.V,,0.5799999833106995,0.5899999737739563,0.5799999833106995,0.5899999737739563,4000.0
2026-04-06 13:20:00,GOT.V,,1.6699999570846558,1.6699999570846558,1.6699999570846558,1.6699999570846558,100.0
2026-04-06 13:20:00,GPH.V,,1.25,1.25,1.25,1.25,600.0
2026-04-06 13:20:00,GSI.V,,1.2200000286102295,1.2200000286102295,1.2200000286102295,1.2200000286102295,100.0
2026-04-06 13:20:00,HIVE.V,,2.7200000286102295,2.7200000286102295,2.7200000286102295,2.7200000286102295,1000.0
2026-04-06 13:20:00,IFOS.V,,3.75,3.809999942779541,3.75,3.799999952316284,17350.0
2026-04-06 13:20:00,ITR.V,,4.03000020980835,4.03000020980835,4.03000020980835,4.03000020980835,900.0
2026-04-06 13:20:00,LG.V,,0.3400000035762787,0.3400000035762787,0.3400000035762787,0.3400000035762787,13000.0
2026-04-06 13:20:00,LMN.V,,23.0,23.0,22.950000762939453,22.950000762939453,400.0
2026-04-06 13:20:00,LUCA.V,,1.3899999856948853,1.3899999856948853,1.3899999856948853,1.3899999856948853,5800.0
2026-04-06 13:20:00,MD.V,,0.4699999988079071,0.4699999988079071,0.4699999988079071,0.4699999988079071,1000.0
2026-04-06 13:20:00,MKO.V,,8.800000190734863,8.800000190734863,8.800000190734863,8.800000190734863,100.0
2026-04-06 13:20:00,NICU.V,,2.1449999809265137,2.1449999809265137,2.1449999809265137,2.1449999809265137,200.0
2026-04-06 13:21:00,GOT.V,,1.6699999570846558,1.6699999570846558,1.6649999618530273,1.6649999618530273,300.0
2026-04-06 13:21:00,KTN.V,,1.3799999952316284,1.3849999904632568,1.3799999952316284,1.3799999952316284,7600.0
2026-04-06 13:21:00,LQWD.V,,0.9700000286102295,1.0,0.9700000286102295,1.0,2998.0
2026-04-06 13:21:00,LUCA.V,,1.3899999856948853,1.3899999856948853,1.3899999856948853,1.3899999856948853,1600.0
2026-04-06 13:21:00,PNG.V,,8.579999923706055,8.579999923706055,8.579999923706055,8.579999923706055,1200.0
2026-04-06 13:22:00,BIG.V,,0.6449999809265137,0.6449999809265137,0.6449999809265137,0.6449999809265137,500.0
2026-04-06 13:22:00,FUU.V,,0.17499999701976776,0.17499999701976776,0.17499999701976776,0.17499999701976776,500.0
2026-04-06 13:22:00,GSI.V,,1.2200000286102295,1.2200000286102295,1.2200000286102295,1.2200000286102295,100.0
2026-04-06 13:22:00,HITI.V,,3.240000009536743,3.240000009536743,3.240000009536743,3.240000009536743,100.0
2026-04-06 13:22:00,HIVE.V,,2.7200000286102295,2.7200000286102295,2.7200000286102295,2.7200000286102295,2200.0
2026-04-06 13:22:00,KNG.V,,1.2599999904632568,1.2699999809265137,1.2599999904632568,1.2699999809265137,4000.0
2026-04-06 13:22:00,MLP.V,,1.899999976158142,1.899999976158142,1.899999976158142,1.899999976158142,100.0
2026-04-06 13:22:00,NICU.V,,2.1449999809265137,2.1449999809265137,2.1449999809265137,2.1449999809265137,100.0
2026-04-06 13:22:00,PNG.V,,8.600000381469727,8.619999885559082,8.600000381469727,8.600000381469727,11040.0
2026-04-06 13:23:00,FO.V,,0.375,0.375,0.375,0.375,5000.0
2026-04-06 13:23:00,GGO.V,,1.0099999904632568,1.0099999904632568,1.0099999904632568,1.0099999904632568,100.0
2026-04-06 13:23:00,GPH.V,,1.2599999904632568,1.2599999904632568,1.2599999904632568,1.2599999904632568,100.0
2026-04-06 13:23:00,HEVI.V,,0.25999999046325684,0.25999999046325684,0.25999999046325684,0.25999999046325684,2825.0
2026-04-06 13:23:00,HSTR.V,,2.4200000762939453,2.4200000762939453,2.4200000762939453,2.4200000762939453,1400.0
2026-04-06 13:23:00,ITR.V,,4.039999961853027,4.039999961853027,4.039999961853027,4.039999961853027,300.0
2026-04-06 13:23:00,JEV.V,,0.10000000149011612,0.10000000149011612,0.10000000149011612,0.10000000149011612,0.0
2026-04-06 13:23:00,LMN.V,,22.90999984741211,22.90999984741211,22.90999984741211,22.90999984741211,100.0
2026-04-06 13:23:00,LUCA.V,,1.3899999856948853,1.3899999856948853,1.3899999856948853,1.3899999856948853,100.0
2026-04-06 13:23:00,PNG.V,,8.600000381469727,8.600000381469727,8.600000381469727,8.600000381469727,1400.0
2026-04-06 13:24:00,FO.V,,0.375,0.375,0.375,0.375,72000.0
2026-04-06 13:24:00,FRED.V,,0.5699999928474426,0.5699999928474426,0.5699999928474426,0.5699999928474426,1000.0
2026-04-06 13:24:00,HELI.V,,0.05000000074505806,0.05000000074505806,0.05000000074505806,0.05000000074505806,6000.0
2026-04-06 13:24:00,HHH.V,,6.0,6.0,6.0,6.0,8900.0
2026-04-06 13:24:00,ITR.V,,4.050000190734863,4.050000190734863,4.050000190734863,4.050000190734863,200.0
2026-04-06 13:24:00,KTN.V,,1.399999976158142,1.399999976158142,1.3899999856948853,1.3899999856948853,2900.0
2026-04-06 13:24:00,LMN.V,,23.020000457763672,23.020000457763672,23.0,23.0,200.0
2026-04-06 13:24:00,LUCA.V,,1.3899999856948853,1.3899999856948853,1.3899999856948853,1.3899999856948853,200.0
2026-04-06 13:24:00,NURS.V,,3.240000009536743,3.240000009536743,3.240000009536743,3.240000009536743,200.0
2026-04-06 13:24:00,PNG.V,,8.59000015258789,8.600000381469727,8.59000015258789,8.600000381469727,300.0
2026-04-06 13:25:00,FO.V,,0.375,0.375,0.375,0.375,43000.0
2026-04-06 13:25:00,FPC.V,,0.39500001072883606,0.39500001072883606,0.39500001072883606,0.39500001072883606,1500.0
2026-04-06 13:25:00,GOT.V,,1.6699999570846558,1.6699999570846558,1.6649999618530273,1.6649999618530273,800.0
2026-04-06 13:25:00,GPH.V,,1.2599999904632568,1.2599999904632568,1.2599999904632568,1.2599999904632568,100.0
2026-04-06 13:25:00,GQC.V,,2.3499999046325684,2.3499999046325684,2.3399999141693115,2.3399999141693115,2700.0
2026-04-06 13:25:00,GSTM.V,,0.2150000035762787,0.2150000035762787,0.2150000035762787,0.2150000035762787,5000.0
2026-04-06 13:25:00,HME.V,,2.8299999237060547,2.8299999237060547,2.8299999237060547,2.8299999237060547,100.0
2026-04-06 13:25:00,KNG.V,,1.2400000095367432,1.25,1.2400000095367432,1.25,9700.0
2026-04-06 13:25:00,KTN.V,,1.399999976158142,1.399999976158142,1.399999976158142,1.399999976158142,1300.0
2026-04-06 13:25:00,LGN.V,,0.9599999785423279,0.9599999785423279,0.9599999785423279,0.9599999785423279,500.0
2026-04-06 13:25:00,LUCA.V,,1.3899999856948853,1.3899999856948853,1.3899999856948853,1.3899999856948853,100.0
2026-04-06 13:25:00,MKO.V,,8.850000381469727,8.850000381469727,8.850000381469727,8.850000381469727,100.0
2026-04-06 13:25:00,MLP.V,,1.909999966621399,1.909999966621399,1.909999966621399,1.909999966621399,300.0
2026-04-06 13:25:00,MQM.V,,0.28999999165534973,0.28999999165534973,0.28999999165534973,0.28999999165534973,500.0
2026-04-06 13:25:00,PNG.V,,8.579999923706055,8.579999923706055,8.579999923706055,8.579999923706055,500.0
2026-04-06 13:26:00,FUU.V,,0.17499999701976776,0.17499999701976776,0.17499999701976776,0.17499999701976776,500.0
2026-04-06 13:26:00,GGO.V,,1.0099999904632568,1.0099999904632568,1.0099999904632568,1.0099999904632568,100.0
2026-04-06 13:26:00,HIVE.V,,2.7200000286102295,2.7200000286102295,2.7200000286102295,2.7200000286102295,265.0
2026-04-06 13:26:00,KTO.V,,0.6899999976158142,0.6899999976158142,0.6899999976158142,0.6899999976158142,500.0
2026-04-06 13:26:00,LTH.V,,1.3899999856948853,1.3899999856948853,1.3899999856948853,1.3899999856948853,100.0
2026-04-06 13:26:00,LUCA.V,,1.3899999856948853,1.3899999856948853,1.3899999856948853,1.3899999856948853,100.0
2026-04-06 13:26:00,MLP.V,,1.909999966621399,1.909999966621399,1.899999976158142,1.899999976158142,2700.0
2026-04-06 13:26:00,ZNG.V,,1.0499999523162842,1.0499999523162842,1.0299999713897705,1.0399999618530273,22011.0
2026-04-06 13:27:00,GLD.V,,0.07500000298023224,0.07500000298023224,0.07500000298023224,0.07500000298023224,2520.0
2026-04-06 13:27:00,GPH.V,,1.25,1.25,1.25,1.25,100.0
2026-04-06 13:27:00,HME.V,,2.815000057220459,2.819999933242798,2.809999942779541,2.819999933242798,10820.0
2026-04-06 13:27:00,ITR.V,,4.059999942779541,4.059999942779541,4.054999828338623,4.054999828338623,200.0
2026-04-06 13:27:00,KNG.V,,1.2400000095367432,1.2400000095367432,1.2400000095367432,1.2400000095367432,1400.0
2026-04-06 13:27:00,LUCA.V,,1.3899999856948853,1.3899999856948853,1.3899999856948853,1.3899999856948853,200.0
2026-04-06 13:27:00,MLP.V,,1.909999966621399,1.909999966621399,1.909999966621399,1.909999966621399,1151.0
2026-04-06 13:27:00,PNG.V,,8.619999885559082,8.619999885559082,8.600000381469727,8.600000381469727,3900.0
2026-04-06 13:28:00,GPH.V,,1.25,1.25,1.25,1.25,100.0
2026-04-06 13:28:00,HME.V,,2.819999933242798,2.819999933242798,2.819999933242798,2.819999933242798,1000.0
2026-04-06 13:28:00,JZR.V,,0.2800000011920929,0.2800000011920929,0.2800000011920929,0.2800000011920929,1000.0
2026-04-06 13:28:00,LMN.V,,23.020000457763672,23.020000457763672,23.020000457763672,23.020000457763672,180.0
2026-04-06 13:28:00,LUCA.V,,1.3799999952316284,1.3899999856948853,1.3799999952316284,1.3899999856948853,5365.0
2026-04-06 13:28:00,LVX.V,,0.5799999833106995,0.5799999833106995,0.5799999833106995,0.5799999833106995,14500.0
2026-04-06 13:29:00,GGO.V,,1.0099999904632568,1.0099999904632568,1.0099999904632568,1.0099999904632568,200.0
2026-04-06 13:29:00,GPH.V,,1.25,1.25,1.25,1.25,100.0
2026-04-06 13:29:00,GRSL.V,,0.32499998807907104,0.32499998807907104,0.32499998807907104,0.32499998807907104,5500.0
2026-04-06 13:29:00,LIS.V,,0.49000000953674316,0.49000000953674316,0.49000000953674316,0.49000000953674316,1000.0
2026-04-06 13:29:00,LUCA.V,,1.3899999856948853,1.3899999856948853,1.3899999856948853,1.3899999856948853,1700.0
2026-04-06 13:29:00,MLP.V,,1.909999966621399,1.909999966621399,1.909999966621399,1.909999966621399,1900.0
2026-04-06 13:29:00,ZNG.V,,1.0399999618530273,1.0399999618530273,1.0399999618530273,1.0399999618530273,300.0
2026-04-06 13:30:00,AUEN.V,,0.2800000011920929,0.2800000011920929,0.2800000011920929,0.2800000011920929,10000.0
2026-04-06 13:30:00,BIG.V,,0.6399999856948853,0.6399999856948853,0.6399999856948853,0.6399999856948853,37810.0
2026-04-06 13:30:00,FUU.V,,0.17499999701976776,0.17499999701976776,0.17499999701976776,0.17499999701976776,500.0
2026-04-06 13:30:00,FWZ.V,,4.550000190734863,4.550000190734863,4.550000190734863,4.550000190734863,100.0
2026-04-06 13:30:00,GPH.V,,1.25,1.25,1.25,1.25,100.0
2026-04-06 13:30:00,HELI.V,,0.05000000074505806,0.05000000074505806,0.05000000074505806,0.05000000074505806,4000.0
2026-04-06 13:30:00,LUCA.V,,1.3899999856948853,1.3899999856948853,1.3899999856948853,1.3899999856948853,500.0
2026-04-06 13:30:00,MLP.V,,1.909999966621399,1.909999966621399,1.909999966621399,1.909999966621399,300.0
2026-04-06 13:30:00,PNG.V,,8.630000114440918,8.630000114440918,8.630000114440918,8.630000114440918,305.0
2026-04-06 13:31:00,GG.V,,2.759999990463257,2.759999990463257,2.75,2.75,3500.0
2026-04-06 13:31:00,GGO.V,,1.0099999904632568,1.0099999904632568,1.0099999904632568,1.0099999904632568,100.0
2026-04-06 13:31:00,HIVE.V,,2.7300000190734863,2.7300000190734863,2.7300000190734863,2.7300000190734863,3500.0
2026-04-06 13:31:00,HSTR.V,,2.430000066757202,2.430000066757202,2.4200000762939453,2.4200000762939453,5600.0
2026-04-06 13:31:00,IPT.V,,0.23999999463558197,0.23999999463558197,0.23999999463558197,0.23999999463558197,1000.0
2026-04-06 13:31:00,LUCA.V,,1.3899999856948853,1.3899999856948853,1.3899999856948853,1.3899999856948853,200.0
2026-04-06 13:31:00,MERG.V,,0.8299999833106995,0.8299999833106995,0.8299999833106995,0.8299999833106995,4000.0
2026-04-06 13:32:00,EVNI.V,,0.20999999344348907,0.20999999344348907,0.20999999344348907,0.20999999344348907,0.0
2026-04-06 13:32:00,GPAC.V,,0.44999998807907104,0.44999998807907104,0.44999998807907104,0.44999998807907104,1500.0
2026-04-06 13:32:00,GPH.V,,1.2599999904632568,1.2599999904632568,1.2599999904632568,1.2599999904632568,400.0
2026-04-06 13:32:00,GSI.V,,1.2200000286102295,1.2200000286102295,1.2200000286102295,1.2200000286102295,100.0
2026-04-06 13:32:00,IOT.V,,0.17499999701976776,0.17499999701976776,0.17499999701976776,0.17499999701976776,0.0
2026-04-06 13:32:00,LUCA.V,,1.3899999856948853,1.3899999856948853,1.3899999856948853,1.3899999856948853,200.0
2026-04-06 13:32:00,PNG.V,,8.5600004196167,8.619999885559082,8.5600004196167,8.619999885559082,6795.0
2026-04-06 13:33:00,GGO.V,,1.0099999904632568,1.0099999904632568,1.0099999904632568,1.0099999904632568,100.0
2026-04-06 13:33:00,GOT.V,,1.6749999523162842,1.6749999523162842,1.6749999523162842,1.6749999523162842,100.0
2026-04-06 13:33:00,GPH.V,,1.2599999904632568,1.2599999904632568,1.2599999904632568,1.2599999904632568,500.0
2026-04-06 13:33:00,HIVE.V,,2.7300000190734863,2.7300000190734863,2.7300000190734863,2.7300000190734863,2830.0
2026-04-06 13:33:00,HSTR.V,,2.430000066757202,2.430000066757202,2.430000066757202,2.430000066757202,1700.0
2026-04-06 13:33:00,JZR.V,,0.2800000011920929,0.2800000011920929,0.2800000011920929,0.2800000011920929,1000.0
2026-04-06 13:33:00,MLP.V,,1.9299999475479126,1.9299999475479126,1.9299999475479126,1.9299999475479126,100.0
2026-04-06 13:34:00,FWZ.V,,4.559999942779541,4.559999942779541,4.559999942779541,4.559999942779541,100.0
2026-04-06 13:34:00,GGO.V,,1.0099999904632568,1.0099999904632568,1.0099999904632568,1.0099999904632568,100.0
2026-04-06 13:34:00,GOT.V,,1.6749999523162842,1.6749999523162842,1.6749999523162842,1.6749999523162842,200.0
2026-04-06 13:34:00,GPH.V,,1.2599999904632568,1.2599999904632568,1.2599999904632568,1.2599999904632568,100.0
2026-04-06 13:34:00,HIVE.V,,2.7300000190734863,2.7300000190734863,2.7300000190734863,2.7300000190734863,1600.0
2026-04-06 13:34:00,HSTR.V,,2.430000066757202,2.430000066757202,2.430000066757202,2.430000066757202,2800.0
2026-04-06 13:34:00,ITR.V,,4.079999923706055,4.079999923706055,4.070000171661377,4.070000171661377,500.0
2026-04-06 13:34:00,LUCA.V,,1.3899999856948853,1.3899999856948853,1.3899999856948853,1.3899999856948853,400.0
2026-04-06 13:35:00,FUU.V,,0.17499999701976776,0.17499999701976776,0.17499999701976776,0.17499999701976776,500.0
2026-04-06 13:35:00,GGO.V,,1.0099999904632568,1.0099999904632568,1.0099999904632568,1.0099999904632568,100.0
2026-04-06 13:35:00,HIVE.V,,2.740000009536743,2.740000009536743,2.7249999046325684,2.7300000190734863,8640.0
2026-04-06 13:35:00,HVG.V,,0.05999999865889549,0.05999999865889549,0.05999999865889549,0.05999999865889549,5000.0
2026-04-06 13:35:00,IFOS.V,,3.7799999713897705,3.7799999713897705,3.7799999713897705,3.7799999713897705,100.0
2026-04-06 13:35:00,ITR.V,,4.074999809265137,4.074999809265137,4.074999809265137,4.074999809265137,100.0
2026-04-06 13:35:00,LMN.V,,22.989999771118164,22.989999771118164,22.989999771118164,22.989999771118164,100.0
2026-04-06 13:35:00,NURS.V,,3.240000009536743,3.240000009536743,3.240000009536743,3.240000009536743,1800.0
2026-04-06 13:35:00,PNG.V,,8.5600004196167,8.5600004196167,8.5600004196167,8.5600004196167,300.0
2026-04-06 13:36:00,FWZ.V,,4.559999942779541,4.559999942779541,4.559999942779541,4.559999942779541,100.0
2026-04-06 13:36:00,GGO.V,,1.0099999904632568,1.0099999904632568,1.0099999904632568,1.0099999904632568,1600.0
2026-04-06 13:36:00,GWM.V,,0.6399999856948853,0.6449999809265137,0.6399999856948853,0.6449999809265137,9763.0
2026-04-06 13:36:00,HIVE.V,,2.740000009536743,2.740000009536743,2.740000009536743,2.740000009536743,900.0
2026-04-06 13:36:00,HME.V,,2.819999933242798,2.819999933242798,2.819999933242798,2.819999933242798,100.0
2026-04-06 13:36:00,ITR.V,,4.079999923706055,4.079999923706055,4.079999923706055,4.079999923706055,100.0
2026-04-06 13:36:00,LUCA.V,,1.399999976158142,1.399999976158142,1.3799999952316284,1.3799999952316284,5900.0
2026-04-06 13:36:00,MKO.V,,8.880000114440918,8.880000114440918,8.880000114440918,8.880000114440918,1700.0
2026-04-06 13:36:00,MLP.V,,1.9299999475479126,1.9299999475479126,1.9299999475479126,1.9299999475479126,300.0
2026-04-06 13:36:00,MMA.V,,1.2799999713897705,1.2799999713897705,1.2799999713897705,1.2799999713897705,7100.0
2026-04-06 13:36:00,NICU.V,,2.1500000953674316,2.1500000953674316,2.1500000953674316,2.1500000953674316,500.0
2026-04-06 13:37:00,GGO.V,,1.0099999904632568,1.0099999904632568,1.0099999904632568,1.0099999904632568,100.0
2026-04-06 13:37:00,GWM.V,,0.6399999856948853,0.6399999856948853,0.6399999856948853,0.6399999856948853,2500.0
2026-04-06 13:37:00,NURS.V,,3.25,3.25,3.240000009536743,3.240000009536743,3320.0
2026-04-06 13:37:00,PNG.V,,8.59000015258789,8.600000381469727,8.579999923706055,8.579999923706055,3400.0
2026-04-06 13:38:00,GGO.V,,1.0099999904632568,1.0099999904632568,1.0099999904632568,1.0099999904632568,100.0
2026-04-06 13:38:00,GPH.V,,1.2599999904632568,1.2599999904632568,1.2599999904632568,1.2599999904632568,600.0
2026-04-06 13:38:00,HIVE.V,,2.7300000190734863,2.7300000190734863,2.7200000286102295,2.7300000190734863,8100.0
2026-04-06 13:38:00,ITR.V,,4.079999923706055,4.079999923706055,4.079999923706055,4.079999923706055,300.0
2026-04-06 13:38:00,JZR.V,,0.2800000011920929,0.2800000011920929,0.2800000011920929,0.2800000011920929,500.0
2026-04-06 13:38:00,LMN.V,,23.020000457763672,23.049999237060547,22.899999618530273,22.90999984741211,700.0
2026-04-06 13:38:00,MLP.V,,1.9199999570846558,1.9299999475479126,1.9199999570846558,1.9299999475479126,3600.0
2026-04-06 13:38:00,NURS.V,,3.2799999713897705,3.2799999713897705,3.2799999713897705,3.2799999713897705,1200.0
2026-04-06 13:38:00,PNG.V,,8.609999656677246,8.609999656677246,8.609999656677246,8.609999656677246,300.0
2026-04-06 13:39:00,FUU.V,,0.17499999701976776,0.17499999701976776,0.17499999701976776,0.17499999701976776,600.0
2026-04-06 13:39:00,GOT.V,,1.6799999475479126,1.6799999475479126,1.6799999475479126,1.6799999475479126,100.0
2026-04-06 13:39:00,GSI.V,,1.2200000286102295,1.2200000286102295,1.2200000286102295,1.2200000286102295,100.0
2026-04-06 13:39:00,HSTR.V,,2.424999952316284,2.424999952316284,2.424999952316284,2.424999952316284,145.0
2026-04-06 13:39:00,LUCA.V,,1.399999976158142,1.399999976158142,1.399999976158142,1.399999976158142,200.0
2026-04-06 13:39:00,MEK.V,,0.02500000037252903,0.02500000037252903,0.02500000037252903,0.02500000037252903,300000.0
2026-04-06 13:39:00,PNG.V,,8.619999885559082,8.619999885559082,8.609999656677246,8.609999656677246,400.0
2026-04-06 13:40:00,EQTY.V,,0.29499998688697815,0.29499998688697815,0.29499998688697815,0.29499998688697815,26000.0
2026-04-06 13:40:00,GGO.V,,1.0099999904632568,1.0099999904632568,1.0099999904632568,1.0099999904632568,200.0
2026-04-06 13:40:00,GQC.V,,2.359999895095825,2.359999895095825,2.359999895095825,2.359999895095825,100.0
2026-04-06 13:40:00,HIVE.V,,2.7300000190734863,2.7300000190734863,2.7300000190734863,2.7300000190734863,500.0
2026-04-06 13:40:00,HME.V,,2.819999933242798,2.819999933242798,2.819999933242798,2.819999933242798,100.0
2026-04-06 13:40:00,KFR.V,,0.7400000095367432,0.7400000095367432,0.7300000190734863,0.7300000190734863,17388.0
2026-04-06 13:40:00,KNG.V,,1.2400000095367432,1.2400000095367432,1.2200000286102295,1.2300000190734863,11400.0
2026-04-06 13:40:00,PNG.V,,8.604999542236328,8.604999542236328,8.604999542236328,8.604999542236328,1000.0
2026-04-06 13:41:00,FRED.V,,0.5799999833106995,0.5799999833106995,0.5799999833106995,0.5799999833106995,1000.0
2026-04-06 13:41:00,GOT.V,,1.6749999523162842,1.6749999523162842,1.6749999523162842,1.6749999523162842,100.0
2026-04-06 13:41:00,GPH.V,,1.25,1.25,1.25,1.25,100.0
2026-04-06 13:41:00,MEK.V,,0.02500000037252903,0.02500000037252903,0.02500000037252903,0.02500000037252903,69000.0
2026-04-06 13:41:00,MLP.V,,1.909999966621399,1.909999966621399,1.909999966621399,1.909999966621399,4400.0
2026-04-06 13:41:00,PNG.V,,8.619999885559082,8.619999885559082,8.619999885559082,8.619999885559082,200.0
2026-04-06 13:42:00,FPC.V,,0.38999998569488525,0.38999998569488525,0.38999998569488525,0.38999998569488525,11000.0
2026-04-06 13:42:00,FRED.V,,0.5799999833106995,0.5799999833106995,0.5799999833106995,0.5799999833106995,1000.0
2026-04-06 13:42:00,KTN.V,,1.3899999856948853,1.3899999856948853,1.3899999856948853,1.3899999856948853,2200.0
2026-04-06 13:42:00,LMN.V,,23.049999237060547,23.049999237060547,23.049999237060547,23.049999237060547,100.0
2026-04-06 13:42:00,PNG.V,,8.619999885559082,8.619999885559082,8.619999885559082,8.619999885559082,1300.0
2026-04-06 13:42:00,ZNG.V,,1.059999942779541,1.059999942779541,1.059999942779541,1.059999942779541,2700.0
2026-04-06 13:43:00,FUU.V,,0.17499999701976776,0.17499999701976776,0.17499999701976776,0.17499999701976776,500.0
2026-04-06 13:43:00,GGO.V,,1.0099999904632568,1.0099999904632568,1.0099999904632568,1.0099999904632568,100.0
2026-04-06 13:43:00,GPAC.V,,0.44999998807907104,0.44999998807907104,0.44999998807907104,0.44999998807907104,8500.0
2026-04-06 13:43:00,GQC.V,,2.3499999046325684,2.3499999046325684,2.3499999046325684,2.3499999046325684,100.0
2026-04-06 13:43:00,GSP.V,,0.1599999964237213,0.1599999964237213,0.1599999964237213,0.1599999964237213,500.0
2026-04-06 13:43:00,GSVR.V,,0.6000000238418579,0.6000000238418579,0.6000000238418579,0.6000000238418579,1500.0
2026-04-06 13:43:00,JZR.V,,0.2750000059604645,0.2750000059604645,0.2750000059604645,0.2750000059604645,500.0
2026-04-06 13:43:00,LMN.V,,23.0,23.0,22.979999542236328,22.989999771118164,1110.0
2026-04-06 13:43:00,LUCA.V,,1.399999976158142,1.399999976158142,1.399999976158142,1.399999976158142,100.0
2026-04-06 13:43:00,MKO.V,,8.880000114440918,8.880000114440918,8.880000114440918,8.880000114440918,459.0
2026-04-06 13:43:00,MLP.V,,1.909999966621399,1.909999966621399,1.909999966621399,1.909999966621399,400.0
2026-04-06 13:43:00,NURS.V,,3.2799999713897705,3.2799999713897705,3.2799999713897705,3.2799999713897705,500.0
2026-04-06 13:43:00,PNG.V,,8.640000343322754,8.640000343322754,8.640000343322754,8.640000343322754,100.0
2026-04-06 13:44:00,GEL.V,,0.12999999523162842,0.12999999523162842,0.12999999523162842,0.12999999523162842,0.0
2026-04-06 13:44:00,GGO.V,,1.0099999904632568,1.0099999904632568,1.0099999904632568,1.0099999904632568,71200.0
2026-04-06 13:44:00,GLAD.V,,1.2100000381469727,1.2100000381469727,1.2000000476837158,1.2000000476837158,2700.0
2026-04-06 13:44:00,GMA.V,,0.26499998569488525,0.26499998569488525,0.26499998569488525,0.26499998569488525,1000.0
2026-04-06 13:44:00,LUCA.V,,1.399999976158142,1.399999976158142,1.399999976158142,1.399999976158142,1500.0
2026-04-06 13:44:00,MLP.V,,1.909999966621399,1.909999966621399,1.909999966621399,1.909999966621399,400.0
2026-04-06 13:44:00,PNG.V,,8.630000114440918,8.630000114440918,8.630000114440918,8.630000114440918,100.0
2026-04-06 13:45:00,GMG.V,,2.200000047683716,2.200000047683716,2.200000047683716,2.200000047683716,1540.0
2026-04-06 13:45:00,GPH.V,,1.25,1.25,1.25,1.25,100.0
2026-04-06 13:45:00,HIVE.V,,2.7300000190734863,2.7300000190734863,2.7300000190734863,2.7300000190734863,12375.0
2026-04-06 13:45:00,IFOS.V,,3.7699999809265137,3.7699999809265137,3.7699999809265137,3.7699999809265137,100.0
2026-04-06 13:45:00,PNG.V,,8.630000114440918,8.630000114440918,8.630000114440918,8.630000114440918,100.0
2026-04-06 13:45:00,ROAR.V,,0.19499999284744263,0.19499999284744263,0.19499999284744263,0.19499999284744263,3947.0
2026-04-06 13:46:00,FRED.V,,0.5799999833106995,0.5799999833106995,0.5799999833106995,0.5799999833106995,14000.0
2026-04-06 13:46:00,GGO.V,,1.0099999904632568,1.0099999904632568,1.0099999904632568,1.0099999904632568,100.0
2026-04-06 13:46:00,GOT.V,,1.6799999475479126,1.6799999475479126,1.6799999475479126,1.6799999475479126,100.0
2026-04-06 13:46:00,GPH.V,,1.25,1.25,1.25,1.25,100.0
2026-04-06 13:46:00,GZD.V,,0.029999999329447746,0.029999999329447746,0.029999999329447746,0.029999999329447746,0.0
2026-04-06 13:46:00,NURS.V,,3.2899999618530273,3.2899999618530273,3.2899999618530273,3.2899999618530273,100.0
2026-04-06 13:46:00,PNG.V,,8.619999885559082,8.640000343322754,8.619999885559082,8.640000343322754,700.0
2026-04-06 13:47:00,FPC.V,,0.39500001072883606,0.39500001072883606,0.39500001072883606,0.39500001072883606,500.0
2026-04-06 13:47:00,FUU.V,,0.17499999701976776,0.17499999701976776,0.17499999701976776,0.17499999701976776,500.0
2026-04-06 13:47:00,GQC.V,,2.3499999046325684,2.3499999046325684,2.3499999046325684,2.3499999046325684,100.0
2026-04-06 13:47:00,HME.V,,2.809999942779541,2.809999942779541,2.809999942779541,2.809999942779541,300.0
2026-04-06 13:47:00,ITR.V,,4.070000171661377,4.070000171661377,4.070000171661377,4.070000171661377,2400.0
2026-04-06 13:47:00,KTN.V,,1.3899999856948853,1.3899999856948853,1.3899999856948853,1.3899999856948853,100.0
2026-04-06 13:47:00,LIS.V,,0.4950000047683716,0.4950000047683716,0.4950000047683716,0.4950000047683716,1072500.0
2026-04-06 13:47:00,LUCA.V,,1.399999976158142,1.399999976158142,1.399999976158142,1.399999976158142,363.0
2026-04-06 13:47:00,MKO.V,,8.880000114440918,8.880000114440918,8.880000114440918,8.880000114440918,1000.0
2026-04-06 13:47:00,MLP.V,,1.899999976158142,1.899999976158142,1.899999976158142,1.899999976158142,1800.0
2026-04-06 13:47:00,PNG.V,,8.609999656677246,8.609999656677246,8.609999656677246,8.609999656677246,1096.0
2026-04-06 13:48:00,GGO.V,,1.0099999904632568,1.0099999904632568,1.0099999904632568,1.0099999904632568,100.0
2026-04-06 13:48:00,GPH.V,,1.2599999904632568,1.2599999904632568,1.25,1.25,200.0
2026-04-06 13:48:00,HEVI.V,,0.25999999046325684,0.25999999046325684,0.25999999046325684,0.25999999046325684,2500.0
2026-04-06 13:48:00,HME.V,,2.799999952316284,2.809999942779541,2.799999952316284,2.809999942779541,2100.0
2026-04-06 13:48:00,ITR.V,,4.070000171661377,4.070000171661377,4.070000171661377,4.070000171661377,0.0
2026-04-06 13:48:00,LMN.V,,22.950000762939453,22.950000762939453,22.950000762939453,22.950000762939453,156.0
2026-04-06 13:48:00,MLP.V,,1.909999966621399,1.909999966621399,1.909999966621399,1.909999966621399,100.0
2026-04-06 13:48:00,MMA.V,,1.2799999713897705,1.2799999713897705,1.2799999713897705,1.2799999713897705,2000.0
2026-04-06 13:48:00,PNG.V,,8.619999885559082,8.619999885559082,8.619999885559082,8.619999885559082,1500.0
2026-04-06 13:49:00,GLAD.V,,1.2100000381469727,1.2100000381469727,1.2100000381469727,1.2100000381469727,100.0
2026-04-06 13:49:00,GMG.V,,2.2200000286102295,2.2200000286102295,2.200000047683716,2.200000047683716,15500.0
2026-04-06 13:49:00,GPH.V,,1.2599999904632568,1.2599999904632568,1.2599999904632568,1.2599999904632568,100.0
2026-04-06 13:49:00,HME.V,,2.799999952316284,2.799999952316284,2.799999952316284,2.799999952316284,700.0
2026-04-06 13:49:00,ITR.V,,4.070000171661377,4.070000171661377,4.070000171661377,4.070000171661377,198748.0
2026-04-06 13:49:00,LUCA.V,,1.399999976158142,1.399999976158142,1.399999976158142,1.399999976158142,300.0
2026-04-06 13:49:00,MINE.V,,0.07500000298023224,0.07500000298023224,0.07500000298023224,0.07500000298023224,1000.0
2026-04-06 13:49:00,PNG.V,,8.619999885559082,8.619999885559082,8.619999885559082,8.619999885559082,515.0
2026-04-06 13:50:00,GMG.V,,2.2200000286102295,2.2200000286102295,2.2200000286102295,2.2200000286102295,0.0
2026-04-06 13:50:00,GPAC.V,,0.4399999976158142,0.4449999928474426,0.4399999976158142,0.4449999928474426,11500.0
2026-04-06 13:50:00,GPH.V,,1.2599999904632568,1.2599999904632568,1.2599999904632568,1.2599999904632568,1000.0
2026-04-06 13:50:00,HEVI.V,,0.2549999952316284,0.25999999046325684,0.2549999952316284,0.25999999046325684,4217.0
2026-04-06 13:50:00,HIVE.V,,2.7300000190734863,2.7300000190734863,2.7300000190734863,2.7300000190734863,2300.0
2026-04-06 13:50:00,LIS.V,,0.5099999904632568,0.5099999904632568,0.5,0.5,1584774.0
2026-04-06 13:50:00,MMA.V,,1.2799999713897705,1.2799999713897705,1.2799999713897705,1.2799999713897705,2500.0
2026-04-06 13:50:00,NURS.V,,3.240000009536743,3.2799999713897705,3.240000009536743,3.2799999713897705,1900.0
2026-04-06 13:50:00,PNG.V,,8.619999885559082,8.649999618530273,8.619999885559082,8.630000114440918,1522.0
2026-04-06 13:51:00,FPC.V,,0.38999998569488525,0.38999998569488525,0.38999998569488525,0.38999998569488525,1000.0
2026-04-06 13:51:00,FUU.V,,0.17499999701976776,0.17499999701976776,0.17499999701976776,0.17499999701976776,500.0
2026-04-06 13:51:00,GMG.V,,2.2200000286102295,2.2200000286102295,2.2200000286102295,2.2200000286102295,86630.0
2026-04-06 13:51:00,HIVE.V,,2.7300000190734863,2.7300000190734863,2.7300000190734863,2.7300000190734863,1100.0
2026-04-06 13:51:00,HSTR.V,,2.430000066757202,2.430000066757202,2.430000066757202,2.430000066757202,100.0
2026-04-06 13:51:00,IOT.V,,0.17499999701976776,0.17499999701976776,0.17499999701976776,0.17499999701976776,10000.0
2026-04-06 13:51:00,LFST.V,,0.04500000178813934,0.04500000178813934,0.04500000178813934,0.04500000178813934,2000.0
2026-04-06 13:51:00,LIS.V,,0.5099999904632568,0.5099999904632568,0.5099999904632568,0.5099999904632568,70500.0
2026-04-06 13:51:00,MINE.V,,0.07500000298023224,0.07500000298023224,0.07500000298023224,0.07500000298023224,4000.0
2026-04-06 13:51:00,PNG.V,,8.59000015258789,8.609999656677246,8.59000015258789,8.609999656677246,724.0
2026-04-06 13:52:00,GGO.V,,1.0099999904632568,1.0099999904632568,1.0099999904632568,1.0099999904632568,200.0
2026-04-06 13:52:00,HELI.V,,0.05000000074505806,0.05000000074505806,0.05000000074505806,0.05000000074505806,32263.0
2026-04-06 13:52:00,IFOS.V,,3.7699999809265137,3.7699999809265137,3.7699999809265137,3.7699999809265137,100.0
2026-04-06 13:52:00,ILI.V,,0.019999999552965164,0.019999999552965164,0.019999999552965164,0.019999999552965164,5000.0
2026-04-06 13:52:00,LIS.V,,0.5099999904632568,0.5099999904632568,0.5099999904632568,0.5099999904632568,25000.0
2026-04-06 13:52:00,LME.V,,0.20999999344348907,0.20999999344348907,0.20999999344348907,0.20999999344348907,5000.0
2026-04-06 13:52:00,LUCA.V,,1.399999976158142,1.399999976158142,1.399999976158142,1.399999976158142,100.0
2026-04-06 13:52:00,NURS.V,,3.25,3.25,3.25,3.25,200.0
2026-04-06 13:52:00,PNG.V,,8.579999923706055,8.579999923706055,8.579999923706055,8.579999923706055,100.0
2026-04-06 13:53:00,GGO.V,,1.0099999904632568,1.0099999904632568,1.0099999904632568,1.0099999904632568,100.0
2026-04-06 13:53:00,GSI.V,,1.2300000190734863,1.2300000190734863,1.2300000190734863,1.2300000190734863,1100.0
2026-04-06 13:53:00,HIVE.V,,2.7300000190734863,2.7300000190734863,2.7300000190734863,2.7300000190734863,200.0
2026-04-06 13:53:00,HSTR.V,,2.424999952316284,2.430000066757202,2.4200000762939453,2.424999952316284,3300.0
2026-04-06 13:53:00,LFST.V,,0.03999999910593033,0.03999999910593033,0.03999999910593033,0.03999999910593033,43000.0
2026-04-06 13:53:00,LUCA.V,,1.3899999856948853,1.3899999856948853,1.3899999856948853,1.3899999856948853,200.0
2026-04-06 13:54:00,FIN.V,,0.1899999976158142,0.1899999976158142,0.1899999976158142,0.1899999976158142,0.0
2026-04-06 13:54:00,FWZ.V,,4.559999942779541,4.559999942779541,4.559999942779541,4.559999942779541,100.0
2026-04-06 13:54:00,HIVE.V,,2.7300000190734863,2.7300000190734863,2.7300000190734863,2.7300000190734863,158.0
2026-04-06 13:54:00,LIS.V,,0.5099999904632568,0.5099999904632568,0.5099999904632568,0.5099999904632568,159500.0
2026-04-06 13:54:00,LUCA.V,,1.3899999856948853,1.3899999856948853,1.3899999856948853,1.3899999856948853,100.0
2026-04-06 13:54:00,PNG.V,,8.609999656677246,8.609999656677246,8.609999656677246,8.609999656677246,100.0
2026-04-06 13:55:00,GGO.V,,1.0099999904632568,1.0099999904632568,1.0099999904632568,1.0099999904632568,100.0
2026-04-06 13:55:00,HIVE.V,,2.7300000190734863,2.7300000190734863,2.7300000190734863,2.7300000190734863,1100.0
2026-04-06 13:55:00,KDK.V,,0.8500000238418579,0.8500000238418579,0.8500000238418579,0.8500000238418579,1000.0
2026-04-06 13:55:00,KFR.V,,0.75,0.75,0.75,0.75,10500.0
2026-04-06 13:55:00,KTN.V,,1.3899999856948853,1.3899999856948853,1.3899999856948853,1.3899999856948853,600.0
2026-04-06 13:55:00,LMN.V,,22.940000534057617,22.940000534057617,22.899999618530273,22.899999618530273,225.0
2026-04-06 13:55:00,MLP.V,,1.899999976158142,1.899999976158142,1.899999976158142,1.899999976158142,100.0
2026-04-06 13:55:00,PNG.V,,8.5600004196167,8.579999923706055,8.5600004196167,8.569999694824219,2100.0
2026-04-06 13:56:00,FRED.V,,0.5799999833106995,0.5799999833106995,0.5799999833106995,0.5799999833106995,10100.0
2026-04-06 13:56:00,FUU.V,,0.17499999701976776,0.17499999701976776,0.17499999701976776,0.17499999701976776,500.0
2026-04-06 13:56:00,JUGR.V,,1.2999999523162842,1.309999942779541,1.2999999523162842,1.309999942779541,300.0
2026-04-06 13:56:00,LUCA.V,,1.3899999856948853,1.3899999856948853,1.3899999856948853,1.3899999856948853,100.0
2026-04-06 13:56:00,PNG.V,,8.550000190734863,8.5600004196167,8.550000190734863,8.5600004196167,820.0
2026-04-06 13:57:00,GFM-H.V,,0.4050000011920929,0.4050000011920929,0.4050000011920929,0.4050000011920929,11500.0
2026-04-06 13:57:00,GGO.V,,1.0099999904632568,1.0099999904632568,1.0099999904632568,1.0099999904632568,100.0
2026-04-06 13:57:00,GPH.V,,1.2599999904632568,1.2599999904632568,1.2599999904632568,1.2599999904632568,600.0
2026-04-06 13:57:00,HME.V,,2.819999933242798,2.819999933242798,2.809999942779541,2.809999942779541,1068.0
2026-04-06 13:57:00,LUCA.V,,1.3899999856948853,1.3899999856948853,1.3899999856948853,1.3899999856948853,200.0
2026-04-06 13:57:00,MMA.V,,1.2799999713897705,1.2799999713897705,1.2799999713897705,1.2799999713897705,200.0
2026-04-06 13:57:00,PNG.V,,8.550000190734863,8.550000190734863,8.550000190734863,8.550000190734863,250.0
2026-04-06 13:58:00,FCLI.V,,0.41999998688697815,0.41999998688697815,0.41999998688697815,0.41999998688697815,500.0
2026-04-06 13:58:00,FWZ.V,,4.559999942779541,4.559999942779541,4.559999942779541,4.559999942779541,100.0
2026-04-06 13:58:00,GPH.V,,1.2599999904632568,1.2599999904632568,1.2599999904632568,1.2599999904632568,1100.0
2026-04-06 13:58:00,JUGR.V,,1.309999942779541,1.309999942779541,1.309999942779541,1.309999942779541,100.0
2026-04-06 13:58:00,KFR.V,,0.7400000095367432,0.7400000095367432,0.7400000095367432,0.7400000095367432,2000.0
2026-04-06 13:58:00,LMN.V,,22.899999618530273,22.899999618530273,22.899999618530273,22.899999618530273,100.0
2026-04-06 13:58:00,LUCA.V,,1.3899999856948853,1.3899999856948853,1.3899999856948853,1.3899999856948853,100.0
2026-04-06 13:58:00,MTA.V,,9.369999885559082,9.369999885559082,9.369999885559082,9.369999885559082,100.0
2026-04-06 13:58:00,PNG.V,,8.579999923706055,8.579999923706055,8.579999923706055,8.579999923706055,600.0
2026-04-06 13:59:00,FWZ.V,,4.559999942779541,4.559999942779541,4.559999942779541,4.559999942779541,200.0
2026-04-06 13:59:00,GGO.V,,1.0099999904632568,1.0099999904632568,1.0099999904632568,1.0099999904632568,100.0
2026-04-06 13:59:00,GOT.V,,1.6699999570846558,1.6699999570846558,1.6699999570846558,1.6699999570846558,100.0
2026-04-06 13:59:00,GSI.V,,1.2300000190734863,1.2300000190734863,1.2300000190734863,1.2300000190734863,100.0
2026-04-06 13:59:00,GSP.V,,0.1599999964237213,0.1599999964237213,0.1599999964237213,0.1599999964237213,500.0
2026-04-06 13:59:00,HIVE.V,,2.7300000190734863,2.7300000190734863,2.7300000190734863,2.7300000190734863,100.0
2026-04-06 13:59:00,HME.V,,2.815000057220459,2.815000057220459,2.815000057220459,2.815000057220459,200.0
2026-04-06 13:59:00,IFOS.V,,3.7699999809265137,3.7699999809265137,3.7699999809265137,3.7699999809265137,100.0
2026-04-06 13:59:00,LMN.V,,23.040000915527344,23.049999237060547,23.030000686645508,23.030000686645508,700.0
2026-04-06 13:59:00,LUCA.V,,1.399999976158142,1.399999976158142,1.3899999856948853,1.3899999856948853,400.0
2026-04-06 13:59:00,MFG.V,,4.340000152587891,4.380000114440918,4.340000152587891,4.380000114440918,2590.0
2026-04-06 13:59:00,MLP.V,,1.899999976158142,1.899999976158142,1.899999976158142,1.899999976158142,100.0
2026-04-06 13:59:00,PNG.V,,8.59000015258789,8.59000015258789,8.579999923706055,8.579999923706055,509.0
2026-04-06 14:00:00,FUU.V,,0.17499999701976776,0.17499999701976776,0.17499999701976776,0.17499999701976776,500.0
2026-04-06 14:00:00,GSI.V,,1.2300000190734863,1.2300000190734863,1.2300000190734863,1.2300000190734863,100.0
2026-04-06 14:00:00,HIVE.V,,2.7300000190734863,2.7300000190734863,2.7300000190734863,2.7300000190734863,4800.0
2026-04-06 14:00:00,IFOS.V,,3.7899999618530273,3.7899999618530273,3.7699999809265137,3.7699999809265137,3200.0
2026-04-06 14:00:00,ITR.V,,4.074999809265137,4.074999809265137,4.074999809265137,4.074999809265137,100.0
2026-04-06 14:00:00,LUCA.V,,1.3949999809265137,1.3949999809265137,1.3949999809265137,1.3949999809265137,100.0
2026-04-06 14:00:00,YGT.V,,0.19499999284744263,0.20499999821186066,0.19499999284744263,0.20499999821186066,70028.0
2026-04-06 14:01:00,HAM.V,,4.800000190734863,4.889999866485596,4.800000190734863,4.889999866485596,2500.0
2026-04-06 14:01:00,HELI.V,,0.05000000074505806,0.05000000074505806,0.05000000074505806,0.05000000074505806,5000.0
2026-04-06 14:01:00,HSTR.V,,2.4149999618530273,2.4200000762939453,2.4000000953674316,2.4200000762939453,16800.0
2026-04-06 14:01:00,LG.V,,0.3449999988079071,0.3449999988079071,0.3449999988079071,0.3449999988079071,8000.0
2026-04-06 14:01:00,LUCA.V,,1.3949999809265137,1.3949999809265137,1.3949999809265137,1.3949999809265137,100.0
2026-04-06 14:01:00,LVX.V,,0.5799999833106995,0.5799999833106995,0.5799999833106995,0.5799999833106995,4000.0
2026-04-06 14:01:00,MLP.V,,1.899999976158142,1.899999976158142,1.899999976158142,1.899999976158142,151.0
2026-04-06 14:01:00,YGT.V,,0.20000000298023224,0.20000000298023224,0.20000000298023224,0.20000000298023224,32500.0
2026-04-06 14:02:00,FO.V,,0.375,0.375,0.375,0.375,25500.0
2026-04-06 14:02:00,FWZ.V,,4.559999942779541,4.570000171661377,4.559999942779541,4.570000171661377,2847.0
2026-04-06 14:02:00,GFG.V,,0.15000000596046448,0.15000000596046448,0.15000000596046448,0.15000000596046448,15500.0
2026-04-06 14:02:00,GLAD.V,,1.2100000381469727,1.2100000381469727,1.2100000381469727,1.2100000381469727,300.0
2026-04-06 14:02:00,HAM.V,,4.800000190734863,4.800000190734863,4.800000190734863,4.800000190734863,1300.0
2026-04-06 14:02:00,IFOS.V,,3.7799999713897705,3.7899999618530273,3.7799999713897705,3.7899999618530273,4000.0
2026-04-06 14:02:00,LTH.V,,1.3799999952316284,1.3799999952316284,1.3799999952316284,1.3799999952316284,3503.0
2026-04-06 14:02:00,LUCA.V,,1.3949999809265137,1.3949999809265137,1.3949999809265137,1.3949999809265137,100.0
2026-04-06 14:03:00,HIVE.V,,2.7300000190734863,2.7300000190734863,2.7300000190734863,2.7300000190734863,4300.0
2026-04-06 14:03:00,HSTR.V,,2.390000104904175,2.4100000858306885,2.369999885559082,2.4100000858306885,16804.0
2026-04-06 14:03:00,ITR.V,,4.070000171661377,4.070000171661377,4.070000171661377,4.070000171661377,1600.0
2026-04-06 14:03:00,JG.V,,0.0949999988079071,0.0949999988079071,0.0949999988079071,0.0949999988079071,30000.0
2026-04-06 14:03:00,KC.V,,0.3149999976158142,0.3149999976158142,0.3149999976158142,0.3149999976158142,1000.0
2026-04-06 14:03:00,KTN.V,,1.3899999856948853,1.3899999856948853,1.3899999856948853,1.3899999856948853,1100.0
2026-04-06 14:03:00,LUCA.V,,1.3949999809265137,1.3949999809265137,1.3949999809265137,1.3949999809265137,200.0
2026-04-06 14:03:00,MTA.V,,9.319999694824219,9.319999694824219,9.319999694824219,9.319999694824219,100.0
2026-04-06 14:04:00,FUU.V,,0.17499999701976776,0.17499999701976776,0.17499999701976776,0.17499999701976776,500.0
2026-04-06 14:04:00,GGO.V,,1.0099999904632568,1.0099999904632568,1.0099999904632568,1.0099999904632568,300.0
2026-04-06 14:04:00,GOT.V,,1.6699999570846558,1.6699999570846558,1.6699999570846558,1.6699999570846558,100.0
2026-04-06 14:04:00,GQC.V,,2.359999895095825,2.359999895095825,2.359999895095825,2.359999895095825,400.0
2026-04-06 14:04:00,GRSL.V,,0.3199999928474426,0.3199999928474426,0.3199999928474426,0.3199999928474426,4500.0
2026-04-06 14:04:00,HIVE.V,,2.7300000190734863,2.7300000190734863,2.7300000190734863,2.7300000190734863,100.0
2026-04-06 14:04:00,HSTR.V,,2.390000104904175,2.390000104904175,2.390000104904175,2.390000104904175,1400.0
2026-04-06 14:04:00,LTH.V,,1.3600000143051147,1.3700000047683716,1.3600000143051147,1.3700000047683716,23850.0
2026-04-06 14:04:00,LUCA.V,,1.399999976158142,1.399999976158142,1.399999976158142,1.399999976158142,100.0
2026-04-06 14:04:00,MLP.V,,1.909999966621399,1.909999966621399,1.909999966621399,1.909999966621399,3100.0
2026-04-06 14:04:00,PNG.V,,8.59000015258789,8.59000015258789,8.569999694824219,8.569999694824219,1158.0
2026-04-06 14:05:00,GGO.V,,1.0099999904632568,1.0099999904632568,1.0099999904632568,1.0099999904632568,100.0
2026-04-06 14:05:00,GOT.V,,1.6749999523162842,1.6749999523162842,1.6749999523162842,1.6749999523162842,100.0
2026-04-06 14:05:00,GQC.V,,2.359999895095825,2.359999895095825,2.359999895095825,2.359999895095825,300.0
2026-04-06 14:05:00,GSVR.V,,0.6100000143051147,0.6100000143051147,0.6100000143051147,0.6100000143051147,800.0
2026-04-06 14:05:00,HIVE.V,,2.7300000190734863,2.7300000190734863,2.7300000190734863,2.7300000190734863,100.0
2026-04-06 14:05:00,JUGR.V,,1.3200000524520874,1.3200000524520874,1.3200000524520874,1.3200000524520874,300.0
2026-04-06 14:05:00,KNG.V,,1.2200000286102295,1.2200000286102295,1.2200000286102295,1.2200000286102295,200.0
2026-04-06 14:05:00,LTH.V,,1.350000023841858,1.3600000143051147,1.340000033378601,1.3600000143051147,28428.0
2026-04-06 14:05:00,MKO.V,,8.880000114440918,8.880000114440918,8.880000114440918,8.880000114440918,600.0
2026-04-06 14:05:00,MLP.V,,1.909999966621399,1.9199999570846558,1.909999966621399,1.9199999570846558,200.0
2026-04-06 14:05:00,PNG.V,,8.510000228881836,8.5600004196167,8.510000228881836,8.5600004196167,22520.0
2026-04-06 14:06:00,FRED.V,,0.5799999833106995,0.5799999833106995,0.5799999833106995,0.5799999833106995,2000.0
2026-04-06 14:06:00,GPH.V,,1.25,1.25,1.25,1.25,100.0
2026-04-06 14:06:00,HSTR.V,,2.390000104904175,2.390000104904175,2.390000104904175,2.390000104904175,100.0
2026-04-06 14:06:00,ITR.V,,4.059999942779541,4.059999942779541,4.059999942779541,4.059999942779541,200.0
2026-04-06 14:06:00,LTH.V,,1.350000023841858,1.350000023841858,1.350000023841858,1.350000023841858,106.0
2026-04-06 14:06:00,MLP.V,,1.909999966621399,1.909999966621399,1.909999966621399,1.909999966621399,300.0
2026-04-06 14:06:00,NURS.V,,3.299999952316284,3.299999952316284,3.2699999809265137,3.2699999809265137,11000.0
2026-04-06 14:07:00,GPH.V,,1.25,1.25,1.25,1.25,2900.0
2026-04-06 14:07:00,GQC.V,,2.3499999046325684,2.3499999046325684,2.3499999046325684,2.3499999046325684,900.0
2026-04-06 14:07:00,HIVE.V,,2.7300000190734863,2.7300000190734863,2.7300000190734863,2.7300000190734863,500.0
2026-04-06 14:07:00,JUGR.V,,1.309999942779541,1.309999942779541,1.309999942779541,1.309999942779541,1500.0
2026-04-06 14:07:00,KFR.V,,0.7400000095367432,0.7400000095367432,0.7400000095367432,0.7400000095367432,3500.0
2026-04-06 14:07:00,LTH.V,,1.3600000143051147,1.3600000143051147,1.3550000190734863,1.3550000190734863,5100.0
2026-04-06 14:07:00,PNG.V,,8.5,8.5,8.5,8.5,500.0
2026-04-06 14:07:00,TUF.V,,0.25999999046325684,0.25999999046325684,0.25999999046325684,0.25999999046325684,9500.0
2026-04-06 14:08:00,FUU.V,,0.17499999701976776,0.17499999701976776,0.17499999701976776,0.17499999701976776,500.0
2026-04-06 14:08:00,GLAD.V,,1.2200000286102295,1.2200000286102295,1.2200000286102295,1.2200000286102295,500.0
2026-04-06 14:08:00,GPH.V,,1.25,1.25,1.25,1.25,100.0
2026-04-06 14:08:00,HME.V,,2.809999942779541,2.809999942779541,2.809999942779541,2.809999942779541,800.0
2026-04-06 14:08:00,HSTR.V,,2.390000104904175,2.390000104904175,2.390000104904175,2.390000104904175,400.0
2026-04-06 14:08:00,MD.V,,0.4650000035762787,0.4650000035762787,0.4650000035762787,0.4650000035762787,500.0
2026-04-06 14:08:00,PNG.V,,8.5,8.510000228881836,8.5,8.510000228881836,1800.0
2026-04-06 14:09:00,GPH.V,,1.2400000095367432,1.25,1.2400000095367432,1.25,900.0
2026-04-06 14:09:00,GRSL.V,,0.3199999928474426,0.3199999928474426,0.3199999928474426,0.3199999928474426,5000.0
2026-04-06 14:09:00,GSI.V,,1.2300000190734863,1.2300000190734863,1.2300000190734863,1.2300000190734863,500.0
2026-04-06 14:09:00,HME.V,,2.805000066757202,2.805000066757202,2.799999952316284,2.805000066757202,2300.0
2026-04-06 14:09:00,LCX.V,,1.9800000190734863,1.9800000190734863,1.9800000190734863,1.9800000190734863,1182.0
2026-04-06 14:10:00,FPC.V,,0.39500001072883606,0.39500001072883606,0.39500001072883606,0.39500001072883606,500.0
2026-04-06 14:10:00,FWZ.V,,4.510000228881836,4.510000228881836,4.510000228881836,4.510000228881836,402.0
2026-04-06 14:10:00,GQC.V,,2.3499999046325684,2.3499999046325684,2.3499999046325684,2.3499999046325684,9000.0
2026-04-06 14:10:00,GSI.V,,1.2300000190734863,1.2300000190734863,1.2300000190734863,1.2300000190734863,100.0
2026-04-06 14:10:00,HIVE.V,,2.740000009536743,2.740000009536743,2.740000009536743,2.740000009536743,600.0
2026-04-06 14:10:00,HSTR.V,,2.390000104904175,2.390000104904175,2.390000104904175,2.390000104904175,3100.0
2026-04-06 14:10:00,IFOS.V,,3.7899999618530273,3.7899999618530273,3.7899999618530273,3.7899999618530273,1200.0
2026-04-06 14:10:00,ITR.V,,4.070000171661377,4.070000171661377,4.070000171661377,4.070000171661377,1700.0
2026-04-06 14:10:00,KTN.V,,1.3899999856948853,1.3899999856948853,1.3899999856948853,1.3899999856948853,1400.0
2026-04-06 14:10:00,NURS.V,,3.259999990463257,3.259999990463257,3.259999990463257,3.259999990463257,1200.0
2026-04-06 14:10:00,PNG.V,,8.529999732971191,8.529999732971191,8.520000457763672,8.520000457763672,3011.0
2026-04-06 14:11:00,FO.V,,0.375,0.375,0.375,0.375,3500.0
2026-04-06 14:11:00,GOT.V,,1.6799999475479126,1.6799999475479126,1.6799999475479126,1.6799999475479126,700.0
2026-04-06 14:11:00,GPH.V,,1.2400000095367432,1.2400000095367432,1.2400000095367432,1.2400000095367432,100.0
2026-04-06 14:11:00,GQC.V,,2.3499999046325684,2.3499999046325684,2.3450000286102295,2.3450000286102295,500.0
2026-04-06 14:11:00,GRSL.V,,0.3199999928474426,0.3199999928474426,0.3199999928474426,0.3199999928474426,15500.0
2026-04-06 14:11:00,HIVE.V,,2.740000009536743,2.740000009536743,2.740000009536743,2.740000009536743,300.0
2026-04-06 14:11:00,HSTR.V,,2.390000104904175,2.390000104904175,2.390000104904175,2.390000104904175,400.0
2026-04-06 14:11:00,ITR.V,,4.070000171661377,4.079999923706055,4.070000171661377,4.070000171661377,5300.0
2026-04-06 14:11:00,LMN.V,,23.0,23.0,23.0,23.0,100.0
2026-04-06 14:11:00,LUCA.V,,1.399999976158142,1.399999976158142,1.399999976158142,1.399999976158142,100.0
2026-04-06 14:11:00,MKO.V,,8.880000114440918,8.880000114440918,8.880000114440918,8.880000114440918,1211.0
2026-04-06 14:11:00,NICU.V,,2.1500000953674316,2.1500000953674316,2.1500000953674316,2.1500000953674316,100.0
2026-04-06 14:11:00,PNG.V,,8.539999961853027,8.539999961853027,8.539999961853027,8.539999961853027,3132.0
2026-04-06 14:12:00,FUU.V,,0.17499999701976776,0.17499999701976776,0.17499999701976776,0.17499999701976776,500.0
2026-04-06 14:12:00,GFG.V,,0.15000000596046448,0.15000000596046448,0.15000000596046448,0.15000000596046448,1500.0
2026-04-06 14:12:00,GSVR.V,,0.6100000143051147,0.6100000143051147,0.6100000143051147,0.6100000143051147,23500.0
2026-04-06 14:12:00,HIVE.V,,2.740000009536743,2.740000009536743,2.740000009536743,2.740000009536743,1400.0
2026-04-06 14:12:00,HME.V,,2.809999942779541,2.815000057220459,2.809999942779541,2.809999942779541,1200.0
2026-04-06 14:12:00,HSTR.V,,2.384999990463257,2.390000104904175,2.384999990463257,2.390000104904175,1400.0
2026-04-06 14:12:00,MLP.V,,1.909999966621399,1.909999966621399,1.909999966621399,1.909999966621399,100.0
2026-04-06 14:12:00,PNG.V,,8.569999694824219,8.569999694824219,8.539999961853027,8.539999961853027,1078.0
2026-04-06 14:13:00,FRED.V,,0.5799999833106995,0.5799999833106995,0.5799999833106995,0.5799999833106995,1000.0
2026-04-06 14:13:00,GGO.V,,1.0099999904632568,1.0099999904632568,1.0099999904632568,1.0099999904632568,100.0
2026-04-06 14:13:00,GPH.V,,1.2400000095367432,1.2400000095367432,1.2400000095367432,1.2400000095367432,100.0
2026-04-06 14:13:00,LCX.V,,1.9800000190734863,1.9800000190734863,1.9800000190734863,1.9800000190734863,1200.0
2026-04-06 14:14:00,GPH.V,,1.2400000095367432,1.2400000095367432,1.2400000095367432,1.2400000095367432,100.0
2026-04-06 14:14:00,KTO.V,,0.6899999976158142,0.6899999976158142,0.6899999976158142,0.6899999976158142,1500.0
2026-04-06 14:14:00,MTA.V,,9.289999961853027,9.300000190734863,9.289999961853027,9.300000190734863,500.0
2026-04-06 14:14:00,NICU.V,,2.1500000953674316,2.1500000953674316,2.1500000953674316,2.1500000953674316,1700.0
2026-04-06 14:14:00,PNG.V,,8.5600004196167,8.5600004196167,8.5600004196167,8.5600004196167,100.0
2026-04-06 14:15:00,ESK.V,,0.42500001192092896,0.42500001192092896,0.42500001192092896,0.42500001192092896,1000.0
2026-04-06 14:15:00,GGO.V,,1.0099999904632568,1.0099999904632568,1.0099999904632568,1.0099999904632568,100.0
2026-04-06 14:15:00,GPH.V,,1.2400000095367432,1.2400000095367432,1.2400000095367432,1.2400000095367432,100.0
2026-04-06 14:15:00,HELI.V,,0.05000000074505806,0.05000000074505806,0.05000000074505806,0.05000000074505806,2000.0
2026-04-06 14:15:00,HIVE.V,,2.740000009536743,2.740000009536743,2.740000009536743,2.740000009536743,900.0
2026-04-06 14:15:00,ITR.V,,4.090000152587891,4.090000152587891,4.074999809265137,4.074999809265137,900.0
2026-04-06 14:15:00,KFR.V,,0.7400000095367432,0.7400000095367432,0.7400000095367432,0.7400000095367432,6500.0
2026-04-06 14:15:00,LCX.V,,1.9900000095367432,1.9900000095367432,1.9900000095367432,1.9900000095367432,9420.0
2026-04-06 14:15:00,LIO.V,,0.25,0.25,0.25,0.25,20000.0
2026-04-06 14:16:00,FUU.V,,0.17499999701976776,0.17499999701976776,0.17499999701976776,0.17499999701976776,500.0
2026-04-06 14:16:00,GOT.V,,1.6799999475479126,1.6799999475479126,1.6799999475479126,1.6799999475479126,300.0
2026-04-06 14:16:00,GPAC.V,,0.44999998807907104,0.44999998807907104,0.44999998807907104,0.44999998807907104,145500.0
2026-04-06 14:16:00,GPH.V,,1.2400000095367432,1.2400000095367432,1.2400000095367432,1.2400000095367432,100.0
2026-04-06 14:16:00,GRSL.V,,0.3199999928474426,0.3199999928474426,0.3199999928474426,0.3199999928474426,45000.0
2026-04-06 14:16:00,GSVR.V,,0.6100000143051147,0.6100000143051147,0.6100000143051147,0.6100000143051147,1000.0
2026-04-06 14:16:00,MLP.V,,1.909999966621399,1.909999966621399,1.909999966621399,1.909999966621399,550.0
2026-04-06 14:16:00,MMA.V,,1.2799999713897705,1.2799999713897705,1.2799999713897705,1.2799999713897705,700.0
2026-04-06 14:16:00,PNG.V,,8.5600004196167,8.5600004196167,8.5600004196167,8.5600004196167,100.0
2026-04-06 14:17:00,EQTY.V,,0.29499998688697815,0.29499998688697815,0.29499998688697815,0.29499998688697815,4512.0
2026-04-06 14:17:00,GGO.V,,1.0099999904632568,1.0099999904632568,1.0099999904632568,1.0099999904632568,100.0
2026-04-06 14:17:00,GOT.V,,1.6749999523162842,1.6749999523162842,1.6749999523162842,1.6749999523162842,100.0
2026-04-06 14:17:00,GPH.V,,1.2400000095367432,1.2400000095367432,1.2400000095367432,1.2400000095367432,100.0
2026-04-06 14:17:00,GSVR.V,,0.6100000143051147,0.6100000143051147,0.6100000143051147,0.6100000143051147,1595.0
2026-04-06 14:17:00,HELI.V,,0.05000000074505806,0.05000000074505806,0.05000000074505806,0.05000000074505806,64800.0
2026-04-06 14:17:00,IFOS.V,,3.799999952316284,3.799999952316284,3.799999952316284,3.799999952316284,100.0
2026-04-06 14:17:00,ITR.V,,4.090000152587891,4.099999904632568,4.090000152587891,4.099999904632568,300.0
2026-04-06 14:17:00,IVS.V,,0.24500000476837158,0.24500000476837158,0.24500000476837158,0.24500000476837158,500.0
2026-04-06 14:17:00,KTO.V,,0.699999988079071,0.699999988079071,0.699999988079071,0.699999988079071,53500.0
2026-04-06 14:17:00,LGN.V,,0.949999988079071,0.949999988079071,0.949999988079071,0.949999988079071,520.0
2026-04-06 14:17:00,LIS.V,,0.5,0.5,0.5,0.5,5000.0
2026-04-06 14:17:00,LMN.V,,23.0,23.0,23.0,23.0,100.0
2026-04-06 14:17:00,LTH.V,,1.3550000190734863,1.3550000190734863,1.3550000190734863,1.3550000190734863,100.0
2026-04-06 14:17:00,LUCA.V,,1.399999976158142,1.399999976158142,1.399999976158142,1.399999976158142,112.0
2026-04-06 14:17:00,MLP.V,,1.899999976158142,1.909999966621399,1.899999976158142,1.909999966621399,600.0
2026-04-06 14:17:00,ROAR.V,,0.19499999284744263,0.19499999284744263,0.19499999284744263,0.19499999284744263,2000.0
2026-04-06 14:18:00,FPC.V,,0.39500001072883606,0.39500001072883606,0.39500001072883606,0.39500001072883606,500.0
2026-04-06 14:18:00,GPH.V,,1.25,1.25,1.25,1.25,100.0
2026-04-06 14:18:00,GRSL.V,,0.3199999928474426,0.3199999928474426,0.3199999928474426,0.3199999928474426,500.0
2026-04-06 14:18:00,HIVE.V,,2.75,2.75,2.75,2.75,5285.0
2026-04-06 14:18:00,HSTR.V,,2.4000000953674316,2.4000000953674316,2.390000104904175,2.390000104904175,3000.0
2026-04-06 14:18:00,KTN.V,,1.399999976158142,1.399999976158142,1.399999976158142,1.399999976158142,2000.0
2026-04-06 14:18:00,LMN.V,,23.100000381469727,23.100000381469727,22.959999084472656,23.059999465942383,800.0
2026-04-06 14:18:00,LTH.V,,1.3550000190734863,1.3550000190734863,1.3550000190734863,1.3550000190734863,200.0
2026-04-06 14:18:00,NICU.V,,2.1500000953674316,2.1500000953674316,2.1500000953674316,2.1500000953674316,100.0
2026-04-06 14:18:00,PNG.V,,8.569999694824219,8.569999694824219,8.569999694824219,8.569999694824219,100.0
2026-04-06 14:19:00,FWZ.V,,4.570000171661377,4.570000171661377,4.550000190734863,4.550000190734863,1500.0
2026-04-06 14:19:00,GPH.V,,1.25,1.25,1.25,1.25,100.0
2026-04-06 14:19:00,GRSL.V,,0.3199999928474426,0.3199999928474426,0.3199999928474426,0.3199999928474426,29500.0
2026-04-06 14:19:00,HCH.V,,1.2799999713897705,1.2799999713897705,1.2799999713897705,1.2799999713897705,5250.0
2026-04-06 14:19:00,ITR.V,,4.099999904632568,4.099999904632568,4.099999904632568,4.099999904632568,100.0
2026-04-06 14:19:00,LMN.V,,22.979999542236328,22.989999771118164,22.979999542236328,22.989999771118164,400.0
2026-04-06 14:19:00,LTH.V,,1.3550000190734863,1.3550000190734863,1.3550000190734863,1.3550000190734863,100.0
2026-04-06 14:19:00,LUCA.V,,1.399999976158142,1.399999976158142,1.3949999809265137,1.3949999809265137,300.0
2026-04-06 14:19:00,PNG.V,,8.569999694824219,8.569999694824219,8.569999694824219,8.569999694824219,1876.0
2026-04-06 14:19:00,YGT.V,,0.20000000298023224,0.20000000298023224,0.20000000298023224,0.20000000298023224,8000.0
2026-04-06 14:20:00,FKM.V,,0.25,0.25,0.25,0.25,100000.0
2026-04-06 14:20:00,FUU.V,,0.17499999701976776,0.17499999701976776,0.17499999701976776,0.17499999701976776,500.0
2026-04-06 14:20:00,GGO.V,,1.0099999904632568,1.0099999904632568,1.0099999904632568,1.0099999904632568,300.0
2026-04-06 14:20:00,GPH.V,,1.25,1.25,1.25,1.25,300.0
2026-04-06 14:20:00,GRSL.V,,0.3199999928474426,0.3199999928474426,0.3199999928474426,0.3199999928474426,90000.0
2026-04-06 14:20:00,LTH.V,,1.3550000190734863,1.3550000190734863,1.3550000190734863,1.3550000190734863,200.0
2026-04-06 14:20:00,MLP.V,,1.899999976158142,1.899999976158142,1.899999976158142,1.899999976158142,100.0
2026-04-06 14:20:00,PNG.V,,8.569999694824219,8.569999694824219,8.569999694824219,8.569999694824219,400.0
2026-04-06 14:21:00,FMS.V,,0.3499999940395355,0.3499999940395355,0.3499999940395355,0.3499999940395355,1500.0
2026-04-06 14:21:00,GOT.V,,1.6749999523162842,1.6799999475479126,1.6749999523162842,1.6799999475479126,1000.0
2026-04-06 14:21:00,GPH.V,,1.2400000095367432,1.2400000095367432,1.2400000095367432,1.2400000095367432,100.0
2026-04-06 14:21:00,HIVE.V,,2.75,2.75,2.75,2.75,200.0
2026-04-06 14:21:00,ITR.V,,4.079999923706055,4.079999923706055,4.079999923706055,4.079999923706055,3808.0
2026-04-06 14:21:00,LTH.V,,1.3550000190734863,1.3550000190734863,1.3550000190734863,1.3550000190734863,200.0
2026-04-06 14:22:00,GGO.V,,1.0099999904632568,1.0099999904632568,1.0099999904632568,1.0099999904632568,100.0
2026-04-06 14:22:00,GOT.V,,1.6799999475479126,1.6799999475479126,1.6799999475479126,1.6799999475479126,100.0
2026-04-06 14:22:00,GPH.V,,1.2400000095367432,1.2400000095367432,1.2400000095367432,1.2400000095367432,100.0
2026-04-06 14:22:00,GRSL.V,,0.3199999928474426,0.3199999928474426,0.3199999928474426,0.3199999928474426,500.0
2026-04-06 14:22:00,HITI.V,,3.25,3.25,3.25,3.25,8000.0
2026-04-06 14:22:00,HIVE.V,,2.75,2.75,2.75,2.75,21500.0
2026-04-06 14:22:00,HPL.V,,0.10499999672174454,0.10499999672174454,0.10499999672174454,0.10499999672174454,3000.0
2026-04-06 14:22:00,KTO.V,,0.6899999976158142,0.6899999976158142,0.6899999976158142,0.6899999976158142,8500.0
2026-04-06 14:22:00,LMN.V,,23.0,23.010000228881836,23.0,23.010000228881836,400.0
2026-04-06 14:22:00,LTH.V,,1.3550000190734863,1.3550000190734863,1.3550000190734863,1.3550000190734863,200.0
2026-04-06 14:22:00,NURS.V,,3.2899999618530273,3.2899999618530273,3.259999990463257,3.259999990463257,1300.0
2026-04-06 14:22:00,PNG.V,,8.619999885559082,8.619999885559082,8.579999923706055,8.579999923706055,8799.0
2026-04-06 14:22:00,YGT.V,,0.20000000298023224,0.20000000298023224,0.20000000298023224,0.20000000298023224,10000.0
2026-04-06 14:23:00,GOT.V,,1.6799999475479126,1.6799999475479126,1.6799999475479126,1.6799999475479126,1000.0
2026-04-06 14:23:00,GPH.V,,1.25,1.25,1.25,1.25,500.0
2026-04-06 14:23:00,KTO.V,,0.6899999976158142,0.6899999976158142,0.6899999976158142,0.6899999976158142,18000.0
2026-04-06 14:23:00,LMN.V,,23.079999923706055,23.079999923706055,23.059999465942383,23.059999465942383,700.0
2026-04-06 14:23:00,LTH.V,,1.3550000190734863,1.3550000190734863,1.3550000190734863,1.3550000190734863,100.0
2026-04-06 14:23:00,LUCA.V,,1.399999976158142,1.399999976158142,1.399999976158142,1.399999976158142,100.0
2026-04-06 14:23:00,LVG.V,,0.32499998807907104,0.32499998807907104,0.32499998807907104,0.32499998807907104,10000.0
2026-04-06 14:23:00,NURS.V,,3.299999952316284,3.299999952316284,3.299999952316284,3.299999952316284,5550.0
2026-04-06 14:24:00,BIG.V,,0.6600000262260437,0.6600000262260437,0.6499999761581421,0.6499999761581421,79500.0
2026-04-06 14:24:00,FPC.V,,0.39500001072883606,0.39500001072883606,0.39500001072883606,0.39500001072883606,500.0
2026-04-06 14:24:00,FUU.V,,0.17499999701976776,0.17499999701976776,0.17499999701976776,0.17499999701976776,500.0
2026-04-06 14:24:00,FWZ.V,,4.590000152587891,4.590000152587891,4.570000171661377,4.579999923706055,10825.0
2026-04-06 14:24:00,GLAD.V,,1.2200000286102295,1.2200000286102295,1.2200000286102295,1.2200000286102295,9590.0
2026-04-06 14:24:00,GRSL.V,,0.3199999928474426,0.3199999928474426,0.3199999928474426,0.3199999928474426,500.0
2026-04-06 14:24:00,GTC.V,,0.18000000715255737,0.18000000715255737,0.18000000715255737,0.18000000715255737,25000.0
2026-04-06 14:24:00,HIVE.V,,2.75,2.75,2.75,2.75,7800.0
2026-04-06 14:24:00,LIO.V,,0.25,0.25,0.25,0.25,16000.0
2026-04-06 14:24:00,LMN.V,,23.100000381469727,23.100000381469727,23.100000381469727,23.100000381469727,100.0
2026-04-06 14:24:00,LTH.V,,1.3550000190734863,1.3550000190734863,1.3550000190734863,1.3550000190734863,200.0
2026-04-06 14:24:00,MKO.V,,9.010000228881836,9.010000228881836,9.0,9.0,400.0
2026-04-06 14:24:00,PNG.V,,8.619999885559082,8.619999885559082,8.619999885559082,8.619999885559082,1700.0
2026-04-06 14:24:00,YGT.V,,0.20000000298023224,0.20000000298023224,0.20000000298023224,0.20000000298023224,841.0
2026-04-06 14:25:00,AUEN.V,,0.2750000059604645,0.2750000059604645,0.2750000059604645,0.2750000059604645,2500.0
2026-04-06 14:25:00,BIG.V,,0.6600000262260437,0.6600000262260437,0.6600000262260437,0.6600000262260437,5075.0
2026-04-06 14:25:00,ESK.V,,0.42500001192092896,0.42500001192092896,0.42500001192092896,0.42500001192092896,500.0
2026-04-06 14:25:00,GGO.V,,1.0099999904632568,1.0099999904632568,1.0099999904632568,1.0099999904632568,400.0
2026-04-06 14:25:00,GOT.V,,1.6799999475479126,1.6799999475479126,1.6799999475479126,1.6799999475479126,200.0
2026-04-06 14:25:00,GRSL.V,,0.32499998807907104,0.32499998807907104,0.3199999928474426,0.3199999928474426,104500.0
2026-04-06 14:25:00,HIVE.V,,2.75,2.75,2.75,2.75,200.0
2026-04-06 14:25:00,LBNK.V,,0.7300000190734863,0.7300000190734863,0.7300000190734863,0.7300000190734863,4500.0
2026-04-06 14:25:00,LMN.V,,23.09000015258789,23.09000015258789,23.09000015258789,23.09000015258789,200.0
2026-04-06 14:25:00,LTH.V,,1.3550000190734863,1.3550000190734863,1.3550000190734863,1.3550000190734863,200.0
2026-04-06 14:25:00,LUCA.V,,1.3899999856948853,1.3899999856948853,1.3899999856948853,1.3899999856948853,100.0
2026-04-06 14:25:00,MGM.V,,2.369999885559082,2.369999885559082,2.369999885559082,2.369999885559082,250.0
2026-04-06 14:25:00,MKO.V,,9.0,9.0,9.0,9.0,100.0
2026-04-06 14:25:00,PNG.V,,8.59000015258789,8.619999885559082,8.59000015258789,8.619999885559082,277.0
2026-04-06 14:26:00,AUEN.V,,0.2750000059604645,0.2750000059604645,0.2750000059604645,0.2750000059604645,1000.0
2026-04-06 14:26:00,GGO.V,,1.0099999904632568,1.0099999904632568,1.0099999904632568,1.0099999904632568,500.0
2026-04-06 14:26:00,GOT.V,,1.6799999475479126,1.6799999475479126,1.6799999475479126,1.6799999475479126,200.0
2026-04-06 14:26:00,GPH.V,,1.25,1.25,1.25,1.25,200.0
2026-04-06 14:26:00,GQC.V,,2.3499999046325684,2.3499999046325684,2.3499999046325684,2.3499999046325684,0.0
2026-04-06 14:26:00,HMR.V,,0.8500000238418579,0.8500000238418579,0.8500000238418579,0.8500000238418579,500.0
2026-04-06 14:26:00,IFOS.V,,3.799999952316284,3.799999952316284,3.799999952316284,3.799999952316284,100.0
2026-04-06 14:26:00,ITR.V,,4.070000171661377,4.079999923706055,4.070000171661377,4.079999923706055,1100.0
2026-04-06 14:26:00,LMN.V,,23.1299991607666,23.1299991607666,23.1299991607666,23.1299991607666,100.0
2026-04-06 14:26:00,LTH.V,,1.3550000190734863,1.3550000190734863,1.3550000190734863,1.3550000190734863,200.0
2026-04-06 14:26:00,LUCA.V,,1.399999976158142,1.399999976158142,1.399999976158142,1.399999976158142,2000.0
2026-04-06 14:26:00,MGM.V,,2.369999885559082,2.369999885559082,2.369999885559082,2.369999885559082,200.0
2026-04-06 14:26:00,MKO.V,,8.914999961853027,8.9399995803833,8.914999961853027,8.930000305175781,1000.0
2026-04-06 14:26:00,MLP.V,,1.909999966621399,1.909999966621399,1.909999966621399,1.909999966621399,300.0
2026-04-06 14:26:00,PNG.V,,8.609999656677246,8.609999656677246,8.59000015258789,8.59000015258789,1500.0
2026-04-06 14:27:00,GOT.V,,1.6799999475479126,1.6799999475479126,1.6799999475479126,1.6799999475479126,100.0
2026-04-06 14:27:00,GQC.V,,2.3499999046325684,2.3499999046325684,2.3499999046325684,2.3499999046325684,120066.0
2026-04-06 14:27:00,GRSL.V,,0.32499998807907104,0.32499998807907104,0.32499998807907104,0.32499998807907104,3000.0
2026-04-06 14:27:00,GRZ.V,,5.550000190734863,5.550000190734863,5.550000190734863,5.550000190734863,100.0
2026-04-06 14:27:00,GTC.V,,0.1899999976158142,0.1899999976158142,0.18000000715255737,0.18000000715255737,402500.0
2026-04-06 14:27:00,ITR.V,,4.074999809265137,4.074999809265137,4.074999809265137,4.074999809265137,100.0
2026-04-06 14:27:00,KTO.V,,0.699999988079071,0.699999988079071,0.6899999976158142,0.6899999976158142,3500.0
2026-04-06 14:27:00,LFST.V,,0.03999999910593033,0.03999999910593033,0.03999999910593033,0.03999999910593033,1000.0
2026-04-06 14:27:00,LMN.V,,23.09000015258789,23.09000015258789,23.0,23.020000457763672,500.0
2026-04-06 14:27:00,LTH.V,,1.3550000190734863,1.3550000190734863,1.3550000190734863,1.3550000190734863,100.0
2026-04-06 14:27:00,MLP.V,,1.909999966621399,1.909999966621399,1.909999966621399,1.909999966621399,100.0
2026-04-06 14:27:00,PNG.V,,8.579999923706055,8.579999923706055,8.579999923706055,8.579999923706055,500.0
2026-04-06 14:28:00,FUU.V,,0.17499999701976776,0.17499999701976776,0.17499999701976776,0.17499999701976776,500.0
2026-04-06 14:28:00,GOT.V,,1.6799999475479126,1.6799999475479126,1.6799999475479126,1.6799999475479126,200.0
2026-04-06 14:28:00,GRSL.V,,0.32499998807907104,0.32499998807907104,0.32499998807907104,0.32499998807907104,5000.0
2026-04-06 14:28:00,GSTM.V,,0.20999999344348907,0.20999999344348907,0.20999999344348907,0.20999999344348907,12500.0
2026-04-06 14:28:00,GSVR.V,,0.6100000143051147,0.6100000143051147,0.6100000143051147,0.6100000143051147,2000.0
2026-04-06 14:28:00,HIVE.V,,2.75,2.75,2.75,2.75,6868.0
2026-04-06 14:28:00,ITR.V,,4.090000152587891,4.090000152587891,4.079999923706055,4.079999923706055,1900.0
2026-04-06 14:28:00,LBNK.V,,0.75,0.75,0.75,0.75,3150.0
2026-04-06 14:28:00,LTH.V,,1.3650000095367432,1.3700000047683716,1.3550000190734863,1.3550000190734863,9200.0
2026-04-06 14:28:00,PNG.V,,8.600000381469727,8.600000381469727,8.600000381469727,8.600000381469727,1420.0
2026-04-06 14:29:00,GGM.V,,0.054999999701976776,0.054999999701976776,0.054999999701976776,0.054999999701976776,60000.0
2026-04-06 14:29:00,GOT.V,,1.6799999475479126,1.6799999475479126,1.6799999475479126,1.6799999475479126,100.0
2026-04-06 14:29:00,GPAC.V,,0.44999998807907104,0.44999998807907104,0.44999998807907104,0.44999998807907104,8000.0
2026-04-06 14:29:00,GPH.V,,1.2599999904632568,1.2599999904632568,1.25,1.25,600.0
2026-04-06 14:29:00,GRZ.V,,5.46999979019165,5.480000019073486,5.46999979019165,5.480000019073486,318.0
2026-04-06 14:29:00,GSVR.V,,0.6100000143051147,0.6100000143051147,0.6100000143051147,0.6100000143051147,10270.0
2026-04-06 14:29:00,HIVE.V,,2.740000009536743,2.740000009536743,2.740000009536743,2.740000009536743,100.0
2026-04-06 14:29:00,KNG.V,,1.2599999904632568,1.2599999904632568,1.2599999904632568,1.2599999904632568,2000.0
2026-04-06 14:29:00,LMN.V,,23.010000228881836,23.06999969482422,23.0,23.030000686645508,500.0
2026-04-06 14:29:00,LTH.V,,1.375,1.375,1.3700000047683716,1.3700000047683716,600.0
2026-04-06 14:30:00,FPC.V,,0.39500001072883606,0.39500001072883606,0.39500001072883606,0.39500001072883606,500.0
2026-04-06 14:30:00,GOT.V,,1.6799999475479126,1.6799999475479126,1.6799999475479126,1.6799999475479126,100.0
2026-04-06 14:30:00,KNG.V,,1.2799999713897705,1.2799999713897705,1.2799999713897705,1.2799999713897705,400.0
2026-04-06 14:30:00,LMN.V,,23.0,23.0,23.0,23.0,300.0
2026-04-06 14:30:00,LTH.V,,1.3700000047683716,1.3700000047683716,1.3700000047683716,1.3700000047683716,1000.0
2026-04-06 14:30:00,PNG.V,,8.579999923706055,8.59000015258789,8.579999923706055,8.59000015258789,300.0
2026-04-06 14:31:00,EQTY.V,,0.29499998688697815,0.29499998688697815,0.29499998688697815,0.29499998688697815,6999.0
2026-04-06 14:31:00,GOT.V,,1.6799999475479126,1.6799999475479126,1.6799999475479126,1.6799999475479126,200.0
2026-04-06 14:31:00,IPT.V,,0.23999999463558197,0.23999999463558197,0.23999999463558197,0.23999999463558197,9000.0
2026-04-06 14:31:00,ITR.V,,4.079999923706055,4.079999923706055,4.079999923706055,4.079999923706055,1700.0
2026-04-06 14:31:00,LIS.V,,0.5,0.5,0.5,0.5,114000.0
2026-04-06 14:31:00,LMN.V,,23.06999969482422,23.06999969482422,23.059999465942383,23.06999969482422,600.0
2026-04-06 14:31:00,PNG.V,,8.600000381469727,8.600000381469727,8.600000381469727,8.600000381469727,100.0
2026-04-06 14:32:00,GOT.V,,1.684999942779541,1.684999942779541,1.6799999475479126,1.6799999475479126,200.0
2026-04-06 14:32:00,HIVE.V,,2.740000009536743,2.740000009536743,2.740000009536743,2.740000009536743,200.0
2026-04-06 14:32:00,IPT.V,,0.23999999463558197,0.23999999463558197,0.23999999463558197,0.23999999463558197,730.0
2026-04-06 14:32:00,KTO.V,,0.699999988079071,0.699999988079071,0.699999988079071,0.699999988079071,10000.0
2026-04-06 14:32:00,LTH.V,,1.3700000047683716,1.3700000047683716,1.3700000047683716,1.3700000047683716,100.0
2026-04-06 14:32:00,LUCA.V,,1.399999976158142,1.399999976158142,1.399999976158142,1.399999976158142,100.0
2026-04-06 14:32:00,NURS.V,,3.25,3.2699999809265137,3.25,3.2699999809265137,2100.0
2026-04-06 14:33:00,EVER.V,,0.5799999833106995,0.5799999833106995,0.5799999833106995,0.5799999833106995,1500.0
2026-04-06 14:33:00,FUU.V,,0.17499999701976776,0.17499999701976776,0.17499999701976776,0.17499999701976776,500.0
2026-04-06 14:33:00,GOT.V,,1.6799999475479126,1.684999942779541,1.6799999475479126,1.6799999475479126,300.0
2026-04-06 14:33:00,HSTR.V,,2.4100000858306885,2.4100000858306885,2.4100000858306885,2.4100000858306885,1400.0
2026-04-06 14:33:00,LTH.V,,1.3700000047683716,1.3700000047683716,1.3700000047683716,1.3700000047683716,400.0
2026-04-06 14:33:00,LUCA.V,,1.399999976158142,1.399999976158142,1.399999976158142,1.399999976158142,100.0
2026-04-06 14:33:00,PNG.V,,8.619999885559082,8.619999885559082,8.619999885559082,8.619999885559082,100.0
2026-04-06 14:34:00,GOT.V,,1.6799999475479126,1.684999942779541,1.6799999475479126,1.684999942779541,200.0
2026-04-06 14:34:00,IGO.V,,0.09000000357627869,0.09000000357627869,0.09000000357627869,0.09000000357627869,15000.0
2026-04-06 14:34:00,LMN.V,,23.06999969482422,23.06999969482422,23.020000457763672,23.020000457763672,200.0
2026-04-06 14:34:00,LTH.V,,1.3650000095367432,1.3700000047683716,1.3650000095367432,1.3700000047683716,600.0
2026-04-06 14:34:00,LUCA.V,,1.399999976158142,1.399999976158142,1.399999976158142,1.399999976158142,200.0
2026-04-06 14:34:00,MBI-H.V,,0.019999999552965164,0.029999999329447746,0.019999999552965164,0.029999999329447746,0.0
2026-04-06 14:34:00,MLP.V,,1.899999976158142,1.899999976158142,1.899999976158142,1.899999976158142,800.0
2026-04-06 14:34:00,NICU.V,,2.1500000953674316,2.1500000953674316,2.1500000953674316,2.1500000953674316,1800.0
2026-04-06 14:35:00,GOT.V,,1.6799999475479126,1.6799999475479126,1.6799999475479126,1.6799999475479126,100.0
2026-04-06 14:35:00,GPAC.V,,0.46000000834465027,0.46000000834465027,0.46000000834465027,0.46000000834465027,500.0
2026-04-06 14:35:00,GPH.V,,1.25,1.25,1.25,1.25,200.0
2026-04-06 14:35:00,HELI.V,,0.05000000074505806,0.05000000074505806,0.05000000074505806,0.05000000074505806,3000.0
2026-04-06 14:35:00,LMN.V,,23.06999969482422,23.06999969482422,23.06999969482422,23.06999969482422,100.0
2026-04-06 14:35:00,LTH.V,,1.3650000095367432,1.3650000095367432,1.3650000095367432,1.3650000095367432,200.0
2026-04-06 14:35:00,LVG.V,,0.32499998807907104,0.32499998807907104,0.32249999046325684,0.32249999046325684,3000.0
2026-04-06 14:35:00,MBI-H.V,,0.019999999552965164,0.019999999552965164,0.019999999552965164,0.019999999552965164,3300.0
2026-04-06 14:35:00,PNG.V,,8.609999656677246,8.609999656677246,8.609999656677246,8.609999656677246,300.0
2026-04-06 14:36:00,FPC.V,,0.39500001072883606,0.39500001072883606,0.39500001072883606,0.39500001072883606,500.0
2026-04-06 14:36:00,FUU.V,,0.17499999701976776,0.17499999701976776,0.17499999701976776,0.17499999701976776,500.0
2026-04-06 14:36:00,FWZ.V,,4.619999885559082,4.619999885559082,4.619999885559082,4.619999885559082,100.0
2026-04-06 14:36:00,GLAD.V,,1.2300000190734863,1.2300000190734863,1.2300000190734863,1.2300000190734863,300.0
2026-04-06 14:36:00,GOT.V,,1.6799999475479126,1.6799999475479126,1.6799999475479126,1.6799999475479126,200.0
2026-04-06 14:36:00,GPH.V,,1.25,1.25,1.25,1.25,100.0
2026-04-06 14:36:00,GSI.V,,1.2400000095367432,1.2400000095367432,1.2400000095367432,1.2400000095367432,100.0
2026-04-06 14:36:00,HIVE.V,,2.75,2.75,2.75,2.75,751.0
2026-04-06 14:36:00,LGN.V,,0.949999988079071,0.949999988079071,0.949999988079071,0.949999988079071,500.0
2026-04-06 14:36:00,LIS.V,,0.5,0.5,0.5,0.5,20000.0
2026-04-06 14:36:00,LUCA.V,,1.399999976158142,1.399999976158142,1.399999976158142,1.399999976158142,100.0
2026-04-06 14:36:00,MTLO.V,,0.004999999888241291,0.004999999888241291,0.004999999888241291,0.004999999888241291,0.0
2026-04-06 14:36:00,PNG.V,,8.609999656677246,8.609999656677246,8.609999656677246,8.609999656677246,200.0
2026-04-06 14:37:00,GQC.V,,2.3499999046325684,2.3499999046325684,2.3499999046325684,2.3499999046325684,900.0
2026-04-06 14:37:00,HIVE.V,,2.75,2.75,2.75,2.75,4400.0
2026-04-06 14:37:00,IPT.V,,0.23999999463558197,0.23999999463558197,0.23999999463558197,0.23999999463558197,26000.0
2026-04-06 14:37:00,NURS.V,,3.2899999618530273,3.2899999618530273,3.2899999618530273,3.2899999618530273,2800.0
2026-04-06 14:37:00,PNG.V,,8.619999885559082,8.619999885559082,8.600000381469727,8.600000381469727,251.0
2026-04-06 14:38:00,GGO.V,,1.0099999904632568,1.0099999904632568,1.0099999904632568,1.0099999904632568,100.0
2026-04-06 14:38:00,GOT.V,,1.684999942779541,1.684999942779541,1.6799999475479126,1.6799999475479126,300.0
2026-04-06 14:38:00,GPH.V,,1.25,1.25,1.25,1.25,200.0
2026-04-06 14:38:00,HIVE.V,,2.759999990463257,2.759999990463257,2.759999990463257,2.759999990463257,500.0
2026-04-06 14:38:00,KTO.V,,0.699999988079071,0.7099999785423279,0.699999988079071,0.7099999785423279,1000.0
2026-04-06 14:38:00,LMN.V,,23.1200008392334,23.1299991607666,23.06999969482422,23.06999969482422,1000.0
2026-04-06 14:38:00,PNG.V,,8.609999656677246,8.609999656677246,8.569999694824219,8.579999923706055,20378.0
2026-04-06 14:39:00,GLAD.V,,1.2300000190734863,1.2300000190734863,1.2300000190734863,1.2300000190734863,100.0
2026-04-06 14:39:00,GOT.V,,1.6799999475479126,1.6799999475479126,1.6799999475479126,1.6799999475479126,200.0
2026-04-06 14:39:00,HIVE.V,,2.75,2.75,2.75,2.75,400.0
2026-04-06 14:39:00,ITR.V,,4.070000171661377,4.070000171661377,4.070000171661377,4.070000171661377,1100.0
2026-04-06 14:39:00,LMN.V,,23.229999542236328,23.229999542236328,23.229999542236328,23.229999542236328,300.0
2026-04-06 14:39:00,MTS.V,,0.1599999964237213,0.1599999964237213,0.1599999964237213,0.1599999964237213,500.0
2026-04-06 14:39:00,NICU.V,,2.1449999809265137,2.1449999809265137,2.1449999809265137,2.1449999809265137,100.0
2026-04-06 14:39:00,PNG.V,,8.619999885559082,8.619999885559082,8.600000381469727,8.600000381469727,1300.0
2026-04-06 14:40:00,FUU.V,,0.17499999701976776,0.17499999701976776,0.17499999701976776,0.17499999701976776,500.0
2026-04-06 14:40:00,GOT.V,,1.6799999475479126,1.6799999475479126,1.6799999475479126,1.6799999475479126,1800.0
2026-04-06 14:40:00,HIVE.V,,2.75,2.75,2.744999885559082,2.744999885559082,1500.0
2026-04-06 14:40:00,HSTR.V,,2.4200000762939453,2.4200000762939453,2.4200000762939453,2.4200000762939453,1000.0
2026-04-06 14:40:00,KNG.V,,1.2599999904632568,1.2599999904632568,1.2599999904632568,1.2599999904632568,200.0
2026-04-06 14:40:00,LTH.V,,1.3700000047683716,1.3700000047683716,1.3700000047683716,1.3700000047683716,200.0
2026-04-06 14:40:00,NICU.V,,2.140000104904175,2.140000104904175,2.140000104904175,2.140000104904175,1600.0
2026-04-06 14:40:00,NURS.V,,3.2799999713897705,3.2899999618530273,3.2799999713897705,3.2899999618530273,700.0
2026-04-06 14:40:00,PNG.V,,8.609999656677246,8.609999656677246,8.609999656677246,8.609999656677246,100.0
2026-04-06 14:41:00,BIG.V,,0.6600000262260437,0.6600000262260437,0.6600000262260437,0.6600000262260437,10000.0
2026-04-06 14:41:00,GPH.V,,1.25,1.25,1.25,1.25,100.0
2026-04-06 14:41:00,GWM.V,,0.6399999856948853,0.6399999856948853,0.6399999856948853,0.6399999856948853,1800.0
2026-04-06 14:41:00,HIVE.V,,2.75,2.75,2.740000009536743,2.740000009536743,471.0
2026-04-06 14:41:00,HME.V,,2.819999933242798,2.819999933242798,2.809999942779541,2.809999942779541,1500.0
2026-04-06 14:41:00,LTH.V,,1.3799999952316284,1.3799999952316284,1.3700000047683716,1.3700000047683716,200.0
2026-04-06 14:41:00,MERG.V,,0.800000011920929,0.800000011920929,0.800000011920929,0.800000011920929,4500.0
2026-04-06 14:41:00,MLP.V,,1.899999976158142,1.899999976158142,1.899999976158142,1.899999976158142,600.0
2026-04-06 14:41:00,NICU.V,,2.1449999809265137,2.1449999809265137,2.1449999809265137,2.1449999809265137,4000.0
2026-04-06 14:41:00,PNG.V,,8.59000015258789,8.604999542236328,8.59000015258789,8.604999542236328,900.0
2026-04-06 14:42:00,FPC.V,,0.39500001072883606,0.39500001072883606,0.39500001072883606,0.39500001072883606,500.0
2026-04-06 14:42:00,GPAC.V,,0.45500001311302185,0.45500001311302185,0.45500001311302185,0.45500001311302185,1000.0
2026-04-06 14:42:00,GRSL.V,,0.32499998807907104,0.32499998807907104,0.32499998807907104,0.32499998807907104,4000.0
2026-04-06 14:42:00,HAN.V,,0.6200000047683716,0.6200000047683716,0.6200000047683716,0.6200000047683716,4000.0
2026-04-06 14:42:00,IPT.V,,0.23499999940395355,0.23999999463558197,0.23499999940395355,0.23999999463558197,11000.0
2026-04-06 14:42:00,KTN.V,,1.3899999856948853,1.399999976158142,1.3899999856948853,1.399999976158142,7200.0
2026-04-06 14:42:00,LTH.V,,1.3799999952316284,1.3799999952316284,1.3700000047683716,1.3799999952316284,300.0
2026-04-06 14:42:00,MJS.V,,0.14499999582767487,0.14499999582767487,0.14499999582767487,0.14499999582767487,714.0
2026-04-06 14:42:00,MKO.V,,9.020000457763672,9.020000457763672,9.0,9.0,1100.0
2026-04-06 14:42:00,MMA.V,,1.2799999713897705,1.2799999713897705,1.2799999713897705,1.2799999713897705,1900.0
2026-04-06 14:43:00,GGO.V,,1.0099999904632568,1.0099999904632568,1.0099999904632568,1.0099999904632568,100.0
2026-04-06 14:43:00,GRSL.V,,0.32499998807907104,0.32499998807907104,0.32499998807907104,0.32499998807907104,500.0
2026-04-06 14:43:00,GSI.V,,1.2400000095367432,1.2400000095367432,1.2400000095367432,1.2400000095367432,417.0
2026-04-06 14:43:00,HME.V,,2.819999933242798,2.819999933242798,2.815000057220459,2.815000057220459,3100.0
2026-04-06 14:43:00,ITR.V,,4.059999942779541,4.059999942779541,4.059999942779541,4.059999942779541,3300.0
2026-04-06 14:43:00,LTH.V,,1.3799999952316284,1.3799999952316284,1.375,1.375,1500.0
2026-04-06 14:43:00,LUCA.V,,1.3899999856948853,1.399999976158142,1.3899999856948853,1.399999976158142,17800.0
2026-04-06 14:43:00,MKO.V,,8.90999984741211,9.0,8.90999984741211,9.0,2600.0
2026-04-06 14:43:00,NICU.V,,2.140000104904175,2.1500000953674316,2.140000104904175,2.1449999809265137,5300.0
2026-04-06 14:44:00,FUU.V,,0.17499999701976776,0.17499999701976776,0.17499999701976776,0.17499999701976776,560.0
2026-04-06 14:44:00,GGO.V,,1.0099999904632568,1.0099999904632568,1.0099999904632568,1.0099999904632568,200.0
2026-04-06 14:44:00,GPH.V,,1.25,1.25,1.25,1.25,100.0
2026-04-06 14:44:00,GWM.V,,0.6299999952316284,0.6299999952316284,0.6299999952316284,0.6299999952316284,5000.0
2026-04-06 14:44:00,IFOS.V,,3.809999942779541,3.809999942779541,3.809999942779541,3.809999942779541,100.0
2026-04-06 14:44:00,ITR.V,,4.059999942779541,4.059999942779541,4.059999942779541,4.059999942779541,400.0
2026-04-06 14:44:00,KTN.V,,1.3899999856948853,1.3899999856948853,1.3899999856948853,1.3899999856948853,1800.0
2026-04-06 14:44:00,LGN.V,,0.949999988079071,0.949999988079071,0.949999988079071,0.949999988079071,4000.0
2026-04-06 14:44:00,LTH.V,,1.3799999952316284,1.3799999952316284,1.375,1.375,700.0
2026-04-06 14:44:00,MLP.V,,1.899999976158142,1.899999976158142,1.899999976158142,1.899999976158142,100.0
2026-04-06 14:44:00,PNG.V,,8.579999923706055,8.579999923706055,8.579999923706055,8.579999923706055,3400.0
2026-04-06 14:45:00,GRD.V,,0.07500000298023224,0.07500000298023224,0.07500000298023224,0.07500000298023224,2003.0
2026-04-06 14:45:00,GSI.V,,1.2400000095367432,1.2400000095367432,1.2400000095367432,1.2400000095367432,2400.0
2026-04-06 14:45:00,HIVE.V,,2.759999990463257,2.759999990463257,2.75,2.75,2600.0
2026-04-06 14:45:00,LMN.V,,23.229999542236328,23.239999771118164,23.229999542236328,23.229999542236328,700.0
2026-04-06 14:45:00,LTH.V,,1.3799999952316284,1.3799999952316284,1.375,1.3799999952316284,2000.0
2026-04-06 14:45:00,MLP.V,,1.899999976158142,1.899999976158142,1.899999976158142,1.899999976158142,100.0
2026-04-06 14:45:00,PNG.V,,8.579999923706055,8.579999923706055,8.579999923706055,8.579999923706055,200.0
2026-04-06 14:46:00,FMN.V,,0.17499999701976776,0.17499999701976776,0.16500000655651093,0.16500000655651093,9000.0
2026-04-06 14:46:00,FPC.V,,0.39500001072883606,0.39500001072883606,0.39500001072883606,0.39500001072883606,8000.0
2026-04-06 14:46:00,FRED.V,,0.5799999833106995,0.5799999833106995,0.5799999833106995,0.5799999833106995,20000.0
2026-04-06 14:46:00,GG.V,,2.7300000190734863,2.7300000190734863,2.7300000190734863,2.7300000190734863,700.0
2026-04-06 14:46:00,GMG.V,,2.240000009536743,2.240000009536743,2.2300000190734863,2.2300000190734863,900.0
2026-04-06 14:46:00,HELI.V,,0.05000000074505806,0.05000000074505806,0.05000000074505806,0.05000000074505806,25100.0
2026-04-06 14:46:00,HME.V,,2.819999933242798,2.819999933242798,2.819999933242798,2.819999933242798,200.0
2026-04-06 14:46:00,JZR.V,,0.2800000011920929,0.2800000011920929,0.2800000011920929,0.2800000011920929,2000.0
2026-04-06 14:46:00,LTH.V,,1.375,1.3799999952316284,1.375,1.3799999952316284,400.0
2026-04-06 14:46:00,LUCA.V,,1.409999966621399,1.409999966621399,1.399999976158142,1.399999976158142,4100.0
2026-04-06 14:46:00,MGM.V,,2.390000104904175,2.390000104904175,2.390000104904175,2.390000104904175,400.0
2026-04-06 14:46:00,NICU.V,,2.140000104904175,2.140000104904175,2.140000104904175,2.140000104904175,2500.0
2026-04-06 14:46:00,PNG.V,,8.5600004196167,8.5600004196167,8.5600004196167,8.5600004196167,200.0
2026-04-06 14:47:00,FO.V,,0.375,0.375,0.375,0.375,1000.0
2026-04-06 14:47:00,FOR.V,,0.6499999761581421,0.6499999761581421,0.6499999761581421,0.6499999761581421,500.0
2026-04-06 14:47:00,FUU.V,,0.17499999701976776,0.17499999701976776,0.17499999701976776,0.17499999701976776,500.0
2026-04-06 14:47:00,GPH.V,,1.25,1.25,1.25,1.25,100.0
2026-04-06 14:47:00,HIVE.V,,2.75,2.75,2.75,2.75,200.0
2026-04-06 14:47:00,LME.V,,0.2150000035762787,0.2150000035762787,0.2150000035762787,0.2150000035762787,7000.0
2026-04-06 14:47:00,LSL.V,,0.39500001072883606,0.39500001072883606,0.39500001072883606,0.39500001072883606,3500.0
2026-04-06 14:47:00,LTH.V,,1.3799999952316284,1.3799999952316284,1.3799999952316284,1.3799999952316284,700.0
2026-04-06 14:48:00,GOT.V,,1.6749999523162842,1.6749999523162842,1.6749999523162842,1.6749999523162842,100.0
2026-04-06 14:48:00,GQC.V,,2.3399999141693115,2.3399999141693115,2.3350000381469727,2.3399999141693115,7800.0
2026-04-06 14:48:00,HMR.V,,0.8500000238418579,0.8500000238418579,0.8500000238418579,0.8500000238418579,2000.0
2026-04-06 14:48:00,KRY.V,,3.200000047683716,3.200000047683716,3.180000066757202,3.180000066757202,350.0
2026-04-06 14:48:00,MASS.V,,0.10499999672174454,0.10499999672174454,0.10499999672174454,0.10499999672174454,1000.0
2026-04-06 14:48:00,MLP.V,,1.899999976158142,1.899999976158142,1.899999976158142,1.899999976158142,200.0
2026-04-06 14:48:00,NICU.V,,2.140000104904175,2.140000104904175,2.140000104904175,2.140000104904175,1400.0
2026-04-06 14:49:00,FMS.V,,0.3499999940395355,0.3499999940395355,0.3499999940395355,0.3499999940395355,2000.0
2026-04-06 14:49:00,FPC.V,,0.39500001072883606,0.39500001072883606,0.39500001072883606,0.39500001072883606,500.0
2026-04-06 14:49:00,FUU.V,,0.17499999701976776,0.17499999701976776,0.17499999701976776,0.17499999701976776,500.0
2026-04-06 14:49:00,LMR.V,,0.09000000357627869,0.09000000357627869,0.09000000357627869,0.09000000357627869,187486.0
2026-04-06 14:49:00,PNG.V,,8.550000190734863,8.550000190734863,8.550000190734863,8.550000190734863,100.0
2026-04-06 14:50:00,GPH.V,,1.25,1.25,1.25,1.25,100.0
2026-04-06 14:50:00,GRSL.V,,0.32499998807907104,0.32499998807907104,0.32499998807907104,0.32499998807907104,3500.0
2026-04-06 14:50:00,GSI.V,,1.2400000095367432,1.2400000095367432,1.2400000095367432,1.2400000095367432,100.0
2026-04-06 14:50:00,GSP.V,,0.1599999964237213,0.1599999964237213,0.1599999964237213,0.1599999964237213,4000.0
2026-04-06 14:50:00,HIVE.V,,2.75,2.75,2.75,2.75,23700.0
2026-04-06 14:50:00,ITR.V,,4.070000171661377,4.070000171661377,4.070000171661377,4.070000171661377,100.0
2026-04-06 14:50:00,LMN.V,,23.06999969482422,23.06999969482422,23.06999969482422,23.06999969482422,100.0
2026-04-06 14:50:00,LSL.V,,0.38999998569488525,0.39500001072883606,0.38999998569488525,0.39500001072883606,51000.0
2026-04-06 14:50:00,PNG.V,,8.550000190734863,8.550000190734863,8.550000190734863,8.550000190734863,385.0
2026-04-06 14:51:00,HELI.V,,0.05000000074505806,0.05000000074505806,0.05000000074505806,0.05000000074505806,2000.0
2026-04-06 14:51:00,HITI.V,,3.25,3.25,3.25,3.25,100.0
2026-04-06 14:51:00,ICM.V,,0.125,0.125,0.125,0.125,2500.0
2026-04-06 14:51:00,NICU.V,,2.140000104904175,2.140000104904175,2.140000104904175,2.140000104904175,2100.0
2026-04-06 14:51:00,PNG.V,,8.579999923706055,8.579999923706055,8.579999923706055,8.579999923706055,200.0
2026-04-06 14:52:00,FRED.V,,0.5699999928474426,0.5699999928474426,0.5699999928474426,0.5699999928474426,8000.0
2026-04-06 14:52:00,FUU.V,,0.17499999701976776,0.17499999701976776,0.17499999701976776,0.17499999701976776,500.0
2026-04-06 14:52:00,GPAC.V,,0.46000000834465027,0.46000000834465027,0.46000000834465027,0.46000000834465027,5000.0
2026-04-06 14:52:00,HIVE.V,,2.75,2.75,2.75,2.75,500.0
2026-04-06 14:52:00,IB.V,,0.20499999821186066,0.20499999821186066,0.20499999821186066,0.20499999821186066,8000.0
2026-04-06 14:52:00,JUGR.V,,1.309999942779541,1.309999942779541,1.309999942779541,1.309999942779541,100.0
2026-04-06 14:52:00,LBNK.V,,0.75,0.75,0.75,0.75,1000.0
2026-04-06 14:52:00,LG.V,,0.3449999988079071,0.3449999988079071,0.3449999988079071,0.3449999988079071,5000.0
2026-04-06 14:52:00,LVG.V,,0.32499998807907104,0.32499998807907104,0.32499998807907104,0.32499998807907104,4000.0
2026-04-06 14:52:00,MLP.V,,1.899999976158142,1.899999976158142,1.899999976158142,1.899999976158142,100.0
2026-04-06 14:52:00,NHHH.V,,0.05000000074505806,0.05000000074505806,0.05000000074505806,0.05000000074505806,7000.0
2026-04-06 14:52:00,NURS.V,,3.2899999618530273,3.2899999618530273,3.2899999618530273,3.2899999618530273,0.0
2026-04-06 14:53:00,FRED.V,,0.5699999928474426,0.5799999833106995,0.5699999928474426,0.5799999833106995,1500.0
2026-04-06 14:53:00,GPH.V,,1.25,1.25,1.25,1.25,100.0
2026-04-06 14:53:00,GSI.V,,1.2599999904632568,1.2599999904632568,1.2400000095367432,1.25,8800.0
2026-04-06 14:53:00,GWM.V,,0.6299999952316284,0.6299999952316284,0.6299999952316284,0.6299999952316284,4100.0
2026-04-06 14:53:00,HELI.V,,0.05000000074505806,0.05000000074505806,0.05000000074505806,0.05000000074505806,3000.0
2026-04-06 14:53:00,KFR.V,,0.75,0.75,0.75,0.75,1000.0
2026-04-06 14:53:00,KGS.V,,0.11500000208616257,0.11500000208616257,0.11500000208616257,0.11500000208616257,2500.0
2026-04-06 14:53:00,KNG.V,,1.2599999904632568,1.2599999904632568,1.2599999904632568,1.2599999904632568,1300.0
2026-04-06 14:53:00,LTH.V,,1.375,1.3799999952316284,1.375,1.3799999952316284,3000.0
2026-04-06 14:53:00,MLP.V,,1.899999976158142,1.899999976158142,1.899999976158142,1.899999976158142,100.0
2026-04-06 14:53:00,NURS.V,,3.2899999618530273,3.2899999618530273,3.2899999618530273,3.2899999618530273,296734.0
2026-04-06 14:53:00,PNG.V,,8.569999694824219,8.569999694824219,8.569999694824219,8.569999694824219,100.0
2026-04-06 14:54:00,BIG.V,,0.6700000166893005,0.6700000166893005,0.6700000166893005,0.6700000166893005,4500.0
2026-04-06 14:54:00,GLAD.V,,1.2300000190734863,1.2300000190734863,1.2300000190734863,1.2300000190734863,100.0
2026-04-06 14:54:00,HHH.V,,5.900000095367432,6.0,5.900000095367432,6.0,2160.0
2026-04-06 14:54:00,HIVE.V,,2.759999990463257,2.759999990463257,2.759999990463257,2.759999990463257,10833.0
2026-04-06 14:54:00,LMN.V,,23.18000030517578,23.18000030517578,23.139999389648438,23.139999389648438,1100.0
2026-04-06 14:54:00,LSTR.V,,0.11500000208616257,0.11500000208616257,0.11500000208616257,0.11500000208616257,9000.0
2026-04-06 14:54:00,LTH.V,,1.375,1.375,1.375,1.375,200.0
2026-04-06 14:54:00,NICU.V,,2.140000104904175,2.140000104904175,2.140000104904175,2.140000104904175,1900.0
2026-04-06 14:54:00,PNG.V,,8.579999923706055,8.579999923706055,8.5649995803833,8.5649995803833,200.0
2026-04-06 14:55:00,FPC.V,,0.39500001072883606,0.39500001072883606,0.39500001072883606,0.39500001072883606,500.0
2026-04-06 14:55:00,GOT.V,,1.6699999570846558,1.6699999570846558,1.6699999570846558,1.6699999570846558,200.0
2026-04-06 14:55:00,GRSL.V,,0.32499998807907104,0.32499998807907104,0.32499998807907104,0.32499998807907104,500.0
2026-04-06 14:55:00,GSVR.V,,0.6050000190734863,0.6050000190734863,0.6050000190734863,0.6050000190734863,500.0
2026-04-06 14:55:00,HIVE.V,,2.759999990463257,2.759999990463257,2.759999990463257,2.759999990463257,500.0
2026-04-06 14:55:00,LGN.V,,0.949999988079071,0.949999988079071,0.949999988079071,0.949999988079071,500.0
2026-04-06 14:55:00,LMN.V,,23.190000534057617,23.190000534057617,23.190000534057617,23.190000534057617,205.0
2026-04-06 14:55:00,LTH.V,,1.3700000047683716,1.375,1.3700000047683716,1.375,8200.0
2026-04-06 14:55:00,LVX.V,,0.5799999833106995,0.5799999833106995,0.5799999833106995,0.5799999833106995,20000.0
2026-04-06 14:55:00,MBI-H.V,,0.019999999552965164,0.019999999552965164,0.019999999552965164,0.019999999552965164,3300.0
2026-04-06 14:55:00,MKO.V,,8.960000038146973,8.960000038146973,8.960000038146973,8.960000038146973,200.0
2026-04-06 14:55:00,MLP.V,,1.899999976158142,1.899999976158142,1.899999976158142,1.899999976158142,200.0
2026-04-06 14:55:00,PNG.V,,8.579999923706055,8.579999923706055,8.579999923706055,8.579999923706055,100.0
2026-04-06 14:56:00,ESK.V,,0.42500001192092896,0.42500001192092896,0.42500001192092896,0.42500001192092896,1000.0
2026-04-06 14:56:00,EVER.V,,0.6000000238418579,0.6000000238418579,0.6000000238418579,0.6000000238418579,54500.0
2026-04-06 14:56:00,FUU.V,,0.17499999701976776,0.17499999701976776,0.17499999701976776,0.17499999701976776,500.0
2026-04-06 14:56:00,FWZ.V,,4.619999885559082,4.619999885559082,4.619999885559082,4.619999885559082,132.0
2026-04-06 14:56:00,GPH.V,,1.25,1.25,1.25,1.25,100.0
2026-04-06 14:56:00,GRZ.V,,5.409999847412109,5.409999847412109,5.409999847412109,5.409999847412109,133.0
2026-04-06 14:56:00,ITR.V,,4.079999923706055,4.079999923706055,4.079999923706055,4.079999923706055,700.0
2026-04-06 14:56:00,LUCA.V,,1.409999966621399,1.409999966621399,1.409999966621399,1.409999966621399,100.0
2026-04-06 14:56:00,MKO.V,,8.960000038146973,8.960000038146973,8.960000038146973,8.960000038146973,100.0
2026-04-06 14:56:00,NICU.V,,2.140000104904175,2.140000104904175,2.140000104904175,2.140000104904175,1500.0
2026-04-06 14:56:00,PNG.V,,8.569999694824219,8.569999694824219,8.5649995803833,8.5649995803833,200.0
2026-04-06 14:56:00,SCAN.V,,7.300000190734863,7.300000190734863,7.300000190734863,7.300000190734863,100.0
2026-04-06 14:57:00,HIVE.V,,2.759999990463257,2.759999990463257,2.759999990463257,2.759999990463257,1600.0
2026-04-06 14:57:00,LUCA.V,,1.409999966621399,1.409999966621399,1.409999966621399,1.409999966621399,100.0
2026-04-06 14:57:00,MKO.V,,8.970000267028809,8.970000267028809,8.960000038146973,8.960000038146973,800.0
2026-04-06 14:58:00,BIG.V,,0.6700000166893005,0.6700000166893005,0.6700000166893005,0.6700000166893005,2150.0
2026-04-06 14:58:00,GOT.V,,1.6749999523162842,1.6749999523162842,1.6749999523162842,1.6749999523162842,200.0
2026-04-06 14:58:00,GRSL.V,,0.32499998807907104,0.32499998807907104,0.32499998807907104,0.32499998807907104,500.0
2026-04-06 14:58:00,LTX.V,,0.1899999976158142,0.1899999976158142,0.1899999976158142,0.1899999976158142,4500.0
2026-04-06 14:58:00,LUCA.V,,1.409999966621399,1.409999966621399,1.409999966621399,1.409999966621399,600.0
2026-04-06 14:58:00,MLP.V,,1.899999976158142,1.899999976158142,1.899999976158142,1.899999976158142,100.0
2026-04-06 14:58:00,NICU.V,,2.1500000953674316,2.1500000953674316,2.140000104904175,2.140000104904175,4300.0
2026-04-06 14:58:00,PNG.V,,8.569999694824219,8.569999694824219,8.569999694824219,8.569999694824219,100.0
2026-04-06 14:59:00,AUEN.V,,0.2750000059604645,0.2750000059604645,0.2750000059604645,0.2750000059604645,13500.0
2026-04-06 14:59:00,FWZ.V,,4.610000133514404,4.610000133514404,4.610000133514404,4.610000133514404,900.0
2026-04-06 14:59:00,GGO.V,,1.0099999904632568,1.0099999904632568,1.0099999904632568,1.0099999904632568,100.0
2026-04-06 14:59:00,GOT.V,,1.6749999523162842,1.6749999523162842,1.6749999523162842,1.6749999523162842,300.0
2026-04-06 14:59:00,GPH.V,,1.25,1.25,1.25,1.25,100.0
2026-04-06 14:59:00,GSI.V,,1.2549999952316284,1.2549999952316284,1.2549999952316284,1.2549999952316284,100.0
2026-04-06 14:59:00,HIVE.V,,2.759999990463257,2.759999990463257,2.759999990463257,2.759999990463257,175.0
2026-04-06 14:59:00,HSTR.V,,2.4200000762939453,2.4200000762939453,2.4200000762939453,2.4200000762939453,400.0
2026-04-06 14:59:00,KGS.V,,0.11500000208616257,0.11500000208616257,0.11500000208616257,0.11500000208616257,19500.0
2026-04-06 14:59:00,LTH.V,,1.375,1.375,1.375,1.375,200.0
2026-04-06 14:59:00,LUCA.V,,1.409999966621399,1.409999966621399,1.409999966621399,1.409999966621399,200.0
2026-04-06 14:59:00,MTLO.V,,0.004999999888241291,0.004999999888241291,0.004999999888241291,0.004999999888241291,200000.0
2026-04-06 14:59:00,NURS.V,,3.2899999618530273,3.2899999618530273,3.259999990463257,3.259999990463257,750.0
2026-04-06 14:59:00,PNG.V,,8.569999694824219,8.569999694824219,8.569999694824219,8.569999694824219,100.0
2026-04-06 15:00:00,FPC.V,,0.39500001072883606,0.39500001072883606,0.39500001072883606,0.39500001072883606,500.0
2026-04-06 15:00:00,FRI.V,,0.057500001043081284,0.057500001043081284,0.057500001043081284,0.057500001043081284,3000.0
2026-04-06 15:00:00,FUU.V,,0.17499999701976776,0.17499999701976776,0.17499999701976776,0.17499999701976776,500.0
2026-04-06 15:00:00,GOT.V,,1.6799999475479126,1.6799999475479126,1.6749999523162842,1.6749999523162842,800.0
2026-04-06 15:00:00,GQC.V,,2.3399999141693115,2.3399999141693115,2.3350000381469727,2.3350000381469727,3800.0
2026-04-06 15:00:00,GSVR.V,,0.6100000143051147,0.6100000143051147,0.6100000143051147,0.6100000143051147,5624.0
2026-04-06 15:00:00,HME.V,,2.815000057220459,2.815000057220459,2.815000057220459,2.815000057220459,100.0
2026-04-06 15:00:00,IFOS.V,,3.809999942779541,3.809999942779541,3.809999942779541,3.809999942779541,200.0
2026-04-06 15:00:00,IGO.V,,0.0949999988079071,0.0949999988079071,0.0949999988079071,0.0949999988079071,33000.0
2026-04-06 15:00:00,JUGR.V,,1.309999942779541,1.309999942779541,1.309999942779541,1.309999942779541,400.0
2026-04-06 15:00:00,LTH.V,,1.3700000047683716,1.3799999952316284,1.3700000047683716,1.3799999952316284,800.0
2026-04-06 15:00:00,LUCA.V,,1.409999966621399,1.409999966621399,1.409999966621399,1.409999966621399,200.0
2026-04-06 15:00:00,NICU.V,,2.1449999809265137,2.1449999809265137,2.1449999809265137,2.1449999809265137,400.0
2026-04-06 15:00:00,PNG.V,,8.569999694824219,8.569999694824219,8.569999694824219,8.569999694824219,100.0
2026-04-06 15:01:00,GOT.V,,1.6699999570846558,1.6699999570846558,1.6699999570846558,1.6699999570846558,200.0
2026-04-06 15:01:00,HCH.V,,1.2699999809265137,1.2699999809265137,1.2699999809265137,1.2699999809265137,100.0
2026-04-06 15:01:00,HEVI.V,,0.27000001072883606,0.27000001072883606,0.27000001072883606,0.27000001072883606,3954.0
2026-04-06 15:01:00,ITR.V,,4.074999809265137,4.074999809265137,4.074999809265137,4.074999809265137,100.0
2026-04-06 15:01:00,KTN.V,,1.399999976158142,1.399999976158142,1.399999976158142,1.399999976158142,100.0
2026-04-06 15:01:00,LTH.V,,1.375,1.375,1.3700000047683716,1.3700000047683716,600.0
2026-04-06 15:01:00,LUCA.V,,1.409999966621399,1.409999966621399,1.409999966621399,1.409999966621399,200.0
2026-04-06 15:01:00,MLP.V,,1.899999976158142,1.899999976158142,1.899999976158142,1.899999976158142,100.0
2026-04-06 15:01:00,NICU.V,,2.140000104904175,2.140000104904175,2.140000104904175,2.140000104904175,700.0
2026-04-06 15:01:00,NURS.V,,3.299999952316284,3.299999952316284,3.2899999618530273,3.2899999618530273,5500.0
2026-04-06 15:01:00,PNG.V,,8.569999694824219,8.569999694824219,8.5649995803833,8.569999694824219,2200.0
2026-04-06 15:02:00,GPH.V,,1.2549999952316284,1.2549999952316284,1.25,1.25,900.0
2026-04-06 15:02:00,GRSL.V,,0.32499998807907104,0.32499998807907104,0.32499998807907104,0.32499998807907104,2000.0
2026-04-06 15:02:00,GSI.V,,1.2549999952316284,1.2549999952316284,1.2549999952316284,1.2549999952316284,100.0
2026-04-06 15:02:00,GUN.V,,0.949999988079071,0.949999988079071,0.949999988079071,0.949999988079071,0.0
2026-04-06 15:02:00,HITI.V,,3.259999990463257,3.259999990463257,3.259999990463257,3.259999990463257,200.0
2026-04-06 15:02:00,HME.V,,2.809999942779541,2.809999942779541,2.809999942779541,2.809999942779541,500.0
2026-04-06 15:02:00,LG.V,,0.3449999988079071,0.3449999988079071,0.3400000035762787,0.3400000035762787,23500.0
2026-04-06 15:02:00,LTH.V,,1.375,1.375,1.3700000047683716,1.375,800.0
2026-04-06 15:02:00,LUCA.V,,1.409999966621399,1.409999966621399,1.409999966621399,1.409999966621399,100.0
2026-04-06 15:02:00,MKO.V,,8.970000267028809,8.970000267028809,8.970000267028809,8.970000267028809,300.0
2026-04-06 15:02:00,MLP.V,,1.899999976158142,1.899999976158142,1.899999976158142,1.899999976158142,200.0
2026-04-06 15:02:00,NICU.V,,2.1500000953674316,2.1500000953674316,2.140000104904175,2.140000104904175,4100.0
2026-04-06 15:02:00,NURS.V,,3.299999952316284,3.299999952316284,3.299999952316284,3.299999952316284,4100.0
2026-04-06 15:02:00,PNG.V,,8.550000190734863,8.5600004196167,8.550000190734863,8.5600004196167,2471.0
2026-04-06 15:03:00,BIG.V,,0.6700000166893005,0.6700000166893005,0.6700000166893005,0.6700000166893005,1500.0
2026-04-06 15:03:00,GOT.V,,1.6699999570846558,1.6699999570846558,1.6699999570846558,1.6699999570846558,200.0
2026-04-06 15:03:00,HIVE.V,,2.75,2.75,2.75,2.75,794.0
2026-04-06 15:03:00,HME.V,,2.809999942779541,2.809999942779541,2.809999942779541,2.809999942779541,178.0
2026-04-06 15:03:00,HSTR.V,,2.424999952316284,2.424999952316284,2.424999952316284,2.424999952316284,100.0
2026-04-06 15:03:00,ITR.V,,4.074999809265137,4.074999809265137,4.074999809265137,4.074999809265137,100.0
2026-04-06 15:03:00,KTN.V,,1.399999976158142,1.399999976158142,1.3949999809265137,1.3949999809265137,1600.0
2026-04-06 15:03:00,LTH.V,,1.3700000047683716,1.375,1.3700000047683716,1.375,900.0
2026-04-06 15:03:00,LUCA.V,,1.409999966621399,1.409999966621399,1.409999966621399,1.409999966621399,200.0
2026-04-06 15:03:00,NICU.V,,2.1449999809265137,2.1449999809265137,2.1449999809265137,2.1449999809265137,400.0
2026-04-06 15:04:00,FUU.V,,0.17499999701976776,0.17499999701976776,0.17499999701976776,0.17499999701976776,500.0
2026-04-06 15:04:00,GGO.V,,1.0099999904632568,1.0099999904632568,1.0099999904632568,1.0099999904632568,100.0
2026-04-06 15:04:00,GOT.V,,1.6699999570846558,1.6699999570846558,1.6699999570846558,1.6699999570846558,200.0
2026-04-06 15:04:00,GPH.V,,1.2599999904632568,1.2599999904632568,1.2599999904632568,1.2599999904632568,300.0
2026-04-06 15:04:00,HELI.V,,0.05000000074505806,0.05000000074505806,0.05000000074505806,0.05000000074505806,14000.0
2026-04-06 15:04:00,HEVI.V,,0.27000001072883606,0.27000001072883606,0.27000001072883606,0.27000001072883606,5000.0
2026-04-06 15:04:00,HIVE.V,,2.75,2.75,2.75,2.75,1718.0
2026-04-06 15:04:00,HMR.V,,0.8500000238418579,0.8500000238418579,0.8500000238418579,0.8500000238418579,1452.0
2026-04-06 15:04:00,LTH.V,,1.3700000047683716,1.375,1.3700000047683716,1.375,600.0
2026-04-06 15:04:00,LUCA.V,,1.409999966621399,1.409999966621399,1.409999966621399,1.409999966621399,300.0
2026-04-06 15:04:00,MKO.V,,8.920000076293945,8.949999809265137,8.920000076293945,8.949999809265137,1000.0
2026-04-06 15:04:00,MLP.V,,1.899999976158142,1.899999976158142,1.899999976158142,1.899999976158142,100.0
2026-04-06 15:05:00,GOT.V,,1.6699999570846558,1.6699999570846558,1.6699999570846558,1.6699999570846558,200.0
2026-04-06 15:05:00,GPH.V,,1.25,1.25,1.25,1.25,100.0
2026-04-06 15:05:00,GSI.V,,1.2549999952316284,1.2549999952316284,1.2549999952316284,1.2549999952316284,100.0
2026-04-06 15:05:00,HIVE.V,,2.75,2.755000114440918,2.75,2.755000114440918,5765.0
2026-04-06 15:05:00,IPT.V,,0.23999999463558197,0.23999999463558197,0.23999999463558197,0.23999999463558197,1000.0
2026-04-06 15:05:00,LGN.V,,0.9599999785423279,0.9599999785423279,0.9599999785423279,0.9599999785423279,5500.0
2026-04-06 15:05:00,LTH.V,,1.375,1.375,1.3700000047683716,1.375,1900.0
2026-04-06 15:05:00,LUCA.V,,1.409999966621399,1.409999966621399,1.409999966621399,1.409999966621399,100.0
2026-04-06 15:05:00,LVG.V,,0.32499998807907104,0.32499998807907104,0.32249999046325684,0.32249999046325684,11000.0
2026-04-06 15:05:00,LVX.V,,0.5799999833106995,0.5799999833106995,0.5799999833106995,0.5799999833106995,2000.0
2026-04-06 15:05:00,NICU.V,,2.1449999809265137,2.1449999809265137,2.140000104904175,2.140000104904175,2000.0
2026-04-06 15:05:00,PNG.V,,8.550000190734863,8.550000190734863,8.550000190734863,8.550000190734863,100.0
2026-04-06 15:06:00,BIG.V,,0.6700000166893005,0.6700000166893005,0.6700000166893005,0.6700000166893005,1000.0
2026-04-06 15:06:00,FPC.V,,0.39500001072883606,0.39500001072883606,0.39500001072883606,0.39500001072883606,500.0
2026-04-06 15:06:00,HIVE.V,,2.75,2.75,2.75,2.75,1200.0
2026-04-06 15:06:00,HME.V,,2.809999942779541,2.809999942779541,2.799999952316284,2.799999952316284,9000.0
2026-04-06 15:06:00,JZR.V,,0.2800000011920929,0.2800000011920929,0.2800000011920929,0.2800000011920929,1000.0
2026-04-06 15:06:00,LTH.V,,1.3700000047683716,1.375,1.3700000047683716,1.375,400.0
2026-04-06 15:06:00,LUCA.V,,1.409999966621399,1.409999966621399,1.409999966621399,1.409999966621399,100.0
2026-04-06 15:06:00,NICU.V,,2.1449999809265137,2.1449999809265137,2.1449999809265137,2.1449999809265137,200.0
2026-04-06 15:06:00,PNG.V,,8.550000190734863,8.550000190734863,8.550000190734863,8.550000190734863,1901.0
2026-04-06 15:06:00,TUF.V,,0.25999999046325684,0.25999999046325684,0.25999999046325684,0.25999999046325684,4000.0
2026-04-06 15:06:00,ZNG.V,,1.0700000524520874,1.0700000524520874,1.0700000524520874,1.0700000524520874,200.0
2026-04-06 15:07:00,GGO.V,,1.0199999809265137,1.0199999809265137,1.0199999809265137,1.0199999809265137,1400.0
2026-04-06 15:07:00,GOT.V,,1.6699999570846558,1.6699999570846558,1.6699999570846558,1.6699999570846558,200.0
2026-04-06 15:07:00,GPH.V,,1.25,1.25,1.25,1.25,100.0
2026-04-06 15:07:00,GRSL.V,,0.32499998807907104,0.32499998807907104,0.32499998807907104,0.32499998807907104,7000.0
2026-04-06 15:07:00,HITI.V,,3.25,3.25,3.25,3.25,200.0
2026-04-06 15:07:00,HIVE.V,,2.75,2.75,2.75,2.75,7900.0
2026-04-06 15:07:00,ITR.V,,4.059999942779541,4.070000171661377,4.059999942779541,4.070000171661377,4000.0
2026-04-06 15:07:00,JZR.V,,0.2800000011920929,0.2800000011920929,0.2800000011920929,0.2800000011920929,500.0
2026-04-06 15:07:00,KTN.V,,1.399999976158142,1.399999976158142,1.399999976158142,1.399999976158142,5700.0
2026-04-06 15:07:00,KTO.V,,0.699999988079071,0.699999988079071,0.699999988079071,0.699999988079071,500.0
2026-04-06 15:07:00,LTH.V,,1.3700000047683716,1.375,1.3700000047683716,1.375,1100.0
2026-04-06 15:07:00,LUCA.V,,1.4199999570846558,1.4199999570846558,1.4149999618530273,1.4149999618530273,7300.0
2026-04-06 15:07:00,MKO.V,,8.890000343322754,8.920000076293945,8.890000343322754,8.90999984741211,966.0
2026-04-06 15:07:00,NICU.V,,2.140000104904175,2.140000104904175,2.140000104904175,2.140000104904175,1200.0
2026-04-06 15:07:00,PNG.V,,8.550000190734863,8.550000190734863,8.550000190734863,8.550000190734863,500.0
2026-04-06 15:07:00,ZNG.V,,1.0700000524520874,1.0700000524520874,1.0700000524520874,1.0700000524520874,100.0
2026-04-06 15:08:00,FUU.V,,0.17499999701976776,0.17499999701976776,0.17499999701976776,0.17499999701976776,500.0
2026-04-06 15:08:00,GDP.V,,0.30000001192092896,0.30000001192092896,0.30000001192092896,0.30000001192092896,0.0
2026-04-06 15:08:00,GOT.V,,1.6699999570846558,1.6699999570846558,1.6699999570846558,1.6699999570846558,1100.0
2026-04-06 15:08:00,GPH.V,,1.25,1.25,1.25,1.25,100.0
2026-04-06 15:08:00,GSI.V,,1.2549999952316284,1.2549999952316284,1.2549999952316284,1.2549999952316284,103.0
2026-04-06 15:08:00,HMR.V,,0.8500000238418579,0.8500000238418579,0.8500000238418579,0.8500000238418579,1000.0
2026-04-06 15:08:00,JZR.V,,0.2800000011920929,0.2800000011920929,0.2750000059604645,0.2750000059604645,2500.0
2026-04-06 15:08:00,KNG.V,,1.2699999809265137,1.2699999809265137,1.2699999809265137,1.2699999809265137,100.0
2026-04-06 15:08:00,KTN.V,,1.399999976158142,1.399999976158142,1.399999976158142,1.399999976158142,1300.0
2026-04-06 15:08:00,LG.V,,0.3449999988079071,0.3449999988079071,0.3449999988079071,0.3449999988079071,10000.0
2026-04-06 15:08:00,LMN.V,,23.25,23.25,23.190000534057617,23.190000534057617,604.0
2026-04-06 15:08:00,LUCA.V,,1.4199999570846558,1.4199999570846558,1.4199999570846558,1.4199999570846558,100.0
2026-04-06 15:08:00,MLP.V,,1.8899999856948853,1.899999976158142,1.8899999856948853,1.899999976158142,7800.0
2026-04-06 15:08:00,NURS.V,,3.2899999618530273,3.2899999618530273,3.2899999618530273,3.2899999618530273,500.0
2026-04-06 15:09:00,BIG.V,,0.6700000166893005,0.6700000166893005,0.6700000166893005,0.6700000166893005,4881.0
2026-04-06 15:09:00,GOT.V,,1.6699999570846558,1.6699999570846558,1.6699999570846558,1.6699999570846558,800.0
2026-04-06 15:09:00,GSVR.V,,0.6100000143051147,0.6100000143051147,0.6100000143051147,0.6100000143051147,1000.0
2026-04-06 15:09:00,HIVE.V,,2.75,2.75,2.75,2.75,300.0
2026-04-06 15:09:00,HME.V,,2.799999952316284,2.799999952316284,2.799999952316284,2.799999952316284,200.0
2026-04-06 15:09:00,HMR.V,,0.8500000238418579,0.8500000238418579,0.8500000238418579,0.8500000238418579,1500.0
2026-04-06 15:09:00,JZR.V,,0.2800000011920929,0.2800000011920929,0.2800000011920929,0.2800000011920929,500.0
2026-04-06 15:09:00,LTH.V,,1.3700000047683716,1.3700000047683716,1.3700000047683716,1.3700000047683716,500.0
2026-04-06 15:09:00,MLP.V,,1.8899999856948853,1.8899999856948853,1.8899999856948853,1.8899999856948853,100.0
2026-04-06 15:09:00,NICU.V,,2.140000104904175,2.140000104904175,2.140000104904175,2.140000104904175,6400.0
2026-04-06 15:10:00,BIG.V,,0.6700000166893005,0.6700000166893005,0.6700000166893005,0.6700000166893005,7500.0
2026-04-06 15:10:00,EXG.V,,0.11999999731779099,0.11999999731779099,0.11999999731779099,0.11999999731779099,15000.0
2026-04-06 15:10:00,GOT.V,,1.6699999570846558,1.6699999570846558,1.6699999570846558,1.6699999570846558,200.0
2026-04-06 15:10:00,GPH.V,,1.25,1.25,1.25,1.25,100.0
2026-04-06 15:10:00,HEVI.V,,0.26499998569488525,0.26499998569488525,0.26499998569488525,0.26499998569488525,4500.0
2026-04-06 15:10:00,HIVE.V,,2.75,2.75,2.75,2.75,900.0
2026-04-06 15:10:00,HME.V,,2.799999952316284,2.799999952316284,2.799999952316284,2.799999952316284,1700.0
2026-04-06 15:10:00,HSTR.V,,2.4200000762939453,2.4200000762939453,2.4200000762939453,2.4200000762939453,1300.0
2026-04-06 15:10:00,ITR.V,,4.059999942779541,4.059999942779541,4.050000190734863,4.059999942779541,1500.0
2026-04-06 15:10:00,JZR.V,,0.2824999988079071,0.2824999988079071,0.2800000011920929,0.2800000011920929,6500.0
2026-04-06 15:10:00,LTH.V,,1.3700000047683716,1.3700000047683716,1.3700000047683716,1.3700000047683716,800.0
2026-04-06 15:10:00,NURS.V,,3.299999952316284,3.309999942779541,3.299999952316284,3.299999952316284,1935.0
2026-04-06 15:10:00,PNG.V,,8.5600004196167,8.5600004196167,8.5600004196167,8.5600004196167,100.0
2026-04-06 15:11:00,BIG.V,,0.6700000166893005,0.6700000166893005,0.6700000166893005,0.6700000166893005,1900.0
2026-04-06 15:11:00,FPC.V,,0.39500001072883606,0.39500001072883606,0.39500001072883606,0.39500001072883606,500.0
2026-04-06 15:11:00,GOT.V,,1.6699999570846558,1.6699999570846558,1.6699999570846558,1.6699999570846558,200.0
2026-04-06 15:11:00,GPH.V,,1.25,1.25,1.25,1.25,100.0
2026-04-06 15:11:00,GSI.V,,1.2549999952316284,1.2549999952316284,1.2549999952316284,1.2549999952316284,100.0
2026-04-06 15:11:00,HSTR.V,,2.4149999618530273,2.4149999618530273,2.4149999618530273,2.4149999618530273,100.0
2026-04-06 15:11:00,IFOS.V,,3.809999942779541,3.809999942779541,3.799999952316284,3.799999952316284,500.0
2026-04-06 15:11:00,JZR.V,,0.2824999988079071,0.2824999988079071,0.2800000011920929,0.2800000011920929,10500.0
2026-04-06 15:11:00,KGS.V,,0.11999999731779099,0.11999999731779099,0.11500000208616257,0.11500000208616257,46000.0
2026-04-06 15:11:00,LTH.V,,1.3600000143051147,1.3600000143051147,1.3600000143051147,1.3600000143051147,400.0
2026-04-06 15:11:00,LUCA.V,,1.409999966621399,1.409999966621399,1.409999966621399,1.409999966621399,300.0
2026-04-06 15:11:00,MLP.V,,1.8899999856948853,1.8899999856948853,1.8899999856948853,1.8899999856948853,200.0
2026-04-06 15:11:00,MMA.V,,1.2799999713897705,1.2799999713897705,1.2799999713897705,1.2799999713897705,4000.0
2026-04-06 15:11:00,NICU.V,,2.1449999809265137,2.1449999809265137,2.1449999809265137,2.1449999809265137,500.0
2026-04-06 15:12:00,FUU.V,,0.17499999701976776,0.17499999701976776,0.17499999701976776,0.17499999701976776,3000.0
2026-04-06 15:12:00,HIVE.V,,2.75,2.75,2.75,2.75,989.0
2026-04-06 15:12:00,JZR.V,,0.2800000011920929,0.2800000011920929,0.2800000011920929,0.2800000011920929,2500.0
2026-04-06 15:12:00,LGN.V,,0.9549999833106995,0.9549999833106995,0.9549999833106995,0.9549999833106995,500.0
2026-04-06 15:12:00,LTH.V,,1.3600000143051147,1.3600000143051147,1.3600000143051147,1.3600000143051147,600.0
2026-04-06 15:12:00,LUCA.V,,1.4149999618530273,1.4149999618530273,1.4149999618530273,1.4149999618530273,700.0
2026-04-06 15:12:00,MLP.V,,1.8899999856948853,1.8899999856948853,1.8899999856948853,1.8899999856948853,400.0
2026-04-06 15:12:00,PNG.V,,8.539999961853027,8.539999961853027,8.539999961853027,8.539999961853027,100.0
2026-04-06 15:13:00,FWZ.V,,4.610000133514404,4.610000133514404,4.610000133514404,4.610000133514404,100.0
2026-04-06 15:13:00,HIVE.V,,2.75,2.755000114440918,2.75,2.755000114440918,2900.0
2026-04-06 15:13:00,HME.V,,2.799999952316284,2.799999952316284,2.799999952316284,2.799999952316284,2000.0
2026-04-06 15:13:00,HSTR.V,,2.4100000858306885,2.4100000858306885,2.4100000858306885,2.4100000858306885,100.0
2026-04-06 15:13:00,ITR.V,,4.059999942779541,4.059999942779541,4.059999942779541,4.059999942779541,1400.0
2026-04-06 15:13:00,JZR.V,,0.2800000011920929,0.2800000011920929,0.2800000011920929,0.2800000011920929,500.0
2026-04-06 15:13:00,LUCA.V,,1.4149999618530273,1.4149999618530273,1.4149999618530273,1.4149999618530273,700.0
2026-04-06 15:13:00,MLP.V,,1.8899999856948853,1.8899999856948853,1.8899999856948853,1.8899999856948853,100.0
2026-04-06 15:13:00,NURS.V,,3.319999933242798,3.319999933242798,3.319999933242798,3.319999933242798,600.0
2026-04-06 15:14:00,FHYD.V,,0.4399999976158142,0.4399999976158142,0.4399999976158142,0.4399999976158142,0.0
2026-04-06 15:14:00,GG.V,,2.740000009536743,2.740000009536743,2.740000009536743,2.740000009536743,5700.0
2026-04-06 15:14:00,GLD.V,,0.08500000089406967,0.08500000089406967,0.08500000089406967,0.08500000089406967,6000.0
2026-04-06 15:14:00,GOT.V,,1.6699999570846558,1.6699999570846558,1.6699999570846558,1.6699999570846558,200.0
2026-04-06 15:14:00,GPH.V,,1.25,1.25,1.25,1.25,100.0
2026-04-06 15:14:00,GSI.V,,1.2549999952316284,1.2549999952316284,1.2549999952316284,1.2549999952316284,100.0
2026-04-06 15:14:00,HEVI.V,,0.26499998569488525,0.26499998569488525,0.26499998569488525,0.26499998569488525,1000.0
2026-04-06 15:14:00,IGO.V,,0.09000000357627869,0.09000000357627869,0.09000000357627869,0.09000000357627869,5000.0
2026-04-06 15:14:00,LMN.V,,23.209999084472656,23.209999084472656,23.209999084472656,23.209999084472656,100.0
2026-04-06 15:14:00,LRA.V,,3.6500000953674316,3.6500000953674316,3.6500000953674316,3.6500000953674316,3000.0
2026-04-06 15:14:00,LTH.V,,1.3600000143051147,1.3600000143051147,1.3600000143051147,1.3600000143051147,1100.0
2026-04-06 15:14:00,LUCA.V,,1.4149999618530273,1.4149999618530273,1.4149999618530273,1.4149999618530273,800.0
2026-04-06 15:14:00,MLP.V,,1.8899999856948853,1.8899999856948853,1.8899999856948853,1.8899999856948853,2397.0
2026-04-06 15:14:00,NICU.V,,2.140000104904175,2.140000104904175,2.140000104904175,2.140000104904175,2300.0
2026-04-06 15:14:00,NURS.V,,3.3299999237060547,3.3299999237060547,3.3299999237060547,3.3299999237060547,500.0
2026-04-06 15:15:00,FWZ.V,,4.610000133514404,4.610000133514404,4.610000133514404,4.610000133514404,800.0
2026-04-06 15:15:00,GOT.V,,1.6699999570846558,1.6699999570846558,1.6699999570846558,1.6699999570846558,200.0
2026-04-06 15:15:00,HME.V,,2.799999952316284,2.799999952316284,2.799999952316284,2.799999952316284,900.0
2026-04-06 15:15:00,KRY.V,,3.180000066757202,3.180000066757202,3.180000066757202,3.180000066757202,100.0
2026-04-06 15:15:00,LMN.V,,23.34000015258789,23.34000015258789,23.329999923706055,23.329999923706055,400.0
2026-04-06 15:15:00,LUCA.V,,1.409999966621399,1.4149999618530273,1.409999966621399,1.4149999618530273,500.0
2026-04-06 15:15:00,MLP.V,,1.8899999856948853,1.8899999856948853,1.8899999856948853,1.8899999856948853,2245.0
2026-04-06 15:15:00,NICU.V,,2.1500000953674316,2.1500000953674316,2.140000104904175,2.140000104904175,3400.0
2026-04-06 15:15:00,PNG.V,,8.539999961853027,8.539999961853027,8.539999961853027,8.539999961853027,681.0
2026-04-06 15:16:00,FPC.V,,0.39500001072883606,0.39500001072883606,0.39500001072883606,0.39500001072883606,500.0
2026-04-06 15:16:00,GMA.V,,0.27000001072883606,0.27000001072883606,0.26499998569488525,0.26499998569488525,1500.0
2026-04-06 15:16:00,GPH.V,,1.25,1.25,1.25,1.25,100.0
2026-04-06 15:16:00,GSI.V,,1.25,1.25,1.25,1.25,9800.0
2026-04-06 15:16:00,HSTR.V,,2.4100000858306885,2.4149999618530273,2.4049999713897705,2.4149999618530273,3000.0
2026-04-06 15:16:00,ITR.V,,4.050000190734863,4.050000190734863,4.050000190734863,4.050000190734863,200.0
2026-04-06 15:16:00,LGC.V,,1.9600000381469727,1.9600000381469727,1.9600000381469727,1.9600000381469727,200.0
2026-04-06 15:16:00,LTH.V,,1.3600000143051147,1.3600000143051147,1.3600000143051147,1.3600000143051147,1900.0
2026-04-06 15:16:00,LUCA.V,,1.409999966621399,1.409999966621399,1.409999966621399,1.409999966621399,100.0
2026-04-06 15:16:00,NICU.V,,2.1449999809265137,2.1449999809265137,2.1449999809265137,2.1449999809265137,300.0
2026-04-06 15:16:00,NURS.V,,3.3399999141693115,3.3399999141693115,3.3399999141693115,3.3399999141693115,6700.0
2026-04-06 15:16:00,PNG.V,,8.539999961853027,8.539999961853027,8.539999961853027,8.539999961853027,2400.0
2026-04-06 15:17:00,FWZ.V,,4.599999904632568,4.599999904632568,4.599999904632568,4.599999904632568,100.0
2026-04-06 15:17:00,GOT.V,,1.6699999570846558,1.6699999570846558,1.6699999570846558,1.6699999570846558,100.0
2026-04-06 15:17:00,GSI.V,,1.25,1.25,1.25,1.25,300.0
2026-04-06 15:17:00,HIVE.V,,2.759999990463257,2.759999990463257,2.75,2.75,2200.0
2026-04-06 15:17:00,ITR.V,,4.059999942779541,4.059999942779541,4.050000190734863,4.050000190734863,400.0
2026-04-06 15:17:00,KTO.V,,0.699999988079071,0.699999988079071,0.699999988079071,0.699999988079071,10500.0
2026-04-06 15:17:00,MKO.V,,8.880000114440918,8.880000114440918,8.880000114440918,8.880000114440918,400.0
2026-04-06 15:17:00,NICU.V,,2.140000104904175,2.140000104904175,2.140000104904175,2.140000104904175,1700.0
2026-04-06 15:17:00,NURS.V,,3.3399999141693115,3.3399999141693115,3.3399999141693115,3.3399999141693115,1200.0
2026-04-06 15:17:00,YGT.V,,0.20499999821186066,0.20499999821186066,0.20499999821186066,0.20499999821186066,500.0
2026-04-06 15:18:00,FO.V,,0.375,0.375,0.375,0.375,500.0
2026-04-06 15:18:00,FWZ.V,,4.599999904632568,4.610000133514404,4.599999904632568,4.610000133514404,200.0
2026-04-06 15:18:00,GPH.V,,1.2599999904632568,1.2599999904632568,1.2599999904632568,1.2599999904632568,2100.0
2026-04-06 15:18:00,GSVR.V,,0.6100000143051147,0.6100000143051147,0.6100000143051147,0.6100000143051147,1000.0
2026-04-06 15:18:00,HIVE.V,,2.75,2.75,2.75,2.75,2600.0
2026-04-06 15:18:00,KTO.V,,0.699999988079071,0.699999988079071,0.699999988079071,0.699999988079071,1000.0
2026-04-06 15:18:00,LUCA.V,,1.409999966621399,1.409999966621399,1.409999966621399,1.409999966621399,100.0
2026-04-06 15:18:00,MKO.V,,8.8149995803833,8.869999885559082,8.8149995803833,8.869999885559082,4500.0
2026-04-06 15:18:00,MLP.V,,1.8799999952316284,1.8899999856948853,1.8799999952316284,1.8799999952316284,9300.0
2026-04-06 15:18:00,NURS.V,,3.319999933242798,3.3399999141693115,3.319999933242798,3.3299999237060547,2600.0
2026-04-06 15:18:00,PNG.V,,8.539999961853027,8.539999961853027,8.539999961853027,8.539999961853027,600.0
2026-04-06 15:19:00,EVER.V,,0.6000000238418579,0.6100000143051147,0.6000000238418579,0.6000000238418579,27000.0
2026-04-06 15:19:00,GLAD.V,,1.2200000286102295,1.2200000286102295,1.2200000286102295,1.2200000286102295,6800.0
2026-04-06 15:19:00,GOT.V,,1.6649999618530273,1.6649999618530273,1.6649999618530273,1.6649999618530273,100.0
2026-04-06 15:19:00,GSI.V,,1.25,1.25,1.25,1.25,100.0
2026-04-06 15:19:00,GTC.V,,0.1899999976158142,0.1899999976158142,0.1899999976158142,0.1899999976158142,500.0
2026-04-06 15:19:00,HIVE.V,,2.75,2.759999990463257,2.75,2.759999990463257,6222.0
2026-04-06 15:19:00,ITR.V,,4.059999942779541,4.059999942779541,4.059999942779541,4.059999942779541,100.0
2026-04-06 15:19:00,KLDC.V,,0.1850000023841858,0.1850000023841858,0.1850000023841858,0.1850000023841858,19500.0
2026-04-06 15:19:00,KTO.V,,0.699999988079071,0.699999988079071,0.699999988079071,0.699999988079071,8500.0
2026-04-06 15:19:00,LSTR.V,,0.10999999940395355,0.10999999940395355,0.10999999940395355,0.10999999940395355,6500.0
2026-04-06 15:19:00,LUCA.V,,1.409999966621399,1.409999966621399,1.409999966621399,1.409999966621399,200.0
2026-04-06 15:19:00,MLP.V,,1.8600000143051147,1.8700000047683716,1.8600000143051147,1.8700000047683716,4135.0
2026-04-06 15:19:00,MTLO.V,,0.004999999888241291,0.004999999888241291,0.004999999888241291,0.004999999888241291,150000.0
2026-04-06 15:19:00,NICU.V,,2.140000104904175,2.140000104904175,2.140000104904175,2.140000104904175,500.0
2026-04-06 15:19:00,NURS.V,,3.3399999141693115,3.3399999141693115,3.3299999237060547,3.3299999237060547,500.0
2026-04-06 15:19:00,PNG.V,,8.539999961853027,8.539999961853027,8.539999961853027,8.539999961853027,100.0
2026-04-06 15:20:00,GLAD.V,,1.2300000190734863,1.2300000190734863,1.2300000190734863,1.2300000190734863,3000.0
2026-04-06 15:20:00,GOT.V,,1.659999966621399,1.6699999570846558,1.659999966621399,1.659999966621399,4500.0
2026-04-06 15:20:00,GSVR.V,,0.6100000143051147,0.6100000143051147,0.6100000143051147,0.6100000143051147,500.0
2026-04-06 15:20:00,HIVE.V,,2.75,2.75,2.75,2.75,100.0
2026-04-06 15:20:00,HSTR.V,,2.4100000858306885,2.4100000858306885,2.4100000858306885,2.4100000858306885,1100.0
2026-04-06 15:20:00,LIO.V,,0.24500000476837158,0.25,0.24500000476837158,0.25,89122.0
2026-04-06 15:20:00,LUCA.V,,1.4149999618530273,1.4149999618530273,1.409999966621399,1.4149999618530273,1000.0
2026-04-06 15:20:00,NICU.V,,2.140000104904175,2.140000104904175,2.140000104904175,2.140000104904175,1100.0
2026-04-06 15:20:00,NURS.V,,3.3499999046325684,3.3499999046325684,3.3499999046325684,3.3499999046325684,500.0
2026-04-06 15:20:00,PNG.V,,8.539999961853027,8.539999961853027,8.529999732971191,8.539999961853027,2840.0
2026-04-06 15:20:00,ZNG.V,,1.059999942779541,1.059999942779541,1.059999942779541,1.059999942779541,4000.0
2026-04-06 15:21:00,FPC.V,,0.39500001072883606,0.39500001072883606,0.39500001072883606,0.39500001072883606,500.0
2026-04-06 15:21:00,GLAD.V,,1.2100000381469727,1.2100000381469727,1.2100000381469727,1.2100000381469727,2400.0
2026-04-06 15:21:00,GPG.V,,0.4099999964237213,0.4099999964237213,0.4099999964237213,0.4099999964237213,3000.0
2026-04-06 15:21:00,HEVI.V,,0.26499998569488525,0.26499998569488525,0.26499998569488525,0.26499998569488525,9000.0
2026-04-06 15:21:00,HMR.V,,0.8500000238418579,0.8500000238418579,0.8500000238418579,0.8500000238418579,2500.0
2026-04-06 15:21:00,ITR.V,,4.050000190734863,4.050000190734863,4.039999961853027,4.050000190734863,21600.0
2026-04-06 15:21:00,LTH.V,,1.350000023841858,1.350000023841858,1.350000023841858,1.350000023841858,4388.0
2026-04-06 15:21:00,LUCA.V,,1.4149999618530273,1.4149999618530273,1.4149999618530273,1.4149999618530273,1000.0
2026-04-06 15:21:00,MGM.V,,2.390000104904175,2.390000104904175,2.390000104904175,2.390000104904175,2100.0
2026-04-06 15:21:00,MKO.V,,8.859999656677246,8.859999656677246,8.859999656677246,8.859999656677246,500.0
2026-04-06 15:21:00,MLP.V,,1.8600000143051147,1.8600000143051147,1.8600000143051147,1.8600000143051147,100.0
2026-04-06 15:21:00,NICU.V,,2.140000104904175,2.140000104904175,2.140000104904175,2.140000104904175,1400.0
2026-04-06 15:21:00,NURS.V,,3.3499999046325684,3.3499999046325684,3.3499999046325684,3.3499999046325684,400.0
2026-04-06 15:22:00,GSVR.V,,0.6100000143051147,0.6100000143051147,0.6100000143051147,0.6100000143051147,10000.0
2026-04-06 15:22:00,HIVE.V,,2.740000009536743,2.740000009536743,2.740000009536743,2.740000009536743,100.0
2026-04-06 15:22:00,JUGR.V,,1.2999999523162842,1.2999999523162842,1.2999999523162842,1.2999999523162842,2007.0
2026-04-06 15:22:00,LMN.V,,23.2549991607666,23.2549991607666,23.2549991607666,23.2549991607666,1500.0
2026-04-06 15:22:00,LMS.V,,0.2199999988079071,0.2199999988079071,0.2199999988079071,0.2199999988079071,500.0
2026-04-06 15:22:00,LUCA.V,,1.4149999618530273,1.4149999618530273,1.4149999618530273,1.4149999618530273,200.0
2026-04-06 15:22:00,NURS.V,,3.359999895095825,3.4000000953674316,3.3499999046325684,3.3499999046325684,6840.0
2026-04-06 15:22:00,PNG.V,,8.539999961853027,8.539999961853027,8.539999961853027,8.539999961853027,156.0
2026-04-06 15:23:00,FHYD.V,,0.4399999976158142,0.4399999976158142,0.4399999976158142,0.4399999976158142,1500.0
2026-04-06 15:23:00,GGI.V,,0.125,0.125,0.125,0.125,7500.0
2026-04-06 15:23:00,GGO.V,,1.0099999904632568,1.0099999904632568,1.0099999904632568,1.0099999904632568,100.0
2026-04-06 15:23:00,GLAD.V,,1.2100000381469727,1.2100000381469727,1.2100000381469727,1.2100000381469727,800.0
2026-04-06 15:23:00,IFOS.V,,3.809999942779541,3.809999942779541,3.809999942779541,3.809999942779541,100.0
2026-04-06 15:23:00,KGS.V,,0.11999999731779099,0.11999999731779099,0.11999999731779099,0.11999999731779099,7000.0
2026-04-06 15:23:00,KTN.V,,1.4049999713897705,1.4049999713897705,1.4049999713897705,1.4049999713897705,1300.0
2026-04-06 15:23:00,LGC.V,,1.9600000381469727,1.9600000381469727,1.9600000381469727,1.9600000381469727,131.0
2026-04-06 15:23:00,LMN.V,,23.2450008392334,23.329999923706055,23.2450008392334,23.329999923706055,1700.0
2026-04-06 15:23:00,LUCA.V,,1.4199999570846558,1.4199999570846558,1.4149999618530273,1.4149999618530273,1800.0
2026-04-06 15:23:00,MGM.V,,2.380000114440918,2.380000114440918,2.380000114440918,2.380000114440918,10000.0
2026-04-06 15:23:00,MLP.V,,1.8600000143051147,1.8600000143051147,1.8600000143051147,1.8600000143051147,100.0
2026-04-06 15:23:00,NICU.V,,2.140000104904175,2.140000104904175,2.140000104904175,2.140000104904175,200.0
2026-04-06 15:23:00,PNG.V,,8.5600004196167,8.5600004196167,8.539999961853027,8.539999961853027,8281.0
2026-04-06 15:24:00,FWZ.V,,4.590000152587891,4.590000152587891,4.590000152587891,4.590000152587891,100.0
2026-04-06 15:24:00,GLAD.V,,1.2100000381469727,1.2100000381469727,1.2100000381469727,1.2100000381469727,100.0
2026-04-06 15:24:00,HEVI.V,,0.26499998569488525,0.26499998569488525,0.26499998569488525,0.26499998569488525,5300.0
2026-04-06 15:24:00,ITR.V,,4.050000190734863,4.050000190734863,4.045000076293945,4.045000076293945,14700.0
2026-04-06 15:24:00,KTO.V,,0.699999988079071,0.699999988079071,0.699999988079071,0.699999988079071,500.0
2026-04-06 15:24:00,LMN.V,,23.239999771118164,23.290000915527344,23.239999771118164,23.290000915527344,700.0
2026-04-06 15:24:00,LUCA.V,,1.4199999570846558,1.4199999570846558,1.4199999570846558,1.4199999570846558,1300.0
2026-04-06 15:24:00,MLP.V,,1.850000023841858,1.8700000047683716,1.850000023841858,1.8700000047683716,7400.0
2026-04-06 15:24:00,TUF.V,,0.26499998569488525,0.26499998569488525,0.26499998569488525,0.26499998569488525,29500.0
2026-04-06 15:25:00,FMAN.V,,0.3149999976158142,0.3149999976158142,0.3149999976158142,0.3149999976158142,500.0
2026-04-06 15:25:00,FUU.V,,0.17499999701976776,0.17499999701976776,0.17499999701976776,0.17499999701976776,2000.0
2026-04-06 15:25:00,GOT.V,,1.659999966621399,1.659999966621399,1.659999966621399,1.659999966621399,12100.0
2026-04-06 15:25:00,GSI.V,,1.25,1.25,1.25,1.25,100.0
2026-04-06 15:25:00,GSR.V,,0.5400000214576721,0.5400000214576721,0.5400000214576721,0.5400000214576721,2500.0
2026-04-06 15:25:00,HEVI.V,,0.26499998569488525,0.26499998569488525,0.26499998569488525,0.26499998569488525,500.0
2026-04-06 15:25:00,HIVE.V,,2.740000009536743,2.744999885559082,2.740000009536743,2.744999885559082,4667.0
2026-04-06 15:25:00,KCC.V,,0.7900000214576721,0.7900000214576721,0.7900000214576721,0.7900000214576721,3500.0
2026-04-06 15:25:00,KTO.V,,0.699999988079071,0.699999988079071,0.699999988079071,0.699999988079071,500.0
2026-04-06 15:25:00,LMN.V,,23.25,23.25,23.21500015258789,23.25,1600.0
2026-04-06 15:25:00,LSL.V,,0.38999998569488525,0.38999998569488525,0.38999998569488525,0.38999998569488525,2000.0
2026-04-06 15:25:00,LUCA.V,,1.4249999523162842,1.4249999523162842,1.4199999570846558,1.4199999570846558,1900.0
2026-04-06 15:25:00,MLP.V,,1.850000023841858,1.850000023841858,1.850000023841858,1.850000023841858,100.0
2026-04-06 15:25:00,NURS.V,,3.4000000953674316,3.4000000953674316,3.4000000953674316,3.4000000953674316,1000.0
2026-04-06 15:26:00,FPC.V,,0.39500001072883606,0.39500001072883606,0.39500001072883606,0.39500001072883606,500.0
2026-04-06 15:26:00,FPX.V,,0.4300000071525574,0.4300000071525574,0.4300000071525574,0.4300000071525574,2300.0
2026-04-06 15:26:00,GSVR.V,,0.6000000238418579,0.6000000238418579,0.6000000238418579,0.6000000238418579,39000.0
2026-04-06 15:26:00,HSTR.V,,2.4000000953674316,2.4000000953674316,2.4000000953674316,2.4000000953674316,700.0
2026-04-06 15:26:00,IZZ.V,,0.03999999910593033,0.03999999910593033,0.03999999910593033,0.03999999910593033,0.0
2026-04-06 15:26:00,KTN.V,,1.4049999713897705,1.4049999713897705,1.4049999713897705,1.4049999713897705,100.0
2026-04-06 15:26:00,LIO.V,,0.24500000476837158,0.24500000476837158,0.24500000476837158,0.24500000476837158,500.0
2026-04-06 15:26:00,LMN.V,,23.280000686645508,23.290000915527344,23.280000686645508,23.290000915527344,400.0
2026-04-06 15:26:00,LUCA.V,,1.4199999570846558,1.4199999570846558,1.4199999570846558,1.4199999570846558,500.0
2026-04-06 15:26:00,MGM.V,,2.380000114440918,2.380000114440918,2.380000114440918,2.380000114440918,400.0
2026-04-06 15:26:00,MKO.V,,8.880000114440918,8.880000114440918,8.880000114440918,8.880000114440918,100.0
2026-04-06 15:26:00,MLP.V,,1.850000023841858,1.850000023841858,1.850000023841858,1.850000023841858,100.0
2026-04-06 15:26:00,NURS.V,,3.390000104904175,3.4000000953674316,3.390000104904175,3.4000000953674316,2800.0
2026-04-06 15:26:00,PNG.V,,8.539999961853027,8.550000190734863,8.539999961853027,8.550000190734863,4640.0
2026-04-06 15:27:00,GMG.V,,2.2300000190734863,2.2300000190734863,2.2300000190734863,2.2300000190734863,1322.0
2026-04-06 15:27:00,ITR.V,,4.045000076293945,4.045000076293945,4.045000076293945,4.045000076293945,200.0
2026-04-06 15:27:00,MLP.V,,1.850000023841858,1.850000023841858,1.840000033378601,1.850000023841858,1500.0
2026-04-06 15:27:00,MMA.V,,1.2699999809265137,1.2699999809265137,1.2699999809265137,1.2699999809265137,200.0
2026-04-06 15:27:00,PNG.V,,8.550000190734863,8.550000190734863,8.550000190734863,8.550000190734863,1170.0
2026-04-06 15:27:00,TUF.V,,0.27000001072883606,0.27000001072883606,0.27000001072883606,0.27000001072883606,27000.0
2026-04-06 15:28:00,BIG.V,,0.6700000166893005,0.6700000166893005,0.6700000166893005,0.6700000166893005,15000.0
2026-04-06 15:28:00,GFM-H.V,,0.4050000011920929,0.4050000011920929,0.4050000011920929,0.4050000011920929,10000.0
2026-04-06 15:28:00,GGO.V,,1.0099999904632568,1.0099999904632568,1.0099999904632568,1.0099999904632568,100.0
2026-04-06 15:28:00,GQC.V,,2.3299999237060547,2.3299999237060547,2.3299999237060547,2.3299999237060547,200.0
2026-04-06 15:28:00,HITI.V,,3.259999990463257,3.259999990463257,3.259999990463257,3.259999990463257,700.0
2026-04-06 15:28:00,HSTR.V,,2.4000000953674316,2.4000000953674316,2.4000000953674316,2.4000000953674316,100.0
2026-04-06 15:28:00,KTO.V,,0.699999988079071,0.699999988079071,0.699999988079071,0.699999988079071,1000.0
2026-04-06 15:28:00,LGN.V,,0.949999988079071,0.949999988079071,0.949999988079071,0.949999988079071,500.0
2026-04-06 15:28:00,LUCA.V,,1.4249999523162842,1.4249999523162842,1.4249999523162842,1.4249999523162842,500.0
2026-04-06 15:28:00,MASS.V,,0.10999999940395355,0.10999999940395355,0.10999999940395355,0.10999999940395355,500.0
2026-04-06 15:28:00,MKO.V,,8.880000114440918,8.880000114440918,8.880000114440918,8.880000114440918,200.0
2026-04-06 15:28:00,MLP.V,,1.850000023841858,1.850000023841858,1.850000023841858,1.850000023841858,400.0
2026-04-06 15:28:00,NURS.V,,3.390000104904175,3.390000104904175,3.390000104904175,3.390000104904175,1300.0
2026-04-06 15:29:00,GQC.V,,2.3299999237060547,2.3299999237060547,2.3299999237060547,2.3299999237060547,200.0
2026-04-06 15:29:00,HELI.V,,0.05000000074505806,0.05000000074505806,0.05000000074505806,0.05000000074505806,2000.0
2026-04-06 15:29:00,HSTR.V,,2.4000000953674316,2.4000000953674316,2.4000000953674316,2.4000000953674316,100.0
2026-04-06 15:29:00,ICM.V,,0.125,0.125,0.125,0.125,1000.0
2026-04-06 15:29:00,ITR.V,,4.050000190734863,4.050000190734863,4.050000190734863,4.050000190734863,100.0
2026-04-06 15:29:00,LRA.V,,3.700000047683716,3.700000047683716,3.700000047683716,3.700000047683716,3050.0
2026-04-06 15:29:00,LUCA.V,,1.4249999523162842,1.4249999523162842,1.4249999523162842,1.4249999523162842,400.0
2026-04-06 15:29:00,MLP.V,,1.8700000047683716,1.8899999856948853,1.8600000143051147,1.8700000047683716,30688.0
2026-04-06 15:29:00,MMA.V,,1.2699999809265137,1.2699999809265137,1.2699999809265137,1.2699999809265137,200.0
2026-04-06 15:29:00,NURS.V,,3.3499999046325684,3.359999895095825,3.3499999046325684,3.359999895095825,51100.0
2026-04-06 15:29:00,PNG.V,,8.579999923706055,8.579999923706055,8.529999732971191,8.539999961853027,8800.0
2026-04-06 15:30:00,FPC.V,,0.39500001072883606,0.39500001072883606,0.39500001072883606,0.39500001072883606,500.0
2026-04-06 15:30:00,GG.V,,2.740000009536743,2.740000009536743,2.740000009536743,2.740000009536743,230.0
2026-04-06 15:30:00,GPAC.V,,0.4449999928474426,0.44999998807907104,0.4449999928474426,0.44999998807907104,13000.0
2026-04-06 15:30:00,GPH.V,,1.25,1.25,1.25,1.25,100.0
2026-04-06 15:30:00,GRG.V,,0.05999999865889549,0.05999999865889549,0.05999999865889549,0.05999999865889549,0.0
2026-04-06 15:30:00,HCH.V,,1.2699999809265137,1.2999999523162842,1.2699999809265137,1.2999999523162842,11500.0
2026-04-06 15:30:00,HEVI.V,,0.25999999046325684,0.25999999046325684,0.25999999046325684,0.25999999046325684,12000.0
2026-04-06 15:30:00,HSTR.V,,2.4000000953674316,2.4000000953674316,2.4000000953674316,2.4000000953674316,100.0
2026-04-06 15:30:00,ITR.V,,4.050000190734863,4.050000190734863,4.039999961853027,4.039999961853027,28800.0
2026-04-06 15:30:00,LMN.V,,23.30500030517578,23.40999984741211,23.30500030517578,23.3700008392334,1800.0
2026-04-06 15:30:00,MTT.V,,0.1850000023841858,0.1850000023841858,0.1850000023841858,0.1850000023841858,5000.0
2026-04-06 15:30:00,NURS.V,,3.3299999237060547,3.3399999141693115,3.3299999237060547,3.3399999141693115,501.0
2026-04-06 15:31:00,GGO.V,,1.0199999809265137,1.0199999809265137,1.0199999809265137,1.0199999809265137,100.0
2026-04-06 15:31:00,HIVE.V,,2.740000009536743,2.740000009536743,2.740000009536743,2.740000009536743,5600.0
2026-04-06 15:31:00,HSTR.V,,2.4000000953674316,2.4000000953674316,2.4000000953674316,2.4000000953674316,400.0
2026-04-06 15:31:00,ITR.V,,4.045000076293945,4.050000190734863,4.045000076293945,4.050000190734863,1700.0
2026-04-06 15:31:00,LUCA.V,,1.4249999523162842,1.4249999523162842,1.4249999523162842,1.4249999523162842,100.0
2026-04-06 15:31:00,MLP.V,,1.8799999952316284,1.8799999952316284,1.8799999952316284,1.8799999952316284,1200.0
2026-04-06 15:31:00,MMA.V,,1.2799999713897705,1.2799999713897705,1.2799999713897705,1.2799999713897705,1900.0
2026-04-06 15:31:00,NURS.V,,3.3299999237060547,3.3299999237060547,3.3299999237060547,3.3299999237060547,200.0
2026-04-06 15:32:00,GGO.V,,1.0199999809265137,1.0199999809265137,1.0199999809265137,1.0199999809265137,300.0
2026-04-06 15:32:00,GMG.V,,2.2300000190734863,2.2300000190734863,2.2300000190734863,2.2300000190734863,500.0
2026-04-06 15:32:00,GOT.V,,1.6649999618530273,1.6649999618530273,1.6649999618530273,1.6649999618530273,100.0
2026-04-06 15:32:00,GQC.V,,2.3399999141693115,2.3399999141693115,2.3399999141693115,2.3399999141693115,1000.0
2026-04-06 15:32:00,HPQ.V,,0.17499999701976776,0.17499999701976776,0.17499999701976776,0.17499999701976776,4000.0
2026-04-06 15:32:00,ITR.V,,4.045000076293945,4.045000076293945,4.045000076293945,4.045000076293945,500.0
2026-04-06 15:32:00,LTH.V,,1.340000033378601,1.340000033378601,1.340000033378601,1.340000033378601,1200.0
2026-04-06 15:32:00,LUCA.V,,1.4249999523162842,1.4249999523162842,1.4199999570846558,1.4199999570846558,300.0
2026-04-06 15:33:00,BIG.V,,0.6700000166893005,0.6700000166893005,0.6700000166893005,0.6700000166893005,2000.0
2026-04-06 15:33:00,GMG.V,,2.190000057220459,2.2200000286102295,2.190000057220459,2.2200000286102295,5100.0
2026-04-06 15:33:00,GOT.V,,1.6649999618530273,1.6649999618530273,1.6649999618530273,1.6649999618530273,100.0
2026-04-06 15:33:00,GPH.V,,1.25,1.25,1.25,1.25,100.0
2026-04-06 15:33:00,HIVE.V,,2.75,2.75,2.744999885559082,2.744999885559082,900.0
2026-04-06 15:33:00,HSTR.V,,2.4100000858306885,2.4100000858306885,2.4100000858306885,2.4100000858306885,100.0
2026-04-06 15:33:00,IFOS.V,,3.809999942779541,3.809999942779541,3.809999942779541,3.809999942779541,265.0
2026-04-06 15:33:00,ITR.V,,4.050000190734863,4.050000190734863,4.050000190734863,4.050000190734863,200.0
2026-04-06 15:33:00,LMN.V,,23.389999389648438,23.389999389648438,23.295000076293945,23.3799991607666,400.0
2026-04-06 15:33:00,LTH.V,,1.3550000190734863,1.3550000190734863,1.340000033378601,1.340000033378601,11600.0
2026-04-06 15:33:00,LUCA.V,,1.4199999570846558,1.4199999570846558,1.4199999570846558,1.4199999570846558,300.0
2026-04-06 15:33:00,MAH.V,,0.004999999888241291,0.004999999888241291,0.004999999888241291,0.004999999888241291,10100.0
2026-04-06 15:33:00,MGM.V,,2.380000114440918,2.380000114440918,2.380000114440918,2.380000114440918,400.0
2026-04-06 15:33:00,MLP.V,,1.8799999952316284,1.8799999952316284,1.8799999952316284,1.8799999952316284,100.0
2026-04-06 15:33:00,NICU.V,,2.140000104904175,2.140000104904175,2.140000104904175,2.140000104904175,100.0
2026-04-06 15:33:00,PNG.V,,8.5600004196167,8.5600004196167,8.5600004196167,8.5600004196167,100.0
2026-04-06 15:34:00,FRED.V,,0.5799999833106995,0.5799999833106995,0.5799999833106995,0.5799999833106995,5000.0
2026-04-06 15:34:00,GOT.V,,1.6649999618530273,1.6649999618530273,1.6649999618530273,1.6649999618530273,100.0
2026-04-06 15:34:00,GRSL.V,,0.32499998807907104,0.32499998807907104,0.32499998807907104,0.32499998807907104,4500.0
2026-04-06 15:34:00,HIVE.V,,2.75,2.75,2.75,2.75,9600.0
2026-04-06 15:34:00,HSTR.V,,2.4100000858306885,2.4100000858306885,2.4100000858306885,2.4100000858306885,600.0
2026-04-06 15:34:00,ITR.V,,4.059999942779541,4.059999942779541,4.059999942779541,4.059999942779541,100.0
2026-04-06 15:34:00,JEC.V,,0.03500000014901161,0.03500000014901161,0.03500000014901161,0.03500000014901161,0.0
2026-04-06 15:34:00,LGN.V,,0.9599999785423279,0.9599999785423279,0.9599999785423279,0.9599999785423279,5000.0
2026-04-06 15:34:00,LMN.V,,23.389999389648438,23.389999389648438,23.295000076293945,23.295000076293945,400.0
2026-04-06 15:34:00,LTH.V,,1.3550000190734863,1.3550000190734863,1.3550000190734863,1.3550000190734863,100.0
2026-04-06 15:34:00,LUCA.V,,1.4199999570846558,1.4199999570846558,1.4199999570846558,1.4199999570846558,300.0
2026-04-06 15:34:00,LVX.V,,0.5799999833106995,0.5799999833106995,0.5799999833106995,0.5799999833106995,500.0
2026-04-06 15:34:00,MLP.V,,1.8700000047683716,1.8799999952316284,1.8700000047683716,1.8799999952316284,1200.0
2026-04-06 15:34:00,PNG.V,,8.569999694824219,8.569999694824219,8.5600004196167,8.5600004196167,800.0
2026-04-06 15:35:00,FPC.V,,0.39500001072883606,0.39500001072883606,0.39500001072883606,0.39500001072883606,1000.0
2026-04-06 15:35:00,GOT.V,,1.6649999618530273,1.6649999618530273,1.6649999618530273,1.6649999618530273,100.0
2026-04-06 15:35:00,GPH.V,,1.25,1.25,1.25,1.25,100.0
2026-04-06 15:35:00,GSR.V,,0.5400000214576721,0.5400000214576721,0.5400000214576721,0.5400000214576721,6000.0
2026-04-06 15:35:00,HEVI.V,,0.2549999952316284,0.25999999046325684,0.2549999952316284,0.25999999046325684,16134.0
2026-04-06 15:35:00,HIVE.V,,2.75,2.75,2.75,2.75,300.0
2026-04-06 15:35:00,LMN.V,,23.28499984741211,23.28499984741211,23.28499984741211,23.28499984741211,100.0
2026-04-06 15:35:00,LUCA.V,,1.4199999570846558,1.4199999570846558,1.4199999570846558,1.4199999570846558,300.0
2026-04-06 15:35:00,MLP.V,,1.8700000047683716,1.8799999952316284,1.8700000047683716,1.8799999952316284,1600.0
2026-04-06 15:35:00,NICU.V,,2.140000104904175,2.140000104904175,2.130000114440918,2.140000104904175,11700.0
2026-04-06 15:35:00,TUF.V,,0.26499998569488525,0.26499998569488525,0.26499998569488525,0.26499998569488525,3000.0
2026-04-06 15:36:00,FPC.V,,0.38999998569488525,0.38999998569488525,0.38999998569488525,0.38999998569488525,3500.0
2026-04-06 15:36:00,FUU.V,,0.18000000715255737,0.18000000715255737,0.18000000715255737,0.18000000715255737,500.0
2026-04-06 15:36:00,GGO.V,,1.0199999809265137,1.0199999809265137,1.0199999809265137,1.0199999809265137,100.0
2026-04-06 15:36:00,GOT.V,,1.6649999618530273,1.6649999618530273,1.6649999618530273,1.6649999618530273,200.0
2026-04-06 15:36:00,GRDM.V,,0.125,0.125,0.125,0.125,108000.0
2026-04-06 15:36:00,GSI.V,,1.25,1.25,1.25,1.25,300.0
2026-04-06 15:36:00,ITR.V,,4.054999828338623,4.054999828338623,4.054999828338623,4.054999828338623,100.0
2026-04-06 15:36:00,JUGR.V,,1.3600000143051147,1.3600000143051147,1.3300000429153442,1.3300000429153442,5000.0
2026-04-06 15:36:00,KC.V,,0.30000001192092896,0.3050000071525574,0.30000001192092896,0.3050000071525574,30577.0
2026-04-06 15:36:00,LG.V,,0.3499999940395355,0.3499999940395355,0.3499999940395355,0.3499999940395355,2000.0
2026-04-06 15:36:00,LMN.V,,23.290000915527344,23.290000915527344,23.290000915527344,23.290000915527344,100.0
2026-04-06 15:36:00,LTH.V,,1.3550000190734863,1.3550000190734863,1.3550000190734863,1.3550000190734863,100.0
2026-04-06 15:36:00,LUCA.V,,1.4199999570846558,1.4199999570846558,1.4199999570846558,1.4199999570846558,500.0
2026-04-06 15:36:00,MLP.V,,1.8799999952316284,1.8799999952316284,1.8799999952316284,1.8799999952316284,100.0
2026-04-06 15:36:00,NICU.V,,2.140000104904175,2.140000104904175,2.140000104904175,2.140000104904175,2700.0
2026-04-06 15:36:00,TUF.V,,0.25999999046325684,0.25999999046325684,0.25999999046325684,0.25999999046325684,5000.0
2026-04-06 15:37:00,FPC.V,,0.38999998569488525,0.38999998569488525,0.38999998569488525,0.38999998569488525,500.0
2026-04-06 15:37:00,GGO.V,,1.0,1.0199999809265137,1.0,1.0199999809265137,40904.0
2026-04-06 15:37:00,GOT.V,,1.6649999618530273,1.6649999618530273,1.6649999618530273,1.6649999618530273,100.0
2026-04-06 15:37:00,GSI.V,,1.25,1.25,1.25,1.25,300.0
2026-04-06 15:37:00,HIVE.V,,2.740000009536743,2.740000009536743,2.740000009536743,2.740000009536743,600.0
2026-04-06 15:37:00,LMN.V,,23.260000228881836,23.260000228881836,23.260000228881836,23.260000228881836,100.0
2026-04-06 15:37:00,LTH.V,,1.3550000190734863,1.3550000190734863,1.3550000190734863,1.3550000190734863,100.0
2026-04-06 15:37:00,LUCA.V,,1.4199999570846558,1.4199999570846558,1.4199999570846558,1.4199999570846558,400.0
2026-04-06 15:37:00,MLP.V,,1.8799999952316284,1.8799999952316284,1.8700000047683716,1.8799999952316284,1400.0
2026-04-06 15:37:00,NICU.V,,2.140000104904175,2.140000104904175,2.140000104904175,2.140000104904175,1000.0
2026-04-06 15:37:00,PNG.V,,8.5600004196167,8.569999694824219,8.5600004196167,8.569999694824219,400.0
2026-04-06 15:38:00,FMS.V,,0.3499999940395355,0.3499999940395355,0.3499999940395355,0.3499999940395355,1000.0
2026-04-06 15:38:00,FRED.V,,0.5699999928474426,0.5699999928474426,0.5699999928474426,0.5699999928474426,3000.0
2026-04-06 15:38:00,GCN.V,,0.03999999910593033,0.03999999910593033,0.03999999910593033,0.03999999910593033,8000.0
2026-04-06 15:38:00,GCOM.V,,0.04500000178813934,0.04500000178813934,0.04500000178813934,0.04500000178813934,0.0
2026-04-06 15:38:00,GGO.V,,1.0,1.0,1.0,1.0,14500.0
2026-04-06 15:38:00,GLD.V,,0.08500000089406967,0.08500000089406967,0.08500000089406967,0.08500000089406967,45000.0
2026-04-06 15:38:00,GPH.V,,1.25,1.25,1.25,1.25,100.0
2026-04-06 15:38:00,GQC.V,,2.3299999237060547,2.3299999237060547,2.3299999237060547,2.3299999237060547,3200.0
2026-04-06 15:38:00,HIVE.V,,2.740000009536743,2.740000009536743,2.740000009536743,2.740000009536743,1500.0
2026-04-06 15:38:00,HMR.V,,0.8500000238418579,0.8500000238418579,0.8500000238418579,0.8500000238418579,18168.0
2026-04-06 15:38:00,LGN.V,,0.949999988079071,0.949999988079071,0.949999988079071,0.949999988079071,500.0
2026-04-06 15:38:00,LMN.V,,23.28499984741211,23.28499984741211,23.28499984741211,23.28499984741211,200.0
2026-04-06 15:38:00,LTH.V,,1.3550000190734863,1.3550000190734863,1.3550000190734863,1.3550000190734863,100.0
2026-04-06 15:38:00,LUCA.V,,1.4199999570846558,1.4199999570846558,1.4199999570846558,1.4199999570846558,300.0
2026-04-06 15:38:00,MEX.V,,0.11999999731779099,0.11999999731779099,0.11999999731779099,0.11999999731779099,0.0
2026-04-06 15:38:00,MIR.V,,0.06499999761581421,0.06499999761581421,0.06499999761581421,0.06499999761581421,0.0
2026-04-06 15:38:00,MLP.V,,1.8700000047683716,1.8799999952316284,1.8700000047683716,1.8799999952316284,1100.0
2026-04-06 15:38:00,MMA.V,,1.2799999713897705,1.2799999713897705,1.274999976158142,1.274999976158142,700.0
2026-04-06 15:38:00,NICU.V,,2.140000104904175,2.140000104904175,2.140000104904175,2.140000104904175,800.0
2026-04-06 15:38:00,PNG.V,,8.5600004196167,8.5600004196167,8.5600004196167,8.5600004196167,500.0
2026-04-06 15:38:00,ZNG.V,,1.059999942779541,1.059999942779541,1.059999942779541,1.059999942779541,800.0
2026-04-06 15:39:00,FUU.V,,0.18000000715255737,0.18000000715255737,0.18000000715255737,0.18000000715255737,500.0
2026-04-06 15:39:00,GOT.V,,1.6649999618530273,1.6649999618530273,1.6649999618530273,1.6649999618530273,100.0
2026-04-06 15:39:00,GSI.V,,1.25,1.25,1.25,1.25,150.0
2026-04-06 15:39:00,HSTR.V,,2.4149999618530273,2.4149999618530273,2.4149999618530273,2.4149999618530273,400.0
2026-04-06 15:39:00,ITR.V,,4.045000076293945,4.054999828338623,4.045000076293945,4.054999828338623,5800.0
2026-04-06 15:39:00,KTN.V,,1.399999976158142,1.399999976158142,1.399999976158142,1.399999976158142,4700.0
2026-04-06 15:39:00,LBNK.V,,0.75,0.75,0.75,0.75,1000.0
2026-04-06 15:39:00,LG.V,,0.3499999940395355,0.3499999940395355,0.3499999940395355,0.3499999940395355,2500.0
2026-04-06 15:39:00,LIS.V,,0.5099999904632568,0.5099999904632568,0.5099999904632568,0.5099999904632568,1000.0
2026-04-06 15:39:00,LMN.V,,23.3700008392334,23.3700008392334,23.360000610351562,23.360000610351562,200.0
2026-04-06 15:39:00,LTH.V,,1.350000023841858,1.3550000190734863,1.350000023841858,1.3550000190734863,200.0
2026-04-06 15:39:00,LUCA.V,,1.4199999570846558,1.4199999570846558,1.4199999570846558,1.4199999570846558,300.0
2026-04-06 15:39:00,MKO.V,,8.829999923706055,8.829999923706055,8.829999923706055,8.829999923706055,100.0
2026-04-06 15:39:00,MLP.V,,1.8799999952316284,1.8799999952316284,1.8799999952316284,1.8799999952316284,300.0
2026-04-06 15:39:00,PNG.V,,8.5600004196167,8.5600004196167,8.5600004196167,8.5600004196167,1700.0
2026-04-06 15:40:00,GOT.V,,1.659999966621399,1.659999966621399,1.659999966621399,1.659999966621399,1300.0
2026-04-06 15:40:00,GPH.V,,1.25,1.25,1.25,1.25,100.0
2026-04-06 15:40:00,GQC.V,,2.319999933242798,2.319999933242798,2.319999933242798,2.319999933242798,100.0
2026-04-06 15:40:00,GRSL.V,,0.3199999928474426,0.3199999928474426,0.3199999928474426,0.3199999928474426,21500.0
2026-04-06 15:40:00,HSTR.V,,2.4149999618530273,2.4149999618530273,2.4149999618530273,2.4149999618530273,100.0
2026-04-06 15:40:00,IFOS.V,,3.809999942779541,3.809999942779541,3.809999942779541,3.809999942779541,800.0
2026-04-06 15:40:00,KTN.V,,1.399999976158142,1.399999976158142,1.399999976158142,1.399999976158142,700.0
2026-04-06 15:40:00,LMN.V,,23.270000457763672,23.290000915527344,23.270000457763672,23.28499984741211,400.0
2026-04-06 15:40:00,LTH.V,,1.350000023841858,1.350000023841858,1.350000023841858,1.350000023841858,1000.0
2026-04-06 15:40:00,LUCA.V,,1.4199999570846558,1.4199999570846558,1.4199999570846558,1.4199999570846558,500.0
2026-04-06 15:40:00,MLP.V,,1.8799999952316284,1.8799999952316284,1.8799999952316284,1.8799999952316284,100.0
2026-04-06 15:40:00,NICU.V,,2.140000104904175,2.140000104904175,2.140000104904175,2.140000104904175,900.0
2026-04-06 15:40:00,PNG.V,,8.550000190734863,8.5600004196167,8.550000190734863,8.5600004196167,4300.0
2026-04-06 15:41:00,BIG.V,,0.6600000262260437,0.6700000166893005,0.6600000262260437,0.6700000166893005,25000.0
2026-04-06 15:41:00,FUU.V,,0.18000000715255737,0.18000000715255737,0.18000000715255737,0.18000000715255737,500.0
2026-04-06 15:41:00,HIVE.V,,2.7300000190734863,2.7300000190734863,2.7300000190734863,2.7300000190734863,14263.0
2026-04-06 15:41:00,HSTR.V,,2.4100000858306885,2.4149999618530273,2.4100000858306885,2.4149999618530273,2200.0
2026-04-06 15:41:00,IFOS.V,,3.7899999618530273,3.7899999618530273,3.7899999618530273,3.7899999618530273,100.0
2026-04-06 15:41:00,ITR.V,,4.039999961853027,4.039999961853027,4.039999961853027,4.039999961853027,100.0
2026-04-06 15:41:00,KCC.V,,0.800000011920929,0.800000011920929,0.800000011920929,0.800000011920929,1500.0
2026-04-06 15:41:00,KTO.V,,0.699999988079071,0.699999988079071,0.699999988079071,0.699999988079071,19500.0
2026-04-06 15:41:00,LMN.V,,23.270000457763672,23.270000457763672,23.270000457763672,23.270000457763672,1100.0
2026-04-06 15:41:00,LUCA.V,,1.4249999523162842,1.4249999523162842,1.4199999570846558,1.4199999570846558,1200.0
2026-04-06 15:41:00,MLP.V,,1.8799999952316284,1.8799999952316284,1.8799999952316284,1.8799999952316284,200.0
2026-04-06 15:41:00,NICU.V,,2.140000104904175,2.140000104904175,2.140000104904175,2.140000104904175,600.0
2026-04-06 15:41:00,NURS.V,,3.3499999046325684,3.3499999046325684,3.3499999046325684,3.3499999046325684,1000.0
2026-04-06 15:41:00,PNG.V,,8.539999961853027,8.539999961853027,8.539999961853027,8.539999961853027,4500.0
2026-04-06 15:42:00,FIN.V,,0.1599999964237213,0.18000000715255737,0.1599999964237213,0.18000000715255737,11000.0
2026-04-06 15:42:00,GPH.V,,1.25,1.25,1.25,1.25,100.0
2026-04-06 15:42:00,GQC.V,,2.319999933242798,2.319999933242798,2.319999933242798,2.319999933242798,100.0
2026-04-06 15:42:00,GSI.V,,1.25,1.25,1.25,1.25,100.0
2026-04-06 15:42:00,HELI.V,,0.05000000074505806,0.05000000074505806,0.05000000074505806,0.05000000074505806,28000.0
2026-04-06 15:42:00,HIVE.V,,2.7300000190734863,2.7300000190734863,2.7300000190734863,2.7300000190734863,800.0
2026-04-06 15:42:00,HSTR.V,,2.4049999713897705,2.4100000858306885,2.4049999713897705,2.4100000858306885,1500.0
2026-04-06 15:42:00,LGN.V,,0.9599999785423279,0.9599999785423279,0.9599999785423279,0.9599999785423279,2000.0
2026-04-06 15:42:00,LMN.V,,23.270000457763672,23.270000457763672,23.270000457763672,23.270000457763672,200.0
2026-04-06 15:42:00,LUCA.V,,1.4199999570846558,1.4249999523162842,1.4199999570846558,1.4199999570846558,1000.0
2026-04-06 15:42:00,MKO.V,,8.850000381469727,8.850000381469727,8.850000381469727,8.850000381469727,200.0
2026-04-06 15:42:00,MLP.V,,1.8799999952316284,1.8799999952316284,1.8799999952316284,1.8799999952316284,187.0
2026-04-06 15:42:00,NURS.V,,3.3299999237060547,3.3299999237060547,3.3299999237060547,3.3299999237060547,400.0
2026-04-06 15:42:00,PNG.V,,8.539999961853027,8.550000190734863,8.539999961853027,8.550000190734863,2558.0
2026-04-06 15:43:00,FUU.V,,0.18000000715255737,0.18000000715255737,0.18000000715255737,0.18000000715255737,500.0
2026-04-06 15:43:00,FWZ.V,,4.590000152587891,4.599999904632568,4.590000152587891,4.599999904632568,1600.0
2026-04-06 15:43:00,GPAC.V,,0.44999998807907104,0.44999998807907104,0.44999998807907104,0.44999998807907104,2000.0
2026-04-06 15:43:00,GQC.V,,2.319999933242798,2.319999933242798,2.319999933242798,2.319999933242798,100.0
2026-04-06 15:43:00,GRSL.V,,0.3199999928474426,0.3199999928474426,0.3199999928474426,0.3199999928474426,3000.0
2026-04-06 15:43:00,GSR.V,,0.5400000214576721,0.5400000214576721,0.5400000214576721,0.5400000214576721,2000.0
2026-04-06 15:43:00,HIVE.V,,2.740000009536743,2.740000009536743,2.7300000190734863,2.7300000190734863,3400.0
2026-04-06 15:43:00,HME.V,,2.799999952316284,2.799999952316284,2.799999952316284,2.799999952316284,3100.0
2026-04-06 15:43:00,HSTR.V,,2.4100000858306885,2.4100000858306885,2.4100000858306885,2.4100000858306885,200.0
2026-04-06 15:43:00,KRY.V,,3.2300000190734863,3.2300000190734863,3.2100000381469727,3.2100000381469727,1400.0
2026-04-06 15:43:00,LBNK.V,,0.75,0.7599999904632568,0.75,0.7599999904632568,2000.0
2026-04-06 15:43:00,LGN.V,,0.9599999785423279,0.9599999785423279,0.9599999785423279,0.9599999785423279,1000.0
2026-04-06 15:43:00,LMN.V,,23.360000610351562,23.360000610351562,23.270000457763672,23.270000457763672,1010.0
2026-04-06 15:43:00,LTH.V,,1.3600000143051147,1.3600000143051147,1.350000023841858,1.350000023841858,8300.0
2026-04-06 15:43:00,LUCA.V,,1.4199999570846558,1.4199999570846558,1.4199999570846558,1.4199999570846558,600.0
2026-04-06 15:43:00,MLP.V,,1.899999976158142,1.899999976158142,1.899999976158142,1.899999976158142,300.0
2026-04-06 15:43:00,NICU.V,,2.140000104904175,2.140000104904175,2.140000104904175,2.140000104904175,200.0
2026-04-06 15:43:00,NURS.V,,3.3299999237060547,3.3299999237060547,3.3299999237060547,3.3299999237060547,300.0
2026-04-06 15:43:00,PNG.V,,8.539999961853027,8.539999961853027,8.539999961853027,8.539999961853027,100.0
2026-04-06 15:43:00,YGT.V,,0.20000000298023224,0.20000000298023224,0.20000000298023224,0.20000000298023224,10000.0
2026-04-06 15:44:00,FWZ.V,,4.579999923706055,4.579999923706055,4.579999923706055,4.579999923706055,100.0
2026-04-06 15:44:00,GPAC.V,,0.4449999928474426,0.4449999928474426,0.4449999928474426,0.4449999928474426,500.0
2026-04-06 15:44:00,GQC.V,,2.319999933242798,2.319999933242798,2.319999933242798,2.319999933242798,100.0
2026-04-06 15:44:00,GSVR.V,,0.5899999737739563,0.6050000190734863,0.5899999737739563,0.6050000190734863,45153.0
2026-04-06 15:44:00,GWM.V,,0.6299999952316284,0.6299999952316284,0.6299999952316284,0.6299999952316284,14500.0
2026-04-06 15:44:00,HIVE.V,,2.740000009536743,2.740000009536743,2.740000009536743,2.740000009536743,1400.0
2026-04-06 15:44:00,HSTR.V,,2.4049999713897705,2.4049999713897705,2.4049999713897705,2.4049999713897705,100.0
2026-04-06 15:44:00,IFOS.V,,3.7899999618530273,3.7899999618530273,3.7899999618530273,3.7899999618530273,120.0
2026-04-06 15:44:00,ITR.V,,4.059999942779541,4.059999942779541,4.045000076293945,4.045000076293945,1400.0
2026-04-06 15:44:00,KFR.V,,0.75,0.75,0.75,0.75,6500.0
2026-04-06 15:44:00,KRY.V,,3.240000009536743,3.240000009536743,3.2300000190734863,3.240000009536743,1800.0
2026-04-06 15:44:00,LIO.V,,0.24500000476837158,0.24500000476837158,0.24500000476837158,0.24500000476837158,26000.0
2026-04-06 15:44:00,LTH.V,,1.3600000143051147,1.3600000143051147,1.3550000190734863,1.3550000190734863,300.0
2026-04-06 15:44:00,LUCA.V,,1.4199999570846558,1.4199999570846558,1.4199999570846558,1.4199999570846558,350.0
2026-04-06 15:44:00,MLP.V,,1.8799999952316284,1.8799999952316284,1.8799999952316284,1.8799999952316284,100.0
2026-04-06 15:44:00,MMA.V,,1.2799999713897705,1.2799999713897705,1.2799999713897705,1.2799999713897705,1000.0
2026-04-06 15:44:00,NICU.V,,2.140000104904175,2.140000104904175,2.140000104904175,2.140000104904175,1200.0
2026-04-06 15:44:00,NURS.V,,3.3299999237060547,3.380000114440918,3.3299999237060547,3.3499999046325684,8900.0
2026-04-06 15:44:00,PNG.V,,8.569999694824219,8.569999694824219,8.539999961853027,8.539999961853027,1900.0
2026-04-06 15:44:00,ZNG.V,,1.059999942779541,1.059999942779541,1.059999942779541,1.059999942779541,900.0
2026-04-06 15:45:00,FUU.V,,0.18000000715255737,0.18000000715255737,0.18000000715255737,0.18000000715255737,500.0
2026-04-06 15:45:00,GGO.V,,1.0,1.0,1.0,1.0,1800.0
2026-04-06 15:45:00,GPH.V,,1.25,1.25,1.25,1.25,100.0
2026-04-06 15:45:00,GQC.V,,2.325000047683716,2.325000047683716,2.325000047683716,2.325000047683716,400.0
2026-04-06 15:45:00,HME.V,,2.7899999618530273,2.7899999618530273,2.7899999618530273,2.7899999618530273,7800.0
2026-04-06 15:45:00,IFOS.V,,3.7699999809265137,3.7699999809265137,3.7699999809265137,3.7699999809265137,125.0
2026-04-06 15:45:00,IGO.V,,0.09000000357627869,0.09000000357627869,0.09000000357627869,0.09000000357627869,1000.0
2026-04-06 15:45:00,ITR.V,,4.059999942779541,4.059999942779541,4.059999942779541,4.059999942779541,1100.0
2026-04-06 15:45:00,LTH.V,,1.3600000143051147,1.3600000143051147,1.3550000190734863,1.3550000190734863,2100.0
2026-04-06 15:45:00,LUCA.V,,1.4199999570846558,1.4299999475479126,1.4199999570846558,1.4299999475479126,300.0
2026-04-06 15:45:00,MKO.V,,8.880000114440918,8.899999618530273,8.859999656677246,8.859999656677246,6000.0
2026-04-06 15:45:00,MLP.V,,1.8799999952316284,1.8799999952316284,1.8799999952316284,1.8799999952316284,2600.0
2026-04-06 15:45:00,MMA.V,,1.274999976158142,1.2799999713897705,1.274999976158142,1.2799999713897705,500.0
2026-04-06 15:45:00,NICU.V,,2.140000104904175,2.140000104904175,2.140000104904175,2.140000104904175,400.0
2026-04-06 15:45:00,PNG.V,,8.569999694824219,8.569999694824219,8.550000190734863,8.5600004196167,2500.0
2026-04-06 15:46:00,AUEN.V,,0.2750000059604645,0.2750000059604645,0.2750000059604645,0.2750000059604645,500.0
2026-04-06 15:46:00,GPG.V,,0.4000000059604645,0.4000000059604645,0.4000000059604645,0.4000000059604645,4000.0
2026-04-06 15:46:00,GPH.V,,1.25,1.25,1.25,1.25,100.0
2026-04-06 15:46:00,HITI.V,,3.240000009536743,3.240000009536743,3.240000009536743,3.240000009536743,120.0
2026-04-06 15:46:00,HSTR.V,,2.4049999713897705,2.4049999713897705,2.4049999713897705,2.4049999713897705,100.0
2026-04-06 15:46:00,ILC.V,,0.014999999664723873,0.014999999664723873,0.014999999664723873,0.014999999664723873,0.0
2026-04-06 15:46:00,ILI.V,,0.019999999552965164,0.019999999552965164,0.019999999552965164,0.019999999552965164,3000.0
2026-04-06 15:46:00,JZR.V,,0.2750000059604645,0.2750000059604645,0.2750000059604645,0.2750000059604645,1000.0
2026-04-06 15:46:00,KTN.V,,1.3949999809265137,1.3949999809265137,1.3949999809265137,1.3949999809265137,200.0
2026-04-06 15:46:00,LGN.V,,0.949999988079071,0.949999988079071,0.949999988079071,0.949999988079071,500.0
2026-04-06 15:46:00,LSTR.V,,0.11500000208616257,0.11500000208616257,0.11500000208616257,0.11500000208616257,1000.0
2026-04-06 15:46:00,LTH.V,,1.3600000143051147,1.3600000143051147,1.3600000143051147,1.3600000143051147,100.0
2026-04-06 15:46:00,LUCA.V,,1.4199999570846558,1.4249999523162842,1.4149999618530273,1.4199999570846558,6202.0
2026-04-06 15:46:00,MKO.V,,8.84000015258789,8.850000381469727,8.84000015258789,8.850000381469727,400.0
2026-04-06 15:46:00,MLP.V,,1.8700000047683716,1.8799999952316284,1.8700000047683716,1.8799999952316284,2300.0
2026-04-06 15:46:00,NICU.V,,2.140000104904175,2.140000104904175,2.140000104904175,2.140000104904175,1400.0
2026-04-06 15:46:00,PNG.V,,8.550000190734863,8.569999694824219,8.550000190734863,8.569999694824219,612.0
2026-04-06 15:46:00,TEST-H.V,,0.019999999552965164,0.019999999552965164,0.019999999552965164,0.019999999552965164,1000.0
2026-04-06 15:47:00,BIG.V,,0.6600000262260437,0.6600000262260437,0.6600000262260437,0.6600000262260437,6500.0
2026-04-06 15:47:00,FPC.V,,0.39500001072883606,0.39500001072883606,0.39500001072883606,0.39500001072883606,500.0
2026-04-06 15:47:00,FUU.V,,0.18000000715255737,0.18000000715255737,0.18000000715255737,0.18000000715255737,7500.0
2026-04-06 15:47:00,FWZ.V,,4.590000152587891,4.590000152587891,4.590000152587891,4.590000152587891,100.0
2026-04-06 15:47:00,GGO.V,,0.9900000095367432,0.9900000095367432,0.9900000095367432,0.9900000095367432,100.0
2026-04-06 15:47:00,GPH.V,,1.25,1.25,1.25,1.25,100.0
2026-04-06 15:47:00,GRSL.V,,0.3199999928474426,0.3199999928474426,0.3199999928474426,0.3199999928474426,500.0
2026-04-06 15:47:00,HIVE.V,,2.740000009536743,2.740000009536743,2.740000009536743,2.740000009536743,100.0
2026-04-06 15:47:00,ICM.V,,0.125,0.125,0.125,0.125,5000.0
2026-04-06 15:47:00,IFOS.V,,3.7699999809265137,3.7699999809265137,3.7699999809265137,3.7699999809265137,187.0
2026-04-06 15:47:00,JZR.V,,0.2800000011920929,0.2800000011920929,0.2800000011920929,0.2800000011920929,1000.0
2026-04-06 15:47:00,KDK.V,,0.8500000238418579,0.8500000238418579,0.8500000238418579,0.8500000238418579,500.0
2026-04-06 15:47:00,LTH.V,,1.3550000190734863,1.3550000190734863,1.3550000190734863,1.3550000190734863,100.0
2026-04-06 15:47:00,LUCA.V,,1.4199999570846558,1.4199999570846558,1.4199999570846558,1.4199999570846558,3000.0
2026-04-06 15:47:00,MKO.V,,8.859999656677246,8.869999885559082,8.829999923706055,8.829999923706055,700.0
2026-04-06 15:47:00,MLP.V,,1.8700000047683716,1.8700000047683716,1.8700000047683716,1.8700000047683716,1673.0
2026-04-06 15:47:00,NICU.V,,2.140000104904175,2.140000104904175,2.140000104904175,2.140000104904175,200.0
2026-04-06 15:48:00,FPC.V,,0.38999998569488525,0.38999998569488525,0.38999998569488525,0.38999998569488525,2500.0
2026-04-06 15:48:00,GGO.V,,0.9900000095367432,0.9900000095367432,0.9900000095367432,0.9900000095367432,100.0
2026-04-06 15:48:00,GPH.V,,1.25,1.25,1.25,1.25,100.0
2026-04-06 15:48:00,GRSL.V,,0.3199999928474426,0.3199999928474426,0.3199999928474426,0.3199999928474426,46000.0
2026-04-06 15:48:00,GSI.V,,1.2699999809265137,1.2699999809265137,1.2599999904632568,1.2599999904632568,1400.0
2026-04-06 15:48:00,GSVR.V,,0.6000000238418579,0.6000000238418579,0.6000000238418579,0.6000000238418579,2000.0
2026-04-06 15:48:00,HIVE.V,,2.740000009536743,2.740000009536743,2.740000009536743,2.740000009536743,500.0
2026-04-06 15:48:00,HSTR.V,,2.4049999713897705,2.4049999713897705,2.4049999713897705,2.4049999713897705,100.0
2026-04-06 15:48:00,IFOS.V,,3.7699999809265137,3.7699999809265137,3.7699999809265137,3.7699999809265137,100.0
2026-04-06 15:48:00,LCX.V,,1.9900000095367432,1.9900000095367432,1.9900000095367432,1.9900000095367432,100.0
2026-04-06 15:48:00,LMN.V,,23.459999084472656,23.459999084472656,23.459999084472656,23.459999084472656,255.0
2026-04-06 15:48:00,LTH.V,,1.3550000190734863,1.3550000190734863,1.3550000190734863,1.3550000190734863,200.0
2026-04-06 15:48:00,LUCA.V,,1.4199999570846558,1.4199999570846558,1.4199999570846558,1.4199999570846558,700.0
2026-04-06 15:48:00,MKO.V,,8.850000381469727,8.850000381469727,8.850000381469727,8.850000381469727,300.0
2026-04-06 15:48:00,MLP.V,,1.8700000047683716,1.8700000047683716,1.8700000047683716,1.8700000047683716,500.0
2026-04-06 15:48:00,NICU.V,,2.140000104904175,2.140000104904175,2.134999990463257,2.134999990463257,1200.0
2026-04-06 15:48:00,PNG.V,,8.550000190734863,8.569999694824219,8.550000190734863,8.550000190734863,2190.0
2026-04-06 15:48:00,ROAR.V,,0.19499999284744263,0.19499999284744263,0.19499999284744263,0.19499999284744263,500.0
2026-04-06 15:49:00,FRED.V,,0.5699999928474426,0.5699999928474426,0.5699999928474426,0.5699999928474426,2000.0
2026-04-06 15:49:00,FUU.V,,0.18000000715255737,0.18000000715255737,0.18000000715255737,0.18000000715255737,500.0
2026-04-06 15:49:00,FWZ.V,,4.590000152587891,4.590000152587891,4.590000152587891,4.590000152587891,100.0
2026-04-06 15:49:00,GG.V,,2.7100000381469727,2.7100000381469727,2.7100000381469727,2.7100000381469727,200.0
2026-04-06 15:49:00,GGO.V,,0.9700000286102295,0.9900000095367432,0.9700000286102295,0.9900000095367432,122303.0
2026-04-06 15:49:00,GMG.V,,2.2200000286102295,2.2200000286102295,2.2200000286102295,2.2200000286102295,100.0
2026-04-06 15:49:00,GQC.V,,2.3299999237060547,2.3299999237060547,2.3299999237060547,2.3299999237060547,1400.0
2026-04-06 15:49:00,GRSL.V,,0.32499998807907104,0.32499998807907104,0.32499998807907104,0.32499998807907104,46500.0
2026-04-06 15:49:00,GSTM.V,,0.20499999821186066,0.20499999821186066,0.20499999821186066,0.20499999821186066,10000.0
2026-04-06 15:49:00,HIVE.V,,2.740000009536743,2.740000009536743,2.740000009536743,2.740000009536743,68000.0
2026-04-06 15:49:00,HME.V,,2.799999952316284,2.799999952316284,2.799999952316284,2.799999952316284,100.0
2026-04-06 15:49:00,HSTR.V,,2.4049999713897705,2.4049999713897705,2.4049999713897705,2.4049999713897705,100.0
2026-04-06 15:49:00,ITR.V,,4.059999942779541,4.059999942779541,4.054999828338623,4.054999828338623,200.0
2026-04-06 15:49:00,LCX.V,,1.9700000286102295,1.9700000286102295,1.9700000286102295,1.9700000286102295,1402.0
2026-04-06 15:49:00,LTH.V,,1.350000023841858,1.3550000190734863,1.350000023841858,1.3550000190734863,400.0
2026-04-06 15:49:00,LUCA.V,,1.4199999570846558,1.4299999475479126,1.4199999570846558,1.4199999570846558,2000.0
2026-04-06 15:49:00,MLP.V,,1.8899999856948853,1.8899999856948853,1.8799999952316284,1.8799999952316284,3800.0
2026-04-06 15:49:00,NICU.V,,2.140000104904175,2.140000104904175,2.140000104904175,2.140000104904175,1300.0
2026-04-06 15:49:00,PNG.V,,8.539999961853027,8.539999961853027,8.539999961853027,8.539999961853027,200.0
2026-04-06 15:50:00,BIG.V,,0.6600000262260437,0.6600000262260437,0.6600000262260437,0.6600000262260437,5000.0
2026-04-06 15:50:00,FUU.V,,0.18000000715255737,0.18000000715255737,0.18000000715255737,0.18000000715255737,500.0
2026-04-06 15:50:00,FWZ.V,,4.590000152587891,4.590000152587891,4.590000152587891,4.590000152587891,300.0
2026-04-06 15:50:00,GOT.V,,1.6649999618530273,1.6649999618530273,1.6649999618530273,1.6649999618530273,300.0
2026-04-06 15:50:00,GPH.V,,1.25,1.25,1.25,1.25,200.0
2026-04-06 15:50:00,GSI.V,,1.2699999809265137,1.2699999809265137,1.2699999809265137,1.2699999809265137,1300.0
2026-04-06 15:50:00,HIVE.V,,2.740000009536743,2.740000009536743,2.7300000190734863,2.740000009536743,13089.0
2026-04-06 15:50:00,HME.V,,2.7899999618530273,2.7899999618530273,2.7899999618530273,2.7899999618530273,100.0
2026-04-06 15:50:00,HPQ.V,,0.17499999701976776,0.17499999701976776,0.17499999701976776,0.17499999701976776,500.0
2026-04-06 15:50:00,HSTR.V,,2.4149999618530273,2.4200000762939453,2.4100000858306885,2.4100000858306885,2000.0
2026-04-06 15:50:00,IFOS.V,,3.7799999713897705,3.7799999713897705,3.7799999713897705,3.7799999713897705,200.0
2026-04-06 15:50:00,ITR.V,,4.039999961853027,4.050000190734863,4.039999961853027,4.050000190734863,2005.0
2026-04-06 15:50:00,KFR.V,,0.75,0.75,0.75,0.75,10000.0
2026-04-06 15:50:00,LCX.V,,1.9800000190734863,1.9800000190734863,1.9700000286102295,1.9700000286102295,2700.0
2026-04-06 15:50:00,LGC.V,,1.9600000381469727,1.9600000381469727,1.9600000381469727,1.9600000381469727,2600.0
2026-04-06 15:50:00,LSL.V,,0.38999998569488525,0.38999998569488525,0.38999998569488525,0.38999998569488525,7580.0
2026-04-06 15:50:00,LTH.V,,1.350000023841858,1.3550000190734863,1.350000023841858,1.3550000190734863,2800.0
2026-04-06 15:50:00,LUCA.V,,1.4199999570846558,1.4249999523162842,1.4199999570846558,1.4199999570846558,3200.0
2026-04-06 15:50:00,NICU.V,,2.140000104904175,2.140000104904175,2.140000104904175,2.140000104904175,1100.0
2026-04-06 15:50:00,PNG.V,,8.550000190734863,8.5600004196167,8.550000190734863,8.550000190734863,4100.0
2026-04-06 15:51:00,BIG.V,,0.6600000262260437,0.6600000262260437,0.6600000262260437,0.6600000262260437,3000.0
2026-04-06 15:51:00,FUU.V,,0.17499999701976776,0.17499999701976776,0.17499999701976776,0.17499999701976776,52500.0
2026-04-06 15:51:00,FWZ.V,,4.590000152587891,4.590000152587891,4.590000152587891,4.590000152587891,200.0
2026-04-06 15:51:00,GGO.V,,0.9800000190734863,0.9800000190734863,0.9700000286102295,0.9700000286102295,7600.0
2026-04-06 15:51:00,GOT.V,,1.6649999618530273,1.6649999618530273,1.6649999618530273,1.6649999618530273,100.0
2026-04-06 15:51:00,GPH.V,,1.25,1.25,1.25,1.25,100.0
2026-04-06 15:51:00,GSVR.V,,0.5950000286102295,0.5950000286102295,0.5950000286102295,0.5950000286102295,8000.0
2026-04-06 15:51:00,HME.V,,2.7899999618530273,2.799999952316284,2.7899999618530273,2.799999952316284,2600.0
2026-04-06 15:51:00,ITR.V,,4.039999961853027,4.045000076293945,4.039999961853027,4.045000076293945,20600.0
2026-04-06 15:51:00,KLDC.V,,0.1899999976158142,0.1899999976158142,0.1899999976158142,0.1899999976158142,4800.0
2026-04-06 15:51:00,KTO.V,,0.699999988079071,0.699999988079071,0.699999988079071,0.699999988079071,500.0
2026-04-06 15:51:00,LTH.V,,1.350000023841858,1.3550000190734863,1.350000023841858,1.3550000190734863,3000.0
2026-04-06 15:51:00,LUCA.V,,1.4199999570846558,1.4299999475479126,1.4199999570846558,1.4199999570846558,6100.0
2026-04-06 15:51:00,LVG.V,,0.32499998807907104,0.32499998807907104,0.32499998807907104,0.32499998807907104,1000.0
2026-04-06 15:51:00,MKO.V,,8.829999923706055,8.829999923706055,8.829999923706055,8.829999923706055,100.0
2026-04-06 15:51:00,MLP.V,,1.8899999856948853,1.8899999856948853,1.8899999856948853,1.8899999856948853,300.0
2026-04-06 15:51:00,MMA.V,,1.2899999618530273,1.2899999618530273,1.2799999713897705,1.2799999713897705,6500.0
2026-04-06 15:51:00,MMG.V,,0.30000001192092896,0.30000001192092896,0.30000001192092896,0.30000001192092896,2000.0
2026-04-06 15:51:00,MN.V,,0.125,0.125,0.125,0.125,58000.0
2026-04-06 15:51:00,MTT.V,,0.18000000715255737,0.18000000715255737,0.18000000715255737,0.18000000715255737,1500.0
2026-04-06 15:51:00,NICU.V,,2.140000104904175,2.140000104904175,2.140000104904175,2.140000104904175,1200.0
2026-04-06 15:51:00,NURS.V,,3.319999933242798,3.319999933242798,3.319999933242798,3.319999933242798,200.0
2026-04-06 15:51:00,PNG.V,,8.539999961853027,8.5600004196167,8.539999961853027,8.5600004196167,1200.0
2026-04-06 15:52:00,FUU.V,,0.17499999701976776,0.17499999701976776,0.17499999701976776,0.17499999701976776,500.0
2026-04-06 15:52:00,GGO.V,,0.9700000286102295,0.9700000286102295,0.9700000286102295,0.9700000286102295,300.0
2026-04-06 15:52:00,GLAD.V,,1.2200000286102295,1.2200000286102295,1.2200000286102295,1.2200000286102295,800.0
2026-04-06 15:52:00,GOT.V,,1.6649999618530273,1.6649999618530273,1.6649999618530273,1.6649999618530273,200.0
2026-04-06 15:52:00,GPH.V,,1.25,1.25,1.25,1.25,200.0
2026-04-06 15:52:00,GSI.V,,1.2699999809265137,1.2699999809265137,1.2699999809265137,1.2699999809265137,3600.0
2026-04-06 15:52:00,GSTM.V,,0.20499999821186066,0.20499999821186066,0.20499999821186066,0.20499999821186066,10000.0
2026-04-06 15:52:00,HIVE.V,,2.7300000190734863,2.7300000190734863,2.7300000190734863,2.7300000190734863,3900.0
2026-04-06 15:52:00,HSTR.V,,2.4100000858306885,2.4100000858306885,2.4100000858306885,2.4100000858306885,200.0
2026-04-06 15:52:00,IFOS.V,,3.7799999713897705,3.7799999713897705,3.7799999713897705,3.7799999713897705,100.0
2026-04-06 15:52:00,LMN.V,,23.280000686645508,23.309999465942383,23.270000457763672,23.309999465942383,7750.0
2026-04-06 15:52:00,LTH.V,,1.3550000190734863,1.3550000190734863,1.350000023841858,1.350000023841858,3700.0
2026-04-06 15:52:00,LUCA.V,,1.4249999523162842,1.4249999523162842,1.4199999570846558,1.4199999570846558,3100.0
2026-04-06 15:52:00,MAX.V,,0.36000001430511475,0.36000001430511475,0.36000001430511475,0.36000001430511475,0.0
2026-04-06 15:52:00,MFG.V,,4.340000152587891,4.340000152587891,4.340000152587891,4.340000152587891,100.0
2026-04-06 15:52:00,MLP.V,,1.8899999856948853,1.8899999856948853,1.8899999856948853,1.8899999856948853,100.0
2026-04-06 15:52:00,MTA.V,,9.319999694824219,9.319999694824219,9.319999694824219,9.319999694824219,100.0
2026-04-06 15:52:00,NICU.V,,2.140000104904175,2.140000104904175,2.140000104904175,2.140000104904175,1402.0
2026-04-06 15:52:00,PNG.V,,8.539999961853027,8.539999961853027,8.539999961853027,8.539999961853027,400.0
2026-04-06 15:53:00,FWZ.V,,4.590000152587891,4.590000152587891,4.590000152587891,4.590000152587891,100.0
2026-04-06 15:53:00,GGO.V,,0.9700000286102295,0.9700000286102295,0.9700000286102295,0.9700000286102295,200.0
2026-04-06 15:53:00,GOT.V,,1.6649999618530273,1.6649999618530273,1.6649999618530273,1.6649999618530273,372.0
2026-04-06 15:53:00,GPH.V,,1.25,1.25,1.25,1.25,100.0
2026-04-06 15:53:00,GSVR.V,,0.6000000238418579,0.6000000238418579,0.6000000238418579,0.6000000238418579,766.0
2026-04-06 15:53:00,HIVE.V,,2.7300000190734863,2.7300000190734863,2.7300000190734863,2.7300000190734863,5800.0
2026-04-06 15:53:00,IFOS.V,,3.7799999713897705,3.7799999713897705,3.7799999713897705,3.7799999713897705,155.0
2026-04-06 15:53:00,ITR.V,,4.03000020980835,4.03000020980835,4.03000020980835,4.03000020980835,100.0
2026-04-06 15:53:00,LGN.V,,0.9599999785423279,0.9599999785423279,0.949999988079071,0.949999988079071,1000.0
2026-04-06 15:53:00,LMN.V,,23.31999969482422,23.31999969482422,23.295000076293945,23.309999465942383,2000.0
2026-04-06 15:53:00,LTH.V,,1.350000023841858,1.350000023841858,1.350000023841858,1.350000023841858,12400.0
2026-04-06 15:53:00,LUCA.V,,1.4199999570846558,1.4249999523162842,1.4199999570846558,1.4199999570846558,1400.0
2026-04-06 15:53:00,MLP.V,,1.8899999856948853,1.8899999856948853,1.8899999856948853,1.8899999856948853,100.0
2026-04-06 15:53:00,MN.V,,0.125,0.125,0.125,0.125,4500.0
2026-04-06 15:53:00,MTLO.V,,0.004999999888241291,0.004999999888241291,0.004999999888241291,0.004999999888241291,10000.0
2026-04-06 15:53:00,NICU.V,,2.140000104904175,2.140000104904175,2.140000104904175,2.140000104904175,500.0
2026-04-06 15:53:00,PNG.V,,8.569999694824219,8.579999923706055,8.550000190734863,8.5600004196167,21700.0
2026-04-06 15:54:00,ESK.V,,0.41499999165534973,0.41499999165534973,0.41499999165534973,0.41499999165534973,5000.0
2026-04-06 15:54:00,FCLI.V,,0.41499999165534973,0.41499999165534973,0.41499999165534973,0.41499999165534973,1000.0
2026-04-06 15:54:00,FPC.V,,0.38999998569488525,0.39500001072883606,0.38999998569488525,0.39500001072883606,1000.0
2026-04-06 15:54:00,FUU.V,,0.17499999701976776,0.17499999701976776,0.17499999701976776,0.17499999701976776,500.0
2026-04-06 15:54:00,GG.V,,2.75,2.75,2.75,2.75,104.0
2026-04-06 15:54:00,GGO.V,,0.9700000286102295,0.9700000286102295,0.9700000286102295,0.9700000286102295,300.0
2026-04-06 15:54:00,GOT.V,,1.6649999618530273,1.6649999618530273,1.6649999618530273,1.6649999618530273,400.0
2026-04-06 15:54:00,GQC.V,,2.319999933242798,2.319999933242798,2.319999933242798,2.319999933242798,100.0
2026-04-06 15:54:00,GSI.V,,1.2599999904632568,1.2599999904632568,1.2599999904632568,1.2599999904632568,1500.0
2026-04-06 15:54:00,HITI.V,,3.240000009536743,3.240000009536743,3.240000009536743,3.240000009536743,100.0
2026-04-06 15:54:00,HIVE.V,,2.7300000190734863,2.7300000190734863,2.7300000190734863,2.7300000190734863,7600.0
2026-04-06 15:54:00,HME.V,,2.799999952316284,2.799999952316284,2.799999952316284,2.799999952316284,600.0
2026-04-06 15:54:00,IFOS.V,,3.7799999713897705,3.7799999713897705,3.7799999713897705,3.7799999713897705,200.0
2026-04-06 15:54:00,ITR.V,,4.039999961853027,4.039999961853027,4.03000020980835,4.03000020980835,1500.0
2026-04-06 15:54:00,LG.V,,0.3499999940395355,0.3499999940395355,0.3499999940395355,0.3499999940395355,12501.0
2026-04-06 15:54:00,LGN.V,,0.9599999785423279,0.9599999785423279,0.9599999785423279,0.9599999785423279,1000.0
2026-04-06 15:54:00,LIFT.V,,5.25,5.25,5.239999771118164,5.239999771118164,950.0
2026-04-06 15:54:00,LMN.V,,23.290000915527344,23.309999465942383,23.290000915527344,23.309999465942383,200.0
2026-04-06 15:54:00,LUCA.V,,1.4199999570846558,1.4299999475479126,1.4199999570846558,1.4199999570846558,7600.0
2026-04-06 15:54:00,MKO.V,,8.8100004196167,8.829999923706055,8.8100004196167,8.829999923706055,500.0
2026-04-06 15:54:00,MLP.V,,1.8799999952316284,1.8899999856948853,1.8799999952316284,1.8899999856948853,1500.0
2026-04-06 15:54:00,NICU.V,,2.140000104904175,2.140000104904175,2.140000104904175,2.140000104904175,900.0
2026-04-06 15:54:00,NURS.V,,3.3299999237060547,3.3299999237060547,3.319999933242798,3.319999933242798,200.0
2026-04-06 15:54:00,PNG.V,,8.550000190734863,8.569999694824219,8.539999961853027,8.569999694824219,38957.0
2026-04-06 15:55:00,FUU.V,,0.17499999701976776,0.17499999701976776,0.17499999701976776,0.17499999701976776,18100.0
2026-04-06 15:55:00,GGO.V,,0.9700000286102295,0.9700000286102295,0.9700000286102295,0.9700000286102295,500.0
2026-04-06 15:55:00,GOT.V,,1.6649999618530273,1.6649999618530273,1.6649999618530273,1.6649999618530273,300.0
2026-04-06 15:55:00,GPH.V,,1.25,1.2599999904632568,1.25,1.25,1400.0
2026-04-06 15:55:00,GQC.V,,2.3299999237060547,2.3299999237060547,2.319999933242798,2.319999933242798,200.0
2026-04-06 15:55:00,GRZ.V,,5.690000057220459,5.699999809265137,5.690000057220459,5.690000057220459,3100.0
2026-04-06 15:55:00,HITI.V,,3.240000009536743,3.240000009536743,3.240000009536743,3.240000009536743,2600.0
2026-04-06 15:55:00,HIVE.V,,2.7300000190734863,2.7300000190734863,2.7300000190734863,2.7300000190734863,2624.0
2026-04-06 15:55:00,HSTR.V,,2.4100000858306885,2.4100000858306885,2.4100000858306885,2.4100000858306885,2500.0
2026-04-06 15:55:00,IFOS.V,,3.7799999713897705,3.7799999713897705,3.7799999713897705,3.7799999713897705,100.0
2026-04-06 15:55:00,IPT.V,,0.23499999940395355,0.23499999940395355,0.23499999940395355,0.23499999940395355,52000.0
2026-04-06 15:55:00,KCC.V,,0.800000011920929,0.800000011920929,0.800000011920929,0.800000011920929,1500.0
2026-04-06 15:55:00,KRY.V,,3.240000009536743,3.240000009536743,3.240000009536743,3.240000009536743,100.0
2026-04-06 15:55:00,LGN.V,,0.9599999785423279,0.9599999785423279,0.9599999785423279,0.9599999785423279,900.0
2026-04-06 15:55:00,LMN.V,,23.299999237060547,23.31999969482422,23.299999237060547,23.309999465942383,1300.0
2026-04-06 15:55:00,LUCA.V,,1.409999966621399,1.4199999570846558,1.4049999713897705,1.4199999570846558,28725.0
2026-04-06 15:55:00,MGM.V,,2.3499999046325684,2.359999895095825,2.3499999046325684,2.359999895095825,11455.0
2026-04-06 15:55:00,MKO.V,,8.829999923706055,8.829999923706055,8.829999923706055,8.829999923706055,200.0
2026-04-06 15:55:00,NICU.V,,2.130000114440918,2.140000104904175,2.130000114440918,2.134999990463257,4700.0
2026-04-06 15:55:00,PNG.V,,8.609999656677246,8.609999656677246,8.5600004196167,8.5600004196167,37248.0
2026-04-06 15:56:00,FPC.V,,0.38999998569488525,0.38999998569488525,0.38999998569488525,0.38999998569488525,1000.0
2026-04-06 15:56:00,FRED.V,,0.5699999928474426,0.5699999928474426,0.5699999928474426,0.5699999928474426,500.0
2026-04-06 15:56:00,FWZ.V,,4.579999923706055,4.599999904632568,4.579999923706055,4.599999904632568,1300.0
2026-04-06 15:56:00,GGO.V,,0.9900000095367432,1.0,0.9700000286102295,0.9700000286102295,41900.0
2026-04-06 15:56:00,GOT.V,,1.659999966621399,1.659999966621399,1.659999966621399,1.659999966621399,1500.0
2026-04-06 15:56:00,GPH.V,,1.25,1.25,1.25,1.25,200.0
2026-04-06 15:56:00,GQC.V,,2.3299999237060547,2.3299999237060547,2.3299999237060547,2.3299999237060547,3300.0
2026-04-06 15:56:00,GSR.V,,0.550000011920929,0.550000011920929,0.550000011920929,0.550000011920929,7500.0
2026-04-06 15:56:00,GSVR.V,,0.6000000238418579,0.6000000238418579,0.6000000238418579,0.6000000238418579,3500.0
2026-04-06 15:56:00,HITI.V,,3.2300000190734863,3.2300000190734863,3.2300000190734863,3.2300000190734863,100.0
2026-04-06 15:56:00,HME.V,,2.7699999809265137,2.7950000762939453,2.7699999809265137,2.7899999618530273,12923.0
2026-04-06 15:56:00,ITR.V,,4.039999961853027,4.039999961853027,4.039999961853027,4.039999961853027,1200.0
2026-04-06 15:56:00,KRY.V,,3.2200000286102295,3.2200000286102295,3.2200000286102295,3.2200000286102295,1100.0
2026-04-06 15:56:00,KTO.V,,0.699999988079071,0.699999988079071,0.699999988079071,0.699999988079071,500.0
2026-04-06 15:56:00,LCX.V,,1.9900000095367432,1.9900000095367432,1.9900000095367432,1.9900000095367432,100.0
2026-04-06 15:56:00,LIFT.V,,5.25,5.25,5.25,5.25,300.0
2026-04-06 15:56:00,LUCA.V,,1.409999966621399,1.409999966621399,1.409999966621399,1.409999966621399,3200.0
2026-04-06 15:56:00,MLP.V,,1.8799999952316284,1.8799999952316284,1.8799999952316284,1.8799999952316284,1200.0
2026-04-06 15:56:00,NICU.V,,2.130000114440918,2.130000114440918,2.130000114440918,2.130000114440918,5400.0
2026-04-06 15:56:00,PNG.V,,8.609999656677246,8.619999885559082,8.609999656677246,8.619999885559082,400.0
2026-04-06 15:57:00,FFOX.V,,0.6299999952316284,0.6299999952316284,0.6299999952316284,0.6299999952316284,500.0
2026-04-06 15:57:00,FPC.V,,0.39500001072883606,0.39500001072883606,0.39500001072883606,0.39500001072883606,500.0
2026-04-06 15:57:00,FRED.V,,0.5699999928474426,0.5699999928474426,0.5699999928474426,0.5699999928474426,500.0
2026-04-06 15:57:00,FWZ.V,,4.570000171661377,4.610000133514404,4.570000171661377,4.599999904632568,900.0
2026-04-06 15:57:00,GEL.V,,0.12999999523162842,0.12999999523162842,0.12999999523162842,0.12999999523162842,5000.0
2026-04-06 15:57:00,GMG.V,,2.2200000286102295,2.2249999046325684,2.2200000286102295,2.2249999046325684,400.0
2026-04-06 15:57:00,GOT.V,,1.6549999713897705,1.6549999713897705,1.6549999713897705,1.6549999713897705,100.0
2026-04-06 15:57:00,GPH.V,,1.25,1.25,1.25,1.25,100.0
2026-04-06 15:57:00,GQC.V,,2.3299999237060547,2.3299999237060547,2.3299999237060547,2.3299999237060547,200.0
2026-04-06 15:57:00,GSVR.V,,0.6000000238418579,0.6000000238418579,0.5950000286102295,0.5950000286102295,12800.0
2026-04-06 15:57:00,HIVE.V,,2.7300000190734863,2.7300000190734863,2.7300000190734863,2.7300000190734863,5721.0
2026-04-06 15:57:00,HME.V,,2.7899999618530273,2.799999952316284,2.7699999809265137,2.7699999809265137,99300.0
2026-04-06 15:57:00,HSTR.V,,2.4100000858306885,2.4100000858306885,2.4100000858306885,2.4100000858306885,400.0
2026-04-06 15:57:00,ILI.V,,0.019999999552965164,0.019999999552965164,0.019999999552965164,0.019999999552965164,100000.0
2026-04-06 15:57:00,ITR.V,,4.039999961853027,4.039999961853027,4.03000020980835,4.03000020980835,200.0
2026-04-06 15:57:00,KRY.V,,3.2200000286102295,3.2200000286102295,3.190000057220459,3.2100000381469727,600.0
2026-04-06 15:57:00,LIFT.V,,5.25,5.260000228881836,5.25,5.260000228881836,1400.0
2026-04-06 15:57:00,LMN.V,,23.295000076293945,23.295000076293945,23.295000076293945,23.295000076293945,900.0
2026-04-06 15:57:00,LTH.V,,1.3450000286102295,1.350000023841858,1.3450000286102295,1.3450000286102295,800.0
2026-04-06 15:57:00,LUCA.V,,1.409999966621399,1.4199999570846558,1.409999966621399,1.409999966621399,4900.0
2026-04-06 15:57:00,MLP.V,,1.8899999856948853,1.899999976158142,1.8799999952316284,1.8799999952316284,8849.0
2026-04-06 15:57:00,MMA.V,,1.2799999713897705,1.2799999713897705,1.2799999713897705,1.2799999713897705,1600.0
2026-04-06 15:57:00,NICU.V,,2.130000114440918,2.130000114440918,2.130000114440918,2.130000114440918,2800.0
2026-04-06 15:57:00,PNG.V,,8.609999656677246,8.609999656677246,8.600000381469727,8.609999656677246,4500.0
2026-04-06 15:58:00,FWZ.V,,4.570000171661377,4.610000133514404,4.570000171661377,4.570000171661377,1100.0
2026-04-06 15:58:00,GLAD.V,,1.2300000190734863,1.2300000190734863,1.2300000190734863,1.2300000190734863,400.0
2026-04-06 15:58:00,GMG.V,,2.2200000286102295,2.2200000286102295,2.2200000286102295,2.2200000286102295,100.0
2026-04-06 15:58:00,GOT.V,,1.6549999713897705,1.6549999713897705,1.6549999713897705,1.6549999713897705,100.0
2026-04-06 15:58:00,GPH.V,,1.25,1.25,1.25,1.25,100.0
2026-04-06 15:58:00,GQC.V,,2.3299999237060547,2.3299999237060547,2.3299999237060547,2.3299999237060547,1100.0
2026-04-06 15:58:00,GSI.V,,1.25,1.25,1.25,1.25,100.0
2026-04-06 15:58:00,HIVE.V,,2.7300000190734863,2.7300000190734863,2.7300000190734863,2.7300000190734863,1400.0
2026-04-06 15:58:00,HME.V,,2.7899999618530273,2.799999952316284,2.7899999618530273,2.7899999618530273,6300.0
2026-04-06 15:58:00,HSTR.V,,2.4000000953674316,2.4049999713897705,2.4000000953674316,2.4049999713897705,500.0
2026-04-06 15:58:00,IFOS.V,,3.7799999713897705,3.7799999713897705,3.7799999713897705,3.7799999713897705,250.0
2026-04-06 15:58:00,ITR.V,,4.03000020980835,4.050000190734863,4.03000020980835,4.03000020980835,1600.0
2026-04-06 15:58:00,KTN.V,,1.3949999809265137,1.3949999809265137,1.3949999809265137,1.3949999809265137,700.0
2026-04-06 15:58:00,LAB.V,,0.07000000029802322,0.07000000029802322,0.07000000029802322,0.07000000029802322,30000.0
2026-04-06 15:58:00,LEM.V,,0.30000001192092896,0.30000001192092896,0.30000001192092896,0.30000001192092896,1500.0
2026-04-06 15:58:00,LMN.V,,23.209999084472656,23.270000457763672,23.209999084472656,23.270000457763672,1100.0
2026-04-06 15:58:00,LTH.V,,1.3450000286102295,1.3450000286102295,1.3450000286102295,1.3450000286102295,600.0
2026-04-06 15:58:00,LUCA.V,,1.409999966621399,1.409999966621399,1.409999966621399,1.409999966621399,3000.0
2026-04-06 15:58:00,MKO.V,,8.819999694824219,8.829999923706055,8.819999694824219,8.829999923706055,400.0
2026-04-06 15:58:00,MLP.V,,1.8899999856948853,1.8899999856948853,1.8899999856948853,1.8899999856948853,5600.0
2026-04-06 15:58:00,MMA.V,,1.2799999713897705,1.2799999713897705,1.2799999713897705,1.2799999713897705,200.0
2026-04-06 15:58:00,MMG.V,,0.29499998688697815,0.29499998688697815,0.29499998688697815,0.29499998688697815,2500.0
2026-04-06 15:58:00,MRVL.V,,0.17000000178813934,0.17000000178813934,0.17000000178813934,0.17000000178813934,1000.0
2026-04-06 15:58:00,NICU.V,,2.140000104904175,2.140000104904175,2.119999885559082,2.130000114440918,8700.0
2026-04-06 15:58:00,PNG.V,,8.619999885559082,8.619999885559082,8.609999656677246,8.609999656677246,11270.0
2026-04-06 15:59:00,ESK.V,,0.4300000071525574,0.4300000071525574,0.4300000071525574,0.4300000071525574,500.0
2026-04-06 15:59:00,EVGN.V,,0.3799999952316284,0.38499999046325684,0.3799999952316284,0.38499999046325684,2000.0
2026-04-06 15:59:00,FMAN.V,,0.3149999976158142,0.3149999976158142,0.3149999976158142,0.3149999976158142,1000.0
2026-04-06 15:59:00,FRED.V,,0.5600000023841858,0.5699999928474426,0.5600000023841858,0.5699999928474426,12000.0
2026-04-06 15:59:00,FRNT.V,,0.20000000298023224,0.20000000298023224,0.20000000298023224,0.20000000298023224,500.0
2026-04-06 15:59:00,FUU.V,,0.17499999701976776,0.18000000715255737,0.17499999701976776,0.18000000715255737,5500.0
2026-04-06 15:59:00,FWZ.V,,4.630000114440918,4.630000114440918,4.570000171661377,4.570000171661377,800.0
2026-04-06 15:59:00,GG.V,,2.700000047683716,2.7100000381469727,2.700000047683716,2.700000047683716,800.0
2026-04-06 15:59:00,GGO.V,,1.0399999618530273,1.0399999618530273,1.0,1.0,12900.0
2026-04-06 15:59:00,GLAD.V,,1.2100000381469727,1.2300000190734863,1.2100000381469727,1.2300000190734863,2500.0
2026-04-06 15:59:00,GOT.V,,1.6649999618530273,1.6649999618530273,1.649999976158142,1.6549999713897705,4300.0
2026-04-06 15:59:00,GPH.V,,1.2699999809265137,1.2699999809265137,1.25,1.25,1600.0
2026-04-06 15:59:00,GQC.V,,2.309999942779541,2.3299999237060547,2.309999942779541,2.3299999237060547,3900.0
2026-04-06 15:59:00,GRSL.V,,0.32499998807907104,0.32499998807907104,0.32499998807907104,0.32499998807907104,1000.0
2026-04-06 15:59:00,GRZ.V,,5.699999809265137,5.699999809265137,5.699999809265137,5.699999809265137,200.0
2026-04-06 15:59:00,GSI.V,,1.2699999809265137,1.2699999809265137,1.25,1.25,3700.0
2026-04-06 15:59:00,GSP.V,,0.16500000655651093,0.16500000655651093,0.16500000655651093,0.16500000655651093,1500.0
2026-04-06 15:59:00,GSVR.V,,0.5899999737739563,0.5899999737739563,0.5899999737739563,0.5899999737739563,1912.0
2026-04-06 15:59:00,GWM.V,,0.6499999761581421,0.6499999761581421,0.6349999904632568,0.6349999904632568,2500.0
2026-04-06 15:59:00,HCH.V,,1.350000023841858,1.350000023841858,1.350000023841858,1.350000023841858,100.0
2026-04-06 15:59:00,HELI.V,,0.054999999701976776,0.054999999701976776,0.054999999701976776,0.054999999701976776,1000.0
2026-04-06 15:59:00,HIVE.V,,2.7300000190734863,2.734999895095825,2.7300000190734863,2.7300000190734863,15714.0
2026-04-06 15:59:00,HME.V,,2.819999933242798,2.819999933242798,2.7950000762939453,2.7950000762939453,2000.0
2026-04-06 15:59:00,HSTR.V,,2.4200000762939453,2.4200000762939453,2.4000000953674316,2.4000000953674316,1900.0
2026-04-06 15:59:00,IFOS.V,,3.759999990463257,3.7799999713897705,3.75,3.7799999713897705,1260.0
2026-04-06 15:59:00,IPT.V,,0.23499999940395355,0.23499999940395355,0.23499999940395355,0.23499999940395355,30000.0
2026-04-06 15:59:00,ITR.V,,4.110000133514404,4.110000133514404,4.03000020980835,4.039999961853027,4690.0
2026-04-06 15:59:00,KDK.V,,0.8500000238418579,0.8500000238418579,0.8500000238418579,0.8500000238418579,13000.0
2026-04-06 15:59:00,KFR.V,,0.7599999904632568,0.7599999904632568,0.7599999904632568,0.7599999904632568,1000.0
2026-04-06 15:59:00,KGC.V,,0.029999999329447746,0.029999999329447746,0.029999999329447746,0.029999999329447746,1000.0
2026-04-06 15:59:00,KRY.V,,3.180000066757202,3.2300000190734863,3.180000066757202,3.2300000190734863,500.0
2026-04-06 15:59:00,KTN.V,,1.409999966621399,1.409999966621399,1.399999976158142,1.399999976158142,13200.0
2026-04-06 15:59:00,KTO.V,,0.7099999785423279,0.7099999785423279,0.7099999785423279,0.7099999785423279,500.0
2026-04-06 15:59:00,LCX.V,,2.0,2.0,1.9500000476837158,1.9700000286102295,7900.0
2026-04-06 15:59:00,LG.V,,0.3400000035762787,0.3449999988079071,0.3400000035762787,0.3449999988079071,2500.0
2026-04-06 15:59:00,LGN.V,,0.949999988079071,0.9599999785423279,0.949999988079071,0.9599999785423279,1000.0
2026-04-06 15:59:00,LIFT.V,,5.25,5.260000228881836,5.25,5.260000228881836,400.0
2026-04-06 15:59:00,LIO.V,,0.23999999463558197,0.23999999463558197,0.23999999463558197,0.23999999463558197,20500.0
2026-04-06 15:59:00,LIS.V,,0.5,0.5,0.5,0.5,15500.0
2026-04-06 15:59:00,LMN.V,,23.190000534057617,23.299999237060547,23.190000534057617,23.225000381469727,2211.0
2026-04-06 15:59:00,LPK.V,,0.3199999928474426,0.3199999928474426,0.3199999928474426,0.3199999928474426,0.0
2026-04-06 15:59:00,LTH.V,,1.350000023841858,1.350000023841858,1.340000033378601,1.3450000286102295,6500.0
2026-04-06 15:59:00,LUCA.V,,1.399999976158142,1.409999966621399,1.399999976158142,1.409999966621399,4467.0
2026-04-06 15:59:00,LVX.V,,0.5799999833106995,0.5799999833106995,0.5799999833106995,0.5799999833106995,1000.0
2026-04-06 15:59:00,MAR-UN.V,,0.7699999809265137,0.7699999809265137,0.7699999809265137,0.7699999809265137,0.0
2026-04-06 15:59:00,MFG.V,,4.385000228881836,4.385000228881836,4.385000228881836,4.385000228881836,100.0
2026-04-06 15:59:00,MGM.V,,2.369999885559082,2.369999885559082,2.359999895095825,2.359999895095825,1300.0
2026-04-06 15:59:00,MJS.V,,0.14499999582767487,0.14499999582767487,0.14499999582767487,0.14499999582767487,67500.0
2026-04-06 15:59:00,MKO.V,,8.829999923706055,8.859999656677246,8.8100004196167,8.850000381469727,1600.0
2026-04-06 15:59:00,MLP.V,,1.899999976158142,1.9600000381469727,1.899999976158142,1.899999976158142,29160.0
2026-04-06 15:59:00,MMA.V,,1.2699999809265137,1.2999999523162842,1.2699999809265137,1.2799999713897705,5600.0
2026-04-06 15:59:00,MRVL.V,,0.17499999701976776,0.17499999701976776,0.16500000655651093,0.16500000655651093,7000.0
2026-04-06 15:59:00,MTA.V,,9.369999885559082,9.369999885559082,9.270000457763672,9.270000457763672,1200.0
2026-04-06 15:59:00,NICU.V,,2.140000104904175,2.1500000953674316,2.0999999046325684,2.130000114440918,16700.0
2026-04-06 15:59:00,NURS.V,,3.319999933242798,3.3499999046325684,3.319999933242798,3.3399999141693115,3800.0
2026-04-06 15:59:00,PNG.V,,8.640000343322754,8.640000343322754,8.600000381469727,8.619999885559082,10516.0
2026-04-06 15:59:00,SCAN.V,,7.300000190734863,7.300000190734863,7.300000190734863,7.300000190734863,100.0
2026-04-06 15:59:00,TUF.V,,0.26499998569488525,0.26499998569488525,0.26499998569488525,0.26499998569488525,10000.0
2026-04-06 15:59:00,ZNG.V,,1.059999942779541,1.059999942779541,1.059999942779541,1.059999942779541,1600.0
