Datetime,Ticker,Adj Close,Close,High,Low,Open,Volume
2026-04-06 09:30:00,AUMB.V,,0.9700000286102295,0.9900000095367432,0.9599999785423279,0.9900000095367432,0.0
2026-04-06 09:30:00,CANS.V,,0.004999999888241291,0.004999999888241291,0.004999999888241291,0.004999999888241291,0.0
2026-04-06 09:30:00,FIVD-P.V,,0.10000000149011612,0.10000000149011612,0.10000000149011612,0.10000000149011612,0.0
2026-04-06 09:30:00,LOT.V,,0.054999999701976776,0.054999999701976776,0.054999999701976776,0.054999999701976776,0.0
2026-04-06 09:30:00,MIT.V,,0.029999999329447746,0.029999999329447746,0.029999999329447746,0.029999999329447746,0.0
2026-04-06 09:30:00,NILI.V,,0.6000000238418579,0.6000000238418579,0.6000000238418579,0.6000000238418579,0.0
2026-04-06 09:30:00,ONE.V,,0.3799999952316284,0.3799999952316284,0.3799999952316284,0.3799999952316284,0.0
2026-04-06 09:30:00,RARE.V,,4.900000095367432,4.900000095367432,4.900000095367432,4.900000095367432,0.0
2026-04-06 09:30:00,SPZ.V,,0.054999999701976776,0.054999999701976776,0.054999999701976776,0.054999999701976776,0.0
2026-04-06 09:30:00,SURG.V,,0.6000000238418579,0.6000000238418579,0.6000000238418579,0.6000000238418579,0.0
2026-04-06 09:30:00,SYG.V,,0.09000000357627869,0.09000000357627869,0.09000000357627869,0.09000000357627869,0.0
2026-04-06 09:30:00,TAJ.V,,0.18000000715255737,0.18000000715255737,0.18000000715255737,0.18000000715255737,0.0
2026-04-06 09:30:00,TAO.V,,0.0949999988079071,0.0949999988079071,0.0949999988079071,0.0949999988079071,0.0
2026-04-06 09:30:00,TBK.V,,0.4449999928474426,0.4449999928474426,0.4399999976158142,0.4399999976158142,0.0
2026-04-06 09:30:00,TBLL.V,,0.009999999776482582,0.009999999776482582,0.009999999776482582,0.009999999776482582,0.0
2026-04-06 09:30:00,TDG.V,,0.550000011920929,0.550000011920929,0.550000011920929,0.550000011920929,0.0
2026-04-06 09:30:00,TECT.V,,2.25,2.25,2.25,2.25,0.0
2026-04-06 09:30:00,TG.V,,0.2150000035762787,0.2150000035762787,0.2150000035762787,0.2150000035762787,0.0
2026-04-06 09:30:00,TGOL.V,,0.10999999940395355,0.10999999940395355,0.10999999940395355,0.10999999940395355,0.0
2026-04-06 09:30:00,TGS.V,,0.054999999701976776,0.054999999701976776,0.054999999701976776,0.054999999701976776,0.0
2026-04-06 09:30:00,THX.V,,1.4299999475479126,1.4299999475479126,1.4299999475479126,1.4299999475479126,0.0
2026-04-06 09:30:00,TIG.V,,0.6200000047683716,0.6200000047683716,0.6200000047683716,0.6200000047683716,0.0
2026-04-06 09:30:00,TLT.V,,0.2800000011920929,0.2849999964237213,0.2800000011920929,0.2849999964237213,0.0
2026-04-06 09:30:00,TMG.V,,0.14000000059604645,0.14000000059604645,0.14000000059604645,0.14000000059604645,0.0
2026-04-06 09:30:00,TOI.V,,95.75,95.75,95.73999786376953,95.73999786376953,0.0
2026-04-06 09:30:00,TOP-P.V,,0.03500000014901161,0.03500000014901161,0.03500000014901161,0.03500000014901161,0.0
2026-04-06 09:30:00,TR.V,,0.02500000037252903,0.02500000037252903,0.02500000037252903,0.02500000037252903,0.0
2026-04-06 09:30:00,TRA.V,,0.004999999888241291,0.004999999888241291,0.004999999888241291,0.004999999888241291,0.0
2026-04-06 09:30:00,TSLV.V,,0.10999999940395355,0.10999999940395355,0.10999999940395355,0.10999999940395355,0.0
2026-04-06 09:30:00,TTD.V,,0.03999999910593033,0.03999999910593033,0.03999999910593033,0.03999999910593033,0.0
2026-04-06 09:30:00,TTG.V,,0.125,0.125,0.125,0.125,0.0
2026-04-06 09:30:00,TTGI.V,,0.07500000298023224,0.07500000298023224,0.07500000298023224,0.07500000298023224,0.0
2026-04-06 09:30:00,TTS.V,,0.4749999940395355,0.4749999940395355,0.4749999940395355,0.4749999940395355,0.0
2026-04-06 09:30:00,TUD.V,,1.0,1.0,0.9900000095367432,1.0,0.0
2026-04-06 09:30:00,TUK.V,,0.019999999552965164,0.019999999552965164,0.019999999552965164,0.019999999552965164,0.0
2026-04-06 09:30:00,TUO.V,,1.7999999523162842,1.7999999523162842,1.7999999523162842,1.7999999523162842,0.0
2026-04-06 09:30:00,TUP-P.V,,0.03999999910593033,0.03999999910593033,0.03999999910593033,0.03999999910593033,0.0
2026-04-06 09:30:00,TVR-H.V,,0.03500000014901161,0.03500000014901161,0.03500000014901161,0.03500000014901161,0.0
2026-04-06 09:30:00,TWO.V,,0.5299999713897705,0.5299999713897705,0.5299999713897705,0.5299999713897705,0.0
2026-04-06 09:30:00,UCU.V,,5.849999904632568,5.929999828338623,5.800000190734863,5.929999828338623,0.0
2026-04-06 09:30:00,UGD.V,,0.4300000071525574,0.4300000071525574,0.4300000071525574,0.4300000071525574,0.0
2026-04-06 09:30:00,UI.V,,0.019999999552965164,0.019999999552965164,0.019999999552965164,0.019999999552965164,0.0
2026-04-06 09:30:00,UPT-P.V,,0.05999999865889549,0.05999999865889549,0.05999999865889549,0.05999999865889549,0.0
2026-04-06 09:30:00,VCC-P.V,,0.03999999910593033,0.03999999910593033,0.03999999910593033,0.03999999910593033,0.0
2026-04-06 09:30:00,VCI.V,,6.53000020980835,6.53000020980835,6.53000020980835,6.53000020980835,0.0
2026-04-06 09:30:00,VCT.V,,0.02500000037252903,0.02500000037252903,0.02500000037252903,0.02500000037252903,0.0
2026-04-06 09:30:00,VCU.V,,1.190000057220459,1.190000057220459,1.1799999475479126,1.1799999475479126,0.0
2026-04-06 09:30:00,VGD.V,,0.1899999976158142,0.1899999976158142,0.1899999976158142,0.1899999976158142,0.0
2026-04-06 09:30:00,VIS.V,,0.014999999664723873,0.014999999664723873,0.014999999664723873,0.014999999664723873,0.0
2026-04-06 09:30:00,VLI.V,,0.014999999664723873,0.014999999664723873,0.014999999664723873,0.014999999664723873,0.0
2026-04-06 09:30:00,VM.V,,0.125,0.125,0.125,0.125,0.0
2026-04-06 09:30:00,VML.V,,0.5199999809265137,0.5199999809265137,0.5199999809265137,0.5199999809265137,0.0
2026-04-06 09:30:00,VO.V,,0.10000000149011612,0.10000000149011612,0.10000000149011612,0.10000000149011612,0.0
2026-04-06 09:30:00,VPT.V,,0.10999999940395355,0.10999999940395355,0.10999999940395355,0.10999999940395355,0.0
2026-04-06 09:30:00,VQS.V,,0.05999999865889549,0.05999999865889549,0.05999999865889549,0.05999999865889549,0.0
2026-04-06 09:30:00,VRB.V,,0.10999999940395355,0.10999999940395355,0.10999999940395355,0.10999999940395355,0.0
2026-04-06 09:30:00,VRR.V,,0.2800000011920929,0.2800000011920929,0.2800000011920929,0.2800000011920929,0.0
2026-04-06 09:30:00,VRS.V,,0.014999999664723873,0.014999999664723873,0.014999999664723873,0.014999999664723873,0.0
2026-04-06 09:30:00,VTT.V,,0.009999999776482582,0.009999999776482582,0.009999999776482582,0.009999999776482582,0.0
2026-04-06 09:30:00,VTX.V,,0.1899999976158142,0.1899999976158142,0.1899999976158142,0.1899999976158142,0.0
2026-04-06 09:30:00,VUL.V,,0.2199999988079071,0.2199999988079071,0.2199999988079071,0.2199999988079071,0.0
2026-04-06 09:30:00,VZZ.V,,0.11999999731779099,0.11999999731779099,0.11500000208616257,0.11500000208616257,0.0
2026-04-06 09:30:00,WCE.V,,0.11999999731779099,0.11999999731779099,0.11999999731779099,0.11999999731779099,0.0
2026-04-06 09:30:00,WCU.V,,0.014999999664723873,0.014999999664723873,0.014999999664723873,0.014999999664723873,0.0
2026-04-06 09:30:00,WEB.V,,1.6799999475479126,1.6799999475479126,1.6799999475479126,1.6799999475479126,0.0
2026-04-06 09:30:00,WEE-H.V,,0.019999999552965164,0.019999999552965164,0.019999999552965164,0.019999999552965164,0.0
2026-04-06 09:30:00,WET-H.V,,0.07000000029802322,0.07000000029802322,0.07000000029802322,0.07000000029802322,0.0
2026-04-06 09:30:00,WEX.V,,0.6399999856948853,0.6399999856948853,0.6399999856948853,0.6399999856948853,0.0
2026-04-06 09:30:00,WGO.V,,1.5399999618530273,1.5399999618530273,1.5399999618530273,1.5399999618530273,0.0
2026-04-06 09:30:00,WHN.V,,0.26499998569488525,0.26499998569488525,0.2549999952316284,0.25999999046325684,0.0
2026-04-06 09:30:00,WI.V,,0.9399999976158142,0.9399999976158142,0.9399999976158142,0.9399999976158142,0.0
2026-04-06 09:30:00,WLF.V,,0.08500000089406967,0.08500000089406967,0.08500000089406967,0.08500000089406967,0.0
2026-04-06 09:30:00,WOI-H.V,,0.03500000014901161,0.03500000014901161,0.03500000014901161,0.03500000014901161,0.0
2026-04-06 09:30:00,WRLG.V,,1.0,1.0,0.9900000095367432,1.0,0.0
2026-04-06 09:30:00,WRR.V,,0.30000001192092896,0.30000001192092896,0.30000001192092896,0.30000001192092896,0.0
2026-04-06 09:30:00,WVM.V,,1.8899999856948853,1.8899999856948853,1.8899999856948853,1.8899999856948853,0.0
2026-04-06 09:30:00,XGC.V,,0.2800000011920929,0.2800000011920929,0.2800000011920929,0.2800000011920929,0.0
2026-04-06 09:30:00,XIA-H.V,,0.07999999821186066,0.07999999821186066,0.07999999821186066,0.07999999821186066,0.0
2026-04-06 09:30:00,YNV.V,,0.12999999523162842,0.12999999523162842,0.12999999523162842,0.12999999523162842,0.0
2026-04-06 09:30:00,YSC-H.V,,0.029999999329447746,0.029999999329447746,0.029999999329447746,0.029999999329447746,0.0
2026-04-06 09:30:00,YTY.V,,0.03500000014901161,0.03500000014901161,0.03500000014901161,0.03500000014901161,0.0
2026-04-06 09:30:00,ZAC.V,,0.08500000089406967,0.08500000089406967,0.08500000089406967,0.08500000089406967,0.0
2026-04-06 09:30:00,ZDC.V,,4.900000095367432,4.900000095367432,4.900000095367432,4.900000095367432,0.0
2026-04-06 09:30:00,ZEN.V,,0.7799999713897705,0.7799999713897705,0.7799999713897705,0.7799999713897705,0.0
2026-04-06 09:30:00,ZIM-H.V,,0.05000000074505806,0.05000000074505806,0.05000000074505806,0.05000000074505806,0.0
2026-04-06 09:30:00,ZMA.V,,0.07000000029802322,0.07000000029802322,0.07000000029802322,0.07000000029802322,0.0
2026-04-06 09:30:00,ZMD-H.V,,0.014999999664723873,0.014999999664723873,0.014999999664723873,0.014999999664723873,0.0
2026-04-06 09:30:00,ZMD.V,,0.014999999664723873,0.014999999664723873,0.014999999664723873,0.014999999664723873,0.0
2026-04-06 09:30:00,ZON.V,,0.12999999523162842,0.12999999523162842,0.12999999523162842,0.12999999523162842,0.0
2026-04-06 09:31:00,AUMB.V,,0.9599999785423279,0.9700000286102295,0.9599999785423279,0.9700000286102295,25743.0
2026-04-06 09:31:00,TDG.V,,0.5199999809265137,0.5400000214576721,0.5199999809265137,0.5400000214576721,49465.0
2026-04-06 09:31:00,TTG.V,,0.1599999964237213,0.1599999964237213,0.125,0.125,23500.0
2026-04-06 09:31:00,TWO.V,,0.5299999713897705,0.5299999713897705,0.5299999713897705,0.5299999713897705,500.0
2026-04-06 09:31:00,UGD.V,,0.4350000023841858,0.4350000023841858,0.4350000023841858,0.4350000023841858,9500.0
2026-04-06 09:31:00,WAM.V,,0.8799999952316284,0.8799999952316284,0.8799999952316284,0.8799999952316284,0.0
2026-04-06 09:31:00,WRLG.V,,0.9900000095367432,0.9900000095367432,0.9900000095367432,0.9900000095367432,11900.0
2026-04-06 09:32:00,AUMB.V,,0.9599999785423279,0.9599999785423279,0.9599999785423279,0.9599999785423279,2000.0
2026-04-06 09:32:00,TOI.V,,96.5,96.5,96.5,96.5,151.0
2026-04-06 09:32:00,UCU.V,,5.800000190734863,5.800000190734863,5.800000190734863,5.800000190734863,2800.0
2026-04-06 09:32:00,VCU.V,,1.190000057220459,1.190000057220459,1.1799999475479126,1.1799999475479126,8600.0
2026-04-06 09:32:00,WGO.V,,1.5499999523162842,1.5499999523162842,1.5499999523162842,1.5499999523162842,5100.0
2026-04-06 09:32:00,WRLG.V,,0.9900000095367432,0.9900000095367432,0.9900000095367432,0.9900000095367432,4800.0
2026-04-06 09:33:00,UCU.V,,5.809999942779541,5.849999904632568,5.800000190734863,5.800000190734863,600.0
2026-04-06 09:33:00,WRLG.V,,0.9900000095367432,0.9900000095367432,0.9900000095367432,0.9900000095367432,100.0
2026-04-06 09:34:00,AUMB.V,,0.9599999785423279,0.9599999785423279,0.9599999785423279,0.9599999785423279,1500.0
2026-04-06 09:34:00,TMET.V,,0.10000000149011612,0.10000000149011612,0.10000000149011612,0.10000000149011612,0.0
2026-04-06 09:34:00,TUD.V,,0.9800000190734863,0.9900000095367432,0.9800000190734863,0.9900000095367432,9900.0
2026-04-06 09:34:00,VCU.V,,1.190000057220459,1.190000057220459,1.190000057220459,1.190000057220459,13400.0
2026-04-06 09:34:00,WEX.V,,0.6399999856948853,0.6399999856948853,0.6399999856948853,0.6399999856948853,6500.0
2026-04-06 09:34:00,WRLG.V,,0.9900000095367432,0.9900000095367432,0.9900000095367432,0.9900000095367432,5200.0
2026-04-06 09:35:00,AUMB.V,,0.949999988079071,0.949999988079071,0.949999988079071,0.949999988079071,27100.0
2026-04-06 09:35:00,UCU.V,,5.800000190734863,5.820000171661377,5.800000190734863,5.820000171661377,1400.0
2026-04-06 09:35:00,VAU.V,,0.15000000596046448,0.15000000596046448,0.15000000596046448,0.15000000596046448,0.0
2026-04-06 09:35:00,WCE.V,,0.11999999731779099,0.11999999731779099,0.11999999731779099,0.11999999731779099,55000.0
2026-04-06 09:35:00,WRLG.V,,0.9900000095367432,0.9900000095367432,0.9900000095367432,0.9900000095367432,16500.0
2026-04-06 09:36:00,SURG.V,,0.6000000238418579,0.6000000238418579,0.6000000238418579,0.6000000238418579,500.0
2026-04-06 09:36:00,THX.V,,1.409999966621399,1.409999966621399,1.409999966621399,1.409999966621399,4400.0
2026-04-06 09:36:00,TRBE.V,,0.2150000035762787,0.2150000035762787,0.2150000035762787,0.2150000035762787,0.0
2026-04-06 09:36:00,TUD.V,,0.9800000190734863,0.9800000190734863,0.9800000190734863,0.9800000190734863,5300.0
2026-04-06 09:37:00,TSG.V,,0.25,0.25,0.25,0.25,0.0
2026-04-06 09:37:00,TUD.V,,0.9800000190734863,0.9800000190734863,0.9800000190734863,0.9800000190734863,1800.0
2026-04-06 09:37:00,WEB.V,,1.6799999475479126,1.6799999475479126,1.6799999475479126,1.6799999475479126,200.0
2026-04-06 09:37:00,WGO.V,,1.559999942779541,1.559999942779541,1.559999942779541,1.559999942779541,600.0
2026-04-06 09:37:00,WRLG.V,,0.9900000095367432,0.9900000095367432,0.9900000095367432,0.9900000095367432,2000.0
2026-04-06 09:38:00,AUMB.V,,0.949999988079071,0.949999988079071,0.949999988079071,0.949999988079071,1100.0
2026-04-06 09:38:00,SYG.V,,0.0949999988079071,0.0949999988079071,0.09000000357627869,0.09000000357627869,59000.0
2026-04-06 09:38:00,THX.V,,1.4149999618530273,1.4149999618530273,1.409999966621399,1.409999966621399,3725.0
2026-04-06 09:38:00,TUD.V,,0.9900000095367432,0.9900000095367432,0.9900000095367432,0.9900000095367432,2300.0
2026-04-06 09:38:00,UCU.V,,5.800000190734863,5.800000190734863,5.800000190734863,5.800000190734863,150.0
2026-04-06 09:38:00,VCU.V,,1.1799999475479126,1.1799999475479126,1.1799999475479126,1.1799999475479126,1000.0
2026-04-06 09:38:00,WGO.V,,1.559999942779541,1.5700000524520874,1.559999942779541,1.559999942779541,8785.0
2026-04-06 09:38:00,WRLG.V,,0.9900000095367432,0.9900000095367432,0.9900000095367432,0.9900000095367432,4100.0
2026-04-06 09:39:00,SYG.V,,0.09000000357627869,0.09000000357627869,0.09000000357627869,0.09000000357627869,11500.0
2026-04-06 09:39:00,TIG.V,,0.6200000047683716,0.6200000047683716,0.6200000047683716,0.6200000047683716,1000.0
2026-04-06 09:39:00,TMET.V,,0.10000000149011612,0.10000000149011612,0.10000000149011612,0.10000000149011612,4000.0
2026-04-06 09:39:00,VO.V,,0.10000000149011612,0.10000000149011612,0.10000000149011612,0.10000000149011612,5000.0
2026-04-06 09:39:00,WGO.V,,1.5499999523162842,1.559999942779541,1.5499999523162842,1.559999942779541,6300.0
2026-04-06 09:39:00,WRLG.V,,0.9900000095367432,0.9900000095367432,0.9900000095367432,0.9900000095367432,8100.0
2026-04-06 09:40:00,AUMB.V,,0.9399999976158142,0.9399999976158142,0.9399999976158142,0.9399999976158142,3000.0
2026-04-06 09:40:00,TDG.V,,0.5299999713897705,0.5299999713897705,0.5299999713897705,0.5299999713897705,5000.0
2026-04-06 09:40:00,THX.V,,1.399999976158142,1.409999966621399,1.399999976158142,1.409999966621399,2300.0
2026-04-06 09:40:00,TMG.V,,0.14499999582767487,0.14499999582767487,0.14499999582767487,0.14499999582767487,500.0
2026-04-06 09:40:00,TOI.V,,98.19999694824219,98.19999694824219,98.19999694824219,98.19999694824219,400.0
2026-04-06 09:40:00,VCU.V,,1.1799999475479126,1.1799999475479126,1.1699999570846558,1.1699999570846558,11600.0
2026-04-06 09:42:00,AUMB.V,,0.9399999976158142,0.9399999976158142,0.9399999976158142,0.9399999976158142,3010.0
2026-04-06 09:42:00,TRO.V,,0.1850000023841858,0.1850000023841858,0.1850000023841858,0.1850000023841858,0.0
2026-04-06 09:42:00,WEB.V,,1.690000057220459,1.690000057220459,1.690000057220459,1.690000057220459,600.0
2026-04-06 09:42:00,WGO.V,,1.5499999523162842,1.5499999523162842,1.5499999523162842,1.5499999523162842,1600.0
2026-04-06 09:43:00,TOI.V,,97.62000274658203,97.62000274658203,97.62000274658203,97.62000274658203,100.0
2026-04-06 09:44:00,TOI.V,,98.11000061035156,98.11000061035156,97.6500015258789,97.6500015258789,306.0
2026-04-06 09:44:00,VZZ.V,,0.11999999731779099,0.11999999731779099,0.11999999731779099,0.11999999731779099,29500.0
2026-04-06 09:44:00,WGO.V,,1.5399999618530273,1.5399999618530273,1.5399999618530273,1.5399999618530273,1900.0
2026-04-06 09:45:00,AUMB.V,,0.9399999976158142,0.9399999976158142,0.9399999976158142,0.9399999976158142,15411.0
2026-04-06 09:45:00,TBIX.V,,0.014999999664723873,0.014999999664723873,0.014999999664723873,0.014999999664723873,0.0
2026-04-06 09:45:00,THX.V,,1.399999976158142,1.399999976158142,1.399999976158142,1.399999976158142,14001.0
2026-04-06 09:46:00,AUMB.V,,0.9399999976158142,0.9399999976158142,0.9399999976158142,0.9399999976158142,3500.0
2026-04-06 09:46:00,LOT.V,,0.054999999701976776,0.054999999701976776,0.054999999701976776,0.054999999701976776,31000.0
2026-04-06 09:46:00,UCU.V,,5.800000190734863,5.800000190734863,5.75,5.769999980926514,3101.0
2026-04-06 09:46:00,VIO.V,,0.13500000536441803,0.13500000536441803,0.13500000536441803,0.13500000536441803,0.0
2026-04-06 09:46:00,WML.V,,0.07000000029802322,0.07000000029802322,0.07000000029802322,0.07000000029802322,0.0
2026-04-06 09:46:00,WRLG.V,,0.9900000095367432,0.9900000095367432,0.9900000095367432,0.9900000095367432,52000.0
2026-04-06 09:47:00,SURG.V,,0.5899999737739563,0.5899999737739563,0.5899999737739563,0.5899999737739563,19500.0
2026-04-06 09:47:00,TCO.V,,0.07000000029802322,0.07000000029802322,0.07000000029802322,0.07000000029802322,0.0
2026-04-06 09:47:00,UCU.V,,5.710000038146973,5.710000038146973,5.710000038146973,5.710000038146973,200.0
2026-04-06 09:47:00,WRLG.V,,0.9900000095367432,0.9900000095367432,0.9900000095367432,0.9900000095367432,2200.0
2026-04-06 09:48:00,AUMB.V,,0.9300000071525574,0.9300000071525574,0.9300000071525574,0.9300000071525574,3000.0
2026-04-06 09:48:00,TTGI.V,,0.07000000029802322,0.07000000029802322,0.07000000029802322,0.07000000029802322,10000.0
2026-04-06 09:48:00,TUD.V,,0.9800000190734863,0.9800000190734863,0.9700000286102295,0.9800000190734863,27300.0
2026-04-06 09:48:00,UCU.V,,5.699999809265137,5.699999809265137,5.699999809265137,5.699999809265137,2185.0
2026-04-06 09:48:00,VCU.V,,1.1699999570846558,1.1699999570846558,1.159999966621399,1.159999966621399,8748.0
2026-04-06 09:48:00,WCE.V,,0.11999999731779099,0.11999999731779099,0.11999999731779099,0.11999999731779099,1500.0
2026-04-06 09:48:00,WGO.V,,1.5299999713897705,1.5299999713897705,1.5299999713897705,1.5299999713897705,1600.0
2026-04-06 09:48:00,WRLG.V,,0.9900000095367432,0.9900000095367432,0.9900000095367432,0.9900000095367432,200.0
2026-04-06 09:49:00,NILI.V,,0.6000000238418579,0.6000000238418579,0.6000000238418579,0.6000000238418579,11500.0
2026-04-06 09:49:00,WGO.V,,1.5199999809265137,1.5199999809265137,1.5199999809265137,1.5199999809265137,1150.0
2026-04-06 09:49:00,WRLG.V,,0.9900000095367432,0.9900000095367432,0.9900000095367432,0.9900000095367432,15500.0
2026-04-06 09:50:00,AUMB.V,,0.9300000071525574,0.9300000071525574,0.9300000071525574,0.9300000071525574,10100.0
2026-04-06 09:50:00,SURG.V,,0.5799999833106995,0.5899999737739563,0.5799999833106995,0.5899999737739563,21575.0
2026-04-06 09:50:00,TECT.V,,2.2300000190734863,2.2300000190734863,2.2300000190734863,2.2300000190734863,200.0
2026-04-06 09:50:00,TUO.V,,1.7100000381469727,1.7100000381469727,1.7100000381469727,1.7100000381469727,573.0
2026-04-06 09:50:00,UCU.V,,5.659999847412109,5.659999847412109,5.659999847412109,5.659999847412109,200.0
2026-04-06 09:51:00,TR.V,,0.02500000037252903,0.02500000037252903,0.02500000037252903,0.02500000037252903,1000.0
2026-04-06 09:51:00,WCE.V,,0.11999999731779099,0.11999999731779099,0.11999999731779099,0.11999999731779099,25000.0
2026-04-06 09:51:00,WRLG.V,,0.9900000095367432,0.9900000095367432,0.9800000190734863,0.9800000190734863,4800.0
2026-04-06 09:52:00,AUMB.V,,0.9300000071525574,0.9300000071525574,0.9300000071525574,0.9300000071525574,3309.0
2026-04-06 09:52:00,THX.V,,1.399999976158142,1.399999976158142,1.399999976158142,1.399999976158142,2400.0
2026-04-06 09:52:00,TNO-H.V,,0.06499999761581421,0.07000000029802322,0.06499999761581421,0.07000000029802322,0.0
2026-04-06 09:52:00,TWR.V,,0.17000000178813934,0.17000000178813934,0.17000000178813934,0.17000000178813934,0.0
2026-04-06 09:52:00,UCU.V,,5.659999847412109,5.659999847412109,5.659999847412109,5.659999847412109,110.0
2026-04-06 09:52:00,VPT.V,,0.11500000208616257,0.11500000208616257,0.11500000208616257,0.11500000208616257,25500.0
2026-04-06 09:52:00,WAM.V,,0.8700000047683716,0.8799999952316284,0.8700000047683716,0.8799999952316284,2043.0
2026-04-06 09:52:00,WRLG.V,,0.9900000095367432,0.9900000095367432,0.9900000095367432,0.9900000095367432,2500.0
2026-04-06 09:53:00,TSG.V,,0.24500000476837158,0.24500000476837158,0.24500000476837158,0.24500000476837158,15000.0
2026-04-06 09:53:00,VCU.V,,1.149999976158142,1.149999976158142,1.149999976158142,1.149999976158142,1000.0
2026-04-06 09:53:00,WGO.V,,1.5199999809265137,1.5199999809265137,1.5199999809265137,1.5199999809265137,10000.0
2026-04-06 09:53:00,WRLG.V,,1.0,1.0,0.9900000095367432,0.9900000095367432,300.0
2026-04-06 09:53:00,ZDC.V,,4.960000038146973,4.960000038146973,4.949999809265137,4.949999809265137,1728.0
2026-04-06 09:54:00,UCU.V,,5.650000095367432,5.650000095367432,5.650000095367432,5.650000095367432,3500.0
2026-04-06 09:54:00,VCU.V,,1.149999976158142,1.149999976158142,1.149999976158142,1.149999976158142,6400.0
2026-04-06 09:55:00,AUMB.V,,0.9300000071525574,0.9300000071525574,0.9300000071525574,0.9300000071525574,6500.0
2026-04-06 09:55:00,VCU.V,,1.149999976158142,1.149999976158142,1.149999976158142,1.149999976158142,500.0
2026-04-06 09:56:00,UCU.V,,5.639999866485596,5.639999866485596,5.630000114440918,5.639999866485596,5900.0
2026-04-06 09:56:00,VCU.V,,1.159999966621399,1.159999966621399,1.149999976158142,1.149999976158142,8441.0
2026-04-06 09:56:00,WEB.V,,1.7000000476837158,1.7000000476837158,1.7000000476837158,1.7000000476837158,400.0
2026-04-06 09:57:00,UCU.V,,5.639999866485596,5.639999866485596,5.639999866485596,5.639999866485596,500.0
2026-04-06 09:57:00,WRLG.V,,1.0,1.0,1.0,1.0,2000.0
2026-04-06 09:58:00,UCU.V,,5.639999866485596,5.639999866485596,5.639999866485596,5.639999866485596,200.0
2026-04-06 09:59:00,AUMB.V,,0.9399999976158142,0.9399999976158142,0.9399999976158142,0.9399999976158142,500.0
2026-04-06 09:59:00,TSLV.V,,0.10999999940395355,0.10999999940395355,0.10999999940395355,0.10999999940395355,56000.0
2026-04-06 09:59:00,TUD.V,,0.9800000190734863,0.9800000190734863,0.9800000190734863,0.9800000190734863,400.0
2026-04-06 09:59:00,UCU.V,,5.679999828338623,5.679999828338623,5.630000114440918,5.639999866485596,4600.0
2026-04-06 09:59:00,VCU.V,,1.159999966621399,1.159999966621399,1.159999966621399,1.159999966621399,7982.0
2026-04-06 09:59:00,YTY.V,,0.03999999910593033,0.03999999910593033,0.03999999910593033,0.03999999910593033,97000.0
2026-04-06 10:00:00,AUMB.V,,0.9399999976158142,0.9399999976158142,0.9399999976158142,0.9399999976158142,12322.0
2026-04-06 10:00:00,TUD.V,,0.9800000190734863,0.9800000190734863,0.9800000190734863,0.9800000190734863,1800.0
2026-04-06 10:00:00,WRLG.V,,0.9900000095367432,0.9900000095367432,0.9900000095367432,0.9900000095367432,5344.0
2026-04-06 10:00:00,YEG.V,,0.17499999701976776,0.17499999701976776,0.17499999701976776,0.17499999701976776,0.0
2026-04-06 10:00:00,YTY.V,,0.03999999910593033,0.03999999910593033,0.03999999910593033,0.03999999910593033,99000.0
2026-04-06 10:01:00,AUMB.V,,0.949999988079071,0.949999988079071,0.949999988079071,0.949999988079071,1000.0
2026-04-06 10:01:00,USCU.V,,0.1899999976158142,0.1899999976158142,0.1850000023841858,0.1850000023841858,0.0
2026-04-06 10:02:00,AUMB.V,,0.9399999976158142,0.9399999976158142,0.9399999976158142,0.9399999976158142,3000.0
2026-04-06 10:02:00,UCU.V,,5.639999866485596,5.639999866485596,5.630000114440918,5.639999866485596,600.0
2026-04-06 10:02:00,WVM.V,,1.9500000476837158,1.9500000476837158,1.9500000476837158,1.9500000476837158,1700.0
2026-04-06 10:03:00,AUMB.V,,0.9399999976158142,0.9399999976158142,0.9399999976158142,0.9399999976158142,1000.0
2026-04-06 10:03:00,UCU.V,,5.619999885559082,5.630000114440918,5.619999885559082,5.630000114440918,1600.0
2026-04-06 10:04:00,AUMB.V,,0.9300000071525574,0.9300000071525574,0.9300000071525574,0.9300000071525574,30960.0
2026-04-06 10:04:00,ONE.V,,0.4050000011920929,0.4050000011920929,0.4050000011920929,0.4050000011920929,1500.0
2026-04-06 10:04:00,TUD.V,,0.9700000286102295,0.9700000286102295,0.9700000286102295,0.9700000286102295,1300.0
2026-04-06 10:04:00,UCU.V,,5.559999942779541,5.610000133514404,5.559999942779541,5.610000133514404,6826.0
2026-04-06 10:04:00,WGO.V,,1.5299999713897705,1.5299999713897705,1.5299999713897705,1.5299999713897705,100.0
2026-04-06 10:04:00,WRLG.V,,0.9900000095367432,0.9900000095367432,0.9900000095367432,0.9900000095367432,13255.0
2026-04-06 10:05:00,THX.V,,1.4199999570846558,1.4199999570846558,1.4049999713897705,1.4049999713897705,8200.0
2026-04-06 10:05:00,VCU.V,,1.1399999856948853,1.149999976158142,1.1399999856948853,1.149999976158142,21800.0
2026-04-06 10:05:00,VLI.V,,0.014999999664723873,0.014999999664723873,0.014999999664723873,0.014999999664723873,26000.0
2026-04-06 10:05:00,WRLG.V,,0.9900000095367432,0.9900000095367432,0.9900000095367432,0.9900000095367432,5000.0
2026-04-06 10:06:00,THX.V,,1.4199999570846558,1.4199999570846558,1.4199999570846558,1.4199999570846558,3100.0
2026-04-06 10:06:00,WRLG.V,,1.0,1.0,0.9900000095367432,0.9900000095367432,600.0
2026-04-06 10:06:00,ZDC.V,,4.880000114440918,4.920000076293945,4.880000114440918,4.920000076293945,2400.0
2026-04-06 10:06:00,ZON.V,,0.11500000208616257,0.11999999731779099,0.11500000208616257,0.11999999731779099,18100.0
2026-04-06 10:07:00,THX.V,,1.4199999570846558,1.4199999570846558,1.4199999570846558,1.4199999570846558,2300.0
2026-04-06 10:07:00,TIG.V,,0.6100000143051147,0.6200000047683716,0.6100000143051147,0.6200000047683716,2000.0
2026-04-06 10:07:00,WRLG.V,,1.0,1.0,0.9900000095367432,0.9900000095367432,700.0
2026-04-06 10:08:00,WGO.V,,1.5099999904632568,1.5199999809265137,1.5099999904632568,1.5199999809265137,8442.0
2026-04-06 10:08:00,ZEN.V,,0.75,0.7799999713897705,0.75,0.7799999713897705,14000.0
2026-04-06 10:09:00,WEB.V,,1.7100000381469727,1.7100000381469727,1.7000000476837158,1.7000000476837158,3100.0
2026-04-06 10:09:00,WRLG.V,,0.9900000095367432,1.0,0.9900000095367432,1.0,7100.0
2026-04-06 10:10:00,WRLG.V,,0.9900000095367432,0.9900000095367432,0.9900000095367432,0.9900000095367432,14913.0
2026-04-06 10:10:00,ZDC.V,,4.869999885559082,4.869999885559082,4.869999885559082,4.869999885559082,6100.0
2026-04-06 10:11:00,AUMB.V,,0.9200000166893005,0.9200000166893005,0.9200000166893005,0.9200000166893005,13915.0
2026-04-06 10:12:00,AUMB.V,,0.9200000166893005,0.9200000166893005,0.9200000166893005,0.9200000166893005,525.0
2026-04-06 10:12:00,TUD.V,,0.9599999785423279,0.9599999785423279,0.9599999785423279,0.9599999785423279,5000.0
2026-04-06 10:12:00,WRLG.V,,0.9900000095367432,0.9900000095367432,0.9900000095367432,0.9900000095367432,200.0
2026-04-06 10:13:00,AUMB.V,,0.9200000166893005,0.9200000166893005,0.9200000166893005,0.9200000166893005,2500.0
2026-04-06 10:13:00,LOT.V,,0.054999999701976776,0.054999999701976776,0.054999999701976776,0.054999999701976776,21000.0
2026-04-06 10:13:00,WGO.V,,1.5099999904632568,1.5099999904632568,1.5099999904632568,1.5099999904632568,100.0
2026-04-06 10:14:00,VPT.V,,0.11500000208616257,0.11500000208616257,0.11500000208616257,0.11500000208616257,7500.0
2026-04-06 10:14:00,ZDC.V,,4.920000076293945,4.920000076293945,4.920000076293945,4.920000076293945,1500.0
2026-04-06 10:15:00,TOI.V,,97.66000366210938,97.66000366210938,97.62999725341797,97.62999725341797,300.0
2026-04-06 10:15:00,UCU.V,,5.559999942779541,5.559999942779541,5.559999942779541,5.559999942779541,3100.0
2026-04-06 10:16:00,UGD.V,,0.4350000023841858,0.4350000023841858,0.4350000023841858,0.4350000023841858,17000.0
2026-04-06 10:17:00,TTZ.V,,0.3199999928474426,0.3199999928474426,0.3199999928474426,0.3199999928474426,0.0
2026-04-06 10:17:00,UCU.V,,5.5,5.550000190734863,5.5,5.550000190734863,8569.0
2026-04-06 10:17:00,VAU.V,,0.1550000011920929,0.1550000011920929,0.1550000011920929,0.1550000011920929,5000.0
2026-04-06 10:17:00,VRB.V,,0.10999999940395355,0.10999999940395355,0.10999999940395355,0.10999999940395355,1000.0
2026-04-06 10:17:00,WGO.V,,1.5199999809265137,1.5199999809265137,1.5149999856948853,1.5149999856948853,13875.0
2026-04-06 10:18:00,RARE.V,,5.150000095367432,5.150000095367432,5.150000095367432,5.150000095367432,230.0
2026-04-06 10:18:00,TBK.V,,0.4300000071525574,0.4300000071525574,0.4300000071525574,0.4300000071525574,3875.0
2026-04-06 10:18:00,THX.V,,1.409999966621399,1.409999966621399,1.409999966621399,1.409999966621399,100.0
2026-04-06 10:18:00,UCU.V,,5.510000228881836,5.510000228881836,5.510000228881836,5.510000228881836,600.0
2026-04-06 10:18:00,USCU.V,,0.1899999976158142,0.1899999976158142,0.1899999976158142,0.1899999976158142,10800.0
2026-04-06 10:18:00,WRLG.V,,0.9900000095367432,0.9900000095367432,0.9900000095367432,0.9900000095367432,34200.0
2026-04-06 10:19:00,THX.V,,1.4049999713897705,1.4049999713897705,1.4049999713897705,1.4049999713897705,100.0
2026-04-06 10:19:00,UCU.V,,5.510000228881836,5.510000228881836,5.489999771118164,5.489999771118164,6182.0
2026-04-06 10:19:00,WRLG.V,,0.9900000095367432,0.9900000095367432,0.9900000095367432,0.9900000095367432,100.0
2026-04-06 10:19:00,ZDC.V,,4.900000095367432,4.900000095367432,4.889999866485596,4.889999866485596,600.0
2026-04-06 10:20:00,THX.V,,1.409999966621399,1.409999966621399,1.409999966621399,1.409999966621399,400.0
2026-04-06 10:20:00,VML.V,,0.5400000214576721,0.5400000214576721,0.5400000214576721,0.5400000214576721,1500.0
2026-04-06 10:20:00,VPT.V,,0.11500000208616257,0.11500000208616257,0.11500000208616257,0.11500000208616257,12500.0
2026-04-06 10:20:00,WGO.V,,1.5099999904632568,1.5099999904632568,1.5099999904632568,1.5099999904632568,100.0
2026-04-06 10:21:00,ZDC.V,,4.869999885559082,4.889999866485596,4.869999885559082,4.889999866485596,3200.0
2026-04-06 10:22:00,RARE.V,,5.150000095367432,5.150000095367432,5.150000095367432,5.150000095367432,100.0
2026-04-06 10:22:00,UCU.V,,5.510000228881836,5.510000228881836,5.510000228881836,5.510000228881836,1200.0
2026-04-06 10:22:00,ZDC.V,,4.900000095367432,4.900000095367432,4.869999885559082,4.869999885559082,1300.0
2026-04-06 10:23:00,TGOL.V,,0.10499999672174454,0.10499999672174454,0.10499999672174454,0.10499999672174454,500.0
2026-04-06 10:23:00,WGO.V,,1.5099999904632568,1.5099999904632568,1.5099999904632568,1.5099999904632568,100.0
2026-04-06 10:23:00,ZDC.V,,4.900000095367432,4.900000095367432,4.900000095367432,4.900000095367432,800.0
2026-04-06 10:24:00,TELO.V,,0.054999999701976776,0.054999999701976776,0.054999999701976776,0.054999999701976776,0.0
2026-04-06 10:25:00,THM.V,,1.0299999713897705,1.0299999713897705,1.0299999713897705,1.0299999713897705,0.0
2026-04-06 10:25:00,TOI.V,,97.58999633789062,97.58999633789062,97.52999877929688,97.52999877929688,400.0
2026-04-06 10:25:00,UCU.V,,5.519999980926514,5.519999980926514,5.519999980926514,5.519999980926514,100.0
2026-04-06 10:25:00,WEX.V,,0.6399999856948853,0.6399999856948853,0.6399999856948853,0.6399999856948853,500.0
2026-04-06 10:25:00,ZDC.V,,4.889999866485596,4.900000095367432,4.889999866485596,4.900000095367432,400.0
2026-04-06 10:26:00,THX.V,,1.4199999570846558,1.4199999570846558,1.4199999570846558,1.4199999570846558,1050.0
2026-04-06 10:26:00,UCU.V,,5.519999980926514,5.519999980926514,5.519999980926514,5.519999980926514,223.0
2026-04-06 10:26:00,WEX.V,,0.6499999761581421,0.6499999761581421,0.6499999761581421,0.6499999761581421,2500.0
2026-04-06 10:26:00,WGO.V,,1.5099999904632568,1.5099999904632568,1.5099999904632568,1.5099999904632568,100.0
2026-04-06 10:26:00,WI.V,,0.9399999976158142,0.9399999976158142,0.9399999976158142,0.9399999976158142,1500.0
2026-04-06 10:27:00,RARE.V,,5.150000095367432,5.150000095367432,5.150000095367432,5.150000095367432,200.0
2026-04-06 10:27:00,TUD.V,,0.9700000286102295,0.9700000286102295,0.9700000286102295,0.9700000286102295,500.0
2026-04-06 10:28:00,VCU.V,,1.1399999856948853,1.1399999856948853,1.1399999856948853,1.1399999856948853,200.0
2026-04-06 10:29:00,VPT.V,,0.11500000208616257,0.11500000208616257,0.11500000208616257,0.11500000208616257,5970.0
2026-04-06 10:29:00,WEB.V,,1.7000000476837158,1.7200000286102295,1.7000000476837158,1.7200000286102295,1200.0
2026-04-06 10:30:00,TTS.V,,0.4650000035762787,0.4650000035762787,0.4650000035762787,0.4650000035762787,5000.0
2026-04-06 10:30:00,UGD.V,,0.4399999976158142,0.4399999976158142,0.4399999976158142,0.4399999976158142,23000.0
2026-04-06 10:30:00,WRLG.V,,0.9900000095367432,0.9900000095367432,0.9900000095367432,0.9900000095367432,10022.0
2026-04-06 10:31:00,TOI.V,,98.27999877929688,98.27999877929688,97.80000305175781,97.80000305175781,665.0
2026-04-06 10:31:00,UCU.V,,5.5,5.510000228881836,5.5,5.510000228881836,2749.0
2026-04-06 10:31:00,WGO.V,,1.5199999809265137,1.5199999809265137,1.5199999809265137,1.5199999809265137,1300.0
2026-04-06 10:32:00,AUMB.V,,0.9399999976158142,0.9399999976158142,0.9350000023841858,0.9350000023841858,16000.0
2026-04-06 10:32:00,TM.V,,0.41499999165534973,0.41499999165534973,0.41499999165534973,0.41499999165534973,0.0
2026-04-06 10:32:00,UCU.V,,5.5,5.5,5.5,5.5,849.0
2026-04-06 10:33:00,TWO.V,,0.47999998927116394,0.48500001430511475,0.47999998927116394,0.48500001430511475,6700.0
2026-04-06 10:33:00,WGO.V,,1.5199999809265137,1.5199999809265137,1.5199999809265137,1.5199999809265137,100.0
2026-04-06 10:33:00,WVM.V,,1.9450000524520874,1.9450000524520874,1.9450000524520874,1.9450000524520874,100.0
2026-04-06 10:34:00,AUMB.V,,0.9350000023841858,0.9350000023841858,0.9350000023841858,0.9350000023841858,1500.0
2026-04-06 10:34:00,TTS.V,,0.46000000834465027,0.46000000834465027,0.46000000834465027,0.46000000834465027,2500.0
2026-04-06 10:34:00,VO.V,,0.0949999988079071,0.0949999988079071,0.0949999988079071,0.0949999988079071,20000.0
2026-04-06 10:34:00,WGO.V,,1.5199999809265137,1.5199999809265137,1.5199999809265137,1.5199999809265137,5900.0
2026-04-06 10:34:00,ZEN.V,,0.7599999904632568,0.7599999904632568,0.7599999904632568,0.7599999904632568,1000.0
2026-04-06 10:36:00,TOI.V,,98.4000015258789,98.4000015258789,98.4000015258789,98.4000015258789,1053.0
2026-04-06 10:36:00,WHY.V,,0.33000001311302185,0.33000001311302185,0.33000001311302185,0.33000001311302185,0.0
2026-04-06 10:36:00,WRLG.V,,1.0,1.0,1.0,1.0,11400.0
2026-04-06 10:37:00,TOI.V,,98.0,98.01000213623047,98.0,98.01000213623047,426.0
2026-04-06 10:37:00,UCU.V,,5.460000038146973,5.489999771118164,5.449999809265137,5.489999771118164,7100.0
2026-04-06 10:38:00,UCU.V,,5.5,5.5,5.460000038146973,5.460000038146973,6500.0
2026-04-06 10:38:00,WGO.V,,1.5199999809265137,1.5199999809265137,1.5199999809265137,1.5199999809265137,200.0
2026-04-06 10:38:00,WRLG.V,,1.0,1.0,1.0,1.0,100.0
2026-04-06 10:39:00,AUMB.V,,0.9300000071525574,0.9300000071525574,0.9300000071525574,0.9300000071525574,2500.0
2026-04-06 10:39:00,WGO.V,,1.5199999809265137,1.5199999809265137,1.5199999809265137,1.5199999809265137,1600.0
2026-04-06 10:40:00,AUMB.V,,0.9399999976158142,0.9399999976158142,0.9399999976158142,0.9399999976158142,10525.0
2026-04-06 10:40:00,THX.V,,1.409999966621399,1.409999966621399,1.409999966621399,1.409999966621399,100.0
2026-04-06 10:40:00,WEX.V,,0.6499999761581421,0.6499999761581421,0.6499999761581421,0.6499999761581421,2000.0
2026-04-06 10:41:00,TBIX.V,,0.014999999664723873,0.014999999664723873,0.014999999664723873,0.014999999664723873,40000.0
2026-04-06 10:41:00,UCU.V,,5.510000228881836,5.510000228881836,5.510000228881836,5.510000228881836,110.0
2026-04-06 10:41:00,VZZ.V,,0.11999999731779099,0.11999999731779099,0.11999999731779099,0.11999999731779099,9500.0
2026-04-06 10:41:00,WGO.V,,1.5099999904632568,1.5199999809265137,1.5,1.5199999809265137,201950.0
2026-04-06 10:41:00,ZDC.V,,4.920000076293945,4.920000076293945,4.920000076293945,4.920000076293945,500.0
2026-04-06 10:42:00,THX.V,,1.4199999570846558,1.4199999570846558,1.4199999570846558,1.4199999570846558,400.0
2026-04-06 10:42:00,TUD.V,,0.9700000286102295,0.9700000286102295,0.9700000286102295,0.9700000286102295,500.0
2026-04-06 10:42:00,WRLG.V,,1.0,1.0,1.0,1.0,200.0
2026-04-06 10:43:00,AUMB.V,,0.9399999976158142,0.9399999976158142,0.9399999976158142,0.9399999976158142,11500.0
2026-04-06 10:43:00,THX.V,,1.4299999475479126,1.4299999475479126,1.4199999570846558,1.4299999475479126,30600.0
2026-04-06 10:43:00,WGO.V,,1.5099999904632568,1.5099999904632568,1.5099999904632568,1.5099999904632568,100.0
2026-04-06 10:43:00,WHY.V,,0.32499998807907104,0.32499998807907104,0.32499998807907104,0.32499998807907104,12000.0
2026-04-06 10:43:00,ZDC.V,,4.949999809265137,4.949999809265137,4.949999809265137,4.949999809265137,1600.0
2026-04-06 10:44:00,AUMB.V,,0.9399999976158142,0.9399999976158142,0.9399999976158142,0.9399999976158142,500.0
2026-04-06 10:44:00,THX.V,,1.4299999475479126,1.4299999475479126,1.4199999570846558,1.4199999570846558,2700.0
2026-04-06 10:44:00,TMET.V,,0.10000000149011612,0.10000000149011612,0.10000000149011612,0.10000000149011612,500.0
2026-04-06 10:44:00,WGO.V,,1.5099999904632568,1.5099999904632568,1.5099999904632568,1.5099999904632568,200.0
2026-04-06 10:44:00,WHY.V,,0.32499998807907104,0.32499998807907104,0.32499998807907104,0.32499998807907104,14500.0
2026-04-06 10:45:00,NILI.V,,0.5950000286102295,0.5950000286102295,0.5950000286102295,0.5950000286102295,1000.0
2026-04-06 10:45:00,TOI.V,,98.37999725341797,98.58999633789062,98.37999725341797,98.58999633789062,400.0
2026-04-06 10:45:00,UCU.V,,5.480000019073486,5.480000019073486,5.46999979019165,5.46999979019165,1050.0
2026-04-06 10:46:00,ZDC.V,,5.0,5.0,4.989999771118164,4.989999771118164,1203.0
2026-04-06 10:47:00,AUMB.V,,0.9399999976158142,0.9399999976158142,0.9399999976158142,0.9399999976158142,7000.0
2026-04-06 10:47:00,UCU.V,,5.489999771118164,5.489999771118164,5.480000019073486,5.480000019073486,800.0
2026-04-06 10:48:00,VCT.V,,0.029999999329447746,0.029999999329447746,0.029999999329447746,0.029999999329447746,10000.0
2026-04-06 10:49:00,AUMB.V,,0.9399999976158142,0.9399999976158142,0.9399999976158142,0.9399999976158142,2000.0
2026-04-06 10:49:00,TOI.V,,97.97000122070312,97.97000122070312,97.97000122070312,97.97000122070312,123.0
2026-04-06 10:49:00,TWR.V,,0.17000000178813934,0.17000000178813934,0.17000000178813934,0.17000000178813934,16500.0
2026-04-06 10:49:00,UCU.V,,5.429999828338623,5.429999828338623,5.429999828338623,5.429999828338623,100.0
2026-04-06 10:49:00,VCT.V,,0.029999999329447746,0.029999999329447746,0.029999999329447746,0.029999999329447746,10000.0
2026-04-06 10:49:00,WRLG.V,,1.0,1.0,1.0,1.0,100.0
2026-04-06 10:50:00,NILI.V,,0.5950000286102295,0.5950000286102295,0.5950000286102295,0.5950000286102295,500.0
2026-04-06 10:50:00,WRLG.V,,1.0,1.0,1.0,1.0,100.0
2026-04-06 10:51:00,UCU.V,,5.420000076293945,5.429999828338623,5.409999847412109,5.429999828338623,770.0
2026-04-06 10:51:00,WHY.V,,0.32499998807907104,0.32499998807907104,0.32499998807907104,0.32499998807907104,3500.0
2026-04-06 10:52:00,TIG.V,,0.6100000143051147,0.6100000143051147,0.5899999737739563,0.6000000238418579,18500.0
2026-04-06 10:52:00,WCE.V,,0.125,0.125,0.11999999731779099,0.11999999731779099,3000.0
2026-04-06 10:53:00,AUMB.V,,0.949999988079071,0.949999988079071,0.949999988079071,0.949999988079071,19000.0
2026-04-06 10:53:00,TECT.V,,2.319999933242798,2.319999933242798,2.309999942779541,2.309999942779541,600.0
2026-04-06 10:53:00,THX.V,,1.4299999475479126,1.4299999475479126,1.4299999475479126,1.4299999475479126,1100.0
2026-04-06 10:53:00,UCU.V,,5.440000057220459,5.440000057220459,5.429999828338623,5.440000057220459,800.0
2026-04-06 10:54:00,UCU.V,,5.440000057220459,5.440000057220459,5.440000057220459,5.440000057220459,300.0
2026-04-06 10:54:00,WHN.V,,0.25999999046325684,0.25999999046325684,0.25999999046325684,0.25999999046325684,5000.0
2026-04-06 10:54:00,WRLG.V,,1.0,1.0,1.0,1.0,1000.0
2026-04-06 10:55:00,AUMB.V,,0.949999988079071,0.949999988079071,0.949999988079071,0.949999988079071,1400.0
2026-04-06 10:55:00,NILI.V,,0.5950000286102295,0.5950000286102295,0.5950000286102295,0.5950000286102295,825.0
2026-04-06 10:55:00,TTG.V,,0.1599999964237213,0.1599999964237213,0.1599999964237213,0.1599999964237213,1000.0
2026-04-06 10:55:00,ZEN.V,,0.7599999904632568,0.7599999904632568,0.7599999904632568,0.7599999904632568,3333.0
2026-04-06 10:56:00,THX.V,,1.4299999475479126,1.4299999475479126,1.4299999475479126,1.4299999475479126,100.0
2026-04-06 10:56:00,WRLG.V,,1.0,1.0,1.0,1.0,100.0
2026-04-06 10:57:00,TUO.V,,1.6799999475479126,1.6799999475479126,1.6799999475479126,1.6799999475479126,500.0
2026-04-06 10:57:00,VGD.V,,0.1899999976158142,0.1899999976158142,0.1899999976158142,0.1899999976158142,4500.0
2026-04-06 10:57:00,WGO.V,,1.5299999713897705,1.5299999713897705,1.5199999809265137,1.5199999809265137,2500.0
2026-04-06 10:58:00,AUMB.V,,0.949999988079071,0.949999988079071,0.949999988079071,0.949999988079071,4500.0
2026-04-06 10:58:00,TUD.V,,0.9950000047683716,1.0,0.9800000190734863,0.9800000190734863,53600.0
2026-04-06 10:58:00,WRLG.V,,1.0,1.0,1.0,1.0,11400.0
2026-04-06 10:59:00,AUMB.V,,0.949999988079071,0.949999988079071,0.949999988079071,0.949999988079071,6500.0
2026-04-06 10:59:00,WRLG.V,,1.0,1.0,1.0,1.0,4700.0
2026-04-06 11:01:00,UCU.V,,5.449999809265137,5.460000038146973,5.429999828338623,5.429999828338623,4400.0
2026-04-06 11:01:00,ZEN.V,,0.7599999904632568,0.7599999904632568,0.7599999904632568,0.7599999904632568,2000.0
2026-04-06 11:02:00,TUO.V,,1.6799999475479126,1.6799999475479126,1.659999966621399,1.6699999570846558,1030.0
2026-04-06 11:02:00,VCU.V,,1.149999976158142,1.149999976158142,1.149999976158142,1.149999976158142,10200.0
2026-04-06 11:02:00,WRLG.V,,1.0,1.0,1.0,1.0,100.0
2026-04-06 11:03:00,TIG.V,,0.6100000143051147,0.6100000143051147,0.6100000143051147,0.6100000143051147,500.0
2026-04-06 11:03:00,TOI.V,,97.01000213623047,97.79000091552734,96.80000305175781,97.29000091552734,2000.0
2026-04-06 11:03:00,WRLG.V,,1.0,1.0,1.0,1.0,500.0
2026-04-06 11:03:00,ZDC.V,,5.099999904632568,5.099999904632568,5.039999961853027,5.050000190734863,7800.0
2026-04-06 11:04:00,TELO.V,,0.05999999865889549,0.05999999865889549,0.054999999701976776,0.054999999701976776,10000.0
2026-04-06 11:04:00,TOI.V,,97.27999877929688,97.27999877929688,96.79000091552734,96.79000091552734,624.0
2026-04-06 11:04:00,TUD.V,,0.9900000095367432,1.0,0.9900000095367432,0.9900000095367432,8400.0
2026-04-06 11:04:00,TWO.V,,0.47999998927116394,0.47999998927116394,0.47999998927116394,0.47999998927116394,500.0
2026-04-06 11:04:00,UCU.V,,5.449999809265137,5.449999809265137,5.449999809265137,5.449999809265137,100.0
2026-04-06 11:04:00,WGO.V,,1.5299999713897705,1.5299999713897705,1.5299999713897705,1.5299999713897705,200.0
2026-04-06 11:05:00,RARE.V,,5.28000020980835,5.28000020980835,5.28000020980835,5.28000020980835,163.0
2026-04-06 11:05:00,WEX.V,,0.6600000262260437,0.6600000262260437,0.6600000262260437,0.6600000262260437,3000.0
2026-04-06 11:05:00,WRLG.V,,1.0,1.0,1.0,1.0,266.0
2026-04-06 11:06:00,RARE.V,,5.28000020980835,5.28000020980835,5.28000020980835,5.28000020980835,600.0
2026-04-06 11:06:00,UCU.V,,5.420000076293945,5.420000076293945,5.420000076293945,5.420000076293945,925.0
2026-04-06 11:07:00,AUMB.V,,0.949999988079071,0.949999988079071,0.949999988079071,0.949999988079071,1025.0
2026-04-06 11:07:00,UCU.V,,5.420000076293945,5.420000076293945,5.409999847412109,5.409999847412109,600.0
2026-04-06 11:07:00,VAU.V,,0.15000000596046448,0.15000000596046448,0.15000000596046448,0.15000000596046448,2000.0
2026-04-06 11:08:00,UGD.V,,0.4300000071525574,0.4300000071525574,0.4300000071525574,0.4300000071525574,28000.0
2026-04-06 11:08:00,WCE.V,,0.125,0.125,0.125,0.125,3000.0
2026-04-06 11:08:00,WEX.V,,0.6600000262260437,0.6600000262260437,0.6600000262260437,0.6600000262260437,1000.0
2026-04-06 11:08:00,WRLG.V,,1.0,1.0,1.0,1.0,100.0
2026-04-06 11:09:00,UCU.V,,5.400000095367432,5.400000095367432,5.400000095367432,5.400000095367432,973.0
2026-04-06 11:09:00,VCU.V,,1.1399999856948853,1.1399999856948853,1.1399999856948853,1.1399999856948853,300.0
2026-04-06 11:09:00,WCE.V,,0.125,0.125,0.125,0.125,12500.0
2026-04-06 11:10:00,TTS.V,,0.4749999940395355,0.4749999940395355,0.4749999940395355,0.4749999940395355,500.0
2026-04-06 11:11:00,THX.V,,1.4299999475479126,1.4299999475479126,1.4299999475479126,1.4299999475479126,10200.0
2026-04-06 11:11:00,UCU.V,,5.369999885559082,5.380000114440918,5.369999885559082,5.380000114440918,1972.0
2026-04-06 11:12:00,THX.V,,1.4199999570846558,1.4199999570846558,1.4199999570846558,1.4199999570846558,100.0
2026-04-06 11:12:00,UCU.V,,5.369999885559082,5.369999885559082,5.369999885559082,5.369999885559082,300.0
2026-04-06 11:13:00,THX.V,,1.4249999523162842,1.4249999523162842,1.4249999523162842,1.4249999523162842,100.0
2026-04-06 11:13:00,WCE.V,,0.11999999731779099,0.125,0.11999999731779099,0.125,5500.0
2026-04-06 11:14:00,AUMB.V,,0.949999988079071,0.949999988079071,0.949999988079071,0.949999988079071,11000.0
2026-04-06 11:14:00,THX.V,,1.4299999475479126,1.4299999475479126,1.4299999475479126,1.4299999475479126,100.0
2026-04-06 11:14:00,VQS.V,,0.07000000029802322,0.07000000029802322,0.07000000029802322,0.07000000029802322,1600.0
2026-04-06 11:14:00,WED.V,,23.350000381469727,23.350000381469727,23.350000381469727,23.350000381469727,0.0
2026-04-06 11:14:00,Z-H.V,,0.1599999964237213,0.1599999964237213,0.1599999964237213,0.1599999964237213,0.0
2026-04-06 11:15:00,UCU.V,,5.389999866485596,5.400000095367432,5.380000114440918,5.380000114440918,1000.0
2026-04-06 11:15:00,WGO.V,,1.5199999809265137,1.5199999809265137,1.5199999809265137,1.5199999809265137,450.0
2026-04-06 11:16:00,TOI.V,,96.9749984741211,96.9749984741211,96.9749984741211,96.9749984741211,100.0
2026-04-06 11:17:00,THX.V,,1.4299999475479126,1.4299999475479126,1.4199999570846558,1.4199999570846558,350.0
2026-04-06 11:17:00,UCU.V,,5.409999847412109,5.409999847412109,5.409999847412109,5.409999847412109,100.0
2026-04-06 11:18:00,AUMB.V,,0.949999988079071,0.949999988079071,0.949999988079071,0.949999988079071,7400.0
2026-04-06 11:18:00,TIG.V,,0.5899999737739563,0.6100000143051147,0.5899999737739563,0.6100000143051147,2950.0
2026-04-06 11:18:00,UCU.V,,5.46999979019165,5.46999979019165,5.449999809265137,5.449999809265137,641.0
2026-04-06 11:18:00,ZONE.V,,0.019999999552965164,0.019999999552965164,0.019999999552965164,0.019999999552965164,0.0
2026-04-06 11:19:00,THX.V,,1.4249999523162842,1.4249999523162842,1.4249999523162842,1.4249999523162842,100.0
2026-04-06 11:19:00,VCU.V,,1.1399999856948853,1.1399999856948853,1.1399999856948853,1.1399999856948853,100.0
2026-04-06 11:20:00,TECT.V,,2.240000009536743,2.240000009536743,2.240000009536743,2.240000009536743,1000.0
2026-04-06 11:20:00,VCT.V,,0.029999999329447746,0.029999999329447746,0.029999999329447746,0.029999999329447746,1000.0
2026-04-06 11:20:00,WHN.V,,0.25999999046325684,0.25999999046325684,0.25999999046325684,0.25999999046325684,18500.0
2026-04-06 11:21:00,AUMB.V,,0.949999988079071,0.949999988079071,0.949999988079071,0.949999988079071,6500.0
2026-04-06 11:21:00,THX.V,,1.4299999475479126,1.4299999475479126,1.4249999523162842,1.4249999523162842,600.0
2026-04-06 11:21:00,VIO.V,,0.12999999523162842,0.12999999523162842,0.12999999523162842,0.12999999523162842,40000.0
2026-04-06 11:21:00,VRB.V,,0.10999999940395355,0.10999999940395355,0.10999999940395355,0.10999999940395355,4500.0
2026-04-06 11:21:00,WRLG.V,,1.0,1.0,1.0,1.0,7700.0
2026-04-06 11:22:00,TECT.V,,2.25,2.25,2.25,2.25,2800.0
2026-04-06 11:22:00,TUD.V,,1.0,1.0,1.0,1.0,300.0
2026-04-06 11:22:00,VCU.V,,1.1399999856948853,1.1399999856948853,1.1399999856948853,1.1399999856948853,100.0
2026-04-06 11:23:00,TOI.V,,97.22000122070312,97.22000122070312,96.98999786376953,97.18000030517578,1400.0
2026-04-06 11:23:00,TUD.V,,1.0,1.0,1.0,1.0,2800.0
2026-04-06 11:23:00,WRR.V,,0.3050000071525574,0.3050000071525574,0.3050000071525574,0.3050000071525574,500.0
2026-04-06 11:23:00,YEG.V,,0.17499999701976776,0.17499999701976776,0.17499999701976776,0.17499999701976776,500.0
2026-04-06 11:24:00,TOI.V,,96.80000305175781,96.80000305175781,96.80000305175781,96.80000305175781,100.0
2026-04-06 11:24:00,TUD.V,,1.0099999904632568,1.0099999904632568,1.0,1.0,2520.0
2026-04-06 11:24:00,WRLG.V,,0.9900000095367432,1.0,0.9900000095367432,1.0,17000.0
2026-04-06 11:25:00,UCU.V,,5.440000057220459,5.449999809265137,5.440000057220459,5.449999809265137,750.0
2026-04-06 11:25:00,VCU.V,,1.1299999952316284,1.1399999856948853,1.1299999952316284,1.1399999856948853,33018.0
2026-04-06 11:25:00,VIO.V,,0.12999999523162842,0.12999999523162842,0.12999999523162842,0.12999999523162842,20000.0
2026-04-06 11:25:00,WRLG.V,,1.0,1.0,1.0,1.0,100.0
2026-04-06 11:26:00,UCU.V,,5.449999809265137,5.449999809265137,5.449999809265137,5.449999809265137,100.0
2026-04-06 11:26:00,VCU.V,,1.1200000047683716,1.1200000047683716,1.1200000047683716,1.1200000047683716,21700.0
2026-04-06 11:26:00,WEX.V,,0.6800000071525574,0.6800000071525574,0.6700000166893005,0.6700000166893005,9500.0
2026-04-06 11:26:00,WRR.V,,0.3050000071525574,0.3050000071525574,0.3050000071525574,0.3050000071525574,3000.0
2026-04-06 11:27:00,AUMB.V,,0.949999988079071,0.949999988079071,0.949999988079071,0.949999988079071,5311.0
2026-04-06 11:27:00,TOI.V,,96.76000213623047,96.76000213623047,96.76000213623047,96.76000213623047,100.0
2026-04-06 11:27:00,TUD.V,,1.0099999904632568,1.0099999904632568,1.0099999904632568,1.0099999904632568,300.0
2026-04-06 11:27:00,UCU.V,,5.429999828338623,5.429999828338623,5.429999828338623,5.429999828338623,100.0
2026-04-06 11:27:00,VCU.V,,1.1200000047683716,1.1200000047683716,1.1200000047683716,1.1200000047683716,200.0
2026-04-06 11:28:00,TOI.V,,97.19000244140625,97.19000244140625,97.19000244140625,97.19000244140625,114.0
2026-04-06 11:28:00,VCU.V,,1.1100000143051147,1.1100000143051147,1.100000023841858,1.1100000143051147,2900.0
2026-04-06 11:28:00,WGO.V,,1.5099999904632568,1.5099999904632568,1.5099999904632568,1.5099999904632568,400.0
2026-04-06 11:28:00,WRLG.V,,1.0,1.0,1.0,1.0,30500.0
2026-04-06 11:29:00,TOI.V,,96.75,96.81999969482422,96.75,96.81999969482422,423.0
2026-04-06 11:29:00,UCU.V,,5.429999828338623,5.429999828338623,5.429999828338623,5.429999828338623,100.0
2026-04-06 11:29:00,UGD.V,,0.4300000071525574,0.4300000071525574,0.4300000071525574,0.4300000071525574,500.0
2026-04-06 11:29:00,WRLG.V,,1.0,1.0,1.0,1.0,200.0
2026-04-06 11:30:00,AUMB.V,,0.949999988079071,0.949999988079071,0.949999988079071,0.949999988079071,3700.0
2026-04-06 11:30:00,WRLG.V,,0.9950000047683716,0.9950000047683716,0.9950000047683716,0.9950000047683716,1700.0
2026-04-06 11:31:00,UCU.V,,5.429999828338623,5.429999828338623,5.429999828338623,5.429999828338623,100.0
2026-04-06 11:32:00,TECT.V,,2.2699999809265137,2.2699999809265137,2.2699999809265137,2.2699999809265137,100.0
2026-04-06 11:32:00,THX.V,,1.434999942779541,1.434999942779541,1.434999942779541,1.434999942779541,0.0
2026-04-06 11:32:00,TOI.V,,96.66999816894531,96.80000305175781,96.66999816894531,96.79000091552734,400.0
2026-04-06 11:32:00,UCU.V,,5.420000076293945,5.429999828338623,5.420000076293945,5.429999828338623,1400.0
2026-04-06 11:33:00,AUMB.V,,0.949999988079071,0.949999988079071,0.949999988079071,0.949999988079071,32250.0
2026-04-06 11:33:00,THX.V,,1.434999942779541,1.434999942779541,1.434999942779541,1.434999942779541,100969.0
2026-04-06 11:33:00,TOI.V,,96.9800033569336,96.9800033569336,96.9800033569336,96.9800033569336,100.0
2026-04-06 11:33:00,WEB.V,,1.690000057220459,1.690000057220459,1.690000057220459,1.690000057220459,400.0
2026-04-06 11:34:00,UCU.V,,5.420000076293945,5.420000076293945,5.420000076293945,5.420000076293945,100.0
2026-04-06 11:35:00,TOI.V,,96.75,96.75,96.54000091552734,96.54000091552734,200.0
2026-04-06 11:36:00,THX.V,,1.4299999475479126,1.4299999475479126,1.4299999475479126,1.4299999475479126,400.0
2026-04-06 11:36:00,TMG.V,,0.14499999582767487,0.14499999582767487,0.14499999582767487,0.14499999582767487,12000.0
2026-04-06 11:36:00,TOI.V,,96.69999694824219,97.01000213623047,96.69999694824219,96.81999969482422,1200.0
2026-04-06 11:36:00,TUD.V,,1.0049999952316284,1.0049999952316284,1.0049999952316284,1.0049999952316284,100.0
2026-04-06 11:36:00,UCU.V,,5.420000076293945,5.420000076293945,5.420000076293945,5.420000076293945,200.0
2026-04-06 11:37:00,MUSH.V,,0.14499999582767487,0.15000000596046448,0.14499999582767487,0.15000000596046448,0.0
2026-04-06 11:37:00,THX.V,,1.4249999523162842,1.4249999523162842,1.4249999523162842,1.4249999523162842,100.0
2026-04-06 11:37:00,TOI.V,,96.97000122070312,96.97000122070312,96.6500015258789,96.6500015258789,1000.0
2026-04-06 11:37:00,UCU.V,,5.409999847412109,5.420000076293945,5.409999847412109,5.420000076293945,700.0
2026-04-06 11:37:00,ZDC.V,,5.03000020980835,5.074999809265137,5.03000020980835,5.074999809265137,1213.0
2026-04-06 11:38:00,TOI.V,,97.0,97.0,96.80000305175781,96.80000305175781,803.0
2026-04-06 11:38:00,TUD.V,,1.0049999952316284,1.0099999904632568,1.0,1.0,16700.0
2026-04-06 11:38:00,UCU.V,,5.414999961853027,5.414999961853027,5.414999961853027,5.414999961853027,200.0
2026-04-06 11:39:00,CANS.V,,0.004999999888241291,0.004999999888241291,0.004999999888241291,0.004999999888241291,28000.0
2026-04-06 11:39:00,UCU.V,,5.409999847412109,5.409999847412109,5.409999847412109,5.409999847412109,1200.0
2026-04-06 11:39:00,VUL.V,,0.2199999988079071,0.2199999988079071,0.2199999988079071,0.2199999988079071,8000.0
2026-04-06 11:40:00,AUMB.V,,0.949999988079071,0.949999988079071,0.949999988079071,0.949999988079071,5250.0
2026-04-06 11:40:00,THX.V,,1.4299999475479126,1.4299999475479126,1.4299999475479126,1.4299999475479126,1600.0
2026-04-06 11:40:00,TOI.V,,97.29000091552734,97.30000305175781,96.80999755859375,96.80999755859375,3800.0
2026-04-06 11:40:00,UCU.V,,5.409999847412109,5.409999847412109,5.400000095367432,5.409999847412109,2212.0
2026-04-06 11:40:00,UGD.V,,0.4399999976158142,0.4399999976158142,0.4350000023841858,0.4350000023841858,21000.0
2026-04-06 11:40:00,WRLG.V,,1.0,1.0,1.0,1.0,957.0
2026-04-06 11:41:00,UCU.V,,5.389999866485596,5.389999866485596,5.389999866485596,5.389999866485596,515.0
2026-04-06 11:42:00,AUMB.V,,0.949999988079071,0.949999988079071,0.949999988079071,0.949999988079071,4000.0
2026-04-06 11:42:00,TOI.V,,97.41000366210938,97.41000366210938,97.41000366210938,97.41000366210938,100.0
2026-04-06 11:43:00,TK.V,,0.4000000059604645,0.4000000059604645,0.4000000059604645,0.4000000059604645,0.0
2026-04-06 11:43:00,TOI.V,,97.20999908447266,97.20999908447266,97.20999908447266,97.20999908447266,150.0
2026-04-06 11:43:00,UCU.V,,5.389999866485596,5.389999866485596,5.389999866485596,5.389999866485596,100.0
2026-04-06 11:44:00,UCU.V,,5.380000114440918,5.389999866485596,5.380000114440918,5.389999866485596,522.0
2026-04-06 11:44:00,ZDC.V,,5.019999980926514,5.019999980926514,5.010000228881836,5.010000228881836,7400.0
2026-04-06 11:45:00,TOI.V,,97.3499984741211,97.3499984741211,97.19999694824219,97.19999694824219,683.0
2026-04-06 11:45:00,TUD.V,,0.9900000095367432,1.0099999904632568,0.9900000095367432,1.0099999904632568,20886.0
2026-04-06 11:45:00,UCU.V,,5.380000114440918,5.389999866485596,5.369999885559082,5.375,2724.0
2026-04-06 11:46:00,THX.V,,1.4299999475479126,1.4299999475479126,1.4299999475479126,1.4299999475479126,700.0
2026-04-06 11:46:00,UCU.V,,5.389999866485596,5.389999866485596,5.380000114440918,5.380000114440918,600.0
2026-04-06 11:46:00,WISH.V,,0.20999999344348907,0.20999999344348907,0.20999999344348907,0.20999999344348907,0.0
2026-04-06 11:46:00,WRLG.V,,1.0,1.0,1.0,1.0,100.0
2026-04-06 11:47:00,UCU.V,,5.389999866485596,5.389999866485596,5.380000114440918,5.380000114440918,1100.0
2026-04-06 11:48:00,TOI.V,,97.37999725341797,97.4000015258789,97.37999725341797,97.38999938964844,400.0
2026-04-06 11:48:00,UCU.V,,5.389999866485596,5.389999866485596,5.389999866485596,5.389999866485596,426.0
2026-04-06 11:48:00,VMS.V,,0.04500000178813934,0.04500000178813934,0.04500000178813934,0.04500000178813934,0.0
2026-04-06 11:49:00,TGOL.V,,0.10499999672174454,0.10499999672174454,0.10499999672174454,0.10499999672174454,3750.0
2026-04-06 11:49:00,TOI.V,,97.01000213623047,97.01000213623047,97.01000213623047,97.01000213623047,274.0
2026-04-06 11:49:00,ZDC.V,,5.039999961853027,5.039999961853027,5.039999961853027,5.039999961853027,1600.0
2026-04-06 11:50:00,WEB.V,,1.690000057220459,1.690000057220459,1.690000057220459,1.690000057220459,100.0
2026-04-06 11:50:00,WRLG.V,,1.0,1.0,1.0,1.0,100.0
2026-04-06 11:51:00,WEB.V,,1.690000057220459,1.7000000476837158,1.690000057220459,1.7000000476837158,300.0
2026-04-06 11:52:00,THX.V,,1.440000057220459,1.440000057220459,1.440000057220459,1.440000057220459,3000.0
2026-04-06 11:52:00,TUD.V,,1.0,1.0,1.0,1.0,300.0
2026-04-06 11:53:00,TECT.V,,2.240000009536743,2.240000009536743,2.240000009536743,2.240000009536743,2000.0
2026-04-06 11:53:00,VCT.V,,0.029999999329447746,0.029999999329447746,0.029999999329447746,0.029999999329447746,179000.0
2026-04-06 11:54:00,THX.V,,1.440000057220459,1.440000057220459,1.440000057220459,1.440000057220459,100.0
2026-04-06 11:54:00,TUD.V,,1.0,1.0,1.0,1.0,900.0
2026-04-06 11:54:00,WRLG.V,,1.0,1.0,1.0,1.0,4600.0
2026-04-06 11:55:00,TUO.V,,1.6299999952316284,1.6299999952316284,1.6299999952316284,1.6299999952316284,1300.0
2026-04-06 11:55:00,UCU.V,,5.409999847412109,5.409999847412109,5.409999847412109,5.409999847412109,100.0
2026-04-06 11:55:00,WRLG.V,,1.0,1.0,1.0,1.0,5000.0
2026-04-06 11:56:00,AUMB.V,,0.9549999833106995,0.9549999833106995,0.9549999833106995,0.9549999833106995,2000.0
2026-04-06 11:56:00,THX.V,,1.4299999475479126,1.440000057220459,1.4299999475479126,1.440000057220459,1009.0
2026-04-06 11:56:00,TOI.V,,97.80000305175781,97.87999725341797,97.7699966430664,97.7699966430664,2288.0
2026-04-06 11:56:00,VRB.V,,0.10999999940395355,0.10999999940395355,0.10999999940395355,0.10999999940395355,5000.0
2026-04-06 11:57:00,WHN.V,,0.2549999952316284,0.2549999952316284,0.2549999952316284,0.2549999952316284,33500.0
2026-04-06 11:57:00,WML.V,,0.07000000029802322,0.07000000029802322,0.07000000029802322,0.07000000029802322,8015.0
2026-04-06 11:57:00,WVM.V,,1.9500000476837158,1.9500000476837158,1.9500000476837158,1.9500000476837158,300.0
2026-04-06 11:59:00,TUD.V,,1.0,1.0,1.0,1.0,1000.0
2026-04-06 11:59:00,WRLG.V,,1.0,1.0,1.0,1.0,100.0
2026-04-06 12:00:00,THX.V,,1.440000057220459,1.440000057220459,1.440000057220459,1.440000057220459,1800.0
2026-04-06 12:00:00,UCU.V,,5.400000095367432,5.400000095367432,5.400000095367432,5.400000095367432,110.0
2026-04-06 12:01:00,TUD.V,,1.0,1.0,1.0,1.0,1000.0
2026-04-06 12:01:00,ZDC.V,,5.090000152587891,5.090000152587891,5.090000152587891,5.090000152587891,400.0
2026-04-06 12:02:00,TUD.V,,1.0,1.0,1.0,1.0,1000.0
2026-04-06 12:02:00,UCU.V,,5.400000095367432,5.400000095367432,5.400000095367432,5.400000095367432,100.0
2026-04-06 12:02:00,VCU.V,,1.1200000047683716,1.1200000047683716,1.1200000047683716,1.1200000047683716,250.0
2026-04-06 12:02:00,WRLG.V,,1.0,1.0,1.0,1.0,600.0
2026-04-06 12:03:00,WIL.V,,0.36000001430511475,0.36000001430511475,0.36000001430511475,0.36000001430511475,0.0
2026-04-06 12:04:00,TUD.V,,1.0,1.0,1.0,1.0,900.0
2026-04-06 12:04:00,UCU.V,,5.409999847412109,5.409999847412109,5.409999847412109,5.409999847412109,100.0
2026-04-06 12:04:00,VPT.V,,0.11500000208616257,0.11500000208616257,0.11500000208616257,0.11500000208616257,7000.0
2026-04-06 12:04:00,WEB.V,,1.6699999570846558,1.6699999570846558,1.6699999570846558,1.6699999570846558,500.0
2026-04-06 12:05:00,TM.V,,0.42500001192092896,0.42500001192092896,0.42500001192092896,0.42500001192092896,7540.0
2026-04-06 12:05:00,WRLG.V,,1.0,1.0,1.0,1.0,222.0
2026-04-06 12:06:00,UCU.V,,5.400000095367432,5.400000095367432,5.389999866485596,5.400000095367432,3700.0
2026-04-06 12:06:00,VCU.V,,1.1200000047683716,1.1200000047683716,1.1200000047683716,1.1200000047683716,200.0
2026-04-06 12:06:00,VO.V,,0.10000000149011612,0.10000000149011612,0.10000000149011612,0.10000000149011612,1000.0
2026-04-06 12:07:00,TUO.V,,1.6100000143051147,1.6100000143051147,1.6100000143051147,1.6100000143051147,2700.0
2026-04-06 12:07:00,UCU.V,,5.409999847412109,5.409999847412109,5.409999847412109,5.409999847412109,100.0
2026-04-06 12:08:00,THX.V,,1.440000057220459,1.440000057220459,1.440000057220459,1.440000057220459,100.0
2026-04-06 12:08:00,TOI.V,,97.69999694824219,97.80000305175781,97.63999938964844,97.63999938964844,6900.0
2026-04-06 12:09:00,AUMB.V,,0.949999988079071,0.949999988079071,0.949999988079071,0.949999988079071,800.0
2026-04-06 12:09:00,TM.V,,0.4300000071525574,0.4300000071525574,0.4300000071525574,0.4300000071525574,2500.0
2026-04-06 12:09:00,UCU.V,,5.409999847412109,5.409999847412109,5.409999847412109,5.409999847412109,2500.0
2026-04-06 12:10:00,WGO.V,,1.5299999713897705,1.5299999713897705,1.5299999713897705,1.5299999713897705,500.0
2026-04-06 12:10:00,WHN.V,,0.25,0.25,0.25,0.25,4500.0
2026-04-06 12:11:00,SURG.V,,0.5799999833106995,0.5799999833106995,0.5799999833106995,0.5799999833106995,15000.0
2026-04-06 12:11:00,VIO.V,,0.12999999523162842,0.12999999523162842,0.12999999523162842,0.12999999523162842,1000.0
2026-04-06 12:11:00,WEB.V,,1.649999976158142,1.6699999570846558,1.649999976158142,1.6699999570846558,1000.0
2026-04-06 12:12:00,THX.V,,1.440000057220459,1.440000057220459,1.440000057220459,1.440000057220459,100.0
2026-04-06 12:12:00,TUO.V,,1.600000023841858,1.600000023841858,1.600000023841858,1.600000023841858,500.0
2026-04-06 12:12:00,WEX.V,,0.699999988079071,0.699999988079071,0.6800000071525574,0.6800000071525574,13800.0
2026-04-06 12:13:00,TGOL.V,,0.10499999672174454,0.10499999672174454,0.10499999672174454,0.10499999672174454,14000.0
2026-04-06 12:13:00,TOI.V,,97.02999877929688,97.02999877929688,97.02999877929688,97.02999877929688,100.0
2026-04-06 12:13:00,WRLG.V,,1.0,1.0,1.0,1.0,160.0
2026-04-06 12:15:00,AUMB.V,,0.949999988079071,0.949999988079071,0.949999988079071,0.949999988079071,2500.0
2026-04-06 12:15:00,SURG.V,,0.5799999833106995,0.5799999833106995,0.5799999833106995,0.5799999833106995,15265.0
2026-04-06 12:15:00,THX.V,,1.440000057220459,1.440000057220459,1.440000057220459,1.440000057220459,2100.0
2026-04-06 12:15:00,WHN.V,,0.25,0.25,0.25,0.25,7500.0
2026-04-06 12:16:00,THX.V,,1.440000057220459,1.440000057220459,1.440000057220459,1.440000057220459,4100.0
2026-04-06 12:16:00,UCU.V,,5.449999809265137,5.449999809265137,5.440000057220459,5.440000057220459,1700.0
2026-04-06 12:17:00,NILI.V,,0.5950000286102295,0.5950000286102295,0.5950000286102295,0.5950000286102295,500.0
2026-04-06 12:18:00,VCU.V,,1.1200000047683716,1.1200000047683716,1.1200000047683716,1.1200000047683716,100.0
2026-04-06 12:20:00,TAO.V,,0.09000000357627869,0.09000000357627869,0.09000000357627869,0.09000000357627869,1000.0
2026-04-06 12:20:00,UCU.V,,5.420000076293945,5.420000076293945,5.420000076293945,5.420000076293945,100.0
2026-04-06 12:21:00,THX.V,,1.440000057220459,1.440000057220459,1.440000057220459,1.440000057220459,200.0
2026-04-06 12:21:00,UCU.V,,5.400000095367432,5.400000095367432,5.400000095367432,5.400000095367432,111.0
2026-04-06 12:22:00,WRLG.V,,1.0,1.0,1.0,1.0,100.0
2026-04-06 12:22:00,ZDC.V,,5.039999961853027,5.059999942779541,5.039999961853027,5.050000190734863,7300.0
2026-04-06 12:23:00,TAJ.V,,0.18000000715255737,0.18000000715255737,0.18000000715255737,0.18000000715255737,20000.0
2026-04-06 12:23:00,XRTX.V,,2.809999942779541,2.809999942779541,2.809999942779541,2.809999942779541,0.0
2026-04-06 12:23:00,ZDC.V,,5.039999961853027,5.039999961853027,5.039999961853027,5.039999961853027,350.0
2026-04-06 12:24:00,ZDC.V,,5.0,5.010000228881836,5.0,5.0,1900.0
2026-04-06 12:25:00,TAJ.V,,0.17499999701976776,0.18000000715255737,0.17499999701976776,0.18000000715255737,19500.0
2026-04-06 12:25:00,VCU.V,,1.1200000047683716,1.1200000047683716,1.1200000047683716,1.1200000047683716,100.0
2026-04-06 12:26:00,TLT.V,,0.27000001072883606,0.27000001072883606,0.27000001072883606,0.27000001072883606,72686.0
2026-04-06 12:26:00,TUO.V,,1.600000023841858,1.600000023841858,1.600000023841858,1.600000023841858,300.0
2026-04-06 12:26:00,VPT.V,,0.11500000208616257,0.11500000208616257,0.11500000208616257,0.11500000208616257,500.0
2026-04-06 12:26:00,WIL.V,,0.3700000047683716,0.3700000047683716,0.3700000047683716,0.3700000047683716,500.0
2026-04-06 12:27:00,SURG.V,,0.5699999928474426,0.5699999928474426,0.5699999928474426,0.5699999928474426,500.0
2026-04-06 12:27:00,TAO.V,,0.09000000357627869,0.09000000357627869,0.09000000357627869,0.09000000357627869,93000.0
2026-04-06 12:27:00,TIG.V,,0.5799999833106995,0.5899999737739563,0.5799999833106995,0.5899999737739563,33000.0
2026-04-06 12:27:00,TUO.V,,1.600000023841858,1.600000023841858,1.600000023841858,1.600000023841858,300.0
2026-04-06 12:27:00,UCU.V,,5.400000095367432,5.400000095367432,5.400000095367432,5.400000095367432,150.0
2026-04-06 12:27:00,WRLG.V,,1.0,1.0,1.0,1.0,100.0
2026-04-06 12:28:00,SURG.V,,0.5600000023841858,0.5699999928474426,0.5600000023841858,0.5699999928474426,37000.0
2026-04-06 12:28:00,TAO.V,,0.09000000357627869,0.09000000357627869,0.09000000357627869,0.09000000357627869,100000.0
2026-04-06 12:28:00,TIG.V,,0.5899999737739563,0.5899999737739563,0.5799999833106995,0.5799999833106995,2000.0
2026-04-06 12:28:00,TM.V,,0.41999998688697815,0.41999998688697815,0.41999998688697815,0.41999998688697815,5075.0
2026-04-06 12:29:00,SURG.V,,0.5799999833106995,0.5899999737739563,0.5699999928474426,0.5699999928474426,212500.0
2026-04-06 12:29:00,TUO.V,,1.600000023841858,1.600000023841858,1.600000023841858,1.600000023841858,4500.0
2026-04-06 12:29:00,UCU.V,,5.400000095367432,5.400000095367432,5.400000095367432,5.400000095367432,700.0
2026-04-06 12:29:00,WGO.V,,1.5199999809265137,1.5199999809265137,1.5199999809265137,1.5199999809265137,6000.0
2026-04-06 12:30:00,AUMB.V,,0.949999988079071,0.949999988079071,0.949999988079071,0.949999988079071,500.0
2026-04-06 12:30:00,THRM.V,,0.06499999761581421,0.06499999761581421,0.06499999761581421,0.06499999761581421,0.0
2026-04-06 12:30:00,TUO.V,,1.600000023841858,1.600000023841858,1.600000023841858,1.600000023841858,400.0
2026-04-06 12:31:00,VCU.V,,1.1200000047683716,1.1200000047683716,1.1200000047683716,1.1200000047683716,100.0
2026-04-06 12:31:00,WEB.V,,1.659999966621399,1.659999966621399,1.659999966621399,1.659999966621399,400.0
2026-04-06 12:33:00,THX.V,,1.440000057220459,1.440000057220459,1.440000057220459,1.440000057220459,100.0
2026-04-06 12:33:00,WRLG.V,,1.0,1.0,1.0,1.0,147.0
2026-04-06 12:34:00,UCU.V,,5.40500020980835,5.40500020980835,5.40500020980835,5.40500020980835,100.0
2026-04-06 12:35:00,UCU.V,,5.409999847412109,5.409999847412109,5.409999847412109,5.409999847412109,200.0
2026-04-06 12:35:00,VCU.V,,1.1200000047683716,1.1200000047683716,1.1200000047683716,1.1200000047683716,100.0
2026-04-06 12:35:00,ZDC.V,,5.039999961853027,5.039999961853027,5.03000020980835,5.03000020980835,600.0
2026-04-06 12:36:00,UCU.V,,5.409999847412109,5.409999847412109,5.409999847412109,5.409999847412109,184.0
2026-04-06 12:37:00,SPZ.V,,0.054999999701976776,0.054999999701976776,0.054999999701976776,0.054999999701976776,3000.0
2026-04-06 12:37:00,UCU.V,,5.420000076293945,5.420000076293945,5.420000076293945,5.420000076293945,116.0
2026-04-06 12:37:00,WRLG.V,,1.0,1.0,1.0,1.0,15000.0
2026-04-06 12:38:00,EFF.V,,0.02500000037252903,0.02500000037252903,0.02500000037252903,0.02500000037252903,0.0
2026-04-06 12:39:00,ZDC.V,,5.039999961853027,5.039999961853027,5.039999961853027,5.039999961853027,700.0
2026-04-06 12:39:00,ZON.V,,0.11500000208616257,0.11500000208616257,0.11500000208616257,0.11500000208616257,4000.0
2026-04-06 12:41:00,WRLG.V,,1.0,1.0,1.0,1.0,300.0
2026-04-06 12:42:00,THX.V,,1.4500000476837158,1.4500000476837158,1.4500000476837158,1.4500000476837158,100.0
2026-04-06 12:42:00,TOI.V,,97.44999694824219,97.44999694824219,97.33999633789062,97.33999633789062,600.0
2026-04-06 12:42:00,UCU.V,,5.420000076293945,5.420000076293945,5.420000076293945,5.420000076293945,100.0
2026-04-06 12:42:00,VIO.V,,0.13500000536441803,0.13500000536441803,0.13500000536441803,0.13500000536441803,2000.0
2026-04-06 12:42:00,WEB.V,,1.6699999570846558,1.6699999570846558,1.6699999570846558,1.6699999570846558,500.0
2026-04-06 12:43:00,TUD.V,,1.0,1.0,0.9950000047683716,1.0,3900.0
2026-04-06 12:43:00,UCU.V,,5.400000095367432,5.420000076293945,5.380000114440918,5.420000076293945,6830.0
2026-04-06 12:43:00,VO.V,,0.10000000149011612,0.10000000149011612,0.10000000149011612,0.10000000149011612,17000.0
2026-04-06 12:43:00,WHY.V,,0.33000001311302185,0.33000001311302185,0.33000001311302185,0.33000001311302185,1000.0
2026-04-06 12:44:00,AUMB.V,,0.949999988079071,0.949999988079071,0.949999988079071,0.949999988079071,500.0
2026-04-06 12:44:00,NILI.V,,0.6000000238418579,0.6000000238418579,0.6000000238418579,0.6000000238418579,27000.0
2026-04-06 12:44:00,TECT.V,,2.200000047683716,2.2300000190734863,2.200000047683716,2.2300000190734863,4700.0
2026-04-06 12:44:00,UCU.V,,5.400000095367432,5.400000095367432,5.400000095367432,5.400000095367432,200.0
2026-04-06 12:44:00,VVC.V,,0.019999999552965164,0.019999999552965164,0.019999999552965164,0.019999999552965164,0.0
2026-04-06 12:44:00,WRLG.V,,1.0,1.0,1.0,1.0,10232.0
2026-04-06 12:45:00,UCU.V,,5.400000095367432,5.400000095367432,5.400000095367432,5.400000095367432,100.0
2026-04-06 12:45:00,VPT.V,,0.11500000208616257,0.11500000208616257,0.11500000208616257,0.11500000208616257,3000.0
2026-04-06 12:45:00,WCE.V,,0.12999999523162842,0.12999999523162842,0.12999999523162842,0.12999999523162842,1500.0
2026-04-06 12:46:00,VVC.V,,0.019999999552965164,0.019999999552965164,0.019999999552965164,0.019999999552965164,64000.0
2026-04-06 12:46:00,WIL.V,,0.36000001430511475,0.36000001430511475,0.36000001430511475,0.36000001430511475,3500.0
2026-04-06 12:47:00,NILI.V,,0.6050000190734863,0.6050000190734863,0.6050000190734863,0.6050000190734863,500.0
2026-04-06 12:47:00,TG.V,,0.2199999988079071,0.2199999988079071,0.2150000035762787,0.2150000035762787,36550.0
2026-04-06 12:47:00,TUO.V,,1.6799999475479126,1.6799999475479126,1.6699999570846558,1.6699999570846558,200.0
2026-04-06 12:47:00,UCU.V,,5.400000095367432,5.400000095367432,5.400000095367432,5.400000095367432,100.0
2026-04-06 12:47:00,WED.V,,23.350000381469727,23.350000381469727,23.350000381469727,23.350000381469727,100.0
2026-04-06 12:47:00,WRLG.V,,1.0,1.0,1.0,1.0,100.0
2026-04-06 12:48:00,UCU.V,,5.400000095367432,5.400000095367432,5.400000095367432,5.400000095367432,500.0
2026-04-06 12:49:00,THX.V,,1.4500000476837158,1.4500000476837158,1.4500000476837158,1.4500000476837158,100.0
2026-04-06 12:49:00,VCU.V,,1.1200000047683716,1.1200000047683716,1.1200000047683716,1.1200000047683716,100.0
2026-04-06 12:49:00,VVC.V,,0.019999999552965164,0.019999999552965164,0.019999999552965164,0.019999999552965164,23000.0
2026-04-06 12:49:00,WRLG.V,,1.0,1.0,1.0,1.0,1200.0
2026-04-06 12:50:00,UCU.V,,5.400000095367432,5.400000095367432,5.400000095367432,5.400000095367432,100.0
2026-04-06 12:50:00,WRLG.V,,1.0,1.0,1.0,1.0,1700.0
2026-04-06 12:51:00,WRLG.V,,1.0,1.0,1.0,1.0,1497.0
2026-04-06 12:52:00,UCU.V,,5.409999847412109,5.409999847412109,5.409999847412109,5.409999847412109,800.0
2026-04-06 12:53:00,UCU.V,,5.400000095367432,5.400000095367432,5.400000095367432,5.400000095367432,100.0
2026-04-06 12:53:00,UGD.V,,0.4300000071525574,0.4300000071525574,0.4300000071525574,0.4300000071525574,50000.0
2026-04-06 12:53:00,WED.V,,23.350000381469727,23.350000381469727,23.350000381469727,23.350000381469727,100.0
2026-04-06 12:53:00,WRLG.V,,1.0,1.0,1.0,1.0,6918.0
2026-04-06 12:54:00,UGD.V,,0.4300000071525574,0.4300000071525574,0.4300000071525574,0.4300000071525574,50000.0
2026-04-06 12:54:00,VCU.V,,1.1200000047683716,1.1200000047683716,1.1200000047683716,1.1200000047683716,100.0
2026-04-06 12:54:00,WGO.V,,1.5199999809265137,1.5199999809265137,1.5199999809265137,1.5199999809265137,1400.0
2026-04-06 12:55:00,UCU.V,,5.409999847412109,5.409999847412109,5.409999847412109,5.409999847412109,1094.0
2026-04-06 12:55:00,UGD.V,,0.4300000071525574,0.4300000071525574,0.4300000071525574,0.4300000071525574,50000.0
2026-04-06 12:55:00,VVC.V,,0.019999999552965164,0.019999999552965164,0.019999999552965164,0.019999999552965164,43000.0
2026-04-06 12:55:00,WRLG.V,,1.0,1.0,1.0,1.0,1247.0
2026-04-06 12:56:00,UCU.V,,5.420000076293945,5.420000076293945,5.420000076293945,5.420000076293945,100.0
2026-04-06 12:56:00,ZDC.V,,5.03000020980835,5.050000190734863,5.03000020980835,5.050000190734863,970.0
2026-04-06 12:57:00,THX.V,,1.4500000476837158,1.4500000476837158,1.4500000476837158,1.4500000476837158,100.0
2026-04-06 12:57:00,WHY.V,,0.32499998807907104,0.32499998807907104,0.32499998807907104,0.32499998807907104,1000.0
2026-04-06 12:58:00,TOI.V,,97.48999786376953,97.48999786376953,97.48999786376953,97.48999786376953,110.0
2026-04-06 12:58:00,VCU.V,,1.1200000047683716,1.1200000047683716,1.1200000047683716,1.1200000047683716,100.0
2026-04-06 12:58:00,WRLG.V,,1.0,1.0,1.0,1.0,100.0
2026-04-06 12:59:00,AUMB.V,,0.949999988079071,0.949999988079071,0.949999988079071,0.949999988079071,500.0
2026-04-06 12:59:00,TOI.V,,97.5,97.5,97.5,97.5,215.0
2026-04-06 12:59:00,ZOMD.V,,0.9399999976158142,0.9399999976158142,0.9399999976158142,0.9399999976158142,0.0
2026-04-06 13:00:00,AUMB.V,,0.949999988079071,0.949999988079071,0.949999988079071,0.949999988079071,4815.0
2026-04-06 13:01:00,AUMB.V,,0.9399999976158142,0.9399999976158142,0.9399999976158142,0.9399999976158142,6470.0
2026-04-06 13:01:00,TGOL.V,,0.10499999672174454,0.10499999672174454,0.10499999672174454,0.10499999672174454,4500.0
2026-04-06 13:01:00,VCU.V,,1.1200000047683716,1.1200000047683716,1.1200000047683716,1.1200000047683716,200.0
2026-04-06 13:01:00,WRLG.V,,1.0,1.0,1.0,1.0,100.0
2026-04-06 13:02:00,UCU.V,,5.400000095367432,5.400000095367432,5.400000095367432,5.400000095367432,3230.0
2026-04-06 13:02:00,WGO.V,,1.5199999809265137,1.5199999809265137,1.5199999809265137,1.5199999809265137,4768.0
2026-04-06 13:02:00,ZOMD.V,,0.9399999976158142,0.9399999976158142,0.9399999976158142,0.9399999976158142,10000.0
2026-04-06 13:04:00,NILI.V,,0.6050000190734863,0.6050000190734863,0.6050000190734863,0.6050000190734863,500.0
2026-04-06 13:04:00,TR.V,,0.02500000037252903,0.02500000037252903,0.02500000037252903,0.02500000037252903,1000.0
2026-04-06 13:04:00,UCU.V,,5.380000114440918,5.380000114440918,5.380000114440918,5.380000114440918,100.0
2026-04-06 13:04:00,VPT.V,,0.11500000208616257,0.11500000208616257,0.11500000208616257,0.11500000208616257,500.0
2026-04-06 13:05:00,AUMB.V,,0.9399999976158142,0.9399999976158142,0.9300000071525574,0.9300000071525574,38500.0
2026-04-06 13:05:00,TIG.V,,0.5699999928474426,0.5699999928474426,0.5699999928474426,0.5699999928474426,6500.0
2026-04-06 13:06:00,NILI.V,,0.6050000190734863,0.6050000190734863,0.6050000190734863,0.6050000190734863,500.0
2026-04-06 13:07:00,UCU.V,,5.380000114440918,5.380000114440918,5.380000114440918,5.380000114440918,975.0
2026-04-06 13:07:00,VCU.V,,1.1200000047683716,1.1200000047683716,1.1200000047683716,1.1200000047683716,200.0
2026-04-06 13:07:00,WHN.V,,0.2549999952316284,0.2549999952316284,0.2549999952316284,0.2549999952316284,2000.0
2026-04-06 13:08:00,UCU.V,,5.389999866485596,5.389999866485596,5.389999866485596,5.389999866485596,400.0
2026-04-06 13:08:00,VCU.V,,1.1200000047683716,1.1200000047683716,1.1200000047683716,1.1200000047683716,13900.0
2026-04-06 13:08:00,ZDC.V,,5.039999961853027,5.039999961853027,5.039999961853027,5.039999961853027,500.0
2026-04-06 13:09:00,NILI.V,,0.6050000190734863,0.6050000190734863,0.6050000190734863,0.6050000190734863,500.0
2026-04-06 13:09:00,ONE.V,,0.375,0.375,0.375,0.375,500.0
2026-04-06 13:09:00,TECT.V,,2.2200000286102295,2.2200000286102295,2.2200000286102295,2.2200000286102295,200.0
2026-04-06 13:09:00,THX.V,,1.4299999475479126,1.440000057220459,1.4299999475479126,1.440000057220459,24304.0
2026-04-06 13:09:00,TOI.V,,97.44999694824219,97.44999694824219,97.44999694824219,97.44999694824219,310.0
2026-04-06 13:09:00,UCU.V,,5.380000114440918,5.380000114440918,5.380000114440918,5.380000114440918,100.0
2026-04-06 13:10:00,THX.V,,1.440000057220459,1.440000057220459,1.440000057220459,1.440000057220459,100.0
2026-04-06 13:10:00,TIG.V,,0.5699999928474426,0.5699999928474426,0.5699999928474426,0.5699999928474426,10000.0
2026-04-06 13:10:00,UCU.V,,5.369999885559082,5.380000114440918,5.369999885559082,5.380000114440918,1610.0
2026-04-06 13:10:00,WRLG.V,,1.0,1.0,1.0,1.0,10000.0
2026-04-06 13:11:00,THX.V,,1.440000057220459,1.440000057220459,1.440000057220459,1.440000057220459,100.0
2026-04-06 13:11:00,UCU.V,,5.340000152587891,5.360000133514404,5.340000152587891,5.360000133514404,2861.0
2026-04-06 13:11:00,ZDC.V,,5.010000228881836,5.010000228881836,5.010000228881836,5.010000228881836,800.0
2026-04-06 13:12:00,AUMB.V,,0.9300000071525574,0.9300000071525574,0.9300000071525574,0.9300000071525574,5000.0
2026-04-06 13:12:00,TELO.V,,0.05999999865889549,0.05999999865889549,0.05999999865889549,0.05999999865889549,40000.0
2026-04-06 13:12:00,UCU.V,,5.340000152587891,5.349999904632568,5.340000152587891,5.349999904632568,932.0
2026-04-06 13:12:00,WGO.V,,1.5099999904632568,1.5099999904632568,1.5099999904632568,1.5099999904632568,11680.0
2026-04-06 13:12:00,ZDC.V,,5.010000228881836,5.019999980926514,5.010000228881836,5.019999980926514,500.0
2026-04-06 13:13:00,AUMB.V,,0.9300000071525574,0.9300000071525574,0.9300000071525574,0.9300000071525574,16737.0
2026-04-06 13:13:00,RARE.V,,5.5,5.599999904632568,5.5,5.599999904632568,2600.0
2026-04-06 13:13:00,TECT.V,,2.2200000286102295,2.2200000286102295,2.2200000286102295,2.2200000286102295,800.0
2026-04-06 13:13:00,UCU.V,,5.329999923706055,5.340000152587891,5.329999923706055,5.340000152587891,880.0
2026-04-06 13:14:00,NILI.V,,0.6050000190734863,0.6050000190734863,0.6000000238418579,0.6000000238418579,9000.0
2026-04-06 13:14:00,RARE.V,,5.349999904632568,5.349999904632568,5.349999904632568,5.349999904632568,500.0
2026-04-06 13:14:00,TG.V,,0.23000000417232513,0.23000000417232513,0.23000000417232513,0.23000000417232513,4500.0
2026-04-06 13:14:00,TM.V,,0.41999998688697815,0.41999998688697815,0.41999998688697815,0.41999998688697815,10000.0
2026-04-06 13:14:00,TNR.V,,0.23000000417232513,0.23000000417232513,0.23000000417232513,0.23000000417232513,0.0
2026-04-06 13:14:00,TUD.V,,0.9900000095367432,0.9900000095367432,0.9900000095367432,0.9900000095367432,1300.0
2026-04-06 13:14:00,UCU.V,,5.320000171661377,5.320000171661377,5.320000171661377,5.320000171661377,100.0
2026-04-06 13:14:00,XGC.V,,0.2800000011920929,0.2800000011920929,0.2800000011920929,0.2800000011920929,6500.0
2026-04-06 13:14:00,ZDC.V,,5.010000228881836,5.010000228881836,5.010000228881836,5.010000228881836,1100.0
2026-04-06 13:15:00,ONE.V,,0.375,0.375,0.375,0.375,500.0
2026-04-06 13:15:00,THX.V,,1.440000057220459,1.440000057220459,1.440000057220459,1.440000057220459,200.0
2026-04-06 13:15:00,TNR.V,,0.23000000417232513,0.23000000417232513,0.23000000417232513,0.23000000417232513,5218.0
2026-04-06 13:15:00,UCU.V,,5.329999923706055,5.329999923706055,5.329999923706055,5.329999923706055,600.0
2026-04-06 13:16:00,UCU.V,,5.340000152587891,5.340000152587891,5.340000152587891,5.340000152587891,2000.0
2026-04-06 13:17:00,TUD.V,,0.9900000095367432,0.9900000095367432,0.9900000095367432,0.9900000095367432,590.0
2026-04-06 13:17:00,VRR.V,,0.2800000011920929,0.2800000011920929,0.2800000011920929,0.2800000011920929,2000.0
2026-04-06 13:17:00,WHN.V,,0.24500000476837158,0.2549999952316284,0.24500000476837158,0.2549999952316284,17000.0
2026-04-06 13:18:00,TECT.V,,2.2200000286102295,2.2200000286102295,2.2200000286102295,2.2200000286102295,1000.0
2026-04-06 13:18:00,THX.V,,1.440000057220459,1.440000057220459,1.440000057220459,1.440000057220459,200.0
2026-04-06 13:18:00,WRLG.V,,0.9900000095367432,0.9900000095367432,0.9900000095367432,0.9900000095367432,1400.0
2026-04-06 13:19:00,NILI.V,,0.6000000238418579,0.6000000238418579,0.6000000238418579,0.6000000238418579,5500.0
2026-04-06 13:19:00,WRLG.V,,1.0,1.0,1.0,1.0,1000.0
2026-04-06 13:19:00,ZDC.V,,5.0,5.0,5.0,5.0,3200.0
2026-04-06 13:20:00,VO.V,,0.10000000149011612,0.10000000149011612,0.10000000149011612,0.10000000149011612,3000.0
2026-04-06 13:21:00,UCU.V,,5.349999904632568,5.349999904632568,5.349999904632568,5.349999904632568,100.0
2026-04-06 13:21:00,ZDC.V,,5.0,5.0,5.0,5.0,8000.0
2026-04-06 13:22:00,VCU.V,,1.100000023841858,1.1100000143051147,1.100000023841858,1.1100000143051147,17900.0
2026-04-06 13:23:00,THX.V,,1.440000057220459,1.440000057220459,1.440000057220459,1.440000057220459,100.0
2026-04-06 13:23:00,WVM.V,,1.9700000286102295,1.9700000286102295,1.9700000286102295,1.9700000286102295,1500.0
2026-04-06 13:24:00,THX.V,,1.440000057220459,1.440000057220459,1.440000057220459,1.440000057220459,200.0
2026-04-06 13:24:00,WEX.V,,0.699999988079071,0.699999988079071,0.699999988079071,0.699999988079071,1000.0
2026-04-06 13:25:00,TNR.V,,0.22499999403953552,0.22499999403953552,0.22499999403953552,0.22499999403953552,191055.0
2026-04-06 13:26:00,AUMB.V,,0.9399999976158142,0.9399999976158142,0.9399999976158142,0.9399999976158142,10500.0
2026-04-06 13:26:00,UCU.V,,5.440000057220459,5.440000057220459,5.369999885559082,5.369999885559082,2300.0
2026-04-06 13:27:00,ONE.V,,0.3700000047683716,0.375,0.3700000047683716,0.375,4775.0
2026-04-06 13:27:00,THX.V,,1.440000057220459,1.440000057220459,1.440000057220459,1.440000057220459,100.0
2026-04-06 13:27:00,VCI.V,,6.5,6.5,6.5,6.5,1000.0
2026-04-06 13:27:00,VCU.V,,1.1299999952316284,1.1299999952316284,1.1200000047683716,1.1200000047683716,17100.0
2026-04-06 13:28:00,WEX.V,,0.699999988079071,0.699999988079071,0.699999988079071,0.699999988079071,500.0
2026-04-06 13:28:00,ZDC.V,,4.980000019073486,5.0,4.980000019073486,4.989999771118164,21065.0
2026-04-06 13:29:00,THX.V,,1.440000057220459,1.440000057220459,1.440000057220459,1.440000057220459,100.0
2026-04-06 13:29:00,TM.V,,0.41999998688697815,0.41999998688697815,0.41999998688697815,0.41999998688697815,7000.0
2026-04-06 13:29:00,UCU.V,,5.409999847412109,5.420000076293945,5.409999847412109,5.420000076293945,8200.0
2026-04-06 13:29:00,VCU.V,,1.1699999570846558,1.1699999570846558,1.1349999904632568,1.1349999904632568,57600.0
2026-04-06 13:30:00,TLT.V,,0.27000001072883606,0.27000001072883606,0.27000001072883606,0.27000001072883606,1500.0
2026-04-06 13:30:00,UCU.V,,5.420000076293945,5.420000076293945,5.420000076293945,5.420000076293945,473.0
2026-04-06 13:30:00,WEB.V,,1.6699999570846558,1.6699999570846558,1.6699999570846558,1.6699999570846558,201.0
2026-04-06 13:30:00,WGO.V,,1.5099999904632568,1.5099999904632568,1.5099999904632568,1.5099999904632568,501700.0
2026-04-06 13:31:00,ONE.V,,0.3799999952316284,0.3799999952316284,0.3799999952316284,0.3799999952316284,1000.0
2026-04-06 13:31:00,WGO.V,,1.5099999904632568,1.5099999904632568,1.5099999904632568,1.5099999904632568,268.0
2026-04-06 13:32:00,THX.V,,1.440000057220459,1.440000057220459,1.440000057220459,1.440000057220459,101.0
2026-04-06 13:32:00,TWO.V,,0.47999998927116394,0.47999998927116394,0.47999998927116394,0.47999998927116394,1000.0
2026-04-06 13:32:00,WGO.V,,1.5099999904632568,1.5099999904632568,1.5099999904632568,1.5099999904632568,800.0
2026-04-06 13:33:00,TGOL.V,,0.10999999940395355,0.10999999940395355,0.10999999940395355,0.10999999940395355,1000.0
2026-04-06 13:33:00,TUD.V,,1.0,1.0,1.0,1.0,1600.0
2026-04-06 13:33:00,VO.V,,0.0949999988079071,0.0949999988079071,0.0949999988079071,0.0949999988079071,1464.0
2026-04-06 13:33:00,ZOMD.V,,0.9200000166893005,0.9399999976158142,0.9200000166893005,0.9399999976158142,12111.0
2026-04-06 13:34:00,THX.V,,1.440000057220459,1.440000057220459,1.440000057220459,1.440000057220459,280.0
2026-04-06 13:34:00,TOI.V,,97.20999908447266,97.38999938964844,97.20999908447266,97.29000091552734,700.0
2026-04-06 13:34:00,TUD.V,,1.0,1.0,0.9950000047683716,0.9950000047683716,4300.0
2026-04-06 13:34:00,UCU.V,,5.400000095367432,5.400000095367432,5.400000095367432,5.400000095367432,1300.0
2026-04-06 13:34:00,VCU.V,,1.190000057220459,1.190000057220459,1.1699999570846558,1.1699999570846558,10600.0
2026-04-06 13:34:00,XGC.V,,0.2800000011920929,0.2800000011920929,0.2800000011920929,0.2800000011920929,2000.0
2026-04-06 13:35:00,THX.V,,1.440000057220459,1.440000057220459,1.440000057220459,1.440000057220459,100.0
2026-04-06 13:35:00,TOI.V,,97.19999694824219,97.30000305175781,97.19999694824219,97.30000305175781,700.0
2026-04-06 13:35:00,WGO.V,,1.5149999856948853,1.5149999856948853,1.5149999856948853,1.5149999856948853,1400.0
2026-04-06 13:35:00,WHN.V,,0.25,0.25,0.25,0.25,5100.0
2026-04-06 13:36:00,AUMB.V,,0.9399999976158142,0.9399999976158142,0.9399999976158142,0.9399999976158142,13500.0
2026-04-06 13:36:00,THX.V,,1.440000057220459,1.440000057220459,1.440000057220459,1.440000057220459,100.0
2026-04-06 13:36:00,TOI.V,,97.19999694824219,97.19999694824219,97.19999694824219,97.19999694824219,443.0
2026-04-06 13:36:00,WGO.V,,1.5199999809265137,1.5199999809265137,1.5199999809265137,1.5199999809265137,500.0
2026-04-06 13:36:00,WVM.V,,1.9600000381469727,1.9600000381469727,1.9600000381469727,1.9600000381469727,5000.0
2026-04-06 13:37:00,UCU.V,,5.400000095367432,5.400000095367432,5.389999866485596,5.389999866485596,2125.0
2026-04-06 13:38:00,NILI.V,,0.6000000238418579,0.6000000238418579,0.6000000238418579,0.6000000238418579,2000.0
2026-04-06 13:38:00,TOI.V,,96.91999816894531,97.0999984741211,96.91999816894531,97.0999984741211,700.0
2026-04-06 13:38:00,VCU.V,,1.1699999570846558,1.190000057220459,1.1699999570846558,1.1699999570846558,33300.0
2026-04-06 13:38:00,WGO.V,,1.5199999809265137,1.5199999809265137,1.5199999809265137,1.5199999809265137,1000.0
2026-04-06 13:39:00,TOI.V,,96.91999816894531,96.91999816894531,96.91999816894531,96.91999816894531,100.0
2026-04-06 13:39:00,WHN.V,,0.25,0.25,0.25,0.25,9000.0
2026-04-06 13:40:00,THX.V,,1.440000057220459,1.440000057220459,1.440000057220459,1.440000057220459,100.0
2026-04-06 13:40:00,ZDC.V,,5.0,5.0,5.0,5.0,100.0
2026-04-06 13:41:00,VCT.V,,0.02500000037252903,0.02500000037252903,0.02500000037252903,0.02500000037252903,76000.0
2026-04-06 13:41:00,WRLG.V,,1.0,1.0,1.0,1.0,300.0
2026-04-06 13:42:00,ZDC.V,,5.010000228881836,5.010000228881836,5.010000228881836,5.010000228881836,1300.0
2026-04-06 13:43:00,RARE.V,,5.349999904632568,5.349999904632568,5.349999904632568,5.349999904632568,500.0
2026-04-06 13:43:00,SURG.V,,0.5899999737739563,0.5899999737739563,0.5899999737739563,0.5899999737739563,2500.0
2026-04-06 13:43:00,VCU.V,,1.1699999570846558,1.1699999570846558,1.1699999570846558,1.1699999570846558,13100.0
2026-04-06 13:43:00,VZZ.V,,0.11999999731779099,0.11999999731779099,0.11999999731779099,0.11999999731779099,41500.0
2026-04-06 13:43:00,WEX.V,,0.6899999976158142,0.6899999976158142,0.6899999976158142,0.6899999976158142,1500.0
2026-04-06 13:43:00,WRLG.V,,1.0,1.0,1.0,1.0,100.0
2026-04-06 13:43:00,ZEN.V,,0.7699999809265137,0.7699999809265137,0.7699999809265137,0.7699999809265137,11000.0
2026-04-06 13:44:00,ZDC.V,,5.019999980926514,5.019999980926514,5.0,5.0,5500.0
2026-04-06 13:45:00,NILI.V,,0.6100000143051147,0.6100000143051147,0.6100000143051147,0.6100000143051147,500.0
2026-04-06 13:45:00,THX.V,,1.440000057220459,1.440000057220459,1.440000057220459,1.440000057220459,100.0
2026-04-06 13:45:00,VCT.V,,0.02500000037252903,0.02500000037252903,0.02500000037252903,0.02500000037252903,24000.0
2026-04-06 13:45:00,WISH.V,,0.20000000298023224,0.20000000298023224,0.20000000298023224,0.20000000298023224,3000.0
2026-04-06 13:46:00,TOI.V,,96.88999938964844,96.9800033569336,96.88999938964844,96.9800033569336,1498.0
2026-04-06 13:46:00,VCU.V,,1.190000057220459,1.190000057220459,1.1799999475479126,1.1799999475479126,1200.0
2026-04-06 13:46:00,ZEN.V,,0.7599999904632568,0.7599999904632568,0.7599999904632568,0.7599999904632568,9000.0
2026-04-06 13:47:00,RARE.V,,5.349999904632568,5.349999904632568,5.349999904632568,5.349999904632568,100.0
2026-04-06 13:47:00,TOI.V,,97.05999755859375,97.05999755859375,96.9000015258789,96.9000015258789,800.0
2026-04-06 13:47:00,UCU.V,,5.369999885559082,5.369999885559082,5.369999885559082,5.369999885559082,100.0
2026-04-06 13:47:00,WRLG.V,,0.9900000095367432,0.9900000095367432,0.9900000095367432,0.9900000095367432,900.0
2026-04-06 13:48:00,TIG.V,,0.5699999928474426,0.5699999928474426,0.5699999928474426,0.5699999928474426,25200.0
2026-04-06 13:48:00,TLT.V,,0.27000001072883606,0.27000001072883606,0.27000001072883606,0.27000001072883606,1000.0
2026-04-06 13:48:00,TOI.V,,96.98999786376953,96.98999786376953,96.98999786376953,96.98999786376953,200.0
2026-04-06 13:48:00,UCU.V,,5.369999885559082,5.369999885559082,5.369999885559082,5.369999885559082,200.0
2026-04-06 13:48:00,VCU.V,,1.1799999475479126,1.1799999475479126,1.1799999475479126,1.1799999475479126,2500.0
2026-04-06 13:48:00,WRLG.V,,0.9900000095367432,0.9900000095367432,0.9900000095367432,0.9900000095367432,35000.0
2026-04-06 13:49:00,TMET.V,,0.10000000149011612,0.10000000149011612,0.10000000149011612,0.10000000149011612,20000.0
2026-04-06 13:49:00,TOI.V,,97.0,97.0,96.91999816894531,96.91999816894531,1400.0
2026-04-06 13:49:00,UCU.V,,5.360000133514404,5.360000133514404,5.360000133514404,5.360000133514404,100.0
2026-04-06 13:49:00,WEB.V,,1.690000057220459,1.690000057220459,1.6799999475479126,1.6799999475479126,4400.0
2026-04-06 13:50:00,TOI.V,,96.87000274658203,96.97000122070312,96.87000274658203,96.97000122070312,500.0
2026-04-06 13:50:00,WRLG.V,,0.9900000095367432,1.0,0.9900000095367432,1.0,55100.0
2026-04-06 13:51:00,NILI.V,,0.6100000143051147,0.6100000143051147,0.6100000143051147,0.6100000143051147,500.0
2026-04-06 13:51:00,THX.V,,1.440000057220459,1.440000057220459,1.440000057220459,1.440000057220459,102.0
2026-04-06 13:51:00,UCU.V,,5.360000133514404,5.369999885559082,5.360000133514404,5.360000133514404,1000.0
2026-04-06 13:51:00,WEB.V,,1.690000057220459,1.690000057220459,1.690000057220459,1.690000057220459,600.0
2026-04-06 13:51:00,WRLG.V,,0.9900000095367432,0.9900000095367432,0.9900000095367432,0.9900000095367432,3000.0
2026-04-06 13:52:00,TOI.V,,96.9000015258789,97.0,96.9000015258789,97.0,1800.0
2026-04-06 13:52:00,UCU.V,,5.360000133514404,5.360000133514404,5.360000133514404,5.360000133514404,104.0
2026-04-06 13:53:00,UCU.V,,5.340000152587891,5.340000152587891,5.340000152587891,5.340000152587891,535.0
2026-04-06 13:54:00,ONE.V,,0.3700000047683716,0.3700000047683716,0.3700000047683716,0.3700000047683716,500.0
2026-04-06 13:54:00,TOI.V,,97.0,97.0,96.80000305175781,96.94999694824219,1300.0
2026-04-06 13:54:00,WRLG.V,,1.0,1.0,1.0,1.0,100.0
2026-04-06 13:55:00,TOI.V,,97.05999755859375,97.05999755859375,97.05999755859375,97.05999755859375,140.0
2026-04-06 13:55:00,UGD.V,,0.4300000071525574,0.4300000071525574,0.4300000071525574,0.4300000071525574,5500.0
2026-04-06 13:55:00,VCU.V,,1.1699999570846558,1.1699999570846558,1.1699999570846558,1.1699999570846558,100.0
2026-04-06 13:56:00,NILI.V,,0.6100000143051147,0.6100000143051147,0.6100000143051147,0.6100000143051147,500.0
2026-04-06 13:56:00,UCU.V,,5.360000133514404,5.360000133514404,5.360000133514404,5.360000133514404,300.0
2026-04-06 13:56:00,VCU.V,,1.1699999570846558,1.1699999570846558,1.1699999570846558,1.1699999570846558,100.0
2026-04-06 13:57:00,SURG.V,,0.5899999737739563,0.5899999737739563,0.5899999737739563,0.5899999737739563,500.0
2026-04-06 13:57:00,UCU.V,,5.369999885559082,5.380000114440918,5.369999885559082,5.369999885559082,600.0
2026-04-06 13:57:00,VUL.V,,0.2199999988079071,0.2199999988079071,0.2199999988079071,0.2199999988079071,2300.0
2026-04-06 13:57:00,WEB.V,,1.559999942779541,1.6699999570846558,1.559999942779541,1.6699999570846558,14005.0
2026-04-06 13:57:00,WRLG.V,,1.0,1.0,1.0,1.0,100.0
2026-04-06 13:58:00,TG.V,,0.2199999988079071,0.2199999988079071,0.2199999988079071,0.2199999988079071,14500.0
2026-04-06 13:58:00,VCU.V,,1.1699999570846558,1.1699999570846558,1.1699999570846558,1.1699999570846558,100.0
2026-04-06 13:58:00,VTX.V,,0.1899999976158142,0.1899999976158142,0.1899999976158142,0.1899999976158142,56500.0
2026-04-06 13:58:00,WRLG.V,,0.9950000047683716,0.9950000047683716,0.9950000047683716,0.9950000047683716,700.0
2026-04-06 13:59:00,TG.V,,0.2199999988079071,0.2199999988079071,0.2199999988079071,0.2199999988079071,3000.0
2026-04-06 13:59:00,VCU.V,,1.1699999570846558,1.1699999570846558,1.1699999570846558,1.1699999570846558,100.0
2026-04-06 14:00:00,ONE.V,,0.3700000047683716,0.3700000047683716,0.3700000047683716,0.3700000047683716,2200.0
2026-04-06 14:00:00,VQS.V,,0.07999999821186066,0.07999999821186066,0.07999999821186066,0.07999999821186066,7000.0
2026-04-06 14:01:00,UCU.V,,5.380000114440918,5.380000114440918,5.380000114440918,5.380000114440918,500.0
2026-04-06 14:01:00,WRLG.V,,1.0,1.0,1.0,1.0,100.0
2026-04-06 14:01:00,ZDC.V,,5.050000190734863,5.050000190734863,5.050000190734863,5.050000190734863,100.0
2026-04-06 14:02:00,TECT.V,,2.2100000381469727,2.2300000190734863,2.2100000381469727,2.2300000190734863,3000.0
2026-04-06 14:02:00,UGD.V,,0.4350000023841858,0.4350000023841858,0.4300000071525574,0.4300000071525574,19000.0
2026-04-06 14:02:00,XGC.V,,0.2800000011920929,0.2800000011920929,0.2800000011920929,0.2800000011920929,3500.0
2026-04-06 14:03:00,TOI.V,,97.2300033569336,97.2300033569336,97.2300033569336,97.2300033569336,100.0
2026-04-06 14:04:00,UCU.V,,5.369999885559082,5.369999885559082,5.369999885559082,5.369999885559082,2155.0
2026-04-06 14:04:00,VCU.V,,1.190000057220459,1.190000057220459,1.190000057220459,1.190000057220459,42500.0
2026-04-06 14:04:00,WAM.V,,0.8700000047683716,0.8700000047683716,0.8700000047683716,0.8700000047683716,500.0
2026-04-06 14:04:00,WGO.V,,1.5099999904632568,1.5099999904632568,1.5099999904632568,1.5099999904632568,3700.0
2026-04-06 14:04:00,ZAC.V,,0.08500000089406967,0.08500000089406967,0.08500000089406967,0.08500000089406967,10000.0
2026-04-06 14:05:00,SURG.V,,0.5799999833106995,0.5899999737739563,0.5799999833106995,0.5899999737739563,54202.0
2026-04-06 14:05:00,WEB.V,,1.649999976158142,1.649999976158142,1.649999976158142,1.649999976158142,4100.0
2026-04-06 14:06:00,THX.V,,1.434999942779541,1.434999942779541,1.434999942779541,1.434999942779541,100.0
2026-04-06 14:06:00,TWO.V,,0.4699999988079071,0.4699999988079071,0.4699999988079071,0.4699999988079071,9000.0
2026-04-06 14:06:00,VCU.V,,1.190000057220459,1.190000057220459,1.190000057220459,1.190000057220459,100.0
2026-04-06 14:07:00,AUMB.V,,0.9200000166893005,0.9300000071525574,0.9200000166893005,0.9300000071525574,35505.0
2026-04-06 14:07:00,SURG.V,,0.5799999833106995,0.5799999833106995,0.5799999833106995,0.5799999833106995,6500.0
2026-04-06 14:08:00,NILI.V,,0.6100000143051147,0.6100000143051147,0.6100000143051147,0.6100000143051147,500.0
2026-04-06 14:09:00,AUMB.V,,0.9300000071525574,0.9300000071525574,0.9300000071525574,0.9300000071525574,15000.0
2026-04-06 14:09:00,VCU.V,,1.190000057220459,1.190000057220459,1.190000057220459,1.190000057220459,1500.0
2026-04-06 14:10:00,SURG.V,,0.5799999833106995,0.5799999833106995,0.5799999833106995,0.5799999833106995,2500.0
2026-04-06 14:10:00,UCU.V,,5.409999847412109,5.409999847412109,5.389999866485596,5.389999866485596,1400.0
2026-04-06 14:10:00,VCU.V,,1.2000000476837158,1.2000000476837158,1.2000000476837158,1.2000000476837158,28200.0
2026-04-06 14:10:00,WGF.V,,0.17000000178813934,0.17000000178813934,0.17000000178813934,0.17000000178813934,0.0
2026-04-06 14:10:00,WRLG.V,,0.9900000095367432,0.9900000095367432,0.9900000095367432,0.9900000095367432,2500.0
2026-04-06 14:11:00,AUMB.V,,0.9300000071525574,0.9300000071525574,0.9300000071525574,0.9300000071525574,5080.0
2026-04-06 14:11:00,TOI.V,,97.2300033569336,97.23999786376953,97.2300033569336,97.2300033569336,400.0
2026-04-06 14:11:00,VCU.V,,1.190000057220459,1.190000057220459,1.190000057220459,1.190000057220459,700.0
2026-04-06 14:12:00,TDG.V,,0.5299999713897705,0.5299999713897705,0.5299999713897705,0.5299999713897705,2025.0
2026-04-06 14:12:00,THX.V,,1.440000057220459,1.440000057220459,1.440000057220459,1.440000057220459,100.0
2026-04-06 14:12:00,TNR.V,,0.23999999463558197,0.23999999463558197,0.23999999463558197,0.23999999463558197,16000.0
2026-04-06 14:12:00,VCU.V,,1.2000000476837158,1.2000000476837158,1.2000000476837158,1.2000000476837158,40000.0
2026-04-06 14:13:00,NILI.V,,0.6100000143051147,0.6100000143051147,0.6100000143051147,0.6100000143051147,500.0
2026-04-06 14:13:00,VCU.V,,1.2000000476837158,1.2000000476837158,1.190000057220459,1.190000057220459,53009.0
2026-04-06 14:13:00,WEX.V,,0.6800000071525574,0.6800000071525574,0.6800000071525574,0.6800000071525574,2000.0
2026-04-06 14:14:00,TAO.V,,0.09000000357627869,0.09000000357627869,0.09000000357627869,0.09000000357627869,50000.0
2026-04-06 14:14:00,VCT.V,,0.02500000037252903,0.02500000037252903,0.02500000037252903,0.02500000037252903,100000.0
2026-04-06 14:15:00,WGF.V,,0.17000000178813934,0.17000000178813934,0.17000000178813934,0.17000000178813934,5000.0
2026-04-06 14:16:00,WRLG.V,,1.0,1.0,1.0,1.0,100.0
2026-04-06 14:17:00,TNR.V,,0.23000000417232513,0.23000000417232513,0.23000000417232513,0.23000000417232513,12000.0
2026-04-06 14:18:00,THX.V,,1.440000057220459,1.440000057220459,1.440000057220459,1.440000057220459,100.0
2026-04-06 14:18:00,UCU.V,,5.460000038146973,5.460000038146973,5.429999828338623,5.429999828338623,4045.0
2026-04-06 14:18:00,WEX.V,,0.6800000071525574,0.6800000071525574,0.6800000071525574,0.6800000071525574,500.0
2026-04-06 14:19:00,TDG.V,,0.550000011920929,0.550000011920929,0.5299999713897705,0.5400000214576721,10300.0
2026-04-06 14:19:00,TNR.V,,0.23000000417232513,0.23000000417232513,0.23000000417232513,0.23000000417232513,22500.0
2026-04-06 14:19:00,VCI.V,,6.550000190734863,6.550000190734863,6.550000190734863,6.550000190734863,100.0
2026-04-06 14:19:00,VRB.V,,0.10999999940395355,0.10999999940395355,0.10999999940395355,0.10999999940395355,20000.0
2026-04-06 14:19:00,WAM.V,,0.8700000047683716,0.8700000047683716,0.8700000047683716,0.8700000047683716,502.0
2026-04-06 14:20:00,TDG.V,,0.550000011920929,0.550000011920929,0.550000011920929,0.550000011920929,5000.0
2026-04-06 14:20:00,WRLG.V,,1.0,1.0,1.0,1.0,11600.0
2026-04-06 14:21:00,THX.V,,1.440000057220459,1.440000057220459,1.440000057220459,1.440000057220459,400.0
2026-04-06 14:21:00,TWO.V,,0.4699999988079071,0.4699999988079071,0.4699999988079071,0.4699999988079071,9000.0
2026-04-06 14:21:00,UCU.V,,5.480000019073486,5.480000019073486,5.46999979019165,5.46999979019165,5200.0
2026-04-06 14:21:00,ZDC.V,,5.070000171661377,5.070000171661377,5.039999961853027,5.039999961853027,8300.0
2026-04-06 14:22:00,TWO.V,,0.46000000834465027,0.46000000834465027,0.46000000834465027,0.46000000834465027,500.0
2026-04-06 14:22:00,UCU.V,,5.489999771118164,5.489999771118164,5.480000019073486,5.480000019073486,300.0
2026-04-06 14:22:00,WRLG.V,,1.0,1.0,1.0,1.0,100.0
2026-04-06 14:22:00,ZDC.V,,5.050000190734863,5.050000190734863,5.039999961853027,5.050000190734863,2200.0
2026-04-06 14:23:00,THX.V,,1.440000057220459,1.440000057220459,1.440000057220459,1.440000057220459,100.0
2026-04-06 14:23:00,VCT.V,,0.02500000037252903,0.02500000037252903,0.02500000037252903,0.02500000037252903,54000.0
2026-04-06 14:23:00,ZDC.V,,5.050000190734863,5.050000190734863,5.039999961853027,5.039999961853027,3500.0
2026-04-06 14:24:00,THX.V,,1.440000057220459,1.440000057220459,1.434999942779541,1.434999942779541,15600.0
2026-04-06 14:24:00,TNR.V,,0.23000000417232513,0.23000000417232513,0.23000000417232513,0.23000000417232513,58500.0
2026-04-06 14:24:00,TOI.V,,97.43000030517578,97.43000030517578,97.43000030517578,97.43000030517578,128.0
2026-04-06 14:24:00,VCU.V,,1.2200000286102295,1.2200000286102295,1.2050000429153442,1.2050000429153442,2400.0
2026-04-06 14:26:00,THX.V,,1.440000057220459,1.440000057220459,1.440000057220459,1.440000057220459,100.0
2026-04-06 14:26:00,VCU.V,,1.2200000286102295,1.2200000286102295,1.2200000286102295,1.2200000286102295,4900.0
2026-04-06 14:27:00,WGO.V,,1.5199999809265137,1.5199999809265137,1.5199999809265137,1.5199999809265137,600.0
2026-04-06 14:27:00,WRLG.V,,1.0,1.0,1.0,1.0,100.0
2026-04-06 14:28:00,WRLG.V,,1.0,1.0,1.0,1.0,200.0
2026-04-06 14:29:00,UCU.V,,5.480000019073486,5.5,5.480000019073486,5.489999771118164,5075.0
2026-04-06 14:29:00,VIO.V,,0.13500000536441803,0.13500000536441803,0.13500000536441803,0.13500000536441803,3000.0
2026-04-06 14:29:00,VUL.V,,0.2199999988079071,0.2199999988079071,0.2199999988079071,0.2199999988079071,1500.0
2026-04-06 14:30:00,THX.V,,1.440000057220459,1.440000057220459,1.440000057220459,1.440000057220459,100.0
2026-04-06 14:30:00,WRLG.V,,1.0,1.0,1.0,1.0,700.0
2026-04-06 14:31:00,THX.V,,1.440000057220459,1.440000057220459,1.440000057220459,1.440000057220459,100.0
2026-04-06 14:31:00,TNR.V,,0.23000000417232513,0.23000000417232513,0.23000000417232513,0.23000000417232513,51000.0
2026-04-06 14:31:00,UCU.V,,5.46999979019165,5.46999979019165,5.46999979019165,5.46999979019165,1000.0
2026-04-06 14:32:00,THX.V,,1.440000057220459,1.440000057220459,1.440000057220459,1.440000057220459,100.0
2026-04-06 14:32:00,TNR.V,,0.23000000417232513,0.23000000417232513,0.23000000417232513,0.23000000417232513,1500.0
2026-04-06 14:32:00,WEB.V,,1.6399999856948853,1.6399999856948853,1.6399999856948853,1.6399999856948853,100.0
2026-04-06 14:33:00,TECT.V,,2.2200000286102295,2.2200000286102295,2.2149999141693115,2.2149999141693115,3100.0
2026-04-06 14:33:00,UCU.V,,5.440000057220459,5.454999923706055,5.440000057220459,5.454999923706055,200.0
2026-04-06 14:33:00,WRLG.V,,1.0,1.0,1.0,1.0,100.0
2026-04-06 14:34:00,THX.V,,1.440000057220459,1.440000057220459,1.440000057220459,1.440000057220459,100.0
2026-04-06 14:34:00,TNR.V,,0.22499999403953552,0.22499999403953552,0.22499999403953552,0.22499999403953552,39000.0
2026-04-06 14:34:00,UCU.V,,5.460000038146973,5.460000038146973,5.460000038146973,5.460000038146973,700.0
2026-04-06 14:34:00,WAM.V,,0.8700000047683716,0.8700000047683716,0.8700000047683716,0.8700000047683716,1500.0
2026-04-06 14:34:00,WGO.V,,1.5199999809265137,1.5199999809265137,1.5199999809265137,1.5199999809265137,100.0
2026-04-06 14:35:00,THX.V,,1.440000057220459,1.440000057220459,1.440000057220459,1.440000057220459,117.0
2026-04-06 14:35:00,TNR.V,,0.23000000417232513,0.23000000417232513,0.23000000417232513,0.23000000417232513,1000.0
2026-04-06 14:35:00,UCU.V,,5.460000038146973,5.460000038146973,5.449999809265137,5.449999809265137,1655.0
2026-04-06 14:36:00,TNR.V,,0.22499999403953552,0.22499999403953552,0.22499999403953552,0.22499999403953552,249000.0
2026-04-06 14:36:00,TOI.V,,97.3499984741211,97.56999969482422,97.3499984741211,97.55000305175781,500.0
2026-04-06 14:36:00,UCU.V,,5.449999809265137,5.449999809265137,5.449999809265137,5.449999809265137,100.0
2026-04-06 14:37:00,THX.V,,1.440000057220459,1.440000057220459,1.440000057220459,1.440000057220459,100.0
2026-04-06 14:37:00,TNR.V,,0.22499999403953552,0.22499999403953552,0.22499999403953552,0.22499999403953552,268000.0
2026-04-06 14:37:00,UCU.V,,5.46999979019165,5.46999979019165,5.449999809265137,5.449999809265137,4574.0
2026-04-06 14:37:00,UGD.V,,0.4350000023841858,0.4350000023841858,0.4300000071525574,0.4300000071525574,60000.0
2026-04-06 14:38:00,THX.V,,1.440000057220459,1.440000057220459,1.440000057220459,1.440000057220459,100.0
2026-04-06 14:38:00,TNR.V,,0.22499999403953552,0.22499999403953552,0.22499999403953552,0.22499999403953552,136000.0
2026-04-06 14:38:00,TOI.V,,97.3499984741211,97.3499984741211,97.3499984741211,97.3499984741211,1020.0
2026-04-06 14:38:00,VCU.V,,1.2100000381469727,1.2100000381469727,1.2100000381469727,1.2100000381469727,100.0
2026-04-06 14:39:00,UCU.V,,5.480000019073486,5.480000019073486,5.480000019073486,5.480000019073486,100.0
2026-04-06 14:39:00,WRLG.V,,1.0,1.0,1.0,1.0,1000.0
2026-04-06 14:40:00,THX.V,,1.440000057220459,1.440000057220459,1.440000057220459,1.440000057220459,100.0
2026-04-06 14:40:00,TNR.V,,0.22499999403953552,0.22499999403953552,0.22499999403953552,0.22499999403953552,369000.0
2026-04-06 14:40:00,TTS.V,,0.4699999988079071,0.4699999988079071,0.4699999988079071,0.4699999988079071,6500.0
2026-04-06 14:40:00,UCU.V,,5.480000019073486,5.480000019073486,5.480000019073486,5.480000019073486,100.0
2026-04-06 14:40:00,WRLG.V,,1.0,1.0,1.0,1.0,100.0
2026-04-06 14:40:00,ZDC.V,,5.050000190734863,5.050000190734863,5.050000190734863,5.050000190734863,200.0
2026-04-06 14:41:00,AUMB.V,,0.9300000071525574,0.9300000071525574,0.9300000071525574,0.9300000071525574,8000.0
2026-04-06 14:41:00,TDG.V,,0.5699999928474426,0.5699999928474426,0.5600000023841858,0.5600000023841858,46500.0
2026-04-06 14:41:00,TG.V,,0.2199999988079071,0.2199999988079071,0.2199999988079071,0.2199999988079071,21500.0
2026-04-06 14:41:00,UCU.V,,5.480000019073486,5.480000019073486,5.480000019073486,5.480000019073486,200.0
2026-04-06 14:41:00,VCU.V,,1.2200000286102295,1.2200000286102295,1.2200000286102295,1.2200000286102295,1000.0
2026-04-06 14:41:00,WINS.V,,0.125,0.125,0.125,0.125,0.0
2026-04-06 14:41:00,WRR.V,,0.30000001192092896,0.3050000071525574,0.30000001192092896,0.3050000071525574,5000.0
2026-04-06 14:42:00,AUMB.V,,0.9300000071525574,0.9300000071525574,0.9300000071525574,0.9300000071525574,500.0
2026-04-06 14:42:00,GIG.V,,0.3400000035762787,0.3400000035762787,0.33500000834465027,0.33500000834465027,0.0
2026-04-06 14:42:00,THX.V,,1.440000057220459,1.440000057220459,1.440000057220459,1.440000057220459,100.0
2026-04-06 14:43:00,VCU.V,,1.215000033378601,1.215000033378601,1.215000033378601,1.215000033378601,150.0
2026-04-06 14:43:00,WED.V,,23.25,23.25,23.25,23.25,300.0
2026-04-06 14:43:00,WHY.V,,0.33000001311302185,0.33000001311302185,0.33000001311302185,0.33000001311302185,5000.0
2026-04-06 14:44:00,THX.V,,1.440000057220459,1.440000057220459,1.440000057220459,1.440000057220459,100.0
2026-04-06 14:45:00,THX.V,,1.440000057220459,1.440000057220459,1.4299999475479126,1.4299999475479126,2400.0
2026-04-06 14:45:00,ZAC.V,,0.08500000089406967,0.08500000089406967,0.08500000089406967,0.08500000089406967,93000.0
2026-04-06 14:46:00,THX.V,,1.440000057220459,1.440000057220459,1.440000057220459,1.440000057220459,100.0
2026-04-06 14:46:00,ZDC.V,,5.039999961853027,5.039999961853027,5.039999961853027,5.039999961853027,1600.0
2026-04-06 14:47:00,AUMB.V,,0.9300000071525574,0.9300000071525574,0.9300000071525574,0.9300000071525574,500.0
2026-04-06 14:47:00,TRBC.V,,0.1899999976158142,0.1899999976158142,0.1899999976158142,0.1899999976158142,0.0
2026-04-06 14:47:00,UCU.V,,5.46999979019165,5.46999979019165,5.46999979019165,5.46999979019165,100.0
2026-04-06 14:47:00,VCU.V,,1.2200000286102295,1.2200000286102295,1.2200000286102295,1.2200000286102295,1500.0
2026-04-06 14:47:00,WEX.V,,0.7099999785423279,0.7099999785423279,0.6800000071525574,0.6800000071525574,19000.0
2026-04-06 14:47:00,WHY.V,,0.33500000834465027,0.33500000834465027,0.33500000834465027,0.33500000834465027,1000.0
2026-04-06 14:48:00,TRBC.V,,0.20000000298023224,0.20000000298023224,0.20000000298023224,0.20000000298023224,2000.0
2026-04-06 14:48:00,UCU.V,,5.474999904632568,5.474999904632568,5.474999904632568,5.474999904632568,100.0
2026-04-06 14:49:00,THX.V,,1.434999942779541,1.434999942779541,1.434999942779541,1.434999942779541,100.0
2026-04-06 14:50:00,TNR.V,,0.2199999988079071,0.2199999988079071,0.2199999988079071,0.2199999988079071,114500.0
2026-04-06 14:51:00,TECT.V,,2.259999990463257,2.259999990463257,2.240000009536743,2.240000009536743,500.0
2026-04-06 14:51:00,THX.V,,1.434999942779541,1.434999942779541,1.434999942779541,1.434999942779541,100.0
2026-04-06 14:51:00,VCU.V,,1.2300000190734863,1.2300000190734863,1.2300000190734863,1.2300000190734863,4000.0
2026-04-06 14:52:00,AUMB.V,,0.9300000071525574,0.9300000071525574,0.9300000071525574,0.9300000071525574,1000.0
2026-04-06 14:52:00,UCU.V,,5.474999904632568,5.474999904632568,5.474999904632568,5.474999904632568,700.0
2026-04-06 14:53:00,AUMB.V,,0.9300000071525574,0.9300000071525574,0.9300000071525574,0.9300000071525574,15950.0
2026-04-06 14:53:00,VG.V,,0.10499999672174454,0.10499999672174454,0.10499999672174454,0.10499999672174454,0.0
2026-04-06 14:53:00,ZDC.V,,5.059999942779541,5.059999942779541,5.059999942779541,5.059999942779541,251.0
2026-04-06 14:54:00,THX.V,,1.434999942779541,1.434999942779541,1.434999942779541,1.434999942779541,116.0
2026-04-06 14:54:00,TLT.V,,0.27000001072883606,0.27000001072883606,0.27000001072883606,0.27000001072883606,19000.0
2026-04-06 14:54:00,UCU.V,,5.474999904632568,5.474999904632568,5.474999904632568,5.474999904632568,700.0
2026-04-06 14:54:00,WRLG.V,,1.0,1.0,1.0,1.0,100.0
2026-04-06 14:54:00,XRTX.V,,2.990000009536743,2.990000009536743,2.9200000762939453,2.9200000762939453,1500.0
2026-04-06 14:55:00,TBIX.V,,0.014999999664723873,0.014999999664723873,0.014999999664723873,0.014999999664723873,33000.0
2026-04-06 14:55:00,UCU.V,,5.46999979019165,5.46999979019165,5.46999979019165,5.46999979019165,100.0
2026-04-06 14:56:00,THX.V,,1.440000057220459,1.440000057220459,1.440000057220459,1.440000057220459,100.0
2026-04-06 14:57:00,AUMB.V,,0.9300000071525574,0.9300000071525574,0.9300000071525574,0.9300000071525574,3500.0
2026-04-06 14:57:00,WVM.V,,1.9800000190734863,1.9800000190734863,1.9800000190734863,1.9800000190734863,6500.0
2026-04-06 14:58:00,TNR.V,,0.2199999988079071,0.2199999988079071,0.2199999988079071,0.2199999988079071,7500.0
2026-04-06 14:58:00,UCU.V,,5.480000019073486,5.480000019073486,5.46999979019165,5.46999979019165,1378.0
2026-04-06 14:59:00,AUMB.V,,0.9399999976158142,0.9399999976158142,0.9399999976158142,0.9399999976158142,11800.0
2026-04-06 14:59:00,ONE.V,,0.36000001430511475,0.36000001430511475,0.36000001430511475,0.36000001430511475,580.0
2026-04-06 14:59:00,VCU.V,,1.2300000190734863,1.2300000190734863,1.2300000190734863,1.2300000190734863,200.0
2026-04-06 14:59:00,WRLG.V,,1.0,1.0,1.0,1.0,300.0
2026-04-06 15:00:00,THX.V,,1.440000057220459,1.440000057220459,1.440000057220459,1.440000057220459,4000.0
2026-04-06 15:00:00,WHY.V,,0.33000001311302185,0.33000001311302185,0.33000001311302185,0.33000001311302185,1000.0
2026-04-06 15:01:00,TUD.V,,1.0099999904632568,1.0099999904632568,1.0,1.0,48700.0
2026-04-06 15:01:00,UCU.V,,5.480000019073486,5.480000019073486,5.480000019073486,5.480000019073486,800.0
2026-04-06 15:01:00,WHY.V,,0.33000001311302185,0.33000001311302185,0.33000001311302185,0.33000001311302185,1000.0
2026-04-06 15:02:00,UCU.V,,5.480000019073486,5.489999771118164,5.480000019073486,5.489999771118164,300.0
2026-04-06 15:02:00,WRLG.V,,0.9900000095367432,0.9900000095367432,0.9900000095367432,0.9900000095367432,1400.0
2026-04-06 15:03:00,ZOMD.V,,0.9350000023841858,0.9350000023841858,0.9300000071525574,0.9300000071525574,9165.0
2026-04-06 15:04:00,THX.V,,1.440000057220459,1.440000057220459,1.440000057220459,1.440000057220459,900.0
2026-04-06 15:04:00,TTS.V,,0.4699999988079071,0.4699999988079071,0.4699999988079071,0.4699999988079071,2000.0
2026-04-06 15:04:00,VCU.V,,1.2400000095367432,1.2400000095367432,1.2300000190734863,1.2300000190734863,21420.0
2026-04-06 15:05:00,UCU.V,,5.480000019073486,5.480000019073486,5.480000019073486,5.480000019073486,200.0
2026-04-06 15:05:00,WRLG.V,,0.9900000095367432,0.9900000095367432,0.9900000095367432,0.9900000095367432,41680.0
2026-04-06 15:05:00,ZOMD.V,,0.9200000166893005,0.9300000071525574,0.9200000166893005,0.9300000071525574,4500.0
2026-04-06 15:06:00,RARE.V,,5.800000190734863,5.800000190734863,5.5,5.5,5000.0
2026-04-06 15:06:00,THX.V,,1.440000057220459,1.440000057220459,1.440000057220459,1.440000057220459,400.0
2026-04-06 15:06:00,TUD.V,,1.0149999856948853,1.0149999856948853,1.0149999856948853,1.0149999856948853,300.0
2026-04-06 15:06:00,UCU.V,,5.460000038146973,5.46999979019165,5.460000038146973,5.46999979019165,2700.0
2026-04-06 15:06:00,WGO.V,,1.524999976158142,1.524999976158142,1.5199999809265137,1.5199999809265137,700.0
2026-04-06 15:06:00,ZDC.V,,5.059999942779541,5.059999942779541,5.059999942779541,5.059999942779541,600.0
2026-04-06 15:07:00,TUD.V,,1.0099999904632568,1.0099999904632568,1.0099999904632568,1.0099999904632568,1000.0
2026-04-06 15:07:00,UCU.V,,5.449999809265137,5.460000038146973,5.449999809265137,5.460000038146973,2900.0
2026-04-06 15:07:00,VLI.V,,0.009999999776482582,0.009999999776482582,0.009999999776482582,0.009999999776482582,4000.0
2026-04-06 15:07:00,WRLG.V,,0.9900000095367432,0.9900000095367432,0.9900000095367432,0.9900000095367432,200.0
2026-04-06 15:08:00,UCU.V,,5.449999809265137,5.449999809265137,5.449999809265137,5.449999809265137,100.0
2026-04-06 15:08:00,WHN.V,,0.2549999952316284,0.2549999952316284,0.2549999952316284,0.2549999952316284,2500.0
2026-04-06 15:08:00,WISH.V,,0.20000000298023224,0.20000000298023224,0.20000000298023224,0.20000000298023224,2000.0
2026-04-06 15:08:00,WRLG.V,,0.9900000095367432,0.9900000095367432,0.9900000095367432,0.9900000095367432,200.0
2026-04-06 15:09:00,UCU.V,,5.449999809265137,5.449999809265137,5.449999809265137,5.449999809265137,450.0
2026-04-06 15:09:00,WVM.V,,1.9800000190734863,1.9800000190734863,1.9800000190734863,1.9800000190734863,2100.0
2026-04-06 15:10:00,WRLG.V,,0.9900000095367432,0.9900000095367432,0.9900000095367432,0.9900000095367432,100.0
2026-04-06 15:10:00,ZDC.V,,5.059999942779541,5.059999942779541,5.059999942779541,5.059999942779541,100.0
2026-04-06 15:11:00,UCU.V,,5.440000057220459,5.440000057220459,5.440000057220459,5.440000057220459,745.0
2026-04-06 15:11:00,WRLG.V,,0.9900000095367432,0.9900000095367432,0.9900000095367432,0.9900000095367432,100.0
2026-04-06 15:11:00,ZOMD.V,,0.9300000071525574,0.9300000071525574,0.9300000071525574,0.9300000071525574,500.0
2026-04-06 15:12:00,TAJ.V,,0.1899999976158142,0.1899999976158142,0.1899999976158142,0.1899999976158142,5000.0
2026-04-06 15:12:00,TIG.V,,0.5699999928474426,0.5699999928474426,0.5699999928474426,0.5699999928474426,2500.0
2026-04-06 15:12:00,UCU.V,,5.460000038146973,5.460000038146973,5.460000038146973,5.460000038146973,1100.0
2026-04-06 15:12:00,WRLG.V,,0.9900000095367432,0.9900000095367432,0.9900000095367432,0.9900000095367432,100.0
2026-04-06 15:14:00,AUMB.V,,0.9399999976158142,0.9399999976158142,0.9399999976158142,0.9399999976158142,8600.0
2026-04-06 15:14:00,TUD.V,,1.0099999904632568,1.0099999904632568,1.0099999904632568,1.0099999904632568,200.0
2026-04-06 15:14:00,VCT.V,,0.02500000037252903,0.02500000037252903,0.02500000037252903,0.02500000037252903,172000.0
2026-04-06 15:14:00,YTY.V,,0.03999999910593033,0.03999999910593033,0.03999999910593033,0.03999999910593033,3000.0
2026-04-06 15:14:00,ZDC.V,,5.050000190734863,5.050000190734863,5.050000190734863,5.050000190734863,100.0
2026-04-06 15:15:00,THX.V,,1.440000057220459,1.440000057220459,1.440000057220459,1.440000057220459,100.0
2026-04-06 15:15:00,TTG.V,,0.15000000596046448,0.15000000596046448,0.15000000596046448,0.15000000596046448,5000.0
2026-04-06 15:15:00,VCU.V,,1.2300000190734863,1.2300000190734863,1.2300000190734863,1.2300000190734863,300.0
2026-04-06 15:15:00,VQS.V,,0.0949999988079071,0.0949999988079071,0.0949999988079071,0.0949999988079071,6500.0
2026-04-06 15:16:00,TUD.V,,1.0,1.0099999904632568,1.0,1.0099999904632568,14000.0
2026-04-06 15:16:00,UCU.V,,5.460000038146973,5.460000038146973,5.460000038146973,5.460000038146973,1600.0
2026-04-06 15:16:00,VCT.V,,0.02500000037252903,0.02500000037252903,0.02500000037252903,0.02500000037252903,57500.0
2026-04-06 15:16:00,WGO.V,,1.5199999809265137,1.5199999809265137,1.5199999809265137,1.5199999809265137,513.0
2026-04-06 15:16:00,ZDC.V,,5.039999961853027,5.039999961853027,5.039999961853027,5.039999961853027,100.0
2026-04-06 15:17:00,TECT.V,,2.240000009536743,2.240000009536743,2.240000009536743,2.240000009536743,100.0
2026-04-06 15:17:00,THX.V,,1.434999942779541,1.434999942779541,1.434999942779541,1.434999942779541,100.0
2026-04-06 15:17:00,WGO.V,,1.524999976158142,1.524999976158142,1.524999976158142,1.524999976158142,100.0
2026-04-06 15:17:00,ZDC.V,,5.039999961853027,5.039999961853027,5.039999961853027,5.039999961853027,100.0
2026-04-06 15:18:00,AUMB.V,,0.9300000071525574,0.9300000071525574,0.9300000071525574,0.9300000071525574,29884.0
2026-04-06 15:18:00,GIG.V,,0.3400000035762787,0.3400000035762787,0.3400000035762787,0.3400000035762787,500.0
2026-04-06 15:18:00,WGO.V,,1.524999976158142,1.524999976158142,1.524999976158142,1.524999976158142,100.0
2026-04-06 15:18:00,WRLG.V,,0.9900000095367432,0.9900000095367432,0.9900000095367432,0.9900000095367432,100.0
2026-04-06 15:18:00,ZDC.V,,5.039999961853027,5.039999961853027,5.03000020980835,5.03000020980835,1000.0
2026-04-06 15:19:00,AUMB.V,,0.9300000071525574,0.9300000071525574,0.9300000071525574,0.9300000071525574,4000.0
2026-04-06 15:19:00,UCU.V,,5.460000038146973,5.460000038146973,5.460000038146973,5.460000038146973,600.0
2026-04-06 15:19:00,VCT.V,,0.02500000037252903,0.02500000037252903,0.02500000037252903,0.02500000037252903,8000.0
2026-04-06 15:19:00,ZDC.V,,5.03000020980835,5.03000020980835,5.03000020980835,5.03000020980835,100.0
2026-04-06 15:20:00,THX.V,,1.434999942779541,1.434999942779541,1.434999942779541,1.434999942779541,100.0
2026-04-06 15:20:00,TNR.V,,0.22499999403953552,0.22499999403953552,0.2199999988079071,0.2199999988079071,22000.0
2026-04-06 15:20:00,VLI.V,,0.014999999664723873,0.014999999664723873,0.014999999664723873,0.014999999664723873,7000.0
2026-04-06 15:20:00,WEB.V,,1.6799999475479126,1.6799999475479126,1.659999966621399,1.659999966621399,6000.0
2026-04-06 15:20:00,ZDC.V,,5.03000020980835,5.03000020980835,5.03000020980835,5.03000020980835,100.0
2026-04-06 15:20:00,ZOMD.V,,0.949999988079071,0.949999988079071,0.9399999976158142,0.9399999976158142,5653.0
2026-04-06 15:21:00,AUMB.V,,0.9300000071525574,0.9300000071525574,0.9300000071525574,0.9300000071525574,21002.0
2026-04-06 15:21:00,TOI.V,,97.08000183105469,97.08000183105469,97.08000183105469,97.08000183105469,200.0
2026-04-06 15:21:00,UCU.V,,5.480000019073486,5.480000019073486,5.46999979019165,5.46999979019165,1600.0
2026-04-06 15:21:00,ZDC.V,,5.03000020980835,5.03000020980835,5.03000020980835,5.03000020980835,100.0
2026-04-06 15:22:00,ZDC.V,,5.03000020980835,5.03000020980835,5.03000020980835,5.03000020980835,300.0
2026-04-06 15:23:00,AUMB.V,,0.9300000071525574,0.9300000071525574,0.9300000071525574,0.9300000071525574,18500.0
2026-04-06 15:23:00,THX.V,,1.440000057220459,1.440000057220459,1.440000057220459,1.440000057220459,100.0
2026-04-06 15:23:00,TOI.V,,97.37000274658203,97.5,97.37000274658203,97.5,400.0
2026-04-06 15:23:00,UCU.V,,5.480000019073486,5.480000019073486,5.480000019073486,5.480000019073486,200.0
2026-04-06 15:23:00,WGO.V,,1.5199999809265137,1.5199999809265137,1.5199999809265137,1.5199999809265137,100.0
2026-04-06 15:24:00,TIG.V,,0.5799999833106995,0.5799999833106995,0.5799999833106995,0.5799999833106995,8500.0
2026-04-06 15:24:00,VCU.V,,1.2300000190734863,1.2300000190734863,1.2300000190734863,1.2300000190734863,1000.0
2026-04-06 15:24:00,ZDC.V,,5.039999961853027,5.039999961853027,5.039999961853027,5.039999961853027,100.0
2026-04-06 15:25:00,UCU.V,,5.46999979019165,5.46999979019165,5.46999979019165,5.46999979019165,1200.0
2026-04-06 15:25:00,ZDC.V,,5.03000020980835,5.03000020980835,5.03000020980835,5.03000020980835,100.0
2026-04-06 15:26:00,THX.V,,1.434999942779541,1.434999942779541,1.434999942779541,1.434999942779541,100.0
2026-04-06 15:26:00,UCU.V,,5.480000019073486,5.480000019073486,5.46999979019165,5.46999979019165,1800.0
2026-04-06 15:26:00,VIO.V,,0.13500000536441803,0.13500000536441803,0.13500000536441803,0.13500000536441803,10000.0
2026-04-06 15:26:00,WRLG.V,,0.9900000095367432,0.9900000095367432,0.9900000095367432,0.9900000095367432,100.0
2026-04-06 15:26:00,ZDC.V,,5.03000020980835,5.03000020980835,5.03000020980835,5.03000020980835,1300.0
2026-04-06 15:27:00,WRLG.V,,0.9900000095367432,0.9900000095367432,0.9900000095367432,0.9900000095367432,300.0
2026-04-06 15:28:00,THX.V,,1.434999942779541,1.434999942779541,1.434999942779541,1.434999942779541,100.0
2026-04-06 15:28:00,TIG.V,,0.5799999833106995,0.5799999833106995,0.5799999833106995,0.5799999833106995,3000.0
2026-04-06 15:28:00,UCU.V,,5.480000019073486,5.480000019073486,5.480000019073486,5.480000019073486,5000.0
2026-04-06 15:28:00,WAM.V,,0.8700000047683716,0.8700000047683716,0.8700000047683716,0.8700000047683716,950.0
2026-04-06 15:28:00,WED.V,,23.25,23.25,23.25,23.25,500.0
2026-04-06 15:28:00,WRLG.V,,0.9900000095367432,0.9900000095367432,0.9900000095367432,0.9900000095367432,383.0
2026-04-06 15:28:00,ZDC.V,,5.010000228881836,5.010000228881836,5.010000228881836,5.010000228881836,100.0
2026-04-06 15:29:00,WRLG.V,,0.9900000095367432,0.9900000095367432,0.9900000095367432,0.9900000095367432,600.0
2026-04-06 15:30:00,THX.V,,1.4299999475479126,1.4299999475479126,1.4299999475479126,1.4299999475479126,100.0
2026-04-06 15:30:00,TOI.V,,97.33999633789062,97.33999633789062,97.33999633789062,97.33999633789062,216.0
2026-04-06 15:30:00,UCU.V,,5.460000038146973,5.460000038146973,5.460000038146973,5.460000038146973,491.0
2026-04-06 15:30:00,VQS.V,,0.0949999988079071,0.0949999988079071,0.0949999988079071,0.0949999988079071,5780.0
2026-04-06 15:30:00,WRLG.V,,0.9900000095367432,0.9900000095367432,0.9900000095367432,0.9900000095367432,300.0
2026-04-06 15:30:00,ZDC.V,,5.010000228881836,5.010000228881836,5.010000228881836,5.010000228881836,100.0
2026-04-06 15:31:00,AUMB.V,,0.9200000166893005,0.9200000166893005,0.9200000166893005,0.9200000166893005,3100.0
2026-04-06 15:31:00,TUD.V,,1.0049999952316284,1.0049999952316284,1.0049999952316284,1.0049999952316284,1000.0
2026-04-06 15:31:00,WRLG.V,,0.9900000095367432,0.9900000095367432,0.9900000095367432,0.9900000095367432,100.0
2026-04-06 15:32:00,ONE.V,,0.36000001430511475,0.36000001430511475,0.36000001430511475,0.36000001430511475,500.0
2026-04-06 15:32:00,THX.V,,1.434999942779541,1.434999942779541,1.434999942779541,1.434999942779541,1000.0
2026-04-06 15:32:00,TRBC.V,,0.1899999976158142,0.1899999976158142,0.1899999976158142,0.1899999976158142,3000.0
2026-04-06 15:32:00,VTX.V,,0.1899999976158142,0.1899999976158142,0.1899999976158142,0.1899999976158142,5000.0
2026-04-06 15:32:00,WGO.V,,1.524999976158142,1.524999976158142,1.524999976158142,1.524999976158142,100.0
2026-04-06 15:32:00,WRLG.V,,0.9900000095367432,0.9900000095367432,0.9900000095367432,0.9900000095367432,300.0
2026-04-06 15:32:00,ZDC.V,,5.010000228881836,5.010000228881836,5.010000228881836,5.010000228881836,200.0
2026-04-06 15:33:00,TDG.V,,0.5699999928474426,0.5699999928474426,0.5699999928474426,0.5699999928474426,66209.0
2026-04-06 15:33:00,TVI.V,,0.04500000178813934,0.04500000178813934,0.04500000178813934,0.04500000178813934,0.0
2026-04-06 15:33:00,UCU.V,,5.449999809265137,5.449999809265137,5.449999809265137,5.449999809265137,1000.0
2026-04-06 15:33:00,WRLG.V,,0.9900000095367432,0.9900000095367432,0.9900000095367432,0.9900000095367432,100.0
2026-04-06 15:33:00,ZDC.V,,5.010000228881836,5.010000228881836,5.010000228881836,5.010000228881836,100.0
2026-04-06 15:34:00,AUMB.V,,0.9300000071525574,0.9350000023841858,0.925000011920929,0.925000011920929,29200.0
2026-04-06 15:34:00,THX.V,,1.440000057220459,1.440000057220459,1.440000057220459,1.440000057220459,100.0
2026-04-06 15:34:00,WED.V,,23.25,23.25,23.25,23.25,1000.0
2026-04-06 15:34:00,ZDC.V,,5.010000228881836,5.010000228881836,5.010000228881836,5.010000228881836,100.0
2026-04-06 15:35:00,TNR.V,,0.22499999403953552,0.22499999403953552,0.22499999403953552,0.22499999403953552,20000.0
2026-04-06 15:35:00,ZDC.V,,5.010000228881836,5.010000228881836,5.010000228881836,5.010000228881836,100.0
2026-04-06 15:36:00,TWO.V,,0.4699999988079071,0.4699999988079071,0.4699999988079071,0.4699999988079071,500.0
2026-04-06 15:36:00,UCU.V,,5.460000038146973,5.460000038146973,5.449999809265137,5.449999809265137,1300.0
2026-04-06 15:36:00,ZDC.V,,5.010000228881836,5.010000228881836,5.010000228881836,5.010000228881836,100.0
2026-04-06 15:37:00,THX.V,,1.440000057220459,1.440000057220459,1.440000057220459,1.440000057220459,600.0
2026-04-06 15:37:00,TNR.V,,0.22499999403953552,0.22499999403953552,0.22499999403953552,0.22499999403953552,1000.0
2026-04-06 15:37:00,TSG.V,,0.25,0.25,0.25,0.25,500.0
2026-04-06 15:37:00,UCU.V,,5.460000038146973,5.460000038146973,5.460000038146973,5.460000038146973,726.0
2026-04-06 15:37:00,WRLG.V,,0.9900000095367432,0.9900000095367432,0.9900000095367432,0.9900000095367432,100.0
2026-04-06 15:38:00,TELO.V,,0.05999999865889549,0.05999999865889549,0.05999999865889549,0.05999999865889549,14000.0
2026-04-06 15:38:00,TLT.V,,0.27000001072883606,0.27000001072883606,0.27000001072883606,0.27000001072883606,3000.0
2026-04-06 15:38:00,TNR.V,,0.22499999403953552,0.22499999403953552,0.22499999403953552,0.22499999403953552,500.0
2026-04-06 15:38:00,TOI.V,,97.44000244140625,97.44000244140625,97.44000244140625,97.44000244140625,414.0
2026-04-06 15:38:00,VAU.V,,0.15000000596046448,0.15000000596046448,0.15000000596046448,0.15000000596046448,9000.0
2026-04-06 15:38:00,WBE.V,,0.2150000035762787,0.2150000035762787,0.2150000035762787,0.2150000035762787,0.0
2026-04-06 15:38:00,WRLG.V,,0.9900000095367432,0.9900000095367432,0.9900000095367432,0.9900000095367432,400.0
2026-04-06 15:39:00,AUMB.V,,0.9300000071525574,0.9300000071525574,0.9300000071525574,0.9300000071525574,3000.0
2026-04-06 15:39:00,TDG.V,,0.5799999833106995,0.5799999833106995,0.5799999833106995,0.5799999833106995,6000.0
2026-04-06 15:39:00,WHN.V,,0.25,0.25,0.25,0.25,7500.0
2026-04-06 15:39:00,WRLG.V,,0.9900000095367432,0.9900000095367432,0.9900000095367432,0.9900000095367432,200.0
2026-04-06 15:40:00,AUMB.V,,0.9300000071525574,0.9300000071525574,0.9300000071525574,0.9300000071525574,3100.0
2026-04-06 15:40:00,THX.V,,1.4299999475479126,1.4299999475479126,1.4299999475479126,1.4299999475479126,100.0
2026-04-06 15:40:00,TSD.V,,0.2199999988079071,0.2199999988079071,0.2199999988079071,0.2199999988079071,0.0
2026-04-06 15:40:00,WGO.V,,1.524999976158142,1.524999976158142,1.5199999809265137,1.5199999809265137,2500.0
2026-04-06 15:40:00,WRLG.V,,0.9900000095367432,0.9900000095367432,0.9900000095367432,0.9900000095367432,100.0
2026-04-06 15:41:00,THX.V,,1.440000057220459,1.440000057220459,1.440000057220459,1.440000057220459,100.0
2026-04-06 15:41:00,WEB.V,,1.659999966621399,1.659999966621399,1.659999966621399,1.659999966621399,400.0
2026-04-06 15:41:00,WGO.V,,1.524999976158142,1.524999976158142,1.5199999809265137,1.5199999809265137,1600.0
2026-04-06 15:41:00,WRLG.V,,0.9900000095367432,0.9900000095367432,0.9900000095367432,0.9900000095367432,1979.0
2026-04-06 15:41:00,ZDC.V,,5.010000228881836,5.010000228881836,5.010000228881836,5.010000228881836,100.0
2026-04-06 15:42:00,AUMB.V,,0.9300000071525574,0.9300000071525574,0.9300000071525574,0.9300000071525574,3000.0
2026-04-06 15:42:00,TSLV.V,,0.10499999672174454,0.10999999940395355,0.10499999672174454,0.10999999940395355,4000.0
2026-04-06 15:42:00,UCU.V,,5.449999809265137,5.449999809265137,5.449999809265137,5.449999809265137,100.0
2026-04-06 15:42:00,WRLG.V,,0.9900000095367432,0.9900000095367432,0.9900000095367432,0.9900000095367432,100.0
2026-04-06 15:43:00,AUMB.V,,0.9300000071525574,0.9300000071525574,0.9300000071525574,0.9300000071525574,66010.0
2026-04-06 15:43:00,ONE.V,,0.36000001430511475,0.36000001430511475,0.36000001430511475,0.36000001430511475,500.0
2026-04-06 15:43:00,THX.V,,1.440000057220459,1.440000057220459,1.440000057220459,1.440000057220459,100.0
2026-04-06 15:43:00,TOI.V,,97.36000061035156,97.36000061035156,97.36000061035156,97.36000061035156,109.0
2026-04-06 15:43:00,UCU.V,,5.454999923706055,5.454999923706055,5.454999923706055,5.454999923706055,100.0
2026-04-06 15:43:00,WGO.V,,1.5299999713897705,1.5299999713897705,1.5299999713897705,1.5299999713897705,100.0
2026-04-06 15:43:00,WRLG.V,,0.9900000095367432,0.9900000095367432,0.9900000095367432,0.9900000095367432,800.0
2026-04-06 15:44:00,AUMB.V,,0.9300000071525574,0.9300000071525574,0.9300000071525574,0.9300000071525574,500.0
2026-04-06 15:44:00,THX.V,,1.440000057220459,1.440000057220459,1.440000057220459,1.440000057220459,100.0
2026-04-06 15:44:00,WRLG.V,,0.9900000095367432,0.9900000095367432,0.9900000095367432,0.9900000095367432,200.0
2026-04-06 15:45:00,UCU.V,,5.46999979019165,5.46999979019165,5.449999809265137,5.449999809265137,5100.0
2026-04-06 15:45:00,VML.V,,0.6299999952316284,0.6299999952316284,0.6299999952316284,0.6299999952316284,1000.0
2026-04-06 15:45:00,WGO.V,,1.5299999713897705,1.5299999713897705,1.5299999713897705,1.5299999713897705,100.0
2026-04-06 15:45:00,WP.V,,0.1550000011920929,0.1550000011920929,0.1550000011920929,0.1550000011920929,0.0
2026-04-06 15:46:00,THX.V,,1.440000057220459,1.440000057220459,1.440000057220459,1.440000057220459,100.0
2026-04-06 15:46:00,WGO.V,,1.5299999713897705,1.5299999713897705,1.5299999713897705,1.5299999713897705,100.0
2026-04-06 15:46:00,WRLG.V,,0.9900000095367432,0.9900000095367432,0.9900000095367432,0.9900000095367432,200.0
2026-04-06 15:47:00,THX.V,,1.440000057220459,1.440000057220459,1.440000057220459,1.440000057220459,200.0
2026-04-06 15:47:00,UCU.V,,5.460000038146973,5.460000038146973,5.460000038146973,5.460000038146973,500.0
2026-04-06 15:47:00,WGO.V,,1.5299999713897705,1.5299999713897705,1.5299999713897705,1.5299999713897705,100.0
2026-04-06 15:48:00,AUMB.V,,0.925000011920929,0.925000011920929,0.925000011920929,0.925000011920929,3000.0
2026-04-06 15:48:00,TAO.V,,0.09000000357627869,0.09000000357627869,0.09000000357627869,0.09000000357627869,99000.0
2026-04-06 15:48:00,THX.V,,1.440000057220459,1.440000057220459,1.4299999475479126,1.4299999475479126,200.0
2026-04-06 15:48:00,TTG.V,,0.15000000596046448,0.15000000596046448,0.15000000596046448,0.15000000596046448,8000.0
2026-04-06 15:48:00,UCU.V,,5.46999979019165,5.46999979019165,5.449999809265137,5.449999809265137,300.0
2026-04-06 15:48:00,WRLG.V,,0.9900000095367432,0.9900000095367432,0.9900000095367432,0.9900000095367432,200.0
2026-04-06 15:49:00,AUMB.V,,0.9200000166893005,0.925000011920929,0.9200000166893005,0.925000011920929,3900.0
2026-04-06 15:49:00,THX.V,,1.440000057220459,1.440000057220459,1.440000057220459,1.440000057220459,300.0
2026-04-06 15:49:00,TNR.V,,0.23999999463558197,0.23999999463558197,0.23999999463558197,0.23999999463558197,10000.0
2026-04-06 15:49:00,UCU.V,,5.440000057220459,5.449999809265137,5.440000057220459,5.449999809265137,1000.0
2026-04-06 15:49:00,VIO.V,,0.12999999523162842,0.12999999523162842,0.12999999523162842,0.12999999523162842,2000.0
2026-04-06 15:49:00,WRLG.V,,0.9900000095367432,0.9900000095367432,0.9900000095367432,0.9900000095367432,600.0
2026-04-06 15:49:00,ZDC.V,,5.010000228881836,5.010000228881836,5.010000228881836,5.010000228881836,100.0
2026-04-06 15:50:00,AUMB.V,,0.9300000071525574,0.9300000071525574,0.9300000071525574,0.9300000071525574,24800.0
2026-04-06 15:50:00,RARE.V,,5.5,5.699999809265137,5.5,5.699999809265137,1500.0
2026-04-06 15:50:00,THX.V,,1.440000057220459,1.440000057220459,1.440000057220459,1.440000057220459,300.0
2026-04-06 15:50:00,UCU.V,,5.46999979019165,5.46999979019165,5.454999923706055,5.454999923706055,1700.0
2026-04-06 15:50:00,WGO.V,,1.5299999713897705,1.5299999713897705,1.5299999713897705,1.5299999713897705,200.0
2026-04-06 15:50:00,WRLG.V,,0.9900000095367432,0.9900000095367432,0.9900000095367432,0.9900000095367432,5200.0
2026-04-06 15:50:00,ZDC.V,,5.010000228881836,5.010000228881836,5.010000228881836,5.010000228881836,100.0
2026-04-06 15:51:00,THX.V,,1.440000057220459,1.440000057220459,1.440000057220459,1.440000057220459,100.0
2026-04-06 15:51:00,TUD.V,,1.0,1.0,1.0,1.0,1600.0
2026-04-06 15:51:00,UCU.V,,5.46999979019165,5.46999979019165,5.46999979019165,5.46999979019165,300.0
2026-04-06 15:51:00,VCU.V,,1.2400000095367432,1.2400000095367432,1.2400000095367432,1.2400000095367432,202.0
2026-04-06 15:51:00,VIO.V,,0.12999999523162842,0.12999999523162842,0.12999999523162842,0.12999999523162842,56000.0
2026-04-06 15:51:00,WGO.V,,1.5299999713897705,1.5299999713897705,1.5299999713897705,1.5299999713897705,200.0
2026-04-06 15:51:00,WRLG.V,,0.9900000095367432,0.9900000095367432,0.9900000095367432,0.9900000095367432,4600.0
2026-04-06 15:51:00,ZDC.V,,5.010000228881836,5.010000228881836,5.010000228881836,5.010000228881836,600.0
2026-04-06 15:51:00,ZEN.V,,0.7599999904632568,0.7599999904632568,0.7599999904632568,0.7599999904632568,500.0
2026-04-06 15:52:00,TECT.V,,2.240000009536743,2.240000009536743,2.240000009536743,2.240000009536743,100.0
2026-04-06 15:52:00,THX.V,,1.434999942779541,1.440000057220459,1.4299999475479126,1.440000057220459,400.0
2026-04-06 15:52:00,UCU.V,,5.465000152587891,5.46999979019165,5.460000038146973,5.46999979019165,1600.0
2026-04-06 15:52:00,WAM.V,,0.8700000047683716,0.8700000047683716,0.8700000047683716,0.8700000047683716,500.0
2026-04-06 15:52:00,WGO.V,,1.524999976158142,1.524999976158142,1.524999976158142,1.524999976158142,100.0
2026-04-06 15:52:00,WRLG.V,,0.9900000095367432,0.9900000095367432,0.9900000095367432,0.9900000095367432,1300.0
2026-04-06 15:52:00,ZDC.V,,5.010000228881836,5.019999980926514,5.010000228881836,5.010000228881836,9000.0
2026-04-06 15:53:00,NILI.V,,0.6000000238418579,0.6000000238418579,0.6000000238418579,0.6000000238418579,4500.0
2026-04-06 15:53:00,ONE.V,,0.36500000953674316,0.36500000953674316,0.36500000953674316,0.36500000953674316,500.0
2026-04-06 15:53:00,THX.V,,1.434999942779541,1.434999942779541,1.434999942779541,1.434999942779541,200.0
2026-04-06 15:53:00,TNR.V,,0.25999999046325684,0.25999999046325684,0.23499999940395355,0.23499999940395355,113500.0
2026-04-06 15:53:00,UCU.V,,5.46999979019165,5.46999979019165,5.460000038146973,5.46999979019165,400.0
2026-04-06 15:53:00,VCU.V,,1.2400000095367432,1.2400000095367432,1.2400000095367432,1.2400000095367432,100.0
2026-04-06 15:53:00,WAM.V,,0.8700000047683716,0.8700000047683716,0.8700000047683716,0.8700000047683716,500.0
2026-04-06 15:53:00,WEX.V,,0.6899999976158142,0.6899999976158142,0.6899999976158142,0.6899999976158142,1000.0
2026-04-06 15:53:00,WGO.V,,1.5299999713897705,1.5299999713897705,1.5299999713897705,1.5299999713897705,200.0
2026-04-06 15:53:00,WML.V,,0.07500000298023224,0.07500000298023224,0.07500000298023224,0.07500000298023224,10000.0
2026-04-06 15:53:00,WRLG.V,,0.9900000095367432,0.9900000095367432,0.9900000095367432,0.9900000095367432,3800.0
2026-04-06 15:53:00,ZDC.V,,5.070000171661377,5.090000152587891,5.039999961853027,5.039999961853027,8450.0
2026-04-06 15:53:00,ZOMD.V,,0.949999988079071,0.949999988079071,0.949999988079071,0.949999988079071,16435.0
2026-04-06 15:54:00,AUMB.V,,0.9300000071525574,0.9300000071525574,0.9300000071525574,0.9300000071525574,1188.0
2026-04-06 15:54:00,TELO.V,,0.05999999865889549,0.05999999865889549,0.05999999865889549,0.05999999865889549,12780.0
2026-04-06 15:54:00,THX.V,,1.434999942779541,1.434999942779541,1.434999942779541,1.434999942779541,300.0
2026-04-06 15:54:00,TK.V,,0.4000000059604645,0.4000000059604645,0.4000000059604645,0.4000000059604645,18500.0
2026-04-06 15:54:00,TUD.V,,1.0099999904632568,1.0099999904632568,1.0099999904632568,1.0099999904632568,100.0
2026-04-06 15:54:00,UCU.V,,5.46999979019165,5.46999979019165,5.46999979019165,5.46999979019165,100.0
2026-04-06 15:54:00,VCT.V,,0.02500000037252903,0.02500000037252903,0.02500000037252903,0.02500000037252903,4000.0
2026-04-06 15:54:00,VCU.V,,1.2400000095367432,1.2400000095367432,1.2400000095367432,1.2400000095367432,332.0
2026-04-06 15:54:00,VUL.V,,0.2199999988079071,0.2199999988079071,0.2199999988079071,0.2199999988079071,500.0
2026-04-06 15:54:00,WGO.V,,1.5299999713897705,1.5299999713897705,1.5299999713897705,1.5299999713897705,100.0
2026-04-06 15:54:00,WHY.V,,0.33000001311302185,0.33000001311302185,0.33000001311302185,0.33000001311302185,1500.0
2026-04-06 15:54:00,WRLG.V,,0.9900000095367432,0.9900000095367432,0.9900000095367432,0.9900000095367432,4000.0
2026-04-06 15:54:00,ZDC.V,,5.110000133514404,5.110000133514404,5.070000171661377,5.090000152587891,5000.0
2026-04-06 15:55:00,NILI.V,,0.6100000143051147,0.6100000143051147,0.6000000238418579,0.6000000238418579,4000.0
2026-04-06 15:55:00,SURG.V,,0.5899999737739563,0.5899999737739563,0.5899999737739563,0.5899999737739563,70000.0
2026-04-06 15:55:00,TECT.V,,2.240000009536743,2.240000009536743,2.240000009536743,2.240000009536743,400.0
2026-04-06 15:55:00,TELO.V,,0.06499999761581421,0.06499999761581421,0.06499999761581421,0.06499999761581421,1000.0
2026-04-06 15:55:00,THX.V,,1.434999942779541,1.434999942779541,1.4299999475479126,1.434999942779541,600.0
2026-04-06 15:55:00,TPL.V,,1.5,1.5,1.5,1.5,0.0
2026-04-06 15:55:00,VCU.V,,1.2200000286102295,1.2200000286102295,1.2200000286102295,1.2200000286102295,3300.0
2026-04-06 15:55:00,WEB.V,,1.649999976158142,1.649999976158142,1.649999976158142,1.649999976158142,500.0
2026-04-06 15:55:00,WGO.V,,1.524999976158142,1.5299999713897705,1.5199999809265137,1.5199999809265137,3000.0
2026-04-06 15:55:00,WRLG.V,,0.9900000095367432,0.9900000095367432,0.9900000095367432,0.9900000095367432,1300.0
2026-04-06 15:55:00,ZDC.V,,5.130000114440918,5.130000114440918,5.099999904632568,5.099999904632568,2100.0
2026-04-06 15:56:00,AUMB.V,,0.9300000071525574,0.9300000071525574,0.9300000071525574,0.9300000071525574,3000.0
2026-04-06 15:56:00,THX.V,,1.434999942779541,1.434999942779541,1.434999942779541,1.434999942779541,400.0
2026-04-06 15:56:00,TNR.V,,0.25999999046325684,0.25999999046325684,0.25999999046325684,0.25999999046325684,5000.0
2026-04-06 15:56:00,UCU.V,,5.46999979019165,5.46999979019165,5.449999809265137,5.449999809265137,3825.0
2026-04-06 15:56:00,WGO.V,,1.524999976158142,1.524999976158142,1.5199999809265137,1.524999976158142,800.0
2026-04-06 15:56:00,WRLG.V,,0.9900000095367432,0.9900000095367432,0.9900000095367432,0.9900000095367432,1100.0
2026-04-06 15:56:00,ZDC.V,,5.139999866485596,5.150000095367432,5.090000152587891,5.090000152587891,9100.0
2026-04-06 15:57:00,AUMB.V,,0.9300000071525574,0.9300000071525574,0.9300000071525574,0.9300000071525574,24336.0
2026-04-06 15:57:00,ONE.V,,0.36000001430511475,0.3700000047683716,0.36000001430511475,0.3700000047683716,1500.0
2026-04-06 15:57:00,THX.V,,1.434999942779541,1.434999942779541,1.434999942779541,1.434999942779541,200.0
2026-04-06 15:57:00,TOI.V,,97.54000091552734,97.54000091552734,97.52999877929688,97.52999877929688,200.0
2026-04-06 15:57:00,TUD.V,,1.0099999904632568,1.0099999904632568,1.0099999904632568,1.0099999904632568,100.0
2026-04-06 15:57:00,UCU.V,,5.460000038146973,5.460000038146973,5.449999809265137,5.449999809265137,2100.0
2026-04-06 15:57:00,WGO.V,,1.524999976158142,1.524999976158142,1.524999976158142,1.524999976158142,100.0
2026-04-06 15:57:00,WRLG.V,,0.9900000095367432,0.9900000095367432,0.9900000095367432,0.9900000095367432,1000.0
2026-04-06 15:57:00,ZDC.V,,5.150000095367432,5.150000095367432,5.099999904632568,5.130000114440918,10800.0
2026-04-06 15:58:00,THX.V,,1.434999942779541,1.434999942779541,1.434999942779541,1.434999942779541,400.0
2026-04-06 15:58:00,TOI.V,,97.56999969482422,97.56999969482422,97.56999969482422,97.56999969482422,100.0
2026-04-06 15:58:00,TUD.V,,1.0099999904632568,1.0099999904632568,1.0099999904632568,1.0099999904632568,100.0
2026-04-06 15:58:00,UCU.V,,5.46999979019165,5.46999979019165,5.449999809265137,5.449999809265137,3574.0
2026-04-06 15:58:00,VCU.V,,1.2200000286102295,1.2200000286102295,1.2200000286102295,1.2200000286102295,100.0
2026-04-06 15:58:00,WGO.V,,1.524999976158142,1.524999976158142,1.524999976158142,1.524999976158142,400.0
2026-04-06 15:58:00,WRLG.V,,0.9900000095367432,0.9900000095367432,0.9900000095367432,0.9900000095367432,1100.0
2026-04-06 15:58:00,ZDC.V,,5.179999828338623,5.179999828338623,5.110000133514404,5.139999866485596,7500.0
2026-04-06 15:59:00,AUMB.V,,0.9399999976158142,0.9399999976158142,0.9200000166893005,0.9300000071525574,15413.0
2026-04-06 15:59:00,NILI.V,,0.6100000143051147,0.6100000143051147,0.6100000143051147,0.6100000143051147,1000.0
2026-04-06 15:59:00,SURG.V,,0.5899999737739563,0.5899999737739563,0.5899999737739563,0.5899999737739563,5000.0
2026-04-06 15:59:00,TDG.V,,0.5799999833106995,0.5799999833106995,0.5600000023841858,0.5799999833106995,5500.0
2026-04-06 15:59:00,TECT.V,,2.240000009536743,2.240000009536743,2.240000009536743,2.240000009536743,400.0
2026-04-06 15:59:00,TG.V,,0.20999999344348907,0.20999999344348907,0.20999999344348907,0.20999999344348907,500.0
2026-04-06 15:59:00,THX.V,,1.440000057220459,1.440000057220459,1.4299999475479126,1.434999942779541,4885.0
2026-04-06 15:59:00,TOI.V,,97.5,97.61000061035156,97.0199966430664,97.56999969482422,2539.0
2026-04-06 15:59:00,TRO.V,,0.18000000715255737,0.18000000715255737,0.18000000715255737,0.18000000715255737,500.0
2026-04-06 15:59:00,TSD.V,,0.2199999988079071,0.2199999988079071,0.2199999988079071,0.2199999988079071,12000.0
2026-04-06 15:59:00,TUD.V,,1.0099999904632568,1.0099999904632568,1.0049999952316284,1.0049999952316284,3500.0
2026-04-06 15:59:00,TWO.V,,0.4699999988079071,0.4699999988079071,0.4699999988079071,0.4699999988079071,500.0
2026-04-06 15:59:00,UCU.V,,5.440000057220459,5.46999979019165,5.400000095367432,5.460000038146973,9626.0
2026-04-06 15:59:00,VAU.V,,0.14000000059604645,0.14000000059604645,0.14000000059604645,0.14000000059604645,500.0
2026-04-06 15:59:00,VCU.V,,1.25,1.25,1.2200000286102295,1.2200000286102295,2100.0
2026-04-06 15:59:00,VML.V,,0.6000000238418579,0.6200000047683716,0.6000000238418579,0.6200000047683716,3000.0
2026-04-06 15:59:00,WGO.V,,1.5499999523162842,1.5499999523162842,1.5199999809265137,1.524999976158142,8000.0
2026-04-06 15:59:00,WRLG.V,,0.9900000095367432,0.9900000095367432,0.9850000143051147,0.9850000143051147,9800.0
2026-04-06 15:59:00,XRTX.V,,3.200000047683716,3.200000047683716,3.200000047683716,3.200000047683716,100.0
2026-04-06 15:59:00,ZDC.V,,5.119999885559082,5.230000019073486,5.110000133514404,5.159999847412109,14600.0
2026-04-06 15:59:00,ZEN.V,,0.7699999809265137,0.7699999809265137,0.7699999809265137,0.7699999809265137,1500.0
2026-04-06 15:59:00,ZOMD.V,,0.8999999761581421,0.9599999785423279,0.8999999761581421,0.949999988079071,8489.0
