Datetime,Ticker,Adj Close,Close,High,Low,Open,Volume
2026-04-07 09:30:00,AUMB.V,,0.9200000166893005,0.9300000071525574,0.9200000166893005,0.9200000166893005,0.0
2026-04-07 09:30:00,CANS.V,,0.004999999888241291,0.004999999888241291,0.004999999888241291,0.004999999888241291,0.0
2026-04-07 09:30:00,FIVD-P.V,,0.10000000149011612,0.10000000149011612,0.10000000149011612,0.10000000149011612,0.0
2026-04-07 09:30:00,FNR.V,,0.03999999910593033,0.03999999910593033,0.03999999910593033,0.03999999910593033,0.0
2026-04-07 09:30:00,GIG.V,,0.4300000071525574,0.4300000071525574,0.4300000071525574,0.4300000071525574,0.0
2026-04-07 09:30:00,LOT.V,,0.054999999701976776,0.054999999701976776,0.054999999701976776,0.054999999701976776,0.0
2026-04-07 09:30:00,MIT.V,,0.029999999329447746,0.029999999329447746,0.029999999329447746,0.029999999329447746,0.0
2026-04-07 09:30:00,SPZ.V,,0.054999999701976776,0.054999999701976776,0.054999999701976776,0.054999999701976776,0.0
2026-04-07 09:30:00,SURG.V,,0.5899999737739563,0.6000000238418579,0.5899999737739563,0.6000000238418579,0.0
2026-04-07 09:30:00,TAJ.V,,0.1850000023841858,0.1850000023841858,0.1850000023841858,0.1850000023841858,0.0
2026-04-07 09:30:00,TAO.V,,0.09000000357627869,0.09000000357627869,0.09000000357627869,0.09000000357627869,0.0
2026-04-07 09:30:00,TECT.V,,2.259999990463257,2.259999990463257,2.240000009536743,2.240000009536743,0.0
2026-04-07 09:30:00,TGOL.V,,0.10999999940395355,0.10999999940395355,0.10999999940395355,0.10999999940395355,0.0
2026-04-07 09:30:00,TGS.V,,0.054999999701976776,0.054999999701976776,0.054999999701976776,0.054999999701976776,0.0
2026-04-07 09:30:00,THX.V,,1.4199999570846558,1.4299999475479126,1.4199999570846558,1.4299999475479126,0.0
2026-04-07 09:30:00,TK.V,,0.4000000059604645,0.4000000059604645,0.4000000059604645,0.4000000059604645,0.0
2026-04-07 09:30:00,TLT.V,,0.27000001072883606,0.27000001072883606,0.27000001072883606,0.27000001072883606,0.0
2026-04-07 09:30:00,TMET.V,,0.0949999988079071,0.0949999988079071,0.0949999988079071,0.0949999988079071,0.0
2026-04-07 09:30:00,TNR.V,,0.25999999046325684,0.27000001072883606,0.25999999046325684,0.27000001072883606,0.0
2026-04-07 09:30:00,TOI.V,,97.0,98.3499984741211,97.0,98.3499984741211,0.0
2026-04-07 09:30:00,TOP-P.V,,0.03500000014901161,0.03500000014901161,0.03500000014901161,0.03500000014901161,0.0
2026-04-07 09:30:00,TRA.V,,0.004999999888241291,0.004999999888241291,0.004999999888241291,0.004999999888241291,0.0
2026-04-07 09:30:00,TSG.V,,0.25,0.25,0.25,0.25,0.0
2026-04-07 09:30:00,TTD.V,,0.03999999910593033,0.03999999910593033,0.03999999910593033,0.03999999910593033,0.0
2026-04-07 09:30:00,TTG.V,,0.15000000596046448,0.15000000596046448,0.15000000596046448,0.15000000596046448,0.0
2026-04-07 09:30:00,TUD.V,,0.9900000095367432,1.0,0.9900000095367432,1.0,0.0
2026-04-07 09:30:00,TUK.V,,0.02500000037252903,0.02500000037252903,0.02500000037252903,0.02500000037252903,0.0
2026-04-07 09:30:00,TUP-P.V,,0.03999999910593033,0.03999999910593033,0.03999999910593033,0.03999999910593033,0.0
2026-04-07 09:30:00,TVR-H.V,,0.03500000014901161,0.03500000014901161,0.03500000014901161,0.03500000014901161,0.0
2026-04-07 09:30:00,UCU.V,,5.369999885559082,5.369999885559082,5.349999904632568,5.369999885559082,0.0
2026-04-07 09:30:00,UGD.V,,0.4350000023841858,0.4350000023841858,0.4350000023841858,0.4350000023841858,0.0
2026-04-07 09:30:00,UPT-P.V,,0.05999999865889549,0.05999999865889549,0.05999999865889549,0.05999999865889549,0.0
2026-04-07 09:30:00,VCC-P.V,,0.03999999910593033,0.03999999910593033,0.03999999910593033,0.03999999910593033,0.0
2026-04-07 09:30:00,VCU.V,,1.2100000381469727,1.2100000381469727,1.2000000476837158,1.2100000381469727,0.0
2026-04-07 09:30:00,VERT.V,,0.029999999329447746,0.029999999329447746,0.029999999329447746,0.029999999329447746,0.0
2026-04-07 09:30:00,VIO.V,,0.125,0.125,0.125,0.125,0.0
2026-04-07 09:30:00,VLI.V,,0.014999999664723873,0.014999999664723873,0.014999999664723873,0.014999999664723873,0.0
2026-04-07 09:30:00,VML.V,,0.5799999833106995,0.5899999737739563,0.5799999833106995,0.5899999737739563,0.0
2026-04-07 09:30:00,VO.V,,0.10499999672174454,0.10499999672174454,0.10499999672174454,0.10499999672174454,0.0
2026-04-07 09:30:00,VQS.V,,0.10499999672174454,0.10499999672174454,0.10499999672174454,0.10499999672174454,0.0
2026-04-07 09:30:00,VRS.V,,0.014999999664723873,0.014999999664723873,0.014999999664723873,0.014999999664723873,0.0
2026-04-07 09:30:00,VTT.V,,0.009999999776482582,0.009999999776482582,0.009999999776482582,0.009999999776482582,0.0
2026-04-07 09:30:00,VUL.V,,0.22499999403953552,0.22499999403953552,0.22499999403953552,0.22499999403953552,0.0
2026-04-07 09:30:00,VUX.V,,0.1550000011920929,0.1550000011920929,0.1550000011920929,0.1550000011920929,0.0
2026-04-07 09:30:00,VVC.V,,0.019999999552965164,0.019999999552965164,0.019999999552965164,0.019999999552965164,0.0
2026-04-07 09:30:00,WAM.V,,0.8600000143051147,0.8799999952316284,0.8600000143051147,0.8799999952316284,0.0
2026-04-07 09:30:00,WEB.V,,1.659999966621399,1.659999966621399,1.659999966621399,1.659999966621399,0.0
2026-04-07 09:30:00,WET-H.V,,0.07000000029802322,0.07000000029802322,0.07000000029802322,0.07000000029802322,0.0
2026-04-07 09:30:00,WGO.V,,1.5399999618530273,1.5399999618530273,1.5399999618530273,1.5399999618530273,0.0
2026-04-07 09:30:00,WHN.V,,0.25,0.25,0.25,0.25,0.0
2026-04-07 09:30:00,WOI-H.V,,0.03500000014901161,0.03500000014901161,0.03500000014901161,0.03500000014901161,0.0
2026-04-07 09:30:00,WRLG.V,,0.9900000095367432,0.9900000095367432,0.9900000095367432,0.9900000095367432,0.0
2026-04-07 09:30:00,WRR.V,,0.3050000071525574,0.3050000071525574,0.3050000071525574,0.3050000071525574,0.0
2026-04-07 09:30:00,XGC.V,,0.2849999964237213,0.2849999964237213,0.2849999964237213,0.2849999964237213,0.0
2026-04-07 09:30:00,YNV.V,,0.11999999731779099,0.11999999731779099,0.11999999731779099,0.11999999731779099,0.0
2026-04-07 09:30:00,YSC-H.V,,0.029999999329447746,0.029999999329447746,0.029999999329447746,0.029999999329447746,0.0
2026-04-07 09:30:00,ZAC.V,,0.07999999821186066,0.07999999821186066,0.07999999821186066,0.07999999821186066,0.0
2026-04-07 09:30:00,ZC.V,,0.6299999952316284,0.6299999952316284,0.6299999952316284,0.6299999952316284,0.0
2026-04-07 09:30:00,ZDC.V,,5.130000114440918,5.130000114440918,5.119999885559082,5.119999885559082,0.0
2026-04-07 09:30:00,ZEN.V,,0.7699999809265137,0.7799999713897705,0.7699999809265137,0.7799999713897705,0.0
2026-04-07 09:30:00,ZIM-H.V,,0.05000000074505806,0.05000000074505806,0.05000000074505806,0.05000000074505806,0.0
2026-04-07 09:30:00,ZMD-H.V,,0.014999999664723873,0.014999999664723873,0.014999999664723873,0.014999999664723873,0.0
2026-04-07 09:30:00,ZMD.V,,0.014999999664723873,0.014999999664723873,0.014999999664723873,0.014999999664723873,0.0
2026-04-07 09:30:00,ZOMD.V,,0.9200000166893005,0.9200000166893005,0.9200000166893005,0.9200000166893005,0.0
2026-04-07 09:30:00,ZZE-H.V,,0.25,0.25,0.25,0.25,0.0
2026-04-07 09:31:00,AUMB.V,,0.9200000166893005,0.9200000166893005,0.9200000166893005,0.9200000166893005,4115.0
2026-04-07 09:31:00,LOT.V,,0.054999999701976776,0.054999999701976776,0.054999999701976776,0.054999999701976776,2000.0
2026-04-07 09:31:00,NILI.V,,0.6000000238418579,0.6000000238418579,0.6000000238418579,0.6000000238418579,0.0
2026-04-07 09:31:00,THX.V,,1.399999976158142,1.399999976158142,1.399999976158142,1.399999976158142,347.0
2026-04-07 09:31:00,TUD.V,,0.9800000190734863,0.9800000190734863,0.9800000190734863,0.9800000190734863,5400.0
2026-04-07 09:31:00,UCU.V,,5.320000171661377,5.349999904632568,5.320000171661377,5.349999904632568,1300.0
2026-04-07 09:31:00,VCU.V,,1.1699999570846558,1.2000000476837158,1.1699999570846558,1.2000000476837158,16400.0
2026-04-07 09:31:00,WAM.V,,0.8399999737739563,0.8600000143051147,0.8399999737739563,0.8600000143051147,3000.0
2026-04-07 09:31:00,WRR.V,,0.3050000071525574,0.3050000071525574,0.3050000071525574,0.3050000071525574,5000.0
2026-04-07 09:32:00,NILI.V,,0.6000000238418579,0.6000000238418579,0.6000000238418579,0.6000000238418579,5500.0
2026-04-07 09:32:00,TGOL.V,,0.10999999940395355,0.10999999940395355,0.10999999940395355,0.10999999940395355,1000.0
2026-04-07 09:32:00,TIG.V,,0.5799999833106995,0.5799999833106995,0.5799999833106995,0.5799999833106995,0.0
2026-04-07 09:32:00,TUD.V,,0.9700000286102295,0.9700000286102295,0.9700000286102295,0.9700000286102295,3300.0
2026-04-07 09:32:00,VML.V,,0.5899999737739563,0.5899999737739563,0.5899999737739563,0.5899999737739563,1500.0
2026-04-07 09:32:00,WRLG.V,,0.9800000190734863,0.9800000190734863,0.9800000190734863,0.9800000190734863,26282.0
2026-04-07 09:33:00,AUMB.V,,0.9100000262260437,0.9100000262260437,0.9100000262260437,0.9100000262260437,1500.0
2026-04-07 09:33:00,TRO.V,,0.17499999701976776,0.17499999701976776,0.17499999701976776,0.17499999701976776,0.0
2026-04-07 09:33:00,TUD.V,,0.9700000286102295,0.9700000286102295,0.9700000286102295,0.9700000286102295,100.0
2026-04-07 09:33:00,WRLG.V,,0.9800000190734863,0.9800000190734863,0.9750000238418579,0.9750000238418579,1500.0
2026-04-07 09:34:00,AUMB.V,,0.9100000262260437,0.9100000262260437,0.9100000262260437,0.9100000262260437,6000.0
2026-04-07 09:34:00,TLT.V,,0.25999999046325684,0.25999999046325684,0.25999999046325684,0.25999999046325684,20680.0
2026-04-07 09:34:00,TUD.V,,0.9700000286102295,0.9700000286102295,0.9700000286102295,0.9700000286102295,6050.0
2026-04-07 09:34:00,UCU.V,,5.329999923706055,5.349999904632568,5.329999923706055,5.349999904632568,3123.0
2026-04-07 09:34:00,VAU.V,,0.14000000059604645,0.14000000059604645,0.14000000059604645,0.14000000059604645,0.0
2026-04-07 09:34:00,WEB.V,,1.649999976158142,1.649999976158142,1.649999976158142,1.649999976158142,500.0
2026-04-07 09:34:00,WGO.V,,1.5299999713897705,1.5299999713897705,1.5299999713897705,1.5299999713897705,800.0
2026-04-07 09:34:00,ZZE-H.V,,0.25,0.25,0.25,0.25,9636.0
2026-04-07 09:35:00,AUMB.V,,0.9049999713897705,0.9100000262260437,0.9049999713897705,0.9100000262260437,97600.0
2026-04-07 09:35:00,NILI.V,,0.6000000238418579,0.6000000238418579,0.6000000238418579,0.6000000238418579,3215.0
2026-04-07 09:35:00,SURG.V,,0.5699999928474426,0.5799999833106995,0.5699999928474426,0.5799999833106995,17000.0
2026-04-07 09:35:00,THX.V,,1.399999976158142,1.399999976158142,1.399999976158142,1.399999976158142,700.0
2026-04-07 09:35:00,UCU.V,,5.309999942779541,5.349999904632568,5.309999942779541,5.349999904632568,4900.0
2026-04-07 09:35:00,UGD.V,,0.4350000023841858,0.4350000023841858,0.4350000023841858,0.4350000023841858,11000.0
2026-04-07 09:35:00,VML.V,,0.5899999737739563,0.5899999737739563,0.5899999737739563,0.5899999737739563,2500.0
2026-04-07 09:35:00,WAM.V,,0.8399999737739563,0.8399999737739563,0.8399999737739563,0.8399999737739563,2000.0
2026-04-07 09:36:00,AUMB.V,,0.9049999713897705,0.9049999713897705,0.9049999713897705,0.9049999713897705,7000.0
2026-04-07 09:36:00,LOT.V,,0.054999999701976776,0.054999999701976776,0.054999999701976776,0.054999999701976776,21000.0
2026-04-07 09:36:00,SURG.V,,0.5699999928474426,0.5699999928474426,0.5699999928474426,0.5699999928474426,3000.0
2026-04-07 09:36:00,TECT.V,,2.240000009536743,2.240000009536743,2.240000009536743,2.240000009536743,1400.0
2026-04-07 09:36:00,TGOL.V,,0.10999999940395355,0.10999999940395355,0.10999999940395355,0.10999999940395355,4000.0
2026-04-07 09:36:00,THX.V,,1.409999966621399,1.409999966621399,1.409999966621399,1.409999966621399,200.0
2026-04-07 09:36:00,TLT.V,,0.2549999952316284,0.25999999046325684,0.2549999952316284,0.25999999046325684,21500.0
2026-04-07 09:36:00,TUD.V,,0.9700000286102295,0.9700000286102295,0.9700000286102295,0.9700000286102295,2100.0
2026-04-07 09:36:00,UCU.V,,5.320000171661377,5.329999923706055,5.320000171661377,5.320000171661377,3000.0
2026-04-07 09:36:00,UGD.V,,0.4399999976158142,0.4399999976158142,0.4399999976158142,0.4399999976158142,50000.0
2026-04-07 09:36:00,VIO.V,,0.12999999523162842,0.12999999523162842,0.12999999523162842,0.12999999523162842,2000.0
2026-04-07 09:37:00,TOI.V,,97.0199966430664,97.0199966430664,96.97000122070312,97.0,770.0
2026-04-07 09:37:00,UCU.V,,5.300000190734863,5.300000190734863,5.300000190734863,5.300000190734863,100.0
2026-04-07 09:37:00,WAM.V,,0.8399999737739563,0.8399999737739563,0.8299999833106995,0.8349999785423279,6000.0
2026-04-07 09:37:00,WEB.V,,1.649999976158142,1.649999976158142,1.649999976158142,1.649999976158142,900.0
2026-04-07 09:37:00,WGO.V,,1.5199999809265137,1.5199999809265137,1.5199999809265137,1.5199999809265137,1700.0
2026-04-07 09:38:00,AUMB.V,,0.8999999761581421,0.9049999713897705,0.8999999761581421,0.9049999713897705,21000.0
2026-04-07 09:38:00,TOI.V,,96.98999786376953,97.0199966430664,96.61000061035156,96.94999694824219,1600.0
2026-04-07 09:38:00,VCU.V,,1.190000057220459,1.190000057220459,1.1799999475479126,1.1799999475479126,13600.0
2026-04-07 09:38:00,VUX.V,,0.1550000011920929,0.1550000011920929,0.1550000011920929,0.1550000011920929,2000.0
2026-04-07 09:38:00,WRLG.V,,0.9800000190734863,0.9800000190734863,0.9800000190734863,0.9800000190734863,1008.0
2026-04-07 09:39:00,TOI.V,,97.02999877929688,97.02999877929688,96.69999694824219,96.94000244140625,2050.0
2026-04-07 09:39:00,TRBE.V,,0.20999999344348907,0.20999999344348907,0.20999999344348907,0.20999999344348907,0.0
2026-04-07 09:39:00,WGO.V,,1.5099999904632568,1.5099999904632568,1.5099999904632568,1.5099999904632568,5200.0
2026-04-07 09:39:00,WRLG.V,,0.9750000238418579,0.9750000238418579,0.9750000238418579,0.9750000238418579,1000.0
2026-04-07 09:40:00,AUMB.V,,0.8999999761581421,0.8999999761581421,0.8999999761581421,0.8999999761581421,36472.0
2026-04-07 09:40:00,TECT.V,,2.240000009536743,2.240000009536743,2.2300000190734863,2.2300000190734863,3100.0
2026-04-07 09:40:00,THX.V,,1.399999976158142,1.399999976158142,1.399999976158142,1.399999976158142,400.0
2026-04-07 09:40:00,TOI.V,,96.98999786376953,96.98999786376953,96.95999908447266,96.95999908447266,700.0
2026-04-07 09:40:00,UCU.V,,5.289999961853027,5.300000190734863,5.28000020980835,5.28000020980835,819.0
2026-04-07 09:40:00,VCU.V,,1.190000057220459,1.190000057220459,1.1699999570846558,1.1699999570846558,1119.0
2026-04-07 09:41:00,THX.V,,1.399999976158142,1.399999976158142,1.399999976158142,1.399999976158142,4887.0
2026-04-07 09:41:00,TSG.V,,0.25,0.25,0.25,0.25,4000.0
2026-04-07 09:41:00,TUD.V,,0.9700000286102295,0.9700000286102295,0.9700000286102295,0.9700000286102295,1000.0
2026-04-07 09:41:00,UCU.V,,5.28000020980835,5.28000020980835,5.28000020980835,5.28000020980835,1900.0
2026-04-07 09:42:00,TOI.V,,97.05999755859375,97.06999969482422,96.98999786376953,97.0,700.0
2026-04-07 09:42:00,TUD.V,,0.9599999785423279,0.9599999785423279,0.9599999785423279,0.9599999785423279,1500.0
2026-04-07 09:42:00,UCU.V,,5.190000057220459,5.28000020980835,5.190000057220459,5.28000020980835,6331.0
2026-04-07 09:42:00,UGD.V,,0.4350000023841858,0.4350000023841858,0.4350000023841858,0.4350000023841858,20000.0
2026-04-07 09:42:00,VCU.V,,1.1799999475479126,1.1799999475479126,1.1799999475479126,1.1799999475479126,1700.0
2026-04-07 09:42:00,VUX.V,,0.1550000011920929,0.1550000011920929,0.1550000011920929,0.1550000011920929,3000.0
2026-04-07 09:42:00,VVC.V,,0.019999999552965164,0.019999999552965164,0.019999999552965164,0.019999999552965164,23000.0
2026-04-07 09:42:00,WGO.V,,1.5,1.5,1.5,1.5,29900.0
2026-04-07 09:42:00,WRLG.V,,0.9800000190734863,0.9800000190734863,0.9750000238418579,0.9750000238418579,1000.0
2026-04-07 09:42:00,ZOMD.V,,0.9399999976158142,0.9399999976158142,0.9399999976158142,0.9399999976158142,1000.0
2026-04-07 09:43:00,SURG.V,,0.5600000023841858,0.5699999928474426,0.5600000023841858,0.5699999928474426,11500.0
2026-04-07 09:43:00,TECT.V,,2.240000009536743,2.240000009536743,2.240000009536743,2.240000009536743,500.0
2026-04-07 09:43:00,TNR.V,,0.27000001072883606,0.27000001072883606,0.27000001072883606,0.27000001072883606,2500.0
2026-04-07 09:43:00,TOI.V,,97.05999755859375,97.20999908447266,97.05999755859375,97.05999755859375,492.0
2026-04-07 09:43:00,UCU.V,,5.170000076293945,5.179999828338623,5.159999847412109,5.179999828338623,700.0
2026-04-07 09:43:00,VVC.V,,0.019999999552965164,0.019999999552965164,0.019999999552965164,0.019999999552965164,2000.0
2026-04-07 09:43:00,WCE.V,,0.12999999523162842,0.12999999523162842,0.12999999523162842,0.12999999523162842,0.0
2026-04-07 09:44:00,EFF.V,,0.02500000037252903,0.02500000037252903,0.02500000037252903,0.02500000037252903,0.0
2026-04-07 09:44:00,SURG.V,,0.5600000023841858,0.5600000023841858,0.5600000023841858,0.5600000023841858,96001.0
2026-04-07 09:44:00,TUO.V,,1.6200000047683716,1.6200000047683716,1.6200000047683716,1.6200000047683716,0.0
2026-04-07 09:44:00,VCU.V,,1.1799999475479126,1.1799999475479126,1.1799999475479126,1.1799999475479126,200.0
2026-04-07 09:45:00,AUMB.V,,0.8899999856948853,0.8899999856948853,0.8899999856948853,0.8899999856948853,1000.0
2026-04-07 09:45:00,NILI.V,,0.5899999737739563,0.5899999737739563,0.5899999737739563,0.5899999737739563,35020.0
2026-04-07 09:45:00,SURG.V,,0.550000011920929,0.5600000023841858,0.550000011920929,0.5600000023841858,63000.0
2026-04-07 09:45:00,TECT.V,,2.240000009536743,2.240000009536743,2.240000009536743,2.240000009536743,600.0
2026-04-07 09:45:00,ZDC.V,,5.0,5.03000020980835,5.0,5.03000020980835,200.0
2026-04-07 09:46:00,AUMB.V,,0.8899999856948853,0.8899999856948853,0.8899999856948853,0.8899999856948853,500.0
2026-04-07 09:46:00,SURG.V,,0.550000011920929,0.550000011920929,0.550000011920929,0.550000011920929,106700.0
2026-04-07 09:46:00,UGD.V,,0.4350000023841858,0.4350000023841858,0.4350000023841858,0.4350000023841858,18000.0
2026-04-07 09:46:00,VCU.V,,1.159999966621399,1.1699999570846558,1.159999966621399,1.1699999570846558,14150.0
2026-04-07 09:46:00,VZZ.V,,0.12999999523162842,0.12999999523162842,0.125,0.125,0.0
2026-04-07 09:46:00,ZDC.V,,5.010000228881836,5.010000228881836,5.0,5.0,2128.0
2026-04-07 09:47:00,RARE.V,,5.699999809265137,5.699999809265137,5.699999809265137,5.699999809265137,0.0
2026-04-07 09:47:00,SURG.V,,0.550000011920929,0.550000011920929,0.550000011920929,0.550000011920929,5500.0
2026-04-07 09:47:00,THRM.V,,0.06499999761581421,0.06499999761581421,0.06499999761581421,0.06499999761581421,0.0
2026-04-07 09:47:00,UCU.V,,5.21999979019165,5.21999979019165,5.179999828338623,5.179999828338623,400.0
2026-04-07 09:47:00,VCU.V,,1.1799999475479126,1.2000000476837158,1.1699999570846558,1.1699999570846558,26452.0
2026-04-07 09:47:00,WGO.V,,1.4900000095367432,1.4900000095367432,1.4900000095367432,1.4900000095367432,1685.0
2026-04-07 09:48:00,AUMB.V,,0.8899999856948853,0.8949999809265137,0.8899999856948853,0.8899999856948853,63780.0
2026-04-07 09:48:00,SURG.V,,0.550000011920929,0.550000011920929,0.550000011920929,0.550000011920929,99500.0
2026-04-07 09:48:00,TNR.V,,0.27000001072883606,0.27000001072883606,0.27000001072883606,0.27000001072883606,7500.0
2026-04-07 09:48:00,UCU.V,,5.25,5.25,5.25,5.25,885.0
2026-04-07 09:48:00,WRLG.V,,0.9700000286102295,0.9700000286102295,0.9700000286102295,0.9700000286102295,152425.0
2026-04-07 09:48:00,ZOMD.V,,0.9300000071525574,0.9300000071525574,0.9300000071525574,0.9300000071525574,1000.0
2026-04-07 09:49:00,AUMB.V,,0.8849999904632568,0.8849999904632568,0.8849999904632568,0.8849999904632568,500.0
2026-04-07 09:49:00,THX.V,,1.399999976158142,1.399999976158142,1.399999976158142,1.399999976158142,200.0
2026-04-07 09:49:00,VM.V,,0.125,0.125,0.125,0.125,0.0
2026-04-07 09:49:00,WHN.V,,0.24500000476837158,0.24500000476837158,0.24500000476837158,0.24500000476837158,500.0
2026-04-07 09:49:00,WRLG.V,,0.9700000286102295,0.9700000286102295,0.9700000286102295,0.9700000286102295,58170.0
2026-04-07 09:50:00,AUMB.V,,0.8799999952316284,0.8899999856948853,0.8799999952316284,0.8849999904632568,7000.0
2026-04-07 09:50:00,SURG.V,,0.550000011920929,0.550000011920929,0.550000011920929,0.550000011920929,1000.0
2026-04-07 09:50:00,TNR.V,,0.27000001072883606,0.27000001072883606,0.27000001072883606,0.27000001072883606,42000.0
2026-04-07 09:50:00,WRLG.V,,0.9700000286102295,0.9700000286102295,0.9700000286102295,0.9700000286102295,938.0
2026-04-07 09:50:00,ZOMD.V,,0.9200000166893005,0.9200000166893005,0.9200000166893005,0.9200000166893005,1000.0
2026-04-07 09:51:00,THX.V,,1.399999976158142,1.399999976158142,1.399999976158142,1.399999976158142,1200.0
2026-04-07 09:51:00,UGD.V,,0.4350000023841858,0.4350000023841858,0.4350000023841858,0.4350000023841858,32000.0
2026-04-07 09:51:00,USCU.V,,0.17000000178813934,0.17000000178813934,0.17000000178813934,0.17000000178813934,0.0
2026-04-07 09:51:00,VO.V,,0.10000000149011612,0.10000000149011612,0.10000000149011612,0.10000000149011612,1000.0
2026-04-07 09:52:00,SURG.V,,0.550000011920929,0.550000011920929,0.550000011920929,0.550000011920929,3000.0
2026-04-07 09:52:00,TNR.V,,0.27000001072883606,0.27000001072883606,0.27000001072883606,0.27000001072883606,3000.0
2026-04-07 09:52:00,UCU.V,,5.179999828338623,5.25,5.179999828338623,5.25,2424.0
2026-04-07 09:52:00,VCU.V,,1.1799999475479126,1.190000057220459,1.1799999475479126,1.1799999475479126,25800.0
2026-04-07 09:52:00,VQS.V,,0.10499999672174454,0.10499999672174454,0.10499999672174454,0.10499999672174454,2000.0
2026-04-07 09:53:00,AUMB.V,,0.8899999856948853,0.8899999856948853,0.8899999856948853,0.8899999856948853,8000.0
2026-04-07 09:53:00,TNR.V,,0.27000001072883606,0.27000001072883606,0.27000001072883606,0.27000001072883606,1000.0
2026-04-07 09:53:00,VCU.V,,1.190000057220459,1.190000057220459,1.190000057220459,1.190000057220459,7400.0
2026-04-07 09:53:00,VGD.V,,0.1899999976158142,0.1899999976158142,0.1899999976158142,0.1899999976158142,0.0
2026-04-07 09:53:00,WAM.V,,0.8399999737739563,0.8399999737739563,0.8399999737739563,0.8399999737739563,2000.0
2026-04-07 09:54:00,NILI.V,,0.5799999833106995,0.5799999833106995,0.5799999833106995,0.5799999833106995,35700.0
2026-04-07 09:54:00,TOI.V,,97.44000244140625,97.44000244140625,97.43000030517578,97.43000030517578,310.0
2026-04-07 09:54:00,VAU.V,,0.14000000059604645,0.14000000059604645,0.14000000059604645,0.14000000059604645,1500.0
2026-04-07 09:54:00,WCE.V,,0.13500000536441803,0.13500000536441803,0.13500000536441803,0.13500000536441803,9500.0
2026-04-07 09:54:00,WGO.V,,1.4800000190734863,1.4800000190734863,1.4800000190734863,1.4800000190734863,10000.0
2026-04-07 09:55:00,NILI.V,,0.5799999833106995,0.5799999833106995,0.5799999833106995,0.5799999833106995,9500.0
2026-04-07 09:55:00,THX.V,,1.409999966621399,1.409999966621399,1.409999966621399,1.409999966621399,100.0
2026-04-07 09:55:00,TOI.V,,97.70999908447266,98.0,97.70999908447266,97.70999908447266,510.0
2026-04-07 09:55:00,VML.V,,0.5899999737739563,0.5899999737739563,0.5899999737739563,0.5899999737739563,6000.0
2026-04-07 09:55:00,VQS.V,,0.10000000149011612,0.10000000149011612,0.10000000149011612,0.10000000149011612,26000.0
2026-04-07 09:55:00,WAT-P.V,,0.05999999865889549,0.05999999865889549,0.05999999865889549,0.05999999865889549,0.0
2026-04-07 09:56:00,ONE.V,,0.36500000953674316,0.36500000953674316,0.36500000953674316,0.36500000953674316,0.0
2026-04-07 09:56:00,UCU.V,,5.25,5.25,5.25,5.25,800.0
2026-04-07 09:56:00,VCU.V,,1.2300000190734863,1.2300000190734863,1.2100000381469727,1.2100000381469727,13700.0
2026-04-07 09:56:00,WRLG.V,,0.9700000286102295,0.9700000286102295,0.9700000286102295,0.9700000286102295,3105.0
2026-04-07 09:57:00,SURG.V,,0.5400000214576721,0.5400000214576721,0.5400000214576721,0.5400000214576721,18551.0
2026-04-07 09:57:00,UCU.V,,5.25,5.25,5.25,5.25,100.0
2026-04-07 09:57:00,WCE.V,,0.13500000536441803,0.13500000536441803,0.13500000536441803,0.13500000536441803,11000.0
2026-04-07 09:57:00,WGO.V,,1.4800000190734863,1.4800000190734863,1.4800000190734863,1.4800000190734863,100.0
2026-04-07 09:58:00,SURG.V,,0.550000011920929,0.550000011920929,0.550000011920929,0.550000011920929,6000.0
2026-04-07 09:58:00,VCU.V,,1.2300000190734863,1.2300000190734863,1.2300000190734863,1.2300000190734863,27500.0
2026-04-07 09:58:00,WRLG.V,,0.9599999785423279,0.9599999785423279,0.9599999785423279,0.9599999785423279,4000.0
2026-04-07 09:59:00,NILI.V,,0.5799999833106995,0.5799999833106995,0.5799999833106995,0.5799999833106995,500.0
2026-04-07 09:59:00,THX.V,,1.399999976158142,1.399999976158142,1.399999976158142,1.399999976158142,1400.0
2026-04-07 10:00:00,NILI.V,,0.5799999833106995,0.5799999833106995,0.5799999833106995,0.5799999833106995,500.0
2026-04-07 10:00:00,TOI.V,,97.2699966430664,97.47000122070312,97.2699966430664,97.47000122070312,1012.0
2026-04-07 10:00:00,UCU.V,,5.239999771118164,5.239999771118164,5.239999771118164,5.239999771118164,100.0
2026-04-07 10:00:00,WEB.V,,1.6399999856948853,1.649999976158142,1.6399999856948853,1.649999976158142,821.0
2026-04-07 10:00:00,WGO.V,,1.4700000286102295,1.4700000286102295,1.4700000286102295,1.4700000286102295,2900.0
2026-04-07 10:01:00,AUMB.V,,0.8899999856948853,0.8899999856948853,0.8899999856948853,0.8899999856948853,31200.0
2026-04-07 10:01:00,SURG.V,,0.550000011920929,0.550000011920929,0.550000011920929,0.550000011920929,5000.0
2026-04-07 10:01:00,TDG.V,,0.5600000023841858,0.5600000023841858,0.5600000023841858,0.5600000023841858,0.0
2026-04-07 10:01:00,TECT.V,,2.240000009536743,2.240000009536743,2.240000009536743,2.240000009536743,800.0
2026-04-07 10:01:00,TNR.V,,0.27000001072883606,0.27000001072883606,0.27000001072883606,0.27000001072883606,23000.0
2026-04-07 10:01:00,TUD.V,,0.9599999785423279,0.9599999785423279,0.9599999785423279,0.9599999785423279,11600.0
2026-04-07 10:01:00,UCU.V,,5.28000020980835,5.28000020980835,5.239999771118164,5.239999771118164,2000.0
2026-04-07 10:01:00,WGO.V,,1.4800000190734863,1.4800000190734863,1.4800000190734863,1.4800000190734863,9400.0
2026-04-07 10:01:00,WRLG.V,,0.9649999737739563,0.9649999737739563,0.9649999737739563,0.9649999737739563,500.0
2026-04-07 10:02:00,TNR.V,,0.2750000059604645,0.2750000059604645,0.25999999046325684,0.27000001072883606,50500.0
2026-04-07 10:02:00,USCU.V,,0.17000000178813934,0.17000000178813934,0.17000000178813934,0.17000000178813934,2500.0
2026-04-07 10:02:00,VCU.V,,1.2000000476837158,1.2000000476837158,1.2000000476837158,1.2000000476837158,50000.0
2026-04-07 10:02:00,WAM.V,,0.8299999833106995,0.8299999833106995,0.8299999833106995,0.8299999833106995,500.0
2026-04-07 10:02:00,WGO.V,,1.4600000381469727,1.4700000286102295,1.4600000381469727,1.4700000286102295,14700.0
2026-04-07 10:02:00,WRLG.V,,0.9599999785423279,0.9599999785423279,0.9599999785423279,0.9599999785423279,166846.0
2026-04-07 10:03:00,TUD.V,,0.949999988079071,0.949999988079071,0.949999988079071,0.949999988079071,27680.0
2026-04-07 10:03:00,UCU.V,,5.260000228881836,5.260000228881836,5.25,5.25,800.0
2026-04-07 10:03:00,UGD.V,,0.4350000023841858,0.4350000023841858,0.4350000023841858,0.4350000023841858,10000.0
2026-04-07 10:03:00,VML.V,,0.5799999833106995,0.5799999833106995,0.5799999833106995,0.5799999833106995,1000.0
2026-04-07 10:03:00,WEB.V,,1.6299999952316284,1.6299999952316284,1.6299999952316284,1.6299999952316284,250.0
2026-04-07 10:03:00,WEX.V,,0.6600000262260437,0.6899999976158142,0.6600000262260437,0.6899999976158142,0.0
2026-04-07 10:03:00,WGO.V,,1.4600000381469727,1.4600000381469727,1.4600000381469727,1.4600000381469727,800.0
2026-04-07 10:03:00,WRLG.V,,0.9599999785423279,0.9599999785423279,0.9599999785423279,0.9599999785423279,44299.0
2026-04-07 10:04:00,AUMB.V,,0.8799999952316284,0.8799999952316284,0.8799999952316284,0.8799999952316284,19086.0
2026-04-07 10:04:00,THX.V,,1.3899999856948853,1.3899999856948853,1.3899999856948853,1.3899999856948853,5300.0
2026-04-07 10:04:00,TNR.V,,0.2750000059604645,0.2750000059604645,0.2750000059604645,0.2750000059604645,7000.0
2026-04-07 10:04:00,TOI.V,,97.0,97.29499816894531,97.0,97.0199966430664,400.0
2026-04-07 10:04:00,UCU.V,,5.25,5.25,5.25,5.25,100.0
2026-04-07 10:04:00,VCU.V,,1.2000000476837158,1.2000000476837158,1.2000000476837158,1.2000000476837158,200.0
2026-04-07 10:04:00,ZDC.V,,5.0,5.010000228881836,5.0,5.010000228881836,1200.0
2026-04-07 10:05:00,AUMB.V,,0.8799999952316284,0.8799999952316284,0.8799999952316284,0.8799999952316284,16000.0
2026-04-07 10:05:00,TOI.V,,97.0999984741211,97.20999908447266,97.0,97.20999908447266,1700.0
2026-04-07 10:05:00,TUD.V,,0.949999988079071,0.949999988079071,0.949999988079071,0.949999988079071,1000.0
2026-04-07 10:05:00,UCU.V,,5.260000228881836,5.260000228881836,5.25,5.25,200.0
2026-04-07 10:05:00,VCU.V,,1.2000000476837158,1.2000000476837158,1.2000000476837158,1.2000000476837158,11600.0
2026-04-07 10:05:00,VLI.V,,0.014999999664723873,0.014999999664723873,0.014999999664723873,0.014999999664723873,66000.0
2026-04-07 10:05:00,WAM.V,,0.8299999833106995,0.8299999833106995,0.8199999928474426,0.8299999833106995,6044.0
2026-04-07 10:05:00,WEB.V,,1.6299999952316284,1.6299999952316284,1.6299999952316284,1.6299999952316284,5900.0
2026-04-07 10:05:00,ZDC.V,,5.0,5.0,5.0,5.0,100.0
2026-04-07 10:06:00,AUMB.V,,0.8700000047683716,0.8700000047683716,0.8700000047683716,0.8700000047683716,34100.0
2026-04-07 10:06:00,RARE.V,,6.0,6.0,5.75,5.75,4100.0
2026-04-07 10:06:00,TECT.V,,2.200000047683716,2.240000009536743,2.200000047683716,2.240000009536743,41400.0
2026-04-07 10:06:00,TIG.V,,0.5600000023841858,0.5699999928474426,0.5600000023841858,0.5699999928474426,5000.0
2026-04-07 10:06:00,TOI.V,,97.0250015258789,97.2300033569336,97.0,97.2300033569336,806.0
2026-04-07 10:06:00,UCU.V,,5.199999809265137,5.230000019073486,5.199999809265137,5.21999979019165,1657.0
2026-04-07 10:06:00,VCU.V,,1.2000000476837158,1.2000000476837158,1.2000000476837158,1.2000000476837158,3900.0
2026-04-07 10:06:00,WAM.V,,0.8199999928474426,0.824999988079071,0.8199999928474426,0.824999988079071,1500.0
2026-04-07 10:06:00,WEX.V,,0.6499999761581421,0.6499999761581421,0.6499999761581421,0.6499999761581421,10000.0
2026-04-07 10:06:00,WGO.V,,1.4500000476837158,1.4500000476837158,1.4500000476837158,1.4500000476837158,3400.0
2026-04-07 10:06:00,WRLG.V,,0.949999988079071,0.949999988079071,0.949999988079071,0.949999988079071,185999.0
2026-04-07 10:07:00,AUMB.V,,0.8799999952316284,0.8799999952316284,0.8799999952316284,0.8799999952316284,1500.0
2026-04-07 10:07:00,THX.V,,1.3799999952316284,1.3799999952316284,1.3799999952316284,1.3799999952316284,5510.0
2026-04-07 10:07:00,TIG.V,,0.5600000023841858,0.5600000023841858,0.5600000023841858,0.5600000023841858,2500.0
2026-04-07 10:07:00,TLT.V,,0.2549999952316284,0.2549999952316284,0.2549999952316284,0.2549999952316284,9500.0
2026-04-07 10:07:00,TOI.V,,96.9000015258789,97.01000213623047,96.9000015258789,97.01000213623047,600.0
2026-04-07 10:07:00,VCU.V,,1.2000000476837158,1.2000000476837158,1.2000000476837158,1.2000000476837158,26900.0
2026-04-07 10:07:00,WRLG.V,,0.949999988079071,0.949999988079071,0.949999988079071,0.949999988079071,67750.0
2026-04-07 10:08:00,AUMB.V,,0.8700000047683716,0.8700000047683716,0.8700000047683716,0.8700000047683716,13500.0
2026-04-07 10:08:00,RARE.V,,5.989999771118164,5.989999771118164,5.989999771118164,5.989999771118164,400.0
2026-04-07 10:08:00,TOI.V,,97.02999877929688,97.02999877929688,96.9800033569336,96.98999786376953,1000.0
2026-04-07 10:08:00,VCU.V,,1.190000057220459,1.2000000476837158,1.190000057220459,1.2000000476837158,16802.0
2026-04-07 10:08:00,WRLG.V,,0.949999988079071,0.949999988079071,0.949999988079071,0.949999988079071,2900.0
2026-04-07 10:09:00,TOI.V,,97.0999984741211,97.0999984741211,97.04000091552734,97.04000091552734,700.0
2026-04-07 10:09:00,TUD.V,,0.9399999976158142,0.9399999976158142,0.9399999976158142,0.9399999976158142,22850.0
2026-04-07 10:09:00,VCU.V,,1.2000000476837158,1.2000000476837158,1.190000057220459,1.190000057220459,16600.0
2026-04-07 10:09:00,ZDC.V,,5.0,5.0,5.0,5.0,3080.0
2026-04-07 10:10:00,AUMB.V,,0.875,0.875,0.875,0.875,500.0
2026-04-07 10:10:00,ONE.V,,0.3799999952316284,0.3799999952316284,0.3799999952316284,0.3799999952316284,500.0
2026-04-07 10:10:00,SURG.V,,0.550000011920929,0.550000011920929,0.550000011920929,0.550000011920929,3000.0
2026-04-07 10:10:00,UCU.V,,5.230000019073486,5.230000019073486,5.190000057220459,5.190000057220459,600.0
2026-04-07 10:10:00,VMS.V,,0.05000000074505806,0.05000000074505806,0.05000000074505806,0.05000000074505806,0.0
2026-04-07 10:10:00,WRLG.V,,0.949999988079071,0.949999988079071,0.949999988079071,0.949999988079071,41500.0
2026-04-07 10:11:00,THX.V,,1.3849999904632568,1.3849999904632568,1.3849999904632568,1.3849999904632568,200.0
2026-04-07 10:11:00,TIG.V,,0.550000011920929,0.550000011920929,0.550000011920929,0.550000011920929,2500.0
2026-04-07 10:11:00,TOI.V,,97.94000244140625,97.94000244140625,97.2300033569336,97.2300033569336,1200.0
2026-04-07 10:11:00,WRLG.V,,0.949999988079071,0.949999988079071,0.949999988079071,0.949999988079071,19133.0
2026-04-07 10:11:00,ZDC.V,,4.989999771118164,5.0,4.989999771118164,5.0,5520.0
2026-04-07 10:11:00,ZOMD.V,,0.8999999761581421,0.8999999761581421,0.8999999761581421,0.8999999761581421,703.0
2026-04-07 10:12:00,TNR.V,,0.2800000011920929,0.2800000011920929,0.2800000011920929,0.2800000011920929,1400.0
2026-04-07 10:13:00,UCU.V,,5.239999771118164,5.239999771118164,5.239999771118164,5.239999771118164,150.0
2026-04-07 10:13:00,WRLG.V,,0.9399999976158142,0.9399999976158142,0.9399999976158142,0.9399999976158142,3500.0
2026-04-07 10:14:00,AUMB.V,,0.8799999952316284,0.8799999952316284,0.8799999952316284,0.8799999952316284,1000.0
2026-04-07 10:14:00,RARE.V,,5.800000190734863,5.800000190734863,5.800000190734863,5.800000190734863,500.0
2026-04-07 10:14:00,TIG.V,,0.5600000023841858,0.5600000023841858,0.5600000023841858,0.5600000023841858,1000.0
2026-04-07 10:14:00,WRLG.V,,0.949999988079071,0.949999988079071,0.949999988079071,0.949999988079071,60937.0
2026-04-07 10:14:00,ZDC.V,,5.0,5.0,5.0,5.0,200.0
2026-04-07 10:14:00,ZOMD.V,,0.8999999761581421,0.8999999761581421,0.8999999761581421,0.8999999761581421,6000.0
2026-04-07 10:15:00,AUMB.V,,0.8799999952316284,0.8799999952316284,0.8799999952316284,0.8799999952316284,17600.0
2026-04-07 10:15:00,SURG.V,,0.550000011920929,0.550000011920929,0.550000011920929,0.550000011920929,6000.0
2026-04-07 10:15:00,THX.V,,1.3899999856948853,1.3899999856948853,1.3899999856948853,1.3899999856948853,110.0
2026-04-07 10:15:00,UGD.V,,0.4350000023841858,0.4350000023841858,0.4350000023841858,0.4350000023841858,10000.0
2026-04-07 10:16:00,AUMB.V,,0.8799999952316284,0.8799999952316284,0.8799999952316284,0.8799999952316284,23000.0
2026-04-07 10:16:00,TNR.V,,0.27000001072883606,0.27000001072883606,0.27000001072883606,0.27000001072883606,43000.0
2026-04-07 10:16:00,TUD.V,,0.949999988079071,0.949999988079071,0.949999988079071,0.949999988079071,4500.0
2026-04-07 10:17:00,RARE.V,,5.699999809265137,5.699999809265137,5.699999809265137,5.699999809265137,200.0
2026-04-07 10:17:00,TUD.V,,0.949999988079071,0.949999988079071,0.949999988079071,0.949999988079071,1000.0
2026-04-07 10:17:00,UCU.V,,5.25,5.25,5.25,5.25,100.0
2026-04-07 10:17:00,VUX.V,,0.1550000011920929,0.1550000011920929,0.1550000011920929,0.1550000011920929,1000.0
2026-04-07 10:17:00,ZOMD.V,,0.8899999856948853,0.8899999856948853,0.8899999856948853,0.8899999856948853,2180.0
2026-04-07 10:18:00,AUMB.V,,0.8799999952316284,0.8799999952316284,0.8799999952316284,0.8799999952316284,22636.0
2026-04-07 10:18:00,EFF.V,,0.02500000037252903,0.02500000037252903,0.02500000037252903,0.02500000037252903,52000.0
2026-04-07 10:18:00,USS.V,,0.6700000166893005,0.6700000166893005,0.6700000166893005,0.6700000166893005,0.0
2026-04-07 10:18:00,VCU.V,,1.2000000476837158,1.2000000476837158,1.2000000476837158,1.2000000476837158,20500.0
2026-04-07 10:18:00,ZDC.V,,5.010000228881836,5.010000228881836,5.010000228881836,5.010000228881836,197.0
2026-04-07 10:19:00,TSG.V,,0.23999999463558197,0.23999999463558197,0.23999999463558197,0.23999999463558197,55371.0
2026-04-07 10:19:00,UCU.V,,5.25,5.25,5.25,5.25,100.0
2026-04-07 10:19:00,VCU.V,,1.2000000476837158,1.2000000476837158,1.2000000476837158,1.2000000476837158,19400.0
2026-04-07 10:19:00,WRLG.V,,0.9549999833106995,0.9549999833106995,0.9549999833106995,0.9549999833106995,1531.0
2026-04-07 10:20:00,TECT.V,,2.1500000953674316,2.1500000953674316,2.1500000953674316,2.1500000953674316,4000.0
2026-04-07 10:20:00,THX.V,,1.3899999856948853,1.3899999856948853,1.3899999856948853,1.3899999856948853,100.0
2026-04-07 10:20:00,TUO.V,,1.6200000047683716,1.6200000047683716,1.6200000047683716,1.6200000047683716,1100.0
2026-04-07 10:20:00,UCU.V,,5.260000228881836,5.260000228881836,5.260000228881836,5.260000228881836,200.0
2026-04-07 10:20:00,VCU.V,,1.2100000381469727,1.2200000286102295,1.2100000381469727,1.2200000286102295,5500.0
2026-04-07 10:20:00,VO.V,,0.0949999988079071,0.0949999988079071,0.0949999988079071,0.0949999988079071,14000.0
2026-04-07 10:21:00,AUMB.V,,0.8799999952316284,0.8799999952316284,0.8799999952316284,0.8799999952316284,3185.0
2026-04-07 10:21:00,TECT.V,,2.180000066757202,2.180000066757202,2.1700000762939453,2.1700000762939453,1700.0
2026-04-07 10:21:00,UCU.V,,5.269999980926514,5.269999980926514,5.269999980926514,5.269999980926514,120.0
2026-04-07 10:22:00,AUMB.V,,0.8849999904632568,0.8849999904632568,0.8849999904632568,0.8849999904632568,1000.0
2026-04-07 10:22:00,TIG.V,,0.550000011920929,0.5600000023841858,0.550000011920929,0.5600000023841858,6000.0
2026-04-07 10:22:00,TUD.V,,0.949999988079071,0.949999988079071,0.949999988079071,0.949999988079071,1100.0
2026-04-07 10:22:00,VCU.V,,1.2000000476837158,1.2100000381469727,1.2000000476837158,1.2100000381469727,11200.0
2026-04-07 10:22:00,WRLG.V,,0.9549999833106995,0.9549999833106995,0.9549999833106995,0.9549999833106995,2500.0
2026-04-07 10:23:00,AUMB.V,,0.8899999856948853,0.8899999856948853,0.8899999856948853,0.8899999856948853,10220.0
2026-04-07 10:23:00,THX.V,,1.399999976158142,1.399999976158142,1.399999976158142,1.399999976158142,500.0
2026-04-07 10:23:00,WRLG.V,,0.9599999785423279,0.9599999785423279,0.9599999785423279,0.9599999785423279,16890.0
2026-04-07 10:24:00,THX.V,,1.399999976158142,1.399999976158142,1.399999976158142,1.399999976158142,100.0
2026-04-07 10:24:00,WGO.V,,1.4700000286102295,1.4700000286102295,1.4600000381469727,1.4600000381469727,6400.0
2026-04-07 10:25:00,NILI.V,,0.5799999833106995,0.5799999833106995,0.5799999833106995,0.5799999833106995,10000.0
2026-04-07 10:26:00,NILI.V,,0.5799999833106995,0.5799999833106995,0.5799999833106995,0.5799999833106995,15000.0
2026-04-07 10:26:00,WRLG.V,,0.9599999785423279,0.9599999785423279,0.9599999785423279,0.9599999785423279,23500.0
2026-04-07 10:26:00,ZOMD.V,,0.8999999761581421,0.8999999761581421,0.8999999761581421,0.8999999761581421,2000.0
2026-04-07 10:27:00,AUMB.V,,0.8899999856948853,0.8899999856948853,0.8899999856948853,0.8899999856948853,5000.0
2026-04-07 10:27:00,SURG.V,,0.550000011920929,0.550000011920929,0.550000011920929,0.550000011920929,10902.0
2026-04-07 10:27:00,WGO.V,,1.4700000286102295,1.4700000286102295,1.4700000286102295,1.4700000286102295,200.0
2026-04-07 10:27:00,WHN.V,,0.25,0.25,0.25,0.25,3000.0
2026-04-07 10:27:00,WHY.V,,0.33500000834465027,0.33500000834465027,0.33500000834465027,0.33500000834465027,0.0
2026-04-07 10:27:00,ZDC.V,,5.050000190734863,5.050000190734863,5.039999961853027,5.039999961853027,400.0
2026-04-07 10:28:00,THX.V,,1.3949999809265137,1.3949999809265137,1.3949999809265137,1.3949999809265137,100.0
2026-04-07 10:28:00,VZZ.V,,0.12999999523162842,0.12999999523162842,0.12999999523162842,0.12999999523162842,12750.0
2026-04-07 10:28:00,WEX.V,,0.6499999761581421,0.6499999761581421,0.6499999761581421,0.6499999761581421,5000.0
2026-04-07 10:28:00,WGO.V,,1.4800000190734863,1.4800000190734863,1.4800000190734863,1.4800000190734863,1600.0
2026-04-07 10:28:00,WRLG.V,,0.9599999785423279,0.9599999785423279,0.9549999833106995,0.9599999785423279,37399.0
2026-04-07 10:29:00,THX.V,,1.399999976158142,1.399999976158142,1.399999976158142,1.399999976158142,100.0
2026-04-07 10:29:00,TLT.V,,0.2549999952316284,0.2549999952316284,0.2549999952316284,0.2549999952316284,8000.0
2026-04-07 10:29:00,VERT.V,,0.029999999329447746,0.029999999329447746,0.029999999329447746,0.029999999329447746,1000.0
2026-04-07 10:30:00,AUMB.V,,0.8899999856948853,0.8899999856948853,0.8899999856948853,0.8899999856948853,3500.0
2026-04-07 10:30:00,ONE.V,,0.36500000953674316,0.36500000953674316,0.36500000953674316,0.36500000953674316,1500.0
2026-04-07 10:30:00,SURG.V,,0.550000011920929,0.550000011920929,0.550000011920929,0.550000011920929,40000.0
2026-04-07 10:30:00,TAJ.V,,0.1850000023841858,0.1850000023841858,0.1850000023841858,0.1850000023841858,40000.0
2026-04-07 10:30:00,THX.V,,1.4049999713897705,1.4049999713897705,1.4049999713897705,1.4049999713897705,100.0
2026-04-07 10:30:00,VCU.V,,1.2000000476837158,1.2000000476837158,1.2000000476837158,1.2000000476837158,100.0
2026-04-07 10:30:00,WAM.V,,0.8399999737739563,0.8399999737739563,0.8299999833106995,0.8299999833106995,3500.0
2026-04-07 10:30:00,WGO.V,,1.4900000095367432,1.4900000095367432,1.4900000095367432,1.4900000095367432,6220.0
2026-04-07 10:30:00,ZDC.V,,5.039999961853027,5.050000190734863,5.039999961853027,5.050000190734863,302.0
2026-04-07 10:31:00,NILI.V,,0.5699999928474426,0.5799999833106995,0.5699999928474426,0.5799999833106995,20000.0
2026-04-07 10:31:00,THX.V,,1.399999976158142,1.399999976158142,1.399999976158142,1.399999976158142,500.0
2026-04-07 10:31:00,VCU.V,,1.2000000476837158,1.2000000476837158,1.2000000476837158,1.2000000476837158,200.0
2026-04-07 10:31:00,ZNX.V,,0.08500000089406967,0.08500000089406967,0.08500000089406967,0.08500000089406967,0.0
2026-04-07 10:32:00,AUMB.V,,0.8899999856948853,0.8899999856948853,0.8899999856948853,0.8899999856948853,500.0
2026-04-07 10:32:00,TOI.V,,97.48999786376953,97.48999786376953,97.48999786376953,97.48999786376953,139.0
2026-04-07 10:33:00,GIG.V,,0.30000001192092896,0.30000001192092896,0.30000001192092896,0.30000001192092896,2500.0
2026-04-07 10:33:00,TOI.V,,97.4800033569336,97.48999786376953,97.4800033569336,97.48999786376953,614.0
2026-04-07 10:33:00,USS.V,,0.6700000166893005,0.6700000166893005,0.6700000166893005,0.6700000166893005,14000.0
2026-04-07 10:33:00,VM.V,,0.125,0.125,0.125,0.125,600.0
2026-04-07 10:33:00,WEB.V,,1.6299999952316284,1.6299999952316284,1.6299999952316284,1.6299999952316284,100.0
2026-04-07 10:33:00,WHN.V,,0.25,0.25,0.25,0.25,5000.0
2026-04-07 10:34:00,THX.V,,1.4049999713897705,1.4049999713897705,1.4049999713897705,1.4049999713897705,200.0
2026-04-07 10:34:00,TUD.V,,0.9599999785423279,0.9599999785423279,0.9599999785423279,0.9599999785423279,1000.0
2026-04-07 10:34:00,TWO.V,,0.4699999988079071,0.4699999988079071,0.4699999988079071,0.4699999988079071,0.0
2026-04-07 10:34:00,WHY.V,,0.33500000834465027,0.33500000834465027,0.33500000834465027,0.33500000834465027,1000.0
2026-04-07 10:34:00,ZDC.V,,5.019999980926514,5.019999980926514,5.019999980926514,5.019999980926514,101.0
2026-04-07 10:35:00,THX.V,,1.409999966621399,1.409999966621399,1.409999966621399,1.409999966621399,1000.0
2026-04-07 10:36:00,AUMB.V,,0.8949999809265137,0.8949999809265137,0.8899999856948853,0.8899999856948853,2100.0
2026-04-07 10:36:00,THX.V,,1.409999966621399,1.409999966621399,1.409999966621399,1.409999966621399,100.0
2026-04-07 10:36:00,UCU.V,,5.320000171661377,5.320000171661377,5.320000171661377,5.320000171661377,200.0
2026-04-07 10:37:00,TECT.V,,2.200000047683716,2.200000047683716,2.200000047683716,2.200000047683716,3700.0
2026-04-07 10:38:00,TUO.V,,1.6200000047683716,1.6200000047683716,1.6200000047683716,1.6200000047683716,1900.0
2026-04-07 10:38:00,USS.V,,0.6700000166893005,0.6700000166893005,0.6700000166893005,0.6700000166893005,10000.0
2026-04-07 10:39:00,ONE.V,,0.36500000953674316,0.36500000953674316,0.36500000953674316,0.36500000953674316,1000.0
2026-04-07 10:39:00,THX.V,,1.4049999713897705,1.4049999713897705,1.4049999713897705,1.4049999713897705,235.0
2026-04-07 10:39:00,TUD.V,,0.9599999785423279,0.9599999785423279,0.9599999785423279,0.9599999785423279,8200.0
2026-04-07 10:39:00,WGO.V,,1.4850000143051147,1.4850000143051147,1.4850000143051147,1.4850000143051147,100.0
2026-04-07 10:39:00,WRLG.V,,0.9700000286102295,0.9700000286102295,0.9700000286102295,0.9700000286102295,500.0
2026-04-07 10:39:00,YTY.V,,0.03999999910593033,0.03999999910593033,0.03999999910593033,0.03999999910593033,0.0
2026-04-07 10:40:00,SURG.V,,0.5400000214576721,0.5400000214576721,0.5400000214576721,0.5400000214576721,41000.0
2026-04-07 10:40:00,TWR.V,,0.17000000178813934,0.17000000178813934,0.17000000178813934,0.17000000178813934,0.0
2026-04-07 10:40:00,UCU.V,,5.320000171661377,5.320000171661377,5.320000171661377,5.320000171661377,100.0
2026-04-07 10:40:00,VCU.V,,1.2000000476837158,1.2000000476837158,1.2000000476837158,1.2000000476837158,100.0
2026-04-07 10:40:00,WEB.V,,1.6299999952316284,1.6299999952316284,1.6299999952316284,1.6299999952316284,200.0
2026-04-07 10:40:00,WGO.V,,1.4800000190734863,1.4800000190734863,1.4800000190734863,1.4800000190734863,2000.0
2026-04-07 10:40:00,YEG.V,,0.17000000178813934,0.17000000178813934,0.17000000178813934,0.17000000178813934,0.0
2026-04-07 10:41:00,AUMB.V,,0.8899999856948853,0.8899999856948853,0.8899999856948853,0.8899999856948853,8800.0
2026-04-07 10:41:00,WRLG.V,,0.9649999737739563,0.9649999737739563,0.9649999737739563,0.9649999737739563,500.0
2026-04-07 10:42:00,SURG.V,,0.5400000214576721,0.5400000214576721,0.5400000214576721,0.5400000214576721,59000.0
2026-04-07 10:42:00,TOI.V,,97.34500122070312,97.66999816894531,97.34500122070312,97.66999816894531,200.0
2026-04-07 10:42:00,VCU.V,,1.2000000476837158,1.2000000476837158,1.2000000476837158,1.2000000476837158,100.0
2026-04-07 10:42:00,WEB.V,,1.600000023841858,1.6200000047683716,1.600000023841858,1.6200000047683716,1000.0
2026-04-07 10:42:00,WRLG.V,,0.9599999785423279,0.9599999785423279,0.9599999785423279,0.9599999785423279,34200.0
2026-04-07 10:43:00,SURG.V,,0.5400000214576721,0.5400000214576721,0.5400000214576721,0.5400000214576721,10500.0
2026-04-07 10:43:00,TOI.V,,97.37999725341797,97.5,97.0999984741211,97.48999786376953,3100.0
2026-04-07 10:43:00,WEX.V,,0.6600000262260437,0.6600000262260437,0.6499999761581421,0.6499999761581421,5000.0
2026-04-07 10:43:00,WHN.V,,0.24500000476837158,0.25,0.24500000476837158,0.25,10000.0
2026-04-07 10:43:00,ZOMD.V,,0.8999999761581421,0.8999999761581421,0.8999999761581421,0.8999999761581421,2000.0
2026-04-07 10:44:00,TOI.V,,97.19999694824219,97.19999694824219,97.19999694824219,97.19999694824219,100.0
2026-04-07 10:44:00,TSD.V,,0.20499999821186066,0.20499999821186066,0.20499999821186066,0.20499999821186066,0.0
2026-04-07 10:44:00,VCU.V,,1.2000000476837158,1.2000000476837158,1.2000000476837158,1.2000000476837158,100.0
2026-04-07 10:44:00,ZEN.V,,0.7699999809265137,0.7699999809265137,0.7699999809265137,0.7699999809265137,1500.0
2026-04-07 10:44:00,ZOMD.V,,0.9100000262260437,0.9100000262260437,0.9100000262260437,0.9100000262260437,3000.0
2026-04-07 10:45:00,AUMB.V,,0.8899999856948853,0.8899999856948853,0.8899999856948853,0.8899999856948853,2300.0
2026-04-07 10:45:00,TOI.V,,97.0199966430664,97.0199966430664,97.0199966430664,97.0199966430664,206.0
2026-04-07 10:45:00,UCU.V,,5.329999923706055,5.329999923706055,5.329999923706055,5.329999923706055,136.0
2026-04-07 10:45:00,WEX.V,,0.6700000166893005,0.6700000166893005,0.6700000166893005,0.6700000166893005,3000.0
2026-04-07 10:45:00,WHY.V,,0.33500000834465027,0.33500000834465027,0.33500000834465027,0.33500000834465027,1000.0
2026-04-07 10:46:00,AUMB.V,,0.8899999856948853,0.8899999856948853,0.8899999856948853,0.8899999856948853,4500.0
2026-04-07 10:46:00,FNR.V,,0.03500000014901161,0.03500000014901161,0.03500000014901161,0.03500000014901161,2000.0
2026-04-07 10:46:00,THX.V,,1.4049999713897705,1.4049999713897705,1.4049999713897705,1.4049999713897705,300.0
2026-04-07 10:46:00,VCU.V,,1.2000000476837158,1.2000000476837158,1.2000000476837158,1.2000000476837158,100.0
2026-04-07 10:46:00,WEX.V,,0.6800000071525574,0.6800000071525574,0.6800000071525574,0.6800000071525574,3000.0
2026-04-07 10:46:00,WGO.V,,1.5,1.5,1.4900000095367432,1.4900000095367432,16700.0
2026-04-07 10:46:00,WRLG.V,,0.9800000190734863,0.9800000190734863,0.9700000286102295,0.9700000286102295,83500.0
2026-04-07 10:47:00,AUMB.V,,0.8999999761581421,0.8999999761581421,0.8949999809265137,0.8949999809265137,36500.0
2026-04-07 10:47:00,TOI.V,,97.0,97.0,97.0,97.0,200.0
2026-04-07 10:47:00,TSD.V,,0.20499999821186066,0.20499999821186066,0.20499999821186066,0.20499999821186066,12500.0
2026-04-07 10:48:00,TOI.V,,97.08999633789062,97.08999633789062,97.08999633789062,97.08999633789062,500.0
2026-04-07 10:49:00,AUMB.V,,0.8999999761581421,0.8999999761581421,0.8999999761581421,0.8999999761581421,3000.0
2026-04-07 10:49:00,THX.V,,1.399999976158142,1.409999966621399,1.399999976158142,1.409999966621399,782.0
2026-04-07 10:49:00,VCU.V,,1.2000000476837158,1.2000000476837158,1.2000000476837158,1.2000000476837158,100.0
2026-04-07 10:49:00,WEX.V,,0.6899999976158142,0.6899999976158142,0.6899999976158142,0.6899999976158142,2500.0
2026-04-07 10:49:00,WHN.V,,0.24500000476837158,0.24500000476837158,0.24500000476837158,0.24500000476837158,9000.0
2026-04-07 10:49:00,WHY.V,,0.33500000834465027,0.33500000834465027,0.33500000834465027,0.33500000834465027,1500.0
2026-04-07 10:50:00,ONE.V,,0.36500000953674316,0.36500000953674316,0.36500000953674316,0.36500000953674316,1000.0
2026-04-07 10:50:00,THX.V,,1.409999966621399,1.409999966621399,1.409999966621399,1.409999966621399,200.0
2026-04-07 10:50:00,TSG.V,,0.23999999463558197,0.23999999463558197,0.23999999463558197,0.23999999463558197,2000.0
2026-04-07 10:50:00,WRLG.V,,0.9800000190734863,0.9800000190734863,0.9800000190734863,0.9800000190734863,2000.0
2026-04-07 10:50:00,ZOMD.V,,0.8999999761581421,0.8999999761581421,0.8999999761581421,0.8999999761581421,1500.0
2026-04-07 10:51:00,VCU.V,,1.2000000476837158,1.2000000476837158,1.2000000476837158,1.2000000476837158,100.0
2026-04-07 10:51:00,WEX.V,,0.6949999928474426,0.699999988079071,0.6949999928474426,0.699999988079071,4500.0
2026-04-07 10:51:00,WRLG.V,,0.9700000286102295,0.9800000190734863,0.9700000286102295,0.9800000190734863,30700.0
2026-04-07 10:51:00,ZOMD.V,,0.8999999761581421,0.8999999761581421,0.8999999761581421,0.8999999761581421,1680.0
2026-04-07 10:52:00,THX.V,,1.409999966621399,1.409999966621399,1.409999966621399,1.409999966621399,300.0
2026-04-07 10:52:00,WI.V,,0.9200000166893005,0.9200000166893005,0.9200000166893005,0.9200000166893005,0.0
2026-04-07 10:52:00,WRLG.V,,0.9700000286102295,0.9700000286102295,0.9700000286102295,0.9700000286102295,3000.0
2026-04-07 10:54:00,TLT.V,,0.25999999046325684,0.25999999046325684,0.25999999046325684,0.25999999046325684,20400.0
2026-04-07 10:54:00,TOI.V,,97.0,97.0,96.98999786376953,96.98999786376953,1000.0
2026-04-07 10:54:00,TUD.V,,0.9599999785423279,0.9599999785423279,0.9599999785423279,0.9599999785423279,3500.0
2026-04-07 10:54:00,UCU.V,,5.320000171661377,5.320000171661377,5.320000171661377,5.320000171661377,100.0
2026-04-07 10:54:00,VCU.V,,1.2000000476837158,1.2000000476837158,1.2000000476837158,1.2000000476837158,100.0
2026-04-07 10:54:00,WRLG.V,,0.9700000286102295,0.9700000286102295,0.9700000286102295,0.9700000286102295,1000.0
2026-04-07 10:55:00,WEB.V,,1.6299999952316284,1.6299999952316284,1.6200000047683716,1.6200000047683716,600.0
2026-04-07 10:55:00,WRLG.V,,0.9700000286102295,0.9700000286102295,0.9700000286102295,0.9700000286102295,1500.0
2026-04-07 10:56:00,WI.V,,0.949999988079071,0.949999988079071,0.949999988079071,0.949999988079071,3500.0
2026-04-07 10:56:00,WRLG.V,,0.9700000286102295,0.9700000286102295,0.9700000286102295,0.9700000286102295,7000.0
2026-04-07 10:57:00,VCU.V,,1.2000000476837158,1.2000000476837158,1.2000000476837158,1.2000000476837158,100.0
2026-04-07 10:57:00,VML.V,,0.5699999928474426,0.5699999928474426,0.5699999928474426,0.5699999928474426,1000.0
2026-04-07 10:57:00,WEX.V,,0.6800000071525574,0.6899999976158142,0.6800000071525574,0.6899999976158142,4000.0
2026-04-07 10:57:00,WI.V,,0.949999988079071,0.949999988079071,0.949999988079071,0.949999988079071,8000.0
2026-04-07 10:57:00,WRLG.V,,0.9700000286102295,0.9700000286102295,0.9700000286102295,0.9700000286102295,31500.0
2026-04-07 10:57:00,ZDC.V,,5.010000228881836,5.019999980926514,5.010000228881836,5.019999980926514,301.0
2026-04-07 10:58:00,TCG-P.V,,0.07500000298023224,0.07500000298023224,0.07500000298023224,0.07500000298023224,0.0
2026-04-07 10:58:00,TRO.V,,0.17000000178813934,0.17000000178813934,0.17000000178813934,0.17000000178813934,18765.0
2026-04-07 10:58:00,USS.V,,0.6700000166893005,0.6700000166893005,0.6700000166893005,0.6700000166893005,4000.0
2026-04-07 10:58:00,WRLG.V,,0.9700000286102295,0.9700000286102295,0.9700000286102295,0.9700000286102295,12300.0
2026-04-07 10:59:00,AUMB.V,,0.8899999856948853,0.8899999856948853,0.8899999856948853,0.8899999856948853,3310.0
2026-04-07 10:59:00,TUD.V,,0.9599999785423279,0.9599999785423279,0.9599999785423279,0.9599999785423279,300.0
2026-04-07 10:59:00,VCU.V,,1.2000000476837158,1.2000000476837158,1.2000000476837158,1.2000000476837158,197.0
2026-04-07 10:59:00,WRLG.V,,0.9700000286102295,0.9700000286102295,0.9700000286102295,0.9700000286102295,546.0
2026-04-07 10:59:00,ZDC.V,,4.989999771118164,4.989999771118164,4.989999771118164,4.989999771118164,100.0
2026-04-07 11:00:00,UCU.V,,5.289999961853027,5.289999961853027,5.289999961853027,5.289999961853027,225.0
2026-04-07 11:00:00,WAM.V,,0.8299999833106995,0.8299999833106995,0.8299999833106995,0.8299999833106995,1000.0
2026-04-07 11:00:00,WHN.V,,0.24500000476837158,0.24500000476837158,0.24500000476837158,0.24500000476837158,0.0
2026-04-07 11:00:00,XGC.V,,0.27000001072883606,0.2750000059604645,0.27000001072883606,0.2750000059604645,16500.0
2026-04-07 11:01:00,TUD.V,,0.9599999785423279,0.9599999785423279,0.9599999785423279,0.9599999785423279,1200.0
2026-04-07 11:01:00,TUO.V,,1.6299999952316284,1.6299999952316284,1.6299999952316284,1.6299999952316284,192.0
2026-04-07 11:01:00,VCU.V,,1.2100000381469727,1.2100000381469727,1.2100000381469727,1.2100000381469727,1100.0
2026-04-07 11:02:00,TUD.V,,0.9599999785423279,0.9599999785423279,0.9599999785423279,0.9599999785423279,4700.0
2026-04-07 11:02:00,UCU.V,,5.25,5.269999980926514,5.25,5.269999980926514,1641.0
2026-04-07 11:02:00,VCU.V,,1.2000000476837158,1.2000000476837158,1.2000000476837158,1.2000000476837158,100.0
2026-04-07 11:02:00,VPT.V,,0.11500000208616257,0.11500000208616257,0.11500000208616257,0.11500000208616257,0.0
2026-04-07 11:02:00,WGF.V,,0.1899999976158142,0.1899999976158142,0.1899999976158142,0.1899999976158142,0.0
2026-04-07 11:02:00,WGO.V,,1.5,1.5,1.5,1.5,5400.0
2026-04-07 11:03:00,SURG.V,,0.5400000214576721,0.5400000214576721,0.5400000214576721,0.5400000214576721,42128.0
2026-04-07 11:03:00,THX.V,,1.409999966621399,1.409999966621399,1.4049999713897705,1.409999966621399,11500.0
2026-04-07 11:03:00,TOI.V,,97.0,97.0,97.0,97.0,100.0
2026-04-07 11:03:00,ZDC.V,,4.989999771118164,4.989999771118164,4.980000019073486,4.980000019073486,2651.0
2026-04-07 11:04:00,TAO.V,,0.09000000357627869,0.09000000357627869,0.09000000357627869,0.09000000357627869,2000.0
2026-04-07 11:04:00,TOI.V,,96.9000015258789,97.0,96.9000015258789,97.0,1300.0
2026-04-07 11:04:00,TUD.V,,0.9599999785423279,0.9599999785423279,0.949999988079071,0.9599999785423279,13800.0
2026-04-07 11:04:00,UGD.V,,0.42500001192092896,0.42500001192092896,0.42500001192092896,0.42500001192092896,500.0
2026-04-07 11:04:00,VPT.V,,0.11500000208616257,0.11500000208616257,0.11500000208616257,0.11500000208616257,37000.0
2026-04-07 11:04:00,WGO.V,,1.4900000095367432,1.5,1.4900000095367432,1.5,4600.0
2026-04-07 11:04:00,WIL.V,,0.3499999940395355,0.3499999940395355,0.3499999940395355,0.3499999940395355,0.0
2026-04-07 11:04:00,ZDC.V,,4.980000019073486,4.980000019073486,4.980000019073486,4.980000019073486,300.0
2026-04-07 11:05:00,TOI.V,,96.52999877929688,96.52999877929688,96.52999877929688,96.52999877929688,1612.0
2026-04-07 11:05:00,VCU.V,,1.2000000476837158,1.2000000476837158,1.2000000476837158,1.2000000476837158,0.0
2026-04-07 11:06:00,TOI.V,,96.0,96.70500183105469,96.0,96.52999877929688,2586.0
2026-04-07 11:06:00,UCU.V,,5.210000038146973,5.210000038146973,5.210000038146973,5.210000038146973,2228.0
2026-04-07 11:06:00,WEX.V,,0.6700000166893005,0.6800000071525574,0.6700000166893005,0.6800000071525574,6500.0
2026-04-07 11:06:00,WIL.V,,0.33000001311302185,0.33000001311302185,0.3199999928474426,0.3199999928474426,21000.0
2026-04-07 11:07:00,NILI.V,,0.5699999928474426,0.5699999928474426,0.5699999928474426,0.5699999928474426,86324.0
2026-04-07 11:07:00,TOI.V,,96.0,96.0,95.98999786376953,95.98999786376953,470.0
2026-04-07 11:07:00,UCU.V,,5.230000019073486,5.230000019073486,5.230000019073486,5.230000019073486,1700.0
2026-04-07 11:07:00,VCU.V,,1.190000057220459,1.190000057220459,1.190000057220459,1.190000057220459,386136.0
2026-04-07 11:07:00,WIL.V,,0.33500000834465027,0.33500000834465027,0.33500000834465027,0.33500000834465027,500.0
2026-04-07 11:08:00,NILI.V,,0.5699999928474426,0.5699999928474426,0.5699999928474426,0.5699999928474426,16000.0
2026-04-07 11:08:00,TOI.V,,96.19999694824219,96.30000305175781,96.19999694824219,96.30000305175781,300.0
2026-04-07 11:08:00,VCU.V,,1.2000000476837158,1.2000000476837158,1.2000000476837158,1.2000000476837158,7600.0
2026-04-07 11:08:00,VUL.V,,0.22499999403953552,0.22499999403953552,0.22499999403953552,0.22499999403953552,16500.0
2026-04-07 11:08:00,WGO.V,,1.4900000095367432,1.4900000095367432,1.4900000095367432,1.4900000095367432,2700.0
2026-04-07 11:09:00,TOI.V,,96.36000061035156,96.44999694824219,96.36000061035156,96.44999694824219,500.0
2026-04-07 11:09:00,WCE.V,,0.13500000536441803,0.13500000536441803,0.13500000536441803,0.13500000536441803,7000.0
2026-04-07 11:09:00,WGO.V,,1.4900000095367432,1.4900000095367432,1.4900000095367432,1.4900000095367432,1600.0
2026-04-07 11:10:00,TLT.V,,0.26249998807907104,0.26249998807907104,0.26249998807907104,0.26249998807907104,0.0
2026-04-07 11:10:00,VCU.V,,1.2000000476837158,1.2000000476837158,1.2000000476837158,1.2000000476837158,11900.0
2026-04-07 11:10:00,WRLG.V,,0.9599999785423279,0.9599999785423279,0.9599999785423279,0.9599999785423279,32288.0
2026-04-07 11:10:00,ZDC.V,,4.989999771118164,5.010000228881836,4.989999771118164,5.010000228881836,600.0
2026-04-07 11:11:00,UCU.V,,5.260000228881836,5.260000228881836,5.239999771118164,5.239999771118164,1360.0
2026-04-07 11:12:00,TCG-P.V,,0.07500000298023224,0.07500000298023224,0.07500000298023224,0.07500000298023224,5000.0
2026-04-07 11:12:00,UCU.V,,5.239999771118164,5.239999771118164,5.239999771118164,5.239999771118164,300.0
2026-04-07 11:13:00,ONE.V,,0.36500000953674316,0.36500000953674316,0.36500000953674316,0.36500000953674316,1500.0
2026-04-07 11:13:00,TDG.V,,0.5400000214576721,0.550000011920929,0.5400000214576721,0.550000011920929,3500.0
2026-04-07 11:13:00,THX.V,,1.4049999713897705,1.409999966621399,1.4049999713897705,1.4049999713897705,300.0
2026-04-07 11:13:00,ZDC.V,,4.96999979019165,4.989999771118164,4.96999979019165,4.989999771118164,8348.0
2026-04-07 11:14:00,WHN.V,,0.23999999463558197,0.24500000476837158,0.23999999463558197,0.24500000476837158,96550.0
2026-04-07 11:15:00,TOI.V,,96.26000213623047,96.30000305175781,96.26000213623047,96.30000305175781,715.0
2026-04-07 11:15:00,UCU.V,,5.25,5.25,5.25,5.25,600.0
2026-04-07 11:15:00,ZDC.V,,5.010000228881836,5.010000228881836,5.010000228881836,5.010000228881836,500.0
2026-04-07 11:16:00,SURG.V,,0.5400000214576721,0.5400000214576721,0.5400000214576721,0.5400000214576721,5500.0
2026-04-07 11:16:00,THX.V,,1.4049999713897705,1.4049999713897705,1.4049999713897705,1.4049999713897705,200.0
2026-04-07 11:16:00,UCU.V,,5.260000228881836,5.260000228881836,5.260000228881836,5.260000228881836,300.0
2026-04-07 11:16:00,VCU.V,,1.2000000476837158,1.2000000476837158,1.2000000476837158,1.2000000476837158,8900.0
2026-04-07 11:17:00,THX.V,,1.399999976158142,1.399999976158142,1.399999976158142,1.399999976158142,13000.0
2026-04-07 11:17:00,WRLG.V,,0.9649999737739563,0.9649999737739563,0.9649999737739563,0.9649999737739563,3500.0
2026-04-07 11:18:00,TNR.V,,0.25,0.25,0.25,0.25,25000.0
2026-04-07 11:19:00,THX.V,,1.409999966621399,1.409999966621399,1.409999966621399,1.409999966621399,100.0
2026-04-07 11:19:00,TUD.V,,0.9599999785423279,0.9599999785423279,0.9599999785423279,0.9599999785423279,3200.0
2026-04-07 11:19:00,VCU.V,,1.2000000476837158,1.2000000476837158,1.2000000476837158,1.2000000476837158,9800.0
2026-04-07 11:19:00,WRLG.V,,0.9700000286102295,0.9700000286102295,0.9700000286102295,0.9700000286102295,500.0
2026-04-07 11:20:00,AUMB.V,,0.8899999856948853,0.8899999856948853,0.8899999856948853,0.8899999856948853,4000.0
2026-04-07 11:20:00,THX.V,,1.409999966621399,1.409999966621399,1.409999966621399,1.409999966621399,100.0
2026-04-07 11:20:00,TMET.V,,0.0949999988079071,0.0949999988079071,0.0949999988079071,0.0949999988079071,37000.0
2026-04-07 11:20:00,VCU.V,,1.190000057220459,1.190000057220459,1.190000057220459,1.190000057220459,1200.0
2026-04-07 11:20:00,WGO.V,,1.5,1.5,1.5,1.5,700.0
2026-04-07 11:21:00,AUMB.V,,0.8849999904632568,0.8849999904632568,0.8849999904632568,0.8849999904632568,1500.0
2026-04-07 11:21:00,TECT.V,,2.200000047683716,2.200000047683716,2.200000047683716,2.200000047683716,100.0
2026-04-07 11:21:00,TOI.V,,96.0999984741211,96.0999984741211,96.0999984741211,96.0999984741211,235.0
2026-04-07 11:21:00,TUD.V,,0.9599999785423279,0.9599999785423279,0.9599999785423279,0.9599999785423279,2000.0
2026-04-07 11:21:00,USS.V,,0.6499999761581421,0.6499999761581421,0.6499999761581421,0.6499999761581421,5500.0
2026-04-07 11:21:00,WGO.V,,1.5,1.5,1.5,1.5,200.0
2026-04-07 11:21:00,ZDC.V,,4.989999771118164,4.989999771118164,4.989999771118164,4.989999771118164,100.0
2026-04-07 11:22:00,AUMB.V,,0.8899999856948853,0.8899999856948853,0.8899999856948853,0.8899999856948853,3500.0
2026-04-07 11:22:00,THX.V,,1.399999976158142,1.409999966621399,1.399999976158142,1.409999966621399,22741.0
2026-04-07 11:22:00,TUD.V,,0.9599999785423279,0.9599999785423279,0.9599999785423279,0.9599999785423279,1000.0
2026-04-07 11:22:00,VCI.V,,6.550000190734863,6.550000190734863,6.550000190734863,6.550000190734863,0.0
2026-04-07 11:22:00,VCU.V,,1.2000000476837158,1.2000000476837158,1.2000000476837158,1.2000000476837158,100.0
2026-04-07 11:22:00,WHN.V,,0.23999999463558197,0.23999999463558197,0.23999999463558197,0.23999999463558197,4500.0
2026-04-07 11:22:00,ZDC.V,,4.989999771118164,4.989999771118164,4.989999771118164,4.989999771118164,100.0
2026-04-07 11:23:00,TAJ.V,,0.1850000023841858,0.1850000023841858,0.1850000023841858,0.1850000023841858,40000.0
2026-04-07 11:23:00,TUD.V,,0.9700000286102295,0.9700000286102295,0.9700000286102295,0.9700000286102295,100.0
2026-04-07 11:23:00,UCU.V,,5.28000020980835,5.28000020980835,5.28000020980835,5.28000020980835,190.0
2026-04-07 11:23:00,WRLG.V,,0.9700000286102295,0.9700000286102295,0.9700000286102295,0.9700000286102295,10000.0
2026-04-07 11:24:00,RARE.V,,5.699999809265137,5.75,5.699999809265137,5.75,400.0
2026-04-07 11:24:00,TSG.V,,0.23999999463558197,0.23999999463558197,0.23999999463558197,0.23999999463558197,500.0
2026-04-07 11:24:00,TUD.V,,0.9599999785423279,0.9599999785423279,0.9599999785423279,0.9599999785423279,1900.0
2026-04-07 11:24:00,ZDC.V,,4.989999771118164,4.989999771118164,4.989999771118164,4.989999771118164,100.0
2026-04-07 11:25:00,TUD.V,,0.9599999785423279,0.9599999785423279,0.9599999785423279,0.9599999785423279,1100.0
2026-04-07 11:25:00,UCU.V,,5.329999923706055,5.329999923706055,5.28000020980835,5.28000020980835,2499.0
2026-04-07 11:25:00,ZDC.V,,4.989999771118164,4.989999771118164,4.989999771118164,4.989999771118164,100.0
2026-04-07 11:26:00,NILI.V,,0.574999988079071,0.574999988079071,0.574999988079071,0.574999988079071,500.0
2026-04-07 11:26:00,WRLG.V,,0.9700000286102295,0.9700000286102295,0.9700000286102295,0.9700000286102295,1000.0
2026-04-07 11:26:00,ZDC.V,,4.989999771118164,4.989999771118164,4.989999771118164,4.989999771118164,100.0
2026-04-07 11:27:00,TUD.V,,0.9700000286102295,0.9700000286102295,0.9700000286102295,0.9700000286102295,100.0
2026-04-07 11:27:00,WRLG.V,,0.9700000286102295,0.9700000286102295,0.9700000286102295,0.9700000286102295,500.0
2026-04-07 11:27:00,ZDC.V,,4.989999771118164,4.989999771118164,4.989999771118164,4.989999771118164,100.0
2026-04-07 11:28:00,AUMB.V,,0.8899999856948853,0.8899999856948853,0.8899999856948853,0.8899999856948853,4100.0
2026-04-07 11:28:00,THX.V,,1.409999966621399,1.409999966621399,1.4049999713897705,1.4049999713897705,300.0
2026-04-07 11:28:00,TUD.V,,0.9599999785423279,0.9599999785423279,0.9599999785423279,0.9599999785423279,27400.0
2026-04-07 11:28:00,VRB.V,,0.10999999940395355,0.10999999940395355,0.10999999940395355,0.10999999940395355,0.0
2026-04-07 11:28:00,WRLG.V,,0.9700000286102295,0.9700000286102295,0.9700000286102295,0.9700000286102295,5500.0
2026-04-07 11:28:00,ZDC.V,,5.0,5.0,5.0,5.0,100.0
2026-04-07 11:29:00,NILI.V,,0.574999988079071,0.574999988079071,0.574999988079071,0.574999988079071,500.0
2026-04-07 11:29:00,THX.V,,1.409999966621399,1.409999966621399,1.409999966621399,1.409999966621399,200.0
2026-04-07 11:29:00,WEB.V,,1.6100000143051147,1.6100000143051147,1.6100000143051147,1.6100000143051147,250.0
2026-04-07 11:29:00,WI.V,,0.9300000071525574,0.9300000071525574,0.9300000071525574,0.9300000071525574,1000.0
2026-04-07 11:29:00,ZDC.V,,4.980000019073486,5.0,4.980000019073486,5.0,1000.0
2026-04-07 11:30:00,AUMB.V,,0.8849999904632568,0.8849999904632568,0.8849999904632568,0.8849999904632568,1000.0
2026-04-07 11:30:00,LOT.V,,0.05000000074505806,0.054999999701976776,0.05000000074505806,0.054999999701976776,48000.0
2026-04-07 11:30:00,ONE.V,,0.36500000953674316,0.36500000953674316,0.36500000953674316,0.36500000953674316,1500.0
2026-04-07 11:30:00,THX.V,,1.409999966621399,1.409999966621399,1.409999966621399,1.409999966621399,300.0
2026-04-07 11:30:00,WI.V,,0.9399999976158142,0.9399999976158142,0.9399999976158142,0.9399999976158142,4000.0
2026-04-07 11:31:00,TUD.V,,0.9700000286102295,0.9700000286102295,0.9599999785423279,0.9599999785423279,3150.0
2026-04-07 11:31:00,WRLG.V,,0.9700000286102295,0.9700000286102295,0.9700000286102295,0.9700000286102295,500.0
2026-04-07 11:32:00,AUMB.V,,0.8849999904632568,0.8849999904632568,0.8849999904632568,0.8849999904632568,1500.0
2026-04-07 11:32:00,TECT.V,,2.200000047683716,2.200000047683716,2.200000047683716,2.200000047683716,1000.0
2026-04-07 11:32:00,THX.V,,1.409999966621399,1.409999966621399,1.409999966621399,1.409999966621399,100.0
2026-04-07 11:32:00,UCU.V,,5.320000171661377,5.320000171661377,5.309999942779541,5.309999942779541,1100.0
2026-04-07 11:34:00,THX.V,,1.409999966621399,1.409999966621399,1.409999966621399,1.409999966621399,100.0
2026-04-07 11:34:00,TNR.V,,0.25,0.25,0.25,0.25,47500.0
2026-04-07 11:34:00,WRLG.V,,0.9700000286102295,0.9700000286102295,0.9700000286102295,0.9700000286102295,500.0
2026-04-07 11:35:00,SURG.V,,0.5450000166893005,0.5450000166893005,0.5450000166893005,0.5450000166893005,2000.0
2026-04-07 11:35:00,TGOL.V,,0.10999999940395355,0.10999999940395355,0.10999999940395355,0.10999999940395355,16500.0
2026-04-07 11:35:00,THX.V,,1.4049999713897705,1.4049999713897705,1.4049999713897705,1.4049999713897705,100.0
2026-04-07 11:36:00,THX.V,,1.399999976158142,1.399999976158142,1.399999976158142,1.399999976158142,3000.0
2026-04-07 11:36:00,ZOMD.V,,0.8949999809265137,0.8949999809265137,0.8949999809265137,0.8949999809265137,500.0
2026-04-07 11:37:00,AUMB.V,,0.8899999856948853,0.8899999856948853,0.8899999856948853,0.8899999856948853,5000.0
2026-04-07 11:38:00,VRR.V,,0.2750000059604645,0.2800000011920929,0.2750000059604645,0.2800000011920929,0.0
2026-04-07 11:38:00,WCE.V,,0.13500000536441803,0.13500000536441803,0.13500000536441803,0.13500000536441803,20000.0
2026-04-07 11:38:00,WGO.V,,1.5,1.5,1.5,1.5,300.0
2026-04-07 11:39:00,AUMB.V,,0.8899999856948853,0.8899999856948853,0.8899999856948853,0.8899999856948853,81500.0
2026-04-07 11:39:00,TGOL.V,,0.10999999940395355,0.10999999940395355,0.10999999940395355,0.10999999940395355,10000.0
2026-04-07 11:39:00,TUD.V,,0.9599999785423279,0.9599999785423279,0.9599999785423279,0.9599999785423279,4900.0
2026-04-07 11:39:00,UCU.V,,5.28000020980835,5.28000020980835,5.28000020980835,5.28000020980835,450.0
2026-04-07 11:39:00,VCU.V,,1.1799999475479126,1.1799999475479126,1.1799999475479126,1.1799999475479126,100.0
2026-04-07 11:39:00,VPT.V,,0.11999999731779099,0.11999999731779099,0.11999999731779099,0.11999999731779099,2000.0
2026-04-07 11:39:00,WGO.V,,1.4900000095367432,1.5,1.4900000095367432,1.5,8820.0
2026-04-07 11:39:00,WRLG.V,,0.9649999737739563,0.9649999737739563,0.9649999737739563,0.9649999737739563,1000.0
2026-04-07 11:40:00,ONE.V,,0.36500000953674316,0.36500000953674316,0.36500000953674316,0.36500000953674316,0.0
2026-04-07 11:40:00,TGOL.V,,0.10999999940395355,0.10999999940395355,0.10999999940395355,0.10999999940395355,2000.0
2026-04-07 11:40:00,UCU.V,,5.25,5.25,5.25,5.25,1448.0
2026-04-07 11:40:00,ZDC.V,,4.980000019073486,4.980000019073486,4.980000019073486,4.980000019073486,100.0
2026-04-07 11:41:00,ONE.V,,0.36500000953674316,0.36500000953674316,0.36500000953674316,0.36500000953674316,9630.0
2026-04-07 11:41:00,UCU.V,,5.260000228881836,5.260000228881836,5.260000228881836,5.260000228881836,400.0
2026-04-07 11:41:00,VUX.V,,0.1550000011920929,0.1550000011920929,0.1550000011920929,0.1550000011920929,3000.0
2026-04-07 11:41:00,WRLG.V,,0.9649999737739563,0.9649999737739563,0.9599999785423279,0.9599999785423279,31800.0
2026-04-07 11:42:00,THX.V,,1.3949999809265137,1.399999976158142,1.3949999809265137,1.399999976158142,4400.0
2026-04-07 11:42:00,USS.V,,0.6299999952316284,0.6299999952316284,0.6299999952316284,0.6299999952316284,47766.0
2026-04-07 11:42:00,WEX.V,,0.6800000071525574,0.6800000071525574,0.6800000071525574,0.6800000071525574,3000.0
2026-04-07 11:42:00,WGO.V,,1.5,1.5,1.5,1.5,3500.0
2026-04-07 11:42:00,XGC.V,,0.27000001072883606,0.27000001072883606,0.27000001072883606,0.27000001072883606,23500.0
2026-04-07 11:42:00,ZDC.V,,4.980000019073486,4.980000019073486,4.980000019073486,4.980000019073486,400.0
2026-04-07 11:43:00,SURG.V,,0.550000011920929,0.550000011920929,0.550000011920929,0.550000011920929,8000.0
2026-04-07 11:43:00,UCU.V,,5.269999980926514,5.269999980926514,5.269999980926514,5.269999980926514,420.0
2026-04-07 11:43:00,WEX.V,,0.6700000166893005,0.6700000166893005,0.6700000166893005,0.6700000166893005,2000.0
2026-04-07 11:43:00,WRLG.V,,0.9599999785423279,0.9599999785423279,0.9599999785423279,0.9599999785423279,11000.0
2026-04-07 11:44:00,THX.V,,1.399999976158142,1.399999976158142,1.399999976158142,1.399999976158142,100.0
2026-04-07 11:44:00,UCU.V,,5.25,5.25,5.25,5.25,100.0
2026-04-07 11:44:00,WRLG.V,,0.9599999785423279,0.9599999785423279,0.9599999785423279,0.9599999785423279,500.0
2026-04-07 11:45:00,THX.V,,1.399999976158142,1.399999976158142,1.399999976158142,1.399999976158142,100.0
2026-04-07 11:46:00,TECT.V,,2.200000047683716,2.200000047683716,2.200000047683716,2.200000047683716,1600.0
2026-04-07 11:46:00,THX.V,,1.399999976158142,1.399999976158142,1.399999976158142,1.399999976158142,100.0
2026-04-07 11:46:00,WCE.V,,0.13500000536441803,0.13500000536441803,0.13500000536441803,0.13500000536441803,27000.0
2026-04-07 11:47:00,AUMB.V,,0.8999999761581421,0.8999999761581421,0.8999999761581421,0.8999999761581421,4500.0
2026-04-07 11:47:00,THX.V,,1.409999966621399,1.409999966621399,1.3949999809265137,1.3949999809265137,3500.0
2026-04-07 11:47:00,TOI.V,,96.52999877929688,96.52999877929688,96.5199966430664,96.5199966430664,427.0
2026-04-07 11:48:00,ONE.V,,0.36500000953674316,0.36500000953674316,0.36500000953674316,0.36500000953674316,500.0
2026-04-07 11:48:00,TGOL.V,,0.10999999940395355,0.10999999940395355,0.10999999940395355,0.10999999940395355,5500.0
2026-04-07 11:48:00,VRR.V,,0.2750000059604645,0.2750000059604645,0.2750000059604645,0.2750000059604645,3000.0
2026-04-07 11:49:00,TUD.V,,0.9599999785423279,0.9599999785423279,0.9599999785423279,0.9599999785423279,2600.0
2026-04-07 11:49:00,UCU.V,,5.25,5.25,5.25,5.25,300.0
2026-04-07 11:49:00,WGO.V,,1.5,1.5,1.5,1.5,800.0
2026-04-07 11:49:00,WRLG.V,,0.9599999785423279,0.9599999785423279,0.9599999785423279,0.9599999785423279,5000.0
2026-04-07 11:50:00,WRLG.V,,0.9599999785423279,0.9599999785423279,0.9599999785423279,0.9599999785423279,1000.0
2026-04-07 11:50:00,ZDC.V,,5.0,5.0,4.989999771118164,4.989999771118164,300.0
2026-04-07 11:51:00,TGOL.V,,0.10999999940395355,0.10999999940395355,0.10999999940395355,0.10999999940395355,10000.0
2026-04-07 11:51:00,TUD.V,,0.9599999785423279,0.9599999785423279,0.9599999785423279,0.9599999785423279,100.0
2026-04-07 11:52:00,XGC.V,,0.25999999046325684,0.25999999046325684,0.25999999046325684,0.25999999046325684,13000.0
2026-04-07 11:52:00,ZDC.V,,4.980000019073486,4.980000019073486,4.980000019073486,4.980000019073486,300.0
2026-04-07 11:53:00,TUD.V,,0.9599999785423279,0.9599999785423279,0.9599999785423279,0.9599999785423279,100.0
2026-04-07 11:53:00,WRLG.V,,0.9599999785423279,0.9599999785423279,0.9599999785423279,0.9599999785423279,1355.0
2026-04-07 11:53:00,ZDC.V,,4.96999979019165,4.96999979019165,4.96999979019165,4.96999979019165,100.0
2026-04-07 11:54:00,THX.V,,1.399999976158142,1.399999976158142,1.399999976158142,1.399999976158142,1205.0
2026-04-07 11:54:00,TUD.V,,0.9599999785423279,0.9599999785423279,0.9599999785423279,0.9599999785423279,1300.0
2026-04-07 11:54:00,WRLG.V,,0.9599999785423279,0.9599999785423279,0.9599999785423279,0.9599999785423279,12500.0
2026-04-07 11:55:00,AUMB.V,,0.8949999809265137,0.8949999809265137,0.8949999809265137,0.8949999809265137,1500.0
2026-04-07 11:55:00,TUD.V,,0.9599999785423279,0.9599999785423279,0.9599999785423279,0.9599999785423279,2200.0
2026-04-07 11:55:00,VCU.V,,1.190000057220459,1.190000057220459,1.190000057220459,1.190000057220459,500.0
2026-04-07 11:56:00,ONE.V,,0.36500000953674316,0.36500000953674316,0.36500000953674316,0.36500000953674316,500.0
2026-04-07 11:56:00,TRBC.V,,0.1850000023841858,0.1850000023841858,0.1850000023841858,0.1850000023841858,0.0
2026-04-07 11:56:00,TUD.V,,0.9700000286102295,0.9700000286102295,0.9700000286102295,0.9700000286102295,100.0
2026-04-07 11:56:00,VCU.V,,1.2000000476837158,1.2000000476837158,1.2000000476837158,1.2000000476837158,14800.0
2026-04-07 11:56:00,YEG.V,,0.17499999701976776,0.17499999701976776,0.17499999701976776,0.17499999701976776,1000.0
2026-04-07 11:57:00,AWE.V,,0.11500000208616257,0.13500000536441803,0.11500000208616257,0.13500000536441803,0.0
2026-04-07 11:57:00,THX.V,,1.399999976158142,1.399999976158142,1.399999976158142,1.399999976158142,100.0
2026-04-07 11:58:00,NILI.V,,0.5799999833106995,0.5799999833106995,0.5799999833106995,0.5799999833106995,21000.0
2026-04-07 11:58:00,TUD.V,,0.9700000286102295,0.9700000286102295,0.9700000286102295,0.9700000286102295,100.0
2026-04-07 11:58:00,WGO.V,,1.5099999904632568,1.5099999904632568,1.5099999904632568,1.5099999904632568,100.0
2026-04-07 11:59:00,NILI.V,,0.5799999833106995,0.5799999833106995,0.5799999833106995,0.5799999833106995,16000.0
2026-04-07 11:59:00,THX.V,,1.399999976158142,1.399999976158142,1.399999976158142,1.399999976158142,100.0
2026-04-07 11:59:00,UCU.V,,5.25,5.25,5.25,5.25,100.0
2026-04-07 11:59:00,VCU.V,,1.2000000476837158,1.2000000476837158,1.2000000476837158,1.2000000476837158,22400.0
2026-04-07 12:00:00,THX.V,,1.399999976158142,1.399999976158142,1.399999976158142,1.399999976158142,469.0
2026-04-07 12:00:00,TUD.V,,0.9700000286102295,0.9700000286102295,0.9700000286102295,0.9700000286102295,100.0
2026-04-07 12:00:00,VIO.V,,0.12999999523162842,0.12999999523162842,0.12999999523162842,0.12999999523162842,2000.0
2026-04-07 12:01:00,THX.V,,1.399999976158142,1.399999976158142,1.399999976158142,1.399999976158142,100.0
2026-04-07 12:02:00,AUMB.V,,0.8999999761581421,0.8999999761581421,0.8999999761581421,0.8999999761581421,29000.0
2026-04-07 12:02:00,THX.V,,1.409999966621399,1.409999966621399,1.399999976158142,1.399999976158142,53000.0
2026-04-07 12:02:00,TUD.V,,0.9700000286102295,0.9700000286102295,0.9700000286102295,0.9700000286102295,100.0
2026-04-07 12:02:00,UCU.V,,5.28000020980835,5.28000020980835,5.269999980926514,5.269999980926514,2442.0
2026-04-07 12:02:00,WI.V,,0.8999999761581421,0.8999999761581421,0.8999999761581421,0.8999999761581421,1000.0
2026-04-07 12:02:00,ZDC.V,,4.900000095367432,4.985000133514404,4.900000095367432,4.980000019073486,14490.0
2026-04-07 12:03:00,AUMB.V,,0.8999999761581421,0.9100000262260437,0.8999999761581421,0.9100000262260437,17400.0
2026-04-07 12:03:00,TDG.V,,0.5400000214576721,0.550000011920929,0.5400000214576721,0.550000011920929,7000.0
2026-04-07 12:03:00,THX.V,,1.409999966621399,1.409999966621399,1.409999966621399,1.409999966621399,700.0
2026-04-07 12:03:00,TNR.V,,0.25,0.25,0.25,0.25,48000.0
2026-04-07 12:03:00,TUD.V,,0.9700000286102295,0.9700000286102295,0.9700000286102295,0.9700000286102295,2300.0
2026-04-07 12:03:00,VCU.V,,1.190000057220459,1.190000057220459,1.190000057220459,1.190000057220459,100.0
2026-04-07 12:03:00,WGO.V,,1.5099999904632568,1.5099999904632568,1.5099999904632568,1.5099999904632568,4700.0
2026-04-07 12:03:00,WRLG.V,,0.9700000286102295,0.9700000286102295,0.9700000286102295,0.9700000286102295,500.0
2026-04-07 12:03:00,ZDC.V,,4.920000076293945,4.920000076293945,4.900000095367432,4.900000095367432,1800.0
2026-04-07 12:03:00,ZOMD.V,,0.8999999761581421,0.8999999761581421,0.8999999761581421,0.8999999761581421,500.0
2026-04-07 12:04:00,THX.V,,1.409999966621399,1.409999966621399,1.409999966621399,1.409999966621399,2500.0
2026-04-07 12:04:00,TMG.V,,0.14499999582767487,0.14499999582767487,0.14499999582767487,0.14499999582767487,0.0
2026-04-07 12:04:00,TNR.V,,0.25999999046325684,0.25999999046325684,0.25999999046325684,0.25999999046325684,3000.0
2026-04-07 12:04:00,TUD.V,,0.9700000286102295,0.9700000286102295,0.9700000286102295,0.9700000286102295,100.0
2026-04-07 12:04:00,USCU.V,,0.17000000178813934,0.17000000178813934,0.17000000178813934,0.17000000178813934,1000.0
2026-04-07 12:04:00,WRLG.V,,0.9700000286102295,0.9700000286102295,0.9700000286102295,0.9700000286102295,500.0
2026-04-07 12:05:00,AUMB.V,,0.8999999761581421,0.8999999761581421,0.8999999761581421,0.8999999761581421,3000.0
2026-04-07 12:05:00,TSG.V,,0.23999999463558197,0.23999999463558197,0.23999999463558197,0.23999999463558197,2000.0
2026-04-07 12:05:00,USS.V,,0.6299999952316284,0.6299999952316284,0.6299999952316284,0.6299999952316284,78000.0
2026-04-07 12:05:00,VCU.V,,1.2200000286102295,1.2200000286102295,1.2100000381469727,1.2100000381469727,30200.0
2026-04-07 12:05:00,WCE.V,,0.14000000059604645,0.14000000059604645,0.14000000059604645,0.14000000059604645,54500.0
2026-04-07 12:05:00,WI.V,,0.9399999976158142,0.9399999976158142,0.9300000071525574,0.9300000071525574,4000.0
2026-04-07 12:05:00,XGC.V,,0.25999999046325684,0.25999999046325684,0.25999999046325684,0.25999999046325684,1000.0
2026-04-07 12:06:00,AUMB.V,,0.9100000262260437,0.9100000262260437,0.9100000262260437,0.9100000262260437,12500.0
2026-04-07 12:06:00,TIG.V,,0.5600000023841858,0.5600000023841858,0.5600000023841858,0.5600000023841858,5500.0
2026-04-07 12:06:00,VCU.V,,1.2200000286102295,1.2200000286102295,1.2200000286102295,1.2200000286102295,1000.0
2026-04-07 12:06:00,VML.V,,0.5600000023841858,0.5600000023841858,0.5600000023841858,0.5600000023841858,1000.0
2026-04-07 12:06:00,VRB.V,,0.10999999940395355,0.10999999940395355,0.10999999940395355,0.10999999940395355,1500.0
2026-04-07 12:07:00,TUD.V,,0.9700000286102295,0.9700000286102295,0.9700000286102295,0.9700000286102295,100.0
2026-04-07 12:07:00,WCE.V,,0.14000000059604645,0.14000000059604645,0.14000000059604645,0.14000000059604645,2500.0
2026-04-07 12:08:00,VCU.V,,1.2200000286102295,1.2200000286102295,1.2200000286102295,1.2200000286102295,100.0
2026-04-07 12:09:00,TUD.V,,0.9700000286102295,0.9700000286102295,0.9700000286102295,0.9700000286102295,100.0
2026-04-07 12:09:00,WRLG.V,,0.9649999737739563,0.9649999737739563,0.9649999737739563,0.9649999737739563,1000.0
2026-04-07 12:10:00,UCU.V,,5.309999942779541,5.309999942779541,5.309999942779541,5.309999942779541,100.0
2026-04-07 12:10:00,VCU.V,,1.2100000381469727,1.2100000381469727,1.2100000381469727,1.2100000381469727,100.0
2026-04-07 12:10:00,ZDC.V,,4.909999847412109,4.909999847412109,4.909999847412109,4.909999847412109,121.0
2026-04-07 12:11:00,NILI.V,,0.5849999785423279,0.5849999785423279,0.5849999785423279,0.5849999785423279,500.0
2026-04-07 12:11:00,TIG.V,,0.5600000023841858,0.5600000023841858,0.5600000023841858,0.5600000023841858,4500.0
2026-04-07 12:11:00,TUD.V,,0.9700000286102295,0.9700000286102295,0.9700000286102295,0.9700000286102295,100.0
2026-04-07 12:11:00,VQS.V,,0.10000000149011612,0.10000000149011612,0.10000000149011612,0.10000000149011612,10500.0
2026-04-07 12:12:00,AUMB.V,,0.8999999761581421,0.8999999761581421,0.8999999761581421,0.8999999761581421,2000.0
2026-04-07 12:12:00,THX.V,,1.409999966621399,1.409999966621399,1.409999966621399,1.409999966621399,314.0
2026-04-07 12:12:00,TIG.V,,0.5600000023841858,0.5600000023841858,0.5600000023841858,0.5600000023841858,3000.0
2026-04-07 12:12:00,UCU.V,,5.300000190734863,5.300000190734863,5.300000190734863,5.300000190734863,100.0
2026-04-07 12:12:00,VO.V,,0.0949999988079071,0.0949999988079071,0.0949999988079071,0.0949999988079071,5000.0
2026-04-07 12:13:00,AUMB.V,,0.8999999761581421,0.8999999761581421,0.8999999761581421,0.8999999761581421,1500.0
2026-04-07 12:13:00,NILI.V,,0.5849999785423279,0.5849999785423279,0.5849999785423279,0.5849999785423279,500.0
2026-04-07 12:13:00,ONE.V,,0.4099999964237213,0.4099999964237213,0.3700000047683716,0.3700000047683716,34775.0
2026-04-07 12:13:00,THX.V,,1.409999966621399,1.409999966621399,1.409999966621399,1.409999966621399,100.0
2026-04-07 12:13:00,TIG.V,,0.5600000023841858,0.5600000023841858,0.5600000023841858,0.5600000023841858,1000.0
2026-04-07 12:13:00,UCU.V,,5.300000190734863,5.300000190734863,5.300000190734863,5.300000190734863,100.0
2026-04-07 12:13:00,VCU.V,,1.2100000381469727,1.2100000381469727,1.2100000381469727,1.2100000381469727,100.0
2026-04-07 12:14:00,THX.V,,1.409999966621399,1.409999966621399,1.409999966621399,1.409999966621399,100.0
2026-04-07 12:14:00,TUD.V,,0.9700000286102295,0.9700000286102295,0.9700000286102295,0.9700000286102295,100.0
2026-04-07 12:14:00,UCU.V,,5.28000020980835,5.28000020980835,5.28000020980835,5.28000020980835,100.0
2026-04-07 12:14:00,VCU.V,,1.2300000190734863,1.2300000190734863,1.2300000190734863,1.2300000190734863,10000.0
2026-04-07 12:14:00,WRLG.V,,0.9700000286102295,0.9700000286102295,0.9599999785423279,0.9599999785423279,46103.0
2026-04-07 12:15:00,THX.V,,1.409999966621399,1.409999966621399,1.409999966621399,1.409999966621399,100.0
2026-04-07 12:15:00,UCU.V,,5.300000190734863,5.300000190734863,5.300000190734863,5.300000190734863,100.0
2026-04-07 12:15:00,USCU.V,,0.17499999701976776,0.17499999701976776,0.17499999701976776,0.17499999701976776,5000.0
2026-04-07 12:15:00,VCU.V,,1.2200000286102295,1.2200000286102295,1.2200000286102295,1.2200000286102295,100.0
2026-04-07 12:15:00,WRLG.V,,0.9599999785423279,0.9599999785423279,0.9599999785423279,0.9599999785423279,21050.0
2026-04-07 12:15:00,ZDC.V,,4.880000114440918,4.880000114440918,4.880000114440918,4.880000114440918,100.0
2026-04-07 12:16:00,THX.V,,1.409999966621399,1.409999966621399,1.409999966621399,1.409999966621399,100.0
2026-04-07 12:16:00,TUD.V,,0.9700000286102295,0.9700000286102295,0.9700000286102295,0.9700000286102295,100.0
2026-04-07 12:17:00,THX.V,,1.409999966621399,1.409999966621399,1.409999966621399,1.409999966621399,100.0
2026-04-07 12:17:00,VCU.V,,1.2200000286102295,1.2200000286102295,1.2200000286102295,1.2200000286102295,100.0
2026-04-07 12:17:00,WGO.V,,1.4900000095367432,1.5,1.4900000095367432,1.5,4300.0
2026-04-07 12:18:00,AUMB.V,,0.8899999856948853,0.8899999856948853,0.8899999856948853,0.8899999856948853,2500.0
2026-04-07 12:18:00,UCU.V,,5.300000190734863,5.300000190734863,5.300000190734863,5.300000190734863,559.0
2026-04-07 12:18:00,WEX.V,,0.6700000166893005,0.6700000166893005,0.6700000166893005,0.6700000166893005,3500.0
2026-04-07 12:18:00,WRLG.V,,0.949999988079071,0.9549999833106995,0.949999988079071,0.9549999833106995,26928.0
2026-04-07 12:18:00,ZDC.V,,4.889999866485596,4.889999866485596,4.889999866485596,4.889999866485596,100.0
2026-04-07 12:19:00,TGOL.V,,0.10999999940395355,0.10999999940395355,0.10999999940395355,0.10999999940395355,1000.0
2026-04-07 12:19:00,THX.V,,1.409999966621399,1.409999966621399,1.409999966621399,1.409999966621399,200.0
2026-04-07 12:19:00,VCU.V,,1.2200000286102295,1.2200000286102295,1.2200000286102295,1.2200000286102295,100.0
2026-04-07 12:20:00,AUMB.V,,0.8899999856948853,0.8899999856948853,0.8899999856948853,0.8899999856948853,9000.0
2026-04-07 12:20:00,THX.V,,1.409999966621399,1.409999966621399,1.4049999713897705,1.409999966621399,1500.0
2026-04-07 12:20:00,TUD.V,,0.949999988079071,0.9599999785423279,0.949999988079071,0.9599999785423279,18400.0
2026-04-07 12:20:00,UCU.V,,5.300000190734863,5.300000190734863,5.300000190734863,5.300000190734863,100.0
2026-04-07 12:20:00,WGO.V,,1.4900000095367432,1.4900000095367432,1.4900000095367432,1.4900000095367432,100.0
2026-04-07 12:20:00,ZDC.V,,4.889999866485596,4.889999866485596,4.889999866485596,4.889999866485596,100.0
2026-04-07 12:20:00,ZON.V,,0.11500000208616257,0.11500000208616257,0.11500000208616257,0.11500000208616257,0.0
2026-04-07 12:21:00,TOI.V,,97.0,97.0,96.66000366210938,96.66000366210938,500.0
2026-04-07 12:21:00,UCU.V,,5.309999942779541,5.309999942779541,5.309999942779541,5.309999942779541,720.0
2026-04-07 12:21:00,ZDC.V,,4.889999866485596,4.889999866485596,4.889999866485596,4.889999866485596,100.0
2026-04-07 12:22:00,THX.V,,1.409999966621399,1.409999966621399,1.409999966621399,1.409999966621399,100.0
2026-04-07 12:22:00,TLT.V,,0.2549999952316284,0.25999999046325684,0.2549999952316284,0.25999999046325684,106367.0
2026-04-07 12:22:00,VCU.V,,1.2100000381469727,1.2100000381469727,1.2100000381469727,1.2100000381469727,100.0
2026-04-07 12:22:00,XPLR.V,,0.03999999910593033,0.03999999910593033,0.03999999910593033,0.03999999910593033,0.0
2026-04-07 12:23:00,AUMB.V,,0.8899999856948853,0.8899999856948853,0.8899999856948853,0.8899999856948853,3500.0
2026-04-07 12:23:00,NILI.V,,0.5849999785423279,0.5849999785423279,0.5849999785423279,0.5849999785423279,500.0
2026-04-07 12:23:00,SURG.V,,0.5400000214576721,0.5400000214576721,0.5400000214576721,0.5400000214576721,21000.0
2026-04-07 12:23:00,THX.V,,1.409999966621399,1.409999966621399,1.409999966621399,1.409999966621399,100.0
2026-04-07 12:23:00,USCU.V,,0.17000000178813934,0.17000000178813934,0.17000000178813934,0.17000000178813934,11000.0
2026-04-07 12:23:00,WRLG.V,,0.9599999785423279,0.9599999785423279,0.9549999833106995,0.9549999833106995,19000.0
2026-04-07 12:24:00,TECT.V,,2.2300000190734863,2.2300000190734863,2.2300000190734863,2.2300000190734863,400.0
2026-04-07 12:24:00,TOI.V,,97.0,97.0,97.0,97.0,139.0
2026-04-07 12:24:00,USS.V,,0.6499999761581421,0.6499999761581421,0.6499999761581421,0.6499999761581421,15000.0
2026-04-07 12:24:00,VCU.V,,1.2200000286102295,1.2200000286102295,1.2200000286102295,1.2200000286102295,100.0
2026-04-07 12:24:00,VO.V,,0.0949999988079071,0.0949999988079071,0.0949999988079071,0.0949999988079071,36000.0
2026-04-07 12:24:00,WGO.V,,1.5,1.5,1.5,1.5,5700.0
2026-04-07 12:24:00,WI.V,,0.8999999761581421,0.8999999761581421,0.8999999761581421,0.8999999761581421,5500.0
2026-04-07 12:24:00,WRLG.V,,0.9599999785423279,0.9599999785423279,0.9599999785423279,0.9599999785423279,12900.0
2026-04-07 12:25:00,THX.V,,1.409999966621399,1.409999966621399,1.409999966621399,1.409999966621399,100.0
2026-04-07 12:25:00,VAU.V,,0.14000000059604645,0.14000000059604645,0.14000000059604645,0.14000000059604645,9500.0
2026-04-07 12:26:00,USCU.V,,0.17000000178813934,0.17000000178813934,0.17000000178813934,0.17000000178813934,2295.0
2026-04-07 12:26:00,VCU.V,,1.2200000286102295,1.2200000286102295,1.2200000286102295,1.2200000286102295,100.0
2026-04-07 12:27:00,GIG.V,,0.30000001192092896,0.30000001192092896,0.30000001192092896,0.30000001192092896,1500.0
2026-04-07 12:27:00,THX.V,,1.409999966621399,1.409999966621399,1.409999966621399,1.409999966621399,100.0
2026-04-07 12:27:00,WRLG.V,,0.9599999785423279,0.9599999785423279,0.9599999785423279,0.9599999785423279,6000.0
2026-04-07 12:28:00,VCU.V,,1.2200000286102295,1.2200000286102295,1.2200000286102295,1.2200000286102295,100.0
2026-04-07 12:29:00,TDG.V,,0.550000011920929,0.550000011920929,0.550000011920929,0.550000011920929,5000.0
2026-04-07 12:29:00,THX.V,,1.409999966621399,1.409999966621399,1.409999966621399,1.409999966621399,100.0
2026-04-07 12:29:00,XGC.V,,0.25999999046325684,0.25999999046325684,0.25999999046325684,0.25999999046325684,12500.0
2026-04-07 12:29:00,ZDC.V,,4.880000114440918,4.880000114440918,4.880000114440918,4.880000114440918,100.0
2026-04-07 12:30:00,ONE.V,,0.3799999952316284,0.3799999952316284,0.3799999952316284,0.3799999952316284,1000.0
2026-04-07 12:30:00,VCU.V,,1.2200000286102295,1.2200000286102295,1.2200000286102295,1.2200000286102295,100.0
2026-04-07 12:30:00,WGO.V,,1.5,1.5,1.5,1.5,1400.0
2026-04-07 12:31:00,NILI.V,,0.5849999785423279,0.5849999785423279,0.5849999785423279,0.5849999785423279,500.0
2026-04-07 12:31:00,THX.V,,1.409999966621399,1.409999966621399,1.409999966621399,1.409999966621399,100.0
2026-04-07 12:31:00,TORQ.V,,0.07500000298023224,0.07500000298023224,0.07500000298023224,0.07500000298023224,0.0
2026-04-07 12:31:00,WGO.V,,1.5,1.5,1.5,1.5,800.0
2026-04-07 12:31:00,ZDC.V,,4.889999866485596,4.889999866485596,4.889999866485596,4.889999866485596,100.0
2026-04-07 12:31:00,ZOMD.V,,0.8999999761581421,0.8999999761581421,0.8999999761581421,0.8999999761581421,1640.0
2026-04-07 12:32:00,VCU.V,,1.2200000286102295,1.2200000286102295,1.2200000286102295,1.2200000286102295,100.0
2026-04-07 12:32:00,WGO.V,,1.5,1.5,1.5,1.5,800.0
2026-04-07 12:32:00,WRLG.V,,0.9599999785423279,0.9599999785423279,0.9599999785423279,0.9599999785423279,1000.0
2026-04-07 12:32:00,ZDC.V,,4.889999866485596,4.889999866485596,4.889999866485596,4.889999866485596,100.0
2026-04-07 12:34:00,THX.V,,1.409999966621399,1.409999966621399,1.409999966621399,1.409999966621399,100.0
2026-04-07 12:34:00,VCU.V,,1.2200000286102295,1.2200000286102295,1.2200000286102295,1.2200000286102295,100.0
2026-04-07 12:34:00,ZDC.V,,4.889999866485596,4.889999866485596,4.889999866485596,4.889999866485596,100.0
2026-04-07 12:35:00,NILI.V,,0.5899999737739563,0.5899999737739563,0.5849999785423279,0.5849999785423279,24000.0
2026-04-07 12:36:00,AUMB.V,,0.8899999856948853,0.8899999856948853,0.8899999856948853,0.8899999856948853,1000.0
2026-04-07 12:36:00,NILI.V,,0.5950000286102295,0.5950000286102295,0.5950000286102295,0.5950000286102295,500.0
2026-04-07 12:36:00,ZOMD.V,,0.8999999761581421,0.8999999761581421,0.8999999761581421,0.8999999761581421,1500.0
2026-04-07 12:37:00,NILI.V,,0.6000000238418579,0.6000000238418579,0.5899999737739563,0.5899999737739563,46500.0
2026-04-07 12:37:00,THX.V,,1.409999966621399,1.409999966621399,1.409999966621399,1.409999966621399,100.0
2026-04-07 12:37:00,VCU.V,,1.2200000286102295,1.2200000286102295,1.2200000286102295,1.2200000286102295,100.0
2026-04-07 12:37:00,WGO.V,,1.5,1.5,1.5,1.5,3800.0
2026-04-07 12:37:00,WRLG.V,,0.949999988079071,0.949999988079071,0.949999988079071,0.949999988079071,106000.0
2026-04-07 12:37:00,ZDC.V,,4.880000114440918,4.880000114440918,4.880000114440918,4.880000114440918,100.0
2026-04-07 12:37:00,ZON.V,,0.125,0.125,0.125,0.125,2000.0
2026-04-07 12:38:00,NILI.V,,0.6000000238418579,0.6000000238418579,0.6000000238418579,0.6000000238418579,1000.0
2026-04-07 12:38:00,TECT.V,,2.25,2.25,2.25,2.25,500.0
2026-04-07 12:38:00,TORQ.V,,0.07500000298023224,0.07500000298023224,0.07500000298023224,0.07500000298023224,280000.0
2026-04-07 12:38:00,WML.V,,0.07500000298023224,0.07500000298023224,0.07500000298023224,0.07500000298023224,0.0
2026-04-07 12:38:00,ZDC.V,,4.909999847412109,4.909999847412109,4.909999847412109,4.909999847412109,1400.0
2026-04-07 12:39:00,THX.V,,1.409999966621399,1.409999966621399,1.409999966621399,1.409999966621399,100.0
2026-04-07 12:39:00,TIG.V,,0.5600000023841858,0.5600000023841858,0.5600000023841858,0.5600000023841858,3500.0
2026-04-07 12:39:00,UCU.V,,5.300000190734863,5.300000190734863,5.300000190734863,5.300000190734863,5200.0
2026-04-07 12:39:00,VCU.V,,1.2200000286102295,1.2200000286102295,1.2200000286102295,1.2200000286102295,100.0
2026-04-07 12:39:00,WGO.V,,1.5,1.5,1.5,1.5,1600.0
2026-04-07 12:39:00,WRLG.V,,0.949999988079071,0.949999988079071,0.949999988079071,0.949999988079071,1500.0
2026-04-07 12:39:00,ZDC.V,,4.880000114440918,4.920000076293945,4.880000114440918,4.909999847412109,21250.0
2026-04-07 12:39:00,ZEN.V,,0.7799999713897705,0.7799999713897705,0.7799999713897705,0.7799999713897705,1500.0
2026-04-07 12:40:00,AUMB.V,,0.8899999856948853,0.8899999856948853,0.8899999856948853,0.8899999856948853,7622.0
2026-04-07 12:40:00,THX.V,,1.4049999713897705,1.4049999713897705,1.4049999713897705,1.4049999713897705,100.0
2026-04-07 12:40:00,UCU.V,,5.300000190734863,5.300000190734863,5.28000020980835,5.28000020980835,200.0
2026-04-07 12:40:00,WGO.V,,1.5,1.5,1.5,1.5,1200.0
2026-04-07 12:40:00,ZDC.V,,4.900000095367432,4.900000095367432,4.889999866485596,4.889999866485596,800.0
2026-04-07 12:41:00,TOI.V,,96.5999984741211,96.5999984741211,96.5999984741211,96.5999984741211,100.0
2026-04-07 12:41:00,VCU.V,,1.2100000381469727,1.2200000286102295,1.2100000381469727,1.2200000286102295,11700.0
2026-04-07 12:41:00,WRLG.V,,0.949999988079071,0.949999988079071,0.949999988079071,0.949999988079071,500.0
2026-04-07 12:42:00,WCE.V,,0.14000000059604645,0.14000000059604645,0.14000000059604645,0.14000000059604645,64000.0
2026-04-07 12:43:00,WEX.V,,0.6700000166893005,0.6700000166893005,0.6700000166893005,0.6700000166893005,3000.0
2026-04-07 12:44:00,THX.V,,1.4049999713897705,1.4049999713897705,1.4049999713897705,1.4049999713897705,100.0
2026-04-07 12:44:00,VCU.V,,1.2100000381469727,1.2100000381469727,1.2100000381469727,1.2100000381469727,100.0
2026-04-07 12:44:00,WISH.V,,0.20000000298023224,0.20000000298023224,0.20000000298023224,0.20000000298023224,0.0
2026-04-07 12:45:00,AUMB.V,,0.8899999856948853,0.8899999856948853,0.8899999856948853,0.8899999856948853,29100.0
2026-04-07 12:46:00,TIG.V,,0.550000011920929,0.550000011920929,0.550000011920929,0.550000011920929,8000.0
2026-04-07 12:46:00,UCU.V,,5.309999942779541,5.309999942779541,5.309999942779541,5.309999942779541,800.0
2026-04-07 12:46:00,ZDC.V,,4.900000095367432,4.920000076293945,4.900000095367432,4.909999847412109,1674.0
2026-04-07 12:47:00,UCU.V,,5.329999923706055,5.329999923706055,5.320000171661377,5.320000171661377,2100.0
2026-04-07 12:47:00,ZDC.V,,4.889999866485596,4.900000095367432,4.889999866485596,4.900000095367432,600.0
2026-04-07 12:48:00,BIRD.V,,0.05000000074505806,0.054999999701976776,0.05000000074505806,0.054999999701976776,0.0
2026-04-07 12:48:00,VRB.V,,0.10499999672174454,0.10499999672174454,0.10499999672174454,0.10499999672174454,81260.0
2026-04-07 12:48:00,ZDC.V,,4.900000095367432,4.900000095367432,4.889999866485596,4.889999866485596,1600.0
2026-04-07 12:49:00,THX.V,,1.4049999713897705,1.4049999713897705,1.4049999713897705,1.4049999713897705,100.0
2026-04-07 12:49:00,TOI.V,,96.88999938964844,96.88999938964844,96.88999938964844,96.88999938964844,100.0
2026-04-07 12:49:00,VCU.V,,1.2100000381469727,1.2100000381469727,1.2100000381469727,1.2100000381469727,100.0
2026-04-07 12:49:00,WEX.V,,0.6700000166893005,0.6700000166893005,0.6700000166893005,0.6700000166893005,3000.0
2026-04-07 12:50:00,TAO.V,,0.0949999988079071,0.0949999988079071,0.0949999988079071,0.0949999988079071,100100.0
2026-04-07 12:50:00,WEX.V,,0.6700000166893005,0.6700000166893005,0.6700000166893005,0.6700000166893005,3000.0
2026-04-07 12:50:00,WGF.V,,0.16500000655651093,0.16500000655651093,0.16500000655651093,0.16500000655651093,16500.0
2026-04-07 12:50:00,ZDC.V,,4.889999866485596,4.889999866485596,4.889999866485596,4.889999866485596,600.0
2026-04-07 12:50:00,ZOMD.V,,0.8999999761581421,0.8999999761581421,0.8999999761581421,0.8999999761581421,1500.0
2026-04-07 12:51:00,UCU.V,,5.340000152587891,5.340000152587891,5.329999923706055,5.329999923706055,1600.0
2026-04-07 12:52:00,USCU.V,,0.17249999940395355,0.17249999940395355,0.17249999940395355,0.17249999940395355,4000.0
2026-04-07 12:53:00,TNR.V,,0.25999999046325684,0.25999999046325684,0.25999999046325684,0.25999999046325684,4500.0
2026-04-07 12:53:00,WED.V,,23.25,23.25,23.25,23.25,0.0
2026-04-07 12:54:00,ZDC.V,,4.880000114440918,4.889999866485596,4.880000114440918,4.889999866485596,2300.0
2026-04-07 12:55:00,AUMB.V,,0.8899999856948853,0.8949999809265137,0.8899999856948853,0.8949999809265137,7792.0
2026-04-07 12:55:00,NILI.V,,0.5899999737739563,0.5899999737739563,0.5899999737739563,0.5899999737739563,500.0
2026-04-07 12:55:00,THX.V,,1.4049999713897705,1.4049999713897705,1.4049999713897705,1.4049999713897705,100.0
2026-04-07 12:55:00,USCU.V,,0.17000000178813934,0.17000000178813934,0.17000000178813934,0.17000000178813934,79271.0
2026-04-07 12:55:00,VCU.V,,1.2100000381469727,1.2100000381469727,1.2100000381469727,1.2100000381469727,100.0
2026-04-07 12:55:00,ZEN.V,,0.7799999713897705,0.7799999713897705,0.7799999713897705,0.7799999713897705,500.0
2026-04-07 12:56:00,WGO.V,,1.5,1.5,1.5,1.5,800.0
2026-04-07 12:57:00,RARE.V,,5.710000038146973,5.710000038146973,5.710000038146973,5.710000038146973,500.0
2026-04-07 12:57:00,TOI.V,,96.97000122070312,96.97000122070312,96.97000122070312,96.97000122070312,100.0
2026-04-07 12:57:00,WGO.V,,1.5,1.5,1.5,1.5,1600.0
2026-04-07 12:57:00,WML.V,,0.07500000298023224,0.07500000298023224,0.07500000298023224,0.07500000298023224,14000.0
2026-04-07 12:58:00,TOI.V,,96.05999755859375,96.05999755859375,96.05999755859375,96.05999755859375,113.0
2026-04-07 12:58:00,ZDC.V,,4.889999866485596,4.889999866485596,4.880000114440918,4.880000114440918,2600.0
2026-04-07 12:59:00,THX.V,,1.4049999713897705,1.4049999713897705,1.4049999713897705,1.4049999713897705,100.0
2026-04-07 12:59:00,ZOMD.V,,0.8999999761581421,0.8999999761581421,0.8999999761581421,0.8999999761581421,3000.0
2026-04-07 13:00:00,ZDC.V,,4.880000114440918,4.880000114440918,4.880000114440918,4.880000114440918,1000.0
2026-04-07 13:01:00,WGO.V,,1.5,1.5,1.5,1.5,1500.0
2026-04-07 13:01:00,ZDC.V,,4.880000114440918,4.880000114440918,4.880000114440918,4.880000114440918,100.0
2026-04-07 13:02:00,AUMB.V,,0.8899999856948853,0.8899999856948853,0.8899999856948853,0.8899999856948853,500.0
2026-04-07 13:02:00,THX.V,,1.4049999713897705,1.4049999713897705,1.4049999713897705,1.4049999713897705,100.0
2026-04-07 13:04:00,TUD.V,,0.949999988079071,0.949999988079071,0.949999988079071,0.949999988079071,1700.0
2026-04-07 13:04:00,WCE.V,,0.14000000059604645,0.14000000059604645,0.14000000059604645,0.14000000059604645,2000.0
2026-04-07 13:04:00,ZDC.V,,4.880000114440918,4.880000114440918,4.880000114440918,4.880000114440918,310.0
2026-04-07 13:05:00,TLA.V,,0.5,0.5,0.5,0.5,0.0
2026-04-07 13:05:00,UCU.V,,5.360000133514404,5.360000133514404,5.360000133514404,5.360000133514404,100.0
2026-04-07 13:05:00,WHY.V,,0.33000001311302185,0.33000001311302185,0.33000001311302185,0.33000001311302185,3500.0
2026-04-07 13:06:00,AUMB.V,,0.8899999856948853,0.8899999856948853,0.8899999856948853,0.8899999856948853,12000.0
2026-04-07 13:06:00,THX.V,,1.409999966621399,1.409999966621399,1.4049999713897705,1.4049999713897705,600.0
2026-04-07 13:06:00,WRLG.V,,0.9599999785423279,0.9599999785423279,0.9599999785423279,0.9599999785423279,53000.0
2026-04-07 13:06:00,YEG.V,,0.17000000178813934,0.17000000178813934,0.17000000178813934,0.17000000178813934,1000.0
2026-04-07 13:06:00,ZDC.V,,4.880000114440918,4.880000114440918,4.880000114440918,4.880000114440918,900.0
2026-04-07 13:07:00,AUMB.V,,0.8999999761581421,0.8999999761581421,0.8999999761581421,0.8999999761581421,22300.0
2026-04-07 13:07:00,NILI.V,,0.6000000238418579,0.6000000238418579,0.6000000238418579,0.6000000238418579,500.0
2026-04-07 13:07:00,ONE.V,,0.3799999952316284,0.3799999952316284,0.3799999952316284,0.3799999952316284,1500.0
2026-04-07 13:07:00,THX.V,,1.409999966621399,1.409999966621399,1.409999966621399,1.409999966621399,100.0
2026-04-07 13:07:00,TLT.V,,0.25999999046325684,0.25999999046325684,0.25999999046325684,0.25999999046325684,500.0
2026-04-07 13:07:00,WAM.V,,0.8399999737739563,0.8399999737739563,0.8399999737739563,0.8399999737739563,1500.0
2026-04-07 13:07:00,WML.V,,0.07999999821186066,0.07999999821186066,0.07999999821186066,0.07999999821186066,44000.0
2026-04-07 13:07:00,WRLG.V,,0.9599999785423279,0.9599999785423279,0.9599999785423279,0.9599999785423279,2500.0
2026-04-07 13:08:00,THX.V,,1.409999966621399,1.409999966621399,1.409999966621399,1.409999966621399,100.0
2026-04-07 13:08:00,TUD.V,,0.9599999785423279,0.9599999785423279,0.9599999785423279,0.9599999785423279,1700.0
2026-04-07 13:09:00,TNR.V,,0.25999999046325684,0.25999999046325684,0.25999999046325684,0.25999999046325684,1000.0
2026-04-07 13:10:00,THX.V,,1.409999966621399,1.409999966621399,1.399999976158142,1.399999976158142,500.0
2026-04-07 13:10:00,ZDC.V,,4.880000114440918,4.880000114440918,4.880000114440918,4.880000114440918,1200.0
2026-04-07 13:10:00,ZEN.V,,0.7799999713897705,0.7799999713897705,0.7799999713897705,0.7799999713897705,500.0
2026-04-07 13:11:00,TRBE.V,,0.23999999463558197,0.23999999463558197,0.23999999463558197,0.23999999463558197,2000.0
2026-04-07 13:11:00,TUD.V,,0.9599999785423279,0.9599999785423279,0.9599999785423279,0.9599999785423279,100.0
2026-04-07 13:11:00,WAM.V,,0.8399999737739563,0.8399999737739563,0.8399999737739563,0.8399999737739563,1000.0
2026-04-07 13:11:00,WGO.V,,1.5,1.5,1.5,1.5,7300.0
2026-04-07 13:11:00,WRLG.V,,0.9549999833106995,0.9599999785423279,0.9549999833106995,0.9599999785423279,36400.0
2026-04-07 13:11:00,ZDC.V,,4.889999866485596,4.889999866485596,4.880000114440918,4.880000114440918,300.0
2026-04-07 13:12:00,VCI.V,,6.650000095367432,6.650000095367432,6.650000095367432,6.650000095367432,500.0
2026-04-07 13:12:00,WRLG.V,,0.9599999785423279,0.9599999785423279,0.9599999785423279,0.9599999785423279,10500.0
2026-04-07 13:13:00,TUD.V,,0.9599999785423279,0.9599999785423279,0.9599999785423279,0.9599999785423279,100.0
2026-04-07 13:13:00,WRLG.V,,0.9599999785423279,0.9599999785423279,0.9599999785423279,0.9599999785423279,15500.0
2026-04-07 13:14:00,THX.V,,1.409999966621399,1.409999966621399,1.409999966621399,1.409999966621399,100.0
2026-04-07 13:14:00,TIG.V,,0.550000011920929,0.550000011920929,0.550000011920929,0.550000011920929,4000.0
2026-04-07 13:14:00,WEX.V,,0.6700000166893005,0.6700000166893005,0.6700000166893005,0.6700000166893005,500.0
2026-04-07 13:15:00,NILI.V,,0.6000000238418579,0.6000000238418579,0.6000000238418579,0.6000000238418579,500.0
2026-04-07 13:15:00,WRLG.V,,0.9599999785423279,0.9599999785423279,0.9599999785423279,0.9599999785423279,13900.0
2026-04-07 13:15:00,ZDC.V,,4.869999885559082,4.869999885559082,4.869999885559082,4.869999885559082,200.0
2026-04-07 13:16:00,TUD.V,,0.9599999785423279,0.9599999785423279,0.9599999785423279,0.9599999785423279,100.0
2026-04-07 13:16:00,ZAC.V,,0.07999999821186066,0.07999999821186066,0.07999999821186066,0.07999999821186066,20000.0
2026-04-07 13:17:00,TRBE.V,,0.23999999463558197,0.23999999463558197,0.23999999463558197,0.23999999463558197,4000.0
2026-04-07 13:17:00,VCU.V,,1.2200000286102295,1.2200000286102295,1.2200000286102295,1.2200000286102295,6960.0
2026-04-07 13:18:00,THX.V,,1.409999966621399,1.409999966621399,1.409999966621399,1.409999966621399,100.0
2026-04-07 13:18:00,VML.V,,0.5600000023841858,0.5600000023841858,0.5600000023841858,0.5600000023841858,20000.0
2026-04-07 13:18:00,WGO.V,,1.5,1.5,1.5,1.5,4900.0
2026-04-07 13:19:00,TLT.V,,0.2549999952316284,0.2549999952316284,0.2549999952316284,0.2549999952316284,7500.0
2026-04-07 13:19:00,TTG.V,,0.12999999523162842,0.12999999523162842,0.12999999523162842,0.12999999523162842,1500.0
2026-04-07 13:19:00,TUD.V,,0.9599999785423279,0.9599999785423279,0.9599999785423279,0.9599999785423279,100.0
2026-04-07 13:19:00,UGD.V,,0.42500001192092896,0.42500001192092896,0.42500001192092896,0.42500001192092896,500.0
2026-04-07 13:19:00,ZDC.V,,4.869999885559082,4.869999885559082,4.840000152587891,4.849999904632568,1600.0
2026-04-07 13:20:00,WRLG.V,,0.9549999833106995,0.9599999785423279,0.9549999833106995,0.9549999833106995,4000.0
2026-04-07 13:20:00,ZOMD.V,,0.8999999761581421,0.8999999761581421,0.8999999761581421,0.8999999761581421,1500.0
2026-04-07 13:21:00,THX.V,,1.4049999713897705,1.4049999713897705,1.4049999713897705,1.4049999713897705,100.0
2026-04-07 13:21:00,UCU.V,,5.309999942779541,5.309999942779541,5.309999942779541,5.309999942779541,100.0
2026-04-07 13:21:00,UGD.V,,0.42500001192092896,0.42500001192092896,0.42500001192092896,0.42500001192092896,3000.0
2026-04-07 13:21:00,WGO.V,,1.5,1.5,1.5,1.5,800.0
2026-04-07 13:21:00,ZDC.V,,4.860000133514404,4.860000133514404,4.860000133514404,4.860000133514404,103.0
2026-04-07 13:22:00,SURG.V,,0.5400000214576721,0.5400000214576721,0.5400000214576721,0.5400000214576721,47500.0
2026-04-07 13:22:00,TUD.V,,0.9599999785423279,0.9599999785423279,0.9599999785423279,0.9599999785423279,100.0
2026-04-07 13:23:00,UGD.V,,0.4300000071525574,0.4300000071525574,0.4300000071525574,0.4300000071525574,15000.0
2026-04-07 13:23:00,WGO.V,,1.5,1.5,1.5,1.5,2600.0
2026-04-07 13:24:00,NILI.V,,0.6000000238418579,0.6000000238418579,0.6000000238418579,0.6000000238418579,500.0
2026-04-07 13:25:00,THX.V,,1.4049999713897705,1.4049999713897705,1.4049999713897705,1.4049999713897705,100.0
2026-04-07 13:25:00,TOI.V,,96.30000305175781,96.30999755859375,96.30000305175781,96.30999755859375,832.0
2026-04-07 13:25:00,TUD.V,,0.9599999785423279,0.9599999785423279,0.9599999785423279,0.9599999785423279,100.0
2026-04-07 13:25:00,ZDC.V,,4.840000152587891,4.840000152587891,4.840000152587891,4.840000152587891,300.0
2026-04-07 13:25:00,ZEN.V,,0.7799999713897705,0.7799999713897705,0.7799999713897705,0.7799999713897705,500.0
2026-04-07 13:26:00,VCU.V,,1.2200000286102295,1.2200000286102295,1.2200000286102295,1.2200000286102295,100.0
2026-04-07 13:26:00,WEB.V,,1.6200000047683716,1.6200000047683716,1.6200000047683716,1.6200000047683716,123.0
2026-04-07 13:27:00,UCU.V,,5.309999942779541,5.309999942779541,5.309999942779541,5.309999942779541,100.0
2026-04-07 13:27:00,WEX.V,,0.6800000071525574,0.6800000071525574,0.6800000071525574,0.6800000071525574,500.0
2026-04-07 13:27:00,WGO.V,,1.5099999904632568,1.5099999904632568,1.5099999904632568,1.5099999904632568,600.0
2026-04-07 13:27:00,WRLG.V,,0.9549999833106995,0.9549999833106995,0.9549999833106995,0.9549999833106995,500.0
2026-04-07 13:27:00,ZDC.V,,4.849999904632568,4.849999904632568,4.849999904632568,4.849999904632568,300.0
2026-04-07 13:28:00,TUD.V,,0.9599999785423279,0.9599999785423279,0.9599999785423279,0.9599999785423279,100.0
2026-04-07 13:28:00,WAM.V,,0.8399999737739563,0.8399999737739563,0.8399999737739563,0.8399999737739563,1000.0
2026-04-07 13:28:00,WRLG.V,,0.949999988079071,0.949999988079071,0.949999988079071,0.949999988079071,6500.0
2026-04-07 13:29:00,SURG.V,,0.5400000214576721,0.5400000214576721,0.5400000214576721,0.5400000214576721,1000.0
2026-04-07 13:29:00,WML.V,,0.07999999821186066,0.07999999821186066,0.07999999821186066,0.07999999821186066,5000.0
2026-04-07 13:29:00,ZDC.V,,4.849999904632568,4.849999904632568,4.849999904632568,4.849999904632568,100.0
2026-04-07 13:30:00,TUD.V,,0.9599999785423279,0.9599999785423279,0.9599999785423279,0.9599999785423279,170.0
2026-04-07 13:30:00,VCU.V,,1.2200000286102295,1.2200000286102295,1.2200000286102295,1.2200000286102295,12200.0
2026-04-07 13:30:00,WAM.V,,0.8199999928474426,0.8299999833106995,0.8199999928474426,0.8299999833106995,7500.0
2026-04-07 13:30:00,ZDC.V,,4.849999904632568,4.849999904632568,4.849999904632568,4.849999904632568,100.0
2026-04-07 13:31:00,THX.V,,1.4049999713897705,1.4049999713897705,1.4049999713897705,1.4049999713897705,100.0
2026-04-07 13:31:00,VML.V,,0.5699999928474426,0.5699999928474426,0.5699999928474426,0.5699999928474426,2000.0
2026-04-07 13:31:00,ZDC.V,,4.849999904632568,4.849999904632568,4.849999904632568,4.849999904632568,200.0
2026-04-07 13:32:00,THX.V,,1.4049999713897705,1.4049999713897705,1.4049999713897705,1.4049999713897705,200.0
2026-04-07 13:32:00,TRBE.V,,0.25,0.25,0.25,0.25,700.0
2026-04-07 13:32:00,UCU.V,,5.329999923706055,5.329999923706055,5.329999923706055,5.329999923706055,300.0
2026-04-07 13:32:00,USS.V,,0.6899999976158142,0.6899999976158142,0.6899999976158142,0.6899999976158142,14000.0
2026-04-07 13:32:00,VCU.V,,1.2200000286102295,1.2200000286102295,1.2200000286102295,1.2200000286102295,2200.0
2026-04-07 13:33:00,NILI.V,,0.6000000238418579,0.6000000238418579,0.6000000238418579,0.6000000238418579,800.0
2026-04-07 13:33:00,TUD.V,,0.9599999785423279,0.9599999785423279,0.9599999785423279,0.9599999785423279,100.0
2026-04-07 13:33:00,VCU.V,,1.2200000286102295,1.2200000286102295,1.2200000286102295,1.2200000286102295,169.0
2026-04-07 13:33:00,ZDC.V,,4.849999904632568,4.860000133514404,4.849999904632568,4.849999904632568,1000.0
2026-04-07 13:34:00,THX.V,,1.409999966621399,1.409999966621399,1.409999966621399,1.409999966621399,6615.0
2026-04-07 13:34:00,TUD.V,,0.9599999785423279,0.9599999785423279,0.9599999785423279,0.9599999785423279,4400.0
2026-04-07 13:34:00,UCU.V,,5.349999904632568,5.349999904632568,5.349999904632568,5.349999904632568,600.0
2026-04-07 13:34:00,WGO.V,,1.5,1.5,1.5,1.5,200.0
2026-04-07 13:34:00,ZEN.V,,0.7799999713897705,0.7799999713897705,0.7799999713897705,0.7799999713897705,6000.0
2026-04-07 13:35:00,THX.V,,1.409999966621399,1.409999966621399,1.409999966621399,1.409999966621399,1000.0
2026-04-07 13:35:00,TRBE.V,,0.23999999463558197,0.23999999463558197,0.23999999463558197,0.23999999463558197,3000.0
2026-04-07 13:35:00,WRLG.V,,0.9599999785423279,0.9599999785423279,0.9599999785423279,0.9599999785423279,44500.0
2026-04-07 13:36:00,AUMB.V,,0.8999999761581421,0.8999999761581421,0.8999999761581421,0.8999999761581421,63000.0
2026-04-07 13:36:00,SURG.V,,0.550000011920929,0.550000011920929,0.5400000214576721,0.5400000214576721,126600.0
2026-04-07 13:36:00,TECT.V,,2.25,2.25,2.25,2.25,1500.0
2026-04-07 13:36:00,THX.V,,1.4199999570846558,1.4199999570846558,1.409999966621399,1.409999966621399,37214.0
2026-04-07 13:36:00,TUD.V,,0.9700000286102295,0.9700000286102295,0.9700000286102295,0.9700000286102295,100.0
2026-04-07 13:36:00,UCU.V,,5.369999885559082,5.369999885559082,5.369999885559082,5.369999885559082,300.0
2026-04-07 13:36:00,VCU.V,,1.2300000190734863,1.2300000190734863,1.2300000190734863,1.2300000190734863,1000.0
2026-04-07 13:36:00,ZDC.V,,4.860000133514404,4.869999885559082,4.860000133514404,4.869999885559082,1300.0
2026-04-07 13:37:00,AUMB.V,,0.8999999761581421,0.8999999761581421,0.8999999761581421,0.8999999761581421,11000.0
2026-04-07 13:37:00,UCU.V,,5.369999885559082,5.369999885559082,5.369999885559082,5.369999885559082,2800.0
2026-04-07 13:37:00,WCE.V,,0.14000000059604645,0.14000000059604645,0.14000000059604645,0.14000000059604645,53500.0
2026-04-07 13:37:00,WGF.V,,0.20000000298023224,0.20000000298023224,0.1899999976158142,0.1899999976158142,3844.0
2026-04-07 13:38:00,THX.V,,1.4199999570846558,1.4199999570846558,1.4199999570846558,1.4199999570846558,300.0
2026-04-07 13:38:00,VCU.V,,1.2300000190734863,1.2300000190734863,1.2300000190734863,1.2300000190734863,400.0
2026-04-07 13:38:00,ZDC.V,,4.880000114440918,4.880000114440918,4.880000114440918,4.880000114440918,600.0
2026-04-07 13:38:00,ZEN.V,,0.7900000214576721,0.7900000214576721,0.7900000214576721,0.7900000214576721,500.0
2026-04-07 13:39:00,AUMB.V,,0.8999999761581421,0.8999999761581421,0.8999999761581421,0.8999999761581421,6000.0
2026-04-07 13:39:00,TUD.V,,0.9700000286102295,0.9700000286102295,0.9700000286102295,0.9700000286102295,100.0
2026-04-07 13:39:00,VCU.V,,1.2400000095367432,1.2400000095367432,1.2400000095367432,1.2400000095367432,4400.0
2026-04-07 13:39:00,WEX.V,,0.6800000071525574,0.6800000071525574,0.6800000071525574,0.6800000071525574,1500.0
2026-04-07 13:39:00,WRLG.V,,0.9599999785423279,0.9599999785423279,0.9599999785423279,0.9599999785423279,2500.0
2026-04-07 13:40:00,AUMB.V,,0.8999999761581421,0.8999999761581421,0.8999999761581421,0.8999999761581421,3600.0
2026-04-07 13:40:00,WRLG.V,,0.9599999785423279,0.9599999785423279,0.9599999785423279,0.9599999785423279,2140.0
2026-04-07 13:40:00,ZDC.V,,4.860000133514404,4.869999885559082,4.860000133514404,4.869999885559082,300.0
2026-04-07 13:42:00,SURG.V,,0.550000011920929,0.5600000023841858,0.550000011920929,0.550000011920929,87000.0
2026-04-07 13:42:00,TUD.V,,0.9700000286102295,0.9700000286102295,0.9700000286102295,0.9700000286102295,100.0
2026-04-07 13:42:00,ZDC.V,,4.889999866485596,4.889999866485596,4.869999885559082,4.869999885559082,1000.0
2026-04-07 13:43:00,TNO-H.V,,0.07000000029802322,0.07000000029802322,0.07000000029802322,0.07000000029802322,0.0
2026-04-07 13:43:00,WAM.V,,0.8100000023841858,0.8199999928474426,0.800000011920929,0.8100000023841858,16000.0
2026-04-07 13:44:00,SURG.V,,0.5600000023841858,0.5600000023841858,0.550000011920929,0.550000011920929,40000.0
2026-04-07 13:44:00,ZEN.V,,0.7799999713897705,0.7850000262260437,0.7799999713897705,0.7850000262260437,1500.0
2026-04-07 13:45:00,SURG.V,,0.550000011920929,0.550000011920929,0.550000011920929,0.550000011920929,23500.0
2026-04-07 13:45:00,THX.V,,1.4199999570846558,1.4199999570846558,1.4199999570846558,1.4199999570846558,100.0
2026-04-07 13:45:00,TLT.V,,0.2549999952316284,0.2549999952316284,0.2549999952316284,0.2549999952316284,10000.0
2026-04-07 13:45:00,TNO-H.V,,0.06499999761581421,0.06499999761581421,0.06499999761581421,0.06499999761581421,20000.0
2026-04-07 13:45:00,TUD.V,,0.9700000286102295,0.9700000286102295,0.9700000286102295,0.9700000286102295,100.0
2026-04-07 13:46:00,THX.V,,1.4199999570846558,1.4199999570846558,1.4199999570846558,1.4199999570846558,900.0
2026-04-07 13:47:00,SURG.V,,0.5400000214576721,0.5400000214576721,0.5400000214576721,0.5400000214576721,34500.0
2026-04-07 13:47:00,THX.V,,1.4199999570846558,1.4199999570846558,1.4199999570846558,1.4199999570846558,100.0
2026-04-07 13:47:00,VQS.V,,0.09000000357627869,0.10000000149011612,0.09000000357627869,0.10000000149011612,63000.0
2026-04-07 13:47:00,WEB.V,,1.6299999952316284,1.6299999952316284,1.6200000047683716,1.6200000047683716,920.0
2026-04-07 13:48:00,THX.V,,1.4149999618530273,1.4149999618530273,1.4149999618530273,1.4149999618530273,200.0
2026-04-07 13:48:00,TUD.V,,0.9700000286102295,0.9700000286102295,0.9700000286102295,0.9700000286102295,100.0
2026-04-07 13:49:00,THX.V,,1.4199999570846558,1.4199999570846558,1.4199999570846558,1.4199999570846558,100.0
2026-04-07 13:49:00,WRR.V,,0.28999999165534973,0.3050000071525574,0.28999999165534973,0.3050000071525574,25000.0
2026-04-07 13:49:00,ZDC.V,,4.909999847412109,4.909999847412109,4.900000095367432,4.900000095367432,5800.0
2026-04-07 13:50:00,SURG.V,,0.5299999713897705,0.5299999713897705,0.5299999713897705,0.5299999713897705,14500.0
2026-04-07 13:50:00,THX.V,,1.4199999570846558,1.4199999570846558,1.4199999570846558,1.4199999570846558,700.0
2026-04-07 13:50:00,VPT.V,,0.11500000208616257,0.11500000208616257,0.11500000208616257,0.11500000208616257,32500.0
2026-04-07 13:50:00,WCE.V,,0.14000000059604645,0.14000000059604645,0.14000000059604645,0.14000000059604645,10000.0
2026-04-07 13:51:00,TUD.V,,0.9700000286102295,0.9700000286102295,0.9700000286102295,0.9700000286102295,100.0
2026-04-07 13:52:00,WCE.V,,0.14000000059604645,0.14000000059604645,0.14000000059604645,0.14000000059604645,1000.0
2026-04-07 13:52:00,WRLG.V,,0.9649999737739563,0.9649999737739563,0.9649999737739563,0.9649999737739563,11000.0
2026-04-07 13:53:00,AUMB.V,,0.8999999761581421,0.8999999761581421,0.8949999809265137,0.8999999761581421,17500.0
2026-04-07 13:53:00,TUD.V,,0.9700000286102295,0.9700000286102295,0.9700000286102295,0.9700000286102295,100.0
2026-04-07 13:53:00,WCE.V,,0.14000000059604645,0.14000000059604645,0.14000000059604645,0.14000000059604645,8000.0
2026-04-07 13:54:00,ONE.V,,0.3799999952316284,0.3799999952316284,0.3799999952316284,0.3799999952316284,1690.0
2026-04-07 13:55:00,WCE.V,,0.14000000059604645,0.14000000059604645,0.14000000059604645,0.14000000059604645,27500.0
2026-04-07 13:55:00,WGO.V,,1.5,1.5,1.5,1.5,1000.0
2026-04-07 13:56:00,TUD.V,,0.9700000286102295,0.9700000286102295,0.9700000286102295,0.9700000286102295,100.0
2026-04-07 13:56:00,UCU.V,,5.349999904632568,5.349999904632568,5.349999904632568,5.349999904632568,900.0
2026-04-07 13:56:00,VPT.V,,0.11500000208616257,0.11500000208616257,0.11500000208616257,0.11500000208616257,84555.0
2026-04-07 13:56:00,WCE.V,,0.14000000059604645,0.14000000059604645,0.14000000059604645,0.14000000059604645,11000.0
2026-04-07 13:57:00,THX.V,,1.4199999570846558,1.4199999570846558,1.4199999570846558,1.4199999570846558,100.0
2026-04-07 13:57:00,VPT.V,,0.10999999940395355,0.10999999940395355,0.10999999940395355,0.10999999940395355,87000.0
2026-04-07 13:57:00,ZDC.V,,4.889999866485596,4.889999866485596,4.889999866485596,4.889999866485596,100.0
2026-04-07 13:58:00,THX.V,,1.4149999618530273,1.4149999618530273,1.4149999618530273,1.4149999618530273,100.0
2026-04-07 13:58:00,WCE.V,,0.14000000059604645,0.14000000059604645,0.14000000059604645,0.14000000059604645,7000.0
2026-04-07 13:58:00,ZDC.V,,4.929999828338623,4.929999828338623,4.920000076293945,4.920000076293945,900.0
2026-04-07 13:59:00,AUMB.V,,0.8999999761581421,0.8999999761581421,0.8999999761581421,0.8999999761581421,0.0
2026-04-07 13:59:00,TOI.V,,95.88999938964844,96.01000213623047,95.88999938964844,96.01000213623047,700.0
2026-04-07 13:59:00,TUD.V,,0.9700000286102295,0.9700000286102295,0.9700000286102295,0.9700000286102295,100.0
2026-04-07 14:00:00,AUMB.V,,0.8999999761581421,0.8999999761581421,0.8999999761581421,0.8999999761581421,971985.0
2026-04-07 14:00:00,MUSH.V,,0.14000000059604645,0.14000000059604645,0.14000000059604645,0.14000000059604645,0.0
2026-04-07 14:00:00,THX.V,,1.4149999618530273,1.4149999618530273,1.4149999618530273,1.4149999618530273,100.0
2026-04-07 14:00:00,USS.V,,0.6899999976158142,0.6899999976158142,0.6899999976158142,0.6899999976158142,50000.0
2026-04-07 14:01:00,MUSH.V,,0.14000000059604645,0.14000000059604645,0.14000000059604645,0.14000000059604645,2500.0
2026-04-07 14:01:00,VCU.V,,1.2300000190734863,1.2300000190734863,1.2300000190734863,1.2300000190734863,8400.0
2026-04-07 14:02:00,SURG.V,,0.5299999713897705,0.5299999713897705,0.5299999713897705,0.5299999713897705,1500.0
2026-04-07 14:02:00,TUD.V,,0.9700000286102295,0.9700000286102295,0.9700000286102295,0.9700000286102295,100.0
2026-04-07 14:02:00,WHN.V,,0.25,0.25,0.25,0.25,16800.0
2026-04-07 14:02:00,WRLG.V,,0.9599999785423279,0.9599999785423279,0.9599999785423279,0.9599999785423279,11000.0
2026-04-07 14:02:00,ZOMD.V,,0.8899999856948853,0.8899999856948853,0.8899999856948853,0.8899999856948853,11200.0
2026-04-07 14:03:00,THX.V,,1.4149999618530273,1.4149999618530273,1.4149999618530273,1.4149999618530273,100.0
2026-04-07 14:03:00,TIG.V,,0.5600000023841858,0.5600000023841858,0.5600000023841858,0.5600000023841858,1000.0
2026-04-07 14:03:00,TSD.V,,0.18000000715255737,0.18000000715255737,0.18000000715255737,0.18000000715255737,500.0
2026-04-07 14:03:00,UCU.V,,5.369999885559082,5.369999885559082,5.369999885559082,5.369999885559082,500.0
2026-04-07 14:04:00,THX.V,,1.4199999570846558,1.4199999570846558,1.4149999618530273,1.4149999618530273,300.0
2026-04-07 14:04:00,TLT.V,,0.2549999952316284,0.2549999952316284,0.2549999952316284,0.2549999952316284,4000.0
2026-04-07 14:04:00,TUD.V,,0.9599999785423279,0.9599999785423279,0.9549999833106995,0.9599999785423279,13025.0
2026-04-07 14:04:00,WAM.V,,0.800000011920929,0.8199999928474426,0.800000011920929,0.8149999976158142,59688.0
2026-04-07 14:04:00,WGO.V,,1.5099999904632568,1.5099999904632568,1.5099999904632568,1.5099999904632568,600.0
2026-04-07 14:04:00,ZDC.V,,4.940000057220459,4.940000057220459,4.940000057220459,4.940000057220459,400.0
2026-04-07 14:05:00,THX.V,,1.4199999570846558,1.4199999570846558,1.4199999570846558,1.4199999570846558,100.0
2026-04-07 14:05:00,TMET.V,,0.09000000357627869,0.09000000357627869,0.09000000357627869,0.09000000357627869,12000.0
2026-04-07 14:05:00,WAM.V,,0.7900000214576721,0.7900000214576721,0.7799999713897705,0.7900000214576721,16500.0
2026-04-07 14:05:00,ZDC.V,,4.949999809265137,4.949999809265137,4.940000057220459,4.940000057220459,10100.0
2026-04-07 14:06:00,TSD.V,,0.1599999964237213,0.17000000178813934,0.1599999964237213,0.17000000178813934,32500.0
2026-04-07 14:06:00,UCU.V,,5.369999885559082,5.369999885559082,5.369999885559082,5.369999885559082,7500.0
2026-04-07 14:06:00,WAM.V,,0.800000011920929,0.800000011920929,0.7900000214576721,0.7900000214576721,43000.0
2026-04-07 14:06:00,ZDC.V,,4.949999809265137,4.949999809265137,4.949999809265137,4.949999809265137,6200.0
2026-04-07 14:07:00,WAM.V,,0.800000011920929,0.800000011920929,0.800000011920929,0.800000011920929,112000.0
2026-04-07 14:08:00,THX.V,,1.4149999618530273,1.4149999618530273,1.4149999618530273,1.4149999618530273,100.0
2026-04-07 14:08:00,TLT.V,,0.2549999952316284,0.2549999952316284,0.2549999952316284,0.2549999952316284,15000.0
2026-04-07 14:09:00,AUMB.V,,0.8999999761581421,0.8999999761581421,0.8999999761581421,0.8999999761581421,2400.0
2026-04-07 14:09:00,WAM.V,,0.8100000023841858,0.8100000023841858,0.8100000023841858,0.8100000023841858,1000.0
2026-04-07 14:09:00,WRLG.V,,0.9599999785423279,0.9599999785423279,0.9599999785423279,0.9599999785423279,1500.0
2026-04-07 14:09:00,ZDC.V,,4.949999809265137,4.949999809265137,4.949999809265137,4.949999809265137,14900.0
2026-04-07 14:10:00,TIG.V,,0.5600000023841858,0.5600000023841858,0.5600000023841858,0.5600000023841858,1000.0
2026-04-07 14:10:00,TMG.V,,0.14499999582767487,0.14499999582767487,0.14499999582767487,0.14499999582767487,5000.0
2026-04-07 14:10:00,WRLG.V,,0.9599999785423279,0.9599999785423279,0.9599999785423279,0.9599999785423279,27931.0
2026-04-07 14:10:00,ZEN.V,,0.7599999904632568,0.7699999809265137,0.7599999904632568,0.7699999809265137,16000.0
2026-04-07 14:11:00,THX.V,,1.4149999618530273,1.4149999618530273,1.4149999618530273,1.4149999618530273,100.0
2026-04-07 14:11:00,TLT.V,,0.2549999952316284,0.2549999952316284,0.2549999952316284,0.2549999952316284,1500.0
2026-04-07 14:11:00,TUD.V,,0.9599999785423279,0.9599999785423279,0.9599999785423279,0.9599999785423279,6200.0
2026-04-07 14:11:00,UCU.V,,5.369999885559082,5.369999885559082,5.360000133514404,5.360000133514404,5100.0
2026-04-07 14:11:00,WRLG.V,,0.9599999785423279,0.9599999785423279,0.9599999785423279,0.9599999785423279,35400.0
2026-04-07 14:12:00,TUD.V,,0.9599999785423279,0.9599999785423279,0.9599999785423279,0.9599999785423279,1400.0
2026-04-07 14:12:00,UCU.V,,5.369999885559082,5.369999885559082,5.369999885559082,5.369999885559082,800.0
2026-04-07 14:13:00,AUMB.V,,0.8949999809265137,0.8949999809265137,0.8949999809265137,0.8949999809265137,500.0
2026-04-07 14:13:00,ZEN.V,,0.7699999809265137,0.7699999809265137,0.7699999809265137,0.7699999809265137,1410.0
2026-04-07 14:14:00,ZDC.V,,4.929999828338623,4.929999828338623,4.929999828338623,4.929999828338623,200.0
2026-04-07 14:14:00,ZEN.V,,0.7699999809265137,0.7699999809265137,0.7699999809265137,0.7699999809265137,1900.0
2026-04-07 14:15:00,SURG.V,,0.5299999713897705,0.5299999713897705,0.5299999713897705,0.5299999713897705,3000.0
2026-04-07 14:15:00,THX.V,,1.4199999570846558,1.4199999570846558,1.4199999570846558,1.4199999570846558,100.0
2026-04-07 14:15:00,TUD.V,,0.9599999785423279,0.9599999785423279,0.9599999785423279,0.9599999785423279,1600.0
2026-04-07 14:15:00,WAM.V,,0.7900000214576721,0.8100000023841858,0.7900000214576721,0.8100000023841858,11000.0
2026-04-07 14:15:00,WRLG.V,,0.9599999785423279,0.9599999785423279,0.9599999785423279,0.9599999785423279,500.0
2026-04-07 14:16:00,TOI.V,,95.5,95.5999984741211,95.5,95.5999984741211,703.0
2026-04-07 14:16:00,TUD.V,,0.9649999737739563,0.9649999737739563,0.9649999737739563,0.9649999737739563,100.0
2026-04-07 14:16:00,UCU.V,,5.400000095367432,5.400000095367432,5.389999866485596,5.389999866485596,1100.0
2026-04-07 14:17:00,SURG.V,,0.5299999713897705,0.5299999713897705,0.5299999713897705,0.5299999713897705,70500.0
2026-04-07 14:17:00,TUD.V,,0.9599999785423279,0.9599999785423279,0.9549999833106995,0.9599999785423279,6300.0
2026-04-07 14:17:00,UCU.V,,5.420000076293945,5.429999828338623,5.420000076293945,5.429999828338623,1550.0
2026-04-07 14:17:00,UGD.V,,0.42500001192092896,0.42500001192092896,0.42500001192092896,0.42500001192092896,7000.0
2026-04-07 14:17:00,VML.V,,0.5600000023841858,0.5600000023841858,0.5600000023841858,0.5600000023841858,1000.0
2026-04-07 14:17:00,WEX.V,,0.6800000071525574,0.6800000071525574,0.6800000071525574,0.6800000071525574,3000.0
2026-04-07 14:18:00,TOI.V,,95.01000213623047,95.01000213623047,95.01000213623047,95.01000213623047,100.0
2026-04-07 14:18:00,TUD.V,,0.9700000286102295,0.9700000286102295,0.9649999737739563,0.9649999737739563,27300.0
2026-04-07 14:19:00,FNR.V,,0.029999999329447746,0.03500000014901161,0.029999999329447746,0.03500000014901161,36000.0
2026-04-07 14:19:00,TOI.V,,95.0,95.20999908447266,95.0,95.01000213623047,2623.0
2026-04-07 14:19:00,TSD.V,,0.17000000178813934,0.17000000178813934,0.17000000178813934,0.17000000178813934,2100.0
2026-04-07 14:19:00,ZC.V,,0.6000000238418579,0.6000000238418579,0.6000000238418579,0.6000000238418579,7500.0
2026-04-07 14:20:00,THX.V,,1.4149999618530273,1.4149999618530273,1.4149999618530273,1.4149999618530273,376.0
2026-04-07 14:20:00,ZDC.V,,4.909999847412109,4.909999847412109,4.909999847412109,4.909999847412109,200.0
2026-04-07 14:21:00,TECT.V,,2.240000009536743,2.25,2.240000009536743,2.25,900.0
2026-04-07 14:21:00,ZDC.V,,4.920000076293945,4.920000076293945,4.920000076293945,4.920000076293945,100.0
2026-04-07 14:22:00,AUMB.V,,0.8949999809265137,0.8949999809265137,0.8949999809265137,0.8949999809265137,987.0
2026-04-07 14:22:00,THX.V,,1.409999966621399,1.409999966621399,1.409999966621399,1.409999966621399,432.0
2026-04-07 14:22:00,WRLG.V,,0.9599999785423279,0.9599999785423279,0.9599999785423279,0.9599999785423279,2500.0
2026-04-07 14:22:00,YEG.V,,0.17499999701976776,0.17499999701976776,0.17499999701976776,0.17499999701976776,1000.0
2026-04-07 14:23:00,WRLG.V,,0.9599999785423279,0.9599999785423279,0.9599999785423279,0.9599999785423279,16500.0
2026-04-07 14:24:00,THX.V,,1.4149999618530273,1.4149999618530273,1.4149999618530273,1.4149999618530273,100.0
2026-04-07 14:24:00,TIG.V,,0.5600000023841858,0.5600000023841858,0.5600000023841858,0.5600000023841858,2500.0
2026-04-07 14:24:00,VCU.V,,1.25,1.25,1.2400000095367432,1.2400000095367432,20694.0
2026-04-07 14:24:00,WRLG.V,,0.9599999785423279,0.9599999785423279,0.9599999785423279,0.9599999785423279,2500.0
2026-04-07 14:25:00,TLT.V,,0.2549999952316284,0.2549999952316284,0.2549999952316284,0.2549999952316284,2000.0
2026-04-07 14:25:00,VQS.V,,0.08500000089406967,0.08500000089406967,0.08500000089406967,0.08500000089406967,1000.0
2026-04-07 14:25:00,WRLG.V,,0.9549999833106995,0.9599999785423279,0.949999988079071,0.9599999785423279,19800.0
2026-04-07 14:26:00,USCU.V,,0.16500000655651093,0.16500000655651093,0.16500000655651093,0.16500000655651093,1300.0
2026-04-07 14:26:00,WRLG.V,,0.9549999833106995,0.9549999833106995,0.9549999833106995,0.9549999833106995,3000.0
2026-04-07 14:26:00,ZDC.V,,4.949999809265137,4.949999809265137,4.949999809265137,4.949999809265137,5074.0
2026-04-07 14:27:00,AUMB.V,,0.8999999761581421,0.8999999761581421,0.8999999761581421,0.8999999761581421,4100.0
2026-04-07 14:27:00,VRB.V,,0.10499999672174454,0.10499999672174454,0.10499999672174454,0.10499999672174454,8000.0
2026-04-07 14:27:00,WRLG.V,,0.9549999833106995,0.9549999833106995,0.9549999833106995,0.9549999833106995,4500.0
2026-04-07 14:27:00,ZDC.V,,4.949999809265137,4.949999809265137,4.949999809265137,4.949999809265137,100.0
2026-04-07 14:28:00,THX.V,,1.4149999618530273,1.4149999618530273,1.4149999618530273,1.4149999618530273,120.0
2026-04-07 14:28:00,TLT.V,,0.2549999952316284,0.2549999952316284,0.2549999952316284,0.2549999952316284,3000.0
2026-04-07 14:28:00,USS.V,,0.6899999976158142,0.6899999976158142,0.6899999976158142,0.6899999976158142,50000.0
2026-04-07 14:28:00,WRLG.V,,0.9549999833106995,0.9549999833106995,0.9549999833106995,0.9549999833106995,2500.0
2026-04-07 14:28:00,ZDC.V,,4.960000038146973,4.960000038146973,4.960000038146973,4.960000038146973,100.0
2026-04-07 14:29:00,SURG.V,,0.5299999713897705,0.5299999713897705,0.5299999713897705,0.5299999713897705,4500.0
2026-04-07 14:29:00,TLT.V,,0.2549999952316284,0.2549999952316284,0.2549999952316284,0.2549999952316284,3000.0
2026-04-07 14:29:00,TNR.V,,0.2549999952316284,0.2549999952316284,0.2549999952316284,0.2549999952316284,5000.0
2026-04-07 14:30:00,NILI.V,,0.6000000238418579,0.6000000238418579,0.6000000238418579,0.6000000238418579,25000.0
2026-04-07 14:30:00,SURG.V,,0.5299999713897705,0.5299999713897705,0.5299999713897705,0.5299999713897705,1000.0
2026-04-07 14:30:00,THX.V,,1.409999966621399,1.409999966621399,1.409999966621399,1.409999966621399,1200.0
2026-04-07 14:30:00,TRO.V,,0.16500000655651093,0.16500000655651093,0.16500000655651093,0.16500000655651093,1000.0
2026-04-07 14:30:00,WRLG.V,,0.9549999833106995,0.9549999833106995,0.9549999833106995,0.9549999833106995,3500.0
2026-04-07 14:31:00,NILI.V,,0.6000000238418579,0.6000000238418579,0.6000000238418579,0.6000000238418579,2000.0
2026-04-07 14:31:00,WRLG.V,,0.9549999833106995,0.9549999833106995,0.9549999833106995,0.9549999833106995,3000.0
2026-04-07 14:32:00,NILI.V,,0.6000000238418579,0.6000000238418579,0.6000000238418579,0.6000000238418579,11111.0
2026-04-07 14:32:00,TOI.V,,93.5,93.5,93.5,93.5,171.0
2026-04-07 14:32:00,VCU.V,,1.2599999904632568,1.2699999809265137,1.2599999904632568,1.2599999904632568,10040.0
2026-04-07 14:32:00,VPT.V,,0.10999999940395355,0.10999999940395355,0.10999999940395355,0.10999999940395355,6000.0
2026-04-07 14:32:00,WRLG.V,,0.9549999833106995,0.9549999833106995,0.9549999833106995,0.9549999833106995,4000.0
2026-04-07 14:33:00,VPT.V,,0.10499999672174454,0.10499999672174454,0.10499999672174454,0.10499999672174454,52000.0
2026-04-07 14:33:00,WRLG.V,,0.9549999833106995,0.9549999833106995,0.9549999833106995,0.9549999833106995,3500.0
2026-04-07 14:33:00,ZDC.V,,4.960000038146973,4.960000038146973,4.960000038146973,4.960000038146973,200.0
2026-04-07 14:34:00,AUMB.V,,0.8949999809265137,0.8949999809265137,0.8949999809265137,0.8949999809265137,2500.0
2026-04-07 14:34:00,NILI.V,,0.6100000143051147,0.6100000143051147,0.6100000143051147,0.6100000143051147,1000.0
2026-04-07 14:34:00,TDG.V,,0.5400000214576721,0.5400000214576721,0.5400000214576721,0.5400000214576721,11000.0
2026-04-07 14:34:00,TK.V,,0.39500001072883606,0.39500001072883606,0.39500001072883606,0.39500001072883606,9125.0
2026-04-07 14:34:00,TOI.V,,93.80000305175781,93.80000305175781,93.5,93.51000213623047,1201.0
2026-04-07 14:34:00,VPT.V,,0.10499999672174454,0.10499999672174454,0.10499999672174454,0.10499999672174454,22800.0
2026-04-07 14:34:00,WRLG.V,,0.9599999785423279,0.9599999785423279,0.9549999833106995,0.9549999833106995,34150.0
2026-04-07 14:35:00,NILI.V,,0.6100000143051147,0.6100000143051147,0.6100000143051147,0.6100000143051147,16000.0
2026-04-07 14:35:00,TLT.V,,0.2549999952316284,0.2549999952316284,0.2549999952316284,0.2549999952316284,4000.0
2026-04-07 14:35:00,UCU.V,,5.429999828338623,5.429999828338623,5.429999828338623,5.429999828338623,223.0
2026-04-07 14:35:00,VPT.V,,0.10499999672174454,0.10499999672174454,0.10499999672174454,0.10499999672174454,2000.0
2026-04-07 14:36:00,TECT.V,,2.2300000190734863,2.240000009536743,2.2300000190734863,2.2300000190734863,36900.0
2026-04-07 14:36:00,TUD.V,,0.9700000286102295,0.9700000286102295,0.9700000286102295,0.9700000286102295,100.0
2026-04-07 14:36:00,ZDC.V,,4.949999809265137,4.949999809265137,4.949999809265137,4.949999809265137,8600.0
2026-04-07 14:37:00,NILI.V,,0.6100000143051147,0.6100000143051147,0.6100000143051147,0.6100000143051147,6500.0
2026-04-07 14:37:00,TOI.V,,93.5199966430664,93.5199966430664,93.5199966430664,93.5199966430664,100.0
2026-04-07 14:37:00,USCU.V,,0.17000000178813934,0.17000000178813934,0.17000000178813934,0.17000000178813934,4000.0
2026-04-07 14:37:00,ZOMD.V,,0.8899999856948853,0.8899999856948853,0.8899999856948853,0.8899999856948853,1805.0
2026-04-07 14:38:00,NILI.V,,0.6100000143051147,0.6100000143051147,0.6100000143051147,0.6100000143051147,12500.0
2026-04-07 14:40:00,THX.V,,1.4149999618530273,1.4149999618530273,1.4149999618530273,1.4149999618530273,100.0
2026-04-07 14:40:00,TIG.V,,0.5600000023841858,0.5600000023841858,0.5600000023841858,0.5600000023841858,500.0
2026-04-07 14:40:00,TOI.V,,93.68000030517578,93.68000030517578,93.68000030517578,93.68000030517578,139.0
2026-04-07 14:40:00,TUD.V,,0.9599999785423279,0.9599999785423279,0.9599999785423279,0.9599999785423279,2700.0
2026-04-07 14:40:00,WGO.V,,1.5,1.5,1.5,1.5,1500.0
2026-04-07 14:40:00,ZDC.V,,4.949999809265137,4.949999809265137,4.949999809265137,4.949999809265137,300.0
2026-04-07 14:40:00,ZOMD.V,,0.8799999952316284,0.8799999952316284,0.8799999952316284,0.8799999952316284,2000.0
2026-04-07 14:41:00,NILI.V,,0.6100000143051147,0.6100000143051147,0.6100000143051147,0.6100000143051147,2000.0
2026-04-07 14:41:00,TLT.V,,0.25999999046325684,0.25999999046325684,0.25999999046325684,0.25999999046325684,1500.0
2026-04-07 14:41:00,USCU.V,,0.16500000655651093,0.16500000655651093,0.16500000655651093,0.16500000655651093,500.0
2026-04-07 14:41:00,VPT.V,,0.10499999672174454,0.10499999672174454,0.10499999672174454,0.10499999672174454,2000.0
2026-04-07 14:41:00,WGO.V,,1.5,1.5,1.5,1.5,100.0
2026-04-07 14:41:00,ZDC.V,,4.949999809265137,4.949999809265137,4.949999809265137,4.949999809265137,200.0
2026-04-07 14:42:00,TIG.V,,0.5600000023841858,0.5600000023841858,0.5600000023841858,0.5600000023841858,500.0
2026-04-07 14:42:00,VCU.V,,1.25,1.25,1.25,1.25,1000.0
2026-04-07 14:42:00,ZDC.V,,4.949999809265137,4.949999809265137,4.949999809265137,4.949999809265137,100.0
2026-04-07 14:42:00,ZOMD.V,,0.8799999952316284,0.8799999952316284,0.8799999952316284,0.8799999952316284,15000.0
2026-04-07 14:43:00,AUMB.V,,0.8899999856948853,0.8899999856948853,0.8899999856948853,0.8899999856948853,15805.0
2026-04-07 14:43:00,NILI.V,,0.6100000143051147,0.6100000143051147,0.6100000143051147,0.6100000143051147,9500.0
2026-04-07 14:44:00,AUMB.V,,0.8899999856948853,0.8899999856948853,0.8899999856948853,0.8899999856948853,19900.0
2026-04-07 14:44:00,NILI.V,,0.6100000143051147,0.6100000143051147,0.6100000143051147,0.6100000143051147,18001.0
2026-04-07 14:44:00,THX.V,,1.4149999618530273,1.4149999618530273,1.4149999618530273,1.4149999618530273,100.0
2026-04-07 14:44:00,UCU.V,,5.429999828338623,5.429999828338623,5.420000076293945,5.420000076293945,1008.0
2026-04-07 14:44:00,WED.V,,23.25,23.25,23.25,23.25,100.0
2026-04-07 14:44:00,WHY.V,,0.33500000834465027,0.33500000834465027,0.33500000834465027,0.33500000834465027,1000.0
2026-04-07 14:44:00,WRLG.V,,0.949999988079071,0.949999988079071,0.949999988079071,0.949999988079071,2000.0
2026-04-07 14:45:00,UGD.V,,0.42500001192092896,0.42500001192092896,0.42500001192092896,0.42500001192092896,35000.0
2026-04-07 14:45:00,WRLG.V,,0.949999988079071,0.949999988079071,0.949999988079071,0.949999988079071,3000.0
2026-04-07 14:46:00,VPT.V,,0.10499999672174454,0.10499999672174454,0.10499999672174454,0.10499999672174454,22500.0
2026-04-07 14:46:00,WRLG.V,,0.949999988079071,0.949999988079071,0.949999988079071,0.949999988079071,4500.0
2026-04-07 14:47:00,WRLG.V,,0.949999988079071,0.949999988079071,0.949999988079071,0.949999988079071,3000.0
2026-04-07 14:48:00,THX.V,,1.4149999618530273,1.4149999618530273,1.4149999618530273,1.4149999618530273,100.0
2026-04-07 14:48:00,WRLG.V,,0.949999988079071,0.949999988079071,0.949999988079071,0.949999988079071,4000.0
2026-04-07 14:48:00,ZDC.V,,4.96999979019165,4.96999979019165,4.960000038146973,4.960000038146973,1800.0
2026-04-07 14:49:00,USS.V,,0.6899999976158142,0.6899999976158142,0.6899999976158142,0.6899999976158142,29000.0
2026-04-07 14:49:00,WRLG.V,,0.949999988079071,0.949999988079071,0.949999988079071,0.949999988079071,3000.0
2026-04-07 14:50:00,UCU.V,,5.389999866485596,5.389999866485596,5.389999866485596,5.389999866485596,200.0
2026-04-07 14:50:00,WRLG.V,,0.949999988079071,0.949999988079071,0.949999988079071,0.949999988079071,4000.0
2026-04-07 14:51:00,TDG.V,,0.5400000214576721,0.5400000214576721,0.5400000214576721,0.5400000214576721,2000.0
2026-04-07 14:51:00,THX.V,,1.409999966621399,1.4149999618530273,1.409999966621399,1.4149999618530273,12453.0
2026-04-07 14:51:00,VCU.V,,1.2300000190734863,1.25,1.2300000190734863,1.25,54700.0
2026-04-07 14:51:00,VPT.V,,0.10499999672174454,0.10499999672174454,0.10499999672174454,0.10499999672174454,14000.0
2026-04-07 14:51:00,WRLG.V,,0.949999988079071,0.949999988079071,0.949999988079071,0.949999988079071,4000.0
2026-04-07 14:51:00,ZDC.V,,5.0,5.0,5.0,5.0,17400.0
2026-04-07 14:52:00,AUMB.V,,0.8899999856948853,0.8899999856948853,0.8899999856948853,0.8899999856948853,656.0
2026-04-07 14:52:00,NILI.V,,0.6100000143051147,0.6100000143051147,0.6100000143051147,0.6100000143051147,13511.0
2026-04-07 14:52:00,THX.V,,1.4049999713897705,1.4049999713897705,1.4049999713897705,1.4049999713897705,200.0
2026-04-07 14:52:00,WEX.V,,0.6700000166893005,0.6700000166893005,0.6700000166893005,0.6700000166893005,1500.0
2026-04-07 14:52:00,WHN.V,,0.25,0.25,0.25,0.25,1000.0
2026-04-07 14:52:00,WRLG.V,,0.949999988079071,0.949999988079071,0.949999988079071,0.949999988079071,3500.0
2026-04-07 14:52:00,ZDC.V,,5.0,5.0,5.0,5.0,25000.0
2026-04-07 14:53:00,TOI.V,,94.0,94.0,94.0,94.0,100.0
2026-04-07 14:53:00,WRLG.V,,0.949999988079071,0.949999988079071,0.949999988079071,0.949999988079071,3000.0
2026-04-07 14:53:00,ZDC.V,,5.0,5.0,5.0,5.0,23900.0
2026-04-07 14:54:00,SURG.V,,0.5299999713897705,0.5299999713897705,0.5299999713897705,0.5299999713897705,8500.0
2026-04-07 14:54:00,THX.V,,1.409999966621399,1.409999966621399,1.409999966621399,1.409999966621399,100.0
2026-04-07 14:54:00,TMET.V,,0.09000000357627869,0.09000000357627869,0.09000000357627869,0.09000000357627869,23500.0
2026-04-07 14:54:00,UCU.V,,5.349999904632568,5.389999866485596,5.349999904632568,5.389999866485596,2400.0
2026-04-07 14:54:00,WRLG.V,,0.949999988079071,0.949999988079071,0.949999988079071,0.949999988079071,4000.0
2026-04-07 14:54:00,ZDC.V,,5.0,5.0,5.0,5.0,700.0
2026-04-07 14:55:00,AUMB.V,,0.8849999904632568,0.8849999904632568,0.8849999904632568,0.8849999904632568,500.0
2026-04-07 14:55:00,SURG.V,,0.5249999761581421,0.5249999761581421,0.5249999761581421,0.5249999761581421,1500.0
2026-04-07 14:55:00,TIG.V,,0.550000011920929,0.550000011920929,0.550000011920929,0.550000011920929,14000.0
2026-04-07 14:55:00,TOI.V,,93.5,93.5,93.5,93.5,100.0
2026-04-07 14:55:00,WCE.V,,0.14000000059604645,0.14000000059604645,0.14000000059604645,0.14000000059604645,1000.0
2026-04-07 14:55:00,WGO.V,,1.4900000095367432,1.5,1.4900000095367432,1.5,5200.0
2026-04-07 14:55:00,WRLG.V,,0.949999988079071,0.949999988079071,0.949999988079071,0.949999988079071,161959.0
2026-04-07 14:55:00,ZDC.V,,4.96999979019165,4.96999979019165,4.96999979019165,4.96999979019165,100.0
2026-04-07 14:56:00,AUMB.V,,0.8849999904632568,0.8849999904632568,0.8849999904632568,0.8849999904632568,500.0
2026-04-07 14:56:00,TOI.V,,93.51000213623047,93.51000213623047,93.5,93.5,500.0
2026-04-07 14:56:00,TUD.V,,0.949999988079071,0.949999988079071,0.949999988079071,0.949999988079071,76700.0
2026-04-07 14:56:00,WRLG.V,,0.949999988079071,0.949999988079071,0.949999988079071,0.949999988079071,4000.0
2026-04-07 14:56:00,ZDC.V,,5.0,5.0,4.980000019073486,4.980000019073486,1500.0
2026-04-07 14:57:00,TOI.V,,93.91999816894531,93.91999816894531,93.5,93.51000213623047,753.0
2026-04-07 14:57:00,VUX.V,,0.1550000011920929,0.1550000011920929,0.1550000011920929,0.1550000011920929,15500.0
2026-04-07 14:57:00,WED.V,,23.25,23.25,23.25,23.25,2100.0
2026-04-07 14:57:00,WGO.V,,1.4900000095367432,1.4900000095367432,1.4900000095367432,1.4900000095367432,6700.0
2026-04-07 14:57:00,WISH.V,,0.20000000298023224,0.20000000298023224,0.20000000298023224,0.20000000298023224,2000.0
2026-04-07 14:57:00,WRLG.V,,0.949999988079071,0.949999988079071,0.949999988079071,0.949999988079071,3500.0
2026-04-07 14:57:00,ZDC.V,,5.0,5.010000228881836,5.0,5.0,2230.0
2026-04-07 14:57:00,ZOMD.V,,0.8799999952316284,0.8799999952316284,0.8799999952316284,0.8799999952316284,4135.0
2026-04-07 14:58:00,TNR.V,,0.2549999952316284,0.2549999952316284,0.2549999952316284,0.2549999952316284,5000.0
2026-04-07 14:58:00,VAU.V,,0.14000000059604645,0.14000000059604645,0.14000000059604645,0.14000000059604645,15500.0
2026-04-07 14:58:00,WRLG.V,,0.949999988079071,0.949999988079071,0.9399999976158142,0.949999988079071,58400.0
2026-04-07 14:58:00,ZEN.V,,0.7599999904632568,0.7599999904632568,0.7599999904632568,0.7599999904632568,1500.0
2026-04-07 15:00:00,TRU.V,,0.05000000074505806,0.05000000074505806,0.05000000074505806,0.05000000074505806,0.0
2026-04-07 15:00:00,ZDC.V,,5.0,5.0,5.0,5.0,100.0
2026-04-07 15:01:00,THX.V,,1.409999966621399,1.409999966621399,1.409999966621399,1.409999966621399,300.0
2026-04-07 15:01:00,UCU.V,,5.349999904632568,5.349999904632568,5.349999904632568,5.349999904632568,3600.0
2026-04-07 15:01:00,WIL.V,,0.33500000834465027,0.33500000834465027,0.33500000834465027,0.33500000834465027,4500.0
2026-04-07 15:02:00,AUMB.V,,0.8849999904632568,0.8849999904632568,0.8849999904632568,0.8849999904632568,3618.0
2026-04-07 15:02:00,TDG.V,,0.550000011920929,0.550000011920929,0.550000011920929,0.550000011920929,500.0
2026-04-07 15:02:00,UCU.V,,5.380000114440918,5.380000114440918,5.380000114440918,5.380000114440918,800.0
2026-04-07 15:02:00,VML.V,,0.5600000023841858,0.5600000023841858,0.5600000023841858,0.5600000023841858,1000.0
2026-04-07 15:02:00,ZOMD.V,,0.8799999952316284,0.8799999952316284,0.8799999952316284,0.8799999952316284,1500.0
2026-04-07 15:03:00,TAJ.V,,0.1850000023841858,0.1850000023841858,0.1850000023841858,0.1850000023841858,20000.0
2026-04-07 15:03:00,THX.V,,1.409999966621399,1.409999966621399,1.409999966621399,1.409999966621399,200.0
2026-04-07 15:03:00,WEB.V,,1.6100000143051147,1.6100000143051147,1.6100000143051147,1.6100000143051147,650.0
2026-04-07 15:03:00,WGO.V,,1.5,1.5,1.5,1.5,5000.0
2026-04-07 15:03:00,ZDC.V,,5.0,5.0,5.0,5.0,100.0
2026-04-07 15:04:00,VCU.V,,1.2599999904632568,1.2599999904632568,1.2599999904632568,1.2599999904632568,100.0
2026-04-07 15:04:00,WEX.V,,0.6600000262260437,0.6600000262260437,0.6600000262260437,0.6600000262260437,1500.0
2026-04-07 15:04:00,WGO.V,,1.4900000095367432,1.5,1.4900000095367432,1.5,22500.0
2026-04-07 15:04:00,WHY.V,,0.33000001311302185,0.33000001311302185,0.33000001311302185,0.33000001311302185,2500.0
2026-04-07 15:04:00,WRLG.V,,0.949999988079071,0.949999988079071,0.949999988079071,0.949999988079071,500.0
2026-04-07 15:04:00,ZDC.V,,5.0,5.0,5.0,5.0,100.0
2026-04-07 15:05:00,TNR.V,,0.25,0.25,0.25,0.25,20000.0
2026-04-07 15:05:00,WGO.V,,1.4800000190734863,1.4800000190734863,1.4800000190734863,1.4800000190734863,2200.0
2026-04-07 15:05:00,WRLG.V,,0.949999988079071,0.949999988079071,0.949999988079071,0.949999988079071,8990.0
2026-04-07 15:06:00,UCU.V,,5.349999904632568,5.349999904632568,5.349999904632568,5.349999904632568,15000.0
2026-04-07 15:06:00,ZDC.V,,5.0,5.0,5.0,5.0,100.0
2026-04-07 15:07:00,TUD.V,,0.949999988079071,0.949999988079071,0.949999988079071,0.949999988079071,4400.0
2026-04-07 15:07:00,WED.V,,23.25,23.25,23.25,23.25,200.0
2026-04-07 15:07:00,WMK.V,,0.20999999344348907,0.20999999344348907,0.20999999344348907,0.20999999344348907,0.0
2026-04-07 15:07:00,WRLG.V,,0.949999988079071,0.949999988079071,0.949999988079071,0.949999988079071,500.0
2026-04-07 15:08:00,NILI.V,,0.6000000238418579,0.6000000238418579,0.6000000238418579,0.6000000238418579,1500.0
2026-04-07 15:08:00,UCU.V,,5.349999904632568,5.349999904632568,5.349999904632568,5.349999904632568,100.0
2026-04-07 15:08:00,WRLG.V,,0.9399999976158142,0.949999988079071,0.9399999976158142,0.949999988079071,8500.0
2026-04-07 15:08:00,ZDC.V,,5.0,5.0,5.0,5.0,100.0
2026-04-07 15:09:00,THX.V,,1.4049999713897705,1.409999966621399,1.4049999713897705,1.4049999713897705,400.0
2026-04-07 15:09:00,UCU.V,,5.349999904632568,5.349999904632568,5.349999904632568,5.349999904632568,200.0
2026-04-07 15:09:00,WRLG.V,,0.9399999976158142,0.9399999976158142,0.9399999976158142,0.9399999976158142,5000.0
2026-04-07 15:10:00,AUMB.V,,0.8849999904632568,0.8849999904632568,0.8849999904632568,0.8849999904632568,1500.0
2026-04-07 15:10:00,NILI.V,,0.5950000286102295,0.5950000286102295,0.5950000286102295,0.5950000286102295,8500.0
2026-04-07 15:10:00,TOI.V,,93.80000305175781,93.80000305175781,93.80000305175781,93.80000305175781,200.0
2026-04-07 15:10:00,UCU.V,,5.349999904632568,5.349999904632568,5.349999904632568,5.349999904632568,200.0
2026-04-07 15:10:00,WRLG.V,,0.9399999976158142,0.9399999976158142,0.9399999976158142,0.9399999976158142,3500.0
2026-04-07 15:10:00,ZDC.V,,5.0,5.0,5.0,5.0,100.0
2026-04-07 15:11:00,AUMB.V,,0.8799999952316284,0.8799999952316284,0.8799999952316284,0.8799999952316284,43700.0
2026-04-07 15:11:00,THX.V,,1.409999966621399,1.409999966621399,1.409999966621399,1.409999966621399,100.0
2026-04-07 15:11:00,TIG.V,,0.550000011920929,0.550000011920929,0.550000011920929,0.550000011920929,1000.0
2026-04-07 15:11:00,TLT.V,,0.25,0.25,0.25,0.25,3000.0
2026-04-07 15:11:00,UCU.V,,5.380000114440918,5.380000114440918,5.349999904632568,5.349999904632568,3700.0
2026-04-07 15:11:00,WRLG.V,,0.9399999976158142,0.9399999976158142,0.9399999976158142,0.9399999976158142,3500.0
2026-04-07 15:12:00,TDG.V,,0.5400000214576721,0.5400000214576721,0.5400000214576721,0.5400000214576721,3500.0
2026-04-07 15:12:00,TOI.V,,93.91000366210938,93.91000366210938,93.80999755859375,93.80999755859375,220.0
2026-04-07 15:12:00,TSG.V,,0.23999999463558197,0.23999999463558197,0.23999999463558197,0.23999999463558197,1000.0
2026-04-07 15:12:00,WRLG.V,,0.9399999976158142,0.9399999976158142,0.9399999976158142,0.9399999976158142,5500.0
2026-04-07 15:13:00,THX.V,,1.409999966621399,1.409999966621399,1.409999966621399,1.409999966621399,100.0
2026-04-07 15:13:00,WAM.V,,0.7900000214576721,0.7900000214576721,0.7900000214576721,0.7900000214576721,2500.0
2026-04-07 15:13:00,WRLG.V,,0.9399999976158142,0.9399999976158142,0.9399999976158142,0.9399999976158142,4000.0
2026-04-07 15:13:00,ZDC.V,,5.0,5.0,5.0,5.0,100.0
2026-04-07 15:14:00,THX.V,,1.409999966621399,1.409999966621399,1.409999966621399,1.409999966621399,100.0
2026-04-07 15:14:00,WRLG.V,,0.9399999976158142,0.9399999976158142,0.9399999976158142,0.9399999976158142,4000.0
2026-04-07 15:14:00,ZDC.V,,5.010000228881836,5.010000228881836,5.010000228881836,5.010000228881836,1300.0
2026-04-07 15:14:00,ZOMD.V,,0.8799999952316284,0.8799999952316284,0.8799999952316284,0.8799999952316284,500.0
2026-04-07 15:15:00,TOI.V,,94.0,94.0,94.0,94.0,126.0
2026-04-07 15:15:00,UCU.V,,5.369999885559082,5.369999885559082,5.369999885559082,5.369999885559082,100.0
2026-04-07 15:15:00,WRLG.V,,0.949999988079071,0.949999988079071,0.9399999976158142,0.9399999976158142,40500.0
2026-04-07 15:16:00,TUD.V,,0.9599999785423279,0.9599999785423279,0.9599999785423279,0.9599999785423279,239.0
2026-04-07 15:16:00,UCU.V,,5.400000095367432,5.400000095367432,5.400000095367432,5.400000095367432,700.0
2026-04-07 15:16:00,VIO.V,,0.125,0.125,0.125,0.125,32500.0
2026-04-07 15:16:00,WED.V,,23.360000610351562,23.360000610351562,23.360000610351562,23.360000610351562,100.0
2026-04-07 15:16:00,WRLG.V,,0.949999988079071,0.949999988079071,0.949999988079071,0.949999988079071,7500.0
2026-04-07 15:18:00,AUMB.V,,0.8899999856948853,0.8899999856948853,0.8899999856948853,0.8899999856948853,3800.0
2026-04-07 15:18:00,SURG.V,,0.5299999713897705,0.5299999713897705,0.5299999713897705,0.5299999713897705,16500.0
2026-04-07 15:18:00,THX.V,,1.4199999570846558,1.4199999570846558,1.4199999570846558,1.4199999570846558,43600.0
2026-04-07 15:18:00,TOI.V,,93.91999816894531,94.36000061035156,93.91999816894531,94.3499984741211,889.0
2026-04-07 15:18:00,UCU.V,,5.429999828338623,5.429999828338623,5.409999847412109,5.420000076293945,3611.0
2026-04-07 15:18:00,VAU.V,,0.14000000059604645,0.14000000059604645,0.14000000059604645,0.14000000059604645,8000.0
2026-04-07 15:18:00,VCU.V,,1.25,1.25,1.25,1.25,10000.0
2026-04-07 15:18:00,WGF.V,,0.20000000298023224,0.20000000298023224,0.20000000298023224,0.20000000298023224,5500.0
2026-04-07 15:18:00,WGO.V,,1.4800000190734863,1.4800000190734863,1.4800000190734863,1.4800000190734863,7900.0
2026-04-07 15:18:00,WRLG.V,,0.9599999785423279,0.9599999785423279,0.9599999785423279,0.9599999785423279,500.0
2026-04-07 15:19:00,NILI.V,,0.6000000238418579,0.6000000238418579,0.6000000238418579,0.6000000238418579,1000.0
2026-04-07 15:19:00,SURG.V,,0.5400000214576721,0.5400000214576721,0.5299999713897705,0.5299999713897705,37000.0
2026-04-07 15:19:00,THX.V,,1.4199999570846558,1.4199999570846558,1.4199999570846558,1.4199999570846558,100.0
2026-04-07 15:19:00,TSD.V,,0.18000000715255737,0.18000000715255737,0.18000000715255737,0.18000000715255737,1000.0
2026-04-07 15:19:00,TUD.V,,0.9599999785423279,0.9599999785423279,0.9599999785423279,0.9599999785423279,86800.0
2026-04-07 15:19:00,UCU.V,,5.409999847412109,5.409999847412109,5.409999847412109,5.409999847412109,900.0
2026-04-07 15:19:00,WAM.V,,0.7900000214576721,0.7900000214576721,0.7900000214576721,0.7900000214576721,1000.0
2026-04-07 15:19:00,WGO.V,,1.4800000190734863,1.4800000190734863,1.4800000190734863,1.4800000190734863,200.0
2026-04-07 15:19:00,WRLG.V,,0.9599999785423279,0.9599999785423279,0.9599999785423279,0.9599999785423279,28500.0
2026-04-07 15:20:00,AUMB.V,,0.8999999761581421,0.8999999761581421,0.8999999761581421,0.8999999761581421,47600.0
2026-04-07 15:20:00,NILI.V,,0.6000000238418579,0.6000000238418579,0.6000000238418579,0.6000000238418579,4500.0
2026-04-07 15:20:00,SURG.V,,0.5400000214576721,0.5400000214576721,0.5400000214576721,0.5400000214576721,18000.0
2026-04-07 15:20:00,TECT.V,,2.25,2.2699999809265137,2.25,2.2699999809265137,1000.0
2026-04-07 15:20:00,THX.V,,1.4199999570846558,1.4199999570846558,1.4199999570846558,1.4199999570846558,600.0
2026-04-07 15:20:00,TOI.V,,94.0199966430664,94.0199966430664,93.5,94.0,2230.0
2026-04-07 15:20:00,UCU.V,,5.440000057220459,5.440000057220459,5.440000057220459,5.440000057220459,2000.0
2026-04-07 15:20:00,WED.V,,23.360000610351562,23.360000610351562,23.360000610351562,23.360000610351562,100.0
2026-04-07 15:20:00,WGO.V,,1.4900000095367432,1.4900000095367432,1.4900000095367432,1.4900000095367432,3100.0
2026-04-07 15:20:00,WRLG.V,,0.9599999785423279,0.9599999785423279,0.9599999785423279,0.9599999785423279,5200.0
2026-04-07 15:21:00,LOT.V,,0.054999999701976776,0.054999999701976776,0.054999999701976776,0.054999999701976776,5000.0
2026-04-07 15:21:00,VM.V,,0.11999999731779099,0.11999999731779099,0.11999999731779099,0.11999999731779099,3500.0
2026-04-07 15:21:00,WRLG.V,,0.9599999785423279,0.9599999785423279,0.9599999785423279,0.9599999785423279,2600.0
2026-04-07 15:21:00,YEG.V,,0.17000000178813934,0.17000000178813934,0.17000000178813934,0.17000000178813934,500.0
2026-04-07 15:22:00,RARE.V,,5.789999961853027,5.789999961853027,5.789999961853027,5.789999961853027,500.0
2026-04-07 15:22:00,THX.V,,1.4199999570846558,1.4199999570846558,1.4199999570846558,1.4199999570846558,300.0
2026-04-07 15:22:00,TNR.V,,0.25,0.25,0.25,0.25,10000.0
2026-04-07 15:23:00,WGO.V,,1.4800000190734863,1.4800000190734863,1.4800000190734863,1.4800000190734863,800.0
2026-04-07 15:23:00,WRLG.V,,0.9599999785423279,0.9599999785423279,0.9599999785423279,0.9599999785423279,15000.0
2026-04-07 15:23:00,ZDC.V,,5.039999961853027,5.050000190734863,5.010000228881836,5.010000228881836,2400.0
2026-04-07 15:24:00,AUMB.V,,0.8899999856948853,0.8899999856948853,0.8899999856948853,0.8899999856948853,3500.0
2026-04-07 15:24:00,WRLG.V,,0.9599999785423279,0.9599999785423279,0.9599999785423279,0.9599999785423279,2500.0
2026-04-07 15:24:00,ZDC.V,,5.050000190734863,5.050000190734863,5.050000190734863,5.050000190734863,1700.0
2026-04-07 15:25:00,AUMB.V,,0.8899999856948853,0.8899999856948853,0.8899999856948853,0.8899999856948853,3500.0
2026-04-07 15:25:00,TUD.V,,0.9599999785423279,0.9599999785423279,0.9599999785423279,0.9599999785423279,2720.0
2026-04-07 15:25:00,UCU.V,,5.449999809265137,5.449999809265137,5.440000057220459,5.440000057220459,2800.0
2026-04-07 15:25:00,UGD.V,,0.42500001192092896,0.42500001192092896,0.42500001192092896,0.42500001192092896,500.0
2026-04-07 15:25:00,WGO.V,,1.4800000190734863,1.4800000190734863,1.4800000190734863,1.4800000190734863,300.0
2026-04-07 15:26:00,AUMB.V,,0.8899999856948853,0.8899999856948853,0.8899999856948853,0.8899999856948853,3500.0
2026-04-07 15:26:00,TECT.V,,2.259999990463257,2.259999990463257,2.259999990463257,2.259999990463257,900.0
2026-04-07 15:26:00,TUD.V,,0.9599999785423279,0.9599999785423279,0.9599999785423279,0.9599999785423279,2200.0
2026-04-07 15:26:00,UCU.V,,5.449999809265137,5.449999809265137,5.449999809265137,5.449999809265137,500.0
2026-04-07 15:27:00,AUMB.V,,0.8899999856948853,0.8899999856948853,0.8899999856948853,0.8899999856948853,2200.0
2026-04-07 15:27:00,TECT.V,,2.2699999809265137,2.2799999713897705,2.2699999809265137,2.2799999713897705,1900.0
2026-04-07 15:27:00,TNR.V,,0.24500000476837158,0.24500000476837158,0.24500000476837158,0.24500000476837158,2500.0
2026-04-07 15:27:00,TSG.V,,0.23999999463558197,0.23999999463558197,0.23999999463558197,0.23999999463558197,500.0
2026-04-07 15:27:00,WEB.V,,1.600000023841858,1.600000023841858,1.600000023841858,1.600000023841858,100.0
2026-04-07 15:27:00,WGO.V,,1.4800000190734863,1.4800000190734863,1.4800000190734863,1.4800000190734863,16800.0
2026-04-07 15:28:00,AUMB.V,,0.8849999904632568,0.8899999856948853,0.8849999904632568,0.8899999856948853,5800.0
2026-04-07 15:28:00,RARE.V,,5.699999809265137,5.699999809265137,5.699999809265137,5.699999809265137,600.0
2026-04-07 15:28:00,TECT.V,,2.2699999809265137,2.2699999809265137,2.2699999809265137,2.2699999809265137,800.0
2026-04-07 15:28:00,UCU.V,,5.449999809265137,5.449999809265137,5.449999809265137,5.449999809265137,2500.0
2026-04-07 15:28:00,WGO.V,,1.4800000190734863,1.4800000190734863,1.4800000190734863,1.4800000190734863,600.0
2026-04-07 15:28:00,ZEN.V,,0.7799999713897705,0.7799999713897705,0.7799999713897705,0.7799999713897705,500.0
2026-04-07 15:29:00,AUMB.V,,0.8899999856948853,0.8899999856948853,0.8799999952316284,0.8799999952316284,5500.0
2026-04-07 15:29:00,WRLG.V,,0.949999988079071,0.949999988079071,0.949999988079071,0.949999988079071,7400.0
2026-04-07 15:29:00,ZDC.V,,5.050000190734863,5.050000190734863,5.050000190734863,5.050000190734863,500.0
2026-04-07 15:30:00,THX.V,,1.4149999618530273,1.4149999618530273,1.4149999618530273,1.4149999618530273,100.0
2026-04-07 15:30:00,TRBE.V,,0.25,0.25,0.25,0.25,500.0
2026-04-07 15:30:00,TSG.V,,0.23499999940395355,0.23499999940395355,0.23499999940395355,0.23499999940395355,7000.0
2026-04-07 15:30:00,TUD.V,,0.9549999833106995,0.9599999785423279,0.9549999833106995,0.9599999785423279,4905.0
2026-04-07 15:30:00,WRLG.V,,0.949999988079071,0.949999988079071,0.949999988079071,0.949999988079071,12500.0
2026-04-07 15:30:00,ZDC.V,,5.050000190734863,5.050000190734863,5.050000190734863,5.050000190734863,100.0
2026-04-07 15:31:00,AUMB.V,,0.8849999904632568,0.8849999904632568,0.8849999904632568,0.8849999904632568,652.0
2026-04-07 15:31:00,THX.V,,1.4149999618530273,1.4149999618530273,1.4149999618530273,1.4149999618530273,100.0
2026-04-07 15:31:00,TNR.V,,0.24500000476837158,0.24500000476837158,0.24500000476837158,0.24500000476837158,37500.0
2026-04-07 15:31:00,TOI.V,,93.58999633789062,93.58999633789062,93.58999633789062,93.58999633789062,300.0
2026-04-07 15:31:00,WRLG.V,,0.949999988079071,0.949999988079071,0.949999988079071,0.949999988079071,4000.0
2026-04-07 15:32:00,AUMB.V,,0.8999999761581421,0.8999999761581421,0.8899999856948853,0.8899999856948853,7200.0
2026-04-07 15:32:00,TECT.V,,2.2699999809265137,2.2699999809265137,2.2699999809265137,2.2699999809265137,5000.0
2026-04-07 15:32:00,THX.V,,1.4149999618530273,1.4149999618530273,1.4149999618530273,1.4149999618530273,100.0
2026-04-07 15:32:00,WGO.V,,1.4700000286102295,1.4700000286102295,1.4700000286102295,1.4700000286102295,1600.0
2026-04-07 15:32:00,WRLG.V,,0.949999988079071,0.949999988079071,0.949999988079071,0.949999988079071,6000.0
2026-04-07 15:32:00,ZDC.V,,5.059999942779541,5.059999942779541,5.059999942779541,5.059999942779541,1521.0
2026-04-07 15:33:00,AUMB.V,,0.8949999809265137,0.8949999809265137,0.8949999809265137,0.8949999809265137,500.0
2026-04-07 15:33:00,TECT.V,,2.2699999809265137,2.2699999809265137,2.2699999809265137,2.2699999809265137,1500.0
2026-04-07 15:33:00,THX.V,,1.4199999570846558,1.4199999570846558,1.4199999570846558,1.4199999570846558,200.0
2026-04-07 15:33:00,TRU.V,,0.05000000074505806,0.05000000074505806,0.05000000074505806,0.05000000074505806,50000.0
2026-04-07 15:33:00,VCU.V,,1.25,1.25,1.25,1.25,2430.0
2026-04-07 15:33:00,WGO.V,,1.4700000286102295,1.4700000286102295,1.4700000286102295,1.4700000286102295,300.0
2026-04-07 15:33:00,WRLG.V,,0.9599999785423279,0.9599999785423279,0.949999988079071,0.949999988079071,5000.0
2026-04-07 15:34:00,THX.V,,1.4199999570846558,1.4199999570846558,1.4199999570846558,1.4199999570846558,100.0
2026-04-07 15:34:00,TNR.V,,0.23999999463558197,0.23999999463558197,0.23999999463558197,0.23999999463558197,13000.0
2026-04-07 15:34:00,TOI.V,,93.4000015258789,93.5999984741211,93.4000015258789,93.5999984741211,860.0
2026-04-07 15:34:00,WED.V,,23.350000381469727,23.350000381469727,23.350000381469727,23.350000381469727,100.0
2026-04-07 15:34:00,WGO.V,,1.4700000286102295,1.4700000286102295,1.4700000286102295,1.4700000286102295,340.0
2026-04-07 15:34:00,WRLG.V,,0.949999988079071,0.9599999785423279,0.949999988079071,0.949999988079071,4500.0
2026-04-07 15:34:00,ZDC.V,,5.070000171661377,5.070000171661377,5.070000171661377,5.070000171661377,7200.0
2026-04-07 15:35:00,TDG.V,,0.5400000214576721,0.5400000214576721,0.5400000214576721,0.5400000214576721,500.0
2026-04-07 15:35:00,THX.V,,1.4199999570846558,1.4199999570846558,1.4199999570846558,1.4199999570846558,100.0
2026-04-07 15:35:00,TSD.V,,0.17499999701976776,0.18000000715255737,0.17499999701976776,0.18000000715255737,10000.0
2026-04-07 15:35:00,WRLG.V,,0.949999988079071,0.949999988079071,0.949999988079071,0.949999988079071,4500.0
2026-04-07 15:36:00,AUMB.V,,0.8899999856948853,0.8899999856948853,0.8899999856948853,0.8899999856948853,2500.0
2026-04-07 15:36:00,TECT.V,,2.259999990463257,2.259999990463257,2.259999990463257,2.259999990463257,1100.0
2026-04-07 15:36:00,THX.V,,1.4149999618530273,1.4149999618530273,1.4149999618530273,1.4149999618530273,100.0
2026-04-07 15:36:00,TNR.V,,0.23999999463558197,0.23999999463558197,0.23999999463558197,0.23999999463558197,5000.0
2026-04-07 15:36:00,TOI.V,,93.19999694824219,93.19999694824219,93.19999694824219,93.19999694824219,200.0
2026-04-07 15:36:00,WISH.V,,0.20999999344348907,0.20999999344348907,0.20999999344348907,0.20999999344348907,3000.0
2026-04-07 15:36:00,WRLG.V,,0.949999988079071,0.949999988079071,0.949999988079071,0.949999988079071,9000.0
2026-04-07 15:36:00,ZDC.V,,5.050000190734863,5.070000171661377,5.03000020980835,5.070000171661377,6400.0
2026-04-07 15:37:00,AUMB.V,,0.8999999761581421,0.8999999761581421,0.8949999809265137,0.8949999809265137,11500.0
2026-04-07 15:37:00,NILI.V,,0.6000000238418579,0.6000000238418579,0.6000000238418579,0.6000000238418579,1500.0
2026-04-07 15:37:00,THX.V,,1.4149999618530273,1.4149999618530273,1.4149999618530273,1.4149999618530273,100.0
2026-04-07 15:37:00,TNR.V,,0.23999999463558197,0.23999999463558197,0.23999999463558197,0.23999999463558197,2000.0
2026-04-07 15:37:00,WRLG.V,,0.949999988079071,0.949999988079071,0.949999988079071,0.949999988079071,4500.0
2026-04-07 15:38:00,AUMB.V,,0.8949999809265137,0.8949999809265137,0.8949999809265137,0.8949999809265137,3500.0
2026-04-07 15:38:00,THX.V,,1.4199999570846558,1.4199999570846558,1.4149999618530273,1.4149999618530273,200.0
2026-04-07 15:38:00,UGD.V,,0.42500001192092896,0.4350000023841858,0.42500001192092896,0.4350000023841858,8500.0
2026-04-07 15:38:00,VM.V,,0.11999999731779099,0.11999999731779099,0.11999999731779099,0.11999999731779099,36500.0
2026-04-07 15:38:00,VUX.V,,0.16249999403953552,0.16249999403953552,0.16249999403953552,0.16249999403953552,6500.0
2026-04-07 15:38:00,WAM.V,,0.7900000214576721,0.7900000214576721,0.7900000214576721,0.7900000214576721,1000.0
2026-04-07 15:38:00,WGO.V,,1.4700000286102295,1.4700000286102295,1.4700000286102295,1.4700000286102295,100.0
2026-04-07 15:38:00,WIL.V,,0.3499999940395355,0.3499999940395355,0.3499999940395355,0.3499999940395355,500.0
2026-04-07 15:38:00,WRLG.V,,0.949999988079071,0.949999988079071,0.949999988079071,0.949999988079071,6500.0
2026-04-07 15:39:00,AUMB.V,,0.8899999856948853,0.8899999856948853,0.8899999856948853,0.8899999856948853,3000.0
2026-04-07 15:39:00,SPZ.V,,0.054999999701976776,0.054999999701976776,0.054999999701976776,0.054999999701976776,2000.0
2026-04-07 15:39:00,TAJ.V,,0.17499999701976776,0.1850000023841858,0.17499999701976776,0.1850000023841858,70000.0
2026-04-07 15:39:00,TBK.V,,0.41999998688697815,0.41999998688697815,0.41999998688697815,0.41999998688697815,0.0
2026-04-07 15:39:00,THX.V,,1.4199999570846558,1.4199999570846558,1.4199999570846558,1.4199999570846558,100.0
2026-04-07 15:39:00,TOI.V,,93.27999877929688,93.27999877929688,93.27999877929688,93.27999877929688,100.0
2026-04-07 15:39:00,WRLG.V,,0.949999988079071,0.949999988079071,0.949999988079071,0.949999988079071,6000.0
2026-04-07 15:39:00,ZDC.V,,5.070000171661377,5.070000171661377,5.070000171661377,5.070000171661377,3400.0
2026-04-07 15:40:00,AUMB.V,,0.8899999856948853,0.8899999856948853,0.8899999856948853,0.8899999856948853,1000.0
2026-04-07 15:40:00,TOI.V,,93.77999877929688,93.77999877929688,93.33999633789062,93.33999633789062,220.0
2026-04-07 15:40:00,TTG.V,,0.14000000059604645,0.14000000059604645,0.14000000059604645,0.14000000059604645,2000.0
2026-04-07 15:40:00,TUD.V,,0.9599999785423279,0.9599999785423279,0.9599999785423279,0.9599999785423279,500.0
2026-04-07 15:40:00,WGO.V,,1.4700000286102295,1.4700000286102295,1.4700000286102295,1.4700000286102295,100.0
2026-04-07 15:40:00,WRLG.V,,0.949999988079071,0.9549999833106995,0.949999988079071,0.949999988079071,6000.0
2026-04-07 15:40:00,ZDC.V,,5.070000171661377,5.070000171661377,5.059999942779541,5.059999942779541,2529.0
2026-04-07 15:41:00,THX.V,,1.4199999570846558,1.4199999570846558,1.4199999570846558,1.4199999570846558,100.0
2026-04-07 15:41:00,TOI.V,,93.5,93.5,93.5,93.5,300.0
2026-04-07 15:41:00,WCE.V,,0.14000000059604645,0.14000000059604645,0.14000000059604645,0.14000000059604645,16000.0
2026-04-07 15:41:00,WEB.V,,1.600000023841858,1.600000023841858,1.600000023841858,1.600000023841858,2000.0
2026-04-07 15:41:00,WEX.V,,0.6700000166893005,0.6700000166893005,0.6700000166893005,0.6700000166893005,1000.0
2026-04-07 15:41:00,WRLG.V,,0.949999988079071,0.9599999785423279,0.949999988079071,0.949999988079071,5500.0
2026-04-07 15:41:00,ZDC.V,,5.070000171661377,5.070000171661377,5.070000171661377,5.070000171661377,700.0
2026-04-07 15:42:00,SURG.V,,0.5299999713897705,0.5299999713897705,0.5299999713897705,0.5299999713897705,25000.0
2026-04-07 15:42:00,THX.V,,1.4149999618530273,1.4149999618530273,1.4149999618530273,1.4149999618530273,100.0
2026-04-07 15:42:00,TNR.V,,0.2199999988079071,0.23000000417232513,0.2199999988079071,0.23000000417232513,50000.0
2026-04-07 15:42:00,TUD.V,,0.949999988079071,0.949999988079071,0.949999988079071,0.949999988079071,400.0
2026-04-07 15:42:00,VCU.V,,1.25,1.25,1.25,1.25,19200.0
2026-04-07 15:42:00,VLI.V,,0.014999999664723873,0.014999999664723873,0.014999999664723873,0.014999999664723873,144000.0
2026-04-07 15:42:00,WI.V,,0.8999999761581421,0.8999999761581421,0.8999999761581421,0.8999999761581421,10001.0
2026-04-07 15:42:00,WRLG.V,,0.949999988079071,0.9549999833106995,0.949999988079071,0.949999988079071,7500.0
2026-04-07 15:43:00,NILI.V,,0.5899999737739563,0.5950000286102295,0.5899999737739563,0.5950000286102295,20000.0
2026-04-07 15:43:00,SURG.V,,0.5299999713897705,0.5299999713897705,0.5299999713897705,0.5299999713897705,5500.0
2026-04-07 15:43:00,THX.V,,1.4149999618530273,1.4149999618530273,1.4149999618530273,1.4149999618530273,132.0
2026-04-07 15:43:00,TOI.V,,93.2300033569336,93.2300033569336,93.2300033569336,93.2300033569336,165.0
2026-04-07 15:43:00,WCE.V,,0.14499999582767487,0.14499999582767487,0.14499999582767487,0.14499999582767487,1000.0
2026-04-07 15:43:00,WGO.V,,1.4700000286102295,1.4700000286102295,1.4700000286102295,1.4700000286102295,1500.0
2026-04-07 15:43:00,WRLG.V,,0.949999988079071,0.9599999785423279,0.949999988079071,0.9549999833106995,9400.0
2026-04-07 15:43:00,ZDC.V,,5.039999961853027,5.079999923706055,5.039999961853027,5.079999923706055,8200.0
2026-04-07 15:44:00,SURG.V,,0.5299999713897705,0.5299999713897705,0.5299999713897705,0.5299999713897705,9000.0
2026-04-07 15:44:00,THX.V,,1.4149999618530273,1.4149999618530273,1.4149999618530273,1.4149999618530273,900.0
2026-04-07 15:44:00,TUD.V,,0.949999988079071,0.949999988079071,0.949999988079071,0.949999988079071,100.0
2026-04-07 15:44:00,VML.V,,0.550000011920929,0.550000011920929,0.550000011920929,0.550000011920929,2500.0
2026-04-07 15:44:00,WCE.V,,0.14000000059604645,0.14000000059604645,0.14000000059604645,0.14000000059604645,40000.0
2026-04-07 15:44:00,WRLG.V,,0.9599999785423279,0.9599999785423279,0.949999988079071,0.949999988079071,8000.0
2026-04-07 15:44:00,ZDC.V,,5.050000190734863,5.050000190734863,5.050000190734863,5.050000190734863,1200.0
2026-04-07 15:45:00,AUMB.V,,0.8899999856948853,0.8999999761581421,0.8899999856948853,0.8999999761581421,16100.0
2026-04-07 15:45:00,THX.V,,1.4149999618530273,1.4149999618530273,1.4149999618530273,1.4149999618530273,100.0
2026-04-07 15:45:00,TOI.V,,93.79000091552734,93.81999969482422,93.77999877929688,93.79000091552734,1000.0
2026-04-07 15:45:00,TRU.V,,0.05000000074505806,0.05000000074505806,0.05000000074505806,0.05000000074505806,100000.0
2026-04-07 15:45:00,TUD.V,,0.9599999785423279,0.9599999785423279,0.9599999785423279,0.9599999785423279,70300.0
2026-04-07 15:45:00,UCU.V,,5.440000057220459,5.440000057220459,5.420000076293945,5.420000076293945,3600.0
2026-04-07 15:45:00,WGO.V,,1.4850000143051147,1.4850000143051147,1.4850000143051147,1.4850000143051147,100.0
2026-04-07 15:45:00,WRLG.V,,0.9599999785423279,0.9599999785423279,0.9549999833106995,0.9599999785423279,72300.0
2026-04-07 15:45:00,ZDC.V,,5.079999923706055,5.079999923706055,5.070000171661377,5.070000171661377,900.0
2026-04-07 15:46:00,TAO.V,,0.09000000357627869,0.09000000357627869,0.09000000357627869,0.09000000357627869,3000.0
2026-04-07 15:46:00,THX.V,,1.4149999618530273,1.4149999618530273,1.4149999618530273,1.4149999618530273,200.0
2026-04-07 15:46:00,TOI.V,,93.91000366210938,93.91000366210938,93.9000015258789,93.9000015258789,200.0
2026-04-07 15:46:00,UCU.V,,5.420000076293945,5.420000076293945,5.420000076293945,5.420000076293945,900.0
2026-04-07 15:46:00,WGO.V,,1.4800000190734863,1.4800000190734863,1.4800000190734863,1.4800000190734863,100.0
2026-04-07 15:47:00,THX.V,,1.4199999570846558,1.4199999570846558,1.4199999570846558,1.4199999570846558,200.0
2026-04-07 15:47:00,TUD.V,,0.949999988079071,0.949999988079071,0.949999988079071,0.949999988079071,400.0
2026-04-07 15:47:00,VCU.V,,1.2799999713897705,1.2799999713897705,1.2699999809265137,1.2699999809265137,12500.0
2026-04-07 15:47:00,WGO.V,,1.4800000190734863,1.4800000190734863,1.4800000190734863,1.4800000190734863,2600.0
2026-04-07 15:47:00,WI.V,,0.8999999761581421,0.8999999761581421,0.8999999761581421,0.8999999761581421,5000.0
2026-04-07 15:47:00,ZDC.V,,5.039999961853027,5.090000152587891,5.039999961853027,5.090000152587891,3500.0
2026-04-07 15:48:00,AUMB.V,,0.8949999809265137,0.8949999809265137,0.8949999809265137,0.8949999809265137,1500.0
2026-04-07 15:48:00,NILI.V,,0.5899999737739563,0.5899999737739563,0.5899999737739563,0.5899999737739563,5500.0
2026-04-07 15:48:00,THX.V,,1.4199999570846558,1.4199999570846558,1.4199999570846558,1.4199999570846558,100.0
2026-04-07 15:48:00,TRBC.V,,0.1899999976158142,0.1899999976158142,0.1899999976158142,0.1899999976158142,18500.0
2026-04-07 15:48:00,UCU.V,,5.429999828338623,5.429999828338623,5.429999828338623,5.429999828338623,700.0
2026-04-07 15:48:00,WCE.V,,0.14000000059604645,0.14000000059604645,0.14000000059604645,0.14000000059604645,16000.0
2026-04-07 15:48:00,WGO.V,,1.4800000190734863,1.4850000143051147,1.4800000190734863,1.4850000143051147,1495.0
2026-04-07 15:48:00,WI.V,,0.8999999761581421,0.8999999761581421,0.8999999761581421,0.8999999761581421,5000.0
2026-04-07 15:48:00,ZDC.V,,5.059999942779541,5.059999942779541,5.059999942779541,5.059999942779541,800.0
2026-04-07 15:49:00,AUMB.V,,0.8999999761581421,0.8999999761581421,0.8949999809265137,0.8999999761581421,24400.0
2026-04-07 15:49:00,THX.V,,1.4199999570846558,1.4199999570846558,1.4199999570846558,1.4199999570846558,200.0
2026-04-07 15:49:00,WGO.V,,1.4800000190734863,1.4800000190734863,1.4800000190734863,1.4800000190734863,400.0
2026-04-07 15:49:00,WI.V,,0.8999999761581421,0.8999999761581421,0.8999999761581421,0.8999999761581421,10000.0
2026-04-07 15:49:00,WRLG.V,,0.9649999737739563,0.9649999737739563,0.9649999737739563,0.9649999737739563,1500.0
2026-04-07 15:49:00,ZDC.V,,5.079999923706055,5.079999923706055,5.059999942779541,5.070000171661377,2200.0
2026-04-07 15:50:00,AUMB.V,,0.8999999761581421,0.8999999761581421,0.8999999761581421,0.8999999761581421,4100.0
2026-04-07 15:50:00,MUSH.V,,0.15000000596046448,0.15000000596046448,0.15000000596046448,0.15000000596046448,1000.0
2026-04-07 15:50:00,THX.V,,1.4199999570846558,1.4199999570846558,1.4149999618530273,1.4199999570846558,700.0
2026-04-07 15:50:00,VCU.V,,1.2899999618530273,1.2899999618530273,1.2899999618530273,1.2899999618530273,7500.0
2026-04-07 15:50:00,WAM.V,,0.7900000214576721,0.7900000214576721,0.7900000214576721,0.7900000214576721,1000.0
2026-04-07 15:50:00,WRLG.V,,0.9700000286102295,0.9700000286102295,0.9700000286102295,0.9700000286102295,9000.0
2026-04-07 15:50:00,ZAC.V,,0.07999999821186066,0.07999999821186066,0.07999999821186066,0.07999999821186066,1000.0
2026-04-07 15:50:00,ZDC.V,,5.090000152587891,5.090000152587891,5.059999942779541,5.079999923706055,2800.0
2026-04-07 15:51:00,THX.V,,1.4199999570846558,1.4199999570846558,1.4199999570846558,1.4199999570846558,200.0
2026-04-07 15:51:00,TOI.V,,93.73999786376953,93.73999786376953,93.70999908447266,93.70999908447266,300.0
2026-04-07 15:51:00,WRLG.V,,0.9700000286102295,0.9700000286102295,0.9700000286102295,0.9700000286102295,3000.0
2026-04-07 15:51:00,ZDC.V,,5.099999904632568,5.099999904632568,5.099999904632568,5.099999904632568,8600.0
2026-04-07 15:52:00,AUMB.V,,0.8949999809265137,0.8949999809265137,0.8949999809265137,0.8949999809265137,1500.0
2026-04-07 15:52:00,TDG.V,,0.5400000214576721,0.5400000214576721,0.5400000214576721,0.5400000214576721,23500.0
2026-04-07 15:52:00,THX.V,,1.4199999570846558,1.4199999570846558,1.4149999618530273,1.4199999570846558,800.0
2026-04-07 15:52:00,TOI.V,,93.73999786376953,94.13999938964844,93.73999786376953,94.13999938964844,800.0
2026-04-07 15:52:00,TUD.V,,0.9599999785423279,0.9599999785423279,0.9599999785423279,0.9599999785423279,1200.0
2026-04-07 15:52:00,TUK.V,,0.02500000037252903,0.02500000037252903,0.02500000037252903,0.02500000037252903,20000.0
2026-04-07 15:52:00,VCU.V,,1.2899999618530273,1.2899999618530273,1.2899999618530273,1.2899999618530273,200.0
2026-04-07 15:52:00,WRLG.V,,0.9599999785423279,0.9700000286102295,0.9599999785423279,0.9700000286102295,8500.0
2026-04-07 15:52:00,ZDC.V,,5.050000190734863,5.070000171661377,5.050000190734863,5.070000171661377,6400.0
2026-04-07 15:53:00,BIRD.V,,0.05999999865889549,0.05999999865889549,0.054999999701976776,0.054999999701976776,40000.0
2026-04-07 15:53:00,TDG.V,,0.5199999809265137,0.5199999809265137,0.5199999809265137,0.5199999809265137,1500.0
2026-04-07 15:53:00,THX.V,,1.4199999570846558,1.4199999570846558,1.4199999570846558,1.4199999570846558,400.0
2026-04-07 15:53:00,TORQ.V,,0.07000000029802322,0.07000000029802322,0.07000000029802322,0.07000000029802322,40000.0
2026-04-07 15:53:00,TUD.V,,0.9599999785423279,0.9599999785423279,0.9599999785423279,0.9599999785423279,500.0
2026-04-07 15:53:00,UCU.V,,5.420000076293945,5.420000076293945,5.420000076293945,5.420000076293945,400.0
2026-04-07 15:53:00,WAM.V,,0.800000011920929,0.800000011920929,0.800000011920929,0.800000011920929,39000.0
2026-04-07 15:53:00,WGO.V,,1.4800000190734863,1.4800000190734863,1.4800000190734863,1.4800000190734863,100.0
2026-04-07 15:53:00,WRLG.V,,0.9599999785423279,0.9599999785423279,0.9599999785423279,0.9599999785423279,11500.0
2026-04-07 15:53:00,ZDC.V,,5.059999942779541,5.079999923706055,5.059999942779541,5.070000171661377,7100.0
2026-04-07 15:54:00,AUMB.V,,0.8949999809265137,0.8999999761581421,0.8949999809265137,0.8999999761581421,3200.0
2026-04-07 15:54:00,NILI.V,,0.5899999737739563,0.5899999737739563,0.5899999737739563,0.5899999737739563,5500.0
2026-04-07 15:54:00,THX.V,,1.4199999570846558,1.4199999570846558,1.4199999570846558,1.4199999570846558,400.0
2026-04-07 15:54:00,TOI.V,,93.73999786376953,93.73999786376953,93.73999786376953,93.73999786376953,100.0
2026-04-07 15:54:00,TUD.V,,0.9599999785423279,0.9599999785423279,0.9599999785423279,0.9599999785423279,100.0
2026-04-07 15:54:00,TWR.V,,0.17000000178813934,0.17000000178813934,0.17000000178813934,0.17000000178813934,11000.0
2026-04-07 15:54:00,UCU.V,,5.440000057220459,5.440000057220459,5.440000057220459,5.440000057220459,1700.0
2026-04-07 15:54:00,VCU.V,,1.2699999809265137,1.2699999809265137,1.2699999809265137,1.2699999809265137,100.0
2026-04-07 15:54:00,WED.V,,23.25,23.25,23.25,23.25,300.0
2026-04-07 15:54:00,WGO.V,,1.4900000095367432,1.4900000095367432,1.4900000095367432,1.4900000095367432,100.0
2026-04-07 15:54:00,WRLG.V,,0.9599999785423279,0.9599999785423279,0.9599999785423279,0.9599999785423279,12500.0
2026-04-07 15:54:00,ZDC.V,,5.070000171661377,5.070000171661377,5.070000171661377,5.070000171661377,2200.0
2026-04-07 15:55:00,AUMB.V,,0.8949999809265137,0.8949999809265137,0.8949999809265137,0.8949999809265137,1500.0
2026-04-07 15:55:00,SURG.V,,0.5400000214576721,0.5400000214576721,0.5400000214576721,0.5400000214576721,500.0
2026-04-07 15:55:00,TDG.V,,0.5199999809265137,0.5199999809265137,0.5199999809265137,0.5199999809265137,1500.0
2026-04-07 15:55:00,TECT.V,,2.2300000190734863,2.25,2.2300000190734863,2.25,900.0
2026-04-07 15:55:00,THX.V,,1.4199999570846558,1.4199999570846558,1.4149999618530273,1.4199999570846558,1200.0
2026-04-07 15:55:00,TOI.V,,93.69999694824219,93.73999786376953,93.69999694824219,93.73999786376953,500.0
2026-04-07 15:55:00,TUD.V,,0.9599999785423279,0.9599999785423279,0.9599999785423279,0.9599999785423279,400.0
2026-04-07 15:55:00,WAM.V,,0.800000011920929,0.800000011920929,0.800000011920929,0.800000011920929,60500.0
2026-04-07 15:55:00,WGO.V,,1.4900000095367432,1.4900000095367432,1.4800000190734863,1.4800000190734863,500.0
2026-04-07 15:55:00,WRLG.V,,0.9599999785423279,0.9700000286102295,0.9599999785423279,0.9599999785423279,21500.0
2026-04-07 15:55:00,ZDC.V,,5.079999923706055,5.079999923706055,5.059999942779541,5.059999942779541,6586.0
2026-04-07 15:56:00,AUMB.V,,0.8999999761581421,0.8999999761581421,0.8899999856948853,0.8899999856948853,2600.0
2026-04-07 15:56:00,SYG.V,,0.08500000089406967,0.08500000089406967,0.08500000089406967,0.08500000089406967,0.0
2026-04-07 15:56:00,TDG.V,,0.550000011920929,0.550000011920929,0.5400000214576721,0.5400000214576721,16000.0
2026-04-07 15:56:00,THX.V,,1.4199999570846558,1.4199999570846558,1.4149999618530273,1.4149999618530273,500.0
2026-04-07 15:56:00,TOI.V,,93.5,93.55000305175781,93.5,93.55000305175781,293.0
2026-04-07 15:56:00,TUD.V,,0.9599999785423279,0.9599999785423279,0.9599999785423279,0.9599999785423279,600.0
2026-04-07 15:56:00,UCU.V,,5.449999809265137,5.449999809265137,5.449999809265137,5.449999809265137,700.0
2026-04-07 15:56:00,WGO.V,,1.4900000095367432,1.4900000095367432,1.4900000095367432,1.4900000095367432,100.0
2026-04-07 15:56:00,WRLG.V,,0.9599999785423279,0.9599999785423279,0.9599999785423279,0.9599999785423279,14500.0
2026-04-07 15:56:00,ZDC.V,,5.079999923706055,5.079999923706055,5.070000171661377,5.079999923706055,3700.0
2026-04-07 15:57:00,THX.V,,1.4149999618530273,1.4149999618530273,1.4149999618530273,1.4149999618530273,200.0
2026-04-07 15:57:00,TOI.V,,93.79000091552734,93.79000091552734,93.5,93.5,1796.0
2026-04-07 15:57:00,TUK.V,,0.02500000037252903,0.02500000037252903,0.02500000037252903,0.02500000037252903,180000.0
2026-04-07 15:57:00,UCU.V,,5.429999828338623,5.429999828338623,5.429999828338623,5.429999828338623,300.0
2026-04-07 15:57:00,WRLG.V,,0.9800000190734863,0.9800000190734863,0.9599999785423279,0.9700000286102295,175140.0
2026-04-07 15:58:00,AUMB.V,,0.8999999761581421,0.8999999761581421,0.8899999856948853,0.8899999856948853,6692.0
2026-04-07 15:58:00,THX.V,,1.4149999618530273,1.4199999570846558,1.4149999618530273,1.4199999570846558,500.0
2026-04-07 15:58:00,UCU.V,,5.449999809265137,5.449999809265137,5.409999847412109,5.420000076293945,1100.0
2026-04-07 15:58:00,VCU.V,,1.2699999809265137,1.2699999809265137,1.2699999809265137,1.2699999809265137,100.0
2026-04-07 15:58:00,VLI.V,,0.014999999664723873,0.014999999664723873,0.014999999664723873,0.014999999664723873,200000.0
2026-04-07 15:58:00,WGO.V,,1.4900000095367432,1.4900000095367432,1.4900000095367432,1.4900000095367432,100.0
2026-04-07 15:58:00,WRLG.V,,0.9800000190734863,0.9800000190734863,0.9800000190734863,0.9800000190734863,198000.0
2026-04-07 15:59:00,AUMB.V,,0.9100000262260437,0.9100000262260437,0.8899999856948853,0.8949999809265137,12550.0
2026-04-07 15:59:00,NILI.V,,0.6000000238418579,0.6000000238418579,0.5899999737739563,0.5899999737739563,8000.0
2026-04-07 15:59:00,SURG.V,,0.5400000214576721,0.5400000214576721,0.5400000214576721,0.5400000214576721,1000.0
2026-04-07 15:59:00,TAO.V,,0.09000000357627869,0.09000000357627869,0.09000000357627869,0.09000000357627869,1000.0
2026-04-07 15:59:00,TDG.V,,0.5299999713897705,0.5400000214576721,0.5299999713897705,0.5400000214576721,11000.0
2026-04-07 15:59:00,TECT.V,,2.2300000190734863,2.2300000190734863,2.2300000190734863,2.2300000190734863,200.0
2026-04-07 15:59:00,THX.V,,1.409999966621399,1.4249999523162842,1.409999966621399,1.4199999570846558,18846.0
2026-04-07 15:59:00,TNR.V,,0.23999999463558197,0.23999999463558197,0.23999999463558197,0.23999999463558197,11500.0
2026-04-07 15:59:00,TOI.V,,93.5,93.87000274658203,93.44000244140625,93.44999694824219,2112.0
2026-04-07 15:59:00,TUD.V,,0.949999988079071,0.9549999833106995,0.949999988079071,0.9549999833106995,5818.0
2026-04-07 15:59:00,UCU.V,,5.489999771118164,5.489999771118164,5.429999828338623,5.449999809265137,1217.0
2026-04-07 15:59:00,VCU.V,,1.2699999809265137,1.2999999523162842,1.2699999809265137,1.2899999618530273,4300.0
2026-04-07 15:59:00,VPT.V,,0.10499999672174454,0.10499999672174454,0.10499999672174454,0.10499999672174454,45000.0
2026-04-07 15:59:00,VUX.V,,0.1599999964237213,0.1599999964237213,0.1599999964237213,0.1599999964237213,500.0
2026-04-07 15:59:00,WAM.V,,0.7950000166893005,0.7950000166893005,0.7950000166893005,0.7950000166893005,4500.0
2026-04-07 15:59:00,WCU.V,,0.009999999776482582,0.009999999776482582,0.009999999776482582,0.009999999776482582,0.0
2026-04-07 15:59:00,WEX.V,,0.6600000262260437,0.6700000166893005,0.6600000262260437,0.6700000166893005,3000.0
2026-04-07 15:59:00,WGF.V,,0.20000000298023224,0.20000000298023224,0.20000000298023224,0.20000000298023224,500.0
2026-04-07 15:59:00,WGO.V,,1.4800000190734863,1.4900000095367432,1.4800000190734863,1.4850000143051147,3600.0
2026-04-07 15:59:00,WRLG.V,,0.9800000190734863,0.9900000095367432,0.9800000190734863,0.9800000190734863,65766.0
2026-04-07 15:59:00,XGC.V,,0.2849999964237213,0.2849999964237213,0.2849999964237213,0.2849999964237213,500.0
2026-04-07 15:59:00,ZDC.V,,5.070000171661377,5.170000076293945,5.039999961853027,5.039999961853027,31400.0
2026-04-07 15:59:00,ZEN.V,,0.7799999713897705,0.7799999713897705,0.7599999904632568,0.7699999809265137,5000.0
2026-04-07 15:59:00,ZOMD.V,,0.8999999761581421,0.8999999761581421,0.8799999952316284,0.8799999952316284,1500.0
