Datetime,Ticker,Adj Close,Close,High,Low,Open,Volume
2026-04-13 09:30:00,BIG.V,,0.6600000262260437,0.6600000262260437,0.6600000262260437,0.6600000262260437,0.0
2026-04-13 09:30:00,CELL.V,,0.029999999329447746,0.029999999329447746,0.029999999329447746,0.029999999329447746,0.0
2026-04-13 09:30:00,EPF.V,,0.4650000035762787,0.4650000035762787,0.4650000035762787,0.4650000035762787,0.0
2026-04-13 09:30:00,EQTY.V,,0.3100000023841858,0.3100000023841858,0.3100000023841858,0.3100000023841858,0.0
2026-04-13 09:30:00,ESK.V,,0.4449999928474426,0.47999998927116394,0.4449999928474426,0.47999998927116394,0.0
2026-04-13 09:30:00,EVGN.V,,0.4000000059604645,0.4000000059604645,0.4000000059604645,0.4000000059604645,0.0
2026-04-13 09:30:00,FAIR.V,,0.07000000029802322,0.07000000029802322,0.07000000029802322,0.07000000029802322,0.0
2026-04-13 09:30:00,FDR.V,,4.699999809265137,4.730000019073486,4.699999809265137,4.71999979019165,0.0
2026-04-13 09:30:00,FKM.V,,0.2549999952316284,0.2549999952316284,0.2549999952316284,0.2549999952316284,0.0
2026-04-13 09:30:00,FL.V,,0.6499999761581421,0.6499999761581421,0.6499999761581421,0.6499999761581421,0.0
2026-04-13 09:30:00,FMS.V,,0.3499999940395355,0.3499999940395355,0.3499999940395355,0.3499999940395355,0.0
2026-04-13 09:30:00,FNC.V,,0.125,0.125,0.125,0.125,0.0
2026-04-13 09:30:00,FO.V,,0.3050000071525574,0.3100000023841858,0.3050000071525574,0.3100000023841858,0.0
2026-04-13 09:30:00,FPX.V,,0.4050000011920929,0.4050000011920929,0.4050000011920929,0.4050000011920929,0.0
2026-04-13 09:30:00,FRED.V,,0.6600000262260437,0.6600000262260437,0.6600000262260437,0.6600000262260437,0.0
2026-04-13 09:30:00,FRI.V,,0.05999999865889549,0.05999999865889549,0.05999999865889549,0.05999999865889549,0.0
2026-04-13 09:30:00,FRNT.V,,0.20000000298023224,0.20000000298023224,0.20000000298023224,0.20000000298023224,0.0
2026-04-13 09:30:00,FTEC.V,,0.05000000074505806,0.05000000074505806,0.05000000074505806,0.05000000074505806,0.0
2026-04-13 09:30:00,FUU.V,,0.17000000178813934,0.17000000178813934,0.16500000655651093,0.17000000178813934,0.0
2026-04-13 09:30:00,FWZ.V,,4.440000057220459,4.5,4.440000057220459,4.5,0.0
2026-04-13 09:30:00,GBU.V,,0.13500000536441803,0.13500000536441803,0.13500000536441803,0.13500000536441803,0.0
2026-04-13 09:30:00,GCCC-H.V,,0.004999999888241291,0.004999999888241291,0.004999999888241291,0.004999999888241291,0.0
2026-04-13 09:30:00,GEL.V,,0.14000000059604645,0.14000000059604645,0.14000000059604645,0.14000000059604645,0.0
2026-04-13 09:30:00,GER.V,,0.009999999776482582,0.009999999776482582,0.009999999776482582,0.009999999776482582,0.0
2026-04-13 09:30:00,GG.V,,2.690000057220459,2.690000057220459,2.690000057220459,2.690000057220459,0.0
2026-04-13 09:30:00,GGI.V,,0.125,0.125,0.125,0.125,0.0
2026-04-13 09:30:00,GGO.V,,1.0099999904632568,1.0099999904632568,0.9800000190734863,0.9800000190734863,0.0
2026-04-13 09:30:00,GI.V,,0.39500001072883606,0.39500001072883606,0.39500001072883606,0.39500001072883606,1058.0
2026-04-13 09:30:00,GLAD.V,,1.2999999523162842,1.2999999523162842,1.2999999523162842,1.2999999523162842,0.0
2026-04-13 09:30:00,GMA.V,,0.26499998569488525,0.26499998569488525,0.26499998569488525,0.26499998569488525,0.0
2026-04-13 09:30:00,GMI.V,,0.05000000074505806,0.05000000074505806,0.05000000074505806,0.05000000074505806,0.0
2026-04-13 09:30:00,GMV.V,,0.19499999284744263,0.19499999284744263,0.19499999284744263,0.19499999284744263,0.0
2026-04-13 09:30:00,GOE-H.V,,0.019999999552965164,0.019999999552965164,0.019999999552965164,0.019999999552965164,0.0
2026-04-13 09:30:00,GOT.V,,1.649999976158142,1.649999976158142,1.649999976158142,1.649999976158142,0.0
2026-04-13 09:30:00,GPG.V,,0.4300000071525574,0.4300000071525574,0.4300000071525574,0.4300000071525574,0.0
2026-04-13 09:30:00,GPH.V,,1.25,1.2599999904632568,1.2400000095367432,1.2599999904632568,0.0
2026-04-13 09:30:00,GPM.V,,0.09000000357627869,0.09000000357627869,0.09000000357627869,0.09000000357627869,0.0
2026-04-13 09:30:00,GQC.V,,2.2799999713897705,2.319999933242798,2.2799999713897705,2.319999933242798,0.0
2026-04-13 09:30:00,GR.V,,0.0949999988079071,0.0949999988079071,0.0949999988079071,0.0949999988079071,0.0
2026-04-13 09:30:00,GRB.V,,0.46000000834465027,0.46000000834465027,0.46000000834465027,0.46000000834465027,0.0
2026-04-13 09:30:00,GRDM.V,,0.11500000208616257,0.11500000208616257,0.11500000208616257,0.11500000208616257,0.0
2026-04-13 09:30:00,GRSL.V,,0.3199999928474426,0.3199999928474426,0.3100000023841858,0.3100000023841858,0.0
2026-04-13 09:30:00,GSP.V,,0.14499999582767487,0.14499999582767487,0.14499999582767487,0.14499999582767487,0.0
2026-04-13 09:30:00,GSPR.V,,0.0949999988079071,0.0949999988079071,0.0949999988079071,0.0949999988079071,0.0
2026-04-13 09:30:00,GSR.V,,0.5299999713897705,0.5299999713897705,0.5299999713897705,0.5299999713897705,0.0
2026-04-13 09:30:00,GSTM.V,,0.20499999821186066,0.20499999821186066,0.19499999284744263,0.19499999284744263,0.0
2026-04-13 09:30:00,GSVR.V,,0.6200000047683716,0.6200000047683716,0.6200000047683716,0.6200000047683716,0.0
2026-04-13 09:30:00,GTC.V,,0.17000000178813934,0.17000000178813934,0.17000000178813934,0.17000000178813934,0.0
2026-04-13 09:30:00,GUG.V,,0.04500000178813934,0.04500000178813934,0.04500000178813934,0.04500000178813934,0.0
2026-04-13 09:30:00,GZD.V,,0.03500000014901161,0.03500000014901161,0.03500000014901161,0.03500000014901161,0.0
2026-04-13 09:30:00,HAM.V,,4.599999904632568,4.599999904632568,4.599999904632568,4.599999904632568,0.0
2026-04-13 09:30:00,HAN.V,,0.6100000143051147,0.6100000143051147,0.6100000143051147,0.6100000143051147,0.0
2026-04-13 09:30:00,HCH.V,,1.440000057220459,1.4700000286102295,1.440000057220459,1.4700000286102295,0.0
2026-04-13 09:30:00,HEC-P.V,,0.12999999523162842,0.12999999523162842,0.12999999523162842,0.12999999523162842,0.0
2026-04-13 09:30:00,HELI.V,,0.04500000178813934,0.04500000178813934,0.04500000178813934,0.04500000178813934,0.0
2026-04-13 09:30:00,HHH.V,,6.75,6.75,6.75,6.75,0.0
2026-04-13 09:30:00,HI.V,,0.1599999964237213,0.1599999964237213,0.1599999964237213,0.1599999964237213,0.0
2026-04-13 09:30:00,HITI.V,,3.1500000953674316,3.1500000953674316,3.1500000953674316,3.1500000953674316,0.0
2026-04-13 09:30:00,HME.V,,2.799999952316284,2.8399999141693115,2.799999952316284,2.8399999141693115,0.0
2026-04-13 09:30:00,HMR.V,,0.8100000023841858,0.8100000023841858,0.8100000023841858,0.8100000023841858,0.0
2026-04-13 09:30:00,HPL.V,,0.10999999940395355,0.10999999940395355,0.10999999940395355,0.10999999940395355,0.0
2026-04-13 09:30:00,HPM.V,,0.03999999910593033,0.03999999910593033,0.03999999910593033,0.03999999910593033,0.0
2026-04-13 09:30:00,HPQ.V,,0.18000000715255737,0.18000000715255737,0.18000000715255737,0.18000000715255737,0.0
2026-04-13 09:30:00,HSTR.V,,2.5199999809265137,2.609999895095825,2.5199999809265137,2.609999895095825,0.0
2026-04-13 09:30:00,IBC-H.V,,0.029999999329447746,0.029999999329447746,0.029999999329447746,0.029999999329447746,0.0
2026-04-13 09:30:00,IC.V,,0.12999999523162842,0.12999999523162842,0.125,0.125,115000.0
2026-04-13 09:30:00,ICI-P.V,,0.20999999344348907,0.20999999344348907,0.20999999344348907,0.20999999344348907,0.0
2026-04-13 09:30:00,IFOS.V,,3.880000114440918,3.880000114440918,3.799999952316284,3.799999952316284,0.0
2026-04-13 09:30:00,ILC.V,,0.02500000037252903,0.02500000037252903,0.02500000037252903,0.02500000037252903,0.0
2026-04-13 09:30:00,ILI.V,,0.019999999552965164,0.019999999552965164,0.019999999552965164,0.019999999552965164,0.0
2026-04-13 09:30:00,IMIN-H.V,,0.08500000089406967,0.08500000089406967,0.08500000089406967,0.08500000089406967,0.0
2026-04-13 09:30:00,INTR.V,,0.6800000071525574,0.6800000071525574,0.6800000071525574,0.6800000071525574,0.0
2026-04-13 09:30:00,IPT.V,,0.24500000476837158,0.24500000476837158,0.23999999463558197,0.23999999463558197,0.0
2026-04-13 09:30:00,ISO.V,,15.279999732971191,15.329999923706055,14.140000343322754,14.739999771118164,110477.0
2026-04-13 09:30:00,ITG-H.V,,0.019999999552965164,0.019999999552965164,0.019999999552965164,0.019999999552965164,0.0
2026-04-13 09:30:00,ITR.V,,4.090000152587891,4.150000095367432,4.090000152587891,4.150000095367432,0.0
2026-04-13 09:30:00,IVS.V,,0.23000000417232513,0.23000000417232513,0.23000000417232513,0.23000000417232513,0.0
2026-04-13 09:30:00,JAX.V,,0.009999999776482582,0.009999999776482582,0.009999999776482582,0.009999999776482582,0.0
2026-04-13 09:30:00,JOJO-P.V,,0.0949999988079071,0.0949999988079071,0.0949999988079071,0.0949999988079071,0.0
2026-04-13 09:30:00,JUGR.V,,1.2899999618530273,1.2899999618530273,1.2899999618530273,1.2899999618530273,0.0
2026-04-13 09:30:00,KAC-P.V,,0.019999999552965164,0.019999999552965164,0.019999999552965164,0.019999999552965164,0.0
2026-04-13 09:30:00,KDA.V,,0.14000000059604645,0.14000000059604645,0.14000000059604645,0.14000000059604645,0.0
2026-04-13 09:30:00,KDK.V,,0.8799999952316284,0.8799999952316284,0.8799999952316284,0.8799999952316284,0.0
2026-04-13 09:30:00,KG.V,,0.20999999344348907,0.20999999344348907,0.20999999344348907,0.20999999344348907,0.0
2026-04-13 09:30:00,KGS.V,,0.11999999731779099,0.11999999731779099,0.11999999731779099,0.11999999731779099,0.0
2026-04-13 09:30:00,KING.V,,0.5899999737739563,0.6200000047683716,0.5899999737739563,0.6200000047683716,7000.0
2026-04-13 09:30:00,KLDC.V,,0.17000000178813934,0.17499999701976776,0.17000000178813934,0.17499999701976776,0.0
2026-04-13 09:30:00,KNG.V,,1.3899999856948853,1.3899999856948853,1.3799999952316284,1.3899999856948853,0.0
2026-04-13 09:30:00,KOVO.V,,0.009999999776482582,0.009999999776482582,0.009999999776482582,0.009999999776482582,0.0
2026-04-13 09:30:00,KRY.V,,3.200000047683716,3.200000047683716,3.200000047683716,3.200000047683716,0.0
2026-04-13 09:30:00,KTN.V,,1.4299999475479126,1.4500000476837158,1.4199999570846558,1.440000057220459,0.0
2026-04-13 09:30:00,LEM.V,,0.28999999165534973,0.28999999165534973,0.28999999165534973,0.28999999165534973,0.0
2026-04-13 09:30:00,LEN.V,,1.0800000429153442,1.1299999952316284,1.0700000524520874,1.1299999952316284,788048.0
2026-04-13 09:30:00,LG.V,,0.36000001430511475,0.36000001430511475,0.35499998927116394,0.35499998927116394,0.0
2026-04-13 09:30:00,LIO.V,,0.23999999463558197,0.23999999463558197,0.23999999463558197,0.23999999463558197,0.0
2026-04-13 09:30:00,LITH.V,,0.6399999856948853,0.6499999761581421,0.6399999856948853,0.6499999761581421,0.0
2026-04-13 09:30:00,LME.V,,0.20999999344348907,0.20999999344348907,0.20999999344348907,0.20999999344348907,0.0
2026-04-13 09:30:00,LMN.V,,21.579999923706055,21.600000381469727,21.309999465942383,21.600000381469727,0.0
2026-04-13 09:30:00,LMR.V,,0.09000000357627869,0.09000000357627869,0.09000000357627869,0.09000000357627869,0.0
2026-04-13 09:30:00,LPS.V,,0.07999999821186066,0.07999999821186066,0.07999999821186066,0.07999999821186066,0.0
2026-04-13 09:30:00,LQWD.V,,0.9700000286102295,0.9700000286102295,0.9700000286102295,0.9700000286102295,0.0
2026-04-13 09:30:00,LRC-H.V,,0.07999999821186066,0.07999999821186066,0.07999999821186066,0.07999999821186066,0.0
2026-04-13 09:30:00,LSTR.V,,0.11500000208616257,0.11500000208616257,0.11500000208616257,0.11500000208616257,0.0
2026-04-13 09:30:00,LTE.V,,0.10999999940395355,0.10999999940395355,0.10999999940395355,0.10999999940395355,19000.0
2026-04-13 09:30:00,LTH.V,,0.7400000095367432,0.75,0.7300000190734863,0.7400000095367432,0.0
2026-04-13 09:30:00,LUCA.V,,1.4500000476837158,1.4700000286102295,1.4500000476837158,1.4700000286102295,0.0
2026-04-13 09:30:00,LVG.V,,0.3100000023841858,0.32499998807907104,0.3100000023841858,0.3100000023841858,0.0
2026-04-13 09:30:00,LX-H.V,,0.03999999910593033,0.03999999910593033,0.03999999910593033,0.03999999910593033,0.0
2026-04-13 09:30:00,LXE.V,,0.2150000035762787,0.2150000035762787,0.2150000035762787,0.2150000035762787,0.0
2026-04-13 09:30:00,MASS.V,,0.10999999940395355,0.10999999940395355,0.10999999940395355,0.10999999940395355,0.0
2026-04-13 09:30:00,MAX.V,,0.3449999988079071,0.3449999988079071,0.3449999988079071,0.3449999988079071,0.0
2026-04-13 09:30:00,MCM-A.V,,0.36000001430511475,0.36000001430511475,0.36000001430511475,0.36000001430511475,0.0
2026-04-13 09:30:00,MCS.V,,2.2300000190734863,2.2300000190734863,2.2300000190734863,2.2300000190734863,0.0
2026-04-13 09:30:00,MDO.V,,0.009999999776482582,0.009999999776482582,0.009999999776482582,0.009999999776482582,0.0
2026-04-13 09:30:00,MDX.V,,0.054999999701976776,0.054999999701976776,0.054999999701976776,0.054999999701976776,0.0
2026-04-13 09:30:00,MFG.V,,4.400000095367432,4.400000095367432,4.25,4.25,0.0
2026-04-13 09:30:00,MGM.V,,2.690000057220459,2.690000057220459,2.630000114440918,2.630000114440918,0.0
2026-04-13 09:30:00,MINE.V,,0.09000000357627869,0.09000000357627869,0.09000000357627869,0.09000000357627869,0.0
2026-04-13 09:30:00,MIR.V,,0.06499999761581421,0.06499999761581421,0.06499999761581421,0.06499999761581421,0.0
2026-04-13 09:30:00,MJS.V,,0.14000000059604645,0.14000000059604645,0.14000000059604645,0.14000000059604645,0.0
2026-04-13 09:30:00,MKO.V,,9.279999732971191,9.3100004196167,9.279999732971191,9.3100004196167,0.0
2026-04-13 09:30:00,MLP.V,,2.0999999046325684,2.180000066757202,2.0899999141693115,2.180000066757202,0.0
2026-04-13 09:30:00,MMA.V,,1.3200000524520874,1.3200000524520874,1.3200000524520874,1.3200000524520874,0.0
2026-04-13 09:30:00,MN.V,,0.11500000208616257,0.11500000208616257,0.11500000208616257,0.11500000208616257,0.0
2026-04-13 09:30:00,MNC-PR-A.V,,3.0,3.0,3.0,3.0,0.0
2026-04-13 09:30:00,MPH.V,,1.2300000190734863,1.2300000190734863,1.2300000190734863,1.2300000190734863,0.0
2026-04-13 09:30:00,MQM.V,,0.3050000071525574,0.3050000071525574,0.3050000071525574,0.3050000071525574,0.0
2026-04-13 09:30:00,MRVL.V,,0.14000000059604645,0.14000000059604645,0.14000000059604645,0.14000000059604645,0.0
2026-04-13 09:30:00,MSC.V,,0.019999999552965164,0.019999999552965164,0.019999999552965164,0.019999999552965164,0.0
2026-04-13 09:30:00,MTA.V,,9.0600004196167,9.420000076293945,9.0600004196167,9.420000076293945,0.0
2026-04-13 09:30:00,NHHH.V,,0.04500000178813934,0.04500000178813934,0.04500000178813934,0.04500000178813934,0.0
2026-04-13 09:30:00,NICU.V,,2.2300000190734863,2.2300000190734863,2.2300000190734863,2.2300000190734863,0.0
2026-04-13 09:30:00,NURS.V,,3.0999999046325684,3.1500000953674316,3.0999999046325684,3.1500000953674316,0.0
2026-04-13 09:30:00,PNG.V,,8.210000038146973,8.25,8.140000343322754,8.180000305175781,0.0
2026-04-13 09:30:00,ROAR.V,,0.25999999046325684,0.25999999046325684,0.25999999046325684,0.25999999046325684,0.0
2026-04-13 09:30:00,SCAN.V,,7.0,7.0,7.0,7.0,0.0
2026-04-13 09:30:00,TUF.V,,0.3199999928474426,0.3199999928474426,0.29499998688697815,0.29499998688697815,0.0
2026-04-13 09:30:00,WLTR-H.V,,0.03500000014901161,0.03500000014901161,0.03500000014901161,0.03500000014901161,0.0
2026-04-13 09:30:00,YGT.V,,0.20999999344348907,0.20999999344348907,0.20999999344348907,0.20999999344348907,0.0
2026-04-13 09:30:00,ZNG.V,,1.090000033378601,1.090000033378601,1.090000033378601,1.090000033378601,0.0
2026-04-13 09:31:00,BIG.V,,0.6299999952316284,0.6499999761581421,0.6299999952316284,0.6499999761581421,26905.0
2026-04-13 09:31:00,FDR.V,,4.730000019073486,4.75,4.730000019073486,4.730000019073486,2100.0
2026-04-13 09:31:00,FL.V,,0.6449999809265137,0.6499999761581421,0.6449999809265137,0.6499999761581421,10500.0
2026-04-13 09:31:00,GRSL.V,,0.3149999976158142,0.3199999928474426,0.3149999976158142,0.3149999976158142,73000.0
2026-04-13 09:31:00,HI.V,,0.1550000011920929,0.1550000011920929,0.1550000011920929,0.1550000011920929,3951.0
2026-04-13 09:31:00,HITI.V,,3.180000066757202,3.180000066757202,3.180000066757202,3.180000066757202,100.0
2026-04-13 09:31:00,HMR.V,,0.8100000023841858,0.8100000023841858,0.8100000023841858,0.8100000023841858,1000.0
2026-04-13 09:31:00,HSTR.V,,2.5199999809265137,2.5399999618530273,2.5199999809265137,2.5399999618530273,2700.0
2026-04-13 09:31:00,ITR.V,,4.110000133514404,4.110000133514404,4.110000133514404,4.110000133514404,300.0
2026-04-13 09:31:00,JZR.V,,0.29499998688697815,0.29499998688697815,0.29499998688697815,0.29499998688697815,0.0
2026-04-13 09:31:00,KTN.V,,1.4299999475479126,1.4299999475479126,1.4299999475479126,1.4299999475479126,2800.0
2026-04-13 09:31:00,LTH.V,,0.7400000095367432,0.75,0.7300000190734863,0.7400000095367432,61500.0
2026-04-13 09:31:00,LUCA.V,,1.4500000476837158,1.4500000476837158,1.440000057220459,1.440000057220459,12383.0
2026-04-13 09:31:00,MLP.V,,2.1050000190734863,2.119999885559082,2.0850000381469727,2.119999885559082,11400.0
2026-04-13 09:31:00,PNG.V,,8.170000076293945,8.1899995803833,8.130000114440918,8.1899995803833,2660.0
2026-04-13 09:32:00,BIG.V,,0.6399999856948853,0.6399999856948853,0.6399999856948853,0.6399999856948853,12500.0
2026-04-13 09:32:00,ESK.V,,0.45500001311302185,0.45500001311302185,0.45500001311302185,0.45500001311302185,500.0
2026-04-13 09:32:00,FDR.V,,4.75,4.75,4.75,4.75,500.0
2026-04-13 09:32:00,FL.V,,0.6399999856948853,0.6399999856948853,0.6399999856948853,0.6399999856948853,3000.0
2026-04-13 09:32:00,FRED.V,,0.6600000262260437,0.6600000262260437,0.6600000262260437,0.6600000262260437,15000.0
2026-04-13 09:32:00,GOT.V,,1.659999966621399,1.659999966621399,1.659999966621399,1.659999966621399,100.0
2026-04-13 09:32:00,GPH.V,,1.25,1.25,1.25,1.25,4100.0
2026-04-13 09:32:00,GQC.V,,2.2799999713897705,2.2799999713897705,2.2799999713897705,2.2799999713897705,400.0
2026-04-13 09:32:00,GSVR.V,,0.6100000143051147,0.6100000143051147,0.6100000143051147,0.6100000143051147,20519.0
2026-04-13 09:32:00,HSTR.V,,2.5399999618530273,2.5399999618530273,2.5199999809265137,2.5199999809265137,3000.0
2026-04-13 09:32:00,HVG.V,,0.05999999865889549,0.05999999865889549,0.05999999865889549,0.05999999865889549,0.0
2026-04-13 09:32:00,INTR.V,,0.699999988079071,0.699999988079071,0.699999988079071,0.699999988079071,500.0
2026-04-13 09:32:00,LG.V,,0.36000001430511475,0.36000001430511475,0.36000001430511475,0.36000001430511475,5000.0
2026-04-13 09:32:00,LTH.V,,0.7699999809265137,0.7799999713897705,0.75,0.7599999904632568,78922.0
2026-04-13 09:32:00,LUCA.V,,1.4500000476837158,1.4500000476837158,1.4500000476837158,1.4500000476837158,600.0
2026-04-13 09:32:00,MFG.V,,4.389999866485596,4.389999866485596,4.389999866485596,4.389999866485596,1200.0
2026-04-13 09:32:00,MGM.V,,2.559999942779541,2.630000114440918,2.559999942779541,2.630000114440918,6300.0
2026-04-13 09:32:00,MKO.V,,9.399999618530273,9.449999809265137,9.329999923706055,9.329999923706055,1800.0
2026-04-13 09:32:00,MLP.V,,2.119999885559082,2.1600000858306885,2.1050000190734863,2.1050000190734863,20000.0
2026-04-13 09:32:00,MMA.V,,1.2999999523162842,1.2999999523162842,1.2999999523162842,1.2999999523162842,16100.0
2026-04-13 09:32:00,PNG.V,,8.100000381469727,8.15999984741211,8.100000381469727,8.149999618530273,6624.0
2026-04-13 09:32:00,ROAR.V,,0.25999999046325684,0.25999999046325684,0.25999999046325684,0.25999999046325684,9500.0
2026-04-13 09:33:00,BIG.V,,0.6499999761581421,0.6499999761581421,0.6499999761581421,0.6499999761581421,8500.0
2026-04-13 09:33:00,FDR.V,,4.760000228881836,4.769999980926514,4.760000228881836,4.760000228881836,400.0
2026-04-13 09:33:00,FL.V,,0.6499999761581421,0.6499999761581421,0.6499999761581421,0.6499999761581421,4500.0
2026-04-13 09:33:00,FRED.V,,0.6600000262260437,0.6600000262260437,0.6600000262260437,0.6600000262260437,8500.0
2026-04-13 09:33:00,FWZ.V,,4.480000019073486,4.489999771118164,4.480000019073486,4.489999771118164,3800.0
2026-04-13 09:33:00,GGO.V,,1.0,1.0,1.0,1.0,500.0
2026-04-13 09:33:00,GQC.V,,2.2799999713897705,2.2799999713897705,2.2799999713897705,2.2799999713897705,800.0
2026-04-13 09:33:00,HMR.V,,0.8100000023841858,0.8100000023841858,0.8100000023841858,0.8100000023841858,1000.0
2026-04-13 09:33:00,IFOS.V,,3.880000114440918,3.880000114440918,3.880000114440918,3.880000114440918,200.0
2026-04-13 09:33:00,INTR.V,,0.6899999976158142,0.699999988079071,0.6899999976158142,0.699999988079071,1000.0
2026-04-13 09:33:00,ITR.V,,4.110000133514404,4.110000133514404,4.110000133514404,4.110000133514404,300.0
2026-04-13 09:33:00,KRI.V,,0.3149999976158142,0.3149999976158142,0.3149999976158142,0.3149999976158142,0.0
2026-04-13 09:33:00,KTN.V,,1.4199999570846558,1.4199999570846558,1.4199999570846558,1.4199999570846558,100.0
2026-04-13 09:33:00,LG.V,,0.36000001430511475,0.36000001430511475,0.36000001430511475,0.36000001430511475,5000.0
2026-04-13 09:33:00,LMN.V,,21.600000381469727,21.600000381469727,21.579999923706055,21.579999923706055,525.0
2026-04-13 09:33:00,LTH.V,,0.7799999713897705,0.7799999713897705,0.7649999856948853,0.7649999856948853,34000.0
2026-04-13 09:33:00,LUCA.V,,1.4500000476837158,1.4500000476837158,1.4500000476837158,1.4500000476837158,600.0
2026-04-13 09:33:00,MFG.V,,4.400000095367432,4.400000095367432,4.389999866485596,4.389999866485596,1400.0
2026-04-13 09:33:00,MLP.V,,2.119999885559082,2.119999885559082,2.0950000286102295,2.0999999046325684,2900.0
2026-04-13 09:33:00,NICU.V,,2.200000047683716,2.2200000286102295,2.200000047683716,2.2200000286102295,7346.0
2026-04-13 09:33:00,PNG.V,,8.15999984741211,8.220000267028809,8.130000114440918,8.130000114440918,13432.0
2026-04-13 09:33:00,TUF.V,,0.28999999165534973,0.28999999165534973,0.28999999165534973,0.28999999165534973,1000.0
2026-04-13 09:33:00,ZNG.V,,1.090000033378601,1.090000033378601,1.0800000429153442,1.0800000429153442,3900.0
2026-04-13 09:34:00,FDR.V,,4.730000019073486,4.78000020980835,4.730000019073486,4.78000020980835,1700.0
2026-04-13 09:34:00,GOT.V,,1.6649999618530273,1.6649999618530273,1.659999966621399,1.659999966621399,1000.0
2026-04-13 09:34:00,GQC.V,,2.2799999713897705,2.2799999713897705,2.2799999713897705,2.2799999713897705,100.0
2026-04-13 09:34:00,IGO.V,,0.0949999988079071,0.0949999988079071,0.0949999988079071,0.0949999988079071,0.0
2026-04-13 09:34:00,IVS.V,,0.23000000417232513,0.23000000417232513,0.23000000417232513,0.23000000417232513,15000.0
2026-04-13 09:34:00,KTN.V,,1.4199999570846558,1.4299999475479126,1.4199999570846558,1.4299999475479126,405.0
2026-04-13 09:34:00,LSTR.V,,0.11500000208616257,0.11500000208616257,0.11500000208616257,0.11500000208616257,5000.0
2026-04-13 09:34:00,LTH.V,,0.7699999809265137,0.800000011920929,0.7699999809265137,0.7900000214576721,260200.0
2026-04-13 09:34:00,LUCA.V,,1.4450000524520874,1.4450000524520874,1.4450000524520874,1.4450000524520874,1000.0
2026-04-13 09:34:00,MLP.V,,2.119999885559082,2.119999885559082,2.119999885559082,2.119999885559082,2095.0
2026-04-13 09:34:00,PNG.V,,8.220000267028809,8.220000267028809,8.199999809265137,8.199999809265137,1300.0
2026-04-13 09:34:00,TUF.V,,0.30000001192092896,0.30000001192092896,0.30000001192092896,0.30000001192092896,5840.0
2026-04-13 09:35:00,GPH.V,,1.2699999809265137,1.2699999809265137,1.2599999904632568,1.2599999904632568,8000.0
2026-04-13 09:35:00,GUG.V,,0.05000000074505806,0.05000000074505806,0.05000000074505806,0.05000000074505806,9000.0
2026-04-13 09:35:00,HI.V,,0.1550000011920929,0.1550000011920929,0.1550000011920929,0.1550000011920929,2000.0
2026-04-13 09:35:00,KTN.V,,1.4199999570846558,1.4199999570846558,1.4199999570846558,1.4199999570846558,225.0
2026-04-13 09:35:00,LPS.V,,0.08500000089406967,0.08500000089406967,0.07999999821186066,0.07999999821186066,90000.0
2026-04-13 09:35:00,LTH.V,,0.7699999809265137,0.7699999809265137,0.7599999904632568,0.7699999809265137,102038.0
2026-04-13 09:35:00,LUCA.V,,1.4550000429153442,1.4550000429153442,1.4450000524520874,1.4450000524520874,6500.0
2026-04-13 09:35:00,MCS.V,,2.299999952316284,2.299999952316284,2.299999952316284,2.299999952316284,110.0
2026-04-13 09:35:00,PNG.V,,8.149999618530273,8.199999809265137,8.149999618530273,8.1899995803833,5250.0
2026-04-13 09:35:00,TUF.V,,0.3050000071525574,0.3050000071525574,0.3050000071525574,0.3050000071525574,500.0
2026-04-13 09:35:00,WOLF.V,,1.350000023841858,1.375,1.350000023841858,1.375,0.0
2026-04-13 09:35:00,ZNG.V,,1.0800000429153442,1.0800000429153442,1.0800000429153442,1.0800000429153442,700.0
2026-04-13 09:36:00,HME.V,,2.8299999237060547,2.8299999237060547,2.8299999237060547,2.8299999237060547,3500.0
2026-04-13 09:36:00,IGO.V,,0.0949999988079071,0.0949999988079071,0.0949999988079071,0.0949999988079071,52000.0
2026-04-13 09:36:00,INTR.V,,0.6899999976158142,0.6899999976158142,0.6899999976158142,0.6899999976158142,500.0
2026-04-13 09:36:00,LG.V,,0.36500000953674316,0.36500000953674316,0.36000001430511475,0.36000001430511475,65548.0
2026-04-13 09:36:00,LPS.V,,0.09000000357627869,0.09000000357627869,0.08500000089406967,0.08500000089406967,109300.0
2026-04-13 09:36:00,LTH.V,,0.7799999713897705,0.7799999713897705,0.7749999761581421,0.7749999761581421,3500.0
2026-04-13 09:36:00,MCS.V,,2.440000057220459,2.440000057220459,2.440000057220459,2.440000057220459,300.0
2026-04-13 09:36:00,MMA.V,,1.2999999523162842,1.2999999523162842,1.2999999523162842,1.2999999523162842,1100.0
2026-04-13 09:36:00,PNG.V,,8.199999809265137,8.199999809265137,8.180000305175781,8.180000305175781,1900.0
2026-04-13 09:37:00,BIG.V,,0.6499999761581421,0.6499999761581421,0.6499999761581421,0.6499999761581421,4353.0
2026-04-13 09:37:00,FAIR.V,,0.07000000029802322,0.07000000029802322,0.07000000029802322,0.07000000029802322,5000.0
2026-04-13 09:37:00,FDR.V,,4.75,4.75,4.75,4.75,200.0
2026-04-13 09:37:00,FRED.V,,0.6700000166893005,0.6700000166893005,0.6700000166893005,0.6700000166893005,2000.0
2026-04-13 09:37:00,GPH.V,,1.25,1.25,1.25,1.25,100.0
2026-04-13 09:37:00,GQC.V,,2.2699999809265137,2.2699999809265137,2.2699999809265137,2.2699999809265137,296.0
2026-04-13 09:37:00,HAR.V,,0.054999999701976776,0.054999999701976776,0.054999999701976776,0.054999999701976776,0.0
2026-04-13 09:37:00,HCH.V,,1.340000033378601,1.4700000286102295,1.340000033378601,1.4700000286102295,4400.0
2026-04-13 09:37:00,IFOS.V,,3.9100000858306885,3.9100000858306885,3.890000104904175,3.890000104904175,6094.0
2026-04-13 09:37:00,INTR.V,,0.6800000071525574,0.6899999976158142,0.6800000071525574,0.6899999976158142,1500.0
2026-04-13 09:37:00,ITR.V,,4.119999885559082,4.119999885559082,4.119999885559082,4.119999885559082,4000.0
2026-04-13 09:37:00,LG.V,,0.36000001430511475,0.36000001430511475,0.36000001430511475,0.36000001430511475,5000.0
2026-04-13 09:37:00,LPS.V,,0.09000000357627869,0.09000000357627869,0.09000000357627869,0.09000000357627869,8000.0
2026-04-13 09:37:00,LTH.V,,0.8100000023841858,0.8100000023841858,0.7900000214576721,0.7900000214576721,53500.0
2026-04-13 09:37:00,LUCA.V,,1.465000033378601,1.4700000286102295,1.4600000381469727,1.4600000381469727,3400.0
2026-04-13 09:37:00,MKO.V,,9.380000114440918,9.380000114440918,9.380000114440918,9.380000114440918,100.0
2026-04-13 09:37:00,NICU.V,,2.180000066757202,2.180000066757202,2.180000066757202,2.180000066757202,900.0
2026-04-13 09:37:00,PNG.V,,8.239999771118164,8.239999771118164,8.220000267028809,8.220000267028809,1538.0
2026-04-13 09:38:00,BIG.V,,0.6499999761581421,0.6499999761581421,0.6499999761581421,0.6499999761581421,2000.0
2026-04-13 09:38:00,FDR.V,,4.75,4.75,4.75,4.75,100.0
2026-04-13 09:38:00,GQC.V,,2.2799999713897705,2.2799999713897705,2.2699999809265137,2.2699999809265137,26100.0
2026-04-13 09:38:00,GRSL.V,,0.32499998807907104,0.32499998807907104,0.3199999928474426,0.3199999928474426,44000.0
2026-04-13 09:38:00,GSTM.V,,0.20000000298023224,0.20000000298023224,0.20000000298023224,0.20000000298023224,5000.0
2026-04-13 09:38:00,INTR.V,,0.6899999976158142,0.6899999976158142,0.6899999976158142,0.6899999976158142,500.0
2026-04-13 09:38:00,LMN.V,,21.600000381469727,21.600000381469727,21.600000381469727,21.600000381469727,800.0
2026-04-13 09:38:00,LTH.V,,0.800000011920929,0.800000011920929,0.7900000214576721,0.800000011920929,99000.0
2026-04-13 09:38:00,LUCA.V,,1.465000033378601,1.465000033378601,1.465000033378601,1.465000033378601,400.0
2026-04-13 09:38:00,MKO.V,,9.399999618530273,9.399999618530273,9.380000114440918,9.380000114440918,1700.0
2026-04-13 09:38:00,PNG.V,,8.25,8.260000228881836,8.239999771118164,8.25,6960.0
2026-04-13 09:39:00,BIG.V,,0.6499999761581421,0.6499999761581421,0.6499999761581421,0.6499999761581421,3000.0
2026-04-13 09:39:00,FDR.V,,4.75,4.75,4.739999771118164,4.75,9100.0
2026-04-13 09:39:00,FL.V,,0.6449999809265137,0.6449999809265137,0.6449999809265137,0.6449999809265137,500.0
2026-04-13 09:39:00,FRED.V,,0.6700000166893005,0.6700000166893005,0.6700000166893005,0.6700000166893005,2000.0
2026-04-13 09:39:00,GGO.V,,0.9800000190734863,0.9800000190734863,0.9800000190734863,0.9800000190734863,5050.0
2026-04-13 09:39:00,GLAD.V,,1.2699999809265137,1.2699999809265137,1.2649999856948853,1.2649999856948853,1190.0
2026-04-13 09:39:00,GRSL.V,,0.32499998807907104,0.32499998807907104,0.32499998807907104,0.32499998807907104,10525.0
2026-04-13 09:39:00,KRI.V,,0.3100000023841858,0.3100000023841858,0.3100000023841858,0.3100000023841858,1000.0
2026-04-13 09:39:00,LTH.V,,0.7799999713897705,0.7900000214576721,0.7799999713897705,0.7900000214576721,77000.0
2026-04-13 09:39:00,LUCA.V,,1.4600000381469727,1.465000033378601,1.4600000381469727,1.465000033378601,349.0
2026-04-13 09:39:00,MLP.V,,2.130000114440918,2.130000114440918,2.130000114440918,2.130000114440918,1300.0
2026-04-13 09:39:00,NICU.V,,2.190000057220459,2.190000057220459,2.190000057220459,2.190000057220459,1600.0
2026-04-13 09:39:00,PNG.V,,8.1899995803833,8.25,8.1899995803833,8.239999771118164,1600.0
2026-04-13 09:40:00,FDR.V,,4.75,4.760000228881836,4.75,4.760000228881836,9800.0
2026-04-13 09:40:00,FL.V,,0.6399999856948853,0.6399999856948853,0.6399999856948853,0.6399999856948853,7500.0
2026-04-13 09:40:00,FRED.V,,0.6700000166893005,0.6700000166893005,0.6700000166893005,0.6700000166893005,1000.0
2026-04-13 09:40:00,IFOS.V,,3.9100000858306885,3.9200000762939453,3.9100000858306885,3.9200000762939453,9505.0
2026-04-13 09:40:00,ITR.V,,4.099999904632568,4.119999885559082,4.099999904632568,4.119999885559082,7600.0
2026-04-13 09:40:00,KDA.V,,0.14000000059604645,0.14000000059604645,0.14000000059604645,0.14000000059604645,10000.0
2026-04-13 09:40:00,KNG.V,,1.2799999713897705,1.309999942779541,1.25,1.309999942779541,17704.0
2026-04-13 09:40:00,KS.V,,0.23999999463558197,0.23999999463558197,0.23999999463558197,0.23999999463558197,0.0
2026-04-13 09:40:00,LTH.V,,0.800000011920929,0.800000011920929,0.7649999856948853,0.7699999809265137,53500.0
2026-04-13 09:40:00,LUCA.V,,1.465000033378601,1.465000033378601,1.4600000381469727,1.465000033378601,2727.0
2026-04-13 09:40:00,MCS.V,,2.440000057220459,2.440000057220459,2.440000057220459,2.440000057220459,600.0
2026-04-13 09:40:00,PNG.V,,8.220000267028809,8.220000267028809,8.210000038146973,8.210000038146973,200.0
2026-04-13 09:41:00,FRED.V,,0.6700000166893005,0.6700000166893005,0.6700000166893005,0.6700000166893005,6000.0
2026-04-13 09:41:00,FWZ.V,,4.449999809265137,4.449999809265137,4.449999809265137,4.449999809265137,100.0
2026-04-13 09:41:00,GIGA.V,,0.09000000357627869,0.09000000357627869,0.09000000357627869,0.09000000357627869,0.0
2026-04-13 09:41:00,GPH.V,,1.25,1.25,1.25,1.25,3900.0
2026-04-13 09:41:00,GSP.V,,0.15000000596046448,0.15000000596046448,0.15000000596046448,0.15000000596046448,5500.0
2026-04-13 09:41:00,GSTM.V,,0.20000000298023224,0.20000000298023224,0.20000000298023224,0.20000000298023224,15000.0
2026-04-13 09:41:00,GSVR.V,,0.6200000047683716,0.6200000047683716,0.6100000143051147,0.6100000143051147,30500.0
2026-04-13 09:41:00,HHH.V,,6.75,6.75,6.739999771118164,6.739999771118164,500.0
2026-04-13 09:41:00,HSTR.V,,2.5399999618530273,2.5399999618530273,2.5399999618530273,2.5399999618530273,500.0
2026-04-13 09:41:00,INTR.V,,0.6899999976158142,0.6899999976158142,0.6899999976158142,0.6899999976158142,2500.0
2026-04-13 09:41:00,IPT.V,,0.24500000476837158,0.24500000476837158,0.24500000476837158,0.24500000476837158,54500.0
2026-04-13 09:41:00,LIO.V,,0.23999999463558197,0.23999999463558197,0.23999999463558197,0.23999999463558197,114900.0
2026-04-13 09:41:00,LTH.V,,0.8100000023841858,0.8100000023841858,0.800000011920929,0.800000011920929,137000.0
2026-04-13 09:41:00,LUCA.V,,1.465000033378601,1.465000033378601,1.465000033378601,1.465000033378601,100.0
2026-04-13 09:41:00,LVG.V,,0.3100000023841858,0.3100000023841858,0.3100000023841858,0.3100000023841858,6500.0
2026-04-13 09:41:00,MLP.V,,2.130000114440918,2.130000114440918,2.130000114440918,2.130000114440918,2100.0
2026-04-13 09:41:00,MTA.V,,9.220000267028809,9.220000267028809,9.210000038146973,9.210000038146973,2600.0
2026-04-13 09:41:00,PNG.V,,8.199999809265137,8.229999542236328,8.199999809265137,8.229999542236328,409.0
2026-04-13 09:41:00,TUF.V,,0.30000001192092896,0.30000001192092896,0.30000001192092896,0.30000001192092896,2000.0
2026-04-13 09:41:00,VAND.V,,0.9900000095367432,0.9900000095367432,0.9900000095367432,0.9900000095367432,0.0
2026-04-13 09:42:00,FDI.V,,0.4000000059604645,0.4000000059604645,0.4000000059604645,0.4000000059604645,0.0
2026-04-13 09:42:00,FL.V,,0.6399999856948853,0.6399999856948853,0.6399999856948853,0.6399999856948853,38832.0
2026-04-13 09:42:00,FWZ.V,,4.480000019073486,4.480000019073486,4.480000019073486,4.480000019073486,130.0
2026-04-13 09:42:00,GQC.V,,2.299999952316284,2.299999952316284,2.2799999713897705,2.299999952316284,500.0
2026-04-13 09:42:00,HSTR.V,,2.5299999713897705,2.569999933242798,2.5299999713897705,2.549999952316284,16300.0
2026-04-13 09:42:00,IFOS.V,,3.809999942779541,3.890000104904175,3.809999942779541,3.890000104904175,1600.0
2026-04-13 09:42:00,INTR.V,,0.6899999976158142,0.6899999976158142,0.6899999976158142,0.6899999976158142,500.0
2026-04-13 09:42:00,IPT.V,,0.25,0.25,0.25,0.25,34083.0
2026-04-13 09:42:00,ITR.V,,4.105000019073486,4.105000019073486,4.105000019073486,4.105000019073486,100.0
2026-04-13 09:42:00,KTN.V,,1.409999966621399,1.4199999570846558,1.409999966621399,1.4199999570846558,2500.0
2026-04-13 09:42:00,LMN.V,,21.760000228881836,21.799999237060547,21.75,21.75,1300.0
2026-04-13 09:42:00,LTH.V,,0.8100000023841858,0.8199999928474426,0.8100000023841858,0.8199999928474426,53100.0
2026-04-13 09:42:00,LUCA.V,,1.4600000381469727,1.465000033378601,1.4600000381469727,1.465000033378601,2900.0
2026-04-13 09:42:00,MFG.V,,4.400000095367432,4.400000095367432,4.400000095367432,4.400000095367432,1600.0
2026-04-13 09:42:00,MLP.V,,2.119999885559082,2.119999885559082,2.119999885559082,2.119999885559082,500.0
2026-04-13 09:42:00,MTA.V,,9.260000228881836,9.260000228881836,9.260000228881836,9.260000228881836,100.0
2026-04-13 09:42:00,PNG.V,,8.1899995803833,8.199999809265137,8.1899995803833,8.199999809265137,600.0
2026-04-13 09:43:00,FDR.V,,4.75,4.75,4.75,4.75,300.0
2026-04-13 09:43:00,GQC.V,,2.2799999713897705,2.299999952316284,2.2799999713897705,2.299999952316284,300.0
2026-04-13 09:43:00,GSTM.V,,0.20000000298023224,0.20000000298023224,0.20000000298023224,0.20000000298023224,5000.0
2026-04-13 09:43:00,HME.V,,2.819999933242798,2.8499999046325684,2.819999933242798,2.8499999046325684,2200.0
2026-04-13 09:43:00,INTR.V,,0.6899999976158142,0.6899999976158142,0.6899999976158142,0.6899999976158142,3000.0
2026-04-13 09:43:00,ITR.V,,4.130000114440918,4.130000114440918,4.130000114440918,4.130000114440918,1025.0
2026-04-13 09:43:00,JUGR.V,,1.2899999618530273,1.2899999618530273,1.2899999618530273,1.2899999618530273,950.0
2026-04-13 09:43:00,LPS.V,,0.08500000089406967,0.08500000089406967,0.08500000089406967,0.08500000089406967,3000.0
2026-04-13 09:43:00,LQWD.V,,0.9599999785423279,0.9599999785423279,0.9599999785423279,0.9599999785423279,1000.0
2026-04-13 09:43:00,LTH.V,,0.8100000023841858,0.8100000023841858,0.8100000023841858,0.8100000023841858,5250.0
2026-04-13 09:43:00,LUCA.V,,1.4550000429153442,1.465000033378601,1.4550000429153442,1.465000033378601,4100.0
2026-04-13 09:43:00,MASS.V,,0.11500000208616257,0.11500000208616257,0.11500000208616257,0.11500000208616257,6000.0
2026-04-13 09:43:00,MKO.V,,9.449999809265137,9.449999809265137,9.449999809265137,9.449999809265137,300.0
2026-04-13 09:43:00,PNG.V,,8.239999771118164,8.239999771118164,8.199999809265137,8.199999809265137,1600.0
2026-04-13 09:44:00,CELL.V,,0.02500000037252903,0.02500000037252903,0.02500000037252903,0.02500000037252903,50000.0
2026-04-13 09:44:00,GOT.V,,1.659999966621399,1.659999966621399,1.659999966621399,1.659999966621399,1100.0
2026-04-13 09:44:00,GQC.V,,2.2799999713897705,2.2799999713897705,2.2799999713897705,2.2799999713897705,100.0
2026-04-13 09:44:00,HCH.V,,1.399999976158142,1.399999976158142,1.399999976158142,1.399999976158142,200.0
2026-04-13 09:44:00,HSTR.V,,2.5399999618530273,2.5399999618530273,2.5399999618530273,2.5399999618530273,1000.0
2026-04-13 09:44:00,INTR.V,,0.6899999976158142,0.6899999976158142,0.6899999976158142,0.6899999976158142,500.0
2026-04-13 09:44:00,IPT.V,,0.25,0.2549999952316284,0.25,0.2549999952316284,28500.0
2026-04-13 09:44:00,LTH.V,,0.8199999928474426,0.8199999928474426,0.8100000023841858,0.8100000023841858,39500.0
2026-04-13 09:44:00,MKO.V,,9.5,9.5,9.5,9.5,1560.0
2026-04-13 09:44:00,PNG.V,,8.220000267028809,8.220000267028809,8.220000267028809,8.220000267028809,100.0
2026-04-13 09:44:00,ZNG.V,,1.059999942779541,1.0700000524520874,1.059999942779541,1.0700000524520874,15600.0
2026-04-13 09:45:00,FDR.V,,4.75,4.75,4.75,4.75,700.0
2026-04-13 09:45:00,FWZ.V,,4.480000019073486,4.480000019073486,4.480000019073486,4.480000019073486,10060.0
2026-04-13 09:45:00,GQC.V,,2.2799999713897705,2.2799999713897705,2.2799999713897705,2.2799999713897705,100.0
2026-04-13 09:45:00,INTR.V,,0.6899999976158142,0.6899999976158142,0.6899999976158142,0.6899999976158142,1000.0
2026-04-13 09:45:00,KG.V,,0.2150000035762787,0.2150000035762787,0.2150000035762787,0.2150000035762787,2000.0
2026-04-13 09:45:00,KRI.V,,0.3100000023841858,0.3100000023841858,0.3100000023841858,0.3100000023841858,4500.0
2026-04-13 09:45:00,LMN.V,,21.8700008392334,21.8700008392334,21.850000381469727,21.850000381469727,600.0
2026-04-13 09:45:00,LTH.V,,0.8299999833106995,0.8299999833106995,0.824999988079071,0.8299999833106995,26000.0
2026-04-13 09:45:00,LUCA.V,,1.4550000429153442,1.4550000429153442,1.4550000429153442,1.4550000429153442,600.0
2026-04-13 09:45:00,LVG.V,,0.3100000023841858,0.3100000023841858,0.3100000023841858,0.3100000023841858,98500.0
2026-04-13 09:45:00,MAX.V,,0.3199999928474426,0.3199999928474426,0.3199999928474426,0.3199999928474426,6150.0
2026-04-13 09:45:00,MERG.V,,0.8600000143051147,0.8600000143051147,0.8600000143051147,0.8600000143051147,0.0
2026-04-13 09:45:00,MIM.V,,0.2150000035762787,0.2150000035762787,0.2150000035762787,0.2150000035762787,0.0
2026-04-13 09:45:00,PNG.V,,8.1899995803833,8.229999542236328,8.1899995803833,8.220000267028809,1300.0
2026-04-13 09:45:00,TUF.V,,0.29499998688697815,0.29499998688697815,0.29499998688697815,0.29499998688697815,4000.0
2026-04-13 09:45:00,ZNG.V,,1.0700000524520874,1.0700000524520874,1.0700000524520874,1.0700000524520874,512.0
2026-04-13 09:46:00,EQTY.V,,0.3100000023841858,0.3100000023841858,0.3100000023841858,0.3100000023841858,500.0
2026-04-13 09:46:00,FDR.V,,4.739999771118164,4.764999866485596,4.739999771118164,4.764999866485596,500.0
2026-04-13 09:46:00,FWZ.V,,4.449999809265137,4.489999771118164,4.449999809265137,4.489999771118164,2876.0
2026-04-13 09:46:00,GQC.V,,2.299999952316284,2.299999952316284,2.299999952316284,2.299999952316284,100.0
2026-04-13 09:46:00,HAR.V,,0.05000000074505806,0.05000000074505806,0.05000000074505806,0.05000000074505806,26000.0
2026-04-13 09:46:00,HITI.V,,3.1700000762939453,3.1700000762939453,3.1700000762939453,3.1700000762939453,141.0
2026-04-13 09:46:00,HSTR.V,,2.5299999713897705,2.549999952316284,2.5299999713897705,2.549999952316284,2900.0
2026-04-13 09:46:00,INTR.V,,0.6899999976158142,0.6899999976158142,0.6899999976158142,0.6899999976158142,500.0
2026-04-13 09:46:00,IPT.V,,0.24500000476837158,0.24500000476837158,0.24500000476837158,0.24500000476837158,9000.0
2026-04-13 09:46:00,LG.V,,0.36000001430511475,0.36000001430511475,0.36000001430511475,0.36000001430511475,61964.0
2026-04-13 09:46:00,LTH.V,,0.8299999833106995,0.8299999833106995,0.8299999833106995,0.8299999833106995,41000.0
2026-04-13 09:46:00,LUCA.V,,1.434999942779541,1.4500000476837158,1.434999942779541,1.4500000476837158,10000.0
2026-04-13 09:46:00,NICU.V,,2.2100000381469727,2.2100000381469727,2.2100000381469727,2.2100000381469727,1100.0
2026-04-13 09:46:00,PNG.V,,8.15999984741211,8.210000038146973,8.15999984741211,8.194999694824219,2523.0
2026-04-13 09:47:00,BIG.V,,0.6499999761581421,0.6499999761581421,0.6499999761581421,0.6499999761581421,1000.0
2026-04-13 09:47:00,EQTY.V,,0.3100000023841858,0.3100000023841858,0.3100000023841858,0.3100000023841858,500.0
2026-04-13 09:47:00,FL.V,,0.6349999904632568,0.6349999904632568,0.6349999904632568,0.6349999904632568,500.0
2026-04-13 09:47:00,GG.V,,2.6700000762939453,2.6700000762939453,2.6700000762939453,2.6700000762939453,1000.0
2026-04-13 09:47:00,GQC.V,,2.2799999713897705,2.2799999713897705,2.2799999713897705,2.2799999713897705,100.0
2026-04-13 09:47:00,HAR.V,,0.04500000178813934,0.04500000178813934,0.04500000178813934,0.04500000178813934,2350.0
2026-04-13 09:47:00,HCH.V,,1.3700000047683716,1.440000057220459,1.3700000047683716,1.440000057220459,1350.0
2026-04-13 09:47:00,HHH.V,,6.75,6.75,6.690000057220459,6.690000057220459,8500.0
2026-04-13 09:47:00,HSTR.V,,2.5399999618530273,2.5399999618530273,2.5399999618530273,2.5399999618530273,200.0
2026-04-13 09:47:00,KTN.V,,1.4199999570846558,1.4199999570846558,1.4199999570846558,1.4199999570846558,600.0
2026-04-13 09:47:00,LG.V,,0.36000001430511475,0.36000001430511475,0.36000001430511475,0.36000001430511475,500.0
2026-04-13 09:47:00,LTH.V,,0.8299999833106995,0.8299999833106995,0.8299999833106995,0.8299999833106995,24500.0
2026-04-13 09:47:00,LUCA.V,,1.434999942779541,1.434999942779541,1.434999942779541,1.434999942779541,700.0
2026-04-13 09:47:00,MMA.V,,1.2999999523162842,1.2999999523162842,1.2999999523162842,1.2999999523162842,5000.0
2026-04-13 09:47:00,PNG.V,,8.1899995803833,8.1899995803833,8.149999618530273,8.170000076293945,5530.0
2026-04-13 09:48:00,BIG.V,,0.6499999761581421,0.6499999761581421,0.6499999761581421,0.6499999761581421,1000.0
2026-04-13 09:48:00,EQTY.V,,0.3050000071525574,0.3050000071525574,0.3050000071525574,0.3050000071525574,500.0
2026-04-13 09:48:00,FRED.V,,0.6700000166893005,0.6700000166893005,0.6700000166893005,0.6700000166893005,6600.0
2026-04-13 09:48:00,GG.V,,2.6700000762939453,2.680000066757202,2.6700000762939453,2.680000066757202,14600.0
2026-04-13 09:48:00,GLDN.V,,0.054999999701976776,0.054999999701976776,0.054999999701976776,0.054999999701976776,0.0
2026-04-13 09:48:00,GQC.V,,2.299999952316284,2.299999952316284,2.2799999713897705,2.2799999713897705,200.0
2026-04-13 09:48:00,HME.V,,2.8299999237060547,2.8299999237060547,2.8299999237060547,2.8299999237060547,100.0
2026-04-13 09:48:00,HSTR.V,,2.5399999618530273,2.5399999618530273,2.5399999618530273,2.5399999618530273,1200.0
2026-04-13 09:48:00,JUGR.V,,1.2999999523162842,1.2999999523162842,1.2999999523162842,1.2999999523162842,4100.0
2026-04-13 09:48:00,KLD.V,,2.5299999713897705,2.5299999713897705,2.5299999713897705,2.5299999713897705,0.0
2026-04-13 09:48:00,KRI.V,,0.3100000023841858,0.3100000023841858,0.3100000023841858,0.3100000023841858,5000.0
2026-04-13 09:48:00,LMN.V,,21.940000534057617,21.969999313354492,21.940000534057617,21.969999313354492,1300.0
2026-04-13 09:48:00,LMS.V,,0.2150000035762787,0.2150000035762787,0.2150000035762787,0.2150000035762787,0.0
2026-04-13 09:48:00,LTH.V,,0.8299999833106995,0.8299999833106995,0.8299999833106995,0.8299999833106995,1000.0
2026-04-13 09:48:00,LUCA.V,,1.434999942779541,1.434999942779541,1.434999942779541,1.434999942779541,200.0
2026-04-13 09:48:00,MKO.V,,9.489999771118164,9.489999771118164,9.489999771118164,9.489999771118164,300.0
2026-04-13 09:48:00,PNG.V,,8.260000228881836,8.260000228881836,8.1850004196167,8.1850004196167,17160.0
2026-04-13 09:49:00,GG.V,,2.6700000762939453,2.6700000762939453,2.6700000762939453,2.6700000762939453,7400.0
2026-04-13 09:49:00,GQC.V,,2.299999952316284,2.299999952316284,2.2799999713897705,2.2799999713897705,200.0
2026-04-13 09:49:00,GRSL.V,,0.3199999928474426,0.3199999928474426,0.3199999928474426,0.3199999928474426,5000.0
2026-04-13 09:49:00,GSR.V,,0.5199999809265137,0.5199999809265137,0.5199999809265137,0.5199999809265137,43500.0
2026-04-13 09:49:00,ITR.V,,4.119999885559082,4.119999885559082,4.110000133514404,4.110000133514404,800.0
2026-04-13 09:49:00,LG.V,,0.36000001430511475,0.36000001430511475,0.36000001430511475,0.36000001430511475,4500.0
2026-04-13 09:49:00,LIO.V,,0.23999999463558197,0.23999999463558197,0.23999999463558197,0.23999999463558197,18000.0
2026-04-13 09:49:00,LITH.V,,0.6399999856948853,0.6399999856948853,0.6399999856948853,0.6399999856948853,4500.0
2026-04-13 09:49:00,LMN.V,,22.020000457763672,22.020000457763672,21.979999542236328,21.979999542236328,6800.0
2026-04-13 09:49:00,LPS.V,,0.07999999821186066,0.07999999821186066,0.07999999821186066,0.07999999821186066,1000.0
2026-04-13 09:49:00,LTH.V,,0.8500000238418579,0.8500000238418579,0.8299999833106995,0.8299999833106995,57500.0
2026-04-13 09:49:00,LUCA.V,,1.434999942779541,1.434999942779541,1.434999942779541,1.434999942779541,200.0
2026-04-13 09:49:00,MERG.V,,0.8999999761581421,0.8999999761581421,0.8899999856948853,0.8899999856948853,7500.0
2026-04-13 09:49:00,MKO.V,,9.510000228881836,9.510000228881836,9.479999542236328,9.479999542236328,1500.0
2026-04-13 09:49:00,MTA.V,,9.279999732971191,9.279999732971191,9.279999732971191,9.279999732971191,118.0
2026-04-13 09:49:00,NICU.V,,2.200000047683716,2.2100000381469727,2.200000047683716,2.2100000381469727,400.0
2026-04-13 09:49:00,PNG.V,,8.319999694824219,8.319999694824219,8.260000228881836,8.279999732971191,17401.0
2026-04-13 09:50:00,ESK.V,,0.45500001311302185,0.45500001311302185,0.45500001311302185,0.45500001311302185,21500.0
2026-04-13 09:50:00,FDR.V,,4.789999961853027,4.789999961853027,4.789999961853027,4.789999961853027,300.0
2026-04-13 09:50:00,FWZ.V,,4.5,4.5,4.5,4.5,500.0
2026-04-13 09:50:00,GQC.V,,2.2799999713897705,2.2799999713897705,2.2799999713897705,2.2799999713897705,100.0
2026-04-13 09:50:00,GRSL.V,,0.3199999928474426,0.3199999928474426,0.3199999928474426,0.3199999928474426,23500.0
2026-04-13 09:50:00,GSR.V,,0.5199999809265137,0.5199999809265137,0.5199999809265137,0.5199999809265137,15000.0
2026-04-13 09:50:00,GTC.V,,0.17000000178813934,0.17000000178813934,0.17000000178813934,0.17000000178813934,50000.0
2026-04-13 09:50:00,HAN.V,,0.6000000238418579,0.6000000238418579,0.6000000238418579,0.6000000238418579,12500.0
2026-04-13 09:50:00,HELI.V,,0.04500000178813934,0.04500000178813934,0.04500000178813934,0.04500000178813934,22000.0
2026-04-13 09:50:00,LIO.V,,0.24500000476837158,0.24500000476837158,0.24500000476837158,0.24500000476837158,1000.0
2026-04-13 09:50:00,LMN.V,,22.450000762939453,22.450000762939453,22.420000076293945,22.420000076293945,571.0
2026-04-13 09:50:00,LTH.V,,0.8399999737739563,0.8500000238418579,0.8399999737739563,0.8500000238418579,34500.0
2026-04-13 09:50:00,LUCA.V,,1.434999942779541,1.434999942779541,1.434999942779541,1.434999942779541,100.0
2026-04-13 09:50:00,MLP.V,,2.140000104904175,2.140000104904175,2.119999885559082,2.119999885559082,2621.0
2026-04-13 09:50:00,PNG.V,,8.369999885559082,8.369999885559082,8.300000190734863,8.300000190734863,16026.0
2026-04-13 09:51:00,FDR.V,,4.800000190734863,4.800000190734863,4.800000190734863,4.800000190734863,1565.0
2026-04-13 09:51:00,GQC.V,,2.2799999713897705,2.2799999713897705,2.2799999713897705,2.2799999713897705,200.0
2026-04-13 09:51:00,HME.V,,2.8299999237060547,2.8299999237060547,2.819999933242798,2.8299999237060547,900.0
2026-04-13 09:51:00,HPL.V,,0.10999999940395355,0.10999999940395355,0.10999999940395355,0.10999999940395355,1500.0
2026-04-13 09:51:00,HSTR.V,,2.5399999618530273,2.5399999618530273,2.5399999618530273,2.5399999618530273,600.0
2026-04-13 09:51:00,LPS.V,,0.08500000089406967,0.08500000089406967,0.08500000089406967,0.08500000089406967,3000.0
2026-04-13 09:51:00,LTH.V,,0.8600000143051147,0.8600000143051147,0.8500000238418579,0.8500000238418579,66500.0
2026-04-13 09:51:00,LUCA.V,,1.440000057220459,1.440000057220459,1.434999942779541,1.434999942779541,300.0
2026-04-13 09:51:00,MMA.V,,1.2799999713897705,1.2949999570846558,1.2699999809265137,1.2949999570846558,26300.0
2026-04-13 09:51:00,MTH.V,,0.05000000074505806,0.05000000074505806,0.05000000074505806,0.05000000074505806,0.0
2026-04-13 09:51:00,NURS.V,,3.0899999141693115,3.0899999141693115,3.0799999237060547,3.0799999237060547,200.0
2026-04-13 09:52:00,CELL.V,,0.02500000037252903,0.02500000037252903,0.02500000037252903,0.02500000037252903,8000.0
2026-04-13 09:52:00,GOT.V,,1.6649999618530273,1.6649999618530273,1.6649999618530273,1.6649999618530273,100.0
2026-04-13 09:52:00,GQC.V,,2.2799999713897705,2.2799999713897705,2.2799999713897705,2.2799999713897705,200.0
2026-04-13 09:52:00,HSTR.V,,2.5350000858306885,2.5350000858306885,2.5350000858306885,2.5350000858306885,100.0
2026-04-13 09:52:00,ITR.V,,4.110000133514404,4.110000133514404,4.110000133514404,4.110000133514404,600.0
2026-04-13 09:52:00,KTN.V,,1.4299999475479126,1.4299999475479126,1.4299999475479126,1.4299999475479126,600.0
2026-04-13 09:52:00,LIO.V,,0.23999999463558197,0.23999999463558197,0.23999999463558197,0.23999999463558197,11500.0
2026-04-13 09:52:00,MKO.V,,9.510000228881836,9.510000228881836,9.510000228881836,9.510000228881836,1100.0
2026-04-13 09:52:00,PNG.V,,8.399999618530273,8.399999618530273,8.329999923706055,8.329999923706055,3240.0
2026-04-13 09:53:00,GEN.V,,0.05999999865889549,0.05999999865889549,0.05999999865889549,0.05999999865889549,0.0
2026-04-13 09:53:00,GGO.V,,1.0,1.0,1.0,1.0,4500.0
2026-04-13 09:53:00,GPH.V,,1.2300000190734863,1.2400000095367432,1.2300000190734863,1.2400000095367432,17083.0
2026-04-13 09:53:00,GQC.V,,2.2799999713897705,2.299999952316284,2.2799999713897705,2.299999952316284,200.0
2026-04-13 09:53:00,IFOS.V,,3.9000000953674316,3.9000000953674316,3.9000000953674316,3.9000000953674316,1240.0
2026-04-13 09:53:00,LMS.V,,0.2150000035762787,0.2150000035762787,0.2150000035762787,0.2150000035762787,5000.0
2026-04-13 09:53:00,LTH.V,,0.8799999952316284,0.8799999952316284,0.8500000238418579,0.8500000238418579,157960.0
2026-04-13 09:53:00,LUCA.V,,1.434999942779541,1.434999942779541,1.434999942779541,1.434999942779541,200.0
2026-04-13 09:53:00,MKO.V,,9.479999542236328,9.479999542236328,9.479999542236328,9.479999542236328,225.0
2026-04-13 09:53:00,MLP.V,,2.140000104904175,2.140000104904175,2.140000104904175,2.140000104904175,7100.0
2026-04-13 09:53:00,PNG.V,,8.390000343322754,8.390000343322754,8.350000381469727,8.390000343322754,3800.0
2026-04-13 09:54:00,FL.V,,0.6349999904632568,0.6349999904632568,0.6349999904632568,0.6349999904632568,1500.0
2026-04-13 09:54:00,FRED.V,,0.6700000166893005,0.6700000166893005,0.6700000166893005,0.6700000166893005,2500.0
2026-04-13 09:54:00,GQC.V,,2.2799999713897705,2.2799999713897705,2.2799999713897705,2.2799999713897705,500.0
2026-04-13 09:54:00,HMR.V,,0.8299999833106995,0.8299999833106995,0.8299999833106995,0.8299999833106995,3000.0
2026-04-13 09:54:00,KDK.V,,0.8999999761581421,0.8999999761581421,0.8999999761581421,0.8999999761581421,2456.0
2026-04-13 09:54:00,KS.V,,0.25,0.25,0.25,0.25,1500.0
2026-04-13 09:54:00,LIO.V,,0.24500000476837158,0.24500000476837158,0.24500000476837158,0.24500000476837158,500.0
2026-04-13 09:54:00,LTH.V,,0.8799999952316284,0.8899999856948853,0.8700000047683716,0.8700000047683716,58355.0
2026-04-13 09:54:00,LUCA.V,,1.440000057220459,1.440000057220459,1.434999942779541,1.434999942779541,700.0
2026-04-13 09:54:00,MMA.V,,1.2799999713897705,1.2799999713897705,1.2799999713897705,1.2799999713897705,4100.0
2026-04-13 09:54:00,PNG.V,,8.380000114440918,8.399999618530273,8.369999885559082,8.399999618530273,9630.0
2026-04-13 09:55:00,FL.V,,0.6399999856948853,0.6399999856948853,0.6399999856948853,0.6399999856948853,5000.0
2026-04-13 09:55:00,GGO.V,,1.0099999904632568,1.0099999904632568,1.0099999904632568,1.0099999904632568,17500.0
2026-04-13 09:55:00,GQC.V,,2.2699999809265137,2.2799999713897705,2.2699999809265137,2.2799999713897705,600.0
2026-04-13 09:55:00,GSR.V,,0.5199999809265137,0.5199999809265137,0.5199999809265137,0.5199999809265137,3500.0
2026-04-13 09:55:00,HITI.V,,3.190000057220459,3.190000057220459,3.190000057220459,3.190000057220459,500.0
2026-04-13 09:55:00,HVG.V,,0.054999999701976776,0.054999999701976776,0.054999999701976776,0.054999999701976776,12000.0
2026-04-13 09:55:00,ITR.V,,4.119999885559082,4.119999885559082,4.119999885559082,4.119999885559082,500.0
2026-04-13 09:55:00,KDK.V,,0.9100000262260437,0.9100000262260437,0.9100000262260437,0.9100000262260437,2500.0
2026-04-13 09:55:00,KRY.V,,3.309999942779541,3.309999942779541,3.309999942779541,3.309999942779541,200.0
2026-04-13 09:55:00,LIO.V,,0.23499999940395355,0.23499999940395355,0.23499999940395355,0.23499999940395355,139500.0
2026-04-13 09:55:00,LTH.V,,0.8799999952316284,0.8899999856948853,0.8799999952316284,0.8849999904632568,20279.0
2026-04-13 09:55:00,LUCA.V,,1.440000057220459,1.440000057220459,1.440000057220459,1.440000057220459,200.0
2026-04-13 09:55:00,MERG.V,,0.8999999761581421,0.8999999761581421,0.8999999761581421,0.8999999761581421,8500.0
2026-04-13 09:55:00,MMA.V,,1.284999966621399,1.284999966621399,1.284999966621399,1.284999966621399,200.0
2026-04-13 09:55:00,PNG.V,,8.399999618530273,8.430000305175781,8.390000343322754,8.399999618530273,6386.0
2026-04-13 09:55:00,ROAR.V,,0.26499998569488525,0.26499998569488525,0.2549999952316284,0.25999999046325684,98000.0
2026-04-13 09:56:00,FDR.V,,4.840000152587891,4.840000152587891,4.829999923706055,4.829999923706055,800.0
2026-04-13 09:56:00,FWZ.V,,4.519999980926514,4.519999980926514,4.519999980926514,4.519999980926514,1400.0
2026-04-13 09:56:00,GQC.V,,2.2699999809265137,2.2699999809265137,2.2699999809265137,2.2699999809265137,700.0
2026-04-13 09:56:00,GSR.V,,0.5099999904632568,0.5099999904632568,0.5099999904632568,0.5099999904632568,500.0
2026-04-13 09:56:00,HME.V,,2.819999933242798,2.819999933242798,2.819999933242798,2.819999933242798,563.0
2026-04-13 09:56:00,KTN.V,,1.4299999475479126,1.4299999475479126,1.4299999475479126,1.4299999475479126,1500.0
2026-04-13 09:56:00,LIO.V,,0.23999999463558197,0.23999999463558197,0.23999999463558197,0.23999999463558197,58000.0
2026-04-13 09:56:00,LITH.V,,0.6399999856948853,0.6399999856948853,0.6399999856948853,0.6399999856948853,500.0
2026-04-13 09:56:00,LTH.V,,0.8700000047683716,0.8899999856948853,0.8600000143051147,0.8899999856948853,25619.0
2026-04-13 09:56:00,LUCA.V,,1.440000057220459,1.440000057220459,1.434999942779541,1.434999942779541,3500.0
2026-04-13 09:56:00,MCS.V,,2.2300000190734863,2.369999885559082,2.2300000190734863,2.369999885559082,1800.0
2026-04-13 09:56:00,MGM.V,,2.630000114440918,2.630000114440918,2.630000114440918,2.630000114440918,1000.0
2026-04-13 09:56:00,MKO.V,,9.470000267028809,9.470000267028809,9.470000267028809,9.470000267028809,100.0
2026-04-13 09:56:00,MLP.V,,2.1500000953674316,2.1500000953674316,2.134999990463257,2.134999990463257,1600.0
2026-04-13 09:56:00,PNG.V,,8.40999984741211,8.40999984741211,8.369999885559082,8.390000343322754,9408.0
2026-04-13 09:57:00,BIG.V,,0.6600000262260437,0.6600000262260437,0.6600000262260437,0.6600000262260437,2500.0
2026-04-13 09:57:00,FDR.V,,4.840000152587891,4.840000152587891,4.840000152587891,4.840000152587891,300.0
2026-04-13 09:57:00,GQC.V,,2.2699999809265137,2.2699999809265137,2.2699999809265137,2.2699999809265137,700.0
2026-04-13 09:57:00,GRSL.V,,0.32499998807907104,0.32499998807907104,0.32499998807907104,0.32499998807907104,7000.0
2026-04-13 09:57:00,HSTR.V,,2.5299999713897705,2.5299999713897705,2.5199999809265137,2.5250000953674316,16000.0
2026-04-13 09:57:00,ITR.V,,4.119999885559082,4.119999885559082,4.119999885559082,4.119999885559082,800.0
2026-04-13 09:57:00,KG.V,,0.2150000035762787,0.2150000035762787,0.2150000035762787,0.2150000035762787,1000.0
2026-04-13 09:57:00,LRA.V,,3.799999952316284,3.799999952316284,3.799999952316284,3.799999952316284,0.0
2026-04-13 09:57:00,LTH.V,,0.8899999856948853,0.8899999856948853,0.8700000047683716,0.8700000047683716,58006.0
2026-04-13 09:57:00,LUCA.V,,1.434999942779541,1.440000057220459,1.434999942779541,1.440000057220459,400.0
2026-04-13 09:57:00,PNG.V,,8.420000076293945,8.420000076293945,8.420000076293945,8.420000076293945,5801.0
2026-04-13 09:58:00,FDR.V,,4.849999904632568,4.849999904632568,4.849999904632568,4.849999904632568,100.0
2026-04-13 09:58:00,FL.V,,0.6399999856948853,0.6399999856948853,0.6399999856948853,0.6399999856948853,500.0
2026-04-13 09:58:00,FWZ.V,,4.510000228881836,4.510000228881836,4.510000228881836,4.510000228881836,900.0
2026-04-13 09:58:00,GOT.V,,1.6699999570846558,1.6699999570846558,1.6699999570846558,1.6699999570846558,700.0
2026-04-13 09:58:00,GQC.V,,2.2699999809265137,2.2699999809265137,2.2699999809265137,2.2699999809265137,600.0
2026-04-13 09:58:00,GTC.V,,0.17000000178813934,0.17000000178813934,0.17000000178813934,0.17000000178813934,87000.0
2026-04-13 09:58:00,HSTR.V,,2.5399999618530273,2.5399999618530273,2.5399999618530273,2.5399999618530273,3200.0
2026-04-13 09:58:00,ITR.V,,4.150000095367432,4.150000095367432,4.150000095367432,4.150000095367432,600.0
2026-04-13 09:58:00,IVS.V,,0.23000000417232513,0.23000000417232513,0.23000000417232513,0.23000000417232513,7500.0
2026-04-13 09:58:00,KRY.V,,3.2799999713897705,3.2799999713897705,3.2799999713897705,3.2799999713897705,1000.0
2026-04-13 09:58:00,LTH.V,,0.8999999761581421,0.8999999761581421,0.8899999856948853,0.8899999856948853,70788.0
2026-04-13 09:58:00,LUCA.V,,1.4450000524520874,1.4450000524520874,1.434999942779541,1.434999942779541,9300.0
2026-04-13 09:58:00,MCS.V,,2.0999999046325684,2.0999999046325684,2.0999999046325684,2.0999999046325684,2760.0
2026-04-13 09:58:00,MKO.V,,9.479999542236328,9.479999542236328,9.470000267028809,9.470000267028809,900.0
2026-04-13 09:58:00,MLP.V,,2.1500000953674316,2.1500000953674316,2.1449999809265137,2.1449999809265137,800.0
2026-04-13 09:58:00,MTA.V,,9.270000457763672,9.270000457763672,9.270000457763672,9.270000457763672,1105.0
2026-04-13 09:59:00,FDR.V,,4.849999904632568,4.849999904632568,4.849999904632568,4.849999904632568,400.0
2026-04-13 09:59:00,GGO.V,,1.0099999904632568,1.0099999904632568,1.0099999904632568,1.0099999904632568,500.0
2026-04-13 09:59:00,GPH.V,,1.2599999904632568,1.2599999904632568,1.2599999904632568,1.2599999904632568,1100.0
2026-04-13 09:59:00,GQC.V,,2.2699999809265137,2.2699999809265137,2.2699999809265137,2.2699999809265137,500.0
2026-04-13 09:59:00,GSP.V,,0.15000000596046448,0.15000000596046448,0.15000000596046448,0.15000000596046448,1000.0
2026-04-13 09:59:00,HME.V,,2.819999933242798,2.819999933242798,2.819999933242798,2.819999933242798,2200.0
2026-04-13 09:59:00,KLD.V,,2.5299999713897705,2.5299999713897705,2.5299999713897705,2.5299999713897705,100.0
2026-04-13 09:59:00,KTN.V,,1.440000057220459,1.440000057220459,1.440000057220459,1.440000057220459,4170.0
2026-04-13 09:59:00,LTH.V,,0.8700000047683716,0.8999999761581421,0.8700000047683716,0.8949999809265137,220285.0
2026-04-13 09:59:00,LUCA.V,,1.4500000476837158,1.4500000476837158,1.4500000476837158,1.4500000476837158,1200.0
2026-04-13 09:59:00,MFG.V,,4.400000095367432,4.400000095367432,4.400000095367432,4.400000095367432,2500.0
2026-04-13 09:59:00,MKO.V,,9.640000343322754,9.640000343322754,9.470000267028809,9.470000267028809,9165.0
2026-04-13 09:59:00,MMA.V,,1.2899999618530273,1.2899999618530273,1.2899999618530273,1.2899999618530273,1400.0
2026-04-13 09:59:00,PNG.V,,8.430000305175781,8.430000305175781,8.399999618530273,8.40999984741211,1550.0
2026-04-13 09:59:00,YGT.V,,0.20499999821186066,0.20499999821186066,0.20499999821186066,0.20499999821186066,6500.0
2026-04-13 10:00:00,EQTY.V,,0.3100000023841858,0.3100000023841858,0.3100000023841858,0.3100000023841858,1000.0
2026-04-13 10:00:00,FDR.V,,4.829999923706055,4.829999923706055,4.829999923706055,4.829999923706055,400.0
2026-04-13 10:00:00,FMS.V,,0.3700000047683716,0.3700000047683716,0.3700000047683716,0.3700000047683716,1000.0
2026-04-13 10:00:00,FWZ.V,,4.5,4.5,4.5,4.5,800.0
2026-04-13 10:00:00,GQC.V,,2.2699999809265137,2.2699999809265137,2.2699999809265137,2.2699999809265137,500.0
2026-04-13 10:00:00,GRSL.V,,0.33000001311302185,0.33000001311302185,0.33000001311302185,0.33000001311302185,9500.0
2026-04-13 10:00:00,GSVR.V,,0.6200000047683716,0.6200000047683716,0.6200000047683716,0.6200000047683716,32000.0
2026-04-13 10:00:00,HME.V,,2.8299999237060547,2.8299999237060547,2.8299999237060547,2.8299999237060547,200.0
2026-04-13 10:00:00,ITR.V,,4.159999847412109,4.159999847412109,4.159999847412109,4.159999847412109,100.0
2026-04-13 10:00:00,KDK.V,,0.9100000262260437,0.9100000262260437,0.9100000262260437,0.9100000262260437,3000.0
2026-04-13 10:00:00,LAB.V,,0.06499999761581421,0.06499999761581421,0.06499999761581421,0.06499999761581421,0.0
2026-04-13 10:00:00,LG.V,,0.36500000953674316,0.36500000953674316,0.36500000953674316,0.36500000953674316,5000.0
2026-04-13 10:00:00,LTH.V,,0.8600000143051147,0.8600000143051147,0.8600000143051147,0.8600000143051147,3500.0
2026-04-13 10:00:00,LUCA.V,,1.465000033378601,1.4700000286102295,1.4550000429153442,1.4550000429153442,2000.0
2026-04-13 10:00:00,PNG.V,,8.414999961853027,8.420000076293945,8.40999984741211,8.420000076293945,8190.0
2026-04-13 10:00:00,ROAR.V,,0.26499998569488525,0.26499998569488525,0.26499998569488525,0.26499998569488525,41000.0
2026-04-13 10:01:00,FDR.V,,4.849999904632568,4.849999904632568,4.849999904632568,4.849999904632568,300.0
2026-04-13 10:01:00,GNG.V,,0.15000000596046448,0.15000000596046448,0.15000000596046448,0.15000000596046448,0.0
2026-04-13 10:01:00,GPH.V,,1.25,1.2599999904632568,1.25,1.2599999904632568,2500.0
2026-04-13 10:01:00,GQC.V,,2.2699999809265137,2.2699999809265137,2.2699999809265137,2.2699999809265137,600.0
2026-04-13 10:01:00,KRY.V,,3.359999895095825,3.359999895095825,3.2899999618530273,3.2899999618530273,4100.0
2026-04-13 10:01:00,LG.V,,0.36500000953674316,0.36500000953674316,0.36500000953674316,0.36500000953674316,10000.0
2026-04-13 10:01:00,LMN.V,,22.399999618530273,22.399999618530273,22.350000381469727,22.350000381469727,1100.0
2026-04-13 10:01:00,LTH.V,,0.8500000238418579,0.8700000047683716,0.8500000238418579,0.8600000143051147,7715.0
2026-04-13 10:01:00,LUCA.V,,1.4700000286102295,1.4700000286102295,1.4700000286102295,1.4700000286102295,100.0
2026-04-13 10:01:00,MTH.V,,0.05000000074505806,0.05000000074505806,0.05000000074505806,0.05000000074505806,21926.0
2026-04-13 10:01:00,PNG.V,,8.470000267028809,8.479999542236328,8.40999984741211,8.430000305175781,16563.0
2026-04-13 10:02:00,FDR.V,,4.849999904632568,4.849999904632568,4.849999904632568,4.849999904632568,200.0
2026-04-13 10:02:00,FL.V,,0.6349999904632568,0.6399999856948853,0.6349999904632568,0.6399999856948853,3000.0
2026-04-13 10:02:00,GQC.V,,2.2699999809265137,2.2699999809265137,2.2699999809265137,2.2699999809265137,600.0
2026-04-13 10:02:00,GSTM.V,,0.20000000298023224,0.20000000298023224,0.20000000298023224,0.20000000298023224,400000.0
2026-04-13 10:02:00,GSVR.V,,0.6200000047683716,0.6200000047683716,0.6200000047683716,0.6200000047683716,1000.0
2026-04-13 10:02:00,HME.V,,2.819999933242798,2.825000047683716,2.819999933242798,2.819999933242798,955.0
2026-04-13 10:02:00,KLDC.V,,0.18000000715255737,0.18000000715255737,0.18000000715255737,0.18000000715255737,14500.0
2026-04-13 10:02:00,KTN.V,,1.4500000476837158,1.4500000476837158,1.4500000476837158,1.4500000476837158,600.0
2026-04-13 10:02:00,LMN.V,,22.309999465942383,22.309999465942383,22.309999465942383,22.309999465942383,1600.0
2026-04-13 10:02:00,LUCA.V,,1.4550000429153442,1.4600000381469727,1.4550000429153442,1.4600000381469727,300.0
2026-04-13 10:02:00,PNG.V,,8.4399995803833,8.4399995803833,8.4399995803833,8.4399995803833,165.0
2026-04-13 10:03:00,BIG.V,,0.6499999761581421,0.6499999761581421,0.6499999761581421,0.6499999761581421,40000.0
2026-04-13 10:03:00,FDR.V,,4.849999904632568,4.849999904632568,4.849999904632568,4.849999904632568,129.0
2026-04-13 10:03:00,FL.V,,0.6349999904632568,0.6349999904632568,0.6349999904632568,0.6349999904632568,500.0
2026-04-13 10:03:00,FWZ.V,,4.519999980926514,4.519999980926514,4.519999980926514,4.519999980926514,666.0
2026-04-13 10:03:00,GEL.V,,0.15000000596046448,0.15000000596046448,0.15000000596046448,0.15000000596046448,40028.0
2026-04-13 10:03:00,GLAD.V,,1.2999999523162842,1.2999999523162842,1.2949999570846558,1.2999999523162842,6400.0
2026-04-13 10:03:00,GQC.V,,2.2699999809265137,2.2699999809265137,2.2699999809265137,2.2699999809265137,500.0
2026-04-13 10:03:00,LG.V,,0.3700000047683716,0.3700000047683716,0.3700000047683716,0.3700000047683716,21000.0
2026-04-13 10:03:00,LMN.V,,22.200000762939453,22.219999313354492,22.200000762939453,22.219999313354492,800.0
2026-04-13 10:03:00,LTH.V,,0.8799999952316284,0.8799999952316284,0.8700000047683716,0.8700000047683716,12696.0
2026-04-13 10:03:00,LUCA.V,,1.4500000476837158,1.4550000429153442,1.4500000476837158,1.4550000429153442,1800.0
2026-04-13 10:03:00,MMA.V,,1.2899999618530273,1.2899999618530273,1.2799999713897705,1.2799999713897705,5100.0
2026-04-13 10:03:00,NICU.V,,2.2300000190734863,2.2300000190734863,2.2300000190734863,2.2300000190734863,1000.0
2026-04-13 10:03:00,PNG.V,,8.460000038146973,8.470000267028809,8.4399995803833,8.470000267028809,4000.0
2026-04-13 10:03:00,TUF.V,,0.30000001192092896,0.30000001192092896,0.30000001192092896,0.30000001192092896,1500.0
2026-04-13 10:04:00,GOT.V,,1.6799999475479126,1.6799999475479126,1.6799999475479126,1.6799999475479126,500.0
2026-04-13 10:04:00,GQC.V,,2.2699999809265137,2.2799999713897705,2.2699999809265137,2.2799999713897705,3300.0
2026-04-13 10:04:00,HME.V,,2.819999933242798,2.819999933242798,2.819999933242798,2.819999933242798,1100.0
2026-04-13 10:04:00,ITR.V,,4.130000114440918,4.130000114440918,4.130000114440918,4.130000114440918,1300.0
2026-04-13 10:04:00,JUGR.V,,1.3300000429153442,1.3300000429153442,1.3200000524520874,1.3200000524520874,5000.0
2026-04-13 10:04:00,LG.V,,0.3700000047683716,0.3700000047683716,0.3700000047683716,0.3700000047683716,10000.0
2026-04-13 10:04:00,LMN.V,,22.5,22.5,22.2549991607666,22.2549991607666,5580.0
2026-04-13 10:04:00,LTH.V,,0.8799999952316284,0.8799999952316284,0.875,0.8799999952316284,5500.0
2026-04-13 10:04:00,LUCA.V,,1.4550000429153442,1.4550000429153442,1.4550000429153442,1.4550000429153442,206.0
2026-04-13 10:04:00,MKO.V,,9.520000457763672,9.520000457763672,9.520000457763672,9.520000457763672,500.0
2026-04-13 10:04:00,MLP.V,,2.1600000858306885,2.1600000858306885,2.1600000858306885,2.1600000858306885,100.0
2026-04-13 10:04:00,NICU.V,,2.2300000190734863,2.2300000190734863,2.2300000190734863,2.2300000190734863,600.0
2026-04-13 10:04:00,PNG.V,,8.4399995803833,8.449999809265137,8.4399995803833,8.449999809265137,1400.0
2026-04-13 10:05:00,FMS.V,,0.3700000047683716,0.375,0.3700000047683716,0.375,5000.0
2026-04-13 10:05:00,GQC.V,,2.2699999809265137,2.2699999809265137,2.2699999809265137,2.2699999809265137,800.0
2026-04-13 10:05:00,HME.V,,2.809999942779541,2.809999942779541,2.809999942779541,2.809999942779541,1877.0
2026-04-13 10:05:00,HSTR.V,,2.559999942779541,2.559999942779541,2.549999952316284,2.559999942779541,2400.0
2026-04-13 10:05:00,IFOS.V,,3.8499999046325684,3.859999895095825,3.8499999046325684,3.859999895095825,8500.0
2026-04-13 10:05:00,KDK.V,,0.9200000166893005,0.9200000166893005,0.9200000166893005,0.9200000166893005,9000.0
2026-04-13 10:05:00,LUCA.V,,1.4600000381469727,1.4600000381469727,1.4600000381469727,1.4600000381469727,300.0
2026-04-13 10:05:00,MKO.V,,9.489999771118164,9.5,9.489999771118164,9.5,1700.0
2026-04-13 10:05:00,MLP.V,,2.174999952316284,2.174999952316284,2.1700000762939453,2.1700000762939453,200.0
2026-04-13 10:05:00,MTA.V,,9.319999694824219,9.319999694824219,9.319999694824219,9.319999694824219,146.0
2026-04-13 10:05:00,PNG.V,,8.460000038146973,8.460000038146973,8.449999809265137,8.449999809265137,500.0
2026-04-13 10:05:00,ZNG.V,,1.090000033378601,1.090000033378601,1.0800000429153442,1.0800000429153442,12300.0
2026-04-13 10:06:00,FWZ.V,,4.5,4.5,4.5,4.5,100.0
2026-04-13 10:06:00,GQC.V,,2.2699999809265137,2.2699999809265137,2.2699999809265137,2.2699999809265137,600.0
2026-04-13 10:06:00,GSVR.V,,0.6200000047683716,0.6200000047683716,0.6200000047683716,0.6200000047683716,4550.0
2026-04-13 10:06:00,HME.V,,2.805000066757202,2.805000066757202,2.799999952316284,2.799999952316284,30900.0
2026-04-13 10:06:00,IFOS.V,,3.8299999237060547,3.8299999237060547,3.8299999237060547,3.8299999237060547,2000.0
2026-04-13 10:06:00,ITR.V,,4.130000114440918,4.130000114440918,4.130000114440918,4.130000114440918,100.0
2026-04-13 10:06:00,KRY.V,,3.369999885559082,3.380000114440918,3.3499999046325684,3.3499999046325684,6600.0
2026-04-13 10:06:00,LG.V,,0.3700000047683716,0.3700000047683716,0.3700000047683716,0.3700000047683716,10000.0
2026-04-13 10:06:00,LMN.V,,22.5,22.510000228881836,22.25,22.469999313354492,3550.0
2026-04-13 10:06:00,NICU.V,,2.2200000286102295,2.2200000286102295,2.2200000286102295,2.2200000286102295,400.0
2026-04-13 10:06:00,PNG.V,,8.4399995803833,8.449999809265137,8.4399995803833,8.449999809265137,4800.0
2026-04-13 10:07:00,GGI.V,,0.125,0.125,0.125,0.125,500.0
2026-04-13 10:07:00,GQC.V,,2.2699999809265137,2.2699999809265137,2.2699999809265137,2.2699999809265137,1000.0
2026-04-13 10:07:00,HME.V,,2.799999952316284,2.799999952316284,2.799999952316284,2.799999952316284,400.0
2026-04-13 10:07:00,HSTR.V,,2.559999942779541,2.559999942779541,2.559999942779541,2.559999942779541,1000.0
2026-04-13 10:07:00,IPT.V,,0.25,0.25,0.25,0.25,500.0
2026-04-13 10:07:00,ITR.V,,4.099999904632568,4.119999885559082,4.099999904632568,4.119999885559082,3800.0
2026-04-13 10:07:00,JUGR.V,,1.3300000429153442,1.3300000429153442,1.3300000429153442,1.3300000429153442,401.0
2026-04-13 10:07:00,KRY.V,,3.369999885559082,3.369999885559082,3.369999885559082,3.369999885559082,200.0
2026-04-13 10:07:00,LTH.V,,0.8700000047683716,0.8700000047683716,0.8700000047683716,0.8700000047683716,500.0
2026-04-13 10:07:00,MKO.V,,9.460000038146973,9.470000267028809,9.460000038146973,9.470000267028809,800.0
2026-04-13 10:07:00,PNG.V,,8.479999542236328,8.479999542236328,8.449999809265137,8.449999809265137,2386.0
2026-04-13 10:08:00,BIG.V,,0.6600000262260437,0.6600000262260437,0.6600000262260437,0.6600000262260437,1166.0
2026-04-13 10:08:00,ESK.V,,0.4449999928474426,0.4449999928474426,0.4449999928474426,0.4449999928474426,5500.0
2026-04-13 10:08:00,FDR.V,,4.829999923706055,4.869999885559082,4.829999923706055,4.869999885559082,2500.0
2026-04-13 10:08:00,FL.V,,0.6399999856948853,0.6399999856948853,0.6399999856948853,0.6399999856948853,8500.0
2026-04-13 10:08:00,FWZ.V,,4.489999771118164,4.489999771118164,4.489999771118164,4.489999771118164,200.0
2026-04-13 10:08:00,GPG.V,,0.41999998688697815,0.41999998688697815,0.41999998688697815,0.41999998688697815,500.0
2026-04-13 10:08:00,GQC.V,,2.2699999809265137,2.2699999809265137,2.2699999809265137,2.2699999809265137,600.0
2026-04-13 10:08:00,GSVR.V,,0.6200000047683716,0.6200000047683716,0.6200000047683716,0.6200000047683716,23600.0
2026-04-13 10:08:00,IFOS.V,,3.859999895095825,3.859999895095825,3.859999895095825,3.859999895095825,7300.0
2026-04-13 10:08:00,LRA.V,,3.799999952316284,3.799999952316284,3.799999952316284,3.799999952316284,200.0
2026-04-13 10:08:00,LTH.V,,0.8700000047683716,0.8700000047683716,0.8650000095367432,0.8700000047683716,26500.0
2026-04-13 10:08:00,MKO.V,,9.539999961853027,9.539999961853027,9.510000228881836,9.510000228881836,2150.0
2026-04-13 10:08:00,NICU.V,,2.2200000286102295,2.2300000190734863,2.2200000286102295,2.2200000286102295,400.0
2026-04-13 10:08:00,PNG.V,,8.479999542236328,8.479999542236328,8.479999542236328,8.479999542236328,700.0
2026-04-13 10:09:00,FDR.V,,4.820000171661377,4.840000152587891,4.820000171661377,4.829999923706055,800.0
2026-04-13 10:09:00,FL.V,,0.6399999856948853,0.6399999856948853,0.6399999856948853,0.6399999856948853,1000.0
2026-04-13 10:09:00,GMA.V,,0.27000001072883606,0.27000001072883606,0.27000001072883606,0.27000001072883606,15500.0
2026-04-13 10:09:00,GQC.V,,2.2699999809265137,2.2699999809265137,2.2699999809265137,2.2699999809265137,400.0
2026-04-13 10:09:00,GTC.V,,0.18000000715255737,0.18000000715255737,0.18000000715255737,0.18000000715255737,10000.0
2026-04-13 10:09:00,IFOS.V,,3.880000114440918,3.880000114440918,3.880000114440918,3.880000114440918,200.0
2026-04-13 10:09:00,ITR.V,,4.090000152587891,4.090000152587891,4.090000152587891,4.090000152587891,100.0
2026-04-13 10:09:00,KTN.V,,1.4500000476837158,1.4500000476837158,1.440000057220459,1.440000057220459,3300.0
2026-04-13 10:09:00,LTH.V,,0.8600000143051147,0.8650000095367432,0.8600000143051147,0.8650000095367432,29000.0
2026-04-13 10:09:00,LUCA.V,,1.4500000476837158,1.4550000429153442,1.4500000476837158,1.4550000429153442,1900.0
2026-04-13 10:09:00,MLP.V,,2.180000066757202,2.180000066757202,2.180000066757202,2.180000066757202,5600.0
2026-04-13 10:09:00,PNG.V,,8.460000038146973,8.479999542236328,8.460000038146973,8.479999542236328,800.0
2026-04-13 10:10:00,GG.V,,2.640000104904175,2.640000104904175,2.640000104904175,2.640000104904175,238.0
2026-04-13 10:10:00,GMA.V,,0.27000001072883606,0.27000001072883606,0.27000001072883606,0.27000001072883606,22000.0
2026-04-13 10:10:00,GQC.V,,2.2699999809265137,2.2699999809265137,2.2699999809265137,2.2699999809265137,30600.0
2026-04-13 10:10:00,GTC.V,,0.18000000715255737,0.18000000715255737,0.18000000715255737,0.18000000715255737,10000.0
2026-04-13 10:10:00,HHH.V,,6.599999904632568,6.599999904632568,6.599999904632568,6.599999904632568,100.0
2026-04-13 10:10:00,HSTR.V,,2.559999942779541,2.559999942779541,2.559999942779541,2.559999942779541,1000.0
2026-04-13 10:10:00,INTR.V,,0.6899999976158142,0.6899999976158142,0.6899999976158142,0.6899999976158142,2000.0
2026-04-13 10:10:00,IPT.V,,0.24500000476837158,0.25,0.24500000476837158,0.25,135000.0
2026-04-13 10:10:00,ITR.V,,4.099999904632568,4.099999904632568,4.099999904632568,4.099999904632568,400.0
2026-04-13 10:10:00,KRY.V,,3.359999895095825,3.359999895095825,3.359999895095825,3.359999895095825,100.0
2026-04-13 10:10:00,LMN.V,,22.290000915527344,22.299999237060547,22.290000915527344,22.299999237060547,1932.0
2026-04-13 10:10:00,LTH.V,,0.8600000143051147,0.8600000143051147,0.8500000238418579,0.8600000143051147,18722.0
2026-04-13 10:10:00,LUCA.V,,1.4500000476837158,1.4500000476837158,1.440000057220459,1.4500000476837158,300.0
2026-04-13 10:10:00,MLP.V,,2.200000047683716,2.200000047683716,2.184999942779541,2.184999942779541,9400.0
2026-04-13 10:10:00,MTS.V,,0.14499999582767487,0.15000000596046448,0.14499999582767487,0.15000000596046448,0.0
2026-04-13 10:10:00,NURS.V,,3.0999999046325684,3.0999999046325684,3.0999999046325684,3.0999999046325684,100.0
2026-04-13 10:10:00,PNG.V,,8.489999771118164,8.489999771118164,8.479999542236328,8.479999542236328,7757.0
2026-04-13 10:11:00,EQTY.V,,0.3149999976158142,0.3149999976158142,0.3149999976158142,0.3149999976158142,1000.0
2026-04-13 10:11:00,FDR.V,,4.829999923706055,4.829999923706055,4.800000190734863,4.800000190734863,1800.0
2026-04-13 10:11:00,GG.V,,2.640000104904175,2.640000104904175,2.609999895095825,2.609999895095825,3300.0
2026-04-13 10:11:00,GGO.V,,1.0099999904632568,1.0099999904632568,1.0099999904632568,1.0099999904632568,500.0
2026-04-13 10:11:00,GMA.V,,0.27000001072883606,0.27000001072883606,0.27000001072883606,0.27000001072883606,3000.0
2026-04-13 10:11:00,GQC.V,,2.2899999618530273,2.2899999618530273,2.2699999809265137,2.2799999713897705,7100.0
2026-04-13 10:11:00,HHH.V,,6.599999904632568,6.599999904632568,6.599999904632568,6.599999904632568,4900.0
2026-04-13 10:11:00,HVG.V,,0.05999999865889549,0.05999999865889549,0.05999999865889549,0.05999999865889549,20000.0
2026-04-13 10:11:00,IFOS.V,,3.880000114440918,3.890000104904175,3.880000114440918,3.880000114440918,650.0
2026-04-13 10:11:00,ITR.V,,4.079999923706055,4.099999904632568,4.079999923706055,4.090000152587891,8960.0
2026-04-13 10:11:00,LEM.V,,0.30000001192092896,0.30000001192092896,0.30000001192092896,0.30000001192092896,3000.0
2026-04-13 10:11:00,LME.V,,0.2150000035762787,0.2150000035762787,0.2150000035762787,0.2150000035762787,500.0
2026-04-13 10:11:00,LUCA.V,,1.4550000429153442,1.4550000429153442,1.4500000476837158,1.4500000476837158,400.0
2026-04-13 10:11:00,MKO.V,,9.59000015258789,9.59000015258789,9.59000015258789,9.59000015258789,100.0
2026-04-13 10:11:00,NICU.V,,2.2300000190734863,2.2300000190734863,2.2200000286102295,2.2200000286102295,300.0
2026-04-13 10:11:00,PNG.V,,8.5,8.5,8.5,8.5,680.0
2026-04-13 10:12:00,FL.V,,0.6349999904632568,0.6349999904632568,0.6349999904632568,0.6349999904632568,500.0
2026-04-13 10:12:00,FO.V,,0.3050000071525574,0.3100000023841858,0.3050000071525574,0.3100000023841858,63000.0
2026-04-13 10:12:00,FUU.V,,0.17000000178813934,0.17000000178813934,0.17000000178813934,0.17000000178813934,7500.0
2026-04-13 10:12:00,GQC.V,,2.2799999713897705,2.2799999713897705,2.2799999713897705,2.2799999713897705,200.0
2026-04-13 10:12:00,GRSL.V,,0.33000001311302185,0.33000001311302185,0.33000001311302185,0.33000001311302185,864.0
2026-04-13 10:12:00,HHH.V,,6.599999904632568,6.599999904632568,6.599999904632568,6.599999904632568,3600.0
2026-04-13 10:12:00,ITR.V,,4.079999923706055,4.079999923706055,4.070000171661377,4.070000171661377,1200.0
2026-04-13 10:12:00,KDK.V,,0.9200000166893005,0.9200000166893005,0.9200000166893005,0.9200000166893005,8725.0
2026-04-13 10:12:00,KRI.V,,0.3050000071525574,0.3050000071525574,0.3050000071525574,0.3050000071525574,10000.0
2026-04-13 10:12:00,LG.V,,0.3700000047683716,0.3700000047683716,0.36500000953674316,0.36500000953674316,45000.0
2026-04-13 10:12:00,LTH.V,,0.8650000095367432,0.8650000095367432,0.8650000095367432,0.8650000095367432,1500.0
2026-04-13 10:12:00,LUCA.V,,1.440000057220459,1.4550000429153442,1.440000057220459,1.4550000429153442,2000.0
2026-04-13 10:12:00,PNG.V,,8.489999771118164,8.5,8.489999771118164,8.5,2700.0
2026-04-13 10:13:00,FWZ.V,,4.489999771118164,4.5,4.489999771118164,4.5,1400.0
2026-04-13 10:13:00,GOT.V,,1.6799999475479126,1.6799999475479126,1.6799999475479126,1.6799999475479126,100.0
2026-04-13 10:13:00,GQC.V,,2.2799999713897705,2.2799999713897705,2.2799999713897705,2.2799999713897705,400.0
2026-04-13 10:13:00,HAN.V,,0.6100000143051147,0.6100000143051147,0.6100000143051147,0.6100000143051147,500.0
2026-04-13 10:13:00,IFOS.V,,3.9000000953674316,3.9000000953674316,3.890000104904175,3.890000104904175,2807.0
2026-04-13 10:13:00,LG.V,,0.3700000047683716,0.3700000047683716,0.3700000047683716,0.3700000047683716,12000.0
2026-04-13 10:13:00,LITH.V,,0.6399999856948853,0.6399999856948853,0.6399999856948853,0.6399999856948853,6500.0
2026-04-13 10:13:00,LUCA.V,,1.4450000524520874,1.4450000524520874,1.4450000524520874,1.4450000524520874,100.0
2026-04-13 10:13:00,NICU.V,,2.2300000190734863,2.2300000190734863,2.2300000190734863,2.2300000190734863,200.0
2026-04-13 10:13:00,PNG.V,,8.470000267028809,8.489999771118164,8.470000267028809,8.489999771118164,7975.0
2026-04-13 10:14:00,EQTY.V,,0.3199999928474426,0.3199999928474426,0.3149999976158142,0.3149999976158142,70000.0
2026-04-13 10:14:00,FDR.V,,4.849999904632568,4.849999904632568,4.849999904632568,4.849999904632568,500.0
2026-04-13 10:14:00,FL.V,,0.6399999856948853,0.6399999856948853,0.6399999856948853,0.6399999856948853,8500.0
2026-04-13 10:14:00,GQC.V,,2.2899999618530273,2.2899999618530273,2.2799999713897705,2.2799999713897705,700.0
2026-04-13 10:14:00,GRSL.V,,0.33000001311302185,0.33000001311302185,0.33000001311302185,0.33000001311302185,3462.0
2026-04-13 10:14:00,GSP.V,,0.15000000596046448,0.15000000596046448,0.15000000596046448,0.15000000596046448,1500.0
2026-04-13 10:14:00,GSVR.V,,0.6200000047683716,0.6200000047683716,0.6200000047683716,0.6200000047683716,500.0
2026-04-13 10:14:00,HSTR.V,,2.559999942779541,2.559999942779541,2.559999942779541,2.559999942779541,100.0
2026-04-13 10:14:00,ITR.V,,4.110000133514404,4.110000133514404,4.110000133514404,4.110000133514404,1600.0
2026-04-13 10:14:00,KTN.V,,1.4500000476837158,1.4500000476837158,1.4500000476837158,1.4500000476837158,100.0
2026-04-13 10:14:00,LPS.V,,0.09000000357627869,0.09000000357627869,0.09000000357627869,0.09000000357627869,18000.0
2026-04-13 10:14:00,LTH.V,,0.8650000095367432,0.8700000047683716,0.8650000095367432,0.8650000095367432,4650.0
2026-04-13 10:14:00,LUCA.V,,1.4600000381469727,1.4600000381469727,1.4450000524520874,1.4450000524520874,2600.0
2026-04-13 10:14:00,MKO.V,,9.609999656677246,9.609999656677246,9.600000381469727,9.600000381469727,19400.0
2026-04-13 10:14:00,PNG.V,,8.460000038146973,8.479999542236328,8.460000038146973,8.470000267028809,18333.0
2026-04-13 10:15:00,BIG.V,,0.6499999761581421,0.6499999761581421,0.6499999761581421,0.6499999761581421,23000.0
2026-04-13 10:15:00,GPM.V,,0.09000000357627869,0.09000000357627869,0.09000000357627869,0.09000000357627869,1000.0
2026-04-13 10:15:00,GQC.V,,2.2899999618530273,2.2899999618530273,2.2799999713897705,2.2899999618530273,600.0
2026-04-13 10:15:00,HME.V,,2.815000057220459,2.815000057220459,2.809999942779541,2.809999942779541,1253.0
2026-04-13 10:15:00,IFOS.V,,3.9200000762939453,3.9200000762939453,3.9200000762939453,3.9200000762939453,100.0
2026-04-13 10:15:00,LEM.V,,0.28999999165534973,0.28999999165534973,0.28999999165534973,0.28999999165534973,28500.0
2026-04-13 10:15:00,LTH.V,,0.8799999952316284,0.8799999952316284,0.8700000047683716,0.8700000047683716,31800.0
2026-04-13 10:15:00,MKO.V,,9.600000381469727,9.609999656677246,9.600000381469727,9.609999656677246,500.0
2026-04-13 10:15:00,NICU.V,,2.2300000190734863,2.2300000190734863,2.2300000190734863,2.2300000190734863,26636.0
2026-04-13 10:15:00,NURS.V,,3.0999999046325684,3.0999999046325684,3.0999999046325684,3.0999999046325684,700.0
2026-04-13 10:15:00,PNG.V,,8.449999809265137,8.479999542236328,8.449999809265137,8.479999542236328,12170.0
2026-04-13 10:16:00,FRED.V,,0.6700000166893005,0.6700000166893005,0.6700000166893005,0.6700000166893005,4000.0
2026-04-13 10:16:00,FWZ.V,,4.519999980926514,4.519999980926514,4.519999980926514,4.519999980926514,635.0
2026-04-13 10:16:00,GGO.V,,1.0299999713897705,1.0299999713897705,1.0199999809265137,1.0199999809265137,24000.0
2026-04-13 10:16:00,GMA.V,,0.27000001072883606,0.27000001072883606,0.27000001072883606,0.27000001072883606,5000.0
2026-04-13 10:16:00,GQC.V,,2.2799999713897705,2.2799999713897705,2.2799999713897705,2.2799999713897705,400.0
2026-04-13 10:16:00,GRSL.V,,0.33000001311302185,0.33000001311302185,0.33000001311302185,0.33000001311302185,9000.0
2026-04-13 10:16:00,HHH.V,,6.5,6.5,6.5,6.5,100.0
2026-04-13 10:16:00,HSTR.V,,2.559999942779541,2.559999942779541,2.559999942779541,2.559999942779541,1100.0
2026-04-13 10:16:00,ITR.V,,4.110000133514404,4.110000133514404,4.110000133514404,4.110000133514404,1400.0
2026-04-13 10:16:00,KRY.V,,3.259999990463257,3.299999952316284,3.259999990463257,3.299999952316284,700.0
2026-04-13 10:16:00,KTN.V,,1.440000057220459,1.440000057220459,1.440000057220459,1.440000057220459,800.0
2026-04-13 10:16:00,LEM.V,,0.28999999165534973,0.28999999165534973,0.28999999165534973,0.28999999165534973,8500.0
2026-04-13 10:16:00,LTH.V,,0.8899999856948853,0.8899999856948853,0.8899999856948853,0.8899999856948853,6000.0
2026-04-13 10:16:00,MGM.V,,2.630000114440918,2.630000114440918,2.630000114440918,2.630000114440918,300.0
2026-04-13 10:16:00,PNG.V,,8.4399995803833,8.449999809265137,8.4399995803833,8.449999809265137,24020.0
2026-04-13 10:17:00,GHL.V,,0.054999999701976776,0.054999999701976776,0.054999999701976776,0.054999999701976776,0.0
2026-04-13 10:17:00,GMA.V,,0.27000001072883606,0.27000001072883606,0.27000001072883606,0.27000001072883606,10000.0
2026-04-13 10:17:00,GOT.V,,1.6799999475479126,1.6799999475479126,1.6799999475479126,1.6799999475479126,1500.0
2026-04-13 10:17:00,GQC.V,,2.2799999713897705,2.2799999713897705,2.2799999713897705,2.2799999713897705,800.0
2026-04-13 10:17:00,IFOS.V,,3.940000057220459,3.940000057220459,3.930000066757202,3.930000066757202,1100.0
2026-04-13 10:17:00,ITR.V,,4.110000133514404,4.110000133514404,4.110000133514404,4.110000133514404,100.0
2026-04-13 10:17:00,LTH.V,,0.8799999952316284,0.8849999904632568,0.8799999952316284,0.8849999904632568,7000.0
2026-04-13 10:17:00,MGM.V,,2.680000066757202,2.680000066757202,2.6700000762939453,2.6700000762939453,7200.0
2026-04-13 10:17:00,MKO.V,,9.569999694824219,9.569999694824219,9.569999694824219,9.569999694824219,100.0
2026-04-13 10:17:00,PNG.V,,8.460000038146973,8.460000038146973,8.430000305175781,8.430000305175781,5953.0
2026-04-13 10:17:00,ROAR.V,,0.26499998569488525,0.26499998569488525,0.26499998569488525,0.26499998569488525,9000.0
2026-04-13 10:18:00,EVER.V,,0.6100000143051147,0.6100000143051147,0.5899999737739563,0.5899999737739563,0.0
2026-04-13 10:18:00,FO.V,,0.3050000071525574,0.3050000071525574,0.3050000071525574,0.3050000071525574,3000.0
2026-04-13 10:18:00,GG.V,,2.6600000858306885,2.6600000858306885,2.6600000858306885,2.6600000858306885,400.0
2026-04-13 10:18:00,GLAD.V,,1.2799999713897705,1.2899999618530273,1.274999976158142,1.274999976158142,1100.0
2026-04-13 10:18:00,GOT.V,,1.6799999475479126,1.6799999475479126,1.6799999475479126,1.6799999475479126,2000.0
2026-04-13 10:18:00,GQC.V,,2.2799999713897705,2.2799999713897705,2.2799999713897705,2.2799999713897705,400.0
2026-04-13 10:18:00,HMR.V,,0.8299999833106995,0.8299999833106995,0.8299999833106995,0.8299999833106995,5000.0
2026-04-13 10:18:00,IFOS.V,,3.9700000286102295,3.9700000286102295,3.940000057220459,3.940000057220459,10575.0
2026-04-13 10:18:00,ITR.V,,4.119999885559082,4.119999885559082,4.119999885559082,4.119999885559082,1430.0
2026-04-13 10:18:00,LPS.V,,0.09000000357627869,0.09000000357627869,0.09000000357627869,0.09000000357627869,1000.0
2026-04-13 10:18:00,LTH.V,,0.8799999952316284,0.8849999904632568,0.8799999952316284,0.8849999904632568,11548.0
2026-04-13 10:18:00,LUCA.V,,1.4550000429153442,1.4600000381469727,1.4550000429153442,1.4600000381469727,200.0
2026-04-13 10:18:00,MLP.V,,2.180000066757202,2.180000066757202,2.180000066757202,2.180000066757202,1300.0
2026-04-13 10:18:00,PNG.V,,8.430000305175781,8.4399995803833,8.420000076293945,8.4399995803833,1526.0
2026-04-13 10:19:00,BIG.V,,0.6700000166893005,0.6700000166893005,0.6600000262260437,0.6600000262260437,33000.0
2026-04-13 10:19:00,EVER.V,,0.6200000047683716,0.6200000047683716,0.6200000047683716,0.6200000047683716,4500.0
2026-04-13 10:19:00,FDR.V,,4.849999904632568,4.849999904632568,4.849999904632568,4.849999904632568,500.0
2026-04-13 10:19:00,FRED.V,,0.6800000071525574,0.6800000071525574,0.6700000166893005,0.6700000166893005,14400.0
2026-04-13 10:19:00,FWZ.V,,4.489999771118164,4.510000228881836,4.489999771118164,4.510000228881836,5410.0
2026-04-13 10:19:00,GG.V,,2.6600000858306885,2.6600000858306885,2.6600000858306885,2.6600000858306885,2300.0
2026-04-13 10:19:00,GGO.V,,1.0299999713897705,1.0299999713897705,1.0299999713897705,1.0299999713897705,19748.0
2026-04-13 10:19:00,GQC.V,,2.2799999713897705,2.2799999713897705,2.2799999713897705,2.2799999713897705,400.0
2026-04-13 10:19:00,HMR.V,,0.8299999833106995,0.8299999833106995,0.8299999833106995,0.8299999833106995,2000.0
2026-04-13 10:19:00,HSTR.V,,2.569999933242798,2.569999933242798,2.569999933242798,2.569999933242798,200.0
2026-04-13 10:19:00,KLDC.V,,0.18000000715255737,0.18000000715255737,0.18000000715255737,0.18000000715255737,500.0
2026-04-13 10:19:00,LEM.V,,0.28999999165534973,0.28999999165534973,0.28999999165534973,0.28999999165534973,2000.0
2026-04-13 10:19:00,LG.V,,0.3700000047683716,0.3700000047683716,0.3700000047683716,0.3700000047683716,18000.0
2026-04-13 10:19:00,LUCA.V,,1.4600000381469727,1.4600000381469727,1.4550000429153442,1.4550000429153442,500.0
2026-04-13 10:19:00,PNG.V,,8.460000038146973,8.460000038146973,8.430000305175781,8.4399995803833,3312.0
2026-04-13 10:19:00,ZNG.V,,1.090000033378601,1.090000033378601,1.090000033378601,1.090000033378601,300.0
2026-04-13 10:20:00,FDR.V,,4.849999904632568,4.849999904632568,4.809999942779541,4.84499979019165,1100.0
2026-04-13 10:20:00,GCOM.V,,0.03999999910593033,0.03999999910593033,0.03999999910593033,0.03999999910593033,0.0
2026-04-13 10:20:00,GIGA.V,,0.09000000357627869,0.09000000357627869,0.09000000357627869,0.09000000357627869,1000.0
2026-04-13 10:20:00,GQC.V,,2.2699999809265137,2.2899999618530273,2.2699999809265137,2.2799999713897705,20400.0
2026-04-13 10:20:00,GRSL.V,,0.33500000834465027,0.33500000834465027,0.33500000834465027,0.33500000834465027,27500.0
2026-04-13 10:20:00,HMR.V,,0.8299999833106995,0.8299999833106995,0.8299999833106995,0.8299999833106995,1900.0
2026-04-13 10:20:00,HSTR.V,,2.569999933242798,2.569999933242798,2.569999933242798,2.569999933242798,200.0
2026-04-13 10:20:00,IFOS.V,,3.9700000286102295,3.9700000286102295,3.9700000286102295,3.9700000286102295,500.0
2026-04-13 10:20:00,LEM.V,,0.29499998688697815,0.29499998688697815,0.29499998688697815,0.29499998688697815,24000.0
2026-04-13 10:20:00,LMN.V,,22.100000381469727,22.110000610351562,22.100000381469727,22.110000610351562,300.0
2026-04-13 10:20:00,LTH.V,,0.8799999952316284,0.8799999952316284,0.8799999952316284,0.8799999952316284,1500.0
2026-04-13 10:20:00,LUCA.V,,1.4700000286102295,1.4700000286102295,1.4600000381469727,1.4600000381469727,4200.0
2026-04-13 10:20:00,MKO.V,,9.630000114440918,9.630000114440918,9.630000114440918,9.630000114440918,1400.0
2026-04-13 10:20:00,NICU.V,,2.2300000190734863,2.2300000190734863,2.2300000190734863,2.2300000190734863,600.0
2026-04-13 10:20:00,PNG.V,,8.470000267028809,8.470000267028809,8.470000267028809,8.470000267028809,1500.0
2026-04-13 10:21:00,FDR.V,,4.849999904632568,4.855000019073486,4.849999904632568,4.855000019073486,700.0
2026-04-13 10:21:00,GQC.V,,2.2799999713897705,2.2899999618530273,2.2699999809265137,2.2899999618530273,800.0
2026-04-13 10:21:00,GRSL.V,,0.33500000834465027,0.33500000834465027,0.33500000834465027,0.33500000834465027,1000.0
2026-04-13 10:21:00,LEM.V,,0.30000001192092896,0.30000001192092896,0.29750001430511475,0.30000001192092896,6050.0
2026-04-13 10:21:00,LG.V,,0.3700000047683716,0.3700000047683716,0.3700000047683716,0.3700000047683716,500.0
2026-04-13 10:21:00,LMN.V,,22.100000381469727,22.100000381469727,22.100000381469727,22.100000381469727,100.0
2026-04-13 10:21:00,LTH.V,,0.8899999856948853,0.8899999856948853,0.8799999952316284,0.8799999952316284,40961.0
2026-04-13 10:21:00,LUCA.V,,1.4500000476837158,1.4500000476837158,1.4500000476837158,1.4500000476837158,100.0
2026-04-13 10:21:00,MCS.V,,2.2899999618530273,2.2899999618530273,2.2899999618530273,2.2899999618530273,100.0
2026-04-13 10:21:00,PNG.V,,8.430000305175781,8.449999809265137,8.430000305175781,8.449999809265137,6300.0
2026-04-13 10:22:00,GQC.V,,2.2699999809265137,2.2699999809265137,2.2699999809265137,2.2699999809265137,400.0
2026-04-13 10:22:00,IFOS.V,,3.950000047683716,3.950000047683716,3.950000047683716,3.950000047683716,600.0
2026-04-13 10:22:00,JZR.V,,0.28999999165534973,0.28999999165534973,0.28999999165534973,0.28999999165534973,2000.0
2026-04-13 10:22:00,LEM.V,,0.29499998688697815,0.29499998688697815,0.29499998688697815,0.29499998688697815,9000.0
2026-04-13 10:22:00,LTH.V,,0.8899999856948853,0.8899999856948853,0.8899999856948853,0.8899999856948853,1500.0
2026-04-13 10:22:00,LUCA.V,,1.4600000381469727,1.4600000381469727,1.4600000381469727,1.4600000381469727,100.0
2026-04-13 10:22:00,PNG.V,,8.449999809265137,8.449999809265137,8.449999809265137,8.449999809265137,5382.0
2026-04-13 10:22:00,YGT.V,,0.20499999821186066,0.20499999821186066,0.20499999821186066,0.20499999821186066,7500.0
2026-04-13 10:22:00,ZNG.V,,1.100000023841858,1.100000023841858,1.100000023841858,1.100000023841858,10000.0
2026-04-13 10:23:00,GMA.V,,0.27000001072883606,0.27000001072883606,0.27000001072883606,0.27000001072883606,65000.0
2026-04-13 10:23:00,GQC.V,,2.2699999809265137,2.2699999809265137,2.2699999809265137,2.2699999809265137,400.0
2026-04-13 10:23:00,GSVR.V,,0.6299999952316284,0.6299999952316284,0.6299999952316284,0.6299999952316284,11411.0
2026-04-13 10:23:00,HCH.V,,1.4199999570846558,1.4199999570846558,1.4199999570846558,1.4199999570846558,100.0
2026-04-13 10:23:00,HSTR.V,,2.559999942779541,2.569999933242798,2.559999942779541,2.569999933242798,1300.0
2026-04-13 10:23:00,IFOS.V,,3.950000047683716,3.950000047683716,3.950000047683716,3.950000047683716,504.0
2026-04-13 10:23:00,ITR.V,,4.119999885559082,4.125,4.119999885559082,4.125,500.0
2026-04-13 10:23:00,LG.V,,0.3700000047683716,0.3700000047683716,0.3700000047683716,0.3700000047683716,19500.0
2026-04-13 10:23:00,LIO.V,,0.24500000476837158,0.24500000476837158,0.23999999463558197,0.23999999463558197,105000.0
2026-04-13 10:23:00,LTH.V,,0.9100000262260437,0.9100000262260437,0.8999999761581421,0.8999999761581421,45850.0
2026-04-13 10:23:00,LUCA.V,,1.4550000429153442,1.4600000381469727,1.4550000429153442,1.4550000429153442,400.0
2026-04-13 10:23:00,NICU.V,,2.240000009536743,2.240000009536743,2.240000009536743,2.240000009536743,2200.0
2026-04-13 10:23:00,PNG.V,,8.489999771118164,8.5,8.460000038146973,8.460000038146973,11996.0
2026-04-13 10:24:00,FRED.V,,0.6899999976158142,0.6899999976158142,0.6899999976158142,0.6899999976158142,500.0
2026-04-13 10:24:00,FWZ.V,,4.5,4.5,4.5,4.5,500.0
2026-04-13 10:24:00,GPH.V,,1.25,1.25,1.25,1.25,1000.0
2026-04-13 10:24:00,GQC.V,,2.2699999809265137,2.2699999809265137,2.2699999809265137,2.2699999809265137,200.0
2026-04-13 10:24:00,GSVR.V,,0.6200000047683716,0.6200000047683716,0.6200000047683716,0.6200000047683716,2000.0
2026-04-13 10:24:00,HSTR.V,,2.549999952316284,2.559999942779541,2.549999952316284,2.559999942779541,2700.0
2026-04-13 10:24:00,ITR.V,,4.110000133514404,4.130000114440918,4.110000133514404,4.130000114440918,3300.0
2026-04-13 10:24:00,LTH.V,,0.9100000262260437,0.9200000166893005,0.8999999761581421,0.9200000166893005,18500.0
2026-04-13 10:24:00,LUCA.V,,1.4550000429153442,1.4550000429153442,1.4550000429153442,1.4550000429153442,100.0
2026-04-13 10:24:00,LVG.V,,0.3100000023841858,0.3100000023841858,0.3100000023841858,0.3100000023841858,4000.0
2026-04-13 10:24:00,PNG.V,,8.5,8.5,8.479999542236328,8.489999771118164,4150.0
2026-04-13 10:25:00,FDR.V,,4.849999904632568,4.849999904632568,4.849999904632568,4.849999904632568,100.0
2026-04-13 10:25:00,FRED.V,,0.699999988079071,0.699999988079071,0.699999988079071,0.699999988079071,6000.0
2026-04-13 10:25:00,FWZ.V,,4.480000019073486,4.489999771118164,4.480000019073486,4.489999771118164,5500.0
2026-04-13 10:25:00,GGO.V,,1.0399999618530273,1.0399999618530273,1.0399999618530273,1.0399999618530273,600.0
2026-04-13 10:25:00,GQC.V,,2.2699999809265137,2.2699999809265137,2.2699999809265137,2.2699999809265137,400.0
2026-04-13 10:25:00,HSTR.V,,2.5399999618530273,2.5399999618530273,2.5399999618530273,2.5399999618530273,2000.0
2026-04-13 10:25:00,ITR.V,,4.110000133514404,4.110000133514404,4.110000133514404,4.110000133514404,100.0
2026-04-13 10:25:00,KLD.V,,2.5299999713897705,2.5399999618530273,2.5299999713897705,2.5399999618530273,200.0
2026-04-13 10:25:00,LIO.V,,0.24500000476837158,0.24500000476837158,0.24500000476837158,0.24500000476837158,68500.0
2026-04-13 10:25:00,LMN.V,,22.209999084472656,22.209999084472656,22.209999084472656,22.209999084472656,100.0
2026-04-13 10:25:00,LTH.V,,0.8999999761581421,0.8999999761581421,0.8999999761581421,0.8999999761581421,10000.0
2026-04-13 10:25:00,LUCA.V,,1.4500000476837158,1.4550000429153442,1.4500000476837158,1.4550000429153442,700.0
2026-04-13 10:25:00,MKO.V,,9.619999885559082,9.619999885559082,9.619999885559082,9.619999885559082,900.0
2026-04-13 10:25:00,NICU.V,,2.25,2.25,2.25,2.25,400.0
2026-04-13 10:26:00,FDR.V,,4.800000190734863,4.840000152587891,4.800000190734863,4.840000152587891,6500.0
2026-04-13 10:26:00,FO.V,,0.3100000023841858,0.3100000023841858,0.3100000023841858,0.3100000023841858,47500.0
2026-04-13 10:26:00,FRED.V,,0.699999988079071,0.699999988079071,0.699999988079071,0.699999988079071,500.0
2026-04-13 10:26:00,GLAD.V,,1.2799999713897705,1.2799999713897705,1.2799999713897705,1.2799999713897705,200.0
2026-04-13 10:26:00,GMA.V,,0.27000001072883606,0.27000001072883606,0.27000001072883606,0.27000001072883606,500.0
2026-04-13 10:26:00,GOT.V,,1.6799999475479126,1.6799999475479126,1.6799999475479126,1.6799999475479126,3000.0
2026-04-13 10:26:00,GQC.V,,2.2899999618530273,2.2899999618530273,2.2699999809265137,2.2699999809265137,500.0
2026-04-13 10:26:00,GRSL.V,,0.33000001311302185,0.33000001311302185,0.33000001311302185,0.33000001311302185,36000.0
2026-04-13 10:26:00,GSTM.V,,0.20000000298023224,0.20000000298023224,0.20000000298023224,0.20000000298023224,5000.0
2026-04-13 10:26:00,GSVR.V,,0.6200000047683716,0.6200000047683716,0.6200000047683716,0.6200000047683716,4284.0
2026-04-13 10:26:00,HSTR.V,,2.5299999713897705,2.5299999713897705,2.5299999713897705,2.5299999713897705,4900.0
2026-04-13 10:26:00,ITR.V,,4.079999923706055,4.079999923706055,4.079999923706055,4.079999923706055,2700.0
2026-04-13 10:26:00,IVS.V,,0.23000000417232513,0.23000000417232513,0.23000000417232513,0.23000000417232513,12000.0
2026-04-13 10:26:00,LIO.V,,0.24500000476837158,0.24500000476837158,0.24500000476837158,0.24500000476837158,101500.0
2026-04-13 10:26:00,LUCA.V,,1.4500000476837158,1.4500000476837158,1.4500000476837158,1.4500000476837158,200.0
2026-04-13 10:26:00,MKO.V,,9.619999885559082,9.619999885559082,9.619999885559082,9.619999885559082,100.0
2026-04-13 10:26:00,MMA.V,,1.2899999618530273,1.2899999618530273,1.2899999618530273,1.2899999618530273,1000.0
2026-04-13 10:26:00,MTA.V,,9.319999694824219,9.319999694824219,9.319999694824219,9.319999694824219,100.0
2026-04-13 10:26:00,PNG.V,,8.5,8.5,8.5,8.5,1130.0
2026-04-13 10:27:00,FDR.V,,4.840000152587891,4.849999904632568,4.829999923706055,4.829999923706055,2750.0
2026-04-13 10:27:00,FL.V,,0.6499999761581421,0.6499999761581421,0.6449999809265137,0.6449999809265137,8000.0
2026-04-13 10:27:00,FUU.V,,0.17499999701976776,0.17499999701976776,0.17499999701976776,0.17499999701976776,52500.0
2026-04-13 10:27:00,GMA.V,,0.27000001072883606,0.27000001072883606,0.27000001072883606,0.27000001072883606,2000.0
2026-04-13 10:27:00,GQC.V,,2.2899999618530273,2.2899999618530273,2.2699999809265137,2.2699999809265137,300.0
2026-04-13 10:27:00,GSVR.V,,0.6150000095367432,0.6150000095367432,0.6150000095367432,0.6150000095367432,500.0
2026-04-13 10:27:00,GTC.V,,0.18000000715255737,0.18000000715255737,0.18000000715255737,0.18000000715255737,5000.0
2026-04-13 10:27:00,HME.V,,2.819999933242798,2.819999933242798,2.819999933242798,2.819999933242798,500.0
2026-04-13 10:27:00,HSTR.V,,2.5350000858306885,2.5350000858306885,2.5350000858306885,2.5350000858306885,200.0
2026-04-13 10:27:00,ITR.V,,4.079999923706055,4.079999923706055,4.079999923706055,4.079999923706055,100.0
2026-04-13 10:27:00,IVS.V,,0.23000000417232513,0.23000000417232513,0.23000000417232513,0.23000000417232513,10000.0
2026-04-13 10:27:00,KLD.V,,2.549999952316284,2.549999952316284,2.5399999618530273,2.5399999618530273,10300.0
2026-04-13 10:27:00,LIO.V,,0.24500000476837158,0.24500000476837158,0.24500000476837158,0.24500000476837158,43000.0
2026-04-13 10:27:00,LMN.V,,22.299999237060547,22.31999969482422,22.299999237060547,22.309999465942383,300.0
2026-04-13 10:27:00,LRA.V,,3.799999952316284,3.799999952316284,3.799999952316284,3.799999952316284,100.0
2026-04-13 10:27:00,LTH.V,,0.9100000262260437,0.9100000262260437,0.9049999713897705,0.9049999713897705,1000.0
2026-04-13 10:27:00,LUCA.V,,1.4550000429153442,1.4550000429153442,1.4550000429153442,1.4550000429153442,300.0
2026-04-13 10:27:00,MKO.V,,9.609999656677246,9.619999885559082,9.609999656677246,9.619999885559082,425.0
2026-04-13 10:27:00,PNG.V,,8.520000457763672,8.529999732971191,8.5,8.5,67378.0
2026-04-13 10:27:00,ZNG.V,,1.1100000143051147,1.1200000047683716,1.1100000143051147,1.1100000143051147,43826.0
2026-04-13 10:28:00,FRED.V,,0.699999988079071,0.699999988079071,0.699999988079071,0.699999988079071,500.0
2026-04-13 10:28:00,FUU.V,,0.17499999701976776,0.17499999701976776,0.17499999701976776,0.17499999701976776,21000.0
2026-04-13 10:28:00,GNG.V,,0.15000000596046448,0.15000000596046448,0.15000000596046448,0.15000000596046448,5000.0
2026-04-13 10:28:00,GQC.V,,2.2899999618530273,2.2899999618530273,2.2699999809265137,2.2699999809265137,600.0
2026-04-13 10:28:00,HITI.V,,3.200000047683716,3.200000047683716,3.200000047683716,3.200000047683716,2000.0
2026-04-13 10:28:00,HSTR.V,,2.5299999713897705,2.5299999713897705,2.5299999713897705,2.5299999713897705,100.0
2026-04-13 10:28:00,KLDC.V,,0.18000000715255737,0.18000000715255737,0.18000000715255737,0.18000000715255737,4000.0
2026-04-13 10:28:00,LMN.V,,22.229999542236328,22.229999542236328,22.229999542236328,22.229999542236328,102.0
2026-04-13 10:28:00,LTH.V,,0.9100000262260437,0.9100000262260437,0.9049999713897705,0.9049999713897705,1500.0
2026-04-13 10:28:00,LUCA.V,,1.4500000476837158,1.4500000476837158,1.4500000476837158,1.4500000476837158,800.0
2026-04-13 10:28:00,MKO.V,,9.600000381469727,9.600000381469727,9.600000381469727,9.600000381469727,1000.0
2026-04-13 10:28:00,PNG.V,,8.529999732971191,8.529999732971191,8.5,8.520000457763672,3816.0
2026-04-13 10:28:00,ZNG.V,,1.1200000047683716,1.1200000047683716,1.1200000047683716,1.1200000047683716,500.0
2026-04-13 10:29:00,GOT.V,,1.6799999475479126,1.6799999475479126,1.6799999475479126,1.6799999475479126,1000.0
2026-04-13 10:29:00,GQC.V,,2.2799999713897705,2.2799999713897705,2.2699999809265137,2.2699999809265137,300.0
2026-04-13 10:29:00,HSTR.V,,2.5399999618530273,2.5399999618530273,2.5399999618530273,2.5399999618530273,400.0
2026-04-13 10:29:00,KLD.V,,2.569999933242798,2.569999933242798,2.569999933242798,2.569999933242798,1500.0
2026-04-13 10:29:00,LG.V,,0.3700000047683716,0.3700000047683716,0.3700000047683716,0.3700000047683716,500.0
2026-04-13 10:29:00,LMN.V,,22.25,22.25,22.25,22.25,300.0
2026-04-13 10:29:00,LTH.V,,0.9100000262260437,0.9100000262260437,0.9049999713897705,0.9049999713897705,1500.0
2026-04-13 10:29:00,LUCA.V,,1.4550000429153442,1.4550000429153442,1.4550000429153442,1.4550000429153442,100.0
2026-04-13 10:29:00,MKO.V,,9.619999885559082,9.619999885559082,9.619999885559082,9.619999885559082,400.0
2026-04-13 10:29:00,MMA.V,,1.2999999523162842,1.2999999523162842,1.2949999570846558,1.2949999570846558,21500.0
2026-04-13 10:29:00,PNG.V,,8.539999961853027,8.539999961853027,8.529999732971191,8.529999732971191,6453.0
2026-04-13 10:30:00,FDR.V,,4.849999904632568,4.849999904632568,4.849999904632568,4.849999904632568,100.0
2026-04-13 10:30:00,FKM.V,,0.2524999976158142,0.2524999976158142,0.2524999976158142,0.2524999976158142,6500.0
2026-04-13 10:30:00,FWZ.V,,4.46999979019165,4.480000019073486,4.46999979019165,4.46999979019165,5700.0
2026-04-13 10:30:00,GQC.V,,2.2799999713897705,2.2799999713897705,2.2799999713897705,2.2799999713897705,400.0
2026-04-13 10:30:00,GTC.V,,0.18000000715255737,0.18000000715255737,0.18000000715255737,0.18000000715255737,18500.0
2026-04-13 10:30:00,HITI.V,,3.2100000381469727,3.2100000381469727,3.2100000381469727,3.2100000381469727,100.0
2026-04-13 10:30:00,HSTR.V,,2.5399999618530273,2.5399999618530273,2.5399999618530273,2.5399999618530273,700.0
2026-04-13 10:30:00,IFOS.V,,3.930000066757202,3.950000047683716,3.930000066757202,3.940000057220459,19110.0
2026-04-13 10:30:00,ITR.V,,4.099999904632568,4.099999904632568,4.099999904632568,4.099999904632568,100.0
2026-04-13 10:30:00,LTH.V,,0.9100000262260437,0.9100000262260437,0.9100000262260437,0.9100000262260437,500.0
2026-04-13 10:30:00,LUCA.V,,1.4550000429153442,1.4550000429153442,1.4550000429153442,1.4550000429153442,100.0
2026-04-13 10:30:00,LVG.V,,0.3100000023841858,0.3100000023841858,0.3100000023841858,0.3100000023841858,4500.0
2026-04-13 10:30:00,MAX.V,,0.33000001311302185,0.33000001311302185,0.33000001311302185,0.33000001311302185,3300.0
2026-04-13 10:30:00,NICU.V,,2.240000009536743,2.25,2.2300000190734863,2.2300000190734863,24450.0
2026-04-13 10:30:00,PNG.V,,8.550000190734863,8.550000190734863,8.539999961853027,8.539999961853027,3380.0
2026-04-13 10:31:00,FDR.V,,4.829999923706055,4.829999923706055,4.829999923706055,4.829999923706055,100.0
2026-04-13 10:31:00,FO.V,,0.3100000023841858,0.3100000023841858,0.3100000023841858,0.3100000023841858,84000.0
2026-04-13 10:31:00,GOT.V,,1.684999942779541,1.684999942779541,1.684999942779541,1.684999942779541,100.0
2026-04-13 10:31:00,GQC.V,,2.2799999713897705,2.2799999713897705,2.2799999713897705,2.2799999713897705,600.0
2026-04-13 10:31:00,HELI.V,,0.03999999910593033,0.03999999910593033,0.03999999910593033,0.03999999910593033,1000.0
2026-04-13 10:31:00,HME.V,,2.809999942779541,2.809999942779541,2.7799999713897705,2.809999942779541,13200.0
2026-04-13 10:31:00,HSTR.V,,2.5399999618530273,2.549999952316284,2.5399999618530273,2.5399999618530273,2400.0
2026-04-13 10:31:00,LG.V,,0.3700000047683716,0.3700000047683716,0.3700000047683716,0.3700000047683716,14500.0
2026-04-13 10:31:00,LTH.V,,0.9100000262260437,0.9100000262260437,0.9100000262260437,0.9100000262260437,500.0
2026-04-13 10:31:00,MIM.V,,0.2199999988079071,0.2199999988079071,0.2199999988079071,0.2199999988079071,3000.0
2026-04-13 10:31:00,MTH.V,,0.04500000178813934,0.04500000178813934,0.04500000178813934,0.04500000178813934,35000.0
2026-04-13 10:31:00,PNG.V,,8.550000190734863,8.5600004196167,8.550000190734863,8.5600004196167,5483.0
2026-04-13 10:32:00,GQC.V,,2.2799999713897705,2.2799999713897705,2.2799999713897705,2.2799999713897705,1800.0
2026-04-13 10:32:00,GSP.V,,0.15000000596046448,0.15000000596046448,0.15000000596046448,0.15000000596046448,8000.0
2026-04-13 10:32:00,HME.V,,2.799999952316284,2.799999952316284,2.799999952316284,2.799999952316284,100.0
2026-04-13 10:32:00,HMR.V,,0.8299999833106995,0.8299999833106995,0.8299999833106995,0.8299999833106995,1300.0
2026-04-13 10:32:00,ITR.V,,4.099999904632568,4.099999904632568,4.099999904632568,4.099999904632568,1700.0
2026-04-13 10:32:00,LEM.V,,0.29499998688697815,0.29499998688697815,0.29499998688697815,0.29499998688697815,12000.0
2026-04-13 10:32:00,LMN.V,,22.239999771118164,22.25,22.229999542236328,22.25,3200.0
2026-04-13 10:32:00,LTH.V,,0.9100000262260437,0.9100000262260437,0.9100000262260437,0.9100000262260437,500.0
2026-04-13 10:32:00,LUCA.V,,1.4550000429153442,1.4550000429153442,1.4550000429153442,1.4550000429153442,100.0
2026-04-13 10:32:00,MKO.V,,9.640000343322754,9.640000343322754,9.640000343322754,9.640000343322754,100.0
2026-04-13 10:32:00,PNG.V,,8.5600004196167,8.5600004196167,8.5600004196167,8.5600004196167,1100.0
2026-04-13 10:33:00,FO.V,,0.3100000023841858,0.3100000023841858,0.3100000023841858,0.3100000023841858,13000.0
2026-04-13 10:33:00,GQC.V,,2.2699999809265137,2.2699999809265137,2.2699999809265137,2.2699999809265137,600.0
2026-04-13 10:33:00,ITR.V,,4.099999904632568,4.099999904632568,4.099999904632568,4.099999904632568,100.0
2026-04-13 10:33:00,KRI.V,,0.30000001192092896,0.30000001192092896,0.30000001192092896,0.30000001192092896,14000.0
2026-04-13 10:33:00,LEM.V,,0.29499998688697815,0.29499998688697815,0.29499998688697815,0.29499998688697815,7000.0
2026-04-13 10:33:00,LTH.V,,0.9100000262260437,0.9100000262260437,0.9100000262260437,0.9100000262260437,6480.0
2026-04-13 10:33:00,LUCA.V,,1.4550000429153442,1.4550000429153442,1.4550000429153442,1.4550000429153442,400.0
2026-04-13 10:33:00,MMA.V,,1.2999999523162842,1.2999999523162842,1.2999999523162842,1.2999999523162842,700.0
2026-04-13 10:33:00,PNG.V,,8.555000305175781,8.569999694824219,8.555000305175781,8.5600004196167,1800.0
2026-04-13 10:34:00,FDR.V,,4.860000133514404,4.860000133514404,4.860000133514404,4.860000133514404,200.0
2026-04-13 10:34:00,GQC.V,,2.2699999809265137,2.2699999809265137,2.2699999809265137,2.2699999809265137,400.0
2026-04-13 10:34:00,GSP.V,,0.15000000596046448,0.15000000596046448,0.15000000596046448,0.15000000596046448,139500.0
2026-04-13 10:34:00,GSVR.V,,0.625,0.625,0.6200000047683716,0.6200000047683716,22000.0
2026-04-13 10:34:00,ITR.V,,4.110000133514404,4.110000133514404,4.110000133514404,4.110000133514404,800.0
2026-04-13 10:34:00,IVS.V,,0.23000000417232513,0.23000000417232513,0.23000000417232513,0.23000000417232513,9500.0
2026-04-13 10:34:00,KRY.V,,3.3399999141693115,3.3399999141693115,3.3399999141693115,3.3399999141693115,200.0
2026-04-13 10:34:00,LMN.V,,22.190000534057617,22.190000534057617,22.190000534057617,22.190000534057617,100.0
2026-04-13 10:34:00,LTH.V,,0.9049999713897705,0.9100000262260437,0.9049999713897705,0.9049999713897705,1500.0
2026-04-13 10:34:00,MLP.V,,2.190000057220459,2.190000057220459,2.180000066757202,2.180000066757202,3300.0
2026-04-13 10:34:00,PNG.V,,8.539999961853027,8.5600004196167,8.539999961853027,8.5600004196167,1706.0
2026-04-13 10:35:00,FDR.V,,4.849999904632568,4.849999904632568,4.849999904632568,4.849999904632568,200.0
2026-04-13 10:35:00,FUU.V,,0.17000000178813934,0.17000000178813934,0.17000000178813934,0.17000000178813934,500.0
2026-04-13 10:35:00,GLAD.V,,1.2799999713897705,1.2799999713897705,1.2799999713897705,1.2799999713897705,200.0
2026-04-13 10:35:00,GQC.V,,2.2699999809265137,2.2699999809265137,2.2699999809265137,2.2699999809265137,400.0
2026-04-13 10:35:00,GRB.V,,0.4950000047683716,0.4950000047683716,0.4950000047683716,0.4950000047683716,1001.0
2026-04-13 10:35:00,GSR.V,,0.5199999809265137,0.5199999809265137,0.5199999809265137,0.5199999809265137,4500.0
2026-04-13 10:35:00,HSTR.V,,2.549999952316284,2.549999952316284,2.549999952316284,2.549999952316284,152.0
2026-04-13 10:35:00,IVS.V,,0.23000000417232513,0.23000000417232513,0.23000000417232513,0.23000000417232513,8000.0
2026-04-13 10:35:00,JUGR.V,,1.350000023841858,1.350000023841858,1.340000033378601,1.340000033378601,4000.0
2026-04-13 10:35:00,KRY.V,,3.3299999237060547,3.3299999237060547,3.3299999237060547,3.3299999237060547,100.0
2026-04-13 10:35:00,LG.V,,0.3700000047683716,0.3700000047683716,0.3700000047683716,0.3700000047683716,5000.0
2026-04-13 10:35:00,LTH.V,,0.9100000262260437,0.9100000262260437,0.9100000262260437,0.9100000262260437,24406.0
2026-04-13 10:35:00,MIR.V,,0.05999999865889549,0.05999999865889549,0.05999999865889549,0.05999999865889549,1000.0
2026-04-13 10:35:00,MLP.V,,2.190000057220459,2.190000057220459,2.180000066757202,2.180000066757202,2400.0
2026-04-13 10:35:00,NICU.V,,2.255000114440918,2.255000114440918,2.255000114440918,2.255000114440918,100.0
2026-04-13 10:35:00,NURS.V,,3.109999895095825,3.109999895095825,3.109999895095825,3.109999895095825,200.0
2026-04-13 10:35:00,PNG.V,,8.520000457763672,8.539999961853027,8.5,8.539999961853027,4249.0
2026-04-13 10:36:00,FDR.V,,4.829999923706055,4.840000152587891,4.829999923706055,4.840000152587891,900.0
2026-04-13 10:36:00,FNC.V,,0.12999999523162842,0.12999999523162842,0.12999999523162842,0.12999999523162842,2000.0
2026-04-13 10:36:00,GMA.V,,0.27000001072883606,0.2750000059604645,0.27000001072883606,0.27000001072883606,47500.0
2026-04-13 10:36:00,GQC.V,,2.2699999809265137,2.2699999809265137,2.2699999809265137,2.2699999809265137,400.0
2026-04-13 10:36:00,GTC.V,,0.1850000023841858,0.1850000023841858,0.1850000023841858,0.1850000023841858,100000.0
2026-04-13 10:36:00,HME.V,,2.809999942779541,2.809999942779541,2.805000066757202,2.805000066757202,3700.0
2026-04-13 10:36:00,ITR.V,,4.119999885559082,4.119999885559082,4.119999885559082,4.119999885559082,1100.0
2026-04-13 10:36:00,JUGR.V,,1.350000023841858,1.350000023841858,1.350000023841858,1.350000023841858,3600.0
2026-04-13 10:36:00,LEM.V,,0.29499998688697815,0.29499998688697815,0.29499998688697815,0.29499998688697815,1419.0
2026-04-13 10:36:00,LTH.V,,0.9200000166893005,0.9200000166893005,0.9200000166893005,0.9200000166893005,4500.0
2026-04-13 10:36:00,LUCA.V,,1.4550000429153442,1.4550000429153442,1.4550000429153442,1.4550000429153442,300.0
2026-04-13 10:36:00,MKO.V,,9.65999984741211,9.65999984741211,9.65999984741211,9.65999984741211,800.0
2026-04-13 10:36:00,NURS.V,,3.140000104904175,3.140000104904175,3.140000104904175,3.140000104904175,200.0
2026-04-13 10:36:00,PNG.V,,8.510000228881836,8.520000457763672,8.510000228881836,8.520000457763672,1500.0
2026-04-13 10:36:00,ZNG.V,,1.1100000143051147,1.1100000143051147,1.1100000143051147,1.1100000143051147,2500.0
2026-04-13 10:37:00,BIG.V,,0.6700000166893005,0.6700000166893005,0.6700000166893005,0.6700000166893005,5220.0
2026-04-13 10:37:00,FO.V,,0.3100000023841858,0.3100000023841858,0.3100000023841858,0.3100000023841858,500.0
2026-04-13 10:37:00,FRED.V,,0.6800000071525574,0.6800000071525574,0.6800000071525574,0.6800000071525574,1000.0
2026-04-13 10:37:00,GQC.V,,2.2699999809265137,2.2699999809265137,2.2699999809265137,2.2699999809265137,400.0
2026-04-13 10:37:00,HHH.V,,6.5,6.5,6.5,6.5,1100.0
2026-04-13 10:37:00,ITR.V,,4.130000114440918,4.130000114440918,4.130000114440918,4.130000114440918,100.0
2026-04-13 10:37:00,LTH.V,,0.9200000166893005,0.9200000166893005,0.9150000214576721,0.9200000166893005,24779.0
2026-04-13 10:37:00,MGM.V,,2.6700000762939453,2.6700000762939453,2.6600000858306885,2.6600000858306885,600.0
2026-04-13 10:37:00,NICU.V,,2.25,2.25,2.25,2.25,800.0
2026-04-13 10:37:00,PNG.V,,8.5,8.520000457763672,8.5,8.520000457763672,1460.0
2026-04-13 10:38:00,FL.V,,0.6399999856948853,0.6399999856948853,0.6399999856948853,0.6399999856948853,3073.0
2026-04-13 10:38:00,GOT.V,,1.690000057220459,1.690000057220459,1.690000057220459,1.690000057220459,11400.0
2026-04-13 10:38:00,GQC.V,,2.2899999618530273,2.2899999618530273,2.2699999809265137,2.2699999809265137,30300.0
2026-04-13 10:38:00,GTC.V,,0.1850000023841858,0.1850000023841858,0.1850000023841858,0.1850000023841858,75000.0
2026-04-13 10:38:00,HITI.V,,3.2100000381469727,3.2100000381469727,3.2100000381469727,3.2100000381469727,600.0
2026-04-13 10:38:00,KTN.V,,1.4600000381469727,1.4600000381469727,1.4500000476837158,1.4500000476837158,4250.0
2026-04-13 10:38:00,LTH.V,,0.9150000214576721,0.9200000166893005,0.9150000214576721,0.9200000166893005,5500.0
2026-04-13 10:38:00,LUCA.V,,1.4600000381469727,1.4600000381469727,1.4550000429153442,1.4550000429153442,4300.0
2026-04-13 10:38:00,MENE.V,,0.19499999284744263,0.19499999284744263,0.19499999284744263,0.19499999284744263,0.0
2026-04-13 10:38:00,MKO.V,,9.670000076293945,9.680000305175781,9.670000076293945,9.680000305175781,1100.0
2026-04-13 10:38:00,PNG.V,,8.5,8.520000457763672,8.5,8.510000228881836,6490.0
2026-04-13 10:39:00,FDR.V,,4.820000171661377,4.829999923706055,4.820000171661377,4.829999923706055,3400.0
2026-04-13 10:39:00,FL.V,,0.6399999856948853,0.6399999856948853,0.6399999856948853,0.6399999856948853,2500.0
2026-04-13 10:39:00,FO.V,,0.3100000023841858,0.3100000023841858,0.3100000023841858,0.3100000023841858,50250.0
2026-04-13 10:39:00,FWZ.V,,4.489999771118164,4.489999771118164,4.489999771118164,4.489999771118164,400.0
2026-04-13 10:39:00,GOT.V,,1.7000000476837158,1.7000000476837158,1.7000000476837158,1.7000000476837158,10000.0
2026-04-13 10:39:00,GSTM.V,,0.20000000298023224,0.20000000298023224,0.20000000298023224,0.20000000298023224,500.0
2026-04-13 10:39:00,GSVR.V,,0.6200000047683716,0.625,0.6200000047683716,0.625,5500.0
2026-04-13 10:39:00,LMN.V,,22.200000762939453,22.209999084472656,22.200000762939453,22.200000762939453,300.0
2026-04-13 10:39:00,LTH.V,,0.9150000214576721,0.9200000166893005,0.9150000214576721,0.9200000166893005,1000.0
2026-04-13 10:39:00,LUCA.V,,1.465000033378601,1.465000033378601,1.465000033378601,1.465000033378601,700.0
2026-04-13 10:39:00,PNG.V,,8.489999771118164,8.5,8.489999771118164,8.5,4350.0
2026-04-13 10:40:00,GQC.V,,2.2899999618530273,2.2899999618530273,2.2799999713897705,2.2799999713897705,400.0
2026-04-13 10:40:00,GRSL.V,,0.33000001311302185,0.33000001311302185,0.33000001311302185,0.33000001311302185,15000.0
2026-04-13 10:40:00,GSVR.V,,0.6299999952316284,0.6299999952316284,0.6299999952316284,0.6299999952316284,1000.0
2026-04-13 10:40:00,HSTR.V,,2.559999942779541,2.559999942779541,2.559999942779541,2.559999942779541,100.0
2026-04-13 10:40:00,KTN.V,,1.4600000381469727,1.4600000381469727,1.4600000381469727,1.4600000381469727,100.0
2026-04-13 10:40:00,LMN.V,,22.200000762939453,22.200000762939453,22.200000762939453,22.200000762939453,100.0
2026-04-13 10:40:00,LTH.V,,0.9200000166893005,0.9200000166893005,0.9150000214576721,0.9200000166893005,13700.0
2026-04-13 10:40:00,LUCA.V,,1.465000033378601,1.465000033378601,1.465000033378601,1.465000033378601,900.0
2026-04-13 10:40:00,MMA.V,,1.2999999523162842,1.2999999523162842,1.2999999523162842,1.2999999523162842,500.0
2026-04-13 10:40:00,PNG.V,,8.489999771118164,8.489999771118164,8.489999771118164,8.489999771118164,100.0
2026-04-13 10:41:00,FWZ.V,,4.480000019073486,4.480000019073486,4.480000019073486,4.480000019073486,1000.0
2026-04-13 10:41:00,GGO.V,,1.0199999809265137,1.0199999809265137,1.0199999809265137,1.0199999809265137,500.0
2026-04-13 10:41:00,GMV.V,,0.1899999976158142,0.1899999976158142,0.1899999976158142,0.1899999976158142,28000.0
2026-04-13 10:41:00,GOT.V,,1.690000057220459,1.690000057220459,1.690000057220459,1.690000057220459,141.0
2026-04-13 10:41:00,GPM.V,,0.09000000357627869,0.09000000357627869,0.09000000357627869,0.09000000357627869,120000.0
2026-04-13 10:41:00,GQC.V,,2.2899999618530273,2.2899999618530273,2.2899999618530273,2.2899999618530273,400.0
2026-04-13 10:41:00,GRSL.V,,0.33000001311302185,0.33000001311302185,0.33000001311302185,0.33000001311302185,15000.0
2026-04-13 10:41:00,GSVR.V,,0.6200000047683716,0.6200000047683716,0.6200000047683716,0.6200000047683716,500.0
2026-04-13 10:41:00,ITR.V,,4.139999866485596,4.139999866485596,4.139999866485596,4.139999866485596,100.0
2026-04-13 10:41:00,LMN.V,,22.200000762939453,22.200000762939453,22.200000762939453,22.200000762939453,100.0
2026-04-13 10:41:00,LTH.V,,0.9399999976158142,0.9399999976158142,0.925000011920929,0.925000011920929,29720.0
2026-04-13 10:41:00,LUCA.V,,1.4700000286102295,1.4700000286102295,1.4700000286102295,1.4700000286102295,100.0
2026-04-13 10:41:00,PNG.V,,8.489999771118164,8.489999771118164,8.489999771118164,8.489999771118164,1197.0
2026-04-13 10:41:00,TUF.V,,0.3050000071525574,0.3050000071525574,0.30000001192092896,0.30000001192092896,19000.0
2026-04-13 10:42:00,BIG.V,,0.6800000071525574,0.6800000071525574,0.6800000071525574,0.6800000071525574,4500.0
2026-04-13 10:42:00,FL.V,,0.6349999904632568,0.6349999904632568,0.6349999904632568,0.6349999904632568,500.0
2026-04-13 10:42:00,GLAD.V,,1.2799999713897705,1.2799999713897705,1.2799999713897705,1.2799999713897705,900.0
2026-04-13 10:42:00,GPG.V,,0.41999998688697815,0.41999998688697815,0.41999998688697815,0.41999998688697815,3055.0
2026-04-13 10:42:00,GQC.V,,2.2899999618530273,2.2899999618530273,2.2899999618530273,2.2899999618530273,200.0
2026-04-13 10:42:00,GSTM.V,,0.20000000298023224,0.20000000298023224,0.20000000298023224,0.20000000298023224,24500.0
2026-04-13 10:42:00,GTC.V,,0.1899999976158142,0.1899999976158142,0.1850000023841858,0.1850000023841858,66500.0
2026-04-13 10:42:00,HPL.V,,0.11500000208616257,0.11500000208616257,0.11500000208616257,0.11500000208616257,500.0
2026-04-13 10:42:00,HSTR.V,,2.559999942779541,2.559999942779541,2.559999942779541,2.559999942779541,900.0
2026-04-13 10:42:00,IFOS.V,,3.940000057220459,3.940000057220459,3.940000057220459,3.940000057220459,1000.0
2026-04-13 10:42:00,KG.V,,0.1850000023841858,0.20000000298023224,0.1850000023841858,0.20000000298023224,60750.0
2026-04-13 10:42:00,KTN.V,,1.4600000381469727,1.4600000381469727,1.4600000381469727,1.4600000381469727,100.0
2026-04-13 10:42:00,LEM.V,,0.29499998688697815,0.29499998688697815,0.29499998688697815,0.29499998688697815,8500.0
2026-04-13 10:42:00,LUCA.V,,1.4600000381469727,1.465000033378601,1.4600000381469727,1.465000033378601,800.0
2026-04-13 10:42:00,MKO.V,,9.670000076293945,9.680000305175781,9.670000076293945,9.680000305175781,744.0
2026-04-13 10:42:00,PNG.V,,8.5,8.5,8.5,8.5,4350.0
2026-04-13 10:43:00,EQTY.V,,0.3199999928474426,0.3199999928474426,0.3199999928474426,0.3199999928474426,2000.0
2026-04-13 10:43:00,FDR.V,,4.840000152587891,4.840000152587891,4.840000152587891,4.840000152587891,0.0
2026-04-13 10:43:00,GGO.V,,1.0299999713897705,1.0299999713897705,1.0299999713897705,1.0299999713897705,500.0
2026-04-13 10:43:00,GLAD.V,,1.2799999713897705,1.2799999713897705,1.2799999713897705,1.2799999713897705,900.0
2026-04-13 10:43:00,GPG.V,,0.42500001192092896,0.42500001192092896,0.42500001192092896,0.42500001192092896,8500.0
2026-04-13 10:43:00,GQC.V,,2.2899999618530273,2.2899999618530273,2.2899999618530273,2.2899999618530273,400.0
2026-04-13 10:43:00,HMR.V,,0.8299999833106995,0.8299999833106995,0.8299999833106995,0.8299999833106995,500.0
2026-04-13 10:43:00,KLM.V,,0.004999999888241291,0.004999999888241291,0.004999999888241291,0.004999999888241291,0.0
2026-04-13 10:43:00,LTH.V,,0.9300000071525574,0.9300000071525574,0.9300000071525574,0.9300000071525574,19500.0
2026-04-13 10:43:00,LVG.V,,0.3149999976158142,0.3149999976158142,0.3100000023841858,0.3100000023841858,27000.0
2026-04-13 10:43:00,PNG.V,,8.5,8.520000457763672,8.5,8.520000457763672,1500.0
2026-04-13 10:43:00,TUF.V,,0.30000001192092896,0.30000001192092896,0.30000001192092896,0.30000001192092896,8000.0
2026-04-13 10:44:00,FDR.V,,4.840000152587891,4.84499979019165,4.840000152587891,4.840000152587891,57312.0
2026-04-13 10:44:00,FL.V,,0.6399999856948853,0.6399999856948853,0.6399999856948853,0.6399999856948853,500.0
2026-04-13 10:44:00,FO.V,,0.3100000023841858,0.3100000023841858,0.3100000023841858,0.3100000023841858,50500.0
2026-04-13 10:44:00,FWZ.V,,4.489999771118164,4.489999771118164,4.489999771118164,4.489999771118164,200.0
2026-04-13 10:44:00,GQC.V,,2.2899999618530273,2.2899999618530273,2.2899999618530273,2.2899999618530273,200.0
2026-04-13 10:44:00,ITR.V,,4.150000095367432,4.150000095367432,4.139999866485596,4.139999866485596,200.0
2026-04-13 10:44:00,KTN.V,,1.465000033378601,1.465000033378601,1.465000033378601,1.465000033378601,600.0
2026-04-13 10:44:00,LMN.V,,22.200000762939453,22.200000762939453,22.200000762939453,22.200000762939453,100.0
2026-04-13 10:44:00,LTH.V,,0.9200000166893005,0.9300000071525574,0.9200000166893005,0.9300000071525574,6200.0
2026-04-13 10:44:00,LUCA.V,,1.4600000381469727,1.465000033378601,1.4600000381469727,1.465000033378601,800.0
2026-04-13 10:44:00,LVG.V,,0.3100000023841858,0.3100000023841858,0.3100000023841858,0.3100000023841858,5500.0
2026-04-13 10:44:00,MLP.V,,2.2200000286102295,2.2200000286102295,2.200000047683716,2.200000047683716,23799.0
2026-04-13 10:44:00,PNG.V,,8.520000457763672,8.520000457763672,8.5,8.5,6100.0
2026-04-13 10:44:00,TUF.V,,0.3100000023841858,0.3100000023841858,0.3050000071525574,0.3050000071525574,10000.0
2026-04-13 10:45:00,FDI.V,,0.4000000059604645,0.4000000059604645,0.4000000059604645,0.4000000059604645,1000.0
2026-04-13 10:45:00,FO.V,,0.3100000023841858,0.3100000023841858,0.3100000023841858,0.3100000023841858,500.0
2026-04-13 10:45:00,FWZ.V,,4.510000228881836,4.510000228881836,4.489999771118164,4.489999771118164,6766.0
2026-04-13 10:45:00,GOT.V,,1.7000000476837158,1.7000000476837158,1.7000000476837158,1.7000000476837158,400.0
2026-04-13 10:45:00,GQC.V,,2.2799999713897705,2.2799999713897705,2.2799999713897705,2.2799999713897705,25900.0
2026-04-13 10:45:00,GRSL.V,,0.33000001311302185,0.33000001311302185,0.33000001311302185,0.33000001311302185,500.0
2026-04-13 10:45:00,HI.V,,0.1550000011920929,0.1550000011920929,0.1550000011920929,0.1550000011920929,500.0
2026-04-13 10:45:00,HME.V,,2.799999952316284,2.799999952316284,2.799999952316284,2.799999952316284,630.0
2026-04-13 10:45:00,LMN.V,,22.200000762939453,22.209999084472656,22.200000762939453,22.209999084472656,275.0
2026-04-13 10:45:00,LTH.V,,0.9200000166893005,0.9200000166893005,0.9200000166893005,0.9200000166893005,500.0
2026-04-13 10:45:00,LUCA.V,,1.465000033378601,1.465000033378601,1.465000033378601,1.465000033378601,800.0
2026-04-13 10:45:00,MKO.V,,9.699999809265137,9.699999809265137,9.6899995803833,9.6899995803833,400.0
2026-04-13 10:45:00,PNG.V,,8.529999732971191,8.529999732971191,8.520000457763672,8.520000457763672,9856.0
2026-04-13 10:45:00,WOLF.V,,1.399999976158142,1.399999976158142,1.3899999856948853,1.3899999856948853,2900.0
2026-04-13 10:46:00,FRNT.V,,0.18000000715255737,0.18000000715255737,0.18000000715255737,0.18000000715255737,1000.0
2026-04-13 10:46:00,GMA.V,,0.27000001072883606,0.27000001072883606,0.27000001072883606,0.27000001072883606,6500.0
2026-04-13 10:46:00,GOT.V,,1.690000057220459,1.690000057220459,1.690000057220459,1.690000057220459,100.0
2026-04-13 10:46:00,GPH.V,,1.2400000095367432,1.25,1.2400000095367432,1.25,22400.0
2026-04-13 10:46:00,GQC.V,,2.2899999618530273,2.2899999618530273,2.2899999618530273,2.2899999618530273,100.0
2026-04-13 10:46:00,KDA.V,,0.125,0.13500000536441803,0.125,0.13500000536441803,29225.0
2026-04-13 10:46:00,KNG.V,,1.2799999713897705,1.2799999713897705,1.2799999713897705,1.2799999713897705,1200.0
2026-04-13 10:46:00,LTH.V,,0.9200000166893005,0.9200000166893005,0.9200000166893005,0.9200000166893005,500.0
2026-04-13 10:46:00,MLP.V,,2.200000047683716,2.200000047683716,2.200000047683716,2.200000047683716,1100.0
2026-04-13 10:46:00,MTA.V,,9.449999809265137,9.449999809265137,9.449999809265137,9.449999809265137,110.0
2026-04-13 10:46:00,PNG.V,,8.579999923706055,8.579999923706055,8.550000190734863,8.550000190734863,34366.0
2026-04-13 10:47:00,GGO.V,,1.0299999713897705,1.0299999713897705,1.0299999713897705,1.0299999713897705,500.0
2026-04-13 10:47:00,HHH.V,,6.550000190734863,6.550000190734863,6.539999961853027,6.550000190734863,5500.0
2026-04-13 10:47:00,INTR.V,,0.6899999976158142,0.6899999976158142,0.6899999976158142,0.6899999976158142,1000.0
2026-04-13 10:47:00,ITR.V,,4.150000095367432,4.150000095367432,4.150000095367432,4.150000095367432,100.0
2026-04-13 10:47:00,KTN.V,,1.4600000381469727,1.4600000381469727,1.4600000381469727,1.4600000381469727,100.0
2026-04-13 10:47:00,LG.V,,0.375,0.375,0.375,0.375,6000.0
2026-04-13 10:47:00,LUCA.V,,1.4600000381469727,1.465000033378601,1.4600000381469727,1.465000033378601,800.0
2026-04-13 10:47:00,PNG.V,,8.5600004196167,8.569999694824219,8.5600004196167,8.569999694824219,5700.0
2026-04-13 10:48:00,FO.V,,0.3100000023841858,0.3100000023841858,0.3100000023841858,0.3100000023841858,6500.0
2026-04-13 10:48:00,FRED.V,,0.699999988079071,0.699999988079071,0.699999988079071,0.699999988079071,500.0
2026-04-13 10:48:00,GPH.V,,1.2599999904632568,1.2599999904632568,1.2599999904632568,1.2599999904632568,2400.0
2026-04-13 10:48:00,IFOS.V,,3.890000104904175,3.9100000858306885,3.890000104904175,3.9100000858306885,5100.0
2026-04-13 10:48:00,ITR.V,,4.130000114440918,4.139999866485596,4.130000114440918,4.139999866485596,2700.0
2026-04-13 10:48:00,KTN.V,,1.4600000381469727,1.4600000381469727,1.4600000381469727,1.4600000381469727,100.0
2026-04-13 10:48:00,LTH.V,,0.9200000166893005,0.9200000166893005,0.9200000166893005,0.9200000166893005,500.0
2026-04-13 10:48:00,MJS.V,,0.14000000059604645,0.14000000059604645,0.14000000059604645,0.14000000059604645,7000.0
2026-04-13 10:48:00,NICU.V,,2.259999990463257,2.259999990463257,2.259999990463257,2.259999990463257,1400.0
2026-04-13 10:49:00,FDR.V,,4.829999923706055,4.829999923706055,4.829999923706055,4.829999923706055,100.0
2026-04-13 10:49:00,FL.V,,0.6399999856948853,0.6399999856948853,0.6399999856948853,0.6399999856948853,1000.0
2026-04-13 10:49:00,GSR.V,,0.5199999809265137,0.5199999809265137,0.5199999809265137,0.5199999809265137,6000.0
2026-04-13 10:49:00,KTN.V,,1.4600000381469727,1.4600000381469727,1.4600000381469727,1.4600000381469727,100.0
2026-04-13 10:49:00,LTH.V,,0.9200000166893005,0.9200000166893005,0.9200000166893005,0.9200000166893005,500.0
2026-04-13 10:49:00,LUCA.V,,1.465000033378601,1.465000033378601,1.4600000381469727,1.465000033378601,1100.0
2026-04-13 10:49:00,MCS.V,,2.2899999618530273,2.2899999618530273,2.2899999618530273,2.2899999618530273,2447.0
2026-04-13 10:49:00,MJS.V,,0.14000000059604645,0.14000000059604645,0.14000000059604645,0.14000000059604645,500.0
2026-04-13 10:49:00,MKO.V,,9.630000114440918,9.670000076293945,9.630000114440918,9.670000076293945,5100.0
2026-04-13 10:49:00,NICU.V,,2.255000114440918,2.259999990463257,2.255000114440918,2.259999990463257,6203.0
2026-04-13 10:49:00,PNG.V,,8.5600004196167,8.579999923706055,8.5600004196167,8.569999694824219,9665.0
2026-04-13 10:50:00,FNC.V,,0.11999999731779099,0.125,0.11999999731779099,0.125,63500.0
2026-04-13 10:50:00,GOT.V,,1.690000057220459,1.690000057220459,1.690000057220459,1.690000057220459,100.0
2026-04-13 10:50:00,GSR.V,,0.5199999809265137,0.5199999809265137,0.5199999809265137,0.5199999809265137,2000.0
2026-04-13 10:50:00,GTC.V,,0.1899999976158142,0.1899999976158142,0.1899999976158142,0.1899999976158142,15000.0
2026-04-13 10:50:00,HSTR.V,,2.559999942779541,2.559999942779541,2.559999942779541,2.559999942779541,1300.0
2026-04-13 10:50:00,IFOS.V,,3.9000000953674316,3.9000000953674316,3.9000000953674316,3.9000000953674316,1100.0
2026-04-13 10:50:00,ITR.V,,4.119999885559082,4.119999885559082,4.119999885559082,4.119999885559082,500.0
2026-04-13 10:50:00,KDK.V,,0.9200000166893005,0.9200000166893005,0.9200000166893005,0.9200000166893005,1000.0
2026-04-13 10:50:00,LUCA.V,,1.4600000381469727,1.4600000381469727,1.4600000381469727,1.4600000381469727,100.0
2026-04-13 10:50:00,NICU.V,,2.2699999809265137,2.2699999809265137,2.259999990463257,2.259999990463257,5500.0
2026-04-13 10:50:00,PNG.V,,8.5600004196167,8.5600004196167,8.539999961853027,8.539999961853027,3450.0
2026-04-13 10:51:00,FL.V,,0.6399999856948853,0.6399999856948853,0.6399999856948853,0.6399999856948853,500.0
2026-04-13 10:51:00,GOT.V,,1.690000057220459,1.690000057220459,1.690000057220459,1.690000057220459,2000.0
2026-04-13 10:51:00,GQC.V,,2.2899999618530273,2.2899999618530273,2.2899999618530273,2.2899999618530273,200.0
2026-04-13 10:51:00,GSVR.V,,0.6200000047683716,0.6200000047683716,0.6200000047683716,0.6200000047683716,7967.0
2026-04-13 10:51:00,HMR.V,,0.8299999833106995,0.8299999833106995,0.8299999833106995,0.8299999833106995,500.0
2026-04-13 10:51:00,ITR.V,,4.119999885559082,4.119999885559082,4.119999885559082,4.119999885559082,200.0
2026-04-13 10:51:00,KTN.V,,1.4500000476837158,1.4500000476837158,1.4500000476837158,1.4500000476837158,2415.0
2026-04-13 10:51:00,LTH.V,,0.9200000166893005,0.9200000166893005,0.9200000166893005,0.9200000166893005,4500.0
2026-04-13 10:51:00,LUCA.V,,1.4550000429153442,1.4600000381469727,1.4550000429153442,1.4600000381469727,3800.0
2026-04-13 10:51:00,MLP.V,,2.180000066757202,2.180000066757202,2.180000066757202,2.180000066757202,500.0
2026-04-13 10:51:00,NICU.V,,2.259999990463257,2.259999990463257,2.259999990463257,2.259999990463257,400.0
2026-04-13 10:51:00,PNG.V,,8.510000228881836,8.5600004196167,8.5,8.5600004196167,10032.0
2026-04-13 10:52:00,FO.V,,0.3100000023841858,0.3100000023841858,0.3100000023841858,0.3100000023841858,500.0
2026-04-13 10:52:00,GQC.V,,2.259999990463257,2.2799999713897705,2.259999990463257,2.2799999713897705,47500.0
2026-04-13 10:52:00,ITR.V,,4.119999885559082,4.119999885559082,4.119999885559082,4.119999885559082,1000.0
2026-04-13 10:52:00,LMN.V,,22.190000534057617,22.190000534057617,22.190000534057617,22.190000534057617,145.0
2026-04-13 10:52:00,LTH.V,,0.9200000166893005,0.9200000166893005,0.9200000166893005,0.9200000166893005,6500.0
2026-04-13 10:52:00,LUCA.V,,1.4550000429153442,1.4550000429153442,1.4550000429153442,1.4550000429153442,100.0
2026-04-13 10:52:00,MTA.V,,9.359999656677246,9.359999656677246,9.359999656677246,9.359999656677246,100.0
2026-04-13 10:52:00,PNG.V,,8.539999961853027,8.550000190734863,8.520000457763672,8.520000457763672,3500.0
2026-04-13 10:53:00,GLAD.V,,1.2799999713897705,1.2799999713897705,1.2799999713897705,1.2799999713897705,1200.0
2026-04-13 10:53:00,GOT.V,,1.690000057220459,1.690000057220459,1.690000057220459,1.690000057220459,3400.0
2026-04-13 10:53:00,GPH.V,,1.25,1.2599999904632568,1.25,1.2599999904632568,8500.0
2026-04-13 10:53:00,GPM.V,,0.08500000089406967,0.08500000089406967,0.08500000089406967,0.08500000089406967,26000.0
2026-04-13 10:53:00,GTC.V,,0.19499999284744263,0.19499999284744263,0.19499999284744263,0.19499999284744263,25000.0
2026-04-13 10:53:00,HPL.V,,0.11500000208616257,0.11500000208616257,0.11500000208616257,0.11500000208616257,5000.0
2026-04-13 10:53:00,HSTR.V,,2.555000066757202,2.555000066757202,2.555000066757202,2.555000066757202,200.0
2026-04-13 10:53:00,IFOS.V,,3.890000104904175,3.890000104904175,3.890000104904175,3.890000104904175,200.0
2026-04-13 10:53:00,INTR.V,,0.6899999976158142,0.6899999976158142,0.6800000071525574,0.6800000071525574,34500.0
2026-04-13 10:53:00,ITR.V,,4.110000133514404,4.110000133514404,4.110000133514404,4.110000133514404,1100.0
2026-04-13 10:53:00,LG.V,,0.375,0.375,0.375,0.375,5000.0
2026-04-13 10:53:00,LTH.V,,0.9200000166893005,0.9200000166893005,0.9200000166893005,0.9200000166893005,1000.0
2026-04-13 10:53:00,LUCA.V,,1.4550000429153442,1.4550000429153442,1.4550000429153442,1.4550000429153442,200.0
2026-04-13 10:53:00,MERG.V,,0.8999999761581421,0.8999999761581421,0.8999999761581421,0.8999999761581421,2500.0
2026-04-13 10:53:00,MSC.V,,0.014999999664723873,0.014999999664723873,0.014999999664723873,0.014999999664723873,12000.0
2026-04-13 10:53:00,NICU.V,,2.259999990463257,2.259999990463257,2.259999990463257,2.259999990463257,100.0
2026-04-13 10:54:00,FDR.V,,4.809999942779541,4.829999923706055,4.809999942779541,4.829999923706055,1200.0
2026-04-13 10:54:00,GPG.V,,0.42500001192092896,0.42500001192092896,0.42500001192092896,0.42500001192092896,4000.0
2026-04-13 10:54:00,GQC.V,,2.25,2.25,2.25,2.25,400.0
2026-04-13 10:54:00,GSVR.V,,0.6200000047683716,0.6200000047683716,0.6150000095367432,0.6150000095367432,6500.0
2026-04-13 10:54:00,HSTR.V,,2.549999952316284,2.549999952316284,2.549999952316284,2.549999952316284,100.0
2026-04-13 10:54:00,IFOS.V,,3.890000104904175,3.890000104904175,3.890000104904175,3.890000104904175,900.0
2026-04-13 10:54:00,KLDC.V,,0.1850000023841858,0.1850000023841858,0.1850000023841858,0.1850000023841858,1000.0
2026-04-13 10:54:00,LTH.V,,0.9200000166893005,0.9200000166893005,0.9150000214576721,0.9150000214576721,2936.0
2026-04-13 10:54:00,LUCA.V,,1.4550000429153442,1.4550000429153442,1.4550000429153442,1.4550000429153442,100.0
2026-04-13 10:54:00,MKO.V,,9.59000015258789,9.59000015258789,9.59000015258789,9.59000015258789,400.0
2026-04-13 10:54:00,NICU.V,,2.259999990463257,2.259999990463257,2.259999990463257,2.259999990463257,700.0
2026-04-13 10:54:00,PNG.V,,8.5600004196167,8.5600004196167,8.5600004196167,8.5600004196167,300.0
2026-04-13 10:55:00,GQC.V,,2.25,2.25,2.25,2.25,200.0
2026-04-13 10:55:00,HSTR.V,,2.549999952316284,2.549999952316284,2.549999952316284,2.549999952316284,100.0
2026-04-13 10:55:00,KLDC.V,,0.1850000023841858,0.1850000023841858,0.1850000023841858,0.1850000023841858,12500.0
2026-04-13 10:55:00,LTH.V,,0.9200000166893005,0.9200000166893005,0.9200000166893005,0.9200000166893005,500.0
2026-04-13 10:55:00,LUCA.V,,1.4500000476837158,1.4550000429153442,1.4500000476837158,1.4550000429153442,2200.0
2026-04-13 10:55:00,MLP.V,,2.1600000858306885,2.1600000858306885,2.1600000858306885,2.1600000858306885,130.0
2026-04-13 10:55:00,PNG.V,,8.5600004196167,8.5600004196167,8.5600004196167,8.5600004196167,100.0
2026-04-13 10:56:00,FDR.V,,4.809999942779541,4.824999809265137,4.800000190734863,4.809999942779541,4300.0
2026-04-13 10:56:00,GPH.V,,1.25,1.25,1.25,1.25,400.0
2026-04-13 10:56:00,GQC.V,,2.259999990463257,2.259999990463257,2.25,2.25,300.0
2026-04-13 10:56:00,GSVR.V,,0.6100000143051147,0.6100000143051147,0.6100000143051147,0.6100000143051147,500.0
2026-04-13 10:56:00,ITR.V,,4.099999904632568,4.099999904632568,4.099999904632568,4.099999904632568,200.0
2026-04-13 10:56:00,KTN.V,,1.440000057220459,1.440000057220459,1.440000057220459,1.440000057220459,101.0
2026-04-13 10:56:00,LIO.V,,0.24500000476837158,0.24500000476837158,0.24500000476837158,0.24500000476837158,2500.0
2026-04-13 10:56:00,LTH.V,,0.9200000166893005,0.9200000166893005,0.9100000262260437,0.9150000214576721,10000.0
2026-04-13 10:56:00,LUCA.V,,1.4500000476837158,1.4500000476837158,1.4500000476837158,1.4500000476837158,600.0
2026-04-13 10:56:00,MKO.V,,9.5600004196167,9.5600004196167,9.5600004196167,9.5600004196167,100.0
2026-04-13 10:56:00,MLP.V,,2.1600000858306885,2.1600000858306885,2.1600000858306885,2.1600000858306885,100.0
2026-04-13 10:56:00,NICU.V,,2.25,2.25,2.25,2.25,5000.0
2026-04-13 10:56:00,PNG.V,,8.5600004196167,8.5600004196167,8.5600004196167,8.5600004196167,200.0
2026-04-13 10:57:00,FWZ.V,,4.519999980926514,4.519999980926514,4.510000228881836,4.510000228881836,1000.0
2026-04-13 10:57:00,GLAD.V,,1.2799999713897705,1.2799999713897705,1.2799999713897705,1.2799999713897705,299.0
2026-04-13 10:57:00,GOT.V,,1.6799999475479126,1.684999942779541,1.6799999475479126,1.684999942779541,500.0
2026-04-13 10:57:00,GQC.V,,2.259999990463257,2.259999990463257,2.25,2.25,700.0
2026-04-13 10:57:00,GSTM.V,,0.20000000298023224,0.20000000298023224,0.20000000298023224,0.20000000298023224,10000.0
2026-04-13 10:57:00,HPQ.V,,0.18000000715255737,0.18000000715255737,0.18000000715255737,0.18000000715255737,1010.0
2026-04-13 10:57:00,LPS.V,,0.09000000357627869,0.09000000357627869,0.09000000357627869,0.09000000357627869,3000.0
2026-04-13 10:57:00,LTH.V,,0.9100000262260437,0.9100000262260437,0.9100000262260437,0.9100000262260437,43000.0
2026-04-13 10:57:00,MIM.V,,0.2150000035762787,0.2150000035762787,0.2150000035762787,0.2150000035762787,2000.0
2026-04-13 10:57:00,NICU.V,,2.25,2.25,2.25,2.25,500.0
2026-04-13 10:57:00,PNG.V,,8.579999923706055,8.579999923706055,8.539999961853027,8.550000190734863,12705.0
2026-04-13 10:58:00,BIG.V,,0.6800000071525574,0.6800000071525574,0.6800000071525574,0.6800000071525574,2000.0
2026-04-13 10:58:00,FDR.V,,4.760000228881836,4.760000228881836,4.760000228881836,4.760000228881836,300.0
2026-04-13 10:58:00,FL.V,,0.6399999856948853,0.6399999856948853,0.6399999856948853,0.6399999856948853,9500.0
2026-04-13 10:58:00,GQC.V,,2.259999990463257,2.259999990463257,2.25,2.259999990463257,400.0
2026-04-13 10:58:00,GSVR.V,,0.6100000143051147,0.6100000143051147,0.6100000143051147,0.6100000143051147,2000.0
2026-04-13 10:58:00,ITR.V,,4.099999904632568,4.099999904632568,4.099999904632568,4.099999904632568,600.0
2026-04-13 10:58:00,KLD.V,,2.509999990463257,2.509999990463257,2.509999990463257,2.509999990463257,300.0
2026-04-13 10:58:00,LMN.V,,22.190000534057617,22.299999237060547,22.190000534057617,22.299999237060547,2200.0
2026-04-13 10:58:00,LTH.V,,0.9049999713897705,0.9100000262260437,0.9049999713897705,0.9100000262260437,26400.0
2026-04-13 10:58:00,LUCA.V,,1.4550000429153442,1.4550000429153442,1.4550000429153442,1.4550000429153442,200.0
2026-04-13 10:58:00,MLP.V,,2.1500000953674316,2.1500000953674316,2.1500000953674316,2.1500000953674316,100.0
2026-04-13 10:58:00,PNG.V,,8.59000015258789,8.59000015258789,8.5600004196167,8.5600004196167,30907.0
2026-04-13 10:58:00,TUF.V,,0.3100000023841858,0.3100000023841858,0.3100000023841858,0.3100000023841858,3500.0
2026-04-13 10:59:00,FL.V,,0.6399999856948853,0.6399999856948853,0.6399999856948853,0.6399999856948853,1000.0
2026-04-13 10:59:00,FO.V,,0.3100000023841858,0.3100000023841858,0.3100000023841858,0.3100000023841858,500.0
2026-04-13 10:59:00,FWZ.V,,4.510000228881836,4.510000228881836,4.510000228881836,4.510000228881836,800.0
2026-04-13 10:59:00,GGO.V,,1.0299999713897705,1.0299999713897705,1.0299999713897705,1.0299999713897705,1000.0
2026-04-13 10:59:00,GQC.V,,2.259999990463257,2.259999990463257,2.25,2.259999990463257,400.0
2026-04-13 10:59:00,GRSL.V,,0.33000001311302185,0.33000001311302185,0.33000001311302185,0.33000001311302185,500.0
2026-04-13 10:59:00,HITI.V,,3.2100000381469727,3.2149999141693115,3.2100000381469727,3.2149999141693115,500.0
2026-04-13 10:59:00,IFOS.V,,3.890000104904175,3.890000104904175,3.890000104904175,3.890000104904175,1000.0
2026-04-13 10:59:00,IPT.V,,0.24500000476837158,0.24500000476837158,0.24500000476837158,0.24500000476837158,48529.0
2026-04-13 10:59:00,ITR.V,,4.110000133514404,4.110000133514404,4.110000133514404,4.110000133514404,200.0
2026-04-13 10:59:00,KTN.V,,1.4500000476837158,1.4500000476837158,1.4500000476837158,1.4500000476837158,100.0
2026-04-13 10:59:00,LMN.V,,22.204999923706055,22.204999923706055,22.204999923706055,22.204999923706055,1800.0
2026-04-13 10:59:00,LUCA.V,,1.4550000429153442,1.4600000381469727,1.4550000429153442,1.4600000381469727,200.0
2026-04-13 10:59:00,MLP.V,,2.1500000953674316,2.1500000953674316,2.1500000953674316,2.1500000953674316,100.0
2026-04-13 10:59:00,MMA.V,,1.2899999618530273,1.2899999618530273,1.2899999618530273,1.2899999618530273,4200.0
2026-04-13 10:59:00,NICU.V,,2.25,2.25,2.25,2.25,800.0
2026-04-13 10:59:00,PNG.V,,8.619999885559082,8.619999885559082,8.600000381469727,8.600000381469727,19907.0
2026-04-13 11:00:00,FRED.V,,0.699999988079071,0.699999988079071,0.699999988079071,0.699999988079071,1500.0
2026-04-13 11:00:00,GBML.V,,0.1899999976158142,0.1899999976158142,0.1899999976158142,0.1899999976158142,0.0
2026-04-13 11:00:00,GQC.V,,2.25,2.259999990463257,2.25,2.25,900.0
2026-04-13 11:00:00,GRSL.V,,0.33000001311302185,0.33000001311302185,0.33000001311302185,0.33000001311302185,1000.0
2026-04-13 11:00:00,HHH.V,,6.5,6.5,6.5,6.5,2714.0
2026-04-13 11:00:00,HMR.V,,0.8299999833106995,0.8299999833106995,0.8299999833106995,0.8299999833106995,500.0
2026-04-13 11:00:00,HSTR.V,,2.5299999713897705,2.5399999618530273,2.5299999713897705,2.5399999618530273,800.0
2026-04-13 11:00:00,JUGR.V,,1.3899999856948853,1.3899999856948853,1.3899999856948853,1.3899999856948853,1000.0
2026-04-13 11:00:00,LME.V,,0.2199999988079071,0.2199999988079071,0.2199999988079071,0.2199999988079071,500.0
2026-04-13 11:00:00,LMN.V,,22.204999923706055,22.204999923706055,22.170000076293945,22.170000076293945,700.0
2026-04-13 11:00:00,LTH.V,,0.9200000166893005,0.9200000166893005,0.9100000262260437,0.9100000262260437,54500.0
2026-04-13 11:00:00,LUCA.V,,1.4550000429153442,1.4550000429153442,1.4550000429153442,1.4550000429153442,100.0
2026-04-13 11:00:00,MFG.V,,4.389999866485596,4.389999866485596,4.389999866485596,4.389999866485596,100.0
2026-04-13 11:00:00,MLP.V,,2.1500000953674316,2.1500000953674316,2.1500000953674316,2.1500000953674316,200.0
2026-04-13 11:00:00,NICU.V,,2.25,2.25,2.25,2.25,700.0
2026-04-13 11:00:00,PNG.V,,8.609999656677246,8.670000076293945,8.609999656677246,8.609999656677246,12926.0
2026-04-13 11:01:00,GKO.V,,0.054999999701976776,0.054999999701976776,0.054999999701976776,0.054999999701976776,0.0
2026-04-13 11:01:00,GQC.V,,2.25,2.259999990463257,2.25,2.259999990463257,300.0
2026-04-13 11:01:00,GSVR.V,,0.6200000047683716,0.6200000047683716,0.6200000047683716,0.6200000047683716,500.0
2026-04-13 11:01:00,HMR.V,,0.8100000023841858,0.8199999928474426,0.800000011920929,0.8199999928474426,28752.0
2026-04-13 11:01:00,IFOS.V,,3.890000104904175,3.890000104904175,3.890000104904175,3.890000104904175,600.0
2026-04-13 11:01:00,IMI.V,,0.10999999940395355,0.10999999940395355,0.10999999940395355,0.10999999940395355,0.0
2026-04-13 11:01:00,IPT.V,,0.24500000476837158,0.24500000476837158,0.24500000476837158,0.24500000476837158,48000.0
2026-04-13 11:01:00,ITR.V,,4.099999904632568,4.099999904632568,4.099999904632568,4.099999904632568,600.0
2026-04-13 11:01:00,LFST.V,,0.03999999910593033,0.03999999910593033,0.03999999910593033,0.03999999910593033,0.0
2026-04-13 11:01:00,LUCA.V,,1.4600000381469727,1.4600000381469727,1.4550000429153442,1.4550000429153442,200.0
2026-04-13 11:01:00,PNG.V,,8.59000015258789,8.609999656677246,8.59000015258789,8.609999656677246,2800.0
2026-04-13 11:02:00,FL.V,,0.6349999904632568,0.6349999904632568,0.6349999904632568,0.6349999904632568,500.0
2026-04-13 11:02:00,FO.V,,0.3100000023841858,0.3100000023841858,0.3100000023841858,0.3100000023841858,100000.0
2026-04-13 11:02:00,GGO.V,,1.034999966621399,1.034999966621399,1.034999966621399,1.034999966621399,1500.0
2026-04-13 11:02:00,GQC.V,,2.259999990463257,2.259999990463257,2.25,2.259999990463257,400.0
2026-04-13 11:02:00,GSTM.V,,0.20000000298023224,0.20000000298023224,0.20000000298023224,0.20000000298023224,2000.0
2026-04-13 11:02:00,GTC.V,,0.19499999284744263,0.19499999284744263,0.19499999284744263,0.19499999284744263,25000.0
2026-04-13 11:02:00,HSTR.V,,2.5299999713897705,2.5299999713897705,2.5299999713897705,2.5299999713897705,100.0
2026-04-13 11:02:00,IFOS.V,,3.890000104904175,3.9000000953674316,3.890000104904175,3.9000000953674316,10000.0
2026-04-13 11:02:00,LTH.V,,0.9200000166893005,0.9200000166893005,0.9200000166893005,0.9200000166893005,4000.0
2026-04-13 11:02:00,MCS.V,,2.109999895095825,2.109999895095825,2.109999895095825,2.109999895095825,200.0
2026-04-13 11:02:00,MERG.V,,0.8999999761581421,0.8999999761581421,0.8999999761581421,0.8999999761581421,2500.0
2026-04-13 11:02:00,MLP.V,,2.1500000953674316,2.1500000953674316,2.1500000953674316,2.1500000953674316,100.0
2026-04-13 11:02:00,MMA.V,,1.2999999523162842,1.2999999523162842,1.2999999523162842,1.2999999523162842,3600.0
2026-04-13 11:02:00,NICU.V,,2.25,2.25,2.25,2.25,2500.0
2026-04-13 11:02:00,PNG.V,,8.600000381469727,8.649999618530273,8.600000381469727,8.600000381469727,16495.0
2026-04-13 11:02:00,TUF.V,,0.3050000071525574,0.3050000071525574,0.3050000071525574,0.3050000071525574,4000.0
2026-04-13 11:03:00,ESK.V,,0.4449999928474426,0.4449999928474426,0.4449999928474426,0.4449999928474426,696.0
2026-04-13 11:03:00,GOT.V,,1.6799999475479126,1.6799999475479126,1.6799999475479126,1.6799999475479126,200.0
2026-04-13 11:03:00,GQC.V,,2.259999990463257,2.259999990463257,2.25,2.259999990463257,600.0
2026-04-13 11:03:00,HSTR.V,,2.5299999713897705,2.5299999713897705,2.5299999713897705,2.5299999713897705,395.0
2026-04-13 11:03:00,LUCA.V,,1.440000057220459,1.4550000429153442,1.440000057220459,1.4550000429153442,21529.0
2026-04-13 11:03:00,MLP.V,,2.1500000953674316,2.1500000953674316,2.1500000953674316,2.1500000953674316,100.0
2026-04-13 11:03:00,MRVL.V,,0.1599999964237213,0.1599999964237213,0.1599999964237213,0.1599999964237213,5000.0
2026-04-13 11:03:00,NICU.V,,2.259999990463257,2.259999990463257,2.25,2.25,7100.0
2026-04-13 11:03:00,NURS.V,,3.140000104904175,3.140000104904175,3.140000104904175,3.140000104904175,100.0
2026-04-13 11:03:00,PNG.V,,8.569999694824219,8.59000015258789,8.569999694824219,8.59000015258789,2000.0
2026-04-13 11:04:00,GKO.V,,0.054999999701976776,0.054999999701976776,0.054999999701976776,0.054999999701976776,73000.0
2026-04-13 11:04:00,GLAD.V,,1.2899999618530273,1.2899999618530273,1.2899999618530273,1.2899999618530273,4200.0
2026-04-13 11:04:00,GQC.V,,2.25,2.259999990463257,2.25,2.259999990463257,300.0
2026-04-13 11:04:00,HITI.V,,3.200000047683716,3.200000047683716,3.200000047683716,3.200000047683716,100.0
2026-04-13 11:04:00,HME.V,,2.809999942779541,2.809999942779541,2.809999942779541,2.809999942779541,2360.0
2026-04-13 11:04:00,HSTR.V,,2.5299999713897705,2.5299999713897705,2.5299999713897705,2.5299999713897705,200.0
2026-04-13 11:04:00,ITR.V,,4.099999904632568,4.099999904632568,4.099999904632568,4.099999904632568,600.0
2026-04-13 11:04:00,LEM.V,,0.2849999964237213,0.2849999964237213,0.2849999964237213,0.2849999964237213,3001.0
2026-04-13 11:04:00,LG.V,,0.3700000047683716,0.3700000047683716,0.3700000047683716,0.3700000047683716,52500.0
2026-04-13 11:04:00,LUCA.V,,1.440000057220459,1.440000057220459,1.440000057220459,1.440000057220459,3200.0
2026-04-13 11:04:00,PNG.V,,8.5600004196167,8.569999694824219,8.5600004196167,8.569999694824219,4100.0
2026-04-13 11:04:00,ZNG.V,,1.100000023841858,1.100000023841858,1.100000023841858,1.100000023841858,17400.0
2026-04-13 11:05:00,EQTY.V,,0.3149999976158142,0.3149999976158142,0.3149999976158142,0.3149999976158142,5000.0
2026-04-13 11:05:00,FDR.V,,4.75,4.769999980926514,4.75,4.769999980926514,2400.0
2026-04-13 11:05:00,FO.V,,0.3100000023841858,0.3100000023841858,0.3100000023841858,0.3100000023841858,500.0
2026-04-13 11:05:00,GGO.V,,1.0299999713897705,1.0299999713897705,1.0299999713897705,1.0299999713897705,13000.0
2026-04-13 11:05:00,GLAD.V,,1.2899999618530273,1.2899999618530273,1.2899999618530273,1.2899999618530273,900.0
2026-04-13 11:05:00,GPH.V,,1.2400000095367432,1.2400000095367432,1.2400000095367432,1.2400000095367432,500.0
2026-04-13 11:05:00,GQC.V,,2.25,2.259999990463257,2.25,2.259999990463257,600.0
2026-04-13 11:05:00,GSVR.V,,0.6200000047683716,0.6200000047683716,0.6200000047683716,0.6200000047683716,21000.0
2026-04-13 11:05:00,HMR.V,,0.7900000214576721,0.8100000023841858,0.7900000214576721,0.8100000023841858,7500.0
2026-04-13 11:05:00,HSTR.V,,2.5199999809265137,2.5299999713897705,2.5199999809265137,2.5299999713897705,2600.0
2026-04-13 11:05:00,IFOS.V,,3.9000000953674316,3.9000000953674316,3.9000000953674316,3.9000000953674316,4100.0
2026-04-13 11:05:00,KTN.V,,1.4299999475479126,1.4299999475479126,1.4299999475479126,1.4299999475479126,100.0
2026-04-13 11:05:00,LTH.V,,0.9150000214576721,0.9200000166893005,0.9150000214576721,0.9200000166893005,1500.0
2026-04-13 11:05:00,MKO.V,,9.550000190734863,9.5600004196167,9.550000190734863,9.5600004196167,800.0
2026-04-13 11:05:00,MLP.V,,2.1500000953674316,2.1500000953674316,2.1500000953674316,2.1500000953674316,100.0
2026-04-13 11:05:00,MTA.V,,9.34000015258789,9.350000381469727,9.34000015258789,9.350000381469727,400.0
2026-04-13 11:05:00,NICU.V,,2.25,2.25,2.25,2.25,900.0
2026-04-13 11:05:00,PNG.V,,8.550000190734863,8.550000190734863,8.550000190734863,8.550000190734863,812.0
2026-04-13 11:06:00,EQTY.V,,0.3149999976158142,0.3149999976158142,0.3149999976158142,0.3149999976158142,2000.0
2026-04-13 11:06:00,FL.V,,0.6349999904632568,0.6349999904632568,0.6349999904632568,0.6349999904632568,500.0
2026-04-13 11:06:00,FO.V,,0.3100000023841858,0.3100000023841858,0.3100000023841858,0.3100000023841858,500.0
2026-04-13 11:06:00,GPG.V,,0.41999998688697815,0.41999998688697815,0.41999998688697815,0.41999998688697815,4500.0
2026-04-13 11:06:00,GQC.V,,2.25,2.25,2.25,2.25,17400.0
2026-04-13 11:06:00,GTC.V,,0.20000000298023224,0.20000000298023224,0.19499999284744263,0.19499999284744263,56000.0
2026-04-13 11:06:00,HMR.V,,0.800000011920929,0.800000011920929,0.800000011920929,0.800000011920929,11500.0
2026-04-13 11:06:00,HSTR.V,,2.5199999809265137,2.5199999809265137,2.5199999809265137,2.5199999809265137,700.0
2026-04-13 11:06:00,IFOS.V,,3.880000114440918,3.9000000953674316,3.880000114440918,3.9000000953674316,10100.0
2026-04-13 11:06:00,KDK.V,,0.9200000166893005,0.9200000166893005,0.9200000166893005,0.9200000166893005,1300.0
2026-04-13 11:06:00,LTH.V,,0.9200000166893005,0.9200000166893005,0.9200000166893005,0.9200000166893005,500.0
2026-04-13 11:06:00,LUCA.V,,1.434999942779541,1.434999942779541,1.434999942779541,1.434999942779541,300.0
2026-04-13 11:06:00,MKO.V,,9.550000190734863,9.550000190734863,9.539999961853027,9.539999961853027,400.0
2026-04-13 11:06:00,MLP.V,,2.1500000953674316,2.1500000953674316,2.1500000953674316,2.1500000953674316,100.0
2026-04-13 11:06:00,NICU.V,,2.244999885559082,2.244999885559082,2.244999885559082,2.244999885559082,100.0
2026-04-13 11:06:00,PNG.V,,8.5600004196167,8.5600004196167,8.5600004196167,8.5600004196167,200.0
2026-04-13 11:07:00,FL.V,,0.6399999856948853,0.6399999856948853,0.6399999856948853,0.6399999856948853,500.0
2026-04-13 11:07:00,GGO.V,,1.0299999713897705,1.0299999713897705,1.0299999713897705,1.0299999713897705,500.0
2026-04-13 11:07:00,GQC.V,,2.25,2.25,2.25,2.25,400.0
2026-04-13 11:07:00,HSTR.V,,2.5250000953674316,2.5250000953674316,2.5250000953674316,2.5250000953674316,400.0
2026-04-13 11:07:00,IFOS.V,,3.880000114440918,3.880000114440918,3.880000114440918,3.880000114440918,500.0
2026-04-13 11:07:00,JUGR.V,,1.3700000047683716,1.3700000047683716,1.3700000047683716,1.3700000047683716,1000.0
2026-04-13 11:07:00,LMN.V,,22.239999771118164,22.239999771118164,22.190000534057617,22.190000534057617,1706.0
2026-04-13 11:07:00,LTH.V,,0.9200000166893005,0.9200000166893005,0.9200000166893005,0.9200000166893005,500.0
2026-04-13 11:07:00,MGM.V,,2.630000114440918,2.630000114440918,2.630000114440918,2.630000114440918,1700.0
2026-04-13 11:07:00,MMA.V,,1.2899999618530273,1.2899999618530273,1.2899999618530273,1.2899999618530273,2000.0
2026-04-13 11:07:00,PNG.V,,8.550000190734863,8.5600004196167,8.550000190734863,8.5600004196167,1299.0
2026-04-13 11:08:00,BIG.V,,0.6800000071525574,0.6800000071525574,0.6800000071525574,0.6800000071525574,3000.0
2026-04-13 11:08:00,FPX.V,,0.4099999964237213,0.4099999964237213,0.4099999964237213,0.4099999964237213,500.0
2026-04-13 11:08:00,GQC.V,,2.255000114440918,2.255000114440918,2.255000114440918,2.255000114440918,100.0
2026-04-13 11:08:00,INTR.V,,0.6899999976158142,0.6899999976158142,0.6899999976158142,0.6899999976158142,2000.0
2026-04-13 11:08:00,LTH.V,,0.9049999713897705,0.9100000262260437,0.9049999713897705,0.9100000262260437,19400.0
2026-04-13 11:08:00,LUCA.V,,1.434999942779541,1.434999942779541,1.434999942779541,1.434999942779541,200.0
2026-04-13 11:08:00,MTA.V,,9.329999923706055,9.329999923706055,9.329999923706055,9.329999923706055,200.0
2026-04-13 11:08:00,PNG.V,,8.529999732971191,8.539999961853027,8.529999732971191,8.539999961853027,1000.0
2026-04-13 11:09:00,FDR.V,,4.75,4.75,4.75,4.75,700.0
2026-04-13 11:09:00,GQC.V,,2.25,2.25,2.25,2.25,600.0
2026-04-13 11:09:00,HITI.V,,3.200000047683716,3.200000047683716,3.200000047683716,3.200000047683716,400.0
2026-04-13 11:09:00,HSTR.V,,2.5199999809265137,2.5199999809265137,2.5199999809265137,2.5199999809265137,100.0
2026-04-13 11:09:00,LUCA.V,,1.434999942779541,1.434999942779541,1.434999942779541,1.434999942779541,400.0
2026-04-13 11:09:00,MJS.V,,0.14499999582767487,0.14499999582767487,0.14499999582767487,0.14499999582767487,500.0
2026-04-13 11:09:00,MLP.V,,2.1500000953674316,2.1500000953674316,2.1500000953674316,2.1500000953674316,100.0
2026-04-13 11:09:00,PNG.V,,8.539999961853027,8.539999961853027,8.539999961853027,8.539999961853027,600.0
2026-04-13 11:10:00,FL.V,,0.6349999904632568,0.6349999904632568,0.6349999904632568,0.6349999904632568,500.0
2026-04-13 11:10:00,GQC.V,,2.25,2.25,2.25,2.25,200.0
2026-04-13 11:10:00,HMR.V,,0.800000011920929,0.800000011920929,0.800000011920929,0.800000011920929,1000.0
2026-04-13 11:10:00,IFOS.V,,3.9000000953674316,3.9000000953674316,3.9000000953674316,3.9000000953674316,1100.0
2026-04-13 11:10:00,ITR.V,,4.099999904632568,4.099999904632568,4.099999904632568,4.099999904632568,2200.0
2026-04-13 11:10:00,LIO.V,,0.24500000476837158,0.24500000476837158,0.24500000476837158,0.24500000476837158,8500.0
2026-04-13 11:10:00,LUCA.V,,1.4299999475479126,1.440000057220459,1.4299999475479126,1.434999942779541,700.0
2026-04-13 11:10:00,MKO.V,,9.5,9.5,9.5,9.5,100.0
2026-04-13 11:10:00,MLP.V,,2.1500000953674316,2.1500000953674316,2.1500000953674316,2.1500000953674316,100.0
2026-04-13 11:10:00,MMA.V,,1.2899999618530273,1.2899999618530273,1.2899999618530273,1.2899999618530273,1200.0
2026-04-13 11:10:00,NICU.V,,2.25,2.25,2.25,2.25,400.0
2026-04-13 11:10:00,PNG.V,,8.579999923706055,8.579999923706055,8.5600004196167,8.5600004196167,4217.0
2026-04-13 11:10:00,TUF.V,,0.3050000071525574,0.3050000071525574,0.3050000071525574,0.3050000071525574,10000.0
2026-04-13 11:10:00,ZNG.V,,1.100000023841858,1.100000023841858,1.100000023841858,1.100000023841858,5700.0
2026-04-13 11:11:00,FAIR.V,,0.07000000029802322,0.07000000029802322,0.07000000029802322,0.07000000029802322,1075.0
2026-04-13 11:11:00,FL.V,,0.6299999952316284,0.6299999952316284,0.6299999952316284,0.6299999952316284,1500.0
2026-04-13 11:11:00,FMAN.V,,0.3199999928474426,0.3199999928474426,0.3199999928474426,0.3199999928474426,0.0
2026-04-13 11:11:00,GQC.V,,2.259999990463257,2.259999990463257,2.25,2.25,600.0
2026-04-13 11:11:00,GSVR.V,,0.6200000047683716,0.6200000047683716,0.6200000047683716,0.6200000047683716,10000.0
2026-04-13 11:11:00,HME.V,,2.819999933242798,2.819999933242798,2.819999933242798,2.819999933242798,200.0
2026-04-13 11:11:00,HSTR.V,,2.5199999809265137,2.5199999809265137,2.5199999809265137,2.5199999809265137,100.0
2026-04-13 11:11:00,IFOS.V,,3.9000000953674316,3.9000000953674316,3.9000000953674316,3.9000000953674316,3500.0
2026-04-13 11:11:00,ITR.V,,4.099999904632568,4.099999904632568,4.099999904632568,4.099999904632568,100.0
2026-04-13 11:11:00,KLDC.V,,0.1850000023841858,0.1850000023841858,0.1850000023841858,0.1850000023841858,1500.0
2026-04-13 11:11:00,LMN.V,,22.18000030517578,22.18000030517578,22.18000030517578,22.18000030517578,300.0
2026-04-13 11:11:00,LUCA.V,,1.434999942779541,1.434999942779541,1.434999942779541,1.434999942779541,600.0
2026-04-13 11:11:00,MKO.V,,9.520000457763672,9.520000457763672,9.520000457763672,9.520000457763672,1009.0
2026-04-13 11:11:00,NICU.V,,2.240000009536743,2.240000009536743,2.240000009536743,2.240000009536743,100.0
2026-04-13 11:12:00,FMS.V,,0.3799999952316284,0.3799999952316284,0.3799999952316284,0.3799999952316284,1500.0
2026-04-13 11:12:00,GQC.V,,2.25,2.255000114440918,2.25,2.25,500.0
2026-04-13 11:12:00,HME.V,,2.809999942779541,2.815000057220459,2.809999942779541,2.815000057220459,6600.0
2026-04-13 11:12:00,IPT.V,,0.24500000476837158,0.24500000476837158,0.24500000476837158,0.24500000476837158,21000.0
2026-04-13 11:12:00,ITR.V,,4.119999885559082,4.119999885559082,4.119999885559082,4.119999885559082,2400.0
2026-04-13 11:12:00,KTN.V,,1.4500000476837158,1.4500000476837158,1.4450000524520874,1.4450000524520874,1900.0
2026-04-13 11:12:00,LUCA.V,,1.440000057220459,1.440000057220459,1.434999942779541,1.434999942779541,1000.0
2026-04-13 11:12:00,MLP.V,,2.1500000953674316,2.1500000953674316,2.1500000953674316,2.1500000953674316,100.0
2026-04-13 11:12:00,NICU.V,,2.25,2.25,2.25,2.25,900.0
2026-04-13 11:12:00,PNG.V,,8.59000015258789,8.59000015258789,8.59000015258789,8.59000015258789,700.0
2026-04-13 11:13:00,FL.V,,0.6349999904632568,0.6349999904632568,0.6349999904632568,0.6349999904632568,500.0
2026-04-13 11:13:00,FRNT.V,,0.18000000715255737,0.18000000715255737,0.18000000715255737,0.18000000715255737,2500.0
2026-04-13 11:13:00,GQC.V,,2.259999990463257,2.259999990463257,2.255000114440918,2.255000114440918,1400.0
2026-04-13 11:13:00,IFOS.V,,3.9100000858306885,3.9100000858306885,3.9100000858306885,3.9100000858306885,100.0
2026-04-13 11:13:00,LMN.V,,22.18000030517578,22.18000030517578,22.18000030517578,22.18000030517578,528.0
2026-04-13 11:13:00,LUCA.V,,1.434999942779541,1.440000057220459,1.434999942779541,1.440000057220459,1400.0
2026-04-13 11:13:00,PNG.V,,8.600000381469727,8.600000381469727,8.59000015258789,8.59000015258789,400.0
2026-04-13 11:13:00,TUF.V,,0.3050000071525574,0.3050000071525574,0.3050000071525574,0.3050000071525574,5500.0
2026-04-13 11:14:00,FO.V,,0.3100000023841858,0.3100000023841858,0.3100000023841858,0.3100000023841858,2500.0
2026-04-13 11:14:00,GOT.V,,1.684999942779541,1.684999942779541,1.684999942779541,1.684999942779541,100.0
2026-04-13 11:14:00,GTC.V,,0.20000000298023224,0.20000000298023224,0.20000000298023224,0.20000000298023224,49925.0
2026-04-13 11:14:00,HMR.V,,0.800000011920929,0.800000011920929,0.800000011920929,0.800000011920929,1000.0
2026-04-13 11:14:00,HSTR.V,,2.5299999713897705,2.5299999713897705,2.5299999713897705,2.5299999713897705,500.0
2026-04-13 11:14:00,KRI.V,,0.29499998688697815,0.29499998688697815,0.29499998688697815,0.29499998688697815,18500.0
2026-04-13 11:14:00,LG.V,,0.3700000047683716,0.3700000047683716,0.3700000047683716,0.3700000047683716,5500.0
2026-04-13 11:14:00,LMN.V,,22.100000381469727,22.100000381469727,22.100000381469727,22.100000381469727,100.0
2026-04-13 11:14:00,LQWD.V,,0.949999988079071,0.949999988079071,0.949999988079071,0.949999988079071,1000.0
2026-04-13 11:14:00,LTH.V,,0.9100000262260437,0.9100000262260437,0.9100000262260437,0.9100000262260437,500.0
2026-04-13 11:14:00,LUCA.V,,1.440000057220459,1.440000057220459,1.440000057220459,1.440000057220459,700.0
2026-04-13 11:14:00,MLP.V,,2.1500000953674316,2.1500000953674316,2.1500000953674316,2.1500000953674316,100.0
2026-04-13 11:14:00,PNG.V,,8.600000381469727,8.600000381469727,8.600000381469727,8.600000381469727,575.0
2026-04-13 11:14:00,VAND.V,,0.9900000095367432,0.9900000095367432,0.9900000095367432,0.9900000095367432,1015.0
2026-04-13 11:15:00,FRED.V,,0.699999988079071,0.699999988079071,0.699999988079071,0.699999988079071,4000.0
2026-04-13 11:15:00,GQC.V,,2.25,2.25,2.25,2.25,400.0
2026-04-13 11:15:00,GTC.V,,0.20000000298023224,0.20000000298023224,0.20000000298023224,0.20000000298023224,619.0
2026-04-13 11:15:00,LPS.V,,0.07500000298023224,0.09000000357627869,0.07500000298023224,0.09000000357627869,73000.0
2026-04-13 11:15:00,LTH.V,,0.9100000262260437,0.9100000262260437,0.9049999713897705,0.9100000262260437,2500.0
2026-04-13 11:15:00,LVG.V,,0.3100000023841858,0.3100000023841858,0.3100000023841858,0.3100000023841858,31000.0
2026-04-13 11:15:00,MLP.V,,2.1500000953674316,2.1500000953674316,2.1500000953674316,2.1500000953674316,100.0
2026-04-13 11:15:00,PNG.V,,8.59000015258789,8.600000381469727,8.579999923706055,8.600000381469727,3918.0
2026-04-13 11:16:00,BIG.V,,0.6800000071525574,0.6800000071525574,0.6800000071525574,0.6800000071525574,4000.0
2026-04-13 11:16:00,ESK.V,,0.42500001192092896,0.42500001192092896,0.42500001192092896,0.42500001192092896,10000.0
2026-04-13 11:16:00,FL.V,,0.6399999856948853,0.6399999856948853,0.6399999856948853,0.6399999856948853,500.0
2026-04-13 11:16:00,GOT.V,,1.690000057220459,1.690000057220459,1.690000057220459,1.690000057220459,200.0
2026-04-13 11:16:00,GQC.V,,2.25,2.2699999809265137,2.25,2.2699999809265137,300.0
2026-04-13 11:16:00,GSVR.V,,0.6200000047683716,0.6200000047683716,0.6200000047683716,0.6200000047683716,8500.0
2026-04-13 11:16:00,GTC.V,,0.20000000298023224,0.20000000298023224,0.20000000298023224,0.20000000298023224,500.0
2026-04-13 11:16:00,HSTR.V,,2.5299999713897705,2.5299999713897705,2.5299999713897705,2.5299999713897705,3000.0
2026-04-13 11:16:00,ITR.V,,4.119999885559082,4.119999885559082,4.119999885559082,4.119999885559082,700.0
2026-04-13 11:16:00,JUGR.V,,1.3600000143051147,1.3600000143051147,1.3600000143051147,1.3600000143051147,2000.0
2026-04-13 11:16:00,KGL-H.V,,0.27000001072883606,0.27000001072883606,0.27000001072883606,0.27000001072883606,0.0
2026-04-13 11:16:00,LG.V,,0.3700000047683716,0.3700000047683716,0.3700000047683716,0.3700000047683716,5000.0
2026-04-13 11:16:00,LTH.V,,0.9100000262260437,0.9100000262260437,0.9049999713897705,0.9049999713897705,1000.0
2026-04-13 11:16:00,LUCA.V,,1.440000057220459,1.440000057220459,1.434999942779541,1.434999942779541,300.0
2026-04-13 11:16:00,LVG.V,,0.3100000023841858,0.3100000023841858,0.3100000023841858,0.3100000023841858,6000.0
2026-04-13 11:16:00,PNG.V,,8.579999923706055,8.59000015258789,8.569999694824219,8.59000015258789,9695.0
2026-04-13 11:17:00,FDR.V,,4.739999771118164,4.75,4.739999771118164,4.75,2500.0
2026-04-13 11:17:00,GQC.V,,2.2699999809265137,2.2699999809265137,2.25,2.25,300.0
2026-04-13 11:17:00,GSVR.V,,0.6200000047683716,0.6200000047683716,0.6200000047683716,0.6200000047683716,1000.0
2026-04-13 11:17:00,GTC.V,,0.20999999344348907,0.20999999344348907,0.20499999821186066,0.20499999821186066,54500.0
2026-04-13 11:17:00,ITR.V,,4.110000133514404,4.110000133514404,4.110000133514404,4.110000133514404,100.0
2026-04-13 11:17:00,KTN.V,,1.440000057220459,1.440000057220459,1.440000057220459,1.440000057220459,200.0
2026-04-13 11:17:00,LG.V,,0.3675000071525574,0.3675000071525574,0.3675000071525574,0.3675000071525574,500.0
2026-04-13 11:17:00,LRA.V,,3.799999952316284,3.799999952316284,3.799999952316284,3.799999952316284,300.0
2026-04-13 11:17:00,LTH.V,,0.9049999713897705,0.9049999713897705,0.9049999713897705,0.9049999713897705,500.0
2026-04-13 11:17:00,LUCA.V,,1.440000057220459,1.440000057220459,1.440000057220459,1.440000057220459,300.0
2026-04-13 11:17:00,MKO.V,,9.5600004196167,9.5600004196167,9.5600004196167,9.5600004196167,400.0
2026-04-13 11:17:00,PNG.V,,8.569999694824219,8.569999694824219,8.5600004196167,8.569999694824219,3600.0
2026-04-13 11:18:00,BIG.V,,0.6800000071525574,0.6899999976158142,0.6800000071525574,0.6899999976158142,37500.0
2026-04-13 11:18:00,FDR.V,,4.75,4.75,4.75,4.75,1800.0
2026-04-13 11:18:00,FL.V,,0.6349999904632568,0.6349999904632568,0.6349999904632568,0.6349999904632568,500.0
2026-04-13 11:18:00,FWZ.V,,4.53000020980835,4.539999961853027,4.519999980926514,4.519999980926514,8100.0
2026-04-13 11:18:00,GQC.V,,2.25,2.2699999809265137,2.25,2.25,500.0
2026-04-13 11:18:00,GSR.V,,0.5099999904632568,0.5099999904632568,0.5099999904632568,0.5099999904632568,21000.0
2026-04-13 11:18:00,GSTM.V,,0.20000000298023224,0.20000000298023224,0.20000000298023224,0.20000000298023224,5000.0
2026-04-13 11:18:00,LTH.V,,0.9049999713897705,0.9100000262260437,0.9049999713897705,0.9100000262260437,1000.0
2026-04-13 11:18:00,LUCA.V,,1.4249999523162842,1.434999942779541,1.4249999523162842,1.434999942779541,19300.0
2026-04-13 11:18:00,MJS.V,,0.14499999582767487,0.14499999582767487,0.14499999582767487,0.14499999582767487,500.0
2026-04-13 11:18:00,MLP.V,,2.1500000953674316,2.1500000953674316,2.1500000953674316,2.1500000953674316,100.0
2026-04-13 11:18:00,MTA.V,,9.369999885559082,9.369999885559082,9.369999885559082,9.369999885559082,100.0
2026-04-13 11:18:00,PNG.V,,8.550000190734863,8.5600004196167,8.550000190734863,8.5600004196167,13310.0
2026-04-13 11:19:00,BIG.V,,0.6800000071525574,0.6800000071525574,0.6800000071525574,0.6800000071525574,4381.0
2026-04-13 11:19:00,FDR.V,,4.710000038146973,4.710000038146973,4.710000038146973,4.710000038146973,400.0
2026-04-13 11:19:00,FRED.V,,0.699999988079071,0.699999988079071,0.699999988079071,0.699999988079071,5000.0
2026-04-13 11:19:00,FWZ.V,,4.519999980926514,4.519999980926514,4.519999980926514,4.519999980926514,608.0
2026-04-13 11:19:00,GQC.V,,2.25,2.2699999809265137,2.25,2.2699999809265137,300.0
2026-04-13 11:19:00,GSVR.V,,0.6150000095367432,0.6150000095367432,0.6150000095367432,0.6150000095367432,3000.0
2026-04-13 11:19:00,HITI.V,,3.200000047683716,3.200000047683716,3.200000047683716,3.200000047683716,100.0
2026-04-13 11:19:00,HME.V,,2.809999942779541,2.815000057220459,2.809999942779541,2.809999942779541,2200.0
2026-04-13 11:19:00,LTH.V,,0.9100000262260437,0.9100000262260437,0.9100000262260437,0.9100000262260437,500.0
2026-04-13 11:19:00,LUCA.V,,1.4199999570846558,1.4249999523162842,1.4199999570846558,1.4249999523162842,9900.0
2026-04-13 11:19:00,MERG.V,,0.9300000071525574,0.9300000071525574,0.9200000166893005,0.9200000166893005,2000.0
2026-04-13 11:19:00,MKO.V,,9.539999961853027,9.539999961853027,9.539999961853027,9.539999961853027,100.0
2026-04-13 11:19:00,NICU.V,,2.25,2.25,2.25,2.25,900.0
2026-04-13 11:19:00,PNG.V,,8.5600004196167,8.5600004196167,8.550000190734863,8.550000190734863,2722.0
2026-04-13 11:20:00,GLAD.V,,1.2999999523162842,1.2999999523162842,1.2999999523162842,1.2999999523162842,200.0
2026-04-13 11:20:00,GPH.V,,1.2450000047683716,1.2450000047683716,1.2450000047683716,1.2450000047683716,1800.0
2026-04-13 11:20:00,GQC.V,,2.25,2.2699999809265137,2.25,2.2699999809265137,300.0
2026-04-13 11:20:00,GRZ.V,,5.860000133514404,5.860000133514404,5.860000133514404,5.860000133514404,0.0
2026-04-13 11:20:00,GSR.V,,0.5099999904632568,0.5099999904632568,0.5099999904632568,0.5099999904632568,22500.0
2026-04-13 11:20:00,LMN.V,,22.25,22.25,22.190000534057617,22.200000762939453,1654.0
2026-04-13 11:20:00,LTH.V,,0.9100000262260437,0.9100000262260437,0.9100000262260437,0.9100000262260437,500.0
2026-04-13 11:20:00,LUCA.V,,1.4199999570846558,1.4249999523162842,1.4199999570846558,1.4199999570846558,600.0
2026-04-13 11:20:00,NICU.V,,2.2699999809265137,2.2699999809265137,2.255000114440918,2.255000114440918,18900.0
2026-04-13 11:20:00,PNG.V,,8.5600004196167,8.569999694824219,8.5600004196167,8.5600004196167,1000.0
2026-04-13 11:21:00,FO.V,,0.3100000023841858,0.3100000023841858,0.3100000023841858,0.3100000023841858,500.0
2026-04-13 11:21:00,GQC.V,,2.2699999809265137,2.2699999809265137,2.25,2.25,300.0
2026-04-13 11:21:00,HAPB.V,,0.04500000178813934,0.04500000178813934,0.04500000178813934,0.04500000178813934,0.0
2026-04-13 11:21:00,LUCA.V,,1.4199999570846558,1.4249999523162842,1.4199999570846558,1.4199999570846558,600.0
2026-04-13 11:21:00,NURS.V,,3.119999885559082,3.119999885559082,3.119999885559082,3.119999885559082,100.0
2026-04-13 11:21:00,PNG.V,,8.550000190734863,8.5600004196167,8.550000190734863,8.5600004196167,308.0
2026-04-13 11:22:00,GQC.V,,2.25,2.2699999809265137,2.25,2.25,500.0
2026-04-13 11:22:00,HMR.V,,0.8100000023841858,0.8100000023841858,0.800000011920929,0.800000011920929,9000.0
2026-04-13 11:22:00,IFOS.V,,3.880000114440918,3.890000104904175,3.880000114440918,3.890000104904175,6950.0
2026-04-13 11:22:00,IVS.V,,0.23000000417232513,0.23000000417232513,0.23000000417232513,0.23000000417232513,5000.0
2026-04-13 11:22:00,KLDC.V,,0.1899999976158142,0.1899999976158142,0.1899999976158142,0.1899999976158142,1000.0
2026-04-13 11:22:00,KNG.V,,1.2599999904632568,1.2699999809265137,1.2599999904632568,1.2699999809265137,1800.0
2026-04-13 11:22:00,LTH.V,,0.9100000262260437,0.9100000262260437,0.9100000262260437,0.9100000262260437,500.0
2026-04-13 11:22:00,LUCA.V,,1.4199999570846558,1.4249999523162842,1.4199999570846558,1.4199999570846558,700.0
2026-04-13 11:22:00,MLP.V,,2.1500000953674316,2.1500000953674316,2.1500000953674316,2.1500000953674316,100.0
2026-04-13 11:22:00,NICU.V,,2.2699999809265137,2.2699999809265137,2.2699999809265137,2.2699999809265137,100.0
2026-04-13 11:22:00,ZNG.V,,1.1100000143051147,1.1100000143051147,1.1100000143051147,1.1100000143051147,13500.0
2026-04-13 11:23:00,FDR.V,,4.710000038146973,4.71999979019165,4.710000038146973,4.71999979019165,800.0
2026-04-13 11:23:00,FRED.V,,0.699999988079071,0.699999988079071,0.699999988079071,0.699999988079071,3000.0
2026-04-13 11:23:00,FRSH.V,,0.7699999809265137,0.7699999809265137,0.7699999809265137,0.7699999809265137,0.0
2026-04-13 11:23:00,GQC.V,,2.2699999809265137,2.2699999809265137,2.25,2.25,300.0
2026-04-13 11:23:00,IVS.V,,0.23000000417232513,0.23000000417232513,0.23000000417232513,0.23000000417232513,5000.0
2026-04-13 11:23:00,JUGR.V,,1.350000023841858,1.350000023841858,1.350000023841858,1.350000023841858,2500.0
2026-04-13 11:23:00,LTH.V,,0.9100000262260437,0.9100000262260437,0.9100000262260437,0.9100000262260437,500.0
2026-04-13 11:23:00,LUCA.V,,1.4199999570846558,1.4249999523162842,1.4199999570846558,1.4199999570846558,2000.0
2026-04-13 11:23:00,MLP.V,,2.1500000953674316,2.1500000953674316,2.1500000953674316,2.1500000953674316,100.0
2026-04-13 11:23:00,NICU.V,,2.2699999809265137,2.2699999809265137,2.2699999809265137,2.2699999809265137,2650.0
2026-04-13 11:23:00,PNG.V,,8.529999732971191,8.539999961853027,8.520000457763672,8.539999961853027,1866.0
2026-04-13 11:23:00,SCAN.V,,7.050000190734863,7.050000190734863,7.050000190734863,7.050000190734863,100.0
2026-04-13 11:24:00,FUU.V,,0.17000000178813934,0.17000000178813934,0.17000000178813934,0.17000000178813934,48500.0
2026-04-13 11:24:00,GGO.V,,1.0299999713897705,1.0299999713897705,1.0299999713897705,1.0299999713897705,500.0
2026-04-13 11:24:00,GQC.V,,2.25,2.25,2.25,2.25,200.0
2026-04-13 11:24:00,HI.V,,0.1550000011920929,0.1550000011920929,0.1550000011920929,0.1550000011920929,18000.0
2026-04-13 11:24:00,JUGR.V,,1.350000023841858,1.350000023841858,1.350000023841858,1.350000023841858,2500.0
2026-04-13 11:24:00,LMS.V,,0.2199999988079071,0.2199999988079071,0.2199999988079071,0.2199999988079071,6000.0
2026-04-13 11:24:00,LTH.V,,0.9100000262260437,0.9100000262260437,0.9100000262260437,0.9100000262260437,500.0
2026-04-13 11:24:00,LUCA.V,,1.4199999570846558,1.4249999523162842,1.4199999570846558,1.4199999570846558,1000.0
2026-04-13 11:24:00,MKR.V,,0.13500000536441803,0.14000000059604645,0.13500000536441803,0.14000000059604645,0.0
2026-04-13 11:24:00,MLP.V,,2.1500000953674316,2.1500000953674316,2.1500000953674316,2.1500000953674316,500.0
2026-04-13 11:24:00,NICU.V,,2.2699999809265137,2.2699999809265137,2.2699999809265137,2.2699999809265137,400.0
2026-04-13 11:24:00,PNG.V,,8.529999732971191,8.529999732971191,8.510000228881836,8.510000228881836,1200.0
2026-04-13 11:25:00,FDI.V,,0.4000000059604645,0.4000000059604645,0.4000000059604645,0.4000000059604645,2500.0
2026-04-13 11:25:00,FMM.V,,0.03500000014901161,0.03500000014901161,0.03500000014901161,0.03500000014901161,0.0
2026-04-13 11:25:00,FUU.V,,0.17000000178813934,0.17000000178813934,0.17000000178813934,0.17000000178813934,500.0
2026-04-13 11:25:00,GQC.V,,2.25,2.2699999809265137,2.25,2.2699999809265137,500.0
2026-04-13 11:25:00,GRZ.V,,5.900000095367432,5.900000095367432,5.900000095367432,5.900000095367432,500.0
2026-04-13 11:25:00,GSTM.V,,0.20000000298023224,0.20000000298023224,0.20000000298023224,0.20000000298023224,34000.0
2026-04-13 11:25:00,HI.V,,0.1550000011920929,0.1550000011920929,0.1550000011920929,0.1550000011920929,4500.0
2026-04-13 11:25:00,HMR.V,,0.8199999928474426,0.8199999928474426,0.8199999928474426,0.8199999928474426,1000.0
2026-04-13 11:25:00,HSTR.V,,2.5299999713897705,2.5299999713897705,2.5299999713897705,2.5299999713897705,200.0
2026-04-13 11:25:00,ITR.V,,4.110000133514404,4.110000133514404,4.110000133514404,4.110000133514404,400.0
2026-04-13 11:25:00,LG.V,,0.3700000047683716,0.3700000047683716,0.3700000047683716,0.3700000047683716,7500.0
2026-04-13 11:25:00,LITH.V,,0.6299999952316284,0.6299999952316284,0.6299999952316284,0.6299999952316284,500.0
2026-04-13 11:25:00,LTH.V,,0.9100000262260437,0.9100000262260437,0.9100000262260437,0.9100000262260437,6000.0
2026-04-13 11:25:00,LUCA.V,,1.4249999523162842,1.4249999523162842,1.4199999570846558,1.4249999523162842,700.0
2026-04-13 11:25:00,MGM.V,,2.630000114440918,2.630000114440918,2.630000114440918,2.630000114440918,300.0
2026-04-13 11:25:00,MLP.V,,2.1500000953674316,2.1500000953674316,2.1500000953674316,2.1500000953674316,100.0
2026-04-13 11:26:00,FL.V,,0.6299999952316284,0.6399999856948853,0.6299999952316284,0.6399999856948853,1500.0
2026-04-13 11:26:00,GPH.V,,1.25,1.25,1.25,1.25,2400.0
2026-04-13 11:26:00,GQC.V,,2.25,2.259999990463257,2.25,2.259999990463257,300.0
2026-04-13 11:26:00,GSVR.V,,0.6200000047683716,0.6200000047683716,0.6200000047683716,0.6200000047683716,1000.0
2026-04-13 11:26:00,HME.V,,2.809999942779541,2.809999942779541,2.809999942779541,2.809999942779541,832.0
2026-04-13 11:26:00,IFOS.V,,3.890000104904175,3.890000104904175,3.890000104904175,3.890000104904175,100.0
2026-04-13 11:26:00,ITR.V,,4.099999904632568,4.099999904632568,4.099999904632568,4.099999904632568,400.0
2026-04-13 11:26:00,LMN.V,,22.239999771118164,22.309999465942383,22.239999771118164,22.309999465942383,840.0
2026-04-13 11:26:00,LTH.V,,0.9100000262260437,0.9100000262260437,0.9100000262260437,0.9100000262260437,7000.0
2026-04-13 11:26:00,LUCA.V,,1.4199999570846558,1.4199999570846558,1.4199999570846558,1.4199999570846558,700.0
2026-04-13 11:26:00,NICU.V,,2.25,2.2699999809265137,2.25,2.2699999809265137,10400.0
2026-04-13 11:26:00,PNG.V,,8.520000457763672,8.529999732971191,8.520000457763672,8.529999732971191,3822.0
2026-04-13 11:27:00,FDR.V,,4.699999809265137,4.710000038146973,4.699999809265137,4.710000038146973,1200.0
2026-04-13 11:27:00,FO.V,,0.3100000023841858,0.3100000023841858,0.3100000023841858,0.3100000023841858,1500.0
2026-04-13 11:27:00,GOT.V,,1.6699999570846558,1.6699999570846558,1.6699999570846558,1.6699999570846558,100.0
2026-04-13 11:27:00,GQC.V,,2.259999990463257,2.259999990463257,2.25,2.25,600.0
2026-04-13 11:27:00,GRSL.V,,0.33500000834465027,0.33500000834465027,0.33000001311302185,0.33000001311302185,1402.0
2026-04-13 11:27:00,GSVR.V,,0.6200000047683716,0.6200000047683716,0.6200000047683716,0.6200000047683716,8500.0
2026-04-13 11:27:00,HI.V,,0.1550000011920929,0.1550000011920929,0.1550000011920929,0.1550000011920929,2500.0
2026-04-13 11:27:00,HITI.V,,3.200000047683716,3.200000047683716,3.200000047683716,3.200000047683716,100.0
2026-04-13 11:27:00,HSTR.V,,2.5299999713897705,2.5299999713897705,2.5299999713897705,2.5299999713897705,100.0
2026-04-13 11:27:00,INTR.V,,0.6800000071525574,0.6800000071525574,0.6800000071525574,0.6800000071525574,10000.0
2026-04-13 11:27:00,LTH.V,,0.9100000262260437,0.9100000262260437,0.9100000262260437,0.9100000262260437,10170.0
2026-04-13 11:27:00,LUCA.V,,1.409999966621399,1.4199999570846558,1.409999966621399,1.4199999570846558,5440.0
2026-04-13 11:27:00,MLP.V,,2.1500000953674316,2.1500000953674316,2.1500000953674316,2.1500000953674316,200.0
2026-04-13 11:27:00,PNG.V,,8.520000457763672,8.520000457763672,8.520000457763672,8.520000457763672,4800.0
2026-04-13 11:27:00,ZNG.V,,1.090000033378601,1.090000033378601,1.090000033378601,1.090000033378601,11000.0
2026-04-13 11:28:00,FO.V,,0.3100000023841858,0.3100000023841858,0.3100000023841858,0.3100000023841858,500.0
2026-04-13 11:28:00,FUU.V,,0.17000000178813934,0.17000000178813934,0.17000000178813934,0.17000000178813934,500.0
2026-04-13 11:28:00,GQC.V,,2.25,2.255000114440918,2.25,2.255000114440918,300.0
2026-04-13 11:28:00,GSTM.V,,0.20000000298023224,0.20000000298023224,0.20000000298023224,0.20000000298023224,15000.0
2026-04-13 11:28:00,HAN.V,,0.5899999737739563,0.5899999737739563,0.5899999737739563,0.5899999737739563,1510.0
2026-04-13 11:28:00,INTR.V,,0.6800000071525574,0.6800000071525574,0.6800000071525574,0.6800000071525574,2000.0
2026-04-13 11:28:00,LMN.V,,22.239999771118164,22.239999771118164,22.239999771118164,22.239999771118164,100.0
2026-04-13 11:28:00,LTH.V,,0.9100000262260437,0.9100000262260437,0.9100000262260437,0.9100000262260437,1000.0
2026-04-13 11:28:00,LUCA.V,,1.434999942779541,1.434999942779541,1.409999966621399,1.409999966621399,41500.0
2026-04-13 11:28:00,MKO.V,,9.5600004196167,9.579999923706055,9.5600004196167,9.579999923706055,1300.0
2026-04-13 11:28:00,PNG.V,,8.529999732971191,8.529999732971191,8.520000457763672,8.520000457763672,1700.0
2026-04-13 11:29:00,GOT.V,,1.6749999523162842,1.6749999523162842,1.6749999523162842,1.6749999523162842,100.0
2026-04-13 11:29:00,GQC.V,,2.255000114440918,2.255000114440918,2.25,2.25,300.0
2026-04-13 11:29:00,ITR.V,,4.099999904632568,4.099999904632568,4.099999904632568,4.099999904632568,150.0
2026-04-13 11:29:00,LAB.V,,0.07000000029802322,0.07000000029802322,0.07000000029802322,0.07000000029802322,89000.0
2026-04-13 11:29:00,LTH.V,,0.9100000262260437,0.9100000262260437,0.9049999713897705,0.9049999713897705,1000.0
2026-04-13 11:29:00,LUCA.V,,1.4299999475479126,1.4299999475479126,1.4299999475479126,1.4299999475479126,300.0
2026-04-13 11:29:00,MLP.V,,2.1500000953674316,2.1500000953674316,2.1500000953674316,2.1500000953674316,100.0
2026-04-13 11:29:00,PNG.V,,8.550000190734863,8.550000190734863,8.539999961853027,8.539999961853027,1940.0
2026-04-13 11:30:00,FDR.V,,4.690000057220459,4.710000038146973,4.690000057220459,4.710000038146973,1000.0
2026-04-13 11:30:00,FUU.V,,0.17000000178813934,0.17000000178813934,0.17000000178813934,0.17000000178813934,500.0
2026-04-13 11:30:00,GQC.V,,2.25,2.25,2.25,2.25,400.0
2026-04-13 11:30:00,HMR.V,,0.8100000023841858,0.8100000023841858,0.8100000023841858,0.8100000023841858,1000.0
2026-04-13 11:30:00,KRY.V,,3.299999952316284,3.299999952316284,3.299999952316284,3.299999952316284,200.0
2026-04-13 11:30:00,LAB.V,,0.07000000029802322,0.07000000029802322,0.07000000029802322,0.07000000029802322,56000.0
2026-04-13 11:30:00,LMN.V,,22.229999542236328,22.239999771118164,22.229999542236328,22.239999771118164,200.0
2026-04-13 11:30:00,LTH.V,,0.9049999713897705,0.9100000262260437,0.9049999713897705,0.9100000262260437,1000.0
2026-04-13 11:30:00,LUCA.V,,1.434999942779541,1.434999942779541,1.4299999475479126,1.434999942779541,300.0
2026-04-13 11:30:00,MJS.V,,0.14499999582767487,0.14499999582767487,0.14499999582767487,0.14499999582767487,500.0
2026-04-13 11:30:00,MLP.V,,2.1500000953674316,2.1500000953674316,2.1500000953674316,2.1500000953674316,400.0
2026-04-13 11:30:00,NICU.V,,2.25,2.25,2.25,2.25,200.0
2026-04-13 11:30:00,PNG.V,,8.529999732971191,8.539999961853027,8.529999732971191,8.539999961853027,2400.0
2026-04-13 11:30:00,TUF.V,,0.3100000023841858,0.3100000023841858,0.3100000023841858,0.3100000023841858,1500.0
2026-04-13 11:31:00,GQC.V,,2.25,2.255000114440918,2.25,2.255000114440918,400.0
2026-04-13 11:31:00,HME.V,,2.809999942779541,2.809999942779541,2.809999942779541,2.809999942779541,1000.0
2026-04-13 11:31:00,KRY.V,,3.309999942779541,3.309999942779541,3.309999942779541,3.309999942779541,100.0
2026-04-13 11:31:00,KTN.V,,1.440000057220459,1.440000057220459,1.440000057220459,1.440000057220459,100.0
2026-04-13 11:31:00,LMN.V,,22.25,22.260000228881836,22.25,22.260000228881836,203.0
2026-04-13 11:31:00,LUCA.V,,1.440000057220459,1.440000057220459,1.434999942779541,1.434999942779541,500.0
2026-04-13 11:31:00,MASS.V,,0.11999999731779099,0.11999999731779099,0.11999999731779099,0.11999999731779099,46500.0
2026-04-13 11:32:00,FUU.V,,0.17000000178813934,0.17000000178813934,0.17000000178813934,0.17000000178813934,500.0
2026-04-13 11:32:00,GLAD.V,,1.2999999523162842,1.2999999523162842,1.2949999570846558,1.2949999570846558,16700.0
2026-04-13 11:32:00,GQC.V,,2.25,2.25,2.25,2.25,200.0
2026-04-13 11:32:00,GSVR.V,,0.6200000047683716,0.6200000047683716,0.6200000047683716,0.6200000047683716,500.0
2026-04-13 11:32:00,HELI.V,,0.03999999910593033,0.03999999910593033,0.03999999910593033,0.03999999910593033,15326.0
2026-04-13 11:32:00,HITI.V,,3.2100000381469727,3.2100000381469727,3.2100000381469727,3.2100000381469727,200.0
2026-04-13 11:32:00,LG.V,,0.3700000047683716,0.3700000047683716,0.3700000047683716,0.3700000047683716,2500.0
2026-04-13 11:32:00,LMN.V,,22.25,22.260000228881836,22.25,22.25,900.0
2026-04-13 11:32:00,LTH.V,,0.8999999761581421,0.8999999761581421,0.8999999761581421,0.8999999761581421,10500.0
2026-04-13 11:32:00,LUCA.V,,1.434999942779541,1.440000057220459,1.434999942779541,1.440000057220459,1400.0
2026-04-13 11:32:00,MLP.V,,2.1500000953674316,2.1500000953674316,2.1500000953674316,2.1500000953674316,100.0
2026-04-13 11:32:00,NICU.V,,2.259999990463257,2.259999990463257,2.259999990463257,2.259999990463257,200.0
2026-04-13 11:33:00,FL.V,,0.6299999952316284,0.6299999952316284,0.6299999952316284,0.6299999952316284,1000.0
2026-04-13 11:33:00,GQC.V,,2.259999990463257,2.259999990463257,2.25,2.25,500.0
2026-04-13 11:33:00,HSTR.V,,2.5299999713897705,2.5299999713897705,2.5299999713897705,2.5299999713897705,200.0
2026-04-13 11:33:00,KLDC.V,,0.1899999976158142,0.1899999976158142,0.1899999976158142,0.1899999976158142,500.0
2026-04-13 11:33:00,LTH.V,,0.9049999713897705,0.9049999713897705,0.8999999761581421,0.8999999761581421,1500.0
2026-04-13 11:33:00,LUCA.V,,1.434999942779541,1.434999942779541,1.434999942779541,1.434999942779541,300.0
2026-04-13 11:33:00,NICU.V,,2.259999990463257,2.259999990463257,2.259999990463257,2.259999990463257,600.0
2026-04-13 11:33:00,PNG.V,,8.520000457763672,8.520000457763672,8.510000228881836,8.510000228881836,300.0
2026-04-13 11:33:00,ZNG.V,,1.090000033378601,1.090000033378601,1.090000033378601,1.090000033378601,500.0
2026-04-13 11:34:00,GQC.V,,2.25,2.25,2.25,2.25,200.0
2026-04-13 11:34:00,HSTR.V,,2.5299999713897705,2.5299999713897705,2.5299999713897705,2.5299999713897705,200.0
2026-04-13 11:34:00,LTH.V,,0.9049999713897705,0.9049999713897705,0.9049999713897705,0.9049999713897705,1500.0
2026-04-13 11:34:00,LUCA.V,,1.434999942779541,1.434999942779541,1.434999942779541,1.434999942779541,400.0
2026-04-13 11:34:00,PNG.V,,8.520000457763672,8.520000457763672,8.510000228881836,8.520000457763672,1800.0
2026-04-13 11:35:00,FDR.V,,4.699999809265137,4.699999809265137,4.690000057220459,4.690000057220459,24700.0
2026-04-13 11:35:00,FUU.V,,0.17000000178813934,0.17000000178813934,0.17000000178813934,0.17000000178813934,500.0
2026-04-13 11:35:00,GQC.V,,2.25,2.25,2.25,2.25,200.0
2026-04-13 11:35:00,INTR.V,,0.6800000071525574,0.6800000071525574,0.6800000071525574,0.6800000071525574,22500.0
2026-04-13 11:35:00,ITR.V,,4.099999904632568,4.099999904632568,4.09499979019165,4.09499979019165,900.0
2026-04-13 11:35:00,LTH.V,,0.9049999713897705,0.9049999713897705,0.8999999761581421,0.8999999761581421,1500.0
2026-04-13 11:35:00,LUCA.V,,1.434999942779541,1.434999942779541,1.434999942779541,1.434999942779541,300.0
2026-04-13 11:35:00,MINE.V,,0.08500000089406967,0.08500000089406967,0.08500000089406967,0.08500000089406967,1000.0
2026-04-13 11:35:00,NICU.V,,2.259999990463257,2.259999990463257,2.259999990463257,2.259999990463257,200.0
2026-04-13 11:35:00,PNG.V,,8.529999732971191,8.550000190734863,8.529999732971191,8.529999732971191,10700.0
2026-04-13 11:35:00,TUF.V,,0.3149999976158142,0.3149999976158142,0.3100000023841858,0.3100000023841858,28500.0
2026-04-13 11:36:00,FO.V,,0.3100000023841858,0.3100000023841858,0.3100000023841858,0.3100000023841858,500.0
2026-04-13 11:36:00,GQC.V,,2.25,2.255000114440918,2.25,2.255000114440918,300.0
2026-04-13 11:36:00,INTR.V,,0.6899999976158142,0.6899999976158142,0.6800000071525574,0.6800000071525574,39000.0
2026-04-13 11:36:00,LMN.V,,22.25,22.309999465942383,22.25,22.309999465942383,3000.0
2026-04-13 11:36:00,LTH.V,,0.8999999761581421,0.9049999713897705,0.8999999761581421,0.8999999761581421,2000.0
2026-04-13 11:36:00,LUCA.V,,1.4450000524520874,1.4500000476837158,1.434999942779541,1.434999942779541,3700.0
2026-04-13 11:36:00,MLP.V,,2.1500000953674316,2.1500000953674316,2.1500000953674316,2.1500000953674316,100.0
2026-04-13 11:36:00,MN.V,,0.11500000208616257,0.11500000208616257,0.11500000208616257,0.11500000208616257,1500.0
2026-04-13 11:36:00,MPH.V,,1.350000023841858,1.350000023841858,1.350000023841858,1.350000023841858,1000.0
2026-04-13 11:36:00,PNG.V,,8.510000228881836,8.510000228881836,8.510000228881836,8.510000228881836,200.0
2026-04-13 11:37:00,FL.V,,0.6399999856948853,0.6399999856948853,0.6399999856948853,0.6399999856948853,500.0
2026-04-13 11:37:00,GQC.V,,2.25,2.25,2.25,2.25,400.0
2026-04-13 11:37:00,GTC.V,,0.20999999344348907,0.20999999344348907,0.20999999344348907,0.20999999344348907,4200.0
2026-04-13 11:37:00,HSTR.V,,2.5299999713897705,2.5299999713897705,2.5299999713897705,2.5299999713897705,300.0
2026-04-13 11:37:00,ITR.V,,4.110000133514404,4.110000133514404,4.110000133514404,4.110000133514404,100.0
2026-04-13 11:37:00,LEM.V,,0.2800000011920929,0.2800000011920929,0.2800000011920929,0.2800000011920929,800.0
2026-04-13 11:37:00,LTH.V,,0.9049999713897705,0.9049999713897705,0.9049999713897705,0.9049999713897705,1000.0
2026-04-13 11:37:00,LUCA.V,,1.440000057220459,1.4500000476837158,1.440000057220459,1.4500000476837158,30216.0
2026-04-13 11:38:00,FUU.V,,0.17000000178813934,0.17000000178813934,0.17000000178813934,0.17000000178813934,500.0
2026-04-13 11:38:00,GQC.V,,2.25,2.255000114440918,2.25,2.255000114440918,300.0
2026-04-13 11:38:00,HCH.V,,1.440000057220459,1.440000057220459,1.440000057220459,1.440000057220459,100.0
2026-04-13 11:38:00,HSTR.V,,2.5299999713897705,2.5299999713897705,2.5299999713897705,2.5299999713897705,2200.0
2026-04-13 11:38:00,HVG.V,,0.05999999865889549,0.05999999865889549,0.05999999865889549,0.05999999865889549,10000.0
2026-04-13 11:38:00,ITR.V,,4.110000133514404,4.110000133514404,4.110000133514404,4.110000133514404,100.0
2026-04-13 11:38:00,KLDC.V,,0.19499999284744263,0.19499999284744263,0.1899999976158142,0.1899999976158142,2000.0
2026-04-13 11:38:00,KNG.V,,1.2599999904632568,1.2599999904632568,1.2599999904632568,1.2599999904632568,200.0
2026-04-13 11:38:00,LIO.V,,0.24500000476837158,0.24500000476837158,0.24500000476837158,0.24500000476837158,15000.0
2026-04-13 11:38:00,LMN.V,,22.25,22.25,22.239999771118164,22.25,500.0
2026-04-13 11:38:00,LTH.V,,0.9049999713897705,0.9049999713897705,0.8999999761581421,0.9049999713897705,1500.0
2026-04-13 11:38:00,PNG.V,,8.520000457763672,8.520000457763672,8.520000457763672,8.520000457763672,2000.0
2026-04-13 11:39:00,GPM.V,,0.09000000357627869,0.09000000357627869,0.09000000357627869,0.09000000357627869,88000.0
2026-04-13 11:39:00,GQC.V,,2.25,2.25,2.25,2.25,200.0
2026-04-13 11:39:00,HELI.V,,0.04500000178813934,0.04500000178813934,0.04500000178813934,0.04500000178813934,4000.0
2026-04-13 11:39:00,LMN.V,,22.25,22.260000228881836,22.25,22.25,500.0
2026-04-13 11:39:00,LTH.V,,0.9049999713897705,0.9049999713897705,0.8999999761581421,0.8999999761581421,1500.0
2026-04-13 11:39:00,LUCA.V,,1.440000057220459,1.4500000476837158,1.440000057220459,1.4450000524520874,600.0
2026-04-13 11:39:00,MKO.V,,9.59000015258789,9.59000015258789,9.59000015258789,9.59000015258789,100.0
2026-04-13 11:39:00,PNG.V,,8.520000457763672,8.529999732971191,8.520000457763672,8.529999732971191,480.0
2026-04-13 11:40:00,FO.V,,0.3100000023841858,0.3100000023841858,0.3100000023841858,0.3100000023841858,500.0
2026-04-13 11:40:00,FUU.V,,0.17000000178813934,0.17000000178813934,0.17000000178813934,0.17000000178813934,500.0
2026-04-13 11:40:00,GQC.V,,2.25,2.25,2.25,2.25,400.0
2026-04-13 11:40:00,GSTM.V,,0.20000000298023224,0.20000000298023224,0.20000000298023224,0.20000000298023224,10000.0
2026-04-13 11:40:00,HI.V,,0.1550000011920929,0.1550000011920929,0.1550000011920929,0.1550000011920929,1000.0
2026-04-13 11:40:00,LMN.V,,22.25,22.25,22.25,22.25,100.0
2026-04-13 11:40:00,LTH.V,,0.9049999713897705,0.9049999713897705,0.9049999713897705,0.9049999713897705,1000.0
2026-04-13 11:40:00,MJS.V,,0.14499999582767487,0.14499999582767487,0.14499999582767487,0.14499999582767487,500.0
2026-04-13 11:40:00,PNG.V,,8.520000457763672,8.529999732971191,8.520000457763672,8.520000457763672,600.0
2026-04-13 11:41:00,FL.V,,0.6299999952316284,0.6299999952316284,0.6299999952316284,0.6299999952316284,1000.0
2026-04-13 11:41:00,GQC.V,,2.25,2.25,2.25,2.25,200.0
2026-04-13 11:41:00,GSVR.V,,0.6200000047683716,0.6200000047683716,0.6200000047683716,0.6200000047683716,500.0
2026-04-13 11:41:00,ILC.V,,0.019999999552965164,0.019999999552965164,0.019999999552965164,0.019999999552965164,4000.0
2026-04-13 11:41:00,LTH.V,,0.9049999713897705,0.9049999713897705,0.8999999761581421,0.8999999761581421,1000.0
2026-04-13 11:41:00,LUCA.V,,1.4450000524520874,1.4450000524520874,1.4450000524520874,1.4450000524520874,100.0
2026-04-13 11:41:00,MKO.V,,9.59000015258789,9.59000015258789,9.59000015258789,9.59000015258789,100.0
2026-04-13 11:41:00,MLP.V,,2.1500000953674316,2.1500000953674316,2.1500000953674316,2.1500000953674316,100.0
2026-04-13 11:41:00,PNG.V,,8.539999961853027,8.539999961853027,8.529999732971191,8.529999732971191,1800.0
2026-04-13 11:42:00,GLAD.V,,1.2899999618530273,1.2899999618530273,1.2899999618530273,1.2899999618530273,200.0
2026-04-13 11:42:00,GQC.V,,2.25,2.25,2.25,2.25,200.0
2026-04-13 11:42:00,HCH.V,,1.409999966621399,1.440000057220459,1.409999966621399,1.440000057220459,6500.0
2026-04-13 11:42:00,HELI.V,,0.04500000178813934,0.04500000178813934,0.04500000178813934,0.04500000178813934,25256.0
2026-04-13 11:42:00,HI.V,,0.1550000011920929,0.1550000011920929,0.1550000011920929,0.1550000011920929,1000.0
2026-04-13 11:42:00,HITI.V,,3.2100000381469727,3.2100000381469727,3.2100000381469727,3.2100000381469727,100.0
2026-04-13 11:42:00,KTN.V,,1.440000057220459,1.440000057220459,1.440000057220459,1.440000057220459,100.0
2026-04-13 11:42:00,LMN.V,,22.295000076293945,22.295000076293945,22.295000076293945,22.295000076293945,1100.0
2026-04-13 11:42:00,LTH.V,,0.9049999713897705,0.9049999713897705,0.8999999761581421,0.8999999761581421,1000.0
2026-04-13 11:42:00,LUCA.V,,1.4450000524520874,1.4500000476837158,1.4450000524520874,1.4500000476837158,500.0
2026-04-13 11:42:00,MJS.V,,0.14499999582767487,0.14499999582767487,0.14499999582767487,0.14499999582767487,500.0
2026-04-13 11:42:00,NICU.V,,2.259999990463257,2.259999990463257,2.259999990463257,2.259999990463257,1300.0
2026-04-13 11:42:00,PNG.V,,8.539999961853027,8.539999961853027,8.539999961853027,8.539999961853027,1300.0
2026-04-13 11:43:00,FDR.V,,4.699999809265137,4.699999809265137,4.699999809265137,4.699999809265137,2600.0
2026-04-13 11:43:00,FO.V,,0.3100000023841858,0.3100000023841858,0.3100000023841858,0.3100000023841858,500.0
2026-04-13 11:43:00,FUU.V,,0.17000000178813934,0.17000000178813934,0.17000000178813934,0.17000000178813934,500.0
2026-04-13 11:43:00,GG.V,,2.630000114440918,2.630000114440918,2.5999999046325684,2.5999999046325684,3700.0
2026-04-13 11:43:00,GQC.V,,2.255000114440918,2.255000114440918,2.25,2.25,300.0
2026-04-13 11:43:00,HSTR.V,,2.5199999809265137,2.5199999809265137,2.5199999809265137,2.5199999809265137,900.0
2026-04-13 11:43:00,ITR.V,,4.099999904632568,4.099999904632568,4.099999904632568,4.099999904632568,900.0
2026-04-13 11:43:00,LMN.V,,22.239999771118164,22.239999771118164,22.239999771118164,22.239999771118164,100.0
2026-04-13 11:43:00,LTH.V,,0.9100000262260437,0.9100000262260437,0.9100000262260437,0.9100000262260437,500.0
2026-04-13 11:43:00,LUCA.V,,1.4450000524520874,1.4450000524520874,1.440000057220459,1.4450000524520874,1700.0
2026-04-13 11:43:00,MASS.V,,0.10999999940395355,0.11500000208616257,0.10999999940395355,0.11500000208616257,60000.0
2026-04-13 11:43:00,MLP.V,,2.1500000953674316,2.1500000953674316,2.1500000953674316,2.1500000953674316,100.0
2026-04-13 11:43:00,MSC.V,,0.014999999664723873,0.014999999664723873,0.014999999664723873,0.014999999664723873,10000.0
2026-04-13 11:43:00,MTA.V,,9.319999694824219,9.369999885559082,9.319999694824219,9.369999885559082,700.0
2026-04-13 11:43:00,NICU.V,,2.2699999809265137,2.2699999809265137,2.2699999809265137,2.2699999809265137,100.0
2026-04-13 11:43:00,PNG.V,,8.550000190734863,8.550000190734863,8.529999732971191,8.529999732971191,200.0
2026-04-13 11:44:00,FDR.V,,4.650000095367432,4.699999809265137,4.650000095367432,4.699999809265137,8195.0
2026-04-13 11:44:00,FO.V,,0.3100000023841858,0.3100000023841858,0.3100000023841858,0.3100000023841858,49000.0
2026-04-13 11:44:00,GQC.V,,2.25,2.25,2.25,2.25,200.0
2026-04-13 11:44:00,HME.V,,2.809999942779541,2.809999942779541,2.809999942779541,2.809999942779541,1700.0
2026-04-13 11:44:00,HSTR.V,,2.5199999809265137,2.5199999809265137,2.5199999809265137,2.5199999809265137,100.0
2026-04-13 11:44:00,LIO.V,,0.24500000476837158,0.24500000476837158,0.24500000476837158,0.24500000476837158,10000.0
2026-04-13 11:44:00,LMN.V,,22.239999771118164,22.239999771118164,22.239999771118164,22.239999771118164,100.0
2026-04-13 11:44:00,LTH.V,,0.9100000262260437,0.9100000262260437,0.9100000262260437,0.9100000262260437,500.0
2026-04-13 11:44:00,LUCA.V,,1.4450000524520874,1.4450000524520874,1.4450000524520874,1.4450000524520874,100.0
2026-04-13 11:44:00,MTA.V,,9.319999694824219,9.319999694824219,9.319999694824219,9.319999694824219,100.0
2026-04-13 11:44:00,PNG.V,,8.550000190734863,8.550000190734863,8.550000190734863,8.550000190734863,4506.0
2026-04-13 11:44:00,WOLF.V,,1.3600000143051147,1.3600000143051147,1.3600000143051147,1.3600000143051147,4700.0
2026-04-13 11:45:00,FDR.V,,4.679999828338623,4.679999828338623,4.679999828338623,4.679999828338623,12600.0
2026-04-13 11:45:00,FO.V,,0.3100000023841858,0.3100000023841858,0.3100000023841858,0.3100000023841858,500.0
2026-04-13 11:45:00,GPAC.V,,0.46000000834465027,0.46000000834465027,0.46000000834465027,0.46000000834465027,0.0
2026-04-13 11:45:00,GQC.V,,2.25,2.255000114440918,2.25,2.255000114440918,500.0
2026-04-13 11:45:00,HSTR.V,,2.5199999809265137,2.5199999809265137,2.5199999809265137,2.5199999809265137,400.0
2026-04-13 11:45:00,LTH.V,,0.9100000262260437,0.9100000262260437,0.9100000262260437,0.9100000262260437,500.0
2026-04-13 11:45:00,LUCA.V,,1.440000057220459,1.4450000524520874,1.440000057220459,1.4450000524520874,751.0
2026-04-13 11:45:00,MDX.V,,0.05999999865889549,0.05999999865889549,0.05999999865889549,0.05999999865889549,44000.0
2026-04-13 11:45:00,MEX.V,,0.1599999964237213,0.1599999964237213,0.15000000596046448,0.15000000596046448,0.0
2026-04-13 11:45:00,MLP.V,,2.1500000953674316,2.1500000953674316,2.1500000953674316,2.1500000953674316,100.0
2026-04-13 11:45:00,NICU.V,,2.2799999713897705,2.2799999713897705,2.2699999809265137,2.2699999809265137,2700.0
2026-04-13 11:45:00,PNG.V,,8.569999694824219,8.569999694824219,8.5600004196167,8.5600004196167,8000.0
2026-04-13 11:45:00,ROAR.V,,0.2549999952316284,0.25999999046325684,0.2549999952316284,0.25999999046325684,14500.0
2026-04-13 11:46:00,FUU.V,,0.17000000178813934,0.17000000178813934,0.17000000178813934,0.17000000178813934,500.0
2026-04-13 11:46:00,FWZ.V,,4.519999980926514,4.519999980926514,4.519999980926514,4.519999980926514,203.0
2026-04-13 11:46:00,GQC.V,,2.255000114440918,2.259999990463257,2.25,2.255000114440918,700.0
2026-04-13 11:46:00,GSPR.V,,0.10000000149011612,0.10000000149011612,0.10000000149011612,0.10000000149011612,22500.0
2026-04-13 11:46:00,HAR.V,,0.054999999701976776,0.054999999701976776,0.054999999701976776,0.054999999701976776,15000.0
2026-04-13 11:46:00,HMR.V,,0.8100000023841858,0.8100000023841858,0.8100000023841858,0.8100000023841858,1000.0
2026-04-13 11:46:00,LTH.V,,0.9100000262260437,0.9100000262260437,0.9100000262260437,0.9100000262260437,500.0
2026-04-13 11:46:00,LVG.V,,0.3149999976158142,0.3149999976158142,0.3125,0.3125,14000.0
2026-04-13 11:46:00,PNG.V,,8.5600004196167,8.5600004196167,8.5600004196167,8.5600004196167,200.0
2026-04-13 11:47:00,GMA.V,,0.27000001072883606,0.27000001072883606,0.27000001072883606,0.27000001072883606,7000.0
2026-04-13 11:47:00,GQC.V,,2.25,2.25,2.25,2.25,200.0
2026-04-13 11:47:00,GSTM.V,,0.20000000298023224,0.20000000298023224,0.20000000298023224,0.20000000298023224,3500.0
2026-04-13 11:47:00,IVS.V,,0.22499999403953552,0.22499999403953552,0.22499999403953552,0.22499999403953552,48000.0
2026-04-13 11:47:00,KTN.V,,1.4450000524520874,1.4450000524520874,1.4450000524520874,1.4450000524520874,800.0
2026-04-13 11:47:00,LTH.V,,0.9100000262260437,0.9100000262260437,0.9100000262260437,0.9100000262260437,8000.0
2026-04-13 11:47:00,NICU.V,,2.2799999713897705,2.2799999713897705,2.2799999713897705,2.2799999713897705,200.0
2026-04-13 11:47:00,PNG.V,,8.550000190734863,8.5600004196167,8.550000190734863,8.5600004196167,2400.0
2026-04-13 11:48:00,ESK.V,,0.4449999928474426,0.4449999928474426,0.4449999928474426,0.4449999928474426,5500.0
2026-04-13 11:48:00,FDR.V,,4.679999828338623,4.679999828338623,4.679999828338623,4.679999828338623,1000.0
2026-04-13 11:48:00,FL.V,,0.6299999952316284,0.6399999856948853,0.6299999952316284,0.6399999856948853,37000.0
2026-04-13 11:48:00,GPAC.V,,0.46000000834465027,0.46000000834465027,0.46000000834465027,0.46000000834465027,56000.0
2026-04-13 11:48:00,GPH.V,,1.25,1.25,1.25,1.25,248.0
2026-04-13 11:48:00,GQC.V,,2.25,2.25,2.25,2.25,200.0
2026-04-13 11:48:00,HCH.V,,1.399999976158142,1.399999976158142,1.399999976158142,1.399999976158142,700.0
2026-04-13 11:48:00,KTN.V,,1.440000057220459,1.440000057220459,1.440000057220459,1.440000057220459,100.0
2026-04-13 11:48:00,LTH.V,,0.9100000262260437,0.9100000262260437,0.9100000262260437,0.9100000262260437,1500.0
2026-04-13 11:48:00,LUCA.V,,1.4450000524520874,1.4500000476837158,1.4450000524520874,1.4500000476837158,600.0
2026-04-13 11:48:00,NICU.V,,2.2750000953674316,2.2750000953674316,2.2750000953674316,2.2750000953674316,300.0
2026-04-13 11:48:00,PNG.V,,8.539999961853027,8.550000190734863,8.539999961853027,8.550000190734863,300.0
2026-04-13 11:49:00,FNC.V,,0.125,0.125,0.125,0.125,2000.0
2026-04-13 11:49:00,FUU.V,,0.17000000178813934,0.17000000178813934,0.17000000178813934,0.17000000178813934,500.0
2026-04-13 11:49:00,GPAC.V,,0.46000000834465027,0.46000000834465027,0.46000000834465027,0.46000000834465027,6000.0
2026-04-13 11:49:00,GQC.V,,2.25,2.25,2.25,2.25,400.0
2026-04-13 11:49:00,GRD.V,,0.07999999821186066,0.07999999821186066,0.07999999821186066,0.07999999821186066,0.0
2026-04-13 11:49:00,GSR.V,,0.5099999904632568,0.5099999904632568,0.5099999904632568,0.5099999904632568,7140.0
2026-04-13 11:49:00,KLD.V,,2.559999942779541,2.559999942779541,2.559999942779541,2.559999942779541,530.0
2026-04-13 11:49:00,KS.V,,0.2199999988079071,0.23499999940395355,0.2199999988079071,0.23499999940395355,20101.0
2026-04-13 11:49:00,LMN.V,,22.25,22.25,22.25,22.25,100.0
2026-04-13 11:49:00,LRA.V,,3.7699999809265137,3.7699999809265137,3.7699999809265137,3.7699999809265137,3084.0
2026-04-13 11:49:00,LTH.V,,0.9049999713897705,0.9049999713897705,0.9049999713897705,0.9049999713897705,500.0
2026-04-13 11:49:00,LUCA.V,,1.4500000476837158,1.4500000476837158,1.4500000476837158,1.4500000476837158,200.0
2026-04-13 11:49:00,MTA.V,,9.289999961853027,9.289999961853027,9.289999961853027,9.289999961853027,100.0
2026-04-13 11:49:00,NICU.V,,2.2799999713897705,2.2799999713897705,2.2799999713897705,2.2799999713897705,100.0
2026-04-13 11:49:00,NURS.V,,3.140000104904175,3.140000104904175,3.140000104904175,3.140000104904175,200.0
2026-04-13 11:49:00,PNG.V,,8.550000190734863,8.550000190734863,8.550000190734863,8.550000190734863,1000.0
2026-04-13 11:50:00,FL.V,,0.6399999856948853,0.6399999856948853,0.6399999856948853,0.6399999856948853,500.0
2026-04-13 11:50:00,GQC.V,,2.25,2.25,2.25,2.25,400.0
2026-04-13 11:50:00,GSPR.V,,0.10499999672174454,0.10499999672174454,0.10499999672174454,0.10499999672174454,69500.0
2026-04-13 11:50:00,HMR.V,,0.800000011920929,0.800000011920929,0.800000011920929,0.800000011920929,2000.0
2026-04-13 11:50:00,IPT.V,,0.24500000476837158,0.24500000476837158,0.24250000715255737,0.24500000476837158,5500.0
2026-04-13 11:50:00,ITR.V,,4.110000133514404,4.110000133514404,4.110000133514404,4.110000133514404,400.0
2026-04-13 11:50:00,LTH.V,,0.9049999713897705,0.9100000262260437,0.9049999713897705,0.9100000262260437,1500.0
2026-04-13 11:50:00,LUCA.V,,1.4450000524520874,1.4500000476837158,1.4450000524520874,1.4450000524520874,400.0
2026-04-13 11:50:00,MKO.V,,9.579999923706055,9.579999923706055,9.579999923706055,9.579999923706055,100.0
2026-04-13 11:50:00,MLP.V,,2.1500000953674316,2.1600000858306885,2.1500000953674316,2.1500000953674316,1300.0
2026-04-13 11:50:00,NICU.V,,2.2850000858306885,2.2899999618530273,2.2799999713897705,2.2799999713897705,5700.0
2026-04-13 11:51:00,FDR.V,,4.699999809265137,4.699999809265137,4.699999809265137,4.699999809265137,700.0
2026-04-13 11:51:00,FO.V,,0.3100000023841858,0.3100000023841858,0.3100000023841858,0.3100000023841858,500.0
2026-04-13 11:51:00,FUU.V,,0.17000000178813934,0.17000000178813934,0.17000000178813934,0.17000000178813934,9500.0
2026-04-13 11:51:00,GQC.V,,2.25,2.255000114440918,2.25,2.255000114440918,500.0
2026-04-13 11:51:00,HME.V,,2.809999942779541,2.809999942779541,2.809999942779541,2.809999942779541,200.0
2026-04-13 11:51:00,LG.V,,0.38499999046325684,0.38999998569488525,0.375,0.375,57700.0
2026-04-13 11:51:00,LTH.V,,0.9049999713897705,0.9049999713897705,0.9049999713897705,0.9049999713897705,500.0
2026-04-13 11:51:00,LUCA.V,,1.4500000476837158,1.4500000476837158,1.4450000524520874,1.4500000476837158,400.0
2026-04-13 11:51:00,NICU.V,,2.2799999713897705,2.2799999713897705,2.2799999713897705,2.2799999713897705,100.0
2026-04-13 11:51:00,PNG.V,,8.550000190734863,8.550000190734863,8.550000190734863,8.550000190734863,100.0
2026-04-13 11:52:00,FDR.V,,4.71999979019165,4.71999979019165,4.71999979019165,4.71999979019165,200.0
2026-04-13 11:52:00,FUU.V,,0.17000000178813934,0.17000000178813934,0.17000000178813934,0.17000000178813934,500.0
2026-04-13 11:52:00,GPAC.V,,0.46000000834465027,0.46000000834465027,0.46000000834465027,0.46000000834465027,500.0
2026-04-13 11:52:00,GQC.V,,2.25,2.25,2.25,2.25,200.0
2026-04-13 11:52:00,GSPR.V,,0.10999999940395355,0.10999999940395355,0.10999999940395355,0.10999999940395355,60000.0
2026-04-13 11:52:00,GSTM.V,,0.20000000298023224,0.20000000298023224,0.20000000298023224,0.20000000298023224,1000.0
2026-04-13 11:52:00,HSTR.V,,2.5299999713897705,2.5299999713897705,2.5299999713897705,2.5299999713897705,200.0
2026-04-13 11:52:00,ITR.V,,4.119999885559082,4.119999885559082,4.119999885559082,4.119999885559082,500.0
2026-04-13 11:52:00,LG.V,,0.38499999046325684,0.38499999046325684,0.38499999046325684,0.38499999046325684,17400.0
2026-04-13 11:52:00,LQWD.V,,0.9599999785423279,0.9599999785423279,0.9599999785423279,0.9599999785423279,1500.0
2026-04-13 11:52:00,LUCA.V,,1.4500000476837158,1.4500000476837158,1.4450000524520874,1.4500000476837158,600.0
2026-04-13 11:52:00,MKO.V,,9.59000015258789,9.59000015258789,9.59000015258789,9.59000015258789,700.0
2026-04-13 11:52:00,NURS.V,,3.130000114440918,3.130000114440918,3.130000114440918,3.130000114440918,200.0
2026-04-13 11:53:00,FUU.V,,0.17000000178813934,0.17000000178813934,0.17000000178813934,0.17000000178813934,500.0
2026-04-13 11:53:00,GPM.V,,0.09000000357627869,0.09000000357627869,0.09000000357627869,0.09000000357627869,10000.0
2026-04-13 11:53:00,GQC.V,,2.255000114440918,2.255000114440918,2.25,2.25,300.0
2026-04-13 11:53:00,GRZ.V,,5.920000076293945,5.920000076293945,5.920000076293945,5.920000076293945,500.0
2026-04-13 11:53:00,GSPR.V,,0.10999999940395355,0.10999999940395355,0.10999999940395355,0.10999999940395355,77500.0
2026-04-13 11:53:00,IFOS.V,,3.859999895095825,3.859999895095825,3.859999895095825,3.859999895095825,300.0
2026-04-13 11:53:00,KTN.V,,1.440000057220459,1.440000057220459,1.440000057220459,1.440000057220459,200.0
2026-04-13 11:53:00,LMN.V,,22.239999771118164,22.239999771118164,22.239999771118164,22.239999771118164,100.0
2026-04-13 11:53:00,LTH.V,,0.9049999713897705,0.9049999713897705,0.9049999713897705,0.9049999713897705,500.0
2026-04-13 11:53:00,LUCA.V,,1.4500000476837158,1.4500000476837158,1.4450000524520874,1.4500000476837158,600.0
2026-04-13 11:53:00,MASS.V,,0.10999999940395355,0.10999999940395355,0.10999999940395355,0.10999999940395355,1500.0
2026-04-13 11:53:00,MKO.V,,9.59000015258789,9.59000015258789,9.59000015258789,9.59000015258789,100.0
2026-04-13 11:53:00,MLP.V,,2.130000114440918,2.1500000953674316,2.130000114440918,2.1500000953674316,6414.0
2026-04-13 11:53:00,PNG.V,,8.529999732971191,8.529999732971191,8.529999732971191,8.529999732971191,150.0
2026-04-13 11:54:00,GQC.V,,2.25,2.25,2.25,2.25,200.0
2026-04-13 11:54:00,GRZ.V,,5.900000095367432,5.900000095367432,5.900000095367432,5.900000095367432,6700.0
2026-04-13 11:54:00,GSP.V,,0.15000000596046448,0.15000000596046448,0.15000000596046448,0.15000000596046448,500.0
2026-04-13 11:54:00,GSVR.V,,0.6100000143051147,0.6100000143051147,0.6100000143051147,0.6100000143051147,591.0
2026-04-13 11:54:00,LTH.V,,0.9049999713897705,0.9049999713897705,0.9049999713897705,0.9049999713897705,500.0
2026-04-13 11:54:00,LUCA.V,,1.4500000476837158,1.4500000476837158,1.4450000524520874,1.4500000476837158,600.0
2026-04-13 11:54:00,MKO.V,,9.59000015258789,9.59000015258789,9.59000015258789,9.59000015258789,100.0
2026-04-13 11:54:00,MLP.V,,2.109999895095825,2.109999895095825,2.109999895095825,2.109999895095825,100.0
2026-04-13 11:54:00,PNG.V,,8.5600004196167,8.5600004196167,8.550000190734863,8.550000190734863,4240.0
2026-04-13 11:54:00,ROAR.V,,0.26499998569488525,0.26499998569488525,0.26499998569488525,0.26499998569488525,6500.0
2026-04-13 11:55:00,FUU.V,,0.17000000178813934,0.17000000178813934,0.17000000178813934,0.17000000178813934,500.0
2026-04-13 11:55:00,GQC.V,,2.25,2.25,2.25,2.25,700.0
2026-04-13 11:55:00,GSPR.V,,0.10999999940395355,0.10999999940395355,0.10999999940395355,0.10999999940395355,20000.0
2026-04-13 11:55:00,HHH.V,,6.5,6.5,6.5,6.5,2600.0
2026-04-13 11:55:00,IFOS.V,,3.8499999046325684,3.8499999046325684,3.8499999046325684,3.8499999046325684,557.0
2026-04-13 11:55:00,LTH.V,,0.9049999713897705,0.9049999713897705,0.9049999713897705,0.9049999713897705,500.0
2026-04-13 11:55:00,LUCA.V,,1.4500000476837158,1.4500000476837158,1.4450000524520874,1.4500000476837158,500.0
2026-04-13 11:55:00,MJS.V,,0.14499999582767487,0.14499999582767487,0.14499999582767487,0.14499999582767487,500.0
2026-04-13 11:55:00,NICU.V,,2.2850000858306885,2.2850000858306885,2.2850000858306885,2.2850000858306885,100.0
2026-04-13 11:55:00,PNG.V,,8.569999694824219,8.569999694824219,8.569999694824219,8.569999694824219,200.0
2026-04-13 11:56:00,EVER.V,,0.6200000047683716,0.6200000047683716,0.6200000047683716,0.6200000047683716,500.0
2026-04-13 11:56:00,FRED.V,,0.7099999785423279,0.7099999785423279,0.7099999785423279,0.7099999785423279,4000.0
2026-04-13 11:56:00,FUU.V,,0.17000000178813934,0.17000000178813934,0.17000000178813934,0.17000000178813934,165266.0
2026-04-13 11:56:00,GQC.V,,2.25,2.25,2.25,2.25,100.0
2026-04-13 11:56:00,GSPR.V,,0.10999999940395355,0.10999999940395355,0.10999999940395355,0.10999999940395355,20000.0
2026-04-13 11:56:00,HI.V,,0.1550000011920929,0.1550000011920929,0.1550000011920929,0.1550000011920929,500.0
2026-04-13 11:56:00,LUCA.V,,1.4500000476837158,1.4500000476837158,1.4450000524520874,1.4500000476837158,600.0
2026-04-13 11:56:00,PNG.V,,8.569999694824219,8.569999694824219,8.569999694824219,8.569999694824219,200.0
2026-04-13 11:56:00,TUF.V,,0.3149999976158142,0.3149999976158142,0.3149999976158142,0.3149999976158142,40000.0
2026-04-13 11:57:00,GQC.V,,2.25,2.25,2.25,2.25,700.0
2026-04-13 11:57:00,GSPR.V,,0.10999999940395355,0.10999999940395355,0.10999999940395355,0.10999999940395355,60000.0
2026-04-13 11:57:00,HME.V,,2.809999942779541,2.809999942779541,2.809999942779541,2.809999942779541,1609.0
2026-04-13 11:57:00,IMI.V,,0.10999999940395355,0.10999999940395355,0.10999999940395355,0.10999999940395355,16500.0
2026-04-13 11:57:00,LMN.V,,22.239999771118164,22.239999771118164,22.239999771118164,22.239999771118164,100.0
2026-04-13 11:57:00,LUCA.V,,1.4500000476837158,1.4500000476837158,1.4450000524520874,1.4450000524520874,500.0
2026-04-13 11:57:00,LVG.V,,0.3125,0.3125,0.3125,0.3125,3500.0
2026-04-13 11:57:00,MKO.V,,9.59000015258789,9.59000015258789,9.59000015258789,9.59000015258789,100.0
2026-04-13 11:57:00,NURS.V,,3.059999942779541,3.119999885559082,3.059999942779541,3.119999885559082,5128.0
2026-04-13 11:57:00,PNG.V,,8.539999961853027,8.569999694824219,8.539999961853027,8.569999694824219,4960.0
2026-04-13 11:57:00,TUF.V,,0.3100000023841858,0.3149999976158142,0.3100000023841858,0.3149999976158142,4200.0
2026-04-13 11:58:00,GMA.V,,0.27000001072883606,0.27000001072883606,0.27000001072883606,0.27000001072883606,500.0
2026-04-13 11:58:00,GQC.V,,2.25,2.25,2.25,2.25,400.0
2026-04-13 11:58:00,GSPR.V,,0.10999999940395355,0.10999999940395355,0.10999999940395355,0.10999999940395355,53000.0
2026-04-13 11:58:00,LUCA.V,,1.4500000476837158,1.4500000476837158,1.4450000524520874,1.4450000524520874,700.0
2026-04-13 11:58:00,MLP.V,,2.109999895095825,2.109999895095825,2.109999895095825,2.109999895095825,900.0
2026-04-13 11:58:00,NICU.V,,2.2799999713897705,2.2799999713897705,2.2799999713897705,2.2799999713897705,300.0
2026-04-13 11:59:00,FDR.V,,4.71999979019165,4.71999979019165,4.71999979019165,4.71999979019165,200.0
2026-04-13 11:59:00,GGO.V,,1.0299999713897705,1.0299999713897705,1.0299999713897705,1.0299999713897705,500.0
2026-04-13 11:59:00,GOT.V,,1.6799999475479126,1.6799999475479126,1.6799999475479126,1.6799999475479126,10700.0
2026-04-13 11:59:00,GPAC.V,,0.46000000834465027,0.46000000834465027,0.46000000834465027,0.46000000834465027,500.0
2026-04-13 11:59:00,GPG.V,,0.41999998688697815,0.41999998688697815,0.41999998688697815,0.41999998688697815,1500.0
2026-04-13 11:59:00,GQC.V,,2.25,2.25,2.25,2.25,600.0
2026-04-13 11:59:00,GSPR.V,,0.11999999731779099,0.11999999731779099,0.11500000208616257,0.11500000208616257,36600.0
2026-04-13 11:59:00,KLDC.V,,0.19499999284744263,0.19499999284744263,0.19499999284744263,0.19499999284744263,9000.0
2026-04-13 11:59:00,LMN.V,,22.229999542236328,22.239999771118164,22.229999542236328,22.239999771118164,266.0
2026-04-13 11:59:00,LUCA.V,,1.465000033378601,1.465000033378601,1.4500000476837158,1.4500000476837158,24700.0
2026-04-13 11:59:00,NICU.V,,2.2850000858306885,2.2850000858306885,2.2850000858306885,2.2850000858306885,100.0
2026-04-13 11:59:00,PNG.V,,8.529999732971191,8.529999732971191,8.529999732971191,8.529999732971191,374.0
2026-04-13 12:00:00,FDR.V,,4.699999809265137,4.699999809265137,4.699999809265137,4.699999809265137,2600.0
2026-04-13 12:00:00,FO.V,,0.3100000023841858,0.3100000023841858,0.3100000023841858,0.3100000023841858,500.0
2026-04-13 12:00:00,FWZ.V,,4.53000020980835,4.53000020980835,4.53000020980835,4.53000020980835,400.0
2026-04-13 12:00:00,GQC.V,,2.25,2.25,2.25,2.25,200.0
2026-04-13 12:00:00,HSTR.V,,2.5399999618530273,2.5399999618530273,2.5399999618530273,2.5399999618530273,2400.0
2026-04-13 12:00:00,ITR.V,,4.130000114440918,4.130000114440918,4.130000114440918,4.130000114440918,200.0
2026-04-13 12:00:00,KTN.V,,1.4299999475479126,1.434999942779541,1.4199999570846558,1.434999942779541,22600.0
2026-04-13 12:00:00,LUCA.V,,1.465000033378601,1.465000033378601,1.465000033378601,1.465000033378601,300.0
2026-04-13 12:00:00,NICU.V,,2.2799999713897705,2.2799999713897705,2.2799999713897705,2.2799999713897705,100.0
2026-04-13 12:00:00,PNG.V,,8.539999961853027,8.539999961853027,8.539999961853027,8.539999961853027,1900.0
2026-04-13 12:01:00,FDR.V,,4.690000057220459,4.699999809265137,4.690000057220459,4.699999809265137,1300.0
2026-04-13 12:01:00,GPAC.V,,0.46000000834465027,0.46000000834465027,0.46000000834465027,0.46000000834465027,9500.0
2026-04-13 12:01:00,GQC.V,,2.25,2.25,2.25,2.25,500.0
2026-04-13 12:01:00,HCH.V,,1.4600000381469727,1.4600000381469727,1.4600000381469727,1.4600000381469727,700.0
2026-04-13 12:01:00,LUCA.V,,1.465000033378601,1.465000033378601,1.465000033378601,1.465000033378601,400.0
2026-04-13 12:01:00,NICU.V,,2.2850000858306885,2.2850000858306885,2.2850000858306885,2.2850000858306885,500.0
2026-04-13 12:01:00,PNG.V,,8.539999961853027,8.539999961853027,8.539999961853027,8.539999961853027,720.0
2026-04-13 12:02:00,ESPN.V,,0.10000000149011612,0.10000000149011612,0.07999999821186066,0.07999999821186066,0.0
2026-04-13 12:02:00,GPAC.V,,0.46000000834465027,0.46000000834465027,0.46000000834465027,0.46000000834465027,2500.0
2026-04-13 12:02:00,GQC.V,,2.25,2.25,2.25,2.25,200.0
2026-04-13 12:02:00,GSPR.V,,0.12999999523162842,0.12999999523162842,0.125,0.125,25000.0
2026-04-13 12:02:00,HI.V,,0.1550000011920929,0.1550000011920929,0.1550000011920929,0.1550000011920929,1000.0
2026-04-13 12:02:00,ITR.V,,4.130000114440918,4.130000114440918,4.130000114440918,4.130000114440918,800.0
2026-04-13 12:02:00,KRY.V,,3.380000114440918,3.380000114440918,3.2899999618530273,3.2899999618530273,6600.0
2026-04-13 12:02:00,KTN.V,,1.4299999475479126,1.4299999475479126,1.4299999475479126,1.4299999475479126,100.0
2026-04-13 12:02:00,LMN.V,,22.239999771118164,22.239999771118164,22.239999771118164,22.239999771118164,100.0
2026-04-13 12:02:00,LUCA.V,,1.4600000381469727,1.465000033378601,1.4600000381469727,1.465000033378601,3200.0
2026-04-13 12:02:00,MLP.V,,2.109999895095825,2.109999895095825,2.109999895095825,2.109999895095825,100.0
2026-04-13 12:02:00,ROAR.V,,0.26499998569488525,0.26499998569488525,0.26499998569488525,0.26499998569488525,1408.0
2026-04-13 12:03:00,FUU.V,,0.17000000178813934,0.17000000178813934,0.17000000178813934,0.17000000178813934,500.0
2026-04-13 12:03:00,GG.V,,2.6500000953674316,2.6500000953674316,2.6500000953674316,2.6500000953674316,400.0
2026-04-13 12:03:00,GQC.V,,2.25,2.25,2.25,2.25,100.0
2026-04-13 12:03:00,GSR.V,,0.5099999904632568,0.5099999904632568,0.5099999904632568,0.5099999904632568,3000.0
2026-04-13 12:03:00,HELI.V,,0.04500000178813934,0.04500000178813934,0.04500000178813934,0.04500000178813934,49628.0
2026-04-13 12:03:00,KRY.V,,3.380000114440918,3.380000114440918,3.380000114440918,3.380000114440918,100.0
2026-04-13 12:03:00,LG.V,,0.38499999046325684,0.38999998569488525,0.38499999046325684,0.38499999046325684,19000.0
2026-04-13 12:03:00,LTH.V,,0.9100000262260437,0.9100000262260437,0.9100000262260437,0.9100000262260437,500.0
2026-04-13 12:03:00,NICU.V,,2.2850000858306885,2.2850000858306885,2.2850000858306885,2.2850000858306885,100.0
2026-04-13 12:03:00,NURS.V,,3.049999952316284,3.049999952316284,3.049999952316284,3.049999952316284,500.0
2026-04-13 12:03:00,PNG.V,,8.520000457763672,8.539999961853027,8.510000228881836,8.539999961853027,4800.0
2026-04-13 12:04:00,FDR.V,,4.690000057220459,4.690000057220459,4.690000057220459,4.690000057220459,200.0
2026-04-13 12:04:00,FWZ.V,,4.53000020980835,4.53000020980835,4.53000020980835,4.53000020980835,200.0
2026-04-13 12:04:00,GOT.V,,1.684999942779541,1.684999942779541,1.684999942779541,1.684999942779541,300.0
2026-04-13 12:04:00,GQC.V,,2.255000114440918,2.255000114440918,2.25,2.25,300.0
2026-04-13 12:04:00,GSP.V,,0.1550000011920929,0.1550000011920929,0.1550000011920929,0.1550000011920929,500.0
2026-04-13 12:04:00,GSTM.V,,0.20000000298023224,0.20000000298023224,0.20000000298023224,0.20000000298023224,5000.0
2026-04-13 12:04:00,HI.V,,0.1550000011920929,0.1550000011920929,0.1550000011920929,0.1550000011920929,10000.0
2026-04-13 12:04:00,HSTR.V,,2.5399999618530273,2.5399999618530273,2.5399999618530273,2.5399999618530273,300.0
2026-04-13 12:04:00,KRY.V,,3.380000114440918,3.380000114440918,3.380000114440918,3.380000114440918,900.0
2026-04-13 12:04:00,LMN.V,,22.315000534057617,22.315000534057617,22.315000534057617,22.315000534057617,100.0
2026-04-13 12:04:00,LUCA.V,,1.4600000381469727,1.4600000381469727,1.4550000429153442,1.4550000429153442,200.0
2026-04-13 12:04:00,MMA.V,,1.2899999618530273,1.2899999618530273,1.2899999618530273,1.2899999618530273,800.0
2026-04-13 12:04:00,PNG.V,,8.520000457763672,8.520000457763672,8.520000457763672,8.520000457763672,200.0
2026-04-13 12:05:00,FDR.V,,4.699999809265137,4.699999809265137,4.699999809265137,4.699999809265137,600.0
2026-04-13 12:05:00,FL.V,,0.6399999856948853,0.6399999856948853,0.6399999856948853,0.6399999856948853,500.0
2026-04-13 12:05:00,GQC.V,,2.25,2.25,2.25,2.25,600.0
2026-04-13 12:05:00,HSTR.V,,2.5299999713897705,2.5299999713897705,2.5299999713897705,2.5299999713897705,1500.0
2026-04-13 12:05:00,KLDC.V,,0.19499999284744263,0.19499999284744263,0.19499999284744263,0.19499999284744263,6500.0
2026-04-13 12:05:00,KRI.V,,0.3199999928474426,0.3199999928474426,0.3199999928474426,0.3199999928474426,500.0
2026-04-13 12:05:00,LUCA.V,,1.4500000476837158,1.4500000476837158,1.4500000476837158,1.4500000476837158,100.0
2026-04-13 12:05:00,MLP.V,,2.0999999046325684,2.109999895095825,2.0899999141693115,2.109999895095825,3000.0
2026-04-13 12:05:00,NICU.V,,2.2799999713897705,2.2899999618530273,2.2799999713897705,2.2799999713897705,2900.0
2026-04-13 12:06:00,GGO.V,,1.0399999618530273,1.0399999618530273,1.0399999618530273,1.0399999618530273,13557.0
2026-04-13 12:06:00,GPAC.V,,0.46000000834465027,0.46000000834465027,0.46000000834465027,0.46000000834465027,500.0
2026-04-13 12:06:00,GRI.V,,0.019999999552965164,0.019999999552965164,0.019999999552965164,0.019999999552965164,0.0
2026-04-13 12:06:00,ITR.V,,4.130000114440918,4.130000114440918,4.130000114440918,4.130000114440918,100.0
2026-04-13 12:06:00,KLDC.V,,0.19499999284744263,0.19499999284744263,0.19499999284744263,0.19499999284744263,500.0
2026-04-13 12:06:00,LIO.V,,0.23999999463558197,0.23999999463558197,0.23999999463558197,0.23999999463558197,21500.0
2026-04-13 12:06:00,LMN.V,,22.309999465942383,22.3799991607666,22.309999465942383,22.3799991607666,1100.0
2026-04-13 12:06:00,LUCA.V,,1.4600000381469727,1.4600000381469727,1.4550000429153442,1.4550000429153442,200.0
2026-04-13 12:06:00,NICU.V,,2.2799999713897705,2.2799999713897705,2.2799999713897705,2.2799999713897705,600.0
2026-04-13 12:06:00,PNG.V,,8.539999961853027,8.539999961853027,8.520000457763672,8.520000457763672,3700.0
2026-04-13 12:07:00,GQC.V,,2.255000114440918,2.255000114440918,2.255000114440918,2.255000114440918,100.0
2026-04-13 12:07:00,HITI.V,,3.200000047683716,3.200000047683716,3.200000047683716,3.200000047683716,300.0
2026-04-13 12:07:00,LMN.V,,22.260000228881836,22.450000762939453,22.25,22.309999465942383,19400.0
2026-04-13 12:07:00,LTH.V,,0.9049999713897705,0.9049999713897705,0.9049999713897705,0.9049999713897705,500.0
2026-04-13 12:07:00,LUCA.V,,1.4600000381469727,1.4600000381469727,1.4600000381469727,1.4600000381469727,100.0
2026-04-13 12:07:00,MLP.V,,2.069999933242798,2.0799999237060547,2.069999933242798,2.0799999237060547,500.0
2026-04-13 12:07:00,MRVL.V,,0.1599999964237213,0.1599999964237213,0.1599999964237213,0.1599999964237213,5000.0
2026-04-13 12:07:00,NURS.V,,3.0399999618530273,3.0399999618530273,3.0399999618530273,3.0399999618530273,500.0
2026-04-13 12:07:00,PNG.V,,8.550000190734863,8.550000190734863,8.539999961853027,8.539999961853027,800.0
2026-04-13 12:08:00,FDR.V,,4.699999809265137,4.699999809265137,4.699999809265137,4.699999809265137,700.0
2026-04-13 12:08:00,FO.V,,0.3100000023841858,0.3100000023841858,0.3100000023841858,0.3100000023841858,500.0
2026-04-13 12:08:00,GGO.V,,1.0499999523162842,1.0499999523162842,1.0499999523162842,1.0499999523162842,41600.0
2026-04-13 12:08:00,GSP.V,,0.1550000011920929,0.1550000011920929,0.1550000011920929,0.1550000011920929,3000.0
2026-04-13 12:08:00,HSTR.V,,2.5299999713897705,2.5299999713897705,2.5299999713897705,2.5299999713897705,200.0
2026-04-13 12:08:00,ITR.V,,4.139999866485596,4.139999866485596,4.139999866485596,4.139999866485596,200.0
2026-04-13 12:08:00,LMN.V,,22.239999771118164,22.299999237060547,22.239999771118164,22.299999237060547,600.0
2026-04-13 12:08:00,LTH.V,,0.9100000262260437,0.9100000262260437,0.9100000262260437,0.9100000262260437,1500.0
2026-04-13 12:08:00,MLP.V,,2.0850000381469727,2.0850000381469727,2.0850000381469727,2.0850000381469727,400.0
2026-04-13 12:08:00,ZNG.V,,1.1100000143051147,1.1100000143051147,1.090000033378601,1.100000023841858,5600.0
2026-04-13 12:09:00,GQC.V,,2.255000114440918,2.255000114440918,2.25,2.25,400.0
2026-04-13 12:09:00,HI.V,,0.1550000011920929,0.1550000011920929,0.1550000011920929,0.1550000011920929,1000.0
2026-04-13 12:09:00,ITR.V,,4.150000095367432,4.150000095367432,4.150000095367432,4.150000095367432,2400.0
2026-04-13 12:09:00,KTN.V,,1.4299999475479126,1.4299999475479126,1.4299999475479126,1.4299999475479126,100.0
2026-04-13 12:09:00,LTH.V,,0.9049999713897705,0.9100000262260437,0.9049999713897705,0.9100000262260437,1500.0
2026-04-13 12:09:00,LUCA.V,,1.4600000381469727,1.4600000381469727,1.4550000429153442,1.4550000429153442,200.0
2026-04-13 12:09:00,MJS.V,,0.14499999582767487,0.14499999582767487,0.14499999582767487,0.14499999582767487,500.0
2026-04-13 12:09:00,MKO.V,,9.619999885559082,9.619999885559082,9.619999885559082,9.619999885559082,100.0
2026-04-13 12:09:00,NICU.V,,2.2899999618530273,2.2899999618530273,2.2899999618530273,2.2899999618530273,2300.0
2026-04-13 12:09:00,NURS.V,,3.0399999618530273,3.0399999618530273,3.0399999618530273,3.0399999618530273,100.0
2026-04-13 12:09:00,PNG.V,,8.550000190734863,8.550000190734863,8.550000190734863,8.550000190734863,3875.0
2026-04-13 12:10:00,FDR.V,,4.71999979019165,4.71999979019165,4.71999979019165,4.71999979019165,3700.0
2026-04-13 12:10:00,GOT.V,,1.690000057220459,1.690000057220459,1.690000057220459,1.690000057220459,2100.0
2026-04-13 12:10:00,GQC.V,,2.255000114440918,2.259999990463257,2.25,2.25,4900.0
2026-04-13 12:10:00,GRZ.V,,5.920000076293945,5.920000076293945,5.920000076293945,5.920000076293945,200.0
2026-04-13 12:10:00,GSVR.V,,0.6200000047683716,0.6200000047683716,0.6200000047683716,0.6200000047683716,69200.0
2026-04-13 12:10:00,HMR.V,,0.800000011920929,0.800000011920929,0.800000011920929,0.800000011920929,2500.0
2026-04-13 12:10:00,LME.V,,0.2199999988079071,0.2199999988079071,0.2199999988079071,0.2199999988079071,500.0
2026-04-13 12:10:00,LTH.V,,0.9100000262260437,0.9100000262260437,0.9100000262260437,0.9100000262260437,2000.0
2026-04-13 12:10:00,LUCA.V,,1.4600000381469727,1.4600000381469727,1.4550000429153442,1.4600000381469727,600.0
2026-04-13 12:10:00,LVG.V,,0.3149999976158142,0.3149999976158142,0.3125,0.3125,10000.0
2026-04-13 12:10:00,MKO.V,,9.619999885559082,9.619999885559082,9.619999885559082,9.619999885559082,100.0
2026-04-13 12:10:00,MLP.V,,2.0799999237060547,2.0799999237060547,2.0799999237060547,2.0799999237060547,800.0
2026-04-13 12:10:00,PNG.V,,8.579999923706055,8.579999923706055,8.550000190734863,8.550000190734863,4316.0
2026-04-13 12:11:00,GPAC.V,,0.46000000834465027,0.46000000834465027,0.46000000834465027,0.46000000834465027,500.0
2026-04-13 12:11:00,KNG.V,,1.3200000524520874,1.3200000524520874,1.3200000524520874,1.3200000524520874,4700.0
2026-04-13 12:11:00,LUCA.V,,1.4600000381469727,1.4600000381469727,1.4600000381469727,1.4600000381469727,200.0
2026-04-13 12:11:00,MIM.V,,0.2150000035762787,0.2150000035762787,0.2150000035762787,0.2150000035762787,3000.0
2026-04-13 12:11:00,MKO.V,,9.630000114440918,9.630000114440918,9.630000114440918,9.630000114440918,852.0
2026-04-13 12:11:00,MLP.V,,2.0850000381469727,2.0899999141693115,2.0850000381469727,2.0899999141693115,2300.0
2026-04-13 12:11:00,MTA.V,,9.380000114440918,9.380000114440918,9.380000114440918,9.380000114440918,200.0
2026-04-13 12:11:00,PNG.V,,8.59000015258789,8.59000015258789,8.59000015258789,8.59000015258789,501.0
2026-04-13 12:12:00,GG.V,,2.6600000858306885,2.6600000858306885,2.6600000858306885,2.6600000858306885,20100.0
2026-04-13 12:12:00,GQC.V,,2.25,2.2699999809265137,2.25,2.2699999809265137,500.0
2026-04-13 12:12:00,ITR.V,,4.139999866485596,4.150000095367432,4.139999866485596,4.150000095367432,2000.0
2026-04-13 12:12:00,KRY.V,,3.4000000953674316,3.4000000953674316,3.390000104904175,3.390000104904175,6200.0
2026-04-13 12:12:00,LTH.V,,0.9100000262260437,0.9100000262260437,0.9100000262260437,0.9100000262260437,500.0
2026-04-13 12:12:00,LUCA.V,,1.4600000381469727,1.4600000381469727,1.4600000381469727,1.4600000381469727,100.0
2026-04-13 12:12:00,NURS.V,,3.059999942779541,3.059999942779541,3.059999942779541,3.059999942779541,100.0
2026-04-13 12:12:00,PNG.V,,8.59000015258789,8.59000015258789,8.59000015258789,8.59000015258789,4010.0
2026-04-13 12:13:00,EVER.V,,0.6200000047683716,0.6200000047683716,0.6200000047683716,0.6200000047683716,195000.0
2026-04-13 12:13:00,FO.V,,0.3100000023841858,0.3100000023841858,0.3100000023841858,0.3100000023841858,50000.0
2026-04-13 12:13:00,GQC.V,,2.2699999809265137,2.2699999809265137,2.2699999809265137,2.2699999809265137,100.0
2026-04-13 12:13:00,KTN.V,,1.4299999475479126,1.4299999475479126,1.4299999475479126,1.4299999475479126,2100.0
2026-04-13 12:13:00,LAB.V,,0.07000000029802322,0.07000000029802322,0.07000000029802322,0.07000000029802322,2000.0
2026-04-13 12:13:00,LTH.V,,0.8999999761581421,0.9100000262260437,0.8999999761581421,0.9100000262260437,12000.0
2026-04-13 12:13:00,LUCA.V,,1.4600000381469727,1.4600000381469727,1.4600000381469727,1.4600000381469727,300.0
2026-04-13 12:13:00,PNG.V,,8.569999694824219,8.600000381469727,8.569999694824219,8.600000381469727,1700.0
2026-04-13 12:13:00,YGT.V,,0.20499999821186066,0.20499999821186066,0.20499999821186066,0.20499999821186066,4500.0
2026-04-13 12:13:00,ZNG.V,,1.1100000143051147,1.1200000047683716,1.1100000143051147,1.1200000047683716,300.0
2026-04-13 12:14:00,FO.V,,0.3100000023841858,0.3100000023841858,0.3100000023841858,0.3100000023841858,500.0
2026-04-13 12:14:00,HSTR.V,,2.5299999713897705,2.5299999713897705,2.5299999713897705,2.5299999713897705,100.0
2026-04-13 12:14:00,HVG.V,,0.05999999865889549,0.05999999865889549,0.05999999865889549,0.05999999865889549,75000.0
2026-04-13 12:14:00,ITR.V,,4.139999866485596,4.150000095367432,4.139999866485596,4.150000095367432,250.0
2026-04-13 12:14:00,KTN.V,,1.4299999475479126,1.4299999475479126,1.4299999475479126,1.4299999475479126,100.0
2026-04-13 12:14:00,LTH.V,,0.9049999713897705,0.9049999713897705,0.9049999713897705,0.9049999713897705,500.0
2026-04-13 12:14:00,LUCA.V,,1.4600000381469727,1.4600000381469727,1.4600000381469727,1.4600000381469727,200.0
2026-04-13 12:14:00,PNG.V,,8.569999694824219,8.569999694824219,8.5600004196167,8.5600004196167,300.0
2026-04-13 12:15:00,FO.V,,0.3100000023841858,0.3100000023841858,0.3100000023841858,0.3100000023841858,500.0
2026-04-13 12:15:00,GPAC.V,,0.46000000834465027,0.46000000834465027,0.46000000834465027,0.46000000834465027,500.0
2026-04-13 12:15:00,GQC.V,,2.2699999809265137,2.2699999809265137,2.2699999809265137,2.2699999809265137,200.0
2026-04-13 12:15:00,LUCA.V,,1.4550000429153442,1.4600000381469727,1.4550000429153442,1.4600000381469727,700.0
2026-04-13 12:15:00,MKO.V,,9.630000114440918,9.630000114440918,9.630000114440918,9.630000114440918,100.0
2026-04-13 12:15:00,MMA.V,,1.2899999618530273,1.2899999618530273,1.2899999618530273,1.2899999618530273,200.0
2026-04-13 12:15:00,NURS.V,,3.0399999618530273,3.049999952316284,3.0399999618530273,3.049999952316284,800.0
2026-04-13 12:16:00,FL.V,,0.6399999856948853,0.6399999856948853,0.6399999856948853,0.6399999856948853,4000.0
2026-04-13 12:16:00,GG.V,,2.740000009536743,2.740000009536743,2.740000009536743,2.740000009536743,2500.0
2026-04-13 12:16:00,GGO.V,,1.059999942779541,1.059999942779541,1.059999942779541,1.059999942779541,600.0
2026-04-13 12:16:00,GQC.V,,2.2699999809265137,2.2699999809265137,2.25,2.2699999809265137,300.0
2026-04-13 12:16:00,GSVR.V,,0.6299999952316284,0.6299999952316284,0.6299999952316284,0.6299999952316284,504.0
2026-04-13 12:16:00,LG.V,,0.38499999046325684,0.38499999046325684,0.38499999046325684,0.38499999046325684,27000.0
2026-04-13 12:16:00,LTH.V,,0.9049999713897705,0.9049999713897705,0.9049999713897705,0.9049999713897705,500.0
2026-04-13 12:16:00,LUCA.V,,1.4600000381469727,1.4600000381469727,1.4600000381469727,1.4600000381469727,300.0
2026-04-13 12:17:00,FAIR.V,,0.07000000029802322,0.07000000029802322,0.07000000029802322,0.07000000029802322,12000.0
2026-04-13 12:17:00,FDR.V,,4.75,4.75,4.75,4.75,100.0
2026-04-13 12:17:00,FWZ.V,,4.539999961853027,4.539999961853027,4.539999961853027,4.539999961853027,100.0
2026-04-13 12:17:00,GQC.V,,2.2699999809265137,2.2699999809265137,2.25,2.2699999809265137,300.0
2026-04-13 12:17:00,GRZ.V,,6.0,6.0,5.949999809265137,5.949999809265137,1100.0
2026-04-13 12:17:00,KLDC.V,,0.20499999821186066,0.20499999821186066,0.20499999821186066,0.20499999821186066,3100.0
2026-04-13 12:17:00,LIO.V,,0.23499999940395355,0.23499999940395355,0.23499999940395355,0.23499999940395355,29500.0
2026-04-13 12:17:00,LMN.V,,22.350000381469727,22.354999542236328,22.25,22.350000381469727,1400.0
2026-04-13 12:17:00,LUCA.V,,1.4550000429153442,1.4600000381469727,1.4550000429153442,1.4600000381469727,400.0
2026-04-13 12:17:00,MKO.V,,9.630000114440918,9.630000114440918,9.630000114440918,9.630000114440918,100.0
2026-04-13 12:17:00,NICU.V,,2.299999952316284,2.299999952316284,2.299999952316284,2.299999952316284,100.0
2026-04-13 12:17:00,PNG.V,,8.550000190734863,8.569999694824219,8.550000190734863,8.5600004196167,1700.0
2026-04-13 12:18:00,GQC.V,,2.2699999809265137,2.2699999809265137,2.25,2.2699999809265137,400.0
2026-04-13 12:18:00,HSTR.V,,2.5299999713897705,2.5299999713897705,2.5299999713897705,2.5299999713897705,200.0
2026-04-13 12:18:00,LUCA.V,,1.4600000381469727,1.4600000381469727,1.4600000381469727,1.4600000381469727,400.0
2026-04-13 12:18:00,MET.V,,2.75,2.75,2.75,2.75,0.0
2026-04-13 12:18:00,NICU.V,,2.309999942779541,2.319999933242798,2.299999952316284,2.299999952316284,5400.0
2026-04-13 12:18:00,PNG.V,,8.569999694824219,8.569999694824219,8.550000190734863,8.550000190734863,2900.0
2026-04-13 12:18:00,ZNG.V,,1.1200000047683716,1.1200000047683716,1.1200000047683716,1.1200000047683716,400.0
2026-04-13 12:19:00,FWZ.V,,4.539999961853027,4.539999961853027,4.539999961853027,4.539999961853027,100.0
2026-04-13 12:19:00,GQC.V,,2.2699999809265137,2.2699999809265137,2.25,2.25,300.0
2026-04-13 12:19:00,GRZ.V,,5.800000190734863,5.849999904632568,5.800000190734863,5.809999942779541,1600.0
2026-04-13 12:19:00,LUCA.V,,1.4600000381469727,1.4600000381469727,1.4600000381469727,1.4600000381469727,100.0
2026-04-13 12:19:00,MKO.V,,9.630000114440918,9.630000114440918,9.630000114440918,9.630000114440918,100.0
2026-04-13 12:19:00,NICU.V,,2.319999933242798,2.319999933242798,2.309999942779541,2.309999942779541,5189.0
2026-04-13 12:19:00,NURS.V,,3.049999952316284,3.049999952316284,3.049999952316284,3.049999952316284,200.0
2026-04-13 12:19:00,PNG.V,,8.579999923706055,8.600000381469727,8.579999923706055,8.579999923706055,2900.0
2026-04-13 12:20:00,EQTY.V,,0.3199999928474426,0.3199999928474426,0.3199999928474426,0.3199999928474426,35000.0
2026-04-13 12:20:00,GQC.V,,2.259999990463257,2.259999990463257,2.259999990463257,2.259999990463257,200.0
2026-04-13 12:20:00,GRZ.V,,5.800000190734863,5.800000190734863,5.800000190734863,5.800000190734863,4900.0
2026-04-13 12:20:00,HMR.V,,0.8100000023841858,0.8100000023841858,0.8100000023841858,0.8100000023841858,4000.0
2026-04-13 12:20:00,HSTR.V,,2.5299999713897705,2.5299999713897705,2.5299999713897705,2.5299999713897705,959.0
2026-04-13 12:20:00,LUCA.V,,1.4600000381469727,1.4600000381469727,1.4600000381469727,1.4600000381469727,300.0
2026-04-13 12:20:00,MKO.V,,9.630000114440918,9.630000114440918,9.630000114440918,9.630000114440918,200.0
2026-04-13 12:20:00,MTA.V,,9.350000381469727,9.350000381469727,9.350000381469727,9.350000381469727,100.0
2026-04-13 12:20:00,NURS.V,,3.0399999618530273,3.0399999618530273,3.0399999618530273,3.0399999618530273,100.0
2026-04-13 12:20:00,PNG.V,,8.569999694824219,8.579999923706055,8.569999694824219,8.579999923706055,1900.0
2026-04-13 12:21:00,GOT.V,,1.6950000524520874,1.6950000524520874,1.6950000524520874,1.6950000524520874,100.0
2026-04-13 12:21:00,GQC.V,,2.259999990463257,2.259999990463257,2.259999990463257,2.259999990463257,100.0
2026-04-13 12:21:00,LTH.V,,0.9049999713897705,0.9049999713897705,0.9049999713897705,0.9049999713897705,1000.0
2026-04-13 12:21:00,LUCA.V,,1.4600000381469727,1.4600000381469727,1.4600000381469727,1.4600000381469727,300.0
2026-04-13 12:21:00,MMA.V,,1.2899999618530273,1.2899999618530273,1.2899999618530273,1.2899999618530273,100.0
2026-04-13 12:21:00,NICU.V,,2.319999933242798,2.319999933242798,2.319999933242798,2.319999933242798,100.0
2026-04-13 12:22:00,BIG.V,,0.6899999976158142,0.6899999976158142,0.6899999976158142,0.6899999976158142,1000.0
2026-04-13 12:22:00,FO.V,,0.3100000023841858,0.3100000023841858,0.3100000023841858,0.3100000023841858,500.0
2026-04-13 12:22:00,GQC.V,,2.259999990463257,2.259999990463257,2.259999990463257,2.259999990463257,200.0
2026-04-13 12:22:00,LMN.V,,22.489999771118164,22.5,22.43000030517578,22.43000030517578,1600.0
2026-04-13 12:22:00,LTH.V,,0.9049999713897705,0.9049999713897705,0.9049999713897705,0.9049999713897705,500.0
2026-04-13 12:22:00,LUCA.V,,1.4600000381469727,1.4600000381469727,1.4600000381469727,1.4600000381469727,300.0
2026-04-13 12:22:00,NICU.V,,2.309999942779541,2.309999942779541,2.309999942779541,2.309999942779541,2450.0
2026-04-13 12:22:00,NURS.V,,3.059999942779541,3.059999942779541,3.059999942779541,3.059999942779541,100.0
2026-04-13 12:22:00,PNG.V,,8.569999694824219,8.569999694824219,8.569999694824219,8.569999694824219,117.0
2026-04-13 12:23:00,FDR.V,,4.710000038146973,4.710000038146973,4.710000038146973,4.710000038146973,3500.0
2026-04-13 12:23:00,FOR.V,,0.6700000166893005,0.6700000166893005,0.6700000166893005,0.6700000166893005,0.0
2026-04-13 12:23:00,GPAC.V,,0.46000000834465027,0.46000000834465027,0.46000000834465027,0.46000000834465027,500.0
2026-04-13 12:23:00,GQC.V,,2.259999990463257,2.259999990463257,2.25,2.25,300.0
2026-04-13 12:23:00,GRZ.V,,5.800000190734863,5.800000190734863,5.800000190734863,5.800000190734863,1000.0
2026-04-13 12:23:00,HPM.V,,0.04500000178813934,0.04500000178813934,0.04500000178813934,0.04500000178813934,111000.0
2026-04-13 12:23:00,ITR.V,,4.139999866485596,4.139999866485596,4.139999866485596,4.139999866485596,600.0
2026-04-13 12:23:00,LMN.V,,22.75,22.75,22.6299991607666,22.6299991607666,440.0
2026-04-13 12:23:00,LTH.V,,0.9049999713897705,0.9049999713897705,0.9049999713897705,0.9049999713897705,500.0
2026-04-13 12:23:00,LUCA.V,,1.4600000381469727,1.4600000381469727,1.4600000381469727,1.4600000381469727,300.0
2026-04-13 12:23:00,YGT.V,,0.20499999821186066,0.20499999821186066,0.20499999821186066,0.20499999821186066,30500.0
2026-04-13 12:24:00,GMA.V,,0.27000001072883606,0.27000001072883606,0.27000001072883606,0.27000001072883606,1000.0
2026-04-13 12:24:00,GQC.V,,2.259999990463257,2.259999990463257,2.25,2.25,300.0
2026-04-13 12:24:00,HVG.V,,0.05999999865889549,0.05999999865889549,0.05999999865889549,0.05999999865889549,15100.0
2026-04-13 12:24:00,LTH.V,,0.9049999713897705,0.9049999713897705,0.9049999713897705,0.9049999713897705,500.0
2026-04-13 12:24:00,LUCA.V,,1.4600000381469727,1.4600000381469727,1.4550000429153442,1.4550000429153442,200.0
2026-04-13 12:24:00,NICU.V,,2.299999952316284,2.299999952316284,2.299999952316284,2.299999952316284,200.0
2026-04-13 12:24:00,NURS.V,,3.059999942779541,3.059999942779541,3.059999942779541,3.059999942779541,100.0
2026-04-13 12:24:00,PNG.V,,8.579999923706055,8.579999923706055,8.569999694824219,8.569999694824219,2200.0
2026-04-13 12:25:00,FWZ.V,,4.539999961853027,4.539999961853027,4.539999961853027,4.539999961853027,100.0
2026-04-13 12:25:00,GQC.V,,2.259999990463257,2.259999990463257,2.25,2.25,200.0
2026-04-13 12:25:00,IFOS.V,,3.880000114440918,3.880000114440918,3.880000114440918,3.880000114440918,100.0
2026-04-13 12:25:00,KNG.V,,1.2699999809265137,1.2699999809265137,1.2699999809265137,1.2699999809265137,200.0
2026-04-13 12:25:00,LG.V,,0.38499999046325684,0.38499999046325684,0.38499999046325684,0.38499999046325684,6108.0
2026-04-13 12:25:00,LMN.V,,23.0,23.0,22.799999237060547,22.799999237060547,1100.0
2026-04-13 12:25:00,LMS.V,,0.2175000011920929,0.2175000011920929,0.2175000011920929,0.2175000011920929,1000.0
2026-04-13 12:25:00,LTH.V,,0.9100000262260437,0.9100000262260437,0.9100000262260437,0.9100000262260437,500.0
2026-04-13 12:25:00,LUCA.V,,1.4600000381469727,1.4600000381469727,1.4550000429153442,1.4600000381469727,400.0
2026-04-13 12:25:00,NICU.V,,2.299999952316284,2.299999952316284,2.299999952316284,2.299999952316284,100.0
2026-04-13 12:25:00,PNG.V,,8.569999694824219,8.579999923706055,8.569999694824219,8.579999923706055,1200.0
2026-04-13 12:26:00,FDR.V,,4.730000019073486,4.730000019073486,4.730000019073486,4.730000019073486,200.0
2026-04-13 12:26:00,GQC.V,,2.259999990463257,2.259999990463257,2.259999990463257,2.259999990463257,200.0
2026-04-13 12:26:00,LMN.V,,22.940000534057617,22.940000534057617,22.940000534057617,22.940000534057617,500.0
2026-04-13 12:26:00,LTH.V,,0.9100000262260437,0.9100000262260437,0.9100000262260437,0.9100000262260437,1000.0
2026-04-13 12:26:00,LUCA.V,,1.4600000381469727,1.4600000381469727,1.4600000381469727,1.4600000381469727,200.0
2026-04-13 12:26:00,MJS.V,,0.14499999582767487,0.14499999582767487,0.14499999582767487,0.14499999582767487,500.0
2026-04-13 12:26:00,MLP.V,,2.0799999237060547,2.0799999237060547,2.0799999237060547,2.0799999237060547,100.0
2026-04-13 12:26:00,NICU.V,,2.319999933242798,2.319999933242798,2.309999942779541,2.309999942779541,14600.0
2026-04-13 12:26:00,PNG.V,,8.579999923706055,8.579999923706055,8.579999923706055,8.579999923706055,800.0
2026-04-13 12:27:00,GQC.V,,2.259999990463257,2.259999990463257,2.259999990463257,2.259999990463257,100.0
2026-04-13 12:27:00,GRZ.V,,5.670000076293945,5.679999828338623,5.670000076293945,5.679999828338623,700.0
2026-04-13 12:27:00,GSPR.V,,0.12999999523162842,0.12999999523162842,0.12999999523162842,0.12999999523162842,101000.0
2026-04-13 12:27:00,ITR.V,,4.150000095367432,4.150000095367432,4.150000095367432,4.150000095367432,300.0
2026-04-13 12:27:00,KRY.V,,3.4000000953674316,3.4000000953674316,3.380000114440918,3.380000114440918,900.0
2026-04-13 12:27:00,KTN.V,,1.440000057220459,1.440000057220459,1.440000057220459,1.440000057220459,14600.0
2026-04-13 12:27:00,LQWD.V,,0.9800000190734863,0.9800000190734863,0.9700000286102295,0.9700000286102295,10500.0
2026-04-13 12:27:00,LTH.V,,0.9100000262260437,0.9100000262260437,0.9049999713897705,0.9049999713897705,3500.0
2026-04-13 12:27:00,LUCA.V,,1.4600000381469727,1.4600000381469727,1.4600000381469727,1.4600000381469727,300.0
2026-04-13 12:27:00,MKO.V,,9.630000114440918,9.630000114440918,9.630000114440918,9.630000114440918,100.0
2026-04-13 12:27:00,MLP.V,,2.0899999141693115,2.0999999046325684,2.0899999141693115,2.0899999141693115,1100.0
2026-04-13 12:27:00,NICU.V,,2.309999942779541,2.325000047683716,2.309999942779541,2.319999933242798,25300.0
2026-04-13 12:27:00,PNG.V,,8.569999694824219,8.569999694824219,8.569999694824219,8.569999694824219,364.0
2026-04-13 12:28:00,GG.V,,2.690000057220459,2.690000057220459,2.690000057220459,2.690000057220459,200.0
2026-04-13 12:28:00,GQC.V,,2.259999990463257,2.259999990463257,2.259999990463257,2.259999990463257,100.0
2026-04-13 12:28:00,HMR.V,,0.8100000023841858,0.8100000023841858,0.8100000023841858,0.8100000023841858,3000.0
2026-04-13 12:28:00,HSTR.V,,2.5399999618530273,2.5399999618530273,2.5299999713897705,2.5299999713897705,500.0
2026-04-13 12:28:00,IFOS.V,,3.880000114440918,3.880000114440918,3.880000114440918,3.880000114440918,100.0
2026-04-13 12:28:00,KTN.V,,1.440000057220459,1.440000057220459,1.440000057220459,1.440000057220459,3900.0
2026-04-13 12:28:00,LQWD.V,,0.9800000190734863,0.9800000190734863,0.9800000190734863,0.9800000190734863,5000.0
2026-04-13 12:28:00,LUCA.V,,1.465000033378601,1.465000033378601,1.4550000429153442,1.4550000429153442,2100.0
2026-04-13 12:28:00,MKO.V,,9.65999984741211,9.65999984741211,9.630000114440918,9.630000114440918,1000.0
2026-04-13 12:28:00,MLP.V,,2.0999999046325684,2.0999999046325684,2.0999999046325684,2.0999999046325684,17800.0
2026-04-13 12:28:00,MMA.V,,1.2899999618530273,1.2899999618530273,1.2899999618530273,1.2899999618530273,100.0
2026-04-13 12:29:00,BIG.V,,0.6899999976158142,0.6899999976158142,0.6899999976158142,0.6899999976158142,1200.0
2026-04-13 12:29:00,EVER.V,,0.6200000047683716,0.6200000047683716,0.6200000047683716,0.6200000047683716,500.0
2026-04-13 12:29:00,FL.V,,0.6399999856948853,0.6399999856948853,0.6399999856948853,0.6399999856948853,500.0
2026-04-13 12:29:00,FO.V,,0.3100000023841858,0.3100000023841858,0.3100000023841858,0.3100000023841858,42688.0
2026-04-13 12:29:00,GGO.V,,1.059999942779541,1.059999942779541,1.059999942779541,1.059999942779541,1000.0
2026-04-13 12:29:00,GPH.V,,1.25,1.25,1.25,1.25,9100.0
2026-04-13 12:29:00,GQC.V,,2.259999990463257,2.259999990463257,2.259999990463257,2.259999990463257,200.0
2026-04-13 12:29:00,GRZ.V,,5.670000076293945,5.670000076293945,5.670000076293945,5.670000076293945,100.0
2026-04-13 12:29:00,GSVR.V,,0.6299999952316284,0.6299999952316284,0.6299999952316284,0.6299999952316284,34000.0
2026-04-13 12:29:00,KTN.V,,1.4500000476837158,1.4500000476837158,1.4500000476837158,1.4500000476837158,7400.0
2026-04-13 12:29:00,LIO.V,,0.23499999940395355,0.23499999940395355,0.23499999940395355,0.23499999940395355,46000.0
2026-04-13 12:29:00,LMN.V,,23.0,23.020000457763672,22.90999984741211,22.90999984741211,5900.0
2026-04-13 12:29:00,MGM.V,,2.690000057220459,2.690000057220459,2.680000066757202,2.680000066757202,300.0
2026-04-13 12:29:00,MKO.V,,9.65999984741211,9.65999984741211,9.65999984741211,9.65999984741211,200.0
2026-04-13 12:29:00,MLP.V,,2.109999895095825,2.109999895095825,2.109999895095825,2.109999895095825,100.0
2026-04-13 12:29:00,NICU.V,,2.309999942779541,2.309999942779541,2.309999942779541,2.309999942779541,1600.0
2026-04-13 12:29:00,PNG.V,,8.579999923706055,8.59000015258789,8.579999923706055,8.59000015258789,1410.0
2026-04-13 12:29:00,ZNG.V,,1.1299999952316284,1.1299999952316284,1.1299999952316284,1.1299999952316284,100.0
2026-04-13 12:30:00,FDR.V,,4.739999771118164,4.739999771118164,4.739999771118164,4.739999771118164,500.0
2026-04-13 12:30:00,GOT.V,,1.7000000476837158,1.7000000476837158,1.7000000476837158,1.7000000476837158,41152.0
2026-04-13 12:30:00,GQC.V,,2.259999990463257,2.259999990463257,2.25,2.25,300.0
2026-04-13 12:30:00,GRSL.V,,0.33500000834465027,0.33500000834465027,0.33500000834465027,0.33500000834465027,75500.0
2026-04-13 12:30:00,GSVR.V,,0.6299999952316284,0.6299999952316284,0.6299999952316284,0.6299999952316284,7000.0
2026-04-13 12:30:00,LFST.V,,0.03999999910593033,0.03999999910593033,0.03999999910593033,0.03999999910593033,4000.0
2026-04-13 12:30:00,LIO.V,,0.23499999940395355,0.23499999940395355,0.23499999940395355,0.23499999940395355,29500.0
2026-04-13 12:30:00,LTH.V,,0.9200000166893005,0.9200000166893005,0.9200000166893005,0.9200000166893005,500.0
2026-04-13 12:30:00,LUCA.V,,1.4700000286102295,1.4700000286102295,1.4700000286102295,1.4700000286102295,200.0
2026-04-13 12:30:00,NICU.V,,2.309999942779541,2.309999942779541,2.309999942779541,2.309999942779541,170.0
2026-04-13 12:30:00,PNG.V,,8.569999694824219,8.600000381469727,8.569999694824219,8.59000015258789,3100.0
2026-04-13 12:31:00,EQTY.V,,0.3199999928474426,0.32499998807907104,0.3199999928474426,0.3199999928474426,53500.0
2026-04-13 12:31:00,GQC.V,,2.25,2.259999990463257,2.25,2.259999990463257,200.0
2026-04-13 12:31:00,GRSL.V,,0.33500000834465027,0.33500000834465027,0.33500000834465027,0.33500000834465027,11029.0
2026-04-13 12:31:00,GRZ.V,,5.699999809265137,5.699999809265137,5.699999809265137,5.699999809265137,400.0
2026-04-13 12:31:00,GSR.V,,0.5099999904632568,0.5099999904632568,0.5099999904632568,0.5099999904632568,500.0
2026-04-13 12:31:00,HHH.V,,6.5,6.5,6.494999885559082,6.494999885559082,4800.0
2026-04-13 12:31:00,HME.V,,2.809999942779541,2.809999942779541,2.809999942779541,2.809999942779541,1000.0
2026-04-13 12:31:00,IFOS.V,,3.880000114440918,3.880000114440918,3.880000114440918,3.880000114440918,100.0
2026-04-13 12:31:00,KLDC.V,,0.20000000298023224,0.20000000298023224,0.20000000298023224,0.20000000298023224,2500.0
2026-04-13 12:31:00,MGM.V,,2.700000047683716,2.700000047683716,2.700000047683716,2.700000047683716,620.0
2026-04-13 12:32:00,BIG.V,,0.6899999976158142,0.6899999976158142,0.6899999976158142,0.6899999976158142,1500.0
2026-04-13 12:32:00,GLAD.V,,1.2899999618530273,1.2899999618530273,1.2899999618530273,1.2899999618530273,1500.0
2026-04-13 12:32:00,GQC.V,,2.259999990463257,2.259999990463257,2.259999990463257,2.259999990463257,200.0
2026-04-13 12:32:00,LUCA.V,,1.4700000286102295,1.4700000286102295,1.4700000286102295,1.4700000286102295,100.0
2026-04-13 12:32:00,PNG.V,,8.5600004196167,8.569999694824219,8.5600004196167,8.569999694824219,725.0
2026-04-13 12:33:00,EQTY.V,,0.3199999928474426,0.3199999928474426,0.3199999928474426,0.3199999928474426,7000.0
2026-04-13 12:33:00,GLAD.V,,1.2999999523162842,1.2999999523162842,1.2999999523162842,1.2999999523162842,300.0
2026-04-13 12:33:00,GPAC.V,,0.46000000834465027,0.46000000834465027,0.46000000834465027,0.46000000834465027,500.0
2026-04-13 12:33:00,GQC.V,,2.25,2.259999990463257,2.25,2.259999990463257,200.0
2026-04-13 12:33:00,HHH.V,,6.5,6.5,6.5,6.5,349.0
2026-04-13 12:33:00,HSTR.V,,2.549999952316284,2.549999952316284,2.549999952316284,2.549999952316284,100.0
2026-04-13 12:33:00,LUCA.V,,1.4700000286102295,1.4700000286102295,1.465000033378601,1.465000033378601,1300.0
2026-04-13 12:34:00,FL.V,,0.6349999904632568,0.6349999904632568,0.6349999904632568,0.6349999904632568,500.0
2026-04-13 12:34:00,GGO.V,,1.065000057220459,1.0700000524520874,1.065000057220459,1.0700000524520874,6300.0
2026-04-13 12:34:00,GOT.V,,1.7100000381469727,1.7100000381469727,1.7100000381469727,1.7100000381469727,1500.0
2026-04-13 12:34:00,GQC.V,,2.259999990463257,2.259999990463257,2.25,2.25,400.0
2026-04-13 12:34:00,HHH.V,,6.53000020980835,6.53000020980835,6.53000020980835,6.53000020980835,100.0
2026-04-13 12:34:00,ITR.V,,4.179999828338623,4.179999828338623,4.179999828338623,4.179999828338623,300.0
2026-04-13 12:34:00,KDK.V,,0.9100000262260437,0.9100000262260437,0.9100000262260437,0.9100000262260437,7500.0
2026-04-13 12:34:00,KTN.V,,1.4600000381469727,1.4600000381469727,1.4600000381469727,1.4600000381469727,100.0
2026-04-13 12:34:00,LIO.V,,0.23499999940395355,0.23499999940395355,0.23499999940395355,0.23499999940395355,1000.0
2026-04-13 12:34:00,NURS.V,,3.0299999713897705,3.0299999713897705,3.0299999713897705,3.0299999713897705,100.0
2026-04-13 12:34:00,PNG.V,,8.550000190734863,8.579999923706055,8.550000190734863,8.579999923706055,7700.0
2026-04-13 12:34:00,ROAR.V,,0.26499998569488525,0.26499998569488525,0.26499998569488525,0.26499998569488525,500.0
2026-04-13 12:34:00,TUF.V,,0.3100000023841858,0.3100000023841858,0.3100000023841858,0.3100000023841858,800.0
2026-04-13 12:35:00,FDR.V,,4.739999771118164,4.75,4.739999771118164,4.75,15200.0
2026-04-13 12:35:00,FL.V,,0.6399999856948853,0.6399999856948853,0.6399999856948853,0.6399999856948853,13500.0
2026-04-13 12:35:00,FUU.V,,0.17000000178813934,0.17000000178813934,0.17000000178813934,0.17000000178813934,2500.0
2026-04-13 12:35:00,GQC.V,,2.25,2.259999990463257,2.25,2.259999990463257,200.0
2026-04-13 12:35:00,HITI.V,,3.2200000286102295,3.2200000286102295,3.2200000286102295,3.2200000286102295,100.0
2026-04-13 12:35:00,HME.V,,2.799999952316284,2.799999952316284,2.799999952316284,2.799999952316284,3000.0
2026-04-13 12:35:00,HSTR.V,,2.569999933242798,2.569999933242798,2.559999942779541,2.559999942779541,300.0
2026-04-13 12:35:00,KDA.V,,0.12999999523162842,0.12999999523162842,0.12999999523162842,0.12999999523162842,2500.0
2026-04-13 12:35:00,LMN.V,,23.239999771118164,23.239999771118164,23.1299991607666,23.1299991607666,1952.0
2026-04-13 12:35:00,LTH.V,,0.9200000166893005,0.9200000166893005,0.9200000166893005,0.9200000166893005,500.0
2026-04-13 12:35:00,LUCA.V,,1.465000033378601,1.465000033378601,1.4600000381469727,1.465000033378601,9800.0
2026-04-13 12:35:00,MMA.V,,1.2899999618530273,1.2899999618530273,1.2899999618530273,1.2899999618530273,100.0
2026-04-13 12:35:00,PNG.V,,8.550000190734863,8.5600004196167,8.550000190734863,8.5600004196167,4900.0
2026-04-13 12:36:00,EQTY.V,,0.3199999928474426,0.3199999928474426,0.3199999928474426,0.3199999928474426,11500.0
2026-04-13 12:36:00,FWZ.V,,4.539999961853027,4.539999961853027,4.539999961853027,4.539999961853027,610.0
2026-04-13 12:36:00,GOT.V,,1.7100000381469727,1.7100000381469727,1.7100000381469727,1.7100000381469727,100.0
2026-04-13 12:36:00,GQC.V,,2.2799999713897705,2.2799999713897705,2.259999990463257,2.265000104904175,12700.0
2026-04-13 12:36:00,HME.V,,2.799999952316284,2.799999952316284,2.799999952316284,2.799999952316284,100.0
2026-04-13 12:36:00,HSTR.V,,2.559999942779541,2.559999942779541,2.559999942779541,2.559999942779541,1900.0
2026-04-13 12:36:00,IVS.V,,0.22499999403953552,0.22499999403953552,0.22499999403953552,0.22499999403953552,1000.0
2026-04-13 12:36:00,LMN.V,,23.239999771118164,23.239999771118164,23.239999771118164,23.239999771118164,100.0
2026-04-13 12:36:00,LTH.V,,0.9200000166893005,0.9200000166893005,0.9200000166893005,0.9200000166893005,500.0
2026-04-13 12:36:00,LUCA.V,,1.4600000381469727,1.465000033378601,1.4600000381469727,1.465000033378601,800.0
2026-04-13 12:36:00,MLP.V,,2.119999885559082,2.119999885559082,2.119999885559082,2.119999885559082,587.0
2026-04-13 12:36:00,PNG.V,,8.569999694824219,8.569999694824219,8.550000190734863,8.550000190734863,4306.0
2026-04-13 12:37:00,FDR.V,,4.769999980926514,4.769999980926514,4.769999980926514,4.769999980926514,100.0
2026-04-13 12:37:00,FO.V,,0.3149999976158142,0.3149999976158142,0.3100000023841858,0.3100000023841858,6600.0
2026-04-13 12:37:00,FWZ.V,,4.539999961853027,4.539999961853027,4.539999961853027,4.539999961853027,4800.0
2026-04-13 12:37:00,GQC.V,,2.2699999809265137,2.2699999809265137,2.2699999809265137,2.2699999809265137,100.0
2026-04-13 12:37:00,HME.V,,2.799999952316284,2.799999952316284,2.799999952316284,2.799999952316284,200.0
2026-04-13 12:37:00,HSTR.V,,2.559999942779541,2.559999942779541,2.559999942779541,2.559999942779541,700.0
2026-04-13 12:37:00,IFOS.V,,3.880000114440918,3.880000114440918,3.880000114440918,3.880000114440918,100.0
2026-04-13 12:37:00,ITR.V,,4.190000057220459,4.210000038146973,4.190000057220459,4.190000057220459,18600.0
2026-04-13 12:37:00,LMN.V,,23.200000762939453,23.229999542236328,23.200000762939453,23.229999542236328,1900.0
2026-04-13 12:37:00,LUCA.V,,1.465000033378601,1.465000033378601,1.465000033378601,1.465000033378601,200.0
2026-04-13 12:37:00,MIM.V,,0.2150000035762787,0.2150000035762787,0.2150000035762787,0.2150000035762787,1500.0
2026-04-13 12:37:00,PNG.V,,8.59000015258789,8.59000015258789,8.5600004196167,8.579999923706055,15100.0
2026-04-13 12:38:00,FDR.V,,4.769999980926514,4.769999980926514,4.769999980926514,4.769999980926514,100.0
2026-04-13 12:38:00,FWZ.V,,4.539999961853027,4.539999961853027,4.539999961853027,4.539999961853027,400.0
2026-04-13 12:38:00,GPAC.V,,0.4650000035762787,0.4699999988079071,0.4650000035762787,0.4699999988079071,11500.0
2026-04-13 12:38:00,GQC.V,,2.2899999618530273,2.2899999618530273,2.2699999809265137,2.2699999809265137,200.0
2026-04-13 12:38:00,LMN.V,,23.18000030517578,23.209999084472656,23.020000457763672,23.149999618530273,13600.0
2026-04-13 12:38:00,LUCA.V,,1.4600000381469727,1.465000033378601,1.4600000381469727,1.465000033378601,1000.0
2026-04-13 12:38:00,MKO.V,,9.699999809265137,9.699999809265137,9.699999809265137,9.699999809265137,200.0
2026-04-13 12:39:00,FDR.V,,4.789999961853027,4.789999961853027,4.789999961853027,4.789999961853027,100.0
2026-04-13 12:39:00,FUU.V,,0.17000000178813934,0.17000000178813934,0.17000000178813934,0.17000000178813934,500.0
2026-04-13 12:39:00,FWZ.V,,4.539999961853027,4.539999961853027,4.539999961853027,4.539999961853027,600.0
2026-04-13 12:39:00,GQC.V,,2.2899999618530273,2.2899999618530273,2.2699999809265137,2.2699999809265137,200.0
2026-04-13 12:39:00,HHH.V,,6.400000095367432,6.400000095367432,6.400000095367432,6.400000095367432,593.0
2026-04-13 12:39:00,IFOS.V,,3.869999885559082,3.869999885559082,3.869999885559082,3.869999885559082,100.0
2026-04-13 12:39:00,ITR.V,,4.190000057220459,4.190000057220459,4.190000057220459,4.190000057220459,300.0
2026-04-13 12:39:00,KTN.V,,1.4700000286102295,1.4700000286102295,1.4700000286102295,1.4700000286102295,1150.0
2026-04-13 12:39:00,LUCA.V,,1.4600000381469727,1.4600000381469727,1.4600000381469727,1.4600000381469727,100.0
2026-04-13 12:39:00,MIM.V,,0.2150000035762787,0.2150000035762787,0.2150000035762787,0.2150000035762787,5000.0
2026-04-13 12:39:00,MKO.V,,9.699999809265137,9.699999809265137,9.699999809265137,9.699999809265137,200.0
2026-04-13 12:39:00,NURS.V,,3.049999952316284,3.049999952316284,3.049999952316284,3.049999952316284,100.0
2026-04-13 12:39:00,PNG.V,,8.600000381469727,8.619999885559082,8.569999694824219,8.579999923706055,20804.0
2026-04-13 12:39:00,ROAR.V,,0.26499998569488525,0.26499998569488525,0.26499998569488525,0.26499998569488525,500.0
2026-04-13 12:40:00,EQTY.V,,0.32499998807907104,0.32499998807907104,0.32499998807907104,0.32499998807907104,21000.0
2026-04-13 12:40:00,FL.V,,0.6399999856948853,0.6399999856948853,0.6399999856948853,0.6399999856948853,500.0
2026-04-13 12:40:00,FWZ.V,,4.539999961853027,4.539999961853027,4.539999961853027,4.539999961853027,500.0
2026-04-13 12:40:00,GLAD.V,,1.2899999618530273,1.2899999618530273,1.2899999618530273,1.2899999618530273,200.0
2026-04-13 12:40:00,GOT.V,,1.7100000381469727,1.7100000381469727,1.7100000381469727,1.7100000381469727,100.0
2026-04-13 12:40:00,GQC.V,,2.2699999809265137,2.2899999618530273,2.2699999809265137,2.2899999618530273,400.0
2026-04-13 12:40:00,IVS.V,,0.23000000417232513,0.23000000417232513,0.23000000417232513,0.23000000417232513,5500.0
2026-04-13 12:40:00,KTN.V,,1.4700000286102295,1.4700000286102295,1.4700000286102295,1.4700000286102295,100.0
2026-04-13 12:40:00,LMN.V,,23.200000762939453,23.200000762939453,23.200000762939453,23.200000762939453,300.0
2026-04-13 12:40:00,LUCA.V,,1.4600000381469727,1.4600000381469727,1.4600000381469727,1.4600000381469727,600.0
2026-04-13 12:40:00,MQM.V,,0.3050000071525574,0.3050000071525574,0.3050000071525574,0.3050000071525574,1500.0
2026-04-13 12:40:00,NURS.V,,3.059999942779541,3.059999942779541,3.059999942779541,3.059999942779541,2600.0
2026-04-13 12:40:00,PNG.V,,8.600000381469727,8.600000381469727,8.600000381469727,8.600000381469727,117.0
2026-04-13 12:41:00,FDR.V,,4.800000190734863,4.800000190734863,4.800000190734863,4.800000190734863,100.0
2026-04-13 12:41:00,FL.V,,0.6399999856948853,0.6399999856948853,0.6399999856948853,0.6399999856948853,500.0
2026-04-13 12:41:00,FPX.V,,0.4099999964237213,0.4099999964237213,0.4099999964237213,0.4099999964237213,3500.0
2026-04-13 12:41:00,GQC.V,,2.2899999618530273,2.2899999618530273,2.2899999618530273,2.2899999618530273,200.0
2026-04-13 12:41:00,HMR.V,,0.800000011920929,0.800000011920929,0.800000011920929,0.800000011920929,2000.0
2026-04-13 12:41:00,HSTR.V,,2.559999942779541,2.559999942779541,2.559999942779541,2.559999942779541,200.0
2026-04-13 12:41:00,IFOS.V,,3.869999885559082,3.869999885559082,3.869999885559082,3.869999885559082,100.0
2026-04-13 12:41:00,ITR.V,,4.179999828338623,4.179999828338623,4.179999828338623,4.179999828338623,1146.0
2026-04-13 12:41:00,LMN.V,,23.309999465942383,23.309999465942383,23.299999237060547,23.299999237060547,200.0
2026-04-13 12:41:00,LUCA.V,,1.465000033378601,1.465000033378601,1.4600000381469727,1.4600000381469727,900.0
2026-04-13 12:41:00,MGM.V,,2.700000047683716,2.700000047683716,2.700000047683716,2.700000047683716,100.0
2026-04-13 12:41:00,PNG.V,,8.600000381469727,8.600000381469727,8.600000381469727,8.600000381469727,400.0
2026-04-13 12:42:00,FDR.V,,4.789999961853027,4.789999961853027,4.789999961853027,4.789999961853027,100.0
2026-04-13 12:42:00,FUU.V,,0.17000000178813934,0.17000000178813934,0.17000000178813934,0.17000000178813934,500.0
2026-04-13 12:42:00,GQC.V,,2.2799999713897705,2.2899999618530273,2.2699999809265137,2.2899999618530273,400.0
2026-04-13 12:42:00,IFOS.V,,3.869999885559082,3.869999885559082,3.869999885559082,3.869999885559082,100.0
2026-04-13 12:42:00,LUCA.V,,1.465000033378601,1.465000033378601,1.4600000381469727,1.465000033378601,400.0
2026-04-13 12:42:00,MJS.V,,0.14499999582767487,0.14499999582767487,0.14499999582767487,0.14499999582767487,500.0
2026-04-13 12:42:00,MQM.V,,0.3100000023841858,0.3100000023841858,0.3050000071525574,0.3050000071525574,10000.0
2026-04-13 12:42:00,TUF.V,,0.3100000023841858,0.3100000023841858,0.3100000023841858,0.3100000023841858,1500.0
2026-04-13 12:43:00,CELL.V,,0.029999999329447746,0.029999999329447746,0.029999999329447746,0.029999999329447746,5000.0
2026-04-13 12:43:00,FDR.V,,4.800000190734863,4.800000190734863,4.800000190734863,4.800000190734863,100.0
2026-04-13 12:43:00,FWZ.V,,4.539999961853027,4.539999961853027,4.539999961853027,4.539999961853027,100.0
2026-04-13 12:43:00,GOT.V,,1.7100000381469727,1.7100000381469727,1.7100000381469727,1.7100000381469727,100.0
2026-04-13 12:43:00,GQC.V,,2.2799999713897705,2.2799999713897705,2.2799999713897705,2.2799999713897705,300.0
2026-04-13 12:43:00,LMN.V,,23.25,23.260000228881836,23.25,23.260000228881836,300.0
2026-04-13 12:43:00,LUCA.V,,1.4500000476837158,1.465000033378601,1.4500000476837158,1.465000033378601,2100.0
2026-04-13 12:43:00,PNG.V,,8.600000381469727,8.600000381469727,8.600000381469727,8.600000381469727,200.0
2026-04-13 12:43:00,ROAR.V,,0.25999999046325684,0.25999999046325684,0.25999999046325684,0.25999999046325684,2000.0
2026-04-13 12:44:00,FDR.V,,4.800000190734863,4.800000190734863,4.800000190734863,4.800000190734863,100.0
2026-04-13 12:44:00,GQC.V,,2.2799999713897705,2.2799999713897705,2.2699999809265137,2.2699999809265137,300.0
2026-04-13 12:44:00,HMR.V,,0.8100000023841858,0.8100000023841858,0.8100000023841858,0.8100000023841858,1000.0
2026-04-13 12:44:00,IFOS.V,,3.869999885559082,3.869999885559082,3.869999885559082,3.869999885559082,100.0
2026-04-13 12:44:00,LUCA.V,,1.4500000476837158,1.4500000476837158,1.4500000476837158,1.4500000476837158,100.0
2026-04-13 12:44:00,MKO.V,,9.6899995803833,9.6899995803833,9.680000305175781,9.6899995803833,700.0
2026-04-13 12:44:00,PNG.V,,8.600000381469727,8.600000381469727,8.600000381469727,8.600000381469727,3375.0
2026-04-13 12:45:00,FL.V,,0.6399999856948853,0.6399999856948853,0.6399999856948853,0.6399999856948853,2000.0
2026-04-13 12:45:00,FRED.V,,0.6800000071525574,0.6899999976158142,0.6800000071525574,0.6899999976158142,1000.0
2026-04-13 12:45:00,FWZ.V,,4.539999961853027,4.539999961853027,4.539999961853027,4.539999961853027,200.0
2026-04-13 12:45:00,GQC.V,,2.2699999809265137,2.2799999713897705,2.2699999809265137,2.2799999713897705,300.0
2026-04-13 12:45:00,LMN.V,,23.350000381469727,23.360000610351562,23.229999542236328,23.290000915527344,1400.0
2026-04-13 12:45:00,LUCA.V,,1.4500000476837158,1.4550000429153442,1.4500000476837158,1.4550000429153442,1000.0
2026-04-13 12:45:00,MKO.V,,9.699999809265137,9.699999809265137,9.699999809265137,9.699999809265137,100.0
2026-04-13 12:45:00,MLP.V,,2.109999895095825,2.109999895095825,2.109999895095825,2.109999895095825,100.0
2026-04-13 12:45:00,NURS.V,,3.059999942779541,3.059999942779541,3.059999942779541,3.059999942779541,100.0
2026-04-13 12:45:00,PNG.V,,8.600000381469727,8.609999656677246,8.600000381469727,8.609999656677246,4400.0
2026-04-13 12:46:00,BIG.V,,0.699999988079071,0.699999988079071,0.699999988079071,0.699999988079071,2000.0
2026-04-13 12:46:00,FDR.V,,4.800000190734863,4.800000190734863,4.800000190734863,4.800000190734863,100.0
2026-04-13 12:46:00,FO.V,,0.3149999976158142,0.3149999976158142,0.3149999976158142,0.3149999976158142,3000.0
2026-04-13 12:46:00,FUU.V,,0.17000000178813934,0.17000000178813934,0.17000000178813934,0.17000000178813934,500.0
2026-04-13 12:46:00,GPAC.V,,0.47999998927116394,0.47999998927116394,0.4699999988079071,0.4699999988079071,28000.0
2026-04-13 12:46:00,GQC.V,,2.2799999713897705,2.2799999713897705,2.2799999713897705,2.2799999713897705,200.0
2026-04-13 12:46:00,HME.V,,2.799999952316284,2.799999952316284,2.799999952316284,2.799999952316284,100.0
2026-04-13 12:46:00,LMN.V,,23.270000457763672,23.270000457763672,23.270000457763672,23.270000457763672,200.0
2026-04-13 12:46:00,LTH.V,,0.9100000262260437,0.9100000262260437,0.9100000262260437,0.9100000262260437,500.0
2026-04-13 12:46:00,LUCA.V,,1.4550000429153442,1.4550000429153442,1.4550000429153442,1.4550000429153442,100.0
2026-04-13 12:46:00,NURS.V,,3.0399999618530273,3.049999952316284,3.0399999618530273,3.049999952316284,500.0
2026-04-13 12:46:00,PNG.V,,8.600000381469727,8.600000381469727,8.600000381469727,8.600000381469727,100.0
2026-04-13 12:47:00,FWZ.V,,4.539999961853027,4.539999961853027,4.539999961853027,4.539999961853027,400.0
2026-04-13 12:47:00,GQC.V,,2.2799999713897705,2.2799999713897705,2.2699999809265137,2.2799999713897705,300.0
2026-04-13 12:47:00,GRSL.V,,0.3400000035762787,0.3400000035762787,0.3400000035762787,0.3400000035762787,1205.0
2026-04-13 12:47:00,HME.V,,2.7899999618530273,2.7899999618530273,2.7899999618530273,2.7899999618530273,2600.0
2026-04-13 12:47:00,HMR.V,,0.8100000023841858,0.8100000023841858,0.8100000023841858,0.8100000023841858,1500.0
2026-04-13 12:47:00,HSTR.V,,2.559999942779541,2.559999942779541,2.559999942779541,2.559999942779541,800.0
2026-04-13 12:47:00,IFOS.V,,3.869999885559082,3.869999885559082,3.869999885559082,3.869999885559082,100.0
2026-04-13 12:47:00,ITR.V,,4.190000057220459,4.190000057220459,4.190000057220459,4.190000057220459,100.0
2026-04-13 12:47:00,LUCA.V,,1.4550000429153442,1.4550000429153442,1.4550000429153442,1.4550000429153442,200.0
2026-04-13 12:47:00,NICU.V,,2.309999942779541,2.309999942779541,2.309999942779541,2.309999942779541,100.0
2026-04-13 12:47:00,PNG.V,,8.600000381469727,8.600000381469727,8.59000015258789,8.59000015258789,421.0
2026-04-13 12:48:00,FDR.V,,4.800000190734863,4.800000190734863,4.800000190734863,4.800000190734863,200.0
2026-04-13 12:48:00,GGX.V,,0.05000000074505806,0.05000000074505806,0.05000000074505806,0.05000000074505806,0.0
2026-04-13 12:48:00,GQC.V,,2.2799999713897705,2.2799999713897705,2.2799999713897705,2.2799999713897705,200.0
2026-04-13 12:48:00,GSR.V,,0.5199999809265137,0.5199999809265137,0.5199999809265137,0.5199999809265137,2500.0
2026-04-13 12:48:00,IFOS.V,,3.869999885559082,3.869999885559082,3.869999885559082,3.869999885559082,100.0
2026-04-13 12:48:00,KNG.V,,1.2799999713897705,1.2799999713897705,1.2799999713897705,1.2799999713897705,100.0
2026-04-13 12:48:00,MJS.V,,0.14499999582767487,0.14499999582767487,0.14499999582767487,0.14499999582767487,54500.0
2026-04-13 12:48:00,NICU.V,,2.305000066757202,2.305000066757202,2.305000066757202,2.305000066757202,400.0
2026-04-13 12:48:00,PNG.V,,8.600000381469727,8.600000381469727,8.600000381469727,8.600000381469727,920.0
2026-04-13 12:49:00,FWZ.V,,4.539999961853027,4.539999961853027,4.539999961853027,4.539999961853027,200.0
2026-04-13 12:49:00,GOT.V,,1.7100000381469727,1.7100000381469727,1.7100000381469727,1.7100000381469727,100.0
2026-04-13 12:49:00,GQC.V,,2.2799999713897705,2.2799999713897705,2.2699999809265137,2.2699999809265137,300.0
2026-04-13 12:49:00,HHH.V,,6.400000095367432,6.400000095367432,6.400000095367432,6.400000095367432,1016.0
2026-04-13 12:49:00,KTN.V,,1.4600000381469727,1.4600000381469727,1.4600000381469727,1.4600000381469727,100.0
2026-04-13 12:49:00,LMN.V,,23.469999313354492,23.469999313354492,23.309999465942383,23.309999465942383,2100.0
2026-04-13 12:49:00,LPS.V,,0.09000000357627869,0.09000000357627869,0.09000000357627869,0.09000000357627869,12000.0
2026-04-13 12:49:00,LUCA.V,,1.4600000381469727,1.4600000381469727,1.4550000429153442,1.4550000429153442,800.0
2026-04-13 12:49:00,NICU.V,,2.299999952316284,2.299999952316284,2.299999952316284,2.299999952316284,100.0
2026-04-13 12:49:00,PNG.V,,8.600000381469727,8.600000381469727,8.595000267028809,8.600000381469727,1700.0
2026-04-13 12:50:00,FDR.V,,4.789999961853027,4.789999961853027,4.75,4.75,300.0
2026-04-13 12:50:00,FOR.V,,0.6700000166893005,0.6700000166893005,0.6700000166893005,0.6700000166893005,2000.0
2026-04-13 12:50:00,FWZ.V,,4.539999961853027,4.539999961853027,4.539999961853027,4.539999961853027,400.0
2026-04-13 12:50:00,GOT.V,,1.7100000381469727,1.7100000381469727,1.7100000381469727,1.7100000381469727,100.0
2026-04-13 12:50:00,GQC.V,,2.2799999713897705,2.2799999713897705,2.2799999713897705,2.2799999713897705,100.0
2026-04-13 12:50:00,GSVR.V,,0.6399999856948853,0.6399999856948853,0.6399999856948853,0.6399999856948853,71360.0
2026-04-13 12:50:00,HME.V,,2.7799999713897705,2.7799999713897705,2.7799999713897705,2.7799999713897705,1200.0
2026-04-13 12:50:00,ITR.V,,4.179999828338623,4.179999828338623,4.179999828338623,4.179999828338623,3100.0
2026-04-13 12:50:00,KTN.V,,1.4600000381469727,1.4600000381469727,1.4600000381469727,1.4600000381469727,100.0
2026-04-13 12:50:00,LTH.V,,0.9100000262260437,0.9100000262260437,0.9100000262260437,0.9100000262260437,21000.0
2026-04-13 12:50:00,LUCA.V,,1.4600000381469727,1.4600000381469727,1.4600000381469727,1.4600000381469727,200.0
2026-04-13 12:50:00,MKO.V,,9.680000305175781,9.680000305175781,9.680000305175781,9.680000305175781,1000.0
2026-04-13 12:50:00,MLP.V,,2.109999895095825,2.109999895095825,2.109999895095825,2.109999895095825,100.0
2026-04-13 12:50:00,PNG.V,,8.649999618530273,8.649999618530273,8.600000381469727,8.600000381469727,24042.0
2026-04-13 12:51:00,FDR.V,,4.78000020980835,4.78000020980835,4.78000020980835,4.78000020980835,100.0
2026-04-13 12:51:00,FRED.V,,0.6899999976158142,0.6899999976158142,0.6899999976158142,0.6899999976158142,3500.0
2026-04-13 12:51:00,GQC.V,,2.2799999713897705,2.2799999713897705,2.2699999809265137,2.2699999809265137,300.0
2026-04-13 12:51:00,GSVR.V,,0.6399999856948853,0.6399999856948853,0.6399999856948853,0.6399999856948853,23000.0
2026-04-13 12:51:00,HITI.V,,3.2300000190734863,3.2300000190734863,3.2300000190734863,3.2300000190734863,100.0
2026-04-13 12:51:00,HSTR.V,,2.569999933242798,2.569999933242798,2.569999933242798,2.569999933242798,200.0
2026-04-13 12:51:00,INTR.V,,0.6800000071525574,0.6800000071525574,0.6800000071525574,0.6800000071525574,5000.0
2026-04-13 12:51:00,LMN.V,,23.290000915527344,23.290000915527344,23.290000915527344,23.290000915527344,100.0
2026-04-13 12:51:00,LUCA.V,,1.4600000381469727,1.4600000381469727,1.4600000381469727,1.4600000381469727,2900.0
2026-04-13 12:51:00,MLP.V,,2.130000114440918,2.130000114440918,2.130000114440918,2.130000114440918,500.0
2026-04-13 12:51:00,NURS.V,,3.049999952316284,3.049999952316284,3.049999952316284,3.049999952316284,100.0
2026-04-13 12:51:00,PNG.V,,8.670000076293945,8.670000076293945,8.65999984741211,8.65999984741211,1308.0
2026-04-13 12:52:00,GEL.V,,0.15000000596046448,0.15000000596046448,0.15000000596046448,0.15000000596046448,7000.0
2026-04-13 12:52:00,GOT.V,,1.7100000381469727,1.7100000381469727,1.7100000381469727,1.7100000381469727,2000.0
2026-04-13 12:52:00,GPM.V,,0.09000000357627869,0.09000000357627869,0.09000000357627869,0.09000000357627869,100000.0
2026-04-13 12:52:00,GQC.V,,2.2799999713897705,2.2799999713897705,2.2799999713897705,2.2799999713897705,100.0
2026-04-13 12:52:00,GSVR.V,,0.6399999856948853,0.6399999856948853,0.6399999856948853,0.6399999856948853,23600.0
2026-04-13 12:52:00,HITI.V,,3.2300000190734863,3.2300000190734863,3.2300000190734863,3.2300000190734863,100.0
2026-04-13 12:52:00,HME.V,,2.7799999713897705,2.7799999713897705,2.7799999713897705,2.7799999713897705,1600.0
2026-04-13 12:52:00,HSTR.V,,2.569999933242798,2.569999933242798,2.569999933242798,2.569999933242798,600.0
2026-04-13 12:52:00,LIO.V,,0.23499999940395355,0.23499999940395355,0.23499999940395355,0.23499999940395355,2200.0
2026-04-13 12:52:00,LUCA.V,,1.465000033378601,1.465000033378601,1.465000033378601,1.465000033378601,300.0
2026-04-13 12:52:00,MLP.V,,2.130000114440918,2.140000104904175,2.130000114440918,2.140000104904175,17264.0
2026-04-13 12:52:00,NICU.V,,2.299999952316284,2.299999952316284,2.299999952316284,2.299999952316284,100.0
2026-04-13 12:52:00,NURS.V,,3.059999942779541,3.059999942779541,3.059999942779541,3.059999942779541,100.0
2026-04-13 12:52:00,PNG.V,,8.670000076293945,8.670000076293945,8.670000076293945,8.670000076293945,1800.0
2026-04-13 12:53:00,FUU.V,,0.17000000178813934,0.17000000178813934,0.17000000178813934,0.17000000178813934,500.0
2026-04-13 12:53:00,GGO.V,,1.0700000524520874,1.0700000524520874,1.0700000524520874,1.0700000524520874,500.0
2026-04-13 12:53:00,GQC.V,,2.2799999713897705,2.2799999713897705,2.2699999809265137,2.2799999713897705,300.0
2026-04-13 12:53:00,IFOS.V,,3.869999885559082,3.869999885559082,3.869999885559082,3.869999885559082,100.0
2026-04-13 12:53:00,NICU.V,,2.299999952316284,2.299999952316284,2.299999952316284,2.299999952316284,2400.0
2026-04-13 12:53:00,NURS.V,,3.059999942779541,3.059999942779541,3.059999942779541,3.059999942779541,400.0
2026-04-13 12:53:00,PNG.V,,8.670000076293945,8.670000076293945,8.670000076293945,8.670000076293945,9500.0
2026-04-13 12:54:00,FDR.V,,4.789999961853027,4.789999961853027,4.789999961853027,4.789999961853027,100.0
2026-04-13 12:54:00,FL.V,,0.6399999856948853,0.6399999856948853,0.6399999856948853,0.6399999856948853,500.0
2026-04-13 12:54:00,FWZ.V,,4.570000171661377,4.570000171661377,4.550000190734863,4.550000190734863,5780.0
2026-04-13 12:54:00,GGO.V,,1.0700000524520874,1.0700000524520874,1.0700000524520874,1.0700000524520874,5500.0
2026-04-13 12:54:00,GQC.V,,2.2799999713897705,2.2799999713897705,2.2799999713897705,2.2799999713897705,100.0
2026-04-13 12:54:00,GTC.V,,0.19499999284744263,0.19499999284744263,0.19499999284744263,0.19499999284744263,1000.0
2026-04-13 12:54:00,INTR.V,,0.6899999976158142,0.6899999976158142,0.6899999976158142,0.6899999976158142,1500.0
2026-04-13 12:54:00,LTH.V,,0.8849999904632568,0.8999999761581421,0.8849999904632568,0.8999999761581421,25535.0
2026-04-13 12:54:00,LUCA.V,,1.4600000381469727,1.465000033378601,1.4600000381469727,1.465000033378601,600.0
2026-04-13 12:54:00,MMA.V,,1.2899999618530273,1.2899999618530273,1.2899999618530273,1.2899999618530273,1700.0
2026-04-13 12:54:00,NURS.V,,3.0899999141693115,3.0899999141693115,3.069999933242798,3.069999933242798,600.0
2026-04-13 12:54:00,PNG.V,,8.65999984741211,8.65999984741211,8.65999984741211,8.65999984741211,1200.0
2026-04-13 12:55:00,GQC.V,,2.2699999809265137,2.2699999809265137,2.2699999809265137,2.2699999809265137,1200.0
2026-04-13 12:55:00,HSTR.V,,2.549999952316284,2.559999942779541,2.549999952316284,2.559999942779541,1500.0
2026-04-13 12:55:00,IFOS.V,,3.880000114440918,3.880000114440918,3.880000114440918,3.880000114440918,1800.0
2026-04-13 12:55:00,LTH.V,,0.8899999856948853,0.8899999856948853,0.8849999904632568,0.8899999856948853,7500.0
2026-04-13 12:55:00,LUCA.V,,1.465000033378601,1.465000033378601,1.465000033378601,1.465000033378601,200.0
2026-04-13 12:55:00,MTA.V,,9.430000305175781,9.430000305175781,9.430000305175781,9.430000305175781,300.0
2026-04-13 12:55:00,NICU.V,,2.299999952316284,2.299999952316284,2.299999952316284,2.299999952316284,1000.0
2026-04-13 12:55:00,PNG.V,,8.630000114440918,8.65999984741211,8.630000114440918,8.65999984741211,2050.0
2026-04-13 12:56:00,FUU.V,,0.17000000178813934,0.17000000178813934,0.17000000178813934,0.17000000178813934,500.0
2026-04-13 12:56:00,GGI.V,,0.12999999523162842,0.12999999523162842,0.125,0.125,5500.0
2026-04-13 12:56:00,GPAC.V,,0.4650000035762787,0.4650000035762787,0.4650000035762787,0.4650000035762787,500.0
2026-04-13 12:56:00,GQC.V,,2.2699999809265137,2.2699999809265137,2.2699999809265137,2.2699999809265137,100.0
2026-04-13 12:56:00,HME.V,,2.7899999618530273,2.7899999618530273,2.7899999618530273,2.7899999618530273,100.0
2026-04-13 12:56:00,ITR.V,,4.170000076293945,4.170000076293945,4.170000076293945,4.170000076293945,200.0
2026-04-13 12:56:00,LMN.V,,23.219999313354492,23.219999313354492,23.219999313354492,23.219999313354492,100.0
2026-04-13 12:56:00,LTH.V,,0.8899999856948853,0.8899999856948853,0.8899999856948853,0.8899999856948853,10600.0
2026-04-13 12:56:00,LUCA.V,,1.4600000381469727,1.4600000381469727,1.4600000381469727,1.4600000381469727,1000.0
2026-04-13 12:56:00,MGM.V,,2.7300000190734863,2.7300000190734863,2.7200000286102295,2.7300000190734863,2820.0
2026-04-13 12:56:00,MMA.V,,1.2899999618530273,1.2899999618530273,1.2899999618530273,1.2899999618530273,100.0
2026-04-13 12:56:00,NICU.V,,2.299999952316284,2.299999952316284,2.299999952316284,2.299999952316284,500.0
2026-04-13 12:56:00,PNG.V,,8.579999923706055,8.630000114440918,8.579999923706055,8.630000114440918,2669.0
2026-04-13 12:57:00,GMA.V,,0.27000001072883606,0.27000001072883606,0.27000001072883606,0.27000001072883606,20000.0
2026-04-13 12:57:00,HMR.V,,0.8100000023841858,0.8100000023841858,0.8100000023841858,0.8100000023841858,1500.0
2026-04-13 12:57:00,IFOS.V,,3.880000114440918,3.880000114440918,3.880000114440918,3.880000114440918,100.0
2026-04-13 12:57:00,JUGR.V,,1.350000023841858,1.350000023841858,1.350000023841858,1.350000023841858,100.0
2026-04-13 12:57:00,LITH.V,,0.6349999904632568,0.6349999904632568,0.6349999904632568,0.6349999904632568,500.0
2026-04-13 12:57:00,LMN.V,,23.219999313354492,23.219999313354492,23.219999313354492,23.219999313354492,100.0
2026-04-13 12:57:00,LUCA.V,,1.4600000381469727,1.4600000381469727,1.4600000381469727,1.4600000381469727,100.0
2026-04-13 12:57:00,MKO.V,,9.6899995803833,9.6899995803833,9.6899995803833,9.6899995803833,100.0
2026-04-13 12:57:00,MRVL.V,,0.1599999964237213,0.1599999964237213,0.1599999964237213,0.1599999964237213,5000.0
2026-04-13 12:58:00,GQC.V,,2.2699999809265137,2.2799999713897705,2.2699999809265137,2.2799999713897705,200.0
2026-04-13 12:58:00,HHH.V,,6.400000095367432,6.400000095367432,6.389999866485596,6.389999866485596,3000.0
2026-04-13 12:58:00,IFOS.V,,3.880000114440918,3.880000114440918,3.880000114440918,3.880000114440918,100.0
2026-04-13 12:58:00,ITR.V,,4.179999828338623,4.179999828338623,4.179999828338623,4.179999828338623,100.0
2026-04-13 12:58:00,LMN.V,,23.200000762939453,23.209999084472656,23.200000762939453,23.209999084472656,200.0
2026-04-13 12:58:00,LTH.V,,0.8899999856948853,0.8899999856948853,0.8899999856948853,0.8899999856948853,2000.0
2026-04-13 12:58:00,LUCA.V,,1.4600000381469727,1.4600000381469727,1.4600000381469727,1.4600000381469727,600.0
2026-04-13 12:58:00,MKO.V,,9.699999809265137,9.699999809265137,9.6899995803833,9.6899995803833,600.0
2026-04-13 12:58:00,MRVL.V,,0.1599999964237213,0.1599999964237213,0.1599999964237213,0.1599999964237213,2000.0
2026-04-13 12:58:00,PNG.V,,8.609999656677246,8.609999656677246,8.59000015258789,8.600000381469727,1203.0
2026-04-13 12:59:00,FPX.V,,0.4099999964237213,0.4099999964237213,0.4099999964237213,0.4099999964237213,2000.0
2026-04-13 12:59:00,FRED.V,,0.6800000071525574,0.6800000071525574,0.6800000071525574,0.6800000071525574,500.0
2026-04-13 12:59:00,FRI.V,,0.05999999865889549,0.05999999865889549,0.05999999865889549,0.05999999865889549,1000.0
2026-04-13 12:59:00,GMA.V,,0.27000001072883606,0.27000001072883606,0.27000001072883606,0.27000001072883606,10000.0
2026-04-13 12:59:00,HME.V,,2.7899999618530273,2.7899999618530273,2.7899999618530273,2.7899999618530273,100.0
2026-04-13 12:59:00,KTN.V,,1.4600000381469727,1.4600000381469727,1.4600000381469727,1.4600000381469727,100.0
2026-04-13 12:59:00,LAB.V,,0.07000000029802322,0.07000000029802322,0.07000000029802322,0.07000000029802322,8000.0
2026-04-13 12:59:00,LMN.V,,23.229999542236328,23.229999542236328,23.229999542236328,23.229999542236328,201.0
2026-04-13 12:59:00,LTH.V,,0.8899999856948853,0.8899999856948853,0.8899999856948853,0.8899999856948853,500.0
2026-04-13 12:59:00,LUCA.V,,1.4600000381469727,1.4600000381469727,1.4600000381469727,1.4600000381469727,100.0
2026-04-13 12:59:00,MKO.V,,9.699999809265137,9.699999809265137,9.699999809265137,9.699999809265137,500.0
2026-04-13 12:59:00,PNG.V,,8.609999656677246,8.609999656677246,8.604999542236328,8.604999542236328,900.0
2026-04-13 13:00:00,FRED.V,,0.6899999976158142,0.6899999976158142,0.6899999976158142,0.6899999976158142,20000.0
2026-04-13 13:00:00,GQC.V,,2.2699999809265137,2.2799999713897705,2.2699999809265137,2.2799999713897705,200.0
2026-04-13 13:00:00,GSVR.V,,0.6399999856948853,0.6399999856948853,0.6399999856948853,0.6399999856948853,1100.0
2026-04-13 13:00:00,HSTR.V,,2.549999952316284,2.549999952316284,2.549999952316284,2.549999952316284,300.0
2026-04-13 13:00:00,IFOS.V,,3.869999885559082,3.880000114440918,3.869999885559082,3.880000114440918,234.0
2026-04-13 13:00:00,ITR.V,,4.179999828338623,4.179999828338623,4.179999828338623,4.179999828338623,500.0
2026-04-13 13:00:00,LG.V,,0.38749998807907104,0.38749998807907104,0.38749998807907104,0.38749998807907104,500.0
2026-04-13 13:00:00,LUCA.V,,1.4600000381469727,1.4600000381469727,1.4600000381469727,1.4600000381469727,600.0
2026-04-13 13:00:00,MRVL.V,,0.16500000655651093,0.16500000655651093,0.16500000655651093,0.16500000655651093,5000.0
2026-04-13 13:00:00,PNG.V,,8.619999885559082,8.619999885559082,8.614999771118164,8.614999771118164,200.0
2026-04-13 13:01:00,FRSH.V,,0.800000011920929,0.800000011920929,0.800000011920929,0.800000011920929,500.0
2026-04-13 13:01:00,GOT.V,,1.715000033378601,1.715000033378601,1.7100000381469727,1.7100000381469727,1300.0
2026-04-13 13:01:00,GSVR.V,,0.6399999856948853,0.6399999856948853,0.6399999856948853,0.6399999856948853,2200.0
2026-04-13 13:01:00,HME.V,,2.7899999618530273,2.7899999618530273,2.7899999618530273,2.7899999618530273,100.0
2026-04-13 13:01:00,ITR.V,,4.179999828338623,4.179999828338623,4.179999828338623,4.179999828338623,100.0
2026-04-13 13:01:00,IVS.V,,0.23000000417232513,0.23000000417232513,0.23000000417232513,0.23000000417232513,5000.0
2026-04-13 13:01:00,KRY.V,,3.380000114440918,3.4000000953674316,3.369999885559082,3.4000000953674316,1700.0
2026-04-13 13:01:00,LUCA.V,,1.4600000381469727,1.4600000381469727,1.4600000381469727,1.4600000381469727,100.0
2026-04-13 13:01:00,PNG.V,,8.619999885559082,8.619999885559082,8.614999771118164,8.614999771118164,400.0
2026-04-13 13:01:00,TUF.V,,0.3100000023841858,0.3100000023841858,0.3100000023841858,0.3100000023841858,6000.0
2026-04-13 13:02:00,FUU.V,,0.17000000178813934,0.17000000178813934,0.17000000178813934,0.17000000178813934,21500.0
2026-04-13 13:02:00,GQC.V,,2.2699999809265137,2.2799999713897705,2.2699999809265137,2.2799999713897705,200.0
2026-04-13 13:02:00,GSVR.V,,0.6399999856948853,0.6399999856948853,0.6399999856948853,0.6399999856948853,1100.0
2026-04-13 13:02:00,HSTR.V,,2.549999952316284,2.549999952316284,2.549999952316284,2.549999952316284,100.0
2026-04-13 13:02:00,ITR.V,,4.170000076293945,4.179999828338623,4.170000076293945,4.179999828338623,500.0
2026-04-13 13:02:00,KDA.V,,0.12999999523162842,0.12999999523162842,0.12999999523162842,0.12999999523162842,9425.0
2026-04-13 13:02:00,LMN.V,,23.329999923706055,23.329999923706055,23.329999923706055,23.329999923706055,100.0
2026-04-13 13:02:00,LUCA.V,,1.4550000429153442,1.4550000429153442,1.4550000429153442,1.4550000429153442,300.0
2026-04-13 13:02:00,MRVL.V,,0.16500000655651093,0.16500000655651093,0.16500000655651093,0.16500000655651093,5000.0
2026-04-13 13:02:00,NICU.V,,2.2899999618530273,2.299999952316284,2.2899999618530273,2.299999952316284,3300.0
2026-04-13 13:02:00,PNG.V,,8.619999885559082,8.619999885559082,8.619999885559082,8.619999885559082,100.0
2026-04-13 13:03:00,BIG.V,,0.699999988079071,0.699999988079071,0.699999988079071,0.699999988079071,81000.0
2026-04-13 13:03:00,FCLI.V,,0.4300000071525574,0.4300000071525574,0.4300000071525574,0.4300000071525574,0.0
2026-04-13 13:03:00,FRI.V,,0.05999999865889549,0.05999999865889549,0.05999999865889549,0.05999999865889549,30000.0
2026-04-13 13:03:00,GSPR.V,,0.11999999731779099,0.11999999731779099,0.11999999731779099,0.11999999731779099,796.0
2026-04-13 13:03:00,GSVR.V,,0.6399999856948853,0.6399999856948853,0.6399999856948853,0.6399999856948853,1000.0
2026-04-13 13:03:00,IFOS.V,,3.869999885559082,3.869999885559082,3.869999885559082,3.869999885559082,100.0
2026-04-13 13:03:00,LIO.V,,0.23499999940395355,0.23499999940395355,0.23499999940395355,0.23499999940395355,1000.0
2026-04-13 13:03:00,LITH.V,,0.6499999761581421,0.6499999761581421,0.6399999856948853,0.6399999856948853,15050.0
2026-04-13 13:03:00,LMN.V,,23.350000381469727,23.350000381469727,23.34000015258789,23.34000015258789,300.0
2026-04-13 13:03:00,LUCA.V,,1.4550000429153442,1.4550000429153442,1.4550000429153442,1.4550000429153442,400.0
2026-04-13 13:03:00,PNG.V,,8.630000114440918,8.630000114440918,8.630000114440918,8.630000114440918,200.0
2026-04-13 13:04:00,FCLI.V,,0.4300000071525574,0.4300000071525574,0.4300000071525574,0.4300000071525574,1000.0
2026-04-13 13:04:00,FUU.V,,0.17000000178813934,0.17000000178813934,0.17000000178813934,0.17000000178813934,500.0
2026-04-13 13:04:00,GQC.V,,2.2799999713897705,2.2799999713897705,2.2799999713897705,2.2799999713897705,100.0
2026-04-13 13:04:00,HITI.V,,3.2200000286102295,3.2300000190734863,3.2200000286102295,3.2300000190734863,200.0
2026-04-13 13:04:00,HME.V,,2.7899999618530273,2.7899999618530273,2.7899999618530273,2.7899999618530273,100.0
2026-04-13 13:04:00,LUCA.V,,1.4550000429153442,1.4550000429153442,1.4550000429153442,1.4550000429153442,100.0
2026-04-13 13:04:00,PNG.V,,8.619999885559082,8.619999885559082,8.619999885559082,8.619999885559082,400.0
2026-04-13 13:05:00,FRED.V,,0.6899999976158142,0.6899999976158142,0.6899999976158142,0.6899999976158142,500.0
2026-04-13 13:05:00,GQC.V,,2.2699999809265137,2.2699999809265137,2.2699999809265137,2.2699999809265137,200.0
2026-04-13 13:05:00,HME.V,,2.7899999618530273,2.7899999618530273,2.7899999618530273,2.7899999618530273,800.0
2026-04-13 13:05:00,LG.V,,0.38499999046325684,0.38499999046325684,0.38499999046325684,0.38499999046325684,10500.0
2026-04-13 13:05:00,LMN.V,,23.360000610351562,23.3700008392334,23.350000381469727,23.3700008392334,300.0
2026-04-13 13:05:00,LUCA.V,,1.4550000429153442,1.4550000429153442,1.4550000429153442,1.4550000429153442,100.0
2026-04-13 13:05:00,MMA.V,,1.2899999618530273,1.2899999618530273,1.2899999618530273,1.2899999618530273,100.0
2026-04-13 13:05:00,PNG.V,,8.619999885559082,8.619999885559082,8.614999771118164,8.619999885559082,500.0
2026-04-13 13:05:00,TUF.V,,0.3100000023841858,0.3100000023841858,0.3100000023841858,0.3100000023841858,6000.0
2026-04-13 13:06:00,GPAC.V,,0.4650000035762787,0.4650000035762787,0.4650000035762787,0.4650000035762787,500.0
2026-04-13 13:06:00,GQC.V,,2.2699999809265137,2.2699999809265137,2.2699999809265137,2.2699999809265137,100.0
2026-04-13 13:06:00,HME.V,,2.7899999618530273,2.7899999618530273,2.7899999618530273,2.7899999618530273,700.0
2026-04-13 13:06:00,KNG.V,,1.2599999904632568,1.2699999809265137,1.2599999904632568,1.2699999809265137,7800.0
2026-04-13 13:06:00,LMN.V,,23.229999542236328,23.350000381469727,23.229999542236328,23.350000381469727,400.0
2026-04-13 13:06:00,LUCA.V,,1.4600000381469727,1.4600000381469727,1.4600000381469727,1.4600000381469727,300.0
2026-04-13 13:06:00,MERG.V,,0.9300000071525574,0.9300000071525574,0.9300000071525574,0.9300000071525574,4000.0
2026-04-13 13:06:00,MKO.V,,9.6899995803833,9.699999809265137,9.6899995803833,9.699999809265137,3600.0
2026-04-13 13:06:00,MLP.V,,2.0999999046325684,2.0999999046325684,2.0950000286102295,2.0999999046325684,1700.0
2026-04-13 13:06:00,MMA.V,,1.2899999618530273,1.2899999618530273,1.2899999618530273,1.2899999618530273,100.0
2026-04-13 13:06:00,NICU.V,,2.2950000762939453,2.2950000762939453,2.2950000762939453,2.2950000762939453,521.0
2026-04-13 13:06:00,PNG.V,,8.609999656677246,8.609999656677246,8.609999656677246,8.609999656677246,1100.0
2026-04-13 13:07:00,GMA.V,,0.27000001072883606,0.27000001072883606,0.27000001072883606,0.27000001072883606,55555.0
2026-04-13 13:07:00,HME.V,,2.7899999618530273,2.7899999618530273,2.7899999618530273,2.7899999618530273,1600.0
2026-04-13 13:07:00,HMR.V,,0.8100000023841858,0.8100000023841858,0.8100000023841858,0.8100000023841858,1000.0
2026-04-13 13:07:00,IFOS.V,,3.880000114440918,3.880000114440918,3.880000114440918,3.880000114440918,100.0
2026-04-13 13:07:00,LMN.V,,23.229999542236328,23.229999542236328,23.229999542236328,23.229999542236328,100.0
2026-04-13 13:07:00,LUCA.V,,1.465000033378601,1.465000033378601,1.4600000381469727,1.4600000381469727,2500.0
2026-04-13 13:07:00,PNG.V,,8.59000015258789,8.600000381469727,8.59000015258789,8.600000381469727,1024.0
2026-04-13 13:08:00,FDR.V,,4.760000228881836,4.760000228881836,4.760000228881836,4.760000228881836,3962.0
2026-04-13 13:08:00,FL.V,,0.6399999856948853,0.6399999856948853,0.6399999856948853,0.6399999856948853,500.0
2026-04-13 13:08:00,ITR.V,,4.170000076293945,4.170000076293945,4.170000076293945,4.170000076293945,100.0
2026-04-13 13:08:00,KTN.V,,1.4600000381469727,1.4600000381469727,1.4600000381469727,1.4600000381469727,100.0
2026-04-13 13:08:00,LMN.V,,23.260000228881836,23.260000228881836,23.209999084472656,23.209999084472656,204.0
2026-04-13 13:08:00,LUCA.V,,1.465000033378601,1.465000033378601,1.465000033378601,1.465000033378601,200.0
2026-04-13 13:08:00,MKO.V,,9.680000305175781,9.680000305175781,9.680000305175781,9.680000305175781,671.0
2026-04-13 13:08:00,MMA.V,,1.2899999618530273,1.2899999618530273,1.2899999618530273,1.2899999618530273,100.0
2026-04-13 13:08:00,NICU.V,,2.2899999618530273,2.2899999618530273,2.2899999618530273,2.2899999618530273,200.0
2026-04-13 13:08:00,NURS.V,,3.0999999046325684,3.0999999046325684,3.0999999046325684,3.0999999046325684,100.0
2026-04-13 13:08:00,PNG.V,,8.59000015258789,8.59000015258789,8.59000015258789,8.59000015258789,100.0
2026-04-13 13:09:00,FA.V,,0.05999999865889549,0.05999999865889549,0.05999999865889549,0.05999999865889549,0.0
2026-04-13 13:09:00,FO.V,,0.3149999976158142,0.3149999976158142,0.3149999976158142,0.3149999976158142,50000.0
2026-04-13 13:09:00,GQC.V,,2.2799999713897705,2.2799999713897705,2.2699999809265137,2.2699999809265137,200.0
2026-04-13 13:09:00,IVS.V,,0.23000000417232513,0.23000000417232513,0.23000000417232513,0.23000000417232513,17000.0
2026-04-13 13:09:00,LUCA.V,,1.4550000429153442,1.4600000381469727,1.4550000429153442,1.4600000381469727,5300.0
2026-04-13 13:09:00,PNG.V,,8.600000381469727,8.600000381469727,8.569999694824219,8.579999923706055,2137.0
2026-04-13 13:10:00,EQTY.V,,0.33000001311302185,0.33000001311302185,0.33000001311302185,0.33000001311302185,9000.0
2026-04-13 13:10:00,GQC.V,,2.259999990463257,2.259999990463257,2.259999990463257,2.259999990463257,100.0
2026-04-13 13:10:00,GRZ.V,,5.699999809265137,5.699999809265137,5.699999809265137,5.699999809265137,100.0
2026-04-13 13:10:00,IFOS.V,,3.880000114440918,3.880000114440918,3.880000114440918,3.880000114440918,100.0
2026-04-13 13:10:00,LMN.V,,23.15999984741211,23.219999313354492,23.15999984741211,23.219999313354492,2440.0
2026-04-13 13:10:00,LUCA.V,,1.4500000476837158,1.4500000476837158,1.4500000476837158,1.4500000476837158,100.0
2026-04-13 13:10:00,MLP.V,,2.069999933242798,2.0799999237060547,2.069999933242798,2.0799999237060547,24700.0
2026-04-13 13:10:00,MRVL.V,,0.16500000655651093,0.16500000655651093,0.16500000655651093,0.16500000655651093,1000.0
2026-04-13 13:10:00,PNG.V,,8.59000015258789,8.600000381469727,8.585000038146973,8.600000381469727,769.0
2026-04-13 13:11:00,FDR.V,,4.760000228881836,4.760000228881836,4.760000228881836,4.760000228881836,400.0
2026-04-13 13:11:00,FO.V,,0.3149999976158142,0.3149999976158142,0.3149999976158142,0.3149999976158142,500.0
2026-04-13 13:11:00,GQC.V,,2.2799999713897705,2.2799999713897705,2.259999990463257,2.259999990463257,200.0
2026-04-13 13:11:00,LMN.V,,23.15999984741211,23.15999984741211,23.15999984741211,23.15999984741211,300.0
2026-04-13 13:11:00,NICU.V,,2.2899999618530273,2.2899999618530273,2.2899999618530273,2.2899999618530273,6300.0
2026-04-13 13:11:00,PNG.V,,8.609999656677246,8.609999656677246,8.595000267028809,8.595000267028809,1801.0
2026-04-13 13:12:00,GOT.V,,1.7100000381469727,1.7100000381469727,1.7100000381469727,1.7100000381469727,300.0
2026-04-13 13:12:00,GQC.V,,2.259999990463257,2.259999990463257,2.259999990463257,2.259999990463257,5800.0
2026-04-13 13:12:00,IFOS.V,,3.869999885559082,3.869999885559082,3.869999885559082,3.869999885559082,200.0
2026-04-13 13:12:00,LG.V,,0.3799999952316284,0.3799999952316284,0.3799999952316284,0.3799999952316284,6500.0
2026-04-13 13:12:00,LUCA.V,,1.4500000476837158,1.4500000476837158,1.4500000476837158,1.4500000476837158,100.0
2026-04-13 13:12:00,LVG.V,,0.3149999976158142,0.3149999976158142,0.3149999976158142,0.3149999976158142,1000.0
2026-04-13 13:12:00,MIM.V,,0.2150000035762787,0.2150000035762787,0.2150000035762787,0.2150000035762787,2500.0
2026-04-13 13:12:00,MLP.V,,2.0899999141693115,2.0899999141693115,2.0899999141693115,2.0899999141693115,1900.0
2026-04-13 13:12:00,NICU.V,,2.2899999618530273,2.2899999618530273,2.2899999618530273,2.2899999618530273,200.0
2026-04-13 13:12:00,PNG.V,,8.600000381469727,8.600000381469727,8.600000381469727,8.600000381469727,620.0
2026-04-13 13:13:00,BIG.V,,0.7099999785423279,0.7099999785423279,0.7099999785423279,0.7099999785423279,19900.0
2026-04-13 13:13:00,FMS.V,,0.3799999952316284,0.3799999952316284,0.3799999952316284,0.3799999952316284,500.0
2026-04-13 13:13:00,GPG.V,,0.42500001192092896,0.42500001192092896,0.42500001192092896,0.42500001192092896,2500.0
2026-04-13 13:13:00,GQC.V,,2.259999990463257,2.259999990463257,2.259999990463257,2.259999990463257,100.0
2026-04-13 13:13:00,HME.V,,2.799999952316284,2.799999952316284,2.799999952316284,2.799999952316284,100.0
2026-04-13 13:13:00,NURS.V,,3.109999895095825,3.119999885559082,3.109999895095825,3.119999885559082,300.0
2026-04-13 13:13:00,PNG.V,,8.600000381469727,8.600000381469727,8.595000267028809,8.595000267028809,400.0
2026-04-13 13:13:00,SCAN.V,,7.050000190734863,7.050000190734863,7.050000190734863,7.050000190734863,404.0
2026-04-13 13:14:00,GQC.V,,2.259999990463257,2.259999990463257,2.259999990463257,2.259999990463257,100.0
2026-04-13 13:14:00,HVG.V,,0.05999999865889549,0.05999999865889549,0.05999999865889549,0.05999999865889549,5000.0
2026-04-13 13:14:00,LUCA.V,,1.4550000429153442,1.4550000429153442,1.4550000429153442,1.4550000429153442,200.0
2026-04-13 13:14:00,NICU.V,,2.2899999618530273,2.2899999618530273,2.2899999618530273,2.2899999618530273,100.0
2026-04-13 13:14:00,PNG.V,,8.600000381469727,8.600000381469727,8.600000381469727,8.600000381469727,531.0
2026-04-13 13:15:00,EPF.V,,0.4399999976158142,0.4399999976158142,0.4399999976158142,0.4399999976158142,3500.0
2026-04-13 13:15:00,GPM.V,,0.09000000357627869,0.09000000357627869,0.09000000357627869,0.09000000357627869,10000.0
2026-04-13 13:15:00,GQC.V,,2.259999990463257,2.259999990463257,2.259999990463257,2.259999990463257,200.0
2026-04-13 13:15:00,IFOS.V,,3.869999885559082,3.869999885559082,3.869999885559082,3.869999885559082,100.0
2026-04-13 13:15:00,KRY.V,,3.4100000858306885,3.4100000858306885,3.4000000953674316,3.4000000953674316,500.0
2026-04-13 13:15:00,KTN.V,,1.465000033378601,1.465000033378601,1.465000033378601,1.465000033378601,1000.0
2026-04-13 13:15:00,LMN.V,,23.014999389648438,23.014999389648438,22.90999984741211,22.920000076293945,1025.0
2026-04-13 13:15:00,LUCA.V,,1.4450000524520874,1.4500000476837158,1.4450000524520874,1.4500000476837158,12400.0
2026-04-13 13:15:00,LVG.V,,0.3149999976158142,0.3149999976158142,0.3149999976158142,0.3149999976158142,500.0
2026-04-13 13:15:00,MMA.V,,1.2899999618530273,1.2899999618530273,1.2899999618530273,1.2899999618530273,100.0
2026-04-13 13:15:00,NICU.V,,2.2899999618530273,2.2899999618530273,2.2899999618530273,2.2899999618530273,100.0
2026-04-13 13:15:00,PNG.V,,8.600000381469727,8.600000381469727,8.600000381469727,8.600000381469727,600.0
2026-04-13 13:16:00,GGO.V,,1.0700000524520874,1.0700000524520874,1.0700000524520874,1.0700000524520874,2500.0
2026-04-13 13:16:00,GOT.V,,1.7100000381469727,1.7100000381469727,1.7100000381469727,1.7100000381469727,1600.0
2026-04-13 13:16:00,GPG.V,,0.42500001192092896,0.42500001192092896,0.42500001192092896,0.42500001192092896,2000.0
2026-04-13 13:16:00,GQC.V,,2.259999990463257,2.259999990463257,2.259999990463257,2.259999990463257,100.0
2026-04-13 13:16:00,IFOS.V,,3.869999885559082,3.869999885559082,3.869999885559082,3.869999885559082,100.0
2026-04-13 13:16:00,IPT.V,,0.25,0.25,0.25,0.25,55300.0
2026-04-13 13:16:00,LMN.V,,23.030000686645508,23.030000686645508,22.90999984741211,22.920000076293945,458.0
2026-04-13 13:16:00,LUCA.V,,1.4450000524520874,1.4450000524520874,1.440000057220459,1.4450000524520874,300.0
2026-04-13 13:16:00,NICU.V,,2.2899999618530273,2.2899999618530273,2.2899999618530273,2.2899999618530273,100.0
2026-04-13 13:16:00,PNG.V,,8.595000267028809,8.595000267028809,8.595000267028809,8.595000267028809,300.0
2026-04-13 13:17:00,EQTY.V,,0.33000001311302185,0.33000001311302185,0.33000001311302185,0.33000001311302185,1000.0
2026-04-13 13:17:00,GOT.V,,1.715000033378601,1.715000033378601,1.715000033378601,1.715000033378601,100.0
2026-04-13 13:17:00,GQC.V,,2.2699999809265137,2.2699999809265137,2.2699999809265137,2.2699999809265137,100.0
2026-04-13 13:17:00,HME.V,,2.7899999618530273,2.7899999618530273,2.7899999618530273,2.7899999618530273,100.0
2026-04-13 13:17:00,LTH.V,,0.8999999761581421,0.8999999761581421,0.8999999761581421,0.8999999761581421,13500.0
2026-04-13 13:17:00,LUCA.V,,1.4550000429153442,1.4550000429153442,1.4450000524520874,1.4450000524520874,9600.0
2026-04-13 13:17:00,MERG.V,,0.9399999976158142,0.9399999976158142,0.9399999976158142,0.9399999976158142,4000.0
2026-04-13 13:17:00,MMA.V,,1.2899999618530273,1.2899999618530273,1.2899999618530273,1.2899999618530273,100.0
2026-04-13 13:17:00,NURS.V,,3.109999895095825,3.109999895095825,3.109999895095825,3.109999895095825,1000.0
2026-04-13 13:17:00,PNG.V,,8.600000381469727,8.609999656677246,8.595000267028809,8.600000381469727,14553.0
2026-04-13 13:18:00,FL.V,,0.6399999856948853,0.6399999856948853,0.6399999856948853,0.6399999856948853,6000.0
2026-04-13 13:18:00,FRED.V,,0.6899999976158142,0.6899999976158142,0.6899999976158142,0.6899999976158142,2500.0
2026-04-13 13:18:00,GOT.V,,1.7200000286102295,1.7200000286102295,1.7200000286102295,1.7200000286102295,12900.0
2026-04-13 13:18:00,GPAC.V,,0.4650000035762787,0.4650000035762787,0.4650000035762787,0.4650000035762787,500.0
2026-04-13 13:18:00,GPM.V,,0.09000000357627869,0.09000000357627869,0.09000000357627869,0.09000000357627869,21000.0
2026-04-13 13:18:00,GQC.V,,2.259999990463257,2.2699999809265137,2.259999990463257,2.2699999809265137,200.0
2026-04-13 13:18:00,HITI.V,,3.2300000190734863,3.2300000190734863,3.2300000190734863,3.2300000190734863,400.0
2026-04-13 13:18:00,HSTR.V,,2.549999952316284,2.549999952316284,2.549999952316284,2.549999952316284,1100.0
2026-04-13 13:18:00,ITR.V,,4.179999828338623,4.179999828338623,4.179999828338623,4.179999828338623,600.0
2026-04-13 13:18:00,LUCA.V,,1.4550000429153442,1.4550000429153442,1.4550000429153442,1.4550000429153442,100.0
2026-04-13 13:18:00,MKO.V,,9.680000305175781,9.680000305175781,9.680000305175781,9.680000305175781,300.0
2026-04-13 13:18:00,NURS.V,,3.119999885559082,3.119999885559082,3.119999885559082,3.119999885559082,200.0
2026-04-13 13:18:00,PNG.V,,8.59000015258789,8.600000381469727,8.59000015258789,8.595000267028809,2391.0
2026-04-13 13:19:00,BIG.V,,0.7099999785423279,0.7099999785423279,0.7099999785423279,0.7099999785423279,1500.0
2026-04-13 13:19:00,GPG.V,,0.42500001192092896,0.4399999976158142,0.42500001192092896,0.42500001192092896,7500.0
2026-04-13 13:19:00,GQC.V,,2.2699999809265137,2.2699999809265137,2.2699999809265137,2.2699999809265137,100.0
2026-04-13 13:19:00,HME.V,,2.799999952316284,2.799999952316284,2.799999952316284,2.799999952316284,100.0
2026-04-13 13:19:00,LTH.V,,0.9150000214576721,0.9150000214576721,0.9100000262260437,0.9100000262260437,32000.0
2026-04-13 13:19:00,LUCA.V,,1.4600000381469727,1.4600000381469727,1.4550000429153442,1.4550000429153442,500.0
2026-04-13 13:19:00,MQM.V,,0.2800000011920929,0.30000001192092896,0.2800000011920929,0.30000001192092896,3500.0
2026-04-13 13:19:00,NICU.V,,2.2899999618530273,2.2899999618530273,2.2899999618530273,2.2899999618530273,100.0
2026-04-13 13:19:00,NURS.V,,3.130000114440918,3.130000114440918,3.119999885559082,3.119999885559082,300.0
2026-04-13 13:19:00,PNG.V,,8.600000381469727,8.609999656677246,8.600000381469727,8.609999656677246,791.0
2026-04-13 13:19:00,YGT.V,,0.20999999344348907,0.20999999344348907,0.20999999344348907,0.20999999344348907,55500.0
2026-04-13 13:20:00,BIG.V,,0.7099999785423279,0.7099999785423279,0.7099999785423279,0.7099999785423279,2000.0
2026-04-13 13:20:00,GOT.V,,1.7200000286102295,1.7200000286102295,1.7200000286102295,1.7200000286102295,10100.0
2026-04-13 13:20:00,GQC.V,,2.259999990463257,2.2699999809265137,2.259999990463257,2.2699999809265137,200.0
2026-04-13 13:20:00,IFOS.V,,3.880000114440918,3.880000114440918,3.880000114440918,3.880000114440918,100.0
2026-04-13 13:20:00,LMN.V,,22.889999389648438,22.899999618530273,22.790000915527344,22.790000915527344,450.0
2026-04-13 13:20:00,LTH.V,,0.9200000166893005,0.9200000166893005,0.9200000166893005,0.9200000166893005,2500.0
2026-04-13 13:20:00,LUCA.V,,1.4600000381469727,1.4600000381469727,1.4600000381469727,1.4600000381469727,300.0
2026-04-13 13:20:00,MERG.V,,0.9399999976158142,0.9399999976158142,0.9399999976158142,0.9399999976158142,1000.0
2026-04-13 13:20:00,MLP.V,,2.0899999141693115,2.0899999141693115,2.0899999141693115,2.0899999141693115,600.0
2026-04-13 13:20:00,NICU.V,,2.2899999618530273,2.2899999618530273,2.2899999618530273,2.2899999618530273,100.0
2026-04-13 13:20:00,PNG.V,,8.600000381469727,8.600000381469727,8.600000381469727,8.600000381469727,300.0
2026-04-13 13:20:00,ZNG.V,,1.149999976158142,1.149999976158142,1.1399999856948853,1.1399999856948853,26500.0
2026-04-13 13:21:00,BIG.V,,0.7200000286102295,0.7200000286102295,0.7149999737739563,0.7149999737739563,10500.0
2026-04-13 13:21:00,GOT.V,,1.7200000286102295,1.7200000286102295,1.7200000286102295,1.7200000286102295,2500.0
2026-04-13 13:21:00,GQC.V,,2.2699999809265137,2.2699999809265137,2.2699999809265137,2.2699999809265137,100.0
2026-04-13 13:21:00,HHH.V,,6.5,6.5,6.480000019073486,6.480000019073486,3300.0
2026-04-13 13:21:00,HME.V,,2.799999952316284,2.799999952316284,2.799999952316284,2.799999952316284,100.0
2026-04-13 13:21:00,IFOS.V,,3.880000114440918,3.880000114440918,3.880000114440918,3.880000114440918,100.0
2026-04-13 13:21:00,KTN.V,,1.4700000286102295,1.4700000286102295,1.4700000286102295,1.4700000286102295,115.0
2026-04-13 13:21:00,LAB.V,,0.07000000029802322,0.07000000029802322,0.07000000029802322,0.07000000029802322,41000.0
2026-04-13 13:21:00,LTH.V,,0.9200000166893005,0.9200000166893005,0.9150000214576721,0.9200000166893005,2000.0
2026-04-13 13:21:00,LUCA.V,,1.4600000381469727,1.4600000381469727,1.4600000381469727,1.4600000381469727,400.0
2026-04-13 13:21:00,MKO.V,,9.6899995803833,9.699999809265137,9.6899995803833,9.699999809265137,1100.0
2026-04-13 13:21:00,NICU.V,,2.299999952316284,2.299999952316284,2.2899999618530273,2.2899999618530273,1600.0
2026-04-13 13:21:00,PNG.V,,8.630000114440918,8.630000114440918,8.600000381469727,8.600000381469727,8700.0
2026-04-13 13:22:00,FUU.V,,0.17000000178813934,0.17000000178813934,0.17000000178813934,0.17000000178813934,500.0
2026-04-13 13:22:00,GGM.V,,0.054999999701976776,0.054999999701976776,0.054999999701976776,0.054999999701976776,0.0
2026-04-13 13:22:00,GQC.V,,2.259999990463257,2.259999990463257,2.259999990463257,2.259999990463257,300.0
2026-04-13 13:22:00,GTC.V,,0.19499999284744263,0.19499999284744263,0.19499999284744263,0.19499999284744263,5000.0
2026-04-13 13:22:00,HSTR.V,,2.559999942779541,2.559999942779541,2.559999942779541,2.559999942779541,600.0
2026-04-13 13:22:00,LMN.V,,22.8700008392334,22.8799991607666,22.790000915527344,22.790000915527344,400.0
2026-04-13 13:22:00,LTH.V,,0.9200000166893005,0.9200000166893005,0.9200000166893005,0.9200000166893005,1500.0
2026-04-13 13:22:00,LUCA.V,,1.4600000381469727,1.4600000381469727,1.4600000381469727,1.4600000381469727,500.0
2026-04-13 13:22:00,MERG.V,,0.949999988079071,0.949999988079071,0.949999988079071,0.949999988079071,5000.0
2026-04-13 13:22:00,PNG.V,,8.640000343322754,8.640000343322754,8.630000114440918,8.630000114440918,210.0
2026-04-13 13:23:00,EQTY.V,,0.33000001311302185,0.33000001311302185,0.33000001311302185,0.33000001311302185,20000.0
2026-04-13 13:23:00,GMA.V,,0.27000001072883606,0.27000001072883606,0.27000001072883606,0.27000001072883606,2000.0
2026-04-13 13:23:00,GOT.V,,1.7200000286102295,1.7200000286102295,1.7200000286102295,1.7200000286102295,100.0
2026-04-13 13:23:00,GQC.V,,2.2699999809265137,2.2699999809265137,2.2699999809265137,2.2699999809265137,100.0
2026-04-13 13:23:00,INTR.V,,0.6899999976158142,0.6899999976158142,0.6899999976158142,0.6899999976158142,1000.0
2026-04-13 13:23:00,LTH.V,,0.9300000071525574,0.9300000071525574,0.9200000166893005,0.9200000166893005,69770.0
2026-04-13 13:23:00,LUCA.V,,1.4600000381469727,1.4600000381469727,1.4600000381469727,1.4600000381469727,300.0
2026-04-13 13:23:00,PNG.V,,8.65999984741211,8.65999984741211,8.630000114440918,8.640000343322754,6217.0
2026-04-13 13:24:00,FCLI.V,,0.4300000071525574,0.4300000071525574,0.4300000071525574,0.4300000071525574,1000.0
2026-04-13 13:24:00,GMA.V,,0.2750000059604645,0.2750000059604645,0.2750000059604645,0.2750000059604645,1000.0
2026-04-13 13:24:00,GQC.V,,2.259999990463257,2.259999990463257,2.259999990463257,2.259999990463257,100.0
2026-04-13 13:24:00,HME.V,,2.7899999618530273,2.7950000762939453,2.7850000858306885,2.7950000762939453,3100.0
2026-04-13 13:24:00,IMI.V,,0.10999999940395355,0.10999999940395355,0.10999999940395355,0.10999999940395355,500.0
2026-04-13 13:24:00,LUCA.V,,1.4600000381469727,1.4600000381469727,1.4600000381469727,1.4600000381469727,300.0
2026-04-13 13:24:00,ZNG.V,,1.1399999856948853,1.1399999856948853,1.1399999856948853,1.1399999856948853,200.0
2026-04-13 13:25:00,FRED.V,,0.6949999928474426,0.6949999928474426,0.6949999928474426,0.6949999928474426,500.0
2026-04-13 13:25:00,GGO.V,,1.0800000429153442,1.0800000429153442,1.0800000429153442,1.0800000429153442,12800.0
2026-04-13 13:25:00,GOT.V,,1.7200000286102295,1.725000023841858,1.7200000286102295,1.725000023841858,200.0
2026-04-13 13:25:00,GQC.V,,2.259999990463257,2.265000104904175,2.259999990463257,2.265000104904175,200.0
2026-04-13 13:25:00,GRSL.V,,0.3400000035762787,0.3400000035762787,0.3400000035762787,0.3400000035762787,500.0
2026-04-13 13:25:00,GSVR.V,,0.6399999856948853,0.6399999856948853,0.6399999856948853,0.6399999856948853,500.0
2026-04-13 13:25:00,HSTR.V,,2.559999942779541,2.559999942779541,2.559999942779541,2.559999942779541,100.0
2026-04-13 13:25:00,LG.V,,0.38499999046325684,0.38499999046325684,0.38499999046325684,0.38499999046325684,1000.0
2026-04-13 13:25:00,LTH.V,,0.9399999976158142,0.9399999976158142,0.9399999976158142,0.9399999976158142,500.0
2026-04-13 13:25:00,LUCA.V,,1.4600000381469727,1.4600000381469727,1.4600000381469727,1.4600000381469727,300.0
2026-04-13 13:25:00,LVG.V,,0.3149999976158142,0.3149999976158142,0.3125,0.3149999976158142,10000.0
2026-04-13 13:25:00,MLP.V,,2.0899999141693115,2.0899999141693115,2.0899999141693115,2.0899999141693115,200.0
2026-04-13 13:25:00,NICU.V,,2.299999952316284,2.299999952316284,2.299999952316284,2.299999952316284,100.0
2026-04-13 13:25:00,PNG.V,,8.65999984741211,8.680000305175781,8.649999618530273,8.65999984741211,10459.0
2026-04-13 13:25:00,ZNG.V,,1.1399999856948853,1.1399999856948853,1.1399999856948853,1.1399999856948853,300.0
2026-04-13 13:26:00,FCLI.V,,0.4300000071525574,0.4300000071525574,0.4300000071525574,0.4300000071525574,4000.0
2026-04-13 13:26:00,GMA.V,,0.2800000011920929,0.2800000011920929,0.2750000059604645,0.2750000059604645,26000.0
2026-04-13 13:26:00,GQC.V,,2.2699999809265137,2.2699999809265137,2.2699999809265137,2.2699999809265137,100.0
2026-04-13 13:26:00,GTC.V,,0.19499999284744263,0.19499999284744263,0.19499999284744263,0.19499999284744263,7000.0
2026-04-13 13:26:00,IFOS.V,,3.880000114440918,3.880000114440918,3.880000114440918,3.880000114440918,100.0
2026-04-13 13:26:00,LG.V,,0.38499999046325684,0.38499999046325684,0.38499999046325684,0.38499999046325684,4000.0
2026-04-13 13:26:00,LMN.V,,23.25,23.25,23.0,23.030000686645508,1640.0
2026-04-13 13:26:00,LTH.V,,0.9200000166893005,0.9399999976158142,0.9200000166893005,0.9399999976158142,28500.0
2026-04-13 13:26:00,LUCA.V,,1.4600000381469727,1.4600000381469727,1.4550000429153442,1.4600000381469727,800.0
2026-04-13 13:26:00,PNG.V,,8.670000076293945,8.6899995803833,8.640000343322754,8.65999984741211,11000.0
2026-04-13 13:26:00,ZNG.V,,1.149999976158142,1.149999976158142,1.1399999856948853,1.1399999856948853,300.0
2026-04-13 13:27:00,EQTY.V,,0.33000001311302185,0.33000001311302185,0.33000001311302185,0.33000001311302185,20000.0
2026-04-13 13:27:00,FO.V,,0.3149999976158142,0.3149999976158142,0.3149999976158142,0.3149999976158142,500.0
2026-04-13 13:27:00,FRI.V,,0.05999999865889549,0.05999999865889549,0.05999999865889549,0.05999999865889549,200000.0
2026-04-13 13:27:00,GMA.V,,0.2800000011920929,0.2800000011920929,0.2800000011920929,0.2800000011920929,2500.0
2026-04-13 13:27:00,GPH.V,,1.25,1.25,1.25,1.25,1200.0
2026-04-13 13:27:00,GQC.V,,2.259999990463257,2.259999990463257,2.259999990463257,2.259999990463257,100.0
2026-04-13 13:27:00,GSVR.V,,0.6499999761581421,0.6499999761581421,0.6499999761581421,0.6499999761581421,1440.0
2026-04-13 13:27:00,HSTR.V,,2.559999942779541,2.559999942779541,2.559999942779541,2.559999942779541,100.0
2026-04-13 13:27:00,INTR.V,,0.6899999976158142,0.6899999976158142,0.6899999976158142,0.6899999976158142,4000.0
2026-04-13 13:27:00,LTH.V,,0.9399999976158142,0.9399999976158142,0.9200000166893005,0.9200000166893005,12500.0
2026-04-13 13:27:00,MTA.V,,9.470000267028809,9.470000267028809,9.470000267028809,9.470000267028809,100.0
2026-04-13 13:27:00,NICU.V,,2.299999952316284,2.299999952316284,2.299999952316284,2.299999952316284,100.0
2026-04-13 13:27:00,NURS.V,,3.0999999046325684,3.130000114440918,3.0999999046325684,3.130000114440918,5200.0
2026-04-13 13:27:00,PNG.V,,8.670000076293945,8.670000076293945,8.670000076293945,8.670000076293945,500.0
2026-04-13 13:27:00,ZNG.V,,1.1399999856948853,1.149999976158142,1.1399999856948853,1.149999976158142,2100.0
2026-04-13 13:28:00,FO.V,,0.3149999976158142,0.3149999976158142,0.3149999976158142,0.3149999976158142,500.0
2026-04-13 13:28:00,FWZ.V,,4.599999904632568,4.599999904632568,4.599999904632568,4.599999904632568,1900.0
2026-04-13 13:28:00,GRSL.V,,0.3400000035762787,0.3400000035762787,0.3400000035762787,0.3400000035762787,11500.0
2026-04-13 13:28:00,GTC.V,,0.19499999284744263,0.19499999284744263,0.19499999284744263,0.19499999284744263,20000.0
2026-04-13 13:28:00,HME.V,,2.7899999618530273,2.7899999618530273,2.7899999618530273,2.7899999618530273,300.0
2026-04-13 13:28:00,NICU.V,,2.299999952316284,2.299999952316284,2.299999952316284,2.299999952316284,1500.0
2026-04-13 13:28:00,PNG.V,,8.670000076293945,8.670000076293945,8.65999984741211,8.65999984741211,1500.0
2026-04-13 13:29:00,FWZ.V,,4.599999904632568,4.599999904632568,4.599999904632568,4.599999904632568,5300.0
2026-04-13 13:29:00,GOT.V,,1.7300000190734863,1.7300000190734863,1.725000023841858,1.725000023841858,6600.0
2026-04-13 13:29:00,GPAC.V,,0.4650000035762787,0.4650000035762787,0.4650000035762787,0.4650000035762787,500.0
2026-04-13 13:29:00,GQC.V,,2.259999990463257,2.259999990463257,2.259999990463257,2.259999990463257,100.0
2026-04-13 13:29:00,GRSL.V,,0.3400000035762787,0.3400000035762787,0.3400000035762787,0.3400000035762787,2000.0
2026-04-13 13:29:00,HME.V,,2.7899999618530273,2.7899999618530273,2.7899999618530273,2.7899999618530273,500.0
2026-04-13 13:29:00,ITR.V,,4.179999828338623,4.179999828338623,4.179999828338623,4.179999828338623,500.0
2026-04-13 13:29:00,LTH.V,,0.9399999976158142,0.9399999976158142,0.9300000071525574,0.9300000071525574,2500.0
2026-04-13 13:29:00,MEX.V,,0.1599999964237213,0.1599999964237213,0.1599999964237213,0.1599999964237213,2580.0
2026-04-13 13:29:00,NICU.V,,2.299999952316284,2.299999952316284,2.299999952316284,2.299999952316284,800.0
2026-04-13 13:29:00,PNG.V,,8.670000076293945,8.680000305175781,8.65999984741211,8.680000305175781,1530.0
2026-04-13 13:29:00,ZNG.V,,1.1399999856948853,1.149999976158142,1.1399999856948853,1.149999976158142,200.0
2026-04-13 13:30:00,FWZ.V,,4.599999904632568,4.599999904632568,4.599999904632568,4.599999904632568,200.0
2026-04-13 13:30:00,LIO.V,,0.23499999940395355,0.23499999940395355,0.23499999940395355,0.23499999940395355,51500.0
2026-04-13 13:30:00,LTH.V,,0.9399999976158142,0.9399999976158142,0.9399999976158142,0.9399999976158142,2000.0
2026-04-13 13:30:00,LUCA.V,,1.4600000381469727,1.4600000381469727,1.4600000381469727,1.4600000381469727,300.0
2026-04-13 13:30:00,PNG.V,,8.699999809265137,8.699999809265137,8.649999618530273,8.670000076293945,8556.0
2026-04-13 13:31:00,FO.V,,0.3149999976158142,0.3149999976158142,0.3149999976158142,0.3149999976158142,500.0
2026-04-13 13:31:00,FWZ.V,,4.599999904632568,4.599999904632568,4.599999904632568,4.599999904632568,1800.0
2026-04-13 13:31:00,GQC.V,,2.259999990463257,2.259999990463257,2.259999990463257,2.259999990463257,100.0
2026-04-13 13:31:00,IFOS.V,,3.869999885559082,3.869999885559082,3.869999885559082,3.869999885559082,100.0
2026-04-13 13:31:00,LIO.V,,0.23499999940395355,0.23499999940395355,0.23499999940395355,0.23499999940395355,101800.0
2026-04-13 13:31:00,LTH.V,,0.9399999976158142,0.9399999976158142,0.9399999976158142,0.9399999976158142,2500.0
2026-04-13 13:31:00,LUCA.V,,1.4600000381469727,1.4600000381469727,1.4550000429153442,1.4600000381469727,600.0
2026-04-13 13:31:00,LVG.V,,0.3149999976158142,0.3149999976158142,0.3125,0.3149999976158142,8000.0
2026-04-13 13:31:00,MSC.V,,0.019999999552965164,0.019999999552965164,0.019999999552965164,0.019999999552965164,5000.0
2026-04-13 13:31:00,NICU.V,,2.309999942779541,2.309999942779541,2.309999942779541,2.309999942779541,100.0
2026-04-13 13:31:00,PNG.V,,8.6899995803833,8.710000038146973,8.680000305175781,8.6850004196167,7533.0
2026-04-13 13:31:00,ZNG.V,,1.149999976158142,1.149999976158142,1.149999976158142,1.149999976158142,100.0
2026-04-13 13:32:00,FWZ.V,,4.599999904632568,4.599999904632568,4.599999904632568,4.599999904632568,1700.0
2026-04-13 13:32:00,GSPR.V,,0.125,0.125,0.125,0.125,15000.0
2026-04-13 13:32:00,GSVR.V,,0.6499999761581421,0.6499999761581421,0.6499999761581421,0.6499999761581421,3000.0
2026-04-13 13:32:00,GTC.V,,0.20000000298023224,0.20000000298023224,0.19499999284744263,0.19499999284744263,10000.0
2026-04-13 13:32:00,HITI.V,,3.2200000286102295,3.2200000286102295,3.2200000286102295,3.2200000286102295,1500.0
2026-04-13 13:32:00,IFOS.V,,3.869999885559082,3.869999885559082,3.869999885559082,3.869999885559082,100.0
2026-04-13 13:32:00,ITR.V,,4.190000057220459,4.190000057220459,4.190000057220459,4.190000057220459,1000.0
2026-04-13 13:32:00,LTH.V,,0.9200000166893005,0.9399999976158142,0.9200000166893005,0.9399999976158142,22187.0
2026-04-13 13:32:00,LUCA.V,,1.4550000429153442,1.4600000381469727,1.4550000429153442,1.4550000429153442,700.0
2026-04-13 13:32:00,MLP.V,,2.0999999046325684,2.0999999046325684,2.0999999046325684,2.0999999046325684,1500.0
2026-04-13 13:32:00,PNG.V,,8.729999542236328,8.729999542236328,8.720000267028809,8.720000267028809,2844.0
2026-04-13 13:33:00,FDR.V,,4.789999961853027,4.789999961853027,4.789999961853027,4.789999961853027,100.0
2026-04-13 13:33:00,FUU.V,,0.17000000178813934,0.17000000178813934,0.17000000178813934,0.17000000178813934,1000.0
2026-04-13 13:33:00,FWZ.V,,4.599999904632568,4.599999904632568,4.599999904632568,4.599999904632568,100.0
2026-04-13 13:33:00,GQC.V,,2.259999990463257,2.259999990463257,2.259999990463257,2.259999990463257,300.0
2026-04-13 13:33:00,HME.V,,2.7899999618530273,2.7899999618530273,2.7899999618530273,2.7899999618530273,1000.0
2026-04-13 13:33:00,LITH.V,,0.6499999761581421,0.6499999761581421,0.6499999761581421,0.6499999761581421,11140.0
2026-04-13 13:33:00,LUCA.V,,1.4550000429153442,1.4600000381469727,1.4550000429153442,1.4550000429153442,800.0
2026-04-13 13:33:00,NICU.V,,2.309999942779541,2.309999942779541,2.309999942779541,2.309999942779541,100.0
2026-04-13 13:33:00,ZNG.V,,1.1399999856948853,1.149999976158142,1.1399999856948853,1.149999976158142,5600.0
2026-04-13 13:34:00,FWZ.V,,4.590000152587891,4.599999904632568,4.590000152587891,4.599999904632568,3400.0
2026-04-13 13:34:00,GMA.V,,0.2800000011920929,0.2800000011920929,0.2800000011920929,0.2800000011920929,19500.0
2026-04-13 13:34:00,GPAC.V,,0.4675000011920929,0.4675000011920929,0.4675000011920929,0.4675000011920929,500.0
2026-04-13 13:34:00,GQC.V,,2.259999990463257,2.259999990463257,2.259999990463257,2.259999990463257,100.0
2026-04-13 13:34:00,KTN.V,,1.4700000286102295,1.4700000286102295,1.4700000286102295,1.4700000286102295,100.0
2026-04-13 13:34:00,LMN.V,,23.1299991607666,23.1299991607666,23.1200008392334,23.1200008392334,300.0
2026-04-13 13:34:00,LMS.V,,0.2150000035762787,0.2150000035762787,0.2150000035762787,0.2150000035762787,4000.0
2026-04-13 13:34:00,LUCA.V,,1.4600000381469727,1.4600000381469727,1.4500000476837158,1.4600000381469727,500.0
2026-04-13 13:34:00,LVG.V,,0.3149999976158142,0.3149999976158142,0.3149999976158142,0.3149999976158142,3000.0
2026-04-13 13:34:00,MJS.V,,0.14499999582767487,0.14499999582767487,0.14499999582767487,0.14499999582767487,1000.0
2026-04-13 13:34:00,NICU.V,,2.299999952316284,2.299999952316284,2.299999952316284,2.299999952316284,200.0
2026-04-13 13:34:00,NURS.V,,3.0899999141693115,3.0899999141693115,3.0899999141693115,3.0899999141693115,500.0
2026-04-13 13:34:00,PNG.V,,8.75,8.75,8.729999542236328,8.729999542236328,2917.0
2026-04-13 13:35:00,BIG.V,,0.7200000286102295,0.7200000286102295,0.7200000286102295,0.7200000286102295,4500.0
2026-04-13 13:35:00,FMAN.V,,0.3149999976158142,0.3149999976158142,0.3149999976158142,0.3149999976158142,9000.0
2026-04-13 13:35:00,IFOS.V,,3.869999885559082,3.869999885559082,3.869999885559082,3.869999885559082,100.0
2026-04-13 13:35:00,LTH.V,,0.9200000166893005,0.9200000166893005,0.9200000166893005,0.9200000166893005,500.0
2026-04-13 13:35:00,LUCA.V,,1.4600000381469727,1.4600000381469727,1.4600000381469727,1.4600000381469727,1100.0
2026-04-13 13:35:00,MTA.V,,9.449999809265137,9.449999809265137,9.449999809265137,9.449999809265137,100.0
2026-04-13 13:35:00,NICU.V,,2.299999952316284,2.299999952316284,2.299999952316284,2.299999952316284,400.0
2026-04-13 13:35:00,PNG.V,,8.729999542236328,8.75,8.729999542236328,8.75,7800.0
2026-04-13 13:35:00,ZNG.V,,1.1399999856948853,1.149999976158142,1.1399999856948853,1.149999976158142,12100.0
2026-04-13 13:36:00,FMS.V,,0.38999998569488525,0.38999998569488525,0.38999998569488525,0.38999998569488525,14520.0
2026-04-13 13:36:00,FWZ.V,,4.590000152587891,4.590000152587891,4.590000152587891,4.590000152587891,100.0
2026-04-13 13:36:00,GOT.V,,1.7200000286102295,1.7200000286102295,1.7200000286102295,1.7200000286102295,100.0
2026-04-13 13:36:00,GQC.V,,2.259999990463257,2.259999990463257,2.259999990463257,2.259999990463257,100.0
2026-04-13 13:36:00,HCH.V,,1.4500000476837158,1.4500000476837158,1.4500000476837158,1.4500000476837158,100.0
2026-04-13 13:36:00,HSTR.V,,2.549999952316284,2.549999952316284,2.549999952316284,2.549999952316284,300.0
2026-04-13 13:36:00,LTH.V,,0.9200000166893005,0.9200000166893005,0.9200000166893005,0.9200000166893005,1000.0
2026-04-13 13:36:00,LUCA.V,,1.4600000381469727,1.4600000381469727,1.4550000429153442,1.4600000381469727,300.0
2026-04-13 13:36:00,NURS.V,,3.0999999046325684,3.0999999046325684,3.0999999046325684,3.0999999046325684,200.0
2026-04-13 13:36:00,PNG.V,,8.739999771118164,8.739999771118164,8.729999542236328,8.729999542236328,3750.0
2026-04-13 13:36:00,ZNG.V,,1.149999976158142,1.149999976158142,1.149999976158142,1.149999976158142,100.0
2026-04-13 13:37:00,FO.V,,0.3149999976158142,0.3149999976158142,0.3149999976158142,0.3149999976158142,500.0
2026-04-13 13:37:00,FWZ.V,,4.590000152587891,4.590000152587891,4.590000152587891,4.590000152587891,100.0
2026-04-13 13:37:00,GLAD.V,,1.2899999618530273,1.2999999523162842,1.2899999618530273,1.2949999570846558,2700.0
2026-04-13 13:37:00,GQC.V,,2.265000104904175,2.265000104904175,2.265000104904175,2.265000104904175,100.0
2026-04-13 13:37:00,HCH.V,,1.4500000476837158,1.4500000476837158,1.4500000476837158,1.4500000476837158,3300.0
2026-04-13 13:37:00,HME.V,,2.7899999618530273,2.7899999618530273,2.7899999618530273,2.7899999618530273,400.0
2026-04-13 13:37:00,HSTR.V,,2.549999952316284,2.549999952316284,2.549999952316284,2.549999952316284,4000.0
2026-04-13 13:37:00,LTH.V,,0.9200000166893005,0.9200000166893005,0.9200000166893005,0.9200000166893005,1000.0
2026-04-13 13:37:00,LUCA.V,,1.4550000429153442,1.4600000381469727,1.4550000429153442,1.4550000429153442,800.0
2026-04-13 13:37:00,MLP.V,,2.0799999237060547,2.0799999237060547,2.075000047683716,2.0799999237060547,11500.0
2026-04-13 13:37:00,PNG.V,,8.739999771118164,8.739999771118164,8.729999542236328,8.729999542236328,600.0
2026-04-13 13:38:00,GOT.V,,1.7300000190734863,1.7300000190734863,1.7300000190734863,1.7300000190734863,976.0
2026-04-13 13:38:00,GQC.V,,2.259999990463257,2.259999990463257,2.259999990463257,2.259999990463257,100.0
2026-04-13 13:38:00,HITI.V,,3.2100000381469727,3.2100000381469727,3.2100000381469727,3.2100000381469727,100.0
2026-04-13 13:38:00,IFOS.V,,3.869999885559082,3.869999885559082,3.869999885559082,3.869999885559082,900.0
2026-04-13 13:38:00,LTH.V,,0.9200000166893005,0.9200000166893005,0.9200000166893005,0.9200000166893005,1000.0
2026-04-13 13:38:00,LUCA.V,,1.4550000429153442,1.4600000381469727,1.4550000429153442,1.4550000429153442,800.0
2026-04-13 13:38:00,NICU.V,,2.3399999141693115,2.3499999046325684,2.309999942779541,2.309999942779541,18100.0
2026-04-13 13:38:00,PNG.V,,8.729999542236328,8.75,8.729999542236328,8.729999542236328,3900.0
2026-04-13 13:38:00,ZNG.V,,1.149999976158142,1.149999976158142,1.149999976158142,1.149999976158142,200.0
2026-04-13 13:39:00,HITI.V,,3.2100000381469727,3.2100000381469727,3.2100000381469727,3.2100000381469727,100.0
2026-04-13 13:39:00,HME.V,,2.7899999618530273,2.7899999618530273,2.7899999618530273,2.7899999618530273,1800.0
2026-04-13 13:39:00,IPT.V,,0.2549999952316284,0.2549999952316284,0.2549999952316284,0.2549999952316284,1500.0
2026-04-13 13:39:00,KDK.V,,0.9100000262260437,0.9200000166893005,0.9100000262260437,0.9100000262260437,24510.0
2026-04-13 13:39:00,LMN.V,,22.899999618530273,23.040000915527344,22.899999618530273,23.0,600.0
2026-04-13 13:39:00,LTH.V,,0.8999999761581421,0.9200000166893005,0.8999999761581421,0.9200000166893005,21000.0
2026-04-13 13:39:00,LUCA.V,,1.4600000381469727,1.4600000381469727,1.4500000476837158,1.4600000381469727,600.0
2026-04-13 13:39:00,MJS.V,,0.14499999582767487,0.14499999582767487,0.14499999582767487,0.14499999582767487,914.0
2026-04-13 13:39:00,NICU.V,,2.3399999141693115,2.3399999141693115,2.3399999141693115,2.3399999141693115,900.0
2026-04-13 13:39:00,PNG.V,,8.739999771118164,8.739999771118164,8.729999542236328,8.729999542236328,1700.0
2026-04-13 13:39:00,ZNG.V,,1.1399999856948853,1.149999976158142,1.1399999856948853,1.149999976158142,1100.0
2026-04-13 13:40:00,FWZ.V,,4.590000152587891,4.590000152587891,4.590000152587891,4.590000152587891,100.0
2026-04-13 13:40:00,GLAD.V,,1.2999999523162842,1.2999999523162842,1.2899999618530273,1.2899999618530273,3700.0
2026-04-13 13:40:00,GOT.V,,1.7300000190734863,1.7300000190734863,1.7300000190734863,1.7300000190734863,898.0
2026-04-13 13:40:00,GPAC.V,,0.4650000035762787,0.4650000035762787,0.4650000035762787,0.4650000035762787,500.0
2026-04-13 13:40:00,GQC.V,,2.259999990463257,2.259999990463257,2.259999990463257,2.259999990463257,100.0
2026-04-13 13:40:00,HITI.V,,3.2100000381469727,3.2100000381469727,3.2100000381469727,3.2100000381469727,100.0
2026-04-13 13:40:00,LMN.V,,23.06999969482422,23.06999969482422,23.059999465942383,23.059999465942383,300.0
2026-04-13 13:40:00,LUCA.V,,1.4500000476837158,1.4600000381469727,1.4500000476837158,1.4550000429153442,400.0
2026-04-13 13:40:00,MKO.V,,9.680000305175781,9.680000305175781,9.680000305175781,9.680000305175781,1700.0
2026-04-13 13:40:00,MLP.V,,2.069999933242798,2.069999933242798,2.069999933242798,2.069999933242798,1400.0
2026-04-13 13:40:00,NICU.V,,2.3399999141693115,2.3399999141693115,2.3399999141693115,2.3399999141693115,300.0
2026-04-13 13:40:00,PNG.V,,8.739999771118164,8.739999771118164,8.739999771118164,8.739999771118164,500.0
2026-04-13 13:40:00,ZNG.V,,1.149999976158142,1.149999976158142,1.149999976158142,1.149999976158142,100.0
2026-04-13 13:41:00,FWZ.V,,4.590000152587891,4.590000152587891,4.590000152587891,4.590000152587891,100.0
2026-04-13 13:41:00,GPM.V,,0.0949999988079071,0.0949999988079071,0.0949999988079071,0.0949999988079071,15000.0
2026-04-13 13:41:00,GQC.V,,2.25,2.25,2.25,2.25,300.0
2026-04-13 13:41:00,GRSL.V,,0.33500000834465027,0.33500000834465027,0.33500000834465027,0.33500000834465027,79000.0
2026-04-13 13:41:00,HSTR.V,,2.549999952316284,2.549999952316284,2.549999952316284,2.549999952316284,500.0
2026-04-13 13:41:00,IFOS.V,,3.869999885559082,3.869999885559082,3.869999885559082,3.869999885559082,100.0
2026-04-13 13:41:00,LMN.V,,23.1299991607666,23.1299991607666,22.93000030517578,22.93000030517578,600.0
2026-04-13 13:41:00,LUCA.V,,1.4600000381469727,1.4600000381469727,1.4550000429153442,1.4550000429153442,400.0
2026-04-13 13:41:00,PNG.V,,8.720000267028809,8.720000267028809,8.720000267028809,8.720000267028809,1100.0
2026-04-13 13:42:00,GEN.V,,0.05999999865889549,0.05999999865889549,0.05999999865889549,0.05999999865889549,51000.0
2026-04-13 13:42:00,HME.V,,2.7899999618530273,2.7899999618530273,2.7899999618530273,2.7899999618530273,1500.0
2026-04-13 13:42:00,LME.V,,0.2199999988079071,0.2199999988079071,0.2199999988079071,0.2199999988079071,6000.0
2026-04-13 13:42:00,LMN.V,,23.110000610351562,23.110000610351562,23.110000610351562,23.110000610351562,100.0
2026-04-13 13:42:00,LUCA.V,,1.4500000476837158,1.4600000381469727,1.4500000476837158,1.4500000476837158,300.0
2026-04-13 13:42:00,PNG.V,,8.729999542236328,8.729999542236328,8.729999542236328,8.729999542236328,1886.0
2026-04-13 13:42:00,ZNG.V,,1.149999976158142,1.149999976158142,1.149999976158142,1.149999976158142,100.0
2026-04-13 13:43:00,FDR.V,,4.800000190734863,4.800000190734863,4.800000190734863,4.800000190734863,100.0
2026-04-13 13:43:00,FUU.V,,0.17000000178813934,0.17000000178813934,0.17000000178813934,0.17000000178813934,500.0
2026-04-13 13:43:00,FWZ.V,,4.590000152587891,4.590000152587891,4.590000152587891,4.590000152587891,6600.0
2026-04-13 13:43:00,GQC.V,,2.25,2.25,2.25,2.25,100.0
2026-04-13 13:43:00,LG.V,,0.38499999046325684,0.38499999046325684,0.38499999046325684,0.38499999046325684,5500.0
2026-04-13 13:43:00,LMN.V,,23.110000610351562,23.110000610351562,23.110000610351562,23.110000610351562,100.0
2026-04-13 13:43:00,LTH.V,,0.9100000262260437,0.9100000262260437,0.9100000262260437,0.9100000262260437,4000.0
2026-04-13 13:43:00,LUCA.V,,1.4550000429153442,1.4600000381469727,1.4500000476837158,1.4500000476837158,400.0
2026-04-13 13:43:00,MKO.V,,9.670000076293945,9.670000076293945,9.670000076293945,9.670000076293945,300.0
2026-04-13 13:43:00,MMA.V,,1.2899999618530273,1.2899999618530273,1.2899999618530273,1.2899999618530273,1200.0
2026-04-13 13:44:00,FWZ.V,,4.590000152587891,4.590000152587891,4.590000152587891,4.590000152587891,3000.0
2026-04-13 13:44:00,GLAD.V,,1.2899999618530273,1.2899999618530273,1.2899999618530273,1.2899999618530273,200.0
2026-04-13 13:44:00,GSVR.V,,0.6449999809265137,0.6449999809265137,0.6449999809265137,0.6449999809265137,5000.0
2026-04-13 13:44:00,IFOS.V,,3.869999885559082,3.869999885559082,3.869999885559082,3.869999885559082,100.0
2026-04-13 13:44:00,INTR.V,,0.6899999976158142,0.6899999976158142,0.6899999976158142,0.6899999976158142,30000.0
2026-04-13 13:44:00,LMN.V,,22.889999389648438,22.889999389648438,22.889999389648438,22.889999389648438,100.0
2026-04-13 13:44:00,LUCA.V,,1.4600000381469727,1.4600000381469727,1.4550000429153442,1.4600000381469727,400.0
2026-04-13 13:44:00,MLP.V,,2.0799999237060547,2.0799999237060547,2.0799999237060547,2.0799999237060547,100.0
2026-04-13 13:44:00,NURS.V,,3.0999999046325684,3.0999999046325684,3.0999999046325684,3.0999999046325684,100.0
2026-04-13 13:44:00,PNG.V,,8.699999809265137,8.720000267028809,8.699999809265137,8.720000267028809,4200.0
2026-04-13 13:44:00,ZNG.V,,1.149999976158142,1.149999976158142,1.149999976158142,1.149999976158142,100.0
2026-04-13 13:45:00,FDR.V,,4.800000190734863,4.800000190734863,4.800000190734863,4.800000190734863,300.0
2026-04-13 13:45:00,FL.V,,0.6399999856948853,0.6499999761581421,0.6399999856948853,0.6449999809265137,15000.0
2026-04-13 13:45:00,FO.V,,0.3149999976158142,0.3149999976158142,0.3149999976158142,0.3149999976158142,976.0
2026-04-13 13:45:00,FWZ.V,,4.599999904632568,4.599999904632568,4.590000152587891,4.590000152587891,1700.0
2026-04-13 13:45:00,GPH.V,,1.2400000095367432,1.2400000095367432,1.2400000095367432,1.2400000095367432,550.0
2026-04-13 13:45:00,GQC.V,,2.25,2.25,2.25,2.25,100.0
2026-04-13 13:45:00,GSVR.V,,0.6399999856948853,0.6399999856948853,0.6399999856948853,0.6399999856948853,14000.0
2026-04-13 13:45:00,HSTR.V,,2.549999952316284,2.549999952316284,2.549999952316284,2.549999952316284,100.0
2026-04-13 13:45:00,IFOS.V,,3.869999885559082,3.869999885559082,3.869999885559082,3.869999885559082,100.0
2026-04-13 13:45:00,INTR.V,,0.6899999976158142,0.6899999976158142,0.6899999976158142,0.6899999976158142,10000.0
2026-04-13 13:45:00,LTH.V,,0.9200000166893005,0.9200000166893005,0.9200000166893005,0.9200000166893005,1500.0
2026-04-13 13:45:00,LUCA.V,,1.4500000476837158,1.4550000429153442,1.4500000476837158,1.4550000429153442,400.0
2026-04-13 13:45:00,MJS.V,,0.14000000059604645,0.14000000059604645,0.14000000059604645,0.14000000059604645,4500.0
2026-04-13 13:45:00,MKO.V,,9.65999984741211,9.65999984741211,9.65999984741211,9.65999984741211,161.0
2026-04-13 13:45:00,MLP.V,,2.0799999237060547,2.0799999237060547,2.0799999237060547,2.0799999237060547,400.0
2026-04-13 13:45:00,NURS.V,,3.0999999046325684,3.0999999046325684,3.0999999046325684,3.0999999046325684,1100.0
2026-04-13 13:45:00,PNG.V,,8.694999694824219,8.710000038146973,8.694999694824219,8.710000038146973,3081.0
2026-04-13 13:46:00,FDR.V,,4.800000190734863,4.800000190734863,4.800000190734863,4.800000190734863,185.0
2026-04-13 13:46:00,GPG.V,,0.4300000071525574,0.4300000071525574,0.4300000071525574,0.4300000071525574,4300.0
2026-04-13 13:46:00,INTR.V,,0.699999988079071,0.699999988079071,0.6899999976158142,0.6899999976158142,31008.0
2026-04-13 13:46:00,LTH.V,,0.9200000166893005,0.9200000166893005,0.9200000166893005,0.9200000166893005,12000.0
2026-04-13 13:46:00,LUCA.V,,1.4600000381469727,1.4600000381469727,1.4550000429153442,1.4550000429153442,400.0
2026-04-13 13:46:00,MLP.V,,2.069999933242798,2.0799999237060547,2.069999933242798,2.0799999237060547,4500.0
2026-04-13 13:46:00,NICU.V,,2.3350000381469727,2.3350000381469727,2.3350000381469727,2.3350000381469727,100.0
2026-04-13 13:46:00,NURS.V,,3.0999999046325684,3.0999999046325684,3.0999999046325684,3.0999999046325684,2300.0
2026-04-13 13:46:00,PNG.V,,8.699999809265137,8.699999809265137,8.699999809265137,8.699999809265137,2925.0
2026-04-13 13:46:00,ZNG.V,,1.149999976158142,1.149999976158142,1.149999976158142,1.149999976158142,100.0
2026-04-13 13:47:00,EQTY.V,,0.33000001311302185,0.33000001311302185,0.33000001311302185,0.33000001311302185,72000.0
2026-04-13 13:47:00,FMS.V,,0.38999998569488525,0.38999998569488525,0.38999998569488525,0.38999998569488525,7000.0
2026-04-13 13:47:00,FUU.V,,0.17000000178813934,0.17000000178813934,0.17000000178813934,0.17000000178813934,500.0
2026-04-13 13:47:00,GQC.V,,2.25,2.25,2.25,2.25,200.0
2026-04-13 13:47:00,GSVR.V,,0.6449999809265137,0.6449999809265137,0.6449999809265137,0.6449999809265137,21172.0
2026-04-13 13:47:00,HME.V,,2.805000066757202,2.805000066757202,2.799999952316284,2.799999952316284,8500.0
2026-04-13 13:47:00,IFOS.V,,3.869999885559082,3.869999885559082,3.869999885559082,3.869999885559082,100.0
2026-04-13 13:47:00,ITR.V,,4.179999828338623,4.179999828338623,4.179999828338623,4.179999828338623,100.0
2026-04-13 13:47:00,KTN.V,,1.4700000286102295,1.4700000286102295,1.4700000286102295,1.4700000286102295,100.0
2026-04-13 13:47:00,LMN.V,,22.860000610351562,23.0,22.68000030517578,22.940000534057617,11600.0
2026-04-13 13:47:00,LTH.V,,0.9200000166893005,0.9200000166893005,0.9200000166893005,0.9200000166893005,1000.0
2026-04-13 13:47:00,LUCA.V,,1.4500000476837158,1.4600000381469727,1.4500000476837158,1.4550000429153442,700.0
2026-04-13 13:47:00,MLP.V,,2.069999933242798,2.069999933242798,2.069999933242798,2.069999933242798,100.0
2026-04-13 13:47:00,NICU.V,,2.3350000381469727,2.3350000381469727,2.3350000381469727,2.3350000381469727,200.0
2026-04-13 13:47:00,NURS.V,,3.109999895095825,3.109999895095825,3.109999895095825,3.109999895095825,100.0
2026-04-13 13:47:00,PNG.V,,8.739999771118164,8.739999771118164,8.6899995803833,8.6899995803833,20844.0
2026-04-13 13:48:00,BIG.V,,0.7099999785423279,0.7099999785423279,0.7099999785423279,0.7099999785423279,4500.0
2026-04-13 13:48:00,ELL.V,,0.08500000089406967,0.08500000089406967,0.08500000089406967,0.08500000089406967,0.0
2026-04-13 13:48:00,FWZ.V,,4.610000133514404,4.610000133514404,4.610000133514404,4.610000133514404,1644.0
2026-04-13 13:48:00,GPG.V,,0.4300000071525574,0.4300000071525574,0.4300000071525574,0.4300000071525574,14080.0
2026-04-13 13:48:00,GQC.V,,2.25,2.25,2.25,2.25,100.0
2026-04-13 13:48:00,IFOS.V,,3.8499999046325684,3.8499999046325684,3.8499999046325684,3.8499999046325684,3100.0
2026-04-13 13:48:00,ITR.V,,4.179999828338623,4.179999828338623,4.179999828338623,4.179999828338623,100.0
2026-04-13 13:48:00,LIO.V,,0.23499999940395355,0.23499999940395355,0.23499999940395355,0.23499999940395355,500.0
2026-04-13 13:48:00,LRA.V,,3.799999952316284,3.799999952316284,3.7899999618530273,3.7899999618530273,500.0
2026-04-13 13:48:00,LTH.V,,0.9200000166893005,0.9200000166893005,0.9200000166893005,0.9200000166893005,2558.0
2026-04-13 13:48:00,LUCA.V,,1.4550000429153442,1.4550000429153442,1.4500000476837158,1.4500000476837158,300.0
2026-04-13 13:48:00,MMA.V,,1.2899999618530273,1.2899999618530273,1.2899999618530273,1.2899999618530273,100.0
2026-04-13 13:48:00,NICU.V,,2.3350000381469727,2.3350000381469727,2.3350000381469727,2.3350000381469727,200.0
2026-04-13 13:48:00,PNG.V,,8.739999771118164,8.739999771118164,8.729999542236328,8.729999542236328,3755.0
2026-04-13 13:48:00,ZNG.V,,1.149999976158142,1.149999976158142,1.149999976158142,1.149999976158142,100.0
2026-04-13 13:49:00,FRI.V,,0.05999999865889549,0.05999999865889549,0.05999999865889549,0.05999999865889549,10000.0
2026-04-13 13:49:00,GLAD.V,,1.2899999618530273,1.2899999618530273,1.2899999618530273,1.2899999618530273,1000.0
2026-04-13 13:49:00,HME.V,,2.809999942779541,2.809999942779541,2.809999942779541,2.809999942779541,100.0
2026-04-13 13:49:00,ION.V,,0.04500000178813934,0.04500000178813934,0.04500000178813934,0.04500000178813934,0.0
2026-04-13 13:49:00,LAB.V,,0.07000000029802322,0.07000000029802322,0.07000000029802322,0.07000000029802322,1000.0
2026-04-13 13:49:00,LPK.V,,0.3050000071525574,0.33000001311302185,0.3050000071525574,0.33000001311302185,0.0
2026-04-13 13:49:00,LTH.V,,0.9200000166893005,0.9200000166893005,0.9150000214576721,0.9150000214576721,3000.0
2026-04-13 13:49:00,LUCA.V,,1.4500000476837158,1.4550000429153442,1.4500000476837158,1.4500000476837158,600.0
2026-04-13 13:49:00,NICU.V,,2.3350000381469727,2.3399999141693115,2.3350000381469727,2.3350000381469727,500.0
2026-04-13 13:49:00,PNG.V,,8.739999771118164,8.739999771118164,8.729999542236328,8.729999542236328,1700.0
2026-04-13 13:50:00,FDR.V,,4.800000190734863,4.800000190734863,4.800000190734863,4.800000190734863,100.0
2026-04-13 13:50:00,GQC.V,,2.259999990463257,2.259999990463257,2.25,2.25,200.0
2026-04-13 13:50:00,GTC.V,,0.20000000298023224,0.20000000298023224,0.20000000298023224,0.20000000298023224,50000.0
2026-04-13 13:50:00,ITR.V,,4.170000076293945,4.170000076293945,4.170000076293945,4.170000076293945,2500.0
2026-04-13 13:50:00,KTN.V,,1.4700000286102295,1.4700000286102295,1.4700000286102295,1.4700000286102295,700.0
2026-04-13 13:50:00,LUCA.V,,1.4500000476837158,1.4550000429153442,1.4500000476837158,1.4550000429153442,400.0
2026-04-13 13:50:00,MLP.V,,2.069999933242798,2.069999933242798,2.069999933242798,2.069999933242798,1000.0
2026-04-13 13:50:00,NICU.V,,2.3399999141693115,2.3399999141693115,2.3399999141693115,2.3399999141693115,100.0
2026-04-13 13:50:00,PNG.V,,8.739999771118164,8.75,8.739999771118164,8.75,3500.0
2026-04-13 13:51:00,FUU.V,,0.17000000178813934,0.17000000178813934,0.17000000178813934,0.17000000178813934,500.0
2026-04-13 13:51:00,GPAC.V,,0.4650000035762787,0.4650000035762787,0.4650000035762787,0.4650000035762787,500.0
2026-04-13 13:51:00,GSVR.V,,0.6399999856948853,0.6399999856948853,0.6399999856948853,0.6399999856948853,1000.0
2026-04-13 13:51:00,HME.V,,2.809999942779541,2.809999942779541,2.809999942779541,2.809999942779541,100.0
2026-04-13 13:51:00,ITR.V,,4.170000076293945,4.170000076293945,4.170000076293945,4.170000076293945,1110.0
2026-04-13 13:51:00,LMN.V,,22.989999771118164,23.059999465942383,22.989999771118164,23.059999465942383,600.0
2026-04-13 13:51:00,LTH.V,,0.9200000166893005,0.9200000166893005,0.9200000166893005,0.9200000166893005,500.0
2026-04-13 13:51:00,LUCA.V,,1.4600000381469727,1.4600000381469727,1.4500000476837158,1.4500000476837158,700.0
2026-04-13 13:51:00,NHHH.V,,0.03999999910593033,0.03999999910593033,0.03999999910593033,0.03999999910593033,41000.0
2026-04-13 13:51:00,TUF.V,,0.3100000023841858,0.3100000023841858,0.3100000023841858,0.3100000023841858,6000.0
2026-04-13 13:51:00,ZNG.V,,1.149999976158142,1.149999976158142,1.149999976158142,1.149999976158142,100.0
2026-04-13 13:52:00,FDR.V,,4.800000190734863,4.800000190734863,4.800000190734863,4.800000190734863,100.0
2026-04-13 13:52:00,GPM.V,,0.0949999988079071,0.0949999988079071,0.0949999988079071,0.0949999988079071,12000.0
2026-04-13 13:52:00,GQC.V,,2.25,2.25,2.25,2.25,100.0
2026-04-13 13:52:00,IFOS.V,,3.8499999046325684,3.859999895095825,3.8499999046325684,3.859999895095825,2700.0
2026-04-13 13:52:00,LTH.V,,0.9200000166893005,0.9200000166893005,0.9200000166893005,0.9200000166893005,52500.0
2026-04-13 13:52:00,LUCA.V,,1.4600000381469727,1.4600000381469727,1.4500000476837158,1.4500000476837158,300.0
2026-04-13 13:52:00,NICU.V,,2.3399999141693115,2.3399999141693115,2.3399999141693115,2.3399999141693115,100.0
2026-04-13 13:53:00,BIG.V,,0.7099999785423279,0.7099999785423279,0.7099999785423279,0.7099999785423279,500.0
2026-04-13 13:53:00,EQTY.V,,0.32499998807907104,0.33000001311302185,0.32499998807907104,0.33000001311302185,35000.0
2026-04-13 13:53:00,FDR.V,,4.800000190734863,4.800000190734863,4.800000190734863,4.800000190734863,300.0
2026-04-13 13:53:00,FWZ.V,,4.630000114440918,4.630000114440918,4.630000114440918,4.630000114440918,2100.0
2026-04-13 13:53:00,GQC.V,,2.25,2.25,2.25,2.25,100.0
2026-04-13 13:53:00,GSVR.V,,0.6399999856948853,0.6399999856948853,0.6399999856948853,0.6399999856948853,500.0
2026-04-13 13:53:00,HME.V,,2.809999942779541,2.809999942779541,2.809999942779541,2.809999942779541,100.0
2026-04-13 13:53:00,HSTR.V,,2.549999952316284,2.549999952316284,2.549999952316284,2.549999952316284,200.0
2026-04-13 13:53:00,ITR.V,,4.170000076293945,4.170000076293945,4.170000076293945,4.170000076293945,100.0
2026-04-13 13:53:00,LMN.V,,22.950000762939453,22.979999542236328,22.950000762939453,22.950000762939453,500.0
2026-04-13 13:53:00,LTH.V,,0.9200000166893005,0.9200000166893005,0.9200000166893005,0.9200000166893005,17000.0
2026-04-13 13:53:00,LUCA.V,,1.4500000476837158,1.4500000476837158,1.4500000476837158,1.4500000476837158,300.0
2026-04-13 13:53:00,MKO.V,,9.649999618530273,9.649999618530273,9.649999618530273,9.649999618530273,600.0
2026-04-13 13:53:00,MLP.V,,2.069999933242798,2.069999933242798,2.069999933242798,2.069999933242798,100.0
2026-04-13 13:53:00,MMA.V,,1.2899999618530273,1.2899999618530273,1.2899999618530273,1.2899999618530273,100.0
2026-04-13 13:53:00,NICU.V,,2.3399999141693115,2.3450000286102295,2.3399999141693115,2.3399999141693115,4700.0
2026-04-13 13:53:00,TUF.V,,0.3100000023841858,0.3100000023841858,0.3100000023841858,0.3100000023841858,7500.0
2026-04-13 13:54:00,FDR.V,,4.78000020980835,4.804999828338623,4.78000020980835,4.804999828338623,11200.0
2026-04-13 13:54:00,FO.V,,0.3149999976158142,0.3149999976158142,0.3149999976158142,0.3149999976158142,500.0
2026-04-13 13:54:00,FRI.V,,0.05999999865889549,0.05999999865889549,0.05999999865889549,0.05999999865889549,100000.0
2026-04-13 13:54:00,FUU.V,,0.17000000178813934,0.17000000178813934,0.17000000178813934,0.17000000178813934,500.0
2026-04-13 13:54:00,FWZ.V,,4.599999904632568,4.599999904632568,4.599999904632568,4.599999904632568,300.0
2026-04-13 13:54:00,GSPR.V,,0.125,0.125,0.125,0.125,5200.0
2026-04-13 13:54:00,ITR.V,,4.170000076293945,4.170000076293945,4.170000076293945,4.170000076293945,850.0
2026-04-13 13:54:00,LTH.V,,0.9200000166893005,0.9200000166893005,0.9200000166893005,0.9200000166893005,1000.0
2026-04-13 13:54:00,LUCA.V,,1.4550000429153442,1.4600000381469727,1.4500000476837158,1.4600000381469727,400.0
2026-04-13 13:54:00,MKO.V,,9.640000343322754,9.640000343322754,9.640000343322754,9.640000343322754,600.0
2026-04-13 13:54:00,NURS.V,,3.109999895095825,3.109999895095825,3.109999895095825,3.109999895095825,100.0
2026-04-13 13:54:00,PNG.V,,8.739999771118164,8.75,8.739999771118164,8.75,1700.0
2026-04-13 13:54:00,ZNG.V,,1.149999976158142,1.149999976158142,1.149999976158142,1.149999976158142,100.0
2026-04-13 13:55:00,GQC.V,,2.25,2.25,2.25,2.25,100.0
2026-04-13 13:55:00,IVS.V,,0.23000000417232513,0.23000000417232513,0.23000000417232513,0.23000000417232513,49000.0
2026-04-13 13:55:00,LITH.V,,0.6600000262260437,0.6600000262260437,0.6499999761581421,0.6499999761581421,34000.0
2026-04-13 13:55:00,LMN.V,,23.010000228881836,23.010000228881836,23.010000228881836,23.010000228881836,200.0
2026-04-13 13:55:00,LMR.V,,0.08500000089406967,0.08500000089406967,0.08500000089406967,0.08500000089406967,2000.0
2026-04-13 13:55:00,LTH.V,,0.9200000166893005,0.9200000166893005,0.9200000166893005,0.9200000166893005,22000.0
2026-04-13 13:55:00,LUCA.V,,1.4500000476837158,1.4600000381469727,1.4500000476837158,1.4500000476837158,400.0
2026-04-13 13:55:00,MLP.V,,2.069999933242798,2.069999933242798,2.069999933242798,2.069999933242798,400.0
2026-04-13 13:55:00,PNG.V,,8.75,8.75,8.739999771118164,8.739999771118164,1100.0
2026-04-13 13:56:00,FRED.V,,0.699999988079071,0.699999988079071,0.699999988079071,0.699999988079071,11000.0
2026-04-13 13:56:00,GOT.V,,1.7350000143051147,1.7350000143051147,1.7300000190734863,1.7300000190734863,2692.0
2026-04-13 13:56:00,GQC.V,,2.25,2.259999990463257,2.25,2.259999990463257,200.0
2026-04-13 13:56:00,HME.V,,2.809999942779541,2.809999942779541,2.809999942779541,2.809999942779541,100.0
2026-04-13 13:56:00,LTH.V,,0.9150000214576721,0.9150000214576721,0.9150000214576721,0.9150000214576721,500.0
2026-04-13 13:56:00,LUCA.V,,1.4500000476837158,1.4600000381469727,1.4500000476837158,1.4600000381469727,300.0
2026-04-13 13:56:00,MMA.V,,1.2899999618530273,1.2899999618530273,1.2899999618530273,1.2899999618530273,1100.0
2026-04-13 13:56:00,PNG.V,,8.739999771118164,8.75,8.739999771118164,8.75,900.0
2026-04-13 13:56:00,YGT.V,,0.20999999344348907,0.20999999344348907,0.20999999344348907,0.20999999344348907,500.0
2026-04-13 13:57:00,FDR.V,,4.78000020980835,4.78000020980835,4.78000020980835,4.78000020980835,500.0
2026-04-13 13:57:00,FWZ.V,,4.599999904632568,4.599999904632568,4.599999904632568,4.599999904632568,1400.0
2026-04-13 13:57:00,GQC.V,,2.255000114440918,2.255000114440918,2.25,2.25,271.0
2026-04-13 13:57:00,HITI.V,,3.2100000381469727,3.2100000381469727,3.2100000381469727,3.2100000381469727,600.0
2026-04-13 13:57:00,HME.V,,2.809999942779541,2.809999942779541,2.809999942779541,2.809999942779541,100.0
2026-04-13 13:57:00,KTN.V,,1.4700000286102295,1.4700000286102295,1.4700000286102295,1.4700000286102295,800.0
2026-04-13 13:57:00,LTH.V,,0.9150000214576721,0.9150000214576721,0.9150000214576721,0.9150000214576721,500.0
2026-04-13 13:57:00,LUCA.V,,1.4600000381469727,1.4600000381469727,1.4500000476837158,1.4500000476837158,300.0
2026-04-13 13:57:00,NICU.V,,2.3399999141693115,2.3399999141693115,2.3399999141693115,2.3399999141693115,3600.0
2026-04-13 13:57:00,PNG.V,,8.75,8.75,8.739999771118164,8.739999771118164,4343.0
2026-04-13 13:57:00,ZNG.V,,1.149999976158142,1.149999976158142,1.149999976158142,1.149999976158142,100.0
2026-04-13 13:58:00,FUU.V,,0.17000000178813934,0.17000000178813934,0.17000000178813934,0.17000000178813934,500.0
2026-04-13 13:58:00,GQC.V,,2.259999990463257,2.259999990463257,2.255000114440918,2.255000114440918,6400.0
2026-04-13 13:58:00,GSVR.V,,0.6399999856948853,0.6399999856948853,0.6399999856948853,0.6399999856948853,22600.0
2026-04-13 13:58:00,HME.V,,2.799999952316284,2.799999952316284,2.799999952316284,2.799999952316284,1800.0
2026-04-13 13:58:00,ITR.V,,4.170000076293945,4.170000076293945,4.170000076293945,4.170000076293945,300.0
2026-04-13 13:58:00,KTN.V,,1.4700000286102295,1.4700000286102295,1.4700000286102295,1.4700000286102295,100.0
2026-04-13 13:58:00,LITH.V,,0.6700000166893005,0.6700000166893005,0.6700000166893005,0.6700000166893005,14000.0
2026-04-13 13:58:00,LME.V,,0.2199999988079071,0.2199999988079071,0.2199999988079071,0.2199999988079071,54500.0
2026-04-13 13:58:00,LTH.V,,0.9200000166893005,0.9200000166893005,0.9150000214576721,0.9150000214576721,1000.0
2026-04-13 13:58:00,LUCA.V,,1.4600000381469727,1.4600000381469727,1.4500000476837158,1.4500000476837158,300.0
2026-04-13 13:58:00,MLP.V,,2.069999933242798,2.069999933242798,2.069999933242798,2.069999933242798,199.0
2026-04-13 13:58:00,NICU.V,,2.3399999141693115,2.3399999141693115,2.3399999141693115,2.3399999141693115,4500.0
2026-04-13 13:58:00,PNG.V,,8.729999542236328,8.760000228881836,8.729999542236328,8.75,8844.0
2026-04-13 13:59:00,BIG.V,,0.7049999833106995,0.7049999833106995,0.7049999833106995,0.7049999833106995,500.0
2026-04-13 13:59:00,FDR.V,,4.800000190734863,4.800000190734863,4.800000190734863,4.800000190734863,100.0
2026-04-13 13:59:00,FWZ.V,,4.599999904632568,4.599999904632568,4.599999904632568,4.599999904632568,2100.0
2026-04-13 13:59:00,GOT.V,,1.725000023841858,1.7300000190734863,1.725000023841858,1.7300000190734863,1000.0
2026-04-13 13:59:00,GQC.V,,2.25,2.259999990463257,2.25,2.259999990463257,200.0
2026-04-13 13:59:00,LMN.V,,23.020000457763672,23.020000457763672,23.020000457763672,23.020000457763672,300.0
2026-04-13 13:59:00,LTH.V,,0.9200000166893005,0.9200000166893005,0.9150000214576721,0.9150000214576721,7500.0
2026-04-13 13:59:00,LUCA.V,,1.4550000429153442,1.4600000381469727,1.4550000429153442,1.4550000429153442,300.0
2026-04-13 13:59:00,LVG.V,,0.3149999976158142,0.3149999976158142,0.3149999976158142,0.3149999976158142,500.0
2026-04-13 13:59:00,MFG.V,,4.400000095367432,4.400000095367432,4.400000095367432,4.400000095367432,100.0
2026-04-13 13:59:00,MLP.V,,2.0799999237060547,2.0799999237060547,2.0799999237060547,2.0799999237060547,1300.0
2026-04-13 13:59:00,NICU.V,,2.3399999141693115,2.3399999141693115,2.3399999141693115,2.3399999141693115,400.0
2026-04-13 13:59:00,PNG.V,,8.729999542236328,8.729999542236328,8.729999542236328,8.729999542236328,1850.0
2026-04-13 14:00:00,ESK.V,,0.4300000071525574,0.4300000071525574,0.4300000071525574,0.4300000071525574,536.0
2026-04-13 14:00:00,FRSH.V,,0.800000011920929,0.800000011920929,0.800000011920929,0.800000011920929,2500.0
2026-04-13 14:00:00,GPH.V,,1.2400000095367432,1.2400000095367432,1.2400000095367432,1.2400000095367432,500.0
2026-04-13 14:00:00,GQC.V,,2.25,2.25,2.25,2.25,200.0
2026-04-13 14:00:00,GTC.V,,0.20000000298023224,0.20000000298023224,0.20000000298023224,0.20000000298023224,105000.0
2026-04-13 14:00:00,HME.V,,2.799999952316284,2.799999952316284,2.799999952316284,2.799999952316284,800.0
2026-04-13 14:00:00,HSTR.V,,2.549999952316284,2.549999952316284,2.549999952316284,2.549999952316284,900.0
2026-04-13 14:00:00,ITR.V,,4.179999828338623,4.179999828338623,4.179999828338623,4.179999828338623,450.0
2026-04-13 14:00:00,LUCA.V,,1.4550000429153442,1.4550000429153442,1.4550000429153442,1.4550000429153442,500.0
2026-04-13 14:00:00,MKO.V,,9.680000305175781,9.680000305175781,9.649999618530273,9.649999618530273,1400.0
2026-04-13 14:00:00,MLP.V,,2.069999933242798,2.0799999237060547,2.069999933242798,2.0799999237060547,898.0
2026-04-13 14:00:00,MMA.V,,1.284999966621399,1.284999966621399,1.284999966621399,1.284999966621399,100.0
2026-04-13 14:00:00,NICU.V,,2.3399999141693115,2.3399999141693115,2.3399999141693115,2.3399999141693115,100.0
2026-04-13 14:00:00,PNG.V,,8.75,8.75,8.739999771118164,8.739999771118164,2800.0
2026-04-13 14:00:00,ZNG.V,,1.149999976158142,1.149999976158142,1.149999976158142,1.149999976158142,100.0
2026-04-13 14:01:00,FDR.V,,4.800000190734863,4.800000190734863,4.800000190734863,4.800000190734863,100.0
2026-04-13 14:01:00,FUU.V,,0.17000000178813934,0.17000000178813934,0.17000000178813934,0.17000000178813934,1500.0
2026-04-13 14:01:00,FWZ.V,,4.599999904632568,4.599999904632568,4.599999904632568,4.599999904632568,1200.0
2026-04-13 14:01:00,GLAD.V,,1.2999999523162842,1.2999999523162842,1.2999999523162842,1.2999999523162842,300.0
2026-04-13 14:01:00,GOT.V,,1.7300000190734863,1.7300000190734863,1.7300000190734863,1.7300000190734863,300.0
2026-04-13 14:01:00,GQC.V,,2.25,2.25,2.25,2.25,33400.0
2026-04-13 14:01:00,HHH.V,,6.449999809265137,6.449999809265137,6.449999809265137,6.449999809265137,1600.0
2026-04-13 14:01:00,HME.V,,2.799999952316284,2.799999952316284,2.799999952316284,2.799999952316284,100.0
2026-04-13 14:01:00,IFOS.V,,3.859999895095825,3.859999895095825,3.859999895095825,3.859999895095825,100.0
2026-04-13 14:01:00,LTH.V,,0.9200000166893005,0.9200000166893005,0.9150000214576721,0.9150000214576721,18000.0
2026-04-13 14:01:00,LUCA.V,,1.4550000429153442,1.4600000381469727,1.4500000476837158,1.4500000476837158,400.0
2026-04-13 14:01:00,MFG.V,,4.400000095367432,4.400000095367432,4.400000095367432,4.400000095367432,1600.0
2026-04-13 14:01:00,MMA.V,,1.2799999713897705,1.2799999713897705,1.2799999713897705,1.2799999713897705,100.0
2026-04-13 14:01:00,NICU.V,,2.3499999046325684,2.3499999046325684,2.3499999046325684,2.3499999046325684,200.0
2026-04-13 14:01:00,PNG.V,,8.75,8.75,8.75,8.75,4392.0
2026-04-13 14:02:00,FWZ.V,,4.599999904632568,4.599999904632568,4.599999904632568,4.599999904632568,2900.0
2026-04-13 14:02:00,GPAC.V,,0.4650000035762787,0.4650000035762787,0.4650000035762787,0.4650000035762787,500.0
2026-04-13 14:02:00,GQC.V,,2.25,2.25,2.25,2.25,100.0
2026-04-13 14:02:00,HITI.V,,3.2100000381469727,3.2100000381469727,3.2100000381469727,3.2100000381469727,201.0
2026-04-13 14:02:00,IFOS.V,,3.8499999046325684,3.8499999046325684,3.8499999046325684,3.8499999046325684,6300.0
2026-04-13 14:02:00,LUCA.V,,1.4600000381469727,1.4600000381469727,1.4500000476837158,1.4500000476837158,500.0
2026-04-13 14:02:00,MGM.V,,2.700000047683716,2.700000047683716,2.690000057220459,2.690000057220459,13420.0
2026-04-13 14:02:00,MLP.V,,2.069999933242798,2.069999933242798,2.069999933242798,2.069999933242798,400.0
2026-04-13 14:02:00,MMA.V,,1.2799999713897705,1.2799999713897705,1.2799999713897705,1.2799999713897705,100.0
2026-04-13 14:02:00,NICU.V,,2.3499999046325684,2.3499999046325684,2.3499999046325684,2.3499999046325684,100.0
2026-04-13 14:03:00,FDR.V,,4.800000190734863,4.800000190734863,4.800000190734863,4.800000190734863,390.0
2026-04-13 14:03:00,FWZ.V,,4.599999904632568,4.599999904632568,4.599999904632568,4.599999904632568,1700.0
2026-04-13 14:03:00,IFOS.V,,3.859999895095825,3.859999895095825,3.859999895095825,3.859999895095825,100.0
2026-04-13 14:03:00,KG.V,,0.20499999821186066,0.20499999821186066,0.20499999821186066,0.20499999821186066,5000.0
2026-04-13 14:03:00,LG.V,,0.38499999046325684,0.38499999046325684,0.38499999046325684,0.38499999046325684,500.0
2026-04-13 14:03:00,LMN.V,,23.030000686645508,23.059999465942383,23.030000686645508,23.059999465942383,300.0
2026-04-13 14:03:00,LTH.V,,0.9150000214576721,0.9200000166893005,0.9150000214576721,0.9200000166893005,6000.0
2026-04-13 14:03:00,LUCA.V,,1.4500000476837158,1.4600000381469727,1.4500000476837158,1.4550000429153442,400.0
2026-04-13 14:03:00,NICU.V,,2.3499999046325684,2.3499999046325684,2.3499999046325684,2.3499999046325684,1000.0
2026-04-13 14:04:00,FO.V,,0.3149999976158142,0.3149999976158142,0.3149999976158142,0.3149999976158142,500.0
2026-04-13 14:04:00,FUU.V,,0.17000000178813934,0.17000000178813934,0.17000000178813934,0.17000000178813934,500.0
2026-04-13 14:04:00,GMA.V,,0.28999999165534973,0.28999999165534973,0.28999999165534973,0.28999999165534973,1500.0
2026-04-13 14:04:00,GQC.V,,2.259999990463257,2.259999990463257,2.25,2.25,200.0
2026-04-13 14:04:00,GSR.V,,0.5299999713897705,0.5299999713897705,0.5199999809265137,0.5199999809265137,13000.0
2026-04-13 14:04:00,IFOS.V,,3.859999895095825,3.859999895095825,3.859999895095825,3.859999895095825,100.0
2026-04-13 14:04:00,LMN.V,,23.200000762939453,23.200000762939453,23.190000534057617,23.190000534057617,662.0
2026-04-13 14:04:00,LTH.V,,0.9150000214576721,0.9200000166893005,0.9150000214576721,0.9200000166893005,16000.0
2026-04-13 14:04:00,LUCA.V,,1.4600000381469727,1.4600000381469727,1.4550000429153442,1.4600000381469727,3300.0
2026-04-13 14:04:00,LVG.V,,0.3149999976158142,0.3149999976158142,0.3149999976158142,0.3149999976158142,500.0
2026-04-13 14:04:00,MASS.V,,0.10999999940395355,0.10999999940395355,0.10999999940395355,0.10999999940395355,40000.0
2026-04-13 14:04:00,MEX.V,,0.1599999964237213,0.1599999964237213,0.1599999964237213,0.1599999964237213,3345.0
2026-04-13 14:04:00,MFG.V,,4.440000057220459,4.440000057220459,4.440000057220459,4.440000057220459,199.0
2026-04-13 14:04:00,MLP.V,,2.069999933242798,2.069999933242798,2.069999933242798,2.069999933242798,100.0
2026-04-13 14:04:00,MMA.V,,1.2799999713897705,1.2799999713897705,1.2799999713897705,1.2799999713897705,100.0
2026-04-13 14:04:00,PNG.V,,8.75,8.75,8.75,8.75,1100.0
2026-04-13 14:04:00,ZNG.V,,1.149999976158142,1.149999976158142,1.149999976158142,1.149999976158142,100.0
2026-04-13 14:05:00,GEN.V,,0.05999999865889549,0.05999999865889549,0.05999999865889549,0.05999999865889549,37000.0
2026-04-13 14:05:00,GPM.V,,0.0949999988079071,0.0949999988079071,0.0949999988079071,0.0949999988079071,4000.0
2026-04-13 14:05:00,GQC.V,,2.25,2.259999990463257,2.25,2.259999990463257,8400.0
2026-04-13 14:05:00,HCH.V,,1.4299999475479126,1.4299999475479126,1.4299999475479126,1.4299999475479126,100.0
2026-04-13 14:05:00,HME.V,,2.799999952316284,2.799999952316284,2.799999952316284,2.799999952316284,3100.0
2026-04-13 14:05:00,LTH.V,,0.9150000214576721,0.9200000166893005,0.9150000214576721,0.9200000166893005,1500.0
2026-04-13 14:05:00,LUCA.V,,1.4600000381469727,1.4600000381469727,1.4600000381469727,1.4600000381469727,300.0
2026-04-13 14:05:00,LVG.V,,0.3149999976158142,0.3149999976158142,0.3149999976158142,0.3149999976158142,500.0
2026-04-13 14:05:00,MLP.V,,2.069999933242798,2.069999933242798,2.069999933242798,2.069999933242798,400.0
2026-04-13 14:05:00,MMA.V,,1.2799999713897705,1.2799999713897705,1.2799999713897705,1.2799999713897705,10000.0
2026-04-13 14:05:00,PNG.V,,8.75,8.75,8.75,8.75,100.0
2026-04-13 14:06:00,EVER.V,,0.6299999952316284,0.6299999952316284,0.6299999952316284,0.6299999952316284,1000.0
2026-04-13 14:06:00,FWZ.V,,4.599999904632568,4.619999885559082,4.599999904632568,4.610000133514404,2600.0
2026-04-13 14:06:00,GOT.V,,1.7300000190734863,1.7300000190734863,1.7300000190734863,1.7300000190734863,100.0
2026-04-13 14:06:00,GQC.V,,2.259999990463257,2.259999990463257,2.259999990463257,2.259999990463257,800.0
2026-04-13 14:06:00,HME.V,,2.799999952316284,2.799999952316284,2.799999952316284,2.799999952316284,300.0
2026-04-13 14:06:00,IFOS.V,,3.859999895095825,3.859999895095825,3.859999895095825,3.859999895095825,200.0
2026-04-13 14:06:00,LMN.V,,23.079999923706055,23.079999923706055,23.06999969482422,23.06999969482422,200.0
2026-04-13 14:06:00,LTH.V,,0.9200000166893005,0.9200000166893005,0.9150000214576721,0.9200000166893005,2500.0
2026-04-13 14:06:00,LUCA.V,,1.4600000381469727,1.4600000381469727,1.4600000381469727,1.4600000381469727,400.0
2026-04-13 14:06:00,MMA.V,,1.2799999713897705,1.2799999713897705,1.2799999713897705,1.2799999713897705,100.0
2026-04-13 14:06:00,NICU.V,,2.359999895095825,2.359999895095825,2.359999895095825,2.359999895095825,22200.0
2026-04-13 14:06:00,PNG.V,,8.744999885559082,8.75,8.744999885559082,8.75,200.0
2026-04-13 14:07:00,FRED.V,,0.699999988079071,0.699999988079071,0.699999988079071,0.699999988079071,2000.0
2026-04-13 14:07:00,FUU.V,,0.17000000178813934,0.17000000178813934,0.17000000178813934,0.17000000178813934,500.0
2026-04-13 14:07:00,FWZ.V,,4.599999904632568,4.599999904632568,4.599999904632568,4.599999904632568,1400.0
2026-04-13 14:07:00,GEN.V,,0.05999999865889549,0.05999999865889549,0.05999999865889549,0.05999999865889549,12000.0
2026-04-13 14:07:00,GQC.V,,2.259999990463257,2.259999990463257,2.25,2.25,400.0
2026-04-13 14:07:00,KTN.V,,1.4700000286102295,1.4700000286102295,1.4700000286102295,1.4700000286102295,100.0
2026-04-13 14:07:00,LME.V,,0.2199999988079071,0.2199999988079071,0.2199999988079071,0.2199999988079071,18000.0
2026-04-13 14:07:00,LTH.V,,0.9200000166893005,0.9200000166893005,0.9150000214576721,0.9200000166893005,2500.0
2026-04-13 14:07:00,LUCA.V,,1.4600000381469727,1.4600000381469727,1.4600000381469727,1.4600000381469727,100.0
2026-04-13 14:07:00,LVG.V,,0.3149999976158142,0.3149999976158142,0.3149999976158142,0.3149999976158142,3000.0
2026-04-13 14:07:00,MGM.V,,2.700000047683716,2.700000047683716,2.690000057220459,2.690000057220459,600.0
2026-04-13 14:07:00,MKO.V,,9.670000076293945,9.670000076293945,9.670000076293945,9.670000076293945,600.0
2026-04-13 14:07:00,MLP.V,,2.069999933242798,2.069999933242798,2.069999933242798,2.069999933242798,200.0
2026-04-13 14:07:00,NICU.V,,2.359999895095825,2.359999895095825,2.359999895095825,2.359999895095825,1300.0
2026-04-13 14:07:00,PNG.V,,8.770000457763672,8.770000457763672,8.739999771118164,8.739999771118164,47014.0
2026-04-13 14:08:00,FWZ.V,,4.599999904632568,4.610000133514404,4.599999904632568,4.610000133514404,3500.0
2026-04-13 14:08:00,GOT.V,,1.7400000095367432,1.7400000095367432,1.7350000143051147,1.7350000143051147,2700.0
2026-04-13 14:08:00,GQC.V,,2.25,2.25,2.25,2.25,100.0
2026-04-13 14:08:00,IPT.V,,0.25,0.25,0.25,0.25,7500.0
2026-04-13 14:08:00,LTH.V,,0.9200000166893005,0.9200000166893005,0.9150000214576721,0.9150000214576721,1500.0
2026-04-13 14:08:00,LUCA.V,,1.4600000381469727,1.4600000381469727,1.4600000381469727,1.4600000381469727,100.0
2026-04-13 14:08:00,LVG.V,,0.3199999928474426,0.3199999928474426,0.3174999952316284,0.3174999952316284,2500.0
2026-04-13 14:08:00,MMA.V,,1.2799999713897705,1.2799999713897705,1.2799999713897705,1.2799999713897705,100.0
2026-04-13 14:08:00,NICU.V,,2.359999895095825,2.359999895095825,2.359999895095825,2.359999895095825,2000.0
2026-04-13 14:08:00,NURS.V,,3.0999999046325684,3.0999999046325684,3.0999999046325684,3.0999999046325684,100.0
2026-04-13 14:09:00,GSVR.V,,0.6299999952316284,0.6299999952316284,0.6299999952316284,0.6299999952316284,10000.0
2026-04-13 14:09:00,IPT.V,,0.25,0.25,0.25,0.25,10000.0
2026-04-13 14:09:00,ITR.V,,4.190000057220459,4.190000057220459,4.190000057220459,4.190000057220459,1000.0
2026-04-13 14:09:00,LMN.V,,23.09000015258789,23.170000076293945,23.09000015258789,23.170000076293945,500.0
2026-04-13 14:09:00,LTH.V,,0.9200000166893005,0.9200000166893005,0.9150000214576721,0.9150000214576721,2000.0
2026-04-13 14:09:00,LUCA.V,,1.4600000381469727,1.4600000381469727,1.4600000381469727,1.4600000381469727,200.0
2026-04-13 14:09:00,MKO.V,,9.699999809265137,9.699999809265137,9.699999809265137,9.699999809265137,600.0
2026-04-13 14:09:00,MLP.V,,2.059999942779541,2.069999933242798,2.059999942779541,2.069999933242798,2400.0
2026-04-13 14:09:00,MMA.V,,1.2799999713897705,1.2799999713897705,1.2799999713897705,1.2799999713897705,400.0
2026-04-13 14:09:00,NICU.V,,2.359999895095825,2.359999895095825,2.359999895095825,2.359999895095825,700.0
2026-04-13 14:09:00,NURS.V,,3.109999895095825,3.109999895095825,3.109999895095825,3.109999895095825,200.0
2026-04-13 14:09:00,PNG.V,,8.8100004196167,8.8100004196167,8.770000457763672,8.770000457763672,16864.0
2026-04-13 14:09:00,ZNG.V,,1.149999976158142,1.149999976158142,1.149999976158142,1.149999976158142,100.0
2026-04-13 14:10:00,ELL.V,,0.07999999821186066,0.07999999821186066,0.07999999821186066,0.07999999821186066,1000.0
2026-04-13 14:10:00,FL.V,,0.6399999856948853,0.6399999856948853,0.6399999856948853,0.6399999856948853,1500.0
2026-04-13 14:10:00,GQC.V,,2.25,2.25,2.25,2.25,100.0
2026-04-13 14:10:00,IFOS.V,,3.8499999046325684,3.8499999046325684,3.8499999046325684,3.8499999046325684,2500.0
2026-04-13 14:10:00,JUGR.V,,1.3700000047683716,1.3700000047683716,1.3700000047683716,1.3700000047683716,2000.0
2026-04-13 14:10:00,LTH.V,,0.9200000166893005,0.9200000166893005,0.9200000166893005,0.9200000166893005,1000.0
2026-04-13 14:10:00,LUCA.V,,1.4600000381469727,1.4600000381469727,1.4600000381469727,1.4600000381469727,300.0
2026-04-13 14:10:00,MMA.V,,1.2799999713897705,1.2799999713897705,1.2799999713897705,1.2799999713897705,400.0
2026-04-13 14:10:00,MQM.V,,0.30000001192092896,0.30000001192092896,0.30000001192092896,0.30000001192092896,3260.0
2026-04-13 14:10:00,NICU.V,,2.359999895095825,2.369999885559082,2.359999895095825,2.359999895095825,600.0
2026-04-13 14:10:00,PNG.V,,8.8100004196167,8.84000015258789,8.800000190734863,8.819999694824219,10220.0
2026-04-13 14:11:00,FUU.V,,0.17000000178813934,0.17000000178813934,0.17000000178813934,0.17000000178813934,500.0
2026-04-13 14:11:00,GQC.V,,2.259999990463257,2.259999990463257,2.25,2.259999990463257,300.0
2026-04-13 14:11:00,HME.V,,2.7899999618530273,2.7899999618530273,2.7899999618530273,2.7899999618530273,2900.0
2026-04-13 14:11:00,ITR.V,,4.190000057220459,4.190000057220459,4.190000057220459,4.190000057220459,550.0
2026-04-13 14:11:00,LMN.V,,23.190000534057617,23.200000762939453,23.190000534057617,23.190000534057617,1100.0
2026-04-13 14:11:00,LTH.V,,0.9150000214576721,0.9200000166893005,0.9150000214576721,0.9200000166893005,2500.0
2026-04-13 14:11:00,LUCA.V,,1.4600000381469727,1.4600000381469727,1.4550000429153442,1.4600000381469727,300.0
2026-04-13 14:11:00,MMA.V,,1.2799999713897705,1.2799999713897705,1.2799999713897705,1.2799999713897705,200.0
2026-04-13 14:11:00,NICU.V,,2.359999895095825,2.359999895095825,2.359999895095825,2.359999895095825,1200.0
2026-04-13 14:11:00,PNG.V,,8.800000190734863,8.8100004196167,8.800000190734863,8.800000190734863,900.0
2026-04-13 14:12:00,GEN.V,,0.054999999701976776,0.054999999701976776,0.054999999701976776,0.054999999701976776,12000.0
2026-04-13 14:12:00,GPAC.V,,0.4650000035762787,0.4650000035762787,0.4650000035762787,0.4650000035762787,500.0
2026-04-13 14:12:00,GQC.V,,2.259999990463257,2.259999990463257,2.259999990463257,2.259999990463257,800.0
2026-04-13 14:12:00,HHH.V,,6.550000190734863,6.550000190734863,6.440000057220459,6.440000057220459,5000.0
2026-04-13 14:12:00,HME.V,,2.7950000762939453,2.7950000762939453,2.7899999618530273,2.7899999618530273,3200.0
2026-04-13 14:12:00,LAB.V,,0.07000000029802322,0.07000000029802322,0.07000000029802322,0.07000000029802322,5000.0
2026-04-13 14:12:00,LMN.V,,22.959999084472656,22.969999313354492,22.959999084472656,22.969999313354492,300.0
2026-04-13 14:12:00,LTH.V,,0.9200000166893005,0.9200000166893005,0.9150000214576721,0.9150000214576721,1500.0
2026-04-13 14:12:00,LUCA.V,,1.4600000381469727,1.4600000381469727,1.4600000381469727,1.4600000381469727,100.0
2026-04-13 14:12:00,MMA.V,,1.2799999713897705,1.2799999713897705,1.2799999713897705,1.2799999713897705,100.0
2026-04-13 14:12:00,NICU.V,,2.375,2.375,2.369999885559082,2.369999885559082,400.0
2026-04-13 14:12:00,PNG.V,,8.8100004196167,8.8100004196167,8.8100004196167,8.8100004196167,800.0
2026-04-13 14:13:00,FWZ.V,,4.610000133514404,4.610000133514404,4.610000133514404,4.610000133514404,1400.0
2026-04-13 14:13:00,GG.V,,2.6700000762939453,2.6700000762939453,2.6700000762939453,2.6700000762939453,200.0
2026-04-13 14:13:00,GQC.V,,2.259999990463257,2.259999990463257,2.25,2.25,200.0
2026-04-13 14:13:00,LAB.V,,0.07000000029802322,0.07000000029802322,0.07000000029802322,0.07000000029802322,10000.0
2026-04-13 14:13:00,LUCA.V,,1.475000023841858,1.4800000190734863,1.4550000429153442,1.4600000381469727,198900.0
2026-04-13 14:13:00,MMA.V,,1.2799999713897705,1.2799999713897705,1.2799999713897705,1.2799999713897705,200.0
2026-04-13 14:13:00,NICU.V,,2.369999885559082,2.369999885559082,2.369999885559082,2.369999885559082,9400.0
2026-04-13 14:13:00,NURS.V,,3.0999999046325684,3.0999999046325684,3.0999999046325684,3.0999999046325684,5300.0
2026-04-13 14:13:00,PNG.V,,8.800000190734863,8.8100004196167,8.800000190734863,8.8100004196167,1300.0
2026-04-13 14:14:00,FRED.V,,0.699999988079071,0.699999988079071,0.699999988079071,0.699999988079071,3000.0
2026-04-13 14:14:00,FUU.V,,0.17000000178813934,0.17000000178813934,0.17000000178813934,0.17000000178813934,500.0
2026-04-13 14:14:00,FWZ.V,,4.619999885559082,4.619999885559082,4.619999885559082,4.619999885559082,900.0
2026-04-13 14:14:00,GKO.V,,0.054999999701976776,0.054999999701976776,0.054999999701976776,0.054999999701976776,100000.0
2026-04-13 14:14:00,GQC.V,,2.259999990463257,2.259999990463257,2.25,2.259999990463257,300.0
2026-04-13 14:14:00,GSVR.V,,0.6349999904632568,0.6349999904632568,0.6349999904632568,0.6349999904632568,758.0
2026-04-13 14:14:00,HSTR.V,,2.555000066757202,2.555000066757202,2.555000066757202,2.555000066757202,200.0
2026-04-13 14:14:00,LAB.V,,0.07000000029802322,0.07000000029802322,0.07000000029802322,0.07000000029802322,10000.0
2026-04-13 14:14:00,LUCA.V,,1.475000023841858,1.475000023841858,1.475000023841858,1.475000023841858,400.0
2026-04-13 14:14:00,MKO.V,,9.699999809265137,9.699999809265137,9.699999809265137,9.699999809265137,300.0
2026-04-13 14:14:00,MMA.V,,1.2799999713897705,1.2799999713897705,1.2799999713897705,1.2799999713897705,100.0
2026-04-13 14:14:00,NICU.V,,2.375,2.375,2.375,2.375,400.0
2026-04-13 14:14:00,PNG.V,,8.760000228881836,8.800000190734863,8.760000228881836,8.789999961853027,4200.0
2026-04-13 14:15:00,FDR.V,,4.809999942779541,4.809999942779541,4.809999942779541,4.809999942779541,100.0
2026-04-13 14:15:00,FINV-P.V,,0.07000000029802322,0.07000000029802322,0.07000000029802322,0.07000000029802322,0.0
2026-04-13 14:15:00,FL.V,,0.6499999761581421,0.6499999761581421,0.6499999761581421,0.6499999761581421,1000.0
2026-04-13 14:15:00,GQC.V,,2.259999990463257,2.259999990463257,2.259999990463257,2.259999990463257,100.0
2026-04-13 14:15:00,GSVR.V,,0.6349999904632568,0.6349999904632568,0.6349999904632568,0.6349999904632568,1500.0
2026-04-13 14:15:00,HSTR.V,,2.5399999618530273,2.549999952316284,2.5399999618530273,2.549999952316284,600.0
2026-04-13 14:15:00,ILC.V,,0.019999999552965164,0.019999999552965164,0.019999999552965164,0.019999999552965164,57000.0
2026-04-13 14:15:00,LMN.V,,23.15999984741211,23.15999984741211,23.1200008392334,23.1200008392334,400.0
2026-04-13 14:15:00,LUCA.V,,1.475000023841858,1.475000023841858,1.475000023841858,1.475000023841858,300.0
2026-04-13 14:15:00,MKO.V,,9.699999809265137,9.699999809265137,9.699999809265137,9.699999809265137,300.0
2026-04-13 14:15:00,MLP.V,,2.049999952316284,2.049999952316284,2.049999952316284,2.049999952316284,100.0
2026-04-13 14:15:00,MMA.V,,1.2799999713897705,1.2799999713897705,1.2799999713897705,1.2799999713897705,100.0
2026-04-13 14:15:00,NICU.V,,2.380000114440918,2.380000114440918,2.380000114440918,2.380000114440918,100.0
2026-04-13 14:15:00,PNG.V,,8.779999732971191,8.779999732971191,8.779999732971191,8.779999732971191,500.0
2026-04-13 14:16:00,GQC.V,,2.25,2.25,2.25,2.25,100.0
2026-04-13 14:16:00,HITI.V,,3.2249999046325684,3.2249999046325684,3.2249999046325684,3.2249999046325684,100.0
2026-04-13 14:16:00,ITR.V,,4.190000057220459,4.190000057220459,4.190000057220459,4.190000057220459,400.0
2026-04-13 14:16:00,LIO.V,,0.23499999940395355,0.23499999940395355,0.23499999940395355,0.23499999940395355,10000.0
2026-04-13 14:16:00,LMN.V,,23.290000915527344,23.290000915527344,23.18000030517578,23.18000030517578,800.0
2026-04-13 14:16:00,LTH.V,,0.9200000166893005,0.9200000166893005,0.9200000166893005,0.9200000166893005,3500.0
2026-04-13 14:16:00,LUCA.V,,1.475000023841858,1.475000023841858,1.4700000286102295,1.475000023841858,2200.0
2026-04-13 14:16:00,MMA.V,,1.2799999713897705,1.2799999713897705,1.2799999713897705,1.2799999713897705,300.0
2026-04-13 14:16:00,PNG.V,,8.779999732971191,8.779999732971191,8.779999732971191,8.779999732971191,200.0
2026-04-13 14:16:00,ZNG.V,,1.149999976158142,1.149999976158142,1.149999976158142,1.149999976158142,100.0
2026-04-13 14:17:00,FUU.V,,0.17000000178813934,0.17000000178813934,0.17000000178813934,0.17000000178813934,500.0
2026-04-13 14:17:00,FWZ.V,,4.619999885559082,4.619999885559082,4.619999885559082,4.619999885559082,1700.0
2026-04-13 14:17:00,GQC.V,,2.25,2.25,2.25,2.25,100.0
2026-04-13 14:17:00,GSTM.V,,0.20499999821186066,0.20499999821186066,0.20499999821186066,0.20499999821186066,500.0
2026-04-13 14:17:00,IFOS.V,,3.8499999046325684,3.8499999046325684,3.8499999046325684,3.8499999046325684,100.0
2026-04-13 14:17:00,KTN.V,,1.4700000286102295,1.4700000286102295,1.4700000286102295,1.4700000286102295,100.0
2026-04-13 14:17:00,LITH.V,,0.6700000166893005,0.6700000166893005,0.6700000166893005,0.6700000166893005,4000.0
2026-04-13 14:17:00,LTH.V,,0.9200000166893005,0.9200000166893005,0.9150000214576721,0.9150000214576721,9500.0
2026-04-13 14:17:00,LUCA.V,,1.4700000286102295,1.4800000190734863,1.4700000286102295,1.4700000286102295,1600.0
2026-04-13 14:17:00,MKO.V,,9.75,9.75,9.6899995803833,9.699999809265137,10500.0
2026-04-13 14:17:00,NICU.V,,2.390000104904175,2.390000104904175,2.380000114440918,2.380000114440918,3700.0
2026-04-13 14:17:00,PNG.V,,8.770000457763672,8.770000457763672,8.770000457763672,8.770000457763672,100.0
2026-04-13 14:18:00,BIG.V,,0.699999988079071,0.699999988079071,0.699999988079071,0.699999988079071,19510.0
2026-04-13 14:18:00,FO.V,,0.3149999976158142,0.3149999976158142,0.3149999976158142,0.3149999976158142,500.0
2026-04-13 14:18:00,FRED.V,,0.6899999976158142,0.6899999976158142,0.6899999976158142,0.6899999976158142,17000.0
2026-04-13 14:18:00,FWZ.V,,4.619999885559082,4.630000114440918,4.619999885559082,4.630000114440918,800.0
2026-04-13 14:18:00,GQC.V,,2.25,2.25,2.25,2.25,100.0
2026-04-13 14:18:00,IFOS.V,,3.8299999237060547,3.8499999046325684,3.8299999237060547,3.8499999046325684,900.0
2026-04-13 14:18:00,KTN.V,,1.4700000286102295,1.4700000286102295,1.4700000286102295,1.4700000286102295,1500.0
2026-04-13 14:18:00,LTH.V,,0.9100000262260437,0.9150000214576721,0.9100000262260437,0.9150000214576721,117503.0
2026-04-13 14:18:00,LUCA.V,,1.4800000190734863,1.4800000190734863,1.475000023841858,1.475000023841858,1500.0
2026-04-13 14:18:00,NICU.V,,2.369999885559082,2.390000104904175,2.369999885559082,2.390000104904175,1000.0
2026-04-13 14:18:00,PNG.V,,8.779999732971191,8.779999732971191,8.779999732971191,8.779999732971191,1050.0
2026-04-13 14:19:00,EVER.V,,0.6200000047683716,0.6200000047683716,0.6200000047683716,0.6200000047683716,3500.0
2026-04-13 14:19:00,FL.V,,0.6499999761581421,0.6499999761581421,0.6499999761581421,0.6499999761581421,7000.0
2026-04-13 14:19:00,FRED.V,,0.6899999976158142,0.6899999976158142,0.6899999976158142,0.6899999976158142,5000.0
2026-04-13 14:19:00,GGO.V,,1.0800000429153442,1.0800000429153442,1.0800000429153442,1.0800000429153442,1000.0
2026-04-13 14:19:00,GOT.V,,1.7400000095367432,1.75,1.7350000143051147,1.7350000143051147,8800.0
2026-04-13 14:19:00,GPH.V,,1.2300000190734863,1.2300000190734863,1.2300000190734863,1.2300000190734863,500.0
2026-04-13 14:19:00,GQC.V,,2.2699999809265137,2.2699999809265137,2.2699999809265137,2.2699999809265137,100.0
2026-04-13 14:19:00,HME.V,,2.799999952316284,2.799999952316284,2.799999952316284,2.799999952316284,100.0
2026-04-13 14:19:00,ITR.V,,4.190000057220459,4.190000057220459,4.190000057220459,4.190000057220459,2000.0
2026-04-13 14:19:00,LUCA.V,,1.4800000190734863,1.4800000190734863,1.475000023841858,1.4800000190734863,600.0
2026-04-13 14:19:00,MERG.V,,0.949999988079071,0.949999988079071,0.949999988079071,0.949999988079071,2000.0
2026-04-13 14:19:00,MLP.V,,2.049999952316284,2.049999952316284,2.049999952316284,2.049999952316284,100.0
2026-04-13 14:19:00,MMA.V,,1.2799999713897705,1.2799999713897705,1.2799999713897705,1.2799999713897705,7100.0
2026-04-13 14:19:00,NICU.V,,2.380000114440918,2.380000114440918,2.375,2.375,1900.0
2026-04-13 14:19:00,PNG.V,,8.779999732971191,8.779999732971191,8.779999732971191,8.779999732971191,1000.0
2026-04-13 14:20:00,BIG.V,,0.699999988079071,0.699999988079071,0.699999988079071,0.699999988079071,1000.0
2026-04-13 14:20:00,FUU.V,,0.17000000178813934,0.17000000178813934,0.17000000178813934,0.17000000178813934,500.0
2026-04-13 14:20:00,GGM.V,,0.05000000074505806,0.05000000074505806,0.05000000074505806,0.05000000074505806,39000.0
2026-04-13 14:20:00,GOT.V,,1.7400000095367432,1.7400000095367432,1.7400000095367432,1.7400000095367432,1300.0
2026-04-13 14:20:00,GQC.V,,2.2699999809265137,2.2699999809265137,2.25,2.2699999809265137,300.0
2026-04-13 14:20:00,GSVR.V,,0.6299999952316284,0.6299999952316284,0.6299999952316284,0.6299999952316284,500.0
2026-04-13 14:20:00,HCH.V,,1.4500000476837158,1.4500000476837158,1.4500000476837158,1.4500000476837158,3600.0
2026-04-13 14:20:00,IFOS.V,,3.8399999141693115,3.8399999141693115,3.8399999141693115,3.8399999141693115,100.0
2026-04-13 14:20:00,ITR.V,,4.179999828338623,4.179999828338623,4.179999828338623,4.179999828338623,500.0
2026-04-13 14:20:00,LTH.V,,0.8999999761581421,0.8999999761581421,0.8999999761581421,0.8999999761581421,3250.0
2026-04-13 14:20:00,LUCA.V,,1.4800000190734863,1.4800000190734863,1.475000023841858,1.4800000190734863,1389.0
2026-04-13 14:20:00,NICU.V,,2.380000114440918,2.380000114440918,2.380000114440918,2.380000114440918,400.0
2026-04-13 14:20:00,NURS.V,,3.0999999046325684,3.0999999046325684,3.0999999046325684,3.0999999046325684,100.0
2026-04-13 14:20:00,PNG.V,,8.789999961853027,8.800000190734863,8.779999732971191,8.800000190734863,1300.0
2026-04-13 14:20:00,ROAR.V,,0.25999999046325684,0.25999999046325684,0.25999999046325684,0.25999999046325684,1500.0
2026-04-13 14:21:00,FWZ.V,,4.619999885559082,4.639999866485596,4.619999885559082,4.639999866485596,2100.0
2026-04-13 14:21:00,GQC.V,,2.2699999809265137,2.2699999809265137,2.2699999809265137,2.2699999809265137,100.0
2026-04-13 14:21:00,ITR.V,,4.190000057220459,4.190000057220459,4.190000057220459,4.190000057220459,10900.0
2026-04-13 14:21:00,LG.V,,0.38999998569488525,0.38999998569488525,0.38999998569488525,0.38999998569488525,500.0
2026-04-13 14:21:00,LMN.V,,23.190000534057617,23.190000534057617,23.190000534057617,23.190000534057617,123.0
2026-04-13 14:21:00,LQWD.V,,1.0,1.0,0.9800000190734863,0.9800000190734863,5000.0
2026-04-13 14:21:00,LTH.V,,0.8999999761581421,0.8999999761581421,0.8999999761581421,0.8999999761581421,1000.0
2026-04-13 14:21:00,LUCA.V,,1.4900000095367432,1.4900000095367432,1.4800000190734863,1.4800000190734863,13300.0
2026-04-13 14:21:00,MMA.V,,1.2799999713897705,1.2799999713897705,1.2799999713897705,1.2799999713897705,100.0
2026-04-13 14:21:00,NICU.V,,2.369999885559082,2.380000114440918,2.369999885559082,2.380000114440918,2200.0
2026-04-13 14:21:00,PNG.V,,8.789999961853027,8.789999961853027,8.770000457763672,8.770000457763672,1100.0
2026-04-13 14:22:00,FWZ.V,,4.619999885559082,4.619999885559082,4.619999885559082,4.619999885559082,4500.0
2026-04-13 14:22:00,GPAC.V,,0.4650000035762787,0.4650000035762787,0.4650000035762787,0.4650000035762787,500.0
2026-04-13 14:22:00,GQC.V,,2.25,2.2699999809265137,2.25,2.2699999809265137,400.0
2026-04-13 14:22:00,HME.V,,2.799999952316284,2.799999952316284,2.799999952316284,2.799999952316284,100.0
2026-04-13 14:22:00,ITR.V,,4.195000171661377,4.195000171661377,4.195000171661377,4.195000171661377,100.0
2026-04-13 14:22:00,LTH.V,,0.8999999761581421,0.8999999761581421,0.8999999761581421,0.8999999761581421,500.0
2026-04-13 14:22:00,LUCA.V,,1.4900000095367432,1.4900000095367432,1.4900000095367432,1.4900000095367432,1100.0
2026-04-13 14:22:00,MMA.V,,1.2799999713897705,1.2799999713897705,1.2799999713897705,1.2799999713897705,100.0
2026-04-13 14:22:00,PNG.V,,8.779999732971191,8.789999961853027,8.779999732971191,8.789999961853027,5235.0
2026-04-13 14:23:00,FWZ.V,,4.619999885559082,4.619999885559082,4.619999885559082,4.619999885559082,4100.0
2026-04-13 14:23:00,GGO.V,,1.0700000524520874,1.0700000524520874,1.0700000524520874,1.0700000524520874,9500.0
2026-04-13 14:23:00,GQC.V,,2.2699999809265137,2.2699999809265137,2.25,2.2699999809265137,300.0
2026-04-13 14:23:00,GZD.V,,0.03999999910593033,0.03999999910593033,0.03999999910593033,0.03999999910593033,92000.0
2026-04-13 14:23:00,ITR.V,,4.190000057220459,4.190000057220459,4.190000057220459,4.190000057220459,300.0
2026-04-13 14:23:00,LQWD.V,,1.059999942779541,1.059999942779541,1.059999942779541,1.059999942779541,1000.0
2026-04-13 14:23:00,LTH.V,,0.8999999761581421,0.9049999713897705,0.8999999761581421,0.9049999713897705,10700.0
2026-04-13 14:23:00,LUCA.V,,1.4900000095367432,1.4900000095367432,1.4900000095367432,1.4900000095367432,1100.0
2026-04-13 14:23:00,MLP.V,,2.049999952316284,2.049999952316284,2.049999952316284,2.049999952316284,100.0
2026-04-13 14:23:00,MMA.V,,1.2799999713897705,1.2799999713897705,1.2799999713897705,1.2799999713897705,100.0
2026-04-13 14:23:00,NICU.V,,2.380000114440918,2.390000104904175,2.369999885559082,2.369999885559082,3500.0
2026-04-13 14:23:00,PNG.V,,8.770000457763672,8.779999732971191,8.770000457763672,8.779999732971191,1100.0
2026-04-13 14:23:00,YGT.V,,0.20999999344348907,0.20999999344348907,0.20999999344348907,0.20999999344348907,2000.0
2026-04-13 14:23:00,ZNG.V,,1.149999976158142,1.149999976158142,1.149999976158142,1.149999976158142,100.0
2026-04-13 14:24:00,FUU.V,,0.17000000178813934,0.17000000178813934,0.17000000178813934,0.17000000178813934,500.0
2026-04-13 14:24:00,FWZ.V,,4.619999885559082,4.619999885559082,4.619999885559082,4.619999885559082,1400.0
2026-04-13 14:24:00,GOT.V,,1.7400000095367432,1.7400000095367432,1.7400000095367432,1.7400000095367432,100.0
2026-04-13 14:24:00,GQC.V,,2.2699999809265137,2.2699999809265137,2.25,2.25,200.0
2026-04-13 14:24:00,HITI.V,,3.2200000286102295,3.2200000286102295,3.2200000286102295,3.2200000286102295,100.0
2026-04-13 14:24:00,HME.V,,2.7899999618530273,2.799999952316284,2.7899999618530273,2.799999952316284,1520.0
2026-04-13 14:24:00,IFOS.V,,3.8299999237060547,3.8399999141693115,3.8299999237060547,3.8399999141693115,900.0
2026-04-13 14:24:00,IVS.V,,0.23499999940395355,0.23499999940395355,0.23499999940395355,0.23499999940395355,10447.0
2026-04-13 14:24:00,LITH.V,,0.6700000166893005,0.6700000166893005,0.6700000166893005,0.6700000166893005,2500.0
2026-04-13 14:24:00,LUCA.V,,1.4900000095367432,1.4900000095367432,1.4900000095367432,1.4900000095367432,400.0
2026-04-13 14:24:00,MKO.V,,9.699999809265137,9.699999809265137,9.699999809265137,9.699999809265137,800.0
2026-04-13 14:24:00,MMA.V,,1.2799999713897705,1.2799999713897705,1.2799999713897705,1.2799999713897705,200.0
2026-04-13 14:24:00,MTH.V,,0.04500000178813934,0.04500000178813934,0.04500000178813934,0.04500000178813934,0.0
2026-04-13 14:24:00,NICU.V,,2.380000114440918,2.380000114440918,2.380000114440918,2.380000114440918,100.0
2026-04-13 14:24:00,PNG.V,,8.800000190734863,8.800000190734863,8.779999732971191,8.779999732971191,800.0
2026-04-13 14:25:00,EQTY.V,,0.3199999928474426,0.3199999928474426,0.3199999928474426,0.3199999928474426,2000.0
2026-04-13 14:25:00,FO.V,,0.3149999976158142,0.3149999976158142,0.3149999976158142,0.3149999976158142,500.0
2026-04-13 14:25:00,GOT.V,,1.7400000095367432,1.7400000095367432,1.7400000095367432,1.7400000095367432,800.0
2026-04-13 14:25:00,KRY.V,,3.359999895095825,3.369999885559082,3.359999895095825,3.369999885559082,700.0
2026-04-13 14:25:00,LG.V,,0.38499999046325684,0.38499999046325684,0.38499999046325684,0.38499999046325684,13000.0
2026-04-13 14:25:00,LUCA.V,,1.4900000095367432,1.4900000095367432,1.4850000143051147,1.4900000095367432,1000.0
2026-04-13 14:25:00,MMA.V,,1.2799999713897705,1.2799999713897705,1.2799999713897705,1.2799999713897705,100.0
2026-04-13 14:25:00,MTH.V,,0.04500000178813934,0.04500000178813934,0.04500000178813934,0.04500000178813934,91926.0
2026-04-13 14:25:00,NURS.V,,3.0999999046325684,3.0999999046325684,3.0999999046325684,3.0999999046325684,100.0
2026-04-13 14:25:00,PNG.V,,8.789999961853027,8.789999961853027,8.779999732971191,8.779999732971191,700.0
2026-04-13 14:26:00,FDR.V,,4.829999923706055,4.829999923706055,4.829999923706055,4.829999923706055,100.0
2026-04-13 14:26:00,FKM.V,,0.2549999952316284,0.2549999952316284,0.2549999952316284,0.2549999952316284,121000.0
2026-04-13 14:26:00,GOT.V,,1.7450000047683716,1.7450000047683716,1.7400000095367432,1.7400000095367432,1700.0
2026-04-13 14:26:00,GQC.V,,2.25,2.25,2.25,2.25,100.0
2026-04-13 14:26:00,INTR.V,,0.699999988079071,0.699999988079071,0.699999988079071,0.699999988079071,2000.0
2026-04-13 14:26:00,KTN.V,,1.4600000381469727,1.4600000381469727,1.4600000381469727,1.4600000381469727,200.0
2026-04-13 14:26:00,LUCA.V,,1.4900000095367432,1.4900000095367432,1.4900000095367432,1.4900000095367432,1546.0
2026-04-13 14:26:00,MKO.V,,9.720000267028809,9.720000267028809,9.720000267028809,9.720000267028809,700.0
2026-04-13 14:26:00,MLP.V,,2.049999952316284,2.049999952316284,2.049999952316284,2.049999952316284,100.0
2026-04-13 14:26:00,MTH.V,,0.04500000178813934,0.04500000178813934,0.04500000178813934,0.04500000178813934,9000.0
2026-04-13 14:26:00,NICU.V,,2.375,2.375,2.375,2.375,100.0
2026-04-13 14:26:00,PNG.V,,8.789999961853027,8.800000190734863,8.779999732971191,8.800000190734863,2500.0
2026-04-13 14:27:00,FWZ.V,,4.619999885559082,4.619999885559082,4.619999885559082,4.619999885559082,1500.0
2026-04-13 14:27:00,GQC.V,,2.2699999809265137,2.2699999809265137,2.2699999809265137,2.2699999809265137,100.0
2026-04-13 14:27:00,GR.V,,0.10000000149011612,0.10000000149011612,0.10000000149011612,0.10000000149011612,100000.0
2026-04-13 14:27:00,HVG.V,,0.05999999865889549,0.05999999865889549,0.05999999865889549,0.05999999865889549,15000.0
2026-04-13 14:27:00,KTN.V,,1.4600000381469727,1.4600000381469727,1.4600000381469727,1.4600000381469727,155.0
2026-04-13 14:27:00,LITH.V,,0.6800000071525574,0.6800000071525574,0.6700000166893005,0.6700000166893005,10550.0
2026-04-13 14:27:00,LUCA.V,,1.4850000143051147,1.4900000095367432,1.4850000143051147,1.4900000095367432,1200.0
2026-04-13 14:27:00,MLP.V,,2.069999933242798,2.069999933242798,2.069999933242798,2.069999933242798,200.0
2026-04-13 14:27:00,MMA.V,,1.2799999713897705,1.2799999713897705,1.2799999713897705,1.2799999713897705,1600.0
2026-04-13 14:27:00,NICU.V,,2.380000114440918,2.380000114440918,2.375,2.375,1684.0
2026-04-13 14:27:00,NURS.V,,3.0999999046325684,3.0999999046325684,3.0999999046325684,3.0999999046325684,100.0
2026-04-13 14:27:00,PNG.V,,8.770000457763672,8.800000190734863,8.770000457763672,8.800000190734863,5911.0
2026-04-13 14:28:00,FL.V,,0.6499999761581421,0.6499999761581421,0.6499999761581421,0.6499999761581421,500.0
2026-04-13 14:28:00,FUU.V,,0.17000000178813934,0.17000000178813934,0.17000000178813934,0.17000000178813934,500.0
2026-04-13 14:28:00,GQC.V,,2.2699999809265137,2.2699999809265137,2.25,2.25,300.0
2026-04-13 14:28:00,HME.V,,2.7899999618530273,2.7899999618530273,2.7899999618530273,2.7899999618530273,1500.0
2026-04-13 14:28:00,HSTR.V,,2.5399999618530273,2.5399999618530273,2.5399999618530273,2.5399999618530273,2300.0
2026-04-13 14:28:00,IFOS.V,,3.8299999237060547,3.8299999237060547,3.8299999237060547,3.8299999237060547,100.0
2026-04-13 14:28:00,LUCA.V,,1.4900000095367432,1.4900000095367432,1.4900000095367432,1.4900000095367432,100.0
2026-04-13 14:28:00,NICU.V,,2.369999885559082,2.380000114440918,2.369999885559082,2.380000114440918,1900.0
2026-04-13 14:28:00,PNG.V,,8.779999732971191,8.779999732971191,8.75,8.760000228881836,13845.0
2026-04-13 14:28:00,TUF.V,,0.3100000023841858,0.3100000023841858,0.3100000023841858,0.3100000023841858,20000.0
2026-04-13 14:29:00,FRED.V,,0.699999988079071,0.699999988079071,0.699999988079071,0.699999988079071,3000.0
2026-04-13 14:29:00,FWZ.V,,4.619999885559082,4.619999885559082,4.619999885559082,4.619999885559082,2950.0
2026-04-13 14:29:00,GGM.V,,0.05000000074505806,0.05000000074505806,0.05000000074505806,0.05000000074505806,92000.0
2026-04-13 14:29:00,GOT.V,,1.7400000095367432,1.7400000095367432,1.7400000095367432,1.7400000095367432,200.0
2026-04-13 14:29:00,GQC.V,,2.25,2.25,2.25,2.25,100.0
2026-04-13 14:29:00,GSPR.V,,0.11500000208616257,0.11500000208616257,0.11500000208616257,0.11500000208616257,10000.0
2026-04-13 14:29:00,GSVR.V,,0.6299999952316284,0.6299999952316284,0.6299999952316284,0.6299999952316284,500.0
2026-04-13 14:29:00,ITR.V,,4.190000057220459,4.190000057220459,4.190000057220459,4.190000057220459,900.0
2026-04-13 14:29:00,LMN.V,,23.209999084472656,23.209999084472656,23.209999084472656,23.209999084472656,100.0
2026-04-13 14:29:00,LTH.V,,0.8799999952316284,0.8999999761581421,0.8799999952316284,0.8999999761581421,25000.0
2026-04-13 14:29:00,LUCA.V,,1.4900000095367432,1.4900000095367432,1.4900000095367432,1.4900000095367432,300.0
2026-04-13 14:29:00,NICU.V,,2.369999885559082,2.369999885559082,2.369999885559082,2.369999885559082,200.0
2026-04-13 14:29:00,PNG.V,,8.779999732971191,8.779999732971191,8.779999732971191,8.779999732971191,2550.0
2026-04-13 14:30:00,GPAC.V,,0.4724999964237213,0.47999998927116394,0.4699999988079071,0.4699999988079071,51000.0
2026-04-13 14:30:00,GQC.V,,2.2699999809265137,2.2699999809265137,2.25,2.25,200.0
2026-04-13 14:30:00,LG.V,,0.38499999046325684,0.38499999046325684,0.38499999046325684,0.38499999046325684,3500.0
2026-04-13 14:30:00,LITH.V,,0.6800000071525574,0.6800000071525574,0.6800000071525574,0.6800000071525574,14500.0
2026-04-13 14:30:00,LTH.V,,0.8849999904632568,0.8899999856948853,0.8799999952316284,0.8799999952316284,18000.0
2026-04-13 14:30:00,LUCA.V,,1.4900000095367432,1.4900000095367432,1.4900000095367432,1.4900000095367432,600.0
2026-04-13 14:30:00,MKO.V,,9.699999809265137,9.699999809265137,9.699999809265137,9.699999809265137,100.0
2026-04-13 14:30:00,MLP.V,,2.049999952316284,2.049999952316284,2.049999952316284,2.049999952316284,100.0
2026-04-13 14:30:00,MMA.V,,1.2799999713897705,1.2799999713897705,1.2799999713897705,1.2799999713897705,2350.0
2026-04-13 14:30:00,NICU.V,,2.369999885559082,2.369999885559082,2.369999885559082,2.369999885559082,1300.0
2026-04-13 14:30:00,PNG.V,,8.789999961853027,8.789999961853027,8.779999732971191,8.779999732971191,4720.0
2026-04-13 14:31:00,FA.V,,0.07500000298023224,0.07500000298023224,0.06499999761581421,0.06499999761581421,40000.0
2026-04-13 14:31:00,FL.V,,0.6449999809265137,0.6449999809265137,0.6449999809265137,0.6449999809265137,500.0
2026-04-13 14:31:00,FUU.V,,0.17000000178813934,0.17000000178813934,0.17000000178813934,0.17000000178813934,500.0
2026-04-13 14:31:00,FWZ.V,,4.619999885559082,4.619999885559082,4.619999885559082,4.619999885559082,1900.0
2026-04-13 14:31:00,GCOM.V,,0.03500000014901161,0.03500000014901161,0.03500000014901161,0.03500000014901161,60000.0
2026-04-13 14:31:00,GOT.V,,1.7400000095367432,1.7400000095367432,1.7400000095367432,1.7400000095367432,600.0
2026-04-13 14:31:00,GRSL.V,,0.33000001311302185,0.33500000834465027,0.33000001311302185,0.33500000834465027,6500.0
2026-04-13 14:31:00,GSR.V,,0.5199999809265137,0.5199999809265137,0.5199999809265137,0.5199999809265137,12000.0
2026-04-13 14:31:00,GSTM.V,,0.20000000298023224,0.20000000298023224,0.20000000298023224,0.20000000298023224,1500.0
2026-04-13 14:31:00,KTN.V,,1.4600000381469727,1.4600000381469727,1.4600000381469727,1.4600000381469727,2000.0
2026-04-13 14:31:00,LTH.V,,0.8799999952316284,0.8799999952316284,0.8799999952316284,0.8799999952316284,500.0
2026-04-13 14:31:00,LUCA.V,,1.4900000095367432,1.4900000095367432,1.4900000095367432,1.4900000095367432,800.0
2026-04-13 14:31:00,NICU.V,,2.369999885559082,2.369999885559082,2.369999885559082,2.369999885559082,800.0
2026-04-13 14:31:00,ZNG.V,,1.149999976158142,1.149999976158142,1.149999976158142,1.149999976158142,100.0
2026-04-13 14:32:00,FO.V,,0.3149999976158142,0.3149999976158142,0.3149999976158142,0.3149999976158142,500.0
2026-04-13 14:32:00,FRED.V,,0.7099999785423279,0.7099999785423279,0.699999988079071,0.699999988079071,40000.0
2026-04-13 14:32:00,GOT.V,,1.7350000143051147,1.7350000143051147,1.7350000143051147,1.7350000143051147,1500.0
2026-04-13 14:32:00,GQC.V,,2.25,2.2699999809265137,2.25,2.2699999809265137,300.0
2026-04-13 14:32:00,MMA.V,,1.2799999713897705,1.2799999713897705,1.2799999713897705,1.2799999713897705,100.0
2026-04-13 14:33:00,FDR.V,,4.820000171661377,4.820000171661377,4.820000171661377,4.820000171661377,100.0
2026-04-13 14:33:00,FMS.V,,0.3799999952316284,0.3799999952316284,0.3799999952316284,0.3799999952316284,1000.0
2026-04-13 14:33:00,GG.V,,2.6700000762939453,2.6700000762939453,2.6700000762939453,2.6700000762939453,500.0
2026-04-13 14:33:00,GQC.V,,2.25,2.25,2.25,2.25,100.0
2026-04-13 14:33:00,ITR.V,,4.199999809265137,4.199999809265137,4.199999809265137,4.199999809265137,45780.0
2026-04-13 14:33:00,LITH.V,,0.6800000071525574,0.6800000071525574,0.6800000071525574,0.6800000071525574,19500.0
2026-04-13 14:33:00,LMN.V,,23.229999542236328,23.229999542236328,23.190000534057617,23.190000534057617,300.0
2026-04-13 14:33:00,LTH.V,,0.8899999856948853,0.8899999856948853,0.8849999904632568,0.8849999904632568,1500.0
2026-04-13 14:33:00,LUCA.V,,1.4850000143051147,1.4900000095367432,1.4850000143051147,1.4900000095367432,800.0
2026-04-13 14:33:00,LVG.V,,0.3174999952316284,0.3199999928474426,0.3174999952316284,0.3199999928474426,1000.0
2026-04-13 14:33:00,MLP.V,,2.049999952316284,2.049999952316284,2.049999952316284,2.049999952316284,262.0
2026-04-13 14:33:00,NICU.V,,2.380000114440918,2.380000114440918,2.375,2.375,1100.0
2026-04-13 14:33:00,PNG.V,,8.800000190734863,8.800000190734863,8.800000190734863,8.800000190734863,600.0
2026-04-13 14:34:00,FAIR.V,,0.07500000298023224,0.07500000298023224,0.07500000298023224,0.07500000298023224,16000.0
2026-04-13 14:34:00,FKM.V,,0.2549999952316284,0.2549999952316284,0.2549999952316284,0.2549999952316284,18500.0
2026-04-13 14:34:00,FUU.V,,0.17499999701976776,0.17499999701976776,0.17000000178813934,0.17000000178813934,135500.0
2026-04-13 14:34:00,FWZ.V,,4.619999885559082,4.619999885559082,4.619999885559082,4.619999885559082,1300.0
2026-04-13 14:34:00,GQC.V,,2.2699999809265137,2.2699999809265137,2.2699999809265137,2.2699999809265137,100.0
2026-04-13 14:34:00,HHH.V,,6.599999904632568,6.599999904632568,6.539999961853027,6.539999961853027,2000.0
2026-04-13 14:34:00,HITI.V,,3.2200000286102295,3.2200000286102295,3.2200000286102295,3.2200000286102295,100.0
2026-04-13 14:34:00,HME.V,,2.799999952316284,2.799999952316284,2.799999952316284,2.799999952316284,100.0
2026-04-13 14:34:00,LITH.V,,0.6800000071525574,0.6800000071525574,0.6800000071525574,0.6800000071525574,6000.0
2026-04-13 14:34:00,LMN.V,,23.110000610351562,23.1299991607666,23.110000610351562,23.1299991607666,300.0
2026-04-13 14:34:00,LTH.V,,0.8999999761581421,0.8999999761581421,0.8999999761581421,0.8999999761581421,1500.0
2026-04-13 14:34:00,LUCA.V,,1.4900000095367432,1.4900000095367432,1.4900000095367432,1.4900000095367432,200.0
2026-04-13 14:34:00,LVG.V,,0.3199999928474426,0.3199999928474426,0.3199999928474426,0.3199999928474426,4500.0
2026-04-13 14:34:00,MLP.V,,2.069999933242798,2.069999933242798,2.069999933242798,2.069999933242798,300.0
2026-04-13 14:34:00,NICU.V,,2.380000114440918,2.380000114440918,2.380000114440918,2.380000114440918,100.0
2026-04-13 14:34:00,NURS.V,,3.0999999046325684,3.0999999046325684,3.0999999046325684,3.0999999046325684,100.0
2026-04-13 14:34:00,PNG.V,,8.859999656677246,8.880000114440918,8.800000190734863,8.800000190734863,43014.0
2026-04-13 14:35:00,FRED.V,,0.7099999785423279,0.7099999785423279,0.7099999785423279,0.7099999785423279,1000.0
2026-04-13 14:35:00,GEL.V,,0.14000000059604645,0.14000000059604645,0.14000000059604645,0.14000000059604645,4000.0
2026-04-13 14:35:00,GOT.V,,1.7450000047683716,1.7450000047683716,1.7400000095367432,1.7400000095367432,200.0
2026-04-13 14:35:00,GQC.V,,2.25,2.25,2.25,2.25,100.0
2026-04-13 14:35:00,HSTR.V,,2.549999952316284,2.549999952316284,2.549999952316284,2.549999952316284,400.0
2026-04-13 14:35:00,IFOS.V,,3.8299999237060547,3.8299999237060547,3.8299999237060547,3.8299999237060547,100.0
2026-04-13 14:35:00,LTH.V,,0.9049999713897705,0.9049999713897705,0.9049999713897705,0.9049999713897705,1000.0
2026-04-13 14:35:00,LUCA.V,,1.5,1.5,1.4900000095367432,1.4900000095367432,600.0
2026-04-13 14:35:00,NICU.V,,2.380000114440918,2.380000114440918,2.380000114440918,2.380000114440918,900.0
2026-04-13 14:35:00,PNG.V,,8.899999618530273,8.90999984741211,8.869999885559082,8.869999885559082,31707.0
2026-04-13 14:35:00,ZNG.V,,1.1399999856948853,1.1399999856948853,1.1399999856948853,1.1399999856948853,100.0
2026-04-13 14:36:00,FWZ.V,,4.639999866485596,4.659999847412109,4.639999866485596,4.659999847412109,1800.0
2026-04-13 14:36:00,GQC.V,,2.25,2.2699999809265137,2.25,2.2699999809265137,200.0
2026-04-13 14:36:00,KTN.V,,1.4700000286102295,1.4700000286102295,1.4700000286102295,1.4700000286102295,400.0
2026-04-13 14:36:00,LG.V,,0.38499999046325684,0.38499999046325684,0.38499999046325684,0.38499999046325684,1500.0
2026-04-13 14:36:00,LMN.V,,23.290000915527344,23.290000915527344,23.290000915527344,23.290000915527344,400.0
2026-04-13 14:36:00,LTH.V,,0.9049999713897705,0.9049999713897705,0.9049999713897705,0.9049999713897705,1500.0
2026-04-13 14:36:00,LUCA.V,,1.4950000047683716,1.5,1.4950000047683716,1.5,200.0
2026-04-13 14:36:00,MMA.V,,1.2699999809265137,1.2699999809265137,1.2699999809265137,1.2699999809265137,100.0
2026-04-13 14:36:00,NICU.V,,2.380000114440918,2.380000114440918,2.380000114440918,2.380000114440918,600.0
2026-04-13 14:36:00,PNG.V,,8.880000114440918,8.890000343322754,8.880000114440918,8.890000343322754,400.0
2026-04-13 14:36:00,ZNG.V,,1.149999976158142,1.149999976158142,1.149999976158142,1.149999976158142,200.0
2026-04-13 14:37:00,ESK.V,,0.4350000023841858,0.4350000023841858,0.4350000023841858,0.4350000023841858,1000.0
2026-04-13 14:37:00,FUU.V,,0.17499999701976776,0.17499999701976776,0.17499999701976776,0.17499999701976776,2500.0
2026-04-13 14:37:00,GCOM.V,,0.03999999910593033,0.03999999910593033,0.03999999910593033,0.03999999910593033,1000.0
2026-04-13 14:37:00,GOT.V,,1.7400000095367432,1.7400000095367432,1.7400000095367432,1.7400000095367432,250.0
2026-04-13 14:37:00,GQC.V,,2.25,2.25,2.25,2.25,100.0
2026-04-13 14:37:00,ITR.V,,4.210000038146973,4.210000038146973,4.210000038146973,4.210000038146973,110.0
2026-04-13 14:37:00,LG.V,,0.38499999046325684,0.38499999046325684,0.38499999046325684,0.38499999046325684,500.0
2026-04-13 14:37:00,LMN.V,,23.200000762939453,23.209999084472656,23.200000762939453,23.209999084472656,200.0
2026-04-13 14:37:00,LTH.V,,0.9049999713897705,0.9049999713897705,0.9049999713897705,0.9049999713897705,1000.0
2026-04-13 14:37:00,LUCA.V,,1.5,1.5,1.4950000047683716,1.4950000047683716,2200.0
2026-04-13 14:37:00,MLP.V,,2.049999952316284,2.049999952316284,2.049999952316284,2.049999952316284,500.0
2026-04-13 14:37:00,MMA.V,,1.2699999809265137,1.2699999809265137,1.2699999809265137,1.2699999809265137,100.0
2026-04-13 14:37:00,NICU.V,,2.380000114440918,2.380000114440918,2.380000114440918,2.380000114440918,100.0
2026-04-13 14:37:00,PNG.V,,8.90999984741211,8.90999984741211,8.899999618530273,8.899999618530273,6017.0
2026-04-13 14:38:00,FO.V,,0.3149999976158142,0.3149999976158142,0.3149999976158142,0.3149999976158142,500.0
2026-04-13 14:38:00,FWZ.V,,4.639999866485596,4.639999866485596,4.639999866485596,4.639999866485596,1900.0
2026-04-13 14:38:00,GHL.V,,0.054999999701976776,0.054999999701976776,0.054999999701976776,0.054999999701976776,10000.0
2026-04-13 14:38:00,GOT.V,,1.7400000095367432,1.7400000095367432,1.7400000095367432,1.7400000095367432,700.0
2026-04-13 14:38:00,GQC.V,,2.2699999809265137,2.2699999809265137,2.2699999809265137,2.2699999809265137,100.0
2026-04-13 14:38:00,GTC.V,,0.20000000298023224,0.20000000298023224,0.20000000298023224,0.20000000298023224,96000.0
2026-04-13 14:38:00,HME.V,,2.799999952316284,2.799999952316284,2.799999952316284,2.799999952316284,200.0
2026-04-13 14:38:00,IFOS.V,,3.8299999237060547,3.8299999237060547,3.8299999237060547,3.8299999237060547,100.0
2026-04-13 14:38:00,LTH.V,,0.9049999713897705,0.9049999713897705,0.9049999713897705,0.9049999713897705,1500.0
2026-04-13 14:38:00,LUCA.V,,1.5,1.5,1.5,1.5,600.0
2026-04-13 14:38:00,NICU.V,,2.380000114440918,2.380000114440918,2.380000114440918,2.380000114440918,100.0
2026-04-13 14:38:00,PNG.V,,8.899999618530273,8.899999618530273,8.899999618530273,8.899999618530273,900.0
2026-04-13 14:39:00,FDR.V,,4.820000171661377,4.820000171661377,4.820000171661377,4.820000171661377,300.0
2026-04-13 14:39:00,GOT.V,,1.7400000095367432,1.7400000095367432,1.7400000095367432,1.7400000095367432,900.0
2026-04-13 14:39:00,GQC.V,,2.25,2.25,2.25,2.25,100.0
2026-04-13 14:39:00,IPT.V,,0.2549999952316284,0.2549999952316284,0.2549999952316284,0.2549999952316284,25000.0
2026-04-13 14:39:00,LMN.V,,23.219999313354492,23.229999542236328,23.219999313354492,23.229999542236328,300.0
2026-04-13 14:39:00,LTH.V,,0.9049999713897705,0.9049999713897705,0.9049999713897705,0.9049999713897705,1500.0
2026-04-13 14:39:00,LUCA.V,,1.4950000047683716,1.5,1.4900000095367432,1.5,2200.0
2026-04-13 14:39:00,MMA.V,,1.2699999809265137,1.2699999809265137,1.2699999809265137,1.2699999809265137,100.0
2026-04-13 14:39:00,NICU.V,,2.380000114440918,2.380000114440918,2.380000114440918,2.380000114440918,200.0
2026-04-13 14:39:00,PNG.V,,8.899999618530273,8.899999618530273,8.890000343322754,8.899999618530273,4800.0
2026-04-13 14:40:00,FDR.V,,4.820000171661377,4.820000171661377,4.820000171661377,4.820000171661377,500.0
2026-04-13 14:40:00,FWZ.V,,4.650000095367432,4.650000095367432,4.630000114440918,4.630000114440918,2600.0
2026-04-13 14:40:00,GG.V,,2.6700000762939453,2.6700000762939453,2.6700000762939453,2.6700000762939453,1000.0
2026-04-13 14:40:00,GQC.V,,2.2699999809265137,2.2699999809265137,2.2699999809265137,2.2699999809265137,100.0
2026-04-13 14:40:00,GSTM.V,,0.20499999821186066,0.20499999821186066,0.20499999821186066,0.20499999821186066,4500.0
2026-04-13 14:40:00,LITH.V,,0.6800000071525574,0.6800000071525574,0.6800000071525574,0.6800000071525574,4500.0
2026-04-13 14:40:00,LTH.V,,0.9049999713897705,0.9049999713897705,0.9049999713897705,0.9049999713897705,1000.0
2026-04-13 14:40:00,LUCA.V,,1.4950000047683716,1.4950000047683716,1.4950000047683716,1.4950000047683716,500.0
2026-04-13 14:40:00,NICU.V,,2.380000114440918,2.380000114440918,2.380000114440918,2.380000114440918,300.0
2026-04-13 14:40:00,PNG.V,,8.920000076293945,8.920000076293945,8.890000343322754,8.895000457763672,19727.0
2026-04-13 14:41:00,EVER.V,,0.6200000047683716,0.6200000047683716,0.6200000047683716,0.6200000047683716,13500.0
2026-04-13 14:41:00,FDR.V,,4.820000171661377,4.820000171661377,4.820000171661377,4.820000171661377,200.0
2026-04-13 14:41:00,FWZ.V,,4.630000114440918,4.630000114440918,4.630000114440918,4.630000114440918,1400.0
2026-04-13 14:41:00,GQC.V,,2.25,2.25,2.25,2.25,300.0
2026-04-13 14:41:00,HCH.V,,1.4299999475479126,1.4299999475479126,1.4299999475479126,1.4299999475479126,100.0
2026-04-13 14:41:00,IFOS.V,,3.8399999141693115,3.8399999141693115,3.8399999141693115,3.8399999141693115,100.0
2026-04-13 14:41:00,LTH.V,,0.9049999713897705,0.9049999713897705,0.9049999713897705,0.9049999713897705,1500.0
2026-04-13 14:41:00,LUCA.V,,1.5,1.5,1.4950000047683716,1.4950000047683716,600.0
2026-04-13 14:41:00,MMA.V,,1.2699999809265137,1.2699999809265137,1.2699999809265137,1.2699999809265137,100.0
2026-04-13 14:41:00,NICU.V,,2.380000114440918,2.380000114440918,2.380000114440918,2.380000114440918,200.0
2026-04-13 14:41:00,NURS.V,,3.0999999046325684,3.0999999046325684,3.0999999046325684,3.0999999046325684,100.0
2026-04-13 14:41:00,PNG.V,,8.899999618530273,8.930000305175781,8.899999618530273,8.920000076293945,3700.0
2026-04-13 14:41:00,TUF.V,,0.3149999976158142,0.3149999976158142,0.3149999976158142,0.3149999976158142,8000.0
2026-04-13 14:42:00,BIG.V,,0.6949999928474426,0.6949999928474426,0.6949999928474426,0.6949999928474426,3000.0
2026-04-13 14:42:00,FDR.V,,4.820000171661377,4.820000171661377,4.820000171661377,4.820000171661377,100.0
2026-04-13 14:42:00,FUU.V,,0.17499999701976776,0.17499999701976776,0.17499999701976776,0.17499999701976776,500.0
2026-04-13 14:42:00,FWZ.V,,4.630000114440918,4.630000114440918,4.630000114440918,4.630000114440918,1700.0
2026-04-13 14:42:00,GQC.V,,2.25,2.2699999809265137,2.25,2.2699999809265137,200.0
2026-04-13 14:42:00,IFOS.V,,3.8399999141693115,3.8399999141693115,3.8399999141693115,3.8399999141693115,100.0
2026-04-13 14:42:00,LMN.V,,23.309999465942383,23.309999465942383,23.309999465942383,23.309999465942383,100.0
2026-04-13 14:42:00,LPK.V,,0.33500000834465027,0.33500000834465027,0.33500000834465027,0.33500000834465027,500.0
2026-04-13 14:42:00,LTH.V,,0.9049999713897705,0.9049999713897705,0.9049999713897705,0.9049999713897705,1500.0
2026-04-13 14:42:00,LUCA.V,,1.5,1.5,1.4950000047683716,1.5,1100.0
2026-04-13 14:42:00,MMA.V,,1.2699999809265137,1.2699999809265137,1.2699999809265137,1.2699999809265137,100.0
2026-04-13 14:42:00,NICU.V,,2.380000114440918,2.380000114440918,2.380000114440918,2.380000114440918,100.0
2026-04-13 14:42:00,PNG.V,,8.899999618530273,8.899999618530273,8.899999618530273,8.899999618530273,100.0
2026-04-13 14:42:00,ZNG.V,,1.149999976158142,1.149999976158142,1.149999976158142,1.149999976158142,100.0
2026-04-13 14:43:00,FWZ.V,,4.619999885559082,4.630000114440918,4.619999885559082,4.630000114440918,700.0
2026-04-13 14:43:00,GOT.V,,1.7450000047683716,1.7450000047683716,1.7400000095367432,1.7400000095367432,200.0
2026-04-13 14:43:00,GSPR.V,,0.10499999672174454,0.10999999940395355,0.10499999672174454,0.10999999940395355,30100.0
2026-04-13 14:43:00,LTH.V,,0.9049999713897705,0.9049999713897705,0.9049999713897705,0.9049999713897705,1500.0
2026-04-13 14:43:00,LUCA.V,,1.4950000047683716,1.5,1.4950000047683716,1.5,700.0
2026-04-13 14:43:00,NICU.V,,2.380000114440918,2.380000114440918,2.380000114440918,2.380000114440918,400.0
2026-04-13 14:43:00,PNG.V,,8.890000343322754,8.899999618530273,8.890000343322754,8.899999618530273,8307.0
2026-04-13 14:44:00,FDR.V,,4.820000171661377,4.820000171661377,4.820000171661377,4.820000171661377,100.0
2026-04-13 14:44:00,FUU.V,,0.17499999701976776,0.17499999701976776,0.17499999701976776,0.17499999701976776,500.0
2026-04-13 14:44:00,FWZ.V,,4.619999885559082,4.619999885559082,4.619999885559082,4.619999885559082,1200.0
2026-04-13 14:44:00,GQC.V,,2.2699999809265137,2.2699999809265137,2.25,2.25,200.0
2026-04-13 14:44:00,HME.V,,2.799999952316284,2.799999952316284,2.799999952316284,2.799999952316284,100.0
2026-04-13 14:44:00,KLD.V,,2.5799999237060547,2.5799999237060547,2.5799999237060547,2.5799999237060547,100.0
2026-04-13 14:44:00,LITH.V,,0.675000011920929,0.675000011920929,0.675000011920929,0.675000011920929,500.0
2026-04-13 14:44:00,LMN.V,,23.469999313354492,23.469999313354492,23.389999389648438,23.389999389648438,3210.0
2026-04-13 14:44:00,LTH.V,,0.8999999761581421,0.9049999713897705,0.8999999761581421,0.9049999713897705,2000.0
2026-04-13 14:44:00,LUCA.V,,1.5,1.5,1.5,1.5,600.0
2026-04-13 14:44:00,MJS.V,,0.14499999582767487,0.14499999582767487,0.14499999582767487,0.14499999582767487,500.0
2026-04-13 14:44:00,MKO.V,,9.729999542236328,9.729999542236328,9.729999542236328,9.729999542236328,100.0
2026-04-13 14:44:00,NICU.V,,2.380000114440918,2.380000114440918,2.380000114440918,2.380000114440918,100.0
2026-04-13 14:44:00,PNG.V,,8.890000343322754,8.90999984741211,8.890000343322754,8.890000343322754,2213.0
2026-04-13 14:45:00,FDR.V,,4.820000171661377,4.820000171661377,4.820000171661377,4.820000171661377,750.0
2026-04-13 14:45:00,FO.V,,0.3149999976158142,0.3149999976158142,0.3149999976158142,0.3149999976158142,500.0
2026-04-13 14:45:00,FWZ.V,,4.619999885559082,4.630000114440918,4.619999885559082,4.619999885559082,1400.0
2026-04-13 14:45:00,GQC.V,,2.25,2.25,2.25,2.25,100.0
2026-04-13 14:45:00,HITI.V,,3.2300000190734863,3.2300000190734863,3.2300000190734863,3.2300000190734863,100.0
2026-04-13 14:45:00,HME.V,,2.799999952316284,2.799999952316284,2.799999952316284,2.799999952316284,800.0
2026-04-13 14:45:00,IFOS.V,,3.8399999141693115,3.8399999141693115,3.8399999141693115,3.8399999141693115,100.0
2026-04-13 14:45:00,LTH.V,,0.9049999713897705,0.9049999713897705,0.9049999713897705,0.9049999713897705,1000.0
2026-04-13 14:45:00,LUCA.V,,1.5,1.5,1.5,1.5,600.0
2026-04-13 14:45:00,MMA.V,,1.2699999809265137,1.2699999809265137,1.2699999809265137,1.2699999809265137,100.0
2026-04-13 14:45:00,NICU.V,,2.380000114440918,2.380000114440918,2.380000114440918,2.380000114440918,100.0
2026-04-13 14:45:00,PNG.V,,8.90999984741211,8.90999984741211,8.90999984741211,8.90999984741211,2300.0
2026-04-13 14:46:00,FMS.V,,0.38999998569488525,0.38999998569488525,0.38999998569488525,0.38999998569488525,3000.0
2026-04-13 14:46:00,FUU.V,,0.17499999701976776,0.17499999701976776,0.17499999701976776,0.17499999701976776,500.0
2026-04-13 14:46:00,GSVR.V,,0.6349999904632568,0.6349999904632568,0.6349999904632568,0.6349999904632568,1000.0
2026-04-13 14:46:00,HSTR.V,,2.559999942779541,2.559999942779541,2.549999952316284,2.549999952316284,13200.0
2026-04-13 14:46:00,LG.V,,0.38749998807907104,0.38749998807907104,0.38749998807907104,0.38749998807907104,1000.0
2026-04-13 14:46:00,LITH.V,,0.6800000071525574,0.6800000071525574,0.6800000071525574,0.6800000071525574,500.0
2026-04-13 14:46:00,LMN.V,,23.309999465942383,23.31999969482422,23.309999465942383,23.31999969482422,300.0
2026-04-13 14:46:00,LTH.V,,0.9049999713897705,0.9100000262260437,0.9049999713897705,0.9049999713897705,1500.0
2026-04-13 14:46:00,LUCA.V,,1.5,1.5,1.4900000095367432,1.5,800.0
2026-04-13 14:46:00,NICU.V,,2.380000114440918,2.380000114440918,2.380000114440918,2.380000114440918,500.0
2026-04-13 14:46:00,PNG.V,,8.90999984741211,8.90999984741211,8.899999618530273,8.90999984741211,3100.0
2026-04-13 14:47:00,FUU.V,,0.17499999701976776,0.17499999701976776,0.17499999701976776,0.17499999701976776,6500.0
2026-04-13 14:47:00,FWZ.V,,4.610000133514404,4.610000133514404,4.610000133514404,4.610000133514404,3700.0
2026-04-13 14:47:00,GQC.V,,2.25,2.2699999809265137,2.25,2.2699999809265137,200.0
2026-04-13 14:47:00,HI.V,,0.1550000011920929,0.1550000011920929,0.1550000011920929,0.1550000011920929,58000.0
2026-04-13 14:47:00,HSTR.V,,2.569999933242798,2.569999933242798,2.559999942779541,2.559999942779541,2600.0
2026-04-13 14:47:00,LTH.V,,0.9100000262260437,0.9100000262260437,0.9049999713897705,0.9049999713897705,2500.0
2026-04-13 14:47:00,LUCA.V,,1.5,1.5,1.4900000095367432,1.5,600.0
2026-04-13 14:47:00,MMA.V,,1.2699999809265137,1.2699999809265137,1.2699999809265137,1.2699999809265137,100.0
2026-04-13 14:47:00,PNG.V,,8.899999618530273,8.920000076293945,8.899999618530273,8.920000076293945,1000.0
2026-04-13 14:48:00,FDR.V,,4.840000152587891,4.849999904632568,4.840000152587891,4.849999904632568,200.0
2026-04-13 14:48:00,FWZ.V,,4.619999885559082,4.619999885559082,4.619999885559082,4.619999885559082,1100.0
2026-04-13 14:48:00,GG.V,,2.6700000762939453,2.6700000762939453,2.6700000762939453,2.6700000762939453,5500.0
2026-04-13 14:48:00,GOT.V,,1.75,1.75,1.75,1.75,12900.0
2026-04-13 14:48:00,ITR.V,,4.21999979019165,4.21999979019165,4.21999979019165,4.21999979019165,200.0
2026-04-13 14:48:00,LMN.V,,23.559999465942383,23.559999465942383,23.559999465942383,23.559999465942383,100.0
2026-04-13 14:48:00,LTH.V,,0.9049999713897705,0.9100000262260437,0.9049999713897705,0.9100000262260437,3000.0
2026-04-13 14:48:00,LUCA.V,,1.5,1.5,1.4900000095367432,1.4900000095367432,300.0
2026-04-13 14:48:00,MKO.V,,9.729999542236328,9.729999542236328,9.729999542236328,9.729999542236328,200.0
2026-04-13 14:48:00,PNG.V,,8.920000076293945,8.920000076293945,8.899999618530273,8.920000076293945,2350.0
2026-04-13 14:49:00,FDR.V,,4.849999904632568,4.849999904632568,4.840000152587891,4.840000152587891,200.0
2026-04-13 14:49:00,FUU.V,,0.17499999701976776,0.17499999701976776,0.17499999701976776,0.17499999701976776,500.0
2026-04-13 14:49:00,GG.V,,2.6700000762939453,2.6700000762939453,2.6700000762939453,2.6700000762939453,1500.0
2026-04-13 14:49:00,GMA.V,,0.28999999165534973,0.28999999165534973,0.28999999165534973,0.28999999165534973,500.0
2026-04-13 14:49:00,GQC.V,,2.25,2.25,2.25,2.25,100.0
2026-04-13 14:49:00,GRSL.V,,0.3400000035762787,0.3400000035762787,0.3400000035762787,0.3400000035762787,14500.0
2026-04-13 14:49:00,HMR.V,,0.8100000023841858,0.8100000023841858,0.8100000023841858,0.8100000023841858,1000.0
2026-04-13 14:49:00,HPQ.V,,0.18000000715255737,0.18000000715255737,0.18000000715255737,0.18000000715255737,20060.0
2026-04-13 14:49:00,IZN.V,,0.054999999701976776,0.054999999701976776,0.054999999701976776,0.054999999701976776,0.0
2026-04-13 14:49:00,KTN.V,,1.4700000286102295,1.4700000286102295,1.4700000286102295,1.4700000286102295,200.0
2026-04-13 14:49:00,LMN.V,,23.56999969482422,23.56999969482422,23.520000457763672,23.520000457763672,1263.0
2026-04-13 14:49:00,LTH.V,,0.9049999713897705,0.9200000166893005,0.9049999713897705,0.9100000262260437,4000.0
2026-04-13 14:49:00,LUCA.V,,1.5,1.5,1.4900000095367432,1.5,800.0
2026-04-13 14:49:00,MKO.V,,9.729999542236328,9.729999542236328,9.729999542236328,9.729999542236328,100.0
2026-04-13 14:49:00,MMA.V,,1.2699999809265137,1.2699999809265137,1.2699999809265137,1.2699999809265137,500.0
2026-04-13 14:49:00,NURS.V,,3.0999999046325684,3.0999999046325684,3.0999999046325684,3.0999999046325684,200.0
2026-04-13 14:49:00,TUF.V,,0.3149999976158142,0.3149999976158142,0.3149999976158142,0.3149999976158142,8000.0
2026-04-13 14:50:00,ELL.V,,0.07999999821186066,0.07999999821186066,0.07999999821186066,0.07999999821186066,2000.0
2026-04-13 14:50:00,FMS.V,,0.38999998569488525,0.38999998569488525,0.38999998569488525,0.38999998569488525,1000.0
2026-04-13 14:50:00,GG.V,,2.6700000762939453,2.6700000762939453,2.6700000762939453,2.6700000762939453,1000.0
2026-04-13 14:50:00,GPAC.V,,0.4650000035762787,0.4650000035762787,0.4650000035762787,0.4650000035762787,500.0
2026-04-13 14:50:00,GPH.V,,1.2300000190734863,1.2400000095367432,1.2300000190734863,1.2400000095367432,1000.0
2026-04-13 14:50:00,GQC.V,,2.25,2.2699999809265137,2.25,2.2699999809265137,200.0
2026-04-13 14:50:00,GRSL.V,,0.3400000035762787,0.3400000035762787,0.3400000035762787,0.3400000035762787,184632.0
2026-04-13 14:50:00,HME.V,,2.799999952316284,2.799999952316284,2.799999952316284,2.799999952316284,500.0
2026-04-13 14:50:00,LTH.V,,0.9049999713897705,0.9100000262260437,0.9049999713897705,0.9100000262260437,1500.0
2026-04-13 14:50:00,LUCA.V,,1.4950000047683716,1.5,1.4900000095367432,1.5,500.0
2026-04-13 14:50:00,MMA.V,,1.2699999809265137,1.2699999809265137,1.2699999809265137,1.2699999809265137,100.0
2026-04-13 14:50:00,PNG.V,,8.930000305175781,8.930000305175781,8.920000076293945,8.920000076293945,2664.0
2026-04-13 14:51:00,FDR.V,,4.849999904632568,4.849999904632568,4.849999904632568,4.849999904632568,500.0
2026-04-13 14:51:00,FO.V,,0.3149999976158142,0.3149999976158142,0.3149999976158142,0.3149999976158142,500.0
2026-04-13 14:51:00,FUU.V,,0.17499999701976776,0.17499999701976776,0.17499999701976776,0.17499999701976776,500.0
2026-04-13 14:51:00,FWZ.V,,4.619999885559082,4.619999885559082,4.619999885559082,4.619999885559082,800.0
2026-04-13 14:51:00,GGO.V,,1.0700000524520874,1.0700000524520874,1.0700000524520874,1.0700000524520874,2000.0
2026-04-13 14:51:00,HITI.V,,3.2200000286102295,3.2200000286102295,3.2200000286102295,3.2200000286102295,100.0
2026-04-13 14:51:00,LMN.V,,23.43000030517578,23.440000534057617,23.43000030517578,23.440000534057617,400.0
2026-04-13 14:51:00,LTH.V,,0.9049999713897705,0.9049999713897705,0.9049999713897705,0.9049999713897705,1000.0
2026-04-13 14:51:00,LUCA.V,,1.5,1.5,1.4900000095367432,1.5,400.0
2026-04-13 14:51:00,NICU.V,,2.380000114440918,2.380000114440918,2.380000114440918,2.380000114440918,600.0
2026-04-13 14:51:00,PNG.V,,8.920000076293945,8.930000305175781,8.920000076293945,8.920000076293945,1700.0
2026-04-13 14:52:00,BIG.V,,0.699999988079071,0.699999988079071,0.699999988079071,0.699999988079071,1171.0
2026-04-13 14:52:00,FDR.V,,4.849999904632568,4.849999904632568,4.849999904632568,4.849999904632568,160.0
2026-04-13 14:52:00,FL.V,,0.6449999809265137,0.6449999809265137,0.6449999809265137,0.6449999809265137,500.0
2026-04-13 14:52:00,FWZ.V,,4.639999866485596,4.639999866485596,4.639999866485596,4.639999866485596,100.0
2026-04-13 14:52:00,GQC.V,,2.25,2.25,2.25,2.25,100.0
2026-04-13 14:52:00,GRD.V,,0.07000000029802322,0.07000000029802322,0.07000000029802322,0.07000000029802322,27144.0
2026-04-13 14:52:00,IFOS.V,,3.8399999141693115,3.8399999141693115,3.8399999141693115,3.8399999141693115,100.0
2026-04-13 14:52:00,LTH.V,,0.9049999713897705,0.9049999713897705,0.8999999761581421,0.9049999713897705,1500.0
2026-04-13 14:52:00,LUCA.V,,1.5,1.5,1.4900000095367432,1.5,600.0
2026-04-13 14:52:00,MCS.V,,2.1700000762939453,2.1700000762939453,2.1700000762939453,2.1700000762939453,1300.0
2026-04-13 14:52:00,MKO.V,,9.729999542236328,9.729999542236328,9.729999542236328,9.729999542236328,700.0
2026-04-13 14:52:00,MMA.V,,1.2699999809265137,1.2699999809265137,1.2699999809265137,1.2699999809265137,100.0
2026-04-13 14:52:00,NICU.V,,2.380000114440918,2.380000114440918,2.380000114440918,2.380000114440918,200.0
2026-04-13 14:52:00,PNG.V,,8.920000076293945,8.9399995803833,8.920000076293945,8.930000305175781,1836.0
2026-04-13 14:53:00,FUU.V,,0.17499999701976776,0.17499999701976776,0.17499999701976776,0.17499999701976776,500.0
2026-04-13 14:53:00,FWZ.V,,4.639999866485596,4.639999866485596,4.619999885559082,4.639999866485596,2400.0
2026-04-13 14:53:00,GQC.V,,2.25,2.2699999809265137,2.25,2.2699999809265137,200.0
2026-04-13 14:53:00,GRZ.V,,5.699999809265137,5.699999809265137,5.699999809265137,5.699999809265137,200.0
2026-04-13 14:53:00,KS.V,,0.23000000417232513,0.23000000417232513,0.23000000417232513,0.23000000417232513,500.0
2026-04-13 14:53:00,LTH.V,,0.9049999713897705,0.9049999713897705,0.8999999761581421,0.9049999713897705,2000.0
2026-04-13 14:53:00,LUCA.V,,1.5,1.5,1.4950000047683716,1.5,400.0
2026-04-13 14:53:00,NICU.V,,2.380000114440918,2.380000114440918,2.380000114440918,2.380000114440918,300.0
2026-04-13 14:53:00,PNG.V,,8.90999984741211,8.930000305175781,8.90999984741211,8.930000305175781,2000.0
2026-04-13 14:54:00,FWZ.V,,4.639999866485596,4.639999866485596,4.639999866485596,4.639999866485596,100.0
2026-04-13 14:54:00,HME.V,,2.7899999618530273,2.7899999618530273,2.7899999618530273,2.7899999618530273,5300.0
2026-04-13 14:54:00,IFOS.V,,3.8399999141693115,3.8399999141693115,3.8399999141693115,3.8399999141693115,100.0
2026-04-13 14:54:00,LMN.V,,23.440000534057617,23.545000076293945,23.440000534057617,23.545000076293945,1700.0
2026-04-13 14:54:00,LMR.V,,0.09000000357627869,0.09000000357627869,0.09000000357627869,0.09000000357627869,1000.0
2026-04-13 14:54:00,LTH.V,,0.9049999713897705,0.9049999713897705,0.8999999761581421,0.9049999713897705,1500.0
2026-04-13 14:54:00,LUCA.V,,1.4950000047683716,1.5,1.4900000095367432,1.5,600.0
2026-04-13 14:54:00,MKO.V,,9.729999542236328,9.729999542236328,9.729999542236328,9.729999542236328,300.0
2026-04-13 14:54:00,NICU.V,,2.390000104904175,2.390000104904175,2.390000104904175,2.390000104904175,2300.0
2026-04-13 14:54:00,NURS.V,,3.130000114440918,3.130000114440918,3.130000114440918,3.130000114440918,100.0
2026-04-13 14:54:00,PNG.V,,8.90999984741211,8.930000305175781,8.90999984741211,8.90999984741211,400.0
2026-04-13 14:55:00,FDR.V,,4.869999885559082,4.869999885559082,4.869999885559082,4.869999885559082,100.0
2026-04-13 14:55:00,FUU.V,,0.17499999701976776,0.17499999701976776,0.17499999701976776,0.17499999701976776,500.0
2026-04-13 14:55:00,FWZ.V,,4.619999885559082,4.619999885559082,4.619999885559082,4.619999885559082,1200.0
2026-04-13 14:55:00,GQC.V,,2.25,2.25,2.25,2.25,100.0
2026-04-13 14:55:00,HSTR.V,,2.559999942779541,2.559999942779541,2.559999942779541,2.559999942779541,100.0
2026-04-13 14:55:00,IFOS.V,,3.819999933242798,3.8399999141693115,3.819999933242798,3.8399999141693115,1700.0
2026-04-13 14:55:00,LTH.V,,0.9049999713897705,0.9049999713897705,0.8999999761581421,0.8999999761581421,1000.0
2026-04-13 14:55:00,LUCA.V,,1.4800000190734863,1.4900000095367432,1.4800000190734863,1.4900000095367432,5000.0
2026-04-13 14:55:00,MKO.V,,9.729999542236328,9.729999542236328,9.729999542236328,9.729999542236328,700.0
2026-04-13 14:55:00,PNG.V,,8.930000305175781,8.930000305175781,8.930000305175781,8.930000305175781,154.0
2026-04-13 14:56:00,EQTY.V,,0.33000001311302185,0.33000001311302185,0.33000001311302185,0.33000001311302185,3500.0
2026-04-13 14:56:00,FDR.V,,4.869999885559082,4.869999885559082,4.869999885559082,4.869999885559082,200.0
2026-04-13 14:56:00,FIN.V,,0.18000000715255737,0.18000000715255737,0.18000000715255737,0.18000000715255737,0.0
2026-04-13 14:56:00,FWZ.V,,4.619999885559082,4.619999885559082,4.619999885559082,4.619999885559082,600.0
2026-04-13 14:56:00,GLAD.V,,1.2899999618530273,1.2899999618530273,1.2899999618530273,1.2899999618530273,600.0
2026-04-13 14:56:00,GQC.V,,2.25,2.2699999809265137,2.25,2.2699999809265137,200.0
2026-04-13 14:56:00,LTH.V,,0.8999999761581421,0.9049999713897705,0.8999999761581421,0.8999999761581421,1500.0
2026-04-13 14:56:00,LUCA.V,,1.4800000190734863,1.4800000190734863,1.4800000190734863,1.4800000190734863,400.0
2026-04-13 14:56:00,MMA.V,,1.2699999809265137,1.2699999809265137,1.2699999809265137,1.2699999809265137,800.0
2026-04-13 14:56:00,NICU.V,,2.390000104904175,2.390000104904175,2.390000104904175,2.390000104904175,200.0
2026-04-13 14:56:00,PNG.V,,8.930000305175781,8.9399995803833,8.930000305175781,8.9399995803833,5851.0
2026-04-13 14:57:00,FKM.V,,0.2549999952316284,0.2549999952316284,0.2549999952316284,0.2549999952316284,10500.0
2026-04-13 14:57:00,FUU.V,,0.17499999701976776,0.17499999701976776,0.17499999701976776,0.17499999701976776,500.0
2026-04-13 14:57:00,FWZ.V,,4.619999885559082,4.619999885559082,4.619999885559082,4.619999885559082,800.0
2026-04-13 14:57:00,IFOS.V,,3.8299999237060547,3.8299999237060547,3.8299999237060547,3.8299999237060547,100.0
2026-04-13 14:57:00,ITR.V,,4.210000038146973,4.210000038146973,4.210000038146973,4.210000038146973,4819.0
2026-04-13 14:57:00,LMN.V,,23.350000381469727,23.510000228881836,23.350000381469727,23.510000228881836,801.0
2026-04-13 14:57:00,LTH.V,,0.8999999761581421,0.9049999713897705,0.8999999761581421,0.9049999713897705,1500.0
2026-04-13 14:57:00,LUCA.V,,1.4850000143051147,1.4850000143051147,1.4850000143051147,1.4850000143051147,400.0
2026-04-13 14:57:00,LVG.V,,0.3149999976158142,0.3199999928474426,0.3149999976158142,0.3199999928474426,32500.0
2026-04-13 14:57:00,MKO.V,,9.729999542236328,9.729999542236328,9.729999542236328,9.729999542236328,350.0
2026-04-13 14:57:00,MN.V,,0.11500000208616257,0.11500000208616257,0.11500000208616257,0.11500000208616257,10000.0
2026-04-13 14:57:00,NICU.V,,2.380000114440918,2.380000114440918,2.380000114440918,2.380000114440918,2500.0
2026-04-13 14:57:00,PNG.V,,8.9399995803833,8.949999809265137,8.930000305175781,8.949999809265137,4570.0
2026-04-13 14:58:00,FDR.V,,4.869999885559082,4.869999885559082,4.869999885559082,4.869999885559082,200.0
2026-04-13 14:58:00,ITR.V,,4.210000038146973,4.210000038146973,4.210000038146973,4.210000038146973,600.0
2026-04-13 14:58:00,LMN.V,,23.34000015258789,23.34000015258789,23.329999923706055,23.329999923706055,300.0
2026-04-13 14:58:00,LTH.V,,0.8999999761581421,0.9049999713897705,0.8999999761581421,0.9049999713897705,1000.0
2026-04-13 14:58:00,LUCA.V,,1.4800000190734863,1.4850000143051147,1.4800000190734863,1.4800000190734863,400.0
2026-04-13 14:58:00,LVG.V,,0.3149999976158142,0.3149999976158142,0.3149999976158142,0.3149999976158142,500.0
2026-04-13 14:58:00,MLP.V,,2.049999952316284,2.049999952316284,2.049999952316284,2.049999952316284,300.0
2026-04-13 14:58:00,MMA.V,,1.2599999904632568,1.2599999904632568,1.2599999904632568,1.2599999904632568,100.0
2026-04-13 14:58:00,NICU.V,,2.380000114440918,2.380000114440918,2.380000114440918,2.380000114440918,100.0
2026-04-13 14:58:00,PNG.V,,8.930000305175781,8.930000305175781,8.930000305175781,8.930000305175781,200.0
2026-04-13 14:59:00,FDR.V,,4.829999923706055,4.880000114440918,4.829999923706055,4.869999885559082,400.0
2026-04-13 14:59:00,FL.V,,0.6499999761581421,0.6499999761581421,0.6499999761581421,0.6499999761581421,500.0
2026-04-13 14:59:00,FO.V,,0.3199999928474426,0.3199999928474426,0.3149999976158142,0.3149999976158142,38055.0
2026-04-13 14:59:00,FRED.V,,0.6800000071525574,0.6899999976158142,0.6800000071525574,0.6899999976158142,6464.0
2026-04-13 14:59:00,FUU.V,,0.17499999701976776,0.17499999701976776,0.17499999701976776,0.17499999701976776,500.0
2026-04-13 14:59:00,FWZ.V,,4.619999885559082,4.619999885559082,4.619999885559082,4.619999885559082,1900.0
2026-04-13 14:59:00,GPAC.V,,0.4650000035762787,0.4650000035762787,0.4650000035762787,0.4650000035762787,500.0
2026-04-13 14:59:00,GQC.V,,2.2699999809265137,2.2699999809265137,2.2699999809265137,2.2699999809265137,100.0
2026-04-13 14:59:00,GSR.V,,0.5199999809265137,0.5199999809265137,0.5199999809265137,0.5199999809265137,2500.0
2026-04-13 14:59:00,GSTM.V,,0.20499999821186066,0.20499999821186066,0.20499999821186066,0.20499999821186066,5000.0
2026-04-13 14:59:00,ITR.V,,4.210000038146973,4.210000038146973,4.210000038146973,4.210000038146973,500.0
2026-04-13 14:59:00,KRY.V,,3.380000114440918,3.380000114440918,3.380000114440918,3.380000114440918,100.0
2026-04-13 14:59:00,LG.V,,0.38999998569488525,0.38999998569488525,0.38999998569488525,0.38999998569488525,2500.0
2026-04-13 14:59:00,LMN.V,,23.459999084472656,23.459999084472656,23.31999969482422,23.329999923706055,900.0
2026-04-13 14:59:00,LTH.V,,0.9049999713897705,0.9049999713897705,0.8999999761581421,0.9049999713897705,1500.0
2026-04-13 14:59:00,LUCA.V,,1.4850000143051147,1.4850000143051147,1.4800000190734863,1.4800000190734863,200.0
2026-04-13 14:59:00,LVG.V,,0.3149999976158142,0.3149999976158142,0.3149999976158142,0.3149999976158142,500.0
2026-04-13 14:59:00,MLP.V,,2.049999952316284,2.049999952316284,2.049999952316284,2.049999952316284,100.0
2026-04-13 14:59:00,MTA.V,,9.40999984741211,9.40999984741211,9.40999984741211,9.40999984741211,100.0
2026-04-13 14:59:00,NICU.V,,2.380000114440918,2.380000114440918,2.380000114440918,2.380000114440918,300.0
2026-04-13 14:59:00,PNG.V,,8.9399995803833,8.9399995803833,8.930000305175781,8.930000305175781,500.0
2026-04-13 15:00:00,FDR.V,,4.820000171661377,4.829999923706055,4.820000171661377,4.829999923706055,5000.0
2026-04-13 15:00:00,FINV-P.V,,0.07000000029802322,0.07000000029802322,0.07000000029802322,0.07000000029802322,10000.0
2026-04-13 15:00:00,FWZ.V,,4.650000095367432,4.650000095367432,4.650000095367432,4.650000095367432,100.0
2026-04-13 15:00:00,GOT.V,,1.7400000095367432,1.7400000095367432,1.7400000095367432,1.7400000095367432,100.0
2026-04-13 15:00:00,GTC.V,,0.20000000298023224,0.20000000298023224,0.20000000298023224,0.20000000298023224,500.0
2026-04-13 15:00:00,HMR.V,,0.8100000023841858,0.8100000023841858,0.8100000023841858,0.8100000023841858,1435.0
2026-04-13 15:00:00,HSTR.V,,2.559999942779541,2.559999942779541,2.559999942779541,2.559999942779541,617.0
2026-04-13 15:00:00,ITR.V,,4.210000038146973,4.210000038146973,4.210000038146973,4.210000038146973,1600.0
2026-04-13 15:00:00,LTH.V,,0.8999999761581421,0.8999999761581421,0.8999999761581421,0.8999999761581421,3000.0
2026-04-13 15:00:00,LUCA.V,,1.4850000143051147,1.4850000143051147,1.4800000190734863,1.4850000143051147,400.0
2026-04-13 15:00:00,MEX.V,,0.15000000596046448,0.1550000011920929,0.15000000596046448,0.1550000011920929,22000.0
2026-04-13 15:00:00,MLP.V,,2.049999952316284,2.049999952316284,2.049999952316284,2.049999952316284,100.0
2026-04-13 15:00:00,NICU.V,,2.380000114440918,2.380000114440918,2.380000114440918,2.380000114440918,200.0
2026-04-13 15:00:00,PNG.V,,8.960000038146973,8.960000038146973,8.9399995803833,8.9399995803833,3466.0
2026-04-13 15:01:00,FUU.V,,0.17499999701976776,0.17499999701976776,0.17499999701976776,0.17499999701976776,500.0
2026-04-13 15:01:00,FWZ.V,,4.630000114440918,4.630000114440918,4.630000114440918,4.630000114440918,100.0
2026-04-13 15:01:00,GQC.V,,2.25,2.25,2.25,2.25,100.0
2026-04-13 15:01:00,GTC.V,,0.20000000298023224,0.20000000298023224,0.20000000298023224,0.20000000298023224,7000.0
2026-04-13 15:01:00,HME.V,,2.7899999618530273,2.7899999618530273,2.7899999618530273,2.7899999618530273,144.0
2026-04-13 15:01:00,IFOS.V,,3.8299999237060547,3.8299999237060547,3.8299999237060547,3.8299999237060547,200.0
2026-04-13 15:01:00,LTH.V,,0.8999999761581421,0.8999999761581421,0.8999999761581421,0.8999999761581421,1000.0
2026-04-13 15:01:00,LUCA.V,,1.4850000143051147,1.4850000143051147,1.4850000143051147,1.4850000143051147,300.0
2026-04-13 15:01:00,MMA.V,,1.2599999904632568,1.2599999904632568,1.2599999904632568,1.2599999904632568,100.0
2026-04-13 15:02:00,FRED.V,,0.7099999785423279,0.7099999785423279,0.6899999976158142,0.6899999976158142,12267.0
2026-04-13 15:02:00,FWZ.V,,4.610000133514404,4.610000133514404,4.610000133514404,4.610000133514404,1700.0
2026-04-13 15:02:00,GQC.V,,2.259999990463257,2.259999990463257,2.259999990463257,2.259999990463257,300.0
2026-04-13 15:02:00,LMN.V,,23.469999313354492,23.469999313354492,23.3799991607666,23.3799991607666,870.0
2026-04-13 15:02:00,LTH.V,,0.8999999761581421,0.9049999713897705,0.8999999761581421,0.9049999713897705,1000.0
2026-04-13 15:02:00,LUCA.V,,1.4900000095367432,1.4900000095367432,1.4900000095367432,1.4900000095367432,400.0
2026-04-13 15:02:00,MLP.V,,2.049999952316284,2.049999952316284,2.049999952316284,2.049999952316284,100.0
2026-04-13 15:02:00,NICU.V,,2.380000114440918,2.380000114440918,2.380000114440918,2.380000114440918,100.0
2026-04-13 15:02:00,PNG.V,,8.960000038146973,8.960000038146973,8.960000038146973,8.960000038146973,2400.0
2026-04-13 15:03:00,FUU.V,,0.17499999701976776,0.17499999701976776,0.17499999701976776,0.17499999701976776,500.0
2026-04-13 15:03:00,FWZ.V,,4.599999904632568,4.610000133514404,4.599999904632568,4.610000133514404,900.0
2026-04-13 15:03:00,GOT.V,,1.7400000095367432,1.7400000095367432,1.7400000095367432,1.7400000095367432,1400.0
2026-04-13 15:03:00,GQC.V,,2.25,2.259999990463257,2.25,2.259999990463257,200.0
2026-04-13 15:03:00,GTC.V,,0.20000000298023224,0.20000000298023224,0.20000000298023224,0.20000000298023224,23500.0
2026-04-13 15:03:00,HME.V,,2.7850000858306885,2.7899999618530273,2.7799999713897705,2.7899999618530273,3000.0
2026-04-13 15:03:00,ITR.V,,4.199999809265137,4.199999809265137,4.199999809265137,4.199999809265137,500.0
2026-04-13 15:03:00,KTN.V,,1.4600000381469727,1.4600000381469727,1.4600000381469727,1.4600000381469727,100.0
2026-04-13 15:03:00,LTH.V,,0.8999999761581421,0.9049999713897705,0.8999999761581421,0.9049999713897705,1000.0
2026-04-13 15:03:00,LUCA.V,,1.4850000143051147,1.4850000143051147,1.4850000143051147,1.4850000143051147,500.0
2026-04-13 15:03:00,NICU.V,,2.359999895095825,2.369999885559082,2.359999895095825,2.369999885559082,2100.0
2026-04-13 15:03:00,PNG.V,,8.949999809265137,8.960000038146973,8.949999809265137,8.960000038146973,2200.0
2026-04-13 15:04:00,FL.V,,0.6499999761581421,0.6499999761581421,0.6499999761581421,0.6499999761581421,2000.0
2026-04-13 15:04:00,FNC.V,,0.11999999731779099,0.11999999731779099,0.11999999731779099,0.11999999731779099,5000.0
2026-04-13 15:04:00,FRED.V,,0.7099999785423279,0.7099999785423279,0.7099999785423279,0.7099999785423279,4500.0
2026-04-13 15:04:00,FRSH.V,,0.8199999928474426,0.8199999928474426,0.8199999928474426,0.8199999928474426,2500.0
2026-04-13 15:04:00,IPT.V,,0.25999999046325684,0.25999999046325684,0.2549999952316284,0.2549999952316284,8500.0
2026-04-13 15:04:00,LG.V,,0.38499999046325684,0.38499999046325684,0.38499999046325684,0.38499999046325684,7500.0
2026-04-13 15:04:00,LTH.V,,0.9049999713897705,0.9049999713897705,0.9049999713897705,0.9049999713897705,1000.0
2026-04-13 15:04:00,LUCA.V,,1.4900000095367432,1.4900000095367432,1.4900000095367432,1.4900000095367432,200.0
2026-04-13 15:04:00,MLP.V,,2.049999952316284,2.049999952316284,2.049999952316284,2.049999952316284,100.0
2026-04-13 15:04:00,NICU.V,,2.359999895095825,2.359999895095825,2.359999895095825,2.359999895095825,300.0
2026-04-13 15:04:00,PNG.V,,8.949999809265137,8.949999809265137,8.949999809265137,8.949999809265137,3755.0
2026-04-13 15:05:00,FUU.V,,0.17499999701976776,0.17499999701976776,0.17499999701976776,0.17499999701976776,500.0
2026-04-13 15:05:00,GG.V,,2.6500000953674316,2.6500000953674316,2.6500000953674316,2.6500000953674316,1200.0
2026-04-13 15:05:00,GQC.V,,2.25,2.25,2.25,2.25,100.0
2026-04-13 15:05:00,IFOS.V,,3.809999942779541,3.8299999237060547,3.809999942779541,3.8299999237060547,1100.0
2026-04-13 15:05:00,LTH.V,,0.9049999713897705,0.9049999713897705,0.9049999713897705,0.9049999713897705,1000.0
2026-04-13 15:05:00,LUCA.V,,1.4900000095367432,1.4900000095367432,1.4900000095367432,1.4900000095367432,2900.0
2026-04-13 15:05:00,MKO.V,,9.699999809265137,9.710000038146973,9.699999809265137,9.710000038146973,800.0
2026-04-13 15:06:00,EVER.V,,0.6299999952316284,0.6299999952316284,0.6299999952316284,0.6299999952316284,1000.0
2026-04-13 15:06:00,FDR.V,,4.800000190734863,4.820000171661377,4.800000190734863,4.820000171661377,13000.0
2026-04-13 15:06:00,FWZ.V,,4.599999904632568,4.599999904632568,4.599999904632568,4.599999904632568,1950.0
2026-04-13 15:06:00,GQC.V,,2.25,2.25,2.25,2.25,100.0
2026-04-13 15:06:00,GSPR.V,,0.10999999940395355,0.10999999940395355,0.10999999940395355,0.10999999940395355,4000.0
2026-04-13 15:06:00,HITI.V,,3.2300000190734863,3.2300000190734863,3.2300000190734863,3.2300000190734863,100.0
2026-04-13 15:06:00,IFOS.V,,3.8299999237060547,3.8299999237060547,3.8299999237060547,3.8299999237060547,100.0
2026-04-13 15:06:00,KTN.V,,1.4600000381469727,1.4600000381469727,1.4600000381469727,1.4600000381469727,100.0
2026-04-13 15:06:00,LTH.V,,0.9049999713897705,0.9049999713897705,0.9049999713897705,0.9049999713897705,1000.0
2026-04-13 15:06:00,LUCA.V,,1.4900000095367432,1.4900000095367432,1.4900000095367432,1.4900000095367432,900.0
2026-04-13 15:06:00,MJS.V,,0.14499999582767487,0.14499999582767487,0.14499999582767487,0.14499999582767487,8000.0
2026-04-13 15:06:00,MLP.V,,2.049999952316284,2.049999952316284,2.049999952316284,2.049999952316284,200.0
2026-04-13 15:06:00,MMA.V,,1.2599999904632568,1.2599999904632568,1.2599999904632568,1.2599999904632568,2900.0
2026-04-13 15:06:00,MTA.V,,9.399999618530273,9.399999618530273,9.399999618530273,9.399999618530273,100.0
2026-04-13 15:06:00,PNG.V,,8.960000038146973,8.960000038146973,8.949999809265137,8.949999809265137,3000.0
2026-04-13 15:07:00,FUU.V,,0.17499999701976776,0.17499999701976776,0.17499999701976776,0.17499999701976776,500.0
2026-04-13 15:07:00,FWZ.V,,4.610000133514404,4.610000133514404,4.610000133514404,4.610000133514404,1000.0
2026-04-13 15:07:00,GOT.V,,1.7350000143051147,1.7350000143051147,1.7350000143051147,1.7350000143051147,100.0
2026-04-13 15:07:00,GQC.V,,2.25,2.259999990463257,2.25,2.25,400.0
2026-04-13 15:07:00,GRSL.V,,0.3400000035762787,0.3400000035762787,0.3400000035762787,0.3400000035762787,19000.0
2026-04-13 15:07:00,GSPR.V,,0.10999999940395355,0.10999999940395355,0.10999999940395355,0.10999999940395355,5000.0
2026-04-13 15:07:00,GSTM.V,,0.20499999821186066,0.20499999821186066,0.20499999821186066,0.20499999821186066,12000.0
2026-04-13 15:07:00,HITI.V,,3.2200000286102295,3.2200000286102295,3.2200000286102295,3.2200000286102295,100.0
2026-04-13 15:07:00,HME.V,,2.7799999713897705,2.7799999713897705,2.7699999809265137,2.7799999713897705,16524.0
2026-04-13 15:07:00,HSTR.V,,2.549999952316284,2.549999952316284,2.549999952316284,2.549999952316284,600.0
2026-04-13 15:07:00,LFST.V,,0.04500000178813934,0.04500000178813934,0.04500000178813934,0.04500000178813934,1000.0
2026-04-13 15:07:00,LMN.V,,23.56999969482422,23.700000762939453,23.540000915527344,23.540000915527344,5557.0
2026-04-13 15:07:00,LTH.V,,0.9049999713897705,0.9049999713897705,0.9049999713897705,0.9049999713897705,1000.0
2026-04-13 15:07:00,MEX.V,,0.15000000596046448,0.15000000596046448,0.15000000596046448,0.15000000596046448,20000.0
2026-04-13 15:07:00,MJS.V,,0.14000000059604645,0.14000000059604645,0.14000000059604645,0.14000000059604645,38400.0
2026-04-13 15:07:00,MLP.V,,2.059999942779541,2.059999942779541,2.059999942779541,2.059999942779541,100.0
2026-04-13 15:07:00,NICU.V,,2.359999895095825,2.359999895095825,2.359999895095825,2.359999895095825,300.0
2026-04-13 15:07:00,PNG.V,,8.960000038146973,8.970000267028809,8.949999809265137,8.949999809265137,22392.0
2026-04-13 15:08:00,FDR.V,,4.78000020980835,4.78000020980835,4.78000020980835,4.78000020980835,600.0
2026-04-13 15:08:00,FOR.V,,0.6700000166893005,0.6700000166893005,0.6700000166893005,0.6700000166893005,2620.0
2026-04-13 15:08:00,FUU.V,,0.18000000715255737,0.18000000715255737,0.18000000715255737,0.18000000715255737,2500.0
2026-04-13 15:08:00,FWZ.V,,4.610000133514404,4.610000133514404,4.610000133514404,4.610000133514404,1300.0
2026-04-13 15:08:00,GOT.V,,1.7400000095367432,1.7400000095367432,1.7400000095367432,1.7400000095367432,1300.0
2026-04-13 15:08:00,GPAC.V,,0.4650000035762787,0.4650000035762787,0.4650000035762787,0.4650000035762787,500.0
2026-04-13 15:08:00,GSPR.V,,0.10999999940395355,0.10999999940395355,0.10999999940395355,0.10999999940395355,2000.0
2026-04-13 15:08:00,LG.V,,0.38499999046325684,0.38499999046325684,0.38499999046325684,0.38499999046325684,4250.0
2026-04-13 15:08:00,LMN.V,,23.600000381469727,23.600000381469727,23.600000381469727,23.600000381469727,250.0
2026-04-13 15:08:00,LTH.V,,0.8999999761581421,0.8999999761581421,0.8999999761581421,0.8999999761581421,12510.0
2026-04-13 15:08:00,LUCA.V,,1.4850000143051147,1.4850000143051147,1.4850000143051147,1.4850000143051147,300.0
2026-04-13 15:08:00,MJS.V,,0.14000000059604645,0.14000000059604645,0.14000000059604645,0.14000000059604645,4500.0
2026-04-13 15:08:00,MKO.V,,9.710000038146973,9.710000038146973,9.6899995803833,9.6899995803833,900.0
2026-04-13 15:08:00,MLP.V,,2.059999942779541,2.059999942779541,2.059999942779541,2.059999942779541,100.0
2026-04-13 15:08:00,NICU.V,,2.359999895095825,2.359999895095825,2.359999895095825,2.359999895095825,100.0
2026-04-13 15:08:00,PNG.V,,8.9399995803833,8.960000038146973,8.9399995803833,8.960000038146973,7041.0
2026-04-13 15:09:00,FDR.V,,4.809999942779541,4.809999942779541,4.809999942779541,4.809999942779541,600.0
2026-04-13 15:09:00,FUU.V,,0.17499999701976776,0.17499999701976776,0.17499999701976776,0.17499999701976776,500.0
2026-04-13 15:09:00,GLAD.V,,1.2999999523162842,1.2999999523162842,1.2999999523162842,1.2999999523162842,100.0
2026-04-13 15:09:00,GQC.V,,2.25,2.25,2.25,2.25,100.0
2026-04-13 15:09:00,IFOS.V,,3.799999952316284,3.8399999141693115,3.799999952316284,3.8299999237060547,8600.0
2026-04-13 15:09:00,LUCA.V,,1.4850000143051147,1.4850000143051147,1.4850000143051147,1.4850000143051147,300.0
2026-04-13 15:09:00,MEX.V,,0.15000000596046448,0.15000000596046448,0.15000000596046448,0.15000000596046448,20000.0
2026-04-13 15:09:00,MFG.V,,4.400000095367432,4.400000095367432,4.400000095367432,4.400000095367432,348.0
2026-04-13 15:09:00,MJS.V,,0.14000000059604645,0.14000000059604645,0.14000000059604645,0.14000000059604645,40000.0
2026-04-13 15:09:00,MLP.V,,2.059999942779541,2.059999942779541,2.059999942779541,2.059999942779541,400.0
2026-04-13 15:09:00,MMA.V,,1.2599999904632568,1.2599999904632568,1.2599999904632568,1.2599999904632568,100.0
2026-04-13 15:09:00,NICU.V,,2.359999895095825,2.359999895095825,2.359999895095825,2.359999895095825,200.0
2026-04-13 15:09:00,YGT.V,,0.20999999344348907,0.20999999344348907,0.20999999344348907,0.20999999344348907,3317.0
2026-04-13 15:10:00,EVER.V,,0.6000000238418579,0.6000000238418579,0.6000000238418579,0.6000000238418579,1000.0
2026-04-13 15:10:00,FL.V,,0.6449999809265137,0.6449999809265137,0.6449999809265137,0.6449999809265137,500.0
2026-04-13 15:10:00,GGO.V,,1.0700000524520874,1.0700000524520874,1.0700000524520874,1.0700000524520874,14500.0
2026-04-13 15:10:00,GPH.V,,1.2300000190734863,1.2300000190734863,1.2300000190734863,1.2300000190734863,300.0
2026-04-13 15:10:00,GSTM.V,,0.20499999821186066,0.20499999821186066,0.20499999821186066,0.20499999821186066,5000.0
2026-04-13 15:10:00,HME.V,,2.7799999713897705,2.7799999713897705,2.7799999713897705,2.7799999713897705,1839.0
2026-04-13 15:10:00,HSTR.V,,2.549999952316284,2.549999952316284,2.549999952316284,2.549999952316284,200.0
2026-04-13 15:10:00,ILC.V,,0.019999999552965164,0.019999999552965164,0.019999999552965164,0.019999999552965164,135000.0
2026-04-13 15:10:00,LG.V,,0.38499999046325684,0.38499999046325684,0.38499999046325684,0.38499999046325684,4000.0
2026-04-13 15:10:00,LUCA.V,,1.4900000095367432,1.4900000095367432,1.4850000143051147,1.4900000095367432,800.0
2026-04-13 15:10:00,MJS.V,,0.14000000059604645,0.14000000059604645,0.14000000059604645,0.14000000059604645,5000.0
2026-04-13 15:10:00,MLP.V,,2.059999942779541,2.059999942779541,2.059999942779541,2.059999942779541,100.0
2026-04-13 15:10:00,MMA.V,,1.2599999904632568,1.2599999904632568,1.2599999904632568,1.2599999904632568,100.0
2026-04-13 15:10:00,NICU.V,,2.359999895095825,2.359999895095825,2.359999895095825,2.359999895095825,600.0
2026-04-13 15:10:00,NURS.V,,3.119999885559082,3.119999885559082,3.119999885559082,3.119999885559082,100.0
2026-04-13 15:10:00,PNG.V,,8.9399995803833,8.949999809265137,8.9399995803833,8.9399995803833,400.0
2026-04-13 15:11:00,FL.V,,0.6499999761581421,0.6499999761581421,0.6499999761581421,0.6499999761581421,40500.0
2026-04-13 15:11:00,FO.V,,0.3199999928474426,0.3199999928474426,0.3199999928474426,0.3199999928474426,500.0
2026-04-13 15:11:00,FUU.V,,0.17499999701976776,0.17499999701976776,0.17499999701976776,0.17499999701976776,500.0
2026-04-13 15:11:00,GQC.V,,2.25,2.25,2.25,2.25,100.0
2026-04-13 15:11:00,HHH.V,,6.550000190734863,6.550000190734863,6.510000228881836,6.510000228881836,600.0
2026-04-13 15:11:00,HME.V,,2.7799999713897705,2.7799999713897705,2.7799999713897705,2.7799999713897705,200.0
2026-04-13 15:11:00,ITR.V,,4.179999828338623,4.179999828338623,4.179999828338623,4.179999828338623,100.0
2026-04-13 15:11:00,KNG.V,,1.309999942779541,1.309999942779541,1.309999942779541,1.309999942779541,100.0
2026-04-13 15:11:00,LMN.V,,23.829999923706055,23.829999923706055,23.610000610351562,23.610000610351562,4000.0
2026-04-13 15:11:00,LTH.V,,0.9100000262260437,0.9100000262260437,0.8949999809265137,0.8949999809265137,40000.0
2026-04-13 15:11:00,LUCA.V,,1.4900000095367432,1.4900000095367432,1.4900000095367432,1.4900000095367432,200.0
2026-04-13 15:11:00,MLP.V,,2.059999942779541,2.059999942779541,2.059999942779541,2.059999942779541,100.0
2026-04-13 15:11:00,MMA.V,,1.2599999904632568,1.2599999904632568,1.2599999904632568,1.2599999904632568,200.0
2026-04-13 15:11:00,PNG.V,,8.9399995803833,8.9399995803833,8.930000305175781,8.9399995803833,6264.0
2026-04-13 15:12:00,FWZ.V,,4.619999885559082,4.630000114440918,4.619999885559082,4.630000114440918,1100.0
2026-04-13 15:12:00,GQC.V,,2.265000104904175,2.265000104904175,2.25,2.25,5200.0
2026-04-13 15:12:00,HITI.V,,3.2200000286102295,3.2200000286102295,3.2200000286102295,3.2200000286102295,100.0
2026-04-13 15:12:00,IFOS.V,,3.8299999237060547,3.8299999237060547,3.8299999237060547,3.8299999237060547,100.0
2026-04-13 15:12:00,KRY.V,,3.359999895095825,3.359999895095825,3.359999895095825,3.359999895095825,100.0
2026-04-13 15:12:00,LMN.V,,23.700000762939453,23.7549991607666,23.700000762939453,23.7549991607666,6400.0
2026-04-13 15:12:00,MLP.V,,2.049999952316284,2.059999942779541,2.049999952316284,2.059999942779541,2400.0
2026-04-13 15:12:00,MMA.V,,1.2599999904632568,1.2599999904632568,1.2599999904632568,1.2599999904632568,1000.0
2026-04-13 15:12:00,NICU.V,,2.359999895095825,2.359999895095825,2.359999895095825,2.359999895095825,1000.0
2026-04-13 15:12:00,NURS.V,,3.119999885559082,3.119999885559082,3.119999885559082,3.119999885559082,100.0
2026-04-13 15:13:00,FDR.V,,4.800000190734863,4.809999942779541,4.800000190734863,4.809999942779541,200.0
2026-04-13 15:13:00,FUU.V,,0.17499999701976776,0.17499999701976776,0.17499999701976776,0.17499999701976776,500.0
2026-04-13 15:13:00,GG.V,,2.630000114440918,2.6500000953674316,2.630000114440918,2.6500000953674316,6200.0
2026-04-13 15:13:00,GQC.V,,2.2699999809265137,2.2699999809265137,2.2699999809265137,2.2699999809265137,100.0
2026-04-13 15:13:00,HSTR.V,,2.5399999618530273,2.5399999618530273,2.5399999618530273,2.5399999618530273,1500.0
2026-04-13 15:13:00,ITR.V,,4.190000057220459,4.190000057220459,4.190000057220459,4.190000057220459,100.0
2026-04-13 15:13:00,KDK.V,,0.9200000166893005,0.9300000071525574,0.9200000166893005,0.9200000166893005,2500.0
2026-04-13 15:13:00,KTN.V,,1.4600000381469727,1.4600000381469727,1.4600000381469727,1.4600000381469727,200.0
2026-04-13 15:13:00,LG.V,,0.38999998569488525,0.38999998569488525,0.38499999046325684,0.38499999046325684,16500.0
2026-04-13 15:13:00,LMN.V,,23.700000762939453,23.700000762939453,23.700000762939453,23.700000762939453,1400.0
2026-04-13 15:13:00,LUCA.V,,1.4900000095367432,1.4900000095367432,1.4900000095367432,1.4900000095367432,300.0
2026-04-13 15:13:00,MFG.V,,4.429999828338623,4.429999828338623,4.420000076293945,4.420000076293945,230.0
2026-04-13 15:13:00,MLP.V,,2.049999952316284,2.049999952316284,2.049999952316284,2.049999952316284,200.0
2026-04-13 15:13:00,MMA.V,,1.2599999904632568,1.2599999904632568,1.2599999904632568,1.2599999904632568,7000.0
2026-04-13 15:13:00,NICU.V,,2.359999895095825,2.359999895095825,2.359999895095825,2.359999895095825,100.0
2026-04-13 15:13:00,PNG.V,,8.949999809265137,8.949999809265137,8.949999809265137,8.949999809265137,1400.0
2026-04-13 15:14:00,FDR.V,,4.840000152587891,4.840000152587891,4.840000152587891,4.840000152587891,100.0
2026-04-13 15:14:00,FRED.V,,0.699999988079071,0.699999988079071,0.699999988079071,0.699999988079071,5000.0
2026-04-13 15:14:00,FWZ.V,,4.639999866485596,4.639999866485596,4.619999885559082,4.639999866485596,2300.0
2026-04-13 15:14:00,GQC.V,,2.2699999809265137,2.2699999809265137,2.2699999809265137,2.2699999809265137,100.0
2026-04-13 15:14:00,GSVR.V,,0.6399999856948853,0.6399999856948853,0.6349999904632568,0.6349999904632568,22000.0
2026-04-13 15:14:00,HME.V,,2.7799999713897705,2.7799999713897705,2.7799999713897705,2.7799999713897705,100.0
2026-04-13 15:14:00,LG.V,,0.38499999046325684,0.38499999046325684,0.38499999046325684,0.38499999046325684,5000.0
2026-04-13 15:14:00,LMN.V,,23.700000762939453,23.700000762939453,23.700000762939453,23.700000762939453,1300.0
2026-04-13 15:14:00,LTH.V,,0.8999999761581421,0.9100000262260437,0.8999999761581421,0.9100000262260437,7000.0
2026-04-13 15:14:00,LUCA.V,,1.4900000095367432,1.4900000095367432,1.4900000095367432,1.4900000095367432,300.0
2026-04-13 15:14:00,MLP.V,,2.059999942779541,2.059999942779541,2.049999952316284,2.049999952316284,801.0
2026-04-13 15:14:00,PNG.V,,8.949999809265137,8.949999809265137,8.9399995803833,8.9399995803833,1568.0
2026-04-13 15:15:00,FDR.V,,4.800000190734863,4.800000190734863,4.800000190734863,4.800000190734863,3300.0
2026-04-13 15:15:00,FO.V,,0.32499998807907104,0.32499998807907104,0.3149999976158142,0.3149999976158142,227500.0
2026-04-13 15:15:00,FUU.V,,0.17499999701976776,0.17499999701976776,0.17499999701976776,0.17499999701976776,500.0
2026-04-13 15:15:00,GGO.V,,1.0700000524520874,1.0700000524520874,1.0700000524520874,1.0700000524520874,17500.0
2026-04-13 15:15:00,GSVR.V,,0.6349999904632568,0.6349999904632568,0.6349999904632568,0.6349999904632568,5476.0
2026-04-13 15:15:00,GTC.V,,0.20000000298023224,0.20000000298023224,0.20000000298023224,0.20000000298023224,20000.0
2026-04-13 15:15:00,HSTR.V,,2.5399999618530273,2.5399999618530273,2.5399999618530273,2.5399999618530273,300.0
2026-04-13 15:15:00,IFOS.V,,3.8299999237060547,3.8350000381469727,3.8299999237060547,3.8350000381469727,394.0
2026-04-13 15:15:00,LMN.V,,23.700000762939453,23.709999084472656,23.649999618530273,23.700000762939453,4800.0
2026-04-13 15:15:00,LUCA.V,,1.4900000095367432,1.4900000095367432,1.4900000095367432,1.4900000095367432,600.0
2026-04-13 15:15:00,MLP.V,,2.049999952316284,2.049999952316284,2.049999952316284,2.049999952316284,100.0
2026-04-13 15:15:00,NICU.V,,2.359999895095825,2.359999895095825,2.359999895095825,2.359999895095825,1300.0
2026-04-13 15:15:00,PNG.V,,8.970000267028809,8.970000267028809,8.949999809265137,8.949999809265137,4829.0
2026-04-13 15:16:00,FO.V,,0.3199999928474426,0.3199999928474426,0.3199999928474426,0.3199999928474426,191500.0
2026-04-13 15:16:00,FPX.V,,0.4099999964237213,0.4099999964237213,0.4099999964237213,0.4099999964237213,700.0
2026-04-13 15:16:00,FWZ.V,,4.630000114440918,4.630000114440918,4.630000114440918,4.630000114440918,1900.0
2026-04-13 15:16:00,GPAC.V,,0.4650000035762787,0.4650000035762787,0.4650000035762787,0.4650000035762787,500.0
2026-04-13 15:16:00,GQC.V,,2.2699999809265137,2.2699999809265137,2.2699999809265137,2.2699999809265137,100.0
2026-04-13 15:16:00,HME.V,,2.7799999713897705,2.7799999713897705,2.7799999713897705,2.7799999713897705,300.0
2026-04-13 15:16:00,HSTR.V,,2.5399999618530273,2.5399999618530273,2.5399999618530273,2.5399999618530273,100.0
2026-04-13 15:16:00,KDK.V,,0.9300000071525574,0.9300000071525574,0.9300000071525574,0.9300000071525574,2000.0
2026-04-13 15:16:00,LG.V,,0.38499999046325684,0.38499999046325684,0.38499999046325684,0.38499999046325684,1000.0
2026-04-13 15:16:00,LME.V,,0.2199999988079071,0.2199999988079071,0.2199999988079071,0.2199999988079071,1000.0
2026-04-13 15:16:00,LMN.V,,23.5,23.5,23.5,23.5,200.0
2026-04-13 15:16:00,LUCA.V,,1.4900000095367432,1.4900000095367432,1.4850000143051147,1.4900000095367432,800.0
2026-04-13 15:16:00,MEX.V,,0.15000000596046448,0.15000000596046448,0.15000000596046448,0.15000000596046448,20000.0
2026-04-13 15:16:00,NICU.V,,2.359999895095825,2.359999895095825,2.359999895095825,2.359999895095825,300.0
2026-04-13 15:16:00,PNG.V,,8.970000267028809,8.970000267028809,8.970000267028809,8.970000267028809,4700.0
2026-04-13 15:17:00,FDR.V,,4.789999961853027,4.800000190734863,4.789999961853027,4.800000190734863,600.0
2026-04-13 15:17:00,GQC.V,,2.2699999809265137,2.2699999809265137,2.2699999809265137,2.2699999809265137,100.0
2026-04-13 15:17:00,GRB.V,,0.48500001430511475,0.48500001430511475,0.48500001430511475,0.48500001430511475,1500.0
2026-04-13 15:17:00,GRD.V,,0.07500000298023224,0.07500000298023224,0.07500000298023224,0.07500000298023224,7000.0
2026-04-13 15:17:00,HME.V,,2.7799999713897705,2.7799999713897705,2.7799999713897705,2.7799999713897705,100.0
2026-04-13 15:17:00,INTR.V,,0.6800000071525574,0.6899999976158142,0.6800000071525574,0.6899999976158142,10000.0
2026-04-13 15:17:00,LMN.V,,23.6200008392334,23.6200008392334,23.440000534057617,23.440000534057617,1100.0
2026-04-13 15:17:00,LUCA.V,,1.4850000143051147,1.4900000095367432,1.4850000143051147,1.4850000143051147,400.0
2026-04-13 15:17:00,MKO.V,,9.720000267028809,9.720000267028809,9.720000267028809,9.720000267028809,300.0
2026-04-13 15:17:00,MLP.V,,2.0399999618530273,2.0399999618530273,2.0399999618530273,2.0399999618530273,100.0
2026-04-13 15:17:00,NICU.V,,2.359999895095825,2.359999895095825,2.359999895095825,2.359999895095825,200.0
2026-04-13 15:17:00,PNG.V,,8.970000267028809,8.970000267028809,8.970000267028809,8.970000267028809,500.0
2026-04-13 15:18:00,FDR.V,,4.789999961853027,4.789999961853027,4.789999961853027,4.789999961853027,400.0
2026-04-13 15:18:00,FO.V,,0.3199999928474426,0.3199999928474426,0.3199999928474426,0.3199999928474426,66000.0
2026-04-13 15:18:00,FUU.V,,0.17499999701976776,0.17499999701976776,0.17499999701976776,0.17499999701976776,500.0
2026-04-13 15:18:00,FWZ.V,,4.639999866485596,4.639999866485596,4.639999866485596,4.639999866485596,1400.0
2026-04-13 15:18:00,GOT.V,,1.7400000095367432,1.7400000095367432,1.7400000095367432,1.7400000095367432,1400.0
2026-04-13 15:18:00,GQC.V,,2.2699999809265137,2.2699999809265137,2.2699999809265137,2.2699999809265137,100.0
2026-04-13 15:18:00,GRD.V,,0.07500000298023224,0.07500000298023224,0.07500000298023224,0.07500000298023224,3000.0
2026-04-13 15:18:00,HSTR.V,,2.5399999618530273,2.5399999618530273,2.5399999618530273,2.5399999618530273,3190.0
2026-04-13 15:18:00,KDK.V,,0.9399999976158142,0.9399999976158142,0.9399999976158142,0.9399999976158142,1000.0
2026-04-13 15:18:00,LMN.V,,23.440000534057617,23.579999923706055,23.43000030517578,23.579999923706055,600.0
2026-04-13 15:18:00,LTH.V,,0.9100000262260437,0.9100000262260437,0.9049999713897705,0.9049999713897705,1500.0
2026-04-13 15:18:00,LUCA.V,,1.4900000095367432,1.4900000095367432,1.4900000095367432,1.4900000095367432,100.0
2026-04-13 15:18:00,MCS.V,,2.2799999713897705,2.2799999713897705,2.2799999713897705,2.2799999713897705,400.0
2026-04-13 15:18:00,MLP.V,,2.0399999618530273,2.0399999618530273,2.0399999618530273,2.0399999618530273,820.0
2026-04-13 15:18:00,MMA.V,,1.25,1.25,1.25,1.25,100.0
2026-04-13 15:18:00,NICU.V,,2.3499999046325684,2.359999895095825,2.3499999046325684,2.359999895095825,3742.0
2026-04-13 15:18:00,NURS.V,,3.130000114440918,3.130000114440918,3.130000114440918,3.130000114440918,200.0
2026-04-13 15:18:00,PNG.V,,8.970000267028809,8.979999542236328,8.96500015258789,8.970000267028809,2400.0
2026-04-13 15:18:00,YGT.V,,0.20999999344348907,0.20999999344348907,0.20999999344348907,0.20999999344348907,4000.0
2026-04-13 15:19:00,FDR.V,,4.800000190734863,4.800000190734863,4.78000020980835,4.78000020980835,400.0
2026-04-13 15:19:00,FL.V,,0.6499999761581421,0.6499999761581421,0.6499999761581421,0.6499999761581421,500.0
2026-04-13 15:19:00,FWZ.V,,4.630000114440918,4.630000114440918,4.630000114440918,4.630000114440918,1900.0
2026-04-13 15:19:00,GQC.V,,2.2699999809265137,2.2699999809265137,2.2699999809265137,2.2699999809265137,100.0
2026-04-13 15:19:00,GRD.V,,0.08500000089406967,0.09000000357627869,0.08500000089406967,0.08500000089406967,43010.0
2026-04-13 15:19:00,HITI.V,,3.2200000286102295,3.2200000286102295,3.2200000286102295,3.2200000286102295,1400.0
2026-04-13 15:19:00,LMN.V,,23.34000015258789,23.34000015258789,23.34000015258789,23.34000015258789,300.0
2026-04-13 15:19:00,LTH.V,,0.9100000262260437,0.9100000262260437,0.9100000262260437,0.9100000262260437,7000.0
2026-04-13 15:19:00,LUCA.V,,1.4850000143051147,1.4850000143051147,1.4850000143051147,1.4850000143051147,400.0
2026-04-13 15:19:00,MLP.V,,2.0399999618530273,2.0399999618530273,2.0399999618530273,2.0399999618530273,300.0
2026-04-13 15:19:00,MMA.V,,1.25,1.25,1.25,1.25,100.0
2026-04-13 15:19:00,NICU.V,,2.3499999046325684,2.3499999046325684,2.3399999141693115,2.3450000286102295,600.0
2026-04-13 15:19:00,PNG.V,,8.970000267028809,8.970000267028809,8.970000267028809,8.970000267028809,700.0
2026-04-13 15:20:00,FUU.V,,0.17000000178813934,0.17499999701976776,0.17000000178813934,0.17499999701976776,14700.0
2026-04-13 15:20:00,GQC.V,,2.2699999809265137,2.2699999809265137,2.2699999809265137,2.2699999809265137,100.0
2026-04-13 15:20:00,HITI.V,,3.2200000286102295,3.2200000286102295,3.2200000286102295,3.2200000286102295,600.0
2026-04-13 15:20:00,ITR.V,,4.210000038146973,4.210000038146973,4.199999809265137,4.199999809265137,8600.0
2026-04-13 15:20:00,KDK.V,,0.9399999976158142,0.9399999976158142,0.9399999976158142,0.9399999976158142,3000.0
2026-04-13 15:20:00,KNG.V,,1.309999942779541,1.309999942779541,1.309999942779541,1.309999942779541,2100.0
2026-04-13 15:20:00,LMN.V,,23.3700008392334,23.459999084472656,23.270000457763672,23.360000610351562,3440.0
2026-04-13 15:20:00,LTH.V,,0.9049999713897705,0.9100000262260437,0.9049999713897705,0.9100000262260437,7500.0
2026-04-13 15:20:00,MFG.V,,4.400000095367432,4.400000095367432,4.400000095367432,4.400000095367432,100.0
2026-04-13 15:20:00,MMA.V,,1.2549999952316284,1.2549999952316284,1.2549999952316284,1.2549999952316284,100.0
2026-04-13 15:20:00,NICU.V,,2.3499999046325684,2.3499999046325684,2.3499999046325684,2.3499999046325684,100.0
2026-04-13 15:20:00,PNG.V,,8.970000267028809,8.970000267028809,8.970000267028809,8.970000267028809,375.0
2026-04-13 15:21:00,FDR.V,,4.800000190734863,4.800000190734863,4.769999980926514,4.769999980926514,200.0
2026-04-13 15:21:00,FO.V,,0.3199999928474426,0.3199999928474426,0.3199999928474426,0.3199999928474426,44688.0
2026-04-13 15:21:00,IFOS.V,,3.8299999237060547,3.8299999237060547,3.8299999237060547,3.8299999237060547,100.0
2026-04-13 15:21:00,ITR.V,,4.210000038146973,4.210000038146973,4.210000038146973,4.210000038146973,5100.0
2026-04-13 15:21:00,LG.V,,0.38499999046325684,0.38499999046325684,0.38499999046325684,0.38499999046325684,4000.0
2026-04-13 15:21:00,LMN.V,,23.670000076293945,23.670000076293945,23.469999313354492,23.469999313354492,5100.0
2026-04-13 15:21:00,LTH.V,,0.9049999713897705,0.9049999713897705,0.9049999713897705,0.9049999713897705,1000.0
2026-04-13 15:21:00,LUCA.V,,1.4850000143051147,1.4900000095367432,1.4850000143051147,1.4900000095367432,800.0
2026-04-13 15:21:00,MLP.V,,2.0399999618530273,2.0399999618530273,2.0399999618530273,2.0399999618530273,100.0
2026-04-13 15:21:00,MMA.V,,1.2549999952316284,1.2549999952316284,1.2549999952316284,1.2549999952316284,200.0
2026-04-13 15:21:00,NICU.V,,2.3499999046325684,2.3499999046325684,2.3499999046325684,2.3499999046325684,400.0
2026-04-13 15:21:00,PNG.V,,8.960000038146973,8.96500015258789,8.960000038146973,8.96500015258789,4200.0
2026-04-13 15:22:00,FDR.V,,4.800000190734863,4.800000190734863,4.800000190734863,4.800000190734863,700.0
2026-04-13 15:22:00,FOR.V,,0.6499999761581421,0.6499999761581421,0.6499999761581421,0.6499999761581421,500.0
2026-04-13 15:22:00,FRED.V,,0.699999988079071,0.699999988079071,0.699999988079071,0.699999988079071,1000.0
2026-04-13 15:22:00,FWZ.V,,4.630000114440918,4.630000114440918,4.630000114440918,4.630000114440918,3900.0
2026-04-13 15:22:00,GQC.V,,2.2699999809265137,2.2699999809265137,2.2699999809265137,2.2699999809265137,100.0
2026-04-13 15:22:00,HSTR.V,,2.555000066757202,2.555000066757202,2.555000066757202,2.555000066757202,100.0
2026-04-13 15:22:00,ITR.V,,4.210000038146973,4.210000038146973,4.210000038146973,4.210000038146973,200.0
2026-04-13 15:22:00,LMN.V,,23.389999389648438,23.399999618530273,23.3799991607666,23.3799991607666,503.0
2026-04-13 15:22:00,LTH.V,,0.9100000262260437,0.9100000262260437,0.9049999713897705,0.9049999713897705,1500.0
2026-04-13 15:22:00,LUCA.V,,1.4900000095367432,1.4900000095367432,1.4900000095367432,1.4900000095367432,300.0
2026-04-13 15:22:00,MEX.V,,0.15000000596046448,0.15000000596046448,0.15000000596046448,0.15000000596046448,19500.0
2026-04-13 15:22:00,MKO.V,,9.729999542236328,9.729999542236328,9.729999542236328,9.729999542236328,4400.0
2026-04-13 15:22:00,MLP.V,,2.0399999618530273,2.0399999618530273,2.0399999618530273,2.0399999618530273,100.0
2026-04-13 15:22:00,MMA.V,,1.2549999952316284,1.2549999952316284,1.2549999952316284,1.2549999952316284,100.0
2026-04-13 15:22:00,PNG.V,,8.970000267028809,8.970000267028809,8.960000038146973,8.960000038146973,1287.0
2026-04-13 15:22:00,ROAR.V,,0.25999999046325684,0.25999999046325684,0.25999999046325684,0.25999999046325684,1000.0
2026-04-13 15:23:00,FWZ.V,,4.650000095367432,4.650000095367432,4.630000114440918,4.650000095367432,1300.0
2026-04-13 15:23:00,GQC.V,,2.2699999809265137,2.2699999809265137,2.2699999809265137,2.2699999809265137,100.0
2026-04-13 15:23:00,GSVR.V,,0.6299999952316284,0.6299999952316284,0.6299999952316284,0.6299999952316284,500.0
2026-04-13 15:23:00,HAN.V,,0.5899999737739563,0.5899999737739563,0.5899999737739563,0.5899999737739563,12500.0
2026-04-13 15:23:00,HVG.V,,0.05999999865889549,0.05999999865889549,0.05999999865889549,0.05999999865889549,10000.0
2026-04-13 15:23:00,IFOS.V,,3.799999952316284,3.799999952316284,3.799999952316284,3.799999952316284,600.0
2026-04-13 15:23:00,ITR.V,,4.204999923706055,4.204999923706055,4.204999923706055,4.204999923706055,100.0
2026-04-13 15:23:00,KNG.V,,1.2999999523162842,1.2999999523162842,1.2999999523162842,1.2999999523162842,5200.0
2026-04-13 15:23:00,LMN.V,,23.440000534057617,23.440000534057617,23.440000534057617,23.440000534057617,100.0
2026-04-13 15:23:00,LTH.V,,0.9100000262260437,0.9100000262260437,0.9049999713897705,0.9049999713897705,1000.0
2026-04-13 15:23:00,LUCA.V,,1.4900000095367432,1.4900000095367432,1.4850000143051147,1.4850000143051147,200.0
2026-04-13 15:23:00,MJS.V,,0.14000000059604645,0.14000000059604645,0.14000000059604645,0.14000000059604645,1500.0
2026-04-13 15:23:00,MLP.V,,2.0299999713897705,2.0399999618530273,2.0299999713897705,2.0399999618530273,2500.0
2026-04-13 15:23:00,MMA.V,,1.2549999952316284,1.2549999952316284,1.2549999952316284,1.2549999952316284,100.0
2026-04-13 15:23:00,PNG.V,,8.970000267028809,8.970000267028809,8.970000267028809,8.970000267028809,100.0
2026-04-13 15:24:00,FAIR.V,,0.07500000298023224,0.07500000298023224,0.07500000298023224,0.07500000298023224,2000.0
2026-04-13 15:24:00,FDR.V,,4.800000190734863,4.800000190734863,4.800000190734863,4.800000190734863,100.0
2026-04-13 15:24:00,FWZ.V,,4.650000095367432,4.650000095367432,4.650000095367432,4.650000095367432,4900.0
2026-04-13 15:24:00,GG.V,,2.640000104904175,2.640000104904175,2.640000104904175,2.640000104904175,230.0
2026-04-13 15:24:00,GIGA.V,,0.09000000357627869,0.09000000357627869,0.09000000357627869,0.09000000357627869,24000.0
2026-04-13 15:24:00,GPAC.V,,0.4650000035762787,0.4650000035762787,0.4650000035762787,0.4650000035762787,500.0
2026-04-13 15:24:00,GQC.V,,2.2699999809265137,2.2699999809265137,2.2699999809265137,2.2699999809265137,100.0
2026-04-13 15:24:00,HME.V,,2.7799999713897705,2.7799999713897705,2.7799999713897705,2.7799999713897705,1600.0
2026-04-13 15:24:00,IFOS.V,,3.799999952316284,3.799999952316284,3.799999952316284,3.799999952316284,3000.0
2026-04-13 15:24:00,IPT.V,,0.2549999952316284,0.2549999952316284,0.2549999952316284,0.2549999952316284,6000.0
2026-04-13 15:24:00,ITR.V,,4.210000038146973,4.210000038146973,4.210000038146973,4.210000038146973,600.0
2026-04-13 15:24:00,LMN.V,,23.459999084472656,23.459999084472656,23.450000762939453,23.450000762939453,600.0
2026-04-13 15:24:00,LTH.V,,0.9049999713897705,0.9100000262260437,0.9049999713897705,0.9049999713897705,2000.0
2026-04-13 15:24:00,MJS.V,,0.14000000059604645,0.14000000059604645,0.14000000059604645,0.14000000059604645,500.0
2026-04-13 15:24:00,MLP.V,,2.0199999809265137,2.0199999809265137,2.0199999809265137,2.0199999809265137,300.0
2026-04-13 15:24:00,NICU.V,,2.365000009536743,2.369999885559082,2.359999895095825,2.359999895095825,2600.0
2026-04-13 15:24:00,PNG.V,,8.960000038146973,8.970000267028809,8.960000038146973,8.970000267028809,2500.0
2026-04-13 15:25:00,FWZ.V,,4.619999885559082,4.650000095367432,4.610000133514404,4.650000095367432,8300.0
2026-04-13 15:25:00,HITI.V,,3.2100000381469727,3.2100000381469727,3.2100000381469727,3.2100000381469727,200.0
2026-04-13 15:25:00,HME.V,,2.7799999713897705,2.7799999713897705,2.7799999713897705,2.7799999713897705,1000.0
2026-04-13 15:25:00,IFOS.V,,3.799999952316284,3.799999952316284,3.799999952316284,3.799999952316284,300.0
2026-04-13 15:25:00,LTH.V,,0.9049999713897705,0.9100000262260437,0.9049999713897705,0.9100000262260437,1000.0
2026-04-13 15:25:00,MJS.V,,0.14000000059604645,0.14000000059604645,0.14000000059604645,0.14000000059604645,2500.0
2026-04-13 15:25:00,MLP.V,,2.0199999809265137,2.0199999809265137,2.0199999809265137,2.0199999809265137,3900.0
2026-04-13 15:25:00,MMA.V,,1.2549999952316284,1.2549999952316284,1.2549999952316284,1.2549999952316284,100.0
2026-04-13 15:25:00,NICU.V,,2.359999895095825,2.365000009536743,2.359999895095825,2.365000009536743,500.0
2026-04-13 15:25:00,PNG.V,,8.960000038146973,8.970000267028809,8.960000038146973,8.960000038146973,6300.0
2026-04-13 15:26:00,FL.V,,0.6449999809265137,0.6449999809265137,0.6449999809265137,0.6449999809265137,500.0
2026-04-13 15:26:00,FUU.V,,0.17249999940395355,0.17249999940395355,0.17249999940395355,0.17249999940395355,500.0
2026-04-13 15:26:00,FWZ.V,,4.619999885559082,4.619999885559082,4.619999885559082,4.619999885559082,2000.0
2026-04-13 15:26:00,GOT.V,,1.7400000095367432,1.7400000095367432,1.7400000095367432,1.7400000095367432,100.0
2026-04-13 15:26:00,GRZ.V,,5.659999847412109,5.659999847412109,5.659999847412109,5.659999847412109,200.0
2026-04-13 15:26:00,IRO.V,,1.0,1.0,1.0,1.0,0.0
2026-04-13 15:26:00,ITR.V,,4.215000152587891,4.215000152587891,4.210000038146973,4.210000038146973,3800.0
2026-04-13 15:26:00,LG.V,,0.38499999046325684,0.38499999046325684,0.38499999046325684,0.38499999046325684,20000.0
2026-04-13 15:26:00,LMN.V,,23.520000457763672,23.520000457763672,23.5,23.5,400.0
2026-04-13 15:26:00,LPK.V,,0.33500000834465027,0.33500000834465027,0.33500000834465027,0.33500000834465027,500.0
2026-04-13 15:26:00,LTH.V,,0.9049999713897705,0.9100000262260437,0.9049999713897705,0.9100000262260437,1500.0
2026-04-13 15:26:00,LUCA.V,,1.4850000143051147,1.4900000095367432,1.4850000143051147,1.4900000095367432,3300.0
2026-04-13 15:26:00,MKO.V,,9.729999542236328,9.729999542236328,9.729999542236328,9.729999542236328,3300.0
2026-04-13 15:26:00,MLP.V,,2.009999990463257,2.009999990463257,2.009999990463257,2.009999990463257,200.0
2026-04-13 15:26:00,PNG.V,,8.979999542236328,8.979999542236328,8.970000267028809,8.970000267028809,7986.0
2026-04-13 15:26:00,ROAR.V,,0.25999999046325684,0.25999999046325684,0.25999999046325684,0.25999999046325684,500.0
2026-04-13 15:27:00,FDR.V,,4.829999923706055,4.829999923706055,4.829999923706055,4.829999923706055,500.0
2026-04-13 15:27:00,FRED.V,,0.699999988079071,0.699999988079071,0.699999988079071,0.699999988079071,1500.0
2026-04-13 15:27:00,FWZ.V,,4.650000095367432,4.650000095367432,4.630000114440918,4.650000095367432,1900.0
2026-04-13 15:27:00,GQC.V,,2.2699999809265137,2.2699999809265137,2.2699999809265137,2.2699999809265137,100.0
2026-04-13 15:27:00,GSVR.V,,0.6349999904632568,0.6349999904632568,0.6349999904632568,0.6349999904632568,500.0
2026-04-13 15:27:00,HME.V,,2.7850000858306885,2.7850000858306885,2.7850000858306885,2.7850000858306885,700.0
2026-04-13 15:27:00,HSTR.V,,2.559999942779541,2.559999942779541,2.559999942779541,2.559999942779541,300.0
2026-04-13 15:27:00,KTN.V,,1.465000033378601,1.465000033378601,1.465000033378601,1.465000033378601,100.0
2026-04-13 15:27:00,LMN.V,,23.549999237060547,23.549999237060547,23.540000915527344,23.540000915527344,900.0
2026-04-13 15:27:00,LTH.V,,0.9049999713897705,0.9100000262260437,0.9049999713897705,0.9100000262260437,1000.0
2026-04-13 15:27:00,LUCA.V,,1.4900000095367432,1.4900000095367432,1.4850000143051147,1.4850000143051147,200.0
2026-04-13 15:27:00,MEX.V,,0.1599999964237213,0.1599999964237213,0.1599999964237213,0.1599999964237213,20000.0
2026-04-13 15:27:00,MMA.V,,1.2599999904632568,1.2599999904632568,1.2599999904632568,1.2599999904632568,300.0
2026-04-13 15:27:00,NICU.V,,2.365000009536743,2.365000009536743,2.365000009536743,2.365000009536743,100.0
2026-04-13 15:27:00,NURS.V,,3.119999885559082,3.119999885559082,3.119999885559082,3.119999885559082,100.0
2026-04-13 15:27:00,PNG.V,,8.970000267028809,8.979999542236328,8.970000267028809,8.970000267028809,5280.0
2026-04-13 15:28:00,FRED.V,,0.699999988079071,0.699999988079071,0.699999988079071,0.699999988079071,2500.0
2026-04-13 15:28:00,FWZ.V,,4.639999866485596,4.639999866485596,4.639999866485596,4.639999866485596,1200.0
2026-04-13 15:28:00,GRZ.V,,5.659999847412109,5.659999847412109,5.659999847412109,5.659999847412109,100.0
2026-04-13 15:28:00,LG.V,,0.38499999046325684,0.38499999046325684,0.38499999046325684,0.38499999046325684,5000.0
2026-04-13 15:28:00,LMN.V,,23.6200008392334,23.6200008392334,23.6200008392334,23.6200008392334,100.0
2026-04-13 15:28:00,LTH.V,,0.9049999713897705,0.9100000262260437,0.9049999713897705,0.9100000262260437,2000.0
2026-04-13 15:28:00,LUCA.V,,1.4900000095367432,1.4900000095367432,1.4850000143051147,1.4900000095367432,800.0
2026-04-13 15:28:00,NICU.V,,2.369999885559082,2.369999885559082,2.369999885559082,2.369999885559082,200.0
2026-04-13 15:28:00,PNG.V,,8.930000305175781,8.960000038146973,8.930000305175781,8.960000038146973,5400.0
2026-04-13 15:29:00,FDR.V,,4.800000190734863,4.800000190734863,4.800000190734863,4.800000190734863,300.0
2026-04-13 15:29:00,FRED.V,,0.7099999785423279,0.7099999785423279,0.7099999785423279,0.7099999785423279,40500.0
2026-04-13 15:29:00,FWZ.V,,4.670000076293945,4.670000076293945,4.670000076293945,4.670000076293945,6100.0
2026-04-13 15:29:00,GQC.V,,2.2699999809265137,2.2699999809265137,2.2699999809265137,2.2699999809265137,100.0
2026-04-13 15:29:00,GRZ.V,,5.659999847412109,5.659999847412109,5.659999847412109,5.659999847412109,200.0
2026-04-13 15:29:00,GSVR.V,,0.6299999952316284,0.6299999952316284,0.6299999952316284,0.6299999952316284,500.0
2026-04-13 15:29:00,HSTR.V,,2.559999942779541,2.559999942779541,2.559999942779541,2.559999942779541,500.0
2026-04-13 15:29:00,ITR.V,,4.230000019073486,4.230000019073486,4.21999979019165,4.21999979019165,700.0
2026-04-13 15:29:00,IVX.V,,0.6600000262260437,0.6600000262260437,0.6600000262260437,0.6600000262260437,0.0
2026-04-13 15:29:00,KDK.V,,0.9300000071525574,0.9300000071525574,0.9300000071525574,0.9300000071525574,500.0
2026-04-13 15:29:00,LMN.V,,23.479999542236328,23.489999771118164,23.479999542236328,23.489999771118164,200.0
2026-04-13 15:29:00,LUCA.V,,1.4850000143051147,1.4900000095367432,1.4850000143051147,1.4900000095367432,300.0
2026-04-13 15:29:00,MJS.V,,0.14000000059604645,0.14000000059604645,0.14000000059604645,0.14000000059604645,500.0
2026-04-13 15:29:00,MKO.V,,9.729999542236328,9.729999542236328,9.729999542236328,9.729999542236328,1500.0
2026-04-13 15:29:00,MLP.V,,2.0199999809265137,2.0299999713897705,2.009999990463257,2.0199999809265137,5400.0
2026-04-13 15:29:00,MMA.V,,1.2549999952316284,1.2549999952316284,1.2549999952316284,1.2549999952316284,300.0
2026-04-13 15:29:00,NURS.V,,3.119999885559082,3.119999885559082,3.119999885559082,3.119999885559082,200.0
2026-04-13 15:29:00,PNG.V,,8.949999809265137,8.949999809265137,8.930000305175781,8.930000305175781,5190.0
2026-04-13 15:29:00,ROAR.V,,0.26499998569488525,0.26499998569488525,0.26499998569488525,0.26499998569488525,7000.0
2026-04-13 15:29:00,TEST-H.V,,0.009999999776482582,0.009999999776482582,0.009999999776482582,0.009999999776482582,0.0
2026-04-13 15:30:00,FDR.V,,4.829999923706055,4.829999923706055,4.829999923706055,4.829999923706055,100.0
2026-04-13 15:30:00,FWZ.V,,4.670000076293945,4.670000076293945,4.670000076293945,4.670000076293945,400.0
2026-04-13 15:30:00,GOT.V,,1.75,1.75,1.75,1.75,1800.0
2026-04-13 15:30:00,GQC.V,,2.259999990463257,2.2699999809265137,2.259999990463257,2.259999990463257,400.0
2026-04-13 15:30:00,HITI.V,,3.2100000381469727,3.2100000381469727,3.2100000381469727,3.2100000381469727,400.0
2026-04-13 15:30:00,IPT.V,,0.2549999952316284,0.2549999952316284,0.2549999952316284,0.2549999952316284,500.0
2026-04-13 15:30:00,ITR.V,,4.230000019073486,4.230000019073486,4.230000019073486,4.230000019073486,700.0
2026-04-13 15:30:00,LTH.V,,0.9049999713897705,0.9100000262260437,0.9049999713897705,0.9100000262260437,1000.0
2026-04-13 15:30:00,LUCA.V,,1.4900000095367432,1.4900000095367432,1.4900000095367432,1.4900000095367432,300.0
2026-04-13 15:30:00,MKO.V,,9.75,9.75,9.75,9.75,800.0
2026-04-13 15:30:00,MLP.V,,2.0450000762939453,2.049999952316284,2.0450000762939453,2.049999952316284,7700.0
2026-04-13 15:30:00,NURS.V,,3.119999885559082,3.119999885559082,3.119999885559082,3.119999885559082,100.0
2026-04-13 15:30:00,PNG.V,,8.949999809265137,8.960000038146973,8.9399995803833,8.960000038146973,2068.0
2026-04-13 15:31:00,FWZ.V,,4.670000076293945,4.670000076293945,4.670000076293945,4.670000076293945,600.0
2026-04-13 15:31:00,GHL.V,,0.054999999701976776,0.054999999701976776,0.054999999701976776,0.054999999701976776,10000.0
2026-04-13 15:31:00,GQC.V,,2.259999990463257,2.259999990463257,2.259999990463257,2.259999990463257,200.0
2026-04-13 15:31:00,GSVR.V,,0.6299999952316284,0.6299999952316284,0.6299999952316284,0.6299999952316284,500.0
2026-04-13 15:31:00,HAN.V,,0.5899999737739563,0.5899999737739563,0.5899999737739563,0.5899999737739563,1000.0
2026-04-13 15:31:00,ITR.V,,4.21999979019165,4.230000019073486,4.21999979019165,4.230000019073486,2200.0
2026-04-13 15:31:00,KTN.V,,1.465000033378601,1.465000033378601,1.465000033378601,1.465000033378601,100.0
2026-04-13 15:31:00,LG.V,,0.38499999046325684,0.38499999046325684,0.38499999046325684,0.38499999046325684,5000.0
2026-04-13 15:31:00,LMN.V,,23.6200008392334,23.6200008392334,23.579999923706055,23.579999923706055,1445.0
2026-04-13 15:31:00,LTH.V,,0.9049999713897705,0.9100000262260437,0.9049999713897705,0.9100000262260437,1500.0
2026-04-13 15:31:00,LUCA.V,,1.4850000143051147,1.4900000095367432,1.4850000143051147,1.4900000095367432,3800.0
2026-04-13 15:31:00,MKO.V,,9.770000457763672,9.770000457763672,9.770000457763672,9.770000457763672,2200.0
2026-04-13 15:31:00,MLP.V,,2.049999952316284,2.049999952316284,2.0399999618530273,2.0399999618530273,800.0
2026-04-13 15:31:00,MMA.V,,1.25,1.25,1.25,1.25,1600.0
2026-04-13 15:31:00,PNG.V,,8.970000267028809,8.970000267028809,8.949999809265137,8.949999809265137,2200.0
2026-04-13 15:32:00,EQTY.V,,0.33000001311302185,0.33000001311302185,0.33000001311302185,0.33000001311302185,2500.0
2026-04-13 15:32:00,FDR.V,,4.840000152587891,4.840000152587891,4.829999923706055,4.829999923706055,300.0
2026-04-13 15:32:00,FUU.V,,0.17249999940395355,0.17249999940395355,0.17249999940395355,0.17249999940395355,500.0
2026-04-13 15:32:00,FWZ.V,,4.670000076293945,4.699999809265137,4.670000076293945,4.679999828338623,2700.0
2026-04-13 15:32:00,GMA.V,,0.2849999964237213,0.2849999964237213,0.2849999964237213,0.2849999964237213,5000.0
2026-04-13 15:32:00,GOT.V,,1.7450000047683716,1.7450000047683716,1.7450000047683716,1.7450000047683716,600.0
2026-04-13 15:32:00,GPAC.V,,0.4650000035762787,0.4650000035762787,0.4650000035762787,0.4650000035762787,500.0
2026-04-13 15:32:00,GQC.V,,2.259999990463257,2.2699999809265137,2.259999990463257,2.2699999809265137,300.0
2026-04-13 15:32:00,HME.V,,2.7699999809265137,2.7699999809265137,2.7699999809265137,2.7699999809265137,100.0
2026-04-13 15:32:00,HSTR.V,,2.559999942779541,2.559999942779541,2.559999942779541,2.559999942779541,500.0
2026-04-13 15:32:00,LG.V,,0.3799999952316284,0.3799999952316284,0.3799999952316284,0.3799999952316284,3500.0
2026-04-13 15:32:00,LTH.V,,0.9100000262260437,0.9100000262260437,0.9049999713897705,0.9100000262260437,2000.0
2026-04-13 15:32:00,LUCA.V,,1.4900000095367432,1.4900000095367432,1.4850000143051147,1.4900000095367432,3100.0
2026-04-13 15:32:00,MKO.V,,9.800000190734863,9.800000190734863,9.779999732971191,9.779999732971191,2100.0
2026-04-13 15:32:00,MLP.V,,2.0399999618530273,2.0399999618530273,2.0399999618530273,2.0399999618530273,1500.0
2026-04-13 15:32:00,NICU.V,,2.359999895095825,2.359999895095825,2.359999895095825,2.359999895095825,1900.0
2026-04-13 15:32:00,PNG.V,,8.949999809265137,8.960000038146973,8.930000305175781,8.960000038146973,6600.0
2026-04-13 15:33:00,FDR.V,,4.829999923706055,4.829999923706055,4.800000190734863,4.800000190734863,300.0
2026-04-13 15:33:00,GQC.V,,2.259999990463257,2.259999990463257,2.259999990463257,2.259999990463257,100.0
2026-04-13 15:33:00,HITI.V,,3.2200000286102295,3.2200000286102295,3.2200000286102295,3.2200000286102295,400.0
2026-04-13 15:33:00,HSTR.V,,2.559999942779541,2.559999942779541,2.559999942779541,2.559999942779541,900.0
2026-04-13 15:33:00,KTN.V,,1.465000033378601,1.465000033378601,1.465000033378601,1.465000033378601,100.0
2026-04-13 15:33:00,LMN.V,,23.59000015258789,23.6200008392334,23.59000015258789,23.59000015258789,701.0
2026-04-13 15:33:00,LTH.V,,0.9100000262260437,0.9100000262260437,0.9049999713897705,0.9049999713897705,1000.0
2026-04-13 15:33:00,LUCA.V,,1.4900000095367432,1.4900000095367432,1.4900000095367432,1.4900000095367432,400.0
2026-04-13 15:33:00,MKO.V,,9.795000076293945,9.819999694824219,9.795000076293945,9.819999694824219,900.0
2026-04-13 15:33:00,MMA.V,,1.25,1.25,1.25,1.25,100.0
2026-04-13 15:33:00,NICU.V,,2.3499999046325684,2.359999895095825,2.3399999141693115,2.359999895095825,6500.0
2026-04-13 15:33:00,NURS.V,,3.109999895095825,3.119999885559082,3.109999895095825,3.119999885559082,1900.0
2026-04-13 15:33:00,PNG.V,,8.949999809265137,8.989999771118164,8.949999809265137,8.970000267028809,8450.0
2026-04-13 15:33:00,YGT.V,,0.20999999344348907,0.20999999344348907,0.20999999344348907,0.20999999344348907,16000.0
2026-04-13 15:34:00,FOR.V,,0.6499999761581421,0.6499999761581421,0.6499999761581421,0.6499999761581421,11500.0
2026-04-13 15:34:00,FWZ.V,,4.670000076293945,4.670000076293945,4.670000076293945,4.670000076293945,1500.0
2026-04-13 15:34:00,GPH.V,,1.25,1.25,1.25,1.25,500.0
2026-04-13 15:34:00,GPM.V,,0.0949999988079071,0.0949999988079071,0.0949999988079071,0.0949999988079071,7000.0
2026-04-13 15:34:00,GQC.V,,2.259999990463257,2.259999990463257,2.259999990463257,2.259999990463257,400.0
2026-04-13 15:34:00,GRZ.V,,5.659999847412109,5.659999847412109,5.650000095367432,5.659999847412109,2900.0
2026-04-13 15:34:00,HITI.V,,3.2100000381469727,3.2100000381469727,3.2100000381469727,3.2100000381469727,100.0
2026-04-13 15:34:00,HME.V,,2.7799999713897705,2.7799999713897705,2.7799999713897705,2.7799999713897705,1500.0
2026-04-13 15:34:00,HSTR.V,,2.549999952316284,2.549999952316284,2.549999952316284,2.549999952316284,800.0
2026-04-13 15:34:00,LMN.V,,23.6200008392334,23.6200008392334,23.6200008392334,23.6200008392334,130.0
2026-04-13 15:34:00,LTH.V,,0.9100000262260437,0.9100000262260437,0.9100000262260437,0.9100000262260437,500.0
2026-04-13 15:34:00,LUCA.V,,1.4900000095367432,1.4900000095367432,1.4900000095367432,1.4900000095367432,239.0
2026-04-13 15:34:00,MJS.V,,0.14000000059604645,0.14000000059604645,0.14000000059604645,0.14000000059604645,500.0
2026-04-13 15:34:00,MKO.V,,9.800000190734863,9.800000190734863,9.800000190734863,9.800000190734863,100.0
2026-04-13 15:34:00,NICU.V,,2.3499999046325684,2.3499999046325684,2.3499999046325684,2.3499999046325684,200.0
2026-04-13 15:34:00,PNG.V,,8.949999809265137,8.960000038146973,8.9399995803833,8.960000038146973,2035.0
2026-04-13 15:34:00,YGT.V,,0.20999999344348907,0.20999999344348907,0.20999999344348907,0.20999999344348907,6000.0
2026-04-13 15:35:00,FCA-UN.V,,4.150000095367432,4.150000095367432,4.150000095367432,4.150000095367432,0.0
2026-04-13 15:35:00,FDR.V,,4.840000152587891,4.840000152587891,4.840000152587891,4.840000152587891,100.0
2026-04-13 15:35:00,FKM.V,,0.2549999952316284,0.2549999952316284,0.2549999952316284,0.2549999952316284,10500.0
2026-04-13 15:35:00,FUU.V,,0.17249999940395355,0.17249999940395355,0.17249999940395355,0.17249999940395355,500.0
2026-04-13 15:35:00,GQC.V,,2.259999990463257,2.2699999809265137,2.259999990463257,2.2699999809265137,200.0
2026-04-13 15:35:00,HITI.V,,3.2100000381469727,3.2100000381469727,3.2100000381469727,3.2100000381469727,100.0
2026-04-13 15:35:00,HME.V,,2.7799999713897705,2.7799999713897705,2.7799999713897705,2.7799999713897705,800.0
2026-04-13 15:35:00,ITR.V,,4.210000038146973,4.210000038146973,4.210000038146973,4.210000038146973,4900.0
2026-04-13 15:35:00,KTN.V,,1.4600000381469727,1.4600000381469727,1.4600000381469727,1.4600000381469727,100.0
2026-04-13 15:35:00,LTH.V,,0.9049999713897705,0.9100000262260437,0.9049999713897705,0.9049999713897705,1500.0
2026-04-13 15:35:00,LUCA.V,,1.4850000143051147,1.4900000095367432,1.4850000143051147,1.4900000095367432,200.0
2026-04-13 15:35:00,MKO.V,,9.800000190734863,9.800000190734863,9.800000190734863,9.800000190734863,800.0
2026-04-13 15:35:00,MLP.V,,2.055000066757202,2.055000066757202,2.0399999618530273,2.0399999618530273,2100.0
2026-04-13 15:35:00,MMA.V,,1.25,1.25,1.25,1.25,100.0
2026-04-13 15:35:00,NICU.V,,2.3499999046325684,2.3499999046325684,2.3450000286102295,2.3499999046325684,2100.0
2026-04-13 15:35:00,NURS.V,,3.0999999046325684,3.0999999046325684,3.0999999046325684,3.0999999046325684,100.0
2026-04-13 15:35:00,PNG.V,,8.960000038146973,8.979999542236328,8.930000305175781,8.970000267028809,6971.0
2026-04-13 15:36:00,FDR.V,,4.840000152587891,4.840000152587891,4.840000152587891,4.840000152587891,500.0
2026-04-13 15:36:00,FWZ.V,,4.670000076293945,4.699999809265137,4.670000076293945,4.699999809265137,1000.0
2026-04-13 15:36:00,GQC.V,,2.259999990463257,2.259999990463257,2.259999990463257,2.259999990463257,100.0
2026-04-13 15:36:00,GRZ.V,,5.670000076293945,5.670000076293945,5.670000076293945,5.670000076293945,100.0
2026-04-13 15:36:00,HITI.V,,3.2100000381469727,3.2100000381469727,3.2100000381469727,3.2100000381469727,100.0
2026-04-13 15:36:00,HSTR.V,,2.549999952316284,2.549999952316284,2.549999952316284,2.549999952316284,500.0
2026-04-13 15:36:00,ITR.V,,4.210000038146973,4.210000038146973,4.210000038146973,4.210000038146973,800.0
2026-04-13 15:36:00,LMN.V,,23.6299991607666,23.6299991607666,23.610000610351562,23.610000610351562,700.0
2026-04-13 15:36:00,LTH.V,,0.9049999713897705,0.9100000262260437,0.9049999713897705,0.9100000262260437,2000.0
2026-04-13 15:36:00,LUCA.V,,1.4900000095367432,1.4900000095367432,1.4850000143051147,1.4900000095367432,400.0
2026-04-13 15:36:00,MKO.V,,9.800000190734863,9.800000190734863,9.800000190734863,9.800000190734863,100.0
2026-04-13 15:36:00,MLP.V,,2.055000066757202,2.055000066757202,2.055000066757202,2.055000066757202,200.0
2026-04-13 15:36:00,MMA.V,,1.2599999904632568,1.2599999904632568,1.25,1.25,2600.0
2026-04-13 15:36:00,NICU.V,,2.359999895095825,2.359999895095825,2.3399999141693115,2.3499999046325684,8100.0
2026-04-13 15:36:00,PNG.V,,8.960000038146973,8.960000038146973,8.9399995803833,8.960000038146973,4200.0
2026-04-13 15:37:00,FDR.V,,4.849999904632568,4.849999904632568,4.840000152587891,4.840000152587891,200.0
2026-04-13 15:37:00,FO.V,,0.3199999928474426,0.3199999928474426,0.3199999928474426,0.3199999928474426,6500.0
2026-04-13 15:37:00,GDP.V,,0.33000001311302185,0.33000001311302185,0.33000001311302185,0.33000001311302185,0.0
2026-04-13 15:37:00,GQC.V,,2.259999990463257,2.259999990463257,2.259999990463257,2.259999990463257,600.0
2026-04-13 15:37:00,HITI.V,,3.2100000381469727,3.2100000381469727,3.2100000381469727,3.2100000381469727,100.0
2026-04-13 15:37:00,ITR.V,,4.199999809265137,4.199999809265137,4.199999809265137,4.199999809265137,200.0
2026-04-13 15:37:00,LMN.V,,23.579999923706055,23.59000015258789,23.579999923706055,23.59000015258789,600.0
2026-04-13 15:37:00,LTH.V,,0.9100000262260437,0.9100000262260437,0.9049999713897705,0.9049999713897705,1175.0
2026-04-13 15:37:00,LUCA.V,,1.4900000095367432,1.4900000095367432,1.4850000143051147,1.4900000095367432,2400.0
2026-04-13 15:37:00,MLP.V,,2.0299999713897705,2.055000066757202,2.0299999713897705,2.055000066757202,4000.0
2026-04-13 15:37:00,NICU.V,,2.3550000190734863,2.3550000190734863,2.3550000190734863,2.3550000190734863,200.0
2026-04-13 15:37:00,PNG.V,,8.949999809265137,8.960000038146973,8.9399995803833,8.949999809265137,5500.0
2026-04-13 15:38:00,FDR.V,,4.849999904632568,4.849999904632568,4.849999904632568,4.849999904632568,400.0
2026-04-13 15:38:00,FUU.V,,0.17249999940395355,0.17249999940395355,0.17249999940395355,0.17249999940395355,500.0
2026-04-13 15:38:00,FWZ.V,,4.659999847412109,4.670000076293945,4.659999847412109,4.670000076293945,1400.0
2026-04-13 15:38:00,GG.V,,2.609999895095825,2.609999895095825,2.609999895095825,2.609999895095825,300.0
2026-04-13 15:38:00,GQC.V,,2.259999990463257,2.259999990463257,2.259999990463257,2.259999990463257,200.0
2026-04-13 15:38:00,GRSL.V,,0.3400000035762787,0.3400000035762787,0.3400000035762787,0.3400000035762787,3000.0
2026-04-13 15:38:00,KTN.V,,1.4600000381469727,1.4600000381469727,1.4600000381469727,1.4600000381469727,100.0
2026-04-13 15:38:00,LMN.V,,23.59000015258789,23.59000015258789,23.59000015258789,23.59000015258789,100.0
2026-04-13 15:38:00,LTH.V,,0.9100000262260437,0.9100000262260437,0.9049999713897705,0.9049999713897705,2000.0
2026-04-13 15:38:00,LUCA.V,,1.4900000095367432,1.4900000095367432,1.4900000095367432,1.4900000095367432,600.0
2026-04-13 15:38:00,MKO.V,,9.819999694824219,9.819999694824219,9.819999694824219,9.819999694824219,100.0
2026-04-13 15:38:00,MLP.V,,2.049999952316284,2.049999952316284,2.0199999809265137,2.0199999809265137,7900.0
2026-04-13 15:38:00,NICU.V,,2.3499999046325684,2.3499999046325684,2.3499999046325684,2.3499999046325684,700.0
2026-04-13 15:38:00,PNG.V,,8.960000038146973,8.960000038146973,8.949999809265137,8.949999809265137,1300.0
2026-04-13 15:39:00,FDR.V,,4.829999923706055,4.829999923706055,4.820000171661377,4.829999923706055,400.0
2026-04-13 15:39:00,FL.V,,0.6499999761581421,0.6499999761581421,0.6499999761581421,0.6499999761581421,5884.0
2026-04-13 15:39:00,FRED.V,,0.7099999785423279,0.7099999785423279,0.7099999785423279,0.7099999785423279,30500.0
2026-04-13 15:39:00,GG.V,,2.690000057220459,2.690000057220459,2.619999885559082,2.619999885559082,1900.0
2026-04-13 15:39:00,GGO.V,,1.0800000429153442,1.0800000429153442,1.0800000429153442,1.0800000429153442,2500.0
2026-04-13 15:39:00,GPAC.V,,0.4650000035762787,0.4650000035762787,0.4650000035762787,0.4650000035762787,500.0
2026-04-13 15:39:00,GQC.V,,2.259999990463257,2.259999990463257,2.259999990463257,2.259999990463257,100.0
2026-04-13 15:39:00,GSP.V,,0.1550000011920929,0.1550000011920929,0.1550000011920929,0.1550000011920929,32000.0
2026-04-13 15:39:00,HITI.V,,3.2100000381469727,3.2100000381469727,3.2100000381469727,3.2100000381469727,100.0
2026-04-13 15:39:00,HSTR.V,,2.549999952316284,2.549999952316284,2.549999952316284,2.549999952316284,1800.0
2026-04-13 15:39:00,KTN.V,,1.4700000286102295,1.4700000286102295,1.4700000286102295,1.4700000286102295,100.0
2026-04-13 15:39:00,LMN.V,,23.549999237060547,23.709999084472656,23.549999237060547,23.59000015258789,1900.0
2026-04-13 15:39:00,LTH.V,,0.9100000262260437,0.9100000262260437,0.9049999713897705,0.9049999713897705,1500.0
2026-04-13 15:39:00,LUCA.V,,1.4850000143051147,1.4900000095367432,1.4850000143051147,1.4900000095367432,600.0
2026-04-13 15:39:00,MJS.V,,0.14000000059604645,0.14000000059604645,0.14000000059604645,0.14000000059604645,500.0
2026-04-13 15:39:00,MLP.V,,2.0299999713897705,2.0299999713897705,2.0299999713897705,2.0299999713897705,400.0
2026-04-13 15:39:00,NICU.V,,2.3499999046325684,2.3499999046325684,2.3499999046325684,2.3499999046325684,500.0
2026-04-13 15:39:00,NURS.V,,3.109999895095825,3.109999895095825,3.109999895095825,3.109999895095825,600.0
2026-04-13 15:39:00,PNG.V,,8.970000267028809,8.970000267028809,8.949999809265137,8.960000038146973,20900.0
2026-04-13 15:40:00,FDR.V,,4.840000152587891,4.840000152587891,4.840000152587891,4.840000152587891,100.0
2026-04-13 15:40:00,FUU.V,,0.17249999940395355,0.17249999940395355,0.17249999940395355,0.17249999940395355,500.0
2026-04-13 15:40:00,FWZ.V,,4.690000057220459,4.690000057220459,4.690000057220459,4.690000057220459,300.0
2026-04-13 15:40:00,GOT.V,,1.7350000143051147,1.7400000095367432,1.7350000143051147,1.7400000095367432,3500.0
2026-04-13 15:40:00,GQC.V,,2.259999990463257,2.259999990463257,2.259999990463257,2.259999990463257,100.0
2026-04-13 15:40:00,GRZ.V,,5.659999847412109,5.659999847412109,5.659999847412109,5.659999847412109,100.0
2026-04-13 15:40:00,LIO.V,,0.23499999940395355,0.23499999940395355,0.23499999940395355,0.23499999940395355,7500.0
2026-04-13 15:40:00,LMN.V,,23.440000534057617,23.5,23.440000534057617,23.5,600.0
2026-04-13 15:40:00,LTH.V,,0.9100000262260437,0.9100000262260437,0.9049999713897705,0.9049999713897705,1500.0
2026-04-13 15:40:00,LUCA.V,,1.4900000095367432,1.4900000095367432,1.4850000143051147,1.4900000095367432,700.0
2026-04-13 15:40:00,LVG.V,,0.3149999976158142,0.3149999976158142,0.3149999976158142,0.3149999976158142,500.0
2026-04-13 15:40:00,MKO.V,,9.789999961853027,9.8100004196167,9.789999961853027,9.8100004196167,800.0
2026-04-13 15:40:00,MLP.V,,2.0199999809265137,2.0199999809265137,2.0199999809265137,2.0199999809265137,1300.0
2026-04-13 15:40:00,PNG.V,,8.949999809265137,8.970000267028809,8.949999809265137,8.970000267028809,4721.0
2026-04-13 15:41:00,FDR.V,,4.860000133514404,4.860000133514404,4.860000133514404,4.860000133514404,200.0
2026-04-13 15:41:00,FWZ.V,,4.659999847412109,4.690000057220459,4.659999847412109,4.690000057220459,200.0
2026-04-13 15:41:00,GOT.V,,1.7300000190734863,1.7300000190734863,1.7300000190734863,1.7300000190734863,1100.0
2026-04-13 15:41:00,GQC.V,,2.259999990463257,2.259999990463257,2.259999990463257,2.259999990463257,200.0
2026-04-13 15:41:00,GR.V,,0.10499999672174454,0.10499999672174454,0.10499999672174454,0.10499999672174454,12000.0
2026-04-13 15:41:00,GSPR.V,,0.10999999940395355,0.10999999940395355,0.10999999940395355,0.10999999940395355,2000.0
2026-04-13 15:41:00,GTC.V,,0.20000000298023224,0.20000000298023224,0.20000000298023224,0.20000000298023224,93223.0
2026-04-13 15:41:00,HCH.V,,1.440000057220459,1.440000057220459,1.440000057220459,1.440000057220459,200.0
2026-04-13 15:41:00,HSTR.V,,2.549999952316284,2.549999952316284,2.549999952316284,2.549999952316284,700.0
2026-04-13 15:41:00,ITR.V,,4.210000038146973,4.210000038146973,4.210000038146973,4.210000038146973,2200.0
2026-04-13 15:41:00,JJ.V,,0.05999999865889549,0.05999999865889549,0.05999999865889549,0.05999999865889549,0.0
2026-04-13 15:41:00,LMN.V,,23.450000762939453,23.450000762939453,23.450000762939453,23.450000762939453,200.0
2026-04-13 15:41:00,LTH.V,,0.9100000262260437,0.9100000262260437,0.9100000262260437,0.9100000262260437,500.0
2026-04-13 15:41:00,LUCA.V,,1.4900000095367432,1.4900000095367432,1.4850000143051147,1.4900000095367432,1400.0
2026-04-13 15:41:00,MIM.V,,0.2199999988079071,0.2199999988079071,0.2150000035762787,0.2150000035762787,11000.0
2026-04-13 15:41:00,MJS.V,,0.14000000059604645,0.14000000059604645,0.14000000059604645,0.14000000059604645,500.0
2026-04-13 15:41:00,MLP.V,,2.0299999713897705,2.0299999713897705,2.0299999713897705,2.0299999713897705,900.0
2026-04-13 15:41:00,MMA.V,,1.2599999904632568,1.2599999904632568,1.2599999904632568,1.2599999904632568,200.0
2026-04-13 15:41:00,NICU.V,,2.359999895095825,2.359999895095825,2.3499999046325684,2.3499999046325684,2840.0
2026-04-13 15:41:00,PNG.V,,8.899999618530273,8.949999809265137,8.899999618530273,8.9399995803833,18571.0
2026-04-13 15:42:00,FAIR.V,,0.07500000298023224,0.07500000298023224,0.07500000298023224,0.07500000298023224,78000.0
2026-04-13 15:42:00,FDR.V,,4.829999923706055,4.860000133514404,4.829999923706055,4.860000133514404,700.0
2026-04-13 15:42:00,FUU.V,,0.17249999940395355,0.17249999940395355,0.17249999940395355,0.17249999940395355,500.0
2026-04-13 15:42:00,FWZ.V,,4.690000057220459,4.690000057220459,4.690000057220459,4.690000057220459,200.0
2026-04-13 15:42:00,GG.V,,2.680000066757202,2.680000066757202,2.680000066757202,2.680000066757202,500.0
2026-04-13 15:42:00,GQC.V,,2.259999990463257,2.2699999809265137,2.259999990463257,2.2699999809265137,300.0
2026-04-13 15:42:00,HCH.V,,1.4299999475479126,1.440000057220459,1.4299999475479126,1.440000057220459,1700.0
2026-04-13 15:42:00,HELI.V,,0.03999999910593033,0.03999999910593033,0.03999999910593033,0.03999999910593033,10000.0
2026-04-13 15:42:00,INTR.V,,0.6899999976158142,0.6899999976158142,0.6899999976158142,0.6899999976158142,500.0
2026-04-13 15:42:00,LMN.V,,23.350000381469727,23.450000762939453,23.350000381469727,23.440000534057617,1200.0
2026-04-13 15:42:00,LTH.V,,0.9049999713897705,0.9049999713897705,0.9049999713897705,0.9049999713897705,500.0
2026-04-13 15:42:00,LUCA.V,,1.4900000095367432,1.4900000095367432,1.4850000143051147,1.4850000143051147,1400.0
2026-04-13 15:42:00,MKO.V,,9.789999961853027,9.800000190734863,9.770000457763672,9.800000190734863,1500.0
2026-04-13 15:42:00,MLP.V,,2.0199999809265137,2.0199999809265137,2.0199999809265137,2.0199999809265137,200.0
2026-04-13 15:42:00,MMA.V,,1.2699999809265137,1.2699999809265137,1.2699999809265137,1.2699999809265137,800.0
2026-04-13 15:42:00,MTA.V,,9.399999618530273,9.399999618530273,9.399999618530273,9.399999618530273,525.0
2026-04-13 15:42:00,PNG.V,,8.920000076293945,8.920000076293945,8.899999618530273,8.899999618530273,6300.0
2026-04-13 15:43:00,FCLI.V,,0.4300000071525574,0.4300000071525574,0.4300000071525574,0.4300000071525574,15187.0
2026-04-13 15:43:00,FL.V,,0.6449999809265137,0.6449999809265137,0.6449999809265137,0.6449999809265137,500.0
2026-04-13 15:43:00,FO.V,,0.32249999046325684,0.32249999046325684,0.32249999046325684,0.32249999046325684,500.0
2026-04-13 15:43:00,FWZ.V,,4.699999809265137,4.699999809265137,4.699999809265137,4.699999809265137,1000.0
2026-04-13 15:43:00,GOT.V,,1.7300000190734863,1.7300000190734863,1.7300000190734863,1.7300000190734863,700.0
2026-04-13 15:43:00,GQC.V,,2.2699999809265137,2.2699999809265137,2.2699999809265137,2.2699999809265137,100.0
2026-04-13 15:43:00,HAM.V,,4.639999866485596,4.650000095367432,4.639999866485596,4.650000095367432,2800.0
2026-04-13 15:43:00,ITR.V,,4.21999979019165,4.21999979019165,4.21999979019165,4.21999979019165,100.0
2026-04-13 15:43:00,LG.V,,0.38499999046325684,0.38499999046325684,0.38499999046325684,0.38499999046325684,8000.0
2026-04-13 15:43:00,LTH.V,,0.9100000262260437,0.9100000262260437,0.9100000262260437,0.9100000262260437,500.0
2026-04-13 15:43:00,LUCA.V,,1.4900000095367432,1.4900000095367432,1.4850000143051147,1.4900000095367432,600.0
2026-04-13 15:43:00,MJS.V,,0.14000000059604645,0.14000000059604645,0.14000000059604645,0.14000000059604645,500.0
2026-04-13 15:43:00,MLP.V,,2.0399999618530273,2.0399999618530273,2.0199999809265137,2.0199999809265137,4300.0
2026-04-13 15:43:00,MTH.V,,0.04500000178813934,0.04500000178813934,0.04500000178813934,0.04500000178813934,1400.0
2026-04-13 15:43:00,NICU.V,,2.359999895095825,2.359999895095825,2.359999895095825,2.359999895095825,900.0
2026-04-13 15:43:00,PNG.V,,8.899999618530273,8.920000076293945,8.899999618530273,8.920000076293945,4495.0
2026-04-13 15:44:00,FDR.V,,4.840000152587891,4.869999885559082,4.840000152587891,4.860000133514404,1100.0
2026-04-13 15:44:00,FUU.V,,0.17249999940395355,0.17249999940395355,0.17249999940395355,0.17249999940395355,500.0
2026-04-13 15:44:00,FWZ.V,,4.71999979019165,4.71999979019165,4.670000076293945,4.699999809265137,6000.0
2026-04-13 15:44:00,HSTR.V,,2.549999952316284,2.549999952316284,2.549999952316284,2.549999952316284,500.0
2026-04-13 15:44:00,KTN.V,,1.465000033378601,1.465000033378601,1.465000033378601,1.465000033378601,100.0
2026-04-13 15:44:00,LG.V,,0.38499999046325684,0.38499999046325684,0.38499999046325684,0.38499999046325684,5000.0
2026-04-13 15:44:00,LMN.V,,23.309999465942383,23.329999923706055,23.309999465942383,23.31999969482422,700.0
2026-04-13 15:44:00,LTH.V,,0.9049999713897705,0.9049999713897705,0.9049999713897705,0.9049999713897705,500.0
2026-04-13 15:44:00,LUCA.V,,1.4850000143051147,1.4900000095367432,1.4850000143051147,1.4850000143051147,1000.0
2026-04-13 15:44:00,MKO.V,,9.850000381469727,9.869999885559082,9.800000190734863,9.800000190734863,6400.0
2026-04-13 15:44:00,MLP.V,,2.049999952316284,2.049999952316284,2.049999952316284,2.049999952316284,200.0
2026-04-13 15:44:00,MTA.V,,9.420000076293945,9.420000076293945,9.420000076293945,9.420000076293945,300.0
2026-04-13 15:44:00,NICU.V,,2.369999885559082,2.369999885559082,2.359999895095825,2.359999895095825,6200.0
2026-04-13 15:44:00,PNG.V,,8.880000114440918,8.914999961853027,8.880000114440918,8.899999618530273,4460.0
2026-04-13 15:45:00,FRED.V,,0.7099999785423279,0.7099999785423279,0.7099999785423279,0.7099999785423279,2000.0
2026-04-13 15:45:00,FRI.V,,0.05999999865889549,0.05999999865889549,0.05999999865889549,0.05999999865889549,100000.0
2026-04-13 15:45:00,GOT.V,,1.7300000190734863,1.7300000190734863,1.7300000190734863,1.7300000190734863,100.0
2026-04-13 15:45:00,GPAC.V,,0.4650000035762787,0.4650000035762787,0.4650000035762787,0.4650000035762787,500.0
2026-04-13 15:45:00,GQC.V,,2.25,2.25,2.25,2.25,200.0
2026-04-13 15:45:00,GSP.V,,0.15000000596046448,0.15000000596046448,0.15000000596046448,0.15000000596046448,1500.0
2026-04-13 15:45:00,HSTR.V,,2.549999952316284,2.549999952316284,2.549999952316284,2.549999952316284,400.0
2026-04-13 15:45:00,IPT.V,,0.2549999952316284,0.2549999952316284,0.2549999952316284,0.2549999952316284,11500.0
2026-04-13 15:45:00,KRY.V,,3.3499999046325684,3.3499999046325684,3.3499999046325684,3.3499999046325684,1100.0
2026-04-13 15:45:00,LG.V,,0.38499999046325684,0.38499999046325684,0.38499999046325684,0.38499999046325684,5000.0
2026-04-13 15:45:00,LMN.V,,23.309999465942383,23.309999465942383,23.309999465942383,23.309999465942383,100.0
2026-04-13 15:45:00,LTH.V,,0.9100000262260437,0.9100000262260437,0.9049999713897705,0.9049999713897705,1000.0
2026-04-13 15:45:00,LUCA.V,,1.4900000095367432,1.4900000095367432,1.4850000143051147,1.4850000143051147,900.0
2026-04-13 15:45:00,MJS.V,,0.14000000059604645,0.14000000059604645,0.14000000059604645,0.14000000059604645,500.0
2026-04-13 15:45:00,MKO.V,,9.84000015258789,9.859999656677246,9.84000015258789,9.859999656677246,1000.0
2026-04-13 15:45:00,MLP.V,,2.049999952316284,2.049999952316284,2.049999952316284,2.049999952316284,200.0
2026-04-13 15:45:00,NICU.V,,2.359999895095825,2.359999895095825,2.359999895095825,2.359999895095825,1400.0
2026-04-13 15:45:00,NURS.V,,3.109999895095825,3.109999895095825,3.109999895095825,3.109999895095825,100.0
2026-04-13 15:45:00,PNG.V,,8.899999618530273,8.920000076293945,8.890000343322754,8.899999618530273,4600.0
2026-04-13 15:46:00,FDR.V,,4.820000171661377,4.849999904632568,4.820000171661377,4.829999923706055,4400.0
2026-04-13 15:46:00,FO.V,,0.32249999046325684,0.32249999046325684,0.32249999046325684,0.32249999046325684,500.0
2026-04-13 15:46:00,FUU.V,,0.17499999701976776,0.17499999701976776,0.17499999701976776,0.17499999701976776,1500.0
2026-04-13 15:46:00,GGO.V,,1.0800000429153442,1.0800000429153442,1.0800000429153442,1.0800000429153442,500.0
2026-04-13 15:46:00,GOT.V,,1.7300000190734863,1.7300000190734863,1.7300000190734863,1.7300000190734863,100.0
2026-04-13 15:46:00,GSVR.V,,0.6299999952316284,0.6299999952316284,0.6299999952316284,0.6299999952316284,1500.0
2026-04-13 15:46:00,HCH.V,,1.409999966621399,1.409999966621399,1.409999966621399,1.409999966621399,100.0
2026-04-13 15:46:00,IPT.V,,0.2549999952316284,0.2549999952316284,0.2549999952316284,0.2549999952316284,500.0
2026-04-13 15:46:00,ITR.V,,4.210000038146973,4.210000038146973,4.210000038146973,4.210000038146973,400.0
2026-04-13 15:46:00,KTN.V,,1.4700000286102295,1.4700000286102295,1.465000033378601,1.4700000286102295,2400.0
2026-04-13 15:46:00,LMN.V,,23.40999984741211,23.40999984741211,23.299999237060547,23.309999465942383,1600.0
2026-04-13 15:46:00,LUCA.V,,1.4900000095367432,1.4900000095367432,1.4850000143051147,1.4850000143051147,800.0
2026-04-13 15:46:00,LVG.V,,0.3149999976158142,0.3149999976158142,0.3125,0.3125,2500.0
2026-04-13 15:46:00,MJS.V,,0.14000000059604645,0.14000000059604645,0.14000000059604645,0.14000000059604645,2500.0
2026-04-13 15:46:00,MKO.V,,9.859999656677246,9.869999885559082,9.850000381469727,9.850000381469727,500.0
2026-04-13 15:46:00,MLP.V,,2.0299999713897705,2.0299999713897705,2.0299999713897705,2.0299999713897705,800.0
2026-04-13 15:46:00,MMA.V,,1.2599999904632568,1.2599999904632568,1.2599999904632568,1.2599999904632568,100.0
2026-04-13 15:46:00,NICU.V,,2.359999895095825,2.359999895095825,2.359999895095825,2.359999895095825,169.0
2026-04-13 15:46:00,PNG.V,,8.880000114440918,8.920000076293945,8.880000114440918,8.920000076293945,2820.0
2026-04-13 15:46:00,ZNG.V,,1.149999976158142,1.149999976158142,1.149999976158142,1.149999976158142,100.0
2026-04-13 15:47:00,FCLI.V,,0.4350000023841858,0.4350000023841858,0.4350000023841858,0.4350000023841858,500.0
2026-04-13 15:47:00,FWZ.V,,4.699999809265137,4.699999809265137,4.699999809265137,4.699999809265137,200.0
2026-04-13 15:47:00,GQC.V,,2.25,2.25,2.25,2.25,100.0
2026-04-13 15:47:00,GSR.V,,0.5199999809265137,0.5199999809265137,0.5199999809265137,0.5199999809265137,4000.0
2026-04-13 15:47:00,KTN.V,,1.4700000286102295,1.4700000286102295,1.4700000286102295,1.4700000286102295,2500.0
2026-04-13 15:47:00,LIO.V,,0.23499999940395355,0.23499999940395355,0.23499999940395355,0.23499999940395355,3000.0
2026-04-13 15:47:00,LMN.V,,23.440000534057617,23.440000534057617,23.280000686645508,23.290000915527344,3200.0
2026-04-13 15:47:00,LTH.V,,0.9100000262260437,0.9100000262260437,0.9100000262260437,0.9100000262260437,500.0
2026-04-13 15:47:00,LUCA.V,,1.4900000095367432,1.4900000095367432,1.4900000095367432,1.4900000095367432,3100.0
2026-04-13 15:47:00,MJS.V,,0.13500000536441803,0.13500000536441803,0.13500000536441803,0.13500000536441803,20000.0
2026-04-13 15:47:00,MKO.V,,9.880000114440918,9.890000343322754,9.859999656677246,9.859999656677246,2400.0
2026-04-13 15:47:00,MLP.V,,2.0199999809265137,2.0299999713897705,2.0199999809265137,2.0299999713897705,1819.0
2026-04-13 15:47:00,MMA.V,,1.2599999904632568,1.2599999904632568,1.2599999904632568,1.2599999904632568,300.0
2026-04-13 15:47:00,NICU.V,,2.365000009536743,2.365000009536743,2.365000009536743,2.365000009536743,200.0
2026-04-13 15:47:00,PNG.V,,8.920000076293945,8.920000076293945,8.920000076293945,8.920000076293945,2600.0
2026-04-13 15:48:00,FDR.V,,4.820000171661377,4.820000171661377,4.820000171661377,4.820000171661377,400.0
2026-04-13 15:48:00,FKM.V,,0.2549999952316284,0.2549999952316284,0.2549999952316284,0.2549999952316284,32500.0
2026-04-13 15:48:00,FO.V,,0.32249999046325684,0.32249999046325684,0.32249999046325684,0.32249999046325684,500.0
2026-04-13 15:48:00,FWZ.V,,4.679999828338623,4.730000019073486,4.679999828338623,4.730000019073486,4300.0
2026-04-13 15:48:00,GDP.V,,0.33000001311302185,0.33000001311302185,0.33000001311302185,0.33000001311302185,500.0
2026-04-13 15:48:00,GOT.V,,1.7300000190734863,1.7300000190734863,1.7300000190734863,1.7300000190734863,100.0
2026-04-13 15:48:00,GPAC.V,,0.4650000035762787,0.4650000035762787,0.4650000035762787,0.4650000035762787,500.0
2026-04-13 15:48:00,GSVR.V,,0.6299999952316284,0.6299999952316284,0.6299999952316284,0.6299999952316284,500.0
2026-04-13 15:48:00,IFOS.V,,3.7899999618530273,3.819999933242798,3.7899999618530273,3.799999952316284,600.0
2026-04-13 15:48:00,KTN.V,,1.4700000286102295,1.4700000286102295,1.4700000286102295,1.4700000286102295,4500.0
2026-04-13 15:48:00,LG.V,,0.38499999046325684,0.38499999046325684,0.38499999046325684,0.38499999046325684,5000.0
2026-04-13 15:48:00,LPK.V,,0.33500000834465027,0.33500000834465027,0.33500000834465027,0.33500000834465027,500.0
2026-04-13 15:48:00,LUCA.V,,1.4950000047683716,1.5,1.4950000047683716,1.5,300.0
2026-04-13 15:48:00,MMA.V,,1.2599999904632568,1.2599999904632568,1.2599999904632568,1.2599999904632568,200.0
2026-04-13 15:48:00,NICU.V,,2.359999895095825,2.365000009536743,2.359999895095825,2.365000009536743,4600.0
2026-04-13 15:48:00,PNG.V,,8.920000076293945,8.920000076293945,8.899999618530273,8.90999984741211,6547.0
2026-04-13 15:49:00,FDR.V,,4.820000171661377,4.820000171661377,4.820000171661377,4.820000171661377,1300.0
2026-04-13 15:49:00,GOT.V,,1.7300000190734863,1.7300000190734863,1.7300000190734863,1.7300000190734863,100.0
2026-04-13 15:49:00,KDA.V,,0.13500000536441803,0.13500000536441803,0.12999999523162842,0.12999999523162842,40500.0
2026-04-13 15:49:00,KTN.V,,1.4700000286102295,1.4700000286102295,1.4700000286102295,1.4700000286102295,800.0
2026-04-13 15:49:00,LMN.V,,23.209999084472656,23.209999084472656,23.209999084472656,23.209999084472656,100.0
2026-04-13 15:49:00,LUCA.V,,1.5,1.5,1.4950000047683716,1.4950000047683716,300.0
2026-04-13 15:49:00,MKO.V,,9.869999885559082,9.880000114440918,9.859999656677246,9.880000114440918,600.0
2026-04-13 15:49:00,MMA.V,,1.2599999904632568,1.2599999904632568,1.2599999904632568,1.2599999904632568,200.0
2026-04-13 15:49:00,PNG.V,,8.920000076293945,8.920000076293945,8.890000343322754,8.90999984741211,2600.0
2026-04-13 15:50:00,ESK.V,,0.4300000071525574,0.4300000071525574,0.4300000071525574,0.4300000071525574,2977.0
2026-04-13 15:50:00,FO.V,,0.32499998807907104,0.32499998807907104,0.32499998807907104,0.32499998807907104,500.0
2026-04-13 15:50:00,FPX.V,,0.4050000011920929,0.4050000011920929,0.4050000011920929,0.4050000011920929,2700.0
2026-04-13 15:50:00,FRI.V,,0.05999999865889549,0.05999999865889549,0.05999999865889549,0.05999999865889549,20000.0
2026-04-13 15:50:00,GQC.V,,2.25,2.25,2.25,2.25,100.0
2026-04-13 15:50:00,GRSL.V,,0.3400000035762787,0.3400000035762787,0.3400000035762787,0.3400000035762787,8000.0
2026-04-13 15:50:00,HSTR.V,,2.559999942779541,2.559999942779541,2.559999942779541,2.559999942779541,800.0
2026-04-13 15:50:00,ITR.V,,4.21999979019165,4.230000019073486,4.210000038146973,4.210000038146973,1000.0
2026-04-13 15:50:00,JUGR.V,,1.3600000143051147,1.3600000143051147,1.3600000143051147,1.3600000143051147,100.0
2026-04-13 15:50:00,LAB.V,,0.07000000029802322,0.07000000029802322,0.07000000029802322,0.07000000029802322,2000.0
2026-04-13 15:50:00,LITH.V,,0.6800000071525574,0.6800000071525574,0.6800000071525574,0.6800000071525574,8500.0
2026-04-13 15:50:00,LUCA.V,,1.5,1.5,1.4900000095367432,1.5,725.0
2026-04-13 15:50:00,MLP.V,,2.0399999618530273,2.059999942779541,2.0399999618530273,2.0399999618530273,15100.0
2026-04-13 15:50:00,MMA.V,,1.2599999904632568,1.2599999904632568,1.2599999904632568,1.2599999904632568,400.0
2026-04-13 15:50:00,NICU.V,,2.359999895095825,2.359999895095825,2.359999895095825,2.359999895095825,100.0
2026-04-13 15:50:00,NURS.V,,3.109999895095825,3.109999895095825,3.109999895095825,3.109999895095825,100.0
2026-04-13 15:50:00,PNG.V,,8.9399995803833,8.9399995803833,8.920000076293945,8.920000076293945,5013.0
2026-04-13 15:51:00,FDR.V,,4.840000152587891,4.840000152587891,4.809999942779541,4.809999942779541,400.0
2026-04-13 15:51:00,FO.V,,0.32499998807907104,0.32499998807907104,0.32499998807907104,0.32499998807907104,500.0
2026-04-13 15:51:00,FUU.V,,0.17249999940395355,0.17249999940395355,0.17249999940395355,0.17249999940395355,500.0
2026-04-13 15:51:00,GBML.V,,0.19499999284744263,0.19499999284744263,0.19499999284744263,0.19499999284744263,14500.0
2026-04-13 15:51:00,GQC.V,,2.25,2.255000114440918,2.25,2.255000114440918,300.0
2026-04-13 15:51:00,ITR.V,,4.21999979019165,4.21999979019165,4.210000038146973,4.215000152587891,2500.0
2026-04-13 15:51:00,KTN.V,,1.4700000286102295,1.475000023841858,1.4700000286102295,1.475000023841858,400.0
2026-04-13 15:51:00,LMN.V,,23.440000534057617,23.440000534057617,23.399999618530273,23.399999618530273,1200.0
2026-04-13 15:51:00,LMR.V,,0.09000000357627869,0.09000000357627869,0.09000000357627869,0.09000000357627869,3111.0
2026-04-13 15:51:00,LUCA.V,,1.5,1.5,1.5,1.5,400.0
2026-04-13 15:51:00,LVG.V,,0.3149999976158142,0.3149999976158142,0.3125,0.3125,3000.0
2026-04-13 15:51:00,MKO.V,,9.850000381469727,9.850000381469727,9.850000381469727,9.850000381469727,100.0
2026-04-13 15:51:00,MLP.V,,2.0399999618530273,2.059999942779541,2.0299999713897705,2.059999942779541,700.0
2026-04-13 15:51:00,NICU.V,,2.3550000190734863,2.359999895095825,2.3499999046325684,2.3499999046325684,700.0
2026-04-13 15:51:00,NURS.V,,3.130000114440918,3.130000114440918,3.130000114440918,3.130000114440918,200.0
2026-04-13 15:51:00,PNG.V,,8.949999809265137,8.949999809265137,8.9399995803833,8.9399995803833,2516.0
2026-04-13 15:51:00,TUF.V,,0.3050000071525574,0.3100000023841858,0.3050000071525574,0.3100000023841858,15000.0
2026-04-13 15:52:00,EXG.V,,0.11999999731779099,0.11999999731779099,0.11500000208616257,0.11500000208616257,0.0
2026-04-13 15:52:00,FDR.V,,4.820000171661377,4.849999904632568,4.820000171661377,4.840000152587891,800.0
2026-04-13 15:52:00,FO.V,,0.32499998807907104,0.32499998807907104,0.32499998807907104,0.32499998807907104,500.0
2026-04-13 15:52:00,FUU.V,,0.17249999940395355,0.17249999940395355,0.17249999940395355,0.17249999940395355,500.0
2026-04-13 15:52:00,FWZ.V,,4.699999809265137,4.699999809265137,4.679999828338623,4.679999828338623,900.0
2026-04-13 15:52:00,GOT.V,,1.7350000143051147,1.7350000143051147,1.7350000143051147,1.7350000143051147,200.0
2026-04-13 15:52:00,GPAC.V,,0.4650000035762787,0.4650000035762787,0.4650000035762787,0.4650000035762787,500.0
2026-04-13 15:52:00,GQC.V,,2.25,2.25,2.25,2.25,500.0
2026-04-13 15:52:00,GSVR.V,,0.6299999952316284,0.6299999952316284,0.6299999952316284,0.6299999952316284,500.0
2026-04-13 15:52:00,GUG.V,,0.05000000074505806,0.05000000074505806,0.05000000074505806,0.05000000074505806,20000.0
2026-04-13 15:52:00,HCH.V,,1.399999976158142,1.399999976158142,1.399999976158142,1.399999976158142,5300.0
2026-04-13 15:52:00,HSTR.V,,2.555000066757202,2.559999942779541,2.555000066757202,2.559999942779541,1000.0
2026-04-13 15:52:00,LMN.V,,23.299999237060547,23.299999237060547,23.280000686645508,23.290000915527344,400.0
2026-04-13 15:52:00,LTH.V,,0.8899999856948853,0.8999999761581421,0.8899999856948853,0.8999999761581421,10976.0
2026-04-13 15:52:00,LUCA.V,,1.5,1.5,1.5,1.5,700.0
2026-04-13 15:52:00,MKO.V,,9.829999923706055,9.84000015258789,9.829999923706055,9.84000015258789,400.0
2026-04-13 15:52:00,MLP.V,,2.0299999713897705,2.0299999713897705,2.0299999713897705,2.0299999713897705,400.0
2026-04-13 15:52:00,MMA.V,,1.2599999904632568,1.2599999904632568,1.2599999904632568,1.2599999904632568,400.0
2026-04-13 15:52:00,MTA.V,,9.420000076293945,9.420000076293945,9.420000076293945,9.420000076293945,100.0
2026-04-13 15:52:00,NICU.V,,2.3550000190734863,2.3550000190734863,2.3550000190734863,2.3550000190734863,400.0
2026-04-13 15:52:00,NURS.V,,3.1500000953674316,3.1500000953674316,3.1500000953674316,3.1500000953674316,500.0
2026-04-13 15:52:00,PNG.V,,8.930000305175781,8.930000305175781,8.920000076293945,8.930000305175781,6485.0
2026-04-13 15:53:00,FCLI.V,,0.4350000023841858,0.4350000023841858,0.4350000023841858,0.4350000023841858,500.0
2026-04-13 15:53:00,FDR.V,,4.849999904632568,4.849999904632568,4.820000171661377,4.820000171661377,200.0
2026-04-13 15:53:00,FKM.V,,0.2549999952316284,0.2549999952316284,0.2549999952316284,0.2549999952316284,18000.0
2026-04-13 15:53:00,FL.V,,0.6499999761581421,0.6499999761581421,0.6499999761581421,0.6499999761581421,500.0
2026-04-13 15:53:00,FPX.V,,0.4050000011920929,0.4050000011920929,0.4050000011920929,0.4050000011920929,4500.0
2026-04-13 15:53:00,FRI.V,,0.05999999865889549,0.05999999865889549,0.05999999865889549,0.05999999865889549,100000.0
2026-04-13 15:53:00,FUU.V,,0.17249999940395355,0.17249999940395355,0.17249999940395355,0.17249999940395355,500.0
2026-04-13 15:53:00,FWZ.V,,4.670000076293945,4.679999828338623,4.670000076293945,4.679999828338623,2100.0
2026-04-13 15:53:00,GOT.V,,1.7350000143051147,1.7350000143051147,1.7350000143051147,1.7350000143051147,100.0
2026-04-13 15:53:00,GQC.V,,2.25,2.25,2.25,2.25,500.0
2026-04-13 15:53:00,HME.V,,2.7799999713897705,2.7799999713897705,2.7799999713897705,2.7799999713897705,1900.0
2026-04-13 15:53:00,ITR.V,,4.230000019073486,4.230000019073486,4.230000019073486,4.230000019073486,100.0
2026-04-13 15:53:00,LITH.V,,0.6899999976158142,0.6899999976158142,0.6899999976158142,0.6899999976158142,19793.0
2026-04-13 15:53:00,LTH.V,,0.8899999856948853,0.8899999856948853,0.8899999856948853,0.8899999856948853,2500.0
2026-04-13 15:53:00,LUCA.V,,1.5,1.5,1.4950000047683716,1.5,1200.0
2026-04-13 15:53:00,MJS.V,,0.14000000059604645,0.14000000059604645,0.14000000059604645,0.14000000059604645,5000.0
2026-04-13 15:53:00,MLP.V,,2.0399999618530273,2.0399999618530273,2.0399999618530273,2.0399999618530273,400.0
2026-04-13 15:53:00,MMA.V,,1.2599999904632568,1.2599999904632568,1.2599999904632568,1.2599999904632568,200.0
2026-04-13 15:53:00,MTA.V,,9.420000076293945,9.420000076293945,9.420000076293945,9.420000076293945,200.0
2026-04-13 15:53:00,NICU.V,,2.3550000190734863,2.359999895095825,2.3550000190734863,2.359999895095825,700.0
2026-04-13 15:53:00,PNG.V,,8.949999809265137,8.949999809265137,8.920000076293945,8.930000305175781,5600.0
2026-04-13 15:54:00,FDR.V,,4.820000171661377,4.849999904632568,4.820000171661377,4.820000171661377,600.0
2026-04-13 15:54:00,FO.V,,0.32499998807907104,0.32499998807907104,0.32499998807907104,0.32499998807907104,1000.0
2026-04-13 15:54:00,FUU.V,,0.17249999940395355,0.17249999940395355,0.17249999940395355,0.17249999940395355,500.0
2026-04-13 15:54:00,GG.V,,2.680000066757202,2.680000066757202,2.6700000762939453,2.6700000762939453,500.0
2026-04-13 15:54:00,GPAC.V,,0.4650000035762787,0.4650000035762787,0.4650000035762787,0.4650000035762787,500.0
2026-04-13 15:54:00,GQC.V,,2.25,2.25,2.25,2.25,300.0
2026-04-13 15:54:00,GSVR.V,,0.6349999904632568,0.6349999904632568,0.6349999904632568,0.6349999904632568,1000.0
2026-04-13 15:54:00,HITI.V,,3.2100000381469727,3.2100000381469727,3.2100000381469727,3.2100000381469727,100.0
2026-04-13 15:54:00,ILI.V,,0.019999999552965164,0.019999999552965164,0.019999999552965164,0.019999999552965164,100000.0
2026-04-13 15:54:00,ITR.V,,4.230000019073486,4.230000019073486,4.230000019073486,4.230000019073486,200.0
2026-04-13 15:54:00,KTN.V,,1.4700000286102295,1.4700000286102295,1.4700000286102295,1.4700000286102295,200.0
2026-04-13 15:54:00,LIO.V,,0.23499999940395355,0.23499999940395355,0.23499999940395355,0.23499999940395355,33500.0
2026-04-13 15:54:00,LME.V,,0.2199999988079071,0.2199999988079071,0.2199999988079071,0.2199999988079071,500.0
2026-04-13 15:54:00,LMN.V,,23.299999237060547,23.309999465942383,23.270000457763672,23.290000915527344,1000.0
2026-04-13 15:54:00,LTH.V,,0.8899999856948853,0.8899999856948853,0.8899999856948853,0.8899999856948853,2000.0
2026-04-13 15:54:00,LUCA.V,,1.5,1.5,1.5,1.5,2200.0
2026-04-13 15:54:00,MJS.V,,0.14000000059604645,0.14000000059604645,0.14000000059604645,0.14000000059604645,500.0
2026-04-13 15:54:00,MKO.V,,9.8100004196167,9.819999694824219,9.8100004196167,9.819999694824219,500.0
2026-04-13 15:54:00,MLP.V,,2.049999952316284,2.049999952316284,2.0399999618530273,2.0399999618530273,1100.0
2026-04-13 15:54:00,MMA.V,,1.2599999904632568,1.2599999904632568,1.2599999904632568,1.2599999904632568,100.0
2026-04-13 15:54:00,NICU.V,,2.359999895095825,2.359999895095825,2.359999895095825,2.359999895095825,2100.0
2026-04-13 15:54:00,PNG.V,,8.930000305175781,8.949999809265137,8.920000076293945,8.9399995803833,4950.0
2026-04-13 15:55:00,FDR.V,,4.849999904632568,4.849999904632568,4.809999942779541,4.849999904632568,2000.0
2026-04-13 15:55:00,FKM.V,,0.2549999952316284,0.2549999952316284,0.2549999952316284,0.2549999952316284,19000.0
2026-04-13 15:55:00,FL.V,,0.6449999809265137,0.6449999809265137,0.6449999809265137,0.6449999809265137,500.0
2026-04-13 15:55:00,FO.V,,0.32499998807907104,0.32499998807907104,0.32499998807907104,0.32499998807907104,500.0
2026-04-13 15:55:00,FUU.V,,0.17499999701976776,0.17499999701976776,0.17499999701976776,0.17499999701976776,1500.0
2026-04-13 15:55:00,GOT.V,,1.7350000143051147,1.7350000143051147,1.7350000143051147,1.7350000143051147,200.0
2026-04-13 15:55:00,GQC.V,,2.25,2.25,2.25,2.25,1200.0
2026-04-13 15:55:00,GRZ.V,,5.75,5.75,5.75,5.75,100.0
2026-04-13 15:55:00,GSVR.V,,0.6299999952316284,0.6299999952316284,0.6299999952316284,0.6299999952316284,1238.0
2026-04-13 15:55:00,HITI.V,,3.2049999237060547,3.2100000381469727,3.2049999237060547,3.2100000381469727,200.0
2026-04-13 15:55:00,HMR.V,,0.8199999928474426,0.8199999928474426,0.8199999928474426,0.8199999928474426,7000.0
2026-04-13 15:55:00,HSTR.V,,2.549999952316284,2.549999952316284,2.549999952316284,2.549999952316284,200.0
2026-04-13 15:55:00,IFOS.V,,3.809999942779541,3.819999933242798,3.809999942779541,3.819999933242798,1400.0
2026-04-13 15:55:00,IPT.V,,0.2549999952316284,0.2549999952316284,0.2549999952316284,0.2549999952316284,8500.0
2026-04-13 15:55:00,ITR.V,,4.210000038146973,4.210000038146973,4.210000038146973,4.210000038146973,2500.0
2026-04-13 15:55:00,KTN.V,,1.4700000286102295,1.4700000286102295,1.4700000286102295,1.4700000286102295,400.0
2026-04-13 15:55:00,LMN.V,,23.31999969482422,23.479999542236328,23.229999542236328,23.299999237060547,3300.0
2026-04-13 15:55:00,LTH.V,,0.8899999856948853,0.8899999856948853,0.8899999856948853,0.8899999856948853,2500.0
2026-04-13 15:55:00,LUCA.V,,1.5,1.5,1.4950000047683716,1.4950000047683716,1700.0
2026-04-13 15:55:00,MFG.V,,4.449999809265137,4.449999809265137,4.449999809265137,4.449999809265137,100.0
2026-04-13 15:55:00,MJS.V,,0.14000000059604645,0.14000000059604645,0.14000000059604645,0.14000000059604645,1000.0
2026-04-13 15:55:00,MKO.V,,9.869999885559082,9.869999885559082,9.850000381469727,9.850000381469727,1000.0
2026-04-13 15:55:00,MMA.V,,1.2599999904632568,1.2699999809265137,1.2599999904632568,1.2649999856948853,500.0
2026-04-13 15:55:00,NICU.V,,2.3499999046325684,2.359999895095825,2.3499999046325684,2.3550000190734863,1700.0
2026-04-13 15:55:00,PNG.V,,8.930000305175781,8.930000305175781,8.90999984741211,8.90999984741211,3234.0
2026-04-13 15:56:00,ESK.V,,0.4399999976158142,0.4399999976158142,0.4399999976158142,0.4399999976158142,5000.0
2026-04-13 15:56:00,FDR.V,,4.849999904632568,4.849999904632568,4.849999904632568,4.849999904632568,1300.0
2026-04-13 15:56:00,FL.V,,0.6449999809265137,0.6449999809265137,0.6449999809265137,0.6449999809265137,500.0
2026-04-13 15:56:00,FO.V,,0.32499998807907104,0.32499998807907104,0.32499998807907104,0.32499998807907104,500.0
2026-04-13 15:56:00,FWZ.V,,4.670000076293945,4.670000076293945,4.670000076293945,4.670000076293945,400.0
2026-04-13 15:56:00,GOT.V,,1.7350000143051147,1.7350000143051147,1.7350000143051147,1.7350000143051147,100.0
2026-04-13 15:56:00,GQC.V,,2.25,2.25,2.25,2.25,1100.0
2026-04-13 15:56:00,HSTR.V,,2.549999952316284,2.555000066757202,2.549999952316284,2.555000066757202,500.0
2026-04-13 15:56:00,IFOS.V,,3.809999942779541,3.809999942779541,3.809999942779541,3.809999942779541,200.0
2026-04-13 15:56:00,ITR.V,,4.210000038146973,4.210000038146973,4.199999809265137,4.199999809265137,3300.0
2026-04-13 15:56:00,KTN.V,,1.4700000286102295,1.4700000286102295,1.4700000286102295,1.4700000286102295,300.0
2026-04-13 15:56:00,LIO.V,,0.23499999940395355,0.23499999940395355,0.23499999940395355,0.23499999940395355,50000.0
2026-04-13 15:56:00,LMN.V,,23.34000015258789,23.440000534057617,23.34000015258789,23.420000076293945,1200.0
2026-04-13 15:56:00,LTH.V,,0.8899999856948853,0.8899999856948853,0.8899999856948853,0.8899999856948853,500.0
2026-04-13 15:56:00,LUCA.V,,1.5,1.5,1.4900000095367432,1.4900000095367432,700.0
2026-04-13 15:56:00,MJS.V,,0.14000000059604645,0.14000000059604645,0.14000000059604645,0.14000000059604645,1000.0
2026-04-13 15:56:00,MKO.V,,9.819999694824219,9.850000381469727,9.819999694824219,9.84000015258789,1000.0
2026-04-13 15:56:00,MLP.V,,2.0299999713897705,2.0399999618530273,2.0299999713897705,2.0399999618530273,1795.0
2026-04-13 15:56:00,MMA.V,,1.2599999904632568,1.2599999904632568,1.2599999904632568,1.2599999904632568,100.0
2026-04-13 15:56:00,NICU.V,,2.3499999046325684,2.3550000190734863,2.3499999046325684,2.3499999046325684,3400.0
2026-04-13 15:56:00,PNG.V,,8.920000076293945,8.930000305175781,8.899999618530273,8.899999618530273,5578.0
2026-04-13 15:56:00,ZNG.V,,1.1399999856948853,1.1399999856948853,1.1399999856948853,1.1399999856948853,100.0
2026-04-13 15:57:00,FCLI.V,,0.4350000023841858,0.4350000023841858,0.4350000023841858,0.4350000023841858,500.0
2026-04-13 15:57:00,FDR.V,,4.800000190734863,4.849999904632568,4.800000190734863,4.849999904632568,9100.0
2026-04-13 15:57:00,FO.V,,0.3199999928474426,0.3199999928474426,0.3199999928474426,0.3199999928474426,4001.0
2026-04-13 15:57:00,FWZ.V,,4.699999809265137,4.699999809265137,4.690000057220459,4.699999809265137,2900.0
2026-04-13 15:57:00,GOT.V,,1.7350000143051147,1.7350000143051147,1.7350000143051147,1.7350000143051147,200.0
2026-04-13 15:57:00,GPAC.V,,0.4650000035762787,0.4650000035762787,0.4650000035762787,0.4650000035762787,500.0
2026-04-13 15:57:00,GQC.V,,2.25,2.25,2.25,2.25,700.0
2026-04-13 15:57:00,HAR.V,,0.054999999701976776,0.054999999701976776,0.054999999701976776,0.054999999701976776,2000.0
2026-04-13 15:57:00,HITI.V,,3.2100000381469727,3.2200000286102295,3.2049999237060547,3.2049999237060547,1700.0
2026-04-13 15:57:00,HSTR.V,,2.549999952316284,2.549999952316284,2.549999952316284,2.549999952316284,600.0
2026-04-13 15:57:00,IFOS.V,,3.809999942779541,3.809999942779541,3.809999942779541,3.809999942779541,863.0
2026-04-13 15:57:00,KTN.V,,1.4700000286102295,1.4700000286102295,1.4700000286102295,1.4700000286102295,700.0
2026-04-13 15:57:00,LMN.V,,23.34000015258789,23.40999984741211,23.34000015258789,23.350000381469727,800.0
2026-04-13 15:57:00,LTH.V,,0.8999999761581421,0.8999999761581421,0.8999999761581421,0.8999999761581421,9000.0
2026-04-13 15:57:00,LUCA.V,,1.5,1.5,1.4950000047683716,1.5,900.0
2026-04-13 15:57:00,MCS.V,,2.1700000762939453,2.180000066757202,2.1700000762939453,2.180000066757202,5000.0
2026-04-13 15:57:00,MGM.V,,2.640000104904175,2.640000104904175,2.640000104904175,2.640000104904175,700.0
2026-04-13 15:57:00,MJS.V,,0.14000000059604645,0.14000000059604645,0.14000000059604645,0.14000000059604645,84000.0
2026-04-13 15:57:00,MMA.V,,1.2599999904632568,1.2599999904632568,1.2599999904632568,1.2599999904632568,100.0
2026-04-13 15:57:00,NICU.V,,2.3550000190734863,2.3550000190734863,2.3499999046325684,2.3499999046325684,1100.0
2026-04-13 15:57:00,NURS.V,,3.109999895095825,3.140000104904175,3.109999895095825,3.140000104904175,18892.0
2026-04-13 15:57:00,PNG.V,,8.920000076293945,8.930000305175781,8.90999984741211,8.90999984741211,6920.0
2026-04-13 15:58:00,FDR.V,,4.800000190734863,4.800000190734863,4.800000190734863,4.800000190734863,1000.0
2026-04-13 15:58:00,FRED.V,,0.7099999785423279,0.7099999785423279,0.7099999785423279,0.7099999785423279,500.0
2026-04-13 15:58:00,FWZ.V,,4.659999847412109,4.699999809265137,4.659999847412109,4.699999809265137,5100.0
2026-04-13 15:58:00,GOT.V,,1.725000023841858,1.7400000095367432,1.7200000286102295,1.7350000143051147,12300.0
2026-04-13 15:58:00,GPH.V,,1.25,1.25,1.25,1.25,18400.0
2026-04-13 15:58:00,GQC.V,,2.25,2.25,2.25,2.25,700.0
2026-04-13 15:58:00,HSTR.V,,2.549999952316284,2.549999952316284,2.549999952316284,2.549999952316284,500.0
2026-04-13 15:58:00,ITR.V,,4.199999809265137,4.199999809265137,4.199999809265137,4.199999809265137,100.0
2026-04-13 15:58:00,KTN.V,,1.4700000286102295,1.4700000286102295,1.4700000286102295,1.4700000286102295,100.0
2026-04-13 15:58:00,LMN.V,,23.43000030517578,23.43000030517578,23.350000381469727,23.420000076293945,2300.0
2026-04-13 15:58:00,LUCA.V,,1.5,1.5,1.5,1.5,2700.0
2026-04-13 15:58:00,MJS.V,,0.14000000059604645,0.14000000059604645,0.14000000059604645,0.14000000059604645,500.0
2026-04-13 15:58:00,MKO.V,,9.8100004196167,9.8100004196167,9.8100004196167,9.8100004196167,300.0
2026-04-13 15:58:00,MLP.V,,2.0299999713897705,2.049999952316284,2.0299999713897705,2.049999952316284,400.0
2026-04-13 15:58:00,MMA.V,,1.2699999809265137,1.2699999809265137,1.2699999809265137,1.2699999809265137,100.0
2026-04-13 15:58:00,NICU.V,,2.3499999046325684,2.359999895095825,2.3499999046325684,2.3550000190734863,9200.0
2026-04-13 15:58:00,NURS.V,,3.119999885559082,3.119999885559082,3.119999885559082,3.119999885559082,100.0
2026-04-13 15:58:00,PNG.V,,8.9399995803833,8.9399995803833,8.90999984741211,8.920000076293945,19391.0
2026-04-13 15:58:00,ZNG.V,,1.149999976158142,1.149999976158142,1.1399999856948853,1.1399999856948853,200.0
2026-04-13 15:59:00,BIG.V,,0.6899999976158142,0.6899999976158142,0.6899999976158142,0.6899999976158142,8000.0
2026-04-13 15:59:00,EQTY.V,,0.3149999976158142,0.3149999976158142,0.3149999976158142,0.3149999976158142,1000.0
2026-04-13 15:59:00,FDR.V,,4.789999961853027,4.849999904632568,4.78000020980835,4.829999923706055,3739.0
2026-04-13 15:59:00,FL.V,,0.6449999809265137,0.6449999809265137,0.6449999809265137,0.6449999809265137,4075.0
2026-04-13 15:59:00,FMAN.V,,0.3149999976158142,0.3149999976158142,0.3149999976158142,0.3149999976158142,500.0
2026-04-13 15:59:00,FO.V,,0.3050000071525574,0.3149999976158142,0.3050000071525574,0.3149999976158142,9000.0
2026-04-13 15:59:00,FRED.V,,0.699999988079071,0.7099999785423279,0.699999988079071,0.7099999785423279,6500.0
2026-04-13 15:59:00,FUU.V,,0.17499999701976776,0.17499999701976776,0.17499999701976776,0.17499999701976776,0.0
2026-04-13 15:59:00,FWZ.V,,4.699999809265137,4.699999809265137,4.659999847412109,4.659999847412109,3819.0
2026-04-13 15:59:00,GG.V,,2.6600000858306885,2.6600000858306885,2.6600000858306885,2.6600000858306885,200.0
2026-04-13 15:59:00,GGO.V,,1.0800000429153442,1.0800000429153442,1.0800000429153442,1.0800000429153442,10500.0
2026-04-13 15:59:00,GOT.V,,1.7100000381469727,1.7300000190734863,1.7100000381469727,1.725000023841858,5100.0
2026-04-13 15:59:00,GPH.V,,1.2400000095367432,1.25,1.2400000095367432,1.25,4700.0
2026-04-13 15:59:00,GQC.V,,2.259999990463257,2.259999990463257,2.25,2.25,4200.0
2026-04-13 15:59:00,GRSL.V,,0.33500000834465027,0.33500000834465027,0.33500000834465027,0.33500000834465027,500.0
2026-04-13 15:59:00,GSPR.V,,0.10999999940395355,0.10999999940395355,0.10999999940395355,0.10999999940395355,8000.0
2026-04-13 15:59:00,GSVR.V,,0.6299999952316284,0.6499999761581421,0.6299999952316284,0.6299999952316284,14500.0
2026-04-13 15:59:00,HCH.V,,1.4299999475479126,1.4299999475479126,1.399999976158142,1.399999976158142,800.0
2026-04-13 15:59:00,HELI.V,,0.04500000178813934,0.04500000178813934,0.04500000178813934,0.04500000178813934,30000.0
2026-04-13 15:59:00,HITI.V,,3.2100000381469727,3.2100000381469727,3.2100000381469727,3.2100000381469727,200.0
2026-04-13 15:59:00,HME.V,,2.7699999809265137,2.7799999713897705,2.7699999809265137,2.7799999713897705,1700.0
2026-04-13 15:59:00,HMR.V,,0.8299999833106995,0.8299999833106995,0.8299999833106995,0.8299999833106995,500.0
2026-04-13 15:59:00,HSTR.V,,2.5399999618530273,2.569999933242798,2.5299999713897705,2.549999952316284,2990.0
2026-04-13 15:59:00,IFOS.V,,3.809999942779541,3.819999933242798,3.809999942779541,3.819999933242798,500.0
2026-04-13 15:59:00,INTR.V,,0.6800000071525574,0.6800000071525574,0.6800000071525574,0.6800000071525574,500.0
2026-04-13 15:59:00,IPT.V,,0.2549999952316284,0.2549999952316284,0.2549999952316284,0.2549999952316284,3500.0
2026-04-13 15:59:00,ITR.V,,4.190000057220459,4.21999979019165,4.190000057220459,4.199999809265137,3330.0
2026-04-13 15:59:00,JUGR.V,,1.3700000047683716,1.3700000047683716,1.3700000047683716,1.3700000047683716,10000.0
2026-04-13 15:59:00,KLDC.V,,0.19499999284744263,0.19499999284744263,0.19499999284744263,0.19499999284744263,500.0
2026-04-13 15:59:00,KNG.V,,1.2899999618530273,1.2899999618530273,1.2899999618530273,1.2899999618530273,550.0
2026-04-13 15:59:00,KRI.V,,0.3100000023841858,0.3100000023841858,0.3100000023841858,0.3100000023841858,500.0
2026-04-13 15:59:00,KRY.V,,3.359999895095825,3.359999895095825,3.359999895095825,3.359999895095825,300.0
2026-04-13 15:59:00,KTN.V,,1.4700000286102295,1.475000023841858,1.4700000286102295,1.4700000286102295,1000.0
2026-04-13 15:59:00,LG.V,,0.38499999046325684,0.38499999046325684,0.38499999046325684,0.38499999046325684,2500.0
2026-04-13 15:59:00,LME.V,,0.2199999988079071,0.2199999988079071,0.2199999988079071,0.2199999988079071,500.0
2026-04-13 15:59:00,LMN.V,,23.329999923706055,23.670000076293945,23.290000915527344,23.440000534057617,1453.0
2026-04-13 15:59:00,LTH.V,,0.9049999713897705,0.9049999713897705,0.8999999761581421,0.9049999713897705,9099.0
2026-04-13 15:59:00,LUCA.V,,1.4900000095367432,1.5,1.4900000095367432,1.5,6185.0
2026-04-13 15:59:00,MAX.V,,0.33000001311302185,0.33000001311302185,0.33000001311302185,0.33000001311302185,500.0
2026-04-13 15:59:00,MGM.V,,2.6700000762939453,2.6700000762939453,2.6700000762939453,2.6700000762939453,1300.0
2026-04-13 15:59:00,MJS.V,,0.14000000059604645,0.14000000059604645,0.14000000059604645,0.14000000059604645,17500.0
2026-04-13 15:59:00,MKO.V,,9.789999961853027,9.859999656677246,9.789999961853027,9.8100004196167,400.0
2026-04-13 15:59:00,MLP.V,,2.0199999809265137,2.0399999618530273,2.0199999809265137,2.0299999713897705,2382.0
2026-04-13 15:59:00,MMA.V,,1.2699999809265137,1.2799999713897705,1.2699999809265137,1.2699999809265137,3000.0
2026-04-13 15:59:00,MTA.V,,9.539999961853027,9.539999961853027,9.350000381469727,9.350000381469727,1300.0
2026-04-13 15:59:00,NICU.V,,2.369999885559082,2.369999885559082,2.3499999046325684,2.359999895095825,3000.0
2026-04-13 15:59:00,NURS.V,,3.0999999046325684,3.109999895095825,3.0899999141693115,3.109999895095825,3800.0
2026-04-13 15:59:00,PNG.V,,8.930000305175781,8.930000305175781,8.880000114440918,8.920000076293945,6408.0
2026-04-13 15:59:00,ROAR.V,,0.26499998569488525,0.26499998569488525,0.26499998569488525,0.26499998569488525,500.0
2026-04-13 15:59:00,ZNG.V,,1.1399999856948853,1.149999976158142,1.1399999856948853,1.149999976158142,600.0
