Datetime,Ticker,Adj Close,Close,High,Low,Open,Volume
2026-04-07 09:30:00,BIG.V,,0.6700000166893005,0.6800000071525574,0.6600000262260437,0.6800000071525574,0.0
2026-04-07 09:30:00,EMM.V,,0.07999999821186066,0.07999999821186066,0.07999999821186066,0.07999999821186066,0.0
2026-04-07 09:30:00,EMN.V,,0.17000000178813934,0.17000000178813934,0.17000000178813934,0.17000000178813934,0.0
2026-04-07 09:30:00,EPF.V,,0.4699999988079071,0.4699999988079071,0.4699999988079071,0.4699999988079071,0.0
2026-04-07 09:30:00,EQTY.V,,0.28999999165534973,0.29499998688697815,0.2849999964237213,0.29499998688697815,0.0
2026-04-07 09:30:00,EVER.V,,0.6000000238418579,0.6000000238418579,0.6000000238418579,0.6000000238418579,0.0
2026-04-07 09:30:00,FDR.V,,3.75,3.75,3.740000009536743,3.740000009536743,0.0
2026-04-07 09:30:00,FG.V,,0.014999999664723873,0.014999999664723873,0.014999999664723873,0.014999999664723873,0.0
2026-04-07 09:30:00,FHYD.V,,0.4399999976158142,0.4399999976158142,0.4399999976158142,0.4399999976158142,0.0
2026-04-07 09:30:00,FMN.V,,0.17499999701976776,0.17499999701976776,0.17499999701976776,0.17499999701976776,0.0
2026-04-07 09:30:00,FMS.V,,0.3499999940395355,0.3499999940395355,0.3499999940395355,0.3499999940395355,0.0
2026-04-07 09:30:00,FO.V,,0.3799999952316284,0.3799999952316284,0.3700000047683716,0.3700000047683716,0.0
2026-04-07 09:30:00,FOR.V,,0.6600000262260437,0.6600000262260437,0.6600000262260437,0.6600000262260437,0.0
2026-04-07 09:30:00,FP.V,,0.6800000071525574,0.6800000071525574,0.6800000071525574,0.6800000071525574,0.0
2026-04-07 09:30:00,FPC.V,,0.38999998569488525,0.39500001072883606,0.38999998569488525,0.39500001072883606,0.0
2026-04-07 09:30:00,FPX.V,,0.42500001192092896,0.4300000071525574,0.42500001192092896,0.42500001192092896,0.0
2026-04-07 09:30:00,FRED.V,,0.5600000023841858,0.5600000023841858,0.5600000023841858,0.5600000023841858,0.0
2026-04-07 09:30:00,FTEC.V,,0.04500000178813934,0.04500000178813934,0.04500000178813934,0.04500000178813934,0.0
2026-04-07 09:30:00,FUU.V,,0.16500000655651093,0.16500000655651093,0.16500000655651093,0.16500000655651093,0.0
2026-04-07 09:30:00,FWZ.V,,4.5,4.510000228881836,4.5,4.510000228881836,0.0
2026-04-07 09:30:00,GBML.V,,0.1550000011920929,0.1550000011920929,0.1550000011920929,0.1550000011920929,0.0
2026-04-07 09:30:00,GCCC-H.V,,0.004999999888241291,0.004999999888241291,0.004999999888241291,0.004999999888241291,0.0
2026-04-07 09:30:00,GCN.V,,0.03999999910593033,0.03999999910593033,0.03999999910593033,0.03999999910593033,0.0
2026-04-07 09:30:00,GFG.V,,0.1550000011920929,0.1550000011920929,0.1550000011920929,0.1550000011920929,0.0
2026-04-07 09:30:00,GFM-H.V,,0.4350000023841858,0.4350000023841858,0.4350000023841858,0.4350000023841858,0.0
2026-04-07 09:30:00,GG.V,,2.619999885559082,2.640000104904175,2.619999885559082,2.640000104904175,0.0
2026-04-07 09:30:00,GGM.V,,0.05000000074505806,0.05000000074505806,0.05000000074505806,0.05000000074505806,0.0
2026-04-07 09:30:00,GGO.V,,0.9900000095367432,0.9900000095367432,0.9900000095367432,0.9900000095367432,0.0
2026-04-07 09:30:00,GI.V,,0.4000000059604645,0.42500001192092896,0.4000000059604645,0.42500001192092896,37103.0
2026-04-07 09:30:00,GLAD.V,,1.2400000095367432,1.2400000095367432,1.2400000095367432,1.2400000095367432,0.0
2026-04-07 09:30:00,GLD.V,,0.08500000089406967,0.08500000089406967,0.08500000089406967,0.08500000089406967,0.0
2026-04-07 09:30:00,GLIN-P.V,,0.05000000074505806,0.05000000074505806,0.05000000074505806,0.05000000074505806,0.0
2026-04-07 09:30:00,GMA.V,,0.26499998569488525,0.26499998569488525,0.26499998569488525,0.26499998569488525,0.0
2026-04-07 09:30:00,GMG.V,,2.200000047683716,2.200000047683716,2.180000066757202,2.190000057220459,0.0
2026-04-07 09:30:00,GMI.V,,0.05000000074505806,0.05000000074505806,0.05000000074505806,0.05000000074505806,0.0
2026-04-07 09:30:00,GOT.V,,1.6799999475479126,1.690000057220459,1.6699999570846558,1.690000057220459,0.0
2026-04-07 09:30:00,GPAC.V,,0.45500001311302185,0.45500001311302185,0.45500001311302185,0.45500001311302185,0.0
2026-04-07 09:30:00,GPG.V,,0.4000000059604645,0.4000000059604645,0.4000000059604645,0.4000000059604645,0.0
2026-04-07 09:30:00,GPH.V,,1.2699999809265137,1.2799999713897705,1.2699999809265137,1.2799999713897705,0.0
2026-04-07 09:30:00,GQC.V,,2.3499999046325684,2.390000104904175,2.3499999046325684,2.390000104904175,0.0
2026-04-07 09:30:00,GR.V,,0.10499999672174454,0.10499999672174454,0.10499999672174454,0.10499999672174454,0.0
2026-04-07 09:30:00,GRB.V,,0.41499999165534973,0.41499999165534973,0.41499999165534973,0.41499999165534973,0.0
2026-04-07 09:30:00,GRDM.V,,0.125,0.125,0.125,0.125,0.0
2026-04-07 09:30:00,GRSL.V,,0.3149999976158142,0.33000001311302185,0.3149999976158142,0.33000001311302185,0.0
2026-04-07 09:30:00,GSI.V,,1.2999999523162842,1.3799999952316284,1.2999999523162842,1.2999999523162842,0.0
2026-04-07 09:30:00,GSTM.V,,0.20499999821186066,0.20499999821186066,0.20499999821186066,0.20499999821186066,0.0
2026-04-07 09:30:00,GSVR.V,,0.6100000143051147,0.6100000143051147,0.6100000143051147,0.6100000143051147,0.0
2026-04-07 09:30:00,GTC.V,,0.1850000023841858,0.1850000023841858,0.1850000023841858,0.1850000023841858,0.0
2026-04-07 09:30:00,GWM.V,,0.6499999761581421,0.6499999761581421,0.6499999761581421,0.6499999761581421,0.0
2026-04-07 09:30:00,GYA.V,,0.125,0.125,0.125,0.125,0.0
2026-04-07 09:30:00,HAN.V,,0.6299999952316284,0.6299999952316284,0.6299999952316284,0.6299999952316284,0.0
2026-04-07 09:30:00,HEC-P.V,,0.12999999523162842,0.12999999523162842,0.12999999523162842,0.12999999523162842,0.0
2026-04-07 09:30:00,HELI.V,,0.054999999701976776,0.054999999701976776,0.054999999701976776,0.054999999701976776,0.0
2026-04-07 09:30:00,HEVI.V,,0.2549999952316284,0.25999999046325684,0.2549999952316284,0.25999999046325684,0.0
2026-04-07 09:30:00,HI.V,,0.14499999582767487,0.14499999582767487,0.14499999582767487,0.14499999582767487,0.0
2026-04-07 09:30:00,HITI.V,,3.25,3.25,3.25,3.25,0.0
2026-04-07 09:30:00,HIVE.V,,2.6600000858306885,2.700000047683716,2.6600000858306885,2.700000047683716,0.0
2026-04-07 09:30:00,HME.V,,2.799999952316284,2.799999952316284,2.799999952316284,2.799999952316284,0.0
2026-04-07 09:30:00,HMR.V,,0.8600000143051147,0.8600000143051147,0.8600000143051147,0.8600000143051147,0.0
2026-04-07 09:30:00,HSTR.V,,2.359999895095825,2.359999895095825,2.3499999046325684,2.3499999046325684,0.0
2026-04-07 09:30:00,IC.V,,0.11999999731779099,0.125,0.11500000208616257,0.11500000208616257,84500.0
2026-04-07 09:30:00,ICM.V,,0.11500000208616257,0.11500000208616257,0.11500000208616257,0.11500000208616257,0.0
2026-04-07 09:30:00,IFOS.V,,3.75,3.7699999809265137,3.75,3.75,0.0
2026-04-07 09:30:00,ILC.V,,0.014999999664723873,0.014999999664723873,0.014999999664723873,0.014999999664723873,0.0
2026-04-07 09:30:00,INEO.V,,0.009999999776482582,0.009999999776482582,0.009999999776482582,0.009999999776482582,0.0
2026-04-07 09:30:00,IPT.V,,0.23999999463558197,0.23999999463558197,0.23499999940395355,0.23499999940395355,0.0
2026-04-07 09:30:00,IRO.V,,1.0,1.0,1.0,1.0,0.0
2026-04-07 09:30:00,ISO.V,,14.3100004196167,14.970000267028809,14.149999618530273,14.970000267028809,80360.0
2026-04-07 09:30:00,ITG-H.V,,0.019999999552965164,0.019999999552965164,0.019999999552965164,0.019999999552965164,0.0
2026-04-07 09:30:00,ITR.V,,4.03000020980835,4.039999961853027,4.03000020980835,4.039999961853027,0.0
2026-04-07 09:30:00,IVS.V,,0.25,0.25,0.25,0.25,0.0
2026-04-07 09:30:00,IVX.V,,0.6700000166893005,0.6700000166893005,0.6700000166893005,0.6700000166893005,0.0
2026-04-07 09:30:00,JAX.V,,0.009999999776482582,0.009999999776482582,0.009999999776482582,0.009999999776482582,0.0
2026-04-07 09:30:00,JCI-H.V,,0.05000000074505806,0.05000000074505806,0.05000000074505806,0.05000000074505806,0.0
2026-04-07 09:30:00,JML-H.V,,0.014999999664723873,0.014999999664723873,0.014999999664723873,0.014999999664723873,0.0
2026-04-07 09:30:00,JOJO-P.V,,0.0949999988079071,0.0949999988079071,0.0949999988079071,0.0949999988079071,0.0
2026-04-07 09:30:00,KALO.V,,0.20999999344348907,0.20999999344348907,0.20999999344348907,0.20999999344348907,0.0
2026-04-07 09:30:00,KAPA.V,,0.18000000715255737,0.18000000715255737,0.18000000715255737,0.18000000715255737,0.0
2026-04-07 09:30:00,KGC.V,,0.029999999329447746,0.029999999329447746,0.029999999329447746,0.029999999329447746,0.0
2026-04-07 09:30:00,KIP.V,,0.2150000035762787,0.2150000035762787,0.2150000035762787,0.2150000035762787,0.0
2026-04-07 09:30:00,KLD.V,,2.4200000762939453,2.4200000762939453,2.4200000762939453,2.4200000762939453,0.0
2026-04-07 09:30:00,KLDC.V,,0.1899999976158142,0.1899999976158142,0.1850000023841858,0.1850000023841858,0.0
2026-04-07 09:30:00,KRY.V,,3.190000057220459,3.190000057220459,3.190000057220459,3.190000057220459,0.0
2026-04-07 09:30:00,KS.V,,0.22499999403953552,0.22499999403953552,0.22499999403953552,0.22499999403953552,0.0
2026-04-07 09:30:00,KTN.V,,1.399999976158142,1.399999976158142,1.399999976158142,1.399999976158142,0.0
2026-04-07 09:30:00,LA.V,,11.770000457763672,11.770000457763672,11.770000457763672,11.770000457763672,0.0
2026-04-07 09:30:00,LAB.V,,0.06499999761581421,0.06499999761581421,0.06499999761581421,0.06499999761581421,0.0
2026-04-07 09:30:00,LCX.V,,1.9500000476837158,1.9500000476837158,1.9500000476837158,1.9500000476837158,0.0
2026-04-07 09:30:00,LEM.V,,0.30000001192092896,0.30000001192092896,0.30000001192092896,0.30000001192092896,0.0
2026-04-07 09:30:00,LEN.V,,1.0800000429153442,1.090000033378601,1.0499999523162842,1.090000033378601,223810.0
2026-04-07 09:30:00,LG.V,,0.3449999988079071,0.3449999988079071,0.3449999988079071,0.3449999988079071,0.0
2026-04-07 09:30:00,LGN.V,,0.9599999785423279,0.9599999785423279,0.9599999785423279,0.9599999785423279,0.0
2026-04-07 09:30:00,LIO.V,,0.25,0.25,0.25,0.25,0.0
2026-04-07 09:30:00,LIS.V,,0.4950000047683716,0.4950000047683716,0.4950000047683716,0.4950000047683716,0.0
2026-04-07 09:30:00,LLG.V,,0.07999999821186066,0.07999999821186066,0.07999999821186066,0.07999999821186066,0.0
2026-04-07 09:30:00,LME.V,,0.2199999988079071,0.2199999988079071,0.2199999988079071,0.2199999988079071,0.0
2026-04-07 09:30:00,LMN.V,,23.25,23.25,23.25,23.25,0.0
2026-04-07 09:30:00,LMR.V,,0.09000000357627869,0.09000000357627869,0.09000000357627869,0.09000000357627869,0.0
2026-04-07 09:30:00,LTE.V,,0.10999999940395355,0.11500000208616257,0.10999999940395355,0.11500000208616257,23000.0
2026-04-07 09:30:00,LTH.V,,1.3200000524520874,1.350000023841858,1.3200000524520874,1.350000023841858,0.0
2026-04-07 09:30:00,LUCA.V,,1.399999976158142,1.399999976158142,1.399999976158142,1.399999976158142,0.0
2026-04-07 09:30:00,LVG.V,,0.32499998807907104,0.32499998807907104,0.32499998807907104,0.32499998807907104,0.0
2026-04-07 09:30:00,LX-H.V,,0.03999999910593033,0.03999999910593033,0.03999999910593033,0.03999999910593033,0.0
2026-04-07 09:30:00,MCS.V,,2.0,2.0,2.0,2.0,0.0
2026-04-07 09:30:00,MCX.V,,0.02500000037252903,0.02500000037252903,0.02500000037252903,0.02500000037252903,0.0
2026-04-07 09:30:00,MEK.V,,0.029999999329447746,0.029999999329447746,0.029999999329447746,0.029999999329447746,0.0
2026-04-07 09:30:00,MEX.V,,0.125,0.125,0.125,0.125,0.0
2026-04-07 09:30:00,MGM.V,,2.359999895095825,2.4000000953674316,2.359999895095825,2.4000000953674316,0.0
2026-04-07 09:30:00,MKO.V,,8.970000267028809,8.970000267028809,8.720000267028809,8.720000267028809,0.0
2026-04-07 09:30:00,MKR.V,,0.14499999582767487,0.14499999582767487,0.14499999582767487,0.14499999582767487,0.0
2026-04-07 09:30:00,MLP.V,,1.8799999952316284,1.8899999856948853,1.8300000429153442,1.8700000047683716,0.0
2026-04-07 09:30:00,MMG.V,,0.3100000023841858,0.3100000023841858,0.3100000023841858,0.3100000023841858,0.0
2026-04-07 09:30:00,MNC-PR-A.V,,3.0,3.0,3.0,3.0,0.0
2026-04-07 09:30:00,MQM.V,,0.30000001192092896,0.30000001192092896,0.30000001192092896,0.30000001192092896,0.0
2026-04-07 09:30:00,MTA.V,,9.15999984741211,9.15999984741211,9.15999984741211,9.15999984741211,0.0
2026-04-07 09:30:00,MTX.V,,0.009999999776482582,0.009999999776482582,0.009999999776482582,0.009999999776482582,0.0
2026-04-07 09:30:00,NHHH.V,,0.04500000178813934,0.04500000178813934,0.04500000178813934,0.04500000178813934,0.0
2026-04-07 09:30:00,NICU.V,,2.1500000953674316,2.1700000762939453,2.1500000953674316,2.1700000762939453,0.0
2026-04-07 09:30:00,NURS.V,,3.190000057220459,3.200000047683716,3.1500000953674316,3.200000047683716,0.0
2026-04-07 09:30:00,PNG.V,,8.550000190734863,8.670000076293945,8.510000228881836,8.619999885559082,0.0
2026-04-07 09:30:00,ROAR.V,,0.20499999821186066,0.20499999821186066,0.20499999821186066,0.20499999821186066,0.0
2026-04-07 09:30:00,SCAN.V,,7.300000190734863,7.300000190734863,7.300000190734863,7.300000190734863,0.0
2026-04-07 09:30:00,TUF.V,,0.27000001072883606,0.27000001072883606,0.27000001072883606,0.27000001072883606,0.0
2026-04-07 09:30:00,WLTR-H.V,,0.03500000014901161,0.03500000014901161,0.03500000014901161,0.03500000014901161,0.0
2026-04-07 09:30:00,YGT.V,,0.20000000298023224,0.20000000298023224,0.20000000298023224,0.20000000298023224,0.0
2026-04-07 09:30:00,ZNG.V,,1.0399999618530273,1.0399999618530273,1.0299999713897705,1.0299999713897705,0.0
2026-04-07 09:31:00,FRED.V,,0.5600000023841858,0.5600000023841858,0.5600000023841858,0.5600000023841858,13500.0
2026-04-07 09:31:00,GG.V,,2.630000114440918,2.630000114440918,2.619999885559082,2.619999885559082,5700.0
2026-04-07 09:31:00,GLAD.V,,1.1799999475479126,1.1799999475479126,1.1799999475479126,1.1799999475479126,200.0
2026-04-07 09:31:00,GMG.V,,2.2100000381469727,2.2100000381469727,2.200000047683716,2.200000047683716,1700.0
2026-04-07 09:31:00,GQC.V,,2.3399999141693115,2.3399999141693115,2.3399999141693115,2.3399999141693115,100.0
2026-04-07 09:31:00,GSVR.V,,0.6200000047683716,0.6200000047683716,0.6100000143051147,0.6100000143051147,206100.0
2026-04-07 09:31:00,HIVE.V,,2.6700000762939453,2.6700000762939453,2.6649999618530273,2.6700000762939453,8002.0
2026-04-07 09:31:00,HPL.V,,0.10499999672174454,0.10499999672174454,0.10499999672174454,0.10499999672174454,0.0
2026-04-07 09:31:00,IFOS.V,,3.7699999809265137,3.7799999713897705,3.765000104904175,3.7799999713897705,4749.0
2026-04-07 09:31:00,LCX.V,,2.0,2.0,1.9800000190734863,1.9800000190734863,5200.0
2026-04-07 09:31:00,LGN.V,,0.9599999785423279,0.9599999785423279,0.9599999785423279,0.9599999785423279,13500.0
2026-04-07 09:31:00,LME.V,,0.2199999988079071,0.2199999988079071,0.2199999988079071,0.2199999988079071,559.0
2026-04-07 09:31:00,LMN.V,,23.200000762939453,23.200000762939453,23.200000762939453,23.200000762939453,150.0
2026-04-07 09:31:00,MKO.V,,8.859999656677246,8.859999656677246,8.859999656677246,8.859999656677246,100.0
2026-04-07 09:31:00,NICU.V,,2.1500000953674316,2.1500000953674316,2.1500000953674316,2.1500000953674316,17000.0
2026-04-07 09:31:00,NURS.V,,3.0999999046325684,3.190000057220459,3.0999999046325684,3.180000066757202,4301.0
2026-04-07 09:31:00,PNG.V,,8.520000457763672,8.600000381469727,8.520000457763672,8.600000381469727,4431.0
2026-04-07 09:31:00,YGT.V,,0.20000000298023224,0.20000000298023224,0.20000000298023224,0.20000000298023224,2473.0
2026-04-07 09:31:00,ZNG.V,,1.059999942779541,1.059999942779541,1.059999942779541,1.059999942779541,800.0
2026-04-07 09:32:00,BIG.V,,0.6700000166893005,0.6700000166893005,0.6700000166893005,0.6700000166893005,16500.0
2026-04-07 09:32:00,FWZ.V,,4.46999979019165,4.46999979019165,4.46999979019165,4.46999979019165,322.0
2026-04-07 09:32:00,GFM-H.V,,0.4050000011920929,0.4050000011920929,0.4050000011920929,0.4050000011920929,5000.0
2026-04-07 09:32:00,GMG.V,,2.240000009536743,2.240000009536743,2.2200000286102295,2.2200000286102295,7548.0
2026-04-07 09:32:00,GOT.V,,1.6399999856948853,1.649999976158142,1.6399999856948853,1.649999976158142,12265.0
2026-04-07 09:32:00,GSVR.V,,0.6100000143051147,0.6100000143051147,0.6100000143051147,0.6100000143051147,42000.0
2026-04-07 09:32:00,HIVE.V,,2.674999952316284,2.680000066757202,2.674999952316284,2.680000066757202,4347.0
2026-04-07 09:32:00,HME.V,,2.8299999237060547,2.8299999237060547,2.809999942779541,2.809999942779541,9523.0
2026-04-07 09:32:00,IPT.V,,0.23999999463558197,0.23999999463558197,0.23999999463558197,0.23999999463558197,16500.0
2026-04-07 09:32:00,ITR.V,,4.0,4.0,4.0,4.0,500.0
2026-04-07 09:32:00,LGN.V,,0.9700000286102295,0.9700000286102295,0.9599999785423279,0.9599999785423279,46000.0
2026-04-07 09:32:00,LMN.V,,22.729999542236328,23.010000228881836,22.729999542236328,23.010000228881836,1111.0
2026-04-07 09:32:00,LVG.V,,0.3199999928474426,0.3199999928474426,0.3199999928474426,0.3199999928474426,10050.0
2026-04-07 09:32:00,MGM.V,,2.319999933242798,2.3499999046325684,2.319999933242798,2.3499999046325684,6500.0
2026-04-07 09:32:00,MLP.V,,1.8799999952316284,1.8799999952316284,1.8700000047683716,1.8700000047683716,6800.0
2026-04-07 09:32:00,MRVL.V,,0.18000000715255737,0.18000000715255737,0.18000000715255737,0.18000000715255737,0.0
2026-04-07 09:32:00,NURS.V,,3.0999999046325684,3.130000114440918,3.0999999046325684,3.130000114440918,16620.0
2026-04-07 09:32:00,PNG.V,,8.550000190734863,8.5600004196167,8.550000190734863,8.550000190734863,1124.0
2026-04-07 09:33:00,FDR.V,,3.690000057220459,3.7300000190734863,3.690000057220459,3.7300000190734863,2200.0
2026-04-07 09:33:00,FWZ.V,,4.5,4.5,4.5,4.5,200.0
2026-04-07 09:33:00,GPH.V,,1.25,1.2699999809265137,1.25,1.2699999809265137,11400.0
2026-04-07 09:33:00,GQC.V,,2.3399999141693115,2.3399999141693115,2.3399999141693115,2.3399999141693115,300.0
2026-04-07 09:33:00,GRSL.V,,0.3149999976158142,0.3149999976158142,0.3149999976158142,0.3149999976158142,20000.0
2026-04-07 09:33:00,GSVR.V,,0.6000000238418579,0.6000000238418579,0.6000000238418579,0.6000000238418579,82330.0
2026-04-07 09:33:00,HIVE.V,,2.680000066757202,2.680000066757202,2.680000066757202,2.680000066757202,2000.0
2026-04-07 09:33:00,HME.V,,2.8299999237060547,2.8299999237060547,2.8299999237060547,2.8299999237060547,1500.0
2026-04-07 09:33:00,HPL.V,,0.10499999672174454,0.10499999672174454,0.10499999672174454,0.10499999672174454,1000.0
2026-04-07 09:33:00,ICM.V,,0.11999999731779099,0.11999999731779099,0.11999999731779099,0.11999999731779099,18000.0
2026-04-07 09:33:00,IPT.V,,0.23999999463558197,0.23999999463558197,0.23999999463558197,0.23999999463558197,1500.0
2026-04-07 09:33:00,KALO.V,,0.20999999344348907,0.20999999344348907,0.20999999344348907,0.20999999344348907,4500.0
2026-04-07 09:33:00,KLDC.V,,0.1850000023841858,0.1850000023841858,0.1850000023841858,0.1850000023841858,4500.0
2026-04-07 09:33:00,KTN.V,,1.399999976158142,1.399999976158142,1.399999976158142,1.399999976158142,100.0
2026-04-07 09:33:00,LTH.V,,1.2999999523162842,1.3200000524520874,1.2999999523162842,1.3200000524520874,12500.0
2026-04-07 09:33:00,MGM.V,,2.3399999141693115,2.3399999141693115,2.3399999141693115,2.3399999141693115,300.0
2026-04-07 09:33:00,MMG.V,,0.30000001192092896,0.30000001192092896,0.30000001192092896,0.30000001192092896,2000.0
2026-04-07 09:33:00,PNG.V,,8.520000457763672,8.569999694824219,8.489999771118164,8.569999694824219,22785.0
2026-04-07 09:34:00,FDR.V,,3.7300000190734863,3.7300000190734863,3.7200000286102295,3.7200000286102295,2300.0
2026-04-07 09:34:00,FPC.V,,0.38499999046325684,0.38999998569488525,0.38499999046325684,0.38999998569488525,1000.0
2026-04-07 09:34:00,GMG.V,,2.25,2.25,2.240000009536743,2.240000009536743,2600.0
2026-04-07 09:34:00,GPH.V,,1.2699999809265137,1.2699999809265137,1.2699999809265137,1.2699999809265137,1700.0
2026-04-07 09:34:00,GQC.V,,2.3399999141693115,2.3399999141693115,2.3399999141693115,2.3399999141693115,200.0
2026-04-07 09:34:00,GSVR.V,,0.5899999737739563,0.5899999737739563,0.5899999737739563,0.5899999737739563,858.0
2026-04-07 09:34:00,HIVE.V,,2.6600000858306885,2.680000066757202,2.6600000858306885,2.6700000762939453,41586.0
2026-04-07 09:34:00,HME.V,,2.8499999046325684,2.8550000190734863,2.8399999141693115,2.8399999141693115,38904.0
2026-04-07 09:34:00,HSTR.V,,2.3399999141693115,2.3399999141693115,2.3350000381469727,2.3399999141693115,4474.0
2026-04-07 09:34:00,LSTR.V,,0.10999999940395355,0.10999999940395355,0.10999999940395355,0.10999999940395355,0.0
2026-04-07 09:34:00,LVG.V,,0.3199999928474426,0.3199999928474426,0.3199999928474426,0.3199999928474426,5000.0
2026-04-07 09:34:00,NICU.V,,2.130000114440918,2.130000114440918,2.130000114440918,2.130000114440918,100.0
2026-04-07 09:34:00,NURS.V,,3.180000066757202,3.180000066757202,3.140000104904175,3.140000104904175,4300.0
2026-04-07 09:34:00,PNG.V,,8.479999542236328,8.5,8.479999542236328,8.5,974.0
2026-04-07 09:35:00,FMS.V,,0.35499998927116394,0.35499998927116394,0.35499998927116394,0.35499998927116394,5000.0
2026-04-07 09:35:00,FUU.V,,0.17000000178813934,0.17000000178813934,0.17000000178813934,0.17000000178813934,16264.0
2026-04-07 09:35:00,GG.V,,2.630000114440918,2.630000114440918,2.630000114440918,2.630000114440918,39900.0
2026-04-07 09:35:00,GSVR.V,,0.6000000238418579,0.6000000238418579,0.6000000238418579,0.6000000238418579,3181.0
2026-04-07 09:35:00,HEVI.V,,0.25999999046325684,0.25999999046325684,0.25999999046325684,0.25999999046325684,23000.0
2026-04-07 09:35:00,HITI.V,,3.200000047683716,3.2200000286102295,3.200000047683716,3.2200000286102295,725.0
2026-04-07 09:35:00,HIVE.V,,2.6600000858306885,2.6600000858306885,2.6600000858306885,2.6600000858306885,4600.0
2026-04-07 09:35:00,HME.V,,2.859999895095825,2.859999895095825,2.8550000190734863,2.859999895095825,4300.0
2026-04-07 09:35:00,IPT.V,,0.23499999940395355,0.23999999463558197,0.23499999940395355,0.23999999463558197,26500.0
2026-04-07 09:35:00,ITR.V,,3.9800000190734863,3.9800000190734863,3.9800000190734863,3.9800000190734863,700.0
2026-04-07 09:35:00,KNG.V,,1.2699999809265137,1.2699999809265137,1.2699999809265137,1.2699999809265137,0.0
2026-04-07 09:35:00,KTN.V,,1.3799999952316284,1.3799999952316284,1.3799999952316284,1.3799999952316284,4175.0
2026-04-07 09:35:00,LCX.V,,2.0299999713897705,2.0299999713897705,2.0,2.009999990463257,11800.0
2026-04-07 09:35:00,LG.V,,0.3400000035762787,0.3400000035762787,0.3400000035762787,0.3400000035762787,12400.0
2026-04-07 09:35:00,LGC.V,,1.9600000381469727,1.9600000381469727,1.9600000381469727,1.9600000381469727,0.0
2026-04-07 09:35:00,LMN.V,,22.815000534057617,22.950000762939453,22.815000534057617,22.940000534057617,300.0
2026-04-07 09:35:00,LTH.V,,1.3200000524520874,1.3200000524520874,1.2999999523162842,1.2999999523162842,31000.0
2026-04-07 09:35:00,MCS.V,,2.0,2.0,2.0,2.0,100.0
2026-04-07 09:35:00,PNG.V,,8.479999542236328,8.5,8.479999542236328,8.5,4268.0
2026-04-07 09:35:00,YGT.V,,0.19499999284744263,0.19499999284744263,0.19499999284744263,0.19499999284744263,2000.0
2026-04-07 09:36:00,FDR.V,,3.7100000381469727,3.7100000381469727,3.7100000381469727,3.7100000381469727,200.0
2026-04-07 09:36:00,GG.V,,2.559999942779541,2.609999895095825,2.559999942779541,2.609999895095825,17900.0
2026-04-07 09:36:00,GOT.V,,1.6299999952316284,1.6399999856948853,1.6299999952316284,1.6399999856948853,39463.0
2026-04-07 09:36:00,GRSL.V,,0.3050000071525574,0.3100000023841858,0.3050000071525574,0.3100000023841858,58922.0
2026-04-07 09:36:00,GSVR.V,,0.6000000238418579,0.6000000238418579,0.6000000238418579,0.6000000238418579,500.0
2026-04-07 09:36:00,HITI.V,,3.200000047683716,3.200000047683716,3.200000047683716,3.200000047683716,800.0
2026-04-07 09:36:00,HIVE.V,,2.6600000858306885,2.6600000858306885,2.6600000858306885,2.6600000858306885,4200.0
2026-04-07 09:36:00,HSTR.V,,2.3299999237060547,2.3399999141693115,2.3299999237060547,2.3399999141693115,700.0
2026-04-07 09:36:00,HVG.V,,0.05999999865889549,0.05999999865889549,0.05999999865889549,0.05999999865889549,0.0
2026-04-07 09:36:00,IFOS.V,,3.75,3.75,3.75,3.75,1300.0
2026-04-07 09:36:00,ITR.V,,4.0,4.0,4.0,4.0,670.0
2026-04-07 09:36:00,KTN.V,,1.375,1.375,1.3700000047683716,1.3700000047683716,4700.0
2026-04-07 09:36:00,LG.V,,0.3449999988079071,0.3449999988079071,0.3400000035762787,0.3400000035762787,12000.0
2026-04-07 09:36:00,LUCA.V,,1.3799999952316284,1.3899999856948853,1.3799999952316284,1.3899999856948853,4300.0
2026-04-07 09:36:00,MFG.V,,4.28000020980835,4.28000020980835,4.28000020980835,4.28000020980835,0.0
2026-04-07 09:36:00,MLP.V,,1.909999966621399,1.909999966621399,1.909999966621399,1.909999966621399,100.0
2026-04-07 09:36:00,MRVL.V,,0.17499999701976776,0.17499999701976776,0.17499999701976776,0.17499999701976776,1000.0
2026-04-07 09:36:00,MTA.V,,9.270000457763672,9.270000457763672,9.270000457763672,9.270000457763672,100.0
2026-04-07 09:36:00,NURS.V,,3.180000066757202,3.180000066757202,3.1500000953674316,3.1500000953674316,2900.0
2026-04-07 09:36:00,PNG.V,,8.569999694824219,8.569999694824219,8.5,8.5,3382.0
2026-04-07 09:37:00,EQTY.V,,0.28999999165534973,0.28999999165534973,0.28999999165534973,0.28999999165534973,2500.0
2026-04-07 09:37:00,FDR.V,,3.700000047683716,3.700000047683716,3.700000047683716,3.700000047683716,3310.0
2026-04-07 09:37:00,FO.V,,0.3799999952316284,0.3799999952316284,0.3799999952316284,0.3799999952316284,1490.0
2026-04-07 09:37:00,GG.V,,2.5999999046325684,2.5999999046325684,2.5799999237060547,2.5799999237060547,86600.0
2026-04-07 09:37:00,GGO.V,,0.9800000190734863,0.9800000190734863,0.9800000190734863,0.9800000190734863,1000.0
2026-04-07 09:37:00,GPH.V,,1.2599999904632568,1.2599999904632568,1.2599999904632568,1.2599999904632568,300.0
2026-04-07 09:37:00,GSVR.V,,0.5899999737739563,0.5899999737739563,0.5899999737739563,0.5899999737739563,8000.0
2026-04-07 09:37:00,HELI.V,,0.05000000074505806,0.05000000074505806,0.05000000074505806,0.05000000074505806,201602.0
2026-04-07 09:37:00,HIVE.V,,2.6700000762939453,2.6700000762939453,2.6700000762939453,2.6700000762939453,3900.0
2026-04-07 09:37:00,HME.V,,2.8550000190734863,2.865000009536743,2.8499999046325684,2.865000009536743,7691.0
2026-04-07 09:37:00,LCX.V,,2.009999990463257,2.009999990463257,2.009999990463257,2.009999990463257,100.0
2026-04-07 09:37:00,LMN.V,,22.665000915527344,22.799999237060547,22.454999923706055,22.799999237060547,4137.0
2026-04-07 09:37:00,LTH.V,,1.3200000524520874,1.3200000524520874,1.315000057220459,1.315000057220459,3400.0
2026-04-07 09:37:00,MRVL.V,,0.17499999701976776,0.17499999701976776,0.17499999701976776,0.17499999701976776,1000.0
2026-04-07 09:37:00,MTX.V,,0.014999999664723873,0.014999999664723873,0.014999999664723873,0.014999999664723873,2000.0
2026-04-07 09:37:00,NICU.V,,2.119999885559082,2.119999885559082,2.119999885559082,2.119999885559082,100.0
2026-04-07 09:37:00,NURS.V,,3.119999885559082,3.119999885559082,3.119999885559082,3.119999885559082,0.0
2026-04-07 09:37:00,PNG.V,,8.59000015258789,8.59000015258789,8.569999694824219,8.569999694824219,1300.0
2026-04-07 09:37:00,TUF.V,,0.26499998569488525,0.27000001072883606,0.26499998569488525,0.27000001072883606,11000.0
2026-04-07 09:38:00,BIG.V,,0.6800000071525574,0.6800000071525574,0.6800000071525574,0.6800000071525574,500.0
2026-04-07 09:38:00,FUU.V,,0.16500000655651093,0.16500000655651093,0.16500000655651093,0.16500000655651093,500.0
2026-04-07 09:38:00,GG.V,,2.5999999046325684,2.5999999046325684,2.5899999141693115,2.5899999141693115,500.0
2026-04-07 09:38:00,GMV.V,,0.1850000023841858,0.1850000023841858,0.1850000023841858,0.1850000023841858,0.0
2026-04-07 09:38:00,GPH.V,,1.2599999904632568,1.2599999904632568,1.2599999904632568,1.2599999904632568,200.0
2026-04-07 09:38:00,GWM.V,,0.6299999952316284,0.6299999952316284,0.6299999952316284,0.6299999952316284,6521.0
2026-04-07 09:38:00,HELI.V,,0.05000000074505806,0.05000000074505806,0.05000000074505806,0.05000000074505806,52000.0
2026-04-07 09:38:00,HEVI.V,,0.25999999046325684,0.25999999046325684,0.25999999046325684,0.25999999046325684,2000.0
2026-04-07 09:38:00,HITI.V,,3.200000047683716,3.200000047683716,3.200000047683716,3.200000047683716,100.0
2026-04-07 09:38:00,HIVE.V,,2.6700000762939453,2.6700000762939453,2.6700000762939453,2.6700000762939453,320.0
2026-04-07 09:38:00,HSTR.V,,2.3299999237060547,2.3299999237060547,2.3299999237060547,2.3299999237060547,100.0
2026-04-07 09:38:00,IFOS.V,,3.75,3.75,3.740000009536743,3.75,15200.0
2026-04-07 09:38:00,LEM.V,,0.30000001192092896,0.30000001192092896,0.30000001192092896,0.30000001192092896,4169.0
2026-04-07 09:38:00,LMN.V,,22.510000228881836,22.510000228881836,22.5,22.5,200.0
2026-04-07 09:38:00,LTH.V,,1.340000033378601,1.340000033378601,1.3300000429153442,1.3300000429153442,4500.0
2026-04-07 09:38:00,LUCA.V,,1.3700000047683716,1.3700000047683716,1.3700000047683716,1.3700000047683716,300.0
2026-04-07 09:38:00,MCS.V,,2.0,2.0,2.0,2.0,100.0
2026-04-07 09:38:00,MLP.V,,1.9199999570846558,1.9199999570846558,1.9199999570846558,1.9199999570846558,1800.0
2026-04-07 09:38:00,MRVL.V,,0.18000000715255737,0.18000000715255737,0.18000000715255737,0.18000000715255737,1000.0
2026-04-07 09:38:00,PNG.V,,8.520000457763672,8.59000015258789,8.520000457763672,8.579999923706055,7125.0
2026-04-07 09:38:00,ROAR.V,,0.20499999821186066,0.20499999821186066,0.20499999821186066,0.20499999821186066,500.0
2026-04-07 09:39:00,FDR.V,,3.700000047683716,3.700000047683716,3.700000047683716,3.700000047683716,2500.0
2026-04-07 09:39:00,FWZ.V,,4.46999979019165,4.46999979019165,4.46999979019165,4.46999979019165,400.0
2026-04-07 09:39:00,GG.V,,2.5999999046325684,2.5999999046325684,2.5999999046325684,2.5999999046325684,100.0
2026-04-07 09:39:00,GMV.V,,0.1850000023841858,0.1850000023841858,0.1850000023841858,0.1850000023841858,2000.0
2026-04-07 09:39:00,GPH.V,,1.2599999904632568,1.2599999904632568,1.2599999904632568,1.2599999904632568,3222.0
2026-04-07 09:39:00,GSVR.V,,0.5899999737739563,0.5899999737739563,0.5899999737739563,0.5899999737739563,212745.0
2026-04-07 09:39:00,HEVI.V,,0.25999999046325684,0.25999999046325684,0.25999999046325684,0.25999999046325684,1000.0
2026-04-07 09:39:00,HIVE.V,,2.6700000762939453,2.6700000762939453,2.6700000762939453,2.6700000762939453,1850.0
2026-04-07 09:39:00,HSTR.V,,2.315000057220459,2.319999933242798,2.315000057220459,2.319999933242798,5700.0
2026-04-07 09:39:00,ITR.V,,3.9600000381469727,3.9600000381469727,3.9600000381469727,3.9600000381469727,4300.0
2026-04-07 09:39:00,KRY.V,,3.180000066757202,3.180000066757202,3.180000066757202,3.180000066757202,400.0
2026-04-07 09:39:00,KTN.V,,1.3600000143051147,1.3700000047683716,1.3600000143051147,1.3700000047683716,9800.0
2026-04-07 09:39:00,LG.V,,0.3400000035762787,0.3400000035762787,0.3400000035762787,0.3400000035762787,15000.0
2026-04-07 09:39:00,LMN.V,,22.510000228881836,22.68000030517578,22.510000228881836,22.65999984741211,900.0
2026-04-07 09:39:00,LTH.V,,1.3200000524520874,1.3300000429153442,1.3200000524520874,1.3300000429153442,19300.0
2026-04-07 09:39:00,LUCA.V,,1.3700000047683716,1.3700000047683716,1.3650000095367432,1.3650000095367432,2611.0
2026-04-07 09:39:00,MLP.V,,1.8799999952316284,1.899999976158142,1.8799999952316284,1.899999976158142,12300.0
2026-04-07 09:39:00,PNG.V,,8.5,8.5,8.5,8.5,300.0
2026-04-07 09:40:00,BIG.V,,0.6700000166893005,0.675000011920929,0.6700000166893005,0.675000011920929,3500.0
2026-04-07 09:40:00,EQTY.V,,0.2849999964237213,0.2849999964237213,0.2849999964237213,0.2849999964237213,6000.0
2026-04-07 09:40:00,FWZ.V,,4.46999979019165,4.46999979019165,4.46999979019165,4.46999979019165,300.0
2026-04-07 09:40:00,GQC.V,,2.319999933242798,2.319999933242798,2.319999933242798,2.319999933242798,2500.0
2026-04-07 09:40:00,GSI.V,,1.2999999523162842,1.2999999523162842,1.2999999523162842,1.2999999523162842,500.0
2026-04-07 09:40:00,GSTM.V,,0.20000000298023224,0.20000000298023224,0.20000000298023224,0.20000000298023224,5233.0
2026-04-07 09:40:00,HIVE.V,,2.6700000762939453,2.6700000762939453,2.6700000762939453,2.6700000762939453,2100.0
2026-04-07 09:40:00,HME.V,,2.8499999046325684,2.8499999046325684,2.8499999046325684,2.8499999046325684,4000.0
2026-04-07 09:40:00,HSTR.V,,2.319999933242798,2.319999933242798,2.315000057220459,2.319999933242798,750.0
2026-04-07 09:40:00,ITR.V,,3.9700000286102295,3.9700000286102295,3.9700000286102295,3.9700000286102295,100.0
2026-04-07 09:40:00,JZR.V,,0.24500000476837158,0.24500000476837158,0.24500000476837158,0.24500000476837158,0.0
2026-04-07 09:40:00,LMN.V,,22.520000457763672,22.520000457763672,22.520000457763672,22.520000457763672,100.0
2026-04-07 09:40:00,LMR.V,,0.09000000357627869,0.09000000357627869,0.09000000357627869,0.09000000357627869,1200.0
2026-04-07 09:40:00,LTH.V,,1.3200000524520874,1.3200000524520874,1.3200000524520874,1.3200000524520874,100.0
2026-04-07 09:40:00,LVG.V,,0.3199999928474426,0.3199999928474426,0.3199999928474426,0.3199999928474426,10000.0
2026-04-07 09:40:00,NICU.V,,2.130000114440918,2.130000114440918,2.130000114440918,2.130000114440918,100.0
2026-04-07 09:40:00,NURS.V,,3.180000066757202,3.180000066757202,3.1700000762939453,3.1700000762939453,700.0
2026-04-07 09:40:00,PNG.V,,8.470000267028809,8.489999771118164,8.470000267028809,8.489999771118164,3600.0
2026-04-07 09:41:00,FPC.V,,0.3799999952316284,0.3799999952316284,0.3799999952316284,0.3799999952316284,2000.0
2026-04-07 09:41:00,FUU.V,,0.17000000178813934,0.17000000178813934,0.17000000178813934,0.17000000178813934,500.0
2026-04-07 09:41:00,FWZ.V,,4.460000038146973,4.46999979019165,4.460000038146973,4.46999979019165,4030.0
2026-04-07 09:41:00,GG.V,,2.5799999237060547,2.5899999141693115,2.5799999237060547,2.5899999141693115,1800.0
2026-04-07 09:41:00,GOT.V,,1.6200000047683716,1.6200000047683716,1.6200000047683716,1.6200000047683716,4700.0
2026-04-07 09:41:00,GQC.V,,2.309999942779541,2.309999942779541,2.309999942779541,2.309999942779541,9100.0
2026-04-07 09:41:00,GSI.V,,1.2999999523162842,1.2999999523162842,1.2999999523162842,1.2999999523162842,1100.0
2026-04-07 09:41:00,GSVR.V,,0.5849999785423279,0.5899999737739563,0.5849999785423279,0.5899999737739563,24168.0
2026-04-07 09:41:00,HIVE.V,,2.6700000762939453,2.6700000762939453,2.6700000762939453,2.6700000762939453,2300.0
2026-04-07 09:41:00,HSTR.V,,2.299999952316284,2.309999942779541,2.299999952316284,2.309999942779541,3100.0
2026-04-07 09:41:00,ITR.V,,3.9600000381469727,3.9700000286102295,3.9600000381469727,3.9700000286102295,16000.0
2026-04-07 09:41:00,LG.V,,0.3400000035762787,0.3400000035762787,0.3400000035762787,0.3400000035762787,500.0
2026-04-07 09:41:00,LMN.V,,22.540000915527344,22.540000915527344,22.510000228881836,22.530000686645508,400.0
2026-04-07 09:41:00,LPS.V,,0.07500000298023224,0.07500000298023224,0.07500000298023224,0.07500000298023224,0.0
2026-04-07 09:41:00,LTH.V,,1.3200000524520874,1.3200000524520874,1.3200000524520874,1.3200000524520874,1200.0
2026-04-07 09:41:00,MKO.V,,8.829999923706055,8.829999923706055,8.829999923706055,8.829999923706055,200.0
2026-04-07 09:41:00,NICU.V,,2.119999885559082,2.130000114440918,2.119999885559082,2.130000114440918,200.0
2026-04-07 09:41:00,PNG.V,,8.479999542236328,8.479999542236328,8.449999809265137,8.470000267028809,22632.0
2026-04-07 09:41:00,ZNG.V,,1.0299999713897705,1.0299999713897705,1.0299999713897705,1.0299999713897705,12405.0
2026-04-07 09:42:00,FDR.V,,3.680000066757202,3.690000057220459,3.680000066757202,3.690000057220459,2300.0
2026-04-07 09:42:00,FUU.V,,0.17000000178813934,0.17000000178813934,0.17000000178813934,0.17000000178813934,500.0
2026-04-07 09:42:00,GG.V,,2.5799999237060547,2.5799999237060547,2.5799999237060547,2.5799999237060547,600.0
2026-04-07 09:42:00,GMG.V,,2.259999990463257,2.259999990463257,2.259999990463257,2.259999990463257,1300.0
2026-04-07 09:42:00,HEVI.V,,0.25999999046325684,0.25999999046325684,0.25999999046325684,0.25999999046325684,1271.0
2026-04-07 09:42:00,HI.V,,0.14499999582767487,0.14499999582767487,0.14499999582767487,0.14499999582767487,99500.0
2026-04-07 09:42:00,HIVE.V,,2.6700000762939453,2.6700000762939453,2.6700000762939453,2.6700000762939453,4100.0
2026-04-07 09:42:00,HSTR.V,,2.309999942779541,2.319999933242798,2.305000066757202,2.305000066757202,6400.0
2026-04-07 09:42:00,IFOS.V,,3.75,3.75,3.75,3.75,9400.0
2026-04-07 09:42:00,IPT.V,,0.23499999940395355,0.23499999940395355,0.23499999940395355,0.23499999940395355,15000.0
2026-04-07 09:42:00,ITR.V,,3.9700000286102295,3.9700000286102295,3.9700000286102295,3.9700000286102295,400.0
2026-04-07 09:42:00,LMG.V,,0.6000000238418579,0.6000000238418579,0.6000000238418579,0.6000000238418579,0.0
2026-04-07 09:42:00,LMN.V,,22.600000381469727,22.600000381469727,22.579999923706055,22.579999923706055,300.0
2026-04-07 09:42:00,LPS.V,,0.07500000298023224,0.07500000298023224,0.07500000298023224,0.07500000298023224,8000.0
2026-04-07 09:42:00,LTH.V,,1.3200000524520874,1.3200000524520874,1.3200000524520874,1.3200000524520874,100.0
2026-04-07 09:42:00,MKO.V,,8.75,8.75,8.75,8.75,300.0
2026-04-07 09:42:00,MTA.V,,9.149999618530273,9.149999618530273,9.149999618530273,9.149999618530273,100.0
2026-04-07 09:42:00,PNG.V,,8.4399995803833,8.449999809265137,8.4399995803833,8.449999809265137,410.0
2026-04-07 09:43:00,FPC.V,,0.375,0.3799999952316284,0.375,0.3799999952316284,6000.0
2026-04-07 09:43:00,FUU.V,,0.17000000178813934,0.17000000178813934,0.17000000178813934,0.17000000178813934,9650.0
2026-04-07 09:43:00,FWZ.V,,4.449999809265137,4.449999809265137,4.449999809265137,4.449999809265137,2030.0
2026-04-07 09:43:00,GLAD.V,,1.2100000381469727,1.2200000286102295,1.2100000381469727,1.2200000286102295,1600.0
2026-04-07 09:43:00,GMA.V,,0.25999999046325684,0.25999999046325684,0.25999999046325684,0.25999999046325684,7000.0
2026-04-07 09:43:00,GQC.V,,2.299999952316284,2.299999952316284,2.299999952316284,2.299999952316284,10101.0
2026-04-07 09:43:00,GSI.V,,1.2899999618530273,1.2999999523162842,1.2899999618530273,1.2999999523162842,2700.0
2026-04-07 09:43:00,GSTM.V,,0.20000000298023224,0.20000000298023224,0.20000000298023224,0.20000000298023224,5000.0
2026-04-07 09:43:00,HI.V,,0.14499999582767487,0.14499999582767487,0.14499999582767487,0.14499999582767487,26000.0
2026-04-07 09:43:00,HIVE.V,,2.6700000762939453,2.6700000762939453,2.6700000762939453,2.6700000762939453,900.0
2026-04-07 09:43:00,HME.V,,2.8399999141693115,2.8399999141693115,2.8299999237060547,2.8299999237060547,8400.0
2026-04-07 09:43:00,HSTR.V,,2.299999952316284,2.299999952316284,2.299999952316284,2.299999952316284,100.0
2026-04-07 09:43:00,IPT.V,,0.23499999940395355,0.23499999940395355,0.23499999940395355,0.23499999940395355,10000.0
2026-04-07 09:43:00,ITR.V,,3.950000047683716,3.950000047683716,3.950000047683716,3.950000047683716,25434.0
2026-04-07 09:43:00,KTN.V,,1.3600000143051147,1.3600000143051147,1.3600000143051147,1.3600000143051147,700.0
2026-04-07 09:43:00,LMN.V,,22.6299991607666,22.6299991607666,22.610000610351562,22.6299991607666,500.0
2026-04-07 09:43:00,LTH.V,,1.3300000429153442,1.3300000429153442,1.3200000524520874,1.3200000524520874,2900.0
2026-04-07 09:43:00,MTT.V,,0.18000000715255737,0.18000000715255737,0.18000000715255737,0.18000000715255737,0.0
2026-04-07 09:43:00,NURS.V,,3.069999933242798,3.119999885559082,3.069999933242798,3.119999885559082,5311.0
2026-04-07 09:43:00,PNG.V,,8.510000228881836,8.510000228881836,8.5,8.5,2600.0
2026-04-07 09:44:00,GG.V,,2.569999933242798,2.5799999237060547,2.569999933242798,2.5799999237060547,2200.0
2026-04-07 09:44:00,GMG.V,,2.25,2.25,2.25,2.25,3045.0
2026-04-07 09:44:00,GSI.V,,1.2899999618530273,1.2899999618530273,1.2899999618530273,1.2899999618530273,800.0
2026-04-07 09:44:00,GSTM.V,,0.19499999284744263,0.19499999284744263,0.19499999284744263,0.19499999284744263,12500.0
2026-04-07 09:44:00,HEMP.V,,0.009999999776482582,0.009999999776482582,0.009999999776482582,0.009999999776482582,0.0
2026-04-07 09:44:00,HIVE.V,,2.6700000762939453,2.6700000762939453,2.6700000762939453,2.6700000762939453,1512.0
2026-04-07 09:44:00,KTN.V,,1.340000033378601,1.350000023841858,1.340000033378601,1.350000023841858,17343.0
2026-04-07 09:44:00,LIO.V,,0.24500000476837158,0.24500000476837158,0.24500000476837158,0.24500000476837158,10000.0
2026-04-07 09:44:00,LQWD.V,,0.9700000286102295,0.9700000286102295,0.9700000286102295,0.9700000286102295,0.0
2026-04-07 09:44:00,MGM.V,,2.3299999237060547,2.3299999237060547,2.3299999237060547,2.3299999237060547,500.0
2026-04-07 09:44:00,MTA.V,,9.119999885559082,9.119999885559082,9.119999885559082,9.119999885559082,100.0
2026-04-07 09:44:00,NURS.V,,3.059999942779541,3.069999933242798,3.059999942779541,3.069999933242798,1804.0
2026-04-07 09:44:00,PNG.V,,8.5,8.5,8.5,8.5,2020.0
2026-04-07 09:45:00,FNC.V,,0.10999999940395355,0.10999999940395355,0.10999999940395355,0.10999999940395355,0.0
2026-04-07 09:45:00,HITI.V,,3.190000057220459,3.190000057220459,3.190000057220459,3.190000057220459,400.0
2026-04-07 09:45:00,HIVE.V,,2.6700000762939453,2.6700000762939453,2.6700000762939453,2.6700000762939453,1400.0
2026-04-07 09:45:00,IFOS.V,,3.75,3.75,3.75,3.75,100.0
2026-04-07 09:45:00,ITR.V,,3.9700000286102295,3.9700000286102295,3.9700000286102295,3.9700000286102295,100.0
2026-04-07 09:45:00,KC.V,,0.3100000023841858,0.3100000023841858,0.3100000023841858,0.3100000023841858,0.0
2026-04-07 09:45:00,KRY.V,,3.1700000762939453,3.180000066757202,3.1700000762939453,3.180000066757202,5200.0
2026-04-07 09:45:00,KTN.V,,1.350000023841858,1.350000023841858,1.350000023841858,1.350000023841858,300.0
2026-04-07 09:45:00,LMN.V,,22.479999542236328,22.559999465942383,22.479999542236328,22.559999465942383,714.0
2026-04-07 09:45:00,LVG.V,,0.3199999928474426,0.3199999928474426,0.3199999928474426,0.3199999928474426,4500.0
2026-04-07 09:45:00,MGM.V,,2.3299999237060547,2.3499999046325684,2.3299999237060547,2.3499999046325684,800.0
2026-04-07 09:45:00,PNG.V,,8.5,8.5,8.5,8.5,201.0
2026-04-07 09:46:00,FDR.V,,3.690000057220459,3.690000057220459,3.690000057220459,3.690000057220459,300.0
2026-04-07 09:46:00,FTEC.V,,0.04500000178813934,0.04500000178813934,0.04500000178813934,0.04500000178813934,75000.0
2026-04-07 09:46:00,FWZ.V,,4.409999847412109,4.409999847412109,4.409999847412109,4.409999847412109,200.0
2026-04-07 09:46:00,GMG.V,,2.2300000190734863,2.25,2.200000047683716,2.25,14800.0
2026-04-07 09:46:00,GQC.V,,2.3299999237060547,2.3299999237060547,2.299999952316284,2.299999952316284,3500.0
2026-04-07 09:46:00,GSTM.V,,0.20000000298023224,0.20000000298023224,0.20000000298023224,0.20000000298023224,5000.0
2026-04-07 09:46:00,HITI.V,,3.190000057220459,3.190000057220459,3.190000057220459,3.190000057220459,250.0
2026-04-07 09:46:00,HIVE.V,,2.6600000858306885,2.6600000858306885,2.6600000858306885,2.6600000858306885,400.0
2026-04-07 09:46:00,HSTR.V,,2.305000066757202,2.305000066757202,2.305000066757202,2.305000066757202,400.0
2026-04-07 09:46:00,IFOS.V,,3.75,3.75,3.75,3.75,2100.0
2026-04-07 09:46:00,ITR.V,,3.9700000286102295,3.9700000286102295,3.9700000286102295,3.9700000286102295,100.0
2026-04-07 09:46:00,LG.V,,0.33500000834465027,0.33500000834465027,0.33500000834465027,0.33500000834465027,60500.0
2026-04-07 09:46:00,LGN.V,,0.9700000286102295,0.9700000286102295,0.9700000286102295,0.9700000286102295,67500.0
2026-04-07 09:46:00,MIM.V,,0.23999999463558197,0.23999999463558197,0.23999999463558197,0.23999999463558197,0.0
2026-04-07 09:46:00,MLP.V,,1.8899999856948853,1.8899999856948853,1.8899999856948853,1.8899999856948853,5200.0
2026-04-07 09:46:00,NICU.V,,2.119999885559082,2.119999885559082,2.119999885559082,2.119999885559082,100.0
2026-04-07 09:46:00,PNG.V,,8.460000038146973,8.479999542236328,8.460000038146973,8.479999542236328,5043.0
2026-04-07 09:46:00,TUF.V,,0.2549999952316284,0.25999999046325684,0.2549999952316284,0.25999999046325684,21500.0
2026-04-07 09:46:00,ZNG.V,,1.0399999618530273,1.0399999618530273,1.0299999713897705,1.0299999713897705,5700.0
2026-04-07 09:47:00,FPX.V,,0.4300000071525574,0.4300000071525574,0.4300000071525574,0.4300000071525574,1000.0
2026-04-07 09:47:00,FRED.V,,0.550000011920929,0.550000011920929,0.550000011920929,0.550000011920929,5000.0
2026-04-07 09:47:00,GPH.V,,1.2599999904632568,1.2599999904632568,1.2599999904632568,1.2599999904632568,1300.0
2026-04-07 09:47:00,GSI.V,,1.2799999713897705,1.2799999713897705,1.2699999809265137,1.2799999713897705,3100.0
2026-04-07 09:47:00,HIVE.V,,2.6600000858306885,2.6600000858306885,2.6600000858306885,2.6600000858306885,3640.0
2026-04-07 09:47:00,HSTR.V,,2.2950000762939453,2.2950000762939453,2.2950000762939453,2.2950000762939453,100.0
2026-04-07 09:47:00,ITR.V,,3.9600000381469727,3.9600000381469727,3.9600000381469727,3.9600000381469727,405.0
2026-04-07 09:47:00,KGC.V,,0.029999999329447746,0.029999999329447746,0.029999999329447746,0.029999999329447746,1000.0
2026-04-07 09:47:00,KLDC.V,,0.1850000023841858,0.1850000023841858,0.1850000023841858,0.1850000023841858,3000.0
2026-04-07 09:47:00,LTH.V,,1.3300000429153442,1.3300000429153442,1.3300000429153442,1.3300000429153442,100.0
2026-04-07 09:47:00,PNG.V,,8.420000076293945,8.4399995803833,8.420000076293945,8.4399995803833,912.0
2026-04-07 09:48:00,FDR.V,,3.690000057220459,3.700000047683716,3.680000066757202,3.700000047683716,1000.0
2026-04-07 09:48:00,FMS.V,,0.3499999940395355,0.3499999940395355,0.3499999940395355,0.3499999940395355,3000.0
2026-04-07 09:48:00,GOT.V,,1.6100000143051147,1.6200000047683716,1.6100000143051147,1.6200000047683716,9500.0
2026-04-07 09:48:00,GQC.V,,2.319999933242798,2.3299999237060547,2.319999933242798,2.3299999237060547,1700.0
2026-04-07 09:48:00,HSTR.V,,2.299999952316284,2.299999952316284,2.299999952316284,2.299999952316284,153.0
2026-04-07 09:48:00,JUGR.V,,1.350000023841858,1.350000023841858,1.350000023841858,1.350000023841858,0.0
2026-04-07 09:48:00,KC.V,,0.3100000023841858,0.3100000023841858,0.3100000023841858,0.3100000023841858,500.0
2026-04-07 09:48:00,LG.V,,0.33500000834465027,0.33500000834465027,0.33500000834465027,0.33500000834465027,5000.0
2026-04-07 09:48:00,LIS.V,,0.4950000047683716,0.4950000047683716,0.4950000047683716,0.4950000047683716,20500.0
2026-04-07 09:48:00,LTH.V,,1.3300000429153442,1.3300000429153442,1.3300000429153442,1.3300000429153442,100.0
2026-04-07 09:48:00,MCS.V,,2.0,2.0,2.0,2.0,1700.0
2026-04-07 09:48:00,MDX.V,,0.05999999865889549,0.05999999865889549,0.05999999865889549,0.05999999865889549,0.0
2026-04-07 09:48:00,MMG.V,,0.30000001192092896,0.30000001192092896,0.30000001192092896,0.30000001192092896,2000.0
2026-04-07 09:48:00,PNG.V,,8.390000343322754,8.399999618530273,8.380000114440918,8.399999618530273,9477.0
2026-04-07 09:48:00,TUF.V,,0.2549999952316284,0.2549999952316284,0.2549999952316284,0.2549999952316284,7500.0
2026-04-07 09:48:00,ZNG.V,,1.0499999523162842,1.0499999523162842,1.0499999523162842,1.0499999523162842,1100.0
2026-04-07 09:49:00,AUEN.V,,0.27000001072883606,0.2750000059604645,0.27000001072883606,0.2750000059604645,0.0
2026-04-07 09:49:00,BIG.V,,0.6800000071525574,0.6800000071525574,0.6800000071525574,0.6800000071525574,3000.0
2026-04-07 09:49:00,FAIR.V,,0.07500000298023224,0.07500000298023224,0.07500000298023224,0.07500000298023224,0.0
2026-04-07 09:49:00,FDR.V,,3.690000057220459,3.690000057220459,3.690000057220459,3.690000057220459,300.0
2026-04-07 09:49:00,FPC.V,,0.3799999952316284,0.3799999952316284,0.3799999952316284,0.3799999952316284,1000.0
2026-04-07 09:49:00,GPH.V,,1.2599999904632568,1.2599999904632568,1.2599999904632568,1.2599999904632568,4500.0
2026-04-07 09:49:00,GSVR.V,,0.5899999737739563,0.5899999737739563,0.5899999737739563,0.5899999737739563,1609.0
2026-04-07 09:49:00,HCH.V,,1.2899999618530273,1.2899999618530273,1.2899999618530273,1.2899999618530273,0.0
2026-04-07 09:49:00,HITI.V,,3.180000066757202,3.180000066757202,3.180000066757202,3.180000066757202,1400.0
2026-04-07 09:49:00,HSTR.V,,2.309999942779541,2.309999942779541,2.309999942779541,2.309999942779541,400.0
2026-04-07 09:49:00,IFOS.V,,3.75,3.75,3.75,3.75,100.0
2026-04-07 09:49:00,JUGR.V,,1.309999942779541,1.3200000524520874,1.309999942779541,1.3200000524520874,11200.0
2026-04-07 09:49:00,LG.V,,0.33000001311302185,0.33000001311302185,0.33000001311302185,0.33000001311302185,57250.0
2026-04-07 09:49:00,LMN.V,,22.610000610351562,22.610000610351562,22.5,22.5,240.0
2026-04-07 09:49:00,MKO.V,,8.779999732971191,8.779999732971191,8.670000076293945,8.779999732971191,860.0
2026-04-07 09:49:00,MLP.V,,1.8799999952316284,1.899999976158142,1.8799999952316284,1.899999976158142,14400.0
2026-04-07 09:49:00,NURS.V,,3.049999952316284,3.049999952316284,3.049999952316284,3.049999952316284,1500.0
2026-04-07 09:49:00,PNG.V,,8.399999618530273,8.399999618530273,8.399999618530273,8.399999618530273,152.0
2026-04-07 09:49:00,ZNG.V,,1.0499999523162842,1.0499999523162842,1.0499999523162842,1.0499999523162842,200.0
2026-04-07 09:50:00,FCA-U.V,,3.0,3.0,3.0,3.0,0.0
2026-04-07 09:50:00,FWZ.V,,4.440000057220459,4.440000057220459,4.440000057220459,4.440000057220459,600.0
2026-04-07 09:50:00,GG.V,,2.5999999046325684,2.5999999046325684,2.5999999046325684,2.5999999046325684,4900.0
2026-04-07 09:50:00,GSVR.V,,0.5799999833106995,0.5799999833106995,0.5799999833106995,0.5799999833106995,31474.0
2026-04-07 09:50:00,HELI.V,,0.054999999701976776,0.054999999701976776,0.054999999701976776,0.054999999701976776,27000.0
2026-04-07 09:50:00,HITI.V,,3.1700000762939453,3.1700000762939453,3.1700000762939453,3.1700000762939453,7200.0
2026-04-07 09:50:00,HIVE.V,,2.6600000858306885,2.6600000858306885,2.6600000858306885,2.6600000858306885,8500.0
2026-04-07 09:50:00,HSTR.V,,2.299999952316284,2.299999952316284,2.299999952316284,2.299999952316284,275.0
2026-04-07 09:50:00,ICM.V,,0.11999999731779099,0.11999999731779099,0.11999999731779099,0.11999999731779099,500.0
2026-04-07 09:50:00,LG.V,,0.33000001311302185,0.33000001311302185,0.33000001311302185,0.33000001311302185,39810.0
2026-04-07 09:50:00,MKO.V,,8.720000267028809,8.720000267028809,8.720000267028809,8.720000267028809,370.0
2026-04-07 09:50:00,NURS.V,,3.0999999046325684,3.0999999046325684,3.0999999046325684,3.0999999046325684,1200.0
2026-04-07 09:50:00,PNG.V,,8.40999984741211,8.420000076293945,8.380000114440918,8.420000076293945,1735.0
2026-04-07 09:51:00,GSTM.V,,0.19499999284744263,0.19499999284744263,0.19499999284744263,0.19499999284744263,10000.0
2026-04-07 09:51:00,HELI.V,,0.05000000074505806,0.05000000074505806,0.05000000074505806,0.05000000074505806,741000.0
2026-04-07 09:51:00,HI.V,,0.15000000596046448,0.15000000596046448,0.15000000596046448,0.15000000596046448,30500.0
2026-04-07 09:51:00,ITR.V,,3.950000047683716,3.950000047683716,3.950000047683716,3.950000047683716,750.0
2026-04-07 09:51:00,KTN.V,,1.3600000143051147,1.3600000143051147,1.350000023841858,1.350000023841858,3900.0
2026-04-07 09:51:00,LMN.V,,22.6200008392334,22.6200008392334,22.6200008392334,22.6200008392334,100.0
2026-04-07 09:51:00,MCS.V,,2.0899999141693115,2.0899999141693115,2.009999990463257,2.009999990463257,1170.0
2026-04-07 09:51:00,MLP.V,,1.899999976158142,1.899999976158142,1.899999976158142,1.899999976158142,6200.0
2026-04-07 09:51:00,NICU.V,,2.119999885559082,2.119999885559082,2.119999885559082,2.119999885559082,900.0
2026-04-07 09:51:00,NURS.V,,3.0999999046325684,3.0999999046325684,3.0999999046325684,3.0999999046325684,3000.0
2026-04-07 09:51:00,PNG.V,,8.430000305175781,8.430000305175781,8.430000305175781,8.430000305175781,1000.0
2026-04-07 09:52:00,GMG.V,,2.200000047683716,2.2200000286102295,2.200000047683716,2.2200000286102295,5700.0
2026-04-07 09:52:00,GPH.V,,1.2400000095367432,1.2599999904632568,1.2400000095367432,1.2599999904632568,12550.0
2026-04-07 09:52:00,HSTR.V,,2.299999952316284,2.299999952316284,2.2950000762939453,2.2950000762939453,900.0
2026-04-07 09:52:00,ITR.V,,3.940000057220459,3.940000057220459,3.940000057220459,3.940000057220459,400.0
2026-04-07 09:52:00,KTN.V,,1.3550000190734863,1.3550000190734863,1.3550000190734863,1.3550000190734863,1200.0
2026-04-07 09:52:00,LCX.V,,2.009999990463257,2.009999990463257,2.009999990463257,2.009999990463257,100.0
2026-04-07 09:52:00,LMG.V,,0.6000000238418579,0.6000000238418579,0.6000000238418579,0.6000000238418579,1791.0
2026-04-07 09:52:00,LMN.V,,22.6200008392334,22.6200008392334,22.6200008392334,22.6200008392334,100.0
2026-04-07 09:52:00,MCS.V,,2.140000104904175,2.140000104904175,2.140000104904175,2.140000104904175,300.0
2026-04-07 09:52:00,MKO.V,,8.680000305175781,8.680000305175781,8.680000305175781,8.680000305175781,150.0
2026-04-07 09:52:00,PNG.V,,8.460000038146973,8.460000038146973,8.430000305175781,8.430000305175781,900.0
2026-04-07 09:52:00,ROAR.V,,0.20499999821186066,0.20499999821186066,0.20499999821186066,0.20499999821186066,1000.0
2026-04-07 09:53:00,GPH.V,,1.2300000190734863,1.2400000095367432,1.2300000190734863,1.2400000095367432,13000.0
2026-04-07 09:53:00,HELI.V,,0.05000000074505806,0.05000000074505806,0.05000000074505806,0.05000000074505806,65000.0
2026-04-07 09:53:00,HI.V,,0.15000000596046448,0.15000000596046448,0.15000000596046448,0.15000000596046448,9000.0
2026-04-07 09:53:00,HIVE.V,,2.6600000858306885,2.6600000858306885,2.6600000858306885,2.6600000858306885,7900.0
2026-04-07 09:53:00,HME.V,,2.8299999237060547,2.8299999237060547,2.8299999237060547,2.8299999237060547,400.0
2026-04-07 09:53:00,ITR.V,,3.940000057220459,3.940000057220459,3.940000057220459,3.940000057220459,100.0
2026-04-07 09:53:00,LCX.V,,2.0199999809265137,2.0199999809265137,2.0199999809265137,2.0199999809265137,3900.0
2026-04-07 09:53:00,LG.V,,0.33000001311302185,0.33000001311302185,0.33000001311302185,0.33000001311302185,5000.0
2026-04-07 09:53:00,NURS.V,,3.069999933242798,3.069999933242798,3.069999933242798,3.069999933242798,1000.0
2026-04-07 09:53:00,PNG.V,,8.430000305175781,8.430000305175781,8.430000305175781,8.430000305175781,502.0
2026-04-07 09:54:00,EQTY.V,,0.2800000011920929,0.2800000011920929,0.2800000011920929,0.2800000011920929,2000.0
2026-04-07 09:54:00,FMS.V,,0.3400000035762787,0.3400000035762787,0.3400000035762787,0.3400000035762787,20500.0
2026-04-07 09:54:00,FO.V,,0.38499999046325684,0.38499999046325684,0.38499999046325684,0.38499999046325684,500.0
2026-04-07 09:54:00,GLAD.V,,1.1699999570846558,1.2000000476837158,1.1699999570846558,1.2000000476837158,8000.0
2026-04-07 09:54:00,GMG.V,,2.190000057220459,2.200000047683716,2.190000057220459,2.200000047683716,4700.0
2026-04-07 09:54:00,GPH.V,,1.2100000381469727,1.2300000190734863,1.2100000381469727,1.2300000190734863,28038.0
2026-04-07 09:54:00,GQC.V,,2.299999952316284,2.299999952316284,2.299999952316284,2.299999952316284,200.0
2026-04-07 09:54:00,GRSL.V,,0.3100000023841858,0.3100000023841858,0.3050000071525574,0.3050000071525574,3941.0
2026-04-07 09:54:00,GWM.V,,0.6200000047683716,0.6200000047683716,0.6200000047683716,0.6200000047683716,22822.0
2026-04-07 09:54:00,HEVI.V,,0.2549999952316284,0.2549999952316284,0.2549999952316284,0.2549999952316284,9000.0
2026-04-07 09:54:00,HI.V,,0.1550000011920929,0.1550000011920929,0.1550000011920929,0.1550000011920929,8000.0
2026-04-07 09:54:00,HIVE.V,,2.6600000858306885,2.6600000858306885,2.6600000858306885,2.6600000858306885,300.0
2026-04-07 09:54:00,HSTR.V,,2.2950000762939453,2.299999952316284,2.2950000762939453,2.299999952316284,5800.0
2026-04-07 09:54:00,IFOS.V,,3.75,3.75,3.75,3.75,200.0
2026-04-07 09:54:00,KNG.V,,1.2200000286102295,1.2200000286102295,1.2200000286102295,1.2200000286102295,500.0
2026-04-07 09:54:00,LMN.V,,22.790000915527344,22.790000915527344,22.700000762939453,22.700000762939453,1100.0
2026-04-07 09:54:00,MLP.V,,1.8899999856948853,1.8899999856948853,1.8899999856948853,1.8899999856948853,200.0
2026-04-07 09:54:00,PNG.V,,8.489999771118164,8.489999771118164,8.460000038146973,8.460000038146973,1100.0
2026-04-07 09:55:00,GEN.V,,0.05999999865889549,0.05999999865889549,0.05999999865889549,0.05999999865889549,0.0
2026-04-07 09:55:00,GOT.V,,1.6100000143051147,1.6100000143051147,1.6100000143051147,1.6100000143051147,1600.0
2026-04-07 09:55:00,GQC.V,,2.299999952316284,2.299999952316284,2.299999952316284,2.299999952316284,400.0
2026-04-07 09:55:00,GSVR.V,,0.5899999737739563,0.5899999737739563,0.5899999737739563,0.5899999737739563,72000.0
2026-04-07 09:55:00,HIVE.V,,2.6700000762939453,2.6700000762939453,2.6700000762939453,2.6700000762939453,3000.0
2026-04-07 09:55:00,HME.V,,2.819999933242798,2.819999933242798,2.819999933242798,2.819999933242798,513.0
2026-04-07 09:55:00,HSTR.V,,2.305000066757202,2.309999942779541,2.299999952316284,2.299999952316284,900.0
2026-04-07 09:55:00,IPT.V,,0.23000000417232513,0.23000000417232513,0.23000000417232513,0.23000000417232513,71560.0
2026-04-07 09:55:00,ITR.V,,3.9700000286102295,3.9700000286102295,3.9700000286102295,3.9700000286102295,200.0
2026-04-07 09:55:00,KTN.V,,1.3600000143051147,1.3600000143051147,1.3600000143051147,1.3600000143051147,100.0
2026-04-07 09:55:00,LTH.V,,1.3300000429153442,1.3300000429153442,1.3300000429153442,1.3300000429153442,100.0
2026-04-07 09:55:00,LUCA.V,,1.3650000095367432,1.3700000047683716,1.3650000095367432,1.3700000047683716,1900.0
2026-04-07 09:55:00,NICU.V,,2.109999895095825,2.130000114440918,2.109999895095825,2.130000114440918,3321.0
2026-04-07 09:56:00,GPH.V,,1.2200000286102295,1.2200000286102295,1.2200000286102295,1.2200000286102295,100.0
2026-04-07 09:56:00,GQC.V,,2.299999952316284,2.299999952316284,2.299999952316284,2.299999952316284,400.0
2026-04-07 09:56:00,GSVR.V,,0.5899999737739563,0.5899999737739563,0.5899999737739563,0.5899999737739563,22590.0
2026-04-07 09:56:00,HITI.V,,3.190000057220459,3.190000057220459,3.190000057220459,3.190000057220459,100.0
2026-04-07 09:56:00,HIVE.V,,2.6500000953674316,2.6600000858306885,2.6500000953674316,2.6600000858306885,63927.0
2026-04-07 09:56:00,HME.V,,2.809999942779541,2.809999942779541,2.809999942779541,2.809999942779541,801.0
2026-04-07 09:56:00,HSTR.V,,2.299999952316284,2.299999952316284,2.299999952316284,2.299999952316284,500.0
2026-04-07 09:56:00,IFOS.V,,3.75,3.75,3.75,3.75,150.0
2026-04-07 09:56:00,IPT.V,,0.23000000417232513,0.23000000417232513,0.23000000417232513,0.23000000417232513,500.0
2026-04-07 09:56:00,ITR.V,,3.9600000381469727,3.9600000381469727,3.9600000381469727,3.9600000381469727,705.0
2026-04-07 09:56:00,KTN.V,,1.350000023841858,1.3600000143051147,1.350000023841858,1.3600000143051147,2300.0
2026-04-07 09:56:00,LG.V,,0.33000001311302185,0.33000001311302185,0.33000001311302185,0.33000001311302185,10000.0
2026-04-07 09:56:00,LSL.V,,0.38999998569488525,0.38999998569488525,0.38999998569488525,0.38999998569488525,0.0
2026-04-07 09:56:00,MKO.V,,8.6899995803833,8.725000381469727,8.6899995803833,8.725000381469727,300.0
2026-04-07 09:56:00,NICU.V,,2.109999895095825,2.109999895095825,2.109999895095825,2.109999895095825,2000.0
2026-04-07 09:56:00,PNG.V,,8.4399995803833,8.460000038146973,8.430000305175781,8.460000038146973,1921.0
2026-04-07 09:57:00,BIG.V,,0.6800000071525574,0.6800000071525574,0.6800000071525574,0.6800000071525574,3000.0
2026-04-07 09:57:00,EMM.V,,0.07999999821186066,0.07999999821186066,0.07999999821186066,0.07999999821186066,25000.0
2026-04-07 09:57:00,FRED.V,,0.550000011920929,0.550000011920929,0.550000011920929,0.550000011920929,21090.0
2026-04-07 09:57:00,GG.V,,2.569999933242798,2.569999933242798,2.569999933242798,2.569999933242798,400.0
2026-04-07 09:57:00,GQC.V,,2.299999952316284,2.299999952316284,2.299999952316284,2.299999952316284,200.0
2026-04-07 09:57:00,GSVR.V,,0.5899999737739563,0.5899999737739563,0.5899999737739563,0.5899999737739563,24830.0
2026-04-07 09:57:00,HITI.V,,3.180000066757202,3.180000066757202,3.180000066757202,3.180000066757202,300.0
2026-04-07 09:57:00,HIVE.V,,2.6500000953674316,2.6500000953674316,2.6500000953674316,2.6500000953674316,1100.0
2026-04-07 09:57:00,HME.V,,2.799999952316284,2.799999952316284,2.799999952316284,2.799999952316284,280.0
2026-04-07 09:57:00,HSTR.V,,2.2950000762939453,2.2950000762939453,2.2950000762939453,2.2950000762939453,100.0
2026-04-07 09:57:00,IPT.V,,0.23000000417232513,0.23000000417232513,0.22499999403953552,0.22499999403953552,197450.0
2026-04-07 09:57:00,LSL.V,,0.38999998569488525,0.38999998569488525,0.38999998569488525,0.38999998569488525,20500.0
2026-04-07 09:57:00,MKO.V,,8.6899995803833,8.6899995803833,8.6899995803833,8.6899995803833,700.0
2026-04-07 09:57:00,PNG.V,,8.40999984741211,8.40999984741211,8.40999984741211,8.40999984741211,434.0
2026-04-07 09:58:00,BIG.V,,0.6800000071525574,0.6800000071525574,0.6800000071525574,0.6800000071525574,1000.0
2026-04-07 09:58:00,GG.V,,2.569999933242798,2.569999933242798,2.569999933242798,2.569999933242798,436.0
2026-04-07 09:58:00,GMG.V,,2.2200000286102295,2.2200000286102295,2.2200000286102295,2.2200000286102295,1000.0
2026-04-07 09:58:00,GPAC.V,,0.4449999928474426,0.4449999928474426,0.4449999928474426,0.4449999928474426,3000.0
2026-04-07 09:58:00,GPH.V,,1.2200000286102295,1.2200000286102295,1.2200000286102295,1.2200000286102295,1000.0
2026-04-07 09:58:00,GQC.V,,2.299999952316284,2.299999952316284,2.299999952316284,2.299999952316284,1400.0
2026-04-07 09:58:00,GSVR.V,,0.5899999737739563,0.5899999737739563,0.5899999737739563,0.5899999737739563,3500.0
2026-04-07 09:58:00,HME.V,,2.809999942779541,2.809999942779541,2.799999952316284,2.799999952316284,2700.0
2026-04-07 09:58:00,HMR.V,,0.8500000238418579,0.8500000238418579,0.8500000238418579,0.8500000238418579,2050.0
2026-04-07 09:58:00,HSTR.V,,2.2899999618530273,2.2899999618530273,2.2899999618530273,2.2899999618530273,2600.0
2026-04-07 09:58:00,IFOS.V,,3.7300000190734863,3.740000009536743,3.7300000190734863,3.740000009536743,2100.0
2026-04-07 09:58:00,LG.V,,0.33000001311302185,0.33000001311302185,0.33000001311302185,0.33000001311302185,5000.0
2026-04-07 09:58:00,LGN.V,,0.9700000286102295,0.9700000286102295,0.9700000286102295,0.9700000286102295,12500.0
2026-04-07 09:58:00,LVG.V,,0.3199999928474426,0.3199999928474426,0.3199999928474426,0.3199999928474426,4000.0
2026-04-07 09:58:00,MFG.V,,4.300000190734863,4.300000190734863,4.300000190734863,4.300000190734863,338.0
2026-04-07 09:58:00,NICU.V,,2.0999999046325684,2.0999999046325684,2.0999999046325684,2.0999999046325684,600.0
2026-04-07 09:58:00,PNG.V,,8.430000305175781,8.430000305175781,8.399999618530273,8.399999618530273,4600.0
2026-04-07 09:59:00,AUEN.V,,0.27000001072883606,0.27000001072883606,0.27000001072883606,0.27000001072883606,2000.0
2026-04-07 09:59:00,FDR.V,,3.6700000762939453,3.680000066757202,3.6700000762939453,3.680000066757202,600.0
2026-04-07 09:59:00,FWZ.V,,4.420000076293945,4.440000057220459,4.420000076293945,4.440000057220459,765.0
2026-04-07 09:59:00,GMG.V,,2.180000066757202,2.2100000381469727,2.180000066757202,2.2100000381469727,6000.0
2026-04-07 09:59:00,GPH.V,,1.2200000286102295,1.2200000286102295,1.2200000286102295,1.2200000286102295,1000.0
2026-04-07 09:59:00,GQC.V,,2.2899999618530273,2.299999952316284,2.2899999618530273,2.299999952316284,7500.0
2026-04-07 09:59:00,GSVR.V,,0.5899999737739563,0.5899999737739563,0.5899999737739563,0.5899999737739563,6500.0
2026-04-07 09:59:00,HI.V,,0.1550000011920929,0.1550000011920929,0.1550000011920929,0.1550000011920929,19000.0
2026-04-07 09:59:00,HME.V,,2.809999942779541,2.809999942779541,2.809999942779541,2.809999942779541,1500.0
2026-04-07 09:59:00,HSTR.V,,2.2899999618530273,2.2899999618530273,2.2899999618530273,2.2899999618530273,800.0
2026-04-07 09:59:00,KC.V,,0.33000001311302185,0.33000001311302185,0.3100000023841858,0.3100000023841858,11000.0
2026-04-07 09:59:00,LG.V,,0.33500000834465027,0.33500000834465027,0.33000001311302185,0.33000001311302185,31000.0
2026-04-07 09:59:00,LGC.V,,1.9800000190734863,1.9800000190734863,1.9800000190734863,1.9800000190734863,1200.0
2026-04-07 09:59:00,LGN.V,,0.9700000286102295,0.9700000286102295,0.9700000286102295,0.9700000286102295,3000.0
2026-04-07 09:59:00,LMN.V,,22.729999542236328,22.81999969482422,22.729999542236328,22.81999969482422,200.0
2026-04-07 09:59:00,LUCA.V,,1.3550000190734863,1.3650000095367432,1.3550000190734863,1.3650000095367432,500.0
2026-04-07 09:59:00,MLP.V,,1.8899999856948853,1.8899999856948853,1.8799999952316284,1.8799999952316284,500.0
2026-04-07 09:59:00,MMG.V,,0.30000001192092896,0.30000001192092896,0.30000001192092896,0.30000001192092896,12000.0
2026-04-07 09:59:00,MTA.V,,9.149999618530273,9.149999618530273,9.149999618530273,9.149999618530273,1305.0
2026-04-07 09:59:00,PNG.V,,8.390000343322754,8.390000343322754,8.390000343322754,8.390000343322754,400.0
2026-04-07 10:00:00,EQTY.V,,0.2800000011920929,0.2800000011920929,0.2800000011920929,0.2800000011920929,107910.0
2026-04-07 10:00:00,FWZ.V,,4.480000019073486,4.480000019073486,4.429999828338623,4.429999828338623,3800.0
2026-04-07 10:00:00,GOT.V,,1.600000023841858,1.600000023841858,1.600000023841858,1.600000023841858,20525.0
2026-04-07 10:00:00,GQC.V,,2.2899999618530273,2.2899999618530273,2.2899999618530273,2.2899999618530273,600.0
2026-04-07 10:00:00,GRSL.V,,0.3050000071525574,0.3050000071525574,0.3050000071525574,0.3050000071525574,30000.0
2026-04-07 10:00:00,GSI.V,,1.2899999618530273,1.2899999618530273,1.2899999618530273,1.2899999618530273,900.0
2026-04-07 10:00:00,HIVE.V,,2.630000114440918,2.640000104904175,2.630000114440918,2.640000104904175,14748.0
2026-04-07 10:00:00,ICM.V,,0.11999999731779099,0.11999999731779099,0.11999999731779099,0.11999999731779099,3000.0
2026-04-07 10:00:00,LMN.V,,22.729999542236328,22.729999542236328,22.729999542236328,22.729999542236328,100.0
2026-04-07 10:00:00,NICU.V,,2.0999999046325684,2.0999999046325684,2.0999999046325684,2.0999999046325684,1304.0
2026-04-07 10:00:00,PNG.V,,8.369999885559082,8.399999618530273,8.34000015258789,8.380000114440918,7983.0
2026-04-07 10:01:00,BIG.V,,0.6700000166893005,0.6700000166893005,0.6600000262260437,0.6700000166893005,33000.0
2026-04-07 10:01:00,FDR.V,,3.6700000762939453,3.6700000762939453,3.6600000858306885,3.6700000762939453,1000.0
2026-04-07 10:01:00,FMAN.V,,0.3149999976158142,0.3149999976158142,0.3149999976158142,0.3149999976158142,0.0
2026-04-07 10:01:00,GOT.V,,1.590000033378601,1.600000023841858,1.590000033378601,1.600000023841858,2605.0
2026-04-07 10:01:00,GPH.V,,1.2200000286102295,1.2200000286102295,1.2200000286102295,1.2200000286102295,5000.0
2026-04-07 10:01:00,GQC.V,,2.2699999809265137,2.2899999618530273,2.2699999809265137,2.2899999618530273,5000.0
2026-04-07 10:01:00,GRSL.V,,0.3050000071525574,0.3050000071525574,0.3050000071525574,0.3050000071525574,3000.0
2026-04-07 10:01:00,GSI.V,,1.25,1.2799999713897705,1.25,1.2799999713897705,18045.0
2026-04-07 10:01:00,GWM.V,,0.6100000143051147,0.6100000143051147,0.6100000143051147,0.6100000143051147,7000.0
2026-04-07 10:01:00,HEVI.V,,0.2549999952316284,0.2549999952316284,0.2549999952316284,0.2549999952316284,1000.0
2026-04-07 10:01:00,HITI.V,,3.190000057220459,3.190000057220459,3.190000057220459,3.190000057220459,500.0
2026-04-07 10:01:00,HIVE.V,,2.609999895095825,2.619999885559082,2.609999895095825,2.619999885559082,6385.0
2026-04-07 10:01:00,HME.V,,2.819999933242798,2.8299999237060547,2.819999933242798,2.819999933242798,2000.0
2026-04-07 10:01:00,ITR.V,,3.9200000762939453,3.9200000762939453,3.9200000762939453,3.9200000762939453,1100.0
2026-04-07 10:01:00,KRY.V,,3.240000009536743,3.240000009536743,3.2200000286102295,3.2200000286102295,1000.0
2026-04-07 10:01:00,KTN.V,,1.340000033378601,1.350000023841858,1.340000033378601,1.350000023841858,8648.0
2026-04-07 10:01:00,LGC.V,,1.9800000190734863,1.9800000190734863,1.9800000190734863,1.9800000190734863,600.0
2026-04-07 10:01:00,LMN.V,,22.700000762939453,22.700000762939453,22.700000762939453,22.700000762939453,100.0
2026-04-07 10:01:00,LTH.V,,1.3200000524520874,1.3250000476837158,1.3200000524520874,1.3250000476837158,12000.0
2026-04-07 10:01:00,LUCA.V,,1.350000023841858,1.350000023841858,1.350000023841858,1.350000023841858,6700.0
2026-04-07 10:01:00,MGM.V,,2.319999933242798,2.319999933242798,2.319999933242798,2.319999933242798,4100.0
2026-04-07 10:01:00,MKO.V,,8.649999618530273,8.649999618530273,8.649999618530273,8.649999618530273,300.0
2026-04-07 10:01:00,MLP.V,,1.8700000047683716,1.8700000047683716,1.8700000047683716,1.8700000047683716,3100.0
2026-04-07 10:01:00,NICU.V,,2.0799999237060547,2.0899999141693115,2.0799999237060547,2.0899999141693115,24000.0
2026-04-07 10:01:00,NURS.V,,3.059999942779541,3.059999942779541,3.059999942779541,3.059999942779541,100.0
2026-04-07 10:01:00,PNG.V,,8.350000381469727,8.350000381469727,8.34000015258789,8.34000015258789,3797.0
2026-04-07 10:01:00,ZNG.V,,1.0199999809265137,1.0299999713897705,1.0199999809265137,1.0299999713897705,1590.0
2026-04-07 10:02:00,EQTY.V,,0.2800000011920929,0.2800000011920929,0.2800000011920929,0.2800000011920929,5000.0
2026-04-07 10:02:00,FMAN.V,,0.3149999976158142,0.3149999976158142,0.3149999976158142,0.3149999976158142,500.0
2026-04-07 10:02:00,FPC.V,,0.375,0.375,0.375,0.375,500.0
2026-04-07 10:02:00,FUU.V,,0.17499999701976776,0.17499999701976776,0.17499999701976776,0.17499999701976776,500.0
2026-04-07 10:02:00,FWZ.V,,4.420000076293945,4.420000076293945,4.420000076293945,4.420000076293945,500.0
2026-04-07 10:02:00,GG.V,,2.549999952316284,2.559999942779541,2.549999952316284,2.559999942779541,1100.0
2026-04-07 10:02:00,GOT.V,,1.590000033378601,1.590000033378601,1.590000033378601,1.590000033378601,100.0
2026-04-07 10:02:00,GQC.V,,2.2699999809265137,2.2699999809265137,2.2699999809265137,2.2699999809265137,100.0
2026-04-07 10:02:00,HIVE.V,,2.619999885559082,2.619999885559082,2.619999885559082,2.619999885559082,7500.0
2026-04-07 10:02:00,HSTR.V,,2.2699999809265137,2.2699999809265137,2.2699999809265137,2.2699999809265137,23648.0
2026-04-07 10:02:00,ITR.V,,3.9000000953674316,3.9000000953674316,3.9000000953674316,3.9000000953674316,5451.0
2026-04-07 10:02:00,KNG.V,,1.2300000190734863,1.2300000190734863,1.2300000190734863,1.2300000190734863,100.0
2026-04-07 10:02:00,KRI.V,,0.3100000023841858,0.3199999928474426,0.3100000023841858,0.3199999928474426,0.0
2026-04-07 10:02:00,KTN.V,,1.3300000429153442,1.340000033378601,1.3300000429153442,1.340000033378601,1700.0
2026-04-07 10:02:00,LCX.V,,2.0199999809265137,2.0199999809265137,2.0199999809265137,2.0199999809265137,5940.0
2026-04-07 10:02:00,LIO.V,,0.24500000476837158,0.24500000476837158,0.24500000476837158,0.24500000476837158,8000.0
2026-04-07 10:02:00,MKO.V,,8.609999656677246,8.609999656677246,8.609999656677246,8.609999656677246,300.0
2026-04-07 10:02:00,TUF.V,,0.24500000476837158,0.25,0.24500000476837158,0.25,84500.0
2026-04-07 10:03:00,EQTY.V,,0.2750000059604645,0.2750000059604645,0.2750000059604645,0.2750000059604645,8500.0
2026-04-07 10:03:00,FDR.V,,3.6500000953674316,3.6500000953674316,3.6500000953674316,3.6500000953674316,2620.0
2026-04-07 10:03:00,FMAN.V,,0.3149999976158142,0.3149999976158142,0.3149999976158142,0.3149999976158142,500.0
2026-04-07 10:03:00,FWZ.V,,4.400000095367432,4.400000095367432,4.400000095367432,4.400000095367432,4600.0
2026-04-07 10:03:00,GG.V,,2.5399999618530273,2.549999952316284,2.5,2.549999952316284,16200.0
2026-04-07 10:03:00,GGO.V,,0.9599999785423279,0.9700000286102295,0.949999988079071,0.9700000286102295,34175.0
2026-04-07 10:03:00,HIVE.V,,2.619999885559082,2.619999885559082,2.619999885559082,2.619999885559082,5000.0
2026-04-07 10:03:00,IFOS.V,,3.740000009536743,3.740000009536743,3.740000009536743,3.740000009536743,400.0
2026-04-07 10:03:00,KNG.V,,1.2200000286102295,1.2300000190734863,1.2200000286102295,1.2300000190734863,200.0
2026-04-07 10:03:00,KRI.V,,0.3050000071525574,0.3050000071525574,0.3050000071525574,0.3050000071525574,7000.0
2026-04-07 10:03:00,KTN.V,,1.340000033378601,1.340000033378601,1.340000033378601,1.340000033378601,4300.0
2026-04-07 10:03:00,LMN.V,,22.719999313354492,22.719999313354492,22.68000030517578,22.68000030517578,400.0
2026-04-07 10:03:00,LVG.V,,0.3149999976158142,0.3149999976158142,0.3149999976158142,0.3149999976158142,79875.0
2026-04-07 10:03:00,MKO.V,,8.539999961853027,8.609999656677246,8.539999961853027,8.609999656677246,1150.0
2026-04-07 10:03:00,MLP.V,,1.8799999952316284,1.8799999952316284,1.8700000047683716,1.8700000047683716,1250.0
2026-04-07 10:03:00,PNG.V,,8.350000381469727,8.350000381469727,8.34000015258789,8.34000015258789,3265.0
2026-04-07 10:03:00,ROAR.V,,0.20499999821186066,0.20499999821186066,0.20499999821186066,0.20499999821186066,9000.0
2026-04-07 10:03:00,TUF.V,,0.23999999463558197,0.23999999463558197,0.23999999463558197,0.23999999463558197,3500.0
2026-04-07 10:04:00,EMN.V,,0.16500000655651093,0.16500000655651093,0.16500000655651093,0.16500000655651093,2500.0
2026-04-07 10:04:00,EQTY.V,,0.2750000059604645,0.2750000059604645,0.2750000059604645,0.2750000059604645,500.0
2026-04-07 10:04:00,FDR.V,,3.6500000953674316,3.6600000858306885,3.6500000953674316,3.6600000858306885,1000.0
2026-04-07 10:04:00,FUU.V,,0.17499999701976776,0.17499999701976776,0.17499999701976776,0.17499999701976776,500.0
2026-04-07 10:04:00,GMG.V,,2.1500000953674316,2.190000057220459,2.1500000953674316,2.190000057220459,8100.0
2026-04-07 10:04:00,GPH.V,,1.2200000286102295,1.2200000286102295,1.2200000286102295,1.2200000286102295,1000.0
2026-04-07 10:04:00,GRSL.V,,0.3050000071525574,0.3050000071525574,0.3050000071525574,0.3050000071525574,6500.0
2026-04-07 10:04:00,HEVI.V,,0.2549999952316284,0.2549999952316284,0.2549999952316284,0.2549999952316284,33044.0
2026-04-07 10:04:00,HIVE.V,,2.619999885559082,2.619999885559082,2.619999885559082,2.619999885559082,15013.0
2026-04-07 10:04:00,HSTR.V,,2.259999990463257,2.259999990463257,2.259999990463257,2.259999990463257,3400.0
2026-04-07 10:04:00,IFOS.V,,3.7300000190734863,3.7300000190734863,3.7300000190734863,3.7300000190734863,2000.0
2026-04-07 10:04:00,LGN.V,,0.9700000286102295,0.9700000286102295,0.9700000286102295,0.9700000286102295,11000.0
2026-04-07 10:04:00,LQWD.V,,0.9700000286102295,0.9700000286102295,0.9700000286102295,0.9700000286102295,3000.0
2026-04-07 10:04:00,LUCA.V,,1.3350000381469727,1.340000033378601,1.3350000381469727,1.340000033378601,200.0
2026-04-07 10:04:00,MKO.V,,8.5600004196167,8.5600004196167,8.5600004196167,8.5600004196167,200.0
2026-04-07 10:04:00,NICU.V,,2.0799999237060547,2.0799999237060547,2.0799999237060547,2.0799999237060547,1000.0
2026-04-07 10:05:00,EVNI.V,,0.2199999988079071,0.2199999988079071,0.2199999988079071,0.2199999988079071,0.0
2026-04-07 10:05:00,FDR.V,,3.6500000953674316,3.6600000858306885,3.6500000953674316,3.6600000858306885,300.0
2026-04-07 10:05:00,FRED.V,,0.550000011920929,0.550000011920929,0.550000011920929,0.550000011920929,1000.0
2026-04-07 10:05:00,GLAD.V,,1.190000057220459,1.190000057220459,1.1799999475479126,1.1799999475479126,300.0
2026-04-07 10:05:00,GMG.V,,2.1600000858306885,2.1600000858306885,2.1600000858306885,2.1600000858306885,100.0
2026-04-07 10:05:00,GRZ.V,,5.650000095367432,5.650000095367432,5.650000095367432,5.650000095367432,0.0
2026-04-07 10:05:00,HELI.V,,0.05000000074505806,0.05000000074505806,0.05000000074505806,0.05000000074505806,467000.0
2026-04-07 10:05:00,HITI.V,,3.190000057220459,3.190000057220459,3.180000066757202,3.180000066757202,900.0
2026-04-07 10:05:00,HSTR.V,,2.2699999809265137,2.2699999809265137,2.2699999809265137,2.2699999809265137,700.0
2026-04-07 10:05:00,ITR.V,,3.880000114440918,3.880000114440918,3.880000114440918,3.880000114440918,100.0
2026-04-07 10:05:00,JUGR.V,,1.2999999523162842,1.2999999523162842,1.2999999523162842,1.2999999523162842,1500.0
2026-04-07 10:05:00,KNG.V,,1.159999966621399,1.2000000476837158,1.159999966621399,1.2000000476837158,4460.0
2026-04-07 10:05:00,LG.V,,0.32499998807907104,0.33000001311302185,0.32499998807907104,0.33000001311302185,56176.0
2026-04-07 10:05:00,LQWD.V,,0.9700000286102295,0.9700000286102295,0.9700000286102295,0.9700000286102295,3023.0
2026-04-07 10:05:00,MKO.V,,8.5600004196167,8.5600004196167,8.5600004196167,8.5600004196167,100.0
2026-04-07 10:05:00,MLP.V,,1.850000023841858,1.8700000047683716,1.850000023841858,1.8700000047683716,20450.0
2026-04-07 10:05:00,MMG.V,,0.30000001192092896,0.30000001192092896,0.30000001192092896,0.30000001192092896,18000.0
2026-04-07 10:05:00,NICU.V,,2.0799999237060547,2.0799999237060547,2.0799999237060547,2.0799999237060547,400.0
2026-04-07 10:06:00,FDR.V,,3.6500000953674316,3.6600000858306885,3.6500000953674316,3.6500000953674316,2100.0
2026-04-07 10:06:00,FUU.V,,0.17499999701976776,0.17499999701976776,0.17499999701976776,0.17499999701976776,500.0
2026-04-07 10:06:00,GG.V,,2.5199999809265137,2.5299999713897705,2.5199999809265137,2.5199999809265137,2000.0
2026-04-07 10:06:00,GOT.V,,1.5800000429153442,1.5800000429153442,1.5800000429153442,1.5800000429153442,5100.0
2026-04-07 10:06:00,GSTM.V,,0.19499999284744263,0.19499999284744263,0.19499999284744263,0.19499999284744263,4000.0
2026-04-07 10:06:00,GSVR.V,,0.5799999833106995,0.5799999833106995,0.5799999833106995,0.5799999833106995,105225.0
2026-04-07 10:06:00,GWM.V,,0.6000000238418579,0.6100000143051147,0.6000000238418579,0.6100000143051147,11500.0
2026-04-07 10:06:00,HITI.V,,3.180000066757202,3.190000057220459,3.1600000858306885,3.190000057220459,2700.0
2026-04-07 10:06:00,HIVE.V,,2.609999895095825,2.609999895095825,2.609999895095825,2.609999895095825,5002.0
2026-04-07 10:06:00,HME.V,,2.809999942779541,2.809999942779541,2.809999942779541,2.809999942779541,100.0
2026-04-07 10:06:00,ITR.V,,3.869999885559082,3.869999885559082,3.869999885559082,3.869999885559082,404.0
2026-04-07 10:06:00,KRI.V,,0.30000001192092896,0.30000001192092896,0.30000001192092896,0.30000001192092896,4500.0
2026-04-07 10:06:00,LGC.V,,1.9800000190734863,1.9800000190734863,1.9800000190734863,1.9800000190734863,4600.0
2026-04-07 10:06:00,LIO.V,,0.23999999463558197,0.23999999463558197,0.23999999463558197,0.23999999463558197,26000.0
2026-04-07 10:06:00,LUCA.V,,1.3300000429153442,1.3300000429153442,1.3300000429153442,1.3300000429153442,1000.0
2026-04-07 10:06:00,MGM.V,,2.319999933242798,2.319999933242798,2.319999933242798,2.319999933242798,400.0
2026-04-07 10:06:00,MLP.V,,1.8300000429153442,1.850000023841858,1.8300000429153442,1.850000023841858,35300.0
2026-04-07 10:06:00,MMG.V,,0.28999999165534973,0.29499998688697815,0.28999999165534973,0.29499998688697815,26500.0
2026-04-07 10:06:00,NICU.V,,2.069999933242798,2.0799999237060547,2.069999933242798,2.0799999237060547,200.0
2026-04-07 10:06:00,NURS.V,,3.049999952316284,3.049999952316284,3.049999952316284,3.049999952316284,717.0
2026-04-07 10:06:00,PNG.V,,8.300000190734863,8.34000015258789,8.300000190734863,8.34000015258789,6820.0
2026-04-07 10:07:00,FUU.V,,0.17499999701976776,0.17499999701976776,0.17499999701976776,0.17499999701976776,28000.0
2026-04-07 10:07:00,GOT.V,,1.5700000524520874,1.5700000524520874,1.5700000524520874,1.5700000524520874,200.0
2026-04-07 10:07:00,GPH.V,,1.2200000286102295,1.2200000286102295,1.2200000286102295,1.2200000286102295,400.0
2026-04-07 10:07:00,GQC.V,,2.259999990463257,2.259999990463257,2.259999990463257,2.259999990463257,1300.0
2026-04-07 10:07:00,GRSL.V,,0.30250000953674316,0.30250000953674316,0.30000001192092896,0.30000001192092896,52780.0
2026-04-07 10:07:00,HI.V,,0.1550000011920929,0.1550000011920929,0.1550000011920929,0.1550000011920929,2000.0
2026-04-07 10:07:00,HIVE.V,,2.609999895095825,2.609999895095825,2.609999895095825,2.609999895095825,4000.0
2026-04-07 10:07:00,HSTR.V,,2.2699999809265137,2.2699999809265137,2.259999990463257,2.259999990463257,3755.0
2026-04-07 10:07:00,ITR.V,,3.859999895095825,3.869999885559082,3.859999895095825,3.869999885559082,7716.0
2026-04-07 10:07:00,KTN.V,,1.3300000429153442,1.3300000429153442,1.3300000429153442,1.3300000429153442,23133.0
2026-04-07 10:07:00,LMN.V,,22.799999237060547,22.799999237060547,22.729999542236328,22.790000915527344,1000.0
2026-04-07 10:07:00,LUCA.V,,1.340000033378601,1.340000033378601,1.340000033378601,1.340000033378601,900.0
2026-04-07 10:07:00,MKO.V,,8.539999961853027,8.539999961853027,8.539999961853027,8.539999961853027,8000.0
2026-04-07 10:07:00,MLP.V,,1.840000033378601,1.850000023841858,1.840000033378601,1.840000033378601,14600.0
2026-04-07 10:07:00,NICU.V,,2.069999933242798,2.069999933242798,2.069999933242798,2.069999933242798,15200.0
2026-04-07 10:07:00,PNG.V,,8.289999961853027,8.319999694824219,8.289999961853027,8.289999961853027,1400.0
2026-04-07 10:08:00,BIG.V,,0.6600000262260437,0.6600000262260437,0.6600000262260437,0.6600000262260437,500.0
2026-04-07 10:08:00,EQTY.V,,0.27000001072883606,0.27000001072883606,0.27000001072883606,0.27000001072883606,49699.0
2026-04-07 10:08:00,FRNT.V,,0.20000000298023224,0.20000000298023224,0.20000000298023224,0.20000000298023224,0.0
2026-04-07 10:08:00,FWZ.V,,4.409999847412109,4.409999847412109,4.360000133514404,4.360000133514404,3036.0
2026-04-07 10:08:00,GRSL.V,,0.30000001192092896,0.30000001192092896,0.30000001192092896,0.30000001192092896,13500.0
2026-04-07 10:08:00,GSI.V,,1.2400000095367432,1.2400000095367432,1.2400000095367432,1.2400000095367432,672.0
2026-04-07 10:08:00,GSVR.V,,0.574999988079071,0.574999988079071,0.574999988079071,0.574999988079071,2720.0
2026-04-07 10:08:00,IFOS.V,,3.7100000381469727,3.7200000286102295,3.7100000381469727,3.7200000286102295,2750.0
2026-04-07 10:08:00,ITR.V,,3.869999885559082,3.869999885559082,3.869999885559082,3.869999885559082,200.0
2026-04-07 10:08:00,KRY.V,,3.190000057220459,3.190000057220459,3.190000057220459,3.190000057220459,750.0
2026-04-07 10:08:00,LMN.V,,22.735000610351562,22.799999237060547,22.735000610351562,22.799999237060547,1200.0
2026-04-07 10:08:00,MKO.V,,8.5600004196167,8.5649995803833,8.5600004196167,8.5600004196167,2300.0
2026-04-07 10:08:00,NICU.V,,2.0799999237060547,2.0799999237060547,2.0799999237060547,2.0799999237060547,200.0
2026-04-07 10:08:00,PNG.V,,8.399999618530273,8.399999618530273,8.289999961853027,8.329999923706055,4200.0
2026-04-07 10:09:00,EQTY.V,,0.2750000059604645,0.2750000059604645,0.2750000059604645,0.2750000059604645,44000.0
2026-04-07 10:09:00,FPC.V,,0.36500000953674316,0.3700000047683716,0.36500000953674316,0.3700000047683716,18150.0
2026-04-07 10:09:00,FWZ.V,,4.360000133514404,4.369999885559082,4.360000133514404,4.369999885559082,1592.0
2026-04-07 10:09:00,GEL.V,,0.15000000596046448,0.15000000596046448,0.15000000596046448,0.15000000596046448,0.0
2026-04-07 10:09:00,GG.V,,2.549999952316284,2.549999952316284,2.5399999618530273,2.5399999618530273,3200.0
2026-04-07 10:09:00,HELI.V,,0.05000000074505806,0.05000000074505806,0.05000000074505806,0.05000000074505806,24000.0
2026-04-07 10:09:00,HIVE.V,,2.5999999046325684,2.5999999046325684,2.5999999046325684,2.5999999046325684,14706.0
2026-04-07 10:09:00,HPL.V,,0.10499999672174454,0.10499999672174454,0.10499999672174454,0.10499999672174454,18000.0
2026-04-07 10:09:00,ITR.V,,3.859999895095825,3.859999895095825,3.859999895095825,3.859999895095825,207.0
2026-04-07 10:09:00,KRI.V,,0.30000001192092896,0.30000001192092896,0.30000001192092896,0.30000001192092896,4545.0
2026-04-07 10:09:00,KTN.V,,1.3350000381469727,1.3350000381469727,1.3350000381469727,1.3350000381469727,100.0
2026-04-07 10:09:00,LUCA.V,,1.340000033378601,1.340000033378601,1.340000033378601,1.340000033378601,1100.0
2026-04-07 10:09:00,MKO.V,,8.5600004196167,8.5600004196167,8.5600004196167,8.5600004196167,300.0
2026-04-07 10:09:00,NICU.V,,2.0799999237060547,2.0799999237060547,2.0799999237060547,2.0799999237060547,400.0
2026-04-07 10:09:00,PNG.V,,8.34000015258789,8.359999656677246,8.34000015258789,8.359999656677246,2700.0
2026-04-07 10:10:00,FDR.V,,3.6500000953674316,3.6500000953674316,3.6500000953674316,3.6500000953674316,100.0
2026-04-07 10:10:00,GMA.V,,0.26499998569488525,0.26499998569488525,0.26499998569488525,0.26499998569488525,5000.0
2026-04-07 10:10:00,GSVR.V,,0.5699999928474426,0.5699999928474426,0.5699999928474426,0.5699999928474426,24000.0
2026-04-07 10:10:00,HELI.V,,0.05000000074505806,0.05000000074505806,0.05000000074505806,0.05000000074505806,10000.0
2026-04-07 10:10:00,HIVE.V,,2.5999999046325684,2.5999999046325684,2.5999999046325684,2.5999999046325684,1000.0
2026-04-07 10:10:00,HSTR.V,,2.2699999809265137,2.2699999809265137,2.2699999809265137,2.2699999809265137,500.0
2026-04-07 10:10:00,KTN.V,,1.3350000381469727,1.3350000381469727,1.3350000381469727,1.3350000381469727,1000.0
2026-04-07 10:10:00,LMN.V,,22.670000076293945,22.670000076293945,22.670000076293945,22.670000076293945,100.0
2026-04-07 10:10:00,MLP.V,,1.850000023841858,1.8600000143051147,1.850000023841858,1.850000023841858,12500.0
2026-04-07 10:10:00,PNG.V,,8.380000114440918,8.380000114440918,8.380000114440918,8.380000114440918,607.0
2026-04-07 10:10:00,YGT.V,,0.19499999284744263,0.19499999284744263,0.19499999284744263,0.19499999284744263,34410.0
2026-04-07 10:11:00,GGO.V,,0.949999988079071,0.949999988079071,0.9399999976158142,0.949999988079071,21912.0
2026-04-07 10:11:00,GQC.V,,2.2699999809265137,2.2699999809265137,2.259999990463257,2.2699999809265137,1100.0
2026-04-07 10:11:00,GRSL.V,,0.3050000071525574,0.3050000071525574,0.30250000953674316,0.30250000953674316,8000.0
2026-04-07 10:11:00,HELI.V,,0.05000000074505806,0.05000000074505806,0.05000000074505806,0.05000000074505806,26000.0
2026-04-07 10:11:00,HIVE.V,,2.609999895095825,2.609999895095825,2.609999895095825,2.609999895095825,2300.0
2026-04-07 10:11:00,HME.V,,2.819999933242798,2.819999933242798,2.819999933242798,2.819999933242798,800.0
2026-04-07 10:11:00,HSTR.V,,2.2699999809265137,2.2699999809265137,2.2699999809265137,2.2699999809265137,100.0
2026-04-07 10:11:00,LMN.V,,23.0,23.0,22.799999237060547,22.80500030517578,2015.0
2026-04-07 10:11:00,MKO.V,,8.569999694824219,8.609999656677246,8.569999694824219,8.609999656677246,300.0
2026-04-07 10:11:00,MTX.V,,0.009999999776482582,0.009999999776482582,0.009999999776482582,0.009999999776482582,31000.0
2026-04-07 10:11:00,PNG.V,,8.390000343322754,8.390000343322754,8.369999885559082,8.369999885559082,831.0
2026-04-07 10:12:00,FUU.V,,0.17499999701976776,0.17499999701976776,0.17499999701976776,0.17499999701976776,4500.0
2026-04-07 10:12:00,GGO.V,,0.949999988079071,0.949999988079071,0.949999988079071,0.949999988079071,5800.0
2026-04-07 10:12:00,GSVR.V,,0.5799999833106995,0.5799999833106995,0.5799999833106995,0.5799999833106995,103115.0
2026-04-07 10:12:00,HELI.V,,0.05000000074505806,0.05000000074505806,0.05000000074505806,0.05000000074505806,8000.0
2026-04-07 10:12:00,IFOS.V,,3.700000047683716,3.700000047683716,3.700000047683716,3.700000047683716,14200.0
2026-04-07 10:12:00,ITR.V,,3.869999885559082,3.869999885559082,3.869999885559082,3.869999885559082,1500.0
2026-04-07 10:12:00,KG.V,,0.20000000298023224,0.20000000298023224,0.20000000298023224,0.20000000298023224,0.0
2026-04-07 10:12:00,LVG.V,,0.3100000023841858,0.3100000023841858,0.3100000023841858,0.3100000023841858,26532.0
2026-04-07 10:12:00,MCS.V,,2.1600000858306885,2.1600000858306885,2.1500000953674316,2.1500000953674316,6300.0
2026-04-07 10:12:00,MLP.V,,1.8700000047683716,1.8700000047683716,1.8700000047683716,1.8700000047683716,200.0
2026-04-07 10:12:00,ZNG.V,,1.0299999713897705,1.0299999713897705,1.0299999713897705,1.0299999713897705,2000.0
2026-04-07 10:13:00,GG.V,,2.5199999809265137,2.5299999713897705,2.5199999809265137,2.5199999809265137,1400.0
2026-04-07 10:13:00,GRSL.V,,0.30000001192092896,0.30000001192092896,0.30000001192092896,0.30000001192092896,46000.0
2026-04-07 10:13:00,HELI.V,,0.05000000074505806,0.05000000074505806,0.05000000074505806,0.05000000074505806,8000.0
2026-04-07 10:13:00,HME.V,,2.819999933242798,2.819999933242798,2.819999933242798,2.819999933242798,100.0
2026-04-07 10:13:00,IFOS.V,,3.700000047683716,3.700000047683716,3.700000047683716,3.700000047683716,100.0
2026-04-07 10:13:00,LVG.V,,0.3050000071525574,0.3050000071525574,0.3050000071525574,0.3050000071525574,25200.0
2026-04-07 10:13:00,NURS.V,,3.0299999713897705,3.0299999713897705,3.0299999713897705,3.0299999713897705,164.0
2026-04-07 10:13:00,PNG.V,,8.380000114440918,8.399999618530273,8.369999885559082,8.399999618530273,801.0
2026-04-07 10:14:00,FDR.V,,3.6600000858306885,3.6600000858306885,3.6600000858306885,3.6600000858306885,500.0
2026-04-07 10:14:00,FWZ.V,,4.360000133514404,4.360000133514404,4.360000133514404,4.360000133514404,2600.0
2026-04-07 10:14:00,GG.V,,2.5299999713897705,2.5299999713897705,2.5199999809265137,2.5299999713897705,1300.0
2026-04-07 10:14:00,GMG.V,,2.1500000953674316,2.1500000953674316,2.1500000953674316,2.1500000953674316,500.0
2026-04-07 10:14:00,GRSL.V,,0.30000001192092896,0.30000001192092896,0.30000001192092896,0.30000001192092896,74188.0
2026-04-07 10:14:00,HELI.V,,0.05000000074505806,0.05000000074505806,0.05000000074505806,0.05000000074505806,43000.0
2026-04-07 10:14:00,HIVE.V,,2.619999885559082,2.619999885559082,2.619999885559082,2.619999885559082,300.0
2026-04-07 10:14:00,HSTR.V,,2.2750000953674316,2.2750000953674316,2.2750000953674316,2.2750000953674316,600.0
2026-04-07 10:14:00,ICM.V,,0.11999999731779099,0.11999999731779099,0.11999999731779099,0.11999999731779099,1400.0
2026-04-07 10:14:00,IFOS.V,,3.700000047683716,3.700000047683716,3.700000047683716,3.700000047683716,670.0
2026-04-07 10:14:00,ITR.V,,3.869999885559082,3.869999885559082,3.869999885559082,3.869999885559082,500.0
2026-04-07 10:14:00,LCX.V,,2.0299999713897705,2.0299999713897705,2.0299999713897705,2.0299999713897705,200.0
2026-04-07 10:14:00,LG.V,,0.33000001311302185,0.33000001311302185,0.33000001311302185,0.33000001311302185,19000.0
2026-04-07 10:14:00,NURS.V,,3.009999990463257,3.0199999809265137,3.009999990463257,3.0199999809265137,2400.0
2026-04-07 10:14:00,PNG.V,,8.399999618530273,8.420000076293945,8.380000114440918,8.380000114440918,1700.0
2026-04-07 10:15:00,EQTY.V,,0.2750000059604645,0.2750000059604645,0.2750000059604645,0.2750000059604645,500.0
2026-04-07 10:15:00,FO.V,,0.38499999046325684,0.38499999046325684,0.38499999046325684,0.38499999046325684,500.0
2026-04-07 10:15:00,FWZ.V,,4.360000133514404,4.360000133514404,4.360000133514404,4.360000133514404,700.0
2026-04-07 10:15:00,GOT.V,,1.5800000429153442,1.5800000429153442,1.5800000429153442,1.5800000429153442,428.0
2026-04-07 10:15:00,GPAC.V,,0.4399999976158142,0.4399999976158142,0.4399999976158142,0.4399999976158142,32000.0
2026-04-07 10:15:00,GSVR.V,,0.5699999928474426,0.574999988079071,0.5699999928474426,0.574999988079071,77306.0
2026-04-07 10:15:00,HIVE.V,,2.619999885559082,2.619999885559082,2.619999885559082,2.619999885559082,3012.0
2026-04-07 10:15:00,HSTR.V,,2.2699999809265137,2.2699999809265137,2.2699999809265137,2.2699999809265137,700.0
2026-04-07 10:15:00,KG.V,,0.19499999284744263,0.19499999284744263,0.19499999284744263,0.19499999284744263,4500.0
2026-04-07 10:15:00,LG.V,,0.33000001311302185,0.33000001311302185,0.33000001311302185,0.33000001311302185,5000.0
2026-04-07 10:15:00,MKO.V,,8.600000381469727,8.600000381469727,8.600000381469727,8.600000381469727,100.0
2026-04-07 10:15:00,NICU.V,,2.0799999237060547,2.0799999237060547,2.0799999237060547,2.0799999237060547,300.0
2026-04-07 10:15:00,NURS.V,,3.009999990463257,3.009999990463257,2.950000047683716,3.0,11330.0
2026-04-07 10:15:00,PNG.V,,8.40999984741211,8.420000076293945,8.40999984741211,8.420000076293945,550.0
2026-04-07 10:16:00,GGO.V,,0.9599999785423279,0.9599999785423279,0.9599999785423279,0.9599999785423279,105.0
2026-04-07 10:16:00,GQC.V,,2.299999952316284,2.299999952316284,2.2899999618530273,2.2899999618530273,2800.0
2026-04-07 10:16:00,GRSL.V,,0.30000001192092896,0.30000001192092896,0.30000001192092896,0.30000001192092896,12000.0
2026-04-07 10:16:00,HELI.V,,0.05000000074505806,0.05000000074505806,0.05000000074505806,0.05000000074505806,2500.0
2026-04-07 10:16:00,HITI.V,,3.190000057220459,3.190000057220459,3.190000057220459,3.190000057220459,100.0
2026-04-07 10:16:00,HSTR.V,,2.265000104904175,2.265000104904175,2.265000104904175,2.265000104904175,128.0
2026-04-07 10:16:00,KTN.V,,1.350000023841858,1.350000023841858,1.340000033378601,1.340000033378601,2922.0
2026-04-07 10:16:00,LG.V,,0.33000001311302185,0.33000001311302185,0.33000001311302185,0.33000001311302185,5000.0
2026-04-07 10:16:00,MKO.V,,8.600000381469727,8.600000381469727,8.59000015258789,8.59000015258789,650.0
2026-04-07 10:16:00,NURS.V,,3.0299999713897705,3.0299999713897705,3.009999990463257,3.009999990463257,30400.0
2026-04-07 10:17:00,BIG.V,,0.6600000262260437,0.6600000262260437,0.6600000262260437,0.6600000262260437,14500.0
2026-04-07 10:17:00,FPC.V,,0.3700000047683716,0.3700000047683716,0.3700000047683716,0.3700000047683716,500.0
2026-04-07 10:17:00,FWZ.V,,4.380000114440918,4.380000114440918,4.380000114440918,4.380000114440918,665.0
2026-04-07 10:17:00,GLAD.V,,1.1799999475479126,1.1799999475479126,1.1799999475479126,1.1799999475479126,19900.0
2026-04-07 10:17:00,GQC.V,,2.299999952316284,2.299999952316284,2.299999952316284,2.299999952316284,240.0
2026-04-07 10:17:00,GRSL.V,,0.30000001192092896,0.30000001192092896,0.30000001192092896,0.30000001192092896,42500.0
2026-04-07 10:17:00,HIVE.V,,2.619999885559082,2.619999885559082,2.619999885559082,2.619999885559082,800.0
2026-04-07 10:17:00,HSTR.V,,2.259999990463257,2.259999990463257,2.259999990463257,2.259999990463257,200.0
2026-04-07 10:17:00,IFOS.V,,3.7100000381469727,3.7100000381469727,3.7100000381469727,3.7100000381469727,600.0
2026-04-07 10:17:00,IGO.V,,0.09000000357627869,0.09000000357627869,0.09000000357627869,0.09000000357627869,0.0
2026-04-07 10:17:00,ITR.V,,3.890000104904175,3.890000104904175,3.890000104904175,3.890000104904175,260.0
2026-04-07 10:17:00,LG.V,,0.33000001311302185,0.33000001311302185,0.33000001311302185,0.33000001311302185,10000.0
2026-04-07 10:17:00,NICU.V,,2.0799999237060547,2.0850000381469727,2.0799999237060547,2.0799999237060547,1900.0
2026-04-07 10:17:00,PNG.V,,8.40999984741211,8.40999984741211,8.380000114440918,8.40999984741211,1500.0
2026-04-07 10:18:00,BIG.V,,0.6499999761581421,0.6600000262260437,0.6499999761581421,0.6600000262260437,50788.0
2026-04-07 10:18:00,GOT.V,,1.5800000429153442,1.5800000429153442,1.5800000429153442,1.5800000429153442,1100.0
2026-04-07 10:18:00,GSI.V,,1.25,1.25,1.25,1.25,800.0
2026-04-07 10:18:00,HAM.V,,4.860000133514404,4.860000133514404,4.860000133514404,4.860000133514404,0.0
2026-04-07 10:18:00,HITI.V,,3.190000057220459,3.190000057220459,3.190000057220459,3.190000057220459,1000.0
2026-04-07 10:18:00,HIVE.V,,2.619999885559082,2.619999885559082,2.619999885559082,2.619999885559082,23600.0
2026-04-07 10:18:00,HSTR.V,,2.259999990463257,2.259999990463257,2.259999990463257,2.259999990463257,1700.0
2026-04-07 10:18:00,LG.V,,0.33000001311302185,0.33000001311302185,0.33000001311302185,0.33000001311302185,5000.0
2026-04-07 10:18:00,LGC.V,,1.9600000381469727,1.9600000381469727,1.9600000381469727,1.9600000381469727,600.0
2026-04-07 10:18:00,LIO.V,,0.23999999463558197,0.23999999463558197,0.23999999463558197,0.23999999463558197,2000.0
2026-04-07 10:18:00,LMG.V,,0.5600000023841858,0.5699999928474426,0.5600000023841858,0.5699999928474426,8000.0
2026-04-07 10:18:00,LUCA.V,,1.3350000381469727,1.340000033378601,1.3350000381469727,1.340000033378601,6000.0
2026-04-07 10:18:00,MCS.V,,2.190000057220459,2.190000057220459,2.190000057220459,2.190000057220459,100.0
2026-04-07 10:19:00,EMN.V,,0.17000000178813934,0.17000000178813934,0.17000000178813934,0.17000000178813934,2323.0
2026-04-07 10:19:00,FUU.V,,0.17000000178813934,0.17000000178813934,0.17000000178813934,0.17000000178813934,33500.0
2026-04-07 10:19:00,FWZ.V,,4.389999866485596,4.389999866485596,4.389999866485596,4.389999866485596,100.0
2026-04-07 10:19:00,GSVR.V,,0.5799999833106995,0.5799999833106995,0.5799999833106995,0.5799999833106995,1000.0
2026-04-07 10:19:00,IVX.V,,0.6700000166893005,0.6700000166893005,0.6700000166893005,0.6700000166893005,3000.0
2026-04-07 10:19:00,KGC.V,,0.029999999329447746,0.029999999329447746,0.029999999329447746,0.029999999329447746,10000.0
2026-04-07 10:19:00,KGS.V,,0.11999999731779099,0.11999999731779099,0.11999999731779099,0.11999999731779099,0.0
2026-04-07 10:19:00,LG.V,,0.33000001311302185,0.33000001311302185,0.33000001311302185,0.33000001311302185,5000.0
2026-04-07 10:19:00,LGC.V,,1.9500000476837158,1.9500000476837158,1.9500000476837158,1.9500000476837158,300.0
2026-04-07 10:19:00,LIO.V,,0.23999999463558197,0.23999999463558197,0.23999999463558197,0.23999999463558197,1500.0
2026-04-07 10:19:00,NICU.V,,2.0799999237060547,2.0799999237060547,2.0799999237060547,2.0799999237060547,100.0
2026-04-07 10:20:00,ESK.V,,0.41999998688697815,0.41999998688697815,0.41999998688697815,0.41999998688697815,0.0
2026-04-07 10:20:00,GBML.V,,0.1550000011920929,0.1550000011920929,0.1550000011920929,0.1550000011920929,1000.0
2026-04-07 10:20:00,GG.V,,2.5399999618530273,2.5399999618530273,2.5399999618530273,2.5399999618530273,800.0
2026-04-07 10:20:00,GOT.V,,1.5800000429153442,1.5800000429153442,1.5800000429153442,1.5800000429153442,2600.0
2026-04-07 10:20:00,GPAC.V,,0.4399999976158142,0.4399999976158142,0.4399999976158142,0.4399999976158142,14700.0
2026-04-07 10:20:00,GRSL.V,,0.30000001192092896,0.30000001192092896,0.30000001192092896,0.30000001192092896,7000.0
2026-04-07 10:20:00,HCH.V,,1.2999999523162842,1.2999999523162842,1.2799999713897705,1.2799999713897705,9974.0
2026-04-07 10:20:00,HI.V,,0.15000000596046448,0.15000000596046448,0.15000000596046448,0.15000000596046448,10000.0
2026-04-07 10:20:00,HIVE.V,,2.619999885559082,2.619999885559082,2.619999885559082,2.619999885559082,5850.0
2026-04-07 10:20:00,KTN.V,,1.340000033378601,1.340000033378601,1.340000033378601,1.340000033378601,1200.0
2026-04-07 10:20:00,LUCA.V,,1.340000033378601,1.350000023841858,1.340000033378601,1.340000033378601,4344.0
2026-04-07 10:20:00,MKO.V,,8.630000114440918,8.635000228881836,8.600000381469727,8.635000228881836,900.0
2026-04-07 10:20:00,PNG.V,,8.449999809265137,8.460000038146973,8.40999984741211,8.40999984741211,2100.0
2026-04-07 10:21:00,GG.V,,2.549999952316284,2.549999952316284,2.5399999618530273,2.549999952316284,49000.0
2026-04-07 10:21:00,GMG.V,,2.1600000858306885,2.1600000858306885,2.1600000858306885,2.1600000858306885,100.0
2026-04-07 10:21:00,GQC.V,,2.2799999713897705,2.2799999713897705,2.2799999713897705,2.2799999713897705,100.0
2026-04-07 10:21:00,HIVE.V,,2.630000114440918,2.630000114440918,2.630000114440918,2.630000114440918,1300.0
2026-04-07 10:21:00,HME.V,,2.8299999237060547,2.8299999237060547,2.8299999237060547,2.8299999237060547,200.0
2026-04-07 10:21:00,HSTR.V,,2.2699999809265137,2.2699999809265137,2.2699999809265137,2.2699999809265137,600.0
2026-04-07 10:21:00,JZR.V,,0.2549999952316284,0.2549999952316284,0.2549999952316284,0.2549999952316284,5000.0
2026-04-07 10:21:00,LTH.V,,1.3300000429153442,1.3300000429153442,1.3300000429153442,1.3300000429153442,100.0
2026-04-07 10:21:00,LUCA.V,,1.350000023841858,1.350000023841858,1.350000023841858,1.350000023841858,2200.0
2026-04-07 10:21:00,MLP.V,,1.8799999952316284,1.8799999952316284,1.8700000047683716,1.8700000047683716,6100.0
2026-04-07 10:21:00,NICU.V,,2.0899999141693115,2.0899999141693115,2.0899999141693115,2.0899999141693115,1600.0
2026-04-07 10:21:00,PNG.V,,8.460000038146973,8.460000038146973,8.460000038146973,8.460000038146973,300.0
2026-04-07 10:22:00,HIVE.V,,2.630000114440918,2.630000114440918,2.625,2.625,800.0
2026-04-07 10:22:00,HME.V,,2.8299999237060547,2.8299999237060547,2.8299999237060547,2.8299999237060547,100.0
2026-04-07 10:22:00,MLP.V,,1.8899999856948853,1.8899999856948853,1.8899999856948853,1.8899999856948853,200.0
2026-04-07 10:22:00,PNG.V,,8.460000038146973,8.460000038146973,8.460000038146973,8.460000038146973,100.0
2026-04-07 10:23:00,FWZ.V,,4.360000133514404,4.360000133514404,4.360000133514404,4.360000133514404,700.0
2026-04-07 10:23:00,GG.V,,2.549999952316284,2.549999952316284,2.549999952316284,2.549999952316284,2200.0
2026-04-07 10:23:00,GGO.V,,0.9599999785423279,0.9599999785423279,0.9599999785423279,0.9599999785423279,17900.0
2026-04-07 10:23:00,GRSL.V,,0.3050000071525574,0.3050000071525574,0.3050000071525574,0.3050000071525574,10000.0
2026-04-07 10:23:00,GSI.V,,1.25,1.25,1.25,1.25,800.0
2026-04-07 10:23:00,HIVE.V,,2.640000104904175,2.640000104904175,2.640000104904175,2.640000104904175,200.0
2026-04-07 10:23:00,ITR.V,,3.9000000953674316,3.9100000858306885,3.9000000953674316,3.9100000858306885,1500.0
2026-04-07 10:23:00,LUCA.V,,1.350000023841858,1.350000023841858,1.350000023841858,1.350000023841858,5000.0
2026-04-07 10:23:00,MCS.V,,2.190000057220459,2.190000057220459,2.190000057220459,2.190000057220459,594.0
2026-04-07 10:23:00,MFG.V,,4.269999980926514,4.269999980926514,4.269999980926514,4.269999980926514,7200.0
2026-04-07 10:23:00,NURS.V,,3.0199999809265137,3.0299999713897705,3.0199999809265137,3.0299999713897705,600.0
2026-04-07 10:23:00,PNG.V,,8.420000076293945,8.5,8.420000076293945,8.470000267028809,5653.0
2026-04-07 10:24:00,EQTY.V,,0.2750000059604645,0.2750000059604645,0.2750000059604645,0.2750000059604645,17500.0
2026-04-07 10:24:00,FDR.V,,3.680000066757202,3.680000066757202,3.6700000762939453,3.6700000762939453,400.0
2026-04-07 10:24:00,FWZ.V,,4.400000095367432,4.400000095367432,4.400000095367432,4.400000095367432,500.0
2026-04-07 10:24:00,GMG.V,,2.1700000762939453,2.1700000762939453,2.1700000762939453,2.1700000762939453,130.0
2026-04-07 10:24:00,GOT.V,,1.590000033378601,1.590000033378601,1.590000033378601,1.590000033378601,900.0
2026-04-07 10:24:00,GRSL.V,,0.3050000071525574,0.3050000071525574,0.3050000071525574,0.3050000071525574,6185.0
2026-04-07 10:24:00,GSVR.V,,0.5799999833106995,0.5899999737739563,0.5799999833106995,0.5799999833106995,134339.0
2026-04-07 10:24:00,HIVE.V,,2.640000104904175,2.640000104904175,2.640000104904175,2.640000104904175,600.0
2026-04-07 10:24:00,HSTR.V,,2.2799999713897705,2.2799999713897705,2.2799999713897705,2.2799999713897705,291.0
2026-04-07 10:24:00,IPT.V,,0.22499999403953552,0.22499999403953552,0.22499999403953552,0.22499999403953552,1000.0
2026-04-07 10:24:00,ITR.V,,3.9200000762939453,3.9200000762939453,3.9200000762939453,3.9200000762939453,1600.0
2026-04-07 10:24:00,JEV.V,,0.10000000149011612,0.10000000149011612,0.10000000149011612,0.10000000149011612,0.0
2026-04-07 10:24:00,KGS.V,,0.11999999731779099,0.11999999731779099,0.11999999731779099,0.11999999731779099,56500.0
2026-04-07 10:24:00,KTN.V,,1.350000023841858,1.350000023841858,1.350000023841858,1.350000023841858,100.0
2026-04-07 10:24:00,LTH.V,,1.340000033378601,1.340000033378601,1.3300000429153442,1.3300000429153442,1200.0
2026-04-07 10:24:00,LUCA.V,,1.340000033378601,1.350000023841858,1.340000033378601,1.350000023841858,5000.0
2026-04-07 10:24:00,MCS.V,,2.1600000858306885,2.1600000858306885,2.1600000858306885,2.1600000858306885,300.0
2026-04-07 10:24:00,MLP.V,,1.8799999952316284,1.8799999952316284,1.8799999952316284,1.8799999952316284,4600.0
2026-04-07 10:25:00,FDR.V,,3.6700000762939453,3.680000066757202,3.6700000762939453,3.680000066757202,200.0
2026-04-07 10:25:00,HIVE.V,,2.630000114440918,2.630000114440918,2.630000114440918,2.630000114440918,1880.0
2026-04-07 10:25:00,IPT.V,,0.23000000417232513,0.23000000417232513,0.23000000417232513,0.23000000417232513,10000.0
2026-04-07 10:25:00,LMN.V,,23.079999923706055,23.079999923706055,23.079999923706055,23.079999923706055,100.0
2026-04-07 10:25:00,LTH.V,,1.340000033378601,1.340000033378601,1.340000033378601,1.340000033378601,100.0
2026-04-07 10:25:00,PNG.V,,8.420000076293945,8.449999809265137,8.420000076293945,8.430000305175781,480.0
2026-04-07 10:25:00,ROAR.V,,0.20999999344348907,0.20999999344348907,0.20499999821186066,0.20499999821186066,3000.0
2026-04-07 10:26:00,HCH.V,,1.2200000286102295,1.2300000190734863,1.2200000286102295,1.2300000190734863,200.0
2026-04-07 10:26:00,HITI.V,,3.200000047683716,3.200000047683716,3.200000047683716,3.200000047683716,100.0
2026-04-07 10:26:00,HIVE.V,,2.619999885559082,2.619999885559082,2.619999885559082,2.619999885559082,1400.0
2026-04-07 10:26:00,ITR.V,,3.930000066757202,3.930000066757202,3.930000066757202,3.930000066757202,550.0
2026-04-07 10:26:00,MAX.V,,0.36000001430511475,0.36000001430511475,0.36000001430511475,0.36000001430511475,0.0
2026-04-07 10:26:00,MFG.V,,4.269999980926514,4.269999980926514,4.269999980926514,4.269999980926514,800.0
2026-04-07 10:26:00,MLP.V,,1.8700000047683716,1.8700000047683716,1.8700000047683716,1.8700000047683716,100.0
2026-04-07 10:26:00,NICU.V,,2.0999999046325684,2.0999999046325684,2.0999999046325684,2.0999999046325684,500.0
2026-04-07 10:26:00,PNG.V,,8.420000076293945,8.430000305175781,8.420000076293945,8.430000305175781,3400.0
2026-04-07 10:27:00,FDR.V,,3.680000066757202,3.680000066757202,3.680000066757202,3.680000066757202,200.0
2026-04-07 10:27:00,FUU.V,,0.17000000178813934,0.17000000178813934,0.17000000178813934,0.17000000178813934,66620.0
2026-04-07 10:27:00,GSI.V,,1.2549999952316284,1.2549999952316284,1.2549999952316284,1.2549999952316284,800.0
2026-04-07 10:27:00,HIVE.V,,2.619999885559082,2.619999885559082,2.619999885559082,2.619999885559082,7334.0
2026-04-07 10:27:00,IFOS.V,,3.740000009536743,3.740000009536743,3.7300000190734863,3.740000009536743,1500.0
2026-04-07 10:27:00,KRI.V,,0.30000001192092896,0.30000001192092896,0.28999999165534973,0.28999999165534973,39500.0
2026-04-07 10:27:00,MLP.V,,1.8700000047683716,1.8700000047683716,1.8700000047683716,1.8700000047683716,100.0
2026-04-07 10:27:00,MTA.V,,9.140000343322754,9.140000343322754,9.140000343322754,9.140000343322754,300.0
2026-04-07 10:27:00,PNG.V,,8.4399995803833,8.4399995803833,8.420000076293945,8.420000076293945,24469.0
2026-04-07 10:28:00,GOT.V,,1.600000023841858,1.600000023841858,1.600000023841858,1.600000023841858,5000.0
2026-04-07 10:28:00,GSI.V,,1.2649999856948853,1.2649999856948853,1.2649999856948853,1.2649999856948853,800.0
2026-04-07 10:28:00,HME.V,,2.8299999237060547,2.8299999237060547,2.8299999237060547,2.8299999237060547,100.0
2026-04-07 10:28:00,HMR.V,,0.8399999737739563,0.8399999737739563,0.8399999737739563,0.8399999737739563,1500.0
2026-04-07 10:28:00,HSTR.V,,2.2899999618530273,2.2899999618530273,2.2899999618530273,2.2899999618530273,579.0
2026-04-07 10:28:00,KGS.V,,0.11999999731779099,0.11999999731779099,0.11999999731779099,0.11999999731779099,500.0
2026-04-07 10:28:00,KRI.V,,0.30000001192092896,0.30000001192092896,0.30000001192092896,0.30000001192092896,7000.0
2026-04-07 10:28:00,KTN.V,,1.3600000143051147,1.3600000143051147,1.3600000143051147,1.3600000143051147,2711.0
2026-04-07 10:28:00,LCX.V,,2.049999952316284,2.049999952316284,2.0299999713897705,2.0299999713897705,11100.0
2026-04-07 10:28:00,LG.V,,0.33500000834465027,0.33500000834465027,0.33500000834465027,0.33500000834465027,1000.0
2026-04-07 10:28:00,LUCA.V,,1.3600000143051147,1.3600000143051147,1.3450000286102295,1.3450000286102295,3900.0
2026-04-07 10:28:00,MLP.V,,1.8700000047683716,1.8700000047683716,1.8700000047683716,1.8700000047683716,100.0
2026-04-07 10:28:00,PNG.V,,8.4399995803833,8.4399995803833,8.4399995803833,8.4399995803833,200.0
2026-04-07 10:28:00,TUF.V,,0.23999999463558197,0.23999999463558197,0.23999999463558197,0.23999999463558197,5000.0
2026-04-07 10:29:00,BIG.V,,0.6600000262260437,0.6600000262260437,0.6600000262260437,0.6600000262260437,8500.0
2026-04-07 10:29:00,GQC.V,,2.2899999618530273,2.2899999618530273,2.2899999618530273,2.2899999618530273,100.0
2026-04-07 10:29:00,GSI.V,,1.2649999856948853,1.2649999856948853,1.2599999904632568,1.2649999856948853,2000.0
2026-04-07 10:29:00,HIVE.V,,2.619999885559082,2.619999885559082,2.619999885559082,2.619999885559082,400.0
2026-04-07 10:29:00,IFOS.V,,3.75,3.75,3.75,3.75,1100.0
2026-04-07 10:29:00,KRY.V,,3.1600000858306885,3.180000066757202,3.1600000858306885,3.180000066757202,700.0
2026-04-07 10:29:00,LCX.V,,2.0399999618530273,2.0399999618530273,2.0399999618530273,2.0399999618530273,600.0
2026-04-07 10:29:00,LG.V,,0.33500000834465027,0.33500000834465027,0.33500000834465027,0.33500000834465027,15660.0
2026-04-07 10:29:00,MFG.V,,4.300000190734863,4.300000190734863,4.300000190734863,4.300000190734863,4900.0
2026-04-07 10:29:00,MLP.V,,1.909999966621399,1.909999966621399,1.8799999952316284,1.8799999952316284,13300.0
2026-04-07 10:29:00,NICU.V,,2.0999999046325684,2.0999999046325684,2.0999999046325684,2.0999999046325684,1100.0
2026-04-07 10:29:00,PNG.V,,8.4399995803833,8.479999542236328,8.4399995803833,8.449999809265137,2600.0
2026-04-07 10:30:00,BIG.V,,0.6600000262260437,0.6600000262260437,0.6600000262260437,0.6600000262260437,5100.0
2026-04-07 10:30:00,HIVE.V,,2.619999885559082,2.619999885559082,2.619999885559082,2.619999885559082,800.0
2026-04-07 10:30:00,HSTR.V,,2.299999952316284,2.299999952316284,2.2950000762939453,2.299999952316284,5016.0
2026-04-07 10:30:00,IPT.V,,0.23000000417232513,0.23000000417232513,0.23000000417232513,0.23000000417232513,8000.0
2026-04-07 10:30:00,KTN.V,,1.3700000047683716,1.3700000047683716,1.3700000047683716,1.3700000047683716,100.0
2026-04-07 10:30:00,LCX.V,,2.0399999618530273,2.0399999618530273,2.0399999618530273,2.0399999618530273,100.0
2026-04-07 10:30:00,LGN.V,,0.9700000286102295,0.9700000286102295,0.9700000286102295,0.9700000286102295,800.0
2026-04-07 10:30:00,LMN.V,,23.110000610351562,23.110000610351562,23.100000381469727,23.100000381469727,200.0
2026-04-07 10:30:00,LTH.V,,1.340000033378601,1.340000033378601,1.340000033378601,1.340000033378601,100.0
2026-04-07 10:30:00,NICU.V,,2.0999999046325684,2.0999999046325684,2.0999999046325684,2.0999999046325684,1900.0
2026-04-07 10:31:00,CELL.V,,0.029999999329447746,0.029999999329447746,0.029999999329447746,0.029999999329447746,0.0
2026-04-07 10:31:00,FWZ.V,,4.440000057220459,4.440000057220459,4.429999828338623,4.429999828338623,204.0
2026-04-07 10:31:00,GGO.V,,0.9599999785423279,0.9599999785423279,0.9599999785423279,0.9599999785423279,1300.0
2026-04-07 10:31:00,HIVE.V,,2.609999895095825,2.609999895095825,2.609999895095825,2.609999895095825,100.0
2026-04-07 10:31:00,KTN.V,,1.350000023841858,1.3600000143051147,1.350000023841858,1.3600000143051147,1500.0
2026-04-07 10:31:00,LG.V,,0.3375000059604645,0.3375000059604645,0.3375000059604645,0.3375000059604645,3500.0
2026-04-07 10:31:00,LMG.V,,0.5600000023841858,0.5600000023841858,0.5600000023841858,0.5600000023841858,500.0
2026-04-07 10:31:00,LUCA.V,,1.3600000143051147,1.3600000143051147,1.3600000143051147,1.3600000143051147,2500.0
2026-04-07 10:31:00,PNG.V,,8.420000076293945,8.420000076293945,8.420000076293945,8.420000076293945,1065.0
2026-04-07 10:32:00,EQTY.V,,0.2800000011920929,0.2800000011920929,0.2800000011920929,0.2800000011920929,25000.0
2026-04-07 10:32:00,GQC.V,,2.2899999618530273,2.2899999618530273,2.2899999618530273,2.2899999618530273,700.0
2026-04-07 10:32:00,KTN.V,,1.3700000047683716,1.3700000047683716,1.3700000047683716,1.3700000047683716,500.0
2026-04-07 10:32:00,LCX.V,,2.0399999618530273,2.0399999618530273,2.0399999618530273,2.0399999618530273,20006.0
2026-04-07 10:32:00,MLP.V,,1.8899999856948853,1.8899999856948853,1.8899999856948853,1.8899999856948853,200.0
2026-04-07 10:32:00,PNG.V,,8.399999618530273,8.414999961853027,8.399999618530273,8.414999961853027,1328.0
2026-04-07 10:33:00,FMAN.V,,0.3199999928474426,0.3199999928474426,0.3199999928474426,0.3199999928474426,10000.0
2026-04-07 10:33:00,FO.V,,0.39500001072883606,0.39500001072883606,0.38499999046325684,0.38499999046325684,17100.0
2026-04-07 10:33:00,FWZ.V,,4.440000057220459,4.440000057220459,4.429999828338623,4.429999828338623,730.0
2026-04-07 10:33:00,HIVE.V,,2.619999885559082,2.619999885559082,2.619999885559082,2.619999885559082,1700.0
2026-04-07 10:33:00,IPT.V,,0.23000000417232513,0.23000000417232513,0.23000000417232513,0.23000000417232513,37000.0
2026-04-07 10:33:00,ITR.V,,3.950000047683716,3.950000047683716,3.950000047683716,3.950000047683716,200.0
2026-04-07 10:33:00,KNG.V,,1.2200000286102295,1.2200000286102295,1.2200000286102295,1.2200000286102295,1800.0
2026-04-07 10:33:00,LCX.V,,2.0299999713897705,2.0299999713897705,2.0299999713897705,2.0299999713897705,1100.0
2026-04-07 10:33:00,LMN.V,,23.139999389648438,23.139999389648438,23.09000015258789,23.09000015258789,300.0
2026-04-07 10:33:00,MKO.V,,8.760000228881836,8.760000228881836,8.760000228881836,8.760000228881836,100.0
2026-04-07 10:33:00,NICU.V,,2.0999999046325684,2.0999999046325684,2.0999999046325684,2.0999999046325684,100.0
2026-04-07 10:33:00,PNG.V,,8.399999618530273,8.399999618530273,8.380000114440918,8.380000114440918,1415.0
2026-04-07 10:33:00,ZNG.V,,1.0399999618530273,1.0399999618530273,1.0399999618530273,1.0399999618530273,400.0
2026-04-07 10:34:00,FDR.V,,3.740000009536743,3.740000009536743,3.7200000286102295,3.7200000286102295,10500.0
2026-04-07 10:34:00,FMAN.V,,0.3199999928474426,0.3199999928474426,0.3199999928474426,0.3199999928474426,5500.0
2026-04-07 10:34:00,GGO.V,,0.9599999785423279,0.9599999785423279,0.9599999785423279,0.9599999785423279,100.0
2026-04-07 10:34:00,HIVE.V,,2.619999885559082,2.619999885559082,2.619999885559082,2.619999885559082,4280.0
2026-04-07 10:34:00,HME.V,,2.8299999237060547,2.8299999237060547,2.8299999237060547,2.8299999237060547,100.0
2026-04-07 10:34:00,KNG.V,,1.25,1.25,1.25,1.25,4500.0
2026-04-07 10:34:00,KTN.V,,1.3700000047683716,1.3700000047683716,1.3700000047683716,1.3700000047683716,700.0
2026-04-07 10:34:00,MLP.V,,1.8799999952316284,1.8799999952316284,1.8799999952316284,1.8799999952316284,9483.0
2026-04-07 10:34:00,MMG.V,,0.28999999165534973,0.28999999165534973,0.28999999165534973,0.28999999165534973,3715.0
2026-04-07 10:34:00,NICU.V,,2.109999895095825,2.109999895095825,2.109999895095825,2.109999895095825,200.0
2026-04-07 10:35:00,FMAN.V,,0.3199999928474426,0.3199999928474426,0.3199999928474426,0.3199999928474426,3500.0
2026-04-07 10:35:00,GFG.V,,0.1550000011920929,0.1550000011920929,0.1550000011920929,0.1550000011920929,2500.0
2026-04-07 10:35:00,GGO.V,,0.9599999785423279,0.9599999785423279,0.9599999785423279,0.9599999785423279,200.0
2026-04-07 10:35:00,HSTR.V,,2.299999952316284,2.299999952316284,2.299999952316284,2.299999952316284,900.0
2026-04-07 10:35:00,ITR.V,,3.940000057220459,3.940000057220459,3.940000057220459,3.940000057220459,1100.0
2026-04-07 10:35:00,LSTR.V,,0.10999999940395355,0.10999999940395355,0.10999999940395355,0.10999999940395355,5000.0
2026-04-07 10:35:00,MKO.V,,8.800000190734863,8.800000190734863,8.800000190734863,8.800000190734863,100.0
2026-04-07 10:35:00,PNG.V,,8.404999732971191,8.404999732971191,8.404999732971191,8.404999732971191,2900.0
2026-04-07 10:36:00,FDR.V,,3.759999990463257,3.7750000953674316,3.75,3.75,5400.0
2026-04-07 10:36:00,FMAN.V,,0.3199999928474426,0.3199999928474426,0.3199999928474426,0.3199999928474426,2500.0
2026-04-07 10:36:00,GPH.V,,1.2300000190734863,1.2300000190734863,1.2300000190734863,1.2300000190734863,900.0
2026-04-07 10:36:00,HITI.V,,3.200000047683716,3.200000047683716,3.200000047683716,3.200000047683716,100.0
2026-04-07 10:36:00,JEV.V,,0.0949999988079071,0.0949999988079071,0.0949999988079071,0.0949999988079071,10000.0
2026-04-07 10:36:00,LCX.V,,2.0399999618530273,2.049999952316284,2.0399999618530273,2.0399999618530273,23100.0
2026-04-07 10:36:00,MLP.V,,1.8700000047683716,1.8700000047683716,1.8700000047683716,1.8700000047683716,100.0
2026-04-07 10:36:00,MVM-H.V,,0.004999999888241291,0.004999999888241291,0.004999999888241291,0.004999999888241291,0.0
2026-04-07 10:36:00,YGT.V,,0.19499999284744263,0.19499999284744263,0.19499999284744263,0.19499999284744263,6500.0
2026-04-07 10:37:00,EPF.V,,0.45500001311302185,0.46000000834465027,0.45500001311302185,0.46000000834465027,24500.0
2026-04-07 10:37:00,FMAN.V,,0.3199999928474426,0.3199999928474426,0.3199999928474426,0.3199999928474426,500.0
2026-04-07 10:37:00,GLAD.V,,1.1799999475479126,1.1799999475479126,1.1799999475479126,1.1799999475479126,1150.0
2026-04-07 10:37:00,GRSL.V,,0.3100000023841858,0.3100000023841858,0.3100000023841858,0.3100000023841858,500.0
2026-04-07 10:37:00,IPT.V,,0.23000000417232513,0.23000000417232513,0.23000000417232513,0.23000000417232513,75000.0
2026-04-07 10:37:00,KLD.V,,2.490000009536743,2.490000009536743,2.490000009536743,2.490000009536743,500.0
2026-04-07 10:37:00,MLP.V,,1.8700000047683716,1.8700000047683716,1.8700000047683716,1.8700000047683716,100.0
2026-04-07 10:38:00,BIG.V,,0.6700000166893005,0.6700000166893005,0.6700000166893005,0.6700000166893005,2000.0
2026-04-07 10:38:00,FO.V,,0.39500001072883606,0.39500001072883606,0.39500001072883606,0.39500001072883606,1197.0
2026-04-07 10:38:00,GSI.V,,1.25,1.25,1.25,1.25,2400.0
2026-04-07 10:38:00,HSTR.V,,2.299999952316284,2.299999952316284,2.299999952316284,2.299999952316284,200.0
2026-04-07 10:38:00,LBI.V,,0.2549999952316284,0.2549999952316284,0.2549999952316284,0.2549999952316284,0.0
2026-04-07 10:38:00,MCS.V,,2.1600000858306885,2.180000066757202,2.1600000858306885,2.180000066757202,6000.0
2026-04-07 10:38:00,MFG.V,,4.300000190734863,4.300000190734863,4.300000190734863,4.300000190734863,6000.0
2026-04-07 10:38:00,NICU.V,,2.109999895095825,2.109999895095825,2.109999895095825,2.109999895095825,100.0
2026-04-07 10:38:00,PNG.V,,8.40999984741211,8.40999984741211,8.40999984741211,8.40999984741211,700.0
2026-04-07 10:38:00,ROAR.V,,0.20999999344348907,0.20999999344348907,0.20999999344348907,0.20999999344348907,20500.0
2026-04-07 10:39:00,FDR.V,,3.765000104904175,3.765000104904175,3.75,3.75,2300.0
2026-04-07 10:39:00,FWZ.V,,4.429999828338623,4.429999828338623,4.429999828338623,4.429999828338623,100.0
2026-04-07 10:39:00,GOT.V,,1.600000023841858,1.600000023841858,1.600000023841858,1.600000023841858,1049.0
2026-04-07 10:39:00,HIVE.V,,2.619999885559082,2.619999885559082,2.619999885559082,2.619999885559082,191.0
2026-04-07 10:39:00,KLDC.V,,0.18000000715255737,0.1850000023841858,0.18000000715255737,0.1850000023841858,41751.0
2026-04-07 10:39:00,LMN.V,,22.915000915527344,23.079999923706055,22.915000915527344,23.040000915527344,1686.0
2026-04-07 10:39:00,LMR.V,,0.09000000357627869,0.09000000357627869,0.09000000357627869,0.09000000357627869,7000.0
2026-04-07 10:39:00,MLP.V,,1.8700000047683716,1.8700000047683716,1.8600000143051147,1.8600000143051147,5700.0
2026-04-07 10:39:00,NURS.V,,3.0199999809265137,3.0199999809265137,3.0199999809265137,3.0199999809265137,700.0
2026-04-07 10:39:00,PNG.V,,8.380000114440918,8.390000343322754,8.380000114440918,8.390000343322754,2677.0
2026-04-07 10:40:00,FDR.V,,3.75,3.75,3.75,3.75,700.0
2026-04-07 10:40:00,GGO.V,,0.9599999785423279,0.9599999785423279,0.9599999785423279,0.9599999785423279,1400.0
2026-04-07 10:40:00,GSVR.V,,0.5950000286102295,0.5950000286102295,0.5899999737739563,0.5899999737739563,84400.0
2026-04-07 10:40:00,HITI.V,,3.190000057220459,3.190000057220459,3.190000057220459,3.190000057220459,200.0
2026-04-07 10:40:00,ITR.V,,3.9200000762939453,3.930000066757202,3.9200000762939453,3.930000066757202,300.0
2026-04-07 10:40:00,KTN.V,,1.3600000143051147,1.3600000143051147,1.3600000143051147,1.3600000143051147,100.0
2026-04-07 10:40:00,LMG.V,,0.5600000023841858,0.5600000023841858,0.5600000023841858,0.5600000023841858,4000.0
2026-04-07 10:40:00,LMN.V,,22.950000762939453,22.950000762939453,22.940000534057617,22.940000534057617,600.0
2026-04-07 10:40:00,MTT.V,,0.18000000715255737,0.18000000715255737,0.18000000715255737,0.18000000715255737,2500.0
2026-04-07 10:40:00,PNG.V,,8.380000114440918,8.380000114440918,8.350000381469727,8.369999885559082,3292.0
2026-04-07 10:40:00,YGT.V,,0.1899999976158142,0.1899999976158142,0.1899999976158142,0.1899999976158142,58000.0
2026-04-07 10:41:00,EQTY.V,,0.2800000011920929,0.2800000011920929,0.2800000011920929,0.2800000011920929,500.0
2026-04-07 10:41:00,GG.V,,2.5399999618530273,2.5399999618530273,2.5399999618530273,2.5399999618530273,500.0
2026-04-07 10:41:00,GRSL.V,,0.3050000071525574,0.3050000071525574,0.3050000071525574,0.3050000071525574,35500.0
2026-04-07 10:41:00,HIVE.V,,2.619999885559082,2.619999885559082,2.619999885559082,2.619999885559082,1700.0
2026-04-07 10:41:00,ITR.V,,3.9100000858306885,3.9100000858306885,3.9100000858306885,3.9100000858306885,500.0
2026-04-07 10:41:00,LTH.V,,1.3350000381469727,1.3350000381469727,1.3350000381469727,1.3350000381469727,100.0
2026-04-07 10:41:00,LUCA.V,,1.3550000190734863,1.3600000143051147,1.3550000190734863,1.3600000143051147,2600.0
2026-04-07 10:41:00,MLP.V,,1.8600000143051147,1.8600000143051147,1.8600000143051147,1.8600000143051147,200.0
2026-04-07 10:41:00,PNG.V,,8.380000114440918,8.380000114440918,8.380000114440918,8.380000114440918,607.0
2026-04-07 10:42:00,FDR.V,,3.7300000190734863,3.7300000190734863,3.7300000190734863,3.7300000190734863,600.0
2026-04-07 10:42:00,FHYD.V,,0.3799999952316284,0.38499999046325684,0.3799999952316284,0.38499999046325684,9000.0
2026-04-07 10:42:00,GG.V,,2.549999952316284,2.549999952316284,2.5399999618530273,2.549999952316284,6900.0
2026-04-07 10:42:00,GMG.V,,2.1500000953674316,2.1500000953674316,2.1500000953674316,2.1500000953674316,800.0
2026-04-07 10:42:00,GOT.V,,1.600000023841858,1.600000023841858,1.600000023841858,1.600000023841858,5500.0
2026-04-07 10:42:00,GPH.V,,1.2400000095367432,1.2400000095367432,1.2400000095367432,1.2400000095367432,3400.0
2026-04-07 10:42:00,GQC.V,,2.299999952316284,2.299999952316284,2.299999952316284,2.299999952316284,1100.0
2026-04-07 10:42:00,HITI.V,,3.180000066757202,3.180000066757202,3.180000066757202,3.180000066757202,443.0
2026-04-07 10:42:00,HME.V,,2.809999942779541,2.819999933242798,2.809999942779541,2.819999933242798,540.0
2026-04-07 10:42:00,HSTR.V,,2.2899999618530273,2.2899999618530273,2.2899999618530273,2.2899999618530273,700.0
2026-04-07 10:42:00,ITR.V,,3.9200000762939453,3.9200000762939453,3.9200000762939453,3.9200000762939453,8500.0
2026-04-07 10:42:00,KTN.V,,1.3600000143051147,1.3600000143051147,1.3600000143051147,1.3600000143051147,200.0
2026-04-07 10:42:00,LTH.V,,1.3300000429153442,1.3300000429153442,1.3300000429153442,1.3300000429153442,14000.0
2026-04-07 10:42:00,MGM.V,,2.319999933242798,2.319999933242798,2.319999933242798,2.319999933242798,669.0
2026-04-07 10:42:00,MKO.V,,8.720000267028809,8.78499984741211,8.720000267028809,8.78499984741211,500.0
2026-04-07 10:42:00,ROAR.V,,0.20999999344348907,0.2150000035762787,0.20999999344348907,0.20999999344348907,19000.0
2026-04-07 10:43:00,FWZ.V,,4.400000095367432,4.400000095367432,4.400000095367432,4.400000095367432,200.0
2026-04-07 10:43:00,GOT.V,,1.5950000286102295,1.5950000286102295,1.590000033378601,1.590000033378601,700.0
2026-04-07 10:43:00,GSTM.V,,0.20000000298023224,0.20000000298023224,0.20000000298023224,0.20000000298023224,1500.0
2026-04-07 10:43:00,HIVE.V,,2.609999895095825,2.609999895095825,2.609999895095825,2.609999895095825,11715.0
2026-04-07 10:43:00,LCX.V,,2.0299999713897705,2.0299999713897705,2.0299999713897705,2.0299999713897705,1100.0
2026-04-07 10:43:00,MKO.V,,8.720000267028809,8.774999618530273,8.720000267028809,8.774999618530273,500.0
2026-04-07 10:43:00,NICU.V,,2.109999895095825,2.109999895095825,2.109999895095825,2.109999895095825,100.0
2026-04-07 10:43:00,PNG.V,,8.350000381469727,8.359999656677246,8.350000381469727,8.359999656677246,1892.0
2026-04-07 10:44:00,GPH.V,,1.2300000190734863,1.2300000190734863,1.2300000190734863,1.2300000190734863,1000.0
2026-04-07 10:44:00,GRSL.V,,0.3050000071525574,0.3050000071525574,0.3050000071525574,0.3050000071525574,4000.0
2026-04-07 10:44:00,HITI.V,,3.180000066757202,3.180000066757202,3.180000066757202,3.180000066757202,100.0
2026-04-07 10:44:00,HIVE.V,,2.609999895095825,2.609999895095825,2.609999895095825,2.609999895095825,100.0
2026-04-07 10:44:00,HSTR.V,,2.2899999618530273,2.2899999618530273,2.2899999618530273,2.2899999618530273,400.0
2026-04-07 10:44:00,INFI.V,,0.2549999952316284,0.2549999952316284,0.2549999952316284,0.2549999952316284,0.0
2026-04-07 10:44:00,KLD.V,,2.4200000762939453,2.4200000762939453,2.4200000762939453,2.4200000762939453,300.0
2026-04-07 10:44:00,PNG.V,,8.369999885559082,8.369999885559082,8.359999656677246,8.359999656677246,1314.0
2026-04-07 10:45:00,GPH.V,,1.2200000286102295,1.2200000286102295,1.2200000286102295,1.2200000286102295,4100.0
2026-04-07 10:45:00,GRSL.V,,0.3050000071525574,0.3050000071525574,0.3050000071525574,0.3050000071525574,21471.0
2026-04-07 10:45:00,GSTM.V,,0.20000000298023224,0.20000000298023224,0.20000000298023224,0.20000000298023224,3500.0
2026-04-07 10:45:00,ITR.V,,3.930000066757202,3.930000066757202,3.9200000762939453,3.9200000762939453,8800.0
2026-04-07 10:45:00,KTN.V,,1.3600000143051147,1.3600000143051147,1.3600000143051147,1.3600000143051147,300.0
2026-04-07 10:45:00,MCF.V,,0.03999999910593033,0.03999999910593033,0.03999999910593033,0.03999999910593033,0.0
2026-04-07 10:45:00,MLP.V,,1.8799999952316284,1.8799999952316284,1.8799999952316284,1.8799999952316284,6000.0
2026-04-07 10:45:00,NICU.V,,2.0999999046325684,2.0999999046325684,2.0999999046325684,2.0999999046325684,500.0
2026-04-07 10:45:00,PNG.V,,8.359999656677246,8.359999656677246,8.359999656677246,8.359999656677246,149.0
2026-04-07 10:45:00,YGT.V,,0.1899999976158142,0.1899999976158142,0.1899999976158142,0.1899999976158142,27500.0
2026-04-07 10:46:00,GRSL.V,,0.30000001192092896,0.30000001192092896,0.30000001192092896,0.30000001192092896,500.0
2026-04-07 10:46:00,GSVR.V,,0.6000000238418579,0.6000000238418579,0.6000000238418579,0.6000000238418579,500.0
2026-04-07 10:46:00,HIVE.V,,2.619999885559082,2.619999885559082,2.619999885559082,2.619999885559082,2200.0
2026-04-07 10:46:00,IFOS.V,,3.740000009536743,3.740000009536743,3.7300000190734863,3.7300000190734863,1200.0
2026-04-07 10:46:00,ITR.V,,3.940000057220459,3.940000057220459,3.940000057220459,3.940000057220459,700.0
2026-04-07 10:46:00,KTN.V,,1.3600000143051147,1.3600000143051147,1.3600000143051147,1.3600000143051147,2000.0
2026-04-07 10:46:00,LMN.V,,22.8799991607666,22.924999237060547,22.8799991607666,22.924999237060547,200.0
2026-04-07 10:46:00,NICU.V,,2.0899999141693115,2.0899999141693115,2.0899999141693115,2.0899999141693115,1900.0
2026-04-07 10:46:00,PNG.V,,8.380000114440918,8.380000114440918,8.380000114440918,8.380000114440918,200.0
2026-04-07 10:47:00,FO.V,,0.39500001072883606,0.39500001072883606,0.39500001072883606,0.39500001072883606,3750.0
2026-04-07 10:47:00,FWZ.V,,4.420000076293945,4.420000076293945,4.409999847412109,4.409999847412109,1700.0
2026-04-07 10:47:00,GG.V,,2.5399999618530273,2.5399999618530273,2.5399999618530273,2.5399999618530273,1000.0
2026-04-07 10:47:00,GQC.V,,2.2899999618530273,2.2899999618530273,2.2899999618530273,2.2899999618530273,100.0
2026-04-07 10:47:00,HIVE.V,,2.630000114440918,2.630000114440918,2.630000114440918,2.630000114440918,1902.0
2026-04-07 10:47:00,MLP.V,,1.8799999952316284,1.8799999952316284,1.8799999952316284,1.8799999952316284,600.0
2026-04-07 10:47:00,PNG.V,,8.399999618530273,8.399999618530273,8.369999885559082,8.369999885559082,1400.0
2026-04-07 10:48:00,GG.V,,2.5399999618530273,2.5399999618530273,2.5399999618530273,2.5399999618530273,200.0
2026-04-07 10:48:00,MJS.V,,0.14499999582767487,0.14499999582767487,0.14499999582767487,0.14499999582767487,0.0
2026-04-07 10:49:00,GGO.V,,0.9599999785423279,0.9599999785423279,0.9599999785423279,0.9599999785423279,5000.0
2026-04-07 10:49:00,GOT.V,,1.600000023841858,1.600000023841858,1.600000023841858,1.600000023841858,100.0
2026-04-07 10:49:00,GPAC.V,,0.4399999976158142,0.4399999976158142,0.4399999976158142,0.4399999976158142,1000.0
2026-04-07 10:49:00,HCH.V,,1.2200000286102295,1.2200000286102295,1.2200000286102295,1.2200000286102295,500.0
2026-04-07 10:49:00,HSTR.V,,2.299999952316284,2.309999942779541,2.299999952316284,2.299999952316284,2600.0
2026-04-07 10:49:00,LIS.V,,0.4950000047683716,0.4950000047683716,0.4950000047683716,0.4950000047683716,2000.0
2026-04-07 10:49:00,MGM.V,,2.299999952316284,2.299999952316284,2.299999952316284,2.299999952316284,435.0
2026-04-07 10:49:00,MTA.V,,9.140000343322754,9.140000343322754,9.140000343322754,9.140000343322754,985.0
2026-04-07 10:49:00,PNG.V,,8.390000343322754,8.390000343322754,8.390000343322754,8.390000343322754,492.0
2026-04-07 10:50:00,FPC.V,,0.375,0.375,0.375,0.375,500.0
2026-04-07 10:50:00,GMG.V,,2.1500000953674316,2.1500000953674316,2.1500000953674316,2.1500000953674316,400.0
2026-04-07 10:50:00,GOT.V,,1.590000033378601,1.590000033378601,1.590000033378601,1.590000033378601,2700.0
2026-04-07 10:50:00,GPAC.V,,0.4399999976158142,0.4399999976158142,0.4399999976158142,0.4399999976158142,19000.0
2026-04-07 10:50:00,GSVR.V,,0.5899999737739563,0.5899999737739563,0.5899999737739563,0.5899999737739563,16000.0
2026-04-07 10:50:00,HIVE.V,,2.619999885559082,2.619999885559082,2.619999885559082,2.619999885559082,107.0
2026-04-07 10:50:00,HME.V,,2.819999933242798,2.825000047683716,2.809999942779541,2.809999942779541,12800.0
2026-04-07 10:50:00,ITR.V,,3.940000057220459,3.940000057220459,3.940000057220459,3.940000057220459,1100.0
2026-04-07 10:50:00,LMG.V,,0.550000011920929,0.550000011920929,0.550000011920929,0.550000011920929,2500.0
2026-04-07 10:50:00,NURS.V,,3.0,3.009999990463257,3.0,3.009999990463257,1800.0
2026-04-07 10:50:00,PNG.V,,8.380000114440918,8.40999984741211,8.380000114440918,8.40999984741211,700.0
2026-04-07 10:51:00,GSVR.V,,0.5899999737739563,0.5899999737739563,0.5899999737739563,0.5899999737739563,500.0
2026-04-07 10:51:00,HIVE.V,,2.619999885559082,2.619999885559082,2.619999885559082,2.619999885559082,100.0
2026-04-07 10:51:00,HME.V,,2.819999933242798,2.819999933242798,2.819999933242798,2.819999933242798,12000.0
2026-04-07 10:51:00,KTN.V,,1.3700000047683716,1.3700000047683716,1.3700000047683716,1.3700000047683716,3100.0
2026-04-07 10:51:00,MINE.V,,0.07500000298023224,0.07500000298023224,0.07500000298023224,0.07500000298023224,0.0
2026-04-07 10:51:00,NURS.V,,3.0199999809265137,3.0199999809265137,3.0,3.0,1207.0
2026-04-07 10:51:00,PNG.V,,8.369999885559082,8.369999885559082,8.369999885559082,8.369999885559082,200.0
2026-04-07 10:52:00,FWZ.V,,4.409999847412109,4.409999847412109,4.409999847412109,4.409999847412109,100.0
2026-04-07 10:52:00,GRSL.V,,0.3050000071525574,0.3050000071525574,0.3050000071525574,0.3050000071525574,1500.0
2026-04-07 10:52:00,HME.V,,2.819999933242798,2.819999933242798,2.809999942779541,2.809999942779541,2700.0
2026-04-07 10:52:00,ITR.V,,3.940000057220459,3.940000057220459,3.940000057220459,3.940000057220459,200.0
2026-04-07 10:52:00,LG.V,,0.33000001311302185,0.33500000834465027,0.33000001311302185,0.33500000834465027,5500.0
2026-04-07 10:52:00,LPS.V,,0.07500000298023224,0.07500000298023224,0.07500000298023224,0.07500000298023224,1000.0
2026-04-07 10:52:00,MLP.V,,1.8700000047683716,1.8899999856948853,1.8700000047683716,1.8799999952316284,9600.0
2026-04-07 10:52:00,NICU.V,,2.0799999237060547,2.0799999237060547,2.0799999237060547,2.0799999237060547,1600.0
2026-04-07 10:53:00,GG.V,,2.549999952316284,2.549999952316284,2.549999952316284,2.549999952316284,35500.0
2026-04-07 10:53:00,GSI.V,,1.2400000095367432,1.2400000095367432,1.2400000095367432,1.2400000095367432,1000.0
2026-04-07 10:53:00,HAM.V,,4.860000133514404,4.860000133514404,4.860000133514404,4.860000133514404,570.0
2026-04-07 10:53:00,HEVI.V,,0.25999999046325684,0.25999999046325684,0.25999999046325684,0.25999999046325684,500.0
2026-04-07 10:53:00,HI.V,,0.14499999582767487,0.14499999582767487,0.14499999582767487,0.14499999582767487,10000.0
2026-04-07 10:53:00,HME.V,,2.825000047683716,2.825000047683716,2.825000047683716,2.825000047683716,100.0
2026-04-07 10:53:00,ICRS.V,,0.019999999552965164,0.019999999552965164,0.019999999552965164,0.019999999552965164,0.0
2026-04-07 10:53:00,JJ.V,,0.054999999701976776,0.054999999701976776,0.054999999701976776,0.054999999701976776,0.0
2026-04-07 10:53:00,LMG.V,,0.550000011920929,0.550000011920929,0.550000011920929,0.550000011920929,1000.0
2026-04-07 10:53:00,LMN.V,,22.90999984741211,22.90999984741211,22.90999984741211,22.90999984741211,100.0
2026-04-07 10:53:00,LRA.V,,3.680000066757202,3.680000066757202,3.6700000762939453,3.6700000762939453,0.0
2026-04-07 10:53:00,MLP.V,,1.8700000047683716,1.8700000047683716,1.8700000047683716,1.8700000047683716,1000.0
2026-04-07 10:53:00,NICU.V,,2.0799999237060547,2.0799999237060547,2.0799999237060547,2.0799999237060547,1000.0
2026-04-07 10:53:00,TUF.V,,0.24500000476837158,0.24500000476837158,0.24500000476837158,0.24500000476837158,1000.0
2026-04-07 10:54:00,FWZ.V,,4.409999847412109,4.409999847412109,4.409999847412109,4.409999847412109,1319.0
2026-04-07 10:54:00,HEVI.V,,0.25999999046325684,0.25999999046325684,0.25999999046325684,0.25999999046325684,2500.0
2026-04-07 10:54:00,HITI.V,,3.180000066757202,3.180000066757202,3.180000066757202,3.180000066757202,100.0
2026-04-07 10:54:00,HPL.V,,0.10499999672174454,0.10499999672174454,0.10499999672174454,0.10499999672174454,21000.0
2026-04-07 10:54:00,JJ.V,,0.054999999701976776,0.054999999701976776,0.054999999701976776,0.054999999701976776,2000.0
2026-04-07 10:54:00,KNG.V,,1.25,1.25,1.25,1.25,200.0
2026-04-07 10:54:00,LMN.V,,22.90999984741211,22.90999984741211,22.90999984741211,22.90999984741211,100.0
2026-04-07 10:54:00,MLP.V,,1.8799999952316284,1.8799999952316284,1.8799999952316284,1.8799999952316284,804.0
2026-04-07 10:54:00,PNG.V,,8.359999656677246,8.390000343322754,8.359999656677246,8.380000114440918,950.0
2026-04-07 10:55:00,FPC.V,,0.375,0.375,0.375,0.375,500.0
2026-04-07 10:55:00,GQC.V,,2.2899999618530273,2.2899999618530273,2.2899999618530273,2.2899999618530273,100.0
2026-04-07 10:55:00,HIVE.V,,2.619999885559082,2.619999885559082,2.619999885559082,2.619999885559082,3000.0
2026-04-07 10:55:00,IFOS.V,,3.7699999809265137,3.7699999809265137,3.740000009536743,3.75,3700.0
2026-04-07 10:55:00,LGC.V,,1.9700000286102295,1.9700000286102295,1.9700000286102295,1.9700000286102295,100.0
2026-04-07 10:55:00,MLP.V,,1.8700000047683716,1.8700000047683716,1.8700000047683716,1.8700000047683716,200.0
2026-04-07 10:56:00,BIG.V,,0.6499999761581421,0.6499999761581421,0.6499999761581421,0.6499999761581421,5000.0
2026-04-07 10:56:00,GPH.V,,1.2300000190734863,1.2300000190734863,1.2300000190734863,1.2300000190734863,700.0
2026-04-07 10:56:00,HME.V,,2.825000047683716,2.825000047683716,2.825000047683716,2.825000047683716,500.0
2026-04-07 10:56:00,KLD.V,,2.4200000762939453,2.4200000762939453,2.4200000762939453,2.4200000762939453,100.0
2026-04-07 10:56:00,MJS.V,,0.14499999582767487,0.14499999582767487,0.14499999582767487,0.14499999582767487,1500.0
2026-04-07 10:56:00,NURS.V,,3.0,3.0,3.0,3.0,1017.0
2026-04-07 10:56:00,PNG.V,,8.390000343322754,8.390000343322754,8.390000343322754,8.390000343322754,100.0
2026-04-07 10:57:00,GGO.V,,0.9700000286102295,0.9700000286102295,0.9700000286102295,0.9700000286102295,14190.0
2026-04-07 10:57:00,GQC.V,,2.2899999618530273,2.2899999618530273,2.2899999618530273,2.2899999618530273,10000.0
2026-04-07 10:57:00,GSVR.V,,0.5899999737739563,0.5899999737739563,0.5899999737739563,0.5899999737739563,10000.0
2026-04-07 10:57:00,KG.V,,0.19499999284744263,0.19499999284744263,0.19499999284744263,0.19499999284744263,23000.0
2026-04-07 10:57:00,KTN.V,,1.375,1.375,1.375,1.375,300.0
2026-04-07 10:57:00,LUCA.V,,1.350000023841858,1.350000023841858,1.350000023841858,1.350000023841858,100.0
2026-04-07 10:58:00,FPC.V,,0.3700000047683716,0.3700000047683716,0.3700000047683716,0.3700000047683716,1000.0
2026-04-07 10:58:00,FWZ.V,,4.389999866485596,4.389999866485596,4.389999866485596,4.389999866485596,100.0
2026-04-07 10:58:00,GGO.V,,0.9800000190734863,0.9800000190734863,0.9800000190734863,0.9800000190734863,2900.0
2026-04-07 10:58:00,GOT.V,,1.5950000286102295,1.5950000286102295,1.5950000286102295,1.5950000286102295,100.0
2026-04-07 10:58:00,GQC.V,,2.2799999713897705,2.2799999713897705,2.2799999713897705,2.2799999713897705,1100.0
2026-04-07 10:58:00,GSVR.V,,0.5899999737739563,0.5899999737739563,0.5899999737739563,0.5899999737739563,1000.0
2026-04-07 10:58:00,LME.V,,0.2199999988079071,0.2199999988079071,0.2199999988079071,0.2199999988079071,500.0
2026-04-07 10:58:00,LMN.V,,22.90999984741211,22.90999984741211,22.799999237060547,22.905000686645508,2900.0
2026-04-07 10:58:00,MCS.V,,2.1600000858306885,2.1600000858306885,2.1600000858306885,2.1600000858306885,375.0
2026-04-07 10:58:00,MLP.V,,1.8600000143051147,1.8600000143051147,1.8600000143051147,1.8600000143051147,6500.0
2026-04-07 10:58:00,NICU.V,,2.0799999237060547,2.0799999237060547,2.0799999237060547,2.0799999237060547,900.0
2026-04-07 10:59:00,FWZ.V,,4.389999866485596,4.389999866485596,4.389999866485596,4.389999866485596,300.0
2026-04-07 10:59:00,GOT.V,,1.5950000286102295,1.5950000286102295,1.5950000286102295,1.5950000286102295,100.0
2026-04-07 10:59:00,GPH.V,,1.2400000095367432,1.2400000095367432,1.2400000095367432,1.2400000095367432,700.0
2026-04-07 10:59:00,GRSL.V,,0.30000001192092896,0.30000001192092896,0.30000001192092896,0.30000001192092896,23500.0
2026-04-07 10:59:00,GSPR.V,,0.10499999672174454,0.10499999672174454,0.10499999672174454,0.10499999672174454,0.0
2026-04-07 10:59:00,GSVR.V,,0.5899999737739563,0.5899999737739563,0.5899999737739563,0.5899999737739563,4350.0
2026-04-07 10:59:00,HSTR.V,,2.299999952316284,2.299999952316284,2.299999952316284,2.299999952316284,774.0
2026-04-07 10:59:00,KTN.V,,1.3700000047683716,1.3700000047683716,1.3700000047683716,1.3700000047683716,4100.0
2026-04-07 10:59:00,LMN.V,,22.729999542236328,22.739999771118164,22.719999313354492,22.739999771118164,1300.0
2026-04-07 10:59:00,LTH.V,,1.3350000381469727,1.3350000381469727,1.3350000381469727,1.3350000381469727,100.0
2026-04-07 10:59:00,LUCA.V,,1.3450000286102295,1.350000023841858,1.3450000286102295,1.350000023841858,2654.0
2026-04-07 10:59:00,MINE.V,,0.07500000298023224,0.07500000298023224,0.07500000298023224,0.07500000298023224,3750.0
2026-04-07 10:59:00,PNG.V,,8.369999885559082,8.369999885559082,8.359999656677246,8.359999656677246,2600.0
2026-04-07 10:59:00,ZNG.V,,1.0299999713897705,1.0299999713897705,1.0299999713897705,1.0299999713897705,11691.0
2026-04-07 11:00:00,FWZ.V,,4.389999866485596,4.389999866485596,4.389999866485596,4.389999866485596,100.0
2026-04-07 11:00:00,GLD.V,,0.07999999821186066,0.07999999821186066,0.07999999821186066,0.07999999821186066,1000.0
2026-04-07 11:00:00,GMG.V,,2.140000104904175,2.1500000953674316,2.140000104904175,2.1500000953674316,5500.0
2026-04-07 11:00:00,GQC.V,,2.2899999618530273,2.2899999618530273,2.2799999713897705,2.2799999713897705,5600.0
2026-04-07 11:00:00,GSVR.V,,0.5899999737739563,0.5899999737739563,0.5899999737739563,0.5899999737739563,5000.0
2026-04-07 11:00:00,HIVE.V,,2.615000009536743,2.619999885559082,2.615000009536743,2.619999885559082,2000.0
2026-04-07 11:00:00,KRY.V,,3.1649999618530273,3.1649999618530273,3.1500000953674316,3.1500000953674316,1291.0
2026-04-07 11:00:00,LMG.V,,0.4699999988079071,0.4699999988079071,0.4699999988079071,0.4699999988079071,2000.0
2026-04-07 11:00:00,LMN.V,,22.770000457763672,22.770000457763672,22.739999771118164,22.739999771118164,800.0
2026-04-07 11:00:00,MLP.V,,1.8700000047683716,1.8700000047683716,1.8700000047683716,1.8700000047683716,4800.0
2026-04-07 11:00:00,NURS.V,,2.9600000381469727,2.9800000190734863,2.9600000381469727,2.9800000190734863,1308.0
2026-04-07 11:00:00,PNG.V,,8.34000015258789,8.350000381469727,8.34000015258789,8.350000381469727,1125.0
2026-04-07 11:00:00,ZNG.V,,1.0399999618530273,1.0399999618530273,1.0399999618530273,1.0399999618530273,800.0
2026-04-07 11:01:00,FPC.V,,0.375,0.375,0.375,0.375,500.0
2026-04-07 11:01:00,FWZ.V,,4.380000114440918,4.389999866485596,4.380000114440918,4.389999866485596,1200.0
2026-04-07 11:01:00,GOT.V,,1.600000023841858,1.600000023841858,1.600000023841858,1.600000023841858,100.0
2026-04-07 11:01:00,GQC.V,,2.2899999618530273,2.2899999618530273,2.2899999618530273,2.2899999618530273,100.0
2026-04-07 11:01:00,GWM.V,,0.6100000143051147,0.6100000143051147,0.6100000143051147,0.6100000143051147,5500.0
2026-04-07 11:01:00,LMN.V,,22.65999984741211,22.65999984741211,22.65999984741211,22.65999984741211,100.0
2026-04-07 11:01:00,NURS.V,,2.9800000190734863,2.9800000190734863,2.9800000190734863,2.9800000190734863,1500.0
2026-04-07 11:01:00,PNG.V,,8.34000015258789,8.34000015258789,8.329999923706055,8.34000015258789,1115.0
2026-04-07 11:02:00,FWZ.V,,4.380000114440918,4.380000114440918,4.380000114440918,4.380000114440918,1500.0
2026-04-07 11:02:00,GOT.V,,1.590000033378601,1.590000033378601,1.590000033378601,1.590000033378601,3100.0
2026-04-07 11:02:00,GRSL.V,,0.29499998688697815,0.30000001192092896,0.29499998688697815,0.30000001192092896,11725.0
2026-04-07 11:02:00,HSTR.V,,2.309999942779541,2.309999942779541,2.305000066757202,2.305000066757202,900.0
2026-04-07 11:02:00,ITR.V,,3.930000066757202,3.930000066757202,3.930000066757202,3.930000066757202,200.0
2026-04-07 11:02:00,LMN.V,,22.700000762939453,22.770000457763672,22.700000762939453,22.75,600.0
2026-04-07 11:02:00,LTH.V,,1.3300000429153442,1.3300000429153442,1.3300000429153442,1.3300000429153442,2400.0
2026-04-07 11:02:00,MGM.V,,2.2899999618530273,2.2899999618530273,2.2899999618530273,2.2899999618530273,1200.0
2026-04-07 11:02:00,MKO.V,,8.680000305175781,8.725000381469727,8.680000305175781,8.725000381469727,500.0
2026-04-07 11:02:00,NICU.V,,2.0799999237060547,2.0799999237060547,2.0799999237060547,2.0799999237060547,100.0
2026-04-07 11:02:00,NURS.V,,2.9700000286102295,2.9700000286102295,2.9700000286102295,2.9700000286102295,100.0
2026-04-07 11:02:00,PNG.V,,8.3100004196167,8.329999923706055,8.3100004196167,8.329999923706055,7036.0
2026-04-07 11:03:00,EXG.V,,0.11999999731779099,0.11999999731779099,0.11999999731779099,0.11999999731779099,0.0
2026-04-07 11:03:00,FO.V,,0.38999998569488525,0.38999998569488525,0.38999998569488525,0.38999998569488525,8500.0
2026-04-07 11:03:00,FWZ.V,,4.360000133514404,4.360000133514404,4.360000133514404,4.360000133514404,200.0
2026-04-07 11:03:00,GMG.V,,2.119999885559082,2.134999990463257,2.119999885559082,2.134999990463257,3700.0
2026-04-07 11:03:00,GOT.V,,1.590000033378601,1.590000033378601,1.590000033378601,1.590000033378601,17400.0
2026-04-07 11:03:00,GSVR.V,,0.5899999737739563,0.5899999737739563,0.5899999737739563,0.5899999737739563,14500.0
2026-04-07 11:03:00,HIVE.V,,2.609999895095825,2.609999895095825,2.609999895095825,2.609999895095825,12800.0
2026-04-07 11:03:00,HME.V,,2.819999933242798,2.819999933242798,2.819999933242798,2.819999933242798,1000.0
2026-04-07 11:03:00,HMR.V,,0.8399999737739563,0.8399999737739563,0.8399999737739563,0.8399999737739563,1500.0
2026-04-07 11:03:00,HSTR.V,,2.2950000762939453,2.299999952316284,2.2950000762939453,2.299999952316284,400.0
2026-04-07 11:03:00,IFOS.V,,3.7699999809265137,3.7699999809265137,3.759999990463257,3.759999990463257,618.0
2026-04-07 11:03:00,KTN.V,,1.3600000143051147,1.3600000143051147,1.3600000143051147,1.3600000143051147,6200.0
2026-04-07 11:03:00,LGC.V,,1.9800000190734863,1.9800000190734863,1.9800000190734863,1.9800000190734863,100.0
2026-04-07 11:03:00,LMG.V,,0.4699999988079071,0.4699999988079071,0.4699999988079071,0.4699999988079071,2500.0
2026-04-07 11:03:00,LTH.V,,1.3350000381469727,1.3350000381469727,1.3350000381469727,1.3350000381469727,100.0
2026-04-07 11:03:00,LUCA.V,,1.3350000381469727,1.340000033378601,1.3350000381469727,1.340000033378601,5300.0
2026-04-07 11:03:00,MKO.V,,8.680000305175781,8.720000267028809,8.680000305175781,8.720000267028809,600.0
2026-04-07 11:03:00,PNG.V,,8.300000190734863,8.319999694824219,8.300000190734863,8.3100004196167,2300.0
2026-04-07 11:03:00,ZNG.V,,1.0399999618530273,1.0399999618530273,1.0399999618530273,1.0399999618530273,1400.0
2026-04-07 11:04:00,FO.V,,0.38999998569488525,0.38999998569488525,0.38999998569488525,0.38999998569488525,8500.0
2026-04-07 11:04:00,FPC.V,,0.3700000047683716,0.3700000047683716,0.3700000047683716,0.3700000047683716,1000.0
2026-04-07 11:04:00,FWZ.V,,4.360000133514404,4.360000133514404,4.360000133514404,4.360000133514404,700.0
2026-04-07 11:04:00,GBU.V,,0.12999999523162842,0.12999999523162842,0.12999999523162842,0.12999999523162842,0.0
2026-04-07 11:04:00,GMG.V,,2.1500000953674316,2.1500000953674316,2.1500000953674316,2.1500000953674316,109.0
2026-04-07 11:04:00,GSI.V,,1.2300000190734863,1.2450000047683716,1.2300000190734863,1.2450000047683716,4300.0
2026-04-07 11:04:00,GSVR.V,,0.5899999737739563,0.5899999737739563,0.5899999737739563,0.5899999737739563,16000.0
2026-04-07 11:04:00,HME.V,,2.825000047683716,2.825000047683716,2.819999933242798,2.819999933242798,200.0
2026-04-07 11:04:00,HSTR.V,,2.299999952316284,2.299999952316284,2.299999952316284,2.299999952316284,450.0
2026-04-07 11:04:00,ITR.V,,3.9100000858306885,3.9200000762939453,3.9100000858306885,3.9200000762939453,1500.0
2026-04-07 11:04:00,LGN.V,,0.9700000286102295,0.9700000286102295,0.9700000286102295,0.9700000286102295,1958.0
2026-04-07 11:04:00,LTH.V,,1.3350000381469727,1.3350000381469727,1.3350000381469727,1.3350000381469727,1800.0
2026-04-07 11:04:00,LUCA.V,,1.3350000381469727,1.3350000381469727,1.3350000381469727,1.3350000381469727,100.0
2026-04-07 11:04:00,MIR.V,,0.05999999865889549,0.05999999865889549,0.05999999865889549,0.05999999865889549,0.0
2026-04-07 11:04:00,NURS.V,,2.950000047683716,2.9600000381469727,2.950000047683716,2.9600000381469727,1700.0
2026-04-07 11:05:00,EQTY.V,,0.2750000059604645,0.2750000059604645,0.2750000059604645,0.2750000059604645,22835.0
2026-04-07 11:05:00,FDR.V,,3.7300000190734863,3.7300000190734863,3.7300000190734863,3.7300000190734863,100.0
2026-04-07 11:05:00,FWZ.V,,4.349999904632568,4.349999904632568,4.349999904632568,4.349999904632568,978.0
2026-04-07 11:05:00,GGO.V,,0.9700000286102295,0.9800000190734863,0.9700000286102295,0.9800000190734863,124200.0
2026-04-07 11:05:00,GOT.V,,1.5800000429153442,1.5800000429153442,1.5800000429153442,1.5800000429153442,700.0
2026-04-07 11:05:00,HIVE.V,,2.609999895095825,2.609999895095825,2.609999895095825,2.609999895095825,1590.0
2026-04-07 11:05:00,HME.V,,2.819999933242798,2.819999933242798,2.809999942779541,2.819999933242798,11900.0
2026-04-07 11:05:00,HSTR.V,,2.2899999618530273,2.2899999618530273,2.2899999618530273,2.2899999618530273,1199.0
2026-04-07 11:05:00,ITR.V,,3.9000000953674316,3.9000000953674316,3.9000000953674316,3.9000000953674316,200.0
2026-04-07 11:05:00,JUGR.V,,1.2999999523162842,1.2999999523162842,1.2999999523162842,1.2999999523162842,800.0
2026-04-07 11:05:00,KTN.V,,1.350000023841858,1.350000023841858,1.350000023841858,1.350000023841858,1200.0
2026-04-07 11:05:00,KTO.V,,0.699999988079071,0.699999988079071,0.699999988079071,0.699999988079071,0.0
2026-04-07 11:05:00,LCX.V,,2.0299999713897705,2.0299999713897705,2.0299999713897705,2.0299999713897705,7000.0
2026-04-07 11:05:00,LG.V,,0.33000001311302185,0.33000001311302185,0.33000001311302185,0.33000001311302185,7500.0
2026-04-07 11:05:00,LMN.V,,22.6200008392334,22.6200008392334,22.549999237060547,22.549999237060547,500.0
2026-04-07 11:05:00,LSTR.V,,0.10499999672174454,0.10499999672174454,0.10499999672174454,0.10499999672174454,7000.0
2026-04-07 11:05:00,PNG.V,,8.300000190734863,8.329999923706055,8.300000190734863,8.300000190734863,2000.0
2026-04-07 11:05:00,ZNG.V,,1.0199999809265137,1.0299999713897705,1.0199999809265137,1.0299999713897705,13200.0
2026-04-07 11:06:00,BIG.V,,0.6499999761581421,0.6499999761581421,0.6499999761581421,0.6499999761581421,2910.0
2026-04-07 11:06:00,EQTY.V,,0.2750000059604645,0.2750000059604645,0.2750000059604645,0.2750000059604645,5000.0
2026-04-07 11:06:00,GGO.V,,0.9599999785423279,0.9599999785423279,0.9599999785423279,0.9599999785423279,100.0
2026-04-07 11:06:00,GOT.V,,1.5800000429153442,1.5800000429153442,1.5800000429153442,1.5800000429153442,452.0
2026-04-07 11:06:00,GPAC.V,,0.4399999976158142,0.4399999976158142,0.4399999976158142,0.4399999976158142,500.0
2026-04-07 11:06:00,HIVE.V,,2.609999895095825,2.609999895095825,2.609999895095825,2.609999895095825,6210.0
2026-04-07 11:06:00,ICM.V,,0.11999999731779099,0.11999999731779099,0.11999999731779099,0.11999999731779099,2500.0
2026-04-07 11:06:00,IPT.V,,0.2199999988079071,0.22499999403953552,0.2199999988079071,0.22499999403953552,3000.0
2026-04-07 11:06:00,ITR.V,,3.890000104904175,3.890000104904175,3.890000104904175,3.890000104904175,4000.0
2026-04-07 11:06:00,LA.V,,11.770000457763672,11.770000457763672,11.770000457763672,11.770000457763672,200.0
2026-04-07 11:06:00,LCX.V,,2.0299999713897705,2.0299999713897705,2.0299999713897705,2.0299999713897705,100.0
2026-04-07 11:06:00,LG.V,,0.33000001311302185,0.33000001311302185,0.33000001311302185,0.33000001311302185,5000.0
2026-04-07 11:06:00,LMN.V,,22.594999313354492,22.75,22.594999313354492,22.600000381469727,2100.0
2026-04-07 11:06:00,LUCA.V,,1.340000033378601,1.340000033378601,1.3300000429153442,1.3300000429153442,2100.0
2026-04-07 11:06:00,MKO.V,,8.649999618530273,8.649999618530273,8.649999618530273,8.649999618530273,800.0
2026-04-07 11:06:00,MLP.V,,1.8600000143051147,1.8600000143051147,1.8600000143051147,1.8600000143051147,10700.0
2026-04-07 11:06:00,PNG.V,,8.279999732971191,8.300000190734863,8.279999732971191,8.300000190734863,1285.0
2026-04-07 11:06:00,ZNG.V,,1.0299999713897705,1.0299999713897705,1.0299999713897705,1.0299999713897705,2700.0
2026-04-07 11:07:00,EQTY.V,,0.2750000059604645,0.2750000059604645,0.2750000059604645,0.2750000059604645,20000.0
2026-04-07 11:07:00,GGO.V,,0.9700000286102295,0.9700000286102295,0.9700000286102295,0.9700000286102295,1900.0
2026-04-07 11:07:00,GOT.V,,1.590000033378601,1.590000033378601,1.5800000429153442,1.5800000429153442,6100.0
2026-04-07 11:07:00,GQC.V,,2.2799999713897705,2.2799999713897705,2.2799999713897705,2.2799999713897705,100.0
2026-04-07 11:07:00,HIVE.V,,2.609999895095825,2.609999895095825,2.609999895095825,2.609999895095825,3600.0
2026-04-07 11:07:00,ICM.V,,0.11500000208616257,0.11500000208616257,0.11500000208616257,0.11500000208616257,43394.0
2026-04-07 11:07:00,ITR.V,,3.9100000858306885,3.9100000858306885,3.9100000858306885,3.9100000858306885,1200.0
2026-04-07 11:07:00,LTH.V,,1.3350000381469727,1.3350000381469727,1.3350000381469727,1.3350000381469727,100.0
2026-04-07 11:07:00,PNG.V,,8.260000228881836,8.279999732971191,8.260000228881836,8.279999732971191,1600.0
2026-04-07 11:08:00,FMS.V,,0.3499999940395355,0.3499999940395355,0.3499999940395355,0.3499999940395355,1289.0
2026-04-07 11:08:00,GMG.V,,2.1500000953674316,2.1500000953674316,2.1500000953674316,2.1500000953674316,700.0
2026-04-07 11:08:00,HI.V,,0.14499999582767487,0.14499999582767487,0.14499999582767487,0.14499999582767487,1500.0
2026-04-07 11:08:00,HIVE.V,,2.609999895095825,2.609999895095825,2.5999999046325684,2.5999999046325684,500.0
2026-04-07 11:08:00,HMR.V,,0.8399999737739563,0.8399999737739563,0.8399999737739563,0.8399999737739563,1000.0
2026-04-07 11:08:00,ITR.V,,3.9100000858306885,3.9100000858306885,3.9100000858306885,3.9100000858306885,300.0
2026-04-07 11:08:00,PNG.V,,8.295000076293945,8.300000190734863,8.289999961853027,8.289999961853027,1000.0
2026-04-07 11:09:00,FPC.V,,0.3725000023841858,0.3725000023841858,0.3725000023841858,0.3725000023841858,500.0
2026-04-07 11:09:00,GOT.V,,1.590000033378601,1.590000033378601,1.590000033378601,1.590000033378601,3700.0
2026-04-07 11:09:00,IMI.V,,0.11500000208616257,0.11500000208616257,0.11500000208616257,0.11500000208616257,0.0
2026-04-07 11:09:00,KTN.V,,1.350000023841858,1.350000023841858,1.350000023841858,1.350000023841858,200.0
2026-04-07 11:10:00,FWZ.V,,4.309999942779541,4.309999942779541,4.309999942779541,4.309999942779541,512.0
2026-04-07 11:10:00,HEVI.V,,0.25999999046325684,0.25999999046325684,0.25999999046325684,0.25999999046325684,3000.0
2026-04-07 11:10:00,HIVE.V,,2.609999895095825,2.609999895095825,2.609999895095825,2.609999895095825,2800.0
2026-04-07 11:10:00,ITR.V,,3.9100000858306885,3.9100000858306885,3.9100000858306885,3.9100000858306885,1600.0
2026-04-07 11:10:00,LCX.V,,2.0199999809265137,2.0199999809265137,2.0199999809265137,2.0199999809265137,13500.0
2026-04-07 11:10:00,NICU.V,,2.0799999237060547,2.0850000381469727,2.0799999237060547,2.0799999237060547,1360.0
2026-04-07 11:10:00,PNG.V,,8.390000343322754,8.390000343322754,8.289999961853027,8.289999961853027,17120.0
2026-04-07 11:11:00,BIG.V,,0.6399999856948853,0.6399999856948853,0.6399999856948853,0.6399999856948853,1000.0
2026-04-07 11:11:00,GGO.V,,0.949999988079071,0.9599999785423279,0.949999988079071,0.9599999785423279,96300.0
2026-04-07 11:11:00,GMG.V,,2.1500000953674316,2.1500000953674316,2.1500000953674316,2.1500000953674316,200.0
2026-04-07 11:11:00,HEVI.V,,0.25,0.25,0.25,0.25,47348.0
2026-04-07 11:11:00,HIVE.V,,2.619999885559082,2.619999885559082,2.619999885559082,2.619999885559082,4000.0
2026-04-07 11:11:00,HME.V,,2.819999933242798,2.819999933242798,2.819999933242798,2.819999933242798,4200.0
2026-04-07 11:11:00,HSTR.V,,2.309999942779541,2.309999942779541,2.309999942779541,2.309999942779541,600.0
2026-04-07 11:11:00,IPT.V,,0.22499999403953552,0.22499999403953552,0.22499999403953552,0.22499999403953552,500.0
2026-04-07 11:11:00,LCX.V,,2.0199999809265137,2.0199999809265137,2.0199999809265137,2.0199999809265137,400.0
2026-04-07 11:11:00,LGC.V,,1.9800000190734863,1.9800000190734863,1.9800000190734863,1.9800000190734863,100.0
2026-04-07 11:11:00,MLP.V,,1.8600000143051147,1.8600000143051147,1.8600000143051147,1.8600000143051147,190.0
2026-04-07 11:11:00,PNG.V,,8.369999885559082,8.420000076293945,8.369999885559082,8.390000343322754,3300.0
2026-04-07 11:12:00,FWZ.V,,4.309999942779541,4.309999942779541,4.309999942779541,4.309999942779541,100.0
2026-04-07 11:12:00,GEN.V,,0.05999999865889549,0.05999999865889549,0.05999999865889549,0.05999999865889549,5000.0
2026-04-07 11:12:00,GGO.V,,0.949999988079071,0.949999988079071,0.949999988079071,0.949999988079071,100.0
2026-04-07 11:12:00,GMG.V,,2.140000104904175,2.140000104904175,2.140000104904175,2.140000104904175,400.0
2026-04-07 11:12:00,GOT.V,,1.590000033378601,1.590000033378601,1.590000033378601,1.590000033378601,100.0
2026-04-07 11:12:00,IPT.V,,0.22499999403953552,0.22499999403953552,0.22499999403953552,0.22499999403953552,10000.0
2026-04-07 11:12:00,LA.V,,11.770000457763672,11.770000457763672,11.770000457763672,11.770000457763672,100.0
2026-04-07 11:12:00,MRVL.V,,0.17499999701976776,0.17499999701976776,0.17499999701976776,0.17499999701976776,1000.0
2026-04-07 11:12:00,NICU.V,,2.0850000381469727,2.0850000381469727,2.0850000381469727,2.0850000381469727,300.0
2026-04-07 11:13:00,FPC.V,,0.3700000047683716,0.3700000047683716,0.3700000047683716,0.3700000047683716,1000.0
2026-04-07 11:13:00,FPX.V,,0.4300000071525574,0.4300000071525574,0.4300000071525574,0.4300000071525574,1642.0
2026-04-07 11:13:00,FRED.V,,0.5400000214576721,0.5400000214576721,0.5400000214576721,0.5400000214576721,1000.0
2026-04-07 11:13:00,FUU.V,,0.16500000655651093,0.16500000655651093,0.16500000655651093,0.16500000655651093,1000.0
2026-04-07 11:13:00,FWZ.V,,4.309999942779541,4.309999942779541,4.309999942779541,4.309999942779541,400.0
2026-04-07 11:13:00,GOT.V,,1.590000033378601,1.590000033378601,1.590000033378601,1.590000033378601,100.0
2026-04-07 11:13:00,GPAC.V,,0.4399999976158142,0.4399999976158142,0.4399999976158142,0.4399999976158142,500.0
2026-04-07 11:13:00,HIVE.V,,2.619999885559082,2.619999885559082,2.619999885559082,2.619999885559082,100.0
2026-04-07 11:13:00,HSTR.V,,2.309999942779541,2.309999942779541,2.309999942779541,2.309999942779541,200.0
2026-04-07 11:13:00,ITR.V,,3.9000000953674316,3.9100000858306885,3.9000000953674316,3.9100000858306885,600.0
2026-04-07 11:13:00,KLD.V,,2.4200000762939453,2.430000066757202,2.4200000762939453,2.4200000762939453,1400.0
2026-04-07 11:13:00,KTN.V,,1.350000023841858,1.350000023841858,1.350000023841858,1.350000023841858,100.0
2026-04-07 11:13:00,LTH.V,,1.3350000381469727,1.3350000381469727,1.3350000381469727,1.3350000381469727,100.0
2026-04-07 11:13:00,MKO.V,,8.640000343322754,8.649999618530273,8.640000343322754,8.649999618530273,700.0
2026-04-07 11:13:00,MLP.V,,1.8700000047683716,1.8700000047683716,1.8700000047683716,1.8700000047683716,300.0
2026-04-07 11:13:00,MTS.V,,0.15000000596046448,0.1550000011920929,0.15000000596046448,0.1550000011920929,0.0
2026-04-07 11:13:00,PNG.V,,8.350000381469727,8.350000381469727,8.350000381469727,8.350000381469727,400.0
2026-04-07 11:13:00,ZNG.V,,1.0199999809265137,1.0199999809265137,1.0199999809265137,1.0199999809265137,100.0
2026-04-07 11:14:00,FWZ.V,,4.320000171661377,4.320000171661377,4.300000190734863,4.309999942779541,12744.0
2026-04-07 11:14:00,GMG.V,,2.140000104904175,2.1500000953674316,2.140000104904175,2.1500000953674316,1200.0
2026-04-07 11:14:00,HME.V,,2.819999933242798,2.819999933242798,2.819999933242798,2.819999933242798,100.0
2026-04-07 11:14:00,MKO.V,,8.649999618530273,8.649999618530273,8.649999618530273,8.649999618530273,175.0
2026-04-07 11:14:00,MT.V,,0.25999999046325684,0.25999999046325684,0.25999999046325684,0.25999999046325684,0.0
2026-04-07 11:14:00,PNG.V,,8.359999656677246,8.359999656677246,8.350000381469727,8.350000381469727,900.0
2026-04-07 11:15:00,EXG.V,,0.11999999731779099,0.11999999731779099,0.11999999731779099,0.11999999731779099,10500.0
2026-04-07 11:15:00,FWZ.V,,4.340000152587891,4.340000152587891,4.340000152587891,4.340000152587891,2216.0
2026-04-07 11:15:00,GMG.V,,2.119999885559082,2.130000114440918,2.119999885559082,2.130000114440918,200.0
2026-04-07 11:15:00,HIVE.V,,2.630000114440918,2.630000114440918,2.619999885559082,2.619999885559082,16700.0
2026-04-07 11:15:00,HSTR.V,,2.309999942779541,2.309999942779541,2.305000066757202,2.305000066757202,400.0
2026-04-07 11:15:00,ITR.V,,3.9200000762939453,3.9200000762939453,3.9100000858306885,3.9100000858306885,200.0
2026-04-07 11:15:00,LG.V,,0.33000001311302185,0.33000001311302185,0.33000001311302185,0.33000001311302185,3500.0
2026-04-07 11:15:00,LMN.V,,22.670000076293945,22.670000076293945,22.53499984741211,22.53499984741211,400.0
2026-04-07 11:15:00,LTH.V,,1.340000033378601,1.340000033378601,1.340000033378601,1.340000033378601,100.0
2026-04-07 11:15:00,LUCA.V,,1.3450000286102295,1.3450000286102295,1.340000033378601,1.340000033378601,200.0
2026-04-07 11:15:00,MKO.V,,8.670000076293945,8.670000076293945,8.670000076293945,8.670000076293945,200.0
2026-04-07 11:15:00,NICU.V,,2.0899999141693115,2.0899999141693115,2.0899999141693115,2.0899999141693115,100.0
2026-04-07 11:15:00,NURS.V,,2.940000057220459,2.940000057220459,2.940000057220459,2.940000057220459,100.0
2026-04-07 11:15:00,PNG.V,,8.380000114440918,8.390000343322754,8.359999656677246,8.359999656677246,3905.0
2026-04-07 11:16:00,GRSL.V,,0.3050000071525574,0.3050000071525574,0.3050000071525574,0.3050000071525574,110668.0
2026-04-07 11:16:00,GSPR.V,,0.10000000149011612,0.10000000149011612,0.10000000149011612,0.10000000149011612,1000.0
2026-04-07 11:16:00,GSTM.V,,0.20499999821186066,0.20499999821186066,0.20499999821186066,0.20499999821186066,5000.0
2026-04-07 11:16:00,HEVI.V,,0.24500000476837158,0.24500000476837158,0.24500000476837158,0.24500000476837158,500.0
2026-04-07 11:16:00,HITI.V,,3.1700000762939453,3.1700000762939453,3.1700000762939453,3.1700000762939453,600.0
2026-04-07 11:16:00,HIVE.V,,2.630000114440918,2.630000114440918,2.630000114440918,2.630000114440918,49755.0
2026-04-07 11:16:00,HME.V,,2.809999942779541,2.809999942779541,2.809999942779541,2.809999942779541,800.0
2026-04-07 11:16:00,HSTR.V,,2.309999942779541,2.309999942779541,2.309999942779541,2.309999942779541,300.0
2026-04-07 11:16:00,ITR.V,,3.9200000762939453,3.9200000762939453,3.9200000762939453,3.9200000762939453,100.0
2026-04-07 11:16:00,LCX.V,,2.0199999809265137,2.0199999809265137,2.009999990463257,2.009999990463257,6100.0
2026-04-07 11:16:00,LMN.V,,22.780000686645508,22.780000686645508,22.780000686645508,22.780000686645508,100.0
2026-04-07 11:16:00,LUCA.V,,1.3450000286102295,1.3450000286102295,1.3450000286102295,1.3450000286102295,100.0
2026-04-07 11:16:00,NICU.V,,2.0850000381469727,2.0850000381469727,2.0850000381469727,2.0850000381469727,100.0
2026-04-07 11:16:00,PNG.V,,8.369999885559082,8.369999885559082,8.369999885559082,8.369999885559082,200.0
2026-04-07 11:16:00,ZNG.V,,1.0299999713897705,1.0299999713897705,1.0299999713897705,1.0299999713897705,300.0
2026-04-07 11:17:00,FPC.V,,0.3700000047683716,0.3700000047683716,0.3700000047683716,0.3700000047683716,1000.0
2026-04-07 11:17:00,GGO.V,,0.9599999785423279,0.9599999785423279,0.9599999785423279,0.9599999785423279,4800.0
2026-04-07 11:17:00,GLD.V,,0.08500000089406967,0.08500000089406967,0.07999999821186066,0.07999999821186066,13000.0
2026-04-07 11:17:00,GOT.V,,1.590000033378601,1.590000033378601,1.590000033378601,1.590000033378601,300.0
2026-04-07 11:17:00,GPH.V,,1.2200000286102295,1.2200000286102295,1.2200000286102295,1.2200000286102295,6800.0
2026-04-07 11:17:00,GR.V,,0.10000000149011612,0.10000000149011612,0.10000000149011612,0.10000000149011612,500.0
2026-04-07 11:17:00,GWM.V,,0.6100000143051147,0.6100000143051147,0.6100000143051147,0.6100000143051147,500.0
2026-04-07 11:17:00,IFOS.V,,3.7799999713897705,3.7799999713897705,3.7699999809265137,3.7699999809265137,200.0
2026-04-07 11:17:00,ITR.V,,3.930000066757202,3.930000066757202,3.930000066757202,3.930000066757202,2100.0
2026-04-07 11:17:00,KTN.V,,1.350000023841858,1.350000023841858,1.3450000286102295,1.3450000286102295,500.0
2026-04-07 11:17:00,LCX.V,,2.009999990463257,2.009999990463257,2.009999990463257,2.009999990463257,3100.0
2026-04-07 11:17:00,LRA.V,,3.6500000953674316,3.6500000953674316,3.6500000953674316,3.6500000953674316,381.0
2026-04-07 11:17:00,MMG.V,,0.2800000011920929,0.2800000011920929,0.2800000011920929,0.2800000011920929,30520.0
2026-04-07 11:17:00,MTA.V,,9.109999656677246,9.109999656677246,9.109999656677246,9.109999656677246,100.0
2026-04-07 11:17:00,NURS.V,,2.9600000381469727,2.9600000381469727,2.9600000381469727,2.9600000381469727,100.0
2026-04-07 11:17:00,PNG.V,,8.390000343322754,8.390000343322754,8.390000343322754,8.390000343322754,500.0
2026-04-07 11:18:00,FPX.V,,0.4300000071525574,0.4300000071525574,0.4300000071525574,0.4300000071525574,13500.0
2026-04-07 11:18:00,GMG.V,,2.059999942779541,2.134999990463257,2.059999942779541,2.134999990463257,12516.0
2026-04-07 11:18:00,GOT.V,,1.590000033378601,1.590000033378601,1.590000033378601,1.590000033378601,100.0
2026-04-07 11:18:00,GPH.V,,1.2300000190734863,1.2300000190734863,1.2300000190734863,1.2300000190734863,2500.0
2026-04-07 11:18:00,GSI.V,,1.2300000190734863,1.2300000190734863,1.2300000190734863,1.2300000190734863,100.0
2026-04-07 11:18:00,GWM.V,,0.6100000143051147,0.6100000143051147,0.6100000143051147,0.6100000143051147,1482.0
2026-04-07 11:18:00,HIVE.V,,2.630000114440918,2.630000114440918,2.630000114440918,2.630000114440918,6030.0
2026-04-07 11:18:00,KTN.V,,1.3450000286102295,1.350000023841858,1.3450000286102295,1.3450000286102295,9300.0
2026-04-07 11:18:00,LCX.V,,2.0,2.009999990463257,2.0,2.009999990463257,1500.0
2026-04-07 11:18:00,PNG.V,,8.369999885559082,8.380000114440918,8.369999885559082,8.369999885559082,500.0
2026-04-07 11:19:00,GOT.V,,1.590000033378601,1.590000033378601,1.590000033378601,1.590000033378601,1305.0
2026-04-07 11:19:00,GSI.V,,1.2200000286102295,1.2200000286102295,1.2200000286102295,1.2200000286102295,3600.0
2026-04-07 11:19:00,JEV.V,,0.09000000357627869,0.09000000357627869,0.09000000357627869,0.09000000357627869,220100.0
2026-04-07 11:19:00,KTN.V,,1.350000023841858,1.350000023841858,1.350000023841858,1.350000023841858,100.0
2026-04-07 11:19:00,LCX.V,,2.0,2.0,2.0,2.0,8000.0
2026-04-07 11:19:00,LGC.V,,1.9700000286102295,1.9700000286102295,1.9700000286102295,1.9700000286102295,100.0
2026-04-07 11:19:00,MMG.V,,0.2849999964237213,0.2849999964237213,0.2849999964237213,0.2849999964237213,3000.0
2026-04-07 11:20:00,GMV.V,,0.18000000715255737,0.18000000715255737,0.18000000715255737,0.18000000715255737,4500.0
2026-04-07 11:20:00,GPAC.V,,0.4399999976158142,0.4399999976158142,0.4399999976158142,0.4399999976158142,8000.0
2026-04-07 11:20:00,HI.V,,0.14499999582767487,0.14499999582767487,0.14499999582767487,0.14499999582767487,30000.0
2026-04-07 11:20:00,KTN.V,,1.350000023841858,1.350000023841858,1.350000023841858,1.350000023841858,500.0
2026-04-07 11:20:00,MLP.V,,1.8700000047683716,1.8700000047683716,1.8700000047683716,1.8700000047683716,6600.0
2026-04-07 11:20:00,NURS.V,,2.990000009536743,2.990000009536743,2.990000009536743,2.990000009536743,1000.0
2026-04-07 11:20:00,PNG.V,,8.430000305175781,8.4399995803833,8.385000228881836,8.385000228881836,4261.0
2026-04-07 11:20:00,ROAR.V,,0.20999999344348907,0.20999999344348907,0.20999999344348907,0.20999999344348907,36500.0
2026-04-07 11:21:00,GLD.V,,0.07500000298023224,0.07500000298023224,0.07500000298023224,0.07500000298023224,1771.0
2026-04-07 11:21:00,GMG.V,,2.049999952316284,2.0899999141693115,2.049999952316284,2.0899999141693115,1600.0
2026-04-07 11:21:00,GPH.V,,1.2300000190734863,1.2300000190734863,1.2300000190734863,1.2300000190734863,100.0
2026-04-07 11:21:00,GSVR.V,,0.5799999833106995,0.5799999833106995,0.5799999833106995,0.5799999833106995,42000.0
2026-04-07 11:21:00,HSTR.V,,2.309999942779541,2.309999942779541,2.309999942779541,2.309999942779541,1200.0
2026-04-07 11:21:00,ITR.V,,3.930000066757202,3.930000066757202,3.930000066757202,3.930000066757202,600.0
2026-04-07 11:21:00,KRY.V,,3.180000066757202,3.180000066757202,3.180000066757202,3.180000066757202,100.0
2026-04-07 11:21:00,LG.V,,0.33000001311302185,0.33000001311302185,0.33000001311302185,0.33000001311302185,61550.0
2026-04-07 11:21:00,LSL.V,,0.38999998569488525,0.38999998569488525,0.38999998569488525,0.38999998569488525,1000.0
2026-04-07 11:21:00,MKO.V,,8.699999809265137,8.699999809265137,8.699999809265137,8.699999809265137,100.0
2026-04-07 11:21:00,PNG.V,,8.4399995803833,8.4399995803833,8.4399995803833,8.4399995803833,300.0
2026-04-07 11:21:00,ROAR.V,,0.2150000035762787,0.2150000035762787,0.2150000035762787,0.2150000035762787,6000.0
2026-04-07 11:22:00,BIG.V,,0.6549999713897705,0.6549999713897705,0.6549999713897705,0.6549999713897705,2000.0
2026-04-07 11:22:00,FPX.V,,0.42500001192092896,0.42500001192092896,0.42500001192092896,0.42500001192092896,7000.0
2026-04-07 11:22:00,GSI.V,,1.2100000381469727,1.2200000286102295,1.2100000381469727,1.2200000286102295,6900.0
2026-04-07 11:22:00,GSVR.V,,0.5799999833106995,0.5799999833106995,0.5799999833106995,0.5799999833106995,21000.0
2026-04-07 11:22:00,IFOS.V,,3.740000009536743,3.759999990463257,3.740000009536743,3.759999990463257,14800.0
2026-04-07 11:22:00,INFI.V,,0.25999999046325684,0.25999999046325684,0.25999999046325684,0.25999999046325684,12000.0
2026-04-07 11:22:00,KTN.V,,1.350000023841858,1.350000023841858,1.350000023841858,1.350000023841858,100.0
2026-04-07 11:22:00,LG.V,,0.33000001311302185,0.33000001311302185,0.33000001311302185,0.33000001311302185,10600.0
2026-04-07 11:22:00,LIS.V,,0.4950000047683716,0.4950000047683716,0.4950000047683716,0.4950000047683716,14500.0
2026-04-07 11:22:00,NICU.V,,2.0899999141693115,2.0899999141693115,2.0899999141693115,2.0899999141693115,100.0
2026-04-07 11:22:00,PNG.V,,8.460000038146973,8.460000038146973,8.449999809265137,8.449999809265137,600.0
2026-04-07 11:23:00,GPAC.V,,0.4399999976158142,0.4399999976158142,0.4399999976158142,0.4399999976158142,21000.0
2026-04-07 11:23:00,GSI.V,,1.2100000381469727,1.2100000381469727,1.2100000381469727,1.2100000381469727,2400.0
2026-04-07 11:23:00,HSTR.V,,2.309999942779541,2.309999942779541,2.305000066757202,2.309999942779541,5000.0
2026-04-07 11:23:00,IPT.V,,0.23000000417232513,0.23000000417232513,0.23000000417232513,0.23000000417232513,1500.0
2026-04-07 11:23:00,ITR.V,,3.9200000762939453,3.930000066757202,3.9200000762939453,3.930000066757202,200.0
2026-04-07 11:23:00,JEV.V,,0.09000000357627869,0.09000000357627869,0.09000000357627869,0.09000000357627869,200000.0
2026-04-07 11:23:00,LCX.V,,2.009999990463257,2.0199999809265137,2.009999990463257,2.009999990463257,2100.0
2026-04-07 11:23:00,MTA.V,,9.119999885559082,9.119999885559082,9.119999885559082,9.119999885559082,100.0
2026-04-07 11:23:00,NURS.V,,3.069999933242798,3.069999933242798,3.0,3.0,1200.0
2026-04-07 11:23:00,PNG.V,,8.380000114440918,8.430000305175781,8.380000114440918,8.430000305175781,2242.0
2026-04-07 11:24:00,GPAC.V,,0.4399999976158142,0.4399999976158142,0.4399999976158142,0.4399999976158142,500.0
2026-04-07 11:24:00,GRSL.V,,0.30000001192092896,0.30000001192092896,0.30000001192092896,0.30000001192092896,6500.0
2026-04-07 11:24:00,GSTM.V,,0.20499999821186066,0.20499999821186066,0.20499999821186066,0.20499999821186066,5000.0
2026-04-07 11:24:00,GSVR.V,,0.5799999833106995,0.5799999833106995,0.5799999833106995,0.5799999833106995,2500.0
2026-04-07 11:24:00,HIVE.V,,2.630000114440918,2.630000114440918,2.630000114440918,2.630000114440918,6630.0
2026-04-07 11:24:00,HSTR.V,,2.2899999618530273,2.2899999618530273,2.2899999618530273,2.2899999618530273,2500.0
2026-04-07 11:24:00,LIO.V,,0.23999999463558197,0.23999999463558197,0.23999999463558197,0.23999999463558197,5000.0
2026-04-07 11:24:00,MKO.V,,8.720000267028809,8.720000267028809,8.720000267028809,8.720000267028809,100.0
2026-04-07 11:24:00,PNG.V,,8.369999885559082,8.380000114440918,8.369999885559082,8.380000114440918,300.0
2026-04-07 11:24:00,ZNG.V,,1.0199999809265137,1.0199999809265137,1.0199999809265137,1.0199999809265137,100.0
2026-04-07 11:25:00,FWZ.V,,4.309999942779541,4.309999942779541,4.309999942779541,4.309999942779541,500.0
2026-04-07 11:25:00,GOT.V,,1.590000033378601,1.590000033378601,1.590000033378601,1.590000033378601,1100.0
2026-04-07 11:25:00,HCH.V,,1.2300000190734863,1.2300000190734863,1.2300000190734863,1.2300000190734863,100.0
2026-04-07 11:25:00,HEVI.V,,0.25,0.25,0.25,0.25,2000.0
2026-04-07 11:25:00,HIVE.V,,2.630000114440918,2.630000114440918,2.630000114440918,2.630000114440918,373.0
2026-04-07 11:25:00,HME.V,,2.809999942779541,2.819999933242798,2.809999942779541,2.809999942779541,3000.0
2026-04-07 11:25:00,HSTR.V,,2.2899999618530273,2.2899999618530273,2.2899999618530273,2.2899999618530273,2700.0
2026-04-07 11:25:00,NICU.V,,2.0799999237060547,2.0799999237060547,2.0799999237060547,2.0799999237060547,100.0
2026-04-07 11:25:00,PNG.V,,8.380000114440918,8.380000114440918,8.380000114440918,8.380000114440918,200.0
2026-04-07 11:25:00,TUF.V,,0.24500000476837158,0.24500000476837158,0.24500000476837158,0.24500000476837158,6000.0
2026-04-07 11:26:00,FWZ.V,,4.349999904632568,4.349999904632568,4.329999923706055,4.329999923706055,700.0
2026-04-07 11:26:00,GOT.V,,1.590000033378601,1.590000033378601,1.590000033378601,1.590000033378601,400.0
2026-04-07 11:26:00,HSTR.V,,2.2899999618530273,2.2899999618530273,2.2899999618530273,2.2899999618530273,6550.0
2026-04-07 11:26:00,ITR.V,,3.930000066757202,3.930000066757202,3.930000066757202,3.930000066757202,800.0
2026-04-07 11:26:00,KTN.V,,1.350000023841858,1.350000023841858,1.350000023841858,1.350000023841858,100.0
2026-04-07 11:26:00,PNG.V,,8.359999656677246,8.380000114440918,8.359999656677246,8.380000114440918,2400.0
2026-04-07 11:27:00,GSVR.V,,0.5799999833106995,0.5799999833106995,0.5799999833106995,0.5799999833106995,500.0
2026-04-07 11:27:00,HME.V,,2.819999933242798,2.819999933242798,2.815000057220459,2.815000057220459,3800.0
2026-04-07 11:27:00,NICU.V,,2.0899999141693115,2.0899999141693115,2.0899999141693115,2.0899999141693115,100.0
2026-04-07 11:27:00,PNG.V,,8.350000381469727,8.350000381469727,8.350000381469727,8.350000381469727,4304.0
2026-04-07 11:27:00,YGT.V,,0.1899999976158142,0.1899999976158142,0.1899999976158142,0.1899999976158142,5000.0
2026-04-07 11:28:00,AUEN.V,,0.27000001072883606,0.27000001072883606,0.27000001072883606,0.27000001072883606,23500.0
2026-04-07 11:28:00,FMAN.V,,0.3100000023841858,0.3100000023841858,0.3100000023841858,0.3100000023841858,9000.0
2026-04-07 11:28:00,GGO.V,,0.9599999785423279,0.9599999785423279,0.9599999785423279,0.9599999785423279,15300.0
2026-04-07 11:28:00,GRSL.V,,0.30000001192092896,0.30000001192092896,0.30000001192092896,0.30000001192092896,34500.0
2026-04-07 11:28:00,GWM.V,,0.6100000143051147,0.6100000143051147,0.6100000143051147,0.6100000143051147,3500.0
2026-04-07 11:28:00,HME.V,,2.819999933242798,2.819999933242798,2.819999933242798,2.819999933242798,5000.0
2026-04-07 11:28:00,HSTR.V,,2.2899999618530273,2.2899999618530273,2.2899999618530273,2.2899999618530273,900.0
2026-04-07 11:28:00,KGS.V,,0.11999999731779099,0.11999999731779099,0.11999999731779099,0.11999999731779099,91500.0
2026-04-07 11:28:00,KTN.V,,1.350000023841858,1.350000023841858,1.350000023841858,1.350000023841858,100.0
2026-04-07 11:28:00,LTH.V,,1.3250000476837158,1.3350000381469727,1.3250000476837158,1.3350000381469727,9000.0
2026-04-07 11:28:00,MLP.V,,1.8600000143051147,1.8600000143051147,1.8600000143051147,1.8600000143051147,4000.0
2026-04-07 11:29:00,GPG.V,,0.38999998569488525,0.38999998569488525,0.38999998569488525,0.38999998569488525,8000.0
2026-04-07 11:29:00,HCH.V,,1.2400000095367432,1.2400000095367432,1.2400000095367432,1.2400000095367432,870.0
2026-04-07 11:29:00,HEVI.V,,0.24500000476837158,0.24500000476837158,0.24500000476837158,0.24500000476837158,5000.0
2026-04-07 11:29:00,HIVE.V,,2.640000104904175,2.640000104904175,2.630000114440918,2.630000114440918,13320.0
2026-04-07 11:29:00,HSTR.V,,2.2750000953674316,2.2799999713897705,2.2750000953674316,2.2799999713897705,3300.0
2026-04-07 11:29:00,KGS.V,,0.11999999731779099,0.11999999731779099,0.11999999731779099,0.11999999731779099,113500.0
2026-04-07 11:29:00,KTN.V,,1.350000023841858,1.350000023841858,1.350000023841858,1.350000023841858,100.0
2026-04-07 11:29:00,LGN.V,,0.9700000286102295,0.9700000286102295,0.9700000286102295,0.9700000286102295,500.0
2026-04-07 11:29:00,LTH.V,,1.3250000476837158,1.3250000476837158,1.3200000524520874,1.3200000524520874,6400.0
2026-04-07 11:29:00,LUCA.V,,1.3450000286102295,1.3450000286102295,1.3450000286102295,1.3450000286102295,100.0
2026-04-07 11:29:00,MTA.V,,9.140000343322754,9.140000343322754,9.140000343322754,9.140000343322754,100.0
2026-04-07 11:29:00,NICU.V,,2.0899999141693115,2.0899999141693115,2.0899999141693115,2.0899999141693115,100.0
2026-04-07 11:29:00,PNG.V,,8.399999618530273,8.399999618530273,8.350000381469727,8.350000381469727,1000.0
2026-04-07 11:29:00,ROAR.V,,0.2199999988079071,0.2199999988079071,0.2199999988079071,0.2199999988079071,2000.0
2026-04-07 11:29:00,TUF.V,,0.24500000476837158,0.24500000476837158,0.24500000476837158,0.24500000476837158,7000.0
2026-04-07 11:30:00,ESK.V,,0.4350000023841858,0.4350000023841858,0.4350000023841858,0.4350000023841858,500.0
2026-04-07 11:30:00,FWZ.V,,4.349999904632568,4.349999904632568,4.349999904632568,4.349999904632568,800.0
2026-04-07 11:30:00,HAR.V,,0.054999999701976776,0.054999999701976776,0.054999999701976776,0.054999999701976776,0.0
2026-04-07 11:30:00,HIVE.V,,2.640000104904175,2.640000104904175,2.640000104904175,2.640000104904175,2600.0
2026-04-07 11:30:00,KGS.V,,0.11999999731779099,0.11999999731779099,0.11999999731779099,0.11999999731779099,33000.0
2026-04-07 11:30:00,LG.V,,0.32499998807907104,0.32499998807907104,0.32499998807907104,0.32499998807907104,61448.0
2026-04-07 11:30:00,LMR.V,,0.08500000089406967,0.08500000089406967,0.08500000089406967,0.08500000089406967,1245.0
2026-04-07 11:30:00,MTA.V,,9.119999885559082,9.119999885559082,9.119999885559082,9.119999885559082,150.0
2026-04-07 11:30:00,ROAR.V,,0.2199999988079071,0.2199999988079071,0.2199999988079071,0.2199999988079071,3000.0
2026-04-07 11:31:00,FRED.V,,0.550000011920929,0.550000011920929,0.550000011920929,0.550000011920929,4500.0
2026-04-07 11:31:00,GDP.V,,0.28999999165534973,0.28999999165534973,0.28999999165534973,0.28999999165534973,0.0
2026-04-07 11:31:00,GRSL.V,,0.30250000953674316,0.30250000953674316,0.30250000953674316,0.30250000953674316,500.0
2026-04-07 11:31:00,GSVR.V,,0.5799999833106995,0.5799999833106995,0.5799999833106995,0.5799999833106995,500.0
2026-04-07 11:31:00,HIVE.V,,2.640000104904175,2.640000104904175,2.640000104904175,2.640000104904175,15100.0
2026-04-07 11:31:00,IOT.V,,0.17000000178813934,0.17000000178813934,0.17000000178813934,0.17000000178813934,0.0
2026-04-07 11:31:00,KLDC.V,,0.18000000715255737,0.18000000715255737,0.18000000715255737,0.18000000715255737,500.0
2026-04-07 11:31:00,LG.V,,0.33000001311302185,0.33000001311302185,0.32499998807907104,0.32499998807907104,68500.0
2026-04-07 11:31:00,LGN.V,,0.9700000286102295,0.9700000286102295,0.9700000286102295,0.9700000286102295,1391.0
2026-04-07 11:31:00,PNG.V,,8.385000228881836,8.385000228881836,8.385000228881836,8.385000228881836,2500.0
2026-04-07 11:31:00,ZNG.V,,1.0299999713897705,1.0299999713897705,1.0299999713897705,1.0299999713897705,100.0
2026-04-07 11:32:00,GPAC.V,,0.4399999976158142,0.4399999976158142,0.4399999976158142,0.4399999976158142,1000.0
2026-04-07 11:32:00,HIVE.V,,2.630000114440918,2.640000104904175,2.630000114440918,2.640000104904175,12530.0
2026-04-07 11:32:00,KTN.V,,1.350000023841858,1.350000023841858,1.350000023841858,1.350000023841858,4400.0
2026-04-07 11:32:00,LG.V,,0.33000001311302185,0.33000001311302185,0.33000001311302185,0.33000001311302185,5000.0
2026-04-07 11:32:00,NICU.V,,2.0899999141693115,2.0899999141693115,2.0899999141693115,2.0899999141693115,300.0
2026-04-07 11:32:00,PNG.V,,8.399999618530273,8.399999618530273,8.399999618530273,8.399999618530273,300.0
2026-04-07 11:33:00,KGS.V,,0.12999999523162842,0.12999999523162842,0.12999999523162842,0.12999999523162842,134000.0
2026-04-07 11:33:00,MCF.V,,0.03999999910593033,0.03999999910593033,0.03999999910593033,0.03999999910593033,26000.0
2026-04-07 11:33:00,MLP.V,,1.850000023841858,1.850000023841858,1.850000023841858,1.850000023841858,100.0
2026-04-07 11:33:00,PNG.V,,8.385000228881836,8.399999618530273,8.385000228881836,8.399999618530273,200.0
2026-04-07 11:34:00,GOT.V,,1.5950000286102295,1.5950000286102295,1.5950000286102295,1.5950000286102295,100.0
2026-04-07 11:34:00,GQC.V,,2.2899999618530273,2.2899999618530273,2.2899999618530273,2.2899999618530273,307.0
2026-04-07 11:34:00,GSVR.V,,0.5899999737739563,0.5899999737739563,0.5849999785423279,0.5849999785423279,41000.0
2026-04-07 11:34:00,HSTR.V,,2.2699999809265137,2.2799999713897705,2.2699999809265137,2.2799999713897705,2100.0
2026-04-07 11:34:00,ICM.V,,0.11500000208616257,0.11500000208616257,0.11500000208616257,0.11500000208616257,5046.0
2026-04-07 11:34:00,LG.V,,0.33000001311302185,0.33000001311302185,0.33000001311302185,0.33000001311302185,10480.0
2026-04-07 11:34:00,LTH.V,,1.3250000476837158,1.3250000476837158,1.3250000476837158,1.3250000476837158,100.0
2026-04-07 11:34:00,PNG.V,,8.40999984741211,8.40999984741211,8.390000343322754,8.399999618530273,800.0
2026-04-07 11:35:00,FWZ.V,,4.320000171661377,4.320000171661377,4.309999942779541,4.320000171661377,2250.0
2026-04-07 11:35:00,GMG.V,,2.049999952316284,2.059999942779541,2.049999952316284,2.059999942779541,1700.0
2026-04-07 11:35:00,GOT.V,,1.590000033378601,1.590000033378601,1.590000033378601,1.590000033378601,100.0
2026-04-07 11:35:00,HME.V,,2.819999933242798,2.819999933242798,2.819999933242798,2.819999933242798,100.0
2026-04-07 11:35:00,LTH.V,,1.3250000476837158,1.3250000476837158,1.3200000524520874,1.3200000524520874,5200.0
2026-04-07 11:35:00,PNG.V,,8.369999885559082,8.369999885559082,8.369999885559082,8.369999885559082,1100.0
2026-04-07 11:36:00,FUU.V,,0.16500000655651093,0.16500000655651093,0.16500000655651093,0.16500000655651093,15000.0
2026-04-07 11:36:00,FWZ.V,,4.320000171661377,4.320000171661377,4.320000171661377,4.320000171661377,1200.0
2026-04-07 11:36:00,GQC.V,,2.2899999618530273,2.2899999618530273,2.2899999618530273,2.2899999618530273,100.0
2026-04-07 11:36:00,GRSL.V,,0.30000001192092896,0.30000001192092896,0.30000001192092896,0.30000001192092896,66000.0
2026-04-07 11:36:00,HME.V,,2.809999942779541,2.809999942779541,2.809999942779541,2.809999942779541,300.0
2026-04-07 11:36:00,HPL.V,,0.10999999940395355,0.10999999940395355,0.10999999940395355,0.10999999940395355,99000.0
2026-04-07 11:36:00,LTH.V,,1.3300000429153442,1.3300000429153442,1.3300000429153442,1.3300000429153442,900.0
2026-04-07 11:36:00,MCF.V,,0.03999999910593033,0.03999999910593033,0.03999999910593033,0.03999999910593033,2003.0
2026-04-07 11:37:00,FWZ.V,,4.320000171661377,4.320000171661377,4.320000171661377,4.320000171661377,100.0
2026-04-07 11:37:00,GOT.V,,1.5800000429153442,1.5800000429153442,1.5800000429153442,1.5800000429153442,3950.0
2026-04-07 11:37:00,GQC.V,,2.2899999618530273,2.2899999618530273,2.2899999618530273,2.2899999618530273,100.0
2026-04-07 11:37:00,HSTR.V,,2.2799999713897705,2.2799999713897705,2.2799999713897705,2.2799999713897705,1100.0
2026-04-07 11:37:00,ITR.V,,3.940000057220459,3.940000057220459,3.940000057220459,3.940000057220459,400.0
2026-04-07 11:37:00,KGS.V,,0.12999999523162842,0.12999999523162842,0.12999999523162842,0.12999999523162842,125000.0
2026-04-07 11:37:00,LSL.V,,0.38499999046325684,0.38499999046325684,0.38499999046325684,0.38499999046325684,6598.0
2026-04-07 11:37:00,MLP.V,,1.8600000143051147,1.8600000143051147,1.8600000143051147,1.8600000143051147,100.0
2026-04-07 11:37:00,PNG.V,,8.359999656677246,8.359999656677246,8.359999656677246,8.359999656677246,100.0
2026-04-07 11:38:00,FO.V,,0.38499999046325684,0.38499999046325684,0.38499999046325684,0.38499999046325684,15500.0
2026-04-07 11:38:00,GR.V,,0.10499999672174454,0.10499999672174454,0.10499999672174454,0.10499999672174454,1000.0
2026-04-07 11:38:00,GRSL.V,,0.30000001192092896,0.30000001192092896,0.30000001192092896,0.30000001192092896,144000.0
2026-04-07 11:38:00,HSTR.V,,2.2799999713897705,2.2799999713897705,2.2799999713897705,2.2799999713897705,200.0
2026-04-07 11:38:00,KGS.V,,0.12999999523162842,0.12999999523162842,0.12999999523162842,0.12999999523162842,5000.0
2026-04-07 11:38:00,KRI.V,,0.3050000071525574,0.3050000071525574,0.3050000071525574,0.3050000071525574,1000.0
2026-04-07 11:38:00,LTH.V,,1.3300000429153442,1.3300000429153442,1.3300000429153442,1.3300000429153442,100.0
2026-04-07 11:38:00,LUCA.V,,1.340000033378601,1.340000033378601,1.340000033378601,1.340000033378601,100.0
2026-04-07 11:38:00,MKO.V,,8.6899995803833,8.704999923706055,8.6899995803833,8.704999923706055,800.0
2026-04-07 11:38:00,PNG.V,,8.369999885559082,8.399999618530273,8.369999885559082,8.380000114440918,500.0
2026-04-07 11:39:00,FWZ.V,,4.300000190734863,4.320000171661377,4.300000190734863,4.320000171661377,1100.0
2026-04-07 11:39:00,GMG.V,,2.0899999141693115,2.0899999141693115,2.069999933242798,2.069999933242798,3900.0
2026-04-07 11:39:00,GOT.V,,1.5800000429153442,1.5800000429153442,1.5800000429153442,1.5800000429153442,100.0
2026-04-07 11:39:00,GWM.V,,0.6100000143051147,0.6100000143051147,0.6100000143051147,0.6100000143051147,5000.0
2026-04-07 11:39:00,HSTR.V,,2.2799999713897705,2.2850000858306885,2.2799999713897705,2.2850000858306885,500.0
2026-04-07 11:39:00,KRI.V,,0.3050000071525574,0.3050000071525574,0.3050000071525574,0.3050000071525574,500.0
2026-04-07 11:39:00,KTN.V,,1.350000023841858,1.350000023841858,1.350000023841858,1.350000023841858,2300.0
2026-04-07 11:39:00,LG.V,,0.33000001311302185,0.33000001311302185,0.33000001311302185,0.33000001311302185,12000.0
2026-04-07 11:39:00,LGN.V,,0.9700000286102295,0.9700000286102295,0.9700000286102295,0.9700000286102295,2000.0
2026-04-07 11:39:00,LIO.V,,0.23999999463558197,0.23999999463558197,0.23999999463558197,0.23999999463558197,1000.0
2026-04-07 11:39:00,LUCA.V,,1.340000033378601,1.340000033378601,1.340000033378601,1.340000033378601,100.0
2026-04-07 11:39:00,MKO.V,,8.65999984741211,8.65999984741211,8.65999984741211,8.65999984741211,200.0
2026-04-07 11:39:00,MLP.V,,1.8300000429153442,1.850000023841858,1.8300000429153442,1.850000023841858,63439.0
2026-04-07 11:39:00,NICU.V,,2.0850000381469727,2.0850000381469727,2.0850000381469727,2.0850000381469727,100.0
2026-04-07 11:39:00,PNG.V,,8.390000343322754,8.390000343322754,8.390000343322754,8.390000343322754,100.0
2026-04-07 11:39:00,TUF.V,,0.24500000476837158,0.24500000476837158,0.24500000476837158,0.24500000476837158,1000.0
2026-04-07 11:40:00,EQTY.V,,0.2750000059604645,0.2750000059604645,0.2750000059604645,0.2750000059604645,11010.0
2026-04-07 11:40:00,GGO.V,,0.9599999785423279,0.9599999785423279,0.9599999785423279,0.9599999785423279,2600.0
2026-04-07 11:40:00,GPAC.V,,0.4399999976158142,0.4399999976158142,0.4399999976158142,0.4399999976158142,500.0
2026-04-07 11:40:00,HELI.V,,0.05000000074505806,0.05000000074505806,0.05000000074505806,0.05000000074505806,292700.0
2026-04-07 11:40:00,HSTR.V,,2.2799999713897705,2.2850000858306885,2.2799999713897705,2.2799999713897705,5200.0
2026-04-07 11:40:00,ITR.V,,3.9100000858306885,3.9100000858306885,3.9100000858306885,3.9100000858306885,400.0
2026-04-07 11:40:00,MKO.V,,8.649999618530273,8.649999618530273,8.649999618530273,8.649999618530273,2200.0
2026-04-07 11:41:00,FDR.V,,3.700000047683716,3.700000047683716,3.700000047683716,3.700000047683716,1100.0
2026-04-07 11:41:00,ITR.V,,3.9000000953674316,3.9000000953674316,3.9000000953674316,3.9000000953674316,100.0
2026-04-07 11:41:00,LGN.V,,0.9700000286102295,0.9700000286102295,0.9700000286102295,0.9700000286102295,500.0
2026-04-07 11:41:00,LUCA.V,,1.340000033378601,1.340000033378601,1.3300000429153442,1.340000033378601,7022.0
2026-04-07 11:41:00,MCS.V,,2.1600000858306885,2.1600000858306885,2.1600000858306885,2.1600000858306885,200.0
2026-04-07 11:41:00,MLP.V,,1.850000023841858,1.8600000143051147,1.850000023841858,1.850000023841858,10100.0
2026-04-07 11:41:00,NURS.V,,3.0,3.0,3.0,3.0,100.0
2026-04-07 11:41:00,PNG.V,,8.350000381469727,8.380000114440918,8.350000381469727,8.380000114440918,3450.0
2026-04-07 11:42:00,FO.V,,0.3799999952316284,0.3799999952316284,0.3799999952316284,0.3799999952316284,19500.0
2026-04-07 11:42:00,GRZ.V,,5.599999904632568,5.599999904632568,5.599999904632568,5.599999904632568,100.0
2026-04-07 11:42:00,HME.V,,2.819999933242798,2.819999933242798,2.819999933242798,2.819999933242798,200.0
2026-04-07 11:42:00,KNG.V,,1.25,1.25,1.25,1.25,800.0
2026-04-07 11:42:00,LTH.V,,1.3250000476837158,1.3250000476837158,1.3250000476837158,1.3250000476837158,100.0
2026-04-07 11:42:00,PNG.V,,8.34000015258789,8.350000381469727,8.34000015258789,8.350000381469727,1000.0
2026-04-07 11:43:00,LCX.V,,2.0,2.0,2.0,2.0,900.0
2026-04-07 11:43:00,LMN.V,,22.940000534057617,22.940000534057617,22.6299991607666,22.6299991607666,276.0
2026-04-07 11:43:00,ZNG.V,,1.0199999809265137,1.0199999809265137,1.0199999809265137,1.0199999809265137,100.0
2026-04-07 11:44:00,GEN.V,,0.05999999865889549,0.05999999865889549,0.05999999865889549,0.05999999865889549,8000.0
2026-04-07 11:44:00,GQC.V,,2.2799999713897705,2.2799999713897705,2.2799999713897705,2.2799999713897705,1300.0
2026-04-07 11:44:00,GR.V,,0.10000000149011612,0.10000000149011612,0.10000000149011612,0.10000000149011612,9300.0
2026-04-07 11:44:00,GTC.V,,0.17000000178813934,0.17000000178813934,0.17000000178813934,0.17000000178813934,1000.0
2026-04-07 11:44:00,HIVE.V,,2.6500000953674316,2.6500000953674316,2.6500000953674316,2.6500000953674316,4000.0
2026-04-07 11:44:00,IFOS.V,,3.759999990463257,3.759999990463257,3.759999990463257,3.759999990463257,100.0
2026-04-07 11:44:00,LTH.V,,1.3250000476837158,1.3250000476837158,1.3250000476837158,1.3250000476837158,100.0
2026-04-07 11:44:00,NICU.V,,2.0799999237060547,2.0799999237060547,2.0799999237060547,2.0799999237060547,1700.0
2026-04-07 11:44:00,PNG.V,,8.354999542236328,8.354999542236328,8.354999542236328,8.354999542236328,3206.0
2026-04-07 11:45:00,FWZ.V,,4.289999961853027,4.289999961853027,4.289999961853027,4.289999961853027,300.0
2026-04-07 11:45:00,GBML.V,,0.1599999964237213,0.1599999964237213,0.1599999964237213,0.1599999964237213,11000.0
2026-04-07 11:45:00,GQC.V,,2.2799999713897705,2.2799999713897705,2.2799999713897705,2.2799999713897705,5000.0
2026-04-07 11:45:00,HEVI.V,,0.24500000476837158,0.24500000476837158,0.24500000476837158,0.24500000476837158,1000.0
2026-04-07 11:45:00,HME.V,,2.819999933242798,2.819999933242798,2.819999933242798,2.819999933242798,100.0
2026-04-07 11:45:00,HSTR.V,,2.2899999618530273,2.2899999618530273,2.2899999618530273,2.2899999618530273,100.0
2026-04-07 11:45:00,KGS.V,,0.125,0.125,0.125,0.125,25000.0
2026-04-07 11:45:00,LTH.V,,1.3200000524520874,1.3200000524520874,1.3200000524520874,1.3200000524520874,100.0
2026-04-07 11:45:00,MLP.V,,1.8700000047683716,1.8700000047683716,1.850000023841858,1.850000023841858,21200.0
2026-04-07 11:45:00,MMG.V,,0.2849999964237213,0.2849999964237213,0.2849999964237213,0.2849999964237213,3500.0
2026-04-07 11:46:00,HIVE.V,,2.6500000953674316,2.6500000953674316,2.6500000953674316,2.6500000953674316,22520.0
2026-04-07 11:46:00,HME.V,,2.815000057220459,2.825000047683716,2.815000057220459,2.819999933242798,13100.0
2026-04-07 11:46:00,HSTR.V,,2.2899999618530273,2.2899999618530273,2.2899999618530273,2.2899999618530273,100.0
2026-04-07 11:46:00,IFOS.V,,3.75,3.75,3.75,3.75,400.0
2026-04-07 11:46:00,ITR.V,,3.9100000858306885,3.9100000858306885,3.9100000858306885,3.9100000858306885,200.0
2026-04-07 11:46:00,KTN.V,,1.340000033378601,1.340000033378601,1.340000033378601,1.340000033378601,700.0
2026-04-07 11:46:00,LG.V,,0.33000001311302185,0.33000001311302185,0.33000001311302185,0.33000001311302185,1000.0
2026-04-07 11:46:00,LMN.V,,22.84000015258789,22.84000015258789,22.829999923706055,22.829999923706055,1500.0
2026-04-07 11:46:00,LTH.V,,1.3200000524520874,1.3200000524520874,1.3200000524520874,1.3200000524520874,100.0
2026-04-07 11:46:00,NICU.V,,2.0799999237060547,2.0799999237060547,2.0799999237060547,2.0799999237060547,500.0
2026-04-07 11:47:00,GOT.V,,1.5800000429153442,1.5800000429153442,1.5800000429153442,1.5800000429153442,300.0
2026-04-07 11:47:00,GSVR.V,,0.5799999833106995,0.5799999833106995,0.5799999833106995,0.5799999833106995,500.0
2026-04-07 11:47:00,HSTR.V,,2.2899999618530273,2.2899999618530273,2.2899999618530273,2.2899999618530273,300.0
2026-04-07 11:47:00,IFOS.V,,3.759999990463257,3.759999990463257,3.759999990463257,3.759999990463257,600.0
2026-04-07 11:47:00,LTH.V,,1.3200000524520874,1.3200000524520874,1.3200000524520874,1.3200000524520874,200.0
2026-04-07 11:47:00,PNG.V,,8.350000381469727,8.359999656677246,8.350000381469727,8.350000381469727,5600.0
2026-04-07 11:47:00,ROAR.V,,0.22499999403953552,0.22499999403953552,0.22499999403953552,0.22499999403953552,6500.0
2026-04-07 11:48:00,FO.V,,0.38499999046325684,0.38499999046325684,0.3799999952316284,0.3799999952316284,29108.0
2026-04-07 11:48:00,FWZ.V,,4.28000020980835,4.28000020980835,4.28000020980835,4.28000020980835,200.0
2026-04-07 11:48:00,HME.V,,2.809999942779541,2.809999942779541,2.809999942779541,2.809999942779541,1000.0
2026-04-07 11:48:00,HPL.V,,0.10999999940395355,0.10999999940395355,0.10999999940395355,0.10999999940395355,50000.0
2026-04-07 11:48:00,HSTR.V,,2.2899999618530273,2.2899999618530273,2.2899999618530273,2.2899999618530273,500.0
2026-04-07 11:48:00,IFOS.V,,3.759999990463257,3.759999990463257,3.759999990463257,3.759999990463257,200.0
2026-04-07 11:48:00,ITR.V,,3.9200000762939453,3.9200000762939453,3.9200000762939453,3.9200000762939453,100.0
2026-04-07 11:48:00,LG.V,,0.33000001311302185,0.33000001311302185,0.33000001311302185,0.33000001311302185,12500.0
2026-04-07 11:48:00,LIO.V,,0.23499999940395355,0.23999999463558197,0.23250000178813934,0.23999999463558197,71595.0
2026-04-07 11:48:00,LTH.V,,1.3200000524520874,1.3200000524520874,1.3200000524520874,1.3200000524520874,200.0
2026-04-07 11:48:00,NICU.V,,2.069999933242798,2.069999933242798,2.069999933242798,2.069999933242798,200.0
2026-04-07 11:48:00,PNG.V,,8.34000015258789,8.34000015258789,8.34000015258789,8.34000015258789,534.0
2026-04-07 11:49:00,EQTY.V,,0.2750000059604645,0.2750000059604645,0.2750000059604645,0.2750000059604645,5500.0
2026-04-07 11:49:00,GG.V,,2.559999942779541,2.559999942779541,2.559999942779541,2.559999942779541,1300.0
2026-04-07 11:49:00,GLAD.V,,1.2000000476837158,1.2000000476837158,1.2000000476837158,1.2000000476837158,8000.0
2026-04-07 11:49:00,GOT.V,,1.5800000429153442,1.5800000429153442,1.5800000429153442,1.5800000429153442,100.0
2026-04-07 11:49:00,GPAC.V,,0.4399999976158142,0.4399999976158142,0.4399999976158142,0.4399999976158142,500.0
2026-04-07 11:49:00,HEVI.V,,0.25,0.25,0.25,0.25,6000.0
2026-04-07 11:49:00,HIVE.V,,2.6600000858306885,2.6600000858306885,2.6600000858306885,2.6600000858306885,4473.0
2026-04-07 11:49:00,HSTR.V,,2.2899999618530273,2.2899999618530273,2.2899999618530273,2.2899999618530273,100.0
2026-04-07 11:49:00,LG.V,,0.33000001311302185,0.33000001311302185,0.33000001311302185,0.33000001311302185,500.0
2026-04-07 11:49:00,LTH.V,,1.3200000524520874,1.3200000524520874,1.3200000524520874,1.3200000524520874,200.0
2026-04-07 11:49:00,LUCA.V,,1.3350000381469727,1.3350000381469727,1.3350000381469727,1.3350000381469727,107.0
2026-04-07 11:49:00,MKO.V,,8.65999984741211,8.720000267028809,8.65999984741211,8.680000305175781,1500.0
2026-04-07 11:49:00,MLP.V,,1.9299999475479126,1.9299999475479126,1.8700000047683716,1.8799999952316284,136800.0
2026-04-07 11:49:00,NURS.V,,3.0,3.0,3.0,3.0,100.0
2026-04-07 11:49:00,PNG.V,,8.34000015258789,8.34000015258789,8.34000015258789,8.34000015258789,300.0
2026-04-07 11:50:00,FWZ.V,,4.28000020980835,4.28000020980835,4.28000020980835,4.28000020980835,300.0
2026-04-07 11:50:00,GQC.V,,2.2799999713897705,2.2799999713897705,2.2799999713897705,2.2799999713897705,2200.0
2026-04-07 11:50:00,HIVE.V,,2.6600000858306885,2.6600000858306885,2.6600000858306885,2.6600000858306885,900.0
2026-04-07 11:50:00,HSTR.V,,2.2899999618530273,2.2899999618530273,2.2899999618530273,2.2899999618530273,400.0
2026-04-07 11:50:00,KTN.V,,1.350000023841858,1.350000023841858,1.350000023841858,1.350000023841858,100.0
2026-04-07 11:50:00,LTH.V,,1.3200000524520874,1.3200000524520874,1.3200000524520874,1.3200000524520874,100.0
2026-04-07 11:50:00,MKO.V,,8.65999984741211,8.65999984741211,8.65999984741211,8.65999984741211,100.0
2026-04-07 11:50:00,NICU.V,,2.069999933242798,2.075000047683716,2.069999933242798,2.075000047683716,3500.0
2026-04-07 11:50:00,NURS.V,,3.0,3.0,3.0,3.0,100.0
2026-04-07 11:50:00,PNG.V,,8.369999885559082,8.369999885559082,8.345000267028809,8.345000267028809,1750.0
2026-04-07 11:51:00,GSVR.V,,0.5799999833106995,0.5799999833106995,0.5799999833106995,0.5799999833106995,24500.0
2026-04-07 11:51:00,HME.V,,2.809999942779541,2.809999942779541,2.809999942779541,2.809999942779541,100.0
2026-04-07 11:51:00,HPL.V,,0.10999999940395355,0.10999999940395355,0.10999999940395355,0.10999999940395355,11000.0
2026-04-07 11:51:00,ITR.V,,3.9100000858306885,3.9100000858306885,3.9100000858306885,3.9100000858306885,400.0
2026-04-07 11:51:00,KNG.V,,1.25,1.25,1.25,1.25,200.0
2026-04-07 11:51:00,KTN.V,,1.340000033378601,1.340000033378601,1.340000033378601,1.340000033378601,8100.0
2026-04-07 11:51:00,TUF.V,,0.24500000476837158,0.24500000476837158,0.24500000476837158,0.24500000476837158,3000.0
2026-04-07 11:52:00,FWZ.V,,4.289999961853027,4.289999961853027,4.289999961853027,4.289999961853027,900.0
2026-04-07 11:52:00,GEL.V,,0.125,0.12999999523162842,0.125,0.12999999523162842,5500.0
2026-04-07 11:52:00,GQC.V,,2.2899999618530273,2.2899999618530273,2.2899999618530273,2.2899999618530273,600.0
2026-04-07 11:52:00,HSTR.V,,2.2899999618530273,2.2950000762939453,2.2899999618530273,2.2899999618530273,600.0
2026-04-07 11:52:00,KNG.V,,1.2300000190734863,1.2300000190734863,1.2300000190734863,1.2300000190734863,400.0
2026-04-07 11:52:00,LTH.V,,1.3250000476837158,1.3250000476837158,1.3200000524520874,1.3200000524520874,400.0
2026-04-07 11:52:00,MKO.V,,8.65999984741211,8.65999984741211,8.65999984741211,8.65999984741211,100.0
2026-04-07 11:52:00,PNG.V,,8.350000381469727,8.354999542236328,8.350000381469727,8.354999542236328,200.0
2026-04-07 11:53:00,GPAC.V,,0.4399999976158142,0.4399999976158142,0.4399999976158142,0.4399999976158142,24500.0
2026-04-07 11:53:00,HSTR.V,,2.2950000762939453,2.2950000762939453,2.2950000762939453,2.2950000762939453,100.0
2026-04-07 11:53:00,IFOS.V,,3.759999990463257,3.759999990463257,3.75,3.759999990463257,2318.0
2026-04-07 11:53:00,KTN.V,,1.3350000381469727,1.3350000381469727,1.3350000381469727,1.3350000381469727,100.0
2026-04-07 11:53:00,LMG.V,,0.49000000953674316,0.49000000953674316,0.49000000953674316,0.49000000953674316,2000.0
2026-04-07 11:53:00,MKO.V,,8.6899995803833,8.6899995803833,8.6899995803833,8.6899995803833,216.0
2026-04-07 11:53:00,NICU.V,,2.0799999237060547,2.0799999237060547,2.0799999237060547,2.0799999237060547,100.0
2026-04-07 11:53:00,PNG.V,,8.34000015258789,8.350000381469727,8.34000015258789,8.34000015258789,3018.0
2026-04-07 11:54:00,FWZ.V,,4.289999961853027,4.289999961853027,4.289999961853027,4.289999961853027,100.0
2026-04-07 11:54:00,GOT.V,,1.5800000429153442,1.5800000429153442,1.5800000429153442,1.5800000429153442,100.0
2026-04-07 11:54:00,GPAC.V,,0.4350000023841858,0.4399999976158142,0.4350000023841858,0.4399999976158142,18059.0
2026-04-07 11:54:00,HITI.V,,3.1600000858306885,3.1700000762939453,3.1600000858306885,3.1700000762939453,4070.0
2026-04-07 11:54:00,HME.V,,2.815000057220459,2.815000057220459,2.809999942779541,2.809999942779541,3100.0
2026-04-07 11:54:00,KGS.V,,0.12999999523162842,0.12999999523162842,0.12999999523162842,0.12999999523162842,12000.0
2026-04-07 11:55:00,FDR.V,,3.7200000286102295,3.7200000286102295,3.7200000286102295,3.7200000286102295,300.0
2026-04-07 11:55:00,FWZ.V,,4.28000020980835,4.28000020980835,4.28000020980835,4.28000020980835,500.0
2026-04-07 11:55:00,GMV.V,,0.17499999701976776,0.17499999701976776,0.17499999701976776,0.17499999701976776,1000.0
2026-04-07 11:55:00,GOT.V,,1.5800000429153442,1.5800000429153442,1.5800000429153442,1.5800000429153442,2700.0
2026-04-07 11:55:00,HITI.V,,3.1600000858306885,3.1600000858306885,3.1600000858306885,3.1600000858306885,100.0
2026-04-07 11:55:00,HIVE.V,,2.6600000858306885,2.6600000858306885,2.6600000858306885,2.6600000858306885,22900.0
2026-04-07 11:55:00,HME.V,,2.809999942779541,2.809999942779541,2.809999942779541,2.809999942779541,6100.0
2026-04-07 11:55:00,HSTR.V,,2.2950000762939453,2.2950000762939453,2.2950000762939453,2.2950000762939453,100.0
2026-04-07 11:55:00,KCC.V,,0.7699999809265137,0.7699999809265137,0.7699999809265137,0.7699999809265137,0.0
2026-04-07 11:55:00,KTN.V,,1.350000023841858,1.350000023841858,1.340000033378601,1.340000033378601,14300.0
2026-04-07 11:55:00,LMN.V,,22.6299991607666,22.6299991607666,22.6299991607666,22.6299991607666,100.0
2026-04-07 11:55:00,MCS.V,,2.1600000858306885,2.1600000858306885,2.1600000858306885,2.1600000858306885,100.0
2026-04-07 11:55:00,MKO.V,,8.710000038146973,8.710000038146973,8.710000038146973,8.710000038146973,100.0
2026-04-07 11:55:00,NURS.V,,3.049999952316284,3.049999952316284,3.0,3.0,600.0
2026-04-07 11:55:00,PNG.V,,8.350000381469727,8.350000381469727,8.350000381469727,8.350000381469727,100.0
2026-04-07 11:56:00,GMG.V,,2.069999933242798,2.0850000381469727,2.069999933242798,2.0850000381469727,500.0
2026-04-07 11:56:00,GSVR.V,,0.5799999833106995,0.5799999833106995,0.5799999833106995,0.5799999833106995,500.0
2026-04-07 11:56:00,HEVI.V,,0.2549999952316284,0.2549999952316284,0.25,0.25,1000.0
2026-04-07 11:56:00,HSTR.V,,2.2950000762939453,2.2950000762939453,2.2950000762939453,2.2950000762939453,100.0
2026-04-07 11:56:00,KGS.V,,0.12999999523162842,0.12999999523162842,0.12999999523162842,0.12999999523162842,10000.0
2026-04-07 11:56:00,LMR.V,,0.09000000357627869,0.09000000357627869,0.09000000357627869,0.09000000357627869,3000.0
2026-04-07 11:56:00,LTH.V,,1.3200000524520874,1.3200000524520874,1.3200000524520874,1.3200000524520874,100.0
2026-04-07 11:56:00,MKO.V,,8.720000267028809,8.720000267028809,8.720000267028809,8.720000267028809,100.0
2026-04-07 11:56:00,MLP.V,,1.9299999475479126,1.9299999475479126,1.9299999475479126,1.9299999475479126,8400.0
2026-04-07 11:56:00,NICU.V,,2.0850000381469727,2.0850000381469727,2.0850000381469727,2.0850000381469727,600.0
2026-04-07 11:56:00,NURS.V,,3.049999952316284,3.049999952316284,3.0399999618530273,3.0399999618530273,200.0
2026-04-07 11:56:00,PNG.V,,8.350000381469727,8.359999656677246,8.350000381469727,8.350000381469727,900.0
2026-04-07 11:57:00,FWZ.V,,4.28000020980835,4.28000020980835,4.28000020980835,4.28000020980835,800.0
2026-04-07 11:57:00,GOT.V,,1.5800000429153442,1.5800000429153442,1.5800000429153442,1.5800000429153442,100.0
2026-04-07 11:57:00,HEVI.V,,0.23999999463558197,0.25,0.23999999463558197,0.25,30360.0
2026-04-07 11:57:00,HME.V,,2.809999942779541,2.809999942779541,2.809999942779541,2.809999942779541,100.0
2026-04-07 11:57:00,HSTR.V,,2.2950000762939453,2.2950000762939453,2.2950000762939453,2.2950000762939453,100.0
2026-04-07 11:57:00,LMN.V,,22.6200008392334,22.6200008392334,22.6200008392334,22.6200008392334,100.0
2026-04-07 11:57:00,LTH.V,,1.3200000524520874,1.3200000524520874,1.3200000524520874,1.3200000524520874,100.0
2026-04-07 11:57:00,MCS.V,,2.1600000858306885,2.1600000858306885,2.1600000858306885,2.1600000858306885,4400.0
2026-04-07 11:57:00,MGM.V,,2.299999952316284,2.299999952316284,2.299999952316284,2.299999952316284,1000.0
2026-04-07 11:57:00,MRVL.V,,0.18000000715255737,0.18000000715255737,0.17000000178813934,0.17499999701976776,5000.0
2026-04-07 11:57:00,PNG.V,,8.369999885559082,8.369999885559082,8.350000381469727,8.350000381469727,1900.0
2026-04-07 11:58:00,EVER.V,,0.550000011920929,0.5699999928474426,0.550000011920929,0.5699999928474426,9510.0
2026-04-07 11:58:00,GPAC.V,,0.4399999976158142,0.4399999976158142,0.4399999976158142,0.4399999976158142,8000.0
2026-04-07 11:58:00,ITR.V,,3.930000066757202,3.930000066757202,3.930000066757202,3.930000066757202,1816.0
2026-04-07 11:58:00,KTO.V,,0.6899999976158142,0.6899999976158142,0.6899999976158142,0.6899999976158142,500.0
2026-04-07 11:58:00,LBI.V,,0.28999999165534973,0.28999999165534973,0.28999999165534973,0.28999999165534973,5000.0
2026-04-07 11:58:00,LMR.V,,0.09000000357627869,0.09000000357627869,0.09000000357627869,0.09000000357627869,27000.0
2026-04-07 11:59:00,EVER.V,,0.5400000214576721,0.5400000214576721,0.5299999713897705,0.5400000214576721,7000.0
2026-04-07 11:59:00,FWZ.V,,4.289999961853027,4.300000190734863,4.28000020980835,4.28000020980835,3000.0
2026-04-07 11:59:00,GQC.V,,2.2799999713897705,2.2799999713897705,2.2799999713897705,2.2799999713897705,100.0
2026-04-07 11:59:00,GWM.V,,0.6100000143051147,0.6100000143051147,0.6100000143051147,0.6100000143051147,500.0
2026-04-07 11:59:00,HEVI.V,,0.23000000417232513,0.23499999940395355,0.23000000417232513,0.23499999940395355,3100.0
2026-04-07 11:59:00,HME.V,,2.809999942779541,2.809999942779541,2.809999942779541,2.809999942779541,200.0
2026-04-07 11:59:00,LMN.V,,22.59000015258789,22.59000015258789,22.59000015258789,22.59000015258789,300.0
2026-04-07 11:59:00,MLP.V,,1.909999966621399,1.909999966621399,1.909999966621399,1.909999966621399,200.0
2026-04-07 11:59:00,NICU.V,,2.0899999141693115,2.0899999141693115,2.0899999141693115,2.0899999141693115,300.0
2026-04-07 11:59:00,NURS.V,,3.0399999618530273,3.0399999618530273,3.0399999618530273,3.0399999618530273,600.0
2026-04-07 11:59:00,PNG.V,,8.359999656677246,8.359999656677246,8.350000381469727,8.359999656677246,1800.0
2026-04-07 12:00:00,FWZ.V,,4.300000190734863,4.300000190734863,4.300000190734863,4.300000190734863,700.0
2026-04-07 12:00:00,GMG.V,,2.109999895095825,2.109999895095825,2.109999895095825,2.109999895095825,150.0
2026-04-07 12:00:00,HSTR.V,,2.305000066757202,2.305000066757202,2.299999952316284,2.299999952316284,400.0
2026-04-07 12:00:00,ITR.V,,3.940000057220459,3.940000057220459,3.940000057220459,3.940000057220459,300.0
2026-04-07 12:00:00,KLDC.V,,0.18000000715255737,0.18000000715255737,0.18000000715255737,0.18000000715255737,7500.0
2026-04-07 12:00:00,KTN.V,,1.350000023841858,1.350000023841858,1.350000023841858,1.350000023841858,200.0
2026-04-07 12:00:00,LG.V,,0.33000001311302185,0.33000001311302185,0.33000001311302185,0.33000001311302185,5000.0
2026-04-07 12:00:00,MLP.V,,1.909999966621399,1.909999966621399,1.909999966621399,1.909999966621399,200.0
2026-04-07 12:00:00,NICU.V,,2.0899999141693115,2.0899999141693115,2.0899999141693115,2.0899999141693115,800.0
2026-04-07 12:00:00,PNG.V,,8.34000015258789,8.350000381469727,8.34000015258789,8.350000381469727,500.0
2026-04-07 12:01:00,FPX.V,,0.41999998688697815,0.41999998688697815,0.41999998688697815,0.41999998688697815,10000.0
2026-04-07 12:01:00,FUU.V,,0.16750000417232513,0.16750000417232513,0.16750000417232513,0.16750000417232513,11000.0
2026-04-07 12:01:00,FWZ.V,,4.320000171661377,4.320000171661377,4.320000171661377,4.320000171661377,1800.0
2026-04-07 12:01:00,GSI.V,,1.2200000286102295,1.2200000286102295,1.2200000286102295,1.2200000286102295,100.0
2026-04-07 12:01:00,HIVE.V,,2.6600000858306885,2.6600000858306885,2.6600000858306885,2.6600000858306885,4000.0
2026-04-07 12:01:00,HME.V,,2.809999942779541,2.809999942779541,2.809999942779541,2.809999942779541,1700.0
2026-04-07 12:01:00,MD.V,,0.4650000035762787,0.4650000035762787,0.4650000035762787,0.4650000035762787,0.0
2026-04-07 12:01:00,PNG.V,,8.350000381469727,8.369999885559082,8.350000381469727,8.369999885559082,500.0
2026-04-07 12:02:00,GOT.V,,1.590000033378601,1.590000033378601,1.590000033378601,1.590000033378601,8700.0
2026-04-07 12:02:00,GRSL.V,,0.30000001192092896,0.30000001192092896,0.30000001192092896,0.30000001192092896,9500.0
2026-04-07 12:02:00,HITI.V,,3.1700000762939453,3.1700000762939453,3.1700000762939453,3.1700000762939453,500.0
2026-04-07 12:02:00,HIVE.V,,2.6700000762939453,2.6700000762939453,2.6600000858306885,2.6600000858306885,4076.0
2026-04-07 12:02:00,HME.V,,2.809999942779541,2.809999942779541,2.809999942779541,2.809999942779541,10300.0
2026-04-07 12:02:00,HSTR.V,,2.305000066757202,2.305000066757202,2.305000066757202,2.305000066757202,400.0
2026-04-07 12:02:00,KGS.V,,0.12999999523162842,0.12999999523162842,0.12999999523162842,0.12999999523162842,49500.0
2026-04-07 12:02:00,KTN.V,,1.3600000143051147,1.3600000143051147,1.350000023841858,1.350000023841858,1529.0
2026-04-07 12:02:00,LG.V,,0.33500000834465027,0.33500000834465027,0.33000001311302185,0.33000001311302185,67500.0
2026-04-07 12:02:00,LTH.V,,1.340000033378601,1.340000033378601,1.3250000476837158,1.3250000476837158,47000.0
2026-04-07 12:02:00,LUCA.V,,1.340000033378601,1.340000033378601,1.340000033378601,1.340000033378601,300.0
2026-04-07 12:02:00,MKO.V,,8.720000267028809,8.720000267028809,8.720000267028809,8.720000267028809,299.0
2026-04-07 12:02:00,MLP.V,,1.9299999475479126,1.9299999475479126,1.9199999570846558,1.9199999570846558,7000.0
2026-04-07 12:02:00,PNG.V,,8.390000343322754,8.399999618530273,8.350000381469727,8.354999542236328,8000.0
2026-04-07 12:03:00,EQTY.V,,0.2800000011920929,0.2800000011920929,0.2800000011920929,0.2800000011920929,29000.0
2026-04-07 12:03:00,FWZ.V,,4.349999904632568,4.349999904632568,4.320000171661377,4.329999923706055,1400.0
2026-04-07 12:03:00,GQC.V,,2.299999952316284,2.299999952316284,2.2899999618530273,2.2899999618530273,5600.0
2026-04-07 12:03:00,GRSL.V,,0.30000001192092896,0.30000001192092896,0.30000001192092896,0.30000001192092896,31000.0
2026-04-07 12:03:00,HIVE.V,,2.680000066757202,2.700000047683716,2.680000066757202,2.680000066757202,75650.0
2026-04-07 12:03:00,HME.V,,2.809999942779541,2.809999942779541,2.799999952316284,2.805000066757202,1900.0
2026-04-07 12:03:00,HPL.V,,0.10499999672174454,0.10499999672174454,0.10499999672174454,0.10499999672174454,500.0
2026-04-07 12:03:00,HSTR.V,,2.309999942779541,2.309999942779541,2.309999942779541,2.309999942779541,4200.0
2026-04-07 12:03:00,ITR.V,,3.9600000381469727,3.9700000286102295,3.9600000381469727,3.9700000286102295,1500.0
2026-04-07 12:03:00,LCX.V,,2.009999990463257,2.009999990463257,2.0,2.0,700.0
2026-04-07 12:03:00,LG.V,,0.33500000834465027,0.33500000834465027,0.33500000834465027,0.33500000834465027,13000.0
2026-04-07 12:03:00,LMN.V,,22.790000915527344,22.790000915527344,22.770000457763672,22.780000686645508,1604.0
2026-04-07 12:03:00,LUCA.V,,1.3350000381469727,1.340000033378601,1.3350000381469727,1.340000033378601,600.0
2026-04-07 12:03:00,MKO.V,,8.819999694824219,8.819999694824219,8.8100004196167,8.8100004196167,400.0
2026-04-07 12:03:00,MLP.V,,1.9299999475479126,1.9299999475479126,1.9299999475479126,1.9299999475479126,100.0
2026-04-07 12:03:00,NICU.V,,2.0999999046325684,2.0999999046325684,2.0999999046325684,2.0999999046325684,500.0
2026-04-07 12:03:00,PNG.V,,8.420000076293945,8.449999809265137,8.395000457763672,8.40999984741211,3950.0
2026-04-07 12:03:00,ZNG.V,,1.0199999809265137,1.0199999809265137,1.0199999809265137,1.0199999809265137,100.0
2026-04-07 12:04:00,EVER.V,,0.5299999713897705,0.5299999713897705,0.5299999713897705,0.5299999713897705,4789.0
2026-04-07 12:04:00,GOT.V,,1.590000033378601,1.590000033378601,1.590000033378601,1.590000033378601,400.0
2026-04-07 12:04:00,GPAC.V,,0.4399999976158142,0.4399999976158142,0.4399999976158142,0.4399999976158142,2000.0
2026-04-07 12:04:00,HIVE.V,,2.680000066757202,2.680000066757202,2.680000066757202,2.680000066757202,3700.0
2026-04-07 12:04:00,HSTR.V,,2.309999942779541,2.309999942779541,2.309999942779541,2.309999942779541,100.0
2026-04-07 12:04:00,MKO.V,,8.710000038146973,8.710000038146973,8.710000038146973,8.710000038146973,120.0
2026-04-07 12:04:00,NURS.V,,3.0299999713897705,3.049999952316284,3.0299999713897705,3.049999952316284,1500.0
2026-04-07 12:04:00,PNG.V,,8.430000305175781,8.430000305175781,8.420000076293945,8.420000076293945,5414.0
2026-04-07 12:05:00,EVER.V,,0.5199999809265137,0.5199999809265137,0.5199999809265137,0.5199999809265137,9000.0
2026-04-07 12:05:00,GGO.V,,0.9599999785423279,0.9599999785423279,0.9599999785423279,0.9599999785423279,10700.0
2026-04-07 12:05:00,GSVR.V,,0.5799999833106995,0.5799999833106995,0.5799999833106995,0.5799999833106995,2018.0
2026-04-07 12:05:00,HIVE.V,,2.6700000762939453,2.6700000762939453,2.6700000762939453,2.6700000762939453,800.0
2026-04-07 12:05:00,HPL.V,,0.10999999940395355,0.10999999940395355,0.10999999940395355,0.10999999940395355,41500.0
2026-04-07 12:05:00,HSTR.V,,2.3399999141693115,2.3399999141693115,2.315000057220459,2.315000057220459,30400.0
2026-04-07 12:05:00,ITR.V,,3.950000047683716,3.950000047683716,3.950000047683716,3.950000047683716,500.0
2026-04-07 12:05:00,KLDC.V,,0.18000000715255737,0.18000000715255737,0.18000000715255737,0.18000000715255737,9000.0
2026-04-07 12:05:00,KRI.V,,0.3050000071525574,0.3050000071525574,0.3050000071525574,0.3050000071525574,16500.0
2026-04-07 12:05:00,LUCA.V,,1.350000023841858,1.350000023841858,1.340000033378601,1.340000033378601,6200.0
2026-04-07 12:05:00,MTA.V,,9.140000343322754,9.140000343322754,9.140000343322754,9.140000343322754,183.0
2026-04-07 12:05:00,PNG.V,,8.430000305175781,8.449999809265137,8.430000305175781,8.449999809265137,600.0
2026-04-07 12:06:00,EQTY.V,,0.2800000011920929,0.2800000011920929,0.2800000011920929,0.2800000011920929,20000.0
2026-04-07 12:06:00,EVER.V,,0.5099999904632568,0.5099999904632568,0.5099999904632568,0.5099999904632568,4000.0
2026-04-07 12:06:00,FRED.V,,0.550000011920929,0.550000011920929,0.550000011920929,0.550000011920929,4500.0
2026-04-07 12:06:00,GPAC.V,,0.4399999976158142,0.4399999976158142,0.4399999976158142,0.4399999976158142,500.0
2026-04-07 12:06:00,GSI.V,,1.2300000190734863,1.2300000190734863,1.2300000190734863,1.2300000190734863,100.0
2026-04-07 12:06:00,HSTR.V,,2.3299999237060547,2.3399999141693115,2.3299999237060547,2.3399999141693115,8800.0
2026-04-07 12:06:00,MIR.V,,0.054999999701976776,0.05999999865889549,0.054999999701976776,0.05999999865889549,11000.0
2026-04-07 12:06:00,PNG.V,,8.4399995803833,8.4399995803833,8.4399995803833,8.4399995803833,200.0
2026-04-07 12:07:00,EVER.V,,0.5,0.5,0.5,0.5,13000.0
2026-04-07 12:07:00,GSI.V,,1.2300000190734863,1.2300000190734863,1.2300000190734863,1.2300000190734863,100.0
2026-04-07 12:07:00,HITI.V,,3.180000066757202,3.180000066757202,3.180000066757202,3.180000066757202,100.0
2026-04-07 12:07:00,HIVE.V,,2.6700000762939453,2.6700000762939453,2.6700000762939453,2.6700000762939453,3300.0
2026-04-07 12:07:00,HME.V,,2.809999942779541,2.809999942779541,2.809999942779541,2.809999942779541,1990.0
2026-04-07 12:07:00,HSTR.V,,2.319999933242798,2.319999933242798,2.319999933242798,2.319999933242798,300.0
2026-04-07 12:07:00,JEV.V,,0.09000000357627869,0.09000000357627869,0.09000000357627869,0.09000000357627869,8000.0
2026-04-07 12:07:00,KRI.V,,0.3100000023841858,0.3100000023841858,0.3100000023841858,0.3100000023841858,3000.0
2026-04-07 12:07:00,KTN.V,,1.350000023841858,1.350000023841858,1.350000023841858,1.350000023841858,0.0
2026-04-07 12:07:00,LCX.V,,2.0,2.0,1.9800000190734863,2.0,3700.0
2026-04-07 12:07:00,LTH.V,,1.3350000381469727,1.340000033378601,1.3350000381469727,1.340000033378601,200.0
2026-04-07 12:07:00,LUCA.V,,1.3550000190734863,1.3600000143051147,1.350000023841858,1.350000023841858,2000.0
2026-04-07 12:07:00,MGM.V,,2.299999952316284,2.299999952316284,2.299999952316284,2.299999952316284,700.0
2026-04-07 12:07:00,PNG.V,,8.4399995803833,8.449999809265137,8.4399995803833,8.449999809265137,1500.0
2026-04-07 12:08:00,EQTY.V,,0.2800000011920929,0.2800000011920929,0.2800000011920929,0.2800000011920929,10000.0
2026-04-07 12:08:00,FWZ.V,,4.340000152587891,4.349999904632568,4.329999923706055,4.335000038146973,1765.0
2026-04-07 12:08:00,GPAC.V,,0.4399999976158142,0.4399999976158142,0.4399999976158142,0.4399999976158142,500.0
2026-04-07 12:08:00,GQC.V,,2.299999952316284,2.299999952316284,2.299999952316284,2.299999952316284,1400.0
2026-04-07 12:08:00,GSI.V,,1.2300000190734863,1.2300000190734863,1.2300000190734863,1.2300000190734863,200.0
2026-04-07 12:08:00,GUG.V,,0.04500000178813934,0.04500000178813934,0.04500000178813934,0.04500000178813934,0.0
2026-04-07 12:08:00,GWM.V,,0.6100000143051147,0.6100000143051147,0.6100000143051147,0.6100000143051147,8000.0
2026-04-07 12:08:00,HITI.V,,3.190000057220459,3.190000057220459,3.190000057220459,3.190000057220459,100.0
2026-04-07 12:08:00,HIVE.V,,2.6700000762939453,2.6700000762939453,2.6700000762939453,2.6700000762939453,1300.0
2026-04-07 12:08:00,HSTR.V,,2.319999933242798,2.319999933242798,2.315000057220459,2.315000057220459,11526.0
2026-04-07 12:08:00,IFOS.V,,3.759999990463257,3.759999990463257,3.759999990463257,3.759999990463257,2400.0
2026-04-07 12:08:00,ITR.V,,3.940000057220459,3.940000057220459,3.940000057220459,3.940000057220459,100.0
2026-04-07 12:08:00,KTN.V,,1.350000023841858,1.350000023841858,1.350000023841858,1.350000023841858,154510.0
2026-04-07 12:08:00,LIS.V,,0.4950000047683716,0.4950000047683716,0.4950000047683716,0.4950000047683716,50000.0
2026-04-07 12:08:00,NICU.V,,2.0899999141693115,2.0899999141693115,2.0899999141693115,2.0899999141693115,2000.0
2026-04-07 12:08:00,PNG.V,,8.430000305175781,8.430000305175781,8.430000305175781,8.430000305175781,560.0
2026-04-07 12:09:00,EQTY.V,,0.2800000011920929,0.2800000011920929,0.2800000011920929,0.2800000011920929,5000.0
2026-04-07 12:09:00,GG.V,,2.609999895095825,2.609999895095825,2.609999895095825,2.609999895095825,300.0
2026-04-07 12:09:00,GOT.V,,1.590000033378601,1.590000033378601,1.590000033378601,1.590000033378601,3000.0
2026-04-07 12:09:00,GQC.V,,2.2899999618530273,2.2899999618530273,2.2899999618530273,2.2899999618530273,100.0
2026-04-07 12:09:00,GSI.V,,1.2300000190734863,1.2300000190734863,1.2300000190734863,1.2300000190734863,4100.0
2026-04-07 12:09:00,KGS.V,,0.12999999523162842,0.12999999523162842,0.12999999523162842,0.12999999523162842,38000.0
2026-04-07 12:09:00,LTH.V,,1.3350000381469727,1.3350000381469727,1.3350000381469727,1.3350000381469727,100.0
2026-04-07 12:09:00,MD.V,,0.44999998807907104,0.46000000834465027,0.44999998807907104,0.46000000834465027,7000.0
2026-04-07 12:09:00,MGM.V,,2.309999942779541,2.309999942779541,2.309999942779541,2.309999942779541,1700.0
2026-04-07 12:09:00,NURS.V,,3.0399999618530273,3.0399999618530273,3.0199999809265137,3.0299999713897705,300.0
2026-04-07 12:10:00,BIG.V,,0.6499999761581421,0.6499999761581421,0.6499999761581421,0.6499999761581421,8000.0
2026-04-07 12:10:00,GSI.V,,1.2300000190734863,1.2300000190734863,1.2300000190734863,1.2300000190734863,100.0
2026-04-07 12:10:00,HIVE.V,,2.6600000858306885,2.6600000858306885,2.6600000858306885,2.6600000858306885,5300.0
2026-04-07 12:10:00,HME.V,,2.809999942779541,2.809999942779541,2.809999942779541,2.809999942779541,9600.0
2026-04-07 12:10:00,IFOS.V,,3.759999990463257,3.759999990463257,3.759999990463257,3.759999990463257,100.0
2026-04-07 12:10:00,ITR.V,,3.930000066757202,3.930000066757202,3.930000066757202,3.930000066757202,100.0
2026-04-07 12:10:00,KGS.V,,0.12999999523162842,0.12999999523162842,0.12999999523162842,0.12999999523162842,10000.0
2026-04-07 12:10:00,LGC.V,,1.9600000381469727,1.9600000381469727,1.9600000381469727,1.9600000381469727,100.0
2026-04-07 12:10:00,LQWD.V,,0.9599999785423279,0.9599999785423279,0.9599999785423279,0.9599999785423279,8600.0
2026-04-07 12:10:00,LUCA.V,,1.3450000286102295,1.3450000286102295,1.3450000286102295,1.3450000286102295,200.0
2026-04-07 12:10:00,MD.V,,0.44999998807907104,0.44999998807907104,0.44999998807907104,0.44999998807907104,6000.0
2026-04-07 12:10:00,PNG.V,,8.40999984741211,8.40999984741211,8.40999984741211,8.40999984741211,100.0
2026-04-07 12:11:00,GRSL.V,,0.3050000071525574,0.3050000071525574,0.30250000953674316,0.30250000953674316,10000.0
2026-04-07 12:11:00,HME.V,,2.809999942779541,2.809999942779541,2.809999942779541,2.809999942779541,100.0
2026-04-07 12:11:00,HMR.V,,0.8399999737739563,0.8399999737739563,0.8399999737739563,0.8399999737739563,1500.0
2026-04-07 12:11:00,ITR.V,,3.9200000762939453,3.9200000762939453,3.9200000762939453,3.9200000762939453,100.0
2026-04-07 12:11:00,LEM.V,,0.30000001192092896,0.30000001192092896,0.30000001192092896,0.30000001192092896,3000.0
2026-04-07 12:11:00,LMG.V,,0.5199999809265137,0.5199999809265137,0.5199999809265137,0.5199999809265137,500.0
2026-04-07 12:11:00,MFG.V,,4.269999980926514,4.269999980926514,4.269999980926514,4.269999980926514,100.0
2026-04-07 12:11:00,NURS.V,,3.0299999713897705,3.0299999713897705,3.0299999713897705,3.0299999713897705,100.0
2026-04-07 12:11:00,PNG.V,,8.4399995803833,8.4399995803833,8.430000305175781,8.430000305175781,500.0
2026-04-07 12:12:00,FWZ.V,,4.340000152587891,4.340000152587891,4.329999923706055,4.329999923706055,1200.0
2026-04-07 12:12:00,HCH.V,,1.2300000190734863,1.2300000190734863,1.2300000190734863,1.2300000190734863,250.0
2026-04-07 12:12:00,PNG.V,,8.460000038146973,8.460000038146973,8.4399995803833,8.4399995803833,600.0
2026-04-07 12:13:00,GMG.V,,2.0999999046325684,2.0999999046325684,2.0999999046325684,2.0999999046325684,400.0
2026-04-07 12:13:00,GPAC.V,,0.4350000023841858,0.4399999976158142,0.4350000023841858,0.4399999976158142,14500.0
2026-04-07 12:13:00,ITR.V,,3.940000057220459,3.940000057220459,3.940000057220459,3.940000057220459,200.0
2026-04-07 12:13:00,KTN.V,,1.340000033378601,1.340000033378601,1.340000033378601,1.340000033378601,2500.0
2026-04-07 12:13:00,MLP.V,,1.9299999475479126,1.9299999475479126,1.9299999475479126,1.9299999475479126,200.0
2026-04-07 12:13:00,PNG.V,,8.460000038146973,8.460000038146973,8.460000038146973,8.460000038146973,100.0
2026-04-07 12:14:00,GMA.V,,0.27000001072883606,0.27000001072883606,0.27000001072883606,0.27000001072883606,1500.0
2026-04-07 12:14:00,GOT.V,,1.590000033378601,1.590000033378601,1.590000033378601,1.590000033378601,100.0
2026-04-07 12:14:00,GRSL.V,,0.30000001192092896,0.30000001192092896,0.30000001192092896,0.30000001192092896,10611.0
2026-04-07 12:14:00,GSI.V,,1.2300000190734863,1.2300000190734863,1.2300000190734863,1.2300000190734863,900.0
2026-04-07 12:14:00,GSVR.V,,0.5799999833106995,0.5799999833106995,0.5799999833106995,0.5799999833106995,3072.0
2026-04-07 12:14:00,HSTR.V,,2.325000047683716,2.325000047683716,2.325000047683716,2.325000047683716,600.0
2026-04-07 12:14:00,KTN.V,,1.340000033378601,1.340000033378601,1.340000033378601,1.340000033378601,3850.0
2026-04-07 12:14:00,LQWD.V,,0.949999988079071,0.949999988079071,0.949999988079071,0.949999988079071,2000.0
2026-04-07 12:14:00,LTH.V,,1.340000033378601,1.340000033378601,1.3350000381469727,1.3350000381469727,500.0
2026-04-07 12:14:00,PNG.V,,8.489999771118164,8.489999771118164,8.479999542236328,8.479999542236328,700.0
2026-04-07 12:15:00,GPAC.V,,0.4399999976158142,0.4399999976158142,0.4399999976158142,0.4399999976158142,11500.0
2026-04-07 12:15:00,HEVI.V,,0.23499999940395355,0.23499999940395355,0.23499999940395355,0.23499999940395355,10000.0
2026-04-07 12:15:00,LGN.V,,0.9700000286102295,0.9700000286102295,0.9599999785423279,0.9599999785423279,5000.0
2026-04-07 12:15:00,MLP.V,,1.940000057220459,1.940000057220459,1.940000057220459,1.940000057220459,8000.0
2026-04-07 12:15:00,PNG.V,,8.460000038146973,8.460000038146973,8.460000038146973,8.460000038146973,900.0
2026-04-07 12:16:00,GOT.V,,1.5850000381469727,1.5850000381469727,1.5850000381469727,1.5850000381469727,100.0
2026-04-07 12:16:00,GPAC.V,,0.4399999976158142,0.4399999976158142,0.4399999976158142,0.4399999976158142,25000.0
2026-04-07 12:16:00,HEVI.V,,0.23999999463558197,0.23999999463558197,0.23999999463558197,0.23999999463558197,10000.0
2026-04-07 12:16:00,HIVE.V,,2.6700000762939453,2.680000066757202,2.6700000762939453,2.6700000762939453,5900.0
2026-04-07 12:16:00,IFOS.V,,3.759999990463257,3.759999990463257,3.759999990463257,3.759999990463257,800.0
2026-04-07 12:16:00,LGN.V,,0.9700000286102295,0.9700000286102295,0.9700000286102295,0.9700000286102295,10000.0
2026-04-07 12:16:00,LIS.V,,0.4950000047683716,0.4950000047683716,0.4950000047683716,0.4950000047683716,10000.0
2026-04-07 12:16:00,MTT.V,,0.1850000023841858,0.1850000023841858,0.1850000023841858,0.1850000023841858,3000.0
2026-04-07 12:16:00,PNG.V,,8.479999542236328,8.479999542236328,8.470000267028809,8.470000267028809,1000.0
2026-04-07 12:17:00,HEVI.V,,0.23999999463558197,0.23999999463558197,0.23999999463558197,0.23999999463558197,12500.0
2026-04-07 12:17:00,HIVE.V,,2.6700000762939453,2.6700000762939453,2.6700000762939453,2.6700000762939453,500.0
2026-04-07 12:17:00,IFOS.V,,3.759999990463257,3.759999990463257,3.759999990463257,3.759999990463257,100.0
2026-04-07 12:17:00,ITR.V,,3.924999952316284,3.924999952316284,3.924999952316284,3.924999952316284,100.0
2026-04-07 12:17:00,MKO.V,,8.739999771118164,8.765000343322754,8.729999542236328,8.739999771118164,1200.0
2026-04-07 12:17:00,NURS.V,,3.0199999809265137,3.0199999809265137,3.0199999809265137,3.0199999809265137,100.0
2026-04-07 12:17:00,PNG.V,,8.489999771118164,8.489999771118164,8.479999542236328,8.479999542236328,797.0
2026-04-07 12:18:00,EQTY.V,,0.2750000059604645,0.2750000059604645,0.2750000059604645,0.2750000059604645,15500.0
2026-04-07 12:18:00,FPC.V,,0.3700000047683716,0.3700000047683716,0.3700000047683716,0.3700000047683716,500.0
2026-04-07 12:18:00,FWZ.V,,4.329999923706055,4.329999923706055,4.320000171661377,4.320000171661377,1100.0
2026-04-07 12:18:00,GGO.V,,0.9700000286102295,0.9700000286102295,0.9700000286102295,0.9700000286102295,617.0
2026-04-07 12:18:00,HEVI.V,,0.23999999463558197,0.23999999463558197,0.23999999463558197,0.23999999463558197,12500.0
2026-04-07 12:18:00,HSTR.V,,2.325000047683716,2.325000047683716,2.319999933242798,2.319999933242798,2300.0
2026-04-07 12:18:00,ITR.V,,3.9200000762939453,3.9200000762939453,3.9200000762939453,3.9200000762939453,200.0
2026-04-07 12:18:00,KTN.V,,1.3450000286102295,1.3450000286102295,1.3450000286102295,1.3450000286102295,1100.0
2026-04-07 12:18:00,LUCA.V,,1.3350000381469727,1.340000033378601,1.3350000381469727,1.340000033378601,38600.0
2026-04-07 12:18:00,NICU.V,,2.0799999237060547,2.0799999237060547,2.0799999237060547,2.0799999237060547,850.0
2026-04-07 12:18:00,NURS.V,,3.009999990463257,3.009999990463257,3.009999990463257,3.009999990463257,100.0
2026-04-07 12:18:00,PNG.V,,8.5,8.510000228881836,8.489999771118164,8.489999771118164,2950.0
2026-04-07 12:19:00,GG.V,,2.609999895095825,2.619999885559082,2.609999895095825,2.619999885559082,9700.0
2026-04-07 12:19:00,GOT.V,,1.5850000381469727,1.5850000381469727,1.5850000381469727,1.5850000381469727,100.0
2026-04-07 12:19:00,HEVI.V,,0.23999999463558197,0.23999999463558197,0.23999999463558197,0.23999999463558197,5000.0
2026-04-07 12:19:00,MGM.V,,2.299999952316284,2.309999942779541,2.299999952316284,2.309999942779541,2016.0
2026-04-07 12:19:00,NURS.V,,3.009999990463257,3.009999990463257,3.009999990463257,3.009999990463257,100.0
2026-04-07 12:19:00,PNG.V,,8.529999732971191,8.529999732971191,8.520000457763672,8.520000457763672,500.0
2026-04-07 12:20:00,GOT.V,,1.5800000429153442,1.5800000429153442,1.5800000429153442,1.5800000429153442,1300.0
2026-04-07 12:20:00,GSVR.V,,0.5799999833106995,0.5799999833106995,0.5799999833106995,0.5799999833106995,165925.0
2026-04-07 12:20:00,HME.V,,2.805000066757202,2.805000066757202,2.799999952316284,2.805000066757202,6000.0
2026-04-07 12:20:00,KGS.V,,0.12999999523162842,0.12999999523162842,0.12999999523162842,0.12999999523162842,43500.0
2026-04-07 12:20:00,LG.V,,0.33000001311302185,0.33000001311302185,0.33000001311302185,0.33000001311302185,17000.0
2026-04-07 12:20:00,MCS.V,,2.1600000858306885,2.1700000762939453,2.1600000858306885,2.1700000762939453,2398.0
2026-04-07 12:20:00,MTT.V,,0.1850000023841858,0.1850000023841858,0.1850000023841858,0.1850000023841858,10000.0
2026-04-07 12:20:00,NURS.V,,3.059999942779541,3.059999942779541,3.049999952316284,3.049999952316284,5400.0
2026-04-07 12:20:00,PNG.V,,8.510000228881836,8.529999732971191,8.510000228881836,8.529999732971191,1876.0
2026-04-07 12:20:00,YGT.V,,0.1899999976158142,0.1899999976158142,0.1899999976158142,0.1899999976158142,5000.0
2026-04-07 12:20:00,ZNG.V,,1.0199999809265137,1.0199999809265137,1.0199999809265137,1.0199999809265137,100.0
2026-04-07 12:21:00,ESK.V,,0.41999998688697815,0.41999998688697815,0.41999998688697815,0.41999998688697815,1000.0
2026-04-07 12:21:00,GMG.V,,2.119999885559082,2.119999885559082,2.0999999046325684,2.0999999046325684,3800.0
2026-04-07 12:21:00,GRSL.V,,0.30000001192092896,0.30000001192092896,0.30000001192092896,0.30000001192092896,6500.0
2026-04-07 12:21:00,HEVI.V,,0.23999999463558197,0.23999999463558197,0.23999999463558197,0.23999999463558197,12500.0
2026-04-07 12:21:00,HME.V,,2.819999933242798,2.819999933242798,2.805000066757202,2.805000066757202,13980.0
2026-04-07 12:21:00,HSTR.V,,2.325000047683716,2.325000047683716,2.325000047683716,2.325000047683716,100.0
2026-04-07 12:21:00,LG.V,,0.33000001311302185,0.33000001311302185,0.33000001311302185,0.33000001311302185,10000.0
2026-04-07 12:21:00,MN.V,,0.10999999940395355,0.10999999940395355,0.10999999940395355,0.10999999940395355,0.0
2026-04-07 12:21:00,PNG.V,,8.5,8.520000457763672,8.5,8.520000457763672,300.0
2026-04-07 12:22:00,FBF.V,,1.0,1.0,1.0,1.0,0.0
2026-04-07 12:22:00,FPC.V,,0.36500000953674316,0.36500000953674316,0.36500000953674316,0.36500000953674316,500.0
2026-04-07 12:22:00,FWZ.V,,4.329999923706055,4.329999923706055,4.320000171661377,4.320000171661377,968.0
2026-04-07 12:22:00,GBU.V,,0.12999999523162842,0.12999999523162842,0.12999999523162842,0.12999999523162842,3000.0
2026-04-07 12:22:00,HIVE.V,,2.6600000858306885,2.6600000858306885,2.6600000858306885,2.6600000858306885,1000.0
2026-04-07 12:22:00,KGS.V,,0.12999999523162842,0.12999999523162842,0.12999999523162842,0.12999999523162842,6500.0
2026-04-07 12:22:00,MLP.V,,1.9600000381469727,1.9600000381469727,1.9500000476837158,1.9500000476837158,3800.0
2026-04-07 12:22:00,NICU.V,,2.075000047683716,2.075000047683716,2.075000047683716,2.075000047683716,100.0
2026-04-07 12:22:00,PNG.V,,8.539999961853027,8.5600004196167,8.520000457763672,8.520000457763672,4916.0
2026-04-07 12:23:00,GQC.V,,2.2799999713897705,2.2799999713897705,2.2799999713897705,2.2799999713897705,2700.0
2026-04-07 12:23:00,GSVR.V,,0.5799999833106995,0.5799999833106995,0.5799999833106995,0.5799999833106995,30000.0
2026-04-07 12:23:00,HEVI.V,,0.23499999940395355,0.23999999463558197,0.23499999940395355,0.23999999463558197,17000.0
2026-04-07 12:23:00,HIVE.V,,2.6600000858306885,2.6600000858306885,2.6600000858306885,2.6600000858306885,8605.0
2026-04-07 12:23:00,ITR.V,,3.9200000762939453,3.930000066757202,3.9200000762939453,3.930000066757202,400.0
2026-04-07 12:23:00,JUGR.V,,1.2999999523162842,1.2999999523162842,1.2999999523162842,1.2999999523162842,1200.0
2026-04-07 12:23:00,KTN.V,,1.3450000286102295,1.3450000286102295,1.3450000286102295,1.3450000286102295,100.0
2026-04-07 12:23:00,LUCA.V,,1.340000033378601,1.340000033378601,1.340000033378601,1.340000033378601,1165.0
2026-04-07 12:23:00,MLP.V,,1.9800000190734863,1.9800000190734863,1.9800000190734863,1.9800000190734863,500.0
2026-04-07 12:23:00,NICU.V,,2.0799999237060547,2.0799999237060547,2.0799999237060547,2.0799999237060547,200.0
2026-04-07 12:23:00,PNG.V,,8.529999732971191,8.550000190734863,8.529999732971191,8.550000190734863,1600.0
2026-04-07 12:24:00,GOT.V,,1.5850000381469727,1.5850000381469727,1.5850000381469727,1.5850000381469727,300.0
2026-04-07 12:24:00,ITR.V,,3.930000066757202,3.930000066757202,3.930000066757202,3.930000066757202,100.0
2026-04-07 12:25:00,CELL.V,,0.02500000037252903,0.02500000037252903,0.02500000037252903,0.02500000037252903,19000.0
2026-04-07 12:25:00,GLAD.V,,1.190000057220459,1.190000057220459,1.190000057220459,1.190000057220459,3100.0
2026-04-07 12:25:00,GQC.V,,2.2799999713897705,2.2799999713897705,2.2699999809265137,2.2699999809265137,13400.0
2026-04-07 12:25:00,IFOS.V,,3.759999990463257,3.759999990463257,3.759999990463257,3.759999990463257,200.0
2026-04-07 12:25:00,KLD.V,,2.450000047683716,2.450000047683716,2.450000047683716,2.450000047683716,500.0
2026-04-07 12:25:00,MN.V,,0.11999999731779099,0.11999999731779099,0.11999999731779099,0.11999999731779099,500.0
2026-04-07 12:25:00,ZNG.V,,1.0299999713897705,1.0299999713897705,1.0299999713897705,1.0299999713897705,700.0
2026-04-07 12:26:00,GMG.V,,2.130000114440918,2.130000114440918,2.130000114440918,2.130000114440918,34200.0
2026-04-07 12:26:00,GWM.V,,0.6000000238418579,0.6100000143051147,0.6000000238418579,0.6100000143051147,21000.0
2026-04-07 12:26:00,HIVE.V,,2.6700000762939453,2.6700000762939453,2.6700000762939453,2.6700000762939453,9700.0
2026-04-07 12:26:00,ITR.V,,3.930000066757202,3.930000066757202,3.930000066757202,3.930000066757202,200.0
2026-04-07 12:26:00,KLD.V,,2.430000066757202,2.440000057220459,2.430000066757202,2.440000057220459,700.0
2026-04-07 12:26:00,LCX.V,,1.9900000095367432,1.9900000095367432,1.9900000095367432,1.9900000095367432,400.0
2026-04-07 12:26:00,MGM.V,,2.299999952316284,2.299999952316284,2.299999952316284,2.299999952316284,500.0
2026-04-07 12:26:00,PNG.V,,8.529999732971191,8.529999732971191,8.529999732971191,8.529999732971191,3500.0
2026-04-07 12:26:00,ZNG.V,,1.0399999618530273,1.0399999618530273,1.0399999618530273,1.0399999618530273,400.0
2026-04-07 12:27:00,GMG.V,,2.140000104904175,2.140000104904175,2.140000104904175,2.140000104904175,100.0
2026-04-07 12:27:00,HITI.V,,3.1600000858306885,3.1600000858306885,3.1600000858306885,3.1600000858306885,188.0
2026-04-07 12:27:00,HIVE.V,,2.6700000762939453,2.6700000762939453,2.6700000762939453,2.6700000762939453,100.0
2026-04-07 12:27:00,HSTR.V,,2.325000047683716,2.3299999237060547,2.325000047683716,2.325000047683716,2300.0
2026-04-07 12:27:00,KLDC.V,,0.18000000715255737,0.18000000715255737,0.18000000715255737,0.18000000715255737,12500.0
2026-04-07 12:27:00,LTH.V,,1.340000033378601,1.340000033378601,1.340000033378601,1.340000033378601,100.0
2026-04-07 12:27:00,NICU.V,,2.0799999237060547,2.0799999237060547,2.0799999237060547,2.0799999237060547,2200.0
2026-04-07 12:27:00,PNG.V,,8.529999732971191,8.529999732971191,8.520000457763672,8.520000457763672,9677.0
2026-04-07 12:28:00,GPAC.V,,0.4399999976158142,0.4399999976158142,0.4399999976158142,0.4399999976158142,11000.0
2026-04-07 12:28:00,HEVI.V,,0.23000000417232513,0.23000000417232513,0.23000000417232513,0.23000000417232513,14511.0
2026-04-07 12:28:00,HIVE.V,,2.6700000762939453,2.6700000762939453,2.6600000858306885,2.6600000858306885,1800.0
2026-04-07 12:28:00,HME.V,,2.819999933242798,2.819999933242798,2.819999933242798,2.819999933242798,300.0
2026-04-07 12:28:00,ITR.V,,3.940000057220459,3.940000057220459,3.940000057220459,3.940000057220459,200.0
2026-04-07 12:28:00,KLD.V,,2.4100000858306885,2.4200000762939453,2.4100000858306885,2.4200000762939453,600.0
2026-04-07 12:28:00,LGC.V,,1.940000057220459,1.940000057220459,1.940000057220459,1.940000057220459,400.0
2026-04-07 12:28:00,LGN.V,,0.9700000286102295,0.9700000286102295,0.9700000286102295,0.9700000286102295,500.0
2026-04-07 12:28:00,LVG.V,,0.3149999976158142,0.3149999976158142,0.3149999976158142,0.3149999976158142,38146.0
2026-04-07 12:28:00,MKO.V,,8.699999809265137,8.699999809265137,8.699999809265137,8.699999809265137,300.0
2026-04-07 12:28:00,PNG.V,,8.5,8.520000457763672,8.5,8.520000457763672,33600.0
2026-04-07 12:29:00,GPG.V,,0.375,0.375,0.375,0.375,2000.0
2026-04-07 12:29:00,GSVR.V,,0.5799999833106995,0.5799999833106995,0.5799999833106995,0.5799999833106995,11500.0
2026-04-07 12:29:00,JEV.V,,0.09000000357627869,0.09000000357627869,0.09000000357627869,0.09000000357627869,1000.0
2026-04-07 12:29:00,KTN.V,,1.350000023841858,1.350000023841858,1.350000023841858,1.350000023841858,100.0
2026-04-07 12:29:00,LQWD.V,,0.949999988079071,0.949999988079071,0.9399999976158142,0.9399999976158142,5100.0
2026-04-07 12:29:00,LTH.V,,1.3350000381469727,1.3350000381469727,1.3350000381469727,1.3350000381469727,100.0
2026-04-07 12:29:00,MCF.V,,0.03999999910593033,0.03999999910593033,0.03999999910593033,0.03999999910593033,25000.0
2026-04-07 12:30:00,GOT.V,,1.590000033378601,1.590000033378601,1.590000033378601,1.590000033378601,300.0
2026-04-07 12:30:00,GSVR.V,,0.5799999833106995,0.5799999833106995,0.5799999833106995,0.5799999833106995,1500.0
2026-04-07 12:30:00,HIVE.V,,2.6600000858306885,2.6600000858306885,2.6600000858306885,2.6600000858306885,2300.0
2026-04-07 12:30:00,HME.V,,2.809999942779541,2.809999942779541,2.809999942779541,2.809999942779541,8700.0
2026-04-07 12:30:00,LTH.V,,1.3350000381469727,1.3350000381469727,1.3350000381469727,1.3350000381469727,100.0
2026-04-07 12:30:00,MFG.V,,4.300000190734863,4.300000190734863,4.300000190734863,4.300000190734863,200.0
2026-04-07 12:30:00,PNG.V,,8.520000457763672,8.520000457763672,8.510000228881836,8.510000228881836,200.0
2026-04-07 12:30:00,ZNG.V,,1.0399999618530273,1.0399999618530273,1.0399999618530273,1.0399999618530273,600.0
2026-04-07 12:31:00,FRED.V,,0.550000011920929,0.550000011920929,0.550000011920929,0.550000011920929,1500.0
2026-04-07 12:31:00,FWZ.V,,4.289999961853027,4.289999961853027,4.289999961853027,4.289999961853027,1701.0
2026-04-07 12:31:00,HIVE.V,,2.6600000858306885,2.6600000858306885,2.6600000858306885,2.6600000858306885,3700.0
2026-04-07 12:31:00,HSTR.V,,2.319999933242798,2.319999933242798,2.319999933242798,2.319999933242798,410.0
2026-04-07 12:31:00,ITR.V,,3.940000057220459,3.940000057220459,3.940000057220459,3.940000057220459,200.0
2026-04-07 12:31:00,JUGR.V,,1.2999999523162842,1.2999999523162842,1.2999999523162842,1.2999999523162842,2000.0
2026-04-07 12:31:00,LTH.V,,1.3350000381469727,1.3350000381469727,1.3350000381469727,1.3350000381469727,100.0
2026-04-07 12:31:00,MGM.V,,2.2799999713897705,2.2899999618530273,2.2799999713897705,2.2899999618530273,11100.0
2026-04-07 12:31:00,MLP.V,,1.9800000190734863,1.9800000190734863,1.9800000190734863,1.9800000190734863,500.0
2026-04-07 12:31:00,NICU.V,,2.0799999237060547,2.0799999237060547,2.0799999237060547,2.0799999237060547,100.0
2026-04-07 12:31:00,PNG.V,,8.5,8.5,8.5,8.5,1000.0
2026-04-07 12:32:00,FMS.V,,0.3499999940395355,0.3499999940395355,0.3499999940395355,0.3499999940395355,500.0
2026-04-07 12:32:00,GSVR.V,,0.5799999833106995,0.5799999833106995,0.5799999833106995,0.5799999833106995,700.0
2026-04-07 12:32:00,HIVE.V,,2.6700000762939453,2.6700000762939453,2.6700000762939453,2.6700000762939453,2300.0
2026-04-07 12:32:00,LME.V,,0.2150000035762787,0.2150000035762787,0.2150000035762787,0.2150000035762787,1000.0
2026-04-07 12:32:00,LTH.V,,1.3350000381469727,1.3350000381469727,1.3350000381469727,1.3350000381469727,100.0
2026-04-07 12:32:00,MKO.V,,8.729999542236328,8.729999542236328,8.729999542236328,8.729999542236328,200.0
2026-04-07 12:32:00,MLP.V,,1.9800000190734863,1.9900000095367432,1.9800000190734863,1.9900000095367432,2100.0
2026-04-07 12:32:00,NICU.V,,2.0799999237060547,2.0799999237060547,2.0799999237060547,2.0799999237060547,500.0
2026-04-07 12:33:00,LGC.V,,1.9299999475479126,1.9299999475479126,1.9299999475479126,1.9299999475479126,100.0
2026-04-07 12:33:00,LTH.V,,1.3350000381469727,1.3350000381469727,1.3350000381469727,1.3350000381469727,100.0
2026-04-07 12:33:00,MGM.V,,2.2799999713897705,2.2799999713897705,2.2799999713897705,2.2799999713897705,500.0
2026-04-07 12:33:00,MLP.V,,1.9900000095367432,1.9900000095367432,1.9900000095367432,1.9900000095367432,949.0
2026-04-07 12:33:00,MRVL.V,,0.17000000178813934,0.17000000178813934,0.17000000178813934,0.17000000178813934,1000.0
2026-04-07 12:33:00,PNG.V,,8.510000228881836,8.510000228881836,8.510000228881836,8.510000228881836,200.0
2026-04-07 12:34:00,FWZ.V,,4.269999980926514,4.28000020980835,4.269999980926514,4.28000020980835,800.0
2026-04-07 12:34:00,GMV.V,,0.18000000715255737,0.18000000715255737,0.18000000715255737,0.18000000715255737,15000.0
2026-04-07 12:34:00,GOT.V,,1.5800000429153442,1.5800000429153442,1.5800000429153442,1.5800000429153442,4400.0
2026-04-07 12:34:00,GPAC.V,,0.4399999976158142,0.4399999976158142,0.4399999976158142,0.4399999976158142,500.0
2026-04-07 12:34:00,GQC.V,,2.299999952316284,2.299999952316284,2.2899999618530273,2.2899999618530273,4600.0
2026-04-07 12:34:00,HIVE.V,,2.6700000762939453,2.6700000762939453,2.6700000762939453,2.6700000762939453,1300.0
2026-04-07 12:34:00,HME.V,,2.819999933242798,2.819999933242798,2.809999942779541,2.809999942779541,4500.0
2026-04-07 12:34:00,LTH.V,,1.3350000381469727,1.3350000381469727,1.3350000381469727,1.3350000381469727,100.0
2026-04-07 12:34:00,MGM.V,,2.2699999809265137,2.2699999809265137,2.2699999809265137,2.2699999809265137,2000.0
2026-04-07 12:34:00,MLP.V,,1.9800000190734863,2.0,1.9800000190734863,1.9800000190734863,15800.0
2026-04-07 12:34:00,PNG.V,,8.539999961853027,8.539999961853027,8.520000457763672,8.520000457763672,800.0
2026-04-07 12:35:00,GGO.V,,0.949999988079071,0.949999988079071,0.949999988079071,0.949999988079071,4200.0
2026-04-07 12:35:00,HELI.V,,0.05000000074505806,0.05000000074505806,0.05000000074505806,0.05000000074505806,100000.0
2026-04-07 12:35:00,HME.V,,2.815000057220459,2.815000057220459,2.815000057220459,2.815000057220459,1300.0
2026-04-07 12:35:00,KTO.V,,0.6899999976158142,0.6899999976158142,0.6899999976158142,0.6899999976158142,3000.0
2026-04-07 12:35:00,LTH.V,,1.3350000381469727,1.3350000381469727,1.3350000381469727,1.3350000381469727,100.0
2026-04-07 12:35:00,MGM.V,,2.259999990463257,2.259999990463257,2.25,2.259999990463257,14200.0
2026-04-07 12:35:00,MLP.V,,1.9700000286102295,1.9800000190734863,1.9700000286102295,1.9800000190734863,10000.0
2026-04-07 12:35:00,MTT.V,,0.18000000715255737,0.18000000715255737,0.18000000715255737,0.18000000715255737,500.0
2026-04-07 12:35:00,PNG.V,,8.579999923706055,8.579999923706055,8.5600004196167,8.5600004196167,1800.0
2026-04-07 12:36:00,FWZ.V,,4.289999961853027,4.289999961853027,4.260000228881836,4.260000228881836,1200.0
2026-04-07 12:36:00,GGO.V,,0.949999988079071,0.949999988079071,0.949999988079071,0.949999988079071,900.0
2026-04-07 12:36:00,HITI.V,,3.1500000953674316,3.1500000953674316,3.1500000953674316,3.1500000953674316,100.0
2026-04-07 12:36:00,ICM.V,,0.11500000208616257,0.11500000208616257,0.11500000208616257,0.11500000208616257,7000.0
2026-04-07 12:36:00,ITR.V,,3.930000066757202,3.930000066757202,3.930000066757202,3.930000066757202,600.0
2026-04-07 12:36:00,KGS.V,,0.12999999523162842,0.12999999523162842,0.12999999523162842,0.12999999523162842,27500.0
2026-04-07 12:36:00,KTN.V,,1.3450000286102295,1.3450000286102295,1.3450000286102295,1.3450000286102295,100.0
2026-04-07 12:36:00,LMN.V,,22.81999969482422,22.81999969482422,22.81999969482422,22.81999969482422,100.0
2026-04-07 12:36:00,LUCA.V,,1.350000023841858,1.350000023841858,1.3450000286102295,1.3450000286102295,2155.0
2026-04-07 12:36:00,NICU.V,,2.0799999237060547,2.0799999237060547,2.0799999237060547,2.0799999237060547,100.0
2026-04-07 12:36:00,PNG.V,,8.569999694824219,8.569999694824219,8.569999694824219,8.569999694824219,622.0
2026-04-07 12:36:00,ZNG.V,,1.0299999713897705,1.0399999618530273,1.0299999713897705,1.0399999618530273,200.0
2026-04-07 12:37:00,GOT.V,,1.5800000429153442,1.5800000429153442,1.5800000429153442,1.5800000429153442,200.0
2026-04-07 12:37:00,GRSL.V,,0.30000001192092896,0.30000001192092896,0.30000001192092896,0.30000001192092896,500.0
2026-04-07 12:37:00,HME.V,,2.809999942779541,2.809999942779541,2.809999942779541,2.809999942779541,7800.0
2026-04-07 12:37:00,LTH.V,,1.350000023841858,1.350000023841858,1.340000033378601,1.340000033378601,21000.0
2026-04-07 12:37:00,LUCA.V,,1.350000023841858,1.350000023841858,1.3450000286102295,1.3450000286102295,800.0
2026-04-07 12:37:00,MKO.V,,8.75,8.75,8.75,8.75,900.0
2026-04-07 12:37:00,NICU.V,,2.0799999237060547,2.0799999237060547,2.0799999237060547,2.0799999237060547,7000.0
2026-04-07 12:37:00,PNG.V,,8.539999961853027,8.5600004196167,8.539999961853027,8.5600004196167,800.0
2026-04-07 12:38:00,FMAN.V,,0.3050000071525574,0.3100000023841858,0.3050000071525574,0.3100000023841858,39500.0
2026-04-07 12:38:00,FWZ.V,,4.289999961853027,4.289999961853027,4.289999961853027,4.289999961853027,600.0
2026-04-07 12:38:00,GGO.V,,0.949999988079071,0.949999988079071,0.949999988079071,0.949999988079071,900.0
2026-04-07 12:38:00,GOT.V,,1.5750000476837158,1.590000033378601,1.5750000476837158,1.5800000429153442,9000.0
2026-04-07 12:38:00,GQC.V,,2.299999952316284,2.299999952316284,2.299999952316284,2.299999952316284,4900.0
2026-04-07 12:38:00,GWM.V,,0.6000000238418579,0.6000000238418579,0.6000000238418579,0.6000000238418579,17000.0
2026-04-07 12:38:00,HIVE.V,,2.6700000762939453,2.6700000762939453,2.6700000762939453,2.6700000762939453,100.0
2026-04-07 12:38:00,KTO.V,,0.6800000071525574,0.6800000071525574,0.6800000071525574,0.6800000071525574,1500.0
2026-04-07 12:38:00,LQWD.V,,0.9200000166893005,0.9300000071525574,0.9200000166893005,0.9300000071525574,18400.0
2026-04-07 12:38:00,MCF.V,,0.03999999910593033,0.03999999910593033,0.03999999910593033,0.03999999910593033,27000.0
2026-04-07 12:38:00,NURS.V,,3.049999952316284,3.049999952316284,3.049999952316284,3.049999952316284,1000.0
2026-04-07 12:39:00,GMG.V,,2.1500000953674316,2.1500000953674316,2.1500000953674316,2.1500000953674316,2000.0
2026-04-07 12:39:00,GPAC.V,,0.4399999976158142,0.4399999976158142,0.4399999976158142,0.4399999976158142,500.0
2026-04-07 12:39:00,GRSL.V,,0.30000001192092896,0.30000001192092896,0.30000001192092896,0.30000001192092896,19654.0
2026-04-07 12:39:00,HPL.V,,0.10999999940395355,0.10999999940395355,0.10999999940395355,0.10999999940395355,15000.0
2026-04-07 12:39:00,ITR.V,,3.9200000762939453,3.9200000762939453,3.9200000762939453,3.9200000762939453,2200.0
2026-04-07 12:39:00,KTN.V,,1.340000033378601,1.340000033378601,1.340000033378601,1.340000033378601,1300.0
2026-04-07 12:39:00,LTH.V,,1.3550000190734863,1.3550000190734863,1.350000023841858,1.350000023841858,7500.0
2026-04-07 12:39:00,MIM.V,,0.23749999701976776,0.23999999463558197,0.23749999701976776,0.23999999463558197,16500.0
2026-04-07 12:39:00,MLP.V,,1.9500000476837158,1.9600000381469727,1.9500000476837158,1.9600000381469727,5900.0
2026-04-07 12:39:00,MTA.V,,9.149999618530273,9.149999618530273,9.149999618530273,9.149999618530273,100.0
2026-04-07 12:39:00,PNG.V,,8.550000190734863,8.550000190734863,8.539999961853027,8.539999961853027,1926.0
2026-04-07 12:39:00,ROAR.V,,0.2199999988079071,0.2199999988079071,0.2199999988079071,0.2199999988079071,500.0
2026-04-07 12:40:00,FHYD.V,,0.38499999046325684,0.38499999046325684,0.38499999046325684,0.38499999046325684,11510.0
2026-04-07 12:40:00,GOT.V,,1.5700000524520874,1.5700000524520874,1.5700000524520874,1.5700000524520874,7003.0
2026-04-07 12:40:00,GRSL.V,,0.30000001192092896,0.30000001192092896,0.30000001192092896,0.30000001192092896,13500.0
2026-04-07 12:40:00,HSTR.V,,2.305000066757202,2.315000057220459,2.305000066757202,2.315000057220459,9400.0
2026-04-07 12:40:00,KGS.V,,0.12999999523162842,0.12999999523162842,0.12999999523162842,0.12999999523162842,11000.0
2026-04-07 12:40:00,KRY.V,,3.180000066757202,3.180000066757202,3.180000066757202,3.180000066757202,100.0
2026-04-07 12:40:00,KTN.V,,1.340000033378601,1.340000033378601,1.340000033378601,1.340000033378601,500.0
2026-04-07 12:40:00,LG.V,,0.32499998807907104,0.32499998807907104,0.32499998807907104,0.32499998807907104,5500.0
2026-04-07 12:40:00,MGM.V,,2.240000009536743,2.240000009536743,2.240000009536743,2.240000009536743,7100.0
2026-04-07 12:40:00,MLP.V,,1.9600000381469727,1.9600000381469727,1.9600000381469727,1.9600000381469727,12300.0
2026-04-07 12:40:00,ROAR.V,,0.2199999988079071,0.2199999988079071,0.2199999988079071,0.2199999988079071,500.0
2026-04-07 12:41:00,GRSL.V,,0.30000001192092896,0.30000001192092896,0.30000001192092896,0.30000001192092896,500.0
2026-04-07 12:41:00,GSVR.V,,0.5799999833106995,0.5799999833106995,0.5799999833106995,0.5799999833106995,15500.0
2026-04-07 12:41:00,GTC.V,,0.17499999701976776,0.17499999701976776,0.17499999701976776,0.17499999701976776,149000.0
2026-04-07 12:41:00,GWM.V,,0.6000000238418579,0.6000000238418579,0.6000000238418579,0.6000000238418579,3000.0
2026-04-07 12:41:00,HME.V,,2.799999952316284,2.799999952316284,2.799999952316284,2.799999952316284,2200.0
2026-04-07 12:41:00,IMI.V,,0.10999999940395355,0.11500000208616257,0.10999999940395355,0.11500000208616257,18500.0
2026-04-07 12:41:00,LCX.V,,1.9900000095367432,1.9900000095367432,1.9900000095367432,1.9900000095367432,100.0
2026-04-07 12:41:00,LG.V,,0.32499998807907104,0.32499998807907104,0.32499998807907104,0.32499998807907104,5000.0
2026-04-07 12:41:00,LMG.V,,0.5199999809265137,0.5199999809265137,0.5199999809265137,0.5199999809265137,1000.0
2026-04-07 12:41:00,LTH.V,,1.3600000143051147,1.3600000143051147,1.350000023841858,1.350000023841858,1600.0
2026-04-07 12:41:00,MLP.V,,1.9700000286102295,1.9700000286102295,1.9700000286102295,1.9700000286102295,26598.0
2026-04-07 12:41:00,NICU.V,,2.0899999141693115,2.0899999141693115,2.0899999141693115,2.0899999141693115,400.0
2026-04-07 12:42:00,GMG.V,,2.1500000953674316,2.1500000953674316,2.1500000953674316,2.1500000953674316,1000.0
2026-04-07 12:42:00,HME.V,,2.799999952316284,2.799999952316284,2.799999952316284,2.799999952316284,1700.0
2026-04-07 12:42:00,KGS.V,,0.13500000536441803,0.13500000536441803,0.13500000536441803,0.13500000536441803,7500.0
2026-04-07 12:42:00,KTO.V,,0.6700000166893005,0.6700000166893005,0.6700000166893005,0.6700000166893005,5000.0
2026-04-07 12:42:00,LGN.V,,0.9700000286102295,0.9700000286102295,0.9700000286102295,0.9700000286102295,4000.0
2026-04-07 12:42:00,MKO.V,,8.739999771118164,8.739999771118164,8.739999771118164,8.739999771118164,300.0
2026-04-07 12:42:00,NICU.V,,2.0950000286102295,2.0950000286102295,2.0950000286102295,2.0950000286102295,200.0
2026-04-07 12:43:00,GBML.V,,0.1599999964237213,0.1599999964237213,0.1599999964237213,0.1599999964237213,50000.0
2026-04-07 12:43:00,GOT.V,,1.5700000524520874,1.5700000524520874,1.5700000524520874,1.5700000524520874,2500.0
2026-04-07 12:43:00,GUG.V,,0.04500000178813934,0.04500000178813934,0.04500000178813934,0.04500000178813934,19988.0
2026-04-07 12:43:00,ITR.V,,3.930000066757202,3.930000066757202,3.930000066757202,3.930000066757202,100.0
2026-04-07 12:43:00,MTA.V,,9.140000343322754,9.140000343322754,9.140000343322754,9.140000343322754,100.0
2026-04-07 12:43:00,NURS.V,,3.0299999713897705,3.059999942779541,3.0299999713897705,3.059999942779541,500.0
2026-04-07 12:43:00,PNG.V,,8.569999694824219,8.569999694824219,8.569999694824219,8.569999694824219,100.0
2026-04-07 12:44:00,GOT.V,,1.5700000524520874,1.5700000524520874,1.5700000524520874,1.5700000524520874,355.0
2026-04-07 12:44:00,HIVE.V,,2.6700000762939453,2.6700000762939453,2.6700000762939453,2.6700000762939453,8600.0
2026-04-07 12:44:00,LTH.V,,1.3600000143051147,1.3600000143051147,1.3600000143051147,1.3600000143051147,100.0
2026-04-07 12:44:00,LUCA.V,,1.350000023841858,1.350000023841858,1.350000023841858,1.350000023841858,100.0
2026-04-07 12:44:00,PNG.V,,8.510000228881836,8.550000190734863,8.5,8.550000190734863,4604.0
2026-04-07 12:45:00,GOT.V,,1.5700000524520874,1.5700000524520874,1.5700000524520874,1.5700000524520874,700.0
2026-04-07 12:45:00,GPAC.V,,0.4399999976158142,0.4399999976158142,0.4399999976158142,0.4399999976158142,500.0
2026-04-07 12:45:00,GPG.V,,0.3799999952316284,0.3799999952316284,0.375,0.375,37000.0
2026-04-07 12:45:00,GSVR.V,,0.5799999833106995,0.5799999833106995,0.5799999833106995,0.5799999833106995,15000.0
2026-04-07 12:45:00,HITI.V,,3.1600000858306885,3.1600000858306885,3.1600000858306885,3.1600000858306885,100.0
2026-04-07 12:45:00,HIVE.V,,2.6700000762939453,2.6700000762939453,2.6700000762939453,2.6700000762939453,4500.0
2026-04-07 12:45:00,ITR.V,,3.930000066757202,3.930000066757202,3.930000066757202,3.930000066757202,300.0
2026-04-07 12:45:00,LMN.V,,22.799999237060547,22.815000534057617,22.799999237060547,22.809999465942383,2062.0
2026-04-07 12:45:00,MJS.V,,0.14499999582767487,0.14499999582767487,0.14499999582767487,0.14499999582767487,500.0
2026-04-07 12:45:00,PNG.V,,8.5,8.520000457763672,8.489999771118164,8.520000457763672,3252.0
2026-04-07 12:46:00,GOT.V,,1.5700000524520874,1.5700000524520874,1.5700000524520874,1.5700000524520874,4800.0
2026-04-07 12:46:00,GPG.V,,0.38499999046325684,0.38999998569488525,0.38499999046325684,0.38999998569488525,16500.0
2026-04-07 12:46:00,GSTM.V,,0.20000000298023224,0.20000000298023224,0.20000000298023224,0.20000000298023224,6000.0
2026-04-07 12:46:00,GSVR.V,,0.5799999833106995,0.5799999833106995,0.5799999833106995,0.5799999833106995,5000.0
2026-04-07 12:46:00,HAN.V,,0.5799999833106995,0.5799999833106995,0.5799999833106995,0.5799999833106995,9591.0
2026-04-07 12:46:00,HEVI.V,,0.23000000417232513,0.23000000417232513,0.23000000417232513,0.23000000417232513,500.0
2026-04-07 12:46:00,JZR.V,,0.25999999046325684,0.25999999046325684,0.25999999046325684,0.25999999046325684,10000.0
2026-04-07 12:46:00,KIP.V,,0.23999999463558197,0.23999999463558197,0.23999999463558197,0.23999999463558197,1500.0
2026-04-07 12:46:00,MLP.V,,1.9600000381469727,1.9600000381469727,1.9500000476837158,1.9500000476837158,7700.0
2026-04-07 12:46:00,MMX.V,,0.09000000357627869,0.09000000357627869,0.09000000357627869,0.09000000357627869,0.0
2026-04-07 12:46:00,NURS.V,,3.049999952316284,3.049999952316284,3.049999952316284,3.049999952316284,300.0
2026-04-07 12:46:00,PNG.V,,8.5,8.5,8.5,8.5,718.0
2026-04-07 12:47:00,FWZ.V,,4.28000020980835,4.28000020980835,4.260000228881836,4.260000228881836,800.0
2026-04-07 12:47:00,GSPR.V,,0.09000000357627869,0.0949999988079071,0.09000000357627869,0.0949999988079071,127500.0
2026-04-07 12:47:00,GSVR.V,,0.5799999833106995,0.5799999833106995,0.5799999833106995,0.5799999833106995,17000.0
2026-04-07 12:47:00,HIVE.V,,2.680000066757202,2.680000066757202,2.680000066757202,2.680000066757202,1200.0
2026-04-07 12:47:00,KTN.V,,1.340000033378601,1.340000033378601,1.340000033378601,1.340000033378601,100.0
2026-04-07 12:47:00,LGN.V,,0.9700000286102295,0.9700000286102295,0.9700000286102295,0.9700000286102295,5000.0
2026-04-07 12:47:00,LTH.V,,1.3600000143051147,1.3600000143051147,1.3600000143051147,1.3600000143051147,100.0
2026-04-07 12:47:00,MCS.V,,2.059999942779541,2.059999942779541,2.059999942779541,2.059999942779541,300.0
2026-04-07 12:47:00,NICU.V,,2.0950000286102295,2.0950000286102295,2.0950000286102295,2.0950000286102295,100.0
2026-04-07 12:47:00,NURS.V,,3.049999952316284,3.049999952316284,3.049999952316284,3.049999952316284,100.0
2026-04-07 12:47:00,PNG.V,,8.5,8.5,8.489999771118164,8.489999771118164,2200.0
2026-04-07 12:48:00,FWZ.V,,4.289999961853027,4.289999961853027,4.289999961853027,4.289999961853027,1000.0
2026-04-07 12:48:00,GLAD.V,,1.1799999475479126,1.1799999475479126,1.1799999475479126,1.1799999475479126,3400.0
2026-04-07 12:48:00,GSPR.V,,0.09000000357627869,0.09000000357627869,0.09000000357627869,0.09000000357627869,21500.0
2026-04-07 12:48:00,MKO.V,,8.75,8.75,8.75,8.75,200.0
2026-04-07 12:48:00,MMG.V,,0.2849999964237213,0.2849999964237213,0.2849999964237213,0.2849999964237213,2606.0
2026-04-07 12:48:00,NICU.V,,2.0950000286102295,2.0950000286102295,2.0950000286102295,2.0950000286102295,100.0
2026-04-07 12:48:00,PNG.V,,8.5,8.5,8.5,8.5,1000.0
2026-04-07 12:49:00,EQTY.V,,0.2800000011920929,0.2800000011920929,0.2800000011920929,0.2800000011920929,23000.0
2026-04-07 12:49:00,FWZ.V,,4.289999961853027,4.289999961853027,4.28000020980835,4.289999961853027,1212.0
2026-04-07 12:49:00,GPG.V,,0.3799999952316284,0.3799999952316284,0.3799999952316284,0.3799999952316284,4500.0
2026-04-07 12:49:00,HAN.V,,0.5799999833106995,0.5799999833106995,0.5799999833106995,0.5799999833106995,6000.0
2026-04-07 12:49:00,HIVE.V,,2.680000066757202,2.680000066757202,2.680000066757202,2.680000066757202,2200.0
2026-04-07 12:49:00,HSTR.V,,2.305000066757202,2.305000066757202,2.305000066757202,2.305000066757202,100.0
2026-04-07 12:49:00,LXE.V,,0.2150000035762787,0.2199999988079071,0.2150000035762787,0.2199999988079071,0.0
2026-04-07 12:49:00,MKO.V,,8.75,8.75,8.75,8.75,100.0
2026-04-07 12:49:00,MLP.V,,1.9500000476837158,1.9500000476837158,1.9500000476837158,1.9500000476837158,100.0
2026-04-07 12:49:00,PNG.V,,8.489999771118164,8.489999771118164,8.489999771118164,8.489999771118164,100.0
2026-04-07 12:49:00,ROAR.V,,0.2199999988079071,0.2199999988079071,0.2199999988079071,0.2199999988079071,10000.0
2026-04-07 12:50:00,GGO.V,,0.949999988079071,0.949999988079071,0.949999988079071,0.949999988079071,1100.0
2026-04-07 12:50:00,GRB.V,,0.45500001311302185,0.45500001311302185,0.45500001311302185,0.45500001311302185,1000.0
2026-04-07 12:50:00,HIVE.V,,2.680000066757202,2.680000066757202,2.680000066757202,2.680000066757202,1000.0
2026-04-07 12:50:00,IFOS.V,,3.7799999713897705,3.7799999713897705,3.7699999809265137,3.7699999809265137,3700.0
2026-04-07 12:50:00,LCX.V,,1.9900000095367432,1.9900000095367432,1.9900000095367432,1.9900000095367432,600.0
2026-04-07 12:50:00,MJS.V,,0.14499999582767487,0.14499999582767487,0.14499999582767487,0.14499999582767487,500.0
2026-04-07 12:51:00,GPG.V,,0.3799999952316284,0.3799999952316284,0.3799999952316284,0.3799999952316284,9500.0
2026-04-07 12:51:00,HEVI.V,,0.23999999463558197,0.23999999463558197,0.23999999463558197,0.23999999463558197,2500.0
2026-04-07 12:51:00,HIVE.V,,2.690000057220459,2.690000057220459,2.680000066757202,2.680000066757202,36790.0
2026-04-07 12:51:00,HME.V,,2.809999942779541,2.809999942779541,2.799999952316284,2.799999952316284,11000.0
2026-04-07 12:51:00,NICU.V,,2.0950000286102295,2.0950000286102295,2.0950000286102295,2.0950000286102295,100.0
2026-04-07 12:51:00,PNG.V,,8.449999809265137,8.489999771118164,8.449999809265137,8.489999771118164,11158.0
2026-04-07 12:51:00,YGT.V,,0.1899999976158142,0.1899999976158142,0.1899999976158142,0.1899999976158142,5000.0
2026-04-07 12:52:00,GRSL.V,,0.30000001192092896,0.30000001192092896,0.30000001192092896,0.30000001192092896,1500.0
2026-04-07 12:52:00,GSVR.V,,0.5799999833106995,0.5799999833106995,0.5799999833106995,0.5799999833106995,47600.0
2026-04-07 12:52:00,HAN.V,,0.5699999928474426,0.5699999928474426,0.5699999928474426,0.5699999928474426,10900.0
2026-04-07 12:52:00,ITR.V,,3.940000057220459,3.940000057220459,3.940000057220459,3.940000057220459,4500.0
2026-04-07 12:52:00,LTH.V,,1.3600000143051147,1.3600000143051147,1.3600000143051147,1.3600000143051147,100.0
2026-04-07 12:52:00,PNG.V,,8.4399995803833,8.460000038146973,8.4399995803833,8.449999809265137,3852.0
2026-04-07 12:52:00,ZNG.V,,1.0399999618530273,1.0399999618530273,1.0399999618530273,1.0399999618530273,100.0
2026-04-07 12:53:00,FWZ.V,,4.300000190734863,4.300000190734863,4.289999961853027,4.289999961853027,800.0
2026-04-07 12:53:00,LUCA.V,,1.350000023841858,1.350000023841858,1.350000023841858,1.350000023841858,1100.0
2026-04-07 12:53:00,NURS.V,,3.049999952316284,3.049999952316284,3.049999952316284,3.049999952316284,100.0
2026-04-07 12:53:00,ZNG.V,,1.0399999618530273,1.0399999618530273,1.0399999618530273,1.0399999618530273,100.0
2026-04-07 12:54:00,AUEN.V,,0.27000001072883606,0.27000001072883606,0.27000001072883606,0.27000001072883606,14000.0
2026-04-07 12:54:00,GSVR.V,,0.5899999737739563,0.5899999737739563,0.5799999833106995,0.5799999833106995,80800.0
2026-04-07 12:54:00,HITI.V,,3.1600000858306885,3.1600000858306885,3.1600000858306885,3.1600000858306885,100.0
2026-04-07 12:54:00,HIVE.V,,2.680000066757202,2.680000066757202,2.680000066757202,2.680000066757202,2100.0
2026-04-07 12:54:00,KRY.V,,3.180000066757202,3.180000066757202,3.180000066757202,3.180000066757202,100.0
2026-04-07 12:54:00,LCX.V,,2.0,2.0,1.9700000286102295,1.9900000095367432,55796.0
2026-04-07 12:54:00,NICU.V,,2.0899999141693115,2.0950000286102295,2.0899999141693115,2.0950000286102295,200.0
2026-04-07 12:54:00,PNG.V,,8.454999923706055,8.454999923706055,8.454999923706055,8.454999923706055,400.0
2026-04-07 12:55:00,EQTY.V,,0.2800000011920929,0.2800000011920929,0.2800000011920929,0.2800000011920929,6000.0
2026-04-07 12:55:00,GRDM.V,,0.125,0.125,0.125,0.125,99500.0
2026-04-07 12:55:00,HIVE.V,,2.6700000762939453,2.6700000762939453,2.6700000762939453,2.6700000762939453,100.0
2026-04-07 12:55:00,MJS.V,,0.14499999582767487,0.14499999582767487,0.14499999582767487,0.14499999582767487,500.0
2026-04-07 12:55:00,PNG.V,,8.4350004196167,8.454999923706055,8.4350004196167,8.454999923706055,1610.0
2026-04-07 12:55:00,ZNG.V,,1.0399999618530273,1.0399999618530273,1.0399999618530273,1.0399999618530273,100.0
2026-04-07 12:56:00,FWZ.V,,4.28000020980835,4.28000020980835,4.28000020980835,4.28000020980835,100.0
2026-04-07 12:56:00,GPAC.V,,0.4399999976158142,0.4399999976158142,0.4399999976158142,0.4399999976158142,500.0
2026-04-07 12:56:00,HI.V,,0.15000000596046448,0.15000000596046448,0.15000000596046448,0.15000000596046448,40000.0
2026-04-07 12:56:00,HME.V,,2.799999952316284,2.805000066757202,2.799999952316284,2.799999952316284,2550.0
2026-04-07 12:56:00,ITR.V,,3.930000066757202,3.930000066757202,3.930000066757202,3.930000066757202,1000.0
2026-04-07 12:56:00,LAB.V,,0.07000000029802322,0.07000000029802322,0.07000000029802322,0.07000000029802322,165000.0
2026-04-07 12:56:00,LGN.V,,0.9700000286102295,0.9700000286102295,0.9700000286102295,0.9700000286102295,500.0
2026-04-07 12:56:00,LTH.V,,1.3550000190734863,1.3550000190734863,1.3550000190734863,1.3550000190734863,100.0
2026-04-07 12:56:00,PNG.V,,8.40999984741211,8.4399995803833,8.399999618530273,8.430000305175781,8600.0
2026-04-07 12:57:00,GOT.V,,1.5750000476837158,1.5750000476837158,1.5750000476837158,1.5750000476837158,100.0
2026-04-07 12:57:00,GPG.V,,0.38499999046325684,0.38499999046325684,0.38499999046325684,0.38499999046325684,4000.0
2026-04-07 12:57:00,HELI.V,,0.05000000074505806,0.05000000074505806,0.05000000074505806,0.05000000074505806,10876.0
2026-04-07 12:57:00,JEV.V,,0.09000000357627869,0.09000000357627869,0.09000000357627869,0.09000000357627869,8000.0
2026-04-07 12:57:00,LUCA.V,,1.3450000286102295,1.3450000286102295,1.3450000286102295,1.3450000286102295,100.0
2026-04-07 12:57:00,MFG.V,,4.340000152587891,4.340000152587891,4.340000152587891,4.340000152587891,3600.0
2026-04-07 12:57:00,NICU.V,,2.0899999141693115,2.0899999141693115,2.0899999141693115,2.0899999141693115,175.0
2026-04-07 12:57:00,PNG.V,,8.449999809265137,8.449999809265137,8.449999809265137,8.449999809265137,172.0
2026-04-07 12:58:00,FWZ.V,,4.28000020980835,4.28000020980835,4.28000020980835,4.28000020980835,600.0
2026-04-07 12:58:00,GOT.V,,1.5750000476837158,1.5750000476837158,1.5750000476837158,1.5750000476837158,280.0
2026-04-07 12:58:00,HIVE.V,,2.6700000762939453,2.6700000762939453,2.6700000762939453,2.6700000762939453,2141.0
2026-04-07 12:58:00,HMR.V,,0.8399999737739563,0.8399999737739563,0.8399999737739563,0.8399999737739563,3000.0
2026-04-07 12:58:00,HSTR.V,,2.2850000858306885,2.299999952316284,2.2850000858306885,2.299999952316284,6600.0
2026-04-07 12:58:00,ITR.V,,3.9200000762939453,3.9200000762939453,3.9200000762939453,3.9200000762939453,500.0
2026-04-07 12:58:00,LGN.V,,0.9700000286102295,0.9700000286102295,0.9700000286102295,0.9700000286102295,500.0
2026-04-07 12:58:00,LTH.V,,1.350000023841858,1.350000023841858,1.350000023841858,1.350000023841858,100.0
2026-04-07 12:58:00,MFG.V,,4.360000133514404,4.360000133514404,4.349999904632568,4.349999904632568,1600.0
2026-04-07 12:58:00,NURS.V,,3.0399999618530273,3.049999952316284,3.0399999618530273,3.049999952316284,300.0
2026-04-07 12:58:00,ZNG.V,,1.0399999618530273,1.0399999618530273,1.0399999618530273,1.0399999618530273,300.0
2026-04-07 12:59:00,GOT.V,,1.5700000524520874,1.5700000524520874,1.5700000524520874,1.5700000524520874,1200.0
2026-04-07 12:59:00,HIVE.V,,2.6700000762939453,2.6700000762939453,2.6700000762939453,2.6700000762939453,200.0
2026-04-07 12:59:00,LMN.V,,22.700000762939453,22.700000762939453,22.700000762939453,22.700000762939453,100.0
2026-04-07 12:59:00,MCS.V,,2.1600000858306885,2.1600000858306885,2.1600000858306885,2.1600000858306885,700.0
2026-04-07 12:59:00,NICU.V,,2.0899999141693115,2.0899999141693115,2.0899999141693115,2.0899999141693115,1005.0
2026-04-07 13:00:00,GG.V,,2.630000114440918,2.630000114440918,2.630000114440918,2.630000114440918,2004.0
2026-04-07 13:00:00,GMG.V,,2.119999885559082,2.140000104904175,2.119999885559082,2.140000104904175,2600.0
2026-04-07 13:00:00,GSVR.V,,0.5899999737739563,0.5899999737739563,0.5899999737739563,0.5899999737739563,2700.0
2026-04-07 13:00:00,HIVE.V,,2.6700000762939453,2.6700000762939453,2.6700000762939453,2.6700000762939453,800.0
2026-04-07 13:00:00,HME.V,,2.799999952316284,2.799999952316284,2.799999952316284,2.799999952316284,100.0
2026-04-07 13:00:00,HSTR.V,,2.2899999618530273,2.2899999618530273,2.2899999618530273,2.2899999618530273,1900.0
2026-04-07 13:00:00,IVS.V,,0.23999999463558197,0.23999999463558197,0.23999999463558197,0.23999999463558197,4500.0
2026-04-07 13:00:00,KTO.V,,0.6800000071525574,0.6800000071525574,0.6800000071525574,0.6800000071525574,1500.0
2026-04-07 13:00:00,LTH.V,,1.350000023841858,1.350000023841858,1.350000023841858,1.350000023841858,100.0
2026-04-07 13:00:00,MJS.V,,0.14499999582767487,0.14499999582767487,0.14499999582767487,0.14499999582767487,500.0
2026-04-07 13:00:00,MMG.V,,0.2849999964237213,0.2849999964237213,0.2849999964237213,0.2849999964237213,1000.0
2026-04-07 13:00:00,TUF.V,,0.25,0.25,0.25,0.25,101000.0
2026-04-07 13:01:00,FO.V,,0.38499999046325684,0.38499999046325684,0.38499999046325684,0.38499999046325684,3500.0
2026-04-07 13:01:00,IZN.V,,0.06499999761581421,0.06499999761581421,0.06499999761581421,0.06499999761581421,0.0
2026-04-07 13:01:00,LGN.V,,0.9700000286102295,0.9700000286102295,0.9700000286102295,0.9700000286102295,500.0
2026-04-07 13:01:00,LIO.V,,0.23999999463558197,0.23999999463558197,0.23999999463558197,0.23999999463558197,2000.0
2026-04-07 13:01:00,LTH.V,,1.350000023841858,1.350000023841858,1.350000023841858,1.350000023841858,100.0
2026-04-07 13:01:00,PNG.V,,8.470000267028809,8.479999542236328,8.470000267028809,8.470000267028809,300.0
2026-04-07 13:02:00,GGO.V,,0.9599999785423279,0.9599999785423279,0.9599999785423279,0.9599999785423279,100.0
2026-04-07 13:02:00,GOT.V,,1.5700000524520874,1.5700000524520874,1.5700000524520874,1.5700000524520874,100.0
2026-04-07 13:02:00,GUG.V,,0.04500000178813934,0.04500000178813934,0.04500000178813934,0.04500000178813934,9000.0
2026-04-07 13:02:00,KTN.V,,1.350000023841858,1.350000023841858,1.350000023841858,1.350000023841858,2000.0
2026-04-07 13:02:00,LCX.V,,1.9800000190734863,1.9800000190734863,1.9800000190734863,1.9800000190734863,800.0
2026-04-07 13:02:00,LGN.V,,0.9700000286102295,0.9700000286102295,0.9700000286102295,0.9700000286102295,2500.0
2026-04-07 13:02:00,LTH.V,,1.350000023841858,1.350000023841858,1.350000023841858,1.350000023841858,200.0
2026-04-07 13:02:00,PNG.V,,8.5,8.5,8.489999771118164,8.489999771118164,4000.0
2026-04-07 13:03:00,BIG.V,,0.6499999761581421,0.6499999761581421,0.6499999761581421,0.6499999761581421,10000.0
2026-04-07 13:03:00,GGO.V,,0.949999988079071,0.949999988079071,0.949999988079071,0.949999988079071,100.0
2026-04-07 13:03:00,GOT.V,,1.5700000524520874,1.5700000524520874,1.5700000524520874,1.5700000524520874,100.0
2026-04-07 13:03:00,ITR.V,,3.940000057220459,3.940000057220459,3.940000057220459,3.940000057220459,1000.0
2026-04-07 13:03:00,LUCA.V,,1.340000033378601,1.350000023841858,1.340000033378601,1.350000023841858,13100.0
2026-04-07 13:03:00,MTA.V,,9.170000076293945,9.170000076293945,9.170000076293945,9.170000076293945,220.0
2026-04-07 13:03:00,NHHH.V,,0.05000000074505806,0.05000000074505806,0.05000000074505806,0.05000000074505806,20000.0
2026-04-07 13:03:00,PNG.V,,8.460000038146973,8.5,8.449999809265137,8.5,1725.0
2026-04-07 13:04:00,FWZ.V,,4.300000190734863,4.300000190734863,4.289999961853027,4.289999961853027,1522.0
2026-04-07 13:04:00,GGO.V,,0.949999988079071,0.949999988079071,0.949999988079071,0.949999988079071,900.0
2026-04-07 13:04:00,GPAC.V,,0.4399999976158142,0.4399999976158142,0.4399999976158142,0.4399999976158142,40500.0
2026-04-07 13:04:00,HEVI.V,,0.23000000417232513,0.23000000417232513,0.23000000417232513,0.23000000417232513,9554.0
2026-04-07 13:04:00,HSTR.V,,2.299999952316284,2.299999952316284,2.299999952316284,2.299999952316284,150.0
2026-04-07 13:04:00,LUCA.V,,1.350000023841858,1.350000023841858,1.3450000286102295,1.3450000286102295,700.0
2026-04-07 13:04:00,PNG.V,,8.470000267028809,8.470000267028809,8.470000267028809,8.470000267028809,100.0
2026-04-07 13:04:00,ZNG.V,,1.0299999713897705,1.0299999713897705,1.0199999809265137,1.0199999809265137,3600.0
2026-04-07 13:05:00,GQC.V,,2.299999952316284,2.299999952316284,2.299999952316284,2.299999952316284,700.0
2026-04-07 13:05:00,HIVE.V,,2.6700000762939453,2.6700000762939453,2.6700000762939453,2.6700000762939453,2700.0
2026-04-07 13:05:00,HSTR.V,,2.2950000762939453,2.2950000762939453,2.2950000762939453,2.2950000762939453,200.0
2026-04-07 13:05:00,KTO.V,,0.6800000071525574,0.6800000071525574,0.6800000071525574,0.6800000071525574,500.0
2026-04-07 13:05:00,LG.V,,0.33000001311302185,0.33000001311302185,0.33000001311302185,0.33000001311302185,73000.0
2026-04-07 13:05:00,LGN.V,,0.9700000286102295,0.9700000286102295,0.9700000286102295,0.9700000286102295,1000.0
2026-04-07 13:05:00,LTH.V,,1.350000023841858,1.350000023841858,1.350000023841858,1.350000023841858,2300.0
2026-04-07 13:05:00,PNG.V,,8.479999542236328,8.479999542236328,8.479999542236328,8.479999542236328,205.0
2026-04-07 13:05:00,ZNG.V,,1.0199999809265137,1.0199999809265137,1.0199999809265137,1.0199999809265137,100.0
2026-04-07 13:06:00,GLAD.V,,1.2000000476837158,1.2000000476837158,1.2000000476837158,1.2000000476837158,2400.0
2026-04-07 13:06:00,HELI.V,,0.05000000074505806,0.05000000074505806,0.05000000074505806,0.05000000074505806,28000.0
2026-04-07 13:06:00,HIVE.V,,2.680000066757202,2.680000066757202,2.680000066757202,2.680000066757202,2219.0
2026-04-07 13:06:00,LUCA.V,,1.3450000286102295,1.3450000286102295,1.3450000286102295,1.3450000286102295,200.0
2026-04-07 13:06:00,MJS.V,,0.14499999582767487,0.14499999582767487,0.14499999582767487,0.14499999582767487,500.0
2026-04-07 13:07:00,GOT.V,,1.5700000524520874,1.5700000524520874,1.5700000524520874,1.5700000524520874,500.0
2026-04-07 13:07:00,NICU.V,,2.0899999141693115,2.0899999141693115,2.0899999141693115,2.0899999141693115,200.0
2026-04-07 13:07:00,NURS.V,,3.069999933242798,3.069999933242798,3.049999952316284,3.049999952316284,300.0
2026-04-07 13:07:00,PNG.V,,8.460000038146973,8.470000267028809,8.460000038146973,8.470000267028809,1079.0
2026-04-07 13:07:00,TUF.V,,0.25,0.25,0.25,0.25,500.0
2026-04-07 13:08:00,FWZ.V,,4.309999942779541,4.309999942779541,4.309999942779541,4.309999942779541,100.0
2026-04-07 13:08:00,HEVI.V,,0.23000000417232513,0.23000000417232513,0.23000000417232513,0.23000000417232513,387000.0
2026-04-07 13:08:00,HME.V,,2.805000066757202,2.805000066757202,2.805000066757202,2.805000066757202,300.0
2026-04-07 13:08:00,JUGR.V,,1.2999999523162842,1.2999999523162842,1.2999999523162842,1.2999999523162842,500.0
2026-04-07 13:08:00,KNG.V,,1.2400000095367432,1.2400000095367432,1.2400000095367432,1.2400000095367432,1200.0
2026-04-07 13:08:00,LMN.V,,22.670000076293945,22.719999313354492,22.670000076293945,22.719999313354492,400.0
2026-04-07 13:08:00,MMG.V,,0.2849999964237213,0.2849999964237213,0.2849999964237213,0.2849999964237213,3000.0
2026-04-07 13:08:00,PNG.V,,8.454999923706055,8.454999923706055,8.454999923706055,8.454999923706055,700.0
2026-04-07 13:09:00,FWZ.V,,4.309999942779541,4.309999942779541,4.300000190734863,4.300000190734863,770.0
2026-04-07 13:09:00,GLAD.V,,1.2000000476837158,1.2000000476837158,1.2000000476837158,1.2000000476837158,200.0
2026-04-07 13:09:00,GPAC.V,,0.4300000071525574,0.4300000071525574,0.4300000071525574,0.4300000071525574,500.0
2026-04-07 13:09:00,GRSL.V,,0.29499998688697815,0.29499998688697815,0.29499998688697815,0.29499998688697815,20473.0
2026-04-07 13:09:00,HEVI.V,,0.23000000417232513,0.23000000417232513,0.23000000417232513,0.23000000417232513,12500.0
2026-04-07 13:09:00,LUCA.V,,1.350000023841858,1.350000023841858,1.350000023841858,1.350000023841858,1000.0
2026-04-07 13:09:00,PNG.V,,8.4399995803833,8.449999809265137,8.4399995803833,8.449999809265137,704.0
2026-04-07 13:10:00,HEVI.V,,0.23000000417232513,0.23000000417232513,0.23000000417232513,0.23000000417232513,9399.0
2026-04-07 13:10:00,HITI.V,,3.1600000858306885,3.1600000858306885,3.1600000858306885,3.1600000858306885,100.0
2026-04-07 13:10:00,ITR.V,,3.930000066757202,3.940000057220459,3.930000066757202,3.940000057220459,1200.0
2026-04-07 13:10:00,KNG.V,,1.25,1.25,1.25,1.25,1200.0
2026-04-07 13:10:00,LSTR.V,,0.0949999988079071,0.10499999672174454,0.0949999988079071,0.10499999672174454,85000.0
2026-04-07 13:11:00,GOT.V,,1.5750000476837158,1.5750000476837158,1.5750000476837158,1.5750000476837158,100.0
2026-04-07 13:11:00,HSTR.V,,2.305000066757202,2.305000066757202,2.305000066757202,2.305000066757202,200.0
2026-04-07 13:11:00,IFOS.V,,3.759999990463257,3.7699999809265137,3.759999990463257,3.7699999809265137,10800.0
2026-04-07 13:11:00,LG.V,,0.33000001311302185,0.33000001311302185,0.33000001311302185,0.33000001311302185,6000.0
2026-04-07 13:11:00,MJS.V,,0.14499999582767487,0.14499999582767487,0.14499999582767487,0.14499999582767487,500.0
2026-04-07 13:11:00,PNG.V,,8.449999809265137,8.449999809265137,8.444999694824219,8.444999694824219,500.0
2026-04-07 13:12:00,GOT.V,,1.5750000476837158,1.5750000476837158,1.5750000476837158,1.5750000476837158,100.0
2026-04-07 13:12:00,GSVR.V,,0.5899999737739563,0.5899999737739563,0.5899999737739563,0.5899999737739563,4000.0
2026-04-07 13:12:00,HMR.V,,0.8299999833106995,0.8299999833106995,0.8299999833106995,0.8299999833106995,11567.0
2026-04-07 13:12:00,IFOS.V,,3.7699999809265137,3.7699999809265137,3.7699999809265137,3.7699999809265137,200.0
2026-04-07 13:12:00,LMN.V,,22.809999465942383,22.809999465942383,22.799999237060547,22.799999237060547,200.0
2026-04-07 13:12:00,LUCA.V,,1.340000033378601,1.340000033378601,1.340000033378601,1.340000033378601,100.0
2026-04-07 13:12:00,MKO.V,,8.800000190734863,8.8149995803833,8.800000190734863,8.8149995803833,904.0
2026-04-07 13:13:00,GRSL.V,,0.30000001192092896,0.30000001192092896,0.30000001192092896,0.30000001192092896,500.0
2026-04-07 13:13:00,ITR.V,,3.940000057220459,3.940000057220459,3.940000057220459,3.940000057220459,200.0
2026-04-07 13:13:00,JUGR.V,,1.2999999523162842,1.2999999523162842,1.2999999523162842,1.2999999523162842,1000.0
2026-04-07 13:13:00,KRI.V,,0.3100000023841858,0.3100000023841858,0.3100000023841858,0.3100000023841858,10000.0
2026-04-07 13:14:00,BIG.V,,0.6600000262260437,0.6600000262260437,0.6600000262260437,0.6600000262260437,4500.0
2026-04-07 13:14:00,GOT.V,,1.5800000429153442,1.5800000429153442,1.5800000429153442,1.5800000429153442,100.0
2026-04-07 13:14:00,KTN.V,,1.350000023841858,1.350000023841858,1.350000023841858,1.350000023841858,2490.0
2026-04-07 13:14:00,LMN.V,,22.709999084472656,22.729999542236328,22.610000610351562,22.729999542236328,2405.0
2026-04-07 13:14:00,LRA.V,,3.5999999046325684,3.5999999046325684,3.5999999046325684,3.5999999046325684,3900.0
2026-04-07 13:14:00,MKO.V,,8.770000457763672,8.770000457763672,8.770000457763672,8.770000457763672,100.0
2026-04-07 13:14:00,MTT.V,,0.1899999976158142,0.1899999976158142,0.1850000023841858,0.1850000023841858,19500.0
2026-04-07 13:14:00,NICU.V,,2.0899999141693115,2.0899999141693115,2.0899999141693115,2.0899999141693115,500.0
2026-04-07 13:14:00,PNG.V,,8.460000038146973,8.460000038146973,8.449999809265137,8.449999809265137,900.0
2026-04-07 13:15:00,GLAD.V,,1.2000000476837158,1.2000000476837158,1.2000000476837158,1.2000000476837158,6500.0
2026-04-07 13:15:00,HME.V,,2.809999942779541,2.809999942779541,2.809999942779541,2.809999942779541,2500.0
2026-04-07 13:15:00,ITR.V,,3.930000066757202,3.930000066757202,3.930000066757202,3.930000066757202,100.0
2026-04-07 13:15:00,KTN.V,,1.350000023841858,1.350000023841858,1.350000023841858,1.350000023841858,100.0
2026-04-07 13:15:00,LMN.V,,22.709999084472656,22.709999084472656,22.709999084472656,22.709999084472656,100.0
2026-04-07 13:15:00,LUCA.V,,1.340000033378601,1.340000033378601,1.340000033378601,1.340000033378601,100.0
2026-04-07 13:15:00,NICU.V,,2.0950000286102295,2.0950000286102295,2.0899999141693115,2.0899999141693115,800.0
2026-04-07 13:15:00,PNG.V,,8.430000305175781,8.460000038146973,8.430000305175781,8.449999809265137,1100.0
2026-04-07 13:16:00,BIG.V,,0.6600000262260437,0.6600000262260437,0.6600000262260437,0.6600000262260437,1000.0
2026-04-07 13:16:00,GOT.V,,1.5750000476837158,1.5750000476837158,1.5750000476837158,1.5750000476837158,100.0
2026-04-07 13:16:00,ITR.V,,3.930000066757202,3.930000066757202,3.930000066757202,3.930000066757202,1800.0
2026-04-07 13:16:00,LMN.V,,22.59000015258789,22.59000015258789,22.549999237060547,22.559999465942383,533.0
2026-04-07 13:16:00,NICU.V,,2.0899999141693115,2.0899999141693115,2.0899999141693115,2.0899999141693115,200.0
2026-04-07 13:16:00,PNG.V,,8.449999809265137,8.449999809265137,8.449999809265137,8.449999809265137,4600.0
2026-04-07 13:16:00,ROAR.V,,0.22499999403953552,0.22499999403953552,0.22499999403953552,0.22499999403953552,1000.0
2026-04-07 13:17:00,GTC.V,,0.17000000178813934,0.17000000178813934,0.17000000178813934,0.17000000178813934,52000.0
2026-04-07 13:17:00,IPT.V,,0.22499999403953552,0.22499999403953552,0.22499999403953552,0.22499999403953552,19035.0
2026-04-07 13:17:00,KC.V,,0.32499998807907104,0.32499998807907104,0.32499998807907104,0.32499998807907104,5000.0
2026-04-07 13:17:00,LQWD.V,,0.8999999761581421,0.8999999761581421,0.8999999761581421,0.8999999761581421,4000.0
2026-04-07 13:17:00,NICU.V,,2.0899999141693115,2.0899999141693115,2.0899999141693115,2.0899999141693115,300.0
2026-04-07 13:17:00,NURS.V,,3.0399999618530273,3.0399999618530273,3.0399999618530273,3.0399999618530273,100.0
2026-04-07 13:17:00,PNG.V,,8.390000343322754,8.460000038146973,8.390000343322754,8.460000038146973,4146.0
2026-04-07 13:18:00,FWZ.V,,4.340000152587891,4.340000152587891,4.329999923706055,4.329999923706055,200.0
2026-04-07 13:18:00,HELI.V,,0.05000000074505806,0.05000000074505806,0.05000000074505806,0.05000000074505806,135000.0
2026-04-07 13:18:00,HEVI.V,,0.23000000417232513,0.23000000417232513,0.23000000417232513,0.23000000417232513,25000.0
2026-04-07 13:18:00,YGT.V,,0.1899999976158142,0.1899999976158142,0.1899999976158142,0.1899999976158142,1000.0
2026-04-07 13:18:00,ZNG.V,,1.0199999809265137,1.0199999809265137,1.0199999809265137,1.0199999809265137,100.0
2026-04-07 13:19:00,GTC.V,,0.17000000178813934,0.17000000178813934,0.17000000178813934,0.17000000178813934,87025.0
2026-04-07 13:19:00,HIVE.V,,2.6700000762939453,2.6700000762939453,2.6700000762939453,2.6700000762939453,700.0
2026-04-07 13:19:00,IFOS.V,,3.759999990463257,3.759999990463257,3.759999990463257,3.759999990463257,400.0
2026-04-07 13:19:00,LGN.V,,0.9700000286102295,0.9700000286102295,0.9700000286102295,0.9700000286102295,500.0
2026-04-07 13:19:00,LMN.V,,22.68000030517578,22.68000030517578,22.68000030517578,22.68000030517578,600.0
2026-04-07 13:19:00,MKO.V,,8.770000457763672,8.770000457763672,8.770000457763672,8.770000457763672,200.0
2026-04-07 13:19:00,MLP.V,,1.9600000381469727,1.9700000286102295,1.9600000381469727,1.9600000381469727,16600.0
2026-04-07 13:19:00,MQM.V,,0.30000001192092896,0.30000001192092896,0.30000001192092896,0.30000001192092896,24000.0
2026-04-07 13:19:00,NICU.V,,2.0899999141693115,2.0899999141693115,2.0899999141693115,2.0899999141693115,100.0
2026-04-07 13:19:00,PNG.V,,8.369999885559082,8.390000343322754,8.369999885559082,8.385000228881836,1300.0
2026-04-07 13:20:00,FPC.V,,0.3700000047683716,0.3700000047683716,0.3700000047683716,0.3700000047683716,500.0
2026-04-07 13:20:00,GOT.V,,1.5700000524520874,1.5750000476837158,1.5700000524520874,1.5750000476837158,2800.0
2026-04-07 13:20:00,GQC.V,,2.2899999618530273,2.2899999618530273,2.2899999618530273,2.2899999618530273,700.0
2026-04-07 13:20:00,HIVE.V,,2.6700000762939453,2.6700000762939453,2.6700000762939453,2.6700000762939453,2100.0
2026-04-07 13:20:00,HME.V,,2.809999942779541,2.809999942779541,2.809999942779541,2.809999942779541,700.0
2026-04-07 13:20:00,HSTR.V,,2.299999952316284,2.299999952316284,2.299999952316284,2.299999952316284,560.0
2026-04-07 13:20:00,ITR.V,,3.9200000762939453,3.9200000762939453,3.9200000762939453,3.9200000762939453,400.0
2026-04-07 13:20:00,LGC.V,,1.9700000286102295,1.9700000286102295,1.9700000286102295,1.9700000286102295,100.0
2026-04-07 13:20:00,MKO.V,,8.739999771118164,8.765000343322754,8.739999771118164,8.760000228881836,600.0
2026-04-07 13:20:00,PNG.V,,8.369999885559082,8.390000343322754,8.369999885559082,8.390000343322754,1600.0
2026-04-07 13:21:00,EMN.V,,0.17000000178813934,0.17000000178813934,0.17000000178813934,0.17000000178813934,1000.0
2026-04-07 13:21:00,FWZ.V,,4.309999942779541,4.309999942779541,4.309999942779541,4.309999942779541,3445.0
2026-04-07 13:21:00,GGO.V,,0.9599999785423279,0.9599999785423279,0.9599999785423279,0.9599999785423279,1710.0
2026-04-07 13:21:00,GWM.V,,0.6000000238418579,0.6000000238418579,0.6000000238418579,0.6000000238418579,500.0
2026-04-07 13:21:00,HSTR.V,,2.2950000762939453,2.2950000762939453,2.2950000762939453,2.2950000762939453,200.0
2026-04-07 13:21:00,JUGR.V,,1.2899999618530273,1.2899999618530273,1.2899999618530273,1.2899999618530273,300.0
2026-04-07 13:21:00,KTN.V,,1.340000033378601,1.340000033378601,1.340000033378601,1.340000033378601,100.0
2026-04-07 13:21:00,NURS.V,,3.049999952316284,3.069999933242798,3.049999952316284,3.069999933242798,300.0
2026-04-07 13:21:00,PNG.V,,8.375,8.375,8.375,8.375,100.0
2026-04-07 13:22:00,BIG.V,,0.6600000262260437,0.6600000262260437,0.6600000262260437,0.6600000262260437,5000.0
2026-04-07 13:22:00,GOT.V,,1.5700000524520874,1.5700000524520874,1.5700000524520874,1.5700000524520874,400.0
2026-04-07 13:22:00,GPAC.V,,0.4300000071525574,0.4300000071525574,0.4300000071525574,0.4300000071525574,500.0
2026-04-07 13:22:00,ICM.V,,0.11500000208616257,0.11500000208616257,0.11500000208616257,0.11500000208616257,1000.0
2026-04-07 13:22:00,PNG.V,,8.390000343322754,8.390000343322754,8.369999885559082,8.369999885559082,1100.0
2026-04-07 13:23:00,GOT.V,,1.5700000524520874,1.5700000524520874,1.5700000524520874,1.5700000524520874,900.0
2026-04-07 13:23:00,HEVI.V,,0.23000000417232513,0.23000000417232513,0.23000000417232513,0.23000000417232513,8631.0
2026-04-07 13:23:00,KTN.V,,1.350000023841858,1.350000023841858,1.350000023841858,1.350000023841858,100.0
2026-04-07 13:23:00,KTO.V,,0.6800000071525574,0.6800000071525574,0.6800000071525574,0.6800000071525574,500.0
2026-04-07 13:23:00,LMG.V,,0.5,0.5,0.5,0.5,2000.0
2026-04-07 13:24:00,FWZ.V,,4.309999942779541,4.309999942779541,4.309999942779541,4.309999942779541,2900.0
2026-04-07 13:24:00,GOT.V,,1.5700000524520874,1.5700000524520874,1.5700000524520874,1.5700000524520874,100.0
2026-04-07 13:24:00,GSVR.V,,0.5799999833106995,0.5799999833106995,0.5799999833106995,0.5799999833106995,6500.0
2026-04-07 13:24:00,HIVE.V,,2.6700000762939453,2.6700000762939453,2.6700000762939453,2.6700000762939453,2000.0
2026-04-07 13:24:00,HME.V,,2.819999933242798,2.819999933242798,2.819999933242798,2.819999933242798,9700.0
2026-04-07 13:24:00,HSTR.V,,2.2950000762939453,2.2950000762939453,2.2950000762939453,2.2950000762939453,200.0
2026-04-07 13:24:00,LUCA.V,,1.350000023841858,1.350000023841858,1.3450000286102295,1.3450000286102295,5500.0
2026-04-07 13:24:00,PNG.V,,8.369999885559082,8.390000343322754,8.369999885559082,8.390000343322754,924.0
2026-04-07 13:25:00,FWZ.V,,4.309999942779541,4.320000171661377,4.309999942779541,4.320000171661377,5114.0
2026-04-07 13:25:00,GQC.V,,2.2799999713897705,2.2799999713897705,2.2799999713897705,2.2799999713897705,100.0
2026-04-07 13:25:00,NURS.V,,3.049999952316284,3.049999952316284,3.049999952316284,3.049999952316284,2050.0
2026-04-07 13:25:00,PNG.V,,8.40999984741211,8.40999984741211,8.399999618530273,8.399999618530273,300.0
2026-04-07 13:25:00,ZNG.V,,1.0199999809265137,1.0199999809265137,1.0199999809265137,1.0199999809265137,200.0
2026-04-07 13:26:00,FMAN.V,,0.3100000023841858,0.3100000023841858,0.3100000023841858,0.3100000023841858,500.0
2026-04-07 13:26:00,FWZ.V,,4.329999923706055,4.329999923706055,4.329999923706055,4.329999923706055,200.0
2026-04-07 13:26:00,GDP.V,,0.30000001192092896,0.30000001192092896,0.30000001192092896,0.30000001192092896,2500.0
2026-04-07 13:26:00,GGO.V,,0.9599999785423279,0.9599999785423279,0.949999988079071,0.949999988079071,1600.0
2026-04-07 13:26:00,HIVE.V,,2.6700000762939453,2.6700000762939453,2.6700000762939453,2.6700000762939453,300.0
2026-04-07 13:26:00,HMR.V,,0.8299999833106995,0.8299999833106995,0.8299999833106995,0.8299999833106995,500.0
2026-04-07 13:26:00,IFOS.V,,3.759999990463257,3.759999990463257,3.759999990463257,3.759999990463257,4200.0
2026-04-07 13:26:00,KGS.V,,0.125,0.125,0.125,0.125,10000.0
2026-04-07 13:26:00,LIO.V,,0.23999999463558197,0.23999999463558197,0.23999999463558197,0.23999999463558197,3500.0
2026-04-07 13:26:00,PNG.V,,8.4399995803833,8.4399995803833,8.420000076293945,8.420000076293945,300.0
2026-04-07 13:27:00,IFOS.V,,3.759999990463257,3.759999990463257,3.759999990463257,3.759999990463257,1500.0
2026-04-07 13:27:00,KNG.V,,1.25,1.25,1.25,1.25,100.0
2026-04-07 13:27:00,MFG.V,,4.340000152587891,4.400000095367432,4.340000152587891,4.380000114440918,10600.0
2026-04-07 13:27:00,NURS.V,,3.0399999618530273,3.0399999618530273,3.0399999618530273,3.0399999618530273,100.0
2026-04-07 13:27:00,ZNG.V,,1.0199999809265137,1.0199999809265137,1.0199999809265137,1.0199999809265137,1840.0
2026-04-07 13:28:00,HIVE.V,,2.6700000762939453,2.6700000762939453,2.6700000762939453,2.6700000762939453,100.0
2026-04-07 13:28:00,HME.V,,2.819999933242798,2.819999933242798,2.819999933242798,2.819999933242798,2200.0
2026-04-07 13:28:00,ITR.V,,3.9100000858306885,3.9200000762939453,3.9100000858306885,3.9200000762939453,3900.0
2026-04-07 13:28:00,LMN.V,,22.530000686645508,22.639999389648438,22.530000686645508,22.639999389648438,2600.0
2026-04-07 13:28:00,NICU.V,,2.0899999141693115,2.0899999141693115,2.0899999141693115,2.0899999141693115,100.0
2026-04-07 13:28:00,NURS.V,,3.0399999618530273,3.0399999618530273,3.0399999618530273,3.0399999618530273,100.0
2026-04-07 13:28:00,PNG.V,,8.4399995803833,8.4399995803833,8.420000076293945,8.420000076293945,1600.0
2026-04-07 13:29:00,EQTY.V,,0.2849999964237213,0.2849999964237213,0.2849999964237213,0.2849999964237213,5000.0
2026-04-07 13:29:00,GMG.V,,2.119999885559082,2.140000104904175,2.119999885559082,2.140000104904175,2300.0
2026-04-07 13:29:00,HSTR.V,,2.299999952316284,2.299999952316284,2.299999952316284,2.299999952316284,0.0
2026-04-07 13:29:00,KC.V,,0.32499998807907104,0.32499998807907104,0.32499998807907104,0.32499998807907104,500.0
2026-04-07 13:29:00,LME.V,,0.2199999988079071,0.2199999988079071,0.2199999988079071,0.2199999988079071,500.0
2026-04-07 13:29:00,LMN.V,,22.639999389648438,22.649999618530273,22.6299991607666,22.649999618530273,400.0
2026-04-07 13:29:00,MJS.V,,0.14499999582767487,0.14499999582767487,0.14499999582767487,0.14499999582767487,500.0
2026-04-07 13:30:00,GBU.V,,0.11999999731779099,0.125,0.11999999731779099,0.125,5000.0
2026-04-07 13:30:00,GMG.V,,2.0899999141693115,2.0999999046325684,2.0899999141693115,2.0999999046325684,200.0
2026-04-07 13:30:00,GPH.V,,1.2300000190734863,1.2300000190734863,1.2300000190734863,1.2300000190734863,1010.0
2026-04-07 13:30:00,HSTR.V,,2.299999952316284,2.305000066757202,2.299999952316284,2.299999952316284,210894.0
2026-04-07 13:30:00,IFOS.V,,3.759999990463257,3.759999990463257,3.759999990463257,3.759999990463257,100.0
2026-04-07 13:30:00,IVS.V,,0.25,0.25,0.23499999940395355,0.23499999940395355,18500.0
2026-04-07 13:31:00,GOT.V,,1.5750000476837158,1.5750000476837158,1.5750000476837158,1.5750000476837158,100.0
2026-04-07 13:31:00,HIVE.V,,2.6700000762939453,2.6700000762939453,2.6700000762939453,2.6700000762939453,300.0
2026-04-07 13:31:00,IFOS.V,,3.759999990463257,3.759999990463257,3.759999990463257,3.759999990463257,1500.0
2026-04-07 13:31:00,JUGR.V,,1.2799999713897705,1.2899999618530273,1.2799999713897705,1.2899999618530273,19200.0
2026-04-07 13:31:00,PNG.V,,8.40999984741211,8.449999809265137,8.390000343322754,8.4399995803833,2666.0
2026-04-07 13:31:00,ZNG.V,,1.0099999904632568,1.0099999904632568,1.0099999904632568,1.0099999904632568,100.0
2026-04-07 13:32:00,EQTY.V,,0.2800000011920929,0.2800000011920929,0.2800000011920929,0.2800000011920929,4000.0
2026-04-07 13:32:00,FMS.V,,0.3449999988079071,0.3449999988079071,0.3449999988079071,0.3449999988079071,3000.0
2026-04-07 13:32:00,GOT.V,,1.5750000476837158,1.5750000476837158,1.5750000476837158,1.5750000476837158,2200.0
2026-04-07 13:32:00,GPAC.V,,0.4300000071525574,0.4300000071525574,0.4300000071525574,0.4300000071525574,60000.0
2026-04-07 13:32:00,GRSL.V,,0.29499998688697815,0.29499998688697815,0.29499998688697815,0.29499998688697815,3000.0
2026-04-07 13:32:00,HIVE.V,,2.6700000762939453,2.6700000762939453,2.6700000762939453,2.6700000762939453,300.0
2026-04-07 13:32:00,HME.V,,2.819999933242798,2.819999933242798,2.819999933242798,2.819999933242798,100.0
2026-04-07 13:32:00,HSTR.V,,2.309999942779541,2.309999942779541,2.309999942779541,2.309999942779541,100.0
2026-04-07 13:32:00,IFOS.V,,3.759999990463257,3.759999990463257,3.759999990463257,3.759999990463257,300.0
2026-04-07 13:32:00,ITR.V,,3.940000057220459,3.940000057220459,3.940000057220459,3.940000057220459,2000.0
2026-04-07 13:32:00,MD.V,,0.44999998807907104,0.44999998807907104,0.44999998807907104,0.44999998807907104,2000.0
2026-04-07 13:32:00,NURS.V,,3.0299999713897705,3.0299999713897705,3.0299999713897705,3.0299999713897705,100.0
2026-04-07 13:33:00,EXG.V,,0.11999999731779099,0.11999999731779099,0.11999999731779099,0.11999999731779099,6000.0
2026-04-07 13:33:00,GOT.V,,1.5800000429153442,1.5800000429153442,1.5750000476837158,1.5750000476837158,30880.0
2026-04-07 13:33:00,GPAC.V,,0.4350000023841858,0.4350000023841858,0.4350000023841858,0.4350000023841858,4000.0
2026-04-07 13:33:00,HSTR.V,,2.309999942779541,2.309999942779541,2.309999942779541,2.309999942779541,200.0
2026-04-07 13:33:00,IFOS.V,,3.759999990463257,3.759999990463257,3.759999990463257,3.759999990463257,200.0
2026-04-07 13:33:00,ITR.V,,3.950000047683716,3.950000047683716,3.950000047683716,3.950000047683716,100.0
2026-04-07 13:33:00,LG.V,,0.33000001311302185,0.33000001311302185,0.33000001311302185,0.33000001311302185,1000.0
2026-04-07 13:33:00,NICU.V,,2.0899999141693115,2.0899999141693115,2.0899999141693115,2.0899999141693115,200.0
2026-04-07 13:33:00,ZNG.V,,1.0299999713897705,1.0299999713897705,1.0299999713897705,1.0299999713897705,100.0
2026-04-07 13:34:00,FPC.V,,0.3700000047683716,0.3700000047683716,0.3700000047683716,0.3700000047683716,2000.0
2026-04-07 13:34:00,GOT.V,,1.5800000429153442,1.5800000429153442,1.5800000429153442,1.5800000429153442,9100.0
2026-04-07 13:34:00,GQC.V,,2.2899999618530273,2.2899999618530273,2.2850000858306885,2.2850000858306885,6600.0
2026-04-07 13:34:00,IFOS.V,,3.759999990463257,3.759999990463257,3.759999990463257,3.759999990463257,600.0
2026-04-07 13:34:00,ITR.V,,3.9700000286102295,3.9700000286102295,3.9700000286102295,3.9700000286102295,200.0
2026-04-07 13:34:00,KTN.V,,1.3600000143051147,1.3600000143051147,1.350000023841858,1.350000023841858,17686.0
2026-04-07 13:34:00,LMN.V,,22.6299991607666,22.6299991607666,22.6299991607666,22.6299991607666,200.0
2026-04-07 13:34:00,LUCA.V,,1.3600000143051147,1.3600000143051147,1.3600000143051147,1.3600000143051147,500.0
2026-04-07 13:34:00,NICU.V,,2.0950000286102295,2.0999999046325684,2.0899999141693115,2.0899999141693115,14000.0
2026-04-07 13:34:00,PNG.V,,8.399999618530273,8.420000076293945,8.399999618530273,8.399999618530273,1000.0
2026-04-07 13:35:00,BIG.V,,0.6700000166893005,0.6700000166893005,0.6600000262260437,0.6600000262260437,24500.0
2026-04-07 13:35:00,EXG.V,,0.125,0.125,0.11999999731779099,0.11999999731779099,15000.0
2026-04-07 13:35:00,GOT.V,,1.5800000429153442,1.5800000429153442,1.5800000429153442,1.5800000429153442,3300.0
2026-04-07 13:35:00,GRSL.V,,0.30000001192092896,0.30000001192092896,0.30000001192092896,0.30000001192092896,1150.0
2026-04-07 13:35:00,HIVE.V,,2.680000066757202,2.680000066757202,2.680000066757202,2.680000066757202,2700.0
2026-04-07 13:35:00,HSTR.V,,2.319999933242798,2.319999933242798,2.319999933242798,2.319999933242798,100.0
2026-04-07 13:35:00,ITR.V,,3.9600000381469727,3.9600000381469727,3.940000057220459,3.950000047683716,7600.0
2026-04-07 13:35:00,LMN.V,,22.829999923706055,22.889999389648438,22.639999389648438,22.639999389648438,2604.0
2026-04-07 13:35:00,MFG.V,,4.349999904632568,4.349999904632568,4.349999904632568,4.349999904632568,1300.0
2026-04-07 13:36:00,FDR.V,,3.759999990463257,3.759999990463257,3.759999990463257,3.759999990463257,300.0
2026-04-07 13:36:00,FWZ.V,,4.360000133514404,4.360000133514404,4.340000152587891,4.340000152587891,1100.0
2026-04-07 13:36:00,GGO.V,,0.9599999785423279,0.9599999785423279,0.9599999785423279,0.9599999785423279,15100.0
2026-04-07 13:36:00,GOT.V,,1.5800000429153442,1.5800000429153442,1.5800000429153442,1.5800000429153442,27000.0
2026-04-07 13:36:00,GSVR.V,,0.6000000238418579,0.6000000238418579,0.5899999737739563,0.5899999737739563,134790.0
2026-04-07 13:36:00,GWM.V,,0.6100000143051147,0.6100000143051147,0.6100000143051147,0.6100000143051147,7000.0
2026-04-07 13:36:00,HITI.V,,3.200000047683716,3.200000047683716,3.200000047683716,3.200000047683716,300.0
2026-04-07 13:36:00,HIVE.V,,2.690000057220459,2.690000057220459,2.690000057220459,2.690000057220459,1317.0
2026-04-07 13:36:00,HSTR.V,,2.3299999237060547,2.3299999237060547,2.325000047683716,2.325000047683716,300.0
2026-04-07 13:36:00,IFOS.V,,3.759999990463257,3.759999990463257,3.759999990463257,3.759999990463257,400.0
2026-04-07 13:36:00,ITR.V,,3.9700000286102295,3.990000009536743,3.9700000286102295,3.9700000286102295,1500.0
2026-04-07 13:36:00,KTN.V,,1.3700000047683716,1.3700000047683716,1.3700000047683716,1.3700000047683716,100.0
2026-04-07 13:36:00,LG.V,,0.33500000834465027,0.33500000834465027,0.33500000834465027,0.33500000834465027,7000.0
2026-04-07 13:36:00,LGN.V,,0.9700000286102295,0.9700000286102295,0.9700000286102295,0.9700000286102295,3500.0
2026-04-07 13:36:00,LIS.V,,0.4950000047683716,0.4950000047683716,0.4950000047683716,0.4950000047683716,15000.0
2026-04-07 13:36:00,MLP.V,,1.9600000381469727,1.9700000286102295,1.9600000381469727,1.9700000286102295,2500.0
2026-04-07 13:36:00,MTA.V,,9.220000267028809,9.220000267028809,9.220000267028809,9.220000267028809,2000.0
2026-04-07 13:36:00,NICU.V,,2.0999999046325684,2.0999999046325684,2.0999999046325684,2.0999999046325684,100.0
2026-04-07 13:36:00,PNG.V,,8.4399995803833,8.4399995803833,8.4399995803833,8.4399995803833,200.0
2026-04-07 13:36:00,ROAR.V,,0.22499999403953552,0.22499999403953552,0.22499999403953552,0.22499999403953552,7500.0
2026-04-07 13:36:00,ZNG.V,,1.0299999713897705,1.0299999713897705,1.0299999713897705,1.0299999713897705,13100.0
2026-04-07 13:37:00,GGO.V,,0.9599999785423279,0.9599999785423279,0.9599999785423279,0.9599999785423279,2600.0
2026-04-07 13:37:00,HITI.V,,3.190000057220459,3.190000057220459,3.190000057220459,3.190000057220459,200.0
2026-04-07 13:37:00,HPL.V,,0.10999999940395355,0.10999999940395355,0.10999999940395355,0.10999999940395355,10000.0
2026-04-07 13:37:00,HSTR.V,,2.3399999141693115,2.3399999141693115,2.3299999237060547,2.3299999237060547,2200.0
2026-04-07 13:37:00,JUGR.V,,1.2999999523162842,1.2999999523162842,1.2999999523162842,1.2999999523162842,100.0
2026-04-07 13:37:00,KRY.V,,3.200000047683716,3.2100000381469727,3.180000066757202,3.180000066757202,11550.0
2026-04-07 13:37:00,KTO.V,,0.6800000071525574,0.6800000071525574,0.6800000071525574,0.6800000071525574,500.0
2026-04-07 13:37:00,LQWD.V,,0.8999999761581421,0.8999999761581421,0.8999999761581421,0.8999999761581421,4500.0
2026-04-07 13:37:00,MAX.V,,0.3499999940395355,0.3499999940395355,0.3499999940395355,0.3499999940395355,1000.0
2026-04-07 13:37:00,NICU.V,,2.0999999046325684,2.0999999046325684,2.0999999046325684,2.0999999046325684,21600.0
2026-04-07 13:37:00,NURS.V,,3.0299999713897705,3.0299999713897705,3.0299999713897705,3.0299999713897705,100.0
2026-04-07 13:37:00,PNG.V,,8.470000267028809,8.470000267028809,8.449999809265137,8.449999809265137,1200.0
2026-04-07 13:38:00,FPC.V,,0.375,0.375,0.375,0.375,500.0
2026-04-07 13:38:00,FWZ.V,,4.389999866485596,4.400000095367432,4.369999885559082,4.369999885559082,1162.0
2026-04-07 13:38:00,GMG.V,,2.0899999141693115,2.109999895095825,2.0899999141693115,2.109999895095825,900.0
2026-04-07 13:38:00,GOT.V,,1.5800000429153442,1.5800000429153442,1.5800000429153442,1.5800000429153442,4500.0
2026-04-07 13:38:00,GQC.V,,2.309999942779541,2.309999942779541,2.309999942779541,2.309999942779541,100.0
2026-04-07 13:38:00,GSVR.V,,0.6000000238418579,0.6000000238418579,0.6000000238418579,0.6000000238418579,52800.0
2026-04-07 13:38:00,HIVE.V,,2.700000047683716,2.700000047683716,2.700000047683716,2.700000047683716,700.0
2026-04-07 13:38:00,HSTR.V,,2.3350000381469727,2.3350000381469727,2.3350000381469727,2.3350000381469727,200.0
2026-04-07 13:38:00,LMN.V,,22.80500030517578,22.84000015258789,22.75,22.825000762939453,1900.0
2026-04-07 13:38:00,LTH.V,,1.3600000143051147,1.3600000143051147,1.3600000143051147,1.3600000143051147,1600.0
2026-04-07 13:38:00,LUCA.V,,1.3650000095367432,1.3650000095367432,1.3650000095367432,1.3650000095367432,200.0
2026-04-07 13:38:00,MAX.V,,0.3499999940395355,0.3499999940395355,0.3499999940395355,0.3499999940395355,500.0
2026-04-07 13:38:00,NICU.V,,2.0999999046325684,2.0999999046325684,2.0999999046325684,2.0999999046325684,200.0
2026-04-07 13:38:00,PNG.V,,8.430000305175781,8.430000305175781,8.430000305175781,8.430000305175781,700.0
2026-04-07 13:39:00,GLAD.V,,1.2000000476837158,1.2100000381469727,1.2000000476837158,1.2000000476837158,10400.0
2026-04-07 13:39:00,GPG.V,,0.39500001072883606,0.39500001072883606,0.39500001072883606,0.39500001072883606,1000.0
2026-04-07 13:39:00,HIVE.V,,2.690000057220459,2.690000057220459,2.690000057220459,2.690000057220459,200.0
2026-04-07 13:39:00,KTN.V,,1.3799999952316284,1.3799999952316284,1.3799999952316284,1.3799999952316284,100.0
2026-04-07 13:39:00,LTH.V,,1.3700000047683716,1.3700000047683716,1.3700000047683716,1.3700000047683716,100.0
2026-04-07 13:39:00,MGM.V,,2.299999952316284,2.299999952316284,2.299999952316284,2.299999952316284,200.0
2026-04-07 13:39:00,NICU.V,,2.0999999046325684,2.0999999046325684,2.0999999046325684,2.0999999046325684,100.0
2026-04-07 13:39:00,NURS.V,,3.0299999713897705,3.0299999713897705,3.0299999713897705,3.0299999713897705,100.0
2026-04-07 13:39:00,PNG.V,,8.420000076293945,8.4399995803833,8.420000076293945,8.4399995803833,1700.0
2026-04-07 13:39:00,ROAR.V,,0.23000000417232513,0.23000000417232513,0.23000000417232513,0.23000000417232513,1000.0
2026-04-07 13:39:00,ZNG.V,,1.0399999618530273,1.0399999618530273,1.0399999618530273,1.0399999618530273,1800.0
2026-04-07 13:40:00,FUU.V,,0.16500000655651093,0.16500000655651093,0.16500000655651093,0.16500000655651093,93000.0
2026-04-07 13:40:00,GOT.V,,1.590000033378601,1.590000033378601,1.590000033378601,1.590000033378601,800.0
2026-04-07 13:40:00,HIVE.V,,2.690000057220459,2.690000057220459,2.690000057220459,2.690000057220459,281.0
2026-04-07 13:40:00,ITR.V,,3.9700000286102295,3.9700000286102295,3.9700000286102295,3.9700000286102295,600.0
2026-04-07 13:40:00,KTN.V,,1.3700000047683716,1.3700000047683716,1.3700000047683716,1.3700000047683716,200.0
2026-04-07 13:40:00,LTH.V,,1.3600000143051147,1.3650000095367432,1.3600000143051147,1.3650000095367432,1500.0
2026-04-07 13:40:00,MJS.V,,0.14499999582767487,0.14499999582767487,0.14499999582767487,0.14499999582767487,500.0
2026-04-07 13:40:00,NICU.V,,2.0999999046325684,2.0999999046325684,2.0999999046325684,2.0999999046325684,200.0
2026-04-07 13:40:00,NURS.V,,3.069999933242798,3.069999933242798,3.059999942779541,3.059999942779541,300.0
2026-04-07 13:40:00,PNG.V,,8.430000305175781,8.4350004196167,8.430000305175781,8.4350004196167,1400.0
2026-04-07 13:41:00,FFOX.V,,0.6000000238418579,0.6000000238418579,0.6000000238418579,0.6000000238418579,0.0
2026-04-07 13:41:00,FO.V,,0.38499999046325684,0.38499999046325684,0.38499999046325684,0.38499999046325684,6500.0
2026-04-07 13:41:00,GOT.V,,1.5950000286102295,1.5950000286102295,1.590000033378601,1.590000033378601,6300.0
2026-04-07 13:41:00,ITR.V,,3.9800000190734863,3.9800000190734863,3.9800000190734863,3.9800000190734863,100.0
2026-04-07 13:41:00,LG.V,,0.3400000035762787,0.3400000035762787,0.3400000035762787,0.3400000035762787,10990.0
2026-04-07 13:42:00,HIVE.V,,2.700000047683716,2.700000047683716,2.700000047683716,2.700000047683716,5400.0
2026-04-07 13:42:00,HME.V,,2.809999942779541,2.809999942779541,2.809999942779541,2.809999942779541,1700.0
2026-04-07 13:42:00,IFOS.V,,3.759999990463257,3.759999990463257,3.759999990463257,3.759999990463257,400.0
2026-04-07 13:42:00,ITR.V,,3.9800000190734863,3.990000009536743,3.9800000190734863,3.9800000190734863,700.0
2026-04-07 13:42:00,IZN.V,,0.054999999701976776,0.054999999701976776,0.054999999701976776,0.054999999701976776,12020.0
2026-04-07 13:42:00,JUGR.V,,1.2799999713897705,1.2799999713897705,1.2799999713897705,1.2799999713897705,1000.0
2026-04-07 13:42:00,KTN.V,,1.3700000047683716,1.3700000047683716,1.3700000047683716,1.3700000047683716,100.0
2026-04-07 13:42:00,LMN.V,,22.68000030517578,22.68000030517578,22.68000030517578,22.68000030517578,100.0
2026-04-07 13:42:00,MTX.V,,0.014999999664723873,0.014999999664723873,0.014999999664723873,0.014999999664723873,23000.0
2026-04-07 13:42:00,NICU.V,,2.0999999046325684,2.0999999046325684,2.0999999046325684,2.0999999046325684,673.0
2026-04-07 13:42:00,PNG.V,,8.430000305175781,8.430000305175781,8.430000305175781,8.430000305175781,300.0
2026-04-07 13:43:00,GOT.V,,1.600000023841858,1.600000023841858,1.600000023841858,1.600000023841858,200.0
2026-04-07 13:43:00,HEVI.V,,0.23000000417232513,0.23000000417232513,0.23000000417232513,0.23000000417232513,75000.0
2026-04-07 13:43:00,HIVE.V,,2.700000047683716,2.700000047683716,2.700000047683716,2.700000047683716,435.0
2026-04-07 13:43:00,LUCA.V,,1.3700000047683716,1.3799999952316284,1.3700000047683716,1.3700000047683716,41200.0
2026-04-07 13:43:00,MTA.V,,9.25,9.25,9.25,9.25,100.0
2026-04-07 13:43:00,NICU.V,,2.0999999046325684,2.0999999046325684,2.0999999046325684,2.0999999046325684,100.0
2026-04-07 13:43:00,PNG.V,,8.430000305175781,8.430000305175781,8.430000305175781,8.430000305175781,100.0
2026-04-07 13:43:00,ZNG.V,,1.0299999713897705,1.0399999618530273,1.0299999713897705,1.0399999618530273,3900.0
2026-04-07 13:44:00,GOT.V,,1.600000023841858,1.600000023841858,1.600000023841858,1.600000023841858,200.0
2026-04-07 13:44:00,HIVE.V,,2.690000057220459,2.690000057220459,2.690000057220459,2.690000057220459,1200.0
2026-04-07 13:44:00,ICM.V,,0.11999999731779099,0.11999999731779099,0.11999999731779099,0.11999999731779099,10000.0
2026-04-07 13:44:00,ITR.V,,3.990000009536743,3.990000009536743,3.9700000286102295,3.9700000286102295,1068.0
2026-04-07 13:44:00,LQWD.V,,0.8999999761581421,0.8999999761581421,0.8999999761581421,0.8999999761581421,500.0
2026-04-07 13:44:00,LUCA.V,,1.3700000047683716,1.3700000047683716,1.3700000047683716,1.3700000047683716,100.0
2026-04-07 13:44:00,MGM.V,,2.299999952316284,2.299999952316284,2.299999952316284,2.299999952316284,500.0
2026-04-07 13:44:00,MTA.V,,9.239999771118164,9.239999771118164,9.239999771118164,9.239999771118164,100.0
2026-04-07 13:44:00,NICU.V,,2.0899999141693115,2.0899999141693115,2.0899999141693115,2.0899999141693115,100.0
2026-04-07 13:44:00,ROAR.V,,0.23000000417232513,0.23000000417232513,0.23000000417232513,0.23000000417232513,3000.0
2026-04-07 13:44:00,TUF.V,,0.25,0.25,0.25,0.25,1500.0
2026-04-07 13:45:00,GGO.V,,0.949999988079071,0.949999988079071,0.949999988079071,0.949999988079071,100.0
2026-04-07 13:45:00,GOT.V,,1.600000023841858,1.600000023841858,1.600000023841858,1.600000023841858,100.0
2026-04-07 13:45:00,HIVE.V,,2.690000057220459,2.690000057220459,2.690000057220459,2.690000057220459,100.0
2026-04-07 13:45:00,LG.V,,0.3400000035762787,0.3400000035762787,0.3400000035762787,0.3400000035762787,1500.0
2026-04-07 13:45:00,NICU.V,,2.0899999141693115,2.0999999046325684,2.0899999141693115,2.0999999046325684,700.0
2026-04-07 13:45:00,PNG.V,,8.425000190734863,8.425000190734863,8.40999984741211,8.40999984741211,1000.0
2026-04-07 13:45:00,ROAR.V,,0.23499999940395355,0.23499999940395355,0.23499999940395355,0.23499999940395355,2000.0
2026-04-07 13:45:00,ZNG.V,,1.0399999618530273,1.0399999618530273,1.0399999618530273,1.0399999618530273,300.0
2026-04-07 13:46:00,FPC.V,,0.375,0.375,0.375,0.375,500.0
2026-04-07 13:46:00,GOT.V,,1.600000023841858,1.600000023841858,1.600000023841858,1.600000023841858,200.0
2026-04-07 13:46:00,HSTR.V,,2.3350000381469727,2.3399999141693115,2.3350000381469727,2.3399999141693115,900.0
2026-04-07 13:46:00,LMN.V,,22.670000076293945,22.670000076293945,22.670000076293945,22.670000076293945,200.0
2026-04-07 13:46:00,NICU.V,,2.0999999046325684,2.0999999046325684,2.0999999046325684,2.0999999046325684,100.0
2026-04-07 13:46:00,PNG.V,,8.425000190734863,8.425000190734863,8.425000190734863,8.425000190734863,100.0
2026-04-07 13:46:00,ZNG.V,,1.0399999618530273,1.0399999618530273,1.0399999618530273,1.0399999618530273,500.0
2026-04-07 13:47:00,FWZ.V,,4.400000095367432,4.400000095367432,4.380000114440918,4.400000095367432,2436.0
2026-04-07 13:47:00,GOT.V,,1.600000023841858,1.600000023841858,1.600000023841858,1.600000023841858,200.0
2026-04-07 13:47:00,HIVE.V,,2.690000057220459,2.690000057220459,2.690000057220459,2.690000057220459,1400.0
2026-04-07 13:47:00,HME.V,,2.809999942779541,2.809999942779541,2.809999942779541,2.809999942779541,900.0
2026-04-07 13:47:00,LTH.V,,1.3799999952316284,1.3799999952316284,1.3700000047683716,1.3700000047683716,4200.0
2026-04-07 13:47:00,LUCA.V,,1.3700000047683716,1.3700000047683716,1.3700000047683716,1.3700000047683716,800.0
2026-04-07 13:47:00,PNG.V,,8.380000114440918,8.414999961853027,8.380000114440918,8.414999961853027,1622.0
2026-04-07 13:47:00,ZNG.V,,1.0399999618530273,1.0399999618530273,1.0399999618530273,1.0399999618530273,200.0
2026-04-07 13:48:00,GGO.V,,0.9599999785423279,0.9599999785423279,0.9599999785423279,0.9599999785423279,100.0
2026-04-07 13:48:00,GOT.V,,1.600000023841858,1.600000023841858,1.600000023841858,1.600000023841858,100.0
2026-04-07 13:48:00,KALO.V,,0.2150000035762787,0.2150000035762787,0.2150000035762787,0.2150000035762787,1000.0
2026-04-07 13:48:00,NICU.V,,2.0999999046325684,2.0999999046325684,2.0999999046325684,2.0999999046325684,100.0
2026-04-07 13:48:00,PNG.V,,8.40999984741211,8.40999984741211,8.390000343322754,8.390000343322754,1035.0
2026-04-07 13:48:00,ZNG.V,,1.0399999618530273,1.0399999618530273,1.0399999618530273,1.0399999618530273,200.0
2026-04-07 13:49:00,GOT.V,,1.600000023841858,1.600000023841858,1.600000023841858,1.600000023841858,200.0
2026-04-07 13:49:00,GRSL.V,,0.30000001192092896,0.30000001192092896,0.30000001192092896,0.30000001192092896,500.0
2026-04-07 13:49:00,IFOS.V,,3.75,3.759999990463257,3.75,3.759999990463257,7600.0
2026-04-07 13:49:00,KS.V,,0.22499999403953552,0.22499999403953552,0.22499999403953552,0.22499999403953552,9500.0
2026-04-07 13:49:00,KTN.V,,1.3700000047683716,1.3700000047683716,1.3700000047683716,1.3700000047683716,100.0
2026-04-07 13:49:00,LG.V,,0.3400000035762787,0.3449999988079071,0.3400000035762787,0.3400000035762787,33500.0
2026-04-07 13:49:00,LTH.V,,1.375,1.375,1.375,1.375,100.0
2026-04-07 13:49:00,NICU.V,,2.0999999046325684,2.0999999046325684,2.0999999046325684,2.0999999046325684,4400.0
2026-04-07 13:50:00,FO.V,,0.38999998569488525,0.38999998569488525,0.38999998569488525,0.38999998569488525,2500.0
2026-04-07 13:50:00,GOT.V,,1.600000023841858,1.600000023841858,1.600000023841858,1.600000023841858,100.0
2026-04-07 13:50:00,LTH.V,,1.3799999952316284,1.3799999952316284,1.3799999952316284,1.3799999952316284,100.0
2026-04-07 13:50:00,NICU.V,,2.0999999046325684,2.0999999046325684,2.0999999046325684,2.0999999046325684,100.0
2026-04-07 13:50:00,PNG.V,,8.390000343322754,8.390000343322754,8.390000343322754,8.390000343322754,200.0
2026-04-07 13:51:00,GOT.V,,1.600000023841858,1.600000023841858,1.600000023841858,1.600000023841858,100.0
2026-04-07 13:51:00,HSTR.V,,2.3299999237060547,2.3350000381469727,2.3299999237060547,2.3350000381469727,1500.0
2026-04-07 13:51:00,IFOS.V,,3.759999990463257,3.759999990463257,3.759999990463257,3.759999990463257,1500.0
2026-04-07 13:51:00,JEV.V,,0.09000000357627869,0.09000000357627869,0.09000000357627869,0.09000000357627869,500.0
2026-04-07 13:51:00,NICU.V,,2.0999999046325684,2.0999999046325684,2.0999999046325684,2.0999999046325684,500.0
2026-04-07 13:51:00,NURS.V,,3.0899999141693115,3.0899999141693115,3.059999942779541,3.059999942779541,1200.0
2026-04-07 13:51:00,PNG.V,,8.420000076293945,8.420000076293945,8.40999984741211,8.40999984741211,419.0
2026-04-07 13:52:00,GGO.V,,0.9599999785423279,0.9599999785423279,0.9599999785423279,0.9599999785423279,100.0
2026-04-07 13:52:00,GOT.V,,1.600000023841858,1.600000023841858,1.600000023841858,1.600000023841858,100.0
2026-04-07 13:52:00,HSTR.V,,2.3299999237060547,2.3299999237060547,2.3299999237060547,2.3299999237060547,100.0
2026-04-07 13:52:00,IFOS.V,,3.759999990463257,3.759999990463257,3.759999990463257,3.759999990463257,600.0
2026-04-07 13:52:00,IZN.V,,0.05000000074505806,0.05000000074505806,0.05000000074505806,0.05000000074505806,50000.0
2026-04-07 13:52:00,LMN.V,,22.68000030517578,22.68000030517578,22.68000030517578,22.68000030517578,100.0
2026-04-07 13:52:00,LTH.V,,1.3799999952316284,1.3799999952316284,1.3799999952316284,1.3799999952316284,3000.0
2026-04-07 13:52:00,LUCA.V,,1.3600000143051147,1.3700000047683716,1.3600000143051147,1.3700000047683716,8700.0
2026-04-07 13:52:00,NICU.V,,2.0999999046325684,2.0999999046325684,2.0999999046325684,2.0999999046325684,100.0
2026-04-07 13:52:00,NURS.V,,3.0999999046325684,3.0999999046325684,3.0999999046325684,3.0999999046325684,415.0
2026-04-07 13:52:00,PNG.V,,8.399999618530273,8.399999618530273,8.399999618530273,8.399999618530273,3800.0
2026-04-07 13:52:00,ZNG.V,,1.0199999809265137,1.0199999809265137,1.0199999809265137,1.0199999809265137,100.0
2026-04-07 13:53:00,BIG.V,,0.6600000262260437,0.6600000262260437,0.6600000262260437,0.6600000262260437,500.0
2026-04-07 13:53:00,GOT.V,,1.600000023841858,1.600000023841858,1.600000023841858,1.600000023841858,100.0
2026-04-07 13:53:00,HEVI.V,,0.23000000417232513,0.23000000417232513,0.23000000417232513,0.23000000417232513,1000.0
2026-04-07 13:53:00,HSTR.V,,2.325000047683716,2.3299999237060547,2.319999933242798,2.3299999237060547,1133.0
2026-04-07 13:53:00,LUCA.V,,1.3600000143051147,1.3600000143051147,1.3600000143051147,1.3600000143051147,100.0
2026-04-07 13:53:00,MFG.V,,4.440000057220459,4.440000057220459,4.375,4.375,1865.0
2026-04-07 13:53:00,NICU.V,,2.0999999046325684,2.0999999046325684,2.0999999046325684,2.0999999046325684,100.0
2026-04-07 13:53:00,TUF.V,,0.25,0.25,0.25,0.25,1000.0
2026-04-07 13:54:00,FPC.V,,0.375,0.375,0.375,0.375,500.0
2026-04-07 13:54:00,FWTC.V,,0.054999999701976776,0.054999999701976776,0.054999999701976776,0.054999999701976776,0.0
2026-04-07 13:54:00,GG.V,,2.6500000953674316,2.6500000953674316,2.640000104904175,2.640000104904175,2200.0
2026-04-07 13:54:00,GOT.V,,1.600000023841858,1.600000023841858,1.600000023841858,1.600000023841858,200.0
2026-04-07 13:54:00,GRSL.V,,0.30000001192092896,0.30000001192092896,0.30000001192092896,0.30000001192092896,89500.0
2026-04-07 13:54:00,HIVE.V,,2.700000047683716,2.700000047683716,2.700000047683716,2.700000047683716,1600.0
2026-04-07 13:54:00,HSTR.V,,2.319999933242798,2.319999933242798,2.319999933242798,2.319999933242798,400.0
2026-04-07 13:54:00,IZN.V,,0.05000000074505806,0.05000000074505806,0.05000000074505806,0.05000000074505806,208000.0
2026-04-07 13:54:00,JUGR.V,,1.2999999523162842,1.2999999523162842,1.2999999523162842,1.2999999523162842,100.0
2026-04-07 13:54:00,LMN.V,,22.75,22.75,22.75,22.75,100.0
2026-04-07 13:54:00,LUCA.V,,1.3600000143051147,1.3600000143051147,1.3600000143051147,1.3600000143051147,200.0
2026-04-07 13:54:00,NURS.V,,3.0799999237060547,3.0999999046325684,3.0799999237060547,3.0999999046325684,1500.0
2026-04-07 13:54:00,PNG.V,,8.430000305175781,8.430000305175781,8.420000076293945,8.420000076293945,300.0
2026-04-07 13:55:00,EQTY.V,,0.2800000011920929,0.2800000011920929,0.2800000011920929,0.2800000011920929,10000.0
2026-04-07 13:55:00,GOT.V,,1.600000023841858,1.600000023841858,1.600000023841858,1.600000023841858,100.0
2026-04-07 13:55:00,GRG.V,,0.05999999865889549,0.05999999865889549,0.05999999865889549,0.05999999865889549,0.0
2026-04-07 13:55:00,HIVE.V,,2.7049999237060547,2.7100000381469727,2.700000047683716,2.700000047683716,4000.0
2026-04-07 13:55:00,LG.V,,0.33500000834465027,0.3400000035762787,0.33500000834465027,0.3400000035762787,26472.0
2026-04-07 13:55:00,LTH.V,,1.3799999952316284,1.3799999952316284,1.3799999952316284,1.3799999952316284,100.0
2026-04-07 13:55:00,LUCA.V,,1.3600000143051147,1.3600000143051147,1.3600000143051147,1.3600000143051147,700.0
2026-04-07 13:55:00,MQM.V,,0.30000001192092896,0.30000001192092896,0.30000001192092896,0.30000001192092896,1000.0
2026-04-07 13:55:00,NICU.V,,2.0999999046325684,2.0999999046325684,2.0999999046325684,2.0999999046325684,2400.0
2026-04-07 13:55:00,NURS.V,,3.069999933242798,3.069999933242798,3.069999933242798,3.069999933242798,200.0
2026-04-07 13:56:00,GGO.V,,0.9599999785423279,0.9599999785423279,0.9599999785423279,0.9599999785423279,9000.0
2026-04-07 13:56:00,GOT.V,,1.600000023841858,1.600000023841858,1.600000023841858,1.600000023841858,100.0
2026-04-07 13:56:00,HIVE.V,,2.700000047683716,2.700000047683716,2.700000047683716,2.700000047683716,2700.0
2026-04-07 13:56:00,IPT.V,,0.23000000417232513,0.23000000417232513,0.23000000417232513,0.23000000417232513,500.0
2026-04-07 13:56:00,LUCA.V,,1.3600000143051147,1.3600000143051147,1.3600000143051147,1.3600000143051147,1600.0
2026-04-07 13:56:00,MFG.V,,4.449999809265137,4.449999809265137,4.449999809265137,4.449999809265137,100.0
2026-04-07 13:56:00,NICU.V,,2.0999999046325684,2.0999999046325684,2.0999999046325684,2.0999999046325684,2700.0
2026-04-07 13:56:00,PNG.V,,8.399999618530273,8.399999618530273,8.399999618530273,8.399999618530273,578.0
2026-04-07 13:57:00,EVER.V,,0.5,0.5099999904632568,0.5,0.5099999904632568,39500.0
2026-04-07 13:57:00,GG.V,,2.630000114440918,2.630000114440918,2.630000114440918,2.630000114440918,3006.0
2026-04-07 13:57:00,GOT.V,,1.600000023841858,1.600000023841858,1.600000023841858,1.600000023841858,100.0
2026-04-07 13:57:00,GRSL.V,,0.30000001192092896,0.30000001192092896,0.30000001192092896,0.30000001192092896,3000.0
2026-04-07 13:57:00,KNE.V,,0.029999999329447746,0.029999999329447746,0.029999999329447746,0.029999999329447746,0.0
2026-04-07 13:57:00,LGC.V,,1.9700000286102295,1.9700000286102295,1.9600000381469727,1.9600000381469727,2400.0
2026-04-07 13:57:00,LMN.V,,22.700000762939453,22.700000762939453,22.700000762939453,22.700000762939453,100.0
2026-04-07 13:57:00,LUCA.V,,1.3450000286102295,1.3600000143051147,1.340000033378601,1.3600000143051147,23000.0
2026-04-07 13:57:00,PNG.V,,8.399999618530273,8.399999618530273,8.399999618530273,8.399999618530273,472.0
2026-04-07 13:58:00,EMN.V,,0.16500000655651093,0.16500000655651093,0.16500000655651093,0.16500000655651093,142588.0
2026-04-07 13:58:00,GOT.V,,1.600000023841858,1.600000023841858,1.600000023841858,1.600000023841858,100.0
2026-04-07 13:58:00,HAM.V,,4.820000171661377,4.849999904632568,4.820000171661377,4.849999904632568,600.0
2026-04-07 13:58:00,HIVE.V,,2.700000047683716,2.700000047683716,2.700000047683716,2.700000047683716,650.0
2026-04-07 13:58:00,ITR.V,,3.9800000190734863,3.9800000190734863,3.9800000190734863,3.9800000190734863,1400.0
2026-04-07 13:58:00,LMN.V,,22.780000686645508,22.780000686645508,22.770000457763672,22.770000457763672,300.0
2026-04-07 13:58:00,LTH.V,,1.3849999904632568,1.3849999904632568,1.3849999904632568,1.3849999904632568,177.0
2026-04-07 13:58:00,LUCA.V,,1.350000023841858,1.350000023841858,1.350000023841858,1.350000023841858,12900.0
2026-04-07 13:58:00,MFG.V,,4.449999809265137,4.449999809265137,4.449999809265137,4.449999809265137,200.0
2026-04-07 13:58:00,NICU.V,,2.0899999141693115,2.0950000286102295,2.0899999141693115,2.0950000286102295,700.0
2026-04-07 13:58:00,NURS.V,,3.059999942779541,3.059999942779541,3.059999942779541,3.059999942779541,100.0
2026-04-07 13:58:00,ZNG.V,,1.0199999809265137,1.0199999809265137,1.0199999809265137,1.0199999809265137,100.0
2026-04-07 13:59:00,GOT.V,,1.600000023841858,1.600000023841858,1.600000023841858,1.600000023841858,100.0
2026-04-07 13:59:00,GQC.V,,2.299999952316284,2.299999952316284,2.299999952316284,2.299999952316284,1900.0
2026-04-07 13:59:00,HME.V,,2.809999942779541,2.809999942779541,2.809999942779541,2.809999942779541,200.0
2026-04-07 13:59:00,NICU.V,,2.0999999046325684,2.0999999046325684,2.0999999046325684,2.0999999046325684,1500.0
2026-04-07 13:59:00,PNG.V,,8.40999984741211,8.40999984741211,8.40999984741211,8.40999984741211,100.0
2026-04-07 14:00:00,GGO.V,,0.949999988079071,0.949999988079071,0.949999988079071,0.949999988079071,100.0
2026-04-07 14:00:00,GOT.V,,1.5950000286102295,1.5950000286102295,1.5950000286102295,1.5950000286102295,100.0
2026-04-07 14:00:00,GSI.V,,1.2300000190734863,1.2300000190734863,1.2300000190734863,1.2300000190734863,200.0
2026-04-07 14:00:00,HI.V,,0.15000000596046448,0.15000000596046448,0.15000000596046448,0.15000000596046448,11000.0
2026-04-07 14:00:00,HIVE.V,,2.700000047683716,2.700000047683716,2.700000047683716,2.700000047683716,666.0
2026-04-07 14:00:00,IFOS.V,,3.759999990463257,3.759999990463257,3.759999990463257,3.759999990463257,100.0
2026-04-07 14:00:00,LUCA.V,,1.340000033378601,1.350000023841858,1.340000033378601,1.350000023841858,60500.0
2026-04-07 14:00:00,MFG.V,,4.400000095367432,4.400000095367432,4.400000095367432,4.400000095367432,100.0
2026-04-07 14:00:00,NICU.V,,2.0999999046325684,2.0999999046325684,2.0999999046325684,2.0999999046325684,100.0
2026-04-07 14:00:00,PNG.V,,8.420000076293945,8.420000076293945,8.399999618530273,8.420000076293945,2000.0
2026-04-07 14:01:00,HAM.V,,4.75,4.820000171661377,4.75,4.820000171661377,2914.0
2026-04-07 14:01:00,HIVE.V,,2.700000047683716,2.700000047683716,2.700000047683716,2.700000047683716,4366.0
2026-04-07 14:01:00,HPL.V,,0.10999999940395355,0.10999999940395355,0.10999999940395355,0.10999999940395355,311000.0
2026-04-07 14:01:00,HSTR.V,,2.299999952316284,2.325000047683716,2.299999952316284,2.325000047683716,8000.0
2026-04-07 14:01:00,MLP.V,,1.9500000476837158,1.9500000476837158,1.9500000476837158,1.9500000476837158,100.0
2026-04-07 14:01:00,NICU.V,,2.0999999046325684,2.0999999046325684,2.0999999046325684,2.0999999046325684,100.0
2026-04-07 14:02:00,FPC.V,,0.375,0.375,0.375,0.375,500.0
2026-04-07 14:02:00,GSVR.V,,0.5899999737739563,0.5899999737739563,0.5899999737739563,0.5899999737739563,500.0
2026-04-07 14:02:00,HAM.V,,4.699999809265137,4.710000038146973,4.699999809265137,4.710000038146973,3500.0
2026-04-07 14:02:00,IGO.V,,0.09000000357627869,0.09000000357627869,0.09000000357627869,0.09000000357627869,40000.0
2026-04-07 14:02:00,ITR.V,,3.990000009536743,3.990000009536743,3.9800000190734863,3.9800000190734863,3400.0
2026-04-07 14:02:00,KTN.V,,1.3600000143051147,1.3600000143051147,1.3600000143051147,1.3600000143051147,9726.0
2026-04-07 14:02:00,LQWD.V,,0.8999999761581421,0.8999999761581421,0.8999999761581421,0.8999999761581421,4000.0
2026-04-07 14:02:00,NURS.V,,3.059999942779541,3.059999942779541,3.059999942779541,3.059999942779541,100.0
2026-04-07 14:02:00,PNG.V,,8.420000076293945,8.420000076293945,8.420000076293945,8.420000076293945,800.0
2026-04-07 14:03:00,EQTY.V,,0.2800000011920929,0.2800000011920929,0.2800000011920929,0.2800000011920929,10000.0
2026-04-07 14:03:00,GPAC.V,,0.4399999976158142,0.4399999976158142,0.4399999976158142,0.4399999976158142,1500.0
2026-04-07 14:03:00,HPL.V,,0.10999999940395355,0.10999999940395355,0.10999999940395355,0.10999999940395355,5898.0
2026-04-07 14:03:00,ITR.V,,3.990000009536743,3.990000009536743,3.990000009536743,3.990000009536743,200.0
2026-04-07 14:03:00,LUCA.V,,1.340000033378601,1.340000033378601,1.340000033378601,1.340000033378601,100.0
2026-04-07 14:03:00,PNG.V,,8.420000076293945,8.430000305175781,8.420000076293945,8.420000076293945,511.0
2026-04-07 14:04:00,GPH.V,,1.2200000286102295,1.2200000286102295,1.2200000286102295,1.2200000286102295,200.0
2026-04-07 14:04:00,HITI.V,,3.2100000381469727,3.2100000381469727,3.200000047683716,3.200000047683716,6966.0
2026-04-07 14:04:00,HIVE.V,,2.700000047683716,2.700000047683716,2.700000047683716,2.700000047683716,972.0
2026-04-07 14:04:00,LGC.V,,2.0299999713897705,2.0299999713897705,2.0299999713897705,2.0299999713897705,100.0
2026-04-07 14:04:00,LUCA.V,,1.3450000286102295,1.3450000286102295,1.3450000286102295,1.3450000286102295,200.0
2026-04-07 14:04:00,MLP.V,,1.9600000381469727,1.9600000381469727,1.9600000381469727,1.9600000381469727,100.0
2026-04-07 14:04:00,PNG.V,,8.414999961853027,8.414999961853027,8.414999961853027,8.414999961853027,129.0
2026-04-07 14:05:00,GGO.V,,0.949999988079071,0.949999988079071,0.949999988079071,0.949999988079071,100.0
2026-04-07 14:05:00,GLAD.V,,1.1799999475479126,1.190000057220459,1.1799999475479126,1.190000057220459,6600.0
2026-04-07 14:05:00,GRSL.V,,0.30000001192092896,0.30000001192092896,0.30000001192092896,0.30000001192092896,3000.0
2026-04-07 14:05:00,GTC.V,,0.1850000023841858,0.1850000023841858,0.1850000023841858,0.1850000023841858,7500.0
2026-04-07 14:05:00,LMN.V,,22.700000762939453,22.700000762939453,22.700000762939453,22.700000762939453,100.0
2026-04-07 14:05:00,LUCA.V,,1.3450000286102295,1.3450000286102295,1.3450000286102295,1.3450000286102295,100.0
2026-04-07 14:05:00,MFG.V,,4.440000057220459,4.440000057220459,4.429999828338623,4.429999828338623,300.0
2026-04-07 14:05:00,MGM.V,,2.299999952316284,2.299999952316284,2.299999952316284,2.299999952316284,700.0
2026-04-07 14:05:00,NICU.V,,2.0899999141693115,2.0899999141693115,2.0899999141693115,2.0899999141693115,400.0
2026-04-07 14:05:00,PNG.V,,8.420000076293945,8.420000076293945,8.399999618530273,8.420000076293945,1900.0
2026-04-07 14:05:00,ZNG.V,,1.0199999809265137,1.0199999809265137,1.0199999809265137,1.0199999809265137,100.0
2026-04-07 14:06:00,FNC.V,,0.10999999940395355,0.10999999940395355,0.10999999940395355,0.10999999940395355,2000.0
2026-04-07 14:06:00,GRSL.V,,0.30000001192092896,0.30000001192092896,0.30000001192092896,0.30000001192092896,60078.0
2026-04-07 14:06:00,HIVE.V,,2.694999933242798,2.694999933242798,2.694999933242798,2.694999933242798,1100.0
2026-04-07 14:06:00,IFR.V,,0.029999999329447746,0.029999999329447746,0.029999999329447746,0.029999999329447746,0.0
2026-04-07 14:06:00,ITR.V,,3.9800000190734863,3.9800000190734863,3.9800000190734863,3.9800000190734863,500.0
2026-04-07 14:06:00,KTN.V,,1.3600000143051147,1.3600000143051147,1.3600000143051147,1.3600000143051147,4100.0
2026-04-07 14:06:00,LUCA.V,,1.340000033378601,1.340000033378601,1.340000033378601,1.340000033378601,300.0
2026-04-07 14:06:00,MGM.V,,2.299999952316284,2.299999952316284,2.299999952316284,2.299999952316284,1200.0
2026-04-07 14:06:00,MLP.V,,1.9500000476837158,1.9500000476837158,1.9500000476837158,1.9500000476837158,300.0
2026-04-07 14:06:00,NICU.V,,2.0950000286102295,2.0950000286102295,2.0950000286102295,2.0950000286102295,100.0
2026-04-07 14:06:00,PNG.V,,8.390000343322754,8.390000343322754,8.390000343322754,8.390000343322754,100.0
2026-04-07 14:07:00,GOT.V,,1.590000033378601,1.5950000286102295,1.590000033378601,1.5950000286102295,1700.0
2026-04-07 14:07:00,GPG.V,,0.4000000059604645,0.4000000059604645,0.4000000059604645,0.4000000059604645,6000.0
2026-04-07 14:07:00,ITR.V,,3.9800000190734863,3.9800000190734863,3.9800000190734863,3.9800000190734863,600.0
2026-04-07 14:07:00,LTH.V,,1.3700000047683716,1.3799999952316284,1.3700000047683716,1.3799999952316284,2000.0
2026-04-07 14:07:00,LUCA.V,,1.340000033378601,1.340000033378601,1.340000033378601,1.340000033378601,400.0
2026-04-07 14:07:00,NICU.V,,2.0950000286102295,2.0950000286102295,2.0950000286102295,2.0950000286102295,200.0
2026-04-07 14:07:00,PNG.V,,8.399999618530273,8.399999618530273,8.399999618530273,8.399999618530273,100.0
2026-04-07 14:08:00,HEVI.V,,0.23499999940395355,0.23499999940395355,0.23499999940395355,0.23499999940395355,500.0
2026-04-07 14:08:00,HITI.V,,3.200000047683716,3.200000047683716,3.200000047683716,3.200000047683716,100.0
2026-04-07 14:08:00,LUCA.V,,1.340000033378601,1.340000033378601,1.340000033378601,1.340000033378601,300.0
2026-04-07 14:08:00,NURS.V,,3.059999942779541,3.059999942779541,3.059999942779541,3.059999942779541,100.0
2026-04-07 14:08:00,PNG.V,,8.390000343322754,8.390000343322754,8.390000343322754,8.390000343322754,900.0
2026-04-07 14:09:00,HI.V,,0.15000000596046448,0.15000000596046448,0.15000000596046448,0.15000000596046448,7500.0
2026-04-07 14:09:00,HSTR.V,,2.2950000762939453,2.2950000762939453,2.2950000762939453,2.2950000762939453,500.0
2026-04-07 14:09:00,LGC.V,,2.0199999809265137,2.0199999809265137,2.0199999809265137,2.0199999809265137,100.0
2026-04-07 14:09:00,LQWD.V,,0.8999999761581421,0.8999999761581421,0.8999999761581421,0.8999999761581421,5000.0
2026-04-07 14:09:00,LUCA.V,,1.350000023841858,1.350000023841858,1.340000033378601,1.340000033378601,8000.0
2026-04-07 14:09:00,MFG.V,,4.449999809265137,4.449999809265137,4.449999809265137,4.449999809265137,100.0
2026-04-07 14:09:00,NICU.V,,2.0950000286102295,2.0950000286102295,2.0950000286102295,2.0950000286102295,100.0
2026-04-07 14:10:00,GGM.V,,0.054999999701976776,0.054999999701976776,0.054999999701976776,0.054999999701976776,5000.0
2026-04-07 14:10:00,GGO.V,,0.949999988079071,0.949999988079071,0.949999988079071,0.949999988079071,100.0
2026-04-07 14:10:00,GOT.V,,1.590000033378601,1.590000033378601,1.5850000381469727,1.5850000381469727,1100.0
2026-04-07 14:10:00,HAM.V,,4.699999809265137,4.75,4.699999809265137,4.75,5700.0
2026-04-07 14:10:00,HITI.V,,3.190000057220459,3.190000057220459,3.190000057220459,3.190000057220459,100.0
2026-04-07 14:10:00,IFOS.V,,3.759999990463257,3.759999990463257,3.759999990463257,3.759999990463257,100.0
2026-04-07 14:10:00,ITR.V,,3.9800000190734863,3.9800000190734863,3.9700000286102295,3.9700000286102295,1300.0
2026-04-07 14:10:00,JJ.V,,0.054999999701976776,0.054999999701976776,0.054999999701976776,0.054999999701976776,7000.0
2026-04-07 14:10:00,NICU.V,,2.0950000286102295,2.0950000286102295,2.0950000286102295,2.0950000286102295,100.0
2026-04-07 14:11:00,FPC.V,,0.375,0.375,0.375,0.375,500.0
2026-04-07 14:11:00,GOT.V,,1.590000033378601,1.590000033378601,1.590000033378601,1.590000033378601,1200.0
2026-04-07 14:11:00,HEVI.V,,0.23499999940395355,0.23499999940395355,0.23499999940395355,0.23499999940395355,7500.0
2026-04-07 14:11:00,HIVE.V,,2.690000057220459,2.690000057220459,2.690000057220459,2.690000057220459,3400.0
2026-04-07 14:11:00,HME.V,,2.819999933242798,2.825000047683716,2.809999942779541,2.809999942779541,18800.0
2026-04-07 14:11:00,HSTR.V,,2.309999942779541,2.309999942779541,2.2950000762939453,2.2950000762939453,2900.0
2026-04-07 14:11:00,LEM.V,,0.28999999165534973,0.28999999165534973,0.28999999165534973,0.28999999165534973,1050.0
2026-04-07 14:11:00,MFG.V,,4.449999809265137,4.449999809265137,4.440000057220459,4.440000057220459,300.0
2026-04-07 14:11:00,PNG.V,,8.390000343322754,8.40999984741211,8.390000343322754,8.40999984741211,1054.0
2026-04-07 14:12:00,GOT.V,,1.590000033378601,1.590000033378601,1.590000033378601,1.590000033378601,100.0
2026-04-07 14:12:00,GSVR.V,,0.5899999737739563,0.5899999737739563,0.5899999737739563,0.5899999737739563,500.0
2026-04-07 14:12:00,HI.V,,0.15000000596046448,0.15000000596046448,0.15000000596046448,0.15000000596046448,7000.0
2026-04-07 14:12:00,HSTR.V,,2.309999942779541,2.309999942779541,2.309999942779541,2.309999942779541,1300.0
2026-04-07 14:12:00,ITR.V,,3.9800000190734863,3.9800000190734863,3.9800000190734863,3.9800000190734863,1600.0
2026-04-07 14:12:00,LMN.V,,22.709999084472656,22.709999084472656,22.709999084472656,22.709999084472656,105.0
2026-04-07 14:12:00,MFG.V,,4.360000133514404,4.389999866485596,4.360000133514404,4.389999866485596,300.0
2026-04-07 14:12:00,NICU.V,,2.0950000286102295,2.0950000286102295,2.0950000286102295,2.0950000286102295,100.0
2026-04-07 14:12:00,PNG.V,,8.40999984741211,8.40999984741211,8.40999984741211,8.40999984741211,100.0
2026-04-07 14:13:00,HMR.V,,0.8299999833106995,0.8299999833106995,0.8299999833106995,0.8299999833106995,5000.0
2026-04-07 14:13:00,ITR.V,,3.990000009536743,3.990000009536743,3.9800000190734863,3.9800000190734863,1100.0
2026-04-07 14:13:00,IVS.V,,0.23000000417232513,0.23000000417232513,0.23000000417232513,0.23000000417232513,21000.0
2026-04-07 14:13:00,KLDC.V,,0.17499999701976776,0.18000000715255737,0.17499999701976776,0.18000000715255737,27821.0
2026-04-07 14:13:00,KTN.V,,1.3600000143051147,1.3600000143051147,1.3600000143051147,1.3600000143051147,100.0
2026-04-07 14:13:00,LGC.V,,2.0199999809265137,2.0199999809265137,2.0199999809265137,2.0199999809265137,100.0
2026-04-07 14:13:00,MFG.V,,4.440000057220459,4.440000057220459,4.429999828338623,4.429999828338623,200.0
2026-04-07 14:13:00,NURS.V,,3.049999952316284,3.049999952316284,3.049999952316284,3.049999952316284,100.0
2026-04-07 14:13:00,PNG.V,,8.430000305175781,8.430000305175781,8.40999984741211,8.40999984741211,3079.0
2026-04-07 14:13:00,ZNG.V,,1.0199999809265137,1.0199999809265137,1.0199999809265137,1.0199999809265137,100.0
2026-04-07 14:14:00,GOT.V,,1.590000033378601,1.590000033378601,1.590000033378601,1.590000033378601,100.0
2026-04-07 14:14:00,IGO.V,,0.09000000357627869,0.09000000357627869,0.09000000357627869,0.09000000357627869,5000.0
2026-04-07 14:14:00,LMN.V,,22.729999542236328,22.729999542236328,22.709999084472656,22.709999084472656,400.0
2026-04-07 14:14:00,LQWD.V,,0.8999999761581421,0.8999999761581421,0.8999999761581421,0.8999999761581421,1000.0
2026-04-07 14:14:00,MKO.V,,8.859999656677246,8.859999656677246,8.84000015258789,8.84000015258789,826.0
2026-04-07 14:14:00,NICU.V,,2.0950000286102295,2.0950000286102295,2.0950000286102295,2.0950000286102295,100.0
2026-04-07 14:14:00,PNG.V,,8.430000305175781,8.430000305175781,8.430000305175781,8.430000305175781,200.0
2026-04-07 14:15:00,CELL.V,,0.029999999329447746,0.029999999329447746,0.029999999329447746,0.029999999329447746,20000.0
2026-04-07 14:15:00,FWZ.V,,4.369999885559082,4.369999885559082,4.369999885559082,4.369999885559082,100.0
2026-04-07 14:15:00,GOT.V,,1.5800000429153442,1.5800000429153442,1.5800000429153442,1.5800000429153442,2000.0
2026-04-07 14:15:00,HAN.V,,0.5600000023841858,0.5799999833106995,0.5600000023841858,0.5649999976158142,202580.0
2026-04-07 14:15:00,HIVE.V,,2.690000057220459,2.690000057220459,2.690000057220459,2.690000057220459,267.0
2026-04-07 14:15:00,IVS.V,,0.22499999403953552,0.22499999403953552,0.22499999403953552,0.22499999403953552,12500.0
2026-04-07 14:15:00,JUGR.V,,1.2799999713897705,1.2799999713897705,1.2799999713897705,1.2799999713897705,3000.0
2026-04-07 14:15:00,MFG.V,,4.440000057220459,4.440000057220459,4.440000057220459,4.440000057220459,300.0
2026-04-07 14:15:00,NICU.V,,2.0950000286102295,2.0950000286102295,2.0950000286102295,2.0950000286102295,1100.0
2026-04-07 14:16:00,FO.V,,0.38999998569488525,0.38999998569488525,0.38999998569488525,0.38999998569488525,10000.0
2026-04-07 14:16:00,GGO.V,,0.949999988079071,0.949999988079071,0.949999988079071,0.949999988079071,100.0
2026-04-07 14:16:00,GOT.V,,1.590000033378601,1.590000033378601,1.590000033378601,1.590000033378601,100.0
2026-04-07 14:16:00,HIVE.V,,2.690000057220459,2.690000057220459,2.690000057220459,2.690000057220459,2400.0
2026-04-07 14:16:00,HMR.V,,0.8299999833106995,0.8299999833106995,0.8299999833106995,0.8299999833106995,11500.0
2026-04-07 14:16:00,LMN.V,,22.670000076293945,22.709999084472656,22.670000076293945,22.709999084472656,1100.0
2026-04-07 14:16:00,PNG.V,,8.390000343322754,8.399999618530273,8.390000343322754,8.399999618530273,500.0
2026-04-07 14:16:00,ROAR.V,,0.23000000417232513,0.23000000417232513,0.23000000417232513,0.23000000417232513,22000.0
2026-04-07 14:17:00,GBML.V,,0.1599999964237213,0.1599999964237213,0.1599999964237213,0.1599999964237213,32500.0
2026-04-07 14:17:00,HMR.V,,0.8299999833106995,0.8299999833106995,0.8299999833106995,0.8299999833106995,2500.0
2026-04-07 14:17:00,IFOS.V,,3.759999990463257,3.759999990463257,3.759999990463257,3.759999990463257,200.0
2026-04-07 14:17:00,LMN.V,,22.649999618530273,22.68000030517578,22.649999618530273,22.65999984741211,1500.0
2026-04-07 14:17:00,MFG.V,,4.440000057220459,4.440000057220459,4.429999828338623,4.429999828338623,300.0
2026-04-07 14:17:00,NURS.V,,3.0799999237060547,3.0899999141693115,3.0799999237060547,3.0899999141693115,1800.0
2026-04-07 14:17:00,PNG.V,,8.40999984741211,8.40999984741211,8.40999984741211,8.40999984741211,500.0
2026-04-07 14:18:00,FRED.V,,0.5600000023841858,0.5600000023841858,0.550000011920929,0.550000011920929,20000.0
2026-04-07 14:18:00,GOT.V,,1.590000033378601,1.590000033378601,1.590000033378601,1.590000033378601,100.0
2026-04-07 14:18:00,KTN.V,,1.3600000143051147,1.3600000143051147,1.3600000143051147,1.3600000143051147,473.0
2026-04-07 14:18:00,LGC.V,,2.009999990463257,2.009999990463257,2.009999990463257,2.009999990463257,100.0
2026-04-07 14:18:00,LGN.V,,0.9599999785423279,0.9599999785423279,0.9599999785423279,0.9599999785423279,45604.0
2026-04-07 14:18:00,NICU.V,,2.0950000286102295,2.0950000286102295,2.0899999141693115,2.0899999141693115,945.0
2026-04-07 14:18:00,PNG.V,,8.40999984741211,8.40999984741211,8.40999984741211,8.40999984741211,100.0
2026-04-07 14:19:00,FO.V,,0.38999998569488525,0.38999998569488525,0.38999998569488525,0.38999998569488525,52000.0
2026-04-07 14:19:00,GWM.V,,0.6100000143051147,0.6100000143051147,0.6100000143051147,0.6100000143051147,1457.0
2026-04-07 14:19:00,KNG.V,,1.2699999809265137,1.2699999809265137,1.2699999809265137,1.2699999809265137,8600.0
2026-04-07 14:19:00,KTN.V,,1.3600000143051147,1.3600000143051147,1.3600000143051147,1.3600000143051147,3700.0
2026-04-07 14:19:00,MFG.V,,4.400000095367432,4.400000095367432,4.400000095367432,4.400000095367432,300.0
2026-04-07 14:19:00,NURS.V,,3.109999895095825,3.109999895095825,3.0999999046325684,3.0999999046325684,700.0
2026-04-07 14:20:00,GPAC.V,,0.4350000023841858,0.4424999952316284,0.4350000023841858,0.4399999976158142,4500.0
2026-04-07 14:20:00,HIVE.V,,2.690000057220459,2.690000057220459,2.690000057220459,2.690000057220459,100.0
2026-04-07 14:20:00,ITR.V,,3.990000009536743,3.990000009536743,3.990000009536743,3.990000009536743,600.0
2026-04-07 14:20:00,JUGR.V,,1.2949999570846558,1.2949999570846558,1.2949999570846558,1.2949999570846558,100.0
2026-04-07 14:20:00,LMN.V,,22.6299991607666,22.6299991607666,22.6299991607666,22.6299991607666,100.0
2026-04-07 14:20:00,LTH.V,,1.3799999952316284,1.3799999952316284,1.3700000047683716,1.3700000047683716,2600.0
2026-04-07 14:20:00,LUCA.V,,1.3550000190734863,1.3550000190734863,1.3550000190734863,1.3550000190734863,100.0
2026-04-07 14:20:00,NICU.V,,2.0999999046325684,2.0999999046325684,2.0999999046325684,2.0999999046325684,100.0
2026-04-07 14:20:00,PNG.V,,8.380000114440918,8.399999618530273,8.380000114440918,8.399999618530273,3950.0
2026-04-07 14:21:00,GLD.V,,0.09000000357627869,0.09000000357627869,0.09000000357627869,0.09000000357627869,34000.0
2026-04-07 14:21:00,GOT.V,,1.590000033378601,1.590000033378601,1.590000033378601,1.590000033378601,100.0
2026-04-07 14:21:00,GSVR.V,,0.5899999737739563,0.5899999737739563,0.5899999737739563,0.5899999737739563,977.0
2026-04-07 14:21:00,HSTR.V,,2.309999942779541,2.309999942779541,2.309999942779541,2.309999942779541,200.0
2026-04-07 14:21:00,LUCA.V,,1.3550000190734863,1.3550000190734863,1.3550000190734863,1.3550000190734863,200.0
2026-04-07 14:21:00,MFG.V,,4.400000095367432,4.400000095367432,4.400000095367432,4.400000095367432,300.0
2026-04-07 14:21:00,MN.V,,0.11500000208616257,0.11500000208616257,0.11500000208616257,0.11500000208616257,900.0
2026-04-07 14:21:00,NICU.V,,2.0899999141693115,2.0950000286102295,2.0899999141693115,2.0950000286102295,5200.0
2026-04-07 14:21:00,NURS.V,,3.130000114440918,3.130000114440918,3.119999885559082,3.119999885559082,1100.0
2026-04-07 14:21:00,PNG.V,,8.380000114440918,8.380000114440918,8.380000114440918,8.380000114440918,900.0
2026-04-07 14:22:00,FO.V,,0.38999998569488525,0.39500001072883606,0.38999998569488525,0.38999998569488525,23500.0
2026-04-07 14:22:00,GFM-H.V,,0.4050000011920929,0.4050000011920929,0.4050000011920929,0.4050000011920929,2500.0
2026-04-07 14:22:00,HIVE.V,,2.690000057220459,2.690000057220459,2.690000057220459,2.690000057220459,200.0
2026-04-07 14:22:00,HME.V,,2.8299999237060547,2.8299999237060547,2.819999933242798,2.819999933242798,8900.0
2026-04-07 14:22:00,HSTR.V,,2.319999933242798,2.319999933242798,2.309999942779541,2.309999942779541,2300.0
2026-04-07 14:22:00,IVS.V,,0.23000000417232513,0.23000000417232513,0.22499999403953552,0.22499999403953552,25000.0
2026-04-07 14:22:00,LGC.V,,1.9900000095367432,1.9900000095367432,1.9900000095367432,1.9900000095367432,100.0
2026-04-07 14:22:00,LUCA.V,,1.3600000143051147,1.3600000143051147,1.3600000143051147,1.3600000143051147,1000.0
2026-04-07 14:22:00,MMG.V,,0.28999999165534973,0.28999999165534973,0.28999999165534973,0.28999999165534973,2000.0
2026-04-07 14:22:00,PNG.V,,8.390000343322754,8.390000343322754,8.380000114440918,8.390000343322754,1600.0
2026-04-07 14:23:00,FO.V,,0.38999998569488525,0.38999998569488525,0.38999998569488525,0.38999998569488525,2000.0
2026-04-07 14:23:00,FPC.V,,0.375,0.375,0.375,0.375,500.0
2026-04-07 14:23:00,GGO.V,,0.949999988079071,0.949999988079071,0.949999988079071,0.949999988079071,100.0
2026-04-07 14:23:00,GOT.V,,1.590000033378601,1.590000033378601,1.590000033378601,1.590000033378601,100.0
2026-04-07 14:23:00,HIVE.V,,2.690000057220459,2.690000057220459,2.690000057220459,2.690000057220459,2200.0
2026-04-07 14:23:00,HSTR.V,,2.315000057220459,2.319999933242798,2.315000057220459,2.319999933242798,900.0
2026-04-07 14:23:00,KALO.V,,0.2150000035762787,0.2150000035762787,0.2150000035762787,0.2150000035762787,500.0
2026-04-07 14:23:00,LAB.V,,0.07000000029802322,0.07000000029802322,0.07000000029802322,0.07000000029802322,79000.0
2026-04-07 14:23:00,LUCA.V,,1.3600000143051147,1.3600000143051147,1.3600000143051147,1.3600000143051147,100.0
2026-04-07 14:23:00,MFG.V,,4.400000095367432,4.400000095367432,4.400000095367432,4.400000095367432,300.0
2026-04-07 14:24:00,HEVI.V,,0.23499999940395355,0.23499999940395355,0.23499999940395355,0.23499999940395355,500.0
2026-04-07 14:24:00,LAB.V,,0.07000000029802322,0.07000000029802322,0.07000000029802322,0.07000000029802322,1000.0
2026-04-07 14:24:00,LUCA.V,,1.3600000143051147,1.3600000143051147,1.3600000143051147,1.3600000143051147,100.0
2026-04-07 14:24:00,MPH.V,,1.2200000286102295,1.2200000286102295,1.2200000286102295,1.2200000286102295,0.0
2026-04-07 14:24:00,NURS.V,,3.1500000953674316,3.1500000953674316,3.140000104904175,3.140000104904175,1800.0
2026-04-07 14:24:00,PNG.V,,8.380000114440918,8.390000343322754,8.369999885559082,8.390000343322754,1300.0
2026-04-07 14:24:00,ZNG.V,,1.0199999809265137,1.0199999809265137,1.0199999809265137,1.0199999809265137,100.0
2026-04-07 14:25:00,FPX.V,,0.41999998688697815,0.41999998688697815,0.41999998688697815,0.41999998688697815,10000.0
2026-04-07 14:25:00,GMA.V,,0.27000001072883606,0.27000001072883606,0.27000001072883606,0.27000001072883606,13000.0
2026-04-07 14:25:00,GPH.V,,1.2100000381469727,1.2200000286102295,1.2100000381469727,1.2200000286102295,1900.0
2026-04-07 14:25:00,HITI.V,,3.180000066757202,3.190000057220459,3.180000066757202,3.190000057220459,200.0
2026-04-07 14:25:00,LGN.V,,0.9700000286102295,0.9700000286102295,0.9700000286102295,0.9700000286102295,500.0
2026-04-07 14:25:00,MFG.V,,4.400000095367432,4.400000095367432,4.400000095367432,4.400000095367432,300.0
2026-04-07 14:25:00,PNG.V,,8.369999885559082,8.369999885559082,8.369999885559082,8.369999885559082,1300.0
2026-04-07 14:26:00,FWZ.V,,4.380000114440918,4.380000114440918,4.369999885559082,4.380000114440918,415.0
2026-04-07 14:26:00,GOT.V,,1.590000033378601,1.590000033378601,1.590000033378601,1.590000033378601,100.0
2026-04-07 14:26:00,HME.V,,2.8299999237060547,2.8299999237060547,2.8299999237060547,2.8299999237060547,600.0
2026-04-07 14:26:00,MCS.V,,2.1600000858306885,2.1600000858306885,2.1600000858306885,2.1600000858306885,200.0
2026-04-07 14:26:00,MLP.V,,1.9500000476837158,1.9500000476837158,1.9500000476837158,1.9500000476837158,3300.0
2026-04-07 14:26:00,PNG.V,,8.390000343322754,8.390000343322754,8.380000114440918,8.390000343322754,1000.0
2026-04-07 14:27:00,GRSL.V,,0.30000001192092896,0.30000001192092896,0.30000001192092896,0.30000001192092896,5000.0
2026-04-07 14:27:00,HEVI.V,,0.23499999940395355,0.23499999940395355,0.23499999940395355,0.23499999940395355,1032.0
2026-04-07 14:27:00,HIVE.V,,2.690000057220459,2.690000057220459,2.690000057220459,2.690000057220459,600.0
2026-04-07 14:27:00,KNG.V,,1.2699999809265137,1.2899999618530273,1.2699999809265137,1.2899999618530273,5628.0
2026-04-07 14:27:00,LCX.V,,1.9900000095367432,1.9900000095367432,1.9900000095367432,1.9900000095367432,900.0
2026-04-07 14:27:00,LQWD.V,,0.8999999761581421,0.8999999761581421,0.8999999761581421,0.8999999761581421,1000.0
2026-04-07 14:27:00,LTH.V,,1.3700000047683716,1.3700000047683716,1.3700000047683716,1.3700000047683716,100.0
2026-04-07 14:27:00,MFG.V,,4.400000095367432,4.400000095367432,4.400000095367432,4.400000095367432,300.0
2026-04-07 14:27:00,NICU.V,,2.0899999141693115,2.0899999141693115,2.0899999141693115,2.0899999141693115,100.0
2026-04-07 14:27:00,PNG.V,,8.369999885559082,8.369999885559082,8.369999885559082,8.369999885559082,480.0
2026-04-07 14:28:00,GOT.V,,1.590000033378601,1.590000033378601,1.590000033378601,1.590000033378601,100.0
2026-04-07 14:28:00,GPAC.V,,0.4350000023841858,0.4350000023841858,0.4350000023841858,0.4350000023841858,500.0
2026-04-07 14:28:00,GPH.V,,1.2100000381469727,1.2300000190734863,1.2100000381469727,1.2300000190734863,900.0
2026-04-07 14:28:00,GRSL.V,,0.30250000953674316,0.30250000953674316,0.30250000953674316,0.30250000953674316,500.0
2026-04-07 14:28:00,HITI.V,,3.180000066757202,3.180000066757202,3.180000066757202,3.180000066757202,100.0
2026-04-07 14:28:00,HIVE.V,,2.690000057220459,2.700000047683716,2.690000057220459,2.690000057220459,300.0
2026-04-07 14:28:00,JZR.V,,0.25999999046325684,0.25999999046325684,0.25999999046325684,0.25999999046325684,8500.0
2026-04-07 14:28:00,LQWD.V,,0.8999999761581421,0.8999999761581421,0.8999999761581421,0.8999999761581421,1000.0
2026-04-07 14:28:00,LTH.V,,1.3700000047683716,1.3700000047683716,1.3700000047683716,1.3700000047683716,100.0
2026-04-07 14:28:00,MKO.V,,8.819999694824219,8.819999694824219,8.819999694824219,8.819999694824219,200.0
2026-04-07 14:28:00,PNG.V,,8.380000114440918,8.380000114440918,8.359999656677246,8.359999656677246,3160.0
2026-04-07 14:29:00,FDR.V,,3.7899999618530273,3.799999952316284,3.7799999713897705,3.7799999713897705,3400.0
2026-04-07 14:29:00,GBML.V,,0.16500000655651093,0.16500000655651093,0.16500000655651093,0.16500000655651093,500.0
2026-04-07 14:29:00,GBU.V,,0.12999999523162842,0.12999999523162842,0.12999999523162842,0.12999999523162842,9500.0
2026-04-07 14:29:00,HAPB.V,,0.04500000178813934,0.04500000178813934,0.04500000178813934,0.04500000178813934,0.0
2026-04-07 14:29:00,HITI.V,,3.180000066757202,3.180000066757202,3.180000066757202,3.180000066757202,500.0
2026-04-07 14:29:00,LG.V,,0.33500000834465027,0.33500000834465027,0.33500000834465027,0.33500000834465027,6000.0
2026-04-07 14:29:00,LMG.V,,0.5199999809265137,0.5199999809265137,0.5199999809265137,0.5199999809265137,10500.0
2026-04-07 14:29:00,LTH.V,,1.3700000047683716,1.3700000047683716,1.3700000047683716,1.3700000047683716,200.0
2026-04-07 14:29:00,LUCA.V,,1.350000023841858,1.3600000143051147,1.350000023841858,1.3600000143051147,11200.0
2026-04-07 14:29:00,MFG.V,,4.400000095367432,4.400000095367432,4.400000095367432,4.400000095367432,300.0
2026-04-07 14:29:00,NICU.V,,2.0899999141693115,2.0899999141693115,2.0899999141693115,2.0899999141693115,3100.0
2026-04-07 14:29:00,PNG.V,,8.359999656677246,8.359999656677246,8.350000381469727,8.359999656677246,5211.0
2026-04-07 14:30:00,GBML.V,,0.16500000655651093,0.16500000655651093,0.16500000655651093,0.16500000655651093,900.0
2026-04-07 14:30:00,GGO.V,,0.949999988079071,0.949999988079071,0.949999988079071,0.949999988079071,100.0
2026-04-07 14:30:00,GSVR.V,,0.5950000286102295,0.5950000286102295,0.5950000286102295,0.5950000286102295,3500.0
2026-04-07 14:30:00,HEVI.V,,0.23250000178813934,0.23250000178813934,0.23250000178813934,0.23250000178813934,3000.0
2026-04-07 14:30:00,HIVE.V,,2.694999933242798,2.694999933242798,2.690000057220459,2.690000057220459,1000.0
2026-04-07 14:30:00,HME.V,,2.8299999237060547,2.8299999237060547,2.8299999237060547,2.8299999237060547,100.0
2026-04-07 14:30:00,LGN.V,,0.9700000286102295,0.9700000286102295,0.9700000286102295,0.9700000286102295,1000.0
2026-04-07 14:30:00,LTH.V,,1.3700000047683716,1.3700000047683716,1.3700000047683716,1.3700000047683716,100.0
2026-04-07 14:30:00,MGM.V,,2.319999933242798,2.319999933242798,2.319999933242798,2.319999933242798,5100.0
2026-04-07 14:30:00,MKO.V,,8.850000381469727,8.850000381469727,8.850000381469727,8.850000381469727,100.0
2026-04-07 14:30:00,MLP.V,,1.9500000476837158,1.9500000476837158,1.9500000476837158,1.9500000476837158,4400.0
2026-04-07 14:30:00,NICU.V,,2.0899999141693115,2.0899999141693115,2.0899999141693115,2.0899999141693115,900.0
2026-04-07 14:30:00,NURS.V,,3.1500000953674316,3.1500000953674316,3.140000104904175,3.140000104904175,1200.0
2026-04-07 14:30:00,PNG.V,,8.359999656677246,8.359999656677246,8.359999656677246,8.359999656677246,700.0
2026-04-07 14:31:00,FO.V,,0.38999998569488525,0.38999998569488525,0.38499999046325684,0.38999998569488525,16000.0
2026-04-07 14:31:00,GMG.V,,2.119999885559082,2.119999885559082,2.119999885559082,2.119999885559082,1000.0
2026-04-07 14:31:00,GOT.V,,1.590000033378601,1.590000033378601,1.590000033378601,1.590000033378601,100.0
2026-04-07 14:31:00,GSVR.V,,0.5899999737739563,0.5899999737739563,0.5899999737739563,0.5899999737739563,500.0
2026-04-07 14:31:00,LTH.V,,1.3650000095367432,1.3650000095367432,1.3650000095367432,1.3650000095367432,100.0
2026-04-07 14:31:00,MFG.V,,4.400000095367432,4.400000095367432,4.400000095367432,4.400000095367432,300.0
2026-04-07 14:31:00,MLP.V,,1.9500000476837158,1.9500000476837158,1.9500000476837158,1.9500000476837158,3000.0
2026-04-07 14:31:00,PNG.V,,8.375,8.380000114440918,8.369999885559082,8.369999885559082,665.0
2026-04-07 14:32:00,LTH.V,,1.3650000095367432,1.3650000095367432,1.3650000095367432,1.3650000095367432,100.0
2026-04-07 14:32:00,NICU.V,,2.0899999141693115,2.0899999141693115,2.0899999141693115,2.0899999141693115,100.0
2026-04-07 14:32:00,NURS.V,,3.130000114440918,3.130000114440918,3.130000114440918,3.130000114440918,100.0
2026-04-07 14:33:00,FO.V,,0.38999998569488525,0.38999998569488525,0.38999998569488525,0.38999998569488525,10500.0
2026-04-07 14:33:00,GSTM.V,,0.20499999821186066,0.20499999821186066,0.20499999821186066,0.20499999821186066,3000.0
2026-04-07 14:33:00,IFOS.V,,3.759999990463257,3.759999990463257,3.759999990463257,3.759999990463257,398.0
2026-04-07 14:33:00,ITR.V,,4.0,4.0,4.0,4.0,100.0
2026-04-07 14:33:00,LGN.V,,0.9700000286102295,0.9700000286102295,0.9700000286102295,0.9700000286102295,500.0
2026-04-07 14:33:00,LMG.V,,0.550000011920929,0.550000011920929,0.550000011920929,0.550000011920929,3000.0
2026-04-07 14:33:00,LTH.V,,1.3700000047683716,1.3700000047683716,1.3650000095367432,1.3650000095367432,1300.0
2026-04-07 14:33:00,MFG.V,,4.400000095367432,4.400000095367432,4.400000095367432,4.400000095367432,400.0
2026-04-07 14:33:00,MKO.V,,8.859999656677246,8.859999656677246,8.850000381469727,8.854999542236328,1900.0
2026-04-07 14:33:00,MLP.V,,1.9500000476837158,1.9500000476837158,1.9500000476837158,1.9500000476837158,5000.0
2026-04-07 14:34:00,FO.V,,0.38999998569488525,0.38999998569488525,0.38999998569488525,0.38999998569488525,10500.0
2026-04-07 14:34:00,GOT.V,,1.590000033378601,1.590000033378601,1.590000033378601,1.590000033378601,100.0
2026-04-07 14:34:00,HIVE.V,,2.694999933242798,2.694999933242798,2.694999933242798,2.694999933242798,100.0
2026-04-07 14:34:00,IFOS.V,,3.759999990463257,3.7799999713897705,3.759999990463257,3.759999990463257,9800.0
2026-04-07 14:34:00,LTH.V,,1.3650000095367432,1.3650000095367432,1.3650000095367432,1.3650000095367432,500.0
2026-04-07 14:34:00,MLP.V,,1.9600000381469727,1.9600000381469727,1.9500000476837158,1.9500000476837158,5200.0
2026-04-07 14:34:00,NICU.V,,2.0899999141693115,2.0899999141693115,2.0899999141693115,2.0899999141693115,100.0
2026-04-07 14:34:00,PNG.V,,8.390000343322754,8.390000343322754,8.380000114440918,8.380000114440918,300.0
2026-04-07 14:34:00,ZNG.V,,1.0199999809265137,1.0199999809265137,1.0199999809265137,1.0199999809265137,100.0
2026-04-07 14:35:00,FWZ.V,,4.380000114440918,4.380000114440918,4.380000114440918,4.380000114440918,1300.0
2026-04-07 14:35:00,HIVE.V,,2.690000057220459,2.690000057220459,2.690000057220459,2.690000057220459,1368.0
2026-04-07 14:35:00,IFOS.V,,3.759999990463257,3.759999990463257,3.759999990463257,3.759999990463257,2300.0
2026-04-07 14:35:00,LGN.V,,0.9700000286102295,0.9700000286102295,0.9700000286102295,0.9700000286102295,500.0
2026-04-07 14:35:00,MGM.V,,2.309999942779541,2.309999942779541,2.309999942779541,2.309999942779541,1200.0
2026-04-07 14:35:00,MLP.V,,1.9500000476837158,1.9500000476837158,1.9500000476837158,1.9500000476837158,4600.0
2026-04-07 14:35:00,PNG.V,,8.390000343322754,8.390000343322754,8.390000343322754,8.390000343322754,100.0
2026-04-07 14:36:00,FNC.V,,0.10999999940395355,0.10999999940395355,0.10999999940395355,0.10999999940395355,12000.0
2026-04-07 14:36:00,FO.V,,0.38999998569488525,0.38999998569488525,0.38999998569488525,0.38999998569488525,11000.0
2026-04-07 14:36:00,GOT.V,,1.590000033378601,1.590000033378601,1.590000033378601,1.590000033378601,100.0
2026-04-07 14:36:00,HMR.V,,0.8299999833106995,0.8299999833106995,0.8299999833106995,0.8299999833106995,1000.0
2026-04-07 14:36:00,KTN.V,,1.3600000143051147,1.3600000143051147,1.3600000143051147,1.3600000143051147,100.0
2026-04-07 14:36:00,LMN.V,,22.540000915527344,22.540000915527344,22.540000915527344,22.540000915527344,200.0
2026-04-07 14:36:00,LTH.V,,1.3650000095367432,1.3650000095367432,1.3650000095367432,1.3650000095367432,200.0
2026-04-07 14:36:00,LUCA.V,,1.350000023841858,1.350000023841858,1.350000023841858,1.350000023841858,100.0
2026-04-07 14:36:00,MFG.V,,4.400000095367432,4.400000095367432,4.400000095367432,4.400000095367432,400.0
2026-04-07 14:36:00,MLP.V,,1.9500000476837158,1.9500000476837158,1.9500000476837158,1.9500000476837158,3500.0
2026-04-07 14:36:00,NICU.V,,2.0899999141693115,2.0899999141693115,2.0899999141693115,2.0899999141693115,200.0
2026-04-07 14:36:00,NURS.V,,3.119999885559082,3.130000114440918,3.119999885559082,3.130000114440918,200.0
2026-04-07 14:36:00,PNG.V,,8.350000381469727,8.359999656677246,8.350000381469727,8.359999656677246,4100.0
2026-04-07 14:37:00,FNC.V,,0.10999999940395355,0.10999999940395355,0.10999999940395355,0.10999999940395355,20000.0
2026-04-07 14:37:00,FO.V,,0.38999998569488525,0.38999998569488525,0.38999998569488525,0.38999998569488525,10500.0
2026-04-07 14:37:00,HI.V,,0.15000000596046448,0.15000000596046448,0.15000000596046448,0.15000000596046448,2500.0
2026-04-07 14:37:00,HSTR.V,,2.309999942779541,2.309999942779541,2.309999942779541,2.309999942779541,1800.0
2026-04-07 14:37:00,IVS.V,,0.23000000417232513,0.23000000417232513,0.23000000417232513,0.23000000417232513,6500.0
2026-04-07 14:37:00,LUCA.V,,1.350000023841858,1.350000023841858,1.350000023841858,1.350000023841858,100.0
2026-04-07 14:37:00,PNG.V,,8.390000343322754,8.390000343322754,8.380000114440918,8.380000114440918,1500.0
2026-04-07 14:38:00,BIG.V,,0.6600000262260437,0.6600000262260437,0.6600000262260437,0.6600000262260437,8100.0
2026-04-07 14:38:00,GGO.V,,0.949999988079071,0.949999988079071,0.949999988079071,0.949999988079071,165.0
2026-04-07 14:38:00,HMR.V,,0.8299999833106995,0.8299999833106995,0.8299999833106995,0.8299999833106995,1000.0
2026-04-07 14:38:00,KNG.V,,1.25,1.25,1.25,1.25,1000.0
2026-04-07 14:38:00,LGN.V,,0.9599999785423279,0.9599999785423279,0.9599999785423279,0.9599999785423279,1000.0
2026-04-07 14:38:00,MFG.V,,4.400000095367432,4.400000095367432,4.389999866485596,4.389999866485596,400.0
2026-04-07 14:38:00,MLP.V,,1.9500000476837158,1.9500000476837158,1.9500000476837158,1.9500000476837158,7700.0
2026-04-07 14:38:00,NICU.V,,2.0899999141693115,2.0899999141693115,2.0899999141693115,2.0899999141693115,100.0
2026-04-07 14:38:00,NURS.V,,3.109999895095825,3.109999895095825,3.109999895095825,3.109999895095825,100.0
2026-04-07 14:39:00,FO.V,,0.38999998569488525,0.38999998569488525,0.38999998569488525,0.38999998569488525,10500.0
2026-04-07 14:39:00,GG.V,,2.6500000953674316,2.6500000953674316,2.630000114440918,2.630000114440918,8800.0
2026-04-07 14:39:00,GOT.V,,1.590000033378601,1.590000033378601,1.590000033378601,1.590000033378601,100.0
2026-04-07 14:39:00,GQC.V,,2.2799999713897705,2.2799999713897705,2.2799999713897705,2.2799999713897705,1300.0
2026-04-07 14:39:00,ITR.V,,3.9800000190734863,3.9800000190734863,3.9800000190734863,3.9800000190734863,4400.0
2026-04-07 14:39:00,KGS.V,,0.12999999523162842,0.12999999523162842,0.12999999523162842,0.12999999523162842,10000.0
2026-04-07 14:39:00,LGN.V,,0.9599999785423279,0.9599999785423279,0.9599999785423279,0.9599999785423279,500.0
2026-04-07 14:39:00,LTH.V,,1.3650000095367432,1.3650000095367432,1.3650000095367432,1.3650000095367432,200.0
2026-04-07 14:39:00,MTA.V,,9.180000305175781,9.180000305175781,9.180000305175781,9.180000305175781,105.0
2026-04-07 14:40:00,FO.V,,0.38999998569488525,0.38999998569488525,0.38999998569488525,0.38999998569488525,21500.0
2026-04-07 14:40:00,GGO.V,,0.9599999785423279,0.9599999785423279,0.9599999785423279,0.9599999785423279,100.0
2026-04-07 14:40:00,HIVE.V,,2.680000066757202,2.680000066757202,2.680000066757202,2.680000066757202,4297.0
2026-04-07 14:40:00,HME.V,,2.8299999237060547,2.8299999237060547,2.8299999237060547,2.8299999237060547,1600.0
2026-04-07 14:40:00,ITR.V,,3.9700000286102295,3.9700000286102295,3.9700000286102295,3.9700000286102295,1800.0
2026-04-07 14:40:00,LIO.V,,0.23999999463558197,0.23999999463558197,0.23999999463558197,0.23999999463558197,10000.0
2026-04-07 14:40:00,LMN.V,,22.5,22.5,22.5,22.5,100.0
2026-04-07 14:40:00,LTH.V,,1.3650000095367432,1.3650000095367432,1.3650000095367432,1.3650000095367432,200.0
2026-04-07 14:40:00,LUCA.V,,1.3550000190734863,1.3550000190734863,1.3550000190734863,1.3550000190734863,344.0
2026-04-07 14:40:00,NURS.V,,3.109999895095825,3.109999895095825,3.109999895095825,3.109999895095825,100.0
2026-04-07 14:40:00,PNG.V,,8.319999694824219,8.369999885559082,8.319999694824219,8.369999885559082,8504.0
2026-04-07 14:41:00,FPX.V,,0.41499999165534973,0.41999998688697815,0.41499999165534973,0.41999998688697815,20100.0
2026-04-07 14:41:00,GOT.V,,1.5800000429153442,1.5800000429153442,1.5800000429153442,1.5800000429153442,2400.0
2026-04-07 14:41:00,KIP.V,,0.24500000476837158,0.24500000476837158,0.23999999463558197,0.23999999463558197,20000.0
2026-04-07 14:41:00,LGN.V,,0.9599999785423279,0.9599999785423279,0.9599999785423279,0.9599999785423279,500.0
2026-04-07 14:41:00,LMN.V,,22.540000915527344,22.540000915527344,22.540000915527344,22.540000915527344,206.0
2026-04-07 14:41:00,LTH.V,,1.3650000095367432,1.3650000095367432,1.3650000095367432,1.3650000095367432,200.0
2026-04-07 14:42:00,FUU.V,,0.16750000417232513,0.16750000417232513,0.16750000417232513,0.16750000417232513,3030.0
2026-04-07 14:42:00,FWZ.V,,4.380000114440918,4.380000114440918,4.380000114440918,4.380000114440918,360.0
2026-04-07 14:42:00,GG.V,,2.6500000953674316,2.6600000858306885,2.6500000953674316,2.6600000858306885,2100.0
2026-04-07 14:42:00,GPH.V,,1.2100000381469727,1.2100000381469727,1.2100000381469727,1.2100000381469727,2800.0
2026-04-07 14:42:00,GQC.V,,2.2799999713897705,2.2799999713897705,2.2799999713897705,2.2799999713897705,1500.0
2026-04-07 14:42:00,HELI.V,,0.04500000178813934,0.04500000178813934,0.04500000178813934,0.04500000178813934,1000.0
2026-04-07 14:42:00,HIVE.V,,2.6700000762939453,2.6700000762939453,2.6700000762939453,2.6700000762939453,5302.0
2026-04-07 14:42:00,IFOS.V,,3.7699999809265137,3.7699999809265137,3.7699999809265137,3.7699999809265137,100.0
2026-04-07 14:42:00,ITR.V,,3.9600000381469727,3.9600000381469727,3.9600000381469727,3.9600000381469727,800.0
2026-04-07 14:42:00,LTH.V,,1.3650000095367432,1.3650000095367432,1.3650000095367432,1.3650000095367432,200.0
2026-04-07 14:42:00,PNG.V,,8.350000381469727,8.350000381469727,8.329999923706055,8.34000015258789,400.0
2026-04-07 14:43:00,GPAC.V,,0.4350000023841858,0.4350000023841858,0.4350000023841858,0.4350000023841858,500.0
2026-04-07 14:43:00,HIVE.V,,2.6700000762939453,2.6700000762939453,2.6700000762939453,2.6700000762939453,3600.0
2026-04-07 14:43:00,ITR.V,,3.9700000286102295,3.9700000286102295,3.9700000286102295,3.9700000286102295,100.0
2026-04-07 14:43:00,KTN.V,,1.350000023841858,1.350000023841858,1.350000023841858,1.350000023841858,3500.0
2026-04-07 14:43:00,LG.V,,0.33500000834465027,0.33500000834465027,0.33500000834465027,0.33500000834465027,5000.0
2026-04-07 14:43:00,LGN.V,,0.9599999785423279,0.9599999785423279,0.9599999785423279,0.9599999785423279,500.0
2026-04-07 14:43:00,LTH.V,,1.3650000095367432,1.3650000095367432,1.3650000095367432,1.3650000095367432,200.0
2026-04-07 14:43:00,PNG.V,,8.345000267028809,8.345000267028809,8.345000267028809,8.345000267028809,100.0
2026-04-07 14:44:00,EMN.V,,0.1599999964237213,0.1599999964237213,0.1599999964237213,0.1599999964237213,3000.0
2026-04-07 14:44:00,FO.V,,0.38999998569488525,0.38999998569488525,0.38999998569488525,0.38999998569488525,21500.0
2026-04-07 14:44:00,HITI.V,,3.1700000762939453,3.1700000762939453,3.1700000762939453,3.1700000762939453,100.0
2026-04-07 14:44:00,KIP.V,,0.24500000476837158,0.24500000476837158,0.24500000476837158,0.24500000476837158,12000.0
2026-04-07 14:44:00,LCX.V,,1.9900000095367432,1.9900000095367432,1.9900000095367432,1.9900000095367432,12900.0
2026-04-07 14:44:00,LMN.V,,22.479999542236328,22.479999542236328,22.479999542236328,22.479999542236328,100.0
2026-04-07 14:44:00,LTH.V,,1.3650000095367432,1.3650000095367432,1.3650000095367432,1.3650000095367432,200.0
2026-04-07 14:44:00,LUCA.V,,1.350000023841858,1.350000023841858,1.350000023841858,1.350000023841858,100.0
2026-04-07 14:44:00,MFG.V,,4.400000095367432,4.400000095367432,4.400000095367432,4.400000095367432,300.0
2026-04-07 14:44:00,ZNG.V,,1.0199999809265137,1.0199999809265137,1.0199999809265137,1.0199999809265137,100.0
2026-04-07 14:45:00,KLDC.V,,0.17499999701976776,0.17499999701976776,0.17499999701976776,0.17499999701976776,4000.0
2026-04-07 14:45:00,LMN.V,,22.5,22.5,22.5,22.5,100.0
2026-04-07 14:45:00,LTH.V,,1.3650000095367432,1.3650000095367432,1.3650000095367432,1.3650000095367432,300.0
2026-04-07 14:45:00,MKO.V,,8.819999694824219,8.819999694824219,8.779999732971191,8.800000190734863,1300.0
2026-04-07 14:45:00,NICU.V,,2.0899999141693115,2.0899999141693115,2.0899999141693115,2.0899999141693115,100.0
2026-04-07 14:45:00,PNG.V,,8.350000381469727,8.350000381469727,8.329999923706055,8.329999923706055,841.0
2026-04-07 14:46:00,FNC.V,,0.11500000208616257,0.11500000208616257,0.11500000208616257,0.11500000208616257,2000.0
2026-04-07 14:46:00,FO.V,,0.38999998569488525,0.38999998569488525,0.38999998569488525,0.38999998569488525,29140.0
2026-04-07 14:46:00,GGO.V,,0.949999988079071,0.949999988079071,0.949999988079071,0.949999988079071,100.0
2026-04-07 14:46:00,KTN.V,,1.350000023841858,1.350000023841858,1.350000023841858,1.350000023841858,100.0
2026-04-07 14:46:00,LCX.V,,1.9900000095367432,1.9900000095367432,1.9900000095367432,1.9900000095367432,600.0
2026-04-07 14:46:00,LMN.V,,22.530000686645508,22.530000686645508,22.530000686645508,22.530000686645508,100.0
2026-04-07 14:46:00,MLP.V,,1.9500000476837158,1.9500000476837158,1.9500000476837158,1.9500000476837158,100.0
2026-04-07 14:46:00,PNG.V,,8.359999656677246,8.399999618530273,8.359999656677246,8.359999656677246,6000.0
2026-04-07 14:46:00,ROAR.V,,0.23000000417232513,0.23000000417232513,0.23000000417232513,0.23000000417232513,37000.0
2026-04-07 14:46:00,TUF.V,,0.25,0.25,0.25,0.25,6000.0
2026-04-07 14:47:00,FEX.V,,0.02500000037252903,0.02500000037252903,0.02500000037252903,0.02500000037252903,0.0
2026-04-07 14:47:00,FO.V,,0.38999998569488525,0.38999998569488525,0.38999998569488525,0.38999998569488525,17900.0
2026-04-07 14:47:00,GSVR.V,,0.5899999737739563,0.5899999737739563,0.5899999737739563,0.5899999737739563,77951.0
2026-04-07 14:47:00,LGN.V,,0.9599999785423279,0.9599999785423279,0.9599999785423279,0.9599999785423279,500.0
2026-04-07 14:47:00,LIO.V,,0.23499999940395355,0.23999999463558197,0.23499999940395355,0.23999999463558197,75500.0
2026-04-07 14:47:00,MFG.V,,4.389999866485596,4.389999866485596,4.389999866485596,4.389999866485596,400.0
2026-04-07 14:47:00,PNG.V,,8.34000015258789,8.34000015258789,8.34000015258789,8.34000015258789,10000.0
2026-04-07 14:47:00,ZNG.V,,1.0299999713897705,1.0299999713897705,1.0299999713897705,1.0299999713897705,100.0
2026-04-07 14:48:00,GOT.V,,1.5800000429153442,1.5800000429153442,1.5800000429153442,1.5800000429153442,2100.0
2026-04-07 14:48:00,HAN.V,,0.5299999713897705,0.5400000214576721,0.5299999713897705,0.5400000214576721,11040.0
2026-04-07 14:48:00,HSTR.V,,2.2950000762939453,2.299999952316284,2.2950000762939453,2.299999952316284,1100.0
2026-04-07 14:48:00,KDSX.V,,0.6000000238418579,0.6000000238418579,0.6000000238418579,0.6000000238418579,0.0
2026-04-07 14:48:00,KRI.V,,0.3100000023841858,0.3100000023841858,0.3100000023841858,0.3100000023841858,1000.0
2026-04-07 14:48:00,KTN.V,,1.350000023841858,1.350000023841858,1.350000023841858,1.350000023841858,700.0
2026-04-07 14:48:00,LCX.V,,1.9900000095367432,1.9900000095367432,1.9900000095367432,1.9900000095367432,100.0
2026-04-07 14:48:00,NICU.V,,2.0850000381469727,2.0850000381469727,2.0850000381469727,2.0850000381469727,500.0
2026-04-07 14:48:00,NURS.V,,3.0999999046325684,3.0999999046325684,3.0999999046325684,3.0999999046325684,100.0
2026-04-07 14:48:00,PNG.V,,8.350000381469727,8.350000381469727,8.329999923706055,8.329999923706055,3584.0
2026-04-07 14:49:00,GRSL.V,,0.29499998688697815,0.30000001192092896,0.29499998688697815,0.30000001192092896,126647.0
2026-04-07 14:49:00,HSTR.V,,2.299999952316284,2.299999952316284,2.299999952316284,2.299999952316284,3200.0
2026-04-07 14:49:00,ITR.V,,3.9649999141693115,3.9649999141693115,3.9649999141693115,3.9649999141693115,600.0
2026-04-07 14:49:00,NICU.V,,2.0799999237060547,2.0799999237060547,2.0799999237060547,2.0799999237060547,100.0
2026-04-07 14:49:00,NURS.V,,3.109999895095825,3.130000114440918,3.109999895095825,3.130000114440918,1300.0
2026-04-07 14:49:00,PNG.V,,8.350000381469727,8.350000381469727,8.319999694824219,8.350000381469727,1805.0
2026-04-07 14:50:00,HAN.V,,0.5299999713897705,0.5299999713897705,0.5299999713897705,0.5299999713897705,2000.0
2026-04-07 14:50:00,HITI.V,,3.1600000858306885,3.1600000858306885,3.1600000858306885,3.1600000858306885,100.0
2026-04-07 14:50:00,LVG.V,,0.3149999976158142,0.3149999976158142,0.3149999976158142,0.3149999976158142,30000.0
2026-04-07 14:50:00,MFG.V,,4.400000095367432,4.400000095367432,4.400000095367432,4.400000095367432,400.0
2026-04-07 14:50:00,NICU.V,,2.0799999237060547,2.0799999237060547,2.0799999237060547,2.0799999237060547,100.0
2026-04-07 14:50:00,NURS.V,,3.2300000190734863,3.2300000190734863,3.1500000953674316,3.1500000953674316,1300.0
2026-04-07 14:50:00,PNG.V,,8.350000381469727,8.350000381469727,8.350000381469727,8.350000381469727,245.0
2026-04-07 14:51:00,HIVE.V,,2.6700000762939453,2.6700000762939453,2.6700000762939453,2.6700000762939453,500.0
2026-04-07 14:51:00,LVG.V,,0.3100000023841858,0.3100000023841858,0.3100000023841858,0.3100000023841858,1300.0
2026-04-07 14:51:00,NICU.V,,2.0850000381469727,2.0850000381469727,2.0850000381469727,2.0850000381469727,100.0
2026-04-07 14:51:00,PNG.V,,8.329999923706055,8.329999923706055,8.329999923706055,8.329999923706055,1410.0
2026-04-07 14:51:00,ZNG.V,,1.0299999713897705,1.0399999618530273,1.0299999713897705,1.0299999713897705,8500.0
2026-04-07 14:52:00,GPH.V,,1.2100000381469727,1.2100000381469727,1.2100000381469727,1.2100000381469727,7300.0
2026-04-07 14:52:00,HSTR.V,,2.299999952316284,2.299999952316284,2.299999952316284,2.299999952316284,300.0
2026-04-07 14:52:00,ITR.V,,3.950000047683716,3.9600000381469727,3.950000047683716,3.9600000381469727,700.0
2026-04-07 14:52:00,KTN.V,,1.340000033378601,1.340000033378601,1.340000033378601,1.340000033378601,4200.0
2026-04-07 14:52:00,LGC.V,,1.9500000476837158,1.9800000190734863,1.9500000476837158,1.9800000190734863,300.0
2026-04-07 14:52:00,LMG.V,,0.5799999833106995,0.5799999833106995,0.5799999833106995,0.5799999833106995,500.0
2026-04-07 14:52:00,LMN.V,,22.530000686645508,22.56999969482422,22.530000686645508,22.530000686645508,1360.0
2026-04-07 14:52:00,LVG.V,,0.3100000023841858,0.3100000023841858,0.3100000023841858,0.3100000023841858,1500.0
2026-04-07 14:52:00,NURS.V,,3.1500000953674316,3.2200000286102295,3.1500000953674316,3.1500000953674316,400.0
2026-04-07 14:52:00,PNG.V,,8.329999923706055,8.329999923706055,8.319999694824219,8.319999694824219,7637.0
2026-04-07 14:53:00,GGO.V,,0.949999988079071,0.949999988079071,0.949999988079071,0.949999988079071,100.0
2026-04-07 14:53:00,GPAC.V,,0.4350000023841858,0.4350000023841858,0.4350000023841858,0.4350000023841858,500.0
2026-04-07 14:53:00,GPH.V,,1.2100000381469727,1.2100000381469727,1.2100000381469727,1.2100000381469727,800.0
2026-04-07 14:53:00,GQC.V,,2.2699999809265137,2.2699999809265137,2.2699999809265137,2.2699999809265137,100.0
2026-04-07 14:53:00,HITI.V,,3.1600000858306885,3.1600000858306885,3.1600000858306885,3.1600000858306885,100.0
2026-04-07 14:53:00,HIVE.V,,2.6649999618530273,2.6700000762939453,2.6649999618530273,2.6700000762939453,50876.0
2026-04-07 14:53:00,ITR.V,,3.9600000381469727,3.9600000381469727,3.9600000381469727,3.9600000381469727,100.0
2026-04-07 14:53:00,KIP.V,,0.25,0.25,0.25,0.25,13000.0
2026-04-07 14:53:00,LTH.V,,1.3650000095367432,1.3650000095367432,1.3650000095367432,1.3650000095367432,100.0
2026-04-07 14:53:00,MFG.V,,4.400000095367432,4.400000095367432,4.400000095367432,4.400000095367432,400.0
2026-04-07 14:53:00,NICU.V,,2.0850000381469727,2.0850000381469727,2.0850000381469727,2.0850000381469727,100.0
2026-04-07 14:54:00,FPC.V,,0.375,0.375,0.375,0.375,500.0
2026-04-07 14:54:00,GGO.V,,0.949999988079071,0.949999988079071,0.949999988079071,0.949999988079071,5600.0
2026-04-07 14:54:00,GQC.V,,2.2699999809265137,2.2699999809265137,2.2699999809265137,2.2699999809265137,200.0
2026-04-07 14:54:00,HAR.V,,0.05000000074505806,0.05000000074505806,0.05000000074505806,0.05000000074505806,5000.0
2026-04-07 14:54:00,KTO.V,,0.6800000071525574,0.6800000071525574,0.6800000071525574,0.6800000071525574,1000.0
2026-04-07 14:54:00,NURS.V,,3.140000104904175,3.140000104904175,3.140000104904175,3.140000104904175,200.0
2026-04-07 14:54:00,PNG.V,,8.34000015258789,8.34000015258789,8.329999923706055,8.329999923706055,700.0
2026-04-07 14:55:00,FDR.V,,3.7750000953674316,3.7799999713897705,3.7750000953674316,3.7799999713897705,1200.0
2026-04-07 14:55:00,GMG.V,,2.0799999237060547,2.109999895095825,2.0799999237060547,2.109999895095825,5700.0
2026-04-07 14:55:00,GOT.V,,1.5800000429153442,1.5800000429153442,1.5800000429153442,1.5800000429153442,38160.0
2026-04-07 14:55:00,GQC.V,,2.2699999809265137,2.2699999809265137,2.2699999809265137,2.2699999809265137,1300.0
2026-04-07 14:55:00,GWM.V,,0.6000000238418579,0.6000000238418579,0.6000000238418579,0.6000000238418579,15633.0
2026-04-07 14:55:00,HITI.V,,3.1500000953674316,3.1500000953674316,3.1500000953674316,3.1500000953674316,221.0
2026-04-07 14:55:00,HIVE.V,,2.6600000858306885,2.6600000858306885,2.6600000858306885,2.6600000858306885,2950.0
2026-04-07 14:55:00,HME.V,,2.8350000381469727,2.8350000381469727,2.8299999237060547,2.8299999237060547,3100.0
2026-04-07 14:55:00,HSTR.V,,2.2899999618530273,2.2899999618530273,2.2899999618530273,2.2899999618530273,1900.0
2026-04-07 14:55:00,LMN.V,,22.514999389648438,22.514999389648438,22.514999389648438,22.514999389648438,1000.0
2026-04-07 14:55:00,LUCA.V,,1.350000023841858,1.350000023841858,1.350000023841858,1.350000023841858,1600.0
2026-04-07 14:55:00,MFG.V,,4.400000095367432,4.400000095367432,4.400000095367432,4.400000095367432,400.0
2026-04-07 14:55:00,MLP.V,,1.9500000476837158,1.9500000476837158,1.9500000476837158,1.9500000476837158,2100.0
2026-04-07 14:55:00,NICU.V,,2.0799999237060547,2.0799999237060547,2.0799999237060547,2.0799999237060547,2700.0
2026-04-07 14:55:00,NURS.V,,3.119999885559082,3.119999885559082,3.119999885559082,3.119999885559082,200.0
2026-04-07 14:55:00,PNG.V,,8.319999694824219,8.319999694824219,8.300000190734863,8.3100004196167,13461.0
2026-04-07 14:56:00,FWZ.V,,4.340000152587891,4.340000152587891,4.340000152587891,4.340000152587891,1000.0
2026-04-07 14:56:00,GLAD.V,,1.190000057220459,1.190000057220459,1.190000057220459,1.190000057220459,12700.0
2026-04-07 14:56:00,HIVE.V,,2.6600000858306885,2.6600000858306885,2.6600000858306885,2.6600000858306885,400.0
2026-04-07 14:56:00,LMG.V,,0.5899999737739563,0.5899999737739563,0.5899999737739563,0.5899999737739563,6000.0
2026-04-07 14:56:00,LMN.V,,22.440000534057617,22.479999542236328,22.440000534057617,22.479999542236328,800.0
2026-04-07 14:56:00,LTH.V,,1.350000023841858,1.3600000143051147,1.350000023841858,1.3600000143051147,11300.0
2026-04-07 14:56:00,LUCA.V,,1.340000033378601,1.340000033378601,1.340000033378601,1.340000033378601,100.0
2026-04-07 14:56:00,PNG.V,,8.289999961853027,8.289999961853027,8.289999961853027,8.289999961853027,1311.0
2026-04-07 14:56:00,ZNG.V,,1.0199999809265137,1.0199999809265137,1.0199999809265137,1.0199999809265137,100.0
2026-04-07 14:57:00,FPC.V,,0.3700000047683716,0.3700000047683716,0.3700000047683716,0.3700000047683716,11000.0
2026-04-07 14:57:00,GOT.V,,1.5800000429153442,1.5800000429153442,1.5800000429153442,1.5800000429153442,100.0
2026-04-07 14:57:00,LCX.V,,1.9900000095367432,1.9900000095367432,1.9900000095367432,1.9900000095367432,200.0
2026-04-07 14:57:00,LGN.V,,0.9599999785423279,0.9599999785423279,0.9599999785423279,0.9599999785423279,500.0
2026-04-07 14:57:00,LVG.V,,0.3100000023841858,0.3100000023841858,0.3100000023841858,0.3100000023841858,1500.0
2026-04-07 14:57:00,MLP.V,,1.9500000476837158,1.9500000476837158,1.9500000476837158,1.9500000476837158,4500.0
2026-04-07 14:57:00,NICU.V,,2.0799999237060547,2.0850000381469727,2.0799999237060547,2.0850000381469727,1600.0
2026-04-07 14:57:00,PNG.V,,8.3100004196167,8.3100004196167,8.300000190734863,8.300000190734863,1801.0
2026-04-07 14:57:00,ZNG.V,,1.0299999713897705,1.0299999713897705,1.0299999713897705,1.0299999713897705,800.0
2026-04-07 14:58:00,GGO.V,,0.9399999976158142,0.9399999976158142,0.9399999976158142,0.9399999976158142,160.0
2026-04-07 14:58:00,HSTR.V,,2.2899999618530273,2.2899999618530273,2.2899999618530273,2.2899999618530273,800.0
2026-04-07 14:58:00,KRY.V,,3.1500000953674316,3.1500000953674316,3.1500000953674316,3.1500000953674316,800.0
2026-04-07 14:58:00,MCS.V,,2.069999933242798,2.069999933242798,2.069999933242798,2.069999933242798,124.0
2026-04-07 14:58:00,MFG.V,,4.400000095367432,4.400000095367432,4.389999866485596,4.389999866485596,400.0
2026-04-07 14:58:00,ZNG.V,,1.0299999713897705,1.0299999713897705,1.0299999713897705,1.0299999713897705,600.0
2026-04-07 14:59:00,HEVI.V,,0.23499999940395355,0.23499999940395355,0.23499999940395355,0.23499999940395355,5500.0
2026-04-07 14:59:00,HME.V,,2.8299999237060547,2.8299999237060547,2.8299999237060547,2.8299999237060547,1900.0
2026-04-07 14:59:00,JZR.V,,0.25999999046325684,0.25999999046325684,0.25999999046325684,0.25999999046325684,3157.0
2026-04-07 14:59:00,LG.V,,0.33000001311302185,0.33000001311302185,0.33000001311302185,0.33000001311302185,1000.0
2026-04-07 14:59:00,LMN.V,,22.440000534057617,22.489999771118164,22.440000534057617,22.46500015258789,5605.0
2026-04-07 14:59:00,LTH.V,,1.350000023841858,1.350000023841858,1.350000023841858,1.350000023841858,200.0
2026-04-07 14:59:00,LVG.V,,0.3100000023841858,0.3100000023841858,0.3100000023841858,0.3100000023841858,1500.0
2026-04-07 14:59:00,MGM.V,,2.2899999618530273,2.2899999618530273,2.2899999618530273,2.2899999618530273,500.0
2026-04-07 14:59:00,MLP.V,,1.9500000476837158,1.9500000476837158,1.9500000476837158,1.9500000476837158,100.0
2026-04-07 14:59:00,PNG.V,,8.300000190734863,8.300000190734863,8.289999961853027,8.289999961853027,1211.0
2026-04-07 14:59:00,ZNG.V,,1.0199999809265137,1.0199999809265137,1.0199999809265137,1.0199999809265137,100.0
2026-04-07 15:00:00,EVER.V,,0.5099999904632568,0.5099999904632568,0.5099999904632568,0.5099999904632568,1500.0
2026-04-07 15:00:00,GMG.V,,2.059999942779541,2.0799999237060547,2.059999942779541,2.0799999237060547,5500.0
2026-04-07 15:00:00,GPAC.V,,0.42500001192092896,0.4350000023841858,0.42500001192092896,0.4350000023841858,82611.0
2026-04-07 15:00:00,GPH.V,,1.2000000476837158,1.2000000476837158,1.2000000476837158,1.2000000476837158,1200.0
2026-04-07 15:00:00,GSI.V,,1.2400000095367432,1.2599999904632568,1.2400000095367432,1.2599999904632568,4177.0
2026-04-07 15:00:00,HEVI.V,,0.23499999940395355,0.23499999940395355,0.23499999940395355,0.23499999940395355,4000.0
2026-04-07 15:00:00,IFOS.V,,3.7699999809265137,3.7699999809265137,3.7699999809265137,3.7699999809265137,100.0
2026-04-07 15:00:00,LMG.V,,0.5899999737739563,0.5899999737739563,0.5899999737739563,0.5899999737739563,500.0
2026-04-07 15:00:00,LMN.V,,22.440000534057617,22.5,22.440000534057617,22.489999771118164,600.0
2026-04-07 15:00:00,LTH.V,,1.350000023841858,1.350000023841858,1.350000023841858,1.350000023841858,400.0
2026-04-07 15:00:00,LVG.V,,0.3100000023841858,0.3100000023841858,0.3100000023841858,0.3100000023841858,1500.0
2026-04-07 15:00:00,PNG.V,,8.3100004196167,8.3100004196167,8.289999961853027,8.3100004196167,22679.0
2026-04-07 15:00:00,TUF.V,,0.25,0.25,0.25,0.25,16000.0
2026-04-07 15:00:00,WOLF.V,,1.399999976158142,1.399999976158142,1.399999976158142,1.399999976158142,0.0
2026-04-07 15:00:00,ZNG.V,,1.0199999809265137,1.0199999809265137,1.0199999809265137,1.0199999809265137,200.0
2026-04-07 15:01:00,GOT.V,,1.5800000429153442,1.5800000429153442,1.5800000429153442,1.5800000429153442,100.0
2026-04-07 15:01:00,GPH.V,,1.2200000286102295,1.25,1.2100000381469727,1.2100000381469727,78150.0
2026-04-07 15:01:00,GSVR.V,,0.5799999833106995,0.5799999833106995,0.5799999833106995,0.5799999833106995,16090.0
2026-04-07 15:01:00,ITR.V,,3.950000047683716,3.950000047683716,3.950000047683716,3.950000047683716,200.0
2026-04-07 15:01:00,KTO.V,,0.6600000262260437,0.6800000071525574,0.6600000262260437,0.6800000071525574,10500.0
2026-04-07 15:01:00,LTH.V,,1.350000023841858,1.350000023841858,1.350000023841858,1.350000023841858,100.0
2026-04-07 15:01:00,MLP.V,,1.9500000476837158,1.9500000476837158,1.9500000476837158,1.9500000476837158,100.0
2026-04-07 15:01:00,NURS.V,,3.0899999141693115,3.0899999141693115,3.0899999141693115,3.0899999141693115,100.0
2026-04-07 15:01:00,PNG.V,,8.300000190734863,8.319999694824219,8.300000190734863,8.319999694824219,600.0
2026-04-07 15:01:00,ZNG.V,,1.0299999713897705,1.0299999713897705,1.0199999809265137,1.0299999713897705,4100.0
2026-04-07 15:02:00,BIG.V,,0.6600000262260437,0.6650000214576721,0.6600000262260437,0.6650000214576721,3500.0
2026-04-07 15:02:00,EQTY.V,,0.27000001072883606,0.2750000059604645,0.27000001072883606,0.2750000059604645,10000.0
2026-04-07 15:02:00,GGO.V,,0.949999988079071,0.949999988079071,0.949999988079071,0.949999988079071,1300.0
2026-04-07 15:02:00,GMG.V,,2.059999942779541,2.059999942779541,2.059999942779541,2.059999942779541,100.0
2026-04-07 15:02:00,GRSL.V,,0.30000001192092896,0.30000001192092896,0.30000001192092896,0.30000001192092896,7500.0
2026-04-07 15:02:00,GSI.V,,1.2599999904632568,1.2599999904632568,1.2599999904632568,1.2599999904632568,100.0
2026-04-07 15:02:00,GWM.V,,0.6000000238418579,0.6000000238418579,0.6000000238418579,0.6000000238418579,4000.0
2026-04-07 15:02:00,LMN.V,,22.5,22.5,22.489999771118164,22.489999771118164,300.0
2026-04-07 15:02:00,LTH.V,,1.350000023841858,1.350000023841858,1.3450000286102295,1.3450000286102295,900.0
2026-04-07 15:02:00,LVG.V,,0.3100000023841858,0.3100000023841858,0.3100000023841858,0.3100000023841858,1500.0
2026-04-07 15:02:00,MTA.V,,9.149999618530273,9.149999618530273,9.149999618530273,9.149999618530273,100.0
2026-04-07 15:02:00,NICU.V,,2.0850000381469727,2.0850000381469727,2.0799999237060547,2.0799999237060547,1100.0
2026-04-07 15:02:00,PNG.V,,8.3149995803833,8.319999694824219,8.3100004196167,8.319999694824219,1920.0
2026-04-07 15:02:00,ZNG.V,,1.0299999713897705,1.0299999713897705,1.0299999713897705,1.0299999713897705,600.0
2026-04-07 15:03:00,FWZ.V,,4.329999923706055,4.329999923706055,4.329999923706055,4.329999923706055,500.0
2026-04-07 15:03:00,GOT.V,,1.5800000429153442,1.5800000429153442,1.5800000429153442,1.5800000429153442,400.0
2026-04-07 15:03:00,GWM.V,,0.6000000238418579,0.6000000238418579,0.6000000238418579,0.6000000238418579,2000.0
2026-04-07 15:03:00,HIVE.V,,2.6700000762939453,2.6700000762939453,2.6700000762939453,2.6700000762939453,4500.0
2026-04-07 15:03:00,ITR.V,,3.950000047683716,3.950000047683716,3.950000047683716,3.950000047683716,400.0
2026-04-07 15:03:00,LAB.V,,0.07000000029802322,0.07000000029802322,0.07000000029802322,0.07000000029802322,1000.0
2026-04-07 15:03:00,MLP.V,,1.9500000476837158,1.9500000476837158,1.9500000476837158,1.9500000476837158,1400.0
2026-04-07 15:03:00,PNG.V,,8.319999694824219,8.319999694824219,8.319999694824219,8.319999694824219,100.0
2026-04-07 15:04:00,ESK.V,,0.4099999964237213,0.4099999964237213,0.4099999964237213,0.4099999964237213,1350.0
2026-04-07 15:04:00,GLAD.V,,1.2000000476837158,1.2000000476837158,1.2000000476837158,1.2000000476837158,3000.0
2026-04-07 15:04:00,GOT.V,,1.5800000429153442,1.5800000429153442,1.5800000429153442,1.5800000429153442,1600.0
2026-04-07 15:04:00,GWM.V,,0.6000000238418579,0.6000000238418579,0.6000000238418579,0.6000000238418579,17000.0
2026-04-07 15:04:00,LCX.V,,1.9900000095367432,1.9900000095367432,1.9900000095367432,1.9900000095367432,200.0
2026-04-07 15:04:00,LMN.V,,22.434999465942383,22.5,22.434999465942383,22.5,300.0
2026-04-07 15:04:00,LSTR.V,,0.09000000357627869,0.0949999988079071,0.09000000357627869,0.0949999988079071,70600.0
2026-04-07 15:04:00,MLP.V,,1.9500000476837158,1.9500000476837158,1.9500000476837158,1.9500000476837158,1300.0
2026-04-07 15:04:00,MMX.V,,0.07999999821186066,0.07999999821186066,0.07999999821186066,0.07999999821186066,1000.0
2026-04-07 15:04:00,PNG.V,,8.300000190734863,8.3149995803833,8.300000190734863,8.3149995803833,300.0
2026-04-07 15:04:00,ZNG.V,,1.0299999713897705,1.0299999713897705,1.0299999713897705,1.0299999713897705,200.0
2026-04-07 15:05:00,GMG.V,,2.049999952316284,2.049999952316284,2.049999952316284,2.049999952316284,1400.0
2026-04-07 15:05:00,GPH.V,,1.2100000381469727,1.2100000381469727,1.2100000381469727,1.2100000381469727,13310.0
2026-04-07 15:05:00,HITI.V,,3.1500000953674316,3.1500000953674316,3.1500000953674316,3.1500000953674316,200.0
2026-04-07 15:05:00,HIVE.V,,2.6700000762939453,2.6700000762939453,2.6700000762939453,2.6700000762939453,800.0
2026-04-07 15:05:00,HPL.V,,0.10999999940395355,0.10999999940395355,0.10999999940395355,0.10999999940395355,69500.0
2026-04-07 15:05:00,HSTR.V,,2.2950000762939453,2.2950000762939453,2.2950000762939453,2.2950000762939453,200.0
2026-04-07 15:05:00,LMN.V,,22.510000228881836,22.510000228881836,22.510000228881836,22.510000228881836,300.0
2026-04-07 15:05:00,LSTR.V,,0.09000000357627869,0.09000000357627869,0.09000000357627869,0.09000000357627869,72000.0
2026-04-07 15:05:00,LTH.V,,1.350000023841858,1.350000023841858,1.350000023841858,1.350000023841858,200.0
2026-04-07 15:05:00,MLP.V,,1.9500000476837158,1.9500000476837158,1.9500000476837158,1.9500000476837158,200.0
2026-04-07 15:05:00,MMG.V,,0.2800000011920929,0.2800000011920929,0.2800000011920929,0.2800000011920929,19474.0
2026-04-07 15:05:00,MTA.V,,9.130000114440918,9.130000114440918,9.130000114440918,9.130000114440918,100.0
2026-04-07 15:05:00,NICU.V,,2.0799999237060547,2.0799999237060547,2.0799999237060547,2.0799999237060547,600.0
2026-04-07 15:05:00,PNG.V,,8.300000190734863,8.300000190734863,8.279999732971191,8.300000190734863,8863.0
2026-04-07 15:06:00,FDR.V,,3.7899999618530273,3.7899999618530273,3.7799999713897705,3.7799999713897705,800.0
2026-04-07 15:06:00,GG.V,,2.6500000953674316,2.6500000953674316,2.6500000953674316,2.6500000953674316,1000.0
2026-04-07 15:06:00,GPAC.V,,0.42500001192092896,0.42500001192092896,0.42500001192092896,0.42500001192092896,2000.0
2026-04-07 15:06:00,GQC.V,,2.2699999809265137,2.2699999809265137,2.2699999809265137,2.2699999809265137,1400.0
2026-04-07 15:06:00,HITI.V,,3.1600000858306885,3.1600000858306885,3.1600000858306885,3.1600000858306885,100.0
2026-04-07 15:06:00,HIVE.V,,2.6700000762939453,2.6700000762939453,2.6700000762939453,2.6700000762939453,500.0
2026-04-07 15:06:00,HME.V,,2.8299999237060547,2.8299999237060547,2.8299999237060547,2.8299999237060547,200.0
2026-04-07 15:06:00,LGN.V,,0.9599999785423279,0.9599999785423279,0.9599999785423279,0.9599999785423279,500.0
2026-04-07 15:06:00,LMN.V,,22.434999465942383,22.434999465942383,22.434999465942383,22.434999465942383,100.0
2026-04-07 15:06:00,LTH.V,,1.350000023841858,1.350000023841858,1.350000023841858,1.350000023841858,1700.0
2026-04-07 15:06:00,MENE.V,,0.19499999284744263,0.19499999284744263,0.19499999284744263,0.19499999284744263,0.0
2026-04-07 15:06:00,MFG.V,,4.440000057220459,4.440000057220459,4.429999828338623,4.429999828338623,300.0
2026-04-07 15:06:00,MKO.V,,8.760000228881836,8.795000076293945,8.760000228881836,8.795000076293945,450.0
2026-04-07 15:06:00,MLP.V,,1.909999966621399,1.9500000476837158,1.909999966621399,1.9500000476837158,145400.0
2026-04-07 15:06:00,NURS.V,,3.0799999237060547,3.0799999237060547,3.0799999237060547,3.0799999237060547,100.0
2026-04-07 15:06:00,PNG.V,,8.300000190734863,8.300000190734863,8.300000190734863,8.300000190734863,115.0
2026-04-07 15:06:00,ZNG.V,,1.0199999809265137,1.0199999809265137,1.0199999809265137,1.0199999809265137,200.0
2026-04-07 15:07:00,GOT.V,,1.5800000429153442,1.5800000429153442,1.5800000429153442,1.5800000429153442,100.0
2026-04-07 15:07:00,GPAC.V,,0.4350000023841858,0.4350000023841858,0.4350000023841858,0.4350000023841858,1500.0
2026-04-07 15:07:00,LMN.V,,22.434999465942383,22.434999465942383,22.434999465942383,22.434999465942383,100.0
2026-04-07 15:07:00,LTH.V,,1.3450000286102295,1.3450000286102295,1.3450000286102295,1.3450000286102295,200.0
2026-04-07 15:07:00,MLP.V,,1.9149999618530273,1.9149999618530273,1.9149999618530273,1.9149999618530273,200.0
2026-04-07 15:07:00,NICU.V,,2.0799999237060547,2.0799999237060547,2.0799999237060547,2.0799999237060547,100.0
2026-04-07 15:07:00,ZNG.V,,1.0199999809265137,1.0199999809265137,1.0199999809265137,1.0199999809265137,100.0
2026-04-07 15:08:00,FWZ.V,,4.300000190734863,4.300000190734863,4.300000190734863,4.300000190734863,105.0
2026-04-07 15:08:00,GGO.V,,0.949999988079071,0.949999988079071,0.9399999976158142,0.9399999976158142,24255.0
2026-04-07 15:08:00,GMG.V,,2.0399999618530273,2.0399999618530273,2.0399999618530273,2.0399999618530273,2000.0
2026-04-07 15:08:00,GOT.V,,1.5800000429153442,1.5800000429153442,1.5800000429153442,1.5800000429153442,100.0
2026-04-07 15:08:00,HIVE.V,,2.6700000762939453,2.6700000762939453,2.6700000762939453,2.6700000762939453,2000.0
2026-04-07 15:08:00,KGS.V,,0.12999999523162842,0.12999999523162842,0.12999999523162842,0.12999999523162842,5000.0
2026-04-07 15:08:00,LCX.V,,1.9800000190734863,1.9800000190734863,1.9800000190734863,1.9800000190734863,100.0
2026-04-07 15:08:00,LMN.V,,22.434999465942383,22.510000228881836,22.434999465942383,22.510000228881836,400.0
2026-04-07 15:08:00,LSTR.V,,0.09000000357627869,0.09000000357627869,0.09000000357627869,0.09000000357627869,1000.0
2026-04-07 15:08:00,MKO.V,,8.819999694824219,8.819999694824219,8.819999694824219,8.819999694824219,100.0
2026-04-07 15:08:00,MLP.V,,1.9149999618530273,1.9149999618530273,1.9149999618530273,1.9149999618530273,100.0
2026-04-07 15:08:00,PNG.V,,8.3100004196167,8.3100004196167,8.289999961853027,8.289999961853027,1200.0
2026-04-07 15:09:00,GMG.V,,2.0299999713897705,2.0299999713897705,2.0299999713897705,2.0299999713897705,100.0
2026-04-07 15:09:00,IFOS.V,,3.759999990463257,3.759999990463257,3.759999990463257,3.759999990463257,900.0
2026-04-07 15:09:00,LMN.V,,22.434999465942383,22.434999465942383,22.434999465942383,22.434999465942383,100.0
2026-04-07 15:09:00,LTH.V,,1.3450000286102295,1.3450000286102295,1.3450000286102295,1.3450000286102295,200.0
2026-04-07 15:09:00,MFG.V,,4.440000057220459,4.440000057220459,4.440000057220459,4.440000057220459,200.0
2026-04-07 15:09:00,MLP.V,,1.9149999618530273,1.9149999618530273,1.9149999618530273,1.9149999618530273,100.0
2026-04-07 15:09:00,PNG.V,,8.3100004196167,8.3100004196167,8.3100004196167,8.3100004196167,100.0
2026-04-07 15:10:00,FWZ.V,,4.300000190734863,4.300000190734863,4.300000190734863,4.300000190734863,100.0
2026-04-07 15:10:00,GOT.V,,1.5800000429153442,1.5800000429153442,1.5800000429153442,1.5800000429153442,100.0
2026-04-07 15:10:00,HELI.V,,0.05000000074505806,0.05000000074505806,0.05000000074505806,0.05000000074505806,10500.0
2026-04-07 15:10:00,HIVE.V,,2.6700000762939453,2.6700000762939453,2.6700000762939453,2.6700000762939453,9100.0
2026-04-07 15:10:00,ITR.V,,3.940000057220459,3.940000057220459,3.940000057220459,3.940000057220459,400.0
2026-04-07 15:10:00,LMN.V,,22.434999465942383,22.434999465942383,22.434999465942383,22.434999465942383,100.0
2026-04-07 15:10:00,LTH.V,,1.3450000286102295,1.3450000286102295,1.3450000286102295,1.3450000286102295,200.0
2026-04-07 15:10:00,LUCA.V,,1.340000033378601,1.340000033378601,1.340000033378601,1.340000033378601,100.0
2026-04-07 15:10:00,MLP.V,,1.909999966621399,1.909999966621399,1.909999966621399,1.909999966621399,100.0
2026-04-07 15:10:00,MRVL.V,,0.1550000011920929,0.16500000655651093,0.1550000011920929,0.16500000655651093,13000.0
2026-04-07 15:10:00,NICU.V,,2.0799999237060547,2.0799999237060547,2.069999933242798,2.069999933242798,400.0
2026-04-07 15:10:00,PNG.V,,8.300000190734863,8.3100004196167,8.300000190734863,8.3100004196167,200.0
2026-04-07 15:11:00,GQC.V,,2.2699999809265137,2.2699999809265137,2.2699999809265137,2.2699999809265137,100.0
2026-04-07 15:11:00,HSTR.V,,2.309999942779541,2.309999942779541,2.299999952316284,2.299999952316284,29100.0
2026-04-07 15:11:00,KTO.V,,0.6700000166893005,0.6700000166893005,0.6700000166893005,0.6700000166893005,500.0
2026-04-07 15:11:00,LTH.V,,1.3450000286102295,1.3450000286102295,1.3450000286102295,1.3450000286102295,100.0
2026-04-07 15:11:00,MFG.V,,4.440000057220459,4.440000057220459,4.429999828338623,4.429999828338623,400.0
2026-04-07 15:11:00,MJS.V,,0.14249999821186066,0.14249999821186066,0.14249999821186066,0.14249999821186066,500.0
2026-04-07 15:11:00,MLP.V,,1.9199999570846558,1.9199999570846558,1.9199999570846558,1.9199999570846558,4100.0
2026-04-07 15:11:00,NICU.V,,2.0799999237060547,2.0799999237060547,2.0799999237060547,2.0799999237060547,3400.0
2026-04-07 15:11:00,PNG.V,,8.3100004196167,8.3100004196167,8.289999961853027,8.300000190734863,2400.0
2026-04-07 15:12:00,BIG.V,,0.6600000262260437,0.6600000262260437,0.6600000262260437,0.6600000262260437,2000.0
2026-04-07 15:12:00,FDR.V,,3.75,3.7799999713897705,3.75,3.7799999713897705,2200.0
2026-04-07 15:12:00,FMAN.V,,0.3050000071525574,0.3100000023841858,0.3050000071525574,0.3100000023841858,2000.0
2026-04-07 15:12:00,GOT.V,,1.5800000429153442,1.5800000429153442,1.5800000429153442,1.5800000429153442,200.0
2026-04-07 15:12:00,GQC.V,,2.2699999809265137,2.2699999809265137,2.2699999809265137,2.2699999809265137,200.0
2026-04-07 15:12:00,GRSL.V,,0.30000001192092896,0.30000001192092896,0.30000001192092896,0.30000001192092896,26000.0
2026-04-07 15:12:00,HIVE.V,,2.6700000762939453,2.6700000762939453,2.6700000762939453,2.6700000762939453,1000.0
2026-04-07 15:12:00,HSTR.V,,2.309999942779541,2.309999942779541,2.309999942779541,2.309999942779541,300.0
2026-04-07 15:12:00,LMN.V,,22.450000762939453,22.450000762939453,22.450000762939453,22.450000762939453,200.0
2026-04-07 15:12:00,LTH.V,,1.3450000286102295,1.3450000286102295,1.3450000286102295,1.3450000286102295,200.0
2026-04-07 15:12:00,MKO.V,,8.829999923706055,8.829999923706055,8.829999923706055,8.829999923706055,100.0
2026-04-07 15:12:00,NURS.V,,3.0799999237060547,3.0799999237060547,3.069999933242798,3.069999933242798,200.0
2026-04-07 15:12:00,PNG.V,,8.289999961853027,8.3100004196167,8.289999961853027,8.3100004196167,800.0
2026-04-07 15:13:00,FWZ.V,,4.300000190734863,4.300000190734863,4.300000190734863,4.300000190734863,100.0
2026-04-07 15:13:00,GGO.V,,0.9300000071525574,0.9300000071525574,0.9300000071525574,0.9300000071525574,3780.0
2026-04-07 15:13:00,GMG.V,,2.0299999713897705,2.0299999713897705,2.0299999713897705,2.0299999713897705,2015.0
2026-04-07 15:13:00,GOT.V,,1.5800000429153442,1.5800000429153442,1.5800000429153442,1.5800000429153442,100.0
2026-04-07 15:13:00,GPAC.V,,0.4300000071525574,0.4300000071525574,0.4300000071525574,0.4300000071525574,1000.0
2026-04-07 15:13:00,GQC.V,,2.2699999809265137,2.2699999809265137,2.2699999809265137,2.2699999809265137,100.0
2026-04-07 15:13:00,HIVE.V,,2.6700000762939453,2.6700000762939453,2.6700000762939453,2.6700000762939453,2300.0
2026-04-07 15:13:00,HSTR.V,,2.315000057220459,2.315000057220459,2.309999942779541,2.309999942779541,1300.0
2026-04-07 15:13:00,LMN.V,,22.434999465942383,22.434999465942383,22.434999465942383,22.434999465942383,100.0
2026-04-07 15:13:00,LUCA.V,,1.340000033378601,1.340000033378601,1.340000033378601,1.340000033378601,500.0
2026-04-07 15:13:00,MGM.V,,2.319999933242798,2.319999933242798,2.299999952316284,2.299999952316284,4100.0
2026-04-07 15:13:00,NICU.V,,2.069999933242798,2.069999933242798,2.069999933242798,2.069999933242798,200.0
2026-04-07 15:13:00,PNG.V,,8.300000190734863,8.319999694824219,8.300000190734863,8.3100004196167,2703.0
2026-04-07 15:14:00,FPC.V,,0.375,0.375,0.375,0.375,500.0
2026-04-07 15:14:00,FWZ.V,,4.360000133514404,4.360000133514404,4.300000190734863,4.300000190734863,3800.0
2026-04-07 15:14:00,GRSL.V,,0.30000001192092896,0.30000001192092896,0.30000001192092896,0.30000001192092896,500.0
2026-04-07 15:14:00,GSI.V,,1.2400000095367432,1.25,1.2400000095367432,1.25,3300.0
2026-04-07 15:14:00,GUG.V,,0.04500000178813934,0.04500000178813934,0.04500000178813934,0.04500000178813934,35000.0
2026-04-07 15:14:00,HI.V,,0.15000000596046448,0.15000000596046448,0.15000000596046448,0.15000000596046448,42500.0
2026-04-07 15:14:00,HSTR.V,,2.319999933242798,2.325000047683716,2.319999933242798,2.325000047683716,800.0
2026-04-07 15:14:00,KTN.V,,1.340000033378601,1.340000033378601,1.340000033378601,1.340000033378601,4300.0
2026-04-07 15:14:00,LCX.V,,1.9900000095367432,1.9900000095367432,1.9900000095367432,1.9900000095367432,200.0
2026-04-07 15:14:00,LMN.V,,22.434999465942383,22.434999465942383,22.434999465942383,22.434999465942383,100.0
2026-04-07 15:14:00,LTH.V,,1.3450000286102295,1.3450000286102295,1.3450000286102295,1.3450000286102295,200.0
2026-04-07 15:14:00,MFG.V,,4.380000114440918,4.380000114440918,4.380000114440918,4.380000114440918,100.0
2026-04-07 15:14:00,MMX.V,,0.07500000298023224,0.07500000298023224,0.07500000298023224,0.07500000298023224,2000.0
2026-04-07 15:14:00,NICU.V,,2.0799999237060547,2.0799999237060547,2.0799999237060547,2.0799999237060547,100.0
2026-04-07 15:14:00,PNG.V,,8.319999694824219,8.319999694824219,8.319999694824219,8.319999694824219,300.0
2026-04-07 15:15:00,FWZ.V,,4.360000133514404,4.360000133514404,4.360000133514404,4.360000133514404,500.0
2026-04-07 15:15:00,GGO.V,,0.9300000071525574,0.9300000071525574,0.9300000071525574,0.9300000071525574,100.0
2026-04-07 15:15:00,GMG.V,,2.0299999713897705,2.0399999618530273,2.0299999713897705,2.0399999618530273,1600.0
2026-04-07 15:15:00,GOT.V,,1.5800000429153442,1.5800000429153442,1.5800000429153442,1.5800000429153442,4800.0
2026-04-07 15:15:00,ICM.V,,0.11999999731779099,0.11999999731779099,0.11999999731779099,0.11999999731779099,1000.0
2026-04-07 15:15:00,ITR.V,,3.9700000286102295,3.9700000286102295,3.9600000381469727,3.9600000381469727,1800.0
2026-04-07 15:15:00,LTH.V,,1.3450000286102295,1.3450000286102295,1.3450000286102295,1.3450000286102295,900.0
2026-04-07 15:15:00,NICU.V,,2.0799999237060547,2.0799999237060547,2.0799999237060547,2.0799999237060547,3239.0
2026-04-07 15:15:00,PNG.V,,8.319999694824219,8.319999694824219,8.300000190734863,8.300000190734863,360.0
2026-04-07 15:16:00,GGO.V,,0.9399999976158142,0.9399999976158142,0.9399999976158142,0.9399999976158142,200.0
2026-04-07 15:16:00,GOT.V,,1.5800000429153442,1.5800000429153442,1.5800000429153442,1.5800000429153442,700.0
2026-04-07 15:16:00,LMG.V,,0.5899999737739563,0.5899999737739563,0.5899999737739563,0.5899999737739563,500.0
2026-04-07 15:16:00,LUCA.V,,1.3450000286102295,1.3450000286102295,1.3450000286102295,1.3450000286102295,400.0
2026-04-07 15:16:00,MD.V,,0.44999998807907104,0.44999998807907104,0.44999998807907104,0.44999998807907104,1000.0
2026-04-07 15:16:00,MGM.V,,2.309999942779541,2.309999942779541,2.309999942779541,2.309999942779541,700.0
2026-04-07 15:16:00,NURS.V,,3.0799999237060547,3.0799999237060547,3.0799999237060547,3.0799999237060547,100.0
2026-04-07 15:16:00,PNG.V,,8.34000015258789,8.34000015258789,8.329999923706055,8.329999923706055,2576.0
2026-04-07 15:17:00,FO.V,,0.38999998569488525,0.38999998569488525,0.38999998569488525,0.38999998569488525,26500.0
2026-04-07 15:17:00,GGO.V,,0.9399999976158142,0.9399999976158142,0.9399999976158142,0.9399999976158142,400.0
2026-04-07 15:17:00,GMG.V,,2.049999952316284,2.049999952316284,2.049999952316284,2.049999952316284,109.0
2026-04-07 15:17:00,GSI.V,,1.2400000095367432,1.2400000095367432,1.2400000095367432,1.2400000095367432,1000.0
2026-04-07 15:17:00,ITR.V,,3.9700000286102295,3.9700000286102295,3.9700000286102295,3.9700000286102295,100.0
2026-04-07 15:17:00,LTH.V,,1.3450000286102295,1.3450000286102295,1.3450000286102295,1.3450000286102295,100.0
2026-04-07 15:17:00,MJS.V,,0.14249999821186066,0.14249999821186066,0.14249999821186066,0.14249999821186066,500.0
2026-04-07 15:17:00,MLP.V,,1.909999966621399,1.909999966621399,1.909999966621399,1.909999966621399,100.0
2026-04-07 15:17:00,NICU.V,,2.0799999237060547,2.0850000381469727,2.0799999237060547,2.0850000381469727,400.0
2026-04-07 15:18:00,FDR.V,,3.7699999809265137,3.7699999809265137,3.7699999809265137,3.7699999809265137,4400.0
2026-04-07 15:18:00,FO.V,,0.3799999952316284,0.38499999046325684,0.3799999952316284,0.38499999046325684,9000.0
2026-04-07 15:18:00,FWZ.V,,4.369999885559082,4.369999885559082,4.340000152587891,4.340000152587891,4000.0
2026-04-07 15:18:00,GGO.V,,0.9399999976158142,0.949999988079071,0.9399999976158142,0.949999988079071,6200.0
2026-04-07 15:18:00,GMG.V,,2.049999952316284,2.049999952316284,2.049999952316284,2.049999952316284,100.0
2026-04-07 15:18:00,GSVR.V,,0.5899999737739563,0.5899999737739563,0.5899999737739563,0.5899999737739563,26500.0
2026-04-07 15:18:00,HCH.V,,1.2599999904632568,1.2599999904632568,1.2200000286102295,1.2300000190734863,6400.0
2026-04-07 15:18:00,HEVI.V,,0.23999999463558197,0.23999999463558197,0.23999999463558197,0.23999999463558197,15000.0
2026-04-07 15:18:00,HIVE.V,,2.680000066757202,2.680000066757202,2.680000066757202,2.680000066757202,4200.0
2026-04-07 15:18:00,HSTR.V,,2.3299999237060547,2.3299999237060547,2.3299999237060547,2.3299999237060547,2300.0
2026-04-07 15:18:00,ITR.V,,3.9800000190734863,3.9800000190734863,3.9800000190734863,3.9800000190734863,1000.0
2026-04-07 15:18:00,KTN.V,,1.350000023841858,1.350000023841858,1.350000023841858,1.350000023841858,200.0
2026-04-07 15:18:00,LG.V,,0.33000001311302185,0.33000001311302185,0.33000001311302185,0.33000001311302185,2000.0
2026-04-07 15:18:00,LMN.V,,22.530000686645508,22.530000686645508,22.520000457763672,22.520000457763672,1028.0
2026-04-07 15:18:00,LTH.V,,1.3450000286102295,1.3450000286102295,1.3450000286102295,1.3450000286102295,200.0
2026-04-07 15:18:00,LUCA.V,,1.3600000143051147,1.3600000143051147,1.350000023841858,1.350000023841858,7100.0
2026-04-07 15:18:00,MKO.V,,8.859999656677246,8.859999656677246,8.829999923706055,8.829999923706055,1200.0
2026-04-07 15:18:00,MLP.V,,1.940000057220459,1.940000057220459,1.9199999570846558,1.9199999570846558,27503.0
2026-04-07 15:18:00,PNG.V,,8.359999656677246,8.380000114440918,8.350000381469727,8.350000381469727,3100.0
2026-04-07 15:18:00,YGT.V,,0.1899999976158142,0.1899999976158142,0.1899999976158142,0.1899999976158142,10000.0
2026-04-07 15:19:00,EQTY.V,,0.2800000011920929,0.2800000011920929,0.2800000011920929,0.2800000011920929,20000.0
2026-04-07 15:19:00,GMG.V,,2.0399999618530273,2.059999942779541,2.0399999618530273,2.049999952316284,4700.0
2026-04-07 15:19:00,GPH.V,,1.2000000476837158,1.2000000476837158,1.2000000476837158,1.2000000476837158,3100.0
2026-04-07 15:19:00,GRSL.V,,0.3100000023841858,0.3100000023841858,0.3050000071525574,0.3050000071525574,184500.0
2026-04-07 15:19:00,GSVR.V,,0.5899999737739563,0.5899999737739563,0.5899999737739563,0.5899999737739563,1100.0
2026-04-07 15:19:00,HCH.V,,1.2599999904632568,1.2599999904632568,1.2599999904632568,1.2599999904632568,500.0
2026-04-07 15:19:00,HITI.V,,3.190000057220459,3.190000057220459,3.190000057220459,3.190000057220459,200.0
2026-04-07 15:19:00,HIVE.V,,2.700000047683716,2.700000047683716,2.690000057220459,2.690000057220459,6344.0
2026-04-07 15:19:00,HME.V,,2.8299999237060547,2.8299999237060547,2.8299999237060547,2.8299999237060547,400.0
2026-04-07 15:19:00,HSTR.V,,2.3399999141693115,2.3399999141693115,2.3350000381469727,2.3350000381469727,1300.0
2026-04-07 15:19:00,ITR.V,,4.0,4.0,4.0,4.0,796.0
2026-04-07 15:19:00,JUGR.V,,1.2699999809265137,1.2699999809265137,1.2699999809265137,1.2699999809265137,2500.0
2026-04-07 15:19:00,LCX.V,,1.9900000095367432,1.9900000095367432,1.9900000095367432,1.9900000095367432,1200.0
2026-04-07 15:19:00,LG.V,,0.33500000834465027,0.33500000834465027,0.33500000834465027,0.33500000834465027,5000.0
2026-04-07 15:19:00,LMN.V,,22.450000762939453,22.450000762939453,22.450000762939453,22.450000762939453,100.0
2026-04-07 15:19:00,LUCA.V,,1.3600000143051147,1.3600000143051147,1.3600000143051147,1.3600000143051147,300.0
2026-04-07 15:19:00,MFG.V,,4.429999828338623,4.429999828338623,4.429999828338623,4.429999828338623,100.0
2026-04-07 15:19:00,MKO.V,,8.869999885559082,8.869999885559082,8.869999885559082,8.869999885559082,1200.0
2026-04-07 15:19:00,MLP.V,,1.940000057220459,1.940000057220459,1.940000057220459,1.940000057220459,4600.0
2026-04-07 15:19:00,MTA.V,,9.239999771118164,9.239999771118164,9.239999771118164,9.239999771118164,300.0
2026-04-07 15:19:00,NICU.V,,2.0899999141693115,2.0899999141693115,2.0899999141693115,2.0899999141693115,200.0
2026-04-07 15:19:00,PNG.V,,8.399999618530273,8.40999984741211,8.380000114440918,8.380000114440918,13760.0
2026-04-07 15:20:00,FWZ.V,,4.380000114440918,4.380000114440918,4.380000114440918,4.380000114440918,200.0
2026-04-07 15:20:00,GBML.V,,0.17000000178813934,0.17000000178813934,0.16500000655651093,0.16500000655651093,14500.0
2026-04-07 15:20:00,GPH.V,,1.2200000286102295,1.2200000286102295,1.2100000381469727,1.2200000286102295,2700.0
2026-04-07 15:20:00,GQC.V,,2.2899999618530273,2.2899999618530273,2.2799999713897705,2.2799999713897705,3700.0
2026-04-07 15:20:00,GWM.V,,0.6200000047683716,0.6200000047683716,0.6100000143051147,0.6100000143051147,20500.0
2026-04-07 15:20:00,HSTR.V,,2.3450000286102295,2.3450000286102295,2.3399999141693115,2.3399999141693115,1100.0
2026-04-07 15:20:00,ITR.V,,4.0,4.019999980926514,4.0,4.019999980926514,2400.0
2026-04-07 15:20:00,KCC.V,,0.7799999713897705,0.7900000214576721,0.7799999713897705,0.7900000214576721,4245.0
2026-04-07 15:20:00,KGS.V,,0.12999999523162842,0.12999999523162842,0.12999999523162842,0.12999999523162842,4500.0
2026-04-07 15:20:00,LCX.V,,2.0,2.0,2.0,2.0,6800.0
2026-04-07 15:20:00,LMN.V,,22.684999465942383,22.690000534057617,22.68000030517578,22.68000030517578,500.0
2026-04-07 15:20:00,LTH.V,,1.3450000286102295,1.3450000286102295,1.3450000286102295,1.3450000286102295,100.0
2026-04-07 15:20:00,LUCA.V,,1.3600000143051147,1.3600000143051147,1.3550000190734863,1.3550000190734863,2500.0
2026-04-07 15:20:00,MFG.V,,4.440000057220459,4.440000057220459,4.440000057220459,4.440000057220459,500.0
2026-04-07 15:20:00,MKO.V,,8.890000343322754,8.904999732971191,8.880000114440918,8.880000114440918,4242.0
2026-04-07 15:20:00,MRVL.V,,0.16500000655651093,0.16500000655651093,0.16500000655651093,0.16500000655651093,3000.0
2026-04-07 15:20:00,MTA.V,,9.25,9.25,9.25,9.25,100.0
2026-04-07 15:20:00,NICU.V,,2.0899999141693115,2.0899999141693115,2.0899999141693115,2.0899999141693115,1200.0
2026-04-07 15:20:00,NURS.V,,3.109999895095825,3.119999885559082,3.109999895095825,3.119999885559082,500.0
2026-04-07 15:20:00,PNG.V,,8.420000076293945,8.420000076293945,8.40999984741211,8.40999984741211,1109.0
2026-04-07 15:20:00,ZNG.V,,1.0299999713897705,1.0299999713897705,1.0299999713897705,1.0299999713897705,12800.0
2026-04-07 15:21:00,FPC.V,,0.375,0.375,0.375,0.375,16080.0
2026-04-07 15:21:00,GGO.V,,0.949999988079071,0.949999988079071,0.949999988079071,0.949999988079071,200.0
2026-04-07 15:21:00,GMG.V,,2.059999942779541,2.059999942779541,2.059999942779541,2.059999942779541,150.0
2026-04-07 15:21:00,GOT.V,,1.590000033378601,1.590000033378601,1.590000033378601,1.590000033378601,5800.0
2026-04-07 15:21:00,GPH.V,,1.2200000286102295,1.2200000286102295,1.2200000286102295,1.2200000286102295,3100.0
2026-04-07 15:21:00,GSTM.V,,0.20000000298023224,0.20000000298023224,0.20000000298023224,0.20000000298023224,5000.0
2026-04-07 15:21:00,GWM.V,,0.6150000095367432,0.6150000095367432,0.6150000095367432,0.6150000095367432,1100.0
2026-04-07 15:21:00,HI.V,,0.15000000596046448,0.15000000596046448,0.15000000596046448,0.15000000596046448,5000.0
2026-04-07 15:21:00,HIVE.V,,2.700000047683716,2.700000047683716,2.700000047683716,2.700000047683716,1000.0
2026-04-07 15:21:00,HSTR.V,,2.3450000286102295,2.3450000286102295,2.3399999141693115,2.3399999141693115,700.0
2026-04-07 15:21:00,ITR.V,,4.0,4.010000228881836,4.0,4.010000228881836,5800.0
2026-04-07 15:21:00,KCC.V,,0.7699999809265137,0.7699999809265137,0.7699999809265137,0.7699999809265137,7000.0
2026-04-07 15:21:00,KTN.V,,1.3600000143051147,1.3600000143051147,1.3600000143051147,1.3600000143051147,500.0
2026-04-07 15:21:00,LTH.V,,1.3450000286102295,1.3450000286102295,1.3450000286102295,1.3450000286102295,200.0
2026-04-07 15:21:00,MTT.V,,0.18000000715255737,0.18000000715255737,0.18000000715255737,0.18000000715255737,500.0
2026-04-07 15:21:00,NICU.V,,2.0899999141693115,2.0899999141693115,2.0899999141693115,2.0899999141693115,100.0
2026-04-07 15:21:00,NURS.V,,3.119999885559082,3.119999885559082,3.119999885559082,3.119999885559082,100.0
2026-04-07 15:21:00,PNG.V,,8.4399995803833,8.4399995803833,8.40999984741211,8.40999984741211,5000.0
2026-04-07 15:22:00,FNC.V,,0.11500000208616257,0.11500000208616257,0.11500000208616257,0.11500000208616257,5000.0
2026-04-07 15:22:00,HIVE.V,,2.700000047683716,2.700000047683716,2.700000047683716,2.700000047683716,2200.0
2026-04-07 15:22:00,HSTR.V,,2.3450000286102295,2.3450000286102295,2.3450000286102295,2.3450000286102295,100.0
2026-04-07 15:22:00,ITR.V,,4.010000228881836,4.010000228881836,4.010000228881836,4.010000228881836,7600.0
2026-04-07 15:22:00,KTO.V,,0.6700000166893005,0.6700000166893005,0.6700000166893005,0.6700000166893005,500.0
2026-04-07 15:22:00,LUCA.V,,1.3600000143051147,1.3600000143051147,1.3600000143051147,1.3600000143051147,1000.0
2026-04-07 15:22:00,MJS.V,,0.14249999821186066,0.14249999821186066,0.14249999821186066,0.14249999821186066,500.0
2026-04-07 15:22:00,MLP.V,,1.9500000476837158,1.9500000476837158,1.9500000476837158,1.9500000476837158,400.0
2026-04-07 15:22:00,NICU.V,,2.0899999141693115,2.0899999141693115,2.0899999141693115,2.0899999141693115,200.0
2026-04-07 15:22:00,PNG.V,,8.430000305175781,8.430000305175781,8.420000076293945,8.420000076293945,899.0
2026-04-07 15:22:00,ZNG.V,,1.0499999523162842,1.0499999523162842,1.0299999713897705,1.0299999713897705,500.0
2026-04-07 15:23:00,EQTY.V,,0.2849999964237213,0.2849999964237213,0.2849999964237213,0.2849999964237213,36500.0
2026-04-07 15:23:00,GGO.V,,0.949999988079071,0.949999988079071,0.949999988079071,0.949999988079071,100.0
2026-04-07 15:23:00,GPH.V,,1.2300000190734863,1.2300000190734863,1.2300000190734863,1.2300000190734863,1600.0
2026-04-07 15:23:00,GRSL.V,,0.3100000023841858,0.3100000023841858,0.3100000023841858,0.3100000023841858,3000.0
2026-04-07 15:23:00,GSI.V,,1.2200000286102295,1.2400000095367432,1.2200000286102295,1.2400000095367432,7000.0
2026-04-07 15:23:00,GSVR.V,,0.5899999737739563,0.5899999737739563,0.5899999737739563,0.5899999737739563,40000.0
2026-04-07 15:23:00,ITR.V,,3.990000009536743,4.0,3.990000009536743,4.0,5100.0
2026-04-07 15:23:00,KALO.V,,0.2150000035762787,0.2150000035762787,0.2150000035762787,0.2150000035762787,22000.0
2026-04-07 15:23:00,LTH.V,,1.3450000286102295,1.3450000286102295,1.3450000286102295,1.3450000286102295,200.0
2026-04-07 15:23:00,LUCA.V,,1.3600000143051147,1.3600000143051147,1.3600000143051147,1.3600000143051147,3600.0
2026-04-07 15:23:00,MFG.V,,4.449999809265137,4.449999809265137,4.449999809265137,4.449999809265137,500.0
2026-04-07 15:23:00,MGM.V,,2.309999942779541,2.309999942779541,2.309999942779541,2.309999942779541,100.0
2026-04-07 15:23:00,MLP.V,,1.9500000476837158,1.9500000476837158,1.9500000476837158,1.9500000476837158,500.0
2026-04-07 15:23:00,NICU.V,,2.0899999141693115,2.0899999141693115,2.0899999141693115,2.0899999141693115,200.0
2026-04-07 15:23:00,NURS.V,,3.130000114440918,3.130000114440918,3.130000114440918,3.130000114440918,300.0
2026-04-07 15:23:00,PNG.V,,8.40999984741211,8.430000305175781,8.40999984741211,8.430000305175781,497.0
2026-04-07 15:23:00,ZNG.V,,1.0399999618530273,1.0399999618530273,1.0399999618530273,1.0399999618530273,1100.0
2026-04-07 15:24:00,EQTY.V,,0.2800000011920929,0.2800000011920929,0.2800000011920929,0.2800000011920929,8500.0
2026-04-07 15:24:00,FPX.V,,0.41999998688697815,0.41999998688697815,0.41999998688697815,0.41999998688697815,500.0
2026-04-07 15:24:00,FWZ.V,,4.349999904632568,4.349999904632568,4.349999904632568,4.349999904632568,200.0
2026-04-07 15:24:00,GMG.V,,2.059999942779541,2.059999942779541,2.059999942779541,2.059999942779541,500.0
2026-04-07 15:24:00,GPH.V,,1.2200000286102295,1.2200000286102295,1.2200000286102295,1.2200000286102295,5400.0
2026-04-07 15:24:00,HME.V,,2.8299999237060547,2.8299999237060547,2.8299999237060547,2.8299999237060547,1100.0
2026-04-07 15:24:00,HSTR.V,,2.3399999141693115,2.3399999141693115,2.3399999141693115,2.3399999141693115,100.0
2026-04-07 15:24:00,KGS.V,,0.12999999523162842,0.12999999523162842,0.12999999523162842,0.12999999523162842,14500.0
2026-04-07 15:24:00,KLDC.V,,0.17499999701976776,0.17499999701976776,0.17499999701976776,0.17499999701976776,7000.0
2026-04-07 15:24:00,LCX.V,,2.0,2.0,1.9950000047683716,1.9950000047683716,3100.0
2026-04-07 15:24:00,LGN.V,,0.9599999785423279,0.9599999785423279,0.9599999785423279,0.9599999785423279,500.0
2026-04-07 15:24:00,LTH.V,,1.3600000143051147,1.3600000143051147,1.3450000286102295,1.3450000286102295,7200.0
2026-04-07 15:24:00,LUCA.V,,1.3550000190734863,1.3550000190734863,1.3550000190734863,1.3550000190734863,200.0
2026-04-07 15:24:00,NICU.V,,2.0850000381469727,2.0850000381469727,2.0850000381469727,2.0850000381469727,200.0
2026-04-07 15:24:00,PNG.V,,8.399999618530273,8.420000076293945,8.399999618530273,8.40999984741211,4791.0
2026-04-07 15:24:00,ROAR.V,,0.23000000417232513,0.23000000417232513,0.23000000417232513,0.23000000417232513,15373.0
2026-04-07 15:24:00,ZNG.V,,1.0399999618530273,1.0399999618530273,1.0399999618530273,1.0399999618530273,200.0
2026-04-07 15:25:00,EQTY.V,,0.2800000011920929,0.2800000011920929,0.2800000011920929,0.2800000011920929,2279.0
2026-04-07 15:25:00,GOT.V,,1.590000033378601,1.590000033378601,1.590000033378601,1.590000033378601,700.0
2026-04-07 15:25:00,GPH.V,,1.2100000381469727,1.2200000286102295,1.2100000381469727,1.2100000381469727,18500.0
2026-04-07 15:25:00,GSI.V,,1.2200000286102295,1.2200000286102295,1.2200000286102295,1.2200000286102295,200.0
2026-04-07 15:25:00,GX.V,,0.25,0.25,0.23000000417232513,0.23000000417232513,0.0
2026-04-07 15:25:00,HIVE.V,,2.700000047683716,2.700000047683716,2.700000047683716,2.700000047683716,7400.0
2026-04-07 15:25:00,HSTR.V,,2.3399999141693115,2.3399999141693115,2.3399999141693115,2.3399999141693115,300.0
2026-04-07 15:25:00,ITR.V,,3.9700000286102295,3.9800000190734863,3.9600000381469727,3.9800000190734863,19980.0
2026-04-07 15:25:00,KTN.V,,1.3600000143051147,1.3600000143051147,1.3600000143051147,1.3600000143051147,4900.0
2026-04-07 15:25:00,LCX.V,,2.0199999809265137,2.0199999809265137,2.0199999809265137,2.0199999809265137,2600.0
2026-04-07 15:25:00,LTH.V,,1.3600000143051147,1.3600000143051147,1.3600000143051147,1.3600000143051147,100.0
2026-04-07 15:25:00,MGM.V,,2.309999942779541,2.309999942779541,2.309999942779541,2.309999942779541,1000.0
2026-04-07 15:25:00,NICU.V,,2.0899999141693115,2.0899999141693115,2.0899999141693115,2.0899999141693115,100.0
2026-04-07 15:25:00,PNG.V,,8.430000305175781,8.430000305175781,8.430000305175781,8.430000305175781,500.0
2026-04-07 15:26:00,FWZ.V,,4.349999904632568,4.349999904632568,4.349999904632568,4.349999904632568,100.0
2026-04-07 15:26:00,GSTM.V,,0.20499999821186066,0.20499999821186066,0.20499999821186066,0.20499999821186066,2000.0
2026-04-07 15:26:00,HITI.V,,3.180000066757202,3.180000066757202,3.180000066757202,3.180000066757202,100.0
2026-04-07 15:26:00,HIVE.V,,2.700000047683716,2.700000047683716,2.700000047683716,2.700000047683716,2100.0
2026-04-07 15:26:00,HSTR.V,,2.325000047683716,2.3399999141693115,2.325000047683716,2.3399999141693115,1300.0
2026-04-07 15:26:00,LG.V,,0.33500000834465027,0.33500000834465027,0.33500000834465027,0.33500000834465027,5000.0
2026-04-07 15:26:00,LUCA.V,,1.350000023841858,1.350000023841858,1.350000023841858,1.350000023841858,1000.0
2026-04-07 15:26:00,MFG.V,,4.449999809265137,4.449999809265137,4.449999809265137,4.449999809265137,500.0
2026-04-07 15:26:00,MTA.V,,9.210000038146973,9.210000038146973,9.210000038146973,9.210000038146973,155.0
2026-04-07 15:26:00,NURS.V,,3.109999895095825,3.119999885559082,3.109999895095825,3.119999885559082,1400.0
2026-04-07 15:26:00,PNG.V,,8.40999984741211,8.420000076293945,8.40999984741211,8.40999984741211,700.0
2026-04-07 15:27:00,GSTM.V,,0.20499999821186066,0.20499999821186066,0.20499999821186066,0.20499999821186066,10000.0
2026-04-07 15:27:00,GSVR.V,,0.5899999737739563,0.5899999737739563,0.5899999737739563,0.5899999737739563,15500.0
2026-04-07 15:27:00,HSTR.V,,2.325000047683716,2.325000047683716,2.325000047683716,2.325000047683716,100.0
2026-04-07 15:27:00,KTO.V,,0.6700000166893005,0.6700000166893005,0.6700000166893005,0.6700000166893005,500.0
2026-04-07 15:27:00,MJS.V,,0.14499999582767487,0.14499999582767487,0.14499999582767487,0.14499999582767487,500.0
2026-04-07 15:27:00,PNG.V,,8.399999618530273,8.399999618530273,8.399999618530273,8.399999618530273,2600.0
2026-04-07 15:28:00,GLDN.V,,0.05999999865889549,0.05999999865889549,0.05999999865889549,0.05999999865889549,0.0
2026-04-07 15:28:00,GOT.V,,1.590000033378601,1.590000033378601,1.590000033378601,1.590000033378601,1200.0
2026-04-07 15:28:00,HITI.V,,3.180000066757202,3.180000066757202,3.180000066757202,3.180000066757202,100.0
2026-04-07 15:28:00,HSTR.V,,2.3299999237060547,2.3299999237060547,2.3299999237060547,2.3299999237060547,100.0
2026-04-07 15:28:00,KTN.V,,1.350000023841858,1.350000023841858,1.350000023841858,1.350000023841858,300.0
2026-04-07 15:28:00,MD.V,,0.4399999976158142,0.4399999976158142,0.4399999976158142,0.4399999976158142,1000.0
2026-04-07 15:28:00,MGM.V,,2.299999952316284,2.299999952316284,2.299999952316284,2.299999952316284,3100.0
2026-04-07 15:28:00,NICU.V,,2.0799999237060547,2.0799999237060547,2.0799999237060547,2.0799999237060547,200.0
2026-04-07 15:28:00,PNG.V,,8.40999984741211,8.40999984741211,8.399999618530273,8.399999618530273,2050.0
2026-04-07 15:29:00,GSVR.V,,0.6000000238418579,0.6000000238418579,0.6000000238418579,0.6000000238418579,2500.0
2026-04-07 15:29:00,LGN.V,,0.9599999785423279,0.9599999785423279,0.9599999785423279,0.9599999785423279,8000.0
2026-04-07 15:29:00,MCF.V,,0.04500000178813934,0.04500000178813934,0.04500000178813934,0.04500000178813934,26000.0
2026-04-07 15:29:00,MFG.V,,4.449999809265137,4.449999809265137,4.449999809265137,4.449999809265137,500.0
2026-04-07 15:29:00,MLP.V,,1.940000057220459,1.940000057220459,1.940000057220459,1.940000057220459,252.0
2026-04-07 15:29:00,PNG.V,,8.420000076293945,8.420000076293945,8.399999618530273,8.420000076293945,538.0
2026-04-07 15:29:00,ZNG.V,,1.0199999809265137,1.0199999809265137,1.0199999809265137,1.0199999809265137,100.0
2026-04-07 15:30:00,FMS.V,,0.3400000035762787,0.3400000035762787,0.3400000035762787,0.3400000035762787,3000.0
2026-04-07 15:30:00,FRED.V,,0.5400000214576721,0.5400000214576721,0.5400000214576721,0.5400000214576721,3000.0
2026-04-07 15:30:00,GRSL.V,,0.3050000071525574,0.3050000071525574,0.3050000071525574,0.3050000071525574,11500.0
2026-04-07 15:30:00,GSI.V,,1.2100000381469727,1.2200000286102295,1.2100000381469727,1.2200000286102295,2410.0
2026-04-07 15:30:00,HI.V,,0.15000000596046448,0.15000000596046448,0.15000000596046448,0.15000000596046448,17500.0
2026-04-07 15:30:00,HME.V,,2.8399999141693115,2.8399999141693115,2.8399999141693115,2.8399999141693115,200.0
2026-04-07 15:30:00,HSTR.V,,2.3299999237060547,2.3299999237060547,2.3299999237060547,2.3299999237060547,200.0
2026-04-07 15:30:00,LMN.V,,22.665000915527344,22.665000915527344,22.665000915527344,22.665000915527344,100.0
2026-04-07 15:30:00,LTH.V,,1.350000023841858,1.350000023841858,1.340000033378601,1.350000023841858,23000.0
2026-04-07 15:30:00,MJS.V,,0.14499999582767487,0.14499999582767487,0.14499999582767487,0.14499999582767487,500.0
2026-04-07 15:30:00,MLP.V,,1.940000057220459,1.940000057220459,1.940000057220459,1.940000057220459,100.0
2026-04-07 15:30:00,MMX.V,,0.07500000298023224,0.07500000298023224,0.07500000298023224,0.07500000298023224,6000.0
2026-04-07 15:30:00,NURS.V,,3.0999999046325684,3.0999999046325684,3.0999999046325684,3.0999999046325684,100.0
2026-04-07 15:30:00,PNG.V,,8.40999984741211,8.40999984741211,8.40999984741211,8.40999984741211,100.0
2026-04-07 15:31:00,FMAN.V,,0.3100000023841858,0.3100000023841858,0.3100000023841858,0.3100000023841858,3000.0
2026-04-07 15:31:00,FO.V,,0.38499999046325684,0.38499999046325684,0.38499999046325684,0.38499999046325684,41500.0
2026-04-07 15:31:00,FPC.V,,0.375,0.375,0.375,0.375,1500.0
2026-04-07 15:31:00,GGO.V,,0.949999988079071,0.949999988079071,0.949999988079071,0.949999988079071,2100.0
2026-04-07 15:31:00,HAN.V,,0.550000011920929,0.550000011920929,0.550000011920929,0.550000011920929,2000.0
2026-04-07 15:31:00,HITI.V,,3.180000066757202,3.180000066757202,3.180000066757202,3.180000066757202,100.0
2026-04-07 15:31:00,HIVE.V,,2.690000057220459,2.690000057220459,2.690000057220459,2.690000057220459,100.0
2026-04-07 15:31:00,HSTR.V,,2.325000047683716,2.3299999237060547,2.325000047683716,2.3299999237060547,1300.0
2026-04-07 15:31:00,ITR.V,,3.940000057220459,3.950000047683716,3.940000057220459,3.950000047683716,5900.0
2026-04-07 15:31:00,KTO.V,,0.6700000166893005,0.6700000166893005,0.6700000166893005,0.6700000166893005,18000.0
2026-04-07 15:31:00,MAX.V,,0.36000001430511475,0.36000001430511475,0.36000001430511475,0.36000001430511475,500.0
2026-04-07 15:31:00,MFG.V,,4.449999809265137,4.449999809265137,4.449999809265137,4.449999809265137,500.0
2026-04-07 15:31:00,MLP.V,,1.940000057220459,1.940000057220459,1.940000057220459,1.940000057220459,400.0
2026-04-07 15:31:00,NICU.V,,2.0799999237060547,2.0799999237060547,2.0799999237060547,2.0799999237060547,2600.0
2026-04-07 15:31:00,PNG.V,,8.399999618530273,8.420000076293945,8.399999618530273,8.399999618530273,1315.0
2026-04-07 15:32:00,FPX.V,,0.41999998688697815,0.41999998688697815,0.41999998688697815,0.41999998688697815,500.0
2026-04-07 15:32:00,GGO.V,,0.949999988079071,0.949999988079071,0.949999988079071,0.949999988079071,300.0
2026-04-07 15:32:00,GMG.V,,2.0299999713897705,2.0399999618530273,2.0299999713897705,2.0399999618530273,2300.0
2026-04-07 15:32:00,JUGR.V,,1.2699999809265137,1.2699999809265137,1.2699999809265137,1.2699999809265137,200.0
2026-04-07 15:32:00,LCX.V,,2.0199999809265137,2.0199999809265137,2.0199999809265137,2.0199999809265137,2300.0
2026-04-07 15:32:00,LGC.V,,1.940000057220459,1.940000057220459,1.940000057220459,1.940000057220459,100.0
2026-04-07 15:32:00,LGN.V,,0.9599999785423279,0.9599999785423279,0.9599999785423279,0.9599999785423279,500.0
2026-04-07 15:32:00,LTH.V,,1.350000023841858,1.350000023841858,1.3450000286102295,1.3450000286102295,5500.0
2026-04-07 15:32:00,MKO.V,,8.869999885559082,8.869999885559082,8.869999885559082,8.869999885559082,500.0
2026-04-07 15:32:00,MLP.V,,1.934999942779541,1.934999942779541,1.934999942779541,1.934999942779541,100.0
2026-04-07 15:32:00,NICU.V,,2.0799999237060547,2.0799999237060547,2.0799999237060547,2.0799999237060547,200.0
2026-04-07 15:32:00,PNG.V,,8.390000343322754,8.390000343322754,8.390000343322754,8.390000343322754,138.0
2026-04-07 15:33:00,FMAN.V,,0.3050000071525574,0.3050000071525574,0.3050000071525574,0.3050000071525574,500.0
2026-04-07 15:33:00,FWZ.V,,4.320000171661377,4.340000152587891,4.320000171661377,4.340000152587891,1300.0
2026-04-07 15:33:00,GCN.V,,0.03999999910593033,0.03999999910593033,0.03999999910593033,0.03999999910593033,17000.0
2026-04-07 15:33:00,GGO.V,,0.949999988079071,0.949999988079071,0.949999988079071,0.949999988079071,1300.0
2026-04-07 15:33:00,GRSL.V,,0.3050000071525574,0.3050000071525574,0.3050000071525574,0.3050000071525574,8500.0
2026-04-07 15:33:00,HI.V,,0.15000000596046448,0.15000000596046448,0.15000000596046448,0.15000000596046448,25000.0
2026-04-07 15:33:00,HITI.V,,3.180000066757202,3.180000066757202,3.180000066757202,3.180000066757202,100.0
2026-04-07 15:33:00,HIVE.V,,2.690000057220459,2.690000057220459,2.684999942779541,2.690000057220459,4909.0
2026-04-07 15:33:00,KALO.V,,0.2150000035762787,0.2150000035762787,0.2150000035762787,0.2150000035762787,5500.0
2026-04-07 15:33:00,KTN.V,,1.350000023841858,1.3600000143051147,1.350000023841858,1.3600000143051147,300.0
2026-04-07 15:33:00,LMN.V,,22.739999771118164,22.739999771118164,22.739999771118164,22.739999771118164,200.0
2026-04-07 15:33:00,LTH.V,,1.350000023841858,1.350000023841858,1.3450000286102295,1.3450000286102295,400.0
2026-04-07 15:33:00,MLP.V,,1.940000057220459,1.940000057220459,1.940000057220459,1.940000057220459,200.0
2026-04-07 15:33:00,MTT.V,,0.1899999976158142,0.1899999976158142,0.1850000023841858,0.1850000023841858,50000.0
2026-04-07 15:33:00,NICU.V,,2.0799999237060547,2.0799999237060547,2.0799999237060547,2.0799999237060547,200.0
2026-04-07 15:33:00,PNG.V,,8.399999618530273,8.399999618530273,8.399999618530273,8.399999618530273,100.0
2026-04-07 15:34:00,FHYD.V,,0.39500001072883606,0.39500001072883606,0.39500001072883606,0.39500001072883606,500.0
2026-04-07 15:34:00,FPC.V,,0.375,0.375,0.375,0.375,500.0
2026-04-07 15:34:00,GGO.V,,0.949999988079071,0.949999988079071,0.949999988079071,0.949999988079071,100.0
2026-04-07 15:34:00,HIVE.V,,2.690000057220459,2.690000057220459,2.690000057220459,2.690000057220459,500.0
2026-04-07 15:34:00,HME.V,,2.8399999141693115,2.8399999141693115,2.8399999141693115,2.8399999141693115,300.0
2026-04-07 15:34:00,HSTR.V,,2.325000047683716,2.325000047683716,2.325000047683716,2.325000047683716,100.0
2026-04-07 15:34:00,KALO.V,,0.2150000035762787,0.2150000035762787,0.2150000035762787,0.2150000035762787,6000.0
2026-04-07 15:34:00,LMN.V,,22.549999237060547,22.549999237060547,22.549999237060547,22.549999237060547,100.0
2026-04-07 15:34:00,MFG.V,,4.449999809265137,4.449999809265137,4.449999809265137,4.449999809265137,600.0
2026-04-07 15:34:00,MJS.V,,0.14499999582767487,0.14499999582767487,0.14499999582767487,0.14499999582767487,500.0
2026-04-07 15:34:00,MLP.V,,1.9500000476837158,1.9500000476837158,1.940000057220459,1.940000057220459,287.0
2026-04-07 15:34:00,PNG.V,,8.430000305175781,8.430000305175781,8.399999618530273,8.399999618530273,3721.0
2026-04-07 15:34:00,ZNG.V,,1.0199999809265137,1.0199999809265137,1.0199999809265137,1.0199999809265137,100.0
2026-04-07 15:35:00,FMAN.V,,0.3050000071525574,0.3050000071525574,0.3050000071525574,0.3050000071525574,500.0
2026-04-07 15:35:00,GGO.V,,0.949999988079071,0.949999988079071,0.949999988079071,0.949999988079071,100.0
2026-04-07 15:35:00,HIVE.V,,2.690000057220459,2.690000057220459,2.690000057220459,2.690000057220459,8700.0
2026-04-07 15:35:00,HSTR.V,,2.3299999237060547,2.3299999237060547,2.325000047683716,2.325000047683716,200.0
2026-04-07 15:35:00,IFOS.V,,3.759999990463257,3.759999990463257,3.759999990463257,3.759999990463257,500.0
2026-04-07 15:35:00,LCX.V,,2.0199999809265137,2.0199999809265137,2.0199999809265137,2.0199999809265137,100.0
2026-04-07 15:35:00,LMN.V,,22.655000686645508,22.760000228881836,22.655000686645508,22.760000228881836,300.0
2026-04-07 15:35:00,MGM.V,,2.309999942779541,2.309999942779541,2.299999952316284,2.299999952316284,2300.0
2026-04-07 15:35:00,MKO.V,,8.859999656677246,8.859999656677246,8.84000015258789,8.84000015258789,700.0
2026-04-07 15:35:00,MLP.V,,1.940000057220459,1.940000057220459,1.940000057220459,1.940000057220459,100.0
2026-04-07 15:35:00,MMG.V,,0.2849999964237213,0.2849999964237213,0.2849999964237213,0.2849999964237213,500.0
2026-04-07 15:35:00,NICU.V,,2.0799999237060547,2.0799999237060547,2.069999933242798,2.069999933242798,400.0
2026-04-07 15:35:00,PNG.V,,8.399999618530273,8.399999618530273,8.399999618530273,8.399999618530273,1400.0
2026-04-07 15:35:00,ZNG.V,,1.0299999713897705,1.0299999713897705,1.0299999713897705,1.0299999713897705,2400.0
2026-04-07 15:36:00,FWZ.V,,4.315000057220459,4.315000057220459,4.315000057220459,4.315000057220459,100.0
2026-04-07 15:36:00,GGO.V,,0.9549999833106995,0.9549999833106995,0.949999988079071,0.949999988079071,5400.0
2026-04-07 15:36:00,GOT.V,,1.590000033378601,1.590000033378601,1.590000033378601,1.590000033378601,100.0
2026-04-07 15:36:00,GSI.V,,1.2100000381469727,1.2100000381469727,1.2100000381469727,1.2100000381469727,200.0
2026-04-07 15:36:00,HCH.V,,1.2599999904632568,1.2599999904632568,1.2599999904632568,1.2599999904632568,1100.0
2026-04-07 15:36:00,HSTR.V,,2.315000057220459,2.319999933242798,2.315000057220459,2.319999933242798,4900.0
2026-04-07 15:36:00,LGN.V,,0.9599999785423279,0.9599999785423279,0.9599999785423279,0.9599999785423279,500.0
2026-04-07 15:36:00,LIO.V,,0.23499999940395355,0.23499999940395355,0.23499999940395355,0.23499999940395355,9000.0
2026-04-07 15:36:00,LMN.V,,22.56999969482422,22.56999969482422,22.56999969482422,22.56999969482422,200.0
2026-04-07 15:36:00,LUCA.V,,1.350000023841858,1.350000023841858,1.350000023841858,1.350000023841858,100.0
2026-04-07 15:36:00,LVG.V,,0.3100000023841858,0.3100000023841858,0.3100000023841858,0.3100000023841858,4000.0
2026-04-07 15:36:00,MLP.V,,1.940000057220459,1.940000057220459,1.940000057220459,1.940000057220459,200.0
2026-04-07 15:37:00,GGO.V,,0.949999988079071,0.949999988079071,0.949999988079071,0.949999988079071,200.0
2026-04-07 15:37:00,GOT.V,,1.5800000429153442,1.5800000429153442,1.5800000429153442,1.5800000429153442,7000.0
2026-04-07 15:37:00,HIVE.V,,2.690000057220459,2.690000057220459,2.690000057220459,2.690000057220459,3400.0
2026-04-07 15:37:00,HSTR.V,,2.315000057220459,2.319999933242798,2.315000057220459,2.315000057220459,2600.0
2026-04-07 15:37:00,IFOS.V,,3.75,3.75,3.75,3.75,1788.0
2026-04-07 15:37:00,ITR.V,,3.9600000381469727,3.9600000381469727,3.9600000381469727,3.9600000381469727,100.0
2026-04-07 15:37:00,KRY.V,,3.1700000762939453,3.1700000762939453,3.1700000762939453,3.1700000762939453,400.0
2026-04-07 15:37:00,KTN.V,,1.3600000143051147,1.3600000143051147,1.3600000143051147,1.3600000143051147,100.0
2026-04-07 15:37:00,LMN.V,,22.655000686645508,22.655000686645508,22.655000686645508,22.655000686645508,200.0
2026-04-07 15:37:00,MFG.V,,4.449999809265137,4.449999809265137,4.449999809265137,4.449999809265137,100.0
2026-04-07 15:37:00,MLP.V,,1.940000057220459,1.940000057220459,1.9299999475479126,1.9299999475479126,200.0
2026-04-07 15:37:00,NURS.V,,3.0999999046325684,3.0999999046325684,3.0999999046325684,3.0999999046325684,600.0
2026-04-07 15:37:00,PNG.V,,8.40999984741211,8.40999984741211,8.40999984741211,8.40999984741211,1300.0
2026-04-07 15:38:00,AUEN.V,,0.26499998569488525,0.26499998569488525,0.26499998569488525,0.26499998569488525,2000.0
2026-04-07 15:38:00,FPC.V,,0.3799999952316284,0.3799999952316284,0.3799999952316284,0.3799999952316284,500.0
2026-04-07 15:38:00,GMA.V,,0.26499998569488525,0.27000001072883606,0.26499998569488525,0.27000001072883606,5500.0
2026-04-07 15:38:00,GMG.V,,2.059999942779541,2.059999942779541,2.049999952316284,2.049999952316284,3300.0
2026-04-07 15:38:00,GOT.V,,1.5850000381469727,1.5850000381469727,1.5850000381469727,1.5850000381469727,100.0
2026-04-07 15:38:00,HITI.V,,3.180000066757202,3.180000066757202,3.180000066757202,3.180000066757202,500.0
2026-04-07 15:38:00,HSTR.V,,2.319999933242798,2.319999933242798,2.319999933242798,2.319999933242798,1400.0
2026-04-07 15:38:00,IOT.V,,0.17499999701976776,0.17499999701976776,0.17499999701976776,0.17499999701976776,24500.0
2026-04-07 15:38:00,IPT.V,,0.23000000417232513,0.23000000417232513,0.23000000417232513,0.23000000417232513,19979.0
2026-04-07 15:38:00,JZR.V,,0.25999999046325684,0.25999999046325684,0.25999999046325684,0.25999999046325684,1500.0
2026-04-07 15:38:00,KRY.V,,3.119999885559082,3.1500000953674316,3.119999885559082,3.1500000953674316,500.0
2026-04-07 15:38:00,LCX.V,,2.0299999713897705,2.0299999713897705,2.0199999809265137,2.0199999809265137,1600.0
2026-04-07 15:38:00,LLG.V,,0.07999999821186066,0.07999999821186066,0.07999999821186066,0.07999999821186066,11000.0
2026-04-07 15:38:00,LUCA.V,,1.350000023841858,1.350000023841858,1.350000023841858,1.350000023841858,100.0
2026-04-07 15:38:00,MAX.V,,0.36000001430511475,0.36000001430511475,0.36000001430511475,0.36000001430511475,11500.0
2026-04-07 15:38:00,MKO.V,,8.859999656677246,8.859999656677246,8.859999656677246,8.859999656677246,100.0
2026-04-07 15:38:00,MLP.V,,1.940000057220459,1.940000057220459,1.940000057220459,1.940000057220459,100.0
2026-04-07 15:38:00,NICU.V,,2.0799999237060547,2.0799999237060547,2.0799999237060547,2.0799999237060547,100.0
2026-04-07 15:38:00,PNG.V,,8.399999618530273,8.399999618530273,8.399999618530273,8.399999618530273,100.0
2026-04-07 15:39:00,ESK.V,,0.4099999964237213,0.4099999964237213,0.4099999964237213,0.4099999964237213,1100.0
2026-04-07 15:39:00,GMG.V,,2.059999942779541,2.059999942779541,2.059999942779541,2.059999942779541,100.0
2026-04-07 15:39:00,GOT.V,,1.5850000381469727,1.5850000381469727,1.5850000381469727,1.5850000381469727,100.0
2026-04-07 15:39:00,GWM.V,,0.6100000143051147,0.6100000143051147,0.6100000143051147,0.6100000143051147,1000.0
2026-04-07 15:39:00,HIVE.V,,2.690000057220459,2.690000057220459,2.690000057220459,2.690000057220459,100.0
2026-04-07 15:39:00,ITR.V,,3.930000066757202,3.940000057220459,3.930000066757202,3.940000057220459,700.0
2026-04-07 15:39:00,KGS.V,,0.12999999523162842,0.12999999523162842,0.12999999523162842,0.12999999523162842,10000.0
2026-04-07 15:39:00,LIO.V,,0.23499999940395355,0.23499999940395355,0.23499999940395355,0.23499999940395355,5000.0
2026-04-07 15:39:00,LSTR.V,,0.0949999988079071,0.0949999988079071,0.0949999988079071,0.0949999988079071,5000.0
2026-04-07 15:39:00,LUCA.V,,1.3450000286102295,1.350000023841858,1.340000033378601,1.350000023841858,7200.0
2026-04-07 15:39:00,MFG.V,,4.409999847412109,4.409999847412109,4.409999847412109,4.409999847412109,1100.0
2026-04-07 15:39:00,MLP.V,,1.940000057220459,1.940000057220459,1.940000057220459,1.940000057220459,200.0
2026-04-07 15:39:00,NICU.V,,2.0799999237060547,2.0799999237060547,2.0799999237060547,2.0799999237060547,200.0
2026-04-07 15:39:00,NURS.V,,3.0999999046325684,3.0999999046325684,3.0999999046325684,3.0999999046325684,100.0
2026-04-07 15:40:00,EQTY.V,,0.2849999964237213,0.2849999964237213,0.2849999964237213,0.2849999964237213,500.0
2026-04-07 15:40:00,FWZ.V,,4.300000190734863,4.300000190734863,4.300000190734863,4.300000190734863,200.0
2026-04-07 15:40:00,GGO.V,,0.949999988079071,0.949999988079071,0.949999988079071,0.949999988079071,200.0
2026-04-07 15:40:00,GOT.V,,1.5800000429153442,1.5800000429153442,1.5800000429153442,1.5800000429153442,2900.0
2026-04-07 15:40:00,HCH.V,,1.2999999523162842,1.2999999523162842,1.2999999523162842,1.2999999523162842,3900.0
2026-04-07 15:40:00,HEVI.V,,0.23999999463558197,0.23999999463558197,0.23999999463558197,0.23999999463558197,5000.0
2026-04-07 15:40:00,HI.V,,0.15000000596046448,0.15000000596046448,0.15000000596046448,0.15000000596046448,1000.0
2026-04-07 15:40:00,HSTR.V,,2.315000057220459,2.319999933242798,2.315000057220459,2.319999933242798,800.0
2026-04-07 15:40:00,IFOS.V,,3.75,3.75,3.75,3.75,1900.0
2026-04-07 15:40:00,ITR.V,,3.940000057220459,3.940000057220459,3.930000066757202,3.930000066757202,700.0
2026-04-07 15:40:00,KTO.V,,0.6800000071525574,0.6800000071525574,0.6800000071525574,0.6800000071525574,2000.0
2026-04-07 15:40:00,LMN.V,,22.59000015258789,22.59000015258789,22.559999465942383,22.559999465942383,200.0
2026-04-07 15:40:00,LUCA.V,,1.350000023841858,1.350000023841858,1.350000023841858,1.350000023841858,3100.0
2026-04-07 15:40:00,MJS.V,,0.14499999582767487,0.14499999582767487,0.14499999582767487,0.14499999582767487,500.0
2026-04-07 15:40:00,MLP.V,,1.940000057220459,1.940000057220459,1.9299999475479126,1.9299999475479126,300.0
2026-04-07 15:40:00,PNG.V,,8.40999984741211,8.40999984741211,8.40999984741211,8.40999984741211,1500.0
2026-04-07 15:41:00,FO.V,,0.38499999046325684,0.38499999046325684,0.38499999046325684,0.38499999046325684,83500.0
2026-04-07 15:41:00,FWZ.V,,4.309999942779541,4.309999942779541,4.300000190734863,4.300000190734863,200.0
2026-04-07 15:41:00,GGO.V,,0.949999988079071,0.949999988079071,0.949999988079071,0.949999988079071,100.0
2026-04-07 15:41:00,GOT.V,,1.590000033378601,1.590000033378601,1.5850000381469727,1.5850000381469727,1000.0
2026-04-07 15:41:00,GPAC.V,,0.4300000071525574,0.4300000071525574,0.4300000071525574,0.4300000071525574,500.0
2026-04-07 15:41:00,HEVI.V,,0.22499999403953552,0.23000000417232513,0.22499999403953552,0.23000000417232513,59325.0
2026-04-07 15:41:00,HIVE.V,,2.690000057220459,2.690000057220459,2.690000057220459,2.690000057220459,9200.0
2026-04-07 15:41:00,HSTR.V,,2.315000057220459,2.315000057220459,2.315000057220459,2.315000057220459,200.0
2026-04-07 15:41:00,IFOS.V,,3.75,3.75,3.75,3.75,200.0
2026-04-07 15:41:00,LMN.V,,22.56999969482422,22.655000686645508,22.56999969482422,22.655000686645508,1104.0
2026-04-07 15:41:00,LSL.V,,0.38499999046325684,0.38499999046325684,0.38499999046325684,0.38499999046325684,4035.0
2026-04-07 15:41:00,LTH.V,,1.3450000286102295,1.3450000286102295,1.3450000286102295,1.3450000286102295,100.0
2026-04-07 15:41:00,LUCA.V,,1.350000023841858,1.350000023841858,1.350000023841858,1.350000023841858,200.0
2026-04-07 15:41:00,MLP.V,,1.940000057220459,1.940000057220459,1.940000057220459,1.940000057220459,200.0
2026-04-07 15:41:00,NICU.V,,2.0799999237060547,2.0799999237060547,2.0799999237060547,2.0799999237060547,200.0
2026-04-07 15:41:00,NURS.V,,3.119999885559082,3.119999885559082,3.0999999046325684,3.0999999046325684,1500.0
2026-04-07 15:41:00,PNG.V,,8.375,8.40999984741211,8.375,8.40999984741211,3700.0
2026-04-07 15:42:00,FDR.V,,3.7699999809265137,3.7699999809265137,3.7699999809265137,3.7699999809265137,100.0
2026-04-07 15:42:00,FMAN.V,,0.3050000071525574,0.3050000071525574,0.3050000071525574,0.3050000071525574,500.0
2026-04-07 15:42:00,FPC.V,,0.3799999952316284,0.3799999952316284,0.3799999952316284,0.3799999952316284,1000.0
2026-04-07 15:42:00,FWZ.V,,4.309999942779541,4.309999942779541,4.309999942779541,4.309999942779541,200.0
2026-04-07 15:42:00,GGO.V,,0.949999988079071,0.949999988079071,0.949999988079071,0.949999988079071,100.0
2026-04-07 15:42:00,GMG.V,,2.049999952316284,2.049999952316284,2.049999952316284,2.049999952316284,100.0
2026-04-07 15:42:00,GOT.V,,1.5850000381469727,1.5850000381469727,1.5850000381469727,1.5850000381469727,200.0
2026-04-07 15:42:00,GRSL.V,,0.3050000071525574,0.3050000071525574,0.3050000071525574,0.3050000071525574,1000.0
2026-04-07 15:42:00,HEVI.V,,0.2150000035762787,0.2199999988079071,0.20999999344348907,0.2199999988079071,160001.0
2026-04-07 15:42:00,HIVE.V,,2.690000057220459,2.690000057220459,2.690000057220459,2.690000057220459,1300.0
2026-04-07 15:42:00,HSTR.V,,2.315000057220459,2.315000057220459,2.315000057220459,2.315000057220459,100.0
2026-04-07 15:42:00,KGS.V,,0.12999999523162842,0.12999999523162842,0.12999999523162842,0.12999999523162842,16000.0
2026-04-07 15:42:00,KNG.V,,1.2699999809265137,1.2699999809265137,1.2699999809265137,1.2699999809265137,200.0
2026-04-07 15:42:00,LGN.V,,0.9549999833106995,0.9549999833106995,0.9549999833106995,0.9549999833106995,500.0
2026-04-07 15:42:00,LMN.V,,22.639999389648438,22.639999389648438,22.579999923706055,22.639999389648438,2250.0
2026-04-07 15:42:00,LUCA.V,,1.350000023841858,1.350000023841858,1.350000023841858,1.350000023841858,900.0
2026-04-07 15:42:00,MKO.V,,8.84000015258789,8.850000381469727,8.829999923706055,8.850000381469727,1300.0
2026-04-07 15:42:00,MLP.V,,1.9299999475479126,1.940000057220459,1.9299999475479126,1.940000057220459,200.0
2026-04-07 15:42:00,MTA.V,,9.15999984741211,9.15999984741211,9.15999984741211,9.15999984741211,100.0
2026-04-07 15:42:00,NURS.V,,3.109999895095825,3.109999895095825,3.109999895095825,3.109999895095825,100.0
2026-04-07 15:42:00,PNG.V,,8.399999618530273,8.399999618530273,8.350000381469727,8.369999885559082,7770.0
2026-04-07 15:43:00,EQTY.V,,0.2800000011920929,0.2800000011920929,0.2800000011920929,0.2800000011920929,2000.0
2026-04-07 15:43:00,FWZ.V,,4.309999942779541,4.309999942779541,4.309999942779541,4.309999942779541,100.0
2026-04-07 15:43:00,GGO.V,,0.949999988079071,0.949999988079071,0.949999988079071,0.949999988079071,200.0
2026-04-07 15:43:00,HIVE.V,,2.690000057220459,2.690000057220459,2.690000057220459,2.690000057220459,4000.0
2026-04-07 15:43:00,HME.V,,2.8399999141693115,2.8399999141693115,2.8399999141693115,2.8399999141693115,200.0
2026-04-07 15:43:00,HSTR.V,,2.315000057220459,2.315000057220459,2.315000057220459,2.315000057220459,100.0
2026-04-07 15:43:00,ITR.V,,3.930000066757202,3.930000066757202,3.930000066757202,3.930000066757202,500.0
2026-04-07 15:43:00,LCX.V,,2.0299999713897705,2.0299999713897705,2.0299999713897705,2.0299999713897705,100.0
2026-04-07 15:43:00,LGN.V,,0.9549999833106995,0.9549999833106995,0.9549999833106995,0.9549999833106995,1500.0
2026-04-07 15:43:00,LTH.V,,1.3450000286102295,1.3450000286102295,1.3450000286102295,1.3450000286102295,100.0
2026-04-07 15:43:00,LUCA.V,,1.350000023841858,1.350000023841858,1.350000023841858,1.350000023841858,300.0
2026-04-07 15:43:00,MD.V,,0.4449999928474426,0.4449999928474426,0.4449999928474426,0.4449999928474426,15500.0
2026-04-07 15:43:00,MKO.V,,8.819999694824219,8.819999694824219,8.819999694824219,8.819999694824219,100.0
2026-04-07 15:43:00,MLP.V,,1.940000057220459,1.940000057220459,1.940000057220459,1.940000057220459,200.0
2026-04-07 15:43:00,NICU.V,,2.0799999237060547,2.0799999237060547,2.0799999237060547,2.0799999237060547,300.0
2026-04-07 15:43:00,NURS.V,,3.109999895095825,3.109999895095825,3.109999895095825,3.109999895095825,100.0
2026-04-07 15:43:00,PNG.V,,8.380000114440918,8.390000343322754,8.380000114440918,8.390000343322754,1600.0
2026-04-07 15:44:00,FREQ.V,,0.23000000417232513,0.23000000417232513,0.23000000417232513,0.23000000417232513,0.0
2026-04-07 15:44:00,FWZ.V,,4.340000152587891,4.340000152587891,4.329999923706055,4.329999923706055,1700.0
2026-04-07 15:44:00,GGO.V,,0.949999988079071,0.949999988079071,0.949999988079071,0.949999988079071,100.0
2026-04-07 15:44:00,GMG.V,,2.059999942779541,2.059999942779541,2.059999942779541,2.059999942779541,400.0
2026-04-07 15:44:00,GPH.V,,1.2200000286102295,1.2200000286102295,1.2100000381469727,1.2100000381469727,1500.0
2026-04-07 15:44:00,GRSL.V,,0.3050000071525574,0.3050000071525574,0.3050000071525574,0.3050000071525574,16500.0
2026-04-07 15:44:00,GSI.V,,1.2100000381469727,1.2100000381469727,1.2100000381469727,1.2100000381469727,1975.0
2026-04-07 15:44:00,HIVE.V,,2.690000057220459,2.690000057220459,2.690000057220459,2.690000057220459,300.0
2026-04-07 15:44:00,HSTR.V,,2.319999933242798,2.319999933242798,2.315000057220459,2.315000057220459,1000.0
2026-04-07 15:44:00,KNG.V,,1.2699999809265137,1.2699999809265137,1.2699999809265137,1.2699999809265137,336.0
2026-04-07 15:44:00,LG.V,,0.33000001311302185,0.33000001311302185,0.33000001311302185,0.33000001311302185,500.0
2026-04-07 15:44:00,LGC.V,,1.9800000190734863,1.9800000190734863,1.9800000190734863,1.9800000190734863,100.0
2026-04-07 15:44:00,LUCA.V,,1.350000023841858,1.350000023841858,1.350000023841858,1.350000023841858,100.0
2026-04-07 15:44:00,MLP.V,,1.940000057220459,1.940000057220459,1.940000057220459,1.940000057220459,200.0
2026-04-07 15:44:00,MTA.V,,9.170000076293945,9.170000076293945,9.170000076293945,9.170000076293945,100.0
2026-04-07 15:44:00,NICU.V,,2.0799999237060547,2.0799999237060547,2.0799999237060547,2.0799999237060547,1000.0
2026-04-07 15:44:00,NURS.V,,3.109999895095825,3.109999895095825,3.109999895095825,3.109999895095825,100.0
2026-04-07 15:44:00,PNG.V,,8.380000114440918,8.399999618530273,8.380000114440918,8.380000114440918,4000.0
2026-04-07 15:45:00,FREQ.V,,0.23000000417232513,0.23000000417232513,0.23000000417232513,0.23000000417232513,5000.0
2026-04-07 15:45:00,FWZ.V,,4.329999923706055,4.340000152587891,4.300000190734863,4.320000171661377,3203.0
2026-04-07 15:45:00,GGO.V,,0.9599999785423279,0.9599999785423279,0.9599999785423279,0.9599999785423279,7300.0
2026-04-07 15:45:00,GOT.V,,1.590000033378601,1.590000033378601,1.590000033378601,1.590000033378601,300.0
2026-04-07 15:45:00,GQC.V,,2.2899999618530273,2.2899999618530273,2.2850000858306885,2.2850000858306885,2000.0
2026-04-07 15:45:00,GSVR.V,,0.6000000238418579,0.6000000238418579,0.6000000238418579,0.6000000238418579,7500.0
2026-04-07 15:45:00,HIVE.V,,2.700000047683716,2.700000047683716,2.690000057220459,2.690000057220459,45686.0
2026-04-07 15:45:00,HSTR.V,,2.3299999237060547,2.3299999237060547,2.325000047683716,2.325000047683716,13700.0
2026-04-07 15:45:00,ITR.V,,3.9700000286102295,3.9700000286102295,3.940000057220459,3.940000057220459,5400.0
2026-04-07 15:45:00,KTN.V,,1.3600000143051147,1.3600000143051147,1.3600000143051147,1.3600000143051147,3000.0
2026-04-07 15:45:00,LTH.V,,1.3450000286102295,1.3450000286102295,1.3450000286102295,1.3450000286102295,300.0
2026-04-07 15:45:00,LUCA.V,,1.3600000143051147,1.3600000143051147,1.3600000143051147,1.3600000143051147,2000.0
2026-04-07 15:45:00,MKO.V,,8.850000381469727,8.850000381469727,8.850000381469727,8.850000381469727,500.0
2026-04-07 15:45:00,MLP.V,,1.9500000476837158,1.9600000381469727,1.940000057220459,1.940000057220459,28000.0
2026-04-07 15:45:00,NICU.V,,2.0799999237060547,2.0799999237060547,2.0799999237060547,2.0799999237060547,500.0
2026-04-07 15:45:00,PNG.V,,8.40999984741211,8.430000305175781,8.380000114440918,8.399999618530273,4400.0
2026-04-07 15:46:00,ESK.V,,0.41499999165534973,0.41499999165534973,0.41499999165534973,0.41499999165534973,500.0
2026-04-07 15:46:00,FPC.V,,0.375,0.375,0.375,0.375,12500.0
2026-04-07 15:46:00,GMG.V,,2.059999942779541,2.059999942779541,2.059999942779541,2.059999942779541,3100.0
2026-04-07 15:46:00,GOT.V,,1.590000033378601,1.590000033378601,1.590000033378601,1.590000033378601,3200.0
2026-04-07 15:46:00,GPAC.V,,0.4300000071525574,0.4300000071525574,0.4300000071525574,0.4300000071525574,500.0
2026-04-07 15:46:00,GQC.V,,2.299999952316284,2.299999952316284,2.299999952316284,2.299999952316284,100.0
2026-04-07 15:46:00,GSVR.V,,0.6000000238418579,0.6000000238418579,0.6000000238418579,0.6000000238418579,53300.0
2026-04-07 15:46:00,HEVI.V,,0.2199999988079071,0.2199999988079071,0.2199999988079071,0.2199999988079071,500.0
2026-04-07 15:46:00,HITI.V,,3.190000057220459,3.190000057220459,3.180000066757202,3.180000066757202,400.0
2026-04-07 15:46:00,HIVE.V,,2.700000047683716,2.700000047683716,2.700000047683716,2.700000047683716,8800.0
2026-04-07 15:46:00,HME.V,,2.8350000381469727,2.8350000381469727,2.8350000381469727,2.8350000381469727,4300.0
2026-04-07 15:46:00,HSTR.V,,2.3450000286102295,2.3450000286102295,2.3350000381469727,2.3350000381469727,1200.0
2026-04-07 15:46:00,IPT.V,,0.23000000417232513,0.23000000417232513,0.23000000417232513,0.23000000417232513,500.0
2026-04-07 15:46:00,ITR.V,,3.9600000381469727,3.9600000381469727,3.9600000381469727,3.9600000381469727,1500.0
2026-04-07 15:46:00,LGN.V,,0.949999988079071,0.949999988079071,0.949999988079071,0.949999988079071,10000.0
2026-04-07 15:46:00,LMN.V,,22.790000915527344,22.850000381469727,22.65999984741211,22.65999984741211,6200.0
2026-04-07 15:46:00,LUCA.V,,1.3600000143051147,1.3600000143051147,1.3600000143051147,1.3600000143051147,500.0
2026-04-07 15:46:00,LVG.V,,0.3100000023841858,0.3100000023841858,0.3100000023841858,0.3100000023841858,10000.0
2026-04-07 15:46:00,MD.V,,0.4449999928474426,0.4449999928474426,0.4449999928474426,0.4449999928474426,6500.0
2026-04-07 15:46:00,MFG.V,,4.400000095367432,4.400000095367432,4.400000095367432,4.400000095367432,700.0
2026-04-07 15:46:00,MLP.V,,1.9299999475479126,1.9500000476837158,1.9299999475479126,1.9500000476837158,1300.0
2026-04-07 15:46:00,MMG.V,,0.2849999964237213,0.2849999964237213,0.2849999964237213,0.2849999964237213,15500.0
2026-04-07 15:46:00,MVM-H.V,,0.004999999888241291,0.004999999888241291,0.004999999888241291,0.004999999888241291,14000.0
2026-04-07 15:46:00,PNG.V,,8.420000076293945,8.420000076293945,8.40999984741211,8.40999984741211,1900.0
2026-04-07 15:46:00,ZNG.V,,1.0199999809265137,1.0199999809265137,1.0199999809265137,1.0199999809265137,100.0
2026-04-07 15:47:00,FDR.V,,3.7850000858306885,3.7899999618530273,3.7850000858306885,3.7899999618530273,400.0
2026-04-07 15:47:00,FWZ.V,,4.349999904632568,4.349999904632568,4.320000171661377,4.320000171661377,525.0
2026-04-07 15:47:00,GLAD.V,,1.2000000476837158,1.2000000476837158,1.2000000476837158,1.2000000476837158,14900.0
2026-04-07 15:47:00,GMG.V,,2.059999942779541,2.059999942779541,2.059999942779541,2.059999942779541,200.0
2026-04-07 15:47:00,GOT.V,,1.590000033378601,1.590000033378601,1.590000033378601,1.590000033378601,1000.0
2026-04-07 15:47:00,GSVR.V,,0.6000000238418579,0.6000000238418579,0.6000000238418579,0.6000000238418579,1000.0
2026-04-07 15:47:00,HEVI.V,,0.2199999988079071,0.2199999988079071,0.2199999988079071,0.2199999988079071,8000.0
2026-04-07 15:47:00,HIVE.V,,2.700000047683716,2.700000047683716,2.700000047683716,2.700000047683716,3100.0
2026-04-07 15:47:00,HME.V,,2.8299999237060547,2.8299999237060547,2.8299999237060547,2.8299999237060547,600.0
2026-04-07 15:47:00,HSTR.V,,2.3399999141693115,2.3399999141693115,2.3399999141693115,2.3399999141693115,3700.0
2026-04-07 15:47:00,HVG.V,,0.054999999701976776,0.054999999701976776,0.054999999701976776,0.054999999701976776,6000.0
2026-04-07 15:47:00,KTN.V,,1.3650000095367432,1.3650000095367432,1.3650000095367432,1.3650000095367432,100.0
2026-04-07 15:47:00,LMN.V,,22.809999465942383,22.834999084472656,22.760000228881836,22.780000686645508,2300.0
2026-04-07 15:47:00,LTH.V,,1.3450000286102295,1.3450000286102295,1.3450000286102295,1.3450000286102295,1100.0
2026-04-07 15:47:00,LUCA.V,,1.3600000143051147,1.3600000143051147,1.350000023841858,1.350000023841858,900.0
2026-04-07 15:47:00,LVG.V,,0.3100000023841858,0.3100000023841858,0.3100000023841858,0.3100000023841858,2510.0
2026-04-07 15:47:00,MKO.V,,8.880000114440918,8.880000114440918,8.880000114440918,8.880000114440918,200.0
2026-04-07 15:47:00,MMG.V,,0.28999999165534973,0.28999999165534973,0.28999999165534973,0.28999999165534973,18000.0
2026-04-07 15:47:00,NURS.V,,3.0999999046325684,3.0999999046325684,3.0899999141693115,3.0899999141693115,800.0
2026-04-07 15:47:00,PNG.V,,8.4399995803833,8.4399995803833,8.430000305175781,8.430000305175781,2500.0
2026-04-07 15:47:00,ZNG.V,,1.0199999809265137,1.0199999809265137,1.0199999809265137,1.0199999809265137,100.0
2026-04-07 15:48:00,FG.V,,0.014999999664723873,0.014999999664723873,0.014999999664723873,0.014999999664723873,1000.0
2026-04-07 15:48:00,FPC.V,,0.375,0.375,0.375,0.375,993.0
2026-04-07 15:48:00,GOT.V,,1.590000033378601,1.590000033378601,1.590000033378601,1.590000033378601,2300.0
2026-04-07 15:48:00,GSVR.V,,0.6000000238418579,0.6000000238418579,0.6000000238418579,0.6000000238418579,4000.0
2026-04-07 15:48:00,ITR.V,,3.9700000286102295,3.9700000286102295,3.9700000286102295,3.9700000286102295,200.0
2026-04-07 15:48:00,IVS.V,,0.23000000417232513,0.23000000417232513,0.23000000417232513,0.23000000417232513,6500.0
2026-04-07 15:48:00,KG.V,,0.19499999284744263,0.19499999284744263,0.19499999284744263,0.19499999284744263,17000.0
2026-04-07 15:48:00,LMN.V,,22.899999618530273,22.899999618530273,22.899999618530273,22.899999618530273,100.0
2026-04-07 15:48:00,LSD-H.V,,0.03999999910593033,0.03999999910593033,0.03500000014901161,0.03500000014901161,0.0
2026-04-07 15:48:00,LTH.V,,1.3450000286102295,1.3450000286102295,1.3450000286102295,1.3450000286102295,1000.0
2026-04-07 15:48:00,LUCA.V,,1.350000023841858,1.350000023841858,1.350000023841858,1.350000023841858,200.0
2026-04-07 15:48:00,MKO.V,,8.890000343322754,8.890000343322754,8.890000343322754,8.890000343322754,100.0
2026-04-07 15:48:00,MLP.V,,1.940000057220459,1.940000057220459,1.940000057220459,1.940000057220459,100.0
2026-04-07 15:48:00,PNG.V,,8.420000076293945,8.4399995803833,8.420000076293945,8.430000305175781,2265.0
2026-04-07 15:49:00,BIG.V,,0.6700000166893005,0.6700000166893005,0.6700000166893005,0.6700000166893005,4500.0
2026-04-07 15:49:00,EVER.V,,0.5099999904632568,0.5099999904632568,0.5099999904632568,0.5099999904632568,1000.0
2026-04-07 15:49:00,FPC.V,,0.3799999952316284,0.3799999952316284,0.375,0.375,21500.0
2026-04-07 15:49:00,GEL.V,,0.12999999523162842,0.12999999523162842,0.12999999523162842,0.12999999523162842,10258.0
2026-04-07 15:49:00,GMG.V,,2.059999942779541,2.059999942779541,2.059999942779541,2.059999942779541,200.0
2026-04-07 15:49:00,GOT.V,,1.590000033378601,1.590000033378601,1.590000033378601,1.590000033378601,400.0
2026-04-07 15:49:00,GSI.V,,1.2200000286102295,1.2200000286102295,1.2200000286102295,1.2200000286102295,2500.0
2026-04-07 15:49:00,GSVR.V,,0.6000000238418579,0.6000000238418579,0.6000000238418579,0.6000000238418579,10000.0
2026-04-07 15:49:00,HEVI.V,,0.2199999988079071,0.2199999988079071,0.2199999988079071,0.2199999988079071,500.0
2026-04-07 15:49:00,HIVE.V,,2.700000047683716,2.700000047683716,2.700000047683716,2.700000047683716,1400.0
2026-04-07 15:49:00,HSTR.V,,2.3399999141693115,2.3450000286102295,2.3399999141693115,2.3450000286102295,700.0
2026-04-07 15:49:00,KDA.V,,0.11500000208616257,0.11500000208616257,0.11500000208616257,0.11500000208616257,0.0
2026-04-07 15:49:00,KRY.V,,3.1600000858306885,3.1600000858306885,3.1500000953674316,3.1500000953674316,600.0
2026-04-07 15:49:00,LMN.V,,22.889999389648438,22.889999389648438,22.825000762939453,22.825000762939453,266.0
2026-04-07 15:49:00,LTH.V,,1.350000023841858,1.350000023841858,1.3450000286102295,1.3450000286102295,900.0
2026-04-07 15:49:00,MGM.V,,2.319999933242798,2.319999933242798,2.299999952316284,2.299999952316284,1400.0
2026-04-07 15:49:00,MLP.V,,1.9500000476837158,1.9500000476837158,1.940000057220459,1.940000057220459,3300.0
2026-04-07 15:49:00,NICU.V,,2.075000047683716,2.075000047683716,2.075000047683716,2.075000047683716,300.0
2026-04-07 15:49:00,NURS.V,,3.0999999046325684,3.0999999046325684,3.0999999046325684,3.0999999046325684,100.0
2026-04-07 15:49:00,PNG.V,,8.4399995803833,8.4399995803833,8.430000305175781,8.430000305175781,4290.0
2026-04-07 15:49:00,ZNG.V,,1.0199999809265137,1.0199999809265137,1.0199999809265137,1.0199999809265137,3000.0
2026-04-07 15:50:00,BIG.V,,0.6700000166893005,0.6700000166893005,0.6700000166893005,0.6700000166893005,37500.0
2026-04-07 15:50:00,FDR.V,,3.7899999618530273,3.809999942779541,3.7899999618530273,3.7899999618530273,3600.0
2026-04-07 15:50:00,GMG.V,,2.059999942779541,2.059999942779541,2.059999942779541,2.059999942779541,849.0
2026-04-07 15:50:00,GQC.V,,2.299999952316284,2.299999952316284,2.299999952316284,2.299999952316284,100.0
2026-04-07 15:50:00,HEVI.V,,0.2199999988079071,0.2199999988079071,0.2199999988079071,0.2199999988079071,10000.0
2026-04-07 15:50:00,HITI.V,,3.180000066757202,3.180000066757202,3.180000066757202,3.180000066757202,100.0
2026-04-07 15:50:00,HIVE.V,,2.700000047683716,2.700000047683716,2.700000047683716,2.700000047683716,1500.0
2026-04-07 15:50:00,HSTR.V,,2.3450000286102295,2.3499999046325684,2.3450000286102295,2.3499999046325684,900.0
2026-04-07 15:50:00,JUGR.V,,1.2699999809265137,1.2699999809265137,1.2699999809265137,1.2699999809265137,300.0
2026-04-07 15:50:00,KGS.V,,0.12999999523162842,0.12999999523162842,0.12999999523162842,0.12999999523162842,25000.0
2026-04-07 15:50:00,KTO.V,,0.6700000166893005,0.6700000166893005,0.6700000166893005,0.6700000166893005,500.0
2026-04-07 15:50:00,LG.V,,0.33500000834465027,0.33500000834465027,0.33500000834465027,0.33500000834465027,16500.0
2026-04-07 15:50:00,LGN.V,,0.9549999833106995,0.9599999785423279,0.9549999833106995,0.9599999785423279,3000.0
2026-04-07 15:50:00,LMN.V,,22.860000610351562,22.8700008392334,22.860000610351562,22.8700008392334,400.0
2026-04-07 15:50:00,MGM.V,,2.309999942779541,2.309999942779541,2.299999952316284,2.299999952316284,3800.0
2026-04-07 15:50:00,MKO.V,,8.899999618530273,8.899999618530273,8.890000343322754,8.890000343322754,1200.0
2026-04-07 15:50:00,MLP.V,,1.9500000476837158,1.9500000476837158,1.9500000476837158,1.9500000476837158,1100.0
2026-04-07 15:50:00,PNG.V,,8.449999809265137,8.460000038146973,8.4399995803833,8.449999809265137,7000.0
2026-04-07 15:50:00,ROAR.V,,0.22499999403953552,0.22499999403953552,0.22499999403953552,0.22499999403953552,4000.0
2026-04-07 15:50:00,YGT.V,,0.1899999976158142,0.1899999976158142,0.1899999976158142,0.1899999976158142,13000.0
2026-04-07 15:51:00,FDR.V,,3.809999942779541,3.809999942779541,3.799999952316284,3.809999942779541,3800.0
2026-04-07 15:51:00,FWZ.V,,4.349999904632568,4.349999904632568,4.349999904632568,4.349999904632568,2600.0
2026-04-07 15:51:00,GBML.V,,0.17000000178813934,0.17000000178813934,0.17000000178813934,0.17000000178813934,2000.0
2026-04-07 15:51:00,GGO.V,,0.9399999976158142,0.949999988079071,0.9399999976158142,0.949999988079071,78930.0
2026-04-07 15:51:00,GMA.V,,0.27000001072883606,0.27000001072883606,0.27000001072883606,0.27000001072883606,1500.0
2026-04-07 15:51:00,GMG.V,,2.059999942779541,2.059999942779541,2.059999942779541,2.059999942779541,1100.0
2026-04-07 15:51:00,GPAC.V,,0.4300000071525574,0.4300000071525574,0.4300000071525574,0.4300000071525574,500.0
2026-04-07 15:51:00,HIVE.V,,2.700000047683716,2.700000047683716,2.700000047683716,2.700000047683716,1161.0
2026-04-07 15:51:00,IFOS.V,,3.75,3.75,3.75,3.75,100.0
2026-04-07 15:51:00,JEV.V,,0.09000000357627869,0.09000000357627869,0.09000000357627869,0.09000000357627869,11000.0
2026-04-07 15:51:00,LG.V,,0.33500000834465027,0.33500000834465027,0.33500000834465027,0.33500000834465027,5000.0
2026-04-07 15:51:00,LMN.V,,22.959999084472656,23.0,22.850000381469727,22.850000381469727,7763.0
2026-04-07 15:51:00,LTH.V,,1.340000033378601,1.3450000286102295,1.340000033378601,1.3450000286102295,3400.0
2026-04-07 15:51:00,LUCA.V,,1.3600000143051147,1.3600000143051147,1.3600000143051147,1.3600000143051147,200.0
2026-04-07 15:51:00,MGM.V,,2.309999942779541,2.309999942779541,2.299999952316284,2.299999952316284,1700.0
2026-04-07 15:51:00,MKO.V,,8.895000457763672,8.895000457763672,8.880000114440918,8.880000114440918,435.0
2026-04-07 15:51:00,MTA.V,,9.199999809265137,9.199999809265137,9.199999809265137,9.199999809265137,100.0
2026-04-07 15:51:00,PNG.V,,8.449999809265137,8.470000267028809,8.420000076293945,8.430000305175781,4002.0
2026-04-07 15:51:00,ZNG.V,,1.0199999809265137,1.0199999809265137,1.0099999904632568,1.0099999904632568,6400.0
2026-04-07 15:52:00,FDR.V,,3.809999942779541,3.809999942779541,3.799999952316284,3.799999952316284,1800.0
2026-04-07 15:52:00,FMAN.V,,0.3100000023841858,0.3100000023841858,0.3100000023841858,0.3100000023841858,1000.0
2026-04-07 15:52:00,FPC.V,,0.3799999952316284,0.3799999952316284,0.3799999952316284,0.3799999952316284,500.0
2026-04-07 15:52:00,GGO.V,,0.9399999976158142,0.9399999976158142,0.9399999976158142,0.9399999976158142,9800.0
2026-04-07 15:52:00,GOT.V,,1.590000033378601,1.590000033378601,1.590000033378601,1.590000033378601,3900.0
2026-04-07 15:52:00,GRB.V,,0.41999998688697815,0.4399999976158142,0.41999998688697815,0.4399999976158142,10000.0
2026-04-07 15:52:00,GSVR.V,,0.6000000238418579,0.6000000238418579,0.6000000238418579,0.6000000238418579,16000.0
2026-04-07 15:52:00,HEVI.V,,0.2199999988079071,0.2199999988079071,0.2199999988079071,0.2199999988079071,7500.0
2026-04-07 15:52:00,HME.V,,2.8299999237060547,2.8299999237060547,2.8299999237060547,2.8299999237060547,200.0
2026-04-07 15:52:00,HSTR.V,,2.3499999046325684,2.3499999046325684,2.3399999141693115,2.3499999046325684,6000.0
2026-04-07 15:52:00,ITR.V,,3.9800000190734863,3.9800000190734863,3.9800000190734863,3.9800000190734863,200.0
2026-04-07 15:52:00,LGN.V,,0.9599999785423279,0.9599999785423279,0.9599999785423279,0.9599999785423279,1000.0
2026-04-07 15:52:00,LMN.V,,22.8799991607666,22.959999084472656,22.850000381469727,22.90999984741211,5000.0
2026-04-07 15:52:00,LTH.V,,1.340000033378601,1.3450000286102295,1.340000033378601,1.3450000286102295,4200.0
2026-04-07 15:52:00,LUCA.V,,1.3600000143051147,1.3600000143051147,1.3600000143051147,1.3600000143051147,2700.0
2026-04-07 15:52:00,MCS.V,,2.059999942779541,2.059999942779541,2.059999942779541,2.059999942779541,200.0
2026-04-07 15:52:00,MGM.V,,2.299999952316284,2.309999942779541,2.299999952316284,2.305000066757202,2300.0
2026-04-07 15:52:00,PNG.V,,8.470000267028809,8.470000267028809,8.460000038146973,8.470000267028809,2400.0
2026-04-07 15:52:00,ZNG.V,,1.0199999809265137,1.0199999809265137,1.0099999904632568,1.0099999904632568,6000.0
2026-04-07 15:53:00,EQTY.V,,0.2800000011920929,0.2800000011920929,0.2800000011920929,0.2800000011920929,4500.0
2026-04-07 15:53:00,FDR.V,,3.7899999618530273,3.799999952316284,3.7899999618530273,3.799999952316284,2400.0
2026-04-07 15:53:00,FUU.V,,0.17000000178813934,0.17000000178813934,0.16750000417232513,0.16750000417232513,15000.0
2026-04-07 15:53:00,FWZ.V,,4.340000152587891,4.349999904632568,4.340000152587891,4.340000152587891,741.0
2026-04-07 15:53:00,GGO.V,,0.9300000071525574,0.9300000071525574,0.9300000071525574,0.9300000071525574,200.0
2026-04-07 15:53:00,GQC.V,,2.2899999618530273,2.2899999618530273,2.2899999618530273,2.2899999618530273,100.0
2026-04-07 15:53:00,GSI.V,,1.2200000286102295,1.2200000286102295,1.2200000286102295,1.2200000286102295,1600.0
2026-04-07 15:53:00,GSVR.V,,0.6000000238418579,0.6000000238418579,0.6000000238418579,0.6000000238418579,48000.0
2026-04-07 15:53:00,HIVE.V,,2.700000047683716,2.700000047683716,2.700000047683716,2.700000047683716,10760.0
2026-04-07 15:53:00,HSTR.V,,2.3450000286102295,2.3450000286102295,2.3450000286102295,2.3450000286102295,100.0
2026-04-07 15:53:00,IFOS.V,,3.75,3.75,3.75,3.75,230.0
2026-04-07 15:53:00,IPT.V,,0.23000000417232513,0.23000000417232513,0.23000000417232513,0.23000000417232513,500.0
2026-04-07 15:53:00,LGN.V,,0.9599999785423279,0.9599999785423279,0.9599999785423279,0.9599999785423279,500.0
2026-04-07 15:53:00,LIS.V,,0.4950000047683716,0.4950000047683716,0.4950000047683716,0.4950000047683716,100000.0
2026-04-07 15:53:00,LMN.V,,22.84000015258789,22.940000534057617,22.829999923706055,22.829999923706055,1700.0
2026-04-07 15:53:00,LTH.V,,1.3350000381469727,1.3350000381469727,1.3350000381469727,1.3350000381469727,100.0
2026-04-07 15:53:00,MFG.V,,4.400000095367432,4.400000095367432,4.400000095367432,4.400000095367432,1100.0
2026-04-07 15:53:00,MGM.V,,2.309999942779541,2.309999942779541,2.299999952316284,2.305000066757202,4800.0
2026-04-07 15:53:00,MLP.V,,1.940000057220459,1.940000057220459,1.940000057220459,1.940000057220459,1400.0
2026-04-07 15:53:00,MTT.V,,0.1899999976158142,0.1899999976158142,0.1899999976158142,0.1899999976158142,2000.0
2026-04-07 15:53:00,PNG.V,,8.479999542236328,8.479999542236328,8.475000381469727,8.479999542236328,3100.0
2026-04-07 15:53:00,ZNG.V,,1.0199999809265137,1.0199999809265137,1.0199999809265137,1.0199999809265137,100.0
2026-04-07 15:54:00,BIG.V,,0.6700000166893005,0.6700000166893005,0.6700000166893005,0.6700000166893005,8000.0
2026-04-07 15:54:00,FDR.V,,3.7899999618530273,3.7899999618530273,3.7899999618530273,3.7899999618530273,400.0
2026-04-07 15:54:00,GGO.V,,0.949999988079071,0.949999988079071,0.949999988079071,0.949999988079071,5000.0
2026-04-07 15:54:00,GOT.V,,1.590000033378601,1.590000033378601,1.590000033378601,1.590000033378601,1000.0
2026-04-07 15:54:00,GPAC.V,,0.4300000071525574,0.4300000071525574,0.4300000071525574,0.4300000071525574,500.0
2026-04-07 15:54:00,GPH.V,,1.2200000286102295,1.2200000286102295,1.2200000286102295,1.2200000286102295,8700.0
2026-04-07 15:54:00,GRB.V,,0.4099999964237213,0.4099999964237213,0.4099999964237213,0.4099999964237213,7500.0
2026-04-07 15:54:00,GSI.V,,1.2200000286102295,1.2200000286102295,1.2200000286102295,1.2200000286102295,2000.0
2026-04-07 15:54:00,HIVE.V,,2.700000047683716,2.700000047683716,2.700000047683716,2.700000047683716,900.0
2026-04-07 15:54:00,HSTR.V,,2.3450000286102295,2.3450000286102295,2.3450000286102295,2.3450000286102295,200.0
2026-04-07 15:54:00,HVG.V,,0.054999999701976776,0.054999999701976776,0.054999999701976776,0.054999999701976776,30000.0
2026-04-07 15:54:00,ITR.V,,3.9800000190734863,3.9800000190734863,3.9800000190734863,3.9800000190734863,200.0
2026-04-07 15:54:00,KTN.V,,1.3600000143051147,1.3600000143051147,1.3600000143051147,1.3600000143051147,500.0
2026-04-07 15:54:00,KTO.V,,0.6700000166893005,0.6700000166893005,0.6700000166893005,0.6700000166893005,500.0
2026-04-07 15:54:00,LCX.V,,2.0299999713897705,2.0299999713897705,2.0299999713897705,2.0299999713897705,100.0
2026-04-07 15:54:00,LGN.V,,0.9599999785423279,0.9599999785423279,0.9599999785423279,0.9599999785423279,1500.0
2026-04-07 15:54:00,LMN.V,,22.84000015258789,22.889999389648438,22.84000015258789,22.84000015258789,3600.0
2026-04-07 15:54:00,LTH.V,,1.340000033378601,1.340000033378601,1.3350000381469727,1.3350000381469727,4500.0
2026-04-07 15:54:00,MLP.V,,1.9299999475479126,1.9299999475479126,1.9299999475479126,1.9299999475479126,100.0
2026-04-07 15:54:00,NICU.V,,2.0799999237060547,2.0799999237060547,2.0799999237060547,2.0799999237060547,1500.0
2026-04-07 15:54:00,PNG.V,,8.489999771118164,8.5,8.479999542236328,8.479999542236328,26621.0
2026-04-07 15:54:00,ZNG.V,,1.0199999809265137,1.0199999809265137,1.0199999809265137,1.0199999809265137,200.0
2026-04-07 15:55:00,EQTY.V,,0.2800000011920929,0.2800000011920929,0.2800000011920929,0.2800000011920929,5000.0
2026-04-07 15:55:00,FMAN.V,,0.3050000071525574,0.3050000071525574,0.3050000071525574,0.3050000071525574,1000.0
2026-04-07 15:55:00,FPC.V,,0.3799999952316284,0.3799999952316284,0.3799999952316284,0.3799999952316284,500.0
2026-04-07 15:55:00,FUU.V,,0.17000000178813934,0.17000000178813934,0.17000000178813934,0.17000000178813934,28346.0
2026-04-07 15:55:00,FWZ.V,,4.34499979019165,4.349999904632568,4.34499979019165,4.349999904632568,1148.0
2026-04-07 15:55:00,GLAD.V,,1.2100000381469727,1.2100000381469727,1.2100000381469727,1.2100000381469727,10000.0
2026-04-07 15:55:00,GSVR.V,,0.6000000238418579,0.6000000238418579,0.5950000286102295,0.6000000238418579,23633.0
2026-04-07 15:55:00,GWM.V,,0.6200000047683716,0.6200000047683716,0.6150000095367432,0.6150000095367432,4000.0
2026-04-07 15:55:00,HEVI.V,,0.2199999988079071,0.2199999988079071,0.2199999988079071,0.2199999988079071,10000.0
2026-04-07 15:55:00,HSTR.V,,2.3499999046325684,2.3550000190734863,2.3499999046325684,2.3499999046325684,3100.0
2026-04-07 15:55:00,IFOS.V,,3.75,3.75,3.75,3.75,100.0
2026-04-07 15:55:00,IPT.V,,0.23000000417232513,0.23000000417232513,0.23000000417232513,0.23000000417232513,7000.0
2026-04-07 15:55:00,ITR.V,,3.9700000286102295,3.9800000190734863,3.9700000286102295,3.9800000190734863,141900.0
2026-04-07 15:55:00,KDSX.V,,0.6000000238418579,0.6000000238418579,0.6000000238418579,0.6000000238418579,500.0
2026-04-07 15:55:00,KRI.V,,0.3050000071525574,0.3050000071525574,0.3050000071525574,0.3050000071525574,10000.0
2026-04-07 15:55:00,KTN.V,,1.3600000143051147,1.3600000143051147,1.3600000143051147,1.3600000143051147,9300.0
2026-04-07 15:55:00,LG.V,,0.33500000834465027,0.33500000834465027,0.33500000834465027,0.33500000834465027,5000.0
2026-04-07 15:55:00,LGC.V,,1.9800000190734863,1.9800000190734863,1.9800000190734863,1.9800000190734863,100.0
2026-04-07 15:55:00,LGN.V,,0.9599999785423279,0.9599999785423279,0.9599999785423279,0.9599999785423279,4000.0
2026-04-07 15:55:00,LMG.V,,0.5899999737739563,0.5899999737739563,0.5899999737739563,0.5899999737739563,3000.0
2026-04-07 15:55:00,LMN.V,,22.889999389648438,22.889999389648438,22.84000015258789,22.8799991607666,2700.0
2026-04-07 15:55:00,LVG.V,,0.3100000023841858,0.3149999976158142,0.3100000023841858,0.3100000023841858,13000.0
2026-04-07 15:55:00,MCF.V,,0.03999999910593033,0.03999999910593033,0.03999999910593033,0.03999999910593033,18000.0
2026-04-07 15:55:00,MFG.V,,4.429999828338623,4.429999828338623,4.429999828338623,4.429999828338623,900.0
2026-04-07 15:55:00,MGM.V,,2.309999942779541,2.309999942779541,2.299999952316284,2.309999942779541,5700.0
2026-04-07 15:55:00,MKR.V,,0.15000000596046448,0.15000000596046448,0.15000000596046448,0.15000000596046448,5000.0
2026-04-07 15:55:00,NICU.V,,2.0799999237060547,2.0799999237060547,2.0799999237060547,2.0799999237060547,1200.0
2026-04-07 15:55:00,PNG.V,,8.5,8.5,8.479999542236328,8.489999771118164,22912.0
2026-04-07 15:55:00,ZNG.V,,1.024999976158142,1.024999976158142,1.0199999809265137,1.0199999809265137,200.0
2026-04-07 15:56:00,FAIR.V,,0.07500000298023224,0.07500000298023224,0.07500000298023224,0.07500000298023224,7000.0
2026-04-07 15:56:00,FO.V,,0.38749998807907104,0.38749998807907104,0.38749998807907104,0.38749998807907104,500.0
2026-04-07 15:56:00,FUU.V,,0.16750000417232513,0.16750000417232513,0.16750000417232513,0.16750000417232513,1500.0
2026-04-07 15:56:00,GMG.V,,2.0799999237060547,2.0799999237060547,2.0799999237060547,2.0799999237060547,1200.0
2026-04-07 15:56:00,GOT.V,,1.5950000286102295,1.5950000286102295,1.5950000286102295,1.5950000286102295,300.0
2026-04-07 15:56:00,GPH.V,,1.2100000381469727,1.2100000381469727,1.2100000381469727,1.2100000381469727,200.0
2026-04-07 15:56:00,GQC.V,,2.2799999713897705,2.2899999618530273,2.2799999713897705,2.2899999618530273,900.0
2026-04-07 15:56:00,GRSL.V,,0.3050000071525574,0.3050000071525574,0.3050000071525574,0.3050000071525574,1500.0
2026-04-07 15:56:00,GSVR.V,,0.6000000238418579,0.6000000238418579,0.6000000238418579,0.6000000238418579,2300.0
2026-04-07 15:56:00,GWM.V,,0.6100000143051147,0.6100000143051147,0.6100000143051147,0.6100000143051147,2500.0
2026-04-07 15:56:00,HEVI.V,,0.2199999988079071,0.2199999988079071,0.2199999988079071,0.2199999988079071,3000.0
2026-04-07 15:56:00,HITI.V,,3.1700000762939453,3.1700000762939453,3.1700000762939453,3.1700000762939453,100.0
2026-04-07 15:56:00,HIVE.V,,2.7100000381469727,2.7200000286102295,2.7100000381469727,2.7100000381469727,15397.0
2026-04-07 15:56:00,HME.V,,2.8399999141693115,2.8399999141693115,2.8299999237060547,2.8299999237060547,2920.0
2026-04-07 15:56:00,IFOS.V,,3.75,3.75,3.75,3.75,100.0
2026-04-07 15:56:00,ITR.V,,3.9600000381469727,3.9700000286102295,3.9600000381469727,3.9700000286102295,3000.0
2026-04-07 15:56:00,KALO.V,,0.2150000035762787,0.2150000035762787,0.2150000035762787,0.2150000035762787,500.0
2026-04-07 15:56:00,LG.V,,0.33500000834465027,0.33500000834465027,0.33500000834465027,0.33500000834465027,800.0
2026-04-07 15:56:00,LMN.V,,22.84000015258789,22.899999618530273,22.84000015258789,22.8799991607666,2900.0
2026-04-07 15:56:00,LTH.V,,1.340000033378601,1.340000033378601,1.3350000381469727,1.340000033378601,4600.0
2026-04-07 15:56:00,LUCA.V,,1.3700000047683716,1.3700000047683716,1.3700000047683716,1.3700000047683716,200.0
2026-04-07 15:56:00,LVG.V,,0.3100000023841858,0.3100000023841858,0.3100000023841858,0.3100000023841858,5500.0
2026-04-07 15:56:00,MFG.V,,4.380000114440918,4.389999866485596,4.380000114440918,4.389999866485596,1500.0
2026-04-07 15:56:00,MGM.V,,2.309999942779541,2.309999942779541,2.299999952316284,2.305000066757202,5400.0
2026-04-07 15:56:00,MJS.V,,0.13500000536441803,0.14000000059604645,0.13500000536441803,0.14000000059604645,175669.0
2026-04-07 15:56:00,MKO.V,,8.899999618530273,8.899999618530273,8.899999618530273,8.899999618530273,200.0
2026-04-07 15:56:00,MLP.V,,1.9500000476837158,1.9500000476837158,1.9500000476837158,1.9500000476837158,4600.0
2026-04-07 15:56:00,MSC.V,,0.014999999664723873,0.014999999664723873,0.014999999664723873,0.014999999664723873,0.0
2026-04-07 15:56:00,NICU.V,,2.0999999046325684,2.0999999046325684,2.0799999237060547,2.0799999237060547,52600.0
2026-04-07 15:56:00,NURS.V,,3.0999999046325684,3.0999999046325684,3.0999999046325684,3.0999999046325684,100.0
2026-04-07 15:56:00,PNG.V,,8.510000228881836,8.510000228881836,8.5,8.5,3226.0
2026-04-07 15:56:00,ROAR.V,,0.22499999403953552,0.22499999403953552,0.22499999403953552,0.22499999403953552,1600.0
2026-04-07 15:56:00,ZNG.V,,1.024999976158142,1.024999976158142,1.024999976158142,1.024999976158142,300.0
2026-04-07 15:57:00,FDR.V,,3.7699999809265137,3.7899999618530273,3.7699999809265137,3.7899999618530273,3700.0
2026-04-07 15:57:00,FPC.V,,0.38499999046325684,0.38499999046325684,0.38499999046325684,0.38499999046325684,500.0
2026-04-07 15:57:00,FUU.V,,0.17000000178813934,0.17000000178813934,0.17000000178813934,0.17000000178813934,500.0
2026-04-07 15:57:00,FWZ.V,,4.349999904632568,4.360000133514404,4.349999904632568,4.349999904632568,1700.0
2026-04-07 15:57:00,GLAD.V,,1.2200000286102295,1.2200000286102295,1.2200000286102295,1.2200000286102295,8000.0
2026-04-07 15:57:00,GMG.V,,2.0799999237060547,2.0799999237060547,2.0799999237060547,2.0799999237060547,600.0
2026-04-07 15:57:00,GOT.V,,1.5950000286102295,1.5950000286102295,1.5950000286102295,1.5950000286102295,300.0
2026-04-07 15:57:00,GPAC.V,,0.4300000071525574,0.4300000071525574,0.4300000071525574,0.4300000071525574,500.0
2026-04-07 15:57:00,GQC.V,,2.2799999713897705,2.2799999713897705,2.2799999713897705,2.2799999713897705,800.0
2026-04-07 15:57:00,GRSL.V,,0.3075000047683716,0.3075000047683716,0.3075000047683716,0.3075000047683716,11500.0
2026-04-07 15:57:00,GSTM.V,,0.20999999344348907,0.20999999344348907,0.20999999344348907,0.20999999344348907,2500.0
2026-04-07 15:57:00,GWM.V,,0.6100000143051147,0.6100000143051147,0.6100000143051147,0.6100000143051147,47000.0
2026-04-07 15:57:00,HEVI.V,,0.2199999988079071,0.2199999988079071,0.2199999988079071,0.2199999988079071,11500.0
2026-04-07 15:57:00,HITI.V,,3.1600000858306885,3.1600000858306885,3.1600000858306885,3.1600000858306885,100.0
2026-04-07 15:57:00,HIVE.V,,2.7100000381469727,2.7100000381469727,2.7100000381469727,2.7100000381469727,700.0
2026-04-07 15:57:00,HME.V,,2.8399999141693115,2.8399999141693115,2.8399999141693115,2.8399999141693115,200.0
2026-04-07 15:57:00,HSTR.V,,2.3399999141693115,2.3399999141693115,2.3399999141693115,2.3399999141693115,2200.0
2026-04-07 15:57:00,IPT.V,,0.23000000417232513,0.23000000417232513,0.23000000417232513,0.23000000417232513,14000.0
2026-04-07 15:57:00,ITR.V,,4.010000228881836,4.010000228881836,3.9800000190734863,3.9800000190734863,39300.0
2026-04-07 15:57:00,KTO.V,,0.6800000071525574,0.6800000071525574,0.6800000071525574,0.6800000071525574,2000.0
2026-04-07 15:57:00,LGC.V,,2.009999990463257,2.009999990463257,2.009999990463257,2.009999990463257,100.0
2026-04-07 15:57:00,LMN.V,,22.739999771118164,22.889999389648438,22.739999771118164,22.8799991607666,4763.0
2026-04-07 15:57:00,LTH.V,,1.3300000429153442,1.3350000381469727,1.3300000429153442,1.3350000381469727,3600.0
2026-04-07 15:57:00,LUCA.V,,1.3650000095367432,1.3650000095367432,1.3650000095367432,1.3650000095367432,900.0
2026-04-07 15:57:00,MGM.V,,2.299999952316284,2.309999942779541,2.299999952316284,2.305000066757202,1900.0
2026-04-07 15:57:00,MIM.V,,0.23499999940395355,0.23499999940395355,0.23499999940395355,0.23499999940395355,2500.0
2026-04-07 15:57:00,MJS.V,,0.13500000536441803,0.14000000059604645,0.13500000536441803,0.14000000059604645,100500.0
2026-04-07 15:57:00,MKO.V,,8.880000114440918,8.880000114440918,8.880000114440918,8.880000114440918,100.0
2026-04-07 15:57:00,MLP.V,,1.9500000476837158,1.9500000476837158,1.9500000476837158,1.9500000476837158,1200.0
2026-04-07 15:57:00,NICU.V,,2.0999999046325684,2.0999999046325684,2.0999999046325684,2.0999999046325684,3200.0
2026-04-07 15:57:00,NURS.V,,3.0999999046325684,3.0999999046325684,3.0999999046325684,3.0999999046325684,200.0
2026-04-07 15:57:00,PNG.V,,8.5,8.510000228881836,8.489999771118164,8.5,3400.0
2026-04-07 15:57:00,ZNG.V,,1.0199999809265137,1.024999976158142,1.0199999809265137,1.024999976158142,200.0
2026-04-07 15:58:00,BIG.V,,0.6700000166893005,0.6700000166893005,0.6700000166893005,0.6700000166893005,2500.0
2026-04-07 15:58:00,FUU.V,,0.17000000178813934,0.17000000178813934,0.17000000178813934,0.17000000178813934,2000.0
2026-04-07 15:58:00,GLAD.V,,1.2200000286102295,1.2200000286102295,1.2200000286102295,1.2200000286102295,500.0
2026-04-07 15:58:00,GOT.V,,1.5950000286102295,1.5950000286102295,1.5950000286102295,1.5950000286102295,300.0
2026-04-07 15:58:00,GPAC.V,,0.4350000023841858,0.4350000023841858,0.4350000023841858,0.4350000023841858,500.0
2026-04-07 15:58:00,GQC.V,,2.2799999713897705,2.2850000858306885,2.2799999713897705,2.2850000858306885,200.0
2026-04-07 15:58:00,GSTM.V,,0.20499999821186066,0.20499999821186066,0.20499999821186066,0.20499999821186066,3000.0
2026-04-07 15:58:00,GSVR.V,,0.6000000238418579,0.6000000238418579,0.6000000238418579,0.6000000238418579,8392.0
2026-04-07 15:58:00,HIVE.V,,2.7100000381469727,2.7149999141693115,2.7100000381469727,2.7149999141693115,8300.0
2026-04-07 15:58:00,HME.V,,2.8399999141693115,2.8399999141693115,2.8399999141693115,2.8399999141693115,1100.0
2026-04-07 15:58:00,HSTR.V,,2.3399999141693115,2.3550000190734863,2.3399999141693115,2.3450000286102295,85400.0
2026-04-07 15:58:00,IFOS.V,,3.75,3.75,3.75,3.75,145.0
2026-04-07 15:58:00,ITR.V,,4.010000228881836,4.010000228881836,4.010000228881836,4.010000228881836,1000.0
2026-04-07 15:58:00,IVS.V,,0.23000000417232513,0.23000000417232513,0.23000000417232513,0.23000000417232513,6000.0
2026-04-07 15:58:00,JUGR.V,,1.2699999809265137,1.2699999809265137,1.2699999809265137,1.2699999809265137,300.0
2026-04-07 15:58:00,LCX.V,,2.0199999809265137,2.0299999713897705,2.0199999809265137,2.0199999809265137,11500.0
2026-04-07 15:58:00,LGN.V,,0.9599999785423279,0.9599999785423279,0.949999988079071,0.949999988079071,55000.0
2026-04-07 15:58:00,LMN.V,,22.790000915527344,22.850000381469727,22.780000686645508,22.799999237060547,2800.0
2026-04-07 15:58:00,LSTR.V,,0.0949999988079071,0.0949999988079071,0.0949999988079071,0.0949999988079071,11000.0
2026-04-07 15:58:00,LTH.V,,1.3300000429153442,1.3350000381469727,1.3300000429153442,1.3300000429153442,6900.0
2026-04-07 15:58:00,LUCA.V,,1.3650000095367432,1.3650000095367432,1.3650000095367432,1.3650000095367432,100.0
2026-04-07 15:58:00,MFG.V,,4.380000114440918,4.389999866485596,4.380000114440918,4.389999866485596,1400.0
2026-04-07 15:58:00,MJS.V,,0.14000000059604645,0.14000000059604645,0.14000000059604645,0.14000000059604645,500.0
2026-04-07 15:58:00,MLP.V,,1.9700000286102295,1.9700000286102295,1.9600000381469727,1.9600000381469727,17200.0
2026-04-07 15:58:00,NICU.V,,2.0999999046325684,2.0999999046325684,2.0999999046325684,2.0999999046325684,1400.0
2026-04-07 15:58:00,PNG.V,,8.470000267028809,8.510000228881836,8.470000267028809,8.5,12595.0
2026-04-07 15:58:00,ZNG.V,,1.0199999809265137,1.0199999809265137,1.0199999809265137,1.0199999809265137,300.0
2026-04-07 15:59:00,BIG.V,,0.6700000166893005,0.675000011920929,0.6700000166893005,0.675000011920929,8500.0
2026-04-07 15:59:00,EVER.V,,0.5099999904632568,0.5099999904632568,0.5099999904632568,0.5099999904632568,3000.0
2026-04-07 15:59:00,FDR.V,,3.759999990463257,3.799999952316284,3.759999990463257,3.7899999618530273,2741.0
2026-04-07 15:59:00,FMAN.V,,0.3100000023841858,0.3100000023841858,0.3100000023841858,0.3100000023841858,1000.0
2026-04-07 15:59:00,FO.V,,0.38999998569488525,0.38999998569488525,0.38999998569488525,0.38999998569488525,500.0
2026-04-07 15:59:00,FPX.V,,0.41499999165534973,0.41499999165534973,0.41499999165534973,0.41499999165534973,500.0
2026-04-07 15:59:00,FRED.V,,0.550000011920929,0.550000011920929,0.550000011920929,0.550000011920929,10000.0
2026-04-07 15:59:00,FRNT.V,,0.20000000298023224,0.20000000298023224,0.20000000298023224,0.20000000298023224,500.0
2026-04-07 15:59:00,FUU.V,,0.17000000178813934,0.17000000178813934,0.16750000417232513,0.17000000178813934,28000.0
2026-04-07 15:59:00,FWZ.V,,4.329999923706055,4.380000114440918,4.329999923706055,4.380000114440918,1600.0
2026-04-07 15:59:00,GG.V,,2.6700000762939453,2.6700000762939453,2.6700000762939453,2.6700000762939453,100.0
2026-04-07 15:59:00,GGO.V,,0.9599999785423279,0.9599999785423279,0.949999988079071,0.949999988079071,1200.0
2026-04-07 15:59:00,GLAD.V,,1.2400000095367432,1.2400000095367432,1.2200000286102295,1.2200000286102295,10600.0
2026-04-07 15:59:00,GMG.V,,2.0299999713897705,2.059999942779541,2.0299999713897705,2.059999942779541,800.0
2026-04-07 15:59:00,GOT.V,,1.5700000524520874,1.600000023841858,1.5700000524520874,1.5950000286102295,8000.0
2026-04-07 15:59:00,GPAC.V,,0.4350000023841858,0.4350000023841858,0.4350000023841858,0.4350000023841858,500.0
2026-04-07 15:59:00,GPG.V,,0.39500001072883606,0.39500001072883606,0.39500001072883606,0.39500001072883606,1500.0
2026-04-07 15:59:00,GPH.V,,1.2699999809265137,1.2699999809265137,1.2300000190734863,1.2300000190734863,4300.0
2026-04-07 15:59:00,GQC.V,,2.299999952316284,2.299999952316284,2.2699999809265137,2.2799999713897705,1500.0
2026-04-07 15:59:00,GRDM.V,,0.11999999731779099,0.11999999731779099,0.11999999731779099,0.11999999731779099,1000.0
2026-04-07 15:59:00,GRSL.V,,0.3075000047683716,0.3100000023841858,0.3075000047683716,0.3100000023841858,15000.0
2026-04-07 15:59:00,GSVR.V,,0.6000000238418579,0.6000000238418579,0.5950000286102295,0.6000000238418579,30587.0
2026-04-07 15:59:00,GTC.V,,0.17000000178813934,0.17000000178813934,0.17000000178813934,0.17000000178813934,500.0
2026-04-07 15:59:00,HAN.V,,0.5400000214576721,0.5400000214576721,0.5400000214576721,0.5400000214576721,4500.0
2026-04-07 15:59:00,HEVI.V,,0.2175000011920929,0.2199999988079071,0.2150000035762787,0.2199999988079071,27500.0
2026-04-07 15:59:00,HI.V,,0.15000000596046448,0.15000000596046448,0.15000000596046448,0.15000000596046448,500.0
2026-04-07 15:59:00,HIVE.V,,2.7200000286102295,2.7200000286102295,2.700000047683716,2.7100000381469727,9200.0
2026-04-07 15:59:00,HME.V,,2.8399999141693115,2.8399999141693115,2.8350000381469727,2.8399999141693115,1200.0
2026-04-07 15:59:00,HMR.V,,0.8399999737739563,0.8399999737739563,0.8399999737739563,0.8399999737739563,500.0
2026-04-07 15:59:00,HSTR.V,,2.359999895095825,2.359999895095825,2.3399999141693115,2.3450000286102295,37900.0
2026-04-07 15:59:00,HVG.V,,0.054999999701976776,0.054999999701976776,0.054999999701976776,0.054999999701976776,10000.0
2026-04-07 15:59:00,ICM.V,,0.11500000208616257,0.11999999731779099,0.11500000208616257,0.11999999731779099,20500.0
2026-04-07 15:59:00,IFOS.V,,3.7300000190734863,3.7300000190734863,3.7300000190734863,3.7300000190734863,200.0
2026-04-07 15:59:00,INEO.V,,0.009999999776482582,0.009999999776482582,0.009999999776482582,0.009999999776482582,139000.0
2026-04-07 15:59:00,IPT.V,,0.23000000417232513,0.23000000417232513,0.23000000417232513,0.23000000417232513,16500.0
2026-04-07 15:59:00,ITR.V,,4.039999961853027,4.050000190734863,3.990000009536743,4.0,19000.0
2026-04-07 15:59:00,JUGR.V,,1.2599999904632568,1.2599999904632568,1.2599999904632568,1.2599999904632568,500.0
2026-04-07 15:59:00,KALO.V,,0.2150000035762787,0.2150000035762787,0.2150000035762787,0.2150000035762787,6000.0
2026-04-07 15:59:00,KLD.V,,2.4100000858306885,2.4200000762939453,2.4100000858306885,2.4200000762939453,200.0
2026-04-07 15:59:00,KNG.V,,1.25,1.2699999809265137,1.25,1.2699999809265137,500.0
2026-04-07 15:59:00,KRY.V,,3.190000057220459,3.190000057220459,3.1700000762939453,3.1700000762939453,2800.0
2026-04-07 15:59:00,KTN.V,,1.3600000143051147,1.3600000143051147,1.350000023841858,1.3600000143051147,5200.0
2026-04-07 15:59:00,LCX.V,,2.0299999713897705,2.0299999713897705,1.9900000095367432,2.009999990463257,5000.0
2026-04-07 15:59:00,LG.V,,0.3400000035762787,0.3400000035762787,0.3375000059604645,0.3375000059604645,7500.0
2026-04-07 15:59:00,LGN.V,,0.9700000286102295,0.9700000286102295,0.9599999785423279,0.9599999785423279,13195.0
2026-04-07 15:59:00,LMN.V,,23.190000534057617,23.190000534057617,22.809999465942383,22.850000381469727,15113.0
2026-04-07 15:59:00,LRA.V,,3.6500000953674316,3.6500000953674316,3.6500000953674316,3.6500000953674316,100.0
2026-04-07 15:59:00,LTH.V,,1.340000033378601,1.350000023841858,1.3300000429153442,1.3350000381469727,5900.0
2026-04-07 15:59:00,LUCA.V,,1.3600000143051147,1.3700000047683716,1.3600000143051147,1.3600000143051147,1512.0
2026-04-07 15:59:00,LVX.V,,0.5799999833106995,0.5799999833106995,0.5799999833106995,0.5799999833106995,0.0
2026-04-07 15:59:00,MJS.V,,0.13500000536441803,0.14000000059604645,0.13500000536441803,0.14000000059604645,1500.0
2026-04-07 15:59:00,MKO.V,,8.949999809265137,8.949999809265137,8.890000343322754,8.920000076293945,2250.0
2026-04-07 15:59:00,MLP.V,,1.9700000286102295,2.0299999713897705,1.9600000381469727,1.9600000381469727,13418.0
2026-04-07 15:59:00,MTA.V,,9.255000114440918,9.260000228881836,9.220000267028809,9.220000267028809,500.0
2026-04-07 15:59:00,NICU.V,,2.0999999046325684,2.0999999046325684,2.0899999141693115,2.0999999046325684,5800.0
2026-04-07 15:59:00,NURS.V,,3.119999885559082,3.119999885559082,3.0999999046325684,3.0999999046325684,1400.0
2026-04-07 15:59:00,PNG.V,,8.529999732971191,8.539999961853027,8.470000267028809,8.5,47616.0
2026-04-07 15:59:00,ROAR.V,,0.22499999403953552,0.22499999403953552,0.22499999403953552,0.22499999403953552,1000.0
2026-04-07 15:59:00,ZNG.V,,1.059999942779541,1.059999942779541,1.0199999809265137,1.0199999809265137,1300.0
