Datetime,Ticker,Adj Close,Close,High,Low,Open,Volume
2026-04-09 09:30:00,AGX.V,,0.75,0.75,0.7300000190734863,0.7300000190734863,0.0
2026-04-09 09:30:00,AMY.V,,0.07500000298023224,0.07500000298023224,0.07500000298023224,0.07500000298023224,0.0
2026-04-09 09:30:00,BET.V,,0.014999999664723873,0.014999999664723873,0.014999999664723873,0.014999999664723873,0.0
2026-04-09 09:30:00,BKM.V,,1.350000023841858,1.350000023841858,1.350000023841858,1.350000023841858,0.0
2026-04-09 09:30:00,GASX.V,,1.409999966621399,1.409999966621399,1.409999966621399,1.409999966621399,0.0
2026-04-09 09:30:00,GIII.V,,0.18000000715255737,0.18000000715255737,0.18000000715255737,0.18000000715255737,0.0
2026-04-09 09:30:00,LITT.V,,0.41999998688697815,0.4399999976158142,0.41999998688697815,0.4399999976158142,0.0
2026-04-09 09:30:00,MAI.V,,6.150000095367432,6.150000095367432,6.150000095367432,6.150000095367432,0.0
2026-04-09 09:30:00,MCI.V,,0.25,0.25,0.25,0.25,0.0
2026-04-09 09:30:00,MGG.V,,0.375,0.375,0.375,0.375,0.0
2026-04-09 09:30:00,MIZA-P.V,,0.20000000298023224,0.20000000298023224,0.20000000298023224,0.20000000298023224,0.0
2026-04-09 09:30:00,MKA.V,,0.6800000071525574,0.6800000071525574,0.6800000071525574,0.6800000071525574,0.0
2026-04-09 09:30:00,MLY.V,,0.03999999910593033,0.03999999910593033,0.03999999910593033,0.03999999910593033,0.0
2026-04-09 09:30:00,MMY.V,,0.9700000286102295,0.9800000190734863,0.9700000286102295,0.9800000190734863,0.0
2026-04-09 09:30:00,MNRG.V,,0.0949999988079071,0.0949999988079071,0.0949999988079071,0.0949999988079071,0.0
2026-04-09 09:30:00,MON.V,,0.6299999952316284,0.6299999952316284,0.6299999952316284,0.6299999952316284,0.0
2026-04-09 09:30:00,MONT-PR-A.V,,0.054999999701976776,0.054999999701976776,0.054999999701976776,0.054999999701976776,0.0
2026-04-09 09:30:00,MXL.V,,0.04500000178813934,0.04500000178813934,0.04500000178813934,0.04500000178813934,0.0
2026-04-09 09:30:00,NAU.V,,1.7100000381469727,1.7400000095367432,1.7100000381469727,1.7400000095367432,0.0
2026-04-09 09:30:00,NBU.V,,0.03999999910593033,0.03999999910593033,0.03999999910593033,0.03999999910593033,0.0
2026-04-09 09:30:00,NBVA.V,,0.12999999523162842,0.12999999523162842,0.12999999523162842,0.12999999523162842,0.0
2026-04-09 09:30:00,NBY.V,,0.0949999988079071,0.0949999988079071,0.0949999988079071,0.0949999988079071,0.0
2026-04-09 09:30:00,NCAU.V,,0.6499999761581421,0.6499999761581421,0.6399999856948853,0.6399999856948853,0.0
2026-04-09 09:30:00,NCX.V,,3.2300000190734863,3.2699999809265137,3.2300000190734863,3.2699999809265137,0.0
2026-04-09 09:30:00,NDA.V,,0.8399999737739563,0.8399999737739563,0.8299999833106995,0.8299999833106995,0.0
2026-04-09 09:30:00,NFG.V,,2.7699999809265137,2.7699999809265137,2.7699999809265137,2.7699999809265137,0.0
2026-04-09 09:30:00,NGC.V,,0.1899999976158142,0.1899999976158142,0.1899999976158142,0.1899999976158142,0.0
2026-04-09 09:30:00,NGMD.V,,0.014999999664723873,0.014999999664723873,0.014999999664723873,0.014999999664723873,0.0
2026-04-09 09:30:00,NICN.V,,0.11500000208616257,0.11500000208616257,0.11500000208616257,0.11500000208616257,0.0
2026-04-09 09:30:00,NIM.V,,0.949999988079071,0.949999988079071,0.949999988079071,0.949999988079071,0.0
2026-04-09 09:30:00,NIO.V,,0.27000001072883606,0.27000001072883606,0.27000001072883606,0.27000001072883606,0.0
2026-04-09 09:30:00,NKL.V,,1.0700000524520874,1.0700000524520874,1.0700000524520874,1.0700000524520874,0.0
2026-04-09 09:30:00,NMI.V,,0.2800000011920929,0.2800000011920929,0.2800000011920929,0.2800000011920929,0.0
2026-04-09 09:30:00,NOB.V,,0.0949999988079071,0.0949999988079071,0.0949999988079071,0.0949999988079071,0.0
2026-04-09 09:30:00,NOW.V,,0.25999999046325684,0.25999999046325684,0.25999999046325684,0.25999999046325684,0.0
2026-04-09 09:30:00,NPR.V,,0.8500000238418579,0.8500000238418579,0.8500000238418579,0.8500000238418579,0.0
2026-04-09 09:30:00,NRN.V,,0.04500000178813934,0.04500000178813934,0.04500000178813934,0.04500000178813934,0.0
2026-04-09 09:30:00,NRZ-H.V,,0.09000000357627869,0.09000000357627869,0.09000000357627869,0.09000000357627869,0.0
2026-04-09 09:30:00,NSCI.V,,0.14000000059604645,0.14000000059604645,0.13500000536441803,0.13500000536441803,0.0
2026-04-09 09:30:00,NSU.V,,0.17499999701976776,0.17499999701976776,0.17499999701976776,0.17499999701976776,0.0
2026-04-09 09:30:00,NXS.V,,0.3100000023841858,0.3100000023841858,0.3100000023841858,0.3100000023841858,0.0
2026-04-09 09:30:00,NZN.V,,0.004999999888241291,0.004999999888241291,0.004999999888241291,0.004999999888241291,0.0
2026-04-09 09:30:00,OAM.V,,0.1899999976158142,0.1899999976158142,0.1899999976158142,0.1899999976158142,0.0
2026-04-09 09:30:00,OCI.V,,0.10499999672174454,0.10499999672174454,0.10499999672174454,0.10499999672174454,0.0
2026-04-09 09:30:00,OCO.V,,0.4000000059604645,0.4000000059604645,0.4000000059604645,0.4000000059604645,0.0
2026-04-09 09:30:00,ODV.V,,4.650000095367432,4.650000095367432,4.650000095367432,4.650000095367432,0.0
2026-04-09 09:30:00,OGN.V,,3.490000009536743,3.5,3.319999933242798,3.319999933242798,0.0
2026-04-09 09:30:00,OGO.V,,0.8199999928474426,0.8199999928474426,0.8199999928474426,0.8199999928474426,0.0
2026-04-09 09:30:00,OMG.V,,1.8300000429153442,1.8300000429153442,1.809999942779541,1.809999942779541,0.0
2026-04-09 09:30:00,OMI.V,,0.3400000035762787,0.3400000035762787,0.3400000035762787,0.3400000035762787,0.0
2026-04-09 09:30:00,ONYX.V,,1.1799999475479126,1.1799999475479126,1.1799999475479126,1.1799999475479126,0.0
2026-04-09 09:30:00,ORS.V,,0.10000000149011612,0.10000000149011612,0.10000000149011612,0.10000000149011612,0.0
2026-04-09 09:30:00,OTC.V,,0.49000000953674316,0.49000000953674316,0.49000000953674316,0.49000000953674316,0.0
2026-04-09 09:30:00,OZ.V,,0.3799999952316284,0.3799999952316284,0.3799999952316284,0.3799999952316284,0.0
2026-04-09 09:30:00,PCLO.V,,0.04500000178813934,0.04500000178813934,0.04500000178813934,0.04500000178813934,0.0
2026-04-09 09:30:00,PEAK.V,,0.38999998569488525,0.38999998569488525,0.38999998569488525,0.38999998569488525,0.0
2026-04-09 09:30:00,PEI.V,,0.03999999910593033,0.03999999910593033,0.03999999910593033,0.03999999910593033,0.0
2026-04-09 09:30:00,PEX.V,,0.17000000178813934,0.17000000178813934,0.17000000178813934,0.17000000178813934,0.0
2026-04-09 09:30:00,PGDC.V,,0.8500000238418579,0.8500000238418579,0.8500000238418579,0.8500000238418579,0.0
2026-04-09 09:30:00,PGE.V,,0.3149999976158142,0.3149999976158142,0.3100000023841858,0.3100000023841858,0.0
2026-04-09 09:30:00,PGO-H.V,,0.014999999664723873,0.014999999664723873,0.014999999664723873,0.014999999664723873,0.0
2026-04-09 09:30:00,PGZ.V,,0.13500000536441803,0.13500000536441803,0.13500000536441803,0.13500000536441803,0.0
2026-04-09 09:30:00,PHD.V,,0.04500000178813934,0.04500000178813934,0.04500000178813934,0.04500000178813934,0.0
2026-04-09 09:30:00,PINK.V,,0.35499998927116394,0.35499998927116394,0.35499998927116394,0.35499998927116394,0.0
2026-04-09 09:30:00,PLSR.V,,2.140000104904175,2.1500000953674316,2.0999999046325684,2.0999999046325684,0.0
2026-04-09 09:30:00,PML.V,,0.8799999952316284,0.8799999952316284,0.8799999952316284,0.8799999952316284,0.0
2026-04-09 09:30:00,PNPN.V,,1.1200000047683716,1.1200000047683716,1.1200000047683716,1.1200000047683716,0.0
2026-04-09 09:30:00,PNTR.V,,0.49000000953674316,0.5,0.47999998927116394,0.47999998927116394,0.0
2026-04-09 09:30:00,POG-H.V,,0.03999999910593033,0.03999999910593033,0.03999999910593033,0.03999999910593033,0.0
2026-04-09 09:30:00,POR.V,,0.009999999776482582,0.009999999776482582,0.009999999776482582,0.009999999776482582,0.0
2026-04-09 09:30:00,PPP.V,,1.2799999713897705,1.2799999713897705,1.2799999713897705,1.2799999713897705,0.0
2026-04-09 09:30:00,PRG.V,,0.5600000023841858,0.5699999928474426,0.5600000023841858,0.5699999928474426,0.0
2026-04-09 09:30:00,PROS.V,,0.019999999552965164,0.02500000037252903,0.019999999552965164,0.019999999552965164,133315.0
2026-04-09 09:30:00,PTU.V,,0.4050000011920929,0.4050000011920929,0.4050000011920929,0.4050000011920929,0.0
2026-04-09 09:30:00,PUMA.V,,0.14000000059604645,0.14000000059604645,0.14000000059604645,0.14000000059604645,0.0
2026-04-09 09:30:00,PVF-PR-U.V,,22.0,22.0,22.0,22.0,0.0
2026-04-09 09:30:00,PVF-PR-V.V,,0.75,0.75,0.75,0.75,0.0
2026-04-09 09:30:00,PWIK-P.V,,0.4449999928474426,0.44999998807907104,0.4350000023841858,0.4350000023841858,37500.0
2026-04-09 09:30:00,QGR.V,,0.2849999964237213,0.2849999964237213,0.26499998569488525,0.26499998569488525,0.0
2026-04-09 09:30:00,QIT-H.V,,0.07500000298023224,0.07500000298023224,0.07500000298023224,0.07500000298023224,0.0
2026-04-09 09:30:00,QNC.V,,3.3299999237060547,3.3299999237060547,3.3299999237060547,3.3299999237060547,0.0
2026-04-09 09:30:00,QTWO.V,,2.1700000762939453,2.190000057220459,2.1600000858306885,2.190000057220459,0.0
2026-04-09 09:30:00,QZM.V,,0.7200000286102295,0.7200000286102295,0.7200000286102295,0.7200000286102295,0.0
2026-04-09 09:30:00,R-P.V,,0.05999999865889549,0.05999999865889549,0.05999999865889549,0.05999999865889549,0.0
2026-04-09 09:30:00,RAK.V,,0.1550000011920929,0.1550000011920929,0.1550000011920929,0.1550000011920929,0.0
2026-04-09 09:30:00,RBX.V,,7.099999904632568,7.099999904632568,7.099999904632568,7.099999904632568,0.0
2026-04-09 09:30:00,RCK.V,,0.949999988079071,0.949999988079071,0.949999988079071,0.949999988079071,0.0
2026-04-09 09:30:00,RCT.V,,0.1599999964237213,0.1599999964237213,0.1599999964237213,0.1599999964237213,0.0
2026-04-09 09:30:00,RDG.V,,0.19499999284744263,0.20000000298023224,0.19499999284744263,0.20000000298023224,0.0
2026-04-09 09:30:00,RDS.V,,0.8199999928474426,0.8199999928474426,0.800000011920929,0.800000011920929,0.0
2026-04-09 09:30:00,RDU.V,,0.12999999523162842,0.12999999523162842,0.12999999523162842,0.12999999523162842,0.0
2026-04-09 09:30:00,RE.V,,0.41999998688697815,0.41999998688697815,0.41999998688697815,0.41999998688697815,0.0
2026-04-09 09:30:00,RECO.V,,1.0800000429153442,1.0800000429153442,1.0800000429153442,1.0800000429153442,0.0
2026-04-09 09:30:00,RGM-H.V,,0.07999999821186066,0.07999999821186066,0.07999999821186066,0.07999999821186066,0.0
2026-04-09 09:30:00,RHT.V,,0.2150000035762787,0.2150000035762787,0.2150000035762787,0.2150000035762787,0.0
2026-04-09 09:30:00,RJX-A.V,,0.019999999552965164,0.019999999552965164,0.019999999552965164,0.019999999552965164,0.0
2026-04-09 09:30:00,RLP.V,,0.019999999552965164,0.019999999552965164,0.019999999552965164,0.019999999552965164,0.0
2026-04-09 09:30:00,RLYG.V,,0.6000000238418579,0.6000000238418579,0.6000000238418579,0.6000000238418579,0.0
2026-04-09 09:30:00,RMB.V,,0.6700000166893005,0.6700000166893005,0.6700000166893005,0.6700000166893005,0.0
2026-04-09 09:30:00,RML.V,,1.149999976158142,1.149999976158142,1.149999976158142,1.149999976158142,0.0
2026-04-09 09:30:00,ROCK.V,,2.559999942779541,2.559999942779541,2.559999942779541,2.559999942779541,0.0
2026-04-09 09:30:00,ROK.V,,0.26499998569488525,0.27000001072883606,0.26499998569488525,0.27000001072883606,0.0
2026-04-09 09:30:00,ROOF.V,,0.20000000298023224,0.20000000298023224,0.20000000298023224,0.20000000298023224,0.0
2026-04-09 09:30:00,ROS.V,,0.26499998569488525,0.26499998569488525,0.25999999046325684,0.25999999046325684,0.0
2026-04-09 09:30:00,RSS.V,,0.4749999940395355,0.4749999940395355,0.4749999940395355,0.4749999940395355,0.0
2026-04-09 09:30:00,RTB-P.V,,0.5649999976158142,0.5699999928474426,0.5299999713897705,0.5299999713897705,215793.0
2026-04-09 09:30:00,RVG.V,,0.8100000023841858,0.8100000023841858,0.8100000023841858,0.8100000023841858,0.0
2026-04-09 09:30:00,RYO.V,,0.46000000834465027,0.4650000035762787,0.46000000834465027,0.4650000035762787,0.0
2026-04-09 09:30:00,RZL.V,,0.44999998807907104,0.44999998807907104,0.44999998807907104,0.44999998807907104,0.0
2026-04-09 09:30:00,SAC-P.V,,0.05000000074505806,0.05000000074505806,0.05000000074505806,0.05000000074505806,0.0
2026-04-09 09:30:00,SAI-H.V,,0.009999999776482582,0.009999999776482582,0.009999999776482582,0.009999999776482582,0.0
2026-04-09 09:30:00,SBEL-P.V,,0.1850000023841858,0.1850000023841858,0.1850000023841858,0.1850000023841858,0.0
2026-04-09 09:30:00,SBMI.V,,0.23000000417232513,0.23000000417232513,0.23000000417232513,0.23000000417232513,0.0
2026-04-09 09:30:00,SCD.V,,0.14000000059604645,0.14000000059604645,0.14000000059604645,0.14000000059604645,0.0
2026-04-09 09:30:00,SCLT.V,,0.10000000149011612,0.10000000149011612,0.10000000149011612,0.10000000149011612,0.0
2026-04-09 09:30:00,SCT-H.V,,0.03999999910593033,0.03999999910593033,0.03999999910593033,0.03999999910593033,0.0
2026-04-09 09:30:00,SCZ.V,,11.0,11.109999656677246,11.0,11.109999656677246,0.0
2026-04-09 09:30:00,SDI.V,,0.20999999344348907,0.20999999344348907,0.20999999344348907,0.20999999344348907,0.0
2026-04-09 09:30:00,SEI.V,,0.5600000023841858,0.5799999833106995,0.5600000023841858,0.5799999833106995,0.0
2026-04-09 09:30:00,SEND.V,,1.6299999952316284,1.6299999952316284,1.6299999952316284,1.6299999952316284,0.0
2026-04-09 09:30:00,SGML.V,,19.8700008392334,20.0,19.770000457763672,19.770000457763672,0.0
2026-04-09 09:30:00,SGN.V,,0.3449999988079071,0.3449999988079071,0.3449999988079071,0.3449999988079071,0.0
2026-04-09 09:30:00,SGO.V,,0.23999999463558197,0.24500000476837158,0.23999999463558197,0.24500000476837158,0.0
2026-04-09 09:30:00,SGU.V,,0.04500000178813934,0.04500000178813934,0.04500000178813934,0.04500000178813934,0.0
2026-04-09 09:30:00,SLG.V,,3.509999990463257,3.509999990463257,3.5,3.5,0.0
2026-04-09 09:30:00,SLI.V,,4.860000133514404,4.909999847412109,4.860000133514404,4.909999847412109,0.0
2026-04-09 09:30:00,SLVR.V,,0.8299999833106995,0.8399999737739563,0.8299999833106995,0.8299999833106995,0.0
2026-04-09 09:30:00,SLX-P.V,,0.14000000059604645,0.14000000059604645,0.14000000059604645,0.14000000059604645,0.0
2026-04-09 09:30:00,SM.V,,1.8700000047683716,1.8700000047683716,1.8700000047683716,1.8700000047683716,0.0
2026-04-09 09:30:00,SML.V,,0.009999999776482582,0.009999999776482582,0.009999999776482582,0.009999999776482582,0.0
2026-04-09 09:30:00,SMN.V,,0.14499999582767487,0.14499999582767487,0.14499999582767487,0.14499999582767487,0.0
2026-04-09 09:30:00,SNAG.V,,0.2849999964237213,0.29499998688697815,0.2849999964237213,0.28999999165534973,0.0
2026-04-09 09:30:00,SNI-PR-A.V,,5.300000190734863,5.300000190734863,5.300000190734863,5.300000190734863,0.0
2026-04-09 09:30:00,SNM.V,,0.2150000035762787,0.2150000035762787,0.2150000035762787,0.2150000035762787,0.0
2026-04-09 09:30:00,SOI.V,,0.20499999821186066,0.20499999821186066,0.20499999821186066,0.20499999821186066,0.0
2026-04-09 09:30:00,SOMA.V,,1.7100000381469727,1.7100000381469727,1.7100000381469727,1.7100000381469727,0.0
2026-04-09 09:30:00,SOU.V,,0.07000000029802322,0.07000000029802322,0.07000000029802322,0.07000000029802322,0.0
2026-04-09 09:30:00,SPRQ.V,,0.6100000143051147,0.6100000143051147,0.6100000143051147,0.6100000143051147,0.0
2026-04-09 09:30:00,SRR.V,,0.9900000095367432,0.9900000095367432,0.9900000095367432,0.9900000095367432,0.0
2026-04-09 09:30:00,SSA.V,,0.1599999964237213,0.1599999964237213,0.1599999964237213,0.1599999964237213,0.0
2026-04-09 09:30:00,SSV.V,,0.5699999928474426,0.5699999928474426,0.5699999928474426,0.5699999928474426,0.0
2026-04-09 09:30:00,STMP.V,,0.14499999582767487,0.14499999582767487,0.14499999582767487,0.14499999582767487,0.0
2026-04-09 09:30:00,STRR.V,,0.5099999904632568,0.5099999904632568,0.5099999904632568,0.5099999904632568,0.0
2026-04-09 09:30:00,STUD.V,,0.36000001430511475,0.36000001430511475,0.36000001430511475,0.36000001430511475,0.0
2026-04-09 09:30:00,SVE.V,,0.550000011920929,0.550000011920929,0.5299999713897705,0.5299999713897705,0.0
2026-04-09 09:30:00,SVRS.V,,0.45500001311302185,0.45500001311302185,0.44999998807907104,0.44999998807907104,0.0
2026-04-09 09:30:00,VIPR.V,,1.1399999856948853,1.149999976158142,1.1399999856948853,1.149999976158142,0.0
2026-04-09 09:31:00,AGX.V,,0.7300000190734863,0.7300000190734863,0.7300000190734863,0.7300000190734863,93474.0
2026-04-09 09:31:00,NDA.V,,0.8299999833106995,0.8299999833106995,0.8299999833106995,0.8299999833106995,21500.0
2026-04-09 09:31:00,NFG.V,,2.799999952316284,2.799999952316284,2.799999952316284,2.799999952316284,200.0
2026-04-09 09:31:00,OCO.V,,0.38999998569488525,0.38999998569488525,0.38999998569488525,0.38999998569488525,1000.0
2026-04-09 09:31:00,OMG.V,,1.850000023841858,1.850000023841858,1.8200000524520874,1.8200000524520874,41913.0
2026-04-09 09:31:00,PEX.V,,0.17499999701976776,0.17499999701976776,0.17499999701976776,0.17499999701976776,6000.0
2026-04-09 09:31:00,QGR.V,,0.30000001192092896,0.30000001192092896,0.28999999165534973,0.28999999165534973,101500.0
2026-04-09 09:31:00,QNC.V,,3.2799999713897705,3.2799999713897705,3.2799999713897705,3.2799999713897705,7004.0
2026-04-09 09:31:00,QTWO.V,,2.1600000858306885,2.200000047683716,2.1600000858306885,2.1600000858306885,45900.0
2026-04-09 09:31:00,ROS.V,,0.26499998569488525,0.26499998569488525,0.26499998569488525,0.26499998569488525,28767.0
2026-04-09 09:31:00,RSMX.V,,0.14000000059604645,0.14000000059604645,0.14000000059604645,0.14000000059604645,0.0
2026-04-09 09:31:00,RVG.V,,0.8199999928474426,0.8199999928474426,0.8199999928474426,0.8199999928474426,3700.0
2026-04-09 09:31:00,SCZ.V,,11.100000381469727,11.100000381469727,11.0600004196167,11.0600004196167,2200.0
2026-04-09 09:31:00,SGML.V,,19.81999969482422,19.81999969482422,19.81999969482422,19.81999969482422,301.0
2026-04-09 09:31:00,SOI.V,,0.2199999988079071,0.2199999988079071,0.2199999988079071,0.2199999988079071,33500.0
2026-04-09 09:31:00,SRR.V,,0.9900000095367432,0.9900000095367432,0.9900000095367432,0.9900000095367432,11875.0
2026-04-09 09:31:00,SSV.V,,0.5699999928474426,0.5699999928474426,0.5699999928474426,0.5699999928474426,27000.0
2026-04-09 09:31:00,STUD.V,,0.36000001430511475,0.36000001430511475,0.36000001430511475,0.36000001430511475,1500.0
2026-04-09 09:31:00,SVRS.V,,0.45500001311302185,0.45500001311302185,0.45500001311302185,0.45500001311302185,25000.0
2026-04-09 09:32:00,NAU.V,,1.7899999618530273,1.7899999618530273,1.7400000095367432,1.7400000095367432,12000.0
2026-04-09 09:32:00,NCX.V,,3.240000009536743,3.240000009536743,3.2300000190734863,3.2300000190734863,4576.0
2026-04-09 09:32:00,NFG.V,,2.809999942779541,2.809999942779541,2.809999942779541,2.809999942779541,100.0
2026-04-09 09:32:00,ODV.V,,4.625,4.625,4.625,4.625,300.0
2026-04-09 09:32:00,OMG.V,,1.850000023841858,1.8650000095367432,1.850000023841858,1.8650000095367432,52100.0
2026-04-09 09:32:00,PGDC.V,,0.8899999856948853,0.8899999856948853,0.8899999856948853,0.8899999856948853,1000.0
2026-04-09 09:32:00,PGE.V,,0.3149999976158142,0.3149999976158142,0.3149999976158142,0.3149999976158142,7500.0
2026-04-09 09:32:00,PLSR.V,,2.140000104904175,2.1500000953674316,2.140000104904175,2.140000104904175,1700.0
2026-04-09 09:32:00,QNC.V,,3.299999952316284,3.299999952316284,3.2899999618530273,3.2899999618530273,8834.0
2026-04-09 09:32:00,QTWO.V,,2.1700000762939453,2.1700000762939453,2.1700000762939453,2.1700000762939453,100.0
2026-04-09 09:32:00,RLYG.V,,0.6000000238418579,0.6000000238418579,0.6000000238418579,0.6000000238418579,500.0
2026-04-09 09:32:00,RPX.V,,0.18000000715255737,0.18000000715255737,0.18000000715255737,0.18000000715255737,0.0
2026-04-09 09:32:00,SHL.V,,0.4950000047683716,0.4950000047683716,0.4950000047683716,0.4950000047683716,0.0
2026-04-09 09:32:00,SLG.V,,3.5399999618530273,3.5399999618530273,3.5199999809265137,3.5199999809265137,12401.0
2026-04-09 09:32:00,SLVR.V,,0.8399999737739563,0.8399999737739563,0.8399999737739563,0.8399999737739563,3500.0
2026-04-09 09:32:00,SMD.V,,0.36000001430511475,0.36000001430511475,0.36000001430511475,0.36000001430511475,0.0
2026-04-09 09:32:00,SMRV.V,,0.3700000047683716,0.3700000047683716,0.3700000047683716,0.3700000047683716,0.0
2026-04-09 09:32:00,SNM.V,,0.20999999344348907,0.20999999344348907,0.20999999344348907,0.20999999344348907,1000.0
2026-04-09 09:32:00,SSV.V,,0.5699999928474426,0.5699999928474426,0.5699999928474426,0.5699999928474426,21500.0
2026-04-09 09:32:00,SVRS.V,,0.45500001311302185,0.46000000834465027,0.45500001311302185,0.46000000834465027,26000.0
2026-04-09 09:33:00,MAI.V,,6.150000095367432,6.150000095367432,6.150000095367432,6.150000095367432,1000.0
2026-04-09 09:33:00,MHUB.V,,0.5699999928474426,0.5699999928474426,0.5699999928474426,0.5699999928474426,0.0
2026-04-09 09:33:00,NAU.V,,1.8300000429153442,1.840000033378601,1.7999999523162842,1.7999999523162842,2600.0
2026-04-09 09:33:00,NCX.V,,3.240000009536743,3.240000009536743,3.2200000286102295,3.2300000190734863,7700.0
2026-04-09 09:33:00,NFG.V,,2.809999942779541,2.809999942779541,2.799999952316284,2.809999942779541,4700.0
2026-04-09 09:33:00,OMG.V,,1.8799999952316284,1.8799999952316284,1.8799999952316284,1.8799999952316284,8523.0
2026-04-09 09:33:00,PLSR.V,,2.0999999046325684,2.119999885559082,2.0999999046325684,2.119999885559082,10663.0
2026-04-09 09:33:00,PML.V,,0.8600000143051147,0.8700000047683716,0.8600000143051147,0.8700000047683716,2000.0
2026-04-09 09:33:00,PNPN.V,,1.1200000047683716,1.1200000047683716,1.1200000047683716,1.1200000047683716,1800.0
2026-04-09 09:33:00,PTU.V,,0.4050000011920929,0.4050000011920929,0.4050000011920929,0.4050000011920929,10000.0
2026-04-09 09:33:00,QGR.V,,0.29499998688697815,0.29499998688697815,0.29499998688697815,0.29499998688697815,1000.0
2026-04-09 09:33:00,ROS.V,,0.27000001072883606,0.27000001072883606,0.27000001072883606,0.27000001072883606,500.0
2026-04-09 09:33:00,RVG.V,,0.8100000023841858,0.8100000023841858,0.8100000023841858,0.8100000023841858,5000.0
2026-04-09 09:33:00,SCZ.V,,11.1899995803833,11.1899995803833,11.1899995803833,11.1899995803833,800.0
2026-04-09 09:33:00,SLI.V,,4.840000152587891,4.840000152587891,4.840000152587891,4.840000152587891,200.0
2026-04-09 09:33:00,SNAG.V,,0.29499998688697815,0.29499998688697815,0.29499998688697815,0.29499998688697815,500.0
2026-04-09 09:33:00,SOI.V,,0.2150000035762787,0.2150000035762787,0.2150000035762787,0.2150000035762787,5000.0
2026-04-09 09:33:00,STMP.V,,0.14499999582767487,0.14499999582767487,0.14499999582767487,0.14499999582767487,9000.0
2026-04-09 09:33:00,STRR.V,,0.5099999904632568,0.5099999904632568,0.5099999904632568,0.5099999904632568,500.0
2026-04-09 09:34:00,MGG.V,,0.375,0.375,0.375,0.375,10000.0
2026-04-09 09:34:00,NAU.V,,1.7899999618530273,1.7899999618530273,1.7899999618530273,1.7899999618530273,500.0
2026-04-09 09:34:00,NCX.V,,3.25,3.25,3.25,3.25,12100.0
2026-04-09 09:34:00,NFG.V,,2.805000066757202,2.805000066757202,2.7799999713897705,2.799999952316284,21600.0
2026-04-09 09:34:00,ODV.V,,4.650000095367432,4.650000095367432,4.650000095367432,4.650000095367432,100.0
2026-04-09 09:34:00,OMG.V,,1.899999976158142,1.899999976158142,1.8899999856948853,1.8899999856948853,7600.0
2026-04-09 09:34:00,PEI.V,,0.03999999910593033,0.03999999910593033,0.03999999910593033,0.03999999910593033,239000.0
2026-04-09 09:34:00,PER.V,,0.17000000178813934,0.17000000178813934,0.17000000178813934,0.17000000178813934,0.0
2026-04-09 09:34:00,PLSR.V,,2.119999885559082,2.119999885559082,2.0999999046325684,2.119999885559082,10242.0
2026-04-09 09:34:00,PTU.V,,0.4050000011920929,0.4050000011920929,0.4050000011920929,0.4050000011920929,10000.0
2026-04-09 09:34:00,QGR.V,,0.30000001192092896,0.30000001192092896,0.28999999165534973,0.28999999165534973,60500.0
2026-04-09 09:34:00,RECO.V,,1.0700000524520874,1.0700000524520874,1.0700000524520874,1.0700000524520874,12900.0
2026-04-09 09:34:00,RML.V,,1.159999966621399,1.159999966621399,1.159999966621399,1.159999966621399,2000.0
2026-04-09 09:34:00,ROK.V,,0.27000001072883606,0.27000001072883606,0.27000001072883606,0.27000001072883606,519000.0
2026-04-09 09:34:00,RYO.V,,0.4650000035762787,0.4650000035762787,0.4650000035762787,0.4650000035762787,8000.0
2026-04-09 09:34:00,SCZ.V,,11.1899995803833,11.1899995803833,11.1899995803833,11.1899995803833,3637.0
2026-04-09 09:34:00,SEI.V,,0.5600000023841858,0.5600000023841858,0.5600000023841858,0.5600000023841858,27000.0
2026-04-09 09:34:00,STRR.V,,0.5099999904632568,0.5099999904632568,0.5099999904632568,0.5099999904632568,500.0
2026-04-09 09:34:00,SVRS.V,,0.46000000834465027,0.46000000834465027,0.45750001072883606,0.45750001072883606,69533.0
2026-04-09 09:35:00,MGG.V,,0.38499999046325684,0.38499999046325684,0.3799999952316284,0.3799999952316284,4500.0
2026-04-09 09:35:00,MMY.V,,0.9700000286102295,0.9700000286102295,0.9700000286102295,0.9700000286102295,3000.0
2026-04-09 09:35:00,NAU.V,,1.8300000429153442,1.8300000429153442,1.8300000429153442,1.8300000429153442,500.0
2026-04-09 09:35:00,NFG.V,,2.8399999141693115,2.8399999141693115,2.819999933242798,2.819999933242798,34800.0
2026-04-09 09:35:00,OMG.V,,1.9149999618530273,1.9199999570846558,1.899999976158142,1.899999976158142,36600.0
2026-04-09 09:35:00,PGE.V,,0.32499998807907104,0.32499998807907104,0.3199999928474426,0.3199999928474426,11500.0
2026-04-09 09:35:00,PLSR.V,,2.119999885559082,2.119999885559082,2.0999999046325684,2.0999999046325684,23700.0
2026-04-09 09:35:00,PPP.V,,1.2699999809265137,1.2699999809265137,1.2699999809265137,1.2699999809265137,600.0
2026-04-09 09:35:00,QGR.V,,0.30000001192092896,0.30000001192092896,0.30000001192092896,0.30000001192092896,9500.0
2026-04-09 09:35:00,ROCK.V,,2.5999999046325684,2.5999999046325684,2.5999999046325684,2.5999999046325684,100.0
2026-04-09 09:35:00,ROK.V,,0.2750000059604645,0.2750000059604645,0.27000001072883606,0.27000001072883606,531500.0
2026-04-09 09:35:00,RVG.V,,0.8100000023841858,0.8100000023841858,0.8100000023841858,0.8100000023841858,2500.0
2026-04-09 09:35:00,SCD.V,,0.14000000059604645,0.14000000059604645,0.14000000059604645,0.14000000059604645,22500.0
2026-04-09 09:35:00,SGML.V,,20.18000030517578,20.18000030517578,20.18000030517578,20.18000030517578,140.0
2026-04-09 09:35:00,SLG.V,,3.6500000953674316,3.6500000953674316,3.5399999618530273,3.5399999618530273,23380.0
2026-04-09 09:35:00,SLVR.V,,0.8500000238418579,0.8500000238418579,0.8500000238418579,0.8500000238418579,5500.0
2026-04-09 09:35:00,SNG.V,,0.1599999964237213,0.1599999964237213,0.1599999964237213,0.1599999964237213,0.0
2026-04-09 09:35:00,SSV.V,,0.5699999928474426,0.5699999928474426,0.5699999928474426,0.5699999928474426,24500.0
2026-04-09 09:35:00,STRR.V,,0.5099999904632568,0.5099999904632568,0.5099999904632568,0.5099999904632568,500.0
2026-04-09 09:36:00,AGX.V,,0.7300000190734863,0.7300000190734863,0.7300000190734863,0.7300000190734863,31500.0
2026-04-09 09:36:00,MAI.V,,5.949999809265137,6.090000152587891,5.949999809265137,6.090000152587891,2300.0
2026-04-09 09:36:00,MINK.V,,0.1550000011920929,0.1550000011920929,0.1550000011920929,0.1550000011920929,0.0
2026-04-09 09:36:00,NAU.V,,1.850000023841858,1.8600000143051147,1.850000023841858,1.850000023841858,79000.0
2026-04-09 09:36:00,NFG.V,,2.8399999141693115,2.8499999046325684,2.8399999141693115,2.8450000286102295,2800.0
2026-04-09 09:36:00,OMG.V,,1.9600000381469727,1.9700000286102295,1.9199999570846558,1.9199999570846558,137422.0
2026-04-09 09:36:00,PLSR.V,,2.0999999046325684,2.109999895095825,2.0999999046325684,2.109999895095825,6150.0
2026-04-09 09:36:00,QGR.V,,0.30000001192092896,0.30000001192092896,0.30000001192092896,0.30000001192092896,1500.0
2026-04-09 09:36:00,ROS.V,,0.25999999046325684,0.25999999046325684,0.25999999046325684,0.25999999046325684,8500.0
2026-04-09 09:36:00,RPX.V,,0.18000000715255737,0.18000000715255737,0.18000000715255737,0.18000000715255737,2500.0
2026-04-09 09:36:00,SEI.V,,0.5600000023841858,0.5600000023841858,0.5600000023841858,0.5600000023841858,7000.0
2026-04-09 09:36:00,SSV.V,,0.5799999833106995,0.5799999833106995,0.5699999928474426,0.5699999928474426,69500.0
2026-04-09 09:36:00,SVE.V,,0.5600000023841858,0.5600000023841858,0.550000011920929,0.550000011920929,5800.0
2026-04-09 09:36:00,SVRS.V,,0.4650000035762787,0.4650000035762787,0.4650000035762787,0.4650000035762787,30500.0
2026-04-09 09:37:00,MHUB.V,,0.5799999833106995,0.5799999833106995,0.5799999833106995,0.5799999833106995,1500.0
2026-04-09 09:37:00,NAU.V,,1.7999999523162842,1.7999999523162842,1.7999999523162842,1.7999999523162842,25000.0
2026-04-09 09:37:00,NCX.V,,3.2699999809265137,3.2699999809265137,3.2699999809265137,3.2699999809265137,5000.0
2026-04-09 09:37:00,NEV.V,,0.029999999329447746,0.029999999329447746,0.029999999329447746,0.029999999329447746,0.0
2026-04-09 09:37:00,NFG.V,,2.8399999141693115,2.8450000286102295,2.8399999141693115,2.8450000286102295,1100.0
2026-04-09 09:37:00,NIO.V,,0.27000001072883606,0.27000001072883606,0.27000001072883606,0.27000001072883606,5000.0
2026-04-09 09:37:00,NOB.V,,0.0949999988079071,0.0949999988079071,0.0949999988079071,0.0949999988079071,18000.0
2026-04-09 09:37:00,NSCI.V,,0.12999999523162842,0.12999999523162842,0.12999999523162842,0.12999999523162842,3538.0
2026-04-09 09:37:00,OMG.V,,1.9600000381469727,1.9900000095367432,1.9600000381469727,1.9700000286102295,14100.0
2026-04-09 09:37:00,PNTR.V,,0.5,0.5,0.5,0.5,674.0
2026-04-09 09:37:00,PPP.V,,1.2699999809265137,1.2699999809265137,1.2699999809265137,1.2699999809265137,200.0
2026-04-09 09:37:00,QGR.V,,0.28999999165534973,0.28999999165534973,0.28999999165534973,0.28999999165534973,1000.0
2026-04-09 09:37:00,RAGE.V,,0.5,0.5,0.5,0.5,0.0
2026-04-09 09:37:00,RECO.V,,1.059999942779541,1.059999942779541,1.059999942779541,1.059999942779541,6000.0
2026-04-09 09:37:00,ROK.V,,0.2750000059604645,0.2750000059604645,0.2750000059604645,0.2750000059604645,500.0
2026-04-09 09:37:00,SEI.V,,0.5600000023841858,0.5600000023841858,0.5600000023841858,0.5600000023841858,1500.0
2026-04-09 09:37:00,SGML.V,,20.270000457763672,20.270000457763672,20.270000457763672,20.270000457763672,441.0
2026-04-09 09:37:00,SKYG.V,,0.05000000074505806,0.05000000074505806,0.05000000074505806,0.05000000074505806,0.0
2026-04-09 09:37:00,SLG.V,,3.630000114440918,3.690000057220459,3.625,3.680000066757202,7113.0
2026-04-09 09:37:00,SLI.V,,4.869999885559082,4.869999885559082,4.869999885559082,4.869999885559082,300.0
2026-04-09 09:37:00,SM.V,,1.8799999952316284,1.8799999952316284,1.850000023841858,1.850000023841858,33600.0
2026-04-09 09:37:00,SSV.V,,0.5799999833106995,0.5799999833106995,0.5799999833106995,0.5799999833106995,5500.0
2026-04-09 09:37:00,STUD.V,,0.35499998927116394,0.36000001430511475,0.35499998927116394,0.36000001430511475,11000.0
2026-04-09 09:38:00,NFG.V,,2.8499999046325684,2.8499999046325684,2.8499999046325684,2.8499999046325684,109.0
2026-04-09 09:38:00,NSCI.V,,0.12999999523162842,0.12999999523162842,0.12999999523162842,0.12999999523162842,20000.0
2026-04-09 09:38:00,OCO.V,,0.4000000059604645,0.4000000059604645,0.4000000059604645,0.4000000059604645,1000.0
2026-04-09 09:38:00,OMG.V,,1.940000057220459,1.9500000476837158,1.940000057220459,1.9500000476837158,11100.0
2026-04-09 09:38:00,PNPN.V,,1.1299999952316284,1.1299999952316284,1.1299999952316284,1.1299999952316284,800.0
2026-04-09 09:38:00,PNTR.V,,0.5,0.5,0.5,0.5,21000.0
2026-04-09 09:38:00,QNC.V,,3.309999942779541,3.309999942779541,3.309999942779541,3.309999942779541,1100.0
2026-04-09 09:38:00,RDS.V,,0.8299999833106995,0.8299999833106995,0.8299999833106995,0.8299999833106995,22500.0
2026-04-09 09:38:00,ROCK.V,,2.674999952316284,2.680000066757202,2.619999885559082,2.619999885559082,6600.0
2026-04-09 09:38:00,ROK.V,,0.2750000059604645,0.2750000059604645,0.2750000059604645,0.2750000059604645,1500.0
2026-04-09 09:38:00,RVG.V,,0.8199999928474426,0.8199999928474426,0.8199999928474426,0.8199999928474426,2500.0
2026-04-09 09:38:00,SEI.V,,0.5600000023841858,0.5600000023841858,0.5600000023841858,0.5600000023841858,7000.0
2026-04-09 09:38:00,SGML.V,,20.190000534057617,20.190000534057617,20.190000534057617,20.190000534057617,200.0
2026-04-09 09:38:00,SGN.V,,0.3499999940395355,0.3499999940395355,0.3499999940395355,0.3499999940395355,1000.0
2026-04-09 09:38:00,SLVR.V,,0.8500000238418579,0.8500000238418579,0.8500000238418579,0.8500000238418579,15000.0
2026-04-09 09:38:00,SMN.V,,0.14000000059604645,0.14000000059604645,0.14000000059604645,0.14000000059604645,2000.0
2026-04-09 09:38:00,SMRV.V,,0.3700000047683716,0.3700000047683716,0.3700000047683716,0.3700000047683716,3500.0
2026-04-09 09:38:00,SOMA.V,,1.7899999618530273,1.7899999618530273,1.7899999618530273,1.7899999618530273,100.0
2026-04-09 09:38:00,STE.V,,0.44999998807907104,0.44999998807907104,0.44999998807907104,0.44999998807907104,0.0
2026-04-09 09:38:00,STRR.V,,0.5099999904632568,0.5099999904632568,0.5099999904632568,0.5099999904632568,500.0
2026-04-09 09:38:00,SVE.V,,0.5600000023841858,0.5600000023841858,0.5299999713897705,0.550000011920929,135210.0
2026-04-09 09:38:00,SVRS.V,,0.4650000035762787,0.4650000035762787,0.4650000035762787,0.4650000035762787,1000.0
2026-04-09 09:39:00,GASX.V,,1.4800000190734863,1.4800000190734863,1.4600000381469727,1.4600000381469727,4400.0
2026-04-09 09:39:00,NDA.V,,0.8500000238418579,0.8500000238418579,0.8399999737739563,0.8399999737739563,11573.0
2026-04-09 09:39:00,NKG.V,,0.20499999821186066,0.20499999821186066,0.20499999821186066,0.20499999821186066,0.0
2026-04-09 09:39:00,NOAL.V,,0.2199999988079071,0.2199999988079071,0.2199999988079071,0.2199999988079071,0.0
2026-04-09 09:39:00,NOB.V,,0.0949999988079071,0.0949999988079071,0.0949999988079071,0.0949999988079071,6000.0
2026-04-09 09:39:00,OMG.V,,1.9299999475479126,1.9299999475479126,1.9299999475479126,1.9299999475479126,600.0
2026-04-09 09:39:00,PLSR.V,,2.109999895095825,2.109999895095825,2.109999895095825,2.109999895095825,2200.0
2026-04-09 09:39:00,PUMA.V,,0.13500000536441803,0.13500000536441803,0.13500000536441803,0.13500000536441803,15102.0
2026-04-09 09:39:00,PWM.V,,0.4350000023841858,0.4399999976158142,0.4350000023841858,0.4399999976158142,0.0
2026-04-09 09:39:00,QGR.V,,0.28999999165534973,0.28999999165534973,0.28999999165534973,0.28999999165534973,24000.0
2026-04-09 09:39:00,ROK.V,,0.2750000059604645,0.2750000059604645,0.2750000059604645,0.2750000059604645,2000.0
2026-04-09 09:39:00,RVG.V,,0.8199999928474426,0.8199999928474426,0.8199999928474426,0.8199999928474426,3000.0
2026-04-09 09:39:00,SGU.V,,0.04500000178813934,0.04500000178813934,0.04500000178813934,0.04500000178813934,2000.0
2026-04-09 09:39:00,SLVR.V,,0.8600000143051147,0.8600000143051147,0.8600000143051147,0.8600000143051147,5000.0
2026-04-09 09:39:00,SOMA.V,,1.809999942779541,1.809999942779541,1.7999999523162842,1.7999999523162842,4703.0
2026-04-09 09:39:00,SSV.V,,0.5899999737739563,0.5899999737739563,0.5799999833106995,0.5799999833106995,34800.0
2026-04-09 09:39:00,SVRS.V,,0.4650000035762787,0.4650000035762787,0.4650000035762787,0.4650000035762787,33500.0
2026-04-09 09:40:00,GASX.V,,1.4700000286102295,1.4900000095367432,1.4700000286102295,1.4900000095367432,3400.0
2026-04-09 09:40:00,NCX.V,,3.299999952316284,3.299999952316284,3.2699999809265137,3.2799999713897705,8706.0
2026-04-09 09:40:00,NFG.V,,2.8499999046325684,2.880000114440918,2.8499999046325684,2.869999885559082,801.0
2026-04-09 09:40:00,OCO.V,,0.4050000011920929,0.4050000011920929,0.4000000059604645,0.4000000059604645,17500.0
2026-04-09 09:40:00,OMG.V,,1.940000057220459,1.940000057220459,1.9299999475479126,1.9299999475479126,2000.0
2026-04-09 09:40:00,PLAN.V,,0.3199999928474426,0.3199999928474426,0.3199999928474426,0.3199999928474426,0.0
2026-04-09 09:40:00,PLSR.V,,2.0999999046325684,2.0999999046325684,2.0899999141693115,2.0899999141693115,8334.0
2026-04-09 09:40:00,QGR.V,,0.2800000011920929,0.2800000011920929,0.2800000011920929,0.2800000011920929,35000.0
2026-04-09 09:40:00,RDU.V,,0.12999999523162842,0.12999999523162842,0.12999999523162842,0.12999999523162842,500.0
2026-04-09 09:40:00,ROCK.V,,2.700000047683716,2.700000047683716,2.6600000858306885,2.6600000858306885,8700.0
2026-04-09 09:40:00,RSMX.V,,0.14000000059604645,0.14000000059604645,0.14000000059604645,0.14000000059604645,11500.0
2026-04-09 09:40:00,SGML.V,,20.010000228881836,20.040000915527344,20.010000228881836,20.040000915527344,1300.0
2026-04-09 09:40:00,SLI.V,,4.840000152587891,4.840000152587891,4.840000152587891,4.840000152587891,100.0
2026-04-09 09:40:00,SSV.V,,0.5799999833106995,0.5799999833106995,0.5799999833106995,0.5799999833106995,9000.0
2026-04-09 09:40:00,SVE.V,,0.5600000023841858,0.5699999928474426,0.5600000023841858,0.5699999928474426,17545.0
2026-04-09 09:41:00,NAU.V,,1.7599999904632568,1.7599999904632568,1.7400000095367432,1.75,5325.0
2026-04-09 09:41:00,NAV.V,,0.009999999776482582,0.009999999776482582,0.009999999776482582,0.009999999776482582,0.0
2026-04-09 09:41:00,NCX.V,,3.309999942779541,3.309999942779541,3.309999942779541,3.309999942779541,1000.0
2026-04-09 09:41:00,NFD-A.V,,5.199999809265137,5.199999809265137,5.199999809265137,5.199999809265137,0.0
2026-04-09 09:41:00,NFG.V,,2.8499999046325684,2.8499999046325684,2.8499999046325684,2.8499999046325684,2900.0
2026-04-09 09:41:00,NSU.V,,0.17499999701976776,0.17499999701976776,0.17499999701976776,0.17499999701976776,25000.0
2026-04-09 09:41:00,OMG.V,,1.9500000476837158,1.9500000476837158,1.9199999570846558,1.9299999475479126,9700.0
2026-04-09 09:41:00,PNPN.V,,1.1299999952316284,1.1299999952316284,1.1299999952316284,1.1299999952316284,100.0
2026-04-09 09:41:00,QTWO.V,,2.180000066757202,2.180000066757202,2.180000066757202,2.180000066757202,200.0
2026-04-09 09:41:00,RECO.V,,1.0700000524520874,1.0700000524520874,1.065000057220459,1.065000057220459,200.0
2026-04-09 09:41:00,ROCK.V,,2.700000047683716,2.700000047683716,2.700000047683716,2.700000047683716,1000.0
2026-04-09 09:41:00,RVG.V,,0.8199999928474426,0.8199999928474426,0.8199999928474426,0.8199999928474426,3500.0
2026-04-09 09:41:00,SEI.V,,0.5600000023841858,0.5600000023841858,0.5600000023841858,0.5600000023841858,2000.0
2026-04-09 09:41:00,SLG.V,,3.640000104904175,3.640000104904175,3.640000104904175,3.640000104904175,500.0
2026-04-09 09:41:00,VIPR.V,,1.1200000047683716,1.1200000047683716,1.1200000047683716,1.1200000047683716,100.0
2026-04-09 09:42:00,GASX.V,,1.4700000286102295,1.4700000286102295,1.4500000476837158,1.4600000381469727,10100.0
2026-04-09 09:42:00,NAU.V,,1.75,1.75,1.75,1.75,7300.0
2026-04-09 09:42:00,NAV.V,,0.009999999776482582,0.009999999776482582,0.009999999776482582,0.009999999776482582,2000.0
2026-04-09 09:42:00,NFG.V,,2.8499999046325684,2.8550000190734863,2.8499999046325684,2.8499999046325684,1700.0
2026-04-09 09:42:00,OMG.V,,1.9500000476837158,1.9500000476837158,1.9299999475479126,1.940000057220459,9200.0
2026-04-09 09:42:00,PGE.V,,0.3199999928474426,0.3199999928474426,0.3199999928474426,0.3199999928474426,16500.0
2026-04-09 09:42:00,QGR.V,,0.2750000059604645,0.2775000035762787,0.2750000059604645,0.2750000059604645,26500.0
2026-04-09 09:42:00,QTWO.V,,2.200000047683716,2.200000047683716,2.190000057220459,2.190000057220459,20100.0
2026-04-09 09:42:00,RDU.V,,0.13500000536441803,0.13500000536441803,0.12999999523162842,0.12999999523162842,42500.0
2026-04-09 09:42:00,SCZ.V,,11.380000114440918,11.380000114440918,11.369999885559082,11.369999885559082,500.0
2026-04-09 09:42:00,SSV.V,,0.5799999833106995,0.5799999833106995,0.5799999833106995,0.5799999833106995,5500.0
2026-04-09 09:42:00,VIPR.V,,1.1200000047683716,1.1200000047683716,1.1200000047683716,1.1200000047683716,1500.0
2026-04-09 09:43:00,MNRG.V,,0.0949999988079071,0.0949999988079071,0.0949999988079071,0.0949999988079071,10000.0
2026-04-09 09:43:00,NCX.V,,3.299999952316284,3.309999942779541,3.299999952316284,3.309999942779541,5100.0
2026-04-09 09:43:00,NFG.V,,2.859999895095825,2.859999895095825,2.8550000190734863,2.8550000190734863,1100.0
2026-04-09 09:43:00,ODV.V,,4.690000057220459,4.690000057220459,4.690000057220459,4.690000057220459,100.0
2026-04-09 09:43:00,OMG.V,,1.940000057220459,1.940000057220459,1.940000057220459,1.940000057220459,2208.0
2026-04-09 09:43:00,PML.V,,0.8600000143051147,0.8600000143051147,0.8600000143051147,0.8600000143051147,1000.0
2026-04-09 09:43:00,PNPN.V,,1.149999976158142,1.149999976158142,1.1399999856948853,1.1399999856948853,133410.0
2026-04-09 09:43:00,QNC.V,,3.3399999141693115,3.3399999141693115,3.319999933242798,3.319999933242798,8305.0
2026-04-09 09:43:00,QTWO.V,,2.200000047683716,2.200000047683716,2.194999933242798,2.194999933242798,4200.0
2026-04-09 09:43:00,RDS.V,,0.8199999928474426,0.8199999928474426,0.8199999928474426,0.8199999928474426,1500.0
2026-04-09 09:43:00,RDU.V,,0.13500000536441803,0.13500000536441803,0.13500000536441803,0.13500000536441803,1000.0
2026-04-09 09:43:00,ROCK.V,,2.690000057220459,2.690000057220459,2.690000057220459,2.690000057220459,100.0
2026-04-09 09:43:00,SCZ.V,,11.300000190734863,11.300000190734863,11.300000190734863,11.300000190734863,350.0
2026-04-09 09:43:00,SGML.V,,20.06999969482422,20.06999969482422,20.06999969482422,20.06999969482422,600.0
2026-04-09 09:43:00,SGO.V,,0.23999999463558197,0.23999999463558197,0.23999999463558197,0.23999999463558197,13000.0
2026-04-09 09:43:00,SOI.V,,0.2150000035762787,0.2150000035762787,0.2150000035762787,0.2150000035762787,1000.0
2026-04-09 09:43:00,SSV.V,,0.5799999833106995,0.5799999833106995,0.5799999833106995,0.5799999833106995,5000.0
2026-04-09 09:43:00,SVRS.V,,0.46000000834465027,0.46000000834465027,0.46000000834465027,0.46000000834465027,5000.0
2026-04-09 09:44:00,BET.V,,0.014999999664723873,0.014999999664723873,0.014999999664723873,0.014999999664723873,11000.0
2026-04-09 09:44:00,MKA.V,,0.6800000071525574,0.6800000071525574,0.6800000071525574,0.6800000071525574,2000.0
2026-04-09 09:44:00,NAU.V,,1.7599999904632568,1.7699999809265137,1.7599999904632568,1.7599999904632568,13900.0
2026-04-09 09:44:00,NCX.V,,3.299999952316284,3.309999942779541,3.299999952316284,3.309999942779541,4200.0
2026-04-09 09:44:00,NFG.V,,2.859999895095825,2.859999895095825,2.859999895095825,2.859999895095825,425.0
2026-04-09 09:44:00,NICN.V,,0.10999999940395355,0.10999999940395355,0.10999999940395355,0.10999999940395355,5000.0
2026-04-09 09:44:00,NOAL.V,,0.2199999988079071,0.2199999988079071,0.2199999988079071,0.2199999988079071,6000.0
2026-04-09 09:44:00,NOB.V,,0.0949999988079071,0.0949999988079071,0.0949999988079071,0.0949999988079071,1000.0
2026-04-09 09:44:00,OMG.V,,1.9500000476837158,1.9500000476837158,1.940000057220459,1.940000057220459,20900.0
2026-04-09 09:44:00,OTC.V,,0.47999998927116394,0.49000000953674316,0.47999998927116394,0.49000000953674316,2000.0
2026-04-09 09:44:00,PUMA.V,,0.12999999523162842,0.12999999523162842,0.12999999523162842,0.12999999523162842,13200.0
2026-04-09 09:44:00,QGR.V,,0.27000001072883606,0.2750000059604645,0.27000001072883606,0.2750000059604645,26500.0
2026-04-09 09:44:00,QNC.V,,3.3399999141693115,3.3399999141693115,3.325000047683716,3.325000047683716,9011.0
2026-04-09 09:44:00,QTWO.V,,2.2049999237060547,2.2049999237060547,2.2049999237060547,2.2049999237060547,200.0
2026-04-09 09:44:00,RDS.V,,0.8199999928474426,0.8199999928474426,0.8199999928474426,0.8199999928474426,2000.0
2026-04-09 09:44:00,SCD.V,,0.14000000059604645,0.14000000059604645,0.14000000059604645,0.14000000059604645,113532.0
2026-04-09 09:44:00,SEI.V,,0.5600000023841858,0.5600000023841858,0.5600000023841858,0.5600000023841858,47000.0
2026-04-09 09:44:00,SLVR.V,,0.8600000143051147,0.8600000143051147,0.8600000143051147,0.8600000143051147,12500.0
2026-04-09 09:44:00,SVRS.V,,0.46000000834465027,0.46000000834465027,0.46000000834465027,0.46000000834465027,1000.0
2026-04-09 09:45:00,GASX.V,,1.5,1.5,1.4700000286102295,1.4700000286102295,5800.0
2026-04-09 09:45:00,MMY.V,,0.9900000095367432,0.9900000095367432,0.9800000190734863,0.9800000190734863,10500.0
2026-04-09 09:45:00,NCX.V,,3.299999952316284,3.299999952316284,3.299999952316284,3.299999952316284,5700.0
2026-04-09 09:45:00,OMG.V,,1.9500000476837158,1.965000033378601,1.9500000476837158,1.9600000381469727,15453.0
2026-04-09 09:45:00,PLSR.V,,2.0999999046325684,2.0999999046325684,2.0999999046325684,2.0999999046325684,700.0
2026-04-09 09:45:00,QNC.V,,3.369999885559082,3.369999885559082,3.3499999046325684,3.3499999046325684,1222.0
2026-04-09 09:45:00,RBX.V,,7.170000076293945,7.170000076293945,7.119999885559082,7.119999885559082,1400.0
2026-04-09 09:45:00,RET-A.V,,1.899999976158142,1.899999976158142,1.8899999856948853,1.8899999856948853,0.0
2026-04-09 09:45:00,ROCK.V,,2.700000047683716,2.700000047683716,2.700000047683716,2.700000047683716,1000.0
2026-04-09 09:45:00,SCZ.V,,11.260000228881836,11.260000228881836,11.239999771118164,11.25,2205.0
2026-04-09 09:45:00,SLG.V,,3.6700000762939453,3.6700000762939453,3.6700000762939453,3.6700000762939453,4600.0
2026-04-09 09:45:00,SOMA.V,,1.840000033378601,1.840000033378601,1.840000033378601,1.840000033378601,800.0
2026-04-09 09:45:00,SVRS.V,,0.4650000035762787,0.4650000035762787,0.4625000059604645,0.4625000059604645,6000.0
2026-04-09 09:46:00,NAU.V,,1.7699999809265137,1.7699999809265137,1.7699999809265137,1.7699999809265137,4900.0
2026-04-09 09:46:00,NCAU.V,,0.6499999761581421,0.6499999761581421,0.6499999761581421,0.6499999761581421,500.0
2026-04-09 09:46:00,ODV.V,,4.679999828338623,4.679999828338623,4.679999828338623,4.679999828338623,100.0
2026-04-09 09:46:00,OMG.V,,1.9500000476837158,1.9550000429153442,1.9500000476837158,1.9550000429153442,2100.0
2026-04-09 09:46:00,PINK.V,,0.33000001311302185,0.33000001311302185,0.33000001311302185,0.33000001311302185,16500.0
2026-04-09 09:46:00,PLSR.V,,2.0899999141693115,2.0899999141693115,2.0899999141693115,2.0899999141693115,1600.0
2026-04-09 09:46:00,PNTR.V,,0.5099999904632568,0.5099999904632568,0.5099999904632568,0.5099999904632568,8000.0
2026-04-09 09:46:00,QGR.V,,0.2750000059604645,0.2750000059604645,0.2750000059604645,0.2750000059604645,10000.0
2026-04-09 09:46:00,RBX.V,,7.0,7.0,7.0,7.0,200.0
2026-04-09 09:46:00,RVG.V,,0.8100000023841858,0.8100000023841858,0.8100000023841858,0.8100000023841858,8000.0
2026-04-09 09:46:00,SLG.V,,3.700000047683716,3.75,3.6700000762939453,3.674999952316284,29700.0
2026-04-09 09:46:00,SLI.V,,4.820000171661377,4.820000171661377,4.820000171661377,4.820000171661377,100.0
2026-04-09 09:46:00,SLVR.V,,0.8500000238418579,0.8500000238418579,0.8500000238418579,0.8500000238418579,6000.0
2026-04-09 09:46:00,SVRS.V,,0.4650000035762787,0.4650000035762787,0.4625000059604645,0.4625000059604645,5100.0
2026-04-09 09:47:00,MAI.V,,6.139999866485596,6.139999866485596,6.139999866485596,6.139999866485596,2400.0
2026-04-09 09:47:00,MHUB.V,,0.5600000023841858,0.5600000023841858,0.5600000023841858,0.5600000023841858,1500.0
2026-04-09 09:47:00,NAU.V,,1.7899999618530273,1.7899999618530273,1.7699999809265137,1.7699999809265137,14500.0
2026-04-09 09:47:00,NFG.V,,2.8450000286102295,2.8450000286102295,2.8450000286102295,2.8450000286102295,1600.0
2026-04-09 09:47:00,NOW.V,,0.25999999046325684,0.25999999046325684,0.25999999046325684,0.25999999046325684,1000.0
2026-04-09 09:47:00,OMG.V,,1.9500000476837158,1.9500000476837158,1.9500000476837158,1.9500000476837158,1366.0
2026-04-09 09:47:00,PLSR.V,,2.0899999141693115,2.0899999141693115,2.0899999141693115,2.0899999141693115,371.0
2026-04-09 09:47:00,PNPN.V,,1.1399999856948853,1.1399999856948853,1.1399999856948853,1.1399999856948853,200.0
2026-04-09 09:47:00,QTWO.V,,2.2100000381469727,2.2100000381469727,2.2100000381469727,2.2100000381469727,800.0
2026-04-09 09:47:00,SLG.V,,3.700000047683716,3.700000047683716,3.700000047683716,3.700000047683716,4932.0
2026-04-09 09:47:00,SLVR.V,,0.8500000238418579,0.8500000238418579,0.8500000238418579,0.8500000238418579,4500.0
2026-04-09 09:47:00,SVRS.V,,0.46000000834465027,0.46000000834465027,0.46000000834465027,0.46000000834465027,1000.0
2026-04-09 09:48:00,NCI.V,,1.0099999904632568,1.0099999904632568,1.0099999904632568,1.0099999904632568,0.0
2026-04-09 09:48:00,NFD-A.V,,5.199999809265137,5.199999809265137,5.199999809265137,5.199999809265137,2600.0
2026-04-09 09:48:00,NFG.V,,2.8499999046325684,2.8550000190734863,2.8450000286102295,2.8450000286102295,5403.0
2026-04-09 09:48:00,NOW.V,,0.25999999046325684,0.25999999046325684,0.25999999046325684,0.25999999046325684,1000.0
2026-04-09 09:48:00,NRN.V,,0.04500000178813934,0.04500000178813934,0.04500000178813934,0.04500000178813934,83000.0
2026-04-09 09:48:00,OMG.V,,1.9600000381469727,1.9600000381469727,1.9500000476837158,1.9500000476837158,6400.0
2026-04-09 09:48:00,PGDC.V,,0.8799999952316284,0.8799999952316284,0.8799999952316284,0.8799999952316284,500.0
2026-04-09 09:48:00,PNPN.V,,1.1399999856948853,1.1449999809265137,1.1399999856948853,1.1449999809265137,300.0
2026-04-09 09:48:00,PWM.V,,0.4300000071525574,0.4300000071525574,0.4300000071525574,0.4300000071525574,1000.0
2026-04-09 09:48:00,QTWO.V,,2.190000057220459,2.200000047683716,2.190000057220459,2.200000047683716,3800.0
2026-04-09 09:48:00,ROCK.V,,2.7100000381469727,2.7200000286102295,2.7100000381469727,2.7100000381469727,25900.0
2026-04-09 09:48:00,RPX.V,,0.18000000715255737,0.18000000715255737,0.18000000715255737,0.18000000715255737,56500.0
2026-04-09 09:48:00,SCD.V,,0.14000000059604645,0.14000000059604645,0.14000000059604645,0.14000000059604645,500.0
2026-04-09 09:48:00,SCZ.V,,11.149999618530273,11.149999618530273,11.149999618530273,11.149999618530273,2150.0
2026-04-09 09:48:00,SLI.V,,4.789999961853027,4.789999961853027,4.789999961853027,4.789999961853027,100.0
2026-04-09 09:48:00,SLVR.V,,0.8500000238418579,0.8500000238418579,0.8500000238418579,0.8500000238418579,8000.0
2026-04-09 09:48:00,SVRS.V,,0.46000000834465027,0.46000000834465027,0.46000000834465027,0.46000000834465027,20500.0
2026-04-09 09:49:00,MAI.V,,6.159999847412109,6.159999847412109,6.139999866485596,6.139999866485596,300.0
2026-04-09 09:49:00,MMY.V,,0.9850000143051147,0.9850000143051147,0.9850000143051147,0.9850000143051147,500.0
2026-04-09 09:49:00,NAU.V,,1.7899999618530273,1.7899999618530273,1.7899999618530273,1.7899999618530273,700.0
2026-04-09 09:49:00,NFG.V,,2.8499999046325684,2.8499999046325684,2.8499999046325684,2.8499999046325684,400.0
2026-04-09 09:49:00,ODV.V,,4.639999866485596,4.639999866485596,4.639999866485596,4.639999866485596,700.0
2026-04-09 09:49:00,OMG.V,,1.9500000476837158,1.9500000476837158,1.9500000476837158,1.9500000476837158,1200.0
2026-04-09 09:49:00,PNPN.V,,1.1399999856948853,1.1399999856948853,1.1399999856948853,1.1399999856948853,400.0
2026-04-09 09:49:00,QNC.V,,3.319999933242798,3.319999933242798,3.319999933242798,3.319999933242798,1100.0
2026-04-09 09:49:00,QTWO.V,,2.200000047683716,2.200000047683716,2.190000057220459,2.194999933242798,10500.0
2026-04-09 09:49:00,RDU.V,,0.13500000536441803,0.13500000536441803,0.13500000536441803,0.13500000536441803,500.0
2026-04-09 09:49:00,RECO.V,,1.0700000524520874,1.0700000524520874,1.0700000524520874,1.0700000524520874,3600.0
2026-04-09 09:49:00,SGML.V,,20.1200008392334,20.1299991607666,20.1200008392334,20.1299991607666,600.0
2026-04-09 09:49:00,SLVR.V,,0.8500000238418579,0.8500000238418579,0.8500000238418579,0.8500000238418579,17000.0
2026-04-09 09:49:00,SSV.V,,0.5849999785423279,0.5849999785423279,0.5849999785423279,0.5849999785423279,2500.0
2026-04-09 09:49:00,SVRS.V,,0.46000000834465027,0.4650000035762787,0.46000000834465027,0.46000000834465027,13500.0
2026-04-09 09:50:00,AGX.V,,0.7200000286102295,0.7300000190734863,0.7200000286102295,0.7300000190734863,100100.0
2026-04-09 09:50:00,NCX.V,,3.259999990463257,3.2899999618530273,3.259999990463257,3.2899999618530273,8150.0
2026-04-09 09:50:00,NFG.V,,2.8499999046325684,2.8499999046325684,2.8499999046325684,2.8499999046325684,1500.0
2026-04-09 09:50:00,NSCI.V,,0.12999999523162842,0.12999999523162842,0.12999999523162842,0.12999999523162842,1500.0
2026-04-09 09:50:00,ODX-H.V,,0.0949999988079071,0.0949999988079071,0.0949999988079071,0.0949999988079071,0.0
2026-04-09 09:50:00,OMG.V,,1.9600000381469727,1.9600000381469727,1.9500000476837158,1.9500000476837158,15200.0
2026-04-09 09:50:00,PCLO.V,,0.04500000178813934,0.04500000178813934,0.04500000178813934,0.04500000178813934,10000.0
2026-04-09 09:50:00,PNPN.V,,1.1399999856948853,1.1399999856948853,1.1399999856948853,1.1399999856948853,200.0
2026-04-09 09:50:00,PNTR.V,,0.5299999713897705,0.5299999713897705,0.5299999713897705,0.5299999713897705,1500.0
2026-04-09 09:50:00,PPP.V,,1.2799999713897705,1.2799999713897705,1.2799999713897705,1.2799999713897705,3100.0
2026-04-09 09:50:00,QGR.V,,0.2775000035762787,0.2775000035762787,0.2775000035762787,0.2775000035762787,500.0
2026-04-09 09:50:00,RVG.V,,0.8100000023841858,0.8100000023841858,0.8100000023841858,0.8100000023841858,500.0
2026-04-09 09:50:00,SSV.V,,0.5849999785423279,0.5849999785423279,0.5849999785423279,0.5849999785423279,500.0
2026-04-09 09:51:00,AGX.V,,0.7200000286102295,0.7200000286102295,0.7200000286102295,0.7200000286102295,12518.0
2026-04-09 09:51:00,LITT.V,,0.38999998569488525,0.4000000059604645,0.38999998569488525,0.4000000059604645,36000.0
2026-04-09 09:51:00,MGG.V,,0.3799999952316284,0.3799999952316284,0.3799999952316284,0.3799999952316284,9346.0
2026-04-09 09:51:00,NAU.V,,1.7699999809265137,1.7699999809265137,1.7699999809265137,1.7699999809265137,30000.0
2026-04-09 09:51:00,NCAU.V,,0.6499999761581421,0.6499999761581421,0.6499999761581421,0.6499999761581421,500.0
2026-04-09 09:51:00,NCX.V,,3.259999990463257,3.259999990463257,3.25,3.25,1000.0
2026-04-09 09:51:00,NFG.V,,2.8399999141693115,2.8450000286102295,2.8399999141693115,2.8450000286102295,3800.0
2026-04-09 09:51:00,NIO.V,,0.30000001192092896,0.30000001192092896,0.27000001072883606,0.27000001072883606,38600.0
2026-04-09 09:51:00,NRN.V,,0.04500000178813934,0.04500000178813934,0.04500000178813934,0.04500000178813934,147000.0
2026-04-09 09:51:00,ODV.V,,4.639999866485596,4.639999866485596,4.639999866485596,4.639999866485596,100.0
2026-04-09 09:51:00,OMG.V,,1.9500000476837158,1.9550000429153442,1.9500000476837158,1.9550000429153442,9900.0
2026-04-09 09:51:00,PGLD.V,,0.7099999785423279,0.7099999785423279,0.7099999785423279,0.7099999785423279,0.0
2026-04-09 09:51:00,PNPN.V,,1.1399999856948853,1.1399999856948853,1.1399999856948853,1.1399999856948853,200.0
2026-04-09 09:51:00,PPP.V,,1.2699999809265137,1.2699999809265137,1.2699999809265137,1.2699999809265137,100.0
2026-04-09 09:51:00,QGR.V,,0.2775000035762787,0.2775000035762787,0.2775000035762787,0.2775000035762787,500.0
2026-04-09 09:51:00,QTWO.V,,2.2100000381469727,2.2100000381469727,2.200000047683716,2.200000047683716,1500.0
2026-04-09 09:51:00,RECO.V,,1.0700000524520874,1.0700000524520874,1.0700000524520874,1.0700000524520874,3000.0
2026-04-09 09:51:00,RVG.V,,0.8100000023841858,0.8100000023841858,0.8100000023841858,0.8100000023841858,4500.0
2026-04-09 09:51:00,RYO.V,,0.4749999940395355,0.4749999940395355,0.4749999940395355,0.4749999940395355,5500.0
2026-04-09 09:51:00,SEI.V,,0.5600000023841858,0.5600000023841858,0.5600000023841858,0.5600000023841858,23500.0
2026-04-09 09:51:00,SLVR.V,,0.8500000238418579,0.8500000238418579,0.8500000238418579,0.8500000238418579,7000.0
2026-04-09 09:51:00,SOMA.V,,1.8300000429153442,1.8300000429153442,1.8300000429153442,1.8300000429153442,2017.0
2026-04-09 09:51:00,SSV.V,,0.5799999833106995,0.5799999833106995,0.5799999833106995,0.5799999833106995,47000.0
2026-04-09 09:51:00,SVE.V,,0.550000011920929,0.550000011920929,0.550000011920929,0.550000011920929,26000.0
2026-04-09 09:51:00,SVRS.V,,0.46000000834465027,0.46000000834465027,0.46000000834465027,0.46000000834465027,1500.0
2026-04-09 09:52:00,AGX.V,,0.7200000286102295,0.7200000286102295,0.7200000286102295,0.7200000286102295,5000.0
2026-04-09 09:52:00,NEXE.V,,0.13500000536441803,0.13500000536441803,0.13500000536441803,0.13500000536441803,0.0
2026-04-09 09:52:00,NFG.V,,2.8499999046325684,2.8499999046325684,2.8499999046325684,2.8499999046325684,100.0
2026-04-09 09:52:00,OMG.V,,1.9500000476837158,1.9500000476837158,1.9500000476837158,1.9500000476837158,500.0
2026-04-09 09:52:00,QGR.V,,0.2750000059604645,0.2750000059604645,0.2750000059604645,0.2750000059604645,12000.0
2026-04-09 09:52:00,QTWO.V,,2.2200000286102295,2.2200000286102295,2.2100000381469727,2.2100000381469727,1500.0
2026-04-09 09:52:00,RECO.V,,1.0800000429153442,1.0800000429153442,1.0750000476837158,1.0750000476837158,10500.0
2026-04-09 09:52:00,SEI.V,,0.5600000023841858,0.5600000023841858,0.5600000023841858,0.5600000023841858,49000.0
2026-04-09 09:52:00,SLVR.V,,0.8500000238418579,0.8500000238418579,0.8500000238418579,0.8500000238418579,8500.0
2026-04-09 09:52:00,VIPR.V,,1.1200000047683716,1.1200000047683716,1.1200000047683716,1.1200000047683716,100.0
2026-04-09 09:53:00,MAI.V,,6.110000133514404,6.110000133514404,6.110000133514404,6.110000133514404,100.0
2026-04-09 09:53:00,NBLC.V,,0.08500000089406967,0.08500000089406967,0.08500000089406967,0.08500000089406967,0.0
2026-04-09 09:53:00,ODV.V,,4.639999866485596,4.639999866485596,4.639999866485596,4.639999866485596,800.0
2026-04-09 09:53:00,OMG.V,,1.9500000476837158,1.9500000476837158,1.940000057220459,1.940000057220459,8300.0
2026-04-09 09:53:00,PGLD.V,,0.7099999785423279,0.7099999785423279,0.7099999785423279,0.7099999785423279,2500.0
2026-04-09 09:53:00,PINK.V,,0.3449999988079071,0.3449999988079071,0.3449999988079071,0.3449999988079071,12500.0
2026-04-09 09:53:00,QGR.V,,0.27000001072883606,0.27000001072883606,0.26750001311302185,0.27000001072883606,23926.0
2026-04-09 09:53:00,ROCK.V,,2.740000009536743,2.740000009536743,2.7100000381469727,2.7100000381469727,13000.0
2026-04-09 09:53:00,RVG.V,,0.8100000023841858,0.8100000023841858,0.8100000023841858,0.8100000023841858,2000.0
2026-04-09 09:53:00,SCD.V,,0.14000000059604645,0.14000000059604645,0.14000000059604645,0.14000000059604645,20000.0
2026-04-09 09:53:00,SCZ.V,,11.020000457763672,11.029999732971191,11.020000457763672,11.029999732971191,600.0
2026-04-09 09:53:00,SEI.V,,0.5600000023841858,0.5600000023841858,0.5600000023841858,0.5600000023841858,25000.0
2026-04-09 09:53:00,SOMA.V,,1.7999999523162842,1.809999942779541,1.7999999523162842,1.809999942779541,200.0
2026-04-09 09:53:00,STUD.V,,0.3499999940395355,0.35499998927116394,0.3499999940395355,0.35499998927116394,20550.0
2026-04-09 09:54:00,AGX.V,,0.7200000286102295,0.7250000238418579,0.7200000286102295,0.7250000238418579,14500.0
2026-04-09 09:54:00,MAI.V,,6.099999904632568,6.099999904632568,6.099999904632568,6.099999904632568,100.0
2026-04-09 09:54:00,NAU.V,,1.7899999618530273,1.7899999618530273,1.7899999618530273,1.7899999618530273,200.0
2026-04-09 09:54:00,NDA.V,,0.8500000238418579,0.8500000238418579,0.8500000238418579,0.8500000238418579,1750.0
2026-04-09 09:54:00,NFG.V,,2.8399999141693115,2.8450000286102295,2.8399999141693115,2.8450000286102295,7200.0
2026-04-09 09:54:00,OCO.V,,0.4000000059604645,0.4000000059604645,0.4000000059604645,0.4000000059604645,2000.0
2026-04-09 09:54:00,ODX-H.V,,0.0949999988079071,0.0949999988079071,0.0949999988079071,0.0949999988079071,30000.0
2026-04-09 09:54:00,OMG.V,,1.9500000476837158,1.9550000429153442,1.9500000476837158,1.9550000429153442,18070.0
2026-04-09 09:54:00,PGLD.V,,0.7200000286102295,0.7200000286102295,0.7200000286102295,0.7200000286102295,7000.0
2026-04-09 09:54:00,PPP.V,,1.2699999809265137,1.2699999809265137,1.2699999809265137,1.2699999809265137,900.0
2026-04-09 09:54:00,QGR.V,,0.27000001072883606,0.27000001072883606,0.27000001072883606,0.27000001072883606,2000.0
2026-04-09 09:54:00,QTWO.V,,2.234999895095825,2.234999895095825,2.2300000190734863,2.2300000190734863,3600.0
2026-04-09 09:54:00,RKR.V,,0.05000000074505806,0.05000000074505806,0.05000000074505806,0.05000000074505806,0.0
2026-04-09 09:54:00,ROCK.V,,2.75,2.75,2.740000009536743,2.740000009536743,35200.0
2026-04-09 09:55:00,LITT.V,,0.4000000059604645,0.4000000059604645,0.38999998569488525,0.38999998569488525,4000.0
2026-04-09 09:55:00,MKA.V,,0.6600000262260437,0.6600000262260437,0.6600000262260437,0.6600000262260437,1000.0
2026-04-09 09:55:00,NAU.V,,1.7899999618530273,1.7899999618530273,1.7899999618530273,1.7899999618530273,9000.0
2026-04-09 09:55:00,NFG.V,,2.8399999141693115,2.8399999141693115,2.8399999141693115,2.8399999141693115,1400.0
2026-04-09 09:55:00,ODX-H.V,,0.0949999988079071,0.0949999988079071,0.0949999988079071,0.0949999988079071,9000.0
2026-04-09 09:55:00,OMG.V,,1.9500000476837158,1.9500000476837158,1.9500000476837158,1.9500000476837158,4036.0
2026-04-09 09:55:00,ORS.V,,0.10000000149011612,0.10000000149011612,0.10000000149011612,0.10000000149011612,17500.0
2026-04-09 09:55:00,PPP.V,,1.2699999809265137,1.2699999809265137,1.2699999809265137,1.2699999809265137,100.0
2026-04-09 09:55:00,QGR.V,,0.26499998569488525,0.26499998569488525,0.26499998569488525,0.26499998569488525,37000.0
2026-04-09 09:55:00,QTWO.V,,2.2300000190734863,2.2300000190734863,2.2300000190734863,2.2300000190734863,200.0
2026-04-09 09:55:00,RDS.V,,0.824999988079071,0.824999988079071,0.824999988079071,0.824999988079071,500.0
2026-04-09 09:55:00,SOI.V,,0.2150000035762787,0.2150000035762787,0.2150000035762787,0.2150000035762787,8344.0
2026-04-09 09:55:00,SOLR.V,,0.014999999664723873,0.014999999664723873,0.014999999664723873,0.014999999664723873,0.0
2026-04-09 09:56:00,AGX.V,,0.7200000286102295,0.7200000286102295,0.7200000286102295,0.7200000286102295,42500.0
2026-04-09 09:56:00,MAI.V,,6.119999885559082,6.119999885559082,6.119999885559082,6.119999885559082,100.0
2026-04-09 09:56:00,MGG.V,,0.3799999952316284,0.3799999952316284,0.3799999952316284,0.3799999952316284,1500.0
2026-04-09 09:56:00,NAU.V,,1.7899999618530273,1.7899999618530273,1.7899999618530273,1.7899999618530273,800.0
2026-04-09 09:56:00,NWST.V,,0.38999998569488525,0.38999998569488525,0.38999998569488525,0.38999998569488525,0.0
2026-04-09 09:56:00,QNC.V,,3.3299999237060547,3.3299999237060547,3.3299999237060547,3.3299999237060547,1500.0
2026-04-09 09:56:00,RECO.V,,1.0700000524520874,1.0700000524520874,1.0700000524520874,1.0700000524520874,10400.0
2026-04-09 09:56:00,SEI.V,,0.5600000023841858,0.5600000023841858,0.5600000023841858,0.5600000023841858,25000.0
2026-04-09 09:56:00,SGU.V,,0.04500000178813934,0.04500000178813934,0.04500000178813934,0.04500000178813934,23000.0
2026-04-09 09:56:00,SSV.V,,0.5699999928474426,0.5699999928474426,0.5699999928474426,0.5699999928474426,2000.0
2026-04-09 09:57:00,MMY.V,,0.9800000190734863,0.9800000190734863,0.9800000190734863,0.9800000190734863,1000.0
2026-04-09 09:57:00,NCX.V,,3.2699999809265137,3.2699999809265137,3.259999990463257,3.259999990463257,9200.0
2026-04-09 09:57:00,NFG.V,,2.8399999141693115,2.8399999141693115,2.8399999141693115,2.8399999141693115,3900.0
2026-04-09 09:57:00,ODV.V,,4.619999885559082,4.630000114440918,4.619999885559082,4.630000114440918,300.0
2026-04-09 09:57:00,OMG.V,,1.9500000476837158,1.9500000476837158,1.9500000476837158,1.9500000476837158,4200.0
2026-04-09 09:57:00,PEX.V,,0.17499999701976776,0.17499999701976776,0.17499999701976776,0.17499999701976776,11000.0
2026-04-09 09:57:00,PNPN.V,,1.1399999856948853,1.1399999856948853,1.1399999856948853,1.1399999856948853,300.0
2026-04-09 09:57:00,PTU.V,,0.41499999165534973,0.41499999165534973,0.41499999165534973,0.41499999165534973,14500.0
2026-04-09 09:57:00,QGR.V,,0.27000001072883606,0.27000001072883606,0.27000001072883606,0.27000001072883606,6500.0
2026-04-09 09:57:00,RDG.V,,0.19499999284744263,0.19499999284744263,0.19499999284744263,0.19499999284744263,2000.0
2026-04-09 09:57:00,RE.V,,0.41999998688697815,0.41999998688697815,0.41999998688697815,0.41999998688697815,1000.0
2026-04-09 09:57:00,SEI.V,,0.5600000023841858,0.5600000023841858,0.5600000023841858,0.5600000023841858,50500.0
2026-04-09 09:57:00,SGML.V,,20.079999923706055,20.079999923706055,20.079999923706055,20.079999923706055,600.0
2026-04-09 09:57:00,SGN.V,,0.3499999940395355,0.3499999940395355,0.3499999940395355,0.3499999940395355,10400.0
2026-04-09 09:57:00,SLI.V,,4.800000190734863,4.800000190734863,4.800000190734863,4.800000190734863,400.0
2026-04-09 09:57:00,SM.V,,1.7999999523162842,1.7999999523162842,1.7999999523162842,1.7999999523162842,18500.0
2026-04-09 09:57:00,SSV.V,,0.5699999928474426,0.5699999928474426,0.5699999928474426,0.5699999928474426,3000.0
2026-04-09 09:57:00,STMP.V,,0.14499999582767487,0.14499999582767487,0.14499999582767487,0.14499999582767487,41379.0
2026-04-09 09:58:00,NFG.V,,2.8450000286102295,2.8450000286102295,2.8399999141693115,2.8399999141693115,600.0
2026-04-09 09:58:00,OCO.V,,0.4000000059604645,0.4000000059604645,0.4000000059604645,0.4000000059604645,49000.0
2026-04-09 09:58:00,PEX.V,,0.17499999701976776,0.17499999701976776,0.17499999701976776,0.17499999701976776,1000.0
2026-04-09 09:58:00,QNC.V,,3.2899999618530273,3.299999952316284,3.2899999618530273,3.299999952316284,531.0
2026-04-09 09:58:00,QTWO.V,,2.240000009536743,2.240000009536743,2.240000009536743,2.240000009536743,200.0
2026-04-09 09:58:00,QYOU.V,,0.3400000035762787,0.3400000035762787,0.3400000035762787,0.3400000035762787,0.0
2026-04-09 09:58:00,RECO.V,,1.0700000524520874,1.0700000524520874,1.0700000524520874,1.0700000524520874,5050.0
2026-04-09 09:58:00,ROK.V,,0.2750000059604645,0.2750000059604645,0.2750000059604645,0.2750000059604645,358500.0
2026-04-09 09:58:00,SEI.V,,0.5600000023841858,0.5600000023841858,0.5600000023841858,0.5600000023841858,13000.0
2026-04-09 09:58:00,SGQ.V,,0.36500000953674316,0.36500000953674316,0.36500000953674316,0.36500000953674316,0.0
2026-04-09 09:58:00,SLI.V,,4.809999942779541,4.809999942779541,4.809999942779541,4.809999942779541,900.0
2026-04-09 09:59:00,AGX.V,,0.7200000286102295,0.7200000286102295,0.7200000286102295,0.7200000286102295,9000.0
2026-04-09 09:59:00,MHUB.V,,0.5699999928474426,0.5699999928474426,0.5600000023841858,0.5600000023841858,30500.0
2026-04-09 09:59:00,NCX.V,,3.2899999618530273,3.2899999618530273,3.2899999618530273,3.2899999618530273,400.0
2026-04-09 09:59:00,NFD-A.V,,5.199999809265137,5.199999809265137,5.199999809265137,5.199999809265137,4600.0
2026-04-09 09:59:00,NFG.V,,2.8499999046325684,2.8499999046325684,2.8499999046325684,2.8499999046325684,700.0
2026-04-09 09:59:00,OMG.V,,1.9700000286102295,1.9700000286102295,1.9500000476837158,1.9500000476837158,15800.0
2026-04-09 09:59:00,PGLD.V,,0.7200000286102295,0.7200000286102295,0.7200000286102295,0.7200000286102295,50500.0
2026-04-09 09:59:00,PPP.V,,1.2699999809265137,1.2699999809265137,1.2699999809265137,1.2699999809265137,4200.0
2026-04-09 09:59:00,QTWO.V,,2.240000009536743,2.240000009536743,2.240000009536743,2.240000009536743,200.0
2026-04-09 09:59:00,RDS.V,,0.824999988079071,0.824999988079071,0.824999988079071,0.824999988079071,500.0
2026-04-09 09:59:00,RET-A.V,,1.8600000143051147,1.8600000143051147,1.8600000143051147,1.8600000143051147,8300.0
2026-04-09 09:59:00,ROK.V,,0.2750000059604645,0.2750000059604645,0.2750000059604645,0.2750000059604645,606000.0
2026-04-09 09:59:00,SCZ.V,,11.0600004196167,11.0600004196167,11.0600004196167,11.0600004196167,100.0
2026-04-09 09:59:00,SEI.V,,0.5600000023841858,0.5600000023841858,0.5600000023841858,0.5600000023841858,30000.0
2026-04-09 09:59:00,SLI.V,,4.800000190734863,4.800000190734863,4.78000020980835,4.78000020980835,200.0
2026-04-09 09:59:00,SNAG.V,,0.30000001192092896,0.30000001192092896,0.30000001192092896,0.30000001192092896,500.0
2026-04-09 10:00:00,AGX.V,,0.7200000286102295,0.7200000286102295,0.7200000286102295,0.7200000286102295,12000.0
2026-04-09 10:00:00,MHUB.V,,0.5699999928474426,0.5699999928474426,0.5699999928474426,0.5699999928474426,1500.0
2026-04-09 10:00:00,MMY.V,,0.9800000190734863,0.9800000190734863,0.9800000190734863,0.9800000190734863,2000.0
2026-04-09 10:00:00,NFD-A.V,,5.199999809265137,5.199999809265137,5.199999809265137,5.199999809265137,200.0
2026-04-09 10:00:00,NFG.V,,2.8499999046325684,2.8499999046325684,2.8450000286102295,2.8450000286102295,2400.0
2026-04-09 10:00:00,PGLD.V,,0.7300000190734863,0.7300000190734863,0.7300000190734863,0.7300000190734863,1000.0
2026-04-09 10:00:00,PPP.V,,1.2699999809265137,1.2699999809265137,1.2699999809265137,1.2699999809265137,1700.0
2026-04-09 10:00:00,PUR.V,,0.6399999856948853,0.6399999856948853,0.6399999856948853,0.6399999856948853,0.0
2026-04-09 10:00:00,QPT.V,,0.02500000037252903,0.02500000037252903,0.02500000037252903,0.02500000037252903,0.0
2026-04-09 10:00:00,RDS.V,,0.8299999833106995,0.8299999833106995,0.824999988079071,0.824999988079071,10000.0
2026-04-09 10:00:00,RET.V,,2.130000114440918,2.130000114440918,2.130000114440918,2.130000114440918,0.0
2026-04-09 10:00:00,SEI.V,,0.5600000023841858,0.5600000023841858,0.5600000023841858,0.5600000023841858,25000.0
2026-04-09 10:00:00,SGML.V,,20.020000457763672,20.020000457763672,20.020000457763672,20.020000457763672,1000.0
2026-04-09 10:00:00,SLI.V,,4.78000020980835,4.78000020980835,4.78000020980835,4.78000020980835,1102.0
2026-04-09 10:01:00,AGX.V,,0.7300000190734863,0.7300000190734863,0.7200000286102295,0.7200000286102295,3074.0
2026-04-09 10:01:00,MMY.V,,0.9750000238418579,0.9750000238418579,0.9750000238418579,0.9750000238418579,500.0
2026-04-09 10:01:00,NCX.V,,3.299999952316284,3.299999952316284,3.2899999618530273,3.2899999618530273,2900.0
2026-04-09 10:01:00,OGN.V,,3.4800000190734863,3.4800000190734863,3.4800000190734863,3.4800000190734863,300.0
2026-04-09 10:01:00,OMG.V,,1.9700000286102295,1.9700000286102295,1.9600000381469727,1.9600000381469727,2300.0
2026-04-09 10:01:00,PGLD.V,,0.7300000190734863,0.7300000190734863,0.7300000190734863,0.7300000190734863,31000.0
2026-04-09 10:01:00,QGR.V,,0.2549999952316284,0.26499998569488525,0.2549999952316284,0.26499998569488525,150377.0
2026-04-09 10:01:00,QTWO.V,,2.244999885559082,2.244999885559082,2.244999885559082,2.244999885559082,100.0
2026-04-09 10:01:00,SGML.V,,19.8799991607666,19.959999084472656,19.8799991607666,19.959999084472656,1630.0
2026-04-09 10:01:00,SLI.V,,4.760000228881836,4.760000228881836,4.760000228881836,4.760000228881836,700.0
2026-04-09 10:02:00,MAI.V,,6.130000114440918,6.130000114440918,6.130000114440918,6.130000114440918,100.0
2026-04-09 10:02:00,MMY.V,,0.9800000190734863,0.9800000190734863,0.9700000286102295,0.9700000286102295,10500.0
2026-04-09 10:02:00,NCX.V,,3.2899999618530273,3.299999952316284,3.2899999618530273,3.299999952316284,1800.0
2026-04-09 10:02:00,NFD-A.V,,5.300000190734863,5.300000190734863,5.25,5.25,200.0
2026-04-09 10:02:00,OMG.V,,1.965000033378601,1.965000033378601,1.965000033378601,1.965000033378601,179.0
2026-04-09 10:02:00,PGLD.V,,0.7400000095367432,0.7400000095367432,0.7400000095367432,0.7400000095367432,6000.0
2026-04-09 10:02:00,PLSR.V,,2.069999933242798,2.069999933242798,2.069999933242798,2.069999933242798,191.0
2026-04-09 10:02:00,QGR.V,,0.2549999952316284,0.2549999952316284,0.25,0.25,11000.0
2026-04-09 10:02:00,QTWO.V,,2.259999990463257,2.259999990463257,2.25,2.25,3000.0
2026-04-09 10:02:00,RDS.V,,0.8399999737739563,0.8399999737739563,0.8399999737739563,0.8399999737739563,10500.0
2026-04-09 10:02:00,RPX.V,,0.18000000715255737,0.18000000715255737,0.18000000715255737,0.18000000715255737,500.0
2026-04-09 10:02:00,RZL.V,,0.44999998807907104,0.44999998807907104,0.44999998807907104,0.44999998807907104,4000.0
2026-04-09 10:02:00,SLI.V,,4.75,4.75,4.75,4.75,1100.0
2026-04-09 10:02:00,VIPR.V,,1.1299999952316284,1.1299999952316284,1.1299999952316284,1.1299999952316284,1000.0
2026-04-09 10:03:00,MAI.V,,6.130000114440918,6.130000114440918,6.130000114440918,6.130000114440918,400.0
2026-04-09 10:03:00,MGG.V,,0.375,0.375,0.375,0.375,2500.0
2026-04-09 10:03:00,NAU.V,,1.7999999523162842,1.7999999523162842,1.7999999523162842,1.7999999523162842,800.0
2026-04-09 10:03:00,NCI.V,,1.0099999904632568,1.0099999904632568,1.0099999904632568,1.0099999904632568,594.0
2026-04-09 10:03:00,NFD-A.V,,5.300000190734863,5.309999942779541,5.300000190734863,5.309999942779541,500.0
2026-04-09 10:03:00,NFG.V,,2.8450000286102295,2.8450000286102295,2.8450000286102295,2.8450000286102295,4000.0
2026-04-09 10:03:00,ODV.V,,4.619999885559082,4.619999885559082,4.619999885559082,4.619999885559082,2100.0
2026-04-09 10:03:00,OMG.V,,1.9600000381469727,1.9600000381469727,1.9600000381469727,1.9600000381469727,1133.0
2026-04-09 10:03:00,PLAN.V,,0.33000001311302185,0.33000001311302185,0.33000001311302185,0.33000001311302185,11500.0
2026-04-09 10:03:00,PPP.V,,1.2699999809265137,1.2699999809265137,1.2699999809265137,1.2699999809265137,1800.0
2026-04-09 10:03:00,QGR.V,,0.25999999046325684,0.25999999046325684,0.25999999046325684,0.25999999046325684,25500.0
2026-04-09 10:03:00,QTWO.V,,2.259999990463257,2.259999990463257,2.259999990463257,2.259999990463257,200.0
2026-04-09 10:03:00,QYOU.V,,0.3400000035762787,0.3400000035762787,0.3400000035762787,0.3400000035762787,500.0
2026-04-09 10:03:00,RAGE.V,,0.5,0.5,0.5,0.5,1500.0
2026-04-09 10:03:00,RET-A.V,,1.8600000143051147,1.8600000143051147,1.8600000143051147,1.8600000143051147,1176.0
2026-04-09 10:03:00,RPX.V,,0.18000000715255737,0.18000000715255737,0.18000000715255737,0.18000000715255737,500.0
2026-04-09 10:03:00,SCZ.V,,11.149999618530273,11.149999618530273,11.140000343322754,11.140000343322754,400.0
2026-04-09 10:03:00,SLI.V,,4.739999771118164,4.739999771118164,4.739999771118164,4.739999771118164,150.0
2026-04-09 10:03:00,SM.V,,1.840000033378601,1.840000033378601,1.840000033378601,1.840000033378601,1200.0
2026-04-09 10:03:00,SOMA.V,,1.7799999713897705,1.7799999713897705,1.7799999713897705,1.7799999713897705,100.0
2026-04-09 10:03:00,VIPR.V,,1.1399999856948853,1.1399999856948853,1.1399999856948853,1.1399999856948853,10900.0
2026-04-09 10:04:00,NDA.V,,0.8500000238418579,0.8500000238418579,0.8500000238418579,0.8500000238418579,500.0
2026-04-09 10:04:00,NSE.V,,0.5899999737739563,0.5899999737739563,0.5899999737739563,0.5899999737739563,0.0
2026-04-09 10:04:00,NXLV.V,,1.9500000476837158,1.9500000476837158,1.9500000476837158,1.9500000476837158,0.0
2026-04-09 10:04:00,OMG.V,,1.9700000286102295,1.975000023841858,1.9700000286102295,1.9700000286102295,29000.0
2026-04-09 10:04:00,PWM.V,,0.4350000023841858,0.4350000023841858,0.4350000023841858,0.4350000023841858,1000.0
2026-04-09 10:04:00,QTWO.V,,2.259999990463257,2.259999990463257,2.259999990463257,2.259999990463257,200.0
2026-04-09 10:04:00,ROCK.V,,2.740000009536743,2.740000009536743,2.740000009536743,2.740000009536743,1000.0
2026-04-09 10:04:00,ROK.V,,0.2750000059604645,0.2750000059604645,0.2750000059604645,0.2750000059604645,16500.0
2026-04-09 10:04:00,SCZ.V,,11.199999809265137,11.199999809265137,11.199999809265137,11.199999809265137,200.0
2026-04-09 10:04:00,SEI.V,,0.5699999928474426,0.5699999928474426,0.5699999928474426,0.5699999928474426,47500.0
2026-04-09 10:04:00,SGML.V,,19.540000915527344,19.850000381469727,19.540000915527344,19.850000381469727,800.0
2026-04-09 10:04:00,SLG.V,,3.6500000953674316,3.6500000953674316,3.6500000953674316,3.6500000953674316,650.0
2026-04-09 10:04:00,SLI.V,,4.739999771118164,4.739999771118164,4.739999771118164,4.739999771118164,100.0
2026-04-09 10:04:00,SLVR.V,,0.8500000238418579,0.8500000238418579,0.8500000238418579,0.8500000238418579,18500.0
2026-04-09 10:04:00,SVRS.V,,0.4650000035762787,0.4650000035762787,0.4650000035762787,0.4650000035762787,36000.0
2026-04-09 10:05:00,AGX.V,,0.7300000190734863,0.7300000190734863,0.7300000190734863,0.7300000190734863,2000.0
2026-04-09 10:05:00,MMY.V,,0.9800000190734863,0.9800000190734863,0.9800000190734863,0.9800000190734863,11000.0
2026-04-09 10:05:00,NCX.V,,3.2950000762939453,3.2950000762939453,3.2899999618530273,3.2899999618530273,620.0
2026-04-09 10:05:00,ODV.V,,4.610000133514404,4.610000133514404,4.610000133514404,4.610000133514404,100.0
2026-04-09 10:05:00,OMG.V,,1.9600000381469727,1.9600000381469727,1.9600000381469727,1.9600000381469727,2000.0
2026-04-09 10:05:00,PLSR.V,,2.049999952316284,2.059999942779541,2.049999952316284,2.059999942779541,8823.0
2026-04-09 10:05:00,QGR.V,,0.25999999046325684,0.25999999046325684,0.25999999046325684,0.25999999046325684,1500.0
2026-04-09 10:05:00,QTWO.V,,2.259999990463257,2.259999990463257,2.259999990463257,2.259999990463257,100.0
2026-04-09 10:05:00,RDS.V,,0.8399999737739563,0.8500000238418579,0.8399999737739563,0.8399999737739563,383034.0
2026-04-09 10:05:00,RPX.V,,0.18000000715255737,0.18000000715255737,0.18000000715255737,0.18000000715255737,500.0
2026-04-09 10:05:00,SBIO.V,,0.27000001072883606,0.27000001072883606,0.27000001072883606,0.27000001072883606,0.0
2026-04-09 10:05:00,SBMI.V,,0.23499999940395355,0.23499999940395355,0.23499999940395355,0.23499999940395355,4000.0
2026-04-09 10:05:00,SCZ.V,,11.140000343322754,11.149999618530273,11.140000343322754,11.149999618530273,354.0
2026-04-09 10:05:00,SGML.V,,19.5,19.5,19.5,19.5,200.0
2026-04-09 10:05:00,SLI.V,,4.75,4.75,4.75,4.75,250.0
2026-04-09 10:05:00,SLVR.V,,0.8500000238418579,0.8500000238418579,0.8500000238418579,0.8500000238418579,3600.0
2026-04-09 10:05:00,SOMA.V,,1.809999942779541,1.809999942779541,1.7699999809265137,1.7699999809265137,8000.0
2026-04-09 10:05:00,SVRS.V,,0.4650000035762787,0.4650000035762787,0.4650000035762787,0.4650000035762787,1000.0
2026-04-09 10:06:00,AGX.V,,0.7200000286102295,0.7200000286102295,0.7200000286102295,0.7200000286102295,6025.0
2026-04-09 10:06:00,MAI.V,,6.110000133514404,6.110000133514404,6.110000133514404,6.110000133514404,100.0
2026-04-09 10:06:00,MMY.V,,0.9700000286102295,0.9700000286102295,0.9700000286102295,0.9700000286102295,500.0
2026-04-09 10:06:00,NAU.V,,1.7899999618530273,1.7999999523162842,1.7899999618530273,1.7999999523162842,1800.0
2026-04-09 10:06:00,NBVA.V,,0.11999999731779099,0.11999999731779099,0.11999999731779099,0.11999999731779099,10135.0
2026-04-09 10:06:00,NCX.V,,3.2799999713897705,3.2850000858306885,3.2799999713897705,3.2799999713897705,1300.0
2026-04-09 10:06:00,NFD-A.V,,5.300000190734863,5.300000190734863,5.300000190734863,5.300000190734863,800.0
2026-04-09 10:06:00,NFG.V,,2.8299999237060547,2.8299999237060547,2.8299999237060547,2.8299999237060547,138.0
2026-04-09 10:06:00,OMG.V,,1.9600000381469727,1.965000033378601,1.9600000381469727,1.965000033378601,8500.0
2026-04-09 10:06:00,PPP.V,,1.2699999809265137,1.2699999809265137,1.2699999809265137,1.2699999809265137,100.0
2026-04-09 10:06:00,QTWO.V,,2.259999990463257,2.259999990463257,2.259999990463257,2.259999990463257,200.0
2026-04-09 10:06:00,RDS.V,,0.8500000238418579,0.8500000238418579,0.8500000238418579,0.8500000238418579,4000.0
2026-04-09 10:06:00,RECO.V,,1.0700000524520874,1.0700000524520874,1.0700000524520874,1.0700000524520874,300.0
2026-04-09 10:06:00,RPX.V,,0.18000000715255737,0.18000000715255737,0.17499999701976776,0.18000000715255737,125500.0
2026-04-09 10:06:00,SGML.V,,19.450000762939453,19.530000686645508,19.450000762939453,19.510000228881836,1231.0
2026-04-09 10:06:00,SOMA.V,,1.7699999809265137,1.7699999809265137,1.7699999809265137,1.7699999809265137,8000.0
2026-04-09 10:06:00,SVE.V,,0.5299999713897705,0.5299999713897705,0.5299999713897705,0.5299999713897705,600.0
2026-04-09 10:06:00,SVRS.V,,0.4650000035762787,0.4650000035762787,0.4650000035762787,0.4650000035762787,14500.0
2026-04-09 10:06:00,VIPR.V,,1.1399999856948853,1.1399999856948853,1.1399999856948853,1.1399999856948853,2500.0
2026-04-09 10:07:00,MMY.V,,0.9700000286102295,0.9700000286102295,0.9700000286102295,0.9700000286102295,5000.0
2026-04-09 10:07:00,MNRG.V,,0.0949999988079071,0.0949999988079071,0.0949999988079071,0.0949999988079071,10000.0
2026-04-09 10:07:00,NAU.V,,1.7899999618530273,1.7899999618530273,1.7899999618530273,1.7899999618530273,2000.0
2026-04-09 10:07:00,NCX.V,,3.2899999618530273,3.2899999618530273,3.2799999713897705,3.2799999713897705,10300.0
2026-04-09 10:07:00,ODV.V,,4.610000133514404,4.610000133514404,4.610000133514404,4.610000133514404,2900.0
2026-04-09 10:07:00,OMG.V,,1.9600000381469727,1.965000033378601,1.9600000381469727,1.965000033378601,1000.0
2026-04-09 10:07:00,PLSR.V,,2.0399999618530273,2.0399999618530273,2.0399999618530273,2.0399999618530273,3200.0
2026-04-09 10:07:00,PTU.V,,0.41499999165534973,0.41499999165534973,0.41499999165534973,0.41499999165534973,10500.0
2026-04-09 10:07:00,QTWO.V,,2.259999990463257,2.259999990463257,2.259999990463257,2.259999990463257,100.0
2026-04-09 10:07:00,ROCK.V,,2.7100000381469727,2.7100000381469727,2.7100000381469727,2.7100000381469727,800.0
2026-04-09 10:07:00,ROK.V,,0.2750000059604645,0.2750000059604645,0.2750000059604645,0.2750000059604645,20000.0
2026-04-09 10:07:00,RVG.V,,0.8100000023841858,0.8100000023841858,0.8100000023841858,0.8100000023841858,1500.0
2026-04-09 10:07:00,SEI.V,,0.5649999976158142,0.5649999976158142,0.5649999976158142,0.5649999976158142,5000.0
2026-04-09 10:07:00,SGML.V,,19.360000610351562,19.360000610351562,19.360000610351562,19.360000610351562,100.0
2026-04-09 10:07:00,SNM.V,,0.20999999344348907,0.20999999344348907,0.20999999344348907,0.20999999344348907,14500.0
2026-04-09 10:07:00,SOMA.V,,1.7699999809265137,1.7699999809265137,1.7699999809265137,1.7699999809265137,6038.0
2026-04-09 10:07:00,VIPR.V,,1.1399999856948853,1.1399999856948853,1.1399999856948853,1.1399999856948853,1000.0
2026-04-09 10:08:00,BKM.V,,1.399999976158142,1.399999976158142,1.399999976158142,1.399999976158142,600.0
2026-04-09 10:08:00,MHUB.V,,0.5699999928474426,0.5699999928474426,0.5699999928474426,0.5699999928474426,1100.0
2026-04-09 10:08:00,NAU.V,,1.7899999618530273,1.7899999618530273,1.7899999618530273,1.7899999618530273,30000.0
2026-04-09 10:08:00,NCAU.V,,0.6499999761581421,0.6499999761581421,0.6499999761581421,0.6499999761581421,1500.0
2026-04-09 10:08:00,NCX.V,,3.2799999713897705,3.2899999618530273,3.2799999713897705,3.2899999618530273,5100.0
2026-04-09 10:08:00,NSE.V,,0.5899999737739563,0.5899999737739563,0.5899999737739563,0.5899999737739563,8000.0
2026-04-09 10:08:00,ODV.V,,4.590000152587891,4.599999904632568,4.590000152587891,4.599999904632568,1457.0
2026-04-09 10:08:00,OMG.V,,1.9600000381469727,1.9600000381469727,1.9600000381469727,1.9600000381469727,100.0
2026-04-09 10:08:00,PLSR.V,,2.0199999809265137,2.0399999618530273,2.0199999809265137,2.0299999713897705,1624.0
2026-04-09 10:08:00,QGR.V,,0.25999999046325684,0.25999999046325684,0.2574999928474426,0.2574999928474426,2000.0
2026-04-09 10:08:00,QNC.V,,3.2799999713897705,3.2799999713897705,3.2799999713897705,3.2799999713897705,700.0
2026-04-09 10:08:00,QTWO.V,,2.259999990463257,2.259999990463257,2.259999990463257,2.259999990463257,300.0
2026-04-09 10:08:00,ROK.V,,0.2750000059604645,0.2750000059604645,0.2750000059604645,0.2750000059604645,12000.0
2026-04-09 10:08:00,RYO.V,,0.4749999940395355,0.4749999940395355,0.4749999940395355,0.4749999940395355,16000.0
2026-04-09 10:08:00,SCD.V,,0.14000000059604645,0.14000000059604645,0.14000000059604645,0.14000000059604645,24000.0
2026-04-09 10:08:00,SKYG.V,,0.05000000074505806,0.05000000074505806,0.05000000074505806,0.05000000074505806,1000.0
2026-04-09 10:08:00,SLI.V,,4.730000019073486,4.730000019073486,4.730000019073486,4.730000019073486,100.0
2026-04-09 10:08:00,SVRS.V,,0.4650000035762787,0.4650000035762787,0.4650000035762787,0.4650000035762787,1409.0
2026-04-09 10:09:00,MHUB.V,,0.5899999737739563,0.5899999737739563,0.5899999737739563,0.5899999737739563,1500.0
2026-04-09 10:09:00,NFG.V,,2.799999952316284,2.809999942779541,2.799999952316284,2.809999942779541,3725.0
2026-04-09 10:09:00,OMG.V,,1.9600000381469727,1.9600000381469727,1.9600000381469727,1.9600000381469727,1000.0
2026-04-09 10:09:00,PALI.V,,2.4700000286102295,2.4700000286102295,2.4700000286102295,2.4700000286102295,0.0
2026-04-09 10:09:00,PGLD.V,,0.7300000190734863,0.7350000143051147,0.7300000190734863,0.7350000143051147,107500.0
2026-04-09 10:09:00,PLSR.V,,2.009999990463257,2.0199999809265137,2.009999990463257,2.0199999809265137,4000.0
2026-04-09 10:09:00,PUMA.V,,0.12999999523162842,0.12999999523162842,0.12999999523162842,0.12999999523162842,4000.0
2026-04-09 10:09:00,QNC.V,,3.25,3.259999990463257,3.25,3.259999990463257,1974.0
2026-04-09 10:09:00,QTWO.V,,2.2799999713897705,2.2799999713897705,2.259999990463257,2.259999990463257,10500.0
2026-04-09 10:09:00,RECO.V,,1.0800000429153442,1.0800000429153442,1.0750000476837158,1.0750000476837158,5900.0
2026-04-09 10:09:00,RLYG.V,,0.6200000047683716,0.6200000047683716,0.6200000047683716,0.6200000047683716,500.0
2026-04-09 10:09:00,ROK.V,,0.2750000059604645,0.2750000059604645,0.2750000059604645,0.2750000059604645,7000.0
2026-04-09 10:09:00,SCZ.V,,11.0600004196167,11.069999694824219,11.0600004196167,11.069999694824219,300.0
2026-04-09 10:09:00,SGML.V,,19.399999618530273,19.399999618530273,19.399999618530273,19.399999618530273,500.0
2026-04-09 10:09:00,SVRS.V,,0.4650000035762787,0.4650000035762787,0.46000000834465027,0.4650000035762787,8500.0
2026-04-09 10:09:00,VIPR.V,,1.159999966621399,1.159999966621399,1.1399999856948853,1.1399999856948853,7400.0
2026-04-09 10:10:00,MAI.V,,6.099999904632568,6.099999904632568,6.099999904632568,6.099999904632568,200.0
2026-04-09 10:10:00,MMY.V,,0.9700000286102295,0.9700000286102295,0.9700000286102295,0.9700000286102295,4000.0
2026-04-09 10:10:00,NAU.V,,1.7999999523162842,1.7999999523162842,1.7999999523162842,1.7999999523162842,5200.0
2026-04-09 10:10:00,NCAU.V,,0.6499999761581421,0.6499999761581421,0.6499999761581421,0.6499999761581421,17500.0
2026-04-09 10:10:00,NRN.V,,0.05000000074505806,0.05000000074505806,0.05000000074505806,0.05000000074505806,2000.0
2026-04-09 10:10:00,OMG.V,,1.9600000381469727,1.9600000381469727,1.9600000381469727,1.9600000381469727,2600.0
2026-04-09 10:10:00,PLSR.V,,2.0,2.0,2.0,2.0,5000.0
2026-04-09 10:10:00,PPX.V,,0.28999999165534973,0.28999999165534973,0.2849999964237213,0.2849999964237213,0.0
2026-04-09 10:10:00,QGR.V,,0.25999999046325684,0.25999999046325684,0.25999999046325684,0.25999999046325684,1500.0
2026-04-09 10:10:00,QTWO.V,,2.2799999713897705,2.2799999713897705,2.2699999809265137,2.2799999713897705,1500.0
2026-04-09 10:10:00,RDS.V,,0.8500000238418579,0.8500000238418579,0.8500000238418579,0.8500000238418579,7500.0
2026-04-09 10:10:00,SBMI.V,,0.23499999940395355,0.23499999940395355,0.23499999940395355,0.23499999940395355,1500.0
2026-04-09 10:10:00,SCZ.V,,11.039999961853027,11.050000190734863,11.039999961853027,11.050000190734863,500.0
2026-04-09 10:10:00,SEI.V,,0.5699999928474426,0.5699999928474426,0.5699999928474426,0.5699999928474426,23000.0
2026-04-09 10:10:00,SGML.V,,19.280000686645508,19.299999237060547,19.280000686645508,19.299999237060547,1300.0
2026-04-09 10:10:00,SHL.V,,0.47999998927116394,0.47999998927116394,0.47999998927116394,0.47999998927116394,19610.0
2026-04-09 10:10:00,SLG.V,,3.559999942779541,3.640000104904175,3.559999942779541,3.640000104904175,1300.0
2026-04-09 10:10:00,VIPR.V,,1.149999976158142,1.149999976158142,1.149999976158142,1.149999976158142,2500.0
2026-04-09 10:11:00,MAI.V,,6.099999904632568,6.099999904632568,6.059999942779541,6.079999923706055,1800.0
2026-04-09 10:11:00,MMY.V,,0.9700000286102295,0.9700000286102295,0.9700000286102295,0.9700000286102295,3000.0
2026-04-09 10:11:00,NAU.V,,1.7999999523162842,1.7999999523162842,1.7999999523162842,1.7999999523162842,3100.0
2026-04-09 10:11:00,NCX.V,,3.2799999713897705,3.2799999713897705,3.2799999713897705,3.2799999713897705,25600.0
2026-04-09 10:11:00,PHNM.V,,0.3700000047683716,0.3700000047683716,0.3700000047683716,0.3700000047683716,0.0
2026-04-09 10:11:00,PLSR.V,,2.0,2.0,2.0,2.0,3210.0
2026-04-09 10:11:00,QGR.V,,0.25999999046325684,0.25999999046325684,0.25999999046325684,0.25999999046325684,7650.0
2026-04-09 10:11:00,QNC.V,,3.2699999809265137,3.2699999809265137,3.2699999809265137,3.2699999809265137,2000.0
2026-04-09 10:11:00,ROCK.V,,2.7200000286102295,2.7200000286102295,2.7200000286102295,2.7200000286102295,3000.0
2026-04-09 10:11:00,SCD.V,,0.14000000059604645,0.14000000059604645,0.14000000059604645,0.14000000059604645,500.0
2026-04-09 10:11:00,SCZ.V,,11.0600004196167,11.0600004196167,11.039999961853027,11.039999961853027,500.0
2026-04-09 10:11:00,SGML.V,,19.25,19.25,19.25,19.25,300.0
2026-04-09 10:12:00,AGX.V,,0.7099999785423279,0.7099999785423279,0.7099999785423279,0.7099999785423279,6500.0
2026-04-09 10:12:00,MGRO.V,,0.5799999833106995,0.5799999833106995,0.5799999833106995,0.5799999833106995,0.0
2026-04-09 10:12:00,NAU.V,,1.809999942779541,1.809999942779541,1.7999999523162842,1.7999999523162842,3300.0
2026-04-09 10:12:00,NFG.V,,2.809999942779541,2.815000057220459,2.809999942779541,2.809999942779541,75400.0
2026-04-09 10:12:00,PLSR.V,,2.009999990463257,2.009999990463257,2.009999990463257,2.009999990463257,900.0
2026-04-09 10:12:00,QNC.V,,3.2699999809265137,3.2699999809265137,3.2699999809265137,3.2699999809265137,150.0
2026-04-09 10:12:00,RECO.V,,1.0700000524520874,1.0700000524520874,1.0700000524520874,1.0700000524520874,3000.0
2026-04-09 10:12:00,SCZ.V,,11.079999923706055,11.079999923706055,11.079999923706055,11.079999923706055,100.0
2026-04-09 10:12:00,SEI.V,,0.5699999928474426,0.5699999928474426,0.5699999928474426,0.5699999928474426,11500.0
2026-04-09 10:12:00,SLG.V,,3.559999942779541,3.559999942779541,3.559999942779541,3.559999942779541,1193.0
2026-04-09 10:12:00,SLI.V,,4.71999979019165,4.71999979019165,4.71999979019165,4.71999979019165,8600.0
2026-04-09 10:12:00,SMN.V,,0.14000000059604645,0.14000000059604645,0.14000000059604645,0.14000000059604645,9000.0
2026-04-09 10:12:00,SOI.V,,0.2150000035762787,0.2150000035762787,0.2150000035762787,0.2150000035762787,1500.0
2026-04-09 10:13:00,MINK.V,,0.15000000596046448,0.15000000596046448,0.15000000596046448,0.15000000596046448,500.0
2026-04-09 10:13:00,NAU.V,,1.7899999618530273,1.7899999618530273,1.7899999618530273,1.7899999618530273,7300.0
2026-04-09 10:13:00,NFG.V,,2.7899999618530273,2.799999952316284,2.7899999618530273,2.799999952316284,900.0
2026-04-09 10:13:00,OTC.V,,0.47999998927116394,0.47999998927116394,0.47999998927116394,0.47999998927116394,500.0
2026-04-09 10:13:00,PA.V,,0.20999999344348907,0.20999999344348907,0.20999999344348907,0.20999999344348907,0.0
2026-04-09 10:13:00,PGX.V,,0.04500000178813934,0.04500000178813934,0.04500000178813934,0.04500000178813934,0.0
2026-04-09 10:13:00,PLSR.V,,2.0199999809265137,2.0199999809265137,2.009999990463257,2.0199999809265137,1650.0
2026-04-09 10:13:00,PNPN.V,,1.1399999856948853,1.1399999856948853,1.1399999856948853,1.1399999856948853,1800.0
2026-04-09 10:13:00,QNC.V,,3.25,3.25,3.25,3.25,300.0
2026-04-09 10:13:00,RECO.V,,1.0700000524520874,1.0700000524520874,1.0700000524520874,1.0700000524520874,500.0
2026-04-09 10:13:00,RET-A.V,,1.8600000143051147,1.8600000143051147,1.850000023841858,1.8600000143051147,19900.0
2026-04-09 10:13:00,ROK.V,,0.2750000059604645,0.2750000059604645,0.2750000059604645,0.2750000059604645,1500.0
2026-04-09 10:13:00,SLG.V,,3.440000057220459,3.569999933242798,3.440000057220459,3.569999933242798,8000.0
2026-04-09 10:13:00,SM.V,,1.850000023841858,1.850000023841858,1.840000033378601,1.840000033378601,3200.0
2026-04-09 10:13:00,VIPR.V,,1.149999976158142,1.149999976158142,1.149999976158142,1.149999976158142,3100.0
2026-04-09 10:14:00,MAI.V,,6.099999904632568,6.099999904632568,6.099999904632568,6.099999904632568,500.0
2026-04-09 10:14:00,MMY.V,,0.9750000238418579,0.9750000238418579,0.9750000238418579,0.9750000238418579,500.0
2026-04-09 10:14:00,NAU.V,,1.7899999618530273,1.7899999618530273,1.7899999618530273,1.7899999618530273,500.0
2026-04-09 10:14:00,NBM.V,,0.5400000214576721,0.5400000214576721,0.5400000214576721,0.5400000214576721,0.0
2026-04-09 10:14:00,NFG.V,,2.7950000762939453,2.7950000762939453,2.7950000762939453,2.7950000762939453,100.0
2026-04-09 10:14:00,PGE.V,,0.3199999928474426,0.3199999928474426,0.3199999928474426,0.3199999928474426,500.0
2026-04-09 10:14:00,PLSR.V,,2.0,2.009999990463257,2.0,2.009999990463257,1700.0
2026-04-09 10:14:00,PPP.V,,1.2699999809265137,1.2699999809265137,1.2699999809265137,1.2699999809265137,1200.0
2026-04-09 10:14:00,PWM.V,,0.4300000071525574,0.4300000071525574,0.4300000071525574,0.4300000071525574,2510.0
2026-04-09 10:14:00,QNC.V,,3.25,3.25,3.25,3.25,155.0
2026-04-09 10:14:00,ROK.V,,0.2750000059604645,0.2750000059604645,0.2750000059604645,0.2750000059604645,8500.0
2026-04-09 10:14:00,SCZ.V,,11.100000381469727,11.100000381469727,11.100000381469727,11.100000381469727,196.0
2026-04-09 10:14:00,SGML.V,,19.34000015258789,19.34000015258789,19.34000015258789,19.34000015258789,600.0
2026-04-09 10:14:00,SLG.V,,3.450000047683716,3.5399999618530273,3.450000047683716,3.5399999618530273,3900.0
2026-04-09 10:14:00,STUD.V,,0.3499999940395355,0.3499999940395355,0.3499999940395355,0.3499999940395355,17000.0
2026-04-09 10:14:00,VIPR.V,,1.159999966621399,1.159999966621399,1.159999966621399,1.159999966621399,22000.0
2026-04-09 10:15:00,NAU.V,,1.7999999523162842,1.7999999523162842,1.7899999618530273,1.7899999618530273,10000.0
2026-04-09 10:15:00,NCX.V,,3.2699999809265137,3.2750000953674316,3.2699999809265137,3.2750000953674316,900.0
2026-04-09 10:15:00,NFG.V,,2.7950000762939453,2.7950000762939453,2.7950000762939453,2.7950000762939453,100.0
2026-04-09 10:15:00,NXLV.V,,1.940000057220459,1.940000057220459,1.940000057220459,1.940000057220459,100.0
2026-04-09 10:15:00,ODV.V,,4.570000171661377,4.570000171661377,4.570000171661377,4.570000171661377,800.0
2026-04-09 10:15:00,PLSR.V,,2.009999990463257,2.009999990463257,2.009999990463257,2.009999990463257,100.0
2026-04-09 10:15:00,PPP.V,,1.2699999809265137,1.2699999809265137,1.2699999809265137,1.2699999809265137,1000.0
2026-04-09 10:15:00,RBX.V,,7.199999809265137,7.199999809265137,7.050000190734863,7.110000133514404,1940.0
2026-04-09 10:15:00,ROK.V,,0.2750000059604645,0.2750000059604645,0.2750000059604645,0.2750000059604645,2000.0
2026-04-09 10:15:00,SCZ.V,,11.069999694824219,11.069999694824219,11.069999694824219,11.069999694824219,200.0
2026-04-09 10:15:00,SGML.V,,19.25,19.260000228881836,19.25,19.260000228881836,300.0
2026-04-09 10:15:00,SLI.V,,4.71999979019165,4.71999979019165,4.71999979019165,4.71999979019165,100.0
2026-04-09 10:15:00,SMN.V,,0.13500000536441803,0.14000000059604645,0.13500000536441803,0.14000000059604645,88000.0
2026-04-09 10:15:00,STUD.V,,0.3449999988079071,0.3449999988079071,0.3449999988079071,0.3449999988079071,813.0
2026-04-09 10:15:00,VIPR.V,,1.159999966621399,1.159999966621399,1.159999966621399,1.159999966621399,3700.0
2026-04-09 10:16:00,FEO.V,,0.8500000238418579,0.8500000238418579,0.8500000238418579,0.8500000238418579,0.0
2026-04-09 10:16:00,NAU.V,,1.7899999618530273,1.7899999618530273,1.7899999618530273,1.7899999618530273,2900.0
2026-04-09 10:16:00,NCAU.V,,0.6499999761581421,0.6499999761581421,0.6499999761581421,0.6499999761581421,3000.0
2026-04-09 10:16:00,NDA.V,,0.8500000238418579,0.8500000238418579,0.8500000238418579,0.8500000238418579,19000.0
2026-04-09 10:16:00,NFG.V,,2.799999952316284,2.805000066757202,2.7950000762939453,2.7950000762939453,7700.0
2026-04-09 10:16:00,NIO.V,,0.2800000011920929,0.2800000011920929,0.2800000011920929,0.2800000011920929,2100.0
2026-04-09 10:16:00,NOW.V,,0.25999999046325684,0.25999999046325684,0.25999999046325684,0.25999999046325684,4000.0
2026-04-09 10:16:00,PPX.V,,0.28999999165534973,0.28999999165534973,0.28999999165534973,0.28999999165534973,3500.0
2026-04-09 10:16:00,QGR.V,,0.25999999046325684,0.25999999046325684,0.2574999928474426,0.2574999928474426,2500.0
2026-04-09 10:16:00,QNC.V,,3.25,3.25,3.25,3.25,126.0
2026-04-09 10:16:00,QTWO.V,,2.265000104904175,2.2699999809265137,2.265000104904175,2.2699999809265137,400.0
2026-04-09 10:16:00,RAK.V,,0.1550000011920929,0.1550000011920929,0.1550000011920929,0.1550000011920929,38500.0
2026-04-09 10:16:00,RDS.V,,0.8500000238418579,0.8500000238418579,0.8500000238418579,0.8500000238418579,1000.0
2026-04-09 10:16:00,RVG.V,,0.800000011920929,0.800000011920929,0.800000011920929,0.800000011920929,3000.0
2026-04-09 10:16:00,RYR.V,,0.20000000298023224,0.20000000298023224,0.20000000298023224,0.20000000298023224,0.0
2026-04-09 10:16:00,SAE.V,,0.05000000074505806,0.05000000074505806,0.05000000074505806,0.05000000074505806,0.0
2026-04-09 10:16:00,SCZ.V,,11.0600004196167,11.069999694824219,11.0600004196167,11.069999694824219,200.0
2026-04-09 10:16:00,SEI.V,,0.5699999928474426,0.5699999928474426,0.5699999928474426,0.5699999928474426,4000.0
2026-04-09 10:16:00,SGML.V,,19.25,19.25,19.25,19.25,400.0
2026-04-09 10:16:00,SLG.V,,3.5,3.509999990463257,3.5,3.5,700.0
2026-04-09 10:16:00,SLI.V,,4.710000038146973,4.710000038146973,4.710000038146973,4.710000038146973,1000.0
2026-04-09 10:16:00,SVRS.V,,0.46000000834465027,0.46000000834465027,0.46000000834465027,0.46000000834465027,3800.0
2026-04-09 10:16:00,VIPR.V,,1.159999966621399,1.159999966621399,1.159999966621399,1.159999966621399,4200.0
2026-04-09 10:17:00,PLSR.V,,2.0,2.0,2.0,2.0,2300.0
2026-04-09 10:17:00,PPP.V,,1.2699999809265137,1.2699999809265137,1.2699999809265137,1.2699999809265137,2800.0
2026-04-09 10:17:00,QNC.V,,3.25,3.25,3.244999885559082,3.244999885559082,200.0
2026-04-09 10:17:00,QTWO.V,,2.265000104904175,2.2799999713897705,2.265000104904175,2.2699999809265137,1700.0
2026-04-09 10:17:00,RAK.V,,0.1599999964237213,0.1599999964237213,0.1599999964237213,0.1599999964237213,1000.0
2026-04-09 10:17:00,RDS.V,,0.8500000238418579,0.8500000238418579,0.8500000238418579,0.8500000238418579,3000.0
2026-04-09 10:17:00,SGML.V,,19.15999984741211,19.209999084472656,19.149999618530273,19.209999084472656,1601.0
2026-04-09 10:17:00,STUD.V,,0.3449999988079071,0.3449999988079071,0.3449999988079071,0.3449999988079071,500.0
2026-04-09 10:17:00,VIPR.V,,1.2300000190734863,1.2300000190734863,1.159999966621399,1.159999966621399,39700.0
2026-04-09 10:18:00,AFR.V,,0.05999999865889549,0.05999999865889549,0.05000000074505806,0.05000000074505806,0.0
2026-04-09 10:18:00,AGX.V,,0.7099999785423279,0.7099999785423279,0.7099999785423279,0.7099999785423279,9120.0
2026-04-09 10:18:00,MAI.V,,6.070000171661377,6.090000152587891,6.070000171661377,6.090000152587891,1000.0
2026-04-09 10:18:00,MMY.V,,0.9700000286102295,0.9700000286102295,0.9700000286102295,0.9700000286102295,4000.0
2026-04-09 10:18:00,NBLC.V,,0.0949999988079071,0.0949999988079071,0.0949999988079071,0.0949999988079071,13000.0
2026-04-09 10:18:00,NCX.V,,3.240000009536743,3.255000114440918,3.240000009536743,3.25,2400.0
2026-04-09 10:18:00,NDA.V,,0.8600000143051147,0.8600000143051147,0.8600000143051147,0.8600000143051147,5000.0
2026-04-09 10:18:00,NFG.V,,2.7950000762939453,2.7950000762939453,2.7899999618530273,2.7950000762939453,1300.0
2026-04-09 10:18:00,ODV.V,,4.53000020980835,4.53000020980835,4.53000020980835,4.53000020980835,500.0
2026-04-09 10:18:00,OMG.V,,1.965000033378601,1.9700000286102295,1.965000033378601,1.9700000286102295,1000.0
2026-04-09 10:18:00,OML.V,,1.25,1.25,1.25,1.25,0.0
2026-04-09 10:18:00,PGDC.V,,0.8799999952316284,0.8799999952316284,0.8799999952316284,0.8799999952316284,2800.0
2026-04-09 10:18:00,PLSR.V,,2.0,2.0,2.0,2.0,4102.0
2026-04-09 10:18:00,PTU.V,,0.4099999964237213,0.4099999964237213,0.4099999964237213,0.4099999964237213,9000.0
2026-04-09 10:18:00,QGR.V,,0.25999999046325684,0.25999999046325684,0.2574999928474426,0.2574999928474426,2000.0
2026-04-09 10:18:00,QNC.V,,3.240000009536743,3.240000009536743,3.240000009536743,3.240000009536743,3800.0
2026-04-09 10:18:00,RDS.V,,0.8500000238418579,0.8500000238418579,0.8500000238418579,0.8500000238418579,3000.0
2026-04-09 10:18:00,RVG.V,,0.800000011920929,0.800000011920929,0.800000011920929,0.800000011920929,1000.0
2026-04-09 10:18:00,SCZ.V,,11.0,11.029999732971191,11.0,11.029999732971191,6129.0
2026-04-09 10:18:00,SGML.V,,19.15999984741211,19.15999984741211,19.1200008392334,19.1200008392334,500.0
2026-04-09 10:18:00,SGN.V,,0.3449999988079071,0.3449999988079071,0.3449999988079071,0.3449999988079071,6500.0
2026-04-09 10:18:00,SGO.V,,0.23999999463558197,0.23999999463558197,0.23999999463558197,0.23999999463558197,12000.0
2026-04-09 10:18:00,SLVR.V,,0.8399999737739563,0.8399999737739563,0.8399999737739563,0.8399999737739563,73650.0
2026-04-09 10:18:00,SM.V,,1.8300000429153442,1.8300000429153442,1.8300000429153442,1.8300000429153442,800.0
2026-04-09 10:18:00,SMN.V,,0.13500000536441803,0.13500000536441803,0.13500000536441803,0.13500000536441803,67000.0
2026-04-09 10:18:00,STUD.V,,0.3449999988079071,0.3449999988079071,0.3449999988079071,0.3449999988079071,500.0
2026-04-09 10:19:00,AGX.V,,0.7099999785423279,0.7099999785423279,0.7099999785423279,0.7099999785423279,17000.0
2026-04-09 10:19:00,NCX.V,,3.2300000190734863,3.2300000190734863,3.2300000190734863,3.2300000190734863,130.0
2026-04-09 10:19:00,NFG.V,,2.799999952316284,2.799999952316284,2.7799999713897705,2.7899999618530273,6900.0
2026-04-09 10:19:00,NSU.V,,0.17499999701976776,0.17499999701976776,0.17499999701976776,0.17499999701976776,5500.0
2026-04-09 10:19:00,PGE.V,,0.3149999976158142,0.3149999976158142,0.3149999976158142,0.3149999976158142,10000.0
2026-04-09 10:19:00,PGLD.V,,0.7200000286102295,0.7200000286102295,0.7200000286102295,0.7200000286102295,4000.0
2026-04-09 10:19:00,PLAN.V,,0.33500000834465027,0.33500000834465027,0.33500000834465027,0.33500000834465027,4000.0
2026-04-09 10:19:00,PLSR.V,,1.9900000095367432,1.9900000095367432,1.9900000095367432,1.9900000095367432,1090.0
2026-04-09 10:19:00,PNPN.V,,1.1299999952316284,1.1299999952316284,1.1299999952316284,1.1299999952316284,100.0
2026-04-09 10:19:00,PPP.V,,1.2699999809265137,1.2699999809265137,1.2699999809265137,1.2699999809265137,1300.0
2026-04-09 10:19:00,QNC.V,,3.259999990463257,3.259999990463257,3.240000009536743,3.240000009536743,800.0
2026-04-09 10:19:00,RDS.V,,0.8450000286102295,0.8500000238418579,0.8450000286102295,0.8500000238418579,3000.0
2026-04-09 10:19:00,ROCK.V,,2.7100000381469727,2.7200000286102295,2.7100000381469727,2.7200000286102295,1900.0
2026-04-09 10:19:00,SCZ.V,,10.989999771118164,10.989999771118164,10.989999771118164,10.989999771118164,100.0
2026-04-09 10:19:00,SEI.V,,0.5699999928474426,0.5699999928474426,0.5699999928474426,0.5699999928474426,1000.0
2026-04-09 10:19:00,SGML.V,,19.100000381469727,19.100000381469727,19.100000381469727,19.100000381469727,100.0
2026-04-09 10:19:00,SGO.V,,0.23999999463558197,0.23999999463558197,0.23999999463558197,0.23999999463558197,500.0
2026-04-09 10:19:00,SOMA.V,,1.774999976158142,1.7799999713897705,1.7699999809265137,1.7699999809265137,5453.0
2026-04-09 10:19:00,SVE.V,,0.5400000214576721,0.5400000214576721,0.5400000214576721,0.5400000214576721,2100.0
2026-04-09 10:19:00,SVRS.V,,0.46000000834465027,0.46000000834465027,0.46000000834465027,0.46000000834465027,1000.0
2026-04-09 10:19:00,VIPR.V,,1.2300000190734863,1.2300000190734863,1.2300000190734863,1.2300000190734863,1000.0
2026-04-09 10:20:00,NCX.V,,3.2200000286102295,3.2300000190734863,3.2100000381469727,3.2300000190734863,6100.0
2026-04-09 10:20:00,NFG.V,,2.809999942779541,2.809999942779541,2.805000066757202,2.805000066757202,7800.0
2026-04-09 10:20:00,OZ.V,,0.3799999952316284,0.3799999952316284,0.3799999952316284,0.3799999952316284,5000.0
2026-04-09 10:20:00,PGE.V,,0.3199999928474426,0.3199999928474426,0.3199999928474426,0.3199999928474426,500.0
2026-04-09 10:20:00,PNPN.V,,1.1299999952316284,1.1299999952316284,1.1299999952316284,1.1299999952316284,100.0
2026-04-09 10:20:00,QNC.V,,3.259999990463257,3.259999990463257,3.240000009536743,3.240000009536743,600.0
2026-04-09 10:20:00,RDS.V,,0.8500000238418579,0.8550000190734863,0.8450000286102295,0.8450000286102295,64575.0
2026-04-09 10:20:00,ROCK.V,,2.700000047683716,2.700000047683716,2.700000047683716,2.700000047683716,12200.0
2026-04-09 10:20:00,SCZ.V,,11.039999961853027,11.039999961853027,11.029999732971191,11.029999732971191,300.0
2026-04-09 10:20:00,SGO.V,,0.23999999463558197,0.23999999463558197,0.23999999463558197,0.23999999463558197,1500.0
2026-04-09 10:20:00,SPX.V,,0.10000000149011612,0.10000000149011612,0.10000000149011612,0.10000000149011612,0.0
2026-04-09 10:21:00,AGX.V,,0.7099999785423279,0.7099999785423279,0.7099999785423279,0.7099999785423279,3000.0
2026-04-09 10:21:00,NAU.V,,1.7999999523162842,1.7999999523162842,1.7899999618530273,1.7899999618530273,20000.0
2026-04-09 10:21:00,NDA.V,,0.8700000047683716,0.8700000047683716,0.8700000047683716,0.8700000047683716,38958.0
2026-04-09 10:21:00,NFG.V,,2.799999952316284,2.799999952316284,2.799999952316284,2.799999952316284,400.0
2026-04-09 10:21:00,OMG.V,,1.9600000381469727,1.9600000381469727,1.9600000381469727,1.9600000381469727,2900.0
2026-04-09 10:21:00,OTC.V,,0.4699999988079071,0.4699999988079071,0.4699999988079071,0.4699999988079071,1000.0
2026-04-09 10:21:00,PEX.V,,0.17499999701976776,0.17499999701976776,0.17499999701976776,0.17499999701976776,1500.0
2026-04-09 10:21:00,QGR.V,,0.25999999046325684,0.25999999046325684,0.25999999046325684,0.25999999046325684,2000.0
2026-04-09 10:21:00,QNC.V,,3.25,3.25,3.25,3.25,100.0
2026-04-09 10:21:00,QTWO.V,,2.2699999809265137,2.2699999809265137,2.2699999809265137,2.2699999809265137,200.0
2026-04-09 10:21:00,RDS.V,,0.8500000238418579,0.8500000238418579,0.8500000238418579,0.8500000238418579,2500.0
2026-04-09 10:21:00,SCZ.V,,10.949999809265137,11.0,10.949999809265137,11.0,4100.0
2026-04-09 10:21:00,SGML.V,,19.190000534057617,19.190000534057617,19.190000534057617,19.190000534057617,300.0
2026-04-09 10:21:00,SGO.V,,0.23999999463558197,0.23999999463558197,0.23999999463558197,0.23999999463558197,5500.0
2026-04-09 10:21:00,SVRS.V,,0.46000000834465027,0.4650000035762787,0.46000000834465027,0.4650000035762787,10000.0
2026-04-09 10:21:00,SWLF.V,,0.15000000596046448,0.15000000596046448,0.15000000596046448,0.15000000596046448,0.0
2026-04-09 10:22:00,NFG.V,,2.805000066757202,2.805000066757202,2.799999952316284,2.799999952316284,2000.0
2026-04-09 10:22:00,OMG.V,,1.9600000381469727,1.9600000381469727,1.9600000381469727,1.9600000381469727,900.0
2026-04-09 10:22:00,PEAK.V,,0.41999998688697815,0.41999998688697815,0.41999998688697815,0.41999998688697815,1500.0
2026-04-09 10:22:00,PLSR.V,,1.9800000190734863,1.9800000190734863,1.9600000381469727,1.9700000286102295,13000.0
2026-04-09 10:22:00,PNPN.V,,1.1299999952316284,1.1299999952316284,1.1299999952316284,1.1299999952316284,100.0
2026-04-09 10:22:00,RDS.V,,0.8500000238418579,0.8500000238418579,0.8500000238418579,0.8500000238418579,5000.0
2026-04-09 10:22:00,ROK.V,,0.2750000059604645,0.2750000059604645,0.2750000059604645,0.2750000059604645,10000.0
2026-04-09 10:22:00,SGN.V,,0.3449999988079071,0.3449999988079071,0.3449999988079071,0.3449999988079071,500.0
2026-04-09 10:22:00,SLG.V,,3.5,3.5,3.5,3.5,373.0
2026-04-09 10:22:00,SLI.V,,4.699999809265137,4.699999809265137,4.699999809265137,4.699999809265137,800.0
2026-04-09 10:22:00,SM.V,,1.8350000381469727,1.8350000381469727,1.8350000381469727,1.8350000381469727,700.0
2026-04-09 10:23:00,AGX.V,,0.7099999785423279,0.7099999785423279,0.7099999785423279,0.7099999785423279,9500.0
2026-04-09 10:23:00,MMY.V,,0.9700000286102295,0.9700000286102295,0.9700000286102295,0.9700000286102295,500.0
2026-04-09 10:23:00,OMG.V,,1.9600000381469727,1.9600000381469727,1.9600000381469727,1.9600000381469727,1500.0
2026-04-09 10:23:00,OML.V,,1.25,1.25,1.25,1.25,500.0
2026-04-09 10:23:00,PGLD.V,,0.7200000286102295,0.7200000286102295,0.7200000286102295,0.7200000286102295,500.0
2026-04-09 10:23:00,PLAN.V,,0.33500000834465027,0.33500000834465027,0.33500000834465027,0.33500000834465027,500.0
2026-04-09 10:23:00,PLSR.V,,1.9700000286102295,1.9700000286102295,1.9700000286102295,1.9700000286102295,5800.0
2026-04-09 10:23:00,PNPN.V,,1.1299999952316284,1.1299999952316284,1.1299999952316284,1.1299999952316284,100.0
2026-04-09 10:23:00,PNTR.V,,0.5199999809265137,0.5199999809265137,0.5199999809265137,0.5199999809265137,500.0
2026-04-09 10:23:00,QNC.V,,3.259999990463257,3.259999990463257,3.259999990463257,3.259999990463257,100.0
2026-04-09 10:23:00,ROK.V,,0.2750000059604645,0.2750000059604645,0.2750000059604645,0.2750000059604645,12000.0
2026-04-09 10:23:00,ROS.V,,0.26499998569488525,0.26499998569488525,0.26499998569488525,0.26499998569488525,5500.0
2026-04-09 10:23:00,SCD.V,,0.14000000059604645,0.14000000059604645,0.14000000059604645,0.14000000059604645,500.0
2026-04-09 10:23:00,SGML.V,,19.229999542236328,19.229999542236328,19.229999542236328,19.229999542236328,100.0
2026-04-09 10:23:00,SGN.V,,0.3449999988079071,0.3449999988079071,0.3449999988079071,0.3449999988079071,8000.0
2026-04-09 10:23:00,VIPR.V,,1.2300000190734863,1.2300000190734863,1.2200000286102295,1.2200000286102295,5000.0
2026-04-09 10:24:00,MAI.V,,5.960000038146973,6.050000190734863,5.960000038146973,6.050000190734863,2300.0
2026-04-09 10:24:00,NCX.V,,3.2100000381469727,3.2200000286102295,3.2100000381469727,3.2200000286102295,2000.0
2026-04-09 10:24:00,NFG.V,,2.815000057220459,2.815000057220459,2.809999942779541,2.809999942779541,1600.0
2026-04-09 10:24:00,OMG.V,,1.9600000381469727,1.965000033378601,1.9600000381469727,1.965000033378601,9600.0
2026-04-09 10:24:00,PCAA-P.V,,0.029999999329447746,0.029999999329447746,0.029999999329447746,0.029999999329447746,0.0
2026-04-09 10:24:00,PLSR.V,,1.9800000190734863,1.9800000190734863,1.9800000190734863,1.9800000190734863,977.0
2026-04-09 10:24:00,PNPN.V,,1.1299999952316284,1.1299999952316284,1.1299999952316284,1.1299999952316284,100.0
2026-04-09 10:24:00,QNC.V,,3.2699999809265137,3.2699999809265137,3.259999990463257,3.259999990463257,415.0
2026-04-09 10:24:00,RDS.V,,0.8500000238418579,0.8500000238418579,0.8500000238418579,0.8500000238418579,19500.0
2026-04-09 10:24:00,SCZ.V,,11.0,11.0,11.0,11.0,100.0
2026-04-09 10:24:00,SGN.V,,0.3400000035762787,0.3400000035762787,0.3400000035762787,0.3400000035762787,2000.0
2026-04-09 10:24:00,SM.V,,1.850000023841858,1.850000023841858,1.850000023841858,1.850000023841858,200.0
2026-04-09 10:24:00,SMD.V,,0.36000001430511475,0.36000001430511475,0.36000001430511475,0.36000001430511475,1500.0
2026-04-09 10:25:00,MAI.V,,6.050000190734863,6.050000190734863,6.039999961853027,6.039999961853027,500.0
2026-04-09 10:25:00,MMY.V,,0.9700000286102295,0.9700000286102295,0.9700000286102295,0.9700000286102295,2500.0
2026-04-09 10:25:00,NAU.V,,1.7999999523162842,1.7999999523162842,1.7899999618530273,1.7999999523162842,196900.0
2026-04-09 10:25:00,NBLC.V,,0.0949999988079071,0.0949999988079071,0.0949999988079071,0.0949999988079071,19110.0
2026-04-09 10:25:00,NDA.V,,0.8899999856948853,0.8899999856948853,0.8799999952316284,0.8799999952316284,14975.0
2026-04-09 10:25:00,NXS.V,,0.3100000023841858,0.3100000023841858,0.3100000023841858,0.3100000023841858,1720.0
2026-04-09 10:25:00,OMG.V,,1.965000033378601,1.965000033378601,1.965000033378601,1.965000033378601,500.0
2026-04-09 10:25:00,PLSR.V,,1.9800000190734863,1.9800000190734863,1.9800000190734863,1.9800000190734863,200.0
2026-04-09 10:25:00,PNPN.V,,1.1299999952316284,1.1299999952316284,1.1299999952316284,1.1299999952316284,100.0
2026-04-09 10:25:00,VIPR.V,,1.2699999809265137,1.2799999713897705,1.2699999809265137,1.2799999713897705,3200.0
2026-04-09 10:26:00,MKA.V,,0.6600000262260437,0.6600000262260437,0.6600000262260437,0.6600000262260437,2000.0
2026-04-09 10:26:00,NFD-A.V,,5.300000190734863,5.300000190734863,5.300000190734863,5.300000190734863,400.0
2026-04-09 10:26:00,NFG.V,,2.799999952316284,2.809999942779541,2.799999952316284,2.809999942779541,2800.0
2026-04-09 10:26:00,ODV.V,,4.53000020980835,4.53000020980835,4.53000020980835,4.53000020980835,2043.0
2026-04-09 10:26:00,OMG.V,,1.9600000381469727,1.965000033378601,1.9600000381469727,1.965000033378601,1000.0
2026-04-09 10:26:00,PLSR.V,,1.9800000190734863,1.9800000190734863,1.9800000190734863,1.9800000190734863,500.0
2026-04-09 10:26:00,PNPN.V,,1.1299999952316284,1.1299999952316284,1.1299999952316284,1.1299999952316284,100.0
2026-04-09 10:26:00,QNC.V,,3.259999990463257,3.259999990463257,3.259999990463257,3.259999990463257,900.0
2026-04-09 10:26:00,QTWO.V,,2.2799999713897705,2.2799999713897705,2.2750000953674316,2.2750000953674316,3200.0
2026-04-09 10:26:00,RDS.V,,0.8500000238418579,0.8500000238418579,0.8500000238418579,0.8500000238418579,14924.0
2026-04-09 10:26:00,SCZ.V,,10.949999809265137,10.949999809265137,10.949999809265137,10.949999809265137,600.0
2026-04-09 10:26:00,SGML.V,,19.229999542236328,19.229999542236328,19.229999542236328,19.229999542236328,800.0
2026-04-09 10:26:00,SLI.V,,4.710000038146973,4.710000038146973,4.710000038146973,4.710000038146973,700.0
2026-04-09 10:26:00,SRR.V,,0.9900000095367432,0.9900000095367432,0.9900000095367432,0.9900000095367432,1500.0
2026-04-09 10:26:00,SVRS.V,,0.46000000834465027,0.46000000834465027,0.46000000834465027,0.46000000834465027,8500.0
2026-04-09 10:27:00,NAU.V,,1.7999999523162842,1.7999999523162842,1.7999999523162842,1.7999999523162842,5000.0
2026-04-09 10:27:00,NFG.V,,2.7899999618530273,2.7950000762939453,2.7899999618530273,2.7950000762939453,900.0
2026-04-09 10:27:00,OMG.V,,1.9600000381469727,1.9600000381469727,1.9600000381469727,1.9600000381469727,1100.0
2026-04-09 10:27:00,PLSR.V,,2.0,2.0,2.0,2.0,500.0
2026-04-09 10:27:00,PNPN.V,,1.1299999952316284,1.1299999952316284,1.1299999952316284,1.1299999952316284,100.0
2026-04-09 10:27:00,PPX.V,,0.2849999964237213,0.2849999964237213,0.2849999964237213,0.2849999964237213,3000.0
2026-04-09 10:27:00,QGR.V,,0.25999999046325684,0.25999999046325684,0.2574999928474426,0.2574999928474426,10500.0
2026-04-09 10:27:00,QTWO.V,,2.2699999809265137,2.2699999809265137,2.2699999809265137,2.2699999809265137,900.0
2026-04-09 10:27:00,RVG.V,,0.800000011920929,0.800000011920929,0.800000011920929,0.800000011920929,2000.0
2026-04-09 10:27:00,SGML.V,,19.110000610351562,19.110000610351562,19.110000610351562,19.110000610351562,200.0
2026-04-09 10:27:00,SLI.V,,4.710000038146973,4.710000038146973,4.710000038146973,4.710000038146973,200.0
2026-04-09 10:27:00,STUD.V,,0.3499999940395355,0.3499999940395355,0.3499999940395355,0.3499999940395355,500.0
2026-04-09 10:27:00,VIPR.V,,1.2799999713897705,1.3300000429153442,1.2799999713897705,1.2799999713897705,18300.0
2026-04-09 10:28:00,MON.V,,0.6499999761581421,0.6499999761581421,0.6499999761581421,0.6499999761581421,1600.0
2026-04-09 10:28:00,NAU.V,,1.7999999523162842,1.7999999523162842,1.7999999523162842,1.7999999523162842,9200.0
2026-04-09 10:28:00,NFD-A.V,,5.25,5.260000228881836,5.25,5.260000228881836,200.0
2026-04-09 10:28:00,OMG.V,,2.0,2.0,1.9700000286102295,1.9700000286102295,95740.0
2026-04-09 10:28:00,PHNM.V,,0.36000001430511475,0.36000001430511475,0.36000001430511475,0.36000001430511475,2000.0
2026-04-09 10:28:00,PNPN.V,,1.1299999952316284,1.1299999952316284,1.1299999952316284,1.1299999952316284,100.0
2026-04-09 10:28:00,QGR.V,,0.25999999046325684,0.25999999046325684,0.25999999046325684,0.25999999046325684,6000.0
2026-04-09 10:28:00,RAK.V,,0.1599999964237213,0.1599999964237213,0.1599999964237213,0.1599999964237213,4000.0
2026-04-09 10:28:00,ROK.V,,0.2750000059604645,0.2750000059604645,0.2750000059604645,0.2750000059604645,15000.0
2026-04-09 10:28:00,RPX.V,,0.18000000715255737,0.18000000715255737,0.18000000715255737,0.18000000715255737,10000.0
2026-04-09 10:28:00,SCD.V,,0.13500000536441803,0.13500000536441803,0.13500000536441803,0.13500000536441803,145641.0
2026-04-09 10:28:00,SCZ.V,,10.9399995803833,10.9399995803833,10.920000076293945,10.920000076293945,700.0
2026-04-09 10:28:00,SGML.V,,19.100000381469727,19.100000381469727,19.100000381469727,19.100000381469727,201.0
2026-04-09 10:28:00,VIPR.V,,1.25,1.2799999713897705,1.25,1.2799999713897705,6200.0
2026-04-09 10:29:00,NDA.V,,0.8949999809265137,0.8949999809265137,0.8949999809265137,0.8949999809265137,500.0
2026-04-09 10:29:00,NFG.V,,2.799999952316284,2.799999952316284,2.799999952316284,2.799999952316284,200.0
2026-04-09 10:29:00,NKL.V,,1.0700000524520874,1.0700000524520874,1.0700000524520874,1.0700000524520874,9000.0
2026-04-09 10:29:00,ODV.V,,4.519999980926514,4.519999980926514,4.519999980926514,4.519999980926514,100.0
2026-04-09 10:29:00,OMG.V,,2.005000114440918,2.005000114440918,2.0,2.0,150100.0
2026-04-09 10:29:00,PALI.V,,2.4700000286102295,2.4700000286102295,2.4700000286102295,2.4700000286102295,2200.0
2026-04-09 10:29:00,QNC.V,,3.259999990463257,3.259999990463257,3.259999990463257,3.259999990463257,100.0
2026-04-09 10:29:00,ROK.V,,0.2750000059604645,0.2750000059604645,0.2750000059604645,0.2750000059604645,4500.0
2026-04-09 10:29:00,SEI.V,,0.5699999928474426,0.5699999928474426,0.5699999928474426,0.5699999928474426,4500.0
2026-04-09 10:29:00,SGML.V,,19.1200008392334,19.1200008392334,19.1200008392334,19.1200008392334,100.0
2026-04-09 10:29:00,SLVR.V,,0.8399999737739563,0.8399999737739563,0.8399999737739563,0.8399999737739563,2500.0
2026-04-09 10:29:00,SSV.V,,0.5699999928474426,0.5699999928474426,0.5699999928474426,0.5699999928474426,12236.0
2026-04-09 10:30:00,NCX.V,,3.2100000381469727,3.2200000286102295,3.2100000381469727,3.2200000286102295,3525.0
2026-04-09 10:30:00,NEXE.V,,0.13500000536441803,0.13500000536441803,0.13500000536441803,0.13500000536441803,3000.0
2026-04-09 10:30:00,NFD-A.V,,5.199999809265137,5.210000038146973,5.199999809265137,5.210000038146973,1300.0
2026-04-09 10:30:00,NRM.V,,0.1599999964237213,0.17000000178813934,0.1599999964237213,0.17000000178813934,0.0
2026-04-09 10:30:00,OMG.V,,2.009999990463257,2.009999990463257,2.0,2.0,9800.0
2026-04-09 10:30:00,ONYX.V,,1.190000057220459,1.190000057220459,1.190000057220459,1.190000057220459,100.0
2026-04-09 10:30:00,PLSR.V,,2.0199999809265137,2.0199999809265137,2.0199999809265137,2.0199999809265137,5144.0
2026-04-09 10:30:00,QGR.V,,0.27000001072883606,0.27000001072883606,0.27000001072883606,0.27000001072883606,1616.0
2026-04-09 10:30:00,QNC.V,,3.2699999809265137,3.2699999809265137,3.2699999809265137,3.2699999809265137,100.0
2026-04-09 10:30:00,RET-A.V,,1.8300000429153442,1.8600000143051147,1.8300000429153442,1.8600000143051147,2400.0
2026-04-09 10:30:00,ROS.V,,0.27000001072883606,0.27000001072883606,0.27000001072883606,0.27000001072883606,1000.0
2026-04-09 10:30:00,SCD.V,,0.12999999523162842,0.12999999523162842,0.12999999523162842,0.12999999523162842,33500.0
2026-04-09 10:30:00,SCZ.V,,10.9399995803833,10.9399995803833,10.9399995803833,10.9399995803833,100.0
2026-04-09 10:30:00,SLI.V,,4.710000038146973,4.710000038146973,4.710000038146973,4.710000038146973,400.0
2026-04-09 10:30:00,SLVR.V,,0.8399999737739563,0.8399999737739563,0.8399999737739563,0.8399999737739563,8500.0
2026-04-09 10:30:00,STUD.V,,0.3499999940395355,0.3499999940395355,0.3499999940395355,0.3499999940395355,6500.0
2026-04-09 10:30:00,VIPR.V,,1.25,1.25,1.25,1.25,100.0
2026-04-09 10:31:00,NEXE.V,,0.13500000536441803,0.13500000536441803,0.13500000536441803,0.13500000536441803,22000.0
2026-04-09 10:31:00,ODV.V,,4.519999980926514,4.519999980926514,4.519999980926514,4.519999980926514,700.0
2026-04-09 10:31:00,OMG.V,,2.009999990463257,2.009999990463257,2.009999990463257,2.009999990463257,10000.0
2026-04-09 10:31:00,ONYX.V,,1.1799999475479126,1.1799999475479126,1.1799999475479126,1.1799999475479126,100.0
2026-04-09 10:31:00,PINK.V,,0.3400000035762787,0.3400000035762787,0.3400000035762787,0.3400000035762787,1500.0
2026-04-09 10:31:00,PLSR.V,,1.9900000095367432,2.0,1.9900000095367432,2.0,4300.0
2026-04-09 10:31:00,PTU.V,,0.41999998688697815,0.41999998688697815,0.41999998688697815,0.41999998688697815,2000.0
2026-04-09 10:31:00,RAK.V,,0.1599999964237213,0.1599999964237213,0.1599999964237213,0.1599999964237213,13000.0
2026-04-09 10:31:00,RPX.V,,0.18000000715255737,0.18000000715255737,0.18000000715255737,0.18000000715255737,36500.0
2026-04-09 10:31:00,SCZ.V,,10.930000305175781,10.930000305175781,10.930000305175781,10.930000305175781,700.0
2026-04-09 10:31:00,SGML.V,,19.059999465942383,19.200000762939453,19.059999465942383,19.190000534057617,1090.0
2026-04-09 10:31:00,SLVR.V,,0.8399999737739563,0.8399999737739563,0.8399999737739563,0.8399999737739563,2000.0
2026-04-09 10:31:00,SRR.V,,0.9900000095367432,0.9900000095367432,0.9900000095367432,0.9900000095367432,500.0
2026-04-09 10:31:00,SVRS.V,,0.46000000834465027,0.46000000834465027,0.46000000834465027,0.46000000834465027,2500.0
2026-04-09 10:32:00,NBM.V,,0.5400000214576721,0.5400000214576721,0.5400000214576721,0.5400000214576721,4500.0
2026-04-09 10:32:00,NDA.V,,0.8799999952316284,0.8899999856948853,0.8799999952316284,0.8899999856948853,11681.0
2026-04-09 10:32:00,NFG.V,,2.799999952316284,2.799999952316284,2.799999952316284,2.799999952316284,10335.0
2026-04-09 10:32:00,QNC.V,,3.25,3.25,3.25,3.25,1095.0
2026-04-09 10:32:00,RAK.V,,0.1599999964237213,0.1599999964237213,0.1599999964237213,0.1599999964237213,14315.0
2026-04-09 10:32:00,RDS.V,,0.8500000238418579,0.8500000238418579,0.8500000238418579,0.8500000238418579,5000.0
2026-04-09 10:32:00,SCD.V,,0.12999999523162842,0.12999999523162842,0.12999999523162842,0.12999999523162842,48000.0
2026-04-09 10:32:00,SCZ.V,,10.90999984741211,10.90999984741211,10.90999984741211,10.90999984741211,300.0
2026-04-09 10:33:00,MGG.V,,0.3700000047683716,0.3700000047683716,0.3700000047683716,0.3700000047683716,13000.0
2026-04-09 10:33:00,MMY.V,,0.9750000238418579,0.9750000238418579,0.9750000238418579,0.9750000238418579,500.0
2026-04-09 10:33:00,NAU.V,,1.7899999618530273,1.7899999618530273,1.7899999618530273,1.7899999618530273,11200.0
2026-04-09 10:33:00,NCX.V,,3.200000047683716,3.200000047683716,3.200000047683716,3.200000047683716,900.0
2026-04-09 10:33:00,NDA.V,,0.8799999952316284,0.8799999952316284,0.8799999952316284,0.8799999952316284,8700.0
2026-04-09 10:33:00,NFG.V,,2.7899999618530273,2.7899999618530273,2.7899999618530273,2.7899999618530273,500.0
2026-04-09 10:33:00,ODV.V,,4.489999771118164,4.5,4.480000019073486,4.5,1800.0
2026-04-09 10:33:00,OMG.V,,2.009999990463257,2.009999990463257,2.009999990463257,2.009999990463257,23230.0
2026-04-09 10:33:00,ROOF.V,,0.20499999821186066,0.20499999821186066,0.20499999821186066,0.20499999821186066,2000.0
2026-04-09 10:33:00,RVG.V,,0.800000011920929,0.800000011920929,0.800000011920929,0.800000011920929,1000.0
2026-04-09 10:33:00,SCZ.V,,10.90999984741211,10.90999984741211,10.90999984741211,10.90999984741211,304.0
2026-04-09 10:33:00,SLVR.V,,0.8399999737739563,0.8399999737739563,0.8399999737739563,0.8399999737739563,8000.0
2026-04-09 10:33:00,SNAG.V,,0.29499998688697815,0.29499998688697815,0.29499998688697815,0.29499998688697815,1000.0
2026-04-09 10:33:00,SRL.V,,0.19499999284744263,0.19499999284744263,0.19499999284744263,0.19499999284744263,0.0
2026-04-09 10:33:00,STRR.V,,0.5099999904632568,0.5099999904632568,0.5099999904632568,0.5099999904632568,6450.0
2026-04-09 10:34:00,MINK.V,,0.14499999582767487,0.14499999582767487,0.14499999582767487,0.14499999582767487,5500.0
2026-04-09 10:34:00,NCAU.V,,0.6399999856948853,0.6399999856948853,0.6399999856948853,0.6399999856948853,10539.0
2026-04-09 10:34:00,NMI.V,,0.2750000059604645,0.2750000059604645,0.2750000059604645,0.2750000059604645,19000.0
2026-04-09 10:34:00,OMG.V,,2.009999990463257,2.009999990463257,2.009999990463257,2.009999990463257,22100.0
2026-04-09 10:34:00,ONYX.V,,1.1799999475479126,1.1799999475479126,1.1799999475479126,1.1799999475479126,100.0
2026-04-09 10:34:00,PGE.V,,0.3100000023841858,0.3149999976158142,0.3100000023841858,0.3149999976158142,53000.0
2026-04-09 10:34:00,PNPN.V,,1.1299999952316284,1.1299999952316284,1.1299999952316284,1.1299999952316284,100.0
2026-04-09 10:34:00,PPP.V,,1.2699999809265137,1.2699999809265137,1.2699999809265137,1.2699999809265137,8600.0
2026-04-09 10:34:00,ROCK.V,,2.6500000953674316,2.6500000953674316,2.6500000953674316,2.6500000953674316,100.0
2026-04-09 10:34:00,SLVR.V,,0.8399999737739563,0.8399999737739563,0.8399999737739563,0.8399999737739563,600.0
2026-04-09 10:34:00,STRR.V,,0.5099999904632568,0.5099999904632568,0.5099999904632568,0.5099999904632568,2000.0
2026-04-09 10:34:00,SVRS.V,,0.45500001311302185,0.45500001311302185,0.45500001311302185,0.45500001311302185,14000.0
2026-04-09 10:35:00,MMM.V,,0.11500000208616257,0.11500000208616257,0.11500000208616257,0.11500000208616257,0.0
2026-04-09 10:35:00,MMY.V,,0.9700000286102295,0.9700000286102295,0.9700000286102295,0.9700000286102295,7500.0
2026-04-09 10:35:00,NFG.V,,2.7850000858306885,2.7850000858306885,2.7850000858306885,2.7850000858306885,500.0
2026-04-09 10:35:00,NRN.V,,0.05000000074505806,0.05000000074505806,0.05000000074505806,0.05000000074505806,1000.0
2026-04-09 10:35:00,ODV.V,,4.46999979019165,4.46999979019165,4.46999979019165,4.46999979019165,300.0
2026-04-09 10:35:00,OMG.V,,2.009999990463257,2.009999990463257,2.009999990463257,2.009999990463257,18800.0
2026-04-09 10:35:00,ONYX.V,,1.1699999570846558,1.1699999570846558,1.1699999570846558,1.1699999570846558,100.0
2026-04-09 10:35:00,PLSR.V,,2.009999990463257,2.0299999713897705,2.009999990463257,2.0199999809265137,12800.0
2026-04-09 10:35:00,QGR.V,,0.27000001072883606,0.27000001072883606,0.27000001072883606,0.27000001072883606,500.0
2026-04-09 10:35:00,RLYG.V,,0.6200000047683716,0.6200000047683716,0.6200000047683716,0.6200000047683716,6000.0
2026-04-09 10:35:00,RML.V,,1.1399999856948853,1.1399999856948853,1.1399999856948853,1.1399999856948853,17440.0
2026-04-09 10:35:00,SGML.V,,19.100000381469727,19.100000381469727,19.100000381469727,19.100000381469727,100.0
2026-04-09 10:35:00,SM.V,,1.809999942779541,1.809999942779541,1.809999942779541,1.809999942779541,300.0
2026-04-09 10:35:00,SPC.V,,0.054999999701976776,0.054999999701976776,0.054999999701976776,0.054999999701976776,0.0
2026-04-09 10:35:00,STRR.V,,0.5099999904632568,0.5099999904632568,0.5099999904632568,0.5099999904632568,1500.0
2026-04-09 10:35:00,SVRS.V,,0.46000000834465027,0.46000000834465027,0.45750001072883606,0.45750001072883606,14500.0
2026-04-09 10:36:00,MAI.V,,6.039999961853027,6.039999961853027,6.039999961853027,6.039999961853027,4400.0
2026-04-09 10:36:00,MHUB.V,,0.6100000143051147,0.6100000143051147,0.5899999737739563,0.5899999737739563,52500.0
2026-04-09 10:36:00,MINK.V,,0.14000000059604645,0.14000000059604645,0.14000000059604645,0.14000000059604645,3000.0
2026-04-09 10:36:00,NCX.V,,3.194999933242798,3.194999933242798,3.194999933242798,3.194999933242798,300.0
2026-04-09 10:36:00,NDA.V,,0.8999999761581421,0.8999999761581421,0.8999999761581421,0.8999999761581421,8500.0
2026-04-09 10:36:00,NFG.V,,2.7799999713897705,2.7899999618530273,2.7799999713897705,2.7899999618530273,2450.0
2026-04-09 10:36:00,NKL.V,,1.0700000524520874,1.0700000524520874,1.0700000524520874,1.0700000524520874,1800.0
2026-04-09 10:36:00,OMG.V,,2.009999990463257,2.009999990463257,2.009999990463257,2.009999990463257,18550.0
2026-04-09 10:36:00,PNPN.V,,1.1299999952316284,1.1299999952316284,1.1299999952316284,1.1299999952316284,100.0
2026-04-09 10:36:00,QNC.V,,3.234999895095825,3.240000009536743,3.234999895095825,3.240000009536743,1800.0
2026-04-09 10:36:00,RDS.V,,0.8500000238418579,0.8500000238418579,0.8500000238418579,0.8500000238418579,2000.0
2026-04-09 10:36:00,SGML.V,,19.139999389648438,19.139999389648438,19.139999389648438,19.139999389648438,800.0
2026-04-09 10:36:00,SLI.V,,4.699999809265137,4.699999809265137,4.699999809265137,4.699999809265137,1000.0
2026-04-09 10:37:00,MAI.V,,6.059999942779541,6.059999942779541,6.039999961853027,6.039999961853027,1800.0
2026-04-09 10:37:00,NCX.V,,3.190000057220459,3.190000057220459,3.190000057220459,3.190000057220459,500.0
2026-04-09 10:37:00,NDA.V,,0.8999999761581421,0.8999999761581421,0.8999999761581421,0.8999999761581421,2000.0
2026-04-09 10:37:00,NFG.V,,2.7799999713897705,2.7799999713897705,2.7799999713897705,2.7799999713897705,100.0
2026-04-09 10:37:00,NWST.V,,0.38499999046325684,0.38499999046325684,0.38499999046325684,0.38499999046325684,500.0
2026-04-09 10:37:00,OMG.V,,2.0,2.015000104904175,2.0,2.015000104904175,21500.0
2026-04-09 10:37:00,PHNM.V,,0.36000001430511475,0.36000001430511475,0.36000001430511475,0.36000001430511475,7400.0
2026-04-09 10:37:00,PLSR.V,,2.0199999809265137,2.0199999809265137,2.0199999809265137,2.0199999809265137,9367.0
2026-04-09 10:37:00,PPP.V,,1.2799999713897705,1.2799999713897705,1.274999976158142,1.274999976158142,5800.0
2026-04-09 10:37:00,QTWO.V,,2.2699999809265137,2.2699999809265137,2.2699999809265137,2.2699999809265137,800.0
2026-04-09 10:37:00,RDS.V,,0.8500000238418579,0.8500000238418579,0.8500000238418579,0.8500000238418579,2000.0
2026-04-09 10:37:00,RSM.V,,0.30000001192092896,0.30000001192092896,0.30000001192092896,0.30000001192092896,0.0
2026-04-09 10:37:00,SNAG.V,,0.28999999165534973,0.28999999165534973,0.28999999165534973,0.28999999165534973,7374.0
2026-04-09 10:38:00,NAU.V,,1.7899999618530273,1.7899999618530273,1.7899999618530273,1.7899999618530273,3200.0
2026-04-09 10:38:00,NFG.V,,2.7850000858306885,2.7850000858306885,2.7799999713897705,2.7799999713897705,1689.0
2026-04-09 10:38:00,OMG.V,,2.005000114440918,2.005000114440918,2.0,2.0,3900.0
2026-04-09 10:38:00,PEX.V,,0.17499999701976776,0.17499999701976776,0.17499999701976776,0.17499999701976776,7500.0
2026-04-09 10:38:00,QGR.V,,0.26499998569488525,0.26499998569488525,0.26499998569488525,0.26499998569488525,5000.0
2026-04-09 10:38:00,QNC.V,,3.240000009536743,3.240000009536743,3.2300000190734863,3.2300000190734863,400.0
2026-04-09 10:38:00,RDS.V,,0.8500000238418579,0.8500000238418579,0.8500000238418579,0.8500000238418579,6500.0
2026-04-09 10:38:00,SCZ.V,,10.890000343322754,10.890000343322754,10.890000343322754,10.890000343322754,600.0
2026-04-09 10:38:00,SEI.V,,0.5799999833106995,0.5799999833106995,0.5799999833106995,0.5799999833106995,103000.0
2026-04-09 10:38:00,SVRS.V,,0.45500001311302185,0.45500001311302185,0.45500001311302185,0.45500001311302185,2500.0
2026-04-09 10:39:00,FEO.V,,0.8500000238418579,0.8500000238418579,0.8500000238418579,0.8500000238418579,500.0
2026-04-09 10:39:00,MMY.V,,0.9700000286102295,0.9700000286102295,0.9700000286102295,0.9700000286102295,3000.0
2026-04-09 10:39:00,RDS.V,,0.8500000238418579,0.8500000238418579,0.8500000238418579,0.8500000238418579,9000.0
2026-04-09 10:39:00,ROCK.V,,2.6500000953674316,2.6500000953674316,2.6500000953674316,2.6500000953674316,700.0
2026-04-09 10:40:00,MHUB.V,,0.5899999737739563,0.5899999737739563,0.5899999737739563,0.5899999737739563,5000.0
2026-04-09 10:40:00,NCX.V,,3.194999933242798,3.194999933242798,3.194999933242798,3.194999933242798,400.0
2026-04-09 10:40:00,NKL.V,,1.0700000524520874,1.0700000524520874,1.0700000524520874,1.0700000524520874,10000.0
2026-04-09 10:40:00,OMG.V,,2.009999990463257,2.009999990463257,2.009999990463257,2.009999990463257,1500.0
2026-04-09 10:40:00,PLSR.V,,2.0299999713897705,2.0299999713897705,2.0299999713897705,2.0299999713897705,300.0
2026-04-09 10:40:00,QTWO.V,,2.2750000953674316,2.2750000953674316,2.2750000953674316,2.2750000953674316,100.0
2026-04-09 10:40:00,RDS.V,,0.8500000238418579,0.8500000238418579,0.8500000238418579,0.8500000238418579,26000.0
2026-04-09 10:40:00,SCZ.V,,10.859999656677246,10.859999656677246,10.859999656677246,10.859999656677246,100.0
2026-04-09 10:40:00,SGN.V,,0.3449999988079071,0.3449999988079071,0.3449999988079071,0.3449999988079071,2000.0
2026-04-09 10:40:00,SKYG.V,,0.054999999701976776,0.054999999701976776,0.054999999701976776,0.054999999701976776,15667.0
2026-04-09 10:40:00,SMN.V,,0.13500000536441803,0.13500000536441803,0.13500000536441803,0.13500000536441803,17500.0
2026-04-09 10:40:00,VIPR.V,,1.2999999523162842,1.2999999523162842,1.2799999713897705,1.2799999713897705,3200.0
2026-04-09 10:41:00,MHUB.V,,0.5899999737739563,0.5899999737739563,0.5899999737739563,0.5899999737739563,3000.0
2026-04-09 10:41:00,NDA.V,,0.9200000166893005,0.9200000166893005,0.9100000262260437,0.9100000262260437,50419.0
2026-04-09 10:41:00,PGLD.V,,0.7099999785423279,0.7099999785423279,0.7099999785423279,0.7099999785423279,44000.0
2026-04-09 10:41:00,PLSR.V,,2.009999990463257,2.0299999713897705,2.009999990463257,2.0299999713897705,3518.0
2026-04-09 10:41:00,PPP.V,,1.2699999809265137,1.2699999809265137,1.2699999809265137,1.2699999809265137,14000.0
2026-04-09 10:41:00,PRG.V,,0.5699999928474426,0.5699999928474426,0.5699999928474426,0.5699999928474426,1000.0
2026-04-09 10:41:00,QGR.V,,0.27000001072883606,0.27000001072883606,0.27000001072883606,0.27000001072883606,1000.0
2026-04-09 10:41:00,ROCK.V,,2.6700000762939453,2.6700000762939453,2.6500000953674316,2.6500000953674316,1650.0
2026-04-09 10:41:00,SGML.V,,19.219999313354492,19.219999313354492,19.219999313354492,19.219999313354492,300.0
2026-04-09 10:41:00,SMN.V,,0.13500000536441803,0.13500000536441803,0.13500000536441803,0.13500000536441803,3500.0
2026-04-09 10:42:00,NCX.V,,3.190000057220459,3.194999933242798,3.190000057220459,3.190000057220459,500.0
2026-04-09 10:42:00,NFG.V,,2.7850000858306885,2.7850000858306885,2.7799999713897705,2.7850000858306885,2600.0
2026-04-09 10:42:00,OMG.V,,2.009999990463257,2.009999990463257,2.009999990463257,2.009999990463257,1200.0
2026-04-09 10:42:00,PPP.V,,1.2699999809265137,1.2699999809265137,1.2699999809265137,1.2699999809265137,100.0
2026-04-09 10:42:00,PRG.V,,0.5699999928474426,0.5699999928474426,0.5699999928474426,0.5699999928474426,5500.0
2026-04-09 10:42:00,SAO.V,,0.08500000089406967,0.08500000089406967,0.08500000089406967,0.08500000089406967,0.0
2026-04-09 10:42:00,SCZ.V,,10.859999656677246,10.859999656677246,10.850000381469727,10.859999656677246,8600.0
2026-04-09 10:42:00,SEI.V,,0.5799999833106995,0.5799999833106995,0.5799999833106995,0.5799999833106995,38000.0
2026-04-09 10:42:00,SGML.V,,19.15999984741211,19.170000076293945,19.15999984741211,19.170000076293945,300.0
2026-04-09 10:42:00,SM.V,,1.8200000524520874,1.8200000524520874,1.8200000524520874,1.8200000524520874,200.0
2026-04-09 10:43:00,LITT.V,,0.38499999046325684,0.38499999046325684,0.38499999046325684,0.38499999046325684,500.0
2026-04-09 10:43:00,NCAU.V,,0.6399999856948853,0.6399999856948853,0.6399999856948853,0.6399999856948853,3000.0
2026-04-09 10:43:00,ODV.V,,4.510000228881836,4.510000228881836,4.510000228881836,4.510000228881836,1900.0
2026-04-09 10:43:00,OGN.V,,3.430000066757202,3.430000066757202,3.430000066757202,3.430000066757202,300.0
2026-04-09 10:43:00,OMG.V,,2.0,2.0,2.0,2.0,1200.0
2026-04-09 10:43:00,PRG.V,,0.5699999928474426,0.5699999928474426,0.5699999928474426,0.5699999928474426,12500.0
2026-04-09 10:43:00,QGR.V,,0.26249998807907104,0.26249998807907104,0.26249998807907104,0.26249998807907104,2000.0
2026-04-09 10:43:00,QNC.V,,3.259999990463257,3.259999990463257,3.259999990463257,3.259999990463257,185.0
2026-04-09 10:43:00,RPX.V,,0.18000000715255737,0.18000000715255737,0.18000000715255737,0.18000000715255737,500.0
2026-04-09 10:43:00,SLI.V,,4.71999979019165,4.71999979019165,4.71999979019165,4.71999979019165,100.0
2026-04-09 10:43:00,STRR.V,,0.5099999904632568,0.5099999904632568,0.5099999904632568,0.5099999904632568,22000.0
2026-04-09 10:43:00,VIPR.V,,1.2799999713897705,1.2799999713897705,1.2799999713897705,1.2799999713897705,1000.0
2026-04-09 10:44:00,NDA.V,,0.9399999976158142,0.9399999976158142,0.9300000071525574,0.9300000071525574,7800.0
2026-04-09 10:44:00,OMG.V,,2.0,2.0,2.0,2.0,20100.0
2026-04-09 10:44:00,OZ.V,,0.3700000047683716,0.39500001072883606,0.3700000047683716,0.39500001072883606,3590.0
2026-04-09 10:44:00,PINK.V,,0.3400000035762787,0.3400000035762787,0.3400000035762787,0.3400000035762787,42000.0
2026-04-09 10:44:00,PLSR.V,,2.0199999809265137,2.0199999809265137,2.0199999809265137,2.0199999809265137,100.0
2026-04-09 10:44:00,PNPN.V,,1.1299999952316284,1.1299999952316284,1.1299999952316284,1.1299999952316284,100.0
2026-04-09 10:44:00,RPX.V,,0.18000000715255737,0.18000000715255737,0.18000000715255737,0.18000000715255737,500.0
2026-04-09 10:44:00,SEI.V,,0.5899999737739563,0.5899999737739563,0.5799999833106995,0.5799999833106995,8000.0
2026-04-09 10:44:00,STRR.V,,0.5099999904632568,0.5099999904632568,0.5099999904632568,0.5099999904632568,17500.0
2026-04-09 10:44:00,VIPR.V,,1.2699999809265137,1.2699999809265137,1.2649999856948853,1.2699999809265137,4500.0
2026-04-09 10:45:00,NAR.V,,0.30000001192092896,0.30000001192092896,0.30000001192092896,0.30000001192092896,0.0
2026-04-09 10:45:00,NCAU.V,,0.6399999856948853,0.6399999856948853,0.6399999856948853,0.6399999856948853,3500.0
2026-04-09 10:45:00,NDA.V,,0.949999988079071,0.949999988079071,0.949999988079071,0.949999988079071,3500.0
2026-04-09 10:45:00,OMG.V,,2.0,2.0,2.0,2.0,3000.0
2026-04-09 10:45:00,QGR.V,,0.25999999046325684,0.25999999046325684,0.2574999928474426,0.25999999046325684,65000.0
2026-04-09 10:45:00,RCK.V,,0.9599999785423279,0.9599999785423279,0.9599999785423279,0.9599999785423279,500.0
2026-04-09 10:45:00,RECO.V,,1.0700000524520874,1.0700000524520874,1.0700000524520874,1.0700000524520874,800.0
2026-04-09 10:45:00,ROCK.V,,2.6500000953674316,2.6500000953674316,2.6500000953674316,2.6500000953674316,1300.0
2026-04-09 10:45:00,RPX.V,,0.18000000715255737,0.18000000715255737,0.18000000715255737,0.18000000715255737,1000.0
2026-04-09 10:45:00,SCZ.V,,10.899999618530273,10.899999618530273,10.890000343322754,10.890000343322754,2600.0
2026-04-09 10:45:00,SEI.V,,0.5899999737739563,0.5899999737739563,0.5899999737739563,0.5899999737739563,15000.0
2026-04-09 10:45:00,VIPR.V,,1.2599999904632568,1.2599999904632568,1.25,1.25,4200.0
2026-04-09 10:46:00,NCAU.V,,0.6399999856948853,0.6399999856948853,0.6399999856948853,0.6399999856948853,7500.0
2026-04-09 10:46:00,NDA.V,,0.949999988079071,0.949999988079071,0.949999988079071,0.949999988079071,500.0
2026-04-09 10:46:00,NMI.V,,0.2849999964237213,0.2849999964237213,0.2849999964237213,0.2849999964237213,500.0
2026-04-09 10:46:00,OMG.V,,2.0,2.0,2.0,2.0,1200.0
2026-04-09 10:46:00,PNPN.V,,1.1299999952316284,1.1299999952316284,1.1299999952316284,1.1299999952316284,2000.0
2026-04-09 10:46:00,SEI.V,,0.5799999833106995,0.5899999737739563,0.5799999833106995,0.5899999737739563,26700.0
2026-04-09 10:46:00,VIPR.V,,1.2899999618530273,1.2899999618530273,1.274999976158142,1.274999976158142,1000.0
2026-04-09 10:47:00,MAI.V,,6.070000171661377,6.070000171661377,6.070000171661377,6.070000171661377,400.0
2026-04-09 10:47:00,NCAU.V,,0.6399999856948853,0.6399999856948853,0.6399999856948853,0.6399999856948853,4500.0
2026-04-09 10:47:00,NDA.V,,0.949999988079071,0.9700000286102295,0.949999988079071,0.9599999785423279,110800.0
2026-04-09 10:47:00,PLSR.V,,2.059999942779541,2.059999942779541,2.0199999809265137,2.0199999809265137,32223.0
2026-04-09 10:47:00,QTWO.V,,2.2699999809265137,2.2699999809265137,2.2699999809265137,2.2699999809265137,700.0
2026-04-09 10:47:00,RAK.V,,0.16500000655651093,0.16500000655651093,0.16500000655651093,0.16500000655651093,500.0
2026-04-09 10:47:00,RPX.V,,0.18000000715255737,0.18000000715255737,0.18000000715255737,0.18000000715255737,500.0
2026-04-09 10:47:00,SEI.V,,0.5799999833106995,0.5799999833106995,0.5799999833106995,0.5799999833106995,500.0
2026-04-09 10:47:00,SEND.V,,1.6399999856948853,1.6399999856948853,1.6399999856948853,1.6399999856948853,1000.0
2026-04-09 10:47:00,SLI.V,,4.71999979019165,4.71999979019165,4.71999979019165,4.71999979019165,100.0
2026-04-09 10:47:00,SLVR.V,,0.8399999737739563,0.8399999737739563,0.8399999737739563,0.8399999737739563,3000.0
2026-04-09 10:48:00,NDA.V,,0.949999988079071,0.949999988079071,0.949999988079071,0.949999988079071,4000.0
2026-04-09 10:48:00,NFD-A.V,,5.199999809265137,5.199999809265137,5.199999809265137,5.199999809265137,3900.0
2026-04-09 10:48:00,PLSR.V,,2.069999933242798,2.069999933242798,2.0399999618530273,2.069999933242798,2600.0
2026-04-09 10:48:00,RECO.V,,1.0700000524520874,1.0700000524520874,1.0700000524520874,1.0700000524520874,4900.0
2026-04-09 10:48:00,RPX.V,,0.18000000715255737,0.18000000715255737,0.18000000715255737,0.18000000715255737,500.0
2026-04-09 10:48:00,SOI.V,,0.20999999344348907,0.20999999344348907,0.20999999344348907,0.20999999344348907,500.0
2026-04-09 10:48:00,SPC.V,,0.05000000074505806,0.05000000074505806,0.05000000074505806,0.05000000074505806,176000.0
2026-04-09 10:49:00,AGX.V,,0.7099999785423279,0.7099999785423279,0.7099999785423279,0.7099999785423279,500.0
2026-04-09 10:49:00,MAI.V,,6.099999904632568,6.099999904632568,6.090000152587891,6.090000152587891,366.0
2026-04-09 10:49:00,MNRG.V,,0.0949999988079071,0.0949999988079071,0.0949999988079071,0.0949999988079071,10000.0
2026-04-09 10:49:00,NCX.V,,3.2100000381469727,3.2100000381469727,3.200000047683716,3.200000047683716,700.0
2026-04-09 10:49:00,NDA.V,,0.949999988079071,0.949999988079071,0.949999988079071,0.949999988079071,1000.0
2026-04-09 10:49:00,NFD-A.V,,5.190000057220459,5.190000057220459,5.190000057220459,5.190000057220459,2300.0
2026-04-09 10:49:00,NTE.V,,0.07000000029802322,0.07000000029802322,0.07000000029802322,0.07000000029802322,0.0
2026-04-09 10:49:00,ODV.V,,4.510000228881836,4.510000228881836,4.510000228881836,4.510000228881836,100.0
2026-04-09 10:49:00,OMG.V,,2.0,2.0,2.0,2.0,100.0
2026-04-09 10:49:00,PLSR.V,,2.0399999618530273,2.049999952316284,2.0399999618530273,2.049999952316284,1400.0
2026-04-09 10:49:00,PPP.V,,1.2649999856948853,1.2649999856948853,1.2649999856948853,1.2649999856948853,100.0
2026-04-09 10:49:00,QNC.V,,3.2699999809265137,3.2699999809265137,3.2699999809265137,3.2699999809265137,6100.0
2026-04-09 10:49:00,RDS.V,,0.8600000143051147,0.8700000047683716,0.8600000143051147,0.8600000143051147,36000.0
2026-04-09 10:49:00,RPX.V,,0.18000000715255737,0.18000000715255737,0.18000000715255737,0.18000000715255737,500.0
2026-04-09 10:49:00,SCZ.V,,10.9399995803833,10.9399995803833,10.9399995803833,10.9399995803833,400.0
2026-04-09 10:49:00,SGML.V,,19.389999389648438,19.389999389648438,19.389999389648438,19.389999389648438,100.0
2026-04-09 10:49:00,SLI.V,,4.739999771118164,4.739999771118164,4.739999771118164,4.739999771118164,100.0
2026-04-09 10:49:00,VIPR.V,,1.2799999713897705,1.2799999713897705,1.2799999713897705,1.2799999713897705,300.0
2026-04-09 10:50:00,MAI.V,,6.110000133514404,6.110000133514404,6.110000133514404,6.110000133514404,200.0
2026-04-09 10:50:00,MGG.V,,0.3700000047683716,0.3700000047683716,0.3700000047683716,0.3700000047683716,500.0
2026-04-09 10:50:00,NCX.V,,3.200000047683716,3.2049999237060547,3.200000047683716,3.2049999237060547,700.0
2026-04-09 10:50:00,NDA.V,,0.949999988079071,0.949999988079071,0.949999988079071,0.949999988079071,2500.0
2026-04-09 10:50:00,NPTH.V,,0.5199999809265137,0.5199999809265137,0.5199999809265137,0.5199999809265137,0.0
2026-04-09 10:50:00,ODV.V,,4.539999961853027,4.539999961853027,4.539999961853027,4.539999961853027,100.0
2026-04-09 10:50:00,OMG.V,,2.005000114440918,2.005000114440918,2.005000114440918,2.005000114440918,1300.0
2026-04-09 10:50:00,PGE.V,,0.3199999928474426,0.3199999928474426,0.3149999976158142,0.3149999976158142,26000.0
2026-04-09 10:50:00,PPP.V,,1.2699999809265137,1.2699999809265137,1.2699999809265137,1.2699999809265137,3203.0
2026-04-09 10:50:00,RDS.V,,0.8700000047683716,0.8700000047683716,0.8600000143051147,0.8700000047683716,6000.0
2026-04-09 10:50:00,RECO.V,,1.059999942779541,1.065000057220459,1.059999942779541,1.065000057220459,10800.0
2026-04-09 10:50:00,SCZ.V,,10.960000038146973,10.960000038146973,10.960000038146973,10.960000038146973,100.0
2026-04-09 10:50:00,SGML.V,,19.3799991607666,19.389999389648438,19.3799991607666,19.389999389648438,1000.0
2026-04-09 10:50:00,SSV.V,,0.5699999928474426,0.5699999928474426,0.5699999928474426,0.5699999928474426,7000.0
2026-04-09 10:50:00,SVRS.V,,0.46000000834465027,0.46000000834465027,0.46000000834465027,0.46000000834465027,26500.0
2026-04-09 10:51:00,MAI.V,,6.119999885559082,6.119999885559082,6.110000133514404,6.110000133514404,3100.0
2026-04-09 10:51:00,NCAU.V,,0.6399999856948853,0.6399999856948853,0.6399999856948853,0.6399999856948853,3500.0
2026-04-09 10:51:00,NDA.V,,0.949999988079071,0.949999988079071,0.949999988079071,0.949999988079071,500.0
2026-04-09 10:51:00,OMG.V,,2.009999990463257,2.009999990463257,2.009999990463257,2.009999990463257,127.0
2026-04-09 10:51:00,PGLD.V,,0.7099999785423279,0.7099999785423279,0.7099999785423279,0.7099999785423279,62500.0
2026-04-09 10:51:00,PLSR.V,,2.0399999618530273,2.0399999618530273,2.0399999618530273,2.0399999618530273,13900.0
2026-04-09 10:51:00,PRG.V,,0.5699999928474426,0.5699999928474426,0.5699999928474426,0.5699999928474426,48500.0
2026-04-09 10:51:00,RDS.V,,0.8700000047683716,0.8700000047683716,0.8600000143051147,0.8600000143051147,9475.0
2026-04-09 10:51:00,ROCK.V,,2.6600000858306885,2.6600000858306885,2.6600000858306885,2.6600000858306885,500.0
2026-04-09 10:51:00,RPX.V,,0.18000000715255737,0.18000000715255737,0.18000000715255737,0.18000000715255737,1000.0
2026-04-09 10:51:00,RVG.V,,0.800000011920929,0.800000011920929,0.800000011920929,0.800000011920929,3600.0
2026-04-09 10:51:00,SEI.V,,0.5899999737739563,0.5899999737739563,0.5899999737739563,0.5899999737739563,19500.0
2026-04-09 10:51:00,SOMA.V,,1.7899999618530273,1.7899999618530273,1.7899999618530273,1.7899999618530273,200.0
2026-04-09 10:51:00,VIPR.V,,1.2699999809265137,1.2699999809265137,1.2699999809265137,1.2699999809265137,700.0
2026-04-09 10:52:00,MHUB.V,,0.6000000238418579,0.6000000238418579,0.6000000238418579,0.6000000238418579,1500.0
2026-04-09 10:52:00,NFG.V,,2.819999933242798,2.819999933242798,2.799999952316284,2.799999952316284,8600.0
2026-04-09 10:52:00,ODV.V,,4.579999923706055,4.590000152587891,4.579999923706055,4.590000152587891,8400.0
2026-04-09 10:52:00,PLSR.V,,2.049999952316284,2.049999952316284,2.049999952316284,2.049999952316284,200.0
2026-04-09 10:52:00,QNC.V,,3.2799999713897705,3.2799999713897705,3.2799999713897705,3.2799999713897705,1100.0
2026-04-09 10:52:00,RDS.V,,0.8600000143051147,0.8600000143051147,0.8600000143051147,0.8600000143051147,6000.0
2026-04-09 10:52:00,RECO.V,,1.059999942779541,1.059999942779541,1.059999942779541,1.059999942779541,5300.0
2026-04-09 10:52:00,ROCK.V,,2.6700000762939453,2.6700000762939453,2.6700000762939453,2.6700000762939453,1000.0
2026-04-09 10:52:00,RPX.V,,0.18000000715255737,0.18000000715255737,0.18000000715255737,0.18000000715255737,500.0
2026-04-09 10:52:00,SBMI.V,,0.23499999940395355,0.23499999940395355,0.23499999940395355,0.23499999940395355,500.0
2026-04-09 10:52:00,SEI.V,,0.5899999737739563,0.5899999737739563,0.5899999737739563,0.5899999737739563,1000.0
2026-04-09 10:53:00,MAI.V,,6.139999866485596,6.139999866485596,6.130000114440918,6.130000114440918,600.0
2026-04-09 10:53:00,OMG.V,,2.009999990463257,2.009999990463257,2.009999990463257,2.009999990463257,2500.0
2026-04-09 10:53:00,PLAN.V,,0.3400000035762787,0.3400000035762787,0.3400000035762787,0.3400000035762787,1500.0
2026-04-09 10:53:00,RDS.V,,0.8600000143051147,0.8600000143051147,0.8600000143051147,0.8600000143051147,2500.0
2026-04-09 10:53:00,RPX.V,,0.18000000715255737,0.18000000715255737,0.18000000715255737,0.18000000715255737,500.0
2026-04-09 10:53:00,SCZ.V,,10.989999771118164,10.989999771118164,10.989999771118164,10.989999771118164,850.0
2026-04-09 10:53:00,SEI.V,,0.5899999737739563,0.5899999737739563,0.5899999737739563,0.5899999737739563,16500.0
2026-04-09 10:53:00,SGML.V,,19.40999984741211,19.40999984741211,19.40999984741211,19.40999984741211,100.0
2026-04-09 10:53:00,SLI.V,,4.739999771118164,4.739999771118164,4.739999771118164,4.739999771118164,1300.0
2026-04-09 10:53:00,SOI.V,,0.20999999344348907,0.20999999344348907,0.20999999344348907,0.20999999344348907,5000.0
2026-04-09 10:53:00,SOMA.V,,1.809999942779541,1.809999942779541,1.7899999618530273,1.7899999618530273,3118.0
2026-04-09 10:54:00,MAI.V,,6.130000114440918,6.130000114440918,6.119999885559082,6.119999885559082,1500.0
2026-04-09 10:54:00,MGG.V,,0.375,0.375,0.3700000047683716,0.3700000047683716,26100.0
2026-04-09 10:54:00,OCO.V,,0.39500001072883606,0.39500001072883606,0.39500001072883606,0.39500001072883606,1000.0
2026-04-09 10:54:00,ODV.V,,4.590000152587891,4.590000152587891,4.590000152587891,4.590000152587891,500.0
2026-04-09 10:54:00,OGO.V,,0.8199999928474426,0.8199999928474426,0.8199999928474426,0.8199999928474426,1500.0
2026-04-09 10:54:00,OMG.V,,2.0199999809265137,2.0199999809265137,2.0199999809265137,2.0199999809265137,51800.0
2026-04-09 10:54:00,PER.V,,0.18000000715255737,0.18000000715255737,0.18000000715255737,0.18000000715255737,70000.0
2026-04-09 10:54:00,PLAN.V,,0.3400000035762787,0.3400000035762787,0.3400000035762787,0.3400000035762787,500.0
2026-04-09 10:54:00,PLSR.V,,2.0399999618530273,2.0399999618530273,2.0399999618530273,2.0399999618530273,1610.0
2026-04-09 10:54:00,QNC.V,,3.299999952316284,3.299999952316284,3.299999952316284,3.299999952316284,6700.0
2026-04-09 10:54:00,RDS.V,,0.8600000143051147,0.8600000143051147,0.8600000143051147,0.8600000143051147,8000.0
2026-04-09 10:54:00,SLI.V,,4.75,4.75,4.75,4.75,100.0
2026-04-09 10:55:00,MAI.V,,6.139999866485596,6.139999866485596,6.139999866485596,6.139999866485596,300.0
2026-04-09 10:55:00,NDA.V,,0.949999988079071,0.949999988079071,0.949999988079071,0.949999988079071,12000.0
2026-04-09 10:55:00,OMG.V,,2.0250000953674316,2.0299999713897705,2.0199999809265137,2.0199999809265137,37723.0
2026-04-09 10:55:00,PGE.V,,0.3149999976158142,0.3149999976158142,0.3149999976158142,0.3149999976158142,500.0
2026-04-09 10:55:00,QGR.V,,0.26249998807907104,0.26249998807907104,0.26249998807907104,0.26249998807907104,3000.0
2026-04-09 10:55:00,QNC.V,,3.3299999237060547,3.3299999237060547,3.319999933242798,3.319999933242798,2531.0
2026-04-09 10:55:00,RDS.V,,0.8600000143051147,0.8600000143051147,0.8600000143051147,0.8600000143051147,3000.0
2026-04-09 10:55:00,RPX.V,,0.18000000715255737,0.18000000715255737,0.18000000715255737,0.18000000715255737,1000.0
2026-04-09 10:55:00,SCD.V,,0.12999999523162842,0.12999999523162842,0.12999999523162842,0.12999999523162842,94000.0
2026-04-09 10:55:00,SGML.V,,19.360000610351562,19.360000610351562,19.360000610351562,19.360000610351562,800.0
2026-04-09 10:55:00,SLI.V,,4.730000019073486,4.730000019073486,4.730000019073486,4.730000019073486,300.0
2026-04-09 10:55:00,STRR.V,,0.5099999904632568,0.5099999904632568,0.5099999904632568,0.5099999904632568,21000.0
2026-04-09 10:56:00,MAI.V,,6.139999866485596,6.139999866485596,6.139999866485596,6.139999866485596,300.0
2026-04-09 10:56:00,NFG.V,,2.799999952316284,2.799999952316284,2.799999952316284,2.799999952316284,1200.0
2026-04-09 10:56:00,NIM.V,,0.949999988079071,0.949999988079071,0.949999988079071,0.949999988079071,9500.0
2026-04-09 10:56:00,ODV.V,,4.570000171661377,4.570000171661377,4.570000171661377,4.570000171661377,900.0
2026-04-09 10:56:00,OMG.V,,2.0199999809265137,2.0250000953674316,2.0199999809265137,2.0250000953674316,4818.0
2026-04-09 10:56:00,QNC.V,,3.259999990463257,3.299999952316284,3.259999990463257,3.299999952316284,8100.0
2026-04-09 10:56:00,QTWO.V,,2.2750000953674316,2.2750000953674316,2.2750000953674316,2.2750000953674316,100.0
2026-04-09 10:56:00,RCK.V,,0.949999988079071,0.949999988079071,0.949999988079071,0.949999988079071,1071.0
2026-04-09 10:56:00,RDS.V,,0.8600000143051147,0.8600000143051147,0.8600000143051147,0.8600000143051147,3500.0
2026-04-09 10:56:00,SCZ.V,,10.960000038146973,11.0,10.960000038146973,11.0,500.0
2026-04-09 10:56:00,SGML.V,,19.31999969482422,19.350000381469727,19.31999969482422,19.350000381469727,400.0
2026-04-09 10:56:00,SLI.V,,4.730000019073486,4.739999771118164,4.730000019073486,4.739999771118164,900.0
2026-04-09 10:56:00,SVRS.V,,0.4625000059604645,0.4625000059604645,0.4625000059604645,0.4625000059604645,1500.0
2026-04-09 10:57:00,AMY.V,,0.07999999821186066,0.07999999821186066,0.07999999821186066,0.07999999821186066,1000.0
2026-04-09 10:57:00,LITT.V,,0.4000000059604645,0.4000000059604645,0.4000000059604645,0.4000000059604645,10000.0
2026-04-09 10:57:00,NFG.V,,2.809999942779541,2.809999942779541,2.809999942779541,2.809999942779541,200.0
2026-04-09 10:57:00,NIM.V,,0.949999988079071,0.949999988079071,0.949999988079071,0.949999988079071,2000.0
2026-04-09 10:57:00,OMG.V,,2.0199999809265137,2.0199999809265137,2.0199999809265137,2.0199999809265137,300.0
2026-04-09 10:57:00,QGR.V,,0.26249998807907104,0.26499998569488525,0.26249998807907104,0.26499998569488525,103500.0
2026-04-09 10:57:00,RDS.V,,0.8600000143051147,0.8600000143051147,0.8600000143051147,0.8600000143051147,2500.0
2026-04-09 10:57:00,SAI-H.V,,0.004999999888241291,0.004999999888241291,0.004999999888241291,0.004999999888241291,2000.0
2026-04-09 10:57:00,SCD.V,,0.12999999523162842,0.12999999523162842,0.12999999523162842,0.12999999523162842,30000.0
2026-04-09 10:57:00,SCZ.V,,10.979999542236328,10.979999542236328,10.979999542236328,10.979999542236328,300.0
2026-04-09 10:57:00,VIPR.V,,1.309999942779541,1.315000057220459,1.274999976158142,1.274999976158142,16500.0
2026-04-09 10:58:00,AGX.V,,0.7099999785423279,0.7099999785423279,0.7099999785423279,0.7099999785423279,12000.0
2026-04-09 10:58:00,GASX.V,,1.5,1.5,1.5,1.5,100.0
2026-04-09 10:58:00,NDA.V,,0.9300000071525574,0.9300000071525574,0.9300000071525574,0.9300000071525574,1500.0
2026-04-09 10:58:00,NFG.V,,2.805000066757202,2.805000066757202,2.799999952316284,2.799999952316284,3900.0
2026-04-09 10:58:00,NWX.V,,0.1550000011920929,0.1550000011920929,0.1550000011920929,0.1550000011920929,0.0
2026-04-09 10:58:00,PKT.V,,0.6100000143051147,0.6200000047683716,0.6100000143051147,0.6200000047683716,0.0
2026-04-09 10:58:00,PLSR.V,,2.0399999618530273,2.0399999618530273,2.0350000858306885,2.0399999618530273,2000.0
2026-04-09 10:58:00,PNPN.V,,1.1399999856948853,1.1399999856948853,1.1399999856948853,1.1399999856948853,1000.0
2026-04-09 10:58:00,QGR.V,,0.26249998807907104,0.26249998807907104,0.26249998807907104,0.26249998807907104,1590.0
2026-04-09 10:58:00,QTWO.V,,2.2699999809265137,2.2699999809265137,2.2699999809265137,2.2699999809265137,600.0
2026-04-09 10:58:00,RECO.V,,1.0700000524520874,1.0700000524520874,1.0700000524520874,1.0700000524520874,6000.0
2026-04-09 10:58:00,RPX.V,,0.18000000715255737,0.18000000715255737,0.18000000715255737,0.18000000715255737,500.0
2026-04-09 10:58:00,RSMX.V,,0.14000000059604645,0.14000000059604645,0.14000000059604645,0.14000000059604645,500.0
2026-04-09 10:58:00,RVG.V,,0.800000011920929,0.800000011920929,0.800000011920929,0.800000011920929,5000.0
2026-04-09 10:58:00,SMN.V,,0.13500000536441803,0.13500000536441803,0.13500000536441803,0.13500000536441803,6500.0
2026-04-09 10:59:00,MAI.V,,6.139999866485596,6.139999866485596,6.130000114440918,6.130000114440918,700.0
2026-04-09 10:59:00,NBM.V,,0.5400000214576721,0.5400000214576721,0.5400000214576721,0.5400000214576721,500.0
2026-04-09 10:59:00,OMG.V,,2.0299999713897705,2.0299999713897705,2.0299999713897705,2.0299999713897705,500.0
2026-04-09 10:59:00,QGR.V,,0.26499998569488525,0.26499998569488525,0.26499998569488525,0.26499998569488525,8294.0
2026-04-09 10:59:00,RDS.V,,0.8600000143051147,0.8600000143051147,0.8600000143051147,0.8600000143051147,3000.0
2026-04-09 10:59:00,RPX.V,,0.18000000715255737,0.18000000715255737,0.18000000715255737,0.18000000715255737,500.0
2026-04-09 10:59:00,SGML.V,,19.280000686645508,19.280000686645508,19.280000686645508,19.280000686645508,210.0
2026-04-09 10:59:00,SVRS.V,,0.4650000035762787,0.4650000035762787,0.4650000035762787,0.4650000035762787,26500.0
2026-04-09 10:59:00,VIPR.V,,1.2899999618530273,1.2899999618530273,1.2799999713897705,1.2899999618530273,6500.0
2026-04-09 11:00:00,MAI.V,,6.119999885559082,6.119999885559082,6.119999885559082,6.119999885559082,1000.0
2026-04-09 11:00:00,NBM.V,,0.5400000214576721,0.5400000214576721,0.5400000214576721,0.5400000214576721,500.0
2026-04-09 11:00:00,NDA.V,,0.9399999976158142,0.9399999976158142,0.9399999976158142,0.9399999976158142,696.0
2026-04-09 11:00:00,PCAA-P.V,,0.02500000037252903,0.02500000037252903,0.02500000037252903,0.02500000037252903,4000.0
2026-04-09 11:00:00,PER.V,,0.1850000023841858,0.1850000023841858,0.1850000023841858,0.1850000023841858,10000.0
2026-04-09 11:00:00,PINK.V,,0.3400000035762787,0.3400000035762787,0.3400000035762787,0.3400000035762787,1000.0
2026-04-09 11:00:00,PLSR.V,,2.0299999713897705,2.0299999713897705,2.0299999713897705,2.0299999713897705,4227.0
2026-04-09 11:00:00,PWM.V,,0.42500001192092896,0.42500001192092896,0.42500001192092896,0.42500001192092896,1000.0
2026-04-09 11:00:00,QGR.V,,0.26249998807907104,0.26249998807907104,0.26249998807907104,0.26249998807907104,6090.0
2026-04-09 11:00:00,SAO.V,,0.08500000089406967,0.08500000089406967,0.08500000089406967,0.08500000089406967,32000.0
2026-04-09 11:00:00,SCLT.V,,0.0949999988079071,0.0949999988079071,0.0949999988079071,0.0949999988079071,22000.0
2026-04-09 11:00:00,SGML.V,,19.100000381469727,19.25,19.100000381469727,19.25,3000.0
2026-04-09 11:00:00,SOMA.V,,1.7899999618530273,1.7899999618530273,1.7899999618530273,1.7899999618530273,400.0
2026-04-09 11:00:00,VIPR.V,,1.2899999618530273,1.2899999618530273,1.2899999618530273,1.2899999618530273,100.0
2026-04-09 11:01:00,NCX.V,,3.2049999237060547,3.2049999237060547,3.2049999237060547,3.2049999237060547,200.0
2026-04-09 11:01:00,NFG.V,,2.799999952316284,2.799999952316284,2.799999952316284,2.799999952316284,1636.0
2026-04-09 11:01:00,NKL.V,,1.0700000524520874,1.0700000524520874,1.0700000524520874,1.0700000524520874,10000.0
2026-04-09 11:01:00,OMG.V,,2.0299999713897705,2.0299999713897705,2.0250000953674316,2.0250000953674316,1800.0
2026-04-09 11:01:00,PGE.V,,0.3149999976158142,0.3149999976158142,0.3149999976158142,0.3149999976158142,3500.0
2026-04-09 11:01:00,PINK.V,,0.3400000035762787,0.3400000035762787,0.3400000035762787,0.3400000035762787,500.0
2026-04-09 11:01:00,PWM.V,,0.42500001192092896,0.42500001192092896,0.42500001192092896,0.42500001192092896,500.0
2026-04-09 11:01:00,RDS.V,,0.8600000143051147,0.8600000143051147,0.8600000143051147,0.8600000143051147,3500.0
2026-04-09 11:01:00,RE.V,,0.41999998688697815,0.41999998688697815,0.41999998688697815,0.41999998688697815,2000.0
2026-04-09 11:01:00,SCZ.V,,10.9399995803833,10.9399995803833,10.9399995803833,10.9399995803833,213.0
2026-04-09 11:01:00,SGML.V,,19.0,19.100000381469727,19.0,19.100000381469727,1801.0
2026-04-09 11:01:00,SGN.V,,0.3400000035762787,0.3400000035762787,0.3400000035762787,0.3400000035762787,6000.0
2026-04-09 11:01:00,SLI.V,,4.710000038146973,4.715000152587891,4.710000038146973,4.710000038146973,770.0
2026-04-09 11:01:00,SOI.V,,0.2150000035762787,0.2150000035762787,0.2150000035762787,0.2150000035762787,10000.0
2026-04-09 11:01:00,SOMA.V,,1.809999942779541,1.809999942779541,1.809999942779541,1.809999942779541,100.0
2026-04-09 11:01:00,VIPR.V,,1.2899999618530273,1.2899999618530273,1.284999966621399,1.284999966621399,600.0
2026-04-09 11:02:00,AGX.V,,0.7200000286102295,0.7200000286102295,0.7099999785423279,0.7099999785423279,75000.0
2026-04-09 11:02:00,MAI.V,,6.139999866485596,6.139999866485596,6.139999866485596,6.139999866485596,300.0
2026-04-09 11:02:00,NCX.V,,3.190000057220459,3.200000047683716,3.190000057220459,3.200000047683716,2000.0
2026-04-09 11:02:00,NFG.V,,2.7950000762939453,2.7950000762939453,2.7950000762939453,2.7950000762939453,1800.0
2026-04-09 11:02:00,NOW.V,,0.25,0.25,0.25,0.25,17000.0
2026-04-09 11:02:00,OMG.V,,2.0199999809265137,2.0199999809265137,2.0199999809265137,2.0199999809265137,1200.0
2026-04-09 11:02:00,PGLD.V,,0.7149999737739563,0.7149999737739563,0.7149999737739563,0.7149999737739563,1000.0
2026-04-09 11:02:00,PTU.V,,0.41999998688697815,0.41999998688697815,0.41999998688697815,0.41999998688697815,10912.0
2026-04-09 11:02:00,QNC.V,,3.259999990463257,3.259999990463257,3.259999990463257,3.259999990463257,3000.0
2026-04-09 11:02:00,QTWO.V,,2.2699999809265137,2.2699999809265137,2.2699999809265137,2.2699999809265137,100.0
2026-04-09 11:02:00,RPX.V,,0.18000000715255737,0.18000000715255737,0.18000000715255737,0.18000000715255737,500.0
2026-04-09 11:02:00,SGML.V,,18.959999084472656,18.959999084472656,18.959999084472656,18.959999084472656,101.0
2026-04-09 11:02:00,SLI.V,,4.699999809265137,4.699999809265137,4.699999809265137,4.699999809265137,200.0
2026-04-09 11:02:00,VIPR.V,,1.2899999618530273,1.2899999618530273,1.284999966621399,1.284999966621399,1800.0
2026-04-09 11:03:00,MAI.V,,6.139999866485596,6.159999847412109,6.139999866485596,6.159999847412109,700.0
2026-04-09 11:03:00,NAU.V,,1.7999999523162842,1.7999999523162842,1.7999999523162842,1.7999999523162842,26000.0
2026-04-09 11:03:00,NFG.V,,2.7950000762939453,2.7950000762939453,2.7950000762939453,2.7950000762939453,6200.0
2026-04-09 11:03:00,NGC.V,,0.1899999976158142,0.1899999976158142,0.1899999976158142,0.1899999976158142,1500.0
2026-04-09 11:03:00,NSU.V,,0.1850000023841858,0.1850000023841858,0.1850000023841858,0.1850000023841858,500.0
2026-04-09 11:03:00,OCO.V,,0.38999998569488525,0.38999998569488525,0.38999998569488525,0.38999998569488525,1000.0
2026-04-09 11:03:00,PGLD.V,,0.7099999785423279,0.7099999785423279,0.7099999785423279,0.7099999785423279,6000.0
2026-04-09 11:03:00,PNPN.V,,1.149999976158142,1.149999976158142,1.149999976158142,1.149999976158142,2500.0
2026-04-09 11:03:00,PPP.V,,1.2699999809265137,1.2699999809265137,1.2699999809265137,1.2699999809265137,200.0
2026-04-09 11:03:00,QTWO.V,,2.2799999713897705,2.2799999713897705,2.2699999809265137,2.2699999809265137,509.0
2026-04-09 11:03:00,RPX.V,,0.18000000715255737,0.18000000715255737,0.18000000715255737,0.18000000715255737,500.0
2026-04-09 11:03:00,SCD.V,,0.12999999523162842,0.12999999523162842,0.12999999523162842,0.12999999523162842,500.0
2026-04-09 11:03:00,SGML.V,,18.90999984741211,18.959999084472656,18.90999984741211,18.93000030517578,800.0
2026-04-09 11:03:00,STUD.V,,0.3499999940395355,0.3499999940395355,0.3499999940395355,0.3499999940395355,500.0
2026-04-09 11:04:00,AGX.V,,0.7099999785423279,0.7099999785423279,0.7099999785423279,0.7099999785423279,18793.0
2026-04-09 11:04:00,NCX.V,,3.1700000762939453,3.174999952316284,3.1700000762939453,3.174999952316284,4700.0
2026-04-09 11:04:00,NDA.V,,0.9399999976158142,0.9399999976158142,0.9399999976158142,0.9399999976158142,500.0
2026-04-09 11:04:00,NFG.V,,2.7950000762939453,2.7950000762939453,2.7950000762939453,2.7950000762939453,600.0
2026-04-09 11:04:00,OMG.V,,2.009999990463257,2.009999990463257,2.009999990463257,2.009999990463257,33700.0
2026-04-09 11:04:00,PGLD.V,,0.7099999785423279,0.7099999785423279,0.7099999785423279,0.7099999785423279,1130.0
2026-04-09 11:04:00,QTWO.V,,2.2799999713897705,2.2799999713897705,2.2799999713897705,2.2799999713897705,3400.0
2026-04-09 11:04:00,REC.V,,0.07500000298023224,0.07500000298023224,0.07500000298023224,0.07500000298023224,0.0
2026-04-09 11:04:00,RVG.V,,0.800000011920929,0.800000011920929,0.800000011920929,0.800000011920929,5000.0
2026-04-09 11:04:00,SBMI.V,,0.23499999940395355,0.23499999940395355,0.23499999940395355,0.23499999940395355,3000.0
2026-04-09 11:04:00,STUD.V,,0.3499999940395355,0.3499999940395355,0.3499999940395355,0.3499999940395355,18000.0
2026-04-09 11:05:00,OMG.V,,2.009999990463257,2.009999990463257,2.009999990463257,2.009999990463257,3600.0
2026-04-09 11:05:00,QNC.V,,3.259999990463257,3.2699999809265137,3.259999990463257,3.2699999809265137,20400.0
2026-04-09 11:05:00,RMD.V,,0.10000000149011612,0.10999999940395355,0.10000000149011612,0.10999999940395355,0.0
2026-04-09 11:05:00,RPX.V,,0.18000000715255737,0.18000000715255737,0.18000000715255737,0.18000000715255737,500.0
2026-04-09 11:05:00,SEI.V,,0.5899999737739563,0.5899999737739563,0.5899999737739563,0.5899999737739563,1000.0
2026-04-09 11:05:00,SGML.V,,18.920000076293945,18.920000076293945,18.8700008392334,18.8700008392334,600.0
2026-04-09 11:05:00,SLI.V,,4.690000057220459,4.690000057220459,4.690000057220459,4.690000057220459,400.0
2026-04-09 11:05:00,SNAG.V,,0.2849999964237213,0.2849999964237213,0.2849999964237213,0.2849999964237213,14000.0
2026-04-09 11:06:00,AGX.V,,0.7099999785423279,0.7099999785423279,0.7099999785423279,0.7099999785423279,9900.0
2026-04-09 11:06:00,RPX.V,,0.18000000715255737,0.18000000715255737,0.18000000715255737,0.18000000715255737,1000.0
2026-04-09 11:06:00,SEI.V,,0.5899999737739563,0.5899999737739563,0.5899999737739563,0.5899999737739563,7000.0
2026-04-09 11:06:00,SGO.V,,0.25,0.25,0.25,0.25,6485.0
2026-04-09 11:06:00,SVRS.V,,0.4650000035762787,0.4650000035762787,0.4650000035762787,0.4650000035762787,6633.0
2026-04-09 11:06:00,VIPR.V,,1.2899999618530273,1.2899999618530273,1.2899999618530273,1.2899999618530273,1500.0
2026-04-09 11:07:00,MUN.V,,0.4300000071525574,0.4300000071525574,0.4300000071525574,0.4300000071525574,0.0
2026-04-09 11:07:00,NCI.V,,1.0,1.0,1.0,1.0,100.0
2026-04-09 11:07:00,NEV.V,,0.029999999329447746,0.029999999329447746,0.029999999329447746,0.029999999329447746,1000.0
2026-04-09 11:07:00,OMG.V,,2.0199999809265137,2.0199999809265137,2.015000104904175,2.015000104904175,4500.0
2026-04-09 11:07:00,PEX.V,,0.17499999701976776,0.17499999701976776,0.17499999701976776,0.17499999701976776,1000.0
2026-04-09 11:07:00,QNC.V,,3.240000009536743,3.240000009536743,3.240000009536743,3.240000009536743,1600.0
2026-04-09 11:07:00,QTWO.V,,2.2799999713897705,2.2799999713897705,2.2799999713897705,2.2799999713897705,1400.0
2026-04-09 11:07:00,RBX.V,,7.079999923706055,7.190000057220459,7.079999923706055,7.190000057220459,700.0
2026-04-09 11:07:00,RML.V,,1.100000023841858,1.100000023841858,1.100000023841858,1.100000023841858,7500.0
2026-04-09 11:07:00,ROK.V,,0.27000001072883606,0.27000001072883606,0.27000001072883606,0.27000001072883606,500.0
2026-04-09 11:07:00,RPX.V,,0.18000000715255737,0.18000000715255737,0.18000000715255737,0.18000000715255737,1000.0
2026-04-09 11:07:00,RYR.V,,0.20000000298023224,0.20000000298023224,0.20000000298023224,0.20000000298023224,18000.0
2026-04-09 11:07:00,SVRS.V,,0.4650000035762787,0.4650000035762787,0.4650000035762787,0.4650000035762787,2000.0
2026-04-09 11:08:00,AGX.V,,0.7099999785423279,0.7099999785423279,0.7099999785423279,0.7099999785423279,11000.0
2026-04-09 11:08:00,MMY.V,,0.9750000238418579,0.9750000238418579,0.9750000238418579,0.9750000238418579,500.0
2026-04-09 11:08:00,NFG.V,,2.7899999618530273,2.7950000762939453,2.7899999618530273,2.7950000762939453,2500.0
2026-04-09 11:08:00,NPTH.V,,0.4950000047683716,0.5099999904632568,0.4950000047683716,0.5099999904632568,20000.0
2026-04-09 11:08:00,NRX.V,,0.6700000166893005,0.6700000166893005,0.6700000166893005,0.6700000166893005,0.0
2026-04-09 11:08:00,NSCI.V,,0.12999999523162842,0.12999999523162842,0.12999999523162842,0.12999999523162842,10500.0
2026-04-09 11:08:00,ODV.V,,4.53000020980835,4.53000020980835,4.53000020980835,4.53000020980835,200.0
2026-04-09 11:08:00,OMG.V,,2.0199999809265137,2.0199999809265137,2.0199999809265137,2.0199999809265137,100.0
2026-04-09 11:08:00,PPP.V,,1.2699999809265137,1.2699999809265137,1.2699999809265137,1.2699999809265137,1200.0
2026-04-09 11:08:00,QGR.V,,0.26249998807907104,0.26249998807907104,0.26249998807907104,0.26249998807907104,17355.0
2026-04-09 11:08:00,QTWO.V,,2.2799999713897705,2.2799999713897705,2.2799999713897705,2.2799999713897705,900.0
2026-04-09 11:08:00,RMD.V,,0.10000000149011612,0.10000000149011612,0.10000000149011612,0.10000000149011612,1500.0
2026-04-09 11:08:00,SATO.V,,0.09000000357627869,0.09000000357627869,0.09000000357627869,0.09000000357627869,0.0
2026-04-09 11:08:00,SCZ.V,,10.890000343322754,10.890000343322754,10.890000343322754,10.890000343322754,874.0
2026-04-09 11:08:00,SEI.V,,0.5799999833106995,0.5799999833106995,0.5799999833106995,0.5799999833106995,19500.0
2026-04-09 11:08:00,SGML.V,,18.93000030517578,18.93000030517578,18.93000030517578,18.93000030517578,800.0
2026-04-09 11:08:00,SLI.V,,4.670000076293945,4.670000076293945,4.670000076293945,4.670000076293945,300.0
2026-04-09 11:08:00,SNAG.V,,0.2849999964237213,0.2849999964237213,0.2849999964237213,0.2849999964237213,13000.0
2026-04-09 11:08:00,SSV.V,,0.5699999928474426,0.5699999928474426,0.5699999928474426,0.5699999928474426,84347.0
2026-04-09 11:08:00,SVE.V,,0.5299999713897705,0.5299999713897705,0.5299999713897705,0.5299999713897705,33500.0
2026-04-09 11:09:00,AGX.V,,0.7099999785423279,0.7099999785423279,0.7099999785423279,0.7099999785423279,500.0
2026-04-09 11:09:00,NFG.V,,2.7950000762939453,2.7950000762939453,2.7899999618530273,2.7899999618530273,1700.0
2026-04-09 11:09:00,OMG.V,,2.0199999809265137,2.0199999809265137,2.0199999809265137,2.0199999809265137,800.0
2026-04-09 11:09:00,PPP.V,,1.2699999809265137,1.2699999809265137,1.2699999809265137,1.2699999809265137,4500.0
2026-04-09 11:09:00,QNC.V,,3.2300000190734863,3.25,3.2300000190734863,3.25,2360.0
2026-04-09 11:09:00,RDS.V,,0.8600000143051147,0.8600000143051147,0.8600000143051147,0.8600000143051147,2000.0
2026-04-09 11:09:00,RSM.V,,0.30000001192092896,0.30000001192092896,0.30000001192092896,0.30000001192092896,6000.0
2026-04-09 11:09:00,SEI.V,,0.5799999833106995,0.5799999833106995,0.5799999833106995,0.5799999833106995,27599.0
2026-04-09 11:09:00,SGML.V,,18.969999313354492,18.969999313354492,18.959999084472656,18.959999084472656,400.0
2026-04-09 11:09:00,SLVR.V,,0.8399999737739563,0.8399999737739563,0.8399999737739563,0.8399999737739563,1100.0
2026-04-09 11:09:00,SMN.V,,0.13500000536441803,0.13500000536441803,0.13500000536441803,0.13500000536441803,500.0
2026-04-09 11:09:00,SNAG.V,,0.2849999964237213,0.2849999964237213,0.2849999964237213,0.2849999964237213,13000.0
2026-04-09 11:09:00,SOI.V,,0.2150000035762787,0.2150000035762787,0.2150000035762787,0.2150000035762787,69500.0
2026-04-09 11:09:00,SOMA.V,,1.7699999809265137,1.7799999713897705,1.7699999809265137,1.7799999713897705,902.0
2026-04-09 11:10:00,MCI.V,,0.25999999046325684,0.25999999046325684,0.25999999046325684,0.25999999046325684,750.0
2026-04-09 11:10:00,MHUB.V,,0.5899999737739563,0.5899999737739563,0.5899999737739563,0.5899999737739563,4500.0
2026-04-09 11:10:00,NAU.V,,1.7999999523162842,1.7999999523162842,1.7999999523162842,1.7999999523162842,18800.0
2026-04-09 11:10:00,NCX.V,,3.1600000858306885,3.1649999618530273,3.1600000858306885,3.1649999618530273,300.0
2026-04-09 11:10:00,NFG.V,,2.799999952316284,2.799999952316284,2.799999952316284,2.799999952316284,200.0
2026-04-09 11:10:00,NSU.V,,0.1850000023841858,0.1850000023841858,0.1850000023841858,0.1850000023841858,500.0
2026-04-09 11:10:00,OMG.V,,2.0199999809265137,2.0199999809265137,2.0199999809265137,2.0199999809265137,1600.0
2026-04-09 11:10:00,RDS.V,,0.8600000143051147,0.8600000143051147,0.8600000143051147,0.8600000143051147,2500.0
2026-04-09 11:10:00,RECO.V,,1.0700000524520874,1.0700000524520874,1.0700000524520874,1.0700000524520874,7100.0
2026-04-09 11:10:00,RLYG.V,,0.6499999761581421,0.6499999761581421,0.6499999761581421,0.6499999761581421,500.0
2026-04-09 11:10:00,RVG.V,,0.800000011920929,0.800000011920929,0.800000011920929,0.800000011920929,2000.0
2026-04-09 11:10:00,SCZ.V,,10.899999618530273,10.899999618530273,10.890000343322754,10.890000343322754,1200.0
2026-04-09 11:11:00,AGX.V,,0.7099999785423279,0.7099999785423279,0.7099999785423279,0.7099999785423279,500.0
2026-04-09 11:11:00,NAU.V,,1.8200000524520874,1.8200000524520874,1.809999942779541,1.809999942779541,11100.0
2026-04-09 11:11:00,NFD-A.V,,5.199999809265137,5.199999809265137,5.199999809265137,5.199999809265137,4300.0
2026-04-09 11:11:00,OMG.V,,2.0199999809265137,2.0199999809265137,2.015000104904175,2.015000104904175,900.0
2026-04-09 11:11:00,PINK.V,,0.3400000035762787,0.3400000035762787,0.3400000035762787,0.3400000035762787,2000.0
2026-04-09 11:11:00,QGR.V,,0.26499998569488525,0.26499998569488525,0.26499998569488525,0.26499998569488525,3000.0
2026-04-09 11:11:00,RBX.V,,7.050000190734863,7.170000076293945,7.050000190734863,7.170000076293945,300.0
2026-04-09 11:11:00,RDS.V,,0.8600000143051147,0.8600000143051147,0.8600000143051147,0.8600000143051147,5000.0
2026-04-09 11:11:00,RMB.V,,0.6700000166893005,0.6700000166893005,0.6700000166893005,0.6700000166893005,500.0
2026-04-09 11:11:00,SCZ.V,,10.869999885559082,10.869999885559082,10.869999885559082,10.869999885559082,100.0
2026-04-09 11:11:00,SGML.V,,18.889999389648438,18.889999389648438,18.889999389648438,18.889999389648438,100.0
2026-04-09 11:11:00,SOMA.V,,1.7699999809265137,1.7699999809265137,1.7699999809265137,1.7699999809265137,400.0
2026-04-09 11:12:00,MAI.V,,6.159999847412109,6.159999847412109,6.159999847412109,6.159999847412109,200.0
2026-04-09 11:12:00,NAU.V,,1.809999942779541,1.809999942779541,1.809999942779541,1.809999942779541,2000.0
2026-04-09 11:12:00,NCI.V,,1.0,1.0,1.0,1.0,100.0
2026-04-09 11:12:00,NCX.V,,3.1600000858306885,3.1600000858306885,3.1600000858306885,3.1600000858306885,1345.0
2026-04-09 11:12:00,NEV.V,,0.029999999329447746,0.029999999329447746,0.029999999329447746,0.029999999329447746,1000.0
2026-04-09 11:12:00,NFG.V,,2.7899999618530273,2.7899999618530273,2.7899999618530273,2.7899999618530273,100.0
2026-04-09 11:12:00,NSU.V,,0.1850000023841858,0.1850000023841858,0.1850000023841858,0.1850000023841858,500.0
2026-04-09 11:12:00,ODV.V,,4.53000020980835,4.53000020980835,4.53000020980835,4.53000020980835,100.0
2026-04-09 11:12:00,PNPN.V,,1.159999966621399,1.159999966621399,1.159999966621399,1.159999966621399,5100.0
2026-04-09 11:12:00,RAGE.V,,0.5,0.5,0.5,0.5,500.0
2026-04-09 11:12:00,RDS.V,,0.8600000143051147,0.8600000143051147,0.8600000143051147,0.8600000143051147,6500.0
2026-04-09 11:12:00,SEI.V,,0.5799999833106995,0.5799999833106995,0.5799999833106995,0.5799999833106995,14000.0
2026-04-09 11:12:00,SM.V,,1.809999942779541,1.809999942779541,1.809999942779541,1.809999942779541,1100.0
2026-04-09 11:12:00,STMP.V,,0.14499999582767487,0.14499999582767487,0.14499999582767487,0.14499999582767487,1500.0
2026-04-09 11:13:00,AGX.V,,0.7099999785423279,0.7099999785423279,0.7099999785423279,0.7099999785423279,4307.0
2026-04-09 11:13:00,NFG.V,,2.7899999618530273,2.7899999618530273,2.7899999618530273,2.7899999618530273,1900.0
2026-04-09 11:13:00,NIM.V,,0.9599999785423279,0.9599999785423279,0.9599999785423279,0.9599999785423279,500.0
2026-04-09 11:13:00,PPP.V,,1.2699999809265137,1.2699999809265137,1.2699999809265137,1.2699999809265137,900.0
2026-04-09 11:13:00,QGR.V,,0.2549999952316284,0.25999999046325684,0.2549999952316284,0.25999999046325684,22000.0
2026-04-09 11:13:00,QNC.V,,3.2300000190734863,3.2300000190734863,3.2300000190734863,3.2300000190734863,300.0
2026-04-09 11:13:00,RDS.V,,0.8600000143051147,0.8600000143051147,0.8600000143051147,0.8600000143051147,7000.0
2026-04-09 11:13:00,RECO.V,,1.0700000524520874,1.0700000524520874,1.0700000524520874,1.0700000524520874,100.0
2026-04-09 11:13:00,ROK.V,,0.2750000059604645,0.2750000059604645,0.2750000059604645,0.2750000059604645,10000.0
2026-04-09 11:13:00,SEI.V,,0.5799999833106995,0.5799999833106995,0.5799999833106995,0.5799999833106995,1500.0
2026-04-09 11:13:00,SGML.V,,18.969999313354492,18.969999313354492,18.969999313354492,18.969999313354492,100.0
2026-04-09 11:13:00,SLG.V,,3.509999990463257,3.5199999809265137,3.509999990463257,3.5199999809265137,6300.0
2026-04-09 11:13:00,SLI.V,,4.679999828338623,4.679999828338623,4.679999828338623,4.679999828338623,100.0
2026-04-09 11:13:00,SM.V,,1.809999942779541,1.809999942779541,1.809999942779541,1.809999942779541,1525.0
2026-04-09 11:14:00,MAI.V,,6.190000057220459,6.190000057220459,6.190000057220459,6.190000057220459,100.0
2026-04-09 11:14:00,NKL.V,,1.0800000429153442,1.0800000429153442,1.0800000429153442,1.0800000429153442,1400.0
2026-04-09 11:14:00,PML.V,,0.8600000143051147,0.8600000143051147,0.8600000143051147,0.8600000143051147,1000.0
2026-04-09 11:14:00,SEI.V,,0.5799999833106995,0.5799999833106995,0.5799999833106995,0.5799999833106995,23000.0
2026-04-09 11:14:00,SLG.V,,3.5199999809265137,3.5199999809265137,3.509999990463257,3.5199999809265137,2400.0
2026-04-09 11:14:00,SUGR.V,,12.899999618530273,12.899999618530273,12.899999618530273,12.899999618530273,0.0
2026-04-09 11:15:00,NAU.V,,1.8200000524520874,1.8200000524520874,1.8200000524520874,1.8200000524520874,31200.0
2026-04-09 11:15:00,NCAU.V,,0.6399999856948853,0.6399999856948853,0.6399999856948853,0.6399999856948853,27000.0
2026-04-09 11:15:00,NCX.V,,3.1700000762939453,3.1700000762939453,3.1700000762939453,3.1700000762939453,400.0
2026-04-09 11:15:00,NDA.V,,0.949999988079071,0.949999988079071,0.949999988079071,0.949999988079071,2000.0
2026-04-09 11:15:00,NFG.V,,2.799999952316284,2.799999952316284,2.799999952316284,2.799999952316284,6086.0
2026-04-09 11:15:00,ODV.V,,4.559999942779541,4.559999942779541,4.559999942779541,4.559999942779541,300.0
2026-04-09 11:15:00,OMG.V,,2.015000104904175,2.015000104904175,2.015000104904175,2.015000104904175,100.0
2026-04-09 11:15:00,PEX.V,,0.17499999701976776,0.17499999701976776,0.17499999701976776,0.17499999701976776,9000.0
2026-04-09 11:15:00,PLSR.V,,2.0299999713897705,2.0299999713897705,2.0299999713897705,2.0299999713897705,455.0
2026-04-09 11:15:00,PNPN.V,,1.159999966621399,1.159999966621399,1.159999966621399,1.159999966621399,800.0
2026-04-09 11:15:00,QGR.V,,0.2574999928474426,0.2574999928474426,0.2574999928474426,0.2574999928474426,500.0
2026-04-09 11:15:00,QNC.V,,3.25,3.25,3.25,3.25,700.0
2026-04-09 11:15:00,RML.V,,1.0700000524520874,1.0700000524520874,1.0700000524520874,1.0700000524520874,100.0
2026-04-09 11:15:00,RVG.V,,0.800000011920929,0.800000011920929,0.800000011920929,0.800000011920929,3500.0
2026-04-09 11:15:00,SCZ.V,,10.899999618530273,10.899999618530273,10.899999618530273,10.899999618530273,500.0
2026-04-09 11:15:00,SGML.V,,18.959999084472656,18.959999084472656,18.959999084472656,18.959999084472656,1100.0
2026-04-09 11:15:00,SLVR.V,,0.8500000238418579,0.8500000238418579,0.8399999737739563,0.8399999737739563,18000.0
2026-04-09 11:15:00,SSV.V,,0.5699999928474426,0.5699999928474426,0.5699999928474426,0.5699999928474426,9500.0
2026-04-09 11:15:00,VIPR.V,,1.2999999523162842,1.2999999523162842,1.2999999523162842,1.2999999523162842,9500.0
2026-04-09 11:16:00,MMY.V,,0.9800000190734863,0.9800000190734863,0.9800000190734863,0.9800000190734863,6500.0
2026-04-09 11:16:00,NDA.V,,0.949999988079071,0.949999988079071,0.949999988079071,0.949999988079071,6250.0
2026-04-09 11:16:00,OEC-H.V,,0.17000000178813934,0.17000000178813934,0.17000000178813934,0.17000000178813934,0.0
2026-04-09 11:16:00,PML.V,,0.8600000143051147,0.8600000143051147,0.8600000143051147,0.8600000143051147,502.0
2026-04-09 11:16:00,QGR.V,,0.2574999928474426,0.2574999928474426,0.2549999952316284,0.2549999952316284,27750.0
2026-04-09 11:16:00,QNC.V,,3.25,3.25,3.25,3.25,100.0
2026-04-09 11:16:00,QTWO.V,,2.2750000953674316,2.2750000953674316,2.2750000953674316,2.2750000953674316,100.0
2026-04-09 11:16:00,RCK.V,,0.949999988079071,0.949999988079071,0.949999988079071,0.949999988079071,1500.0
2026-04-09 11:16:00,SEI.V,,0.574999988079071,0.574999988079071,0.5699999928474426,0.574999988079071,16000.0
2026-04-09 11:16:00,SGML.V,,19.049999237060547,19.049999237060547,19.049999237060547,19.049999237060547,100.0
2026-04-09 11:16:00,STUD.V,,0.3499999940395355,0.3499999940395355,0.3499999940395355,0.3499999940395355,0.0
2026-04-09 11:16:00,SVE.V,,0.5400000214576721,0.5400000214576721,0.5299999713897705,0.5299999713897705,28500.0
2026-04-09 11:16:00,VIPR.V,,1.2999999523162842,1.2999999523162842,1.2999999523162842,1.2999999523162842,10200.0
2026-04-09 11:17:00,AGX.V,,0.7149999737739563,0.7149999737739563,0.7149999737739563,0.7149999737739563,500.0
2026-04-09 11:17:00,MAI.V,,6.190000057220459,6.190000057220459,6.190000057220459,6.190000057220459,100.0
2026-04-09 11:17:00,MMY.V,,0.9800000190734863,0.9800000190734863,0.9800000190734863,0.9800000190734863,4700.0
2026-04-09 11:17:00,NCX.V,,3.180000066757202,3.180000066757202,3.180000066757202,3.180000066757202,200.0
2026-04-09 11:17:00,ODV.V,,4.559999942779541,4.559999942779541,4.559999942779541,4.559999942779541,700.0
2026-04-09 11:17:00,PNPN.V,,1.159999966621399,1.159999966621399,1.159999966621399,1.159999966621399,100.0
2026-04-09 11:17:00,PPP.V,,1.2799999713897705,1.2799999713897705,1.2799999713897705,1.2799999713897705,200.0
2026-04-09 11:17:00,PPX.V,,0.2800000011920929,0.2800000011920929,0.2800000011920929,0.2800000011920929,2000.0
2026-04-09 11:17:00,QNC.V,,3.2699999809265137,3.2699999809265137,3.2699999809265137,3.2699999809265137,9800.0
2026-04-09 11:17:00,SEI.V,,0.5799999833106995,0.5799999833106995,0.5799999833106995,0.5799999833106995,8000.0
2026-04-09 11:17:00,STUD.V,,0.3499999940395355,0.3499999940395355,0.3499999940395355,0.3499999940395355,102538.0
2026-04-09 11:17:00,SVRS.V,,0.4699999988079071,0.4724999964237213,0.4699999988079071,0.4699999988079071,126886.0
2026-04-09 11:17:00,VIPR.V,,1.2999999523162842,1.2999999523162842,1.2999999523162842,1.2999999523162842,12100.0
2026-04-09 11:18:00,NCAU.V,,0.6399999856948853,0.6399999856948853,0.6399999856948853,0.6399999856948853,500.0
2026-04-09 11:18:00,NCX.V,,3.190000057220459,3.190000057220459,3.190000057220459,3.190000057220459,400.0
2026-04-09 11:18:00,NFG.V,,2.809999942779541,2.809999942779541,2.809999942779541,2.809999942779541,2400.0
2026-04-09 11:18:00,OMG.V,,2.0199999809265137,2.0199999809265137,2.0199999809265137,2.0199999809265137,100.0
2026-04-09 11:18:00,PLSR.V,,2.0399999618530273,2.0399999618530273,2.0399999618530273,2.0399999618530273,2500.0
2026-04-09 11:18:00,QTWO.V,,2.2799999713897705,2.2799999713897705,2.2799999713897705,2.2799999713897705,100.0
2026-04-09 11:18:00,RAK.V,,0.1599999964237213,0.1599999964237213,0.1599999964237213,0.1599999964237213,33100.0
2026-04-09 11:18:00,RDS.V,,0.8700000047683716,0.8700000047683716,0.8600000143051147,0.8600000143051147,16470.0
2026-04-09 11:18:00,SCZ.V,,10.970000267028809,10.970000267028809,10.960000038146973,10.960000038146973,300.0
2026-04-09 11:19:00,MAI.V,,6.199999809265137,6.199999809265137,6.199999809265137,6.199999809265137,700.0
2026-04-09 11:19:00,MMY.V,,0.9800000190734863,0.9800000190734863,0.9800000190734863,0.9800000190734863,14000.0
2026-04-09 11:19:00,NAU.V,,1.8200000524520874,1.8200000524520874,1.8200000524520874,1.8200000524520874,8500.0
2026-04-09 11:19:00,NDA.V,,0.9599999785423279,0.9599999785423279,0.9599999785423279,0.9599999785423279,19000.0
2026-04-09 11:19:00,NFG.V,,2.815000057220459,2.815000057220459,2.815000057220459,2.815000057220459,900.0
2026-04-09 11:19:00,OCO.V,,0.38999998569488525,0.38999998569488525,0.38499999046325684,0.38999998569488525,21500.0
2026-04-09 11:19:00,ODV.V,,4.579999923706055,4.579999923706055,4.579999923706055,4.579999923706055,100.0
2026-04-09 11:19:00,OMG.V,,2.015000104904175,2.015000104904175,2.015000104904175,2.015000104904175,100.0
2026-04-09 11:19:00,PEX.V,,0.17499999701976776,0.17499999701976776,0.17499999701976776,0.17499999701976776,4500.0
2026-04-09 11:19:00,PLSR.V,,2.059999942779541,2.059999942779541,2.049999952316284,2.049999952316284,10800.0
2026-04-09 11:19:00,RDG.V,,0.19499999284744263,0.19499999284744263,0.19499999284744263,0.19499999284744263,15559.0
2026-04-09 11:19:00,RDS.V,,0.8799999952316284,0.8799999952316284,0.8700000047683716,0.8700000047683716,8680.0
2026-04-09 11:19:00,RECO.V,,1.0700000524520874,1.0700000524520874,1.0700000524520874,1.0700000524520874,100.0
2026-04-09 11:19:00,ROCK.V,,2.6700000762939453,2.6700000762939453,2.6700000762939453,2.6700000762939453,100.0
2026-04-09 11:19:00,SCZ.V,,11.020000457763672,11.020000457763672,11.020000457763672,11.020000457763672,200.0
2026-04-09 11:19:00,SLVR.V,,0.8500000238418579,0.8500000238418579,0.8500000238418579,0.8500000238418579,500.0
2026-04-09 11:19:00,SM.V,,1.840000033378601,1.840000033378601,1.8300000429153442,1.8300000429153442,3800.0
2026-04-09 11:19:00,VIPR.V,,1.2999999523162842,1.2999999523162842,1.2999999523162842,1.2999999523162842,14409.0
2026-04-09 11:20:00,AGX.V,,0.7200000286102295,0.7200000286102295,0.7200000286102295,0.7200000286102295,500.0
2026-04-09 11:20:00,MAI.V,,6.21999979019165,6.239999771118164,6.21999979019165,6.21999979019165,6100.0
2026-04-09 11:20:00,NFG.V,,2.819999933242798,2.819999933242798,2.819999933242798,2.819999933242798,100.0
2026-04-09 11:20:00,NOW.V,,0.24500000476837158,0.24500000476837158,0.24500000476837158,0.24500000476837158,9000.0
2026-04-09 11:20:00,NSE.V,,0.5699999928474426,0.5699999928474426,0.5699999928474426,0.5699999928474426,500.0
2026-04-09 11:20:00,OMG.V,,2.009999990463257,2.009999990463257,2.009999990463257,2.009999990463257,700.0
2026-04-09 11:20:00,QTWO.V,,2.2899999618530273,2.2899999618530273,2.2899999618530273,2.2899999618530273,300.0
2026-04-09 11:20:00,RE.V,,0.41999998688697815,0.41999998688697815,0.41999998688697815,0.41999998688697815,1000.0
2026-04-09 11:20:00,RECO.V,,1.059999942779541,1.0700000524520874,1.059999942779541,1.0700000524520874,9400.0
2026-04-09 11:20:00,SLVR.V,,0.8550000190734863,0.8550000190734863,0.8550000190734863,0.8550000190734863,500.0
2026-04-09 11:21:00,MAI.V,,6.21999979019165,6.21999979019165,6.210000038146973,6.21999979019165,500.0
2026-04-09 11:21:00,NFG.V,,2.819999933242798,2.819999933242798,2.819999933242798,2.819999933242798,2200.0
2026-04-09 11:21:00,NLH.V,,0.3400000035762787,0.3400000035762787,0.3400000035762787,0.3400000035762787,0.0
2026-04-09 11:21:00,NOW.V,,0.23999999463558197,0.24500000476837158,0.23999999463558197,0.24500000476837158,12000.0
2026-04-09 11:21:00,OMG.V,,2.009999990463257,2.009999990463257,2.009999990463257,2.009999990463257,400.0
2026-04-09 11:21:00,PGE.V,,0.3149999976158142,0.3149999976158142,0.3149999976158142,0.3149999976158142,2500.0
2026-04-09 11:21:00,PRG.V,,0.5600000023841858,0.5600000023841858,0.5600000023841858,0.5600000023841858,39500.0
2026-04-09 11:21:00,QGR.V,,0.26499998569488525,0.26499998569488525,0.26499998569488525,0.26499998569488525,4500.0
2026-04-09 11:21:00,RDS.V,,0.8799999952316284,0.8799999952316284,0.8799999952316284,0.8799999952316284,4000.0
2026-04-09 11:21:00,SCZ.V,,11.0600004196167,11.0600004196167,11.0600004196167,11.0600004196167,300.0
2026-04-09 11:21:00,STUD.V,,0.3449999988079071,0.3499999940395355,0.3449999988079071,0.3499999940395355,4502.0
2026-04-09 11:22:00,AGX.V,,0.7200000286102295,0.7200000286102295,0.7200000286102295,0.7200000286102295,3500.0
2026-04-09 11:22:00,NCX.V,,3.190000057220459,3.190000057220459,3.190000057220459,3.190000057220459,100.0
2026-04-09 11:22:00,NDA.V,,0.9599999785423279,0.9599999785423279,0.9599999785423279,0.9599999785423279,1000.0
2026-04-09 11:22:00,NICN.V,,0.11500000208616257,0.11500000208616257,0.11500000208616257,0.11500000208616257,500.0
2026-04-09 11:22:00,NKG.V,,0.20999999344348907,0.20999999344348907,0.20999999344348907,0.20999999344348907,2000.0
2026-04-09 11:22:00,NKL.V,,1.059999942779541,1.0700000524520874,1.059999942779541,1.0700000524520874,11600.0
2026-04-09 11:22:00,OMG.V,,2.009999990463257,2.009999990463257,2.009999990463257,2.009999990463257,83900.0
2026-04-09 11:22:00,QNC.V,,3.2699999809265137,3.2699999809265137,3.2699999809265137,3.2699999809265137,500.0
2026-04-09 11:22:00,QTWO.V,,2.2899999618530273,2.2899999618530273,2.2899999618530273,2.2899999618530273,100.0
2026-04-09 11:22:00,RDS.V,,0.8799999952316284,0.8799999952316284,0.8799999952316284,0.8799999952316284,1500.0
2026-04-09 11:22:00,ROMJ.V,,0.47999998927116394,0.47999998927116394,0.47999998927116394,0.47999998927116394,0.0
2026-04-09 11:22:00,SCZ.V,,11.069999694824219,11.069999694824219,11.069999694824219,11.069999694824219,118.0
2026-04-09 11:22:00,SPC.V,,0.054999999701976776,0.054999999701976776,0.054999999701976776,0.054999999701976776,3000.0
2026-04-09 11:22:00,SVRS.V,,0.4699999988079071,0.4699999988079071,0.4699999988079071,0.4699999988079071,17500.0
2026-04-09 11:23:00,AGX.V,,0.7200000286102295,0.7200000286102295,0.7200000286102295,0.7200000286102295,6000.0
2026-04-09 11:23:00,MMY.V,,0.9850000143051147,0.9850000143051147,0.9850000143051147,0.9850000143051147,500.0
2026-04-09 11:23:00,NFG.V,,2.825000047683716,2.825000047683716,2.825000047683716,2.825000047683716,1100.0
2026-04-09 11:23:00,ODV.V,,4.599999904632568,4.599999904632568,4.599999904632568,4.599999904632568,100.0
2026-04-09 11:23:00,OMG.V,,2.0,2.009999990463257,2.0,2.009999990463257,3400.0
2026-04-09 11:23:00,RDS.V,,0.8799999952316284,0.8799999952316284,0.8799999952316284,0.8799999952316284,1500.0
2026-04-09 11:23:00,RVG.V,,0.8100000023841858,0.8100000023841858,0.8100000023841858,0.8100000023841858,8520.0
2026-04-09 11:23:00,SLI.V,,4.710000038146973,4.710000038146973,4.710000038146973,4.710000038146973,100.0
2026-04-09 11:23:00,SNG.V,,0.1550000011920929,0.1550000011920929,0.1550000011920929,0.1550000011920929,50000.0
2026-04-09 11:23:00,SSV.V,,0.574999988079071,0.574999988079071,0.574999988079071,0.574999988079071,11000.0
2026-04-09 11:23:00,STUD.V,,0.3400000035762787,0.3400000035762787,0.3400000035762787,0.3400000035762787,6000.0
2026-04-09 11:24:00,MAI.V,,6.230000019073486,6.230000019073486,6.230000019073486,6.230000019073486,900.0
2026-04-09 11:24:00,NDA.V,,0.9599999785423279,0.9599999785423279,0.9599999785423279,0.9599999785423279,2500.0
2026-04-09 11:24:00,OMG.V,,2.009999990463257,2.009999990463257,2.005000114440918,2.005000114440918,20000.0
2026-04-09 11:24:00,PGE.V,,0.3149999976158142,0.3149999976158142,0.3149999976158142,0.3149999976158142,500.0
2026-04-09 11:24:00,QNC.V,,3.259999990463257,3.2699999809265137,3.259999990463257,3.2699999809265137,300.0
2026-04-09 11:24:00,RDS.V,,0.8799999952316284,0.8799999952316284,0.8799999952316284,0.8799999952316284,2000.0
2026-04-09 11:24:00,SCZ.V,,11.069999694824219,11.069999694824219,11.069999694824219,11.069999694824219,700.0
2026-04-09 11:25:00,MAI.V,,6.260000228881836,6.260000228881836,6.239999771118164,6.239999771118164,8000.0
2026-04-09 11:25:00,NCX.V,,3.200000047683716,3.200000047683716,3.200000047683716,3.200000047683716,9000.0
2026-04-09 11:25:00,NFG.V,,2.819999933242798,2.819999933242798,2.819999933242798,2.819999933242798,3100.0
2026-04-09 11:25:00,OMG.V,,2.0,2.005000114440918,2.0,2.005000114440918,3800.0
2026-04-09 11:25:00,QNC.V,,3.2899999618530273,3.2899999618530273,3.2799999713897705,3.2799999713897705,200.0
2026-04-09 11:25:00,RDS.V,,0.8799999952316284,0.8799999952316284,0.8799999952316284,0.8799999952316284,1500.0
2026-04-09 11:25:00,RECO.V,,1.065000057220459,1.065000057220459,1.065000057220459,1.065000057220459,100.0
2026-04-09 11:25:00,RSM.V,,0.30000001192092896,0.30000001192092896,0.30000001192092896,0.30000001192092896,131000.0
2026-04-09 11:25:00,SVRS.V,,0.4724999964237213,0.4724999964237213,0.4724999964237213,0.4724999964237213,1500.0
2026-04-09 11:26:00,AGX.V,,0.7200000286102295,0.7200000286102295,0.7200000286102295,0.7200000286102295,1000.0
2026-04-09 11:26:00,NFG.V,,2.819999933242798,2.819999933242798,2.819999933242798,2.819999933242798,100.0
2026-04-09 11:26:00,NKG.V,,0.20499999821186066,0.20499999821186066,0.20499999821186066,0.20499999821186066,3500.0
2026-04-09 11:26:00,OMG.V,,2.0,2.0,1.9900000095367432,1.9900000095367432,2300.0
2026-04-09 11:26:00,PLSR.V,,2.059999942779541,2.059999942779541,2.049999952316284,2.059999942779541,300.0
2026-04-09 11:26:00,QGR.V,,0.26249998807907104,0.26249998807907104,0.26249998807907104,0.26249998807907104,500.0
2026-04-09 11:26:00,RBX.V,,7.090000152587891,7.099999904632568,7.090000152587891,7.099999904632568,1250.0
2026-04-09 11:26:00,RDS.V,,0.8799999952316284,0.8799999952316284,0.8799999952316284,0.8799999952316284,3500.0
2026-04-09 11:26:00,RECO.V,,1.059999942779541,1.065000057220459,1.059999942779541,1.065000057220459,18500.0
2026-04-09 11:26:00,RML.V,,1.0700000524520874,1.0700000524520874,1.0700000524520874,1.0700000524520874,300.0
2026-04-09 11:26:00,RSM.V,,0.30000001192092896,0.30000001192092896,0.30000001192092896,0.30000001192092896,3500.0
2026-04-09 11:26:00,SCD.V,,0.12999999523162842,0.12999999523162842,0.12999999523162842,0.12999999523162842,10500.0
2026-04-09 11:26:00,SGC.V,,0.06499999761581421,0.06499999761581421,0.06499999761581421,0.06499999761581421,0.0
2026-04-09 11:26:00,SGML.V,,19.260000228881836,19.260000228881836,19.200000762939453,19.200000762939453,200.0
2026-04-09 11:26:00,SOI.V,,0.2150000035762787,0.2150000035762787,0.2150000035762787,0.2150000035762787,37000.0
2026-04-09 11:26:00,SOMA.V,,1.809999942779541,1.809999942779541,1.809999942779541,1.809999942779541,100.0
2026-04-09 11:27:00,MAI.V,,6.25,6.25,6.25,6.25,300.0
2026-04-09 11:27:00,NCX.V,,3.2049999237060547,3.2049999237060547,3.2049999237060547,3.2049999237060547,100.0
2026-04-09 11:27:00,NDA.V,,0.9700000286102295,0.9700000286102295,0.9700000286102295,0.9700000286102295,2300.0
2026-04-09 11:27:00,PLSR.V,,2.059999942779541,2.059999942779541,2.059999942779541,2.059999942779541,155.0
2026-04-09 11:27:00,PUMA.V,,0.13500000536441803,0.13500000536441803,0.13500000536441803,0.13500000536441803,4000.0
2026-04-09 11:27:00,QGR.V,,0.25999999046325684,0.25999999046325684,0.25999999046325684,0.25999999046325684,16500.0
2026-04-09 11:27:00,RDS.V,,0.8799999952316284,0.8799999952316284,0.8799999952316284,0.8799999952316284,1000.0
2026-04-09 11:27:00,RKV.V,,0.0949999988079071,0.10000000149011612,0.0949999988079071,0.10000000149011612,0.0
2026-04-09 11:27:00,SCZ.V,,11.0600004196167,11.079999923706055,11.0600004196167,11.079999923706055,300.0
2026-04-09 11:28:00,NAU.V,,1.809999942779541,1.809999942779541,1.7999999523162842,1.809999942779541,47300.0
2026-04-09 11:28:00,NIM.V,,0.9599999785423279,0.9599999785423279,0.9599999785423279,0.9599999785423279,500.0
2026-04-09 11:28:00,QGR.V,,0.26249998807907104,0.26249998807907104,0.26249998807907104,0.26249998807907104,500.0
2026-04-09 11:28:00,QTWO.V,,2.2899999618530273,2.2899999618530273,2.2899999618530273,2.2899999618530273,100.0
2026-04-09 11:28:00,RAGE.V,,0.5,0.5,0.5,0.5,7000.0
2026-04-09 11:28:00,RDS.V,,0.8799999952316284,0.8799999952316284,0.8799999952316284,0.8799999952316284,2000.0
2026-04-09 11:28:00,ROK.V,,0.27000001072883606,0.27000001072883606,0.27000001072883606,0.27000001072883606,180000.0
2026-04-09 11:28:00,RVG.V,,0.8100000023841858,0.8100000023841858,0.8100000023841858,0.8100000023841858,2000.0
2026-04-09 11:28:00,SCD.V,,0.12999999523162842,0.12999999523162842,0.12999999523162842,0.12999999523162842,600.0
2026-04-09 11:28:00,SCZ.V,,11.079999923706055,11.079999923706055,11.0600004196167,11.0600004196167,400.0
2026-04-09 11:28:00,SGN.V,,0.3400000035762787,0.3400000035762787,0.3400000035762787,0.3400000035762787,61013.0
2026-04-09 11:29:00,OGO.V,,0.8299999833106995,0.8299999833106995,0.8199999928474426,0.8199999928474426,19500.0
2026-04-09 11:29:00,OMG.V,,2.0,2.0,1.9950000047683716,1.9950000047683716,200.0
2026-04-09 11:29:00,ONYX.V,,1.190000057220459,1.190000057220459,1.190000057220459,1.190000057220459,400.0
2026-04-09 11:29:00,PLSR.V,,2.049999952316284,2.059999942779541,2.049999952316284,2.059999942779541,1537.0
2026-04-09 11:29:00,PNPN.V,,1.1699999570846558,1.1699999570846558,1.1699999570846558,1.1699999570846558,4900.0
2026-04-09 11:29:00,QTWO.V,,2.2899999618530273,2.2899999618530273,2.2899999618530273,2.2899999618530273,4600.0
2026-04-09 11:29:00,RAGE.V,,0.5,0.5,0.5,0.5,13500.0
2026-04-09 11:29:00,RDS.V,,0.8799999952316284,0.8799999952316284,0.8799999952316284,0.8799999952316284,2000.0
2026-04-09 11:29:00,SGN.V,,0.3449999988079071,0.3449999988079071,0.3449999988079071,0.3449999988079071,4000.0
2026-04-09 11:29:00,SLVR.V,,0.8600000143051147,0.8600000143051147,0.8600000143051147,0.8600000143051147,500.0
2026-04-09 11:29:00,SVRS.V,,0.4699999988079071,0.4699999988079071,0.4699999988079071,0.4699999988079071,1000.0
2026-04-09 11:30:00,MAI.V,,6.25,6.269999980926514,6.239999771118164,6.260000228881836,7900.0
2026-04-09 11:30:00,MMY.V,,0.9800000190734863,0.9850000143051147,0.9800000190734863,0.9850000143051147,7000.0
2026-04-09 11:30:00,NCX.V,,3.2049999237060547,3.2049999237060547,3.2049999237060547,3.2049999237060547,100.0
2026-04-09 11:30:00,PML.V,,0.8700000047683716,0.8700000047683716,0.8600000143051147,0.8600000143051147,2500.0
2026-04-09 11:30:00,PNPN.V,,1.1799999475479126,1.1799999475479126,1.1799999475479126,1.1799999475479126,14500.0
2026-04-09 11:30:00,PPP.V,,1.2799999713897705,1.2799999713897705,1.2799999713897705,1.2799999713897705,300.0
2026-04-09 11:30:00,QNC.V,,3.25,3.2699999809265137,3.25,3.2699999809265137,5200.0
2026-04-09 11:30:00,RDS.V,,0.8799999952316284,0.8799999952316284,0.8799999952316284,0.8799999952316284,1500.0
2026-04-09 11:30:00,RML.V,,1.0700000524520874,1.0700000524520874,1.0700000524520874,1.0700000524520874,100.0
2026-04-09 11:30:00,SCZ.V,,11.079999923706055,11.079999923706055,11.069999694824219,11.069999694824219,1500.0
2026-04-09 11:30:00,STND.V,,0.10999999940395355,0.10999999940395355,0.10999999940395355,0.10999999940395355,0.0
2026-04-09 11:31:00,NDA.V,,0.949999988079071,0.949999988079071,0.949999988079071,0.949999988079071,7000.0
2026-04-09 11:31:00,OEC-H.V,,0.17000000178813934,0.17000000178813934,0.17000000178813934,0.17000000178813934,3000.0
2026-04-09 11:31:00,PER.V,,0.1850000023841858,0.1850000023841858,0.1850000023841858,0.1850000023841858,39500.0
2026-04-09 11:31:00,PNPN.V,,1.1799999475479126,1.1799999475479126,1.1799999475479126,1.1799999475479126,6820.0
2026-04-09 11:31:00,QGR.V,,0.25999999046325684,0.25999999046325684,0.25999999046325684,0.25999999046325684,11000.0
2026-04-09 11:31:00,QNC.V,,3.25,3.25,3.25,3.25,400.0
2026-04-09 11:31:00,RDS.V,,0.8799999952316284,0.8799999952316284,0.8799999952316284,0.8799999952316284,2000.0
2026-04-09 11:31:00,SGML.V,,19.209999084472656,19.229999542236328,19.209999084472656,19.229999542236328,2002.0
2026-04-09 11:31:00,SLI.V,,4.699999809265137,4.699999809265137,4.699999809265137,4.699999809265137,1000.0
2026-04-09 11:31:00,SNG.V,,0.14000000059604645,0.14000000059604645,0.14000000059604645,0.14000000059604645,1500.0
2026-04-09 11:31:00,SOMA.V,,1.809999942779541,1.809999942779541,1.809999942779541,1.809999942779541,200.0
2026-04-09 11:32:00,MAI.V,,6.25,6.269999980926514,6.25,6.269999980926514,4700.0
2026-04-09 11:32:00,MGG.V,,0.3799999952316284,0.3799999952316284,0.3799999952316284,0.3799999952316284,500.0
2026-04-09 11:32:00,MMY.V,,0.9800000190734863,0.9800000190734863,0.9800000190734863,0.9800000190734863,1500.0
2026-04-09 11:32:00,NAU.V,,1.8200000524520874,1.8200000524520874,1.8200000524520874,1.8200000524520874,14900.0
2026-04-09 11:32:00,NFG.V,,2.819999933242798,2.819999933242798,2.819999933242798,2.819999933242798,100.0
2026-04-09 11:32:00,ODV.V,,4.590000152587891,4.590000152587891,4.590000152587891,4.590000152587891,300.0
2026-04-09 11:32:00,PML.V,,0.8799999952316284,0.8799999952316284,0.8799999952316284,0.8799999952316284,1000.0
2026-04-09 11:32:00,PWM.V,,0.41999998688697815,0.41999998688697815,0.41999998688697815,0.41999998688697815,1500.0
2026-04-09 11:32:00,QGR.V,,0.26249998807907104,0.26249998807907104,0.26249998807907104,0.26249998807907104,500.0
2026-04-09 11:32:00,RDS.V,,0.8799999952316284,0.8799999952316284,0.8799999952316284,0.8799999952316284,33500.0
2026-04-09 11:32:00,SCZ.V,,11.109999656677246,11.109999656677246,11.09000015258789,11.09000015258789,400.0
2026-04-09 11:32:00,SSV.V,,0.5799999833106995,0.5799999833106995,0.574999988079071,0.5799999833106995,96481.0
2026-04-09 11:33:00,AGX.V,,0.7200000286102295,0.7200000286102295,0.7200000286102295,0.7200000286102295,10400.0
2026-04-09 11:33:00,NCX.V,,3.200000047683716,3.2049999237060547,3.200000047683716,3.200000047683716,2700.0
2026-04-09 11:33:00,NFG.V,,2.819999933242798,2.819999933242798,2.819999933242798,2.819999933242798,200.0
2026-04-09 11:33:00,NSCI.V,,0.125,0.125,0.125,0.125,17500.0
2026-04-09 11:33:00,ODV.V,,4.579999923706055,4.579999923706055,4.579999923706055,4.579999923706055,800.0
2026-04-09 11:33:00,OMG.V,,1.9950000047683716,1.9950000047683716,1.9950000047683716,1.9950000047683716,100.0
2026-04-09 11:33:00,ONYX.V,,1.190000057220459,1.190000057220459,1.190000057220459,1.190000057220459,100.0
2026-04-09 11:33:00,PML.V,,0.8700000047683716,0.8700000047683716,0.8700000047683716,0.8700000047683716,48500.0
2026-04-09 11:33:00,QGR.V,,0.25999999046325684,0.25999999046325684,0.25999999046325684,0.25999999046325684,7000.0
2026-04-09 11:33:00,QNC.V,,3.2799999713897705,3.2799999713897705,3.2699999809265137,3.2699999809265137,1400.0
2026-04-09 11:33:00,RDS.V,,0.8799999952316284,0.8799999952316284,0.8799999952316284,0.8799999952316284,3000.0
2026-04-09 11:33:00,RML.V,,1.0800000429153442,1.0800000429153442,1.0800000429153442,1.0800000429153442,1900.0
2026-04-09 11:33:00,SLI.V,,4.699999809265137,4.699999809265137,4.699999809265137,4.699999809265137,200.0
2026-04-09 11:33:00,SVRS.V,,0.4699999988079071,0.4699999988079071,0.4699999988079071,0.4699999988079071,1000.0
2026-04-09 11:34:00,MAI.V,,6.260000228881836,6.28000020980835,6.159999847412109,6.239999771118164,13600.0
2026-04-09 11:34:00,MHUB.V,,0.6000000238418579,0.6000000238418579,0.6000000238418579,0.6000000238418579,2500.0
2026-04-09 11:34:00,PML.V,,0.8700000047683716,0.8700000047683716,0.8700000047683716,0.8700000047683716,35500.0
2026-04-09 11:34:00,PWM.V,,0.42500001192092896,0.42500001192092896,0.42500001192092896,0.42500001192092896,1000.0
2026-04-09 11:34:00,QGR.V,,0.25999999046325684,0.25999999046325684,0.2574999928474426,0.2574999928474426,1000.0
2026-04-09 11:34:00,QNC.V,,3.25,3.259999990463257,3.25,3.259999990463257,800.0
2026-04-09 11:34:00,QTWO.V,,2.2950000762939453,2.2950000762939453,2.2950000762939453,2.2950000762939453,100.0
2026-04-09 11:34:00,RDS.V,,0.8799999952316284,0.8799999952316284,0.8799999952316284,0.8799999952316284,500.0
2026-04-09 11:34:00,ROCK.V,,2.6700000762939453,2.6700000762939453,2.6600000858306885,2.6600000858306885,200.0
2026-04-09 11:35:00,CTZ.V,,1.190000057220459,1.190000057220459,1.190000057220459,1.190000057220459,0.0
2026-04-09 11:35:00,MAI.V,,6.239999771118164,6.260000228881836,6.21999979019165,6.260000228881836,1600.0
2026-04-09 11:35:00,MNRG.V,,0.10000000149011612,0.10000000149011612,0.10000000149011612,0.10000000149011612,26000.0
2026-04-09 11:35:00,NAU.V,,1.8200000524520874,1.8200000524520874,1.8200000524520874,1.8200000524520874,7300.0
2026-04-09 11:35:00,NCX.V,,3.200000047683716,3.200000047683716,3.200000047683716,3.200000047683716,100.0
2026-04-09 11:35:00,NSE.V,,0.5600000023841858,0.5600000023841858,0.5600000023841858,0.5600000023841858,8000.0
2026-04-09 11:35:00,ORC-B.V,,3.309999942779541,3.309999942779541,3.309999942779541,3.309999942779541,0.0
2026-04-09 11:35:00,PML.V,,0.8899999856948853,0.8899999856948853,0.8799999952316284,0.8799999952316284,29500.0
2026-04-09 11:35:00,QTWO.V,,2.2899999618530273,2.2899999618530273,2.2899999618530273,2.2899999618530273,900.0
2026-04-09 11:35:00,RBX.V,,7.110000133514404,7.119999885559082,7.110000133514404,7.119999885559082,400.0
2026-04-09 11:35:00,ROCK.V,,2.740000009536743,2.740000009536743,2.680000066757202,2.680000066757202,3008.0
2026-04-09 11:35:00,SCZ.V,,11.079999923706055,11.079999923706055,11.079999923706055,11.079999923706055,100.0
2026-04-09 11:35:00,SLI.V,,4.699999809265137,4.699999809265137,4.699999809265137,4.699999809265137,300.0
2026-04-09 11:36:00,NAU.V,,1.8200000524520874,1.8200000524520874,1.8200000524520874,1.8200000524520874,200.0
2026-04-09 11:36:00,NCAU.V,,0.6499999761581421,0.6499999761581421,0.6499999761581421,0.6499999761581421,2000.0
2026-04-09 11:36:00,ORC-B.V,,3.299999952316284,3.299999952316284,3.299999952316284,3.299999952316284,13500.0
2026-04-09 11:36:00,PNPN.V,,1.1799999475479126,1.1799999475479126,1.1799999475479126,1.1799999475479126,100.0
2026-04-09 11:36:00,PPP.V,,1.2899999618530273,1.2899999618530273,1.2899999618530273,1.2899999618530273,300.0
2026-04-09 11:36:00,PWM.V,,0.41999998688697815,0.41999998688697815,0.41999998688697815,0.41999998688697815,500.0
2026-04-09 11:36:00,QPT.V,,0.029999999329447746,0.029999999329447746,0.029999999329447746,0.029999999329447746,8000.0
2026-04-09 11:36:00,RBX.V,,7.150000095367432,7.150000095367432,7.150000095367432,7.150000095367432,100.0
2026-04-09 11:36:00,SCZ.V,,11.109999656677246,11.109999656677246,11.09000015258789,11.09000015258789,200.0
2026-04-09 11:36:00,SLI.V,,4.699999809265137,4.699999809265137,4.699999809265137,4.699999809265137,400.0
2026-04-09 11:36:00,SLVR.V,,0.8600000143051147,0.8600000143051147,0.8550000190734863,0.8550000190734863,1000.0
2026-04-09 11:36:00,SSV.V,,0.5799999833106995,0.5799999833106995,0.5799999833106995,0.5799999833106995,1000.0
2026-04-09 11:36:00,SVRS.V,,0.4749999940395355,0.4749999940395355,0.4724999964237213,0.4724999964237213,18500.0
2026-04-09 11:37:00,MAI.V,,6.260000228881836,6.260000228881836,6.25,6.260000228881836,2000.0
2026-04-09 11:37:00,NBY.V,,0.0949999988079071,0.0949999988079071,0.0949999988079071,0.0949999988079071,10000.0
2026-04-09 11:37:00,QPT.V,,0.03500000014901161,0.03500000014901161,0.029999999329447746,0.029999999329447746,24000.0
2026-04-09 11:37:00,RBX.V,,7.150000095367432,7.150000095367432,7.150000095367432,7.150000095367432,100.0
2026-04-09 11:37:00,ROK.V,,0.27000001072883606,0.27000001072883606,0.27000001072883606,0.27000001072883606,2500.0
2026-04-09 11:37:00,RYO.V,,0.48500001430511475,0.48500001430511475,0.48500001430511475,0.48500001430511475,500.0
2026-04-09 11:37:00,SCZ.V,,11.100000381469727,11.100000381469727,11.100000381469727,11.100000381469727,100.0
2026-04-09 11:37:00,SGML.V,,19.360000610351562,19.360000610351562,19.360000610351562,19.360000610351562,100.0
2026-04-09 11:37:00,SGN.V,,0.3499999940395355,0.3499999940395355,0.3499999940395355,0.3499999940395355,1000.0
2026-04-09 11:37:00,SNG.V,,0.13500000536441803,0.13500000536441803,0.13500000536441803,0.13500000536441803,17000.0
2026-04-09 11:38:00,NCAU.V,,0.6499999761581421,0.6499999761581421,0.6499999761581421,0.6499999761581421,5000.0
2026-04-09 11:38:00,NCX.V,,3.200000047683716,3.200000047683716,3.200000047683716,3.200000047683716,300.0
2026-04-09 11:38:00,NFG.V,,2.819999933242798,2.819999933242798,2.819999933242798,2.819999933242798,1400.0
2026-04-09 11:38:00,OMG.V,,2.0,2.0,1.9900000095367432,1.9900000095367432,78700.0
2026-04-09 11:38:00,PNPN.V,,1.1799999475479126,1.1799999475479126,1.1799999475479126,1.1799999475479126,100.0
2026-04-09 11:38:00,QPT.V,,0.03500000014901161,0.03500000014901161,0.03500000014901161,0.03500000014901161,5000.0
2026-04-09 11:38:00,QTWO.V,,2.2799999713897705,2.2799999713897705,2.2799999713897705,2.2799999713897705,800.0
2026-04-09 11:38:00,RBX.V,,7.170000076293945,7.170000076293945,7.130000114440918,7.139999866485596,1500.0
2026-04-09 11:38:00,RDS.V,,0.8799999952316284,0.8799999952316284,0.8799999952316284,0.8799999952316284,1500.0
2026-04-09 11:38:00,RPX.V,,0.18000000715255737,0.18000000715255737,0.18000000715255737,0.18000000715255737,4000.0
2026-04-09 11:38:00,RVG.V,,0.8100000023841858,0.8100000023841858,0.8100000023841858,0.8100000023841858,3000.0
2026-04-09 11:38:00,RYO.V,,0.48500001430511475,0.48500001430511475,0.48500001430511475,0.48500001430511475,9500.0
2026-04-09 11:38:00,SCZ.V,,11.050000190734863,11.0600004196167,10.960000038146973,11.020000457763672,4200.0
2026-04-09 11:38:00,SGML.V,,19.280000686645508,19.280000686645508,19.280000686645508,19.280000686645508,1100.0
2026-04-09 11:38:00,SLI.V,,4.690000057220459,4.699999809265137,4.690000057220459,4.699999809265137,3700.0
2026-04-09 11:38:00,SLVR.V,,0.8600000143051147,0.8600000143051147,0.8600000143051147,0.8600000143051147,500.0
2026-04-09 11:38:00,SMN.V,,0.13500000536441803,0.13500000536441803,0.13500000536441803,0.13500000536441803,1000.0
2026-04-09 11:39:00,AGX.V,,0.7200000286102295,0.7200000286102295,0.7200000286102295,0.7200000286102295,15774.0
2026-04-09 11:39:00,OMG.V,,2.005000114440918,2.005000114440918,2.0,2.0,200100.0
2026-04-09 11:39:00,PER.V,,0.1850000023841858,0.1850000023841858,0.1850000023841858,0.1850000023841858,15500.0
2026-04-09 11:39:00,PEX.V,,0.17499999701976776,0.17499999701976776,0.17499999701976776,0.17499999701976776,500.0
2026-04-09 11:39:00,PNTR.V,,0.5199999809265137,0.5199999809265137,0.5199999809265137,0.5199999809265137,8500.0
2026-04-09 11:39:00,PPP.V,,1.2999999523162842,1.2999999523162842,1.2999999523162842,1.2999999523162842,3200.0
2026-04-09 11:39:00,QTWO.V,,2.2750000953674316,2.2750000953674316,2.2750000953674316,2.2750000953674316,100.0
2026-04-09 11:39:00,RBX.V,,7.179999828338623,7.199999809265137,7.170000076293945,7.170000076293945,7100.0
2026-04-09 11:39:00,RDS.V,,0.8799999952316284,0.8799999952316284,0.8799999952316284,0.8799999952316284,1000.0
2026-04-09 11:39:00,RECO.V,,1.059999942779541,1.059999942779541,1.059999942779541,1.059999942779541,100.0
2026-04-09 11:39:00,RML.V,,1.0700000524520874,1.0700000524520874,1.0700000524520874,1.0700000524520874,7900.0
2026-04-09 11:39:00,ROCK.V,,2.700000047683716,2.700000047683716,2.700000047683716,2.700000047683716,100.0
2026-04-09 11:39:00,SCZ.V,,11.09000015258789,11.09000015258789,11.069999694824219,11.069999694824219,1100.0
2026-04-09 11:40:00,ODV.V,,4.579999923706055,4.579999923706055,4.579999923706055,4.579999923706055,200.0
2026-04-09 11:40:00,OMG.V,,2.0199999809265137,2.0199999809265137,2.009999990463257,2.009999990463257,139518.0
2026-04-09 11:40:00,RDS.V,,0.8799999952316284,0.8799999952316284,0.8799999952316284,0.8799999952316284,1000.0
2026-04-09 11:40:00,RML.V,,1.0700000524520874,1.0700000524520874,1.0700000524520874,1.0700000524520874,4600.0
2026-04-09 11:40:00,SCZ.V,,11.069999694824219,11.069999694824219,11.069999694824219,11.069999694824219,100.0
2026-04-09 11:40:00,SEI.V,,0.5699999928474426,0.5699999928474426,0.5699999928474426,0.5699999928474426,13500.0
2026-04-09 11:40:00,STUD.V,,0.3449999988079071,0.3449999988079071,0.3449999988079071,0.3449999988079071,500.0
2026-04-09 11:40:00,SVRS.V,,0.4749999940395355,0.4749999940395355,0.4749999940395355,0.4749999940395355,500.0
2026-04-09 11:41:00,NCAU.V,,0.6499999761581421,0.6600000262260437,0.6499999761581421,0.6499999761581421,17500.0
2026-04-09 11:41:00,NDA.V,,0.949999988079071,0.949999988079071,0.949999988079071,0.949999988079071,3210.0
2026-04-09 11:41:00,NFG.V,,2.819999933242798,2.819999933242798,2.819999933242798,2.819999933242798,100.0
2026-04-09 11:41:00,OMG.V,,2.0199999809265137,2.0199999809265137,2.0199999809265137,2.0199999809265137,102400.0
2026-04-09 11:41:00,PTF.V,,15.5,15.5,15.5,15.5,0.0
2026-04-09 11:41:00,QNC.V,,3.2799999713897705,3.2799999713897705,3.2799999713897705,3.2799999713897705,400.0
2026-04-09 11:41:00,QTWO.V,,2.2699999809265137,2.2750000953674316,2.2699999809265137,2.2750000953674316,600.0
2026-04-09 11:41:00,RML.V,,1.059999942779541,1.059999942779541,1.059999942779541,1.059999942779541,100.0
2026-04-09 11:41:00,ROOF.V,,0.20000000298023224,0.20000000298023224,0.20000000298023224,0.20000000298023224,5000.0
2026-04-09 11:41:00,SCZ.V,,11.130000114440918,11.130000114440918,11.119999885559082,11.119999885559082,3300.0
2026-04-09 11:42:00,MMY.V,,0.9900000095367432,0.9900000095367432,0.9850000143051147,0.9850000143051147,21000.0
2026-04-09 11:42:00,NFG.V,,2.825000047683716,2.825000047683716,2.825000047683716,2.825000047683716,200.0
2026-04-09 11:42:00,OCO.V,,0.39500001072883606,0.39500001072883606,0.39500001072883606,0.39500001072883606,3500.0
2026-04-09 11:42:00,OMG.V,,2.0199999809265137,2.0299999713897705,2.0199999809265137,2.0299999713897705,1600.0
2026-04-09 11:42:00,PE.V,,0.36000001430511475,0.39500001072883606,0.36000001430511475,0.39500001072883606,0.0
2026-04-09 11:42:00,PNPN.V,,1.1799999475479126,1.1799999475479126,1.1799999475479126,1.1799999475479126,2100.0
2026-04-09 11:42:00,RDS.V,,0.8899999856948853,0.8899999856948853,0.8899999856948853,0.8899999856948853,2500.0
2026-04-09 11:42:00,RML.V,,1.059999942779541,1.059999942779541,1.059999942779541,1.059999942779541,205988.0
2026-04-09 11:42:00,RVG.V,,0.8100000023841858,0.8100000023841858,0.8100000023841858,0.8100000023841858,2500.0
2026-04-09 11:42:00,SNG.V,,0.13500000536441803,0.13500000536441803,0.13500000536441803,0.13500000536441803,80432.0
2026-04-09 11:42:00,SRL.V,,0.19499999284744263,0.19499999284744263,0.19499999284744263,0.19499999284744263,500.0
2026-04-09 11:42:00,SVRS.V,,0.4749999940395355,0.4749999940395355,0.4749999940395355,0.4749999940395355,10500.0
2026-04-09 11:43:00,AGX.V,,0.7200000286102295,0.7200000286102295,0.7200000286102295,0.7200000286102295,1556.0
2026-04-09 11:43:00,MCI.V,,0.25,0.25,0.25,0.25,1000.0
2026-04-09 11:43:00,NSE.V,,0.5600000023841858,0.5600000023841858,0.5600000023841858,0.5600000023841858,45000.0
2026-04-09 11:43:00,OMG.V,,2.0199999809265137,2.0199999809265137,2.0199999809265137,2.0199999809265137,23800.0
2026-04-09 11:43:00,QGR.V,,0.25999999046325684,0.25999999046325684,0.25999999046325684,0.25999999046325684,10000.0
2026-04-09 11:43:00,QNC.V,,3.299999952316284,3.299999952316284,3.299999952316284,3.299999952316284,600.0
2026-04-09 11:43:00,QTWO.V,,2.2699999809265137,2.2699999809265137,2.2699999809265137,2.2699999809265137,700.0
2026-04-09 11:43:00,RDS.V,,0.8899999856948853,0.8899999856948853,0.8799999952316284,0.8899999856948853,6937.0
2026-04-09 11:43:00,RML.V,,1.0499999523162842,1.0499999523162842,1.0499999523162842,1.0499999523162842,101100.0
2026-04-09 11:43:00,SCZ.V,,11.149999618530273,11.149999618530273,11.149999618530273,11.149999618530273,1600.0
2026-04-09 11:43:00,SEI.V,,0.5699999928474426,0.5699999928474426,0.5699999928474426,0.5699999928474426,7999.0
2026-04-09 11:43:00,SGML.V,,19.290000915527344,19.290000915527344,19.290000915527344,19.290000915527344,100.0
2026-04-09 11:43:00,VIPR.V,,1.3200000524520874,1.3200000524520874,1.3200000524520874,1.3200000524520874,200.0
2026-04-09 11:44:00,MCI.V,,0.25,0.25,0.25,0.25,1000.0
2026-04-09 11:44:00,NCAU.V,,0.6600000262260437,0.6600000262260437,0.6600000262260437,0.6600000262260437,1000.0
2026-04-09 11:44:00,NCX.V,,3.2049999237060547,3.2049999237060547,3.200000047683716,3.200000047683716,400.0
2026-04-09 11:44:00,NFG.V,,2.819999933242798,2.819999933242798,2.819999933242798,2.819999933242798,200.0
2026-04-09 11:44:00,NIM.V,,0.9399999976158142,0.949999988079071,0.9399999976158142,0.949999988079071,28950.0
2026-04-09 11:44:00,OMG.V,,2.0199999809265137,2.0199999809265137,2.0199999809265137,2.0199999809265137,700.0
2026-04-09 11:44:00,OMI.V,,0.36000001430511475,0.36000001430511475,0.36000001430511475,0.36000001430511475,1000.0
2026-04-09 11:44:00,PHNM.V,,0.3499999940395355,0.3499999940395355,0.3499999940395355,0.3499999940395355,4000.0
2026-04-09 11:44:00,PLSR.V,,2.049999952316284,2.049999952316284,2.049999952316284,2.049999952316284,450.0
2026-04-09 11:44:00,PNPN.V,,1.1799999475479126,1.1799999475479126,1.1749999523162842,1.1799999475479126,3200.0
2026-04-09 11:44:00,QGR.V,,0.25999999046325684,0.25999999046325684,0.25999999046325684,0.25999999046325684,32500.0
2026-04-09 11:44:00,RBX.V,,7.190000057220459,7.190000057220459,7.190000057220459,7.190000057220459,100.0
2026-04-09 11:44:00,RDS.V,,0.8899999856948853,0.8899999856948853,0.8899999856948853,0.8899999856948853,1500.0
2026-04-09 11:44:00,RET.V,,2.140000104904175,2.140000104904175,2.140000104904175,2.140000104904175,100.0
2026-04-09 11:44:00,SAGE.V,,0.1850000023841858,0.1850000023841858,0.1850000023841858,0.1850000023841858,0.0
2026-04-09 11:44:00,SCZ.V,,11.180000305175781,11.180000305175781,11.149999618530273,11.170000076293945,8400.0
2026-04-09 11:44:00,SLI.V,,4.679999828338623,4.679999828338623,4.679999828338623,4.679999828338623,300.0
2026-04-09 11:44:00,SNAG.V,,0.2849999964237213,0.2849999964237213,0.2849999964237213,0.2849999964237213,2500.0
2026-04-09 11:45:00,MCI.V,,0.24500000476837158,0.24500000476837158,0.24500000476837158,0.24500000476837158,14000.0
2026-04-09 11:45:00,NAU.V,,1.8200000524520874,1.8200000524520874,1.8200000524520874,1.8200000524520874,1000.0
2026-04-09 11:45:00,NDA.V,,0.949999988079071,0.949999988079071,0.949999988079071,0.949999988079071,2000.0
2026-04-09 11:45:00,NFG.V,,2.819999933242798,2.819999933242798,2.819999933242798,2.819999933242798,700.0
2026-04-09 11:45:00,NXLV.V,,1.9500000476837158,1.9500000476837158,1.9500000476837158,1.9500000476837158,600.0
2026-04-09 11:45:00,OCO.V,,0.4099999964237213,0.4099999964237213,0.39500001072883606,0.39500001072883606,24000.0
2026-04-09 11:45:00,PLSR.V,,2.0299999713897705,2.049999952316284,2.0299999713897705,2.049999952316284,8357.0
2026-04-09 11:45:00,PNPN.V,,1.1799999475479126,1.1799999475479126,1.1799999475479126,1.1799999475479126,100.0
2026-04-09 11:45:00,QNC.V,,3.299999952316284,3.299999952316284,3.299999952316284,3.299999952316284,600.0
2026-04-09 11:45:00,QTWO.V,,2.2799999713897705,2.2799999713897705,2.2799999713897705,2.2799999713897705,900.0
2026-04-09 11:45:00,RBX.V,,7.190000057220459,7.190000057220459,7.190000057220459,7.190000057220459,100.0
2026-04-09 11:45:00,RDS.V,,0.8899999856948853,0.8899999856948853,0.8899999856948853,0.8899999856948853,6500.0
2026-04-09 11:45:00,RKV.V,,0.0949999988079071,0.0949999988079071,0.0949999988079071,0.0949999988079071,5000.0
2026-04-09 11:45:00,ROCK.V,,2.700000047683716,2.700000047683716,2.700000047683716,2.700000047683716,500.0
2026-04-09 11:45:00,SATO.V,,0.0949999988079071,0.0949999988079071,0.0949999988079071,0.0949999988079071,1000.0
2026-04-09 11:45:00,SGML.V,,19.219999313354492,19.219999313354492,19.219999313354492,19.219999313354492,200.0
2026-04-09 11:45:00,SLI.V,,4.670000076293945,4.670000076293945,4.670000076293945,4.670000076293945,200.0
2026-04-09 11:45:00,SNAG.V,,0.2849999964237213,0.2849999964237213,0.2849999964237213,0.2849999964237213,4600.0
2026-04-09 11:45:00,SOMA.V,,1.809999942779541,1.809999942779541,1.809999942779541,1.809999942779541,100.0
2026-04-09 11:46:00,NDA.V,,0.949999988079071,0.949999988079071,0.949999988079071,0.949999988079071,10000.0
2026-04-09 11:46:00,NFG.V,,2.819999933242798,2.819999933242798,2.819999933242798,2.819999933242798,1000.0
2026-04-09 11:46:00,OMG.V,,2.015000104904175,2.015000104904175,2.015000104904175,2.015000104904175,100.0
2026-04-09 11:46:00,PEX.V,,0.17499999701976776,0.17499999701976776,0.17499999701976776,0.17499999701976776,7500.0
2026-04-09 11:46:00,QGR.V,,0.26499998569488525,0.26499998569488525,0.26499998569488525,0.26499998569488525,500.0
2026-04-09 11:46:00,RDS.V,,0.8899999856948853,0.8899999856948853,0.8899999856948853,0.8899999856948853,5500.0
2026-04-09 11:46:00,RML.V,,1.0399999618530273,1.0399999618530273,1.0399999618530273,1.0399999618530273,100.0
2026-04-09 11:46:00,SCZ.V,,11.170000076293945,11.170000076293945,11.170000076293945,11.170000076293945,100.0
2026-04-09 11:47:00,NFG.V,,2.8299999237060547,2.8299999237060547,2.8299999237060547,2.8299999237060547,7198.0
2026-04-09 11:47:00,NOB.V,,0.0949999988079071,0.0949999988079071,0.0949999988079071,0.0949999988079071,1000.0
2026-04-09 11:47:00,NRX.V,,0.6700000166893005,0.6700000166893005,0.6700000166893005,0.6700000166893005,500.0
2026-04-09 11:47:00,OMG.V,,2.0199999809265137,2.0299999713897705,2.0199999809265137,2.0199999809265137,70500.0
2026-04-09 11:47:00,PHNM.V,,0.3499999940395355,0.3499999940395355,0.3499999940395355,0.3499999940395355,6000.0
2026-04-09 11:47:00,PLSR.V,,2.0299999713897705,2.0299999713897705,2.0299999713897705,2.0299999713897705,500.0
2026-04-09 11:47:00,PNPN.V,,1.1799999475479126,1.1799999475479126,1.1799999475479126,1.1799999475479126,100.0
2026-04-09 11:47:00,RDS.V,,0.8899999856948853,0.8899999856948853,0.8899999856948853,0.8899999856948853,1500.0
2026-04-09 11:47:00,SLVR.V,,0.8600000143051147,0.8600000143051147,0.8600000143051147,0.8600000143051147,500.0
2026-04-09 11:47:00,VIPR.V,,1.340000033378601,1.340000033378601,1.340000033378601,1.340000033378601,100.0
2026-04-09 11:48:00,MAI.V,,6.289999961853027,6.289999961853027,6.25,6.260000228881836,6630.0
2026-04-09 11:48:00,NCX.V,,3.2100000381469727,3.2100000381469727,3.2100000381469727,3.2100000381469727,403.0
2026-04-09 11:48:00,NFG.V,,2.8299999237060547,2.8350000381469727,2.8299999237060547,2.8350000381469727,800.0
2026-04-09 11:48:00,NOB.V,,0.0949999988079071,0.0949999988079071,0.0949999988079071,0.0949999988079071,31000.0
2026-04-09 11:48:00,ODV.V,,4.599999904632568,4.599999904632568,4.599999904632568,4.599999904632568,100.0
2026-04-09 11:48:00,OGO.V,,0.8500000238418579,0.8500000238418579,0.8299999833106995,0.8299999833106995,16000.0
2026-04-09 11:48:00,OMG.V,,2.0199999809265137,2.0199999809265137,2.0199999809265137,2.0199999809265137,76400.0
2026-04-09 11:48:00,QNC.V,,3.299999952316284,3.299999952316284,3.299999952316284,3.299999952316284,100.0
2026-04-09 11:48:00,QTWO.V,,2.2899999618530273,2.2899999618530273,2.2799999713897705,2.2799999713897705,900.0
2026-04-09 11:48:00,RBX.V,,7.190000057220459,7.190000057220459,7.190000057220459,7.190000057220459,100.0
2026-04-09 11:48:00,RDS.V,,0.8899999856948853,0.8899999856948853,0.8899999856948853,0.8899999856948853,2500.0
2026-04-09 11:48:00,SBIO.V,,0.27000001072883606,0.27000001072883606,0.27000001072883606,0.27000001072883606,2000.0
2026-04-09 11:48:00,SCZ.V,,11.199999809265137,11.199999809265137,11.1899995803833,11.1899995803833,1000.0
2026-04-09 11:48:00,SGML.V,,19.309999465942383,19.309999465942383,19.309999465942383,19.309999465942383,1000.0
2026-04-09 11:48:00,SSV.V,,0.5899999737739563,0.5899999737739563,0.5899999737739563,0.5899999737739563,20177.0
2026-04-09 11:48:00,SVRS.V,,0.47999998927116394,0.47999998927116394,0.47999998927116394,0.47999998927116394,49233.0
2026-04-09 11:48:00,VIPR.V,,1.340000033378601,1.340000033378601,1.340000033378601,1.340000033378601,100.0
2026-04-09 11:49:00,NAU.V,,1.8300000429153442,1.8300000429153442,1.8200000524520874,1.8200000524520874,19800.0
2026-04-09 11:49:00,NCI.V,,1.0,1.0,1.0,1.0,169.0
2026-04-09 11:49:00,NCX.V,,3.2100000381469727,3.2149999141693115,3.2100000381469727,3.2149999141693115,200.0
2026-04-09 11:49:00,NFG.V,,2.8299999237060547,2.8299999237060547,2.8299999237060547,2.8299999237060547,1100.0
2026-04-09 11:49:00,ODV.V,,4.590000152587891,4.590000152587891,4.590000152587891,4.590000152587891,300.0
2026-04-09 11:49:00,OGO.V,,0.8500000238418579,0.8500000238418579,0.8500000238418579,0.8500000238418579,1000.0
2026-04-09 11:49:00,OMG.V,,2.0199999809265137,2.0199999809265137,2.0199999809265137,2.0199999809265137,3000.0
2026-04-09 11:49:00,OMI.V,,0.36500000953674316,0.36500000953674316,0.36500000953674316,0.36500000953674316,3500.0
2026-04-09 11:49:00,PINK.V,,0.3400000035762787,0.3400000035762787,0.3400000035762787,0.3400000035762787,500.0
2026-04-09 11:49:00,PNPN.V,,1.1799999475479126,1.1799999475479126,1.1799999475479126,1.1799999475479126,100.0
2026-04-09 11:49:00,QNC.V,,3.299999952316284,3.299999952316284,3.299999952316284,3.299999952316284,4000.0
2026-04-09 11:49:00,QTWO.V,,2.2899999618530273,2.2899999618530273,2.2899999618530273,2.2899999618530273,100.0
2026-04-09 11:49:00,RDS.V,,0.8899999856948853,0.8899999856948853,0.8899999856948853,0.8899999856948853,2500.0
2026-04-09 11:49:00,RML.V,,1.0399999618530273,1.0399999618530273,1.0399999618530273,1.0399999618530273,4976.0
2026-04-09 11:49:00,SGML.V,,19.260000228881836,19.260000228881836,19.260000228881836,19.260000228881836,500.0
2026-04-09 11:49:00,SGN.V,,0.3499999940395355,0.3499999940395355,0.3499999940395355,0.3499999940395355,500.0
2026-04-09 11:49:00,SHL.V,,0.47999998927116394,0.48500001430511475,0.47999998927116394,0.48500001430511475,38500.0
2026-04-09 11:49:00,SLI.V,,4.679999828338623,4.679999828338623,4.679999828338623,4.679999828338623,200.0
2026-04-09 11:49:00,SOI.V,,0.2150000035762787,0.2150000035762787,0.2150000035762787,0.2150000035762787,1000.0
2026-04-09 11:49:00,SVRS.V,,0.47999998927116394,0.47999998927116394,0.47999998927116394,0.47999998927116394,600.0
2026-04-09 11:49:00,VIPR.V,,1.350000023841858,1.350000023841858,1.350000023841858,1.350000023841858,1500.0
2026-04-09 11:50:00,AGX.V,,0.7300000190734863,0.7300000190734863,0.7300000190734863,0.7300000190734863,2000.0
2026-04-09 11:50:00,MAI.V,,6.28000020980835,6.289999961853027,6.28000020980835,6.289999961853027,900.0
2026-04-09 11:50:00,NAU.V,,1.840000033378601,1.840000033378601,1.840000033378601,1.840000033378601,4772.0
2026-04-09 11:50:00,NFG.V,,2.8299999237060547,2.8299999237060547,2.8299999237060547,2.8299999237060547,900.0
2026-04-09 11:50:00,ORS.V,,0.10000000149011612,0.10000000149011612,0.10000000149011612,0.10000000149011612,20000.0
2026-04-09 11:50:00,PEI.V,,0.03999999910593033,0.03999999910593033,0.03999999910593033,0.03999999910593033,100000.0
2026-04-09 11:50:00,PGE.V,,0.3149999976158142,0.3149999976158142,0.3149999976158142,0.3149999976158142,500.0
2026-04-09 11:50:00,PLSR.V,,2.0399999618530273,2.0399999618530273,2.0399999618530273,2.0399999618530273,1700.0
2026-04-09 11:50:00,PML.V,,0.8700000047683716,0.8700000047683716,0.8700000047683716,0.8700000047683716,300000.0
2026-04-09 11:50:00,RDS.V,,0.8899999856948853,0.8899999856948853,0.8899999856948853,0.8899999856948853,94203.0
2026-04-09 11:50:00,RKV.V,,0.0949999988079071,0.0949999988079071,0.0949999988079071,0.0949999988079071,3000.0
2026-04-09 11:50:00,SCZ.V,,11.270000457763672,11.270000457763672,11.270000457763672,11.270000457763672,233.0
2026-04-09 11:50:00,SLVR.V,,0.8600000143051147,0.8600000143051147,0.8600000143051147,0.8600000143051147,22100.0
2026-04-09 11:50:00,VIPR.V,,1.340000033378601,1.340000033378601,1.340000033378601,1.340000033378601,900.0
2026-04-09 11:51:00,MAI.V,,6.289999961853027,6.289999961853027,6.289999961853027,6.289999961853027,271.0
2026-04-09 11:51:00,NOW.V,,0.23000000417232513,0.23999999463558197,0.23000000417232513,0.23999999463558197,43378.0
2026-04-09 11:51:00,OMG.V,,2.0199999809265137,2.0199999809265137,2.0199999809265137,2.0199999809265137,100.0
2026-04-09 11:51:00,PNPN.V,,1.190000057220459,1.190000057220459,1.184999942779541,1.184999942779541,3400.0
2026-04-09 11:51:00,PPP.V,,1.2999999523162842,1.2999999523162842,1.2999999523162842,1.2999999523162842,700.0
2026-04-09 11:51:00,RDS.V,,0.8899999856948853,0.8899999856948853,0.8899999856948853,0.8899999856948853,2500.0
2026-04-09 11:51:00,ROOF.V,,0.2199999988079071,0.2199999988079071,0.20499999821186066,0.20499999821186066,100000.0
2026-04-09 11:51:00,SOMA.V,,1.809999942779541,1.809999942779541,1.809999942779541,1.809999942779541,100.0
2026-04-09 11:51:00,SRI.V,,0.02500000037252903,0.02500000037252903,0.02500000037252903,0.02500000037252903,0.0
2026-04-09 11:52:00,NICN.V,,0.11500000208616257,0.11500000208616257,0.11500000208616257,0.11500000208616257,18000.0
2026-04-09 11:52:00,NOW.V,,0.23999999463558197,0.23999999463558197,0.23999999463558197,0.23999999463558197,5000.0
2026-04-09 11:52:00,PML.V,,0.8799999952316284,0.8799999952316284,0.8799999952316284,0.8799999952316284,2000.0
2026-04-09 11:52:00,PWM.V,,0.41999998688697815,0.41999998688697815,0.41999998688697815,0.41999998688697815,500.0
2026-04-09 11:52:00,RDS.V,,0.8899999856948853,0.8899999856948853,0.8899999856948853,0.8899999856948853,2500.0
2026-04-09 11:52:00,RKV.V,,0.0949999988079071,0.0949999988079071,0.0949999988079071,0.0949999988079071,1500.0
2026-04-09 11:52:00,RML.V,,1.0299999713897705,1.0299999713897705,1.0299999713897705,1.0299999713897705,100.0
2026-04-09 11:52:00,SEI.V,,0.5799999833106995,0.5799999833106995,0.5799999833106995,0.5799999833106995,9500.0
2026-04-09 11:52:00,SLI.V,,4.690000057220459,4.690000057220459,4.690000057220459,4.690000057220459,100.0
2026-04-09 11:53:00,MGG.V,,0.38499999046325684,0.38499999046325684,0.38499999046325684,0.38499999046325684,6970.0
2026-04-09 11:53:00,NCX.V,,3.2149999141693115,3.2149999141693115,3.2100000381469727,3.2100000381469727,400.0
2026-04-09 11:53:00,NDA.V,,0.949999988079071,0.949999988079071,0.949999988079071,0.949999988079071,2500.0
2026-04-09 11:53:00,ODV.V,,4.599999904632568,4.599999904632568,4.599999904632568,4.599999904632568,100.0
2026-04-09 11:53:00,OMG.V,,2.0250000953674316,2.0250000953674316,2.0250000953674316,2.0250000953674316,100.0
2026-04-09 11:53:00,RBX.V,,7.199999809265137,7.199999809265137,7.199999809265137,7.199999809265137,200.0
2026-04-09 11:53:00,RDS.V,,0.8899999856948853,0.8899999856948853,0.8899999856948853,0.8899999856948853,1500.0
2026-04-09 11:53:00,RML.V,,1.0399999618530273,1.0399999618530273,1.0399999618530273,1.0399999618530273,200.0
2026-04-09 11:53:00,STUD.V,,0.3449999988079071,0.3449999988079071,0.3449999988079071,0.3449999988079071,1500.0
2026-04-09 11:53:00,VIPR.V,,1.340000033378601,1.340000033378601,1.340000033378601,1.340000033378601,2400.0
2026-04-09 11:54:00,MAI.V,,6.309999942779541,6.309999942779541,6.300000190734863,6.300000190734863,500.0
2026-04-09 11:54:00,MNRG.V,,0.10499999672174454,0.10499999672174454,0.10499999672174454,0.10499999672174454,16000.0
2026-04-09 11:54:00,NCX.V,,3.2100000381469727,3.2100000381469727,3.2100000381469727,3.2100000381469727,500.0
2026-04-09 11:54:00,NFG.V,,2.8350000381469727,2.8350000381469727,2.8350000381469727,2.8350000381469727,2000.0
2026-04-09 11:54:00,NOB.V,,0.10000000149011612,0.10000000149011612,0.10000000149011612,0.10000000149011612,1000.0
2026-04-09 11:54:00,OMG.V,,2.0250000953674316,2.0250000953674316,2.0250000953674316,2.0250000953674316,200.0
2026-04-09 11:54:00,PGDC.V,,0.9100000262260437,0.9100000262260437,0.8999999761581421,0.8999999761581421,1874.0
2026-04-09 11:54:00,PLSR.V,,2.009999990463257,2.0299999713897705,2.009999990463257,2.0299999713897705,8000.0
2026-04-09 11:54:00,QGR.V,,0.26249998807907104,0.26249998807907104,0.26249998807907104,0.26249998807907104,500.0
2026-04-09 11:54:00,RDS.V,,0.8999999761581421,0.8999999761581421,0.8899999856948853,0.8899999856948853,7000.0
2026-04-09 11:54:00,STUD.V,,0.3449999988079071,0.3449999988079071,0.3449999988079071,0.3449999988079071,5000.0
2026-04-09 11:55:00,MNRG.V,,0.10000000149011612,0.10000000149011612,0.10000000149011612,0.10000000149011612,5000.0
2026-04-09 11:55:00,NCX.V,,3.2100000381469727,3.2100000381469727,3.2100000381469727,3.2100000381469727,1500.0
2026-04-09 11:55:00,NFG.V,,2.8350000381469727,2.8350000381469727,2.8350000381469727,2.8350000381469727,2000.0
2026-04-09 11:55:00,OMG.V,,2.0199999809265137,2.0199999809265137,2.0199999809265137,2.0199999809265137,1200.0
2026-04-09 11:55:00,QGR.V,,0.25999999046325684,0.25999999046325684,0.25999999046325684,0.25999999046325684,500.0
2026-04-09 11:55:00,QNC.V,,3.299999952316284,3.299999952316284,3.299999952316284,3.299999952316284,100.0
2026-04-09 11:55:00,QTWO.V,,2.2799999713897705,2.2899999618530273,2.2799999713897705,2.2899999618530273,6100.0
2026-04-09 11:55:00,RDS.V,,0.8999999761581421,0.8999999761581421,0.8899999856948853,0.8899999856948853,6500.0
2026-04-09 11:55:00,RML.V,,1.0499999523162842,1.0499999523162842,1.0449999570846558,1.0449999570846558,35200.0
2026-04-09 11:55:00,SCZ.V,,11.199999809265137,11.199999809265137,11.199999809265137,11.199999809265137,1800.0
2026-04-09 11:55:00,SVRS.V,,0.48500001430511475,0.48500001430511475,0.48500001430511475,0.48500001430511475,5500.0
2026-04-09 11:56:00,MAI.V,,6.300000190734863,6.300000190734863,6.300000190734863,6.300000190734863,400.0
2026-04-09 11:56:00,NCX.V,,3.2149999141693115,3.2149999141693115,3.2149999141693115,3.2149999141693115,100.0
2026-04-09 11:56:00,NOW.V,,0.23999999463558197,0.23999999463558197,0.23999999463558197,0.23999999463558197,15500.0
2026-04-09 11:56:00,OMG.V,,2.0199999809265137,2.0199999809265137,2.0199999809265137,2.0199999809265137,1800.0
2026-04-09 11:56:00,PPP.V,,1.2999999523162842,1.2999999523162842,1.2999999523162842,1.2999999523162842,9900.0
2026-04-09 11:56:00,RDS.V,,0.8999999761581421,0.8999999761581421,0.8999999761581421,0.8999999761581421,1000.0
2026-04-09 11:56:00,RML.V,,1.0499999523162842,1.0499999523162842,1.0499999523162842,1.0499999523162842,2000.0
2026-04-09 11:56:00,SCZ.V,,11.149999618530273,11.149999618530273,11.149999618530273,11.149999618530273,100.0
2026-04-09 11:56:00,SGML.V,,19.260000228881836,19.260000228881836,19.260000228881836,19.260000228881836,100.0
2026-04-09 11:56:00,SVRS.V,,0.48500001430511475,0.48500001430511475,0.48500001430511475,0.48500001430511475,500.0
2026-04-09 11:57:00,MAI.V,,6.28000020980835,6.289999961853027,6.28000020980835,6.289999961853027,500.0
2026-04-09 11:57:00,MNRG.V,,0.10000000149011612,0.10000000149011612,0.10000000149011612,0.10000000149011612,0.0
2026-04-09 11:57:00,NCX.V,,3.2200000286102295,3.2200000286102295,3.2200000286102295,3.2200000286102295,300.0
2026-04-09 11:57:00,NFG.V,,2.8399999141693115,2.8399999141693115,2.8399999141693115,2.8399999141693115,100.0
2026-04-09 11:57:00,NSCI.V,,0.125,0.125,0.125,0.125,12500.0
2026-04-09 11:57:00,OMG.V,,2.0199999809265137,2.0199999809265137,2.0199999809265137,2.0199999809265137,151200.0
2026-04-09 11:57:00,PLSR.V,,2.059999942779541,2.059999942779541,2.0299999713897705,2.0299999713897705,3900.0
2026-04-09 11:57:00,PNPN.V,,1.1799999475479126,1.1799999475479126,1.1799999475479126,1.1799999475479126,7600.0
2026-04-09 11:57:00,QNC.V,,3.299999952316284,3.299999952316284,3.299999952316284,3.299999952316284,100.0
2026-04-09 11:57:00,QTWO.V,,2.2699999809265137,2.2699999809265137,2.2699999809265137,2.2699999809265137,2100.0
2026-04-09 11:57:00,RDS.V,,0.8999999761581421,0.8999999761581421,0.8999999761581421,0.8999999761581421,3000.0
2026-04-09 11:57:00,RET-A.V,,1.899999976158142,1.899999976158142,1.8700000047683716,1.8700000047683716,3600.0
2026-04-09 11:57:00,SCZ.V,,11.180000305175781,11.180000305175781,11.170000076293945,11.170000076293945,200.0
2026-04-09 11:57:00,SKP.V,,0.1899999976158142,0.1899999976158142,0.1899999976158142,0.1899999976158142,0.0
2026-04-09 11:57:00,SLVR.V,,0.8600000143051147,0.8600000143051147,0.8600000143051147,0.8600000143051147,1500.0
2026-04-09 11:57:00,SOMA.V,,1.809999942779541,1.809999942779541,1.809999942779541,1.809999942779541,100.0
2026-04-09 11:58:00,OMG.V,,2.0199999809265137,2.0199999809265137,2.0199999809265137,2.0199999809265137,1100.0
2026-04-09 11:58:00,PLSR.V,,2.049999952316284,2.049999952316284,2.049999952316284,2.049999952316284,100.0
2026-04-09 11:58:00,QGR.V,,0.26499998569488525,0.26499998569488525,0.26499998569488525,0.26499998569488525,12000.0
2026-04-09 11:58:00,QNC.V,,3.319999933242798,3.319999933242798,3.309999942779541,3.309999942779541,975.0
2026-04-09 11:58:00,RDS.V,,0.8999999761581421,0.8999999761581421,0.8899999856948853,0.8999999761581421,6000.0
2026-04-09 11:58:00,RML.V,,1.0499999523162842,1.0499999523162842,1.0499999523162842,1.0499999523162842,1500.0
2026-04-09 11:58:00,ROCK.V,,2.740000009536743,2.740000009536743,2.700000047683716,2.700000047683716,3095.0
2026-04-09 11:58:00,SAE.V,,0.05000000074505806,0.05000000074505806,0.05000000074505806,0.05000000074505806,24000.0
2026-04-09 11:58:00,SCZ.V,,11.220000267028809,11.220000267028809,11.1899995803833,11.1899995803833,3200.0
2026-04-09 11:58:00,SEI.V,,0.5799999833106995,0.5799999833106995,0.5799999833106995,0.5799999833106995,5500.0
2026-04-09 11:58:00,SMN.V,,0.14000000059604645,0.14000000059604645,0.14000000059604645,0.14000000059604645,137500.0
2026-04-09 11:59:00,NOW.V,,0.23499999940395355,0.23499999940395355,0.23499999940395355,0.23499999940395355,6500.0
2026-04-09 11:59:00,OMG.V,,2.0199999809265137,2.0199999809265137,2.009999990463257,2.0199999809265137,10900.0
2026-04-09 11:59:00,PHNM.V,,0.3499999940395355,0.3499999940395355,0.3499999940395355,0.3499999940395355,500.0
2026-04-09 11:59:00,PNPN.V,,1.190000057220459,1.190000057220459,1.190000057220459,1.190000057220459,2200.0
2026-04-09 11:59:00,RDS.V,,0.8999999761581421,0.8999999761581421,0.8999999761581421,0.8999999761581421,2500.0
2026-04-09 11:59:00,SLG.V,,3.5,3.5,3.5,3.5,100.0
2026-04-09 12:00:00,NFG.V,,2.8299999237060547,2.8299999237060547,2.8299999237060547,2.8299999237060547,100.0
2026-04-09 12:00:00,NIM.V,,0.949999988079071,0.949999988079071,0.949999988079071,0.949999988079071,26000.0
2026-04-09 12:00:00,PLSR.V,,2.069999933242798,2.069999933242798,2.069999933242798,2.069999933242798,300.0
2026-04-09 12:00:00,PPX.V,,0.2849999964237213,0.2849999964237213,0.2849999964237213,0.2849999964237213,2000.0
2026-04-09 12:00:00,RDS.V,,0.8899999856948853,0.8999999761581421,0.8899999856948853,0.8999999761581421,6500.0
2026-04-09 12:00:00,SOMA.V,,1.7999999523162842,1.8200000524520874,1.7999999523162842,1.809999942779541,6500.0
2026-04-09 12:00:00,SOU.V,,0.07000000029802322,0.07000000029802322,0.07000000029802322,0.07000000029802322,15000.0
2026-04-09 12:00:00,SPC.V,,0.054999999701976776,0.054999999701976776,0.054999999701976776,0.054999999701976776,5000.0
2026-04-09 12:00:00,VIPR.V,,1.3300000429153442,1.3300000429153442,1.3300000429153442,1.3300000429153442,100.0
2026-04-09 12:01:00,CTZ.V,,1.190000057220459,1.190000057220459,1.190000057220459,1.190000057220459,200.0
2026-04-09 12:01:00,MAI.V,,6.300000190734863,6.300000190734863,6.289999961853027,6.289999961853027,3880.0
2026-04-09 12:01:00,MMY.V,,0.9900000095367432,0.9900000095367432,0.9900000095367432,0.9900000095367432,500.0
2026-04-09 12:01:00,NAU.V,,1.840000033378601,1.840000033378601,1.840000033378601,1.840000033378601,10800.0
2026-04-09 12:01:00,NDA.V,,0.949999988079071,0.949999988079071,0.949999988079071,0.949999988079071,500.0
2026-04-09 12:01:00,NFG.V,,2.8450000286102295,2.8450000286102295,2.8399999141693115,2.8399999141693115,5500.0
2026-04-09 12:01:00,NOB.V,,0.10000000149011612,0.10000000149011612,0.10000000149011612,0.10000000149011612,5000.0
2026-04-09 12:01:00,NSE.V,,0.5600000023841858,0.5600000023841858,0.5600000023841858,0.5600000023841858,0.0
2026-04-09 12:01:00,PEX.V,,0.17499999701976776,0.17499999701976776,0.17499999701976776,0.17499999701976776,2500.0
2026-04-09 12:01:00,PLSR.V,,2.059999942779541,2.069999933242798,2.059999942779541,2.069999933242798,1500.0
2026-04-09 12:01:00,PPP.V,,1.2999999523162842,1.2999999523162842,1.2999999523162842,1.2999999523162842,100.0
2026-04-09 12:01:00,QNC.V,,3.3299999237060547,3.3299999237060547,3.319999933242798,3.319999933242798,2200.0
2026-04-09 12:01:00,QTWO.V,,2.2750000953674316,2.2750000953674316,2.2750000953674316,2.2750000953674316,200.0
2026-04-09 12:01:00,RDS.V,,0.8899999856948853,0.8999999761581421,0.8899999856948853,0.8999999761581421,6000.0
2026-04-09 12:01:00,STRR.V,,0.5199999809265137,0.5199999809265137,0.5199999809265137,0.5199999809265137,500.0
2026-04-09 12:02:00,MNRG.V,,0.10000000149011612,0.10000000149011612,0.10000000149011612,0.10000000149011612,4000.0
2026-04-09 12:02:00,NCX.V,,3.25,3.25,3.2300000190734863,3.2300000190734863,69100.0
2026-04-09 12:02:00,NSE.V,,0.5600000023841858,0.5600000023841858,0.5600000023841858,0.5600000023841858,77000.0
2026-04-09 12:02:00,OMG.V,,2.0250000953674316,2.0250000953674316,2.0250000953674316,2.0250000953674316,289.0
2026-04-09 12:02:00,PER.V,,0.18000000715255737,0.18000000715255737,0.18000000715255737,0.18000000715255737,6426.0
2026-04-09 12:02:00,PPP.V,,1.315000057220459,1.315000057220459,1.315000057220459,1.315000057220459,1000.0
2026-04-09 12:02:00,PUR.V,,0.6499999761581421,0.6600000262260437,0.6499999761581421,0.6600000262260437,7500.0
2026-04-09 12:02:00,QGR.V,,0.25999999046325684,0.25999999046325684,0.25999999046325684,0.25999999046325684,500.0
2026-04-09 12:02:00,QNC.V,,3.3399999141693115,3.3399999141693115,3.3399999141693115,3.3399999141693115,2200.0
2026-04-09 12:02:00,QTWO.V,,2.2799999713897705,2.2799999713897705,2.2799999713897705,2.2799999713897705,100.0
2026-04-09 12:02:00,RAK.V,,0.1599999964237213,0.1599999964237213,0.1599999964237213,0.1599999964237213,1000.0
2026-04-09 12:02:00,RDS.V,,0.8999999761581421,0.8999999761581421,0.8899999856948853,0.8999999761581421,3500.0
2026-04-09 12:02:00,ROK.V,,0.26499998569488525,0.26499998569488525,0.26499998569488525,0.26499998569488525,16500.0
2026-04-09 12:02:00,ROS.V,,0.26499998569488525,0.26499998569488525,0.26499998569488525,0.26499998569488525,12000.0
2026-04-09 12:02:00,RZL.V,,0.45500001311302185,0.45500001311302185,0.44999998807907104,0.44999998807907104,7000.0
2026-04-09 12:02:00,SOMA.V,,1.8049999475479126,1.8049999475479126,1.8049999475479126,1.8049999475479126,300.0
2026-04-09 12:02:00,SSV.V,,0.5899999737739563,0.5899999737739563,0.5899999737739563,0.5899999737739563,5000.0
2026-04-09 12:03:00,AGX.V,,0.7300000190734863,0.7300000190734863,0.7300000190734863,0.7300000190734863,1785.0
2026-04-09 12:03:00,MAI.V,,6.300000190734863,6.309999942779541,6.300000190734863,6.309999942779541,1000.0
2026-04-09 12:03:00,MMY.V,,0.9900000095367432,0.9900000095367432,0.9900000095367432,0.9900000095367432,10600.0
2026-04-09 12:03:00,NCAU.V,,0.6499999761581421,0.6549999713897705,0.6499999761581421,0.6549999713897705,12000.0
2026-04-09 12:03:00,NCX.V,,3.2699999809265137,3.2699999809265137,3.259999990463257,3.259999990463257,730.0
2026-04-09 12:03:00,NIM.V,,0.949999988079071,0.949999988079071,0.949999988079071,0.949999988079071,19000.0
2026-04-09 12:03:00,NWX.V,,0.1550000011920929,0.1550000011920929,0.1550000011920929,0.1550000011920929,1000.0
2026-04-09 12:03:00,PGE.V,,0.3199999928474426,0.3199999928474426,0.3199999928474426,0.3199999928474426,21000.0
2026-04-09 12:03:00,PGLD.V,,0.7300000190734863,0.7300000190734863,0.7200000286102295,0.7200000286102295,64200.0
2026-04-09 12:03:00,PPP.V,,1.309999942779541,1.309999942779541,1.309999942779541,1.309999942779541,1700.0
2026-04-09 12:03:00,PUR.V,,0.6499999761581421,0.6499999761581421,0.6499999761581421,0.6499999761581421,1000.0
2026-04-09 12:03:00,PWM.V,,0.42500001192092896,0.42500001192092896,0.42500001192092896,0.42500001192092896,2000.0
2026-04-09 12:03:00,QGR.V,,0.2549999952316284,0.2549999952316284,0.2549999952316284,0.2549999952316284,500.0
2026-04-09 12:03:00,QTWO.V,,2.2799999713897705,2.2799999713897705,2.2799999713897705,2.2799999713897705,200.0
2026-04-09 12:03:00,RAK.V,,0.1599999964237213,0.1599999964237213,0.1599999964237213,0.1599999964237213,5000.0
2026-04-09 12:03:00,RDS.V,,0.8899999856948853,0.8899999856948853,0.8899999856948853,0.8899999856948853,16000.0
2026-04-09 12:03:00,ROCK.V,,2.740000009536743,2.740000009536743,2.740000009536743,2.740000009536743,1400.0
2026-04-09 12:03:00,SCZ.V,,11.270000457763672,11.270000457763672,11.239999771118164,11.239999771118164,558.0
2026-04-09 12:03:00,SLI.V,,4.690000057220459,4.690000057220459,4.690000057220459,4.690000057220459,400.0
2026-04-09 12:03:00,SLVR.V,,0.8700000047683716,0.8700000047683716,0.8700000047683716,0.8700000047683716,1500.0
2026-04-09 12:03:00,SNM.V,,0.20999999344348907,0.20999999344348907,0.20999999344348907,0.20999999344348907,1500.0
2026-04-09 12:03:00,SOLR.V,,0.014999999664723873,0.014999999664723873,0.014999999664723873,0.014999999664723873,3000.0
2026-04-09 12:03:00,STE.V,,0.44999998807907104,0.44999998807907104,0.44999998807907104,0.44999998807907104,35000.0
2026-04-09 12:03:00,SVE.V,,0.550000011920929,0.550000011920929,0.550000011920929,0.550000011920929,10500.0
2026-04-09 12:04:00,MMY.V,,0.9900000095367432,0.9900000095367432,0.9900000095367432,0.9900000095367432,6000.0
2026-04-09 12:04:00,NAU.V,,1.840000033378601,1.840000033378601,1.840000033378601,1.840000033378601,28000.0
2026-04-09 12:04:00,NDA.V,,0.9399999976158142,0.9399999976158142,0.9399999976158142,0.9399999976158142,12000.0
2026-04-09 12:04:00,OGO.V,,0.8399999737739563,0.8399999737739563,0.8399999737739563,0.8399999737739563,3000.0
2026-04-09 12:04:00,OMG.V,,2.0299999713897705,2.0350000858306885,2.0299999713897705,2.0299999713897705,15220.0
2026-04-09 12:04:00,QGR.V,,0.2549999952316284,0.2549999952316284,0.2549999952316284,0.2549999952316284,500.0
2026-04-09 12:04:00,QTWO.V,,2.2799999713897705,2.2799999713897705,2.2799999713897705,2.2799999713897705,200.0
2026-04-09 12:04:00,RDS.V,,0.8899999856948853,0.8899999856948853,0.8899999856948853,0.8899999856948853,3500.0
2026-04-09 12:04:00,SCZ.V,,11.279999732971191,11.279999732971191,11.270000457763672,11.270000457763672,400.0
2026-04-09 12:04:00,SNV.V,,0.04500000178813934,0.04500000178813934,0.04500000178813934,0.04500000178813934,0.0
2026-04-09 12:04:00,SRR.V,,0.9900000095367432,0.9900000095367432,0.9900000095367432,0.9900000095367432,9500.0
2026-04-09 12:05:00,AGX.V,,0.7400000095367432,0.7400000095367432,0.7400000095367432,0.7400000095367432,500.0
2026-04-09 12:05:00,MAI.V,,6.309999942779541,6.309999942779541,6.289999961853027,6.289999961853027,2900.0
2026-04-09 12:05:00,NDA.V,,0.9399999976158142,0.9399999976158142,0.9399999976158142,0.9399999976158142,1000.0
2026-04-09 12:05:00,NSCI.V,,0.13500000536441803,0.13500000536441803,0.12999999523162842,0.12999999523162842,40000.0
2026-04-09 12:05:00,OMG.V,,2.0199999809265137,2.0199999809265137,2.0199999809265137,2.0199999809265137,1200.0
2026-04-09 12:05:00,ONYX.V,,1.190000057220459,1.190000057220459,1.190000057220459,1.190000057220459,100.0
2026-04-09 12:05:00,PALI.V,,2.450000047683716,2.450000047683716,2.450000047683716,2.450000047683716,1500.0
2026-04-09 12:05:00,PLSR.V,,2.069999933242798,2.069999933242798,2.059999942779541,2.059999942779541,2100.0
2026-04-09 12:05:00,QGR.V,,0.2549999952316284,0.2549999952316284,0.2549999952316284,0.2549999952316284,500.0
2026-04-09 12:05:00,RAK.V,,0.1599999964237213,0.1599999964237213,0.1599999964237213,0.1599999964237213,4000.0
2026-04-09 12:05:00,RBX.V,,7.25,7.260000228881836,7.25,7.260000228881836,1500.0
2026-04-09 12:06:00,GASX.V,,1.4800000190734863,1.5,1.4800000190734863,1.5,71844.0
2026-04-09 12:06:00,NAU.V,,1.840000033378601,1.840000033378601,1.840000033378601,1.840000033378601,1400.0
2026-04-09 12:06:00,OMG.V,,2.0199999809265137,2.0199999809265137,2.0199999809265137,2.0199999809265137,100.0
2026-04-09 12:06:00,PPP.V,,1.309999942779541,1.309999942779541,1.309999942779541,1.309999942779541,100.0
2026-04-09 12:06:00,SGML.V,,19.309999465942383,19.309999465942383,19.309999465942383,19.309999465942383,600.0
2026-04-09 12:06:00,SM.V,,1.8600000143051147,1.8600000143051147,1.8600000143051147,1.8600000143051147,200.0
2026-04-09 12:06:00,SPX.V,,0.10499999672174454,0.10499999672174454,0.10499999672174454,0.10499999672174454,1000.0
2026-04-09 12:06:00,SSV.V,,0.6000000238418579,0.6000000238418579,0.6000000238418579,0.6000000238418579,2000.0
2026-04-09 12:07:00,AGX.V,,0.7300000190734863,0.7300000190734863,0.7300000190734863,0.7300000190734863,4000.0
2026-04-09 12:07:00,GASX.V,,1.4800000190734863,1.4800000190734863,1.4800000190734863,1.4800000190734863,100.0
2026-04-09 12:07:00,MAI.V,,6.300000190734863,6.300000190734863,6.300000190734863,6.300000190734863,6300.0
2026-04-09 12:07:00,NFG.V,,2.8550000190734863,2.8550000190734863,2.8499999046325684,2.8499999046325684,3400.0
2026-04-09 12:07:00,OMG.V,,2.0199999809265137,2.0199999809265137,2.0199999809265137,2.0199999809265137,5201.0
2026-04-09 12:07:00,PINK.V,,0.35499998927116394,0.35499998927116394,0.35499998927116394,0.35499998927116394,2000.0
2026-04-09 12:07:00,PWM.V,,0.41999998688697815,0.41999998688697815,0.41999998688697815,0.41999998688697815,500.0
2026-04-09 12:07:00,QGR.V,,0.2549999952316284,0.2549999952316284,0.2549999952316284,0.2549999952316284,500.0
2026-04-09 12:07:00,RDS.V,,0.8899999856948853,0.8899999856948853,0.8899999856948853,0.8899999856948853,3000.0
2026-04-09 12:07:00,SGN.V,,0.3499999940395355,0.3499999940395355,0.3499999940395355,0.3499999940395355,500.0
2026-04-09 12:07:00,SLVR.V,,0.8700000047683716,0.8700000047683716,0.8700000047683716,0.8700000047683716,1500.0
2026-04-09 12:08:00,AGX.V,,0.7300000190734863,0.7350000143051147,0.7300000190734863,0.7350000143051147,25000.0
2026-04-09 12:08:00,GASX.V,,1.4800000190734863,1.4800000190734863,1.4800000190734863,1.4800000190734863,100.0
2026-04-09 12:08:00,PLSR.V,,2.049999952316284,2.059999942779541,2.049999952316284,2.059999942779541,1200.0
2026-04-09 12:08:00,QGR.V,,0.2549999952316284,0.2549999952316284,0.2549999952316284,0.2549999952316284,500.0
2026-04-09 12:08:00,RLYG.V,,0.6399999856948853,0.6399999856948853,0.6399999856948853,0.6399999856948853,4000.0
2026-04-09 12:08:00,RVG.V,,0.8199999928474426,0.8199999928474426,0.8199999928474426,0.8199999928474426,1000.0
2026-04-09 12:08:00,SLI.V,,4.71999979019165,4.71999979019165,4.71999979019165,4.71999979019165,500.0
2026-04-09 12:08:00,SLVR.V,,0.8700000047683716,0.8700000047683716,0.8700000047683716,0.8700000047683716,4000.0
2026-04-09 12:08:00,SM.V,,1.8600000143051147,1.8600000143051147,1.8600000143051147,1.8600000143051147,200.0
2026-04-09 12:08:00,VIPR.V,,1.3300000429153442,1.340000033378601,1.3200000524520874,1.3300000429153442,29700.0
2026-04-09 12:09:00,NDA.V,,0.9399999976158142,0.9399999976158142,0.9399999976158142,0.9399999976158142,9000.0
2026-04-09 12:09:00,OMG.V,,2.0199999809265137,2.0199999809265137,2.0199999809265137,2.0199999809265137,1200.0
2026-04-09 12:09:00,PLSR.V,,2.0299999713897705,2.0399999618530273,2.0299999713897705,2.0399999618530273,9400.0
2026-04-09 12:09:00,PPP.V,,1.309999942779541,1.309999942779541,1.309999942779541,1.309999942779541,100.0
2026-04-09 12:09:00,QGR.V,,0.25999999046325684,0.25999999046325684,0.25999999046325684,0.25999999046325684,500.0
2026-04-09 12:09:00,QTWO.V,,2.2799999713897705,2.2799999713897705,2.2799999713897705,2.2799999713897705,300.0
2026-04-09 12:09:00,RDS.V,,0.8899999856948853,0.8899999856948853,0.8899999856948853,0.8899999856948853,2500.0
2026-04-09 12:09:00,RML.V,,1.0399999618530273,1.0399999618530273,1.0399999618530273,1.0399999618530273,100.0
2026-04-09 12:09:00,SGML.V,,19.25,19.25,19.25,19.25,100.0
2026-04-09 12:09:00,SLI.V,,4.710000038146973,4.710000038146973,4.710000038146973,4.710000038146973,300.0
2026-04-09 12:09:00,VIPR.V,,1.3300000429153442,1.3300000429153442,1.3200000524520874,1.3300000429153442,21878.0
2026-04-09 12:10:00,GASX.V,,1.4800000190734863,1.4800000190734863,1.4800000190734863,1.4800000190734863,100.0
2026-04-09 12:10:00,MAI.V,,6.300000190734863,6.300000190734863,6.289999961853027,6.289999961853027,700.0
2026-04-09 12:10:00,NEV.V,,0.029999999329447746,0.029999999329447746,0.029999999329447746,0.029999999329447746,100000.0
2026-04-09 12:10:00,NOW.V,,0.23000000417232513,0.23000000417232513,0.23000000417232513,0.23000000417232513,23500.0
2026-04-09 12:10:00,OMG.V,,2.0199999809265137,2.0199999809265137,2.0199999809265137,2.0199999809265137,1700.0
2026-04-09 12:10:00,PML.V,,0.8799999952316284,0.8799999952316284,0.8799999952316284,0.8799999952316284,16500.0
2026-04-09 12:10:00,SGN.V,,0.35499998927116394,0.35499998927116394,0.35499998927116394,0.35499998927116394,500.0
2026-04-09 12:11:00,GASX.V,,1.4800000190734863,1.4800000190734863,1.4800000190734863,1.4800000190734863,100.0
2026-04-09 12:11:00,MCI.V,,0.23999999463558197,0.23999999463558197,0.23999999463558197,0.23999999463558197,12500.0
2026-04-09 12:11:00,NDA.V,,0.9399999976158142,0.9399999976158142,0.9399999976158142,0.9399999976158142,650.0
2026-04-09 12:11:00,NEV.V,,0.02500000037252903,0.02500000037252903,0.02500000037252903,0.02500000037252903,178000.0
2026-04-09 12:11:00,NFG.V,,2.859999895095825,2.859999895095825,2.8499999046325684,2.8550000190734863,6000.0
2026-04-09 12:11:00,ODV.V,,4.590000152587891,4.590000152587891,4.590000152587891,4.590000152587891,100.0
2026-04-09 12:11:00,PHNM.V,,0.36000001430511475,0.36000001430511475,0.36000001430511475,0.36000001430511475,5000.0
2026-04-09 12:11:00,PNPN.V,,1.1799999475479126,1.1799999475479126,1.1799999475479126,1.1799999475479126,100.0
2026-04-09 12:11:00,PWM.V,,0.41999998688697815,0.41999998688697815,0.41999998688697815,0.41999998688697815,500.0
2026-04-09 12:11:00,QGR.V,,0.25999999046325684,0.25999999046325684,0.25999999046325684,0.25999999046325684,1000.0
2026-04-09 12:11:00,RAGE.V,,0.49000000953674316,0.49000000953674316,0.49000000953674316,0.49000000953674316,1001.0
2026-04-09 12:11:00,RDS.V,,0.8899999856948853,0.8899999856948853,0.8899999856948853,0.8899999856948853,33500.0
2026-04-09 12:11:00,RECO.V,,1.059999942779541,1.059999942779541,1.059999942779541,1.059999942779541,300.0
2026-04-09 12:12:00,NAU.V,,1.850000023841858,1.850000023841858,1.850000023841858,1.850000023841858,300.0
2026-04-09 12:12:00,NCX.V,,3.2699999809265137,3.2699999809265137,3.2699999809265137,3.2699999809265137,400.0
2026-04-09 12:12:00,NEV.V,,0.02500000037252903,0.02500000037252903,0.02500000037252903,0.02500000037252903,99000.0
2026-04-09 12:12:00,OCO.V,,0.4050000011920929,0.4050000011920929,0.4050000011920929,0.4050000011920929,5000.0
2026-04-09 12:12:00,OMG.V,,2.0250000953674316,2.0250000953674316,2.0199999809265137,2.0199999809265137,200.0
2026-04-09 12:12:00,ONYX.V,,1.2000000476837158,1.2000000476837158,1.2000000476837158,1.2000000476837158,100.0
2026-04-09 12:12:00,PGDC.V,,0.9100000262260437,0.9100000262260437,0.9100000262260437,0.9100000262260437,2500.0
2026-04-09 12:12:00,PLSR.V,,2.049999952316284,2.049999952316284,2.049999952316284,2.049999952316284,600.0
2026-04-09 12:12:00,PML.V,,0.8799999952316284,0.8799999952316284,0.8799999952316284,0.8799999952316284,14500.0
2026-04-09 12:12:00,PWM.V,,0.42500001192092896,0.42500001192092896,0.42500001192092896,0.42500001192092896,6000.0
2026-04-09 12:12:00,QPT.V,,0.03500000014901161,0.03500000014901161,0.03500000014901161,0.03500000014901161,77000.0
2026-04-09 12:12:00,QTWO.V,,2.2850000858306885,2.2850000858306885,2.2850000858306885,2.2850000858306885,100.0
2026-04-09 12:12:00,SCZ.V,,11.279999732971191,11.279999732971191,11.270000457763672,11.270000457763672,1700.0
2026-04-09 12:12:00,SEND.V,,1.600000023841858,1.600000023841858,1.600000023841858,1.600000023841858,100.0
2026-04-09 12:12:00,SVRS.V,,0.48500001430511475,0.48500001430511475,0.48500001430511475,0.48500001430511475,16000.0
2026-04-09 12:12:00,VIPR.V,,1.340000033378601,1.340000033378601,1.3300000429153442,1.3300000429153442,2000.0
2026-04-09 12:13:00,AGX.V,,0.7300000190734863,0.7300000190734863,0.7300000190734863,0.7300000190734863,4000.0
2026-04-09 12:13:00,MGG.V,,0.38999998569488525,0.38999998569488525,0.38999998569488525,0.38999998569488525,15000.0
2026-04-09 12:13:00,NCX.V,,3.2750000953674316,3.2750000953674316,3.2750000953674316,3.2750000953674316,100.0
2026-04-09 12:13:00,ODV.V,,4.619999885559082,4.619999885559082,4.619999885559082,4.619999885559082,130.0
2026-04-09 12:13:00,OMG.V,,2.0299999713897705,2.0299999713897705,2.0299999713897705,2.0299999713897705,3500.0
2026-04-09 12:13:00,PML.V,,0.8899999856948853,0.8899999856948853,0.8899999856948853,0.8899999856948853,15000.0
2026-04-09 12:13:00,QNC.V,,3.319999933242798,3.3299999237060547,3.319999933242798,3.3299999237060547,1300.0
2026-04-09 12:13:00,RBX.V,,7.309999942779541,7.309999942779541,7.25,7.260000228881836,400.0
2026-04-09 12:13:00,RDS.V,,0.8999999761581421,0.8999999761581421,0.8899999856948853,0.8899999856948853,2293.0
2026-04-09 12:13:00,ROCK.V,,2.740000009536743,2.740000009536743,2.7300000190734863,2.7300000190734863,800.0
2026-04-09 12:13:00,RZL.V,,0.46000000834465027,0.46000000834465027,0.46000000834465027,0.46000000834465027,500.0
2026-04-09 12:13:00,SGML.V,,19.34000015258789,19.34000015258789,19.34000015258789,19.34000015258789,100.0
2026-04-09 12:13:00,SVRS.V,,0.4749999940395355,0.48249998688697815,0.4749999940395355,0.48249998688697815,62800.0
2026-04-09 12:13:00,VIPR.V,,1.3300000429153442,1.3300000429153442,1.3300000429153442,1.3300000429153442,5000.0
2026-04-09 12:14:00,MMY.V,,0.9900000095367432,0.9900000095367432,0.9900000095367432,0.9900000095367432,3000.0
2026-04-09 12:14:00,PLSR.V,,2.0399999618530273,2.0399999618530273,2.0399999618530273,2.0399999618530273,600.0
2026-04-09 12:14:00,PML.V,,0.8799999952316284,0.8799999952316284,0.8799999952316284,0.8799999952316284,46000.0
2026-04-09 12:14:00,PPP.V,,1.309999942779541,1.309999942779541,1.309999942779541,1.309999942779541,100.0
2026-04-09 12:14:00,QTWO.V,,2.2850000858306885,2.2850000858306885,2.2850000858306885,2.2850000858306885,100.0
2026-04-09 12:14:00,RCK.V,,0.949999988079071,0.949999988079071,0.949999988079071,0.949999988079071,1000.0
2026-04-09 12:14:00,RDS.V,,0.8999999761581421,0.8999999761581421,0.8999999761581421,0.8999999761581421,500.0
2026-04-09 12:14:00,SGML.V,,19.290000915527344,19.290000915527344,19.290000915527344,19.290000915527344,100.0
2026-04-09 12:15:00,AGX.V,,0.7300000190734863,0.7300000190734863,0.7300000190734863,0.7300000190734863,28500.0
2026-04-09 12:15:00,MAI.V,,6.289999961853027,6.289999961853027,6.289999961853027,6.289999961853027,900.0
2026-04-09 12:15:00,NFG.V,,2.865000009536743,2.865000009536743,2.865000009536743,2.865000009536743,600.0
2026-04-09 12:15:00,NRX.V,,0.6499999761581421,0.6499999761581421,0.6499999761581421,0.6499999761581421,1500.0
2026-04-09 12:15:00,OMG.V,,2.0250000953674316,2.0250000953674316,2.0250000953674316,2.0250000953674316,900.0
2026-04-09 12:15:00,PINK.V,,0.3449999988079071,0.3449999988079071,0.3449999988079071,0.3449999988079071,5500.0
2026-04-09 12:15:00,PML.V,,0.8799999952316284,0.8799999952316284,0.8799999952316284,0.8799999952316284,20000.0
2026-04-09 12:15:00,PNPN.V,,1.1799999475479126,1.1799999475479126,1.1699999570846558,1.1799999475479126,12200.0
2026-04-09 12:15:00,PPP.V,,1.309999942779541,1.309999942779541,1.309999942779541,1.309999942779541,1200.0
2026-04-09 12:15:00,PWM.V,,0.41999998688697815,0.41999998688697815,0.41999998688697815,0.41999998688697815,500.0
2026-04-09 12:15:00,QNC.V,,3.299999952316284,3.309999942779541,3.299999952316284,3.309999942779541,1800.0
2026-04-09 12:15:00,RBX.V,,7.309999942779541,7.309999942779541,7.309999942779541,7.309999942779541,100.0
2026-04-09 12:15:00,RCK.V,,0.9599999785423279,0.9599999785423279,0.9599999785423279,0.9599999785423279,1830.0
2026-04-09 12:15:00,RDS.V,,0.8999999761581421,0.8999999761581421,0.8999999761581421,0.8999999761581421,500.0
2026-04-09 12:15:00,RMD.V,,0.12999999523162842,0.12999999523162842,0.10000000149011612,0.10000000149011612,29500.0
2026-04-09 12:15:00,RML.V,,1.0499999523162842,1.0499999523162842,1.0499999523162842,1.0499999523162842,2000.0
2026-04-09 12:15:00,SNM.V,,0.20000000298023224,0.20000000298023224,0.20000000298023224,0.20000000298023224,22500.0
2026-04-09 12:15:00,SOMA.V,,1.809999942779541,1.809999942779541,1.809999942779541,1.809999942779541,100.0
2026-04-09 12:16:00,MMY.V,,0.9900000095367432,0.9900000095367432,0.9900000095367432,0.9900000095367432,3066.0
2026-04-09 12:16:00,NCX.V,,3.2750000953674316,3.2750000953674316,3.2750000953674316,3.2750000953674316,100.0
2026-04-09 12:16:00,NFD-A.V,,5.300000190734863,5.300000190734863,5.289999961853027,5.289999961853027,700.0
2026-04-09 12:16:00,OMG.V,,2.0199999809265137,2.0199999809265137,2.0199999809265137,2.0199999809265137,1300.0
2026-04-09 12:16:00,PNPN.V,,1.1799999475479126,1.1799999475479126,1.1799999475479126,1.1799999475479126,300.0
2026-04-09 12:16:00,PWM.V,,0.41999998688697815,0.41999998688697815,0.41999998688697815,0.41999998688697815,526.0
2026-04-09 12:16:00,RAGE.V,,0.49000000953674316,0.49000000953674316,0.49000000953674316,0.49000000953674316,4000.0
2026-04-09 12:16:00,RDS.V,,0.8999999761581421,0.8999999761581421,0.8999999761581421,0.8999999761581421,500.0
2026-04-09 12:16:00,RZL.V,,0.46000000834465027,0.46000000834465027,0.46000000834465027,0.46000000834465027,2500.0
2026-04-09 12:16:00,SCD.V,,0.13500000536441803,0.13500000536441803,0.13500000536441803,0.13500000536441803,2000.0
2026-04-09 12:17:00,GASX.V,,1.4800000190734863,1.4800000190734863,1.4800000190734863,1.4800000190734863,100.0
2026-04-09 12:17:00,MMY.V,,0.9900000095367432,0.9900000095367432,0.9900000095367432,0.9900000095367432,500.0
2026-04-09 12:17:00,MNRG.V,,0.10000000149011612,0.10000000149011612,0.10000000149011612,0.10000000149011612,7000.0
2026-04-09 12:17:00,NAU.V,,1.850000023841858,1.850000023841858,1.850000023841858,1.850000023841858,94328.0
2026-04-09 12:17:00,NCX.V,,3.2799999713897705,3.2799999713897705,3.2799999713897705,3.2799999713897705,1600.0
2026-04-09 12:17:00,NEV.V,,0.02500000037252903,0.02500000037252903,0.02500000037252903,0.02500000037252903,3000.0
2026-04-09 12:17:00,NSU.V,,0.20000000298023224,0.20000000298023224,0.1850000023841858,0.1850000023841858,20500.0
2026-04-09 12:17:00,OGO.V,,0.8299999833106995,0.8299999833106995,0.8299999833106995,0.8299999833106995,9000.0
2026-04-09 12:17:00,OMG.V,,2.0199999809265137,2.0199999809265137,2.0199999809265137,2.0199999809265137,200.0
2026-04-09 12:17:00,PPX.V,,0.28999999165534973,0.28999999165534973,0.2849999964237213,0.2849999964237213,10000.0
2026-04-09 12:17:00,RDS.V,,0.8999999761581421,0.8999999761581421,0.8999999761581421,0.8999999761581421,1500.0
2026-04-09 12:17:00,SCZ.V,,11.279999732971191,11.279999732971191,11.279999732971191,11.279999732971191,900.0
2026-04-09 12:18:00,NFG.V,,2.859999895095825,2.859999895095825,2.859999895095825,2.859999895095825,1500.0
2026-04-09 12:18:00,NIM.V,,0.949999988079071,0.949999988079071,0.949999988079071,0.949999988079071,1000.0
2026-04-09 12:18:00,OMG.V,,2.0199999809265137,2.0199999809265137,2.0199999809265137,2.0199999809265137,6100.0
2026-04-09 12:18:00,PML.V,,0.8799999952316284,0.8799999952316284,0.8799999952316284,0.8799999952316284,500.0
2026-04-09 12:18:00,PPX.V,,0.2849999964237213,0.2849999964237213,0.2849999964237213,0.2849999964237213,11500.0
2026-04-09 12:18:00,QTWO.V,,2.2899999618530273,2.2899999618530273,2.2899999618530273,2.2899999618530273,400.0
2026-04-09 12:18:00,RDS.V,,0.8999999761581421,0.8999999761581421,0.8999999761581421,0.8999999761581421,2500.0
2026-04-09 12:18:00,RML.V,,1.0499999523162842,1.0499999523162842,1.0499999523162842,1.0499999523162842,5000.0
2026-04-09 12:18:00,RPX.V,,0.18000000715255737,0.18000000715255737,0.18000000715255737,0.18000000715255737,500.0
2026-04-09 12:18:00,SGML.V,,19.309999465942383,19.309999465942383,19.309999465942383,19.309999465942383,700.0
2026-04-09 12:18:00,SPC.V,,0.054999999701976776,0.054999999701976776,0.054999999701976776,0.054999999701976776,5000.0
2026-04-09 12:19:00,MMY.V,,0.9900000095367432,0.9900000095367432,0.9900000095367432,0.9900000095367432,2500.0
2026-04-09 12:19:00,PHA.V,,0.019999999552965164,0.019999999552965164,0.019999999552965164,0.019999999552965164,0.0
2026-04-09 12:19:00,QNC.V,,3.309999942779541,3.309999942779541,3.309999942779541,3.309999942779541,100.0
2026-04-09 12:19:00,QZM.V,,0.7099999785423279,0.7099999785423279,0.7099999785423279,0.7099999785423279,2000.0
2026-04-09 12:19:00,RDS.V,,0.8999999761581421,0.8999999761581421,0.8999999761581421,0.8999999761581421,2500.0
2026-04-09 12:19:00,SLVR.V,,0.8700000047683716,0.8700000047683716,0.8700000047683716,0.8700000047683716,500.0
2026-04-09 12:20:00,NEV.V,,0.029999999329447746,0.029999999329447746,0.02500000037252903,0.02500000037252903,177000.0
2026-04-09 12:20:00,OMG.V,,2.0199999809265137,2.0199999809265137,2.0199999809265137,2.0199999809265137,1300.0
2026-04-09 12:20:00,PNPN.V,,1.1699999570846558,1.1699999570846558,1.1699999570846558,1.1699999570846558,1300.0
2026-04-09 12:20:00,PPP.V,,1.309999942779541,1.309999942779541,1.309999942779541,1.309999942779541,100.0
2026-04-09 12:20:00,PWM.V,,0.41999998688697815,0.41999998688697815,0.41999998688697815,0.41999998688697815,500.0
2026-04-09 12:20:00,QNC.V,,3.299999952316284,3.309999942779541,3.299999952316284,3.309999942779541,700.0
2026-04-09 12:20:00,RDS.V,,0.8999999761581421,0.8999999761581421,0.8999999761581421,0.8999999761581421,1500.0
2026-04-09 12:20:00,RET-A.V,,1.8799999952316284,1.8799999952316284,1.8799999952316284,1.8799999952316284,5705.0
2026-04-09 12:20:00,RYO.V,,0.49000000953674316,0.49000000953674316,0.49000000953674316,0.49000000953674316,500.0
2026-04-09 12:20:00,SCZ.V,,11.3100004196167,11.3100004196167,11.300000190734863,11.300000190734863,7200.0
2026-04-09 12:20:00,SLVR.V,,0.8700000047683716,0.8700000047683716,0.8700000047683716,0.8700000047683716,500.0
2026-04-09 12:20:00,SPC.V,,0.054999999701976776,0.054999999701976776,0.054999999701976776,0.054999999701976776,7000.0
2026-04-09 12:21:00,NCAU.V,,0.6399999856948853,0.6399999856948853,0.6399999856948853,0.6399999856948853,11000.0
2026-04-09 12:21:00,NFG.V,,2.859999895095825,2.859999895095825,2.859999895095825,2.859999895095825,100.0
2026-04-09 12:21:00,NOW.V,,0.22499999403953552,0.22499999403953552,0.22499999403953552,0.22499999403953552,1000.0
2026-04-09 12:21:00,OMG.V,,2.0199999809265137,2.0199999809265137,2.0199999809265137,2.0199999809265137,700.0
2026-04-09 12:21:00,PNTR.V,,0.5299999713897705,0.5299999713897705,0.5299999713897705,0.5299999713897705,2500.0
2026-04-09 12:21:00,PPX.V,,0.2849999964237213,0.2849999964237213,0.2849999964237213,0.2849999964237213,13000.0
2026-04-09 12:21:00,RDS.V,,0.8999999761581421,0.8999999761581421,0.8999999761581421,0.8999999761581421,2500.0
2026-04-09 12:21:00,SCZ.V,,11.279999732971191,11.279999732971191,11.279999732971191,11.279999732971191,490.0
2026-04-09 12:21:00,SLI.V,,4.699999809265137,4.699999809265137,4.699999809265137,4.699999809265137,600.0
2026-04-09 12:21:00,VIPR.V,,1.3200000524520874,1.3200000524520874,1.3200000524520874,1.3200000524520874,100.0
2026-04-09 12:22:00,GASX.V,,1.4800000190734863,1.4800000190734863,1.4800000190734863,1.4800000190734863,100.0
2026-04-09 12:22:00,MAI.V,,6.28000020980835,6.28000020980835,6.28000020980835,6.28000020980835,700.0
2026-04-09 12:22:00,OMG.V,,2.0399999618530273,2.0399999618530273,2.0199999809265137,2.0199999809265137,64700.0
2026-04-09 12:22:00,PINK.V,,0.3400000035762787,0.3400000035762787,0.3400000035762787,0.3400000035762787,1000.0
2026-04-09 12:22:00,PNPN.V,,1.1699999570846558,1.1699999570846558,1.1699999570846558,1.1699999570846558,100.0
2026-04-09 12:22:00,RDS.V,,0.8999999761581421,0.8999999761581421,0.8999999761581421,0.8999999761581421,2500.0
2026-04-09 12:22:00,SCZ.V,,11.300000190734863,11.300000190734863,11.289999961853027,11.289999961853027,900.0
2026-04-09 12:22:00,SLI.V,,4.690000057220459,4.690000057220459,4.690000057220459,4.690000057220459,425.0
2026-04-09 12:22:00,SLVR.V,,0.8700000047683716,0.8700000047683716,0.8700000047683716,0.8700000047683716,25850.0
2026-04-09 12:22:00,SMN.V,,0.14000000059604645,0.14000000059604645,0.14000000059604645,0.14000000059604645,5000.0
2026-04-09 12:23:00,MAI.V,,6.289999961853027,6.289999961853027,6.275000095367432,6.28000020980835,6000.0
2026-04-09 12:23:00,NCX.V,,3.2750000953674316,3.2750000953674316,3.2699999809265137,3.2699999809265137,2400.0
2026-04-09 12:23:00,NPTH.V,,0.5199999809265137,0.5199999809265137,0.5199999809265137,0.5199999809265137,5000.0
2026-04-09 12:23:00,PINK.V,,0.3400000035762787,0.3400000035762787,0.3400000035762787,0.3400000035762787,1000.0
2026-04-09 12:23:00,RDS.V,,0.8999999761581421,0.8999999761581421,0.8999999761581421,0.8999999761581421,6500.0
2026-04-09 12:23:00,SGN.V,,0.35499998927116394,0.35499998927116394,0.35499998927116394,0.35499998927116394,2000.0
2026-04-09 12:23:00,SLVR.V,,0.8700000047683716,0.8700000047683716,0.8700000047683716,0.8700000047683716,6300.0
2026-04-09 12:24:00,NWST.V,,0.38999998569488525,0.38999998569488525,0.38999998569488525,0.38999998569488525,1000.0
2026-04-09 12:24:00,ODV.V,,4.599999904632568,4.599999904632568,4.599999904632568,4.599999904632568,100.0
2026-04-09 12:24:00,OMG.V,,2.0399999618530273,2.0399999618530273,2.0399999618530273,2.0399999618530273,500.0
2026-04-09 12:24:00,ONYX.V,,1.2100000381469727,1.2100000381469727,1.2100000381469727,1.2100000381469727,100.0
2026-04-09 12:24:00,PLSR.V,,2.0299999713897705,2.0299999713897705,2.0299999713897705,2.0299999713897705,1879.0
2026-04-09 12:24:00,PNPN.V,,1.1699999570846558,1.1699999570846558,1.1699999570846558,1.1699999570846558,3300.0
2026-04-09 12:24:00,PWM.V,,0.41999998688697815,0.41999998688697815,0.41999998688697815,0.41999998688697815,500.0
2026-04-09 12:24:00,QNC.V,,3.3499999046325684,3.3499999046325684,3.3399999141693115,3.3399999141693115,3400.0
2026-04-09 12:24:00,QPT.V,,0.03500000014901161,0.03500000014901161,0.03500000014901161,0.03500000014901161,76000.0
2026-04-09 12:24:00,RDG.V,,0.19499999284744263,0.19499999284744263,0.19499999284744263,0.19499999284744263,8500.0
2026-04-09 12:24:00,RDS.V,,0.8999999761581421,0.8999999761581421,0.8999999761581421,0.8999999761581421,2500.0
2026-04-09 12:24:00,SCZ.V,,11.279999732971191,11.279999732971191,11.279999732971191,11.279999732971191,100.0
2026-04-09 12:24:00,SGML.V,,19.239999771118164,19.280000686645508,19.200000762939453,19.280000686645508,500.0
2026-04-09 12:25:00,AGX.V,,0.7300000190734863,0.7300000190734863,0.7300000190734863,0.7300000190734863,9000.0
2026-04-09 12:25:00,MAI.V,,6.300000190734863,6.300000190734863,6.289999961853027,6.289999961853027,1200.0
2026-04-09 12:25:00,NWST.V,,0.38999998569488525,0.38999998569488525,0.38999998569488525,0.38999998569488525,1000.0
2026-04-09 12:25:00,ODV.V,,4.630000114440918,4.630000114440918,4.630000114440918,4.630000114440918,300.0
2026-04-09 12:25:00,OMG.V,,2.0399999618530273,2.0399999618530273,2.0399999618530273,2.0399999618530273,1200.0
2026-04-09 12:25:00,PNPN.V,,1.1699999570846558,1.1699999570846558,1.1699999570846558,1.1699999570846558,100.0
2026-04-09 12:25:00,PPX.V,,0.2849999964237213,0.2849999964237213,0.2849999964237213,0.2849999964237213,3300.0
2026-04-09 12:25:00,QNC.V,,3.3399999141693115,3.3499999046325684,3.3399999141693115,3.3499999046325684,505.0
2026-04-09 12:25:00,QTWO.V,,2.2899999618530273,2.2899999618530273,2.2899999618530273,2.2899999618530273,100.0
2026-04-09 12:25:00,RCK.V,,0.9700000286102295,0.9700000286102295,0.9700000286102295,0.9700000286102295,12000.0
2026-04-09 12:25:00,RDS.V,,0.8999999761581421,0.8999999761581421,0.8999999761581421,0.8999999761581421,2000.0
2026-04-09 12:25:00,RSS.V,,0.47999998927116394,0.47999998927116394,0.47999998927116394,0.47999998927116394,500.0
2026-04-09 12:25:00,SGML.V,,19.149999618530273,19.15999984741211,19.149999618530273,19.15999984741211,1000.0
2026-04-09 12:26:00,AGX.V,,0.7300000190734863,0.7300000190734863,0.7300000190734863,0.7300000190734863,1000.0
2026-04-09 12:26:00,NCX.V,,3.265000104904175,3.265000104904175,3.265000104904175,3.265000104904175,100.0
2026-04-09 12:26:00,ODV.V,,4.619999885559082,4.619999885559082,4.619999885559082,4.619999885559082,100.0
2026-04-09 12:26:00,OMG.V,,2.0299999713897705,2.0399999618530273,2.0299999713897705,2.0399999618530273,6100.0
2026-04-09 12:26:00,PER.V,,0.17499999701976776,0.17499999701976776,0.17499999701976776,0.17499999701976776,2000.0
2026-04-09 12:26:00,PEX.V,,0.17499999701976776,0.17499999701976776,0.17499999701976776,0.17499999701976776,500.0
2026-04-09 12:26:00,PHNM.V,,0.36000001430511475,0.36000001430511475,0.36000001430511475,0.36000001430511475,5000.0
2026-04-09 12:26:00,PLSR.V,,2.0199999809265137,2.0299999713897705,2.0199999809265137,2.0299999713897705,9900.0
2026-04-09 12:26:00,PNPN.V,,1.1699999570846558,1.1699999570846558,1.1699999570846558,1.1699999570846558,100.0
2026-04-09 12:26:00,QNC.V,,3.3399999141693115,3.3399999141693115,3.3399999141693115,3.3399999141693115,100.0
2026-04-09 12:26:00,QTWO.V,,2.2899999618530273,2.2899999618530273,2.2899999618530273,2.2899999618530273,5700.0
2026-04-09 12:26:00,RDS.V,,0.8999999761581421,0.8999999761581421,0.8999999761581421,0.8999999761581421,2000.0
2026-04-09 12:26:00,RVG.V,,0.8199999928474426,0.8199999928474426,0.8199999928474426,0.8199999928474426,2000.0
2026-04-09 12:26:00,SVRS.V,,0.47999998927116394,0.47999998927116394,0.47999998927116394,0.47999998927116394,3000.0
2026-04-09 12:27:00,MAI.V,,6.289999961853027,6.289999961853027,6.289999961853027,6.289999961853027,400.0
2026-04-09 12:27:00,NFG.V,,2.859999895095825,2.859999895095825,2.859999895095825,2.859999895095825,400.0
2026-04-09 12:27:00,NIO.V,,0.2750000059604645,0.2750000059604645,0.2750000059604645,0.2750000059604645,2500.0
2026-04-09 12:27:00,NOW.V,,0.22499999403953552,0.22499999403953552,0.22499999403953552,0.22499999403953552,23000.0
2026-04-09 12:27:00,NSE.V,,0.5799999833106995,0.5799999833106995,0.5799999833106995,0.5799999833106995,1000.0
2026-04-09 12:27:00,NWST.V,,0.3799999952316284,0.38499999046325684,0.3799999952316284,0.38499999046325684,9500.0
2026-04-09 12:27:00,ODV.V,,4.679999828338623,4.679999828338623,4.619999885559082,4.619999885559082,7200.0
2026-04-09 12:27:00,OMG.V,,2.0350000858306885,2.0350000858306885,2.0350000858306885,2.0350000858306885,100.0
2026-04-09 12:27:00,PLSR.V,,2.009999990463257,2.009999990463257,2.009999990463257,2.009999990463257,800.0
2026-04-09 12:27:00,PNPN.V,,1.1699999570846558,1.1699999570846558,1.1699999570846558,1.1699999570846558,100.0
2026-04-09 12:27:00,RDS.V,,0.8999999761581421,0.8999999761581421,0.8899999856948853,0.8999999761581421,4000.0
2026-04-09 12:27:00,SLG.V,,3.4749999046325684,3.4749999046325684,3.4749999046325684,3.4749999046325684,5100.0
2026-04-09 12:27:00,SSV.V,,0.5899999737739563,0.5950000286102295,0.5899999737739563,0.5950000286102295,26000.0
2026-04-09 12:28:00,MOO.V,,0.7599999904632568,0.7599999904632568,0.7599999904632568,0.7599999904632568,0.0
2026-04-09 12:28:00,NCX.V,,3.25,3.259999990463257,3.25,3.259999990463257,2900.0
2026-04-09 12:28:00,NKL.V,,1.0800000429153442,1.0800000429153442,1.0800000429153442,1.0800000429153442,1000.0
2026-04-09 12:28:00,QTWO.V,,2.2699999809265137,2.2799999713897705,2.2699999809265137,2.2799999713897705,1500.0
2026-04-09 12:28:00,RDS.V,,0.8999999761581421,0.8999999761581421,0.8999999761581421,0.8999999761581421,2500.0
2026-04-09 12:28:00,RML.V,,1.0399999618530273,1.0399999618530273,1.0399999618530273,1.0399999618530273,100.0
2026-04-09 12:28:00,SCZ.V,,11.279999732971191,11.279999732971191,11.279999732971191,11.279999732971191,404.0
2026-04-09 12:28:00,SGML.V,,19.209999084472656,19.209999084472656,19.209999084472656,19.209999084472656,100.0
2026-04-09 12:28:00,SLVR.V,,0.8700000047683716,0.8700000047683716,0.8700000047683716,0.8700000047683716,5000.0
2026-04-09 12:28:00,SSV.V,,0.5899999737739563,0.5899999737739563,0.5899999737739563,0.5899999737739563,1500.0
2026-04-09 12:28:00,SVRS.V,,0.47999998927116394,0.47999998927116394,0.47999998927116394,0.47999998927116394,4000.0
2026-04-09 12:29:00,NDA.V,,0.9300000071525574,0.9300000071525574,0.9300000071525574,0.9300000071525574,1000.0
2026-04-09 12:29:00,NFG.V,,2.859999895095825,2.859999895095825,2.8550000190734863,2.859999895095825,400.0
2026-04-09 12:29:00,NWST.V,,0.3700000047683716,0.375,0.3700000047683716,0.375,9512.0
2026-04-09 12:29:00,ODV.V,,4.639999866485596,4.639999866485596,4.639999866485596,4.639999866485596,200.0
2026-04-09 12:29:00,OMG.V,,2.0299999713897705,2.0350000858306885,2.0299999713897705,2.0350000858306885,27700.0
2026-04-09 12:29:00,PGDC.V,,0.9100000262260437,0.9100000262260437,0.9100000262260437,0.9100000262260437,2365.0
2026-04-09 12:29:00,PNPN.V,,1.1699999570846558,1.1699999570846558,1.1699999570846558,1.1699999570846558,100.0
2026-04-09 12:29:00,PPP.V,,1.309999942779541,1.309999942779541,1.309999942779541,1.309999942779541,100.0
2026-04-09 12:29:00,RBX.V,,7.25,7.25,7.25,7.25,6600.0
2026-04-09 12:29:00,RDS.V,,0.8999999761581421,0.8999999761581421,0.8999999761581421,0.8999999761581421,1500.0
2026-04-09 12:29:00,ROK.V,,0.26499998569488525,0.26499998569488525,0.26499998569488525,0.26499998569488525,1000.0
2026-04-09 12:29:00,SLVR.V,,0.8700000047683716,0.8700000047683716,0.8700000047683716,0.8700000047683716,5500.0
2026-04-09 12:30:00,AGX.V,,0.7300000190734863,0.7300000190734863,0.7300000190734863,0.7300000190734863,37500.0
2026-04-09 12:30:00,CTZ.V,,1.1799999475479126,1.1799999475479126,1.1799999475479126,1.1799999475479126,100.0
2026-04-09 12:30:00,MAI.V,,6.289999961853027,6.289999961853027,6.289999961853027,6.289999961853027,100.0
2026-04-09 12:30:00,NFG.V,,2.865000009536743,2.865000009536743,2.865000009536743,2.865000009536743,756.0
2026-04-09 12:30:00,NOW.V,,0.2199999988079071,0.2199999988079071,0.2199999988079071,0.2199999988079071,82500.0
2026-04-09 12:30:00,ODV.V,,4.639999866485596,4.639999866485596,4.639999866485596,4.639999866485596,100.0
2026-04-09 12:30:00,OMG.V,,2.0299999713897705,2.0299999713897705,2.0299999713897705,2.0299999713897705,500.0
2026-04-09 12:30:00,PNPN.V,,1.1699999570846558,1.1699999570846558,1.1699999570846558,1.1699999570846558,100.0
2026-04-09 12:30:00,RDS.V,,0.8999999761581421,0.8999999761581421,0.8999999761581421,0.8999999761581421,2000.0
2026-04-09 12:30:00,RSMX.V,,0.14000000059604645,0.14000000059604645,0.14000000059604645,0.14000000059604645,2000.0
2026-04-09 12:30:00,SGML.V,,19.209999084472656,19.209999084472656,19.209999084472656,19.209999084472656,100.0
2026-04-09 12:30:00,SGN.V,,0.35499998927116394,0.35499998927116394,0.35499998927116394,0.35499998927116394,1000.0
2026-04-09 12:30:00,SGQ.V,,0.38999998569488525,0.38999998569488525,0.3700000047683716,0.3700000047683716,21194.0
2026-04-09 12:31:00,MAI.V,,6.289999961853027,6.289999961853027,6.289999961853027,6.289999961853027,100.0
2026-04-09 12:31:00,NOB.V,,0.10000000149011612,0.10000000149011612,0.10000000149011612,0.10000000149011612,76020.0
2026-04-09 12:31:00,NOW.V,,0.2199999988079071,0.2199999988079071,0.2199999988079071,0.2199999988079071,31523.0
2026-04-09 12:31:00,NXLV.V,,1.940000057220459,1.940000057220459,1.940000057220459,1.940000057220459,100.0
2026-04-09 12:31:00,OAM.V,,0.1899999976158142,0.1899999976158142,0.1899999976158142,0.1899999976158142,1111.0
2026-04-09 12:31:00,ODV.V,,4.619999885559082,4.639999866485596,4.619999885559082,4.639999866485596,300.0
2026-04-09 12:31:00,OMG.V,,2.049999952316284,2.049999952316284,2.0299999713897705,2.0299999713897705,61553.0
2026-04-09 12:31:00,QTWO.V,,2.2699999809265137,2.2750000953674316,2.2699999809265137,2.2750000953674316,4200.0
2026-04-09 12:31:00,RDS.V,,0.8999999761581421,0.8999999761581421,0.8999999761581421,0.8999999761581421,2000.0
2026-04-09 12:31:00,SOMA.V,,1.8200000524520874,1.8200000524520874,1.8200000524520874,1.8200000524520874,100.0
2026-04-09 12:31:00,SVRS.V,,0.47999998927116394,0.47999998927116394,0.47999998927116394,0.47999998927116394,2000.0
2026-04-09 12:31:00,VIPR.V,,1.3300000429153442,1.3300000429153442,1.3200000524520874,1.3200000524520874,5500.0
2026-04-09 12:32:00,AGX.V,,0.7300000190734863,0.7300000190734863,0.7300000190734863,0.7300000190734863,9000.0
2026-04-09 12:32:00,NAU.V,,1.8600000143051147,1.8600000143051147,1.8600000143051147,1.8600000143051147,2800.0
2026-04-09 12:32:00,NFG.V,,2.8550000190734863,2.8550000190734863,2.8550000190734863,2.8550000190734863,300.0
2026-04-09 12:32:00,OCO.V,,0.4000000059604645,0.4000000059604645,0.4000000059604645,0.4000000059604645,3000.0
2026-04-09 12:32:00,ODV.V,,4.639999866485596,4.639999866485596,4.619999885559082,4.619999885559082,300.0
2026-04-09 12:32:00,OMG.V,,2.0399999618530273,2.049999952316284,2.0399999618530273,2.049999952316284,13243.0
2026-04-09 12:32:00,ONYX.V,,1.2100000381469727,1.2100000381469727,1.2100000381469727,1.2100000381469727,300.0
2026-04-09 12:32:00,PER.V,,0.18000000715255737,0.18000000715255737,0.18000000715255737,0.18000000715255737,54000.0
2026-04-09 12:32:00,PLSR.V,,2.0199999809265137,2.0199999809265137,2.0199999809265137,2.0199999809265137,1100.0
2026-04-09 12:32:00,PNPN.V,,1.1699999570846558,1.1699999570846558,1.1699999570846558,1.1699999570846558,100.0
2026-04-09 12:32:00,PPX.V,,0.28999999165534973,0.28999999165534973,0.2800000011920929,0.2849999964237213,12500.0
2026-04-09 12:32:00,QNC.V,,3.3399999141693115,3.3399999141693115,3.3399999141693115,3.3399999141693115,200.0
2026-04-09 12:32:00,QTWO.V,,2.265000104904175,2.2699999809265137,2.265000104904175,2.2699999809265137,5500.0
2026-04-09 12:32:00,RDS.V,,0.8999999761581421,0.8999999761581421,0.8999999761581421,0.8999999761581421,2500.0
2026-04-09 12:32:00,RSM.V,,0.3199999928474426,0.3199999928474426,0.3199999928474426,0.3199999928474426,22500.0
2026-04-09 12:33:00,MAI.V,,6.309999942779541,6.309999942779541,6.289999961853027,6.289999961853027,6100.0
2026-04-09 12:33:00,MMY.V,,0.9900000095367432,0.9900000095367432,0.9900000095367432,0.9900000095367432,6000.0
2026-04-09 12:33:00,NIM.V,,0.949999988079071,0.949999988079071,0.949999988079071,0.949999988079071,500.0
2026-04-09 12:33:00,OCO.V,,0.4000000059604645,0.4000000059604645,0.4000000059604645,0.4000000059604645,2500.0
2026-04-09 12:33:00,ODV.V,,4.639999866485596,4.639999866485596,4.639999866485596,4.639999866485596,200.0
2026-04-09 12:33:00,OMG.V,,2.049999952316284,2.049999952316284,2.0399999618530273,2.0399999618530273,27400.0
2026-04-09 12:33:00,PLAN.V,,0.32499998807907104,0.32499998807907104,0.32499998807907104,0.32499998807907104,9500.0
2026-04-09 12:33:00,PNPN.V,,1.1699999570846558,1.1699999570846558,1.1699999570846558,1.1699999570846558,100.0
2026-04-09 12:33:00,PUR.V,,0.6600000262260437,0.6600000262260437,0.6600000262260437,0.6600000262260437,6500.0
2026-04-09 12:33:00,QTWO.V,,2.2699999809265137,2.2699999809265137,2.2699999809265137,2.2699999809265137,1100.0
2026-04-09 12:33:00,RDS.V,,0.8999999761581421,0.8999999761581421,0.8999999761581421,0.8999999761581421,2000.0
2026-04-09 12:33:00,RVG.V,,0.8199999928474426,0.8199999928474426,0.8199999928474426,0.8199999928474426,500.0
2026-04-09 12:33:00,SGML.V,,19.209999084472656,19.209999084472656,19.15999984741211,19.15999984741211,200.0
2026-04-09 12:34:00,MMY.V,,0.9900000095367432,0.9900000095367432,0.9900000095367432,0.9900000095367432,1500.0
2026-04-09 12:34:00,MNRG.V,,0.10000000149011612,0.10000000149011612,0.10000000149011612,0.10000000149011612,24000.0
2026-04-09 12:34:00,NAU.V,,1.8600000143051147,1.8600000143051147,1.8600000143051147,1.8600000143051147,200.0
2026-04-09 12:34:00,ODV.V,,4.639999866485596,4.639999866485596,4.639999866485596,4.639999866485596,100.0
2026-04-09 12:34:00,OMG.V,,2.049999952316284,2.049999952316284,2.049999952316284,2.049999952316284,104400.0
2026-04-09 12:34:00,ONYX.V,,1.2200000286102295,1.2200000286102295,1.2200000286102295,1.2200000286102295,400.0
2026-04-09 12:34:00,PLSR.V,,2.0299999713897705,2.0299999713897705,2.0299999713897705,2.0299999713897705,300.0
2026-04-09 12:34:00,PML.V,,0.8799999952316284,0.8899999856948853,0.8799999952316284,0.8899999856948853,10000.0
2026-04-09 12:34:00,RDS.V,,0.8999999761581421,0.8999999761581421,0.8899999856948853,0.8899999856948853,2500.0
2026-04-09 12:34:00,ROS.V,,0.26499998569488525,0.26499998569488525,0.26499998569488525,0.26499998569488525,2500.0
2026-04-09 12:34:00,SGN.V,,0.35499998927116394,0.35499998927116394,0.35499998927116394,0.35499998927116394,1000.0
2026-04-09 12:34:00,SSV.V,,0.6000000238418579,0.6000000238418579,0.5899999737739563,0.5899999737739563,43500.0
2026-04-09 12:34:00,VIPR.V,,1.340000033378601,1.340000033378601,1.3300000429153442,1.3300000429153442,7000.0
2026-04-09 12:35:00,HASH.V,,0.03999999910593033,0.03999999910593033,0.03999999910593033,0.03999999910593033,0.0
2026-04-09 12:35:00,MMY.V,,0.9900000095367432,0.9900000095367432,0.9900000095367432,0.9900000095367432,4000.0
2026-04-09 12:35:00,NIM.V,,0.949999988079071,0.949999988079071,0.949999988079071,0.949999988079071,500.0
2026-04-09 12:35:00,PLSR.V,,2.0,2.009999990463257,2.0,2.009999990463257,5300.0
2026-04-09 12:35:00,PNPN.V,,1.1699999570846558,1.1699999570846558,1.1699999570846558,1.1699999570846558,100.0
2026-04-09 12:35:00,QNC.V,,3.3299999237060547,3.3299999237060547,3.3299999237060547,3.3299999237060547,4600.0
2026-04-09 12:35:00,RBX.V,,6.550000190734863,6.550000190734863,6.550000190734863,6.550000190734863,260.0
2026-04-09 12:35:00,RDS.V,,0.8999999761581421,0.8999999761581421,0.8999999761581421,0.8999999761581421,2000.0
2026-04-09 12:35:00,RML.V,,1.0399999618530273,1.0399999618530273,1.0399999618530273,1.0399999618530273,100.0
2026-04-09 12:35:00,ROCK.V,,2.740000009536743,2.740000009536743,2.7300000190734863,2.7300000190734863,2400.0
2026-04-09 12:35:00,SGML.V,,19.190000534057617,19.190000534057617,19.190000534057617,19.190000534057617,100.0
2026-04-09 12:35:00,SOMA.V,,1.7999999523162842,1.8200000524520874,1.7999999523162842,1.8200000524520874,11000.0
2026-04-09 12:36:00,AGX.V,,0.7300000190734863,0.7300000190734863,0.7300000190734863,0.7300000190734863,10400.0
2026-04-09 12:36:00,MAI.V,,6.320000171661377,6.320000171661377,6.320000171661377,6.320000171661377,700.0
2026-04-09 12:36:00,ODV.V,,4.619999885559082,4.619999885559082,4.619999885559082,4.619999885559082,1300.0
2026-04-09 12:36:00,OMG.V,,2.0399999618530273,2.0399999618530273,2.0399999618530273,2.0399999618530273,1100.0
2026-04-09 12:36:00,PLSR.V,,2.0,2.0,2.0,2.0,100.0
2026-04-09 12:36:00,PML.V,,0.8999999761581421,0.8999999761581421,0.8999999761581421,0.8999999761581421,90000.0
2026-04-09 12:36:00,PNPN.V,,1.1699999570846558,1.1699999570846558,1.1699999570846558,1.1699999570846558,100.0
2026-04-09 12:36:00,QNC.V,,3.3399999141693115,3.3399999141693115,3.3399999141693115,3.3399999141693115,100.0
2026-04-09 12:36:00,QTWO.V,,2.259999990463257,2.2699999809265137,2.259999990463257,2.2699999809265137,2300.0
2026-04-09 12:36:00,RBX.V,,7.179999828338623,7.179999828338623,7.179999828338623,7.179999828338623,200.0
2026-04-09 12:36:00,RDS.V,,0.8999999761581421,0.8999999761581421,0.8999999761581421,0.8999999761581421,2000.0
2026-04-09 12:36:00,ROMJ.V,,0.49000000953674316,0.49000000953674316,0.48500001430511475,0.48500001430511475,6000.0
2026-04-09 12:36:00,SOU.V,,0.07000000029802322,0.07000000029802322,0.07000000029802322,0.07000000029802322,1000.0
2026-04-09 12:36:00,SVRS.V,,0.48500001430511475,0.48500001430511475,0.47999998927116394,0.47999998927116394,98951.0
2026-04-09 12:37:00,AGX.V,,0.7400000095367432,0.7400000095367432,0.7300000190734863,0.7300000190734863,7500.0
2026-04-09 12:37:00,MMY.V,,0.9900000095367432,0.9900000095367432,0.9900000095367432,0.9900000095367432,1000.0
2026-04-09 12:37:00,NSE.V,,0.5799999833106995,0.5799999833106995,0.5799999833106995,0.5799999833106995,50000.0
2026-04-09 12:37:00,ODV.V,,4.619999885559082,4.619999885559082,4.619999885559082,4.619999885559082,100.0
2026-04-09 12:37:00,OMG.V,,2.0399999618530273,2.0399999618530273,2.0399999618530273,2.0399999618530273,2600.0
2026-04-09 12:37:00,PLSR.V,,1.9900000095367432,1.9900000095367432,1.9900000095367432,1.9900000095367432,1020.0
2026-04-09 12:37:00,PNPN.V,,1.1699999570846558,1.1699999570846558,1.1699999570846558,1.1699999570846558,600.0
2026-04-09 12:37:00,QTWO.V,,2.259999990463257,2.265000104904175,2.259999990463257,2.265000104904175,7500.0
2026-04-09 12:37:00,RBX.V,,7.170000076293945,7.170000076293945,7.170000076293945,7.170000076293945,100.0
2026-04-09 12:37:00,RDS.V,,0.8999999761581421,0.8999999761581421,0.8999999761581421,0.8999999761581421,2000.0
2026-04-09 12:37:00,SCZ.V,,11.350000381469727,11.350000381469727,11.329999923706055,11.329999923706055,500.0
2026-04-09 12:38:00,GASX.V,,1.4900000095367432,1.4900000095367432,1.4900000095367432,1.4900000095367432,100.0
2026-04-09 12:38:00,NCX.V,,3.255000114440918,3.255000114440918,3.255000114440918,3.255000114440918,100.0
2026-04-09 12:38:00,NFG.V,,2.859999895095825,2.859999895095825,2.859999895095825,2.859999895095825,800.0
2026-04-09 12:38:00,NSE.V,,0.5799999833106995,0.5799999833106995,0.5799999833106995,0.5799999833106995,25500.0
2026-04-09 12:38:00,PLSR.V,,2.0,2.0,1.9800000190734863,1.9800000190734863,18100.0
2026-04-09 12:38:00,PML.V,,0.8999999761581421,0.8999999761581421,0.8999999761581421,0.8999999761581421,118500.0
2026-04-09 12:38:00,PNPN.V,,1.1699999570846558,1.1699999570846558,1.1699999570846558,1.1699999570846558,100.0
2026-04-09 12:38:00,PPX.V,,0.2849999964237213,0.2849999964237213,0.2849999964237213,0.2849999964237213,3000.0
2026-04-09 12:38:00,RBX.V,,7.170000076293945,7.170000076293945,7.170000076293945,7.170000076293945,100.0
2026-04-09 12:38:00,RDS.V,,0.8999999761581421,0.8999999761581421,0.8999999761581421,0.8999999761581421,2000.0
2026-04-09 12:38:00,RECO.V,,1.059999942779541,1.059999942779541,1.059999942779541,1.059999942779541,2600.0
2026-04-09 12:38:00,SCZ.V,,11.359999656677246,11.359999656677246,11.350000381469727,11.350000381469727,700.0
2026-04-09 12:38:00,SEI.V,,0.5699999928474426,0.5699999928474426,0.5699999928474426,0.5699999928474426,2500.0
2026-04-09 12:38:00,SGN.V,,0.35499998927116394,0.35499998927116394,0.35499998927116394,0.35499998927116394,32000.0
2026-04-09 12:38:00,SLI.V,,4.679999828338623,4.684999942779541,4.679999828338623,4.679999828338623,500.0
2026-04-09 12:38:00,SXL.V,,0.07999999821186066,0.07999999821186066,0.07999999821186066,0.07999999821186066,0.0
2026-04-09 12:39:00,MAI.V,,6.349999904632568,6.349999904632568,6.340000152587891,6.340000152587891,600.0
2026-04-09 12:39:00,MHUB.V,,0.6000000238418579,0.6000000238418579,0.6000000238418579,0.6000000238418579,1500.0
2026-04-09 12:39:00,ODV.V,,4.619999885559082,4.619999885559082,4.619999885559082,4.619999885559082,100.0
2026-04-09 12:39:00,OMG.V,,2.0299999713897705,2.0299999713897705,2.0299999713897705,2.0299999713897705,1200.0
2026-04-09 12:39:00,PALI.V,,2.430000066757202,2.430000066757202,2.4200000762939453,2.4200000762939453,800.0
2026-04-09 12:39:00,PLSR.V,,1.9800000190734863,1.9800000190734863,1.9800000190734863,1.9800000190734863,1200.0
2026-04-09 12:39:00,QNC.V,,3.319999933242798,3.319999933242798,3.319999933242798,3.319999933242798,600.0
2026-04-09 12:39:00,RBX.V,,7.170000076293945,7.170000076293945,7.170000076293945,7.170000076293945,100.0
2026-04-09 12:39:00,RDS.V,,0.8999999761581421,0.8999999761581421,0.8999999761581421,0.8999999761581421,1500.0
2026-04-09 12:39:00,SGN.V,,0.36000001430511475,0.36000001430511475,0.35499998927116394,0.35499998927116394,5500.0
2026-04-09 12:39:00,SGQ.V,,0.3700000047683716,0.3700000047683716,0.3700000047683716,0.3700000047683716,3000.0
2026-04-09 12:39:00,SVRS.V,,0.48500001430511475,0.48500001430511475,0.48500001430511475,0.48500001430511475,9500.0
2026-04-09 12:40:00,MMY.V,,0.9950000047683716,0.9950000047683716,0.9950000047683716,0.9950000047683716,0.0
2026-04-09 12:40:00,NCX.V,,3.259999990463257,3.259999990463257,3.259999990463257,3.259999990463257,900.0
2026-04-09 12:40:00,NDA.V,,0.9300000071525574,0.9300000071525574,0.9300000071525574,0.9300000071525574,500.0
2026-04-09 12:40:00,NFG.V,,2.859999895095825,2.859999895095825,2.859999895095825,2.859999895095825,2476.0
2026-04-09 12:40:00,OMG.V,,2.0250000953674316,2.0299999713897705,2.0250000953674316,2.0299999713897705,16200.0
2026-04-09 12:40:00,ONYX.V,,1.2000000476837158,1.2000000476837158,1.2000000476837158,1.2000000476837158,100.0
2026-04-09 12:40:00,PINK.V,,0.3449999988079071,0.3449999988079071,0.3400000035762787,0.3400000035762787,3000.0
2026-04-09 12:40:00,PLSR.V,,1.9800000190734863,1.9900000095367432,1.9800000190734863,1.9800000190734863,2800.0
2026-04-09 12:40:00,PNPN.V,,1.1699999570846558,1.1699999570846558,1.1699999570846558,1.1699999570846558,100.0
2026-04-09 12:40:00,RBX.V,,7.170000076293945,7.170000076293945,7.170000076293945,7.170000076293945,100.0
2026-04-09 12:40:00,RDS.V,,0.8999999761581421,0.8999999761581421,0.8999999761581421,0.8999999761581421,2000.0
2026-04-09 12:41:00,MAI.V,,6.329999923706055,6.329999923706055,6.329999923706055,6.329999923706055,300.0
2026-04-09 12:41:00,MMY.V,,0.9950000047683716,0.9950000047683716,0.9950000047683716,0.9950000047683716,191140.0
2026-04-09 12:41:00,OCO.V,,0.4000000059604645,0.4000000059604645,0.4000000059604645,0.4000000059604645,3000.0
2026-04-09 12:41:00,OMG.V,,2.0299999713897705,2.0299999713897705,2.0299999713897705,2.0299999713897705,33100.0
2026-04-09 12:41:00,PLSR.V,,1.9600000381469727,1.9700000286102295,1.940000057220459,1.9700000286102295,52337.0
2026-04-09 12:41:00,PML.V,,0.8999999761581421,0.8999999761581421,0.8999999761581421,0.8999999761581421,194000.0
2026-04-09 12:41:00,PPX.V,,0.2849999964237213,0.2849999964237213,0.2849999964237213,0.2849999964237213,6000.0
2026-04-09 12:41:00,RBX.V,,7.170000076293945,7.170000076293945,7.170000076293945,7.170000076293945,100.0
2026-04-09 12:41:00,RDS.V,,0.8999999761581421,0.8999999761581421,0.8999999761581421,0.8999999761581421,3000.0
2026-04-09 12:41:00,RML.V,,1.0399999618530273,1.0399999618530273,1.0399999618530273,1.0399999618530273,9700.0
2026-04-09 12:41:00,RPX.V,,0.18000000715255737,0.18000000715255737,0.18000000715255737,0.18000000715255737,500.0
2026-04-09 12:41:00,SGML.V,,19.190000534057617,19.190000534057617,19.190000534057617,19.190000534057617,400.0
2026-04-09 12:41:00,SOU.V,,0.07000000029802322,0.07000000029802322,0.07000000029802322,0.07000000029802322,4000.0
2026-04-09 12:42:00,AGX.V,,0.7300000190734863,0.7300000190734863,0.7300000190734863,0.7300000190734863,7000.0
2026-04-09 12:42:00,MGG.V,,0.38499999046325684,0.38499999046325684,0.38499999046325684,0.38499999046325684,9500.0
2026-04-09 12:42:00,MMY.V,,0.9900000095367432,0.9900000095367432,0.9900000095367432,0.9900000095367432,3400.0
2026-04-09 12:42:00,NAU.V,,1.8600000143051147,1.8600000143051147,1.8600000143051147,1.8600000143051147,2000.0
2026-04-09 12:42:00,NCX.V,,3.265000104904175,3.265000104904175,3.265000104904175,3.265000104904175,100.0
2026-04-09 12:42:00,ONYX.V,,1.2000000476837158,1.2000000476837158,1.2000000476837158,1.2000000476837158,100.0
2026-04-09 12:42:00,PNPN.V,,1.1699999570846558,1.1699999570846558,1.1699999570846558,1.1699999570846558,100.0
2026-04-09 12:42:00,QNC.V,,3.319999933242798,3.319999933242798,3.319999933242798,3.319999933242798,200.0
2026-04-09 12:42:00,RBX.V,,7.170000076293945,7.170000076293945,7.170000076293945,7.170000076293945,100.0
2026-04-09 12:42:00,RDS.V,,0.8899999856948853,0.8999999761581421,0.8899999856948853,0.8999999761581421,1500.0
2026-04-09 12:42:00,REX.V,,0.30000001192092896,0.30000001192092896,0.30000001192092896,0.30000001192092896,0.0
2026-04-09 12:42:00,RML.V,,1.0299999713897705,1.0299999713897705,1.0299999713897705,1.0299999713897705,100.0
2026-04-09 12:43:00,GASX.V,,1.4700000286102295,1.4700000286102295,1.4700000286102295,1.4700000286102295,900.0
2026-04-09 12:43:00,NCX.V,,3.259999990463257,3.259999990463257,3.259999990463257,3.259999990463257,100.0
2026-04-09 12:43:00,NFG.V,,2.859999895095825,2.865000009536743,2.8499999046325684,2.8499999046325684,1790.0
2026-04-09 12:43:00,NGC.V,,0.1850000023841858,0.1850000023841858,0.1850000023841858,0.1850000023841858,1500.0
2026-04-09 12:43:00,ODV.V,,4.590000152587891,4.599999904632568,4.590000152587891,4.599999904632568,1500.0
2026-04-09 12:43:00,OMG.V,,2.0299999713897705,2.0299999713897705,2.0299999713897705,2.0299999713897705,200.0
2026-04-09 12:43:00,PLSR.V,,1.9299999475479126,1.9500000476837158,1.9299999475479126,1.9500000476837158,38034.0
2026-04-09 12:43:00,QNC.V,,3.3399999141693115,3.3399999141693115,3.3399999141693115,3.3399999141693115,550.0
2026-04-09 12:43:00,RBX.V,,7.170000076293945,7.170000076293945,7.170000076293945,7.170000076293945,100.0
2026-04-09 12:43:00,RDS.V,,0.8999999761581421,0.8999999761581421,0.8999999761581421,0.8999999761581421,3000.0
2026-04-09 12:43:00,REX.V,,0.30000001192092896,0.30000001192092896,0.30000001192092896,0.30000001192092896,6500.0
2026-04-09 12:43:00,ROK.V,,0.26499998569488525,0.26499998569488525,0.26499998569488525,0.26499998569488525,12000.0
2026-04-09 12:43:00,SVRS.V,,0.4749999940395355,0.47999998927116394,0.4749999940395355,0.47999998927116394,34000.0
2026-04-09 12:44:00,MAI.V,,6.320000171661377,6.349999904632568,6.320000171661377,6.349999904632568,18400.0
2026-04-09 12:44:00,NPTH.V,,0.5199999809265137,0.5199999809265137,0.5199999809265137,0.5199999809265137,10000.0
2026-04-09 12:44:00,OMG.V,,2.0299999713897705,2.0299999713897705,2.0299999713897705,2.0299999713897705,200.0
2026-04-09 12:44:00,ONYX.V,,1.2000000476837158,1.2000000476837158,1.2000000476837158,1.2000000476837158,100.0
2026-04-09 12:44:00,PINK.V,,0.3449999988079071,0.3449999988079071,0.3449999988079071,0.3449999988079071,10000.0
2026-04-09 12:44:00,PNPN.V,,1.1699999570846558,1.1699999570846558,1.1699999570846558,1.1699999570846558,100.0
2026-04-09 12:44:00,PPP.V,,1.309999942779541,1.309999942779541,1.2999999523162842,1.309999942779541,4200.0
2026-04-09 12:44:00,PPX.V,,0.2849999964237213,0.2849999964237213,0.2849999964237213,0.2849999964237213,5000.0
2026-04-09 12:44:00,QGR.V,,0.26499998569488525,0.26499998569488525,0.25999999046325684,0.25999999046325684,61500.0
2026-04-09 12:44:00,RBX.V,,7.170000076293945,7.170000076293945,7.170000076293945,7.170000076293945,100.0
2026-04-09 12:44:00,RDS.V,,0.8999999761581421,0.8999999761581421,0.8999999761581421,0.8999999761581421,1500.0
2026-04-09 12:44:00,ROK.V,,0.26499998569488525,0.26499998569488525,0.26499998569488525,0.26499998569488525,6000.0
2026-04-09 12:44:00,SVRS.V,,0.4749999940395355,0.4749999940395355,0.4749999940395355,0.4749999940395355,11500.0
2026-04-09 12:44:00,VIPR.V,,1.340000033378601,1.340000033378601,1.340000033378601,1.340000033378601,4900.0
2026-04-09 12:45:00,MAI.V,,6.329999923706055,6.349999904632568,6.300000190734863,6.309999942779541,17200.0
2026-04-09 12:45:00,NDA.V,,0.9399999976158142,0.9399999976158142,0.9399999976158142,0.9399999976158142,2000.0
2026-04-09 12:45:00,OCO.V,,0.4050000011920929,0.4050000011920929,0.4000000059604645,0.4000000059604645,27500.0
2026-04-09 12:45:00,ODV.V,,4.579999923706055,4.579999923706055,4.579999923706055,4.579999923706055,600.0
2026-04-09 12:45:00,OMG.V,,2.0299999713897705,2.0299999713897705,2.0299999713897705,2.0299999713897705,200.0
2026-04-09 12:45:00,PEAK.V,,0.41999998688697815,0.41999998688697815,0.41999998688697815,0.41999998688697815,3500.0
2026-04-09 12:45:00,PLAN.V,,0.3199999928474426,0.3199999928474426,0.3199999928474426,0.3199999928474426,8500.0
2026-04-09 12:45:00,PNPN.V,,1.1699999570846558,1.1699999570846558,1.1699999570846558,1.1699999570846558,100.0
2026-04-09 12:45:00,RBX.V,,7.170000076293945,7.170000076293945,7.170000076293945,7.170000076293945,100.0
2026-04-09 12:45:00,RDS.V,,0.8899999856948853,0.8899999856948853,0.8899999856948853,0.8899999856948853,21500.0
2026-04-09 12:45:00,SLG.V,,3.4700000286102295,3.4800000190734863,3.4700000286102295,3.4800000190734863,200.0
2026-04-09 12:46:00,MGG.V,,0.38499999046325684,0.38499999046325684,0.38499999046325684,0.38499999046325684,500.0
2026-04-09 12:46:00,MHUB.V,,0.6000000238418579,0.6000000238418579,0.6000000238418579,0.6000000238418579,1500.0
2026-04-09 12:46:00,NAU.V,,1.8600000143051147,1.8600000143051147,1.8600000143051147,1.8600000143051147,8900.0
2026-04-09 12:46:00,NCAU.V,,0.6299999952316284,0.6399999856948853,0.6299999952316284,0.6399999856948853,7500.0
2026-04-09 12:46:00,NDA.V,,0.9399999976158142,0.9399999976158142,0.9399999976158142,0.9399999976158142,3000.0
2026-04-09 12:46:00,NGC.V,,0.18000000715255737,0.18000000715255737,0.18000000715255737,0.18000000715255737,124500.0
2026-04-09 12:46:00,NWX.V,,0.1550000011920929,0.1550000011920929,0.1550000011920929,0.1550000011920929,12000.0
2026-04-09 12:46:00,OMG.V,,2.0299999713897705,2.0299999713897705,2.0299999713897705,2.0299999713897705,200.0
2026-04-09 12:46:00,ONYX.V,,1.2000000476837158,1.2000000476837158,1.2000000476837158,1.2000000476837158,100.0
2026-04-09 12:46:00,QTWO.V,,2.2699999809265137,2.2699999809265137,2.2699999809265137,2.2699999809265137,600.0
2026-04-09 12:46:00,STND.V,,0.10499999672174454,0.10499999672174454,0.10499999672174454,0.10499999672174454,114140.0
2026-04-09 12:47:00,NAU.V,,1.8700000047683716,1.8700000047683716,1.8600000143051147,1.8600000143051147,17800.0
2026-04-09 12:47:00,NGC.V,,0.17499999701976776,0.17499999701976776,0.17499999701976776,0.17499999701976776,138157.0
2026-04-09 12:47:00,PML.V,,0.8999999761581421,0.8999999761581421,0.8999999761581421,0.8999999761581421,110000.0
2026-04-09 12:47:00,PNPN.V,,1.1699999570846558,1.1699999570846558,1.1699999570846558,1.1699999570846558,100.0
2026-04-09 12:47:00,PPP.V,,1.309999942779541,1.309999942779541,1.309999942779541,1.309999942779541,100.0
2026-04-09 12:47:00,RBX.V,,7.170000076293945,7.170000076293945,7.170000076293945,7.170000076293945,100.0
2026-04-09 12:47:00,ROCK.V,,2.700000047683716,2.7200000286102295,2.700000047683716,2.7200000286102295,500.0
2026-04-09 12:47:00,SLI.V,,4.690000057220459,4.690000057220459,4.690000057220459,4.690000057220459,1400.0
2026-04-09 12:47:00,SOMA.V,,1.7999999523162842,1.7999999523162842,1.7899999618530273,1.7999999523162842,10300.0
2026-04-09 12:47:00,STMP.V,,0.1550000011920929,0.1550000011920929,0.14499999582767487,0.14499999582767487,118500.0
2026-04-09 12:48:00,NFG.V,,2.859999895095825,2.859999895095825,2.859999895095825,2.859999895095825,900.0
2026-04-09 12:48:00,NIO.V,,0.2849999964237213,0.2849999964237213,0.2849999964237213,0.2849999964237213,3000.0
2026-04-09 12:48:00,NSCI.V,,0.125,0.125,0.125,0.125,14000.0
2026-04-09 12:48:00,OGN.V,,3.4100000858306885,3.430000066757202,3.4100000858306885,3.430000066757202,3300.0
2026-04-09 12:48:00,OMG.V,,2.0350000858306885,2.0350000858306885,2.0299999713897705,2.0299999713897705,400.0
2026-04-09 12:48:00,ONYX.V,,1.2000000476837158,1.2000000476837158,1.2000000476837158,1.2000000476837158,100.0
2026-04-09 12:48:00,PML.V,,0.8899999856948853,0.8899999856948853,0.8899999856948853,0.8899999856948853,5000.0
2026-04-09 12:48:00,RBX.V,,7.170000076293945,7.170000076293945,7.170000076293945,7.170000076293945,100.0
2026-04-09 12:48:00,RDS.V,,0.8899999856948853,0.8899999856948853,0.8899999856948853,0.8899999856948853,1000.0
2026-04-09 12:48:00,SCZ.V,,11.289999961853027,11.289999961853027,11.289999961853027,11.289999961853027,400.0
2026-04-09 12:48:00,STMP.V,,0.1550000011920929,0.1550000011920929,0.1550000011920929,0.1550000011920929,16500.0
2026-04-09 12:48:00,SVRS.V,,0.4749999940395355,0.4749999940395355,0.4749999940395355,0.4749999940395355,1500.0
2026-04-09 12:48:00,VIPR.V,,1.3300000429153442,1.3300000429153442,1.3300000429153442,1.3300000429153442,1000.0
2026-04-09 12:49:00,MAI.V,,6.320000171661377,6.320000171661377,6.320000171661377,6.320000171661377,100.0
2026-04-09 12:49:00,NAU.V,,1.8600000143051147,1.8600000143051147,1.8600000143051147,1.8600000143051147,3900.0
2026-04-09 12:49:00,NDA.V,,0.9399999976158142,0.9399999976158142,0.9399999976158142,0.9399999976158142,3000.0
2026-04-09 12:49:00,NFD-A.V,,5.300000190734863,5.300000190734863,5.300000190734863,5.300000190734863,100.0
2026-04-09 12:49:00,OMG.V,,2.0299999713897705,2.0299999713897705,2.0299999713897705,2.0299999713897705,100.0
2026-04-09 12:49:00,PNPN.V,,1.1699999570846558,1.1699999570846558,1.1699999570846558,1.1699999570846558,100.0
2026-04-09 12:49:00,RBX.V,,7.170000076293945,7.170000076293945,7.170000076293945,7.170000076293945,100.0
2026-04-09 12:49:00,SLG.V,,3.5,3.515000104904175,3.5,3.5,10900.0
2026-04-09 12:49:00,SSV.V,,0.5899999737739563,0.5899999737739563,0.5899999737739563,0.5899999737739563,2500.0
2026-04-09 12:50:00,MAI.V,,6.340000152587891,6.340000152587891,6.340000152587891,6.340000152587891,1100.0
2026-04-09 12:50:00,NCX.V,,3.240000009536743,3.240000009536743,3.240000009536743,3.240000009536743,800.0
2026-04-09 12:50:00,OMG.V,,2.0199999809265137,2.0299999713897705,2.0199999809265137,2.0299999713897705,17700.0
2026-04-09 12:50:00,PLSR.V,,1.9700000286102295,1.9700000286102295,1.9700000286102295,1.9700000286102295,100.0
2026-04-09 12:50:00,PPX.V,,0.2849999964237213,0.2849999964237213,0.2849999964237213,0.2849999964237213,2000.0
2026-04-09 12:50:00,RDS.V,,0.8899999856948853,0.8899999856948853,0.8899999856948853,0.8899999856948853,1000.0
2026-04-09 12:50:00,SBIO.V,,0.27000001072883606,0.27000001072883606,0.27000001072883606,0.27000001072883606,4000.0
2026-04-09 12:50:00,SCZ.V,,11.260000228881836,11.279999732971191,11.260000228881836,11.279999732971191,655.0
2026-04-09 12:50:00,SGML.V,,19.18000030517578,19.18000030517578,19.18000030517578,19.18000030517578,200.0
2026-04-09 12:50:00,SSV.V,,0.5899999737739563,0.5899999737739563,0.5899999737739563,0.5899999737739563,5000.0
2026-04-09 12:50:00,STMP.V,,0.1599999964237213,0.1599999964237213,0.1599999964237213,0.1599999964237213,13500.0
2026-04-09 12:51:00,AGX.V,,0.7300000190734863,0.7300000190734863,0.7300000190734863,0.7300000190734863,500.0
2026-04-09 12:51:00,NAU.V,,1.8700000047683716,1.8700000047683716,1.8700000047683716,1.8700000047683716,52706.0
2026-04-09 12:51:00,NFG.V,,2.859999895095825,2.859999895095825,2.859999895095825,2.859999895095825,3700.0
2026-04-09 12:51:00,OMG.V,,2.0299999713897705,2.0299999713897705,2.0299999713897705,2.0299999713897705,1700.0
2026-04-09 12:51:00,PLSR.V,,1.9700000286102295,1.9700000286102295,1.9700000286102295,1.9700000286102295,700.0
2026-04-09 12:51:00,PNPN.V,,1.1699999570846558,1.1799999475479126,1.1699999570846558,1.1799999475479126,5700.0
2026-04-09 12:51:00,QTWO.V,,2.2699999809265137,2.2699999809265137,2.2699999809265137,2.2699999809265137,900.0
2026-04-09 12:51:00,RDS.V,,0.8899999856948853,0.8899999856948853,0.8899999856948853,0.8899999856948853,131500.0
2026-04-09 12:51:00,RVG.V,,0.8199999928474426,0.8199999928474426,0.8199999928474426,0.8199999928474426,7010.0
2026-04-09 12:51:00,SCZ.V,,11.25,11.279999732971191,11.239999771118164,11.260000228881836,9480.0
2026-04-09 12:51:00,SLVR.V,,0.8700000047683716,0.8700000047683716,0.8700000047683716,0.8700000047683716,500.0
2026-04-09 12:51:00,VIPR.V,,1.3300000429153442,1.3300000429153442,1.3300000429153442,1.3300000429153442,400.0
2026-04-09 12:52:00,NCX.V,,3.2300000190734863,3.234999895095825,3.2300000190734863,3.234999895095825,17800.0
2026-04-09 12:52:00,NSCI.V,,0.11999999731779099,0.125,0.11999999731779099,0.125,24000.0
2026-04-09 12:52:00,ODV.V,,4.590000152587891,4.599999904632568,4.590000152587891,4.599999904632568,500.0
2026-04-09 12:52:00,OMG.V,,2.0350000858306885,2.0350000858306885,2.0299999713897705,2.0299999713897705,800.0
2026-04-09 12:52:00,PLSR.V,,1.9800000190734863,1.9800000190734863,1.9700000286102295,1.9700000286102295,2850.0
2026-04-09 12:52:00,PPP.V,,1.309999942779541,1.309999942779541,1.309999942779541,1.309999942779541,1800.0
2026-04-09 12:52:00,QTWO.V,,2.2750000953674316,2.2750000953674316,2.2750000953674316,2.2750000953674316,100.0
2026-04-09 12:52:00,SVRS.V,,0.4749999940395355,0.4749999940395355,0.4749999940395355,0.4749999940395355,7000.0
2026-04-09 12:53:00,AGX.V,,0.7200000286102295,0.7200000286102295,0.7200000286102295,0.7200000286102295,22000.0
2026-04-09 12:53:00,GASX.V,,1.4600000381469727,1.4600000381469727,1.4600000381469727,1.4600000381469727,100.0
2026-04-09 12:53:00,NDA.V,,0.949999988079071,0.949999988079071,0.949999988079071,0.949999988079071,27800.0
2026-04-09 12:53:00,NWST.V,,0.3799999952316284,0.3799999952316284,0.3799999952316284,0.3799999952316284,5500.0
2026-04-09 12:53:00,OMG.V,,2.0299999713897705,2.0299999713897705,2.0299999713897705,2.0299999713897705,1500.0
2026-04-09 12:53:00,PLSR.V,,1.9800000190734863,1.9800000190734863,1.9800000190734863,1.9800000190734863,10100.0
2026-04-09 12:53:00,PPP.V,,1.2999999523162842,1.2999999523162842,1.2999999523162842,1.2999999523162842,7500.0
2026-04-09 12:53:00,PPX.V,,0.2849999964237213,0.2849999964237213,0.2849999964237213,0.2849999964237213,14500.0
2026-04-09 12:53:00,PRG.V,,0.5600000023841858,0.5600000023841858,0.5600000023841858,0.5600000023841858,20000.0
2026-04-09 12:53:00,PWM.V,,0.41999998688697815,0.41999998688697815,0.41999998688697815,0.41999998688697815,950.0
2026-04-09 12:53:00,RDS.V,,0.8999999761581421,0.8999999761581421,0.8999999761581421,0.8999999761581421,1000.0
2026-04-09 12:53:00,SCZ.V,,11.25,11.260000228881836,11.25,11.260000228881836,4400.0
2026-04-09 12:53:00,SLVR.V,,0.8700000047683716,0.8700000047683716,0.8700000047683716,0.8700000047683716,40600.0
2026-04-09 12:53:00,SOU.V,,0.06499999761581421,0.06499999761581421,0.06499999761581421,0.06499999761581421,275000.0
2026-04-09 12:54:00,NWST.V,,0.38499999046325684,0.38499999046325684,0.38499999046325684,0.38499999046325684,13500.0
2026-04-09 12:54:00,OMG.V,,2.0299999713897705,2.0299999713897705,2.0299999713897705,2.0299999713897705,59300.0
2026-04-09 12:54:00,PLSR.V,,1.9900000095367432,1.9900000095367432,1.9900000095367432,1.9900000095367432,300.0
2026-04-09 12:54:00,PNPN.V,,1.190000057220459,1.190000057220459,1.190000057220459,1.190000057220459,9210.0
2026-04-09 12:54:00,QTWO.V,,2.2799999713897705,2.2799999713897705,2.2799999713897705,2.2799999713897705,200.0
2026-04-09 12:54:00,RDS.V,,0.8999999761581421,0.8999999761581421,0.8999999761581421,0.8999999761581421,1500.0
2026-04-09 12:54:00,SGML.V,,19.149999618530273,19.149999618530273,19.149999618530273,19.149999618530273,100.0
2026-04-09 12:54:00,SLVR.V,,0.8700000047683716,0.8700000047683716,0.8700000047683716,0.8700000047683716,500.0
2026-04-09 12:54:00,SOI.V,,0.2150000035762787,0.2150000035762787,0.2150000035762787,0.2150000035762787,52500.0
2026-04-09 12:55:00,NDA.V,,0.9599999785423279,0.9599999785423279,0.9599999785423279,0.9599999785423279,1000.0
2026-04-09 12:55:00,NFG.V,,2.865000009536743,2.865000009536743,2.865000009536743,2.865000009536743,600.0
2026-04-09 12:55:00,OMG.V,,2.0350000858306885,2.0350000858306885,2.0299999713897705,2.0350000858306885,2500.0
2026-04-09 12:55:00,PLSR.V,,1.9900000095367432,1.9900000095367432,1.9900000095367432,1.9900000095367432,700.0
2026-04-09 12:55:00,PML.V,,0.8799999952316284,0.8899999856948853,0.8799999952316284,0.8899999856948853,142500.0
2026-04-09 12:55:00,PUMA.V,,0.14499999582767487,0.14499999582767487,0.14499999582767487,0.14499999582767487,5000.0
2026-04-09 12:55:00,QTWO.V,,2.2799999713897705,2.2799999713897705,2.2799999713897705,2.2799999713897705,100.0
2026-04-09 12:55:00,RDS.V,,0.8999999761581421,0.8999999761581421,0.8999999761581421,0.8999999761581421,2500.0
2026-04-09 12:55:00,RECO.V,,1.059999942779541,1.059999942779541,1.059999942779541,1.059999942779541,2001.0
2026-04-09 12:55:00,RML.V,,1.0299999713897705,1.0299999713897705,1.0299999713897705,1.0299999713897705,100.0
2026-04-09 12:55:00,SCZ.V,,11.199999809265137,11.199999809265137,11.199999809265137,11.199999809265137,13200.0
2026-04-09 12:56:00,NDA.V,,0.9599999785423279,0.9599999785423279,0.9599999785423279,0.9599999785423279,3500.0
2026-04-09 12:56:00,NWX.V,,0.1550000011920929,0.1550000011920929,0.1550000011920929,0.1550000011920929,5500.0
2026-04-09 12:56:00,OGN.V,,3.4000000953674316,3.4200000762939453,3.4000000953674316,3.4200000762939453,4419.0
2026-04-09 12:56:00,PLSR.V,,1.9900000095367432,1.9900000095367432,1.9900000095367432,1.9900000095367432,200.0
2026-04-09 12:56:00,PML.V,,0.8899999856948853,0.8899999856948853,0.8899999856948853,0.8899999856948853,31000.0
2026-04-09 12:56:00,PNPN.V,,1.2000000476837158,1.2000000476837158,1.2000000476837158,1.2000000476837158,21800.0
2026-04-09 12:56:00,PPP.V,,1.2999999523162842,1.2999999523162842,1.2999999523162842,1.2999999523162842,1700.0
2026-04-09 12:56:00,PWM.V,,0.42500001192092896,0.42500001192092896,0.42500001192092896,0.42500001192092896,500.0
2026-04-09 12:56:00,QGR.V,,0.25999999046325684,0.25999999046325684,0.25999999046325684,0.25999999046325684,500.0
2026-04-09 12:56:00,QTWO.V,,2.2799999713897705,2.2799999713897705,2.2799999713897705,2.2799999713897705,400.0
2026-04-09 12:56:00,RDS.V,,0.8999999761581421,0.8999999761581421,0.8999999761581421,0.8999999761581421,1500.0
2026-04-09 12:56:00,RVG.V,,0.8199999928474426,0.8199999928474426,0.8199999928474426,0.8199999928474426,3500.0
2026-04-09 12:56:00,SCZ.V,,11.199999809265137,11.199999809265137,11.199999809265137,11.199999809265137,12300.0
2026-04-09 12:56:00,SGML.V,,19.110000610351562,19.1299991607666,19.100000381469727,19.110000610351562,4350.0
2026-04-09 12:56:00,SVRS.V,,0.4749999940395355,0.4749999940395355,0.4749999940395355,0.4749999940395355,500.0
2026-04-09 12:56:00,SWA.V,,0.03999999910593033,0.03999999910593033,0.03999999910593033,0.03999999910593033,0.0
2026-04-09 12:57:00,AGX.V,,0.7300000190734863,0.7300000190734863,0.7300000190734863,0.7300000190734863,12000.0
2026-04-09 12:57:00,NCX.V,,3.240000009536743,3.240000009536743,3.240000009536743,3.240000009536743,200.0
2026-04-09 12:57:00,NFG.V,,2.859999895095825,2.859999895095825,2.859999895095825,2.859999895095825,1500.0
2026-04-09 12:57:00,OMG.V,,2.0299999713897705,2.0350000858306885,2.0299999713897705,2.0350000858306885,1200.0
2026-04-09 12:57:00,QGR.V,,0.25999999046325684,0.25999999046325684,0.25999999046325684,0.25999999046325684,500.0
2026-04-09 12:57:00,RBX.V,,7.199999809265137,7.199999809265137,7.199999809265137,7.199999809265137,100.0
2026-04-09 12:57:00,RDS.V,,0.8999999761581421,0.8999999761581421,0.8999999761581421,0.8999999761581421,2500.0
2026-04-09 12:57:00,RVG.V,,0.8199999928474426,0.8199999928474426,0.8199999928474426,0.8199999928474426,3500.0
2026-04-09 12:57:00,RYR.V,,0.20000000298023224,0.20000000298023224,0.20000000298023224,0.20000000298023224,54000.0
2026-04-09 12:57:00,SLI.V,,4.690000057220459,4.690000057220459,4.690000057220459,4.690000057220459,100.0
2026-04-09 12:57:00,SVE.V,,0.5550000071525574,0.5550000071525574,0.5550000071525574,0.5550000071525574,500.0
2026-04-09 12:58:00,AGX.V,,0.7300000190734863,0.7300000190734863,0.7300000190734863,0.7300000190734863,20400.0
2026-04-09 12:58:00,NFG.V,,2.859999895095825,2.859999895095825,2.859999895095825,2.859999895095825,400.0
2026-04-09 12:58:00,NOW.V,,0.20999999344348907,0.20999999344348907,0.20999999344348907,0.20999999344348907,4000.0
2026-04-09 12:58:00,OMG.V,,2.0299999713897705,2.0299999713897705,2.0299999713897705,2.0299999713897705,10400.0
2026-04-09 12:58:00,PLSR.V,,1.9900000095367432,1.9900000095367432,1.9900000095367432,1.9900000095367432,100.0
2026-04-09 12:58:00,PWM.V,,0.41999998688697815,0.41999998688697815,0.41999998688697815,0.41999998688697815,33860.0
2026-04-09 12:58:00,QTWO.V,,2.2899999618530273,2.2899999618530273,2.2799999713897705,2.2799999713897705,300.0
2026-04-09 12:58:00,RBX.V,,7.119999885559082,7.199999809265137,7.119999885559082,7.199999809265137,600.0
2026-04-09 12:58:00,RDS.V,,0.8999999761581421,0.8999999761581421,0.8999999761581421,0.8999999761581421,1500.0
2026-04-09 12:58:00,SCZ.V,,11.170000076293945,11.199999809265137,11.170000076293945,11.199999809265137,4400.0
2026-04-09 12:58:00,SGML.V,,19.1299991607666,19.1299991607666,19.1200008392334,19.1200008392334,300.0
2026-04-09 12:58:00,SLI.V,,4.690000057220459,4.690000057220459,4.690000057220459,4.690000057220459,200.0
2026-04-09 12:58:00,STMP.V,,0.1550000011920929,0.1550000011920929,0.1550000011920929,0.1550000011920929,1500.0
2026-04-09 12:58:00,SVRS.V,,0.47999998927116394,0.47999998927116394,0.47999998927116394,0.47999998927116394,16500.0
2026-04-09 12:59:00,AGX.V,,0.7300000190734863,0.7300000190734863,0.7300000190734863,0.7300000190734863,4000.0
2026-04-09 12:59:00,OMG.V,,2.0299999713897705,2.0299999713897705,2.0299999713897705,2.0299999713897705,1200.0
2026-04-09 12:59:00,PLSR.V,,1.9900000095367432,1.9900000095367432,1.9900000095367432,1.9900000095367432,100.0
2026-04-09 12:59:00,PNPN.V,,1.190000057220459,1.190000057220459,1.190000057220459,1.190000057220459,200.0
2026-04-09 12:59:00,PPX.V,,0.2849999964237213,0.2849999964237213,0.2849999964237213,0.2849999964237213,3000.0
2026-04-09 12:59:00,PWM.V,,0.41499999165534973,0.41499999165534973,0.41499999165534973,0.41499999165534973,500.0
2026-04-09 12:59:00,QGR.V,,0.26499998569488525,0.26499998569488525,0.26499998569488525,0.26499998569488525,6500.0
2026-04-09 12:59:00,QTWO.V,,2.2899999618530273,2.2899999618530273,2.2899999618530273,2.2899999618530273,100.0
2026-04-09 12:59:00,RDS.V,,0.8999999761581421,0.8999999761581421,0.8999999761581421,0.8999999761581421,3000.0
2026-04-09 12:59:00,RVG.V,,0.8299999833106995,0.8299999833106995,0.824999988079071,0.824999988079071,4500.0
2026-04-09 12:59:00,SKP.V,,0.1899999976158142,0.1899999976158142,0.1899999976158142,0.1899999976158142,500.0
2026-04-09 12:59:00,SM.V,,1.8600000143051147,1.8600000143051147,1.8600000143051147,1.8600000143051147,456.0
2026-04-09 13:00:00,AGX.V,,0.7300000190734863,0.7300000190734863,0.7300000190734863,0.7300000190734863,2000.0
2026-04-09 13:00:00,MAI.V,,6.349999904632568,6.349999904632568,6.349999904632568,6.349999904632568,3200.0
2026-04-09 13:00:00,NCX.V,,3.25,3.25,3.25,3.25,200.0
2026-04-09 13:00:00,NEV.V,,0.02500000037252903,0.02500000037252903,0.02500000037252903,0.02500000037252903,100000.0
2026-04-09 13:00:00,NIM.V,,0.9599999785423279,0.9599999785423279,0.949999988079071,0.949999988079071,10500.0
2026-04-09 13:00:00,OMG.V,,2.0299999713897705,2.0299999713897705,2.0299999713897705,2.0299999713897705,1200.0
2026-04-09 13:00:00,PWM.V,,0.41749998927116394,0.41749998927116394,0.41749998927116394,0.41749998927116394,5000.0
2026-04-09 13:00:00,QGR.V,,0.26499998569488525,0.26499998569488525,0.26499998569488525,0.26499998569488525,36500.0
2026-04-09 13:00:00,QTWO.V,,2.2899999618530273,2.2899999618530273,2.2899999618530273,2.2899999618530273,200.0
2026-04-09 13:00:00,RDS.V,,0.8999999761581421,0.8999999761581421,0.8999999761581421,0.8999999761581421,2000.0
2026-04-09 13:00:00,SCZ.V,,11.199999809265137,11.199999809265137,11.1899995803833,11.1899995803833,9600.0
2026-04-09 13:00:00,SGN.V,,0.35499998927116394,0.35499998927116394,0.35499998927116394,0.35499998927116394,5000.0
2026-04-09 13:00:00,SLI.V,,4.699999809265137,4.699999809265137,4.699999809265137,4.699999809265137,200.0
2026-04-09 13:00:00,SLVR.V,,0.8799999952316284,0.8799999952316284,0.8700000047683716,0.8700000047683716,6769.0
2026-04-09 13:01:00,AGX.V,,0.7300000190734863,0.7300000190734863,0.7300000190734863,0.7300000190734863,31000.0
2026-04-09 13:01:00,MUN.V,,0.4449999928474426,0.4449999928474426,0.4449999928474426,0.4449999928474426,500.0
2026-04-09 13:01:00,NEV.V,,0.029999999329447746,0.029999999329447746,0.029999999329447746,0.029999999329447746,3000.0
2026-04-09 13:01:00,NFG.V,,2.869999885559082,2.869999885559082,2.869999885559082,2.869999885559082,100.0
2026-04-09 13:01:00,OMG.V,,2.0299999713897705,2.0299999713897705,2.0299999713897705,2.0299999713897705,800.0
2026-04-09 13:01:00,OMI.V,,0.3700000047683716,0.3700000047683716,0.3700000047683716,0.3700000047683716,3500.0
2026-04-09 13:01:00,PML.V,,0.8799999952316284,0.8899999856948853,0.8799999952316284,0.8899999856948853,60000.0
2026-04-09 13:01:00,QTWO.V,,2.2899999618530273,2.2899999618530273,2.2899999618530273,2.2899999618530273,200.0
2026-04-09 13:01:00,RDS.V,,0.8999999761581421,0.8999999761581421,0.8999999761581421,0.8999999761581421,3000.0
2026-04-09 13:01:00,SSV.V,,0.5899999737739563,0.5899999737739563,0.5899999737739563,0.5899999737739563,7500.0
2026-04-09 13:01:00,SVG.V,,0.15000000596046448,0.15000000596046448,0.15000000596046448,0.15000000596046448,0.0
2026-04-09 13:02:00,PLSR.V,,1.9900000095367432,1.9900000095367432,1.9900000095367432,1.9900000095367432,200.0
2026-04-09 13:02:00,PNPN.V,,1.2000000476837158,1.2000000476837158,1.190000057220459,1.190000057220459,3100.0
2026-04-09 13:02:00,PPX.V,,0.2849999964237213,0.2849999964237213,0.2849999964237213,0.2849999964237213,12000.0
2026-04-09 13:02:00,RDS.V,,0.8999999761581421,0.8999999761581421,0.8999999761581421,0.8999999761581421,2000.0
2026-04-09 13:02:00,RML.V,,1.0299999713897705,1.0299999713897705,1.0299999713897705,1.0299999713897705,100.0
2026-04-09 13:02:00,RVG.V,,0.8299999833106995,0.8299999833106995,0.8299999833106995,0.8299999833106995,1397.0
2026-04-09 13:03:00,LITT.V,,0.4399999976158142,0.4399999976158142,0.4000000059604645,0.4000000059604645,23500.0
2026-04-09 13:03:00,OGN.V,,3.309999942779541,3.4100000858306885,3.309999942779541,3.4100000858306885,17589.0
2026-04-09 13:03:00,PGLD.V,,0.7300000190734863,0.7300000190734863,0.7300000190734863,0.7300000190734863,7000.0
2026-04-09 13:03:00,PLSR.V,,1.9900000095367432,1.9900000095367432,1.9900000095367432,1.9900000095367432,2500.0
2026-04-09 13:03:00,PNPN.V,,1.190000057220459,1.190000057220459,1.190000057220459,1.190000057220459,200.0
2026-04-09 13:03:00,QNC.V,,3.3299999237060547,3.3299999237060547,3.3299999237060547,3.3299999237060547,100.0
2026-04-09 13:03:00,RDS.V,,0.8999999761581421,0.8999999761581421,0.8999999761581421,0.8999999761581421,2500.0
2026-04-09 13:03:00,SLVR.V,,0.8700000047683716,0.8799999952316284,0.8700000047683716,0.8799999952316284,1000.0
2026-04-09 13:04:00,MAI.V,,6.349999904632568,6.349999904632568,6.349999904632568,6.349999904632568,3800.0
2026-04-09 13:04:00,NCX.V,,3.25,3.25,3.25,3.25,100.0
2026-04-09 13:04:00,NOB.V,,0.10499999672174454,0.10499999672174454,0.10499999672174454,0.10499999672174454,1000.0
2026-04-09 13:04:00,OMG.V,,2.0299999713897705,2.0299999713897705,2.0299999713897705,2.0299999713897705,1000.0
2026-04-09 13:04:00,PGC.V,,0.03500000014901161,0.03500000014901161,0.03500000014901161,0.03500000014901161,0.0
2026-04-09 13:04:00,PNPN.V,,1.190000057220459,1.190000057220459,1.190000057220459,1.190000057220459,549.0
2026-04-09 13:04:00,PWM.V,,0.41749998927116394,0.41749998927116394,0.41749998927116394,0.41749998927116394,1000.0
2026-04-09 13:04:00,QNC.V,,3.3399999141693115,3.3399999141693115,3.3399999141693115,3.3399999141693115,1664.0
2026-04-09 13:04:00,QTWO.V,,2.2899999618530273,2.2899999618530273,2.2899999618530273,2.2899999618530273,700.0
2026-04-09 13:04:00,RDS.V,,0.8999999761581421,0.8999999761581421,0.8999999761581421,0.8999999761581421,1000.0
2026-04-09 13:04:00,ROCK.V,,2.75,2.75,2.700000047683716,2.700000047683716,7900.0
2026-04-09 13:04:00,SOMA.V,,1.7899999618530273,1.809999942779541,1.7899999618530273,1.7999999523162842,9600.0
2026-04-09 13:04:00,SSV.V,,0.5899999737739563,0.5899999737739563,0.5899999737739563,0.5899999737739563,2000.0
2026-04-09 13:04:00,VIPR.V,,1.3300000429153442,1.3300000429153442,1.3200000524520874,1.3300000429153442,2887.0
2026-04-09 13:05:00,AGX.V,,0.7300000190734863,0.7300000190734863,0.7300000190734863,0.7300000190734863,21500.0
2026-04-09 13:05:00,GASX.V,,1.4500000476837158,1.4600000381469727,1.4500000476837158,1.4600000381469727,200.0
2026-04-09 13:05:00,OMG.V,,2.0299999713897705,2.0299999713897705,2.0299999713897705,2.0299999713897705,4300.0
2026-04-09 13:05:00,PEX.V,,0.18000000715255737,0.18000000715255737,0.18000000715255737,0.18000000715255737,8500.0
2026-04-09 13:05:00,PGE.V,,0.3199999928474426,0.3199999928474426,0.3199999928474426,0.3199999928474426,9500.0
2026-04-09 13:05:00,PML.V,,0.8999999761581421,0.8999999761581421,0.8999999761581421,0.8999999761581421,4000.0
2026-04-09 13:05:00,PRG.V,,0.5600000023841858,0.5600000023841858,0.5600000023841858,0.5600000023841858,40500.0
2026-04-09 13:05:00,QTWO.V,,2.2899999618530273,2.2899999618530273,2.2899999618530273,2.2899999618530273,200.0
2026-04-09 13:05:00,RDS.V,,0.8999999761581421,0.8999999761581421,0.8999999761581421,0.8999999761581421,2500.0
2026-04-09 13:05:00,ROCK.V,,2.7100000381469727,2.7100000381469727,2.7100000381469727,2.7100000381469727,100.0
2026-04-09 13:05:00,SLG.V,,3.5299999713897705,3.5299999713897705,3.5299999713897705,3.5299999713897705,3300.0
2026-04-09 13:05:00,SVRS.V,,0.48500001430511475,0.48500001430511475,0.48500001430511475,0.48500001430511475,11000.0
2026-04-09 13:06:00,AGX.V,,0.7300000190734863,0.7300000190734863,0.7300000190734863,0.7300000190734863,9200.0
2026-04-09 13:06:00,NFG.V,,2.875,2.875,2.869999885559082,2.869999885559082,2300.0
2026-04-09 13:06:00,NOW.V,,0.20999999344348907,0.20999999344348907,0.20999999344348907,0.20999999344348907,17600.0
2026-04-09 13:06:00,NSCI.V,,0.125,0.125,0.125,0.125,5000.0
2026-04-09 13:06:00,OCO.V,,0.41499999165534973,0.41499999165534973,0.4099999964237213,0.4099999964237213,139500.0
2026-04-09 13:06:00,ODV.V,,4.599999904632568,4.599999904632568,4.599999904632568,4.599999904632568,1200.0
2026-04-09 13:06:00,OMG.V,,2.0299999713897705,2.0299999713897705,2.0299999713897705,2.0299999713897705,1100.0
2026-04-09 13:06:00,PNPN.V,,1.190000057220459,1.190000057220459,1.190000057220459,1.190000057220459,4400.0
2026-04-09 13:06:00,QTWO.V,,2.2899999618530273,2.2899999618530273,2.2899999618530273,2.2899999618530273,100.0
2026-04-09 13:06:00,RDS.V,,0.8999999761581421,0.8999999761581421,0.8999999761581421,0.8999999761581421,11000.0
2026-04-09 13:06:00,RSS.V,,0.46000000834465027,0.46000000834465027,0.46000000834465027,0.46000000834465027,41000.0
2026-04-09 13:06:00,SEI.V,,0.5699999928474426,0.5699999928474426,0.5699999928474426,0.5699999928474426,10000.0
2026-04-09 13:06:00,SLG.V,,3.5299999713897705,3.5299999713897705,3.5299999713897705,3.5299999713897705,200.0
2026-04-09 13:06:00,SLVR.V,,0.8700000047683716,0.8700000047683716,0.8700000047683716,0.8700000047683716,2000.0
2026-04-09 13:06:00,SPC.V,,0.05000000074505806,0.054999999701976776,0.05000000074505806,0.054999999701976776,4000.0
2026-04-09 13:06:00,SVRS.V,,0.48500001430511475,0.48500001430511475,0.48500001430511475,0.48500001430511475,2500.0
2026-04-09 13:07:00,MAI.V,,6.320000171661377,6.360000133514404,6.320000171661377,6.360000133514404,5400.0
2026-04-09 13:07:00,MGG.V,,0.38499999046325684,0.38499999046325684,0.38499999046325684,0.38499999046325684,500.0
2026-04-09 13:07:00,NCX.V,,3.2699999809265137,3.2699999809265137,3.2699999809265137,3.2699999809265137,900.0
2026-04-09 13:07:00,NSCI.V,,0.125,0.125,0.125,0.125,9000.0
2026-04-09 13:07:00,ODV.V,,4.619999885559082,4.619999885559082,4.610000133514404,4.610000133514404,200.0
2026-04-09 13:07:00,OMG.V,,2.0299999713897705,2.0299999713897705,2.0299999713897705,2.0299999713897705,4500.0
2026-04-09 13:07:00,OMI.V,,0.36000001430511475,0.36000001430511475,0.36000001430511475,0.36000001430511475,1500.0
2026-04-09 13:07:00,PLSR.V,,1.9900000095367432,1.9900000095367432,1.9900000095367432,1.9900000095367432,1000.0
2026-04-09 13:07:00,PWM.V,,0.41499999165534973,0.41499999165534973,0.41499999165534973,0.41499999165534973,3720.0
2026-04-09 13:07:00,QTWO.V,,2.2899999618530273,2.2899999618530273,2.2899999618530273,2.2899999618530273,400.0
2026-04-09 13:07:00,RDS.V,,0.8999999761581421,0.8999999761581421,0.8999999761581421,0.8999999761581421,1500.0
2026-04-09 13:07:00,RDU.V,,0.13500000536441803,0.13500000536441803,0.13500000536441803,0.13500000536441803,500.0
2026-04-09 13:07:00,SGC.V,,0.07000000029802322,0.07000000029802322,0.07000000029802322,0.07000000029802322,17000.0
2026-04-09 13:07:00,SGQ.V,,0.3700000047683716,0.3700000047683716,0.3700000047683716,0.3700000047683716,3550.0
2026-04-09 13:07:00,SLG.V,,3.5299999713897705,3.5299999713897705,3.5299999713897705,3.5299999713897705,1300.0
2026-04-09 13:07:00,SLI.V,,4.699999809265137,4.699999809265137,4.699999809265137,4.699999809265137,200.0
2026-04-09 13:07:00,SLVR.V,,0.8700000047683716,0.8700000047683716,0.8700000047683716,0.8700000047683716,1500.0
2026-04-09 13:07:00,SM.V,,1.8600000143051147,1.8650000095367432,1.8600000143051147,1.8650000095367432,2700.0
2026-04-09 13:07:00,SSV.V,,0.5899999737739563,0.5899999737739563,0.5899999737739563,0.5899999737739563,4000.0
2026-04-09 13:08:00,OMG.V,,2.0299999713897705,2.0299999713897705,2.0299999713897705,2.0299999713897705,100.0
2026-04-09 13:08:00,PLSR.V,,1.9800000190734863,1.9800000190734863,1.9800000190734863,1.9800000190734863,500.0
2026-04-09 13:08:00,PPP.V,,1.309999942779541,1.309999942779541,1.309999942779541,1.309999942779541,12100.0
2026-04-09 13:08:00,PWM.V,,0.4124999940395355,0.4124999940395355,0.4124999940395355,0.4124999940395355,1500.0
2026-04-09 13:08:00,QTWO.V,,2.2899999618530273,2.2899999618530273,2.2899999618530273,2.2899999618530273,5270.0
2026-04-09 13:08:00,RDS.V,,0.8999999761581421,0.8999999761581421,0.8999999761581421,0.8999999761581421,1500.0
2026-04-09 13:08:00,ROK.V,,0.26499998569488525,0.26499998569488525,0.26499998569488525,0.26499998569488525,320500.0
2026-04-09 13:08:00,RPX.V,,0.18000000715255737,0.18000000715255737,0.18000000715255737,0.18000000715255737,1000.0
2026-04-09 13:08:00,RYO.V,,0.48500001430511475,0.49000000953674316,0.48500001430511475,0.49000000953674316,18500.0
2026-04-09 13:08:00,SOU.V,,0.06499999761581421,0.06499999761581421,0.06499999761581421,0.06499999761581421,234000.0
2026-04-09 13:09:00,NMI.V,,0.28999999165534973,0.28999999165534973,0.28999999165534973,0.28999999165534973,12500.0
2026-04-09 13:09:00,OMG.V,,2.0299999713897705,2.0299999713897705,2.0299999713897705,2.0299999713897705,100.0
2026-04-09 13:09:00,ONYX.V,,1.2000000476837158,1.2000000476837158,1.2000000476837158,1.2000000476837158,100.0
2026-04-09 13:09:00,PLSR.V,,1.9900000095367432,1.9900000095367432,1.9900000095367432,1.9900000095367432,300.0
2026-04-09 13:09:00,PPP.V,,1.309999942779541,1.309999942779541,1.309999942779541,1.309999942779541,1200.0
2026-04-09 13:09:00,PWM.V,,0.4099999964237213,0.4099999964237213,0.4099999964237213,0.4099999964237213,500.0
2026-04-09 13:09:00,QNC.V,,3.3399999141693115,3.3399999141693115,3.3399999141693115,3.3399999141693115,100.0
2026-04-09 13:09:00,QTWO.V,,2.2899999618530273,2.2899999618530273,2.2899999618530273,2.2899999618530273,2700.0
2026-04-09 13:09:00,RDS.V,,0.8999999761581421,0.8999999761581421,0.8949999809265137,0.8949999809265137,5000.0
2026-04-09 13:09:00,SCZ.V,,11.289999961853027,11.289999961853027,11.289999961853027,11.289999961853027,123.0
2026-04-09 13:09:00,SGML.V,,19.270000457763672,19.270000457763672,19.270000457763672,19.270000457763672,100.0
2026-04-09 13:09:00,SOMA.V,,1.8200000524520874,1.8200000524520874,1.8200000524520874,1.8200000524520874,100.0
2026-04-09 13:09:00,SOU.V,,0.06499999761581421,0.06499999761581421,0.06499999761581421,0.06499999761581421,89000.0
2026-04-09 13:10:00,MAI.V,,6.340000152587891,6.340000152587891,6.329999923706055,6.340000152587891,5400.0
2026-04-09 13:10:00,NFG.V,,2.890000104904175,2.890000104904175,2.880000114440918,2.880000114440918,11633.0
2026-04-09 13:10:00,NWX.V,,0.1550000011920929,0.1550000011920929,0.1550000011920929,0.1550000011920929,6000.0
2026-04-09 13:10:00,OMG.V,,2.0299999713897705,2.0299999713897705,2.0299999713897705,2.0299999713897705,100.0
2026-04-09 13:10:00,QGR.V,,0.26499998569488525,0.26499998569488525,0.25999999046325684,0.26499998569488525,37090.0
2026-04-09 13:10:00,QTWO.V,,2.2899999618530273,2.2899999618530273,2.2850000858306885,2.2850000858306885,300.0
2026-04-09 13:10:00,RDS.V,,0.8999999761581421,0.8999999761581421,0.8999999761581421,0.8999999761581421,3000.0
2026-04-09 13:10:00,RML.V,,1.0299999713897705,1.0299999713897705,1.0299999713897705,1.0299999713897705,100.0
2026-04-09 13:10:00,RYO.V,,0.4950000047683716,0.4950000047683716,0.49000000953674316,0.49000000953674316,12500.0
2026-04-09 13:10:00,SDR.V,,0.11999999731779099,0.11999999731779099,0.11999999731779099,0.11999999731779099,0.0
2026-04-09 13:10:00,SSV.V,,0.5899999737739563,0.5899999737739563,0.5899999737739563,0.5899999737739563,59000.0
2026-04-09 13:11:00,GASX.V,,1.440000057220459,1.4500000476837158,1.440000057220459,1.4500000476837158,4800.0
2026-04-09 13:11:00,MAI.V,,6.340000152587891,6.340000152587891,6.340000152587891,6.340000152587891,3200.0
2026-04-09 13:11:00,MUN.V,,0.4300000071525574,0.4300000071525574,0.4300000071525574,0.4300000071525574,8500.0
2026-04-09 13:11:00,OMG.V,,2.0299999713897705,2.0299999713897705,2.0299999713897705,2.0299999713897705,2900.0
2026-04-09 13:11:00,PER.V,,0.18000000715255737,0.18000000715255737,0.18000000715255737,0.18000000715255737,14500.0
2026-04-09 13:11:00,PPP.V,,1.309999942779541,1.309999942779541,1.309999942779541,1.309999942779541,4600.0
2026-04-09 13:11:00,PPX.V,,0.28999999165534973,0.28999999165534973,0.2849999964237213,0.2849999964237213,15500.0
2026-04-09 13:11:00,QGR.V,,0.25999999046325684,0.26499998569488525,0.25999999046325684,0.26499998569488525,52000.0
2026-04-09 13:11:00,QTWO.V,,2.2899999618530273,2.2899999618530273,2.2899999618530273,2.2899999618530273,200.0
2026-04-09 13:11:00,RDS.V,,0.8999999761581421,0.8999999761581421,0.8999999761581421,0.8999999761581421,500.0
2026-04-09 13:11:00,SGML.V,,19.25,19.25,19.25,19.25,1200.0
2026-04-09 13:11:00,VIPR.V,,1.315000057220459,1.315000057220459,1.315000057220459,1.315000057220459,100.0
2026-04-09 13:12:00,MAI.V,,6.340000152587891,6.340000152587891,6.340000152587891,6.340000152587891,100.0
2026-04-09 13:12:00,NFG.V,,2.8949999809265137,2.9000000953674316,2.8949999809265137,2.9000000953674316,14000.0
2026-04-09 13:12:00,PPP.V,,1.309999942779541,1.309999942779541,1.309999942779541,1.309999942779541,1500.0
2026-04-09 13:12:00,PPX.V,,0.2849999964237213,0.2849999964237213,0.2849999964237213,0.2849999964237213,6000.0
2026-04-09 13:12:00,QNC.V,,3.3399999141693115,3.3399999141693115,3.3399999141693115,3.3399999141693115,1300.0
2026-04-09 13:12:00,QTWO.V,,2.299999952316284,2.299999952316284,2.2899999618530273,2.2899999618530273,900.0
2026-04-09 13:12:00,RDS.V,,0.8999999761581421,0.8999999761581421,0.8999999761581421,0.8999999761581421,2000.0
2026-04-09 13:12:00,REX.V,,0.29750001430511475,0.29750001430511475,0.29750001430511475,0.29750001430511475,500.0
2026-04-09 13:12:00,RYR.V,,0.20999999344348907,0.20999999344348907,0.20999999344348907,0.20999999344348907,1000.0
2026-04-09 13:12:00,SATO.V,,0.0949999988079071,0.0949999988079071,0.0949999988079071,0.0949999988079071,13400.0
2026-04-09 13:12:00,SLG.V,,3.515000104904175,3.515000104904175,3.515000104904175,3.515000104904175,100.0
2026-04-09 13:12:00,SVRS.V,,0.48249998688697815,0.48249998688697815,0.48249998688697815,0.48249998688697815,1500.0
2026-04-09 13:13:00,GASX.V,,1.4500000476837158,1.4500000476837158,1.4500000476837158,1.4500000476837158,13700.0
2026-04-09 13:13:00,MAI.V,,6.349999904632568,6.349999904632568,6.349999904632568,6.349999904632568,100.0
2026-04-09 13:13:00,NCX.V,,3.2699999809265137,3.2699999809265137,3.2699999809265137,3.2699999809265137,5600.0
2026-04-09 13:13:00,NSE.V,,0.5799999833106995,0.5799999833106995,0.5799999833106995,0.5799999833106995,18000.0
2026-04-09 13:13:00,OMG.V,,2.0299999713897705,2.0299999713897705,2.0299999713897705,2.0299999713897705,27400.0
2026-04-09 13:13:00,PGLD.V,,0.7300000190734863,0.7300000190734863,0.7300000190734863,0.7300000190734863,19075.0
2026-04-09 13:13:00,PHNM.V,,0.3499999940395355,0.35499998927116394,0.3499999940395355,0.35499998927116394,31000.0
2026-04-09 13:13:00,PPX.V,,0.2849999964237213,0.2849999964237213,0.2849999964237213,0.2849999964237213,11500.0
2026-04-09 13:13:00,QNC.V,,3.3399999141693115,3.3399999141693115,3.3399999141693115,3.3399999141693115,300.0
2026-04-09 13:13:00,QTWO.V,,2.309999942779541,2.309999942779541,2.309999942779541,2.309999942779541,200.0
2026-04-09 13:13:00,RBX.V,,7.199999809265137,7.199999809265137,7.090000152587891,7.090000152587891,4600.0
2026-04-09 13:13:00,RDS.V,,0.8999999761581421,0.8999999761581421,0.8999999761581421,0.8999999761581421,2000.0
2026-04-09 13:14:00,NFG.V,,2.890000104904175,2.890000104904175,2.890000104904175,2.890000104904175,5800.0
2026-04-09 13:14:00,PALI.V,,2.4200000762939453,2.4200000762939453,2.4200000762939453,2.4200000762939453,100.0
2026-04-09 13:14:00,PGLD.V,,0.7300000190734863,0.7300000190734863,0.7300000190734863,0.7300000190734863,500.0
2026-04-09 13:14:00,PLSR.V,,1.9800000190734863,1.9800000190734863,1.9800000190734863,1.9800000190734863,1000.0
2026-04-09 13:14:00,PPX.V,,0.2849999964237213,0.2849999964237213,0.2849999964237213,0.2849999964237213,10500.0
2026-04-09 13:14:00,PWM.V,,0.4050000011920929,0.4099999964237213,0.4050000011920929,0.4099999964237213,18740.0
2026-04-09 13:14:00,QNC.V,,3.3399999141693115,3.3399999141693115,3.3399999141693115,3.3399999141693115,100.0
2026-04-09 13:14:00,QTWO.V,,2.299999952316284,2.299999952316284,2.299999952316284,2.299999952316284,1900.0
2026-04-09 13:14:00,RBX.V,,7.179999828338623,7.179999828338623,7.179999828338623,7.179999828338623,100.0
2026-04-09 13:14:00,RDS.V,,0.8999999761581421,0.8999999761581421,0.8999999761581421,0.8999999761581421,56500.0
2026-04-09 13:14:00,SM.V,,1.8799999952316284,1.8799999952316284,1.8700000047683716,1.8700000047683716,5600.0
2026-04-09 13:14:00,SNM.V,,0.20999999344348907,0.20999999344348907,0.20999999344348907,0.20999999344348907,20000.0
2026-04-09 13:15:00,AGX.V,,0.7350000143051147,0.7350000143051147,0.7350000143051147,0.7350000143051147,6810.0
2026-04-09 13:15:00,NDA.V,,0.949999988079071,0.949999988079071,0.949999988079071,0.949999988079071,500.0
2026-04-09 13:15:00,OC.V,,0.0949999988079071,0.0949999988079071,0.0949999988079071,0.0949999988079071,0.0
2026-04-09 13:15:00,OCO.V,,0.41999998688697815,0.41999998688697815,0.41999998688697815,0.41999998688697815,17000.0
2026-04-09 13:15:00,QNC.V,,3.3399999141693115,3.3399999141693115,3.3399999141693115,3.3399999141693115,1600.0
2026-04-09 13:15:00,RAK.V,,0.1599999964237213,0.1599999964237213,0.1599999964237213,0.1599999964237213,500.0
2026-04-09 13:15:00,RBX.V,,7.179999828338623,7.179999828338623,7.179999828338623,7.179999828338623,100.0
2026-04-09 13:15:00,SCZ.V,,11.300000190734863,11.300000190734863,11.300000190734863,11.300000190734863,600.0
2026-04-09 13:15:00,SGO.V,,0.25,0.25,0.25,0.25,2500.0
2026-04-09 13:15:00,SKP.V,,0.1899999976158142,0.1899999976158142,0.1899999976158142,0.1899999976158142,1500.0
2026-04-09 13:16:00,NFG.V,,2.890000104904175,2.890000104904175,2.890000104904175,2.890000104904175,1800.0
2026-04-09 13:16:00,OC.V,,0.10000000149011612,0.10000000149011612,0.10000000149011612,0.10000000149011612,15000.0
2026-04-09 13:16:00,OMG.V,,2.0299999713897705,2.0299999713897705,2.0299999713897705,2.0299999713897705,100.0
2026-04-09 13:16:00,PML.V,,0.8999999761581421,0.8999999761581421,0.8999999761581421,0.8999999761581421,11050.0
2026-04-09 13:16:00,PNPN.V,,1.190000057220459,1.190000057220459,1.190000057220459,1.190000057220459,1500.0
2026-04-09 13:16:00,RBX.V,,7.179999828338623,7.179999828338623,7.179999828338623,7.179999828338623,100.0
2026-04-09 13:16:00,RDS.V,,0.8999999761581421,0.8999999761581421,0.8999999761581421,0.8999999761581421,19085.0
2026-04-09 13:16:00,ROK.V,,0.26499998569488525,0.26499998569488525,0.26499998569488525,0.26499998569488525,41000.0
2026-04-09 13:16:00,RVG.V,,0.824999988079071,0.824999988079071,0.824999988079071,0.824999988079071,500.0
2026-04-09 13:16:00,SCZ.V,,11.319999694824219,11.319999694824219,11.319999694824219,11.319999694824219,100.0
2026-04-09 13:16:00,SOU.V,,0.06499999761581421,0.06499999761581421,0.06499999761581421,0.06499999761581421,100000.0
2026-04-09 13:16:00,SVRS.V,,0.48500001430511475,0.48500001430511475,0.48500001430511475,0.48500001430511475,43500.0
2026-04-09 13:17:00,GASX.V,,1.4500000476837158,1.4600000381469727,1.4500000476837158,1.4600000381469727,700.0
2026-04-09 13:17:00,OCO.V,,0.41499999165534973,0.41499999165534973,0.41499999165534973,0.41499999165534973,27500.0
2026-04-09 13:17:00,PLSR.V,,1.9700000286102295,1.9700000286102295,1.9700000286102295,1.9700000286102295,200.0
2026-04-09 13:17:00,PNPN.V,,1.190000057220459,1.190000057220459,1.190000057220459,1.190000057220459,100.0
2026-04-09 13:17:00,PPX.V,,0.2849999964237213,0.2849999964237213,0.2849999964237213,0.2849999964237213,9000.0
2026-04-09 13:17:00,RML.V,,1.0399999618530273,1.0399999618530273,1.0399999618530273,1.0399999618530273,200.0
2026-04-09 13:18:00,OMG.V,,2.0299999713897705,2.0299999713897705,2.0299999713897705,2.0299999713897705,2900.0
2026-04-09 13:18:00,PNPN.V,,1.190000057220459,1.190000057220459,1.190000057220459,1.190000057220459,100.0
2026-04-09 13:18:00,PPX.V,,0.2849999964237213,0.2849999964237213,0.2849999964237213,0.2849999964237213,7500.0
2026-04-09 13:18:00,PWM.V,,0.4050000011920929,0.4050000011920929,0.4050000011920929,0.4050000011920929,3500.0
2026-04-09 13:18:00,QNC.V,,3.3399999141693115,3.3399999141693115,3.3399999141693115,3.3399999141693115,200.0
2026-04-09 13:18:00,RBX.V,,7.199999809265137,7.199999809265137,7.179999828338623,7.179999828338623,300.0
2026-04-09 13:18:00,RDS.V,,0.8999999761581421,0.8999999761581421,0.8999999761581421,0.8999999761581421,500.0
2026-04-09 13:18:00,RSMX.V,,0.14000000059604645,0.14000000059604645,0.14000000059604645,0.14000000059604645,22365.0
2026-04-09 13:18:00,SOMA.V,,1.8200000524520874,1.8200000524520874,1.8200000524520874,1.8200000524520874,100.0
2026-04-09 13:19:00,NFG.V,,2.890000104904175,2.8949999809265137,2.890000104904175,2.890000104904175,5334.0
2026-04-09 13:19:00,OMG.V,,2.0299999713897705,2.0299999713897705,2.0299999713897705,2.0299999713897705,2200.0
2026-04-09 13:19:00,PPP.V,,1.309999942779541,1.309999942779541,1.309999942779541,1.309999942779541,100.0
2026-04-09 13:19:00,RDS.V,,0.8999999761581421,0.8999999761581421,0.8999999761581421,0.8999999761581421,1500.0
2026-04-09 13:19:00,RZL.V,,0.44999998807907104,0.44999998807907104,0.44999998807907104,0.44999998807907104,24000.0
2026-04-09 13:19:00,SCZ.V,,11.359999656677246,11.359999656677246,11.350000381469727,11.350000381469727,1500.0
2026-04-09 13:19:00,SLI.V,,4.71999979019165,4.71999979019165,4.71999979019165,4.71999979019165,100.0
2026-04-09 13:20:00,GASX.V,,1.4600000381469727,1.4600000381469727,1.4500000476837158,1.4600000381469727,10800.0
2026-04-09 13:20:00,NFG.V,,2.884999990463257,2.890000104904175,2.884999990463257,2.890000104904175,1200.0
2026-04-09 13:20:00,NOW.V,,0.20999999344348907,0.20999999344348907,0.20999999344348907,0.20999999344348907,9000.0
2026-04-09 13:20:00,OMG.V,,2.0299999713897705,2.0299999713897705,2.0250000953674316,2.0299999713897705,12100.0
2026-04-09 13:20:00,PML.V,,0.8999999761581421,0.8999999761581421,0.8999999761581421,0.8999999761581421,6000.0
2026-04-09 13:20:00,PNPN.V,,1.190000057220459,1.190000057220459,1.190000057220459,1.190000057220459,100.0
2026-04-09 13:20:00,PWM.V,,0.4099999964237213,0.4099999964237213,0.4099999964237213,0.4099999964237213,1000.0
2026-04-09 13:20:00,RBX.V,,7.179999828338623,7.179999828338623,7.179999828338623,7.179999828338623,100.0
2026-04-09 13:20:00,RDS.V,,0.8999999761581421,0.8999999761581421,0.8999999761581421,0.8999999761581421,1000.0
2026-04-09 13:20:00,RVG.V,,0.8299999833106995,0.8299999833106995,0.8299999833106995,0.8299999833106995,3000.0
2026-04-09 13:21:00,GASX.V,,1.4700000286102295,1.4700000286102295,1.4700000286102295,1.4700000286102295,100.0
2026-04-09 13:21:00,NFG.V,,2.890000104904175,2.890000104904175,2.890000104904175,2.890000104904175,100.0
2026-04-09 13:21:00,NSE.V,,0.5799999833106995,0.5799999833106995,0.5799999833106995,0.5799999833106995,2000.0
2026-04-09 13:21:00,ODV.V,,4.590000152587891,4.599999904632568,4.590000152587891,4.599999904632568,200.0
2026-04-09 13:21:00,OMG.V,,2.009999990463257,2.015000104904175,2.009999990463257,2.015000104904175,2000.0
2026-04-09 13:21:00,ONYX.V,,1.2000000476837158,1.2000000476837158,1.2000000476837158,1.2000000476837158,100.0
2026-04-09 13:21:00,PML.V,,0.8999999761581421,0.8999999761581421,0.8999999761581421,0.8999999761581421,16000.0
2026-04-09 13:21:00,PNPN.V,,1.190000057220459,1.190000057220459,1.190000057220459,1.190000057220459,900.0
2026-04-09 13:21:00,RBX.V,,7.199999809265137,7.199999809265137,7.139999866485596,7.179999828338623,400.0
2026-04-09 13:21:00,RDS.V,,0.8949999809265137,0.8949999809265137,0.8949999809265137,0.8949999809265137,2000.0
2026-04-09 13:21:00,REX.V,,0.30000001192092896,0.30000001192092896,0.29750001430511475,0.29750001430511475,1000.0
2026-04-09 13:21:00,SGML.V,,19.200000762939453,19.200000762939453,19.200000762939453,19.200000762939453,300.0
2026-04-09 13:21:00,SOI.V,,0.2199999988079071,0.2199999988079071,0.2199999988079071,0.2199999988079071,89000.0
2026-04-09 13:21:00,SOLR.V,,0.014999999664723873,0.014999999664723873,0.014999999664723873,0.014999999664723873,2000.0
2026-04-09 13:22:00,NOB.V,,0.10499999672174454,0.10499999672174454,0.10499999672174454,0.10499999672174454,7000.0
2026-04-09 13:22:00,NRN.V,,0.04500000178813934,0.04500000178813934,0.04500000178813934,0.04500000178813934,204000.0
2026-04-09 13:22:00,OGN.V,,3.359999895095825,3.359999895095825,3.359999895095825,3.359999895095825,1500.0
2026-04-09 13:22:00,PEI.V,,0.03999999910593033,0.03999999910593033,0.03999999910593033,0.03999999910593033,295000.0
2026-04-09 13:22:00,PML.V,,0.8999999761581421,0.8999999761581421,0.8999999761581421,0.8999999761581421,25000.0
2026-04-09 13:22:00,PNPN.V,,1.190000057220459,1.190000057220459,1.190000057220459,1.190000057220459,99600.0
2026-04-09 13:22:00,RBX.V,,7.179999828338623,7.179999828338623,7.179999828338623,7.179999828338623,200.0
2026-04-09 13:22:00,RDS.V,,0.8899999856948853,0.8899999856948853,0.8899999856948853,0.8899999856948853,25500.0
2026-04-09 13:22:00,RVG.V,,0.8199999928474426,0.8199999928474426,0.8199999928474426,0.8199999928474426,11500.0
2026-04-09 13:22:00,SEI.V,,0.5699999928474426,0.5699999928474426,0.5699999928474426,0.5699999928474426,28000.0
2026-04-09 13:22:00,SLVR.V,,0.8799999952316284,0.8799999952316284,0.8799999952316284,0.8799999952316284,21600.0
2026-04-09 13:22:00,SSE.V,,0.23499999940395355,0.23499999940395355,0.23499999940395355,0.23499999940395355,0.0
2026-04-09 13:22:00,STRR.V,,0.5199999809265137,0.5199999809265137,0.5199999809265137,0.5199999809265137,500.0
2026-04-09 13:22:00,SVRS.V,,0.49000000953674316,0.49000000953674316,0.49000000953674316,0.49000000953674316,5000.0
2026-04-09 13:23:00,PER.V,,0.17499999701976776,0.17499999701976776,0.17499999701976776,0.17499999701976776,1000.0
2026-04-09 13:23:00,QNC.V,,3.3399999141693115,3.359999895095825,3.3399999141693115,3.3499999046325684,3060.0
2026-04-09 13:23:00,RDS.V,,0.8899999856948853,0.8899999856948853,0.8899999856948853,0.8899999856948853,2022.0
2026-04-09 13:23:00,RECO.V,,1.059999942779541,1.059999942779541,1.059999942779541,1.059999942779541,500.0
2026-04-09 13:23:00,RML.V,,1.0399999618530273,1.0399999618530273,1.0399999618530273,1.0399999618530273,100.0
2026-04-09 13:23:00,SCZ.V,,11.319999694824219,11.319999694824219,11.319999694824219,11.319999694824219,1200.0
2026-04-09 13:23:00,SEI.V,,0.5699999928474426,0.5699999928474426,0.5699999928474426,0.5699999928474426,22000.0
2026-04-09 13:23:00,SVRS.V,,0.48500001430511475,0.48500001430511475,0.48500001430511475,0.48500001430511475,3000.0
2026-04-09 13:24:00,NFG.V,,2.890000104904175,2.890000104904175,2.890000104904175,2.890000104904175,100.0
2026-04-09 13:24:00,PPP.V,,1.309999942779541,1.309999942779541,1.309999942779541,1.309999942779541,100.0
2026-04-09 13:24:00,PUMA.V,,0.14499999582767487,0.14499999582767487,0.14499999582767487,0.14499999582767487,2000.0
2026-04-09 13:24:00,QGR.V,,0.25999999046325684,0.25999999046325684,0.25999999046325684,0.25999999046325684,20500.0
2026-04-09 13:24:00,RBX.V,,7.179999828338623,7.179999828338623,7.179999828338623,7.179999828338623,100.0
2026-04-09 13:24:00,SGML.V,,19.110000610351562,19.110000610351562,19.110000610351562,19.110000610351562,200.0
2026-04-09 13:24:00,SLI.V,,4.699999809265137,4.699999809265137,4.699999809265137,4.699999809265137,600.0
2026-04-09 13:24:00,SSE.V,,0.23499999940395355,0.23499999940395355,0.23499999940395355,0.23499999940395355,6000.0
2026-04-09 13:24:00,SXL.V,,0.07999999821186066,0.07999999821186066,0.07999999821186066,0.07999999821186066,2010.0
2026-04-09 13:24:00,VIPR.V,,1.309999942779541,1.309999942779541,1.309999942779541,1.309999942779541,1000.0
2026-04-09 13:25:00,GASX.V,,1.4600000381469727,1.4600000381469727,1.4600000381469727,1.4600000381469727,0.0
2026-04-09 13:25:00,NCX.V,,3.259999990463257,3.265000104904175,3.259999990463257,3.259999990463257,11400.0
2026-04-09 13:25:00,NFG.V,,2.880000114440918,2.884999990463257,2.880000114440918,2.884999990463257,20000.0
2026-04-09 13:25:00,ODV.V,,4.590000152587891,4.590000152587891,4.590000152587891,4.590000152587891,300.0
2026-04-09 13:25:00,OMG.V,,2.009999990463257,2.009999990463257,2.009999990463257,2.009999990463257,200.0
2026-04-09 13:25:00,QGR.V,,0.25999999046325684,0.25999999046325684,0.25999999046325684,0.25999999046325684,1000.0
2026-04-09 13:25:00,RBX.V,,7.179999828338623,7.179999828338623,7.179999828338623,7.179999828338623,100.0
2026-04-09 13:25:00,REX.V,,0.29750001430511475,0.30000001192092896,0.29750001430511475,0.30000001192092896,9500.0
2026-04-09 13:25:00,SSE.V,,0.23499999940395355,0.23499999940395355,0.23499999940395355,0.23499999940395355,1500.0
2026-04-09 13:26:00,GASX.V,,1.4600000381469727,1.4600000381469727,1.4600000381469727,1.4600000381469727,127926.0
2026-04-09 13:26:00,NFG.V,,2.884999990463257,2.884999990463257,2.884999990463257,2.884999990463257,200.0
2026-04-09 13:26:00,OMG.V,,2.0,2.0,2.0,2.0,1200.0
2026-04-09 13:26:00,PGDC.V,,0.8899999856948853,0.8899999856948853,0.8899999856948853,0.8899999856948853,500.0
2026-04-09 13:26:00,QGR.V,,0.25999999046325684,0.25999999046325684,0.25999999046325684,0.25999999046325684,1000.0
2026-04-09 13:26:00,RBX.V,,7.199999809265137,7.199999809265137,7.179999828338623,7.179999828338623,300.0
2026-04-09 13:26:00,SOU.V,,0.06499999761581421,0.06499999761581421,0.06499999761581421,0.06499999761581421,50078.0
2026-04-09 13:27:00,NDA.V,,0.949999988079071,0.949999988079071,0.949999988079071,0.949999988079071,1000.0
2026-04-09 13:27:00,NSCI.V,,0.125,0.125,0.125,0.125,4500.0
2026-04-09 13:27:00,ODV.V,,4.590000152587891,4.590000152587891,4.590000152587891,4.590000152587891,170.0
2026-04-09 13:27:00,OGN.V,,3.369999885559082,3.369999885559082,3.369999885559082,3.369999885559082,100.0
2026-04-09 13:27:00,PGLD.V,,0.7300000190734863,0.7300000190734863,0.7300000190734863,0.7300000190734863,4000.0
2026-04-09 13:27:00,PML.V,,0.8999999761581421,0.8999999761581421,0.8999999761581421,0.8999999761581421,294000.0
2026-04-09 13:27:00,PNPN.V,,1.190000057220459,1.190000057220459,1.190000057220459,1.190000057220459,200.0
2026-04-09 13:27:00,QGR.V,,0.25999999046325684,0.25999999046325684,0.25999999046325684,0.25999999046325684,1000.0
2026-04-09 13:27:00,RBX.V,,7.179999828338623,7.179999828338623,7.179999828338623,7.179999828338623,100.0
2026-04-09 13:27:00,ROCK.V,,2.700000047683716,2.700000047683716,2.700000047683716,2.700000047683716,300.0
2026-04-09 13:27:00,SOMA.V,,1.815000057220459,1.815000057220459,1.815000057220459,1.815000057220459,100.0
2026-04-09 13:27:00,SPC.V,,0.05000000074505806,0.05000000074505806,0.05000000074505806,0.05000000074505806,45000.0
2026-04-09 13:28:00,GASX.V,,1.4600000381469727,1.4600000381469727,1.4600000381469727,1.4600000381469727,3600.0
2026-04-09 13:28:00,NAU.V,,1.8700000047683716,1.8700000047683716,1.8700000047683716,1.8700000047683716,2000.0
2026-04-09 13:28:00,ODV.V,,4.590000152587891,4.590000152587891,4.590000152587891,4.590000152587891,0.0
2026-04-09 13:28:00,OMG.V,,1.9900000095367432,2.0,1.9900000095367432,2.0,4856.0
2026-04-09 13:28:00,PML.V,,0.8999999761581421,0.8999999761581421,0.8999999761581421,0.8999999761581421,20000.0
2026-04-09 13:28:00,PNPN.V,,1.190000057220459,1.190000057220459,1.190000057220459,1.190000057220459,2200.0
2026-04-09 13:28:00,QGR.V,,0.25999999046325684,0.25999999046325684,0.25999999046325684,0.25999999046325684,1000.0
2026-04-09 13:28:00,RBX.V,,7.179999828338623,7.179999828338623,7.179999828338623,7.179999828338623,100.0
2026-04-09 13:28:00,VIPR.V,,1.340000033378601,1.340000033378601,1.340000033378601,1.340000033378601,2400.0
2026-04-09 13:29:00,GASX.V,,1.4500000476837158,1.4600000381469727,1.4500000476837158,1.4600000381469727,4900.0
2026-04-09 13:29:00,NBY.V,,0.09000000357627869,0.0949999988079071,0.09000000357627869,0.0949999988079071,107000.0
2026-04-09 13:29:00,PNPN.V,,1.190000057220459,1.190000057220459,1.190000057220459,1.190000057220459,200.0
2026-04-09 13:29:00,PPP.V,,1.309999942779541,1.309999942779541,1.309999942779541,1.309999942779541,1500.0
2026-04-09 13:29:00,PWM.V,,0.4099999964237213,0.4099999964237213,0.4099999964237213,0.4099999964237213,1000.0
2026-04-09 13:29:00,QGR.V,,0.25999999046325684,0.25999999046325684,0.25999999046325684,0.25999999046325684,10500.0
2026-04-09 13:29:00,QNC.V,,3.3399999141693115,3.3399999141693115,3.3399999141693115,3.3399999141693115,300.0
2026-04-09 13:29:00,RBX.V,,7.179999828338623,7.179999828338623,7.179999828338623,7.179999828338623,100.0
2026-04-09 13:29:00,RCK.V,,0.9700000286102295,0.9700000286102295,0.9700000286102295,0.9700000286102295,2600.0
2026-04-09 13:29:00,SCZ.V,,11.34000015258789,11.34000015258789,11.329999923706055,11.329999923706055,400.0
2026-04-09 13:30:00,MNLX.V,,0.30000001192092896,0.30000001192092896,0.30000001192092896,0.30000001192092896,0.0
2026-04-09 13:30:00,NCX.V,,3.255000114440918,3.259999990463257,3.25,3.259999990463257,4800.0
2026-04-09 13:30:00,NWX.V,,0.1599999964237213,0.1599999964237213,0.1599999964237213,0.1599999964237213,30000.0
2026-04-09 13:30:00,OMG.V,,2.0,2.0,1.9900000095367432,1.9950000047683716,6900.0
2026-04-09 13:30:00,PLSR.V,,1.9600000381469727,1.9800000190734863,1.9600000381469727,1.9700000286102295,3600.0
2026-04-09 13:30:00,PNPN.V,,1.190000057220459,1.190000057220459,1.190000057220459,1.190000057220459,200.0
2026-04-09 13:30:00,PPP.V,,1.309999942779541,1.309999942779541,1.309999942779541,1.309999942779541,100.0
2026-04-09 13:30:00,PUR.V,,0.6499999761581421,0.6499999761581421,0.6499999761581421,0.6499999761581421,8000.0
2026-04-09 13:30:00,RBX.V,,7.179999828338623,7.179999828338623,7.179999828338623,7.179999828338623,100.0
2026-04-09 13:30:00,SLG.V,,3.5299999713897705,3.5299999713897705,3.5299999713897705,3.5299999713897705,100.0
2026-04-09 13:31:00,NCAU.V,,0.6499999761581421,0.6499999761581421,0.6499999761581421,0.6499999761581421,31000.0
2026-04-09 13:31:00,NRX.V,,0.6499999761581421,0.6499999761581421,0.6499999761581421,0.6499999761581421,681.0
2026-04-09 13:31:00,NWX.V,,0.1599999964237213,0.1599999964237213,0.1599999964237213,0.1599999964237213,10732.0
2026-04-09 13:31:00,OGN.V,,3.3399999141693115,3.3399999141693115,3.3399999141693115,3.3399999141693115,100.0
2026-04-09 13:31:00,QNC.V,,3.3399999141693115,3.3399999141693115,3.3399999141693115,3.3399999141693115,1200.0
2026-04-09 13:31:00,QTWO.V,,2.299999952316284,2.299999952316284,2.299999952316284,2.299999952316284,300.0
2026-04-09 13:31:00,RBX.V,,7.179999828338623,7.179999828338623,7.179999828338623,7.179999828338623,100.0
2026-04-09 13:31:00,RDS.V,,0.8899999856948853,0.8899999856948853,0.8899999856948853,0.8899999856948853,5000.0
2026-04-09 13:31:00,RML.V,,1.0399999618530273,1.0399999618530273,1.0399999618530273,1.0399999618530273,100.0
2026-04-09 13:31:00,RVG.V,,0.8100000023841858,0.8100000023841858,0.8100000023841858,0.8100000023841858,2500.0
2026-04-09 13:31:00,VIPR.V,,1.340000033378601,1.340000033378601,1.340000033378601,1.340000033378601,3100.0
2026-04-09 13:32:00,GASX.V,,1.4700000286102295,1.4700000286102295,1.4700000286102295,1.4700000286102295,100.0
2026-04-09 13:32:00,MGG.V,,0.38499999046325684,0.38499999046325684,0.38499999046325684,0.38499999046325684,500.0
2026-04-09 13:32:00,NFG.V,,2.8949999809265137,2.8949999809265137,2.890000104904175,2.890000104904175,4700.0
2026-04-09 13:32:00,NWX.V,,0.1599999964237213,0.1599999964237213,0.1599999964237213,0.1599999964237213,19160.0
2026-04-09 13:32:00,PGE.V,,0.3199999928474426,0.3199999928474426,0.3199999928474426,0.3199999928474426,500.0
2026-04-09 13:32:00,PLSR.V,,1.9800000190734863,1.9800000190734863,1.9800000190734863,1.9800000190734863,200.0
2026-04-09 13:32:00,PML.V,,0.8999999761581421,0.8999999761581421,0.8999999761581421,0.8999999761581421,127200.0
2026-04-09 13:32:00,QNC.V,,3.3499999046325684,3.3499999046325684,3.3450000286102295,3.3450000286102295,700.0
2026-04-09 13:32:00,QTWO.V,,2.299999952316284,2.299999952316284,2.299999952316284,2.299999952316284,100.0
2026-04-09 13:32:00,RBX.V,,7.179999828338623,7.179999828338623,7.179999828338623,7.179999828338623,100.0
2026-04-09 13:32:00,RPX.V,,0.19499999284744263,0.19499999284744263,0.1850000023841858,0.1850000023841858,58000.0
2026-04-09 13:32:00,SCZ.V,,11.34000015258789,11.34000015258789,11.34000015258789,11.34000015258789,200.0
2026-04-09 13:32:00,SHLL-P.V,,0.10000000149011612,0.10000000149011612,0.10000000149011612,0.10000000149011612,0.0
2026-04-09 13:33:00,NFG.V,,2.8949999809265137,2.8949999809265137,2.8949999809265137,2.8949999809265137,800.0
2026-04-09 13:33:00,PGDC.V,,0.8899999856948853,0.8899999856948853,0.8899999856948853,0.8899999856948853,2000.0
2026-04-09 13:33:00,QNC.V,,3.3499999046325684,3.359999895095825,3.3499999046325684,3.3499999046325684,11600.0
2026-04-09 13:33:00,QTWO.V,,2.299999952316284,2.299999952316284,2.299999952316284,2.299999952316284,200.0
2026-04-09 13:33:00,RBX.V,,7.170000076293945,7.170000076293945,7.170000076293945,7.170000076293945,100.0
2026-04-09 13:33:00,RYO.V,,0.5,0.5,0.5,0.5,1500.0
2026-04-09 13:34:00,AGX.V,,0.7400000095367432,0.7400000095367432,0.7400000095367432,0.7400000095367432,500.0
2026-04-09 13:34:00,MNRG.V,,0.10000000149011612,0.10000000149011612,0.10000000149011612,0.10000000149011612,10000.0
2026-04-09 13:34:00,NCAU.V,,0.6600000262260437,0.6600000262260437,0.6549999713897705,0.6549999713897705,20000.0
2026-04-09 13:34:00,NOB.V,,0.10499999672174454,0.10499999672174454,0.10499999672174454,0.10499999672174454,38000.0
2026-04-09 13:34:00,ODX-H.V,,0.08500000089406967,0.08500000089406967,0.08500000089406967,0.08500000089406967,70000.0
2026-04-09 13:34:00,PNPN.V,,1.184999942779541,1.190000057220459,1.184999942779541,1.190000057220459,3500.0
2026-04-09 13:34:00,QTWO.V,,2.299999952316284,2.299999952316284,2.299999952316284,2.299999952316284,200.0
2026-04-09 13:34:00,RBX.V,,7.199999809265137,7.199999809265137,7.170000076293945,7.170000076293945,300.0
2026-04-09 13:34:00,RDS.V,,0.8849999904632568,0.8899999856948853,0.8849999904632568,0.8899999856948853,5500.0
2026-04-09 13:34:00,RML.V,,1.0499999523162842,1.0499999523162842,1.0499999523162842,1.0499999523162842,225000.0
2026-04-09 13:34:00,RPX.V,,0.20499999821186066,0.20499999821186066,0.19499999284744263,0.19499999284744263,84500.0
2026-04-09 13:34:00,SCZ.V,,11.350000381469727,11.350000381469727,11.34000015258789,11.34000015258789,700.0
2026-04-09 13:35:00,LITT.V,,0.38999998569488525,0.4050000011920929,0.38999998569488525,0.4050000011920929,28500.0
2026-04-09 13:35:00,NBY.V,,0.0949999988079071,0.0949999988079071,0.0949999988079071,0.0949999988079071,1000.0
2026-04-09 13:35:00,NCAU.V,,0.6600000262260437,0.6600000262260437,0.6600000262260437,0.6600000262260437,8000.0
2026-04-09 13:35:00,OMG.V,,2.009999990463257,2.009999990463257,2.005000114440918,2.005000114440918,600.0
2026-04-09 13:35:00,ONYX.V,,1.2200000286102295,1.2200000286102295,1.2200000286102295,1.2200000286102295,300.0
2026-04-09 13:35:00,PNPN.V,,1.190000057220459,1.190000057220459,1.190000057220459,1.190000057220459,700.0
2026-04-09 13:35:00,QTWO.V,,2.299999952316284,2.299999952316284,2.2950000762939453,2.2950000762939453,200.0
2026-04-09 13:35:00,RDS.V,,0.8799999952316284,0.8899999856948853,0.8799999952316284,0.8899999856948853,18000.0
2026-04-09 13:35:00,RML.V,,1.0499999523162842,1.0499999523162842,1.0499999523162842,1.0499999523162842,513700.0
2026-04-09 13:35:00,RPX.V,,0.1899999976158142,0.1899999976158142,0.1899999976158142,0.1899999976158142,15000.0
2026-04-09 13:35:00,SCZ.V,,11.359999656677246,11.359999656677246,11.350000381469727,11.350000381469727,10200.0
2026-04-09 13:35:00,SEI.V,,0.5699999928474426,0.5699999928474426,0.5699999928474426,0.5699999928474426,89000.0
2026-04-09 13:35:00,SRL.V,,0.19499999284744263,0.19499999284744263,0.19499999284744263,0.19499999284744263,20500.0
2026-04-09 13:35:00,SRR.V,,0.9800000190734863,0.9900000095367432,0.9800000190734863,0.9900000095367432,15502.0
2026-04-09 13:36:00,MNRG.V,,0.10000000149011612,0.10000000149011612,0.10000000149011612,0.10000000149011612,5000.0
2026-04-09 13:36:00,NCX.V,,3.255000114440918,3.255000114440918,3.25,3.25,400.0
2026-04-09 13:36:00,NFG.V,,2.9000000953674316,2.9000000953674316,2.9000000953674316,2.9000000953674316,1409.0
2026-04-09 13:36:00,NOW.V,,0.20999999344348907,0.20999999344348907,0.20999999344348907,0.20999999344348907,8000.0
2026-04-09 13:36:00,PGDC.V,,0.8899999856948853,0.8899999856948853,0.8899999856948853,0.8899999856948853,900.0
2026-04-09 13:36:00,PTF.V,,15.479999542236328,15.479999542236328,15.479999542236328,15.479999542236328,600.0
2026-04-09 13:36:00,QTWO.V,,2.299999952316284,2.299999952316284,2.299999952316284,2.299999952316284,400.0
2026-04-09 13:36:00,RAK.V,,0.1599999964237213,0.1599999964237213,0.1599999964237213,0.1599999964237213,3000.0
2026-04-09 13:36:00,RBX.V,,7.170000076293945,7.170000076293945,7.170000076293945,7.170000076293945,300.0
2026-04-09 13:36:00,RDS.V,,0.8899999856948853,0.8899999856948853,0.8899999856948853,0.8899999856948853,1000.0
2026-04-09 13:36:00,RML.V,,1.0499999523162842,1.0499999523162842,1.0499999523162842,1.0499999523162842,29400.0
2026-04-09 13:36:00,SCZ.V,,11.390000343322754,11.390000343322754,11.369999885559082,11.369999885559082,2340.0
2026-04-09 13:36:00,SEI.V,,0.5600000023841858,0.5699999928474426,0.5600000023841858,0.5699999928474426,50500.0
2026-04-09 13:36:00,SOMA.V,,1.815000057220459,1.815000057220459,1.815000057220459,1.815000057220459,100.0
2026-04-09 13:36:00,SOU.V,,0.05999999865889549,0.06499999761581421,0.05999999865889549,0.06499999761581421,11269.0
2026-04-09 13:36:00,SSV.V,,0.6000000238418579,0.6000000238418579,0.6000000238418579,0.6000000238418579,4500.0
2026-04-09 13:36:00,VIPR.V,,1.3300000429153442,1.3300000429153442,1.3300000429153442,1.3300000429153442,3500.0
2026-04-09 13:37:00,MAI.V,,6.360000133514404,6.360000133514404,6.360000133514404,6.360000133514404,6500.0
2026-04-09 13:37:00,NFG.V,,2.9200000762939453,2.9200000762939453,2.9100000858306885,2.9100000858306885,3300.0
2026-04-09 13:37:00,ODV.V,,4.610000133514404,4.619999885559082,4.610000133514404,4.610000133514404,4070.0
2026-04-09 13:37:00,OMG.V,,2.005000114440918,2.005000114440918,2.005000114440918,2.005000114440918,100.0
2026-04-09 13:37:00,PEMC.V,,0.06499999761581421,0.06499999761581421,0.06499999761581421,0.06499999761581421,0.0
2026-04-09 13:37:00,PLAN.V,,0.3199999928474426,0.3199999928474426,0.3199999928474426,0.3199999928474426,27000.0
2026-04-09 13:37:00,PLSR.V,,1.9700000286102295,1.9700000286102295,1.9700000286102295,1.9700000286102295,2800.0
2026-04-09 13:37:00,PML.V,,0.8999999761581421,0.8999999761581421,0.8999999761581421,0.8999999761581421,1000.0
2026-04-09 13:37:00,QTWO.V,,2.299999952316284,2.299999952316284,2.299999952316284,2.299999952316284,200.0
2026-04-09 13:37:00,SEI.V,,0.5600000023841858,0.5600000023841858,0.5600000023841858,0.5600000023841858,6000.0
2026-04-09 13:37:00,SLVR.V,,0.8799999952316284,0.8799999952316284,0.8799999952316284,0.8799999952316284,5500.0
2026-04-09 13:37:00,STUD.V,,0.3499999940395355,0.35499998927116394,0.3499999940395355,0.3499999940395355,12000.0
2026-04-09 13:38:00,GASX.V,,1.4700000286102295,1.4700000286102295,1.4700000286102295,1.4700000286102295,100.0
2026-04-09 13:38:00,MAI.V,,6.360000133514404,6.360000133514404,6.360000133514404,6.360000133514404,500.0
2026-04-09 13:38:00,NAU.V,,1.8799999952316284,1.8799999952316284,1.8700000047683716,1.8700000047683716,41400.0
2026-04-09 13:38:00,NFG.V,,2.9200000762939453,2.9200000762939453,2.9149999618530273,2.9149999618530273,4500.0
2026-04-09 13:38:00,NIM.V,,0.9700000286102295,0.9700000286102295,0.9700000286102295,0.9700000286102295,500.0
2026-04-09 13:38:00,OMG.V,,2.0199999809265137,2.0199999809265137,2.009999990463257,2.009999990463257,600.0
2026-04-09 13:38:00,PML.V,,0.8999999761581421,0.8999999761581421,0.8999999761581421,0.8999999761581421,24000.0
2026-04-09 13:38:00,PPP.V,,1.309999942779541,1.309999942779541,1.309999942779541,1.309999942779541,100.0
2026-04-09 13:38:00,QGR.V,,0.26499998569488525,0.26499998569488525,0.26499998569488525,0.26499998569488525,3500.0
2026-04-09 13:38:00,QNC.V,,3.359999895095825,3.359999895095825,3.359999895095825,3.359999895095825,200.0
2026-04-09 13:38:00,QTWO.V,,2.309999942779541,2.309999942779541,2.299999952316284,2.299999952316284,5300.0
2026-04-09 13:38:00,RBX.V,,7.190000057220459,7.190000057220459,7.190000057220459,7.190000057220459,100.0
2026-04-09 13:38:00,RDS.V,,0.8899999856948853,0.8899999856948853,0.8899999856948853,0.8899999856948853,1000.0
2026-04-09 13:38:00,RML.V,,1.0499999523162842,1.0499999523162842,1.0499999523162842,1.0499999523162842,29900.0
2026-04-09 13:38:00,ROCK.V,,2.700000047683716,2.700000047683716,2.700000047683716,2.700000047683716,1300.0
2026-04-09 13:38:00,SCZ.V,,11.399999618530273,11.399999618530273,11.399999618530273,11.399999618530273,100.0
2026-04-09 13:38:00,SLI.V,,4.690000057220459,4.690000057220459,4.690000057220459,4.690000057220459,1200.0
2026-04-09 13:38:00,SM.V,,1.8700000047683716,1.8700000047683716,1.8700000047683716,1.8700000047683716,3360.0
2026-04-09 13:38:00,SVE.V,,0.5649999976158142,0.5649999976158142,0.5600000023841858,0.5600000023841858,10990.0
2026-04-09 13:39:00,AGX.V,,0.7400000095367432,0.7400000095367432,0.7400000095367432,0.7400000095367432,600.0
2026-04-09 13:39:00,NCAU.V,,0.6549999713897705,0.6549999713897705,0.6549999713897705,0.6549999713897705,625.0
2026-04-09 13:39:00,NFG.V,,2.9200000762939453,2.9200000762939453,2.9200000762939453,2.9200000762939453,700.0
2026-04-09 13:39:00,NOW.V,,0.20999999344348907,0.20999999344348907,0.20999999344348907,0.20999999344348907,20000.0
2026-04-09 13:39:00,PML.V,,0.8999999761581421,0.8999999761581421,0.8999999761581421,0.8999999761581421,135000.0
2026-04-09 13:39:00,PWM.V,,0.4074999988079071,0.4074999988079071,0.4074999988079071,0.4074999988079071,3000.0
2026-04-09 13:39:00,RBX.V,,7.190000057220459,7.190000057220459,7.190000057220459,7.190000057220459,100.0
2026-04-09 13:39:00,RDS.V,,0.8899999856948853,0.8899999856948853,0.8899999856948853,0.8899999856948853,1000.0
2026-04-09 13:39:00,SEI.V,,0.550000011920929,0.550000011920929,0.550000011920929,0.550000011920929,3229.0
2026-04-09 13:39:00,SGN.V,,0.3499999940395355,0.3499999940395355,0.3499999940395355,0.3499999940395355,33500.0
2026-04-09 13:39:00,SVRS.V,,0.49000000953674316,0.49000000953674316,0.49000000953674316,0.49000000953674316,121200.0
2026-04-09 13:40:00,MAI.V,,6.369999885559082,6.380000114440918,6.369999885559082,6.369999885559082,2700.0
2026-04-09 13:40:00,MGG.V,,0.38999998569488525,0.38999998569488525,0.38999998569488525,0.38999998569488525,7500.0
2026-04-09 13:40:00,NCX.V,,3.259999990463257,3.259999990463257,3.259999990463257,3.259999990463257,300.0
2026-04-09 13:40:00,ODV.V,,4.619999885559082,4.619999885559082,4.619999885559082,4.619999885559082,500.0
2026-04-09 13:40:00,ONYX.V,,1.2000000476837158,1.2000000476837158,1.2000000476837158,1.2000000476837158,100.0
2026-04-09 13:40:00,PPX.V,,0.2800000011920929,0.2800000011920929,0.2800000011920929,0.2800000011920929,3500.0
2026-04-09 13:40:00,PWM.V,,0.4074999988079071,0.4074999988079071,0.4074999988079071,0.4074999988079071,1500.0
2026-04-09 13:40:00,RBX.V,,7.190000057220459,7.190000057220459,7.190000057220459,7.190000057220459,100.0
2026-04-09 13:40:00,RDS.V,,0.8899999856948853,0.8899999856948853,0.8899999856948853,0.8899999856948853,6000.0
2026-04-09 13:40:00,RML.V,,1.0499999523162842,1.0499999523162842,1.0499999523162842,1.0499999523162842,278500.0
2026-04-09 13:40:00,SCZ.V,,11.420000076293945,11.430000305175781,11.420000076293945,11.430000305175781,300.0
2026-04-09 13:40:00,SGN.V,,0.3499999940395355,0.3499999940395355,0.3499999940395355,0.3499999940395355,5000.0
2026-04-09 13:40:00,SLI.V,,4.699999809265137,4.699999809265137,4.699999809265137,4.699999809265137,100.0
2026-04-09 13:41:00,MAI.V,,6.360000133514404,6.360000133514404,6.360000133514404,6.360000133514404,7600.0
2026-04-09 13:41:00,MCI.V,,0.25,0.25,0.25,0.25,8500.0
2026-04-09 13:41:00,MKA.V,,0.6600000262260437,0.6600000262260437,0.6600000262260437,0.6600000262260437,500.0
2026-04-09 13:41:00,NAU.V,,1.8799999952316284,1.8799999952316284,1.8799999952316284,1.8799999952316284,2500.0
2026-04-09 13:41:00,NCX.V,,3.265000104904175,3.265000104904175,3.265000104904175,3.265000104904175,200.0
2026-04-09 13:41:00,ODX-H.V,,0.08500000089406967,0.08500000089406967,0.08500000089406967,0.08500000089406967,15000.0
2026-04-09 13:41:00,OEC-H.V,,0.17499999701976776,0.17499999701976776,0.17499999701976776,0.17499999701976776,9000.0
2026-04-09 13:41:00,PCLO.V,,0.04500000178813934,0.04500000178813934,0.04500000178813934,0.04500000178813934,26000.0
2026-04-09 13:41:00,PGLD.V,,0.7300000190734863,0.7300000190734863,0.7300000190734863,0.7300000190734863,16000.0
2026-04-09 13:41:00,PNPN.V,,1.2000000476837158,1.2000000476837158,1.2000000476837158,1.2000000476837158,3900.0
2026-04-09 13:41:00,QNC.V,,3.369999885559082,3.380000114440918,3.369999885559082,3.369999885559082,9829.0
2026-04-09 13:41:00,RBX.V,,7.190000057220459,7.190000057220459,7.190000057220459,7.190000057220459,100.0
2026-04-09 13:41:00,RDS.V,,0.8899999856948853,0.8899999856948853,0.8899999856948853,0.8899999856948853,1000.0
2026-04-09 13:41:00,RVG.V,,0.8199999928474426,0.8199999928474426,0.8199999928474426,0.8199999928474426,4500.0
2026-04-09 13:41:00,SCZ.V,,11.460000038146973,11.460000038146973,11.460000038146973,11.460000038146973,133.0
2026-04-09 13:42:00,NCX.V,,3.259999990463257,3.259999990463257,3.259999990463257,3.259999990463257,1800.0
2026-04-09 13:42:00,ODV.V,,4.630000114440918,4.630000114440918,4.630000114440918,4.630000114440918,500.0
2026-04-09 13:42:00,OEC-H.V,,0.17499999701976776,0.17499999701976776,0.17499999701976776,0.17499999701976776,16000.0
2026-04-09 13:42:00,PLSR.V,,1.9800000190734863,1.9800000190734863,1.9800000190734863,1.9800000190734863,400.0
2026-04-09 13:42:00,QTWO.V,,2.309999942779541,2.309999942779541,2.309999942779541,2.309999942779541,700.0
2026-04-09 13:42:00,RBX.V,,7.190000057220459,7.190000057220459,7.190000057220459,7.190000057220459,100.0
2026-04-09 13:42:00,SCZ.V,,11.4399995803833,11.4399995803833,11.4399995803833,11.4399995803833,100.0
2026-04-09 13:42:00,SEI.V,,0.550000011920929,0.550000011920929,0.550000011920929,0.550000011920929,4000.0
2026-04-09 13:42:00,SGML.V,,19.100000381469727,19.100000381469727,19.100000381469727,19.100000381469727,300.0
2026-04-09 13:42:00,SOMA.V,,1.8200000524520874,1.8200000524520874,1.8200000524520874,1.8200000524520874,1500.0
2026-04-09 13:42:00,SVRS.V,,0.49000000953674316,0.49000000953674316,0.49000000953674316,0.49000000953674316,14500.0
2026-04-09 13:42:00,VIPR.V,,1.3300000429153442,1.3300000429153442,1.3300000429153442,1.3300000429153442,2900.0
2026-04-09 13:43:00,MAI.V,,6.329999923706055,6.349999904632568,6.320000171661377,6.349999904632568,6800.0
2026-04-09 13:43:00,ONYX.V,,1.2000000476837158,1.2000000476837158,1.2000000476837158,1.2000000476837158,100.0
2026-04-09 13:43:00,PML.V,,0.8999999761581421,0.8999999761581421,0.8999999761581421,0.8999999761581421,1000.0
2026-04-09 13:43:00,RBX.V,,7.179999828338623,7.179999828338623,7.179999828338623,7.179999828338623,200.0
2026-04-09 13:43:00,RDS.V,,0.8899999856948853,0.8899999856948853,0.8899999856948853,0.8899999856948853,1000.0
2026-04-09 13:43:00,SOMA.V,,1.8200000524520874,1.8200000524520874,1.8200000524520874,1.8200000524520874,100.0
2026-04-09 13:43:00,SVRS.V,,0.49000000953674316,0.4950000047683716,0.49000000953674316,0.4950000047683716,38000.0
2026-04-09 13:44:00,MAI.V,,6.349999904632568,6.349999904632568,6.349999904632568,6.349999904632568,500.0
2026-04-09 13:44:00,NFG.V,,2.9200000762939453,2.9200000762939453,2.9200000762939453,2.9200000762939453,600.0
2026-04-09 13:44:00,OGN.V,,3.380000114440918,3.380000114440918,3.380000114440918,3.380000114440918,100.0
2026-04-09 13:44:00,PER.V,,0.1850000023841858,0.1850000023841858,0.1850000023841858,0.1850000023841858,4500.0
2026-04-09 13:44:00,QTWO.V,,2.309999942779541,2.309999942779541,2.309999942779541,2.309999942779541,100.0
2026-04-09 13:44:00,RBX.V,,7.199999809265137,7.199999809265137,7.199999809265137,7.199999809265137,100.0
2026-04-09 13:44:00,RYO.V,,0.5,0.5,0.5,0.5,500.0
2026-04-09 13:44:00,SCZ.V,,11.4399995803833,11.4399995803833,11.4399995803833,11.4399995803833,100.0
2026-04-09 13:44:00,SOI.V,,0.2199999988079071,0.2199999988079071,0.2199999988079071,0.2199999988079071,14500.0
2026-04-09 13:44:00,STRR.V,,0.5199999809265137,0.5199999809265137,0.5199999809265137,0.5199999809265137,3000.0
2026-04-09 13:44:00,SVRS.V,,0.49000000953674316,0.49000000953674316,0.49000000953674316,0.49000000953674316,10000.0
2026-04-09 13:44:00,VIPR.V,,1.3300000429153442,1.3300000429153442,1.3300000429153442,1.3300000429153442,1200.0
2026-04-09 13:45:00,AGX.V,,0.7400000095367432,0.7400000095367432,0.7400000095367432,0.7400000095367432,11500.0
2026-04-09 13:45:00,MAI.V,,6.340000152587891,6.340000152587891,6.340000152587891,6.340000152587891,3200.0
2026-04-09 13:45:00,NFG.V,,2.9200000762939453,2.930000066757202,2.9200000762939453,2.930000066757202,6200.0
2026-04-09 13:45:00,ONYX.V,,1.2000000476837158,1.2000000476837158,1.2000000476837158,1.2000000476837158,100.0
2026-04-09 13:45:00,OOR.V,,0.07500000298023224,0.07500000298023224,0.07500000298023224,0.07500000298023224,0.0
2026-04-09 13:45:00,QGR.V,,0.25999999046325684,0.25999999046325684,0.25999999046325684,0.25999999046325684,13500.0
2026-04-09 13:45:00,QNC.V,,3.3499999046325684,3.3499999046325684,3.3499999046325684,3.3499999046325684,1800.0
2026-04-09 13:45:00,RDS.V,,0.8899999856948853,0.8899999856948853,0.8899999856948853,0.8899999856948853,1000.0
2026-04-09 13:45:00,SEI.V,,0.5699999928474426,0.5699999928474426,0.5699999928474426,0.5699999928474426,500.0
2026-04-09 13:45:00,SHLL-P.V,,0.05999999865889549,0.05999999865889549,0.05999999865889549,0.05999999865889549,4500.0
2026-04-09 13:45:00,SLVR.V,,0.8799999952316284,0.8799999952316284,0.8799999952316284,0.8799999952316284,500.0
2026-04-09 13:45:00,SOI.V,,0.2199999988079071,0.2199999988079071,0.2199999988079071,0.2199999988079071,500.0
2026-04-09 13:46:00,MAI.V,,6.320000171661377,6.320000171661377,6.309999942779541,6.320000171661377,1700.0
2026-04-09 13:46:00,NCX.V,,3.2699999809265137,3.2699999809265137,3.2699999809265137,3.2699999809265137,1000.0
2026-04-09 13:46:00,OMG.V,,2.015000104904175,2.015000104904175,2.015000104904175,2.015000104904175,100.0
2026-04-09 13:46:00,QGR.V,,0.25999999046325684,0.25999999046325684,0.25999999046325684,0.25999999046325684,30500.0
2026-04-09 13:46:00,QTWO.V,,2.299999952316284,2.299999952316284,2.299999952316284,2.299999952316284,200.0
2026-04-09 13:46:00,RBX.V,,7.179999828338623,7.199999809265137,7.179999828338623,7.199999809265137,650.0
2026-04-09 13:46:00,RDS.V,,0.8899999856948853,0.8899999856948853,0.8899999856948853,0.8899999856948853,0.0
2026-04-09 13:46:00,SCZ.V,,11.4399995803833,11.4399995803833,11.4399995803833,11.4399995803833,2700.0
2026-04-09 13:46:00,SGML.V,,19.139999389648438,19.139999389648438,19.139999389648438,19.139999389648438,1100.0
2026-04-09 13:46:00,SHLL-P.V,,0.05999999865889549,0.05999999865889549,0.05999999865889549,0.05999999865889549,5500.0
2026-04-09 13:46:00,SLI.V,,4.699999809265137,4.699999809265137,4.699999809265137,4.699999809265137,200.0
2026-04-09 13:46:00,SLVR.V,,0.8799999952316284,0.8799999952316284,0.8799999952316284,0.8799999952316284,500.0
2026-04-09 13:46:00,SVRS.V,,0.49000000953674316,0.49000000953674316,0.49000000953674316,0.49000000953674316,9500.0
2026-04-09 13:46:00,VIPR.V,,1.3300000429153442,1.3300000429153442,1.3300000429153442,1.3300000429153442,200.0
2026-04-09 13:47:00,AGX.V,,0.7400000095367432,0.7400000095367432,0.7400000095367432,0.7400000095367432,22500.0
2026-04-09 13:47:00,NFG.V,,2.924999952316284,2.924999952316284,2.9200000762939453,2.9200000762939453,300.0
2026-04-09 13:47:00,NLH.V,,0.3499999940395355,0.3499999940395355,0.3499999940395355,0.3499999940395355,50000.0
2026-04-09 13:47:00,PML.V,,0.8999999761581421,0.8999999761581421,0.8999999761581421,0.8999999761581421,1000.0
2026-04-09 13:47:00,QGR.V,,0.25999999046325684,0.25999999046325684,0.25999999046325684,0.25999999046325684,3500.0
2026-04-09 13:47:00,QNC.V,,3.3499999046325684,3.3499999046325684,3.3450000286102295,3.3450000286102295,2700.0
2026-04-09 13:47:00,QTWO.V,,2.299999952316284,2.299999952316284,2.299999952316284,2.299999952316284,400.0
2026-04-09 13:47:00,RDS.V,,0.8899999856948853,0.8899999856948853,0.8899999856948853,0.8899999856948853,1466917.0
2026-04-09 13:47:00,SEI.V,,0.5699999928474426,0.5699999928474426,0.5699999928474426,0.5699999928474426,4500.0
2026-04-09 13:47:00,SGML.V,,19.030000686645508,19.110000610351562,19.030000686645508,19.100000381469727,700.0
2026-04-09 13:47:00,SLVR.V,,0.8799999952316284,0.8799999952316284,0.8799999952316284,0.8799999952316284,500.0
2026-04-09 13:47:00,SOU.V,,0.06499999761581421,0.06499999761581421,0.06499999761581421,0.06499999761581421,7081.0
2026-04-09 13:47:00,STND.V,,0.10499999672174454,0.10499999672174454,0.10499999672174454,0.10499999672174454,2000.0
2026-04-09 13:47:00,SVRS.V,,0.49000000953674316,0.49000000953674316,0.49000000953674316,0.49000000953674316,4000.0
2026-04-09 13:48:00,GASX.V,,1.4500000476837158,1.4500000476837158,1.4500000476837158,1.4500000476837158,400.0
2026-04-09 13:48:00,NFG.V,,2.9200000762939453,2.9200000762939453,2.9200000762939453,2.9200000762939453,1000.0
2026-04-09 13:48:00,OMG.V,,2.0199999809265137,2.0199999809265137,2.015000104904175,2.015000104904175,1000.0
2026-04-09 13:48:00,ONYX.V,,1.2000000476837158,1.2000000476837158,1.2000000476837158,1.2000000476837158,100.0
2026-04-09 13:48:00,PGDC.V,,0.8899999856948853,0.8899999856948853,0.8899999856948853,0.8899999856948853,7500.0
2026-04-09 13:48:00,QGR.V,,0.25999999046325684,0.25999999046325684,0.25999999046325684,0.25999999046325684,1000.0
2026-04-09 13:48:00,QTWO.V,,2.2950000762939453,2.2950000762939453,2.2950000762939453,2.2950000762939453,100.0
2026-04-09 13:48:00,QZM.V,,0.699999988079071,0.699999988079071,0.699999988079071,0.699999988079071,17000.0
2026-04-09 13:48:00,RDS.V,,0.8899999856948853,0.8899999856948853,0.8899999856948853,0.8899999856948853,500.0
2026-04-09 13:48:00,SCZ.V,,11.475000381469727,11.475000381469727,11.460000038146973,11.460000038146973,673.0
2026-04-09 13:48:00,SHLL-P.V,,0.05999999865889549,0.05999999865889549,0.05999999865889549,0.05999999865889549,2500.0
2026-04-09 13:48:00,SLVR.V,,0.8799999952316284,0.8799999952316284,0.8799999952316284,0.8799999952316284,500.0
2026-04-09 13:48:00,SOMA.V,,1.8200000524520874,1.8200000524520874,1.8200000524520874,1.8200000524520874,100.0
2026-04-09 13:48:00,SVRS.V,,0.49000000953674316,0.49000000953674316,0.49000000953674316,0.49000000953674316,1000.0
2026-04-09 13:49:00,MAI.V,,6.329999923706055,6.329999923706055,6.329999923706055,6.329999923706055,500.0
2026-04-09 13:49:00,NAU.V,,1.8700000047683716,1.8700000047683716,1.8700000047683716,1.8700000047683716,1700.0
2026-04-09 13:49:00,NOW.V,,0.2150000035762787,0.2150000035762787,0.2150000035762787,0.2150000035762787,4590.0
2026-04-09 13:49:00,OMG.V,,2.0199999809265137,2.0199999809265137,2.0199999809265137,2.0199999809265137,4610.0
2026-04-09 13:49:00,PGDC.V,,0.8999999761581421,0.8999999761581421,0.8999999761581421,0.8999999761581421,20200.0
2026-04-09 13:49:00,PML.V,,0.8999999761581421,0.8999999761581421,0.8999999761581421,0.8999999761581421,19000.0
2026-04-09 13:49:00,QNC.V,,3.3399999141693115,3.3399999141693115,3.3399999141693115,3.3399999141693115,100.0
2026-04-09 13:49:00,RDS.V,,0.8899999856948853,0.8899999856948853,0.8899999856948853,0.8899999856948853,2000.0
2026-04-09 13:49:00,RVG.V,,0.8199999928474426,0.8199999928474426,0.8199999928474426,0.8199999928474426,2000.0
2026-04-09 13:49:00,SCZ.V,,11.5,11.510000228881836,11.479999542236328,11.479999542236328,2200.0
2026-04-09 13:49:00,SLVR.V,,0.8799999952316284,0.8799999952316284,0.8799999952316284,0.8799999952316284,500.0
2026-04-09 13:49:00,SM.V,,1.8600000143051147,1.8600000143051147,1.8600000143051147,1.8600000143051147,100.0
2026-04-09 13:49:00,VIPR.V,,1.3300000429153442,1.3300000429153442,1.3300000429153442,1.3300000429153442,200.0
2026-04-09 13:50:00,MAI.V,,6.349999904632568,6.349999904632568,6.340000152587891,6.340000152587891,6800.0
2026-04-09 13:50:00,NCX.V,,3.2699999809265137,3.2699999809265137,3.2699999809265137,3.2699999809265137,100.0
2026-04-09 13:50:00,NDA.V,,0.949999988079071,0.949999988079071,0.949999988079071,0.949999988079071,3000.0
2026-04-09 13:50:00,NOB.V,,0.10499999672174454,0.10499999672174454,0.10499999672174454,0.10499999672174454,19000.0
2026-04-09 13:50:00,PNPN.V,,1.190000057220459,1.2000000476837158,1.190000057220459,1.2000000476837158,1900.0
2026-04-09 13:50:00,RDS.V,,0.8899999856948853,0.8899999856948853,0.8899999856948853,0.8899999856948853,2000.0
2026-04-09 13:50:00,SLVR.V,,0.8799999952316284,0.8799999952316284,0.8799999952316284,0.8799999952316284,30500.0
2026-04-09 13:51:00,NCAU.V,,0.6600000262260437,0.6600000262260437,0.6600000262260437,0.6600000262260437,49500.0
2026-04-09 13:51:00,ODV.V,,4.619999885559082,4.619999885559082,4.619999885559082,4.619999885559082,300.0
2026-04-09 13:51:00,ONYX.V,,1.2000000476837158,1.2000000476837158,1.2000000476837158,1.2000000476837158,100.0
2026-04-09 13:51:00,PLSR.V,,1.9800000190734863,1.9800000190734863,1.9800000190734863,1.9800000190734863,1050.0
2026-04-09 13:51:00,PNPN.V,,1.2000000476837158,1.2000000476837158,1.2000000476837158,1.2000000476837158,500.0
2026-04-09 13:51:00,QGR.V,,0.25999999046325684,0.25999999046325684,0.25999999046325684,0.25999999046325684,2500.0
2026-04-09 13:51:00,RDS.V,,0.8899999856948853,0.8899999856948853,0.8899999856948853,0.8899999856948853,1000.0
2026-04-09 13:51:00,SHLL-P.V,,0.054999999701976776,0.054999999701976776,0.054999999701976776,0.054999999701976776,1500.0
2026-04-09 13:51:00,SLVR.V,,0.8799999952316284,0.8799999952316284,0.8799999952316284,0.8799999952316284,5000.0
2026-04-09 13:52:00,AGX.V,,0.7400000095367432,0.7400000095367432,0.7400000095367432,0.7400000095367432,3500.0
2026-04-09 13:52:00,LITT.V,,0.4000000059604645,0.4000000059604645,0.4000000059604645,0.4000000059604645,1500.0
2026-04-09 13:52:00,MAI.V,,6.320000171661377,6.349999904632568,6.320000171661377,6.349999904632568,12000.0
2026-04-09 13:52:00,RDS.V,,0.8899999856948853,0.8899999856948853,0.8899999856948853,0.8899999856948853,1000.0
2026-04-09 13:52:00,RPX.V,,0.1899999976158142,0.1899999976158142,0.1899999976158142,0.1899999976158142,12000.0
2026-04-09 13:52:00,RSS.V,,0.46000000834465027,0.46000000834465027,0.46000000834465027,0.46000000834465027,500.0
2026-04-09 13:52:00,SCZ.V,,11.5,11.510000228881836,11.489999771118164,11.489999771118164,8100.0
2026-04-09 13:53:00,AGX.V,,0.7400000095367432,0.7400000095367432,0.7400000095367432,0.7400000095367432,10000.0
2026-04-09 13:53:00,NAU.V,,1.8799999952316284,1.8799999952316284,1.8600000143051147,1.8700000047683716,19400.0
2026-04-09 13:53:00,OEC-H.V,,0.17499999701976776,0.17499999701976776,0.17499999701976776,0.17499999701976776,6000.0
2026-04-09 13:53:00,OGN.V,,3.369999885559082,3.369999885559082,3.369999885559082,3.369999885559082,100.0
2026-04-09 13:53:00,PLSR.V,,1.9700000286102295,1.9700000286102295,1.9700000286102295,1.9700000286102295,100.0
2026-04-09 13:53:00,PNPN.V,,1.2000000476837158,1.2000000476837158,1.2000000476837158,1.2000000476837158,300.0
2026-04-09 13:53:00,QTWO.V,,2.2899999618530273,2.2899999618530273,2.2899999618530273,2.2899999618530273,500.0
2026-04-09 13:53:00,RDS.V,,0.8899999856948853,0.8899999856948853,0.8899999856948853,0.8899999856948853,12500.0
2026-04-09 13:53:00,RLYG.V,,0.6200000047683716,0.6200000047683716,0.6200000047683716,0.6200000047683716,12950.0
2026-04-09 13:53:00,RVG.V,,0.8199999928474426,0.8199999928474426,0.8199999928474426,0.8199999928474426,1150.0
2026-04-09 13:53:00,RZL.V,,0.45500001311302185,0.45500001311302185,0.45500001311302185,0.45500001311302185,4000.0
2026-04-09 13:53:00,SVRS.V,,0.48750001192092896,0.48750001192092896,0.48750001192092896,0.48750001192092896,500.0
2026-04-09 13:54:00,MAI.V,,6.329999923706055,6.329999923706055,6.329999923706055,6.329999923706055,100.0
2026-04-09 13:54:00,OMG.V,,2.0199999809265137,2.0199999809265137,2.0199999809265137,2.0199999809265137,2200.0
2026-04-09 13:54:00,PLSR.V,,1.9900000095367432,1.9900000095367432,1.9900000095367432,1.9900000095367432,200.0
2026-04-09 13:54:00,PVT.V,,1.6399999856948853,1.6399999856948853,1.6399999856948853,1.6399999856948853,0.0
2026-04-09 13:54:00,QGR.V,,0.25999999046325684,0.25999999046325684,0.25999999046325684,0.25999999046325684,500.0
2026-04-09 13:54:00,RECO.V,,1.059999942779541,1.059999942779541,1.0499999523162842,1.059999942779541,24348.0
2026-04-09 13:54:00,RYO.V,,0.5,0.5,0.5,0.5,44150.0
2026-04-09 13:54:00,SLI.V,,4.690000057220459,4.690000057220459,4.690000057220459,4.690000057220459,400.0
2026-04-09 13:54:00,SVRS.V,,0.48750001192092896,0.48750001192092896,0.48750001192092896,0.48750001192092896,1330.0
2026-04-09 13:55:00,AGX.V,,0.7400000095367432,0.7400000095367432,0.7400000095367432,0.7400000095367432,11500.0
2026-04-09 13:55:00,MAI.V,,6.320000171661377,6.320000171661377,6.320000171661377,6.320000171661377,100.0
2026-04-09 13:55:00,OMG.V,,2.0299999713897705,2.0299999713897705,2.015000104904175,2.015000104904175,27900.0
2026-04-09 13:55:00,PHNM.V,,0.3499999940395355,0.3499999940395355,0.3499999940395355,0.3499999940395355,4500.0
2026-04-09 13:55:00,PVT.V,,1.6399999856948853,1.6399999856948853,1.6399999856948853,1.6399999856948853,700.0
2026-04-09 13:55:00,RDS.V,,0.8899999856948853,0.8899999856948853,0.8899999856948853,0.8899999856948853,2000.0
2026-04-09 13:55:00,SCZ.V,,11.449999809265137,11.449999809265137,11.449999809265137,11.449999809265137,1100.0
2026-04-09 13:55:00,SOMA.V,,1.8200000524520874,1.8200000524520874,1.8200000524520874,1.8200000524520874,100.0
2026-04-09 13:55:00,SRL.V,,0.19499999284744263,0.19499999284744263,0.19499999284744263,0.19499999284744263,7500.0
2026-04-09 13:55:00,SVRS.V,,0.48750001192092896,0.48750001192092896,0.48750001192092896,0.48750001192092896,1500.0
2026-04-09 13:56:00,MAI.V,,6.349999904632568,6.349999904632568,6.340000152587891,6.340000152587891,600.0
2026-04-09 13:56:00,NFG.V,,2.9100000858306885,2.9100000858306885,2.9100000858306885,2.9100000858306885,130.0
2026-04-09 13:56:00,OMG.V,,2.0399999618530273,2.0399999618530273,2.0399999618530273,2.0399999618530273,100000.0
2026-04-09 13:56:00,QGR.V,,0.25999999046325684,0.25999999046325684,0.25999999046325684,0.25999999046325684,9500.0
2026-04-09 13:56:00,QTWO.V,,2.299999952316284,2.299999952316284,2.299999952316284,2.299999952316284,100.0
2026-04-09 13:56:00,ROS.V,,0.26499998569488525,0.26499998569488525,0.26499998569488525,0.26499998569488525,30000.0
2026-04-09 13:56:00,RZL.V,,0.45500001311302185,0.45500001311302185,0.44999998807907104,0.44999998807907104,8500.0
2026-04-09 13:56:00,SCZ.V,,11.449999809265137,11.449999809265137,11.449999809265137,11.449999809265137,102.0
2026-04-09 13:56:00,SGML.V,,19.09000015258789,19.09000015258789,19.09000015258789,19.09000015258789,100.0
2026-04-09 13:57:00,FEO.V,,0.8700000047683716,0.8700000047683716,0.8700000047683716,0.8700000047683716,1000.0
2026-04-09 13:57:00,OEC-H.V,,0.17499999701976776,0.17499999701976776,0.17499999701976776,0.17499999701976776,10000.0
2026-04-09 13:57:00,OMG.V,,2.0399999618530273,2.0399999618530273,2.0399999618530273,2.0399999618530273,2000.0
2026-04-09 13:57:00,PNPN.V,,1.2000000476837158,1.2000000476837158,1.2000000476837158,1.2000000476837158,300.0
2026-04-09 13:57:00,QNC.V,,3.3499999046325684,3.3499999046325684,3.3499999046325684,3.3499999046325684,100.0
2026-04-09 13:57:00,ROS.V,,0.26499998569488525,0.26499998569488525,0.26499998569488525,0.26499998569488525,3500.0
2026-04-09 13:57:00,SLG.V,,3.5299999713897705,3.5299999713897705,3.5299999713897705,3.5299999713897705,1200.0
2026-04-09 13:58:00,MAI.V,,6.349999904632568,6.349999904632568,6.349999904632568,6.349999904632568,100.0
2026-04-09 13:58:00,NSE.V,,0.5799999833106995,0.5799999833106995,0.5799999833106995,0.5799999833106995,500.0
2026-04-09 13:58:00,OMG.V,,2.0450000762939453,2.049999952316284,2.0450000762939453,2.049999952316284,9945.0
2026-04-09 13:58:00,OMI.V,,0.36000001430511475,0.36000001430511475,0.36000001430511475,0.36000001430511475,23500.0
2026-04-09 13:58:00,PLAN.V,,0.3199999928474426,0.3199999928474426,0.3199999928474426,0.3199999928474426,26500.0
2026-04-09 13:58:00,PNPN.V,,1.2000000476837158,1.2000000476837158,1.2000000476837158,1.2000000476837158,200.0
2026-04-09 13:58:00,QNC.V,,3.3499999046325684,3.3499999046325684,3.3499999046325684,3.3499999046325684,400.0
2026-04-09 13:58:00,ROCK.V,,2.700000047683716,2.700000047683716,2.700000047683716,2.700000047683716,1100.0
2026-04-09 13:58:00,RYO.V,,0.5,0.5,0.5,0.5,6500.0
2026-04-09 13:58:00,SCD.V,,0.13500000536441803,0.13500000536441803,0.13500000536441803,0.13500000536441803,102293.0
2026-04-09 13:58:00,SCZ.V,,11.4399995803833,11.4399995803833,11.4399995803833,11.4399995803833,300.0
2026-04-09 13:58:00,SLI.V,,4.690000057220459,4.690000057220459,4.690000057220459,4.690000057220459,400.0
2026-04-09 13:58:00,STUD.V,,0.35499998927116394,0.35499998927116394,0.35499998927116394,0.35499998927116394,13500.0
2026-04-09 13:58:00,SVRS.V,,0.48500001430511475,0.48750001192092896,0.48500001430511475,0.48750001192092896,2000.0
2026-04-09 13:58:00,VIPR.V,,1.3300000429153442,1.3300000429153442,1.3300000429153442,1.3300000429153442,1000.0
2026-04-09 13:59:00,AGX.V,,0.7400000095367432,0.7400000095367432,0.7400000095367432,0.7400000095367432,500.0
2026-04-09 13:59:00,OMI.V,,0.3700000047683716,0.3700000047683716,0.3700000047683716,0.3700000047683716,9701.0
2026-04-09 13:59:00,PLSR.V,,1.9800000190734863,1.9800000190734863,1.9800000190734863,1.9800000190734863,500.0
2026-04-09 13:59:00,QNC.V,,3.3499999046325684,3.3499999046325684,3.3450000286102295,3.3450000286102295,3000.0
2026-04-09 13:59:00,QTWO.V,,2.2950000762939453,2.299999952316284,2.2950000762939453,2.299999952316284,900.0
2026-04-09 13:59:00,RDS.V,,0.8899999856948853,0.8899999856948853,0.8899999856948853,0.8899999856948853,6500.0
2026-04-09 13:59:00,RRM-H.V,,0.04500000178813934,0.04500000178813934,0.04500000178813934,0.04500000178813934,0.0
2026-04-09 13:59:00,SCZ.V,,11.430000305175781,11.430000305175781,11.430000305175781,11.430000305175781,100.0
2026-04-09 13:59:00,SHL.V,,0.47999998927116394,0.47999998927116394,0.47999998927116394,0.47999998927116394,5500.0
2026-04-09 13:59:00,SLG.V,,3.569999933242798,3.569999933242798,3.5299999713897705,3.5299999713897705,24500.0
2026-04-09 13:59:00,SVRS.V,,0.48500001430511475,0.48500001430511475,0.48500001430511475,0.48500001430511475,2050.0
2026-04-09 14:00:00,GASX.V,,1.4600000381469727,1.4600000381469727,1.4600000381469727,1.4600000381469727,100.0
2026-04-09 14:00:00,LITT.V,,0.38499999046325684,0.4000000059604645,0.38499999046325684,0.4000000059604645,39500.0
2026-04-09 14:00:00,MAI.V,,6.349999904632568,6.349999904632568,6.349999904632568,6.349999904632568,100.0
2026-04-09 14:00:00,MNRG.V,,0.10000000149011612,0.10000000149011612,0.10000000149011612,0.10000000149011612,1000.0
2026-04-09 14:00:00,NCX.V,,3.2799999713897705,3.2850000858306885,3.2799999713897705,3.2799999713897705,19225.0
2026-04-09 14:00:00,NSU.V,,0.1899999976158142,0.1899999976158142,0.1899999976158142,0.1899999976158142,1500.0
2026-04-09 14:00:00,OCO.V,,0.4099999964237213,0.4099999964237213,0.4099999964237213,0.4099999964237213,3500.0
2026-04-09 14:00:00,OMG.V,,2.0399999618530273,2.0399999618530273,2.0399999618530273,2.0399999618530273,5000.0
2026-04-09 14:00:00,PML.V,,0.9100000262260437,0.9100000262260437,0.9100000262260437,0.9100000262260437,164000.0
2026-04-09 14:00:00,PNPN.V,,1.2100000381469727,1.2100000381469727,1.2100000381469727,1.2100000381469727,10000.0
2026-04-09 14:00:00,PNTR.V,,0.5299999713897705,0.5299999713897705,0.5299999713897705,0.5299999713897705,6000.0
2026-04-09 14:00:00,RBX.V,,7.190000057220459,7.190000057220459,7.190000057220459,7.190000057220459,100.0
2026-04-09 14:00:00,ROCK.V,,2.7100000381469727,2.7100000381469727,2.7100000381469727,2.7100000381469727,300.0
2026-04-09 14:00:00,RVG.V,,0.8199999928474426,0.8199999928474426,0.8199999928474426,0.8199999928474426,2000.0
2026-04-09 14:00:00,RYO.V,,0.5,0.5,0.5,0.5,3500.0
2026-04-09 14:00:00,SCZ.V,,11.430000305175781,11.430000305175781,11.430000305175781,11.430000305175781,2000.0
2026-04-09 14:00:00,SGN.V,,0.3499999940395355,0.35249999165534973,0.3499999940395355,0.35249999165534973,53500.0
2026-04-09 14:00:00,SLG.V,,3.569999933242798,3.569999933242798,3.569999933242798,3.569999933242798,900.0
2026-04-09 14:01:00,GASX.V,,1.4500000476837158,1.4500000476837158,1.4500000476837158,1.4500000476837158,1300.0
2026-04-09 14:01:00,MAI.V,,6.340000152587891,6.340000152587891,6.340000152587891,6.340000152587891,600.0
2026-04-09 14:01:00,MNRG.V,,0.10000000149011612,0.10000000149011612,0.10000000149011612,0.10000000149011612,2000.0
2026-04-09 14:01:00,PNPN.V,,1.2000000476837158,1.2000000476837158,1.2000000476837158,1.2000000476837158,200.0
2026-04-09 14:01:00,RBX.V,,7.190000057220459,7.190000057220459,7.190000057220459,7.190000057220459,100.0
2026-04-09 14:01:00,SCZ.V,,11.4399995803833,11.4399995803833,11.4399995803833,11.4399995803833,300.0
2026-04-09 14:01:00,SGML.V,,19.0,19.030000686645508,19.0,19.030000686645508,715.0
2026-04-09 14:01:00,SGN.V,,0.3499999940395355,0.3499999940395355,0.3499999940395355,0.3499999940395355,156821.0
2026-04-09 14:01:00,SLI.V,,4.679999828338623,4.679999828338623,4.679999828338623,4.679999828338623,1000.0
2026-04-09 14:02:00,GASX.V,,1.4500000476837158,1.4600000381469727,1.4500000476837158,1.4600000381469727,4950.0
2026-04-09 14:02:00,OGN.V,,3.369999885559082,3.369999885559082,3.369999885559082,3.369999885559082,100.0
2026-04-09 14:02:00,PNPN.V,,1.2000000476837158,1.2000000476837158,1.2000000476837158,1.2000000476837158,100.0
2026-04-09 14:02:00,PWM.V,,0.4074999988079071,0.4074999988079071,0.4074999988079071,0.4074999988079071,500.0
2026-04-09 14:02:00,RBX.V,,7.170000076293945,7.190000057220459,7.170000076293945,7.190000057220459,200.0
2026-04-09 14:02:00,RVG.V,,0.8199999928474426,0.8199999928474426,0.8199999928474426,0.8199999928474426,2000.0
2026-04-09 14:02:00,SCZ.V,,11.399999618530273,11.399999618530273,11.399999618530273,11.399999618530273,5100.0
2026-04-09 14:02:00,SGML.V,,19.020000457763672,19.020000457763672,19.020000457763672,19.020000457763672,120.0
2026-04-09 14:02:00,SGN.V,,0.3449999988079071,0.3449999988079071,0.3449999988079071,0.3449999988079071,4000.0
2026-04-09 14:02:00,SLI.V,,4.670000076293945,4.670000076293945,4.670000076293945,4.670000076293945,200.0
2026-04-09 14:02:00,SOMA.V,,1.8200000524520874,1.8200000524520874,1.8200000524520874,1.8200000524520874,100.0
2026-04-09 14:02:00,SVE.V,,0.5600000023841858,0.5600000023841858,0.5600000023841858,0.5600000023841858,500.0
2026-04-09 14:02:00,SVRS.V,,0.48249998688697815,0.48249998688697815,0.48249998688697815,0.48249998688697815,1500.0
2026-04-09 14:03:00,NCX.V,,3.259999990463257,3.2750000953674316,3.259999990463257,3.2699999809265137,3900.0
2026-04-09 14:03:00,NFG.V,,2.9000000953674316,2.9000000953674316,2.9000000953674316,2.9000000953674316,800.0
2026-04-09 14:03:00,ODV.V,,4.590000152587891,4.590000152587891,4.590000152587891,4.590000152587891,800.0
2026-04-09 14:03:00,OMG.V,,2.0299999713897705,2.0299999713897705,2.0299999713897705,2.0299999713897705,1200.0
2026-04-09 14:03:00,PLSR.V,,1.9700000286102295,1.9700000286102295,1.9700000286102295,1.9700000286102295,4600.0
2026-04-09 14:03:00,PNPN.V,,1.2000000476837158,1.2000000476837158,1.2000000476837158,1.2000000476837158,100.0
2026-04-09 14:03:00,PPP.V,,1.309999942779541,1.309999942779541,1.309999942779541,1.309999942779541,4990.0
2026-04-09 14:03:00,QTWO.V,,2.2950000762939453,2.2950000762939453,2.2950000762939453,2.2950000762939453,100.0
2026-04-09 14:03:00,RBX.V,,7.190000057220459,7.190000057220459,7.190000057220459,7.190000057220459,100.0
2026-04-09 14:03:00,RDS.V,,0.8899999856948853,0.8899999856948853,0.8899999856948853,0.8899999856948853,2500.0
2026-04-09 14:03:00,SCZ.V,,11.40999984741211,11.40999984741211,11.40999984741211,11.40999984741211,200.0
2026-04-09 14:03:00,SGML.V,,18.950000762939453,18.959999084472656,18.950000762939453,18.959999084472656,600.0
2026-04-09 14:03:00,SLI.V,,4.659999847412109,4.659999847412109,4.659999847412109,4.659999847412109,100.0
2026-04-09 14:03:00,SLVR.V,,0.8799999952316284,0.8799999952316284,0.8799999952316284,0.8799999952316284,500.0
2026-04-09 14:03:00,SVRS.V,,0.47999998927116394,0.47999998927116394,0.47999998927116394,0.47999998927116394,45500.0
2026-04-09 14:04:00,AGX.V,,0.7300000190734863,0.7300000190734863,0.7300000190734863,0.7300000190734863,25140.0
2026-04-09 14:04:00,MAI.V,,6.329999923706055,6.329999923706055,6.329999923706055,6.329999923706055,400.0
2026-04-09 14:04:00,MMY.V,,0.9800000190734863,0.9800000190734863,0.9800000190734863,0.9800000190734863,10644.0
2026-04-09 14:04:00,NAU.V,,1.850000023841858,1.8600000143051147,1.850000023841858,1.8600000143051147,1778.0
2026-04-09 14:04:00,NFG.V,,2.9000000953674316,2.9000000953674316,2.890000104904175,2.8949999809265137,5900.0
2026-04-09 14:04:00,ODV.V,,4.579999923706055,4.579999923706055,4.570000171661377,4.579999923706055,4700.0
2026-04-09 14:04:00,OMG.V,,2.0299999713897705,2.0299999713897705,2.0299999713897705,2.0299999713897705,1000.0
2026-04-09 14:04:00,ORC-B.V,,3.2899999618530273,3.2899999618530273,3.2899999618530273,3.2899999618530273,475.0
2026-04-09 14:04:00,PER.V,,0.1850000023841858,0.1850000023841858,0.1850000023841858,0.1850000023841858,14500.0
2026-04-09 14:04:00,PLSR.V,,1.9800000190734863,1.9800000190734863,1.9800000190734863,1.9800000190734863,100.0
2026-04-09 14:04:00,PNPN.V,,1.2000000476837158,1.2000000476837158,1.2000000476837158,1.2000000476837158,15000.0
2026-04-09 14:04:00,QNC.V,,3.3399999141693115,3.3399999141693115,3.3399999141693115,3.3399999141693115,940.0
2026-04-09 14:04:00,RDU.V,,0.13500000536441803,0.13500000536441803,0.13500000536441803,0.13500000536441803,500.0
2026-04-09 14:04:00,SCZ.V,,11.369999885559082,11.369999885559082,11.350000381469727,11.369999885559082,3800.0
2026-04-09 14:04:00,SGML.V,,18.899999618530273,18.899999618530273,18.899999618530273,18.899999618530273,200.0
2026-04-09 14:04:00,SLI.V,,4.650000095367432,4.650000095367432,4.650000095367432,4.650000095367432,2700.0
2026-04-09 14:04:00,SSV.V,,0.6000000238418579,0.6000000238418579,0.6000000238418579,0.6000000238418579,18500.0
2026-04-09 14:04:00,SVE.V,,0.5600000023841858,0.5600000023841858,0.5600000023841858,0.5600000023841858,3500.0
2026-04-09 14:05:00,GASX.V,,1.4600000381469727,1.4600000381469727,1.4600000381469727,1.4600000381469727,100.0
2026-04-09 14:05:00,NFG.V,,2.9000000953674316,2.9049999713897705,2.9000000953674316,2.9049999713897705,5954.0
2026-04-09 14:05:00,OMG.V,,2.0299999713897705,2.0299999713897705,2.0299999713897705,2.0299999713897705,1200.0
2026-04-09 14:05:00,PGE.V,,0.3199999928474426,0.3199999928474426,0.3199999928474426,0.3199999928474426,3500.0
2026-04-09 14:05:00,PLSR.V,,1.9900000095367432,1.9900000095367432,1.9800000190734863,1.9800000190734863,1100.0
2026-04-09 14:05:00,PNPN.V,,1.2000000476837158,1.2000000476837158,1.2000000476837158,1.2000000476837158,1400.0
2026-04-09 14:05:00,RDS.V,,0.8899999856948853,0.8899999856948853,0.8899999856948853,0.8899999856948853,8500.0
2026-04-09 14:05:00,RYO.V,,0.5,0.5,0.5,0.5,10000.0
2026-04-09 14:05:00,SCZ.V,,11.380000114440918,11.380000114440918,11.380000114440918,11.380000114440918,400.0
2026-04-09 14:05:00,SGML.V,,18.90999984741211,18.90999984741211,18.90999984741211,18.90999984741211,100.0
2026-04-09 14:05:00,SLI.V,,4.659999847412109,4.659999847412109,4.659999847412109,4.659999847412109,100.0
2026-04-09 14:05:00,SSV.V,,0.6000000238418579,0.6000000238418579,0.6000000238418579,0.6000000238418579,4500.0
2026-04-09 14:05:00,VIPR.V,,1.3200000524520874,1.3300000429153442,1.3200000524520874,1.3300000429153442,6500.0
2026-04-09 14:06:00,NAU.V,,1.8700000047683716,1.8700000047683716,1.8700000047683716,1.8700000047683716,300.0
2026-04-09 14:06:00,NFG.V,,2.9100000858306885,2.9100000858306885,2.9100000858306885,2.9100000858306885,3300.0
2026-04-09 14:06:00,NIM.V,,0.9700000286102295,0.9700000286102295,0.9700000286102295,0.9700000286102295,500.0
2026-04-09 14:06:00,OMG.V,,2.0299999713897705,2.0299999713897705,2.0299999713897705,2.0299999713897705,1200.0
2026-04-09 14:06:00,PEX.V,,0.1850000023841858,0.1850000023841858,0.1850000023841858,0.1850000023841858,20254.0
2026-04-09 14:06:00,PGDC.V,,0.8999999761581421,0.8999999761581421,0.8999999761581421,0.8999999761581421,5000.0
2026-04-09 14:06:00,PLSR.V,,1.9900000095367432,1.9900000095367432,1.9900000095367432,1.9900000095367432,200.0
2026-04-09 14:06:00,RDS.V,,0.8899999856948853,0.8899999856948853,0.8899999856948853,0.8899999856948853,500.0
2026-04-09 14:06:00,SGML.V,,18.950000762939453,18.950000762939453,18.950000762939453,18.950000762939453,100.0
2026-04-09 14:06:00,SVRS.V,,0.47999998927116394,0.47999998927116394,0.47999998927116394,0.47999998927116394,1500.0
2026-04-09 14:06:00,VIPR.V,,1.309999942779541,1.309999942779541,1.309999942779541,1.309999942779541,5000.0
2026-04-09 14:07:00,OCO.V,,0.41499999165534973,0.41499999165534973,0.4099999964237213,0.4099999964237213,7000.0
2026-04-09 14:07:00,OMG.V,,2.0299999713897705,2.0299999713897705,2.0299999713897705,2.0299999713897705,100.0
2026-04-09 14:07:00,PLSR.V,,1.9900000095367432,1.9900000095367432,1.9900000095367432,1.9900000095367432,100.0
2026-04-09 14:07:00,RDS.V,,0.8899999856948853,0.8899999856948853,0.8899999856948853,0.8899999856948853,2500.0
2026-04-09 14:07:00,SGML.V,,18.899999618530273,18.920000076293945,18.899999618530273,18.920000076293945,700.0
2026-04-09 14:07:00,SLG.V,,3.569999933242798,3.569999933242798,3.569999933242798,3.569999933242798,3500.0
2026-04-09 14:07:00,SOMA.V,,1.8200000524520874,1.8200000524520874,1.8200000524520874,1.8200000524520874,2100.0
2026-04-09 14:08:00,NFG.V,,2.9000000953674316,2.9000000953674316,2.9000000953674316,2.9000000953674316,2100.0
2026-04-09 14:08:00,NOW.V,,0.2150000035762787,0.2150000035762787,0.2150000035762787,0.2150000035762787,9500.0
2026-04-09 14:08:00,ODV.V,,4.579999923706055,4.579999923706055,4.579999923706055,4.579999923706055,800.0
2026-04-09 14:08:00,OMG.V,,2.0299999713897705,2.0299999713897705,2.0299999713897705,2.0299999713897705,100.0
2026-04-09 14:08:00,PGLD.V,,0.7300000190734863,0.7300000190734863,0.7300000190734863,0.7300000190734863,6000.0
2026-04-09 14:08:00,PLAN.V,,0.3199999928474426,0.3199999928474426,0.3199999928474426,0.3199999928474426,26000.0
2026-04-09 14:08:00,PML.V,,0.8999999761581421,0.8999999761581421,0.8999999761581421,0.8999999761581421,16500.0
2026-04-09 14:08:00,RDS.V,,0.8899999856948853,0.8899999856948853,0.8899999856948853,0.8899999856948853,3000.0
2026-04-09 14:08:00,RYR.V,,0.20000000298023224,0.20000000298023224,0.20000000298023224,0.20000000298023224,4000.0
2026-04-09 14:08:00,SOMA.V,,1.7999999523162842,1.7999999523162842,1.7999999523162842,1.7999999523162842,100.0
2026-04-09 14:09:00,MAI.V,,6.340000152587891,6.340000152587891,6.340000152587891,6.340000152587891,600.0
2026-04-09 14:09:00,OMG.V,,2.0299999713897705,2.0299999713897705,2.0299999713897705,2.0299999713897705,100.0
2026-04-09 14:09:00,PML.V,,0.8999999761581421,0.8999999761581421,0.8999999761581421,0.8999999761581421,1500.0
2026-04-09 14:09:00,QGR.V,,0.26499998569488525,0.26499998569488525,0.26499998569488525,0.26499998569488525,17000.0
2026-04-09 14:09:00,RDS.V,,0.8899999856948853,0.8899999856948853,0.8899999856948853,0.8899999856948853,5000.0
2026-04-09 14:09:00,SCZ.V,,11.300000190734863,11.329999923706055,11.289999961853027,11.329999923706055,13700.0
2026-04-09 14:09:00,SOI.V,,0.2199999988079071,0.2199999988079071,0.2199999988079071,0.2199999988079071,1000.0
2026-04-09 14:09:00,SSV.V,,0.6000000238418579,0.6000000238418579,0.6000000238418579,0.6000000238418579,3500.0
2026-04-09 14:09:00,SVE.V,,0.5600000023841858,0.5600000023841858,0.5600000023841858,0.5600000023841858,500.0
2026-04-09 14:10:00,MKA.V,,0.6700000166893005,0.6700000166893005,0.6700000166893005,0.6700000166893005,10080.0
2026-04-09 14:10:00,NFG.V,,2.9049999713897705,2.9049999713897705,2.9000000953674316,2.9000000953674316,5700.0
2026-04-09 14:10:00,PRG.V,,0.5799999833106995,0.5799999833106995,0.5699999928474426,0.5699999928474426,16500.0
2026-04-09 14:10:00,ROK.V,,0.26499998569488525,0.26499998569488525,0.26499998569488525,0.26499998569488525,5500.0
2026-04-09 14:10:00,RW.V,,0.30000001192092896,0.30000001192092896,0.30000001192092896,0.30000001192092896,0.0
2026-04-09 14:10:00,SCZ.V,,11.350000381469727,11.350000381469727,11.350000381469727,11.350000381469727,100.0
2026-04-09 14:10:00,SKYG.V,,0.05000000074505806,0.05000000074505806,0.05000000074505806,0.05000000074505806,52000.0
2026-04-09 14:10:00,SLI.V,,4.650000095367432,4.650000095367432,4.650000095367432,4.650000095367432,110.0
2026-04-09 14:10:00,SVRS.V,,0.47999998927116394,0.47999998927116394,0.47749999165534973,0.47749999165534973,30000.0
2026-04-09 14:11:00,MAI.V,,6.329999923706055,6.329999923706055,6.329999923706055,6.329999923706055,500.0
2026-04-09 14:11:00,OMG.V,,2.0399999618530273,2.0399999618530273,2.0399999618530273,2.0399999618530273,3600.0
2026-04-09 14:11:00,PINK.V,,0.3449999988079071,0.3449999988079071,0.3449999988079071,0.3449999988079071,1000.0
2026-04-09 14:11:00,RDS.V,,0.8899999856948853,0.8899999856948853,0.8899999856948853,0.8899999856948853,2500.0
2026-04-09 14:11:00,RVG.V,,0.8199999928474426,0.8199999928474426,0.8199999928474426,0.8199999928474426,3500.0
2026-04-09 14:11:00,SAI-H.V,,0.004999999888241291,0.004999999888241291,0.004999999888241291,0.004999999888241291,1000.0
2026-04-09 14:12:00,OGN.V,,3.359999895095825,3.359999895095825,3.359999895095825,3.359999895095825,100.0
2026-04-09 14:12:00,OTC.V,,0.46000000834465027,0.46000000834465027,0.46000000834465027,0.46000000834465027,1000.0
2026-04-09 14:12:00,PNPN.V,,1.2000000476837158,1.2000000476837158,1.2000000476837158,1.2000000476837158,200.0
2026-04-09 14:12:00,RDS.V,,0.8899999856948853,0.8899999856948853,0.8899999856948853,0.8899999856948853,3000.0
2026-04-09 14:12:00,RW.V,,0.30000001192092896,0.30000001192092896,0.30000001192092896,0.30000001192092896,1500.0
2026-04-09 14:12:00,RYO.V,,0.5,0.5,0.5,0.5,4500.0
2026-04-09 14:12:00,SAGE.V,,0.18000000715255737,0.1850000023841858,0.18000000715255737,0.1850000023841858,13500.0
2026-04-09 14:12:00,SCZ.V,,11.300000190734863,11.300000190734863,11.300000190734863,11.300000190734863,100.0
2026-04-09 14:12:00,SGN.V,,0.3449999988079071,0.3449999988079071,0.3449999988079071,0.3449999988079071,2500.0
2026-04-09 14:12:00,SLI.V,,4.650000095367432,4.650000095367432,4.650000095367432,4.650000095367432,1000.0
2026-04-09 14:12:00,SSV.V,,0.6000000238418579,0.6000000238418579,0.6000000238418579,0.6000000238418579,19000.0
2026-04-09 14:12:00,SVRS.V,,0.47999998927116394,0.47999998927116394,0.47999998927116394,0.47999998927116394,2591.0
2026-04-09 14:13:00,MNRG.V,,0.0949999988079071,0.0949999988079071,0.0949999988079071,0.0949999988079071,5000.0
2026-04-09 14:13:00,PNPN.V,,1.2000000476837158,1.2000000476837158,1.2000000476837158,1.2000000476837158,200.0
2026-04-09 14:13:00,QZM.V,,0.699999988079071,0.699999988079071,0.699999988079071,0.699999988079071,2000.0
2026-04-09 14:13:00,RDS.V,,0.8899999856948853,0.8899999856948853,0.8899999856948853,0.8899999856948853,1000.0
2026-04-09 14:13:00,SCZ.V,,11.3100004196167,11.3100004196167,11.279999732971191,11.279999732971191,4214.0
2026-04-09 14:13:00,SDI.V,,0.20499999821186066,0.20499999821186066,0.20499999821186066,0.20499999821186066,15000.0
2026-04-09 14:14:00,NFG.V,,2.890000104904175,2.890000104904175,2.890000104904175,2.890000104904175,1556.0
2026-04-09 14:14:00,OCO.V,,0.4050000011920929,0.4050000011920929,0.4050000011920929,0.4050000011920929,500.0
2026-04-09 14:14:00,PEX.V,,0.1850000023841858,0.1850000023841858,0.1850000023841858,0.1850000023841858,1000.0
2026-04-09 14:14:00,PLSR.V,,1.9800000190734863,1.9800000190734863,1.9800000190734863,1.9800000190734863,2500.0
2026-04-09 14:14:00,PNPN.V,,1.2000000476837158,1.2000000476837158,1.2000000476837158,1.2000000476837158,200.0
2026-04-09 14:14:00,RBX.V,,7.179999828338623,7.179999828338623,7.179999828338623,7.179999828338623,100.0
2026-04-09 14:14:00,RDS.V,,0.8899999856948853,0.8899999856948853,0.8899999856948853,0.8899999856948853,1000.0
2026-04-09 14:14:00,ROMJ.V,,0.5,0.5,0.5,0.5,500.0
2026-04-09 14:14:00,SGN.V,,0.3400000035762787,0.3400000035762787,0.3400000035762787,0.3400000035762787,3500.0
2026-04-09 14:14:00,SOMA.V,,1.809999942779541,1.809999942779541,1.809999942779541,1.809999942779541,1900.0
2026-04-09 14:14:00,SSV.V,,0.5899999737739563,0.5950000286102295,0.5899999737739563,0.5950000286102295,14500.0
2026-04-09 14:14:00,SVE.V,,0.5600000023841858,0.5600000023841858,0.5600000023841858,0.5600000023841858,500.0
2026-04-09 14:15:00,GASX.V,,1.4500000476837158,1.4500000476837158,1.4500000476837158,1.4500000476837158,500.0
2026-04-09 14:15:00,NCX.V,,3.265000104904175,3.265000104904175,3.259999990463257,3.259999990463257,2700.0
2026-04-09 14:15:00,NFG.V,,2.9000000953674316,2.9000000953674316,2.9000000953674316,2.9000000953674316,1300.0
2026-04-09 14:15:00,OEC-H.V,,0.17499999701976776,0.17499999701976776,0.17499999701976776,0.17499999701976776,4000.0
2026-04-09 14:15:00,OMG.V,,2.0399999618530273,2.0399999618530273,2.0399999618530273,2.0399999618530273,7000.0
2026-04-09 14:15:00,PNPN.V,,1.2000000476837158,1.2000000476837158,1.2000000476837158,1.2000000476837158,200.0
2026-04-09 14:15:00,PWM.V,,0.4050000011920929,0.4050000011920929,0.4050000011920929,0.4050000011920929,500.0
2026-04-09 14:15:00,RBX.V,,7.150000095367432,7.179999828338623,7.150000095367432,7.179999828338623,200.0
2026-04-09 14:15:00,SCZ.V,,11.300000190734863,11.300000190734863,11.300000190734863,11.300000190734863,200.0
2026-04-09 14:15:00,SLG.V,,3.5899999141693115,3.5899999141693115,3.5899999141693115,3.5899999141693115,100.0
2026-04-09 14:15:00,SLVR.V,,0.8799999952316284,0.8799999952316284,0.8799999952316284,0.8799999952316284,500.0
2026-04-09 14:16:00,MAI.V,,6.329999923706055,6.329999923706055,6.329999923706055,6.329999923706055,200.0
2026-04-09 14:16:00,NAU.V,,1.8700000047683716,1.8700000047683716,1.8600000143051147,1.8600000143051147,1400.0
2026-04-09 14:16:00,NCX.V,,3.265000104904175,3.265000104904175,3.265000104904175,3.265000104904175,100.0
2026-04-09 14:16:00,OMG.V,,2.0399999618530273,2.0399999618530273,2.0399999618530273,2.0399999618530273,1700.0
2026-04-09 14:16:00,PNPN.V,,1.2000000476837158,1.2000000476837158,1.2000000476837158,1.2000000476837158,100.0
2026-04-09 14:16:00,RDS.V,,0.8899999856948853,0.8899999856948853,0.8899999856948853,0.8899999856948853,14000.0
2026-04-09 14:17:00,OMG.V,,2.0450000762939453,2.0450000762939453,2.0450000762939453,2.0450000762939453,500.0
2026-04-09 14:17:00,PNPN.V,,1.2000000476837158,1.2000000476837158,1.2000000476837158,1.2000000476837158,100.0
2026-04-09 14:17:00,PNTR.V,,0.5,0.5,0.5,0.5,12000.0
2026-04-09 14:17:00,SCZ.V,,11.329999923706055,11.329999923706055,11.319999694824219,11.319999694824219,800.0
2026-04-09 14:17:00,SGML.V,,18.93000030517578,18.93000030517578,18.93000030517578,18.93000030517578,200.0
2026-04-09 14:18:00,NFG.V,,2.9049999713897705,2.9049999713897705,2.9049999713897705,2.9049999713897705,3000.0
2026-04-09 14:18:00,ODV.V,,4.579999923706055,4.579999923706055,4.579999923706055,4.579999923706055,100.0
2026-04-09 14:18:00,OMG.V,,2.0399999618530273,2.0399999618530273,2.0399999618530273,2.0399999618530273,1100.0
2026-04-09 14:18:00,PNPN.V,,1.2000000476837158,1.2000000476837158,1.2000000476837158,1.2000000476837158,200.0
2026-04-09 14:18:00,QNC.V,,3.319999933242798,3.319999933242798,3.319999933242798,3.319999933242798,100.0
2026-04-09 14:18:00,RBX.V,,7.179999828338623,7.179999828338623,7.179999828338623,7.179999828338623,100.0
2026-04-09 14:18:00,RDS.V,,0.8899999856948853,0.8899999856948853,0.8899999856948853,0.8899999856948853,1000.0
2026-04-09 14:18:00,ROCK.V,,2.700000047683716,2.700000047683716,2.700000047683716,2.700000047683716,300.0
2026-04-09 14:18:00,RVG.V,,0.8199999928474426,0.8199999928474426,0.8199999928474426,0.8199999928474426,7500.0
2026-04-09 14:18:00,SSV.V,,0.6000000238418579,0.6000000238418579,0.6000000238418579,0.6000000238418579,11500.0
2026-04-09 14:18:00,SVE.V,,0.5600000023841858,0.5600000023841858,0.5600000023841858,0.5600000023841858,500.0
2026-04-09 14:19:00,NFG.V,,2.9000000953674316,2.9049999713897705,2.9000000953674316,2.9049999713897705,900.0
2026-04-09 14:19:00,ODV.V,,4.570000171661377,4.570000171661377,4.570000171661377,4.570000171661377,181.0
2026-04-09 14:19:00,OMG.V,,2.049999952316284,2.049999952316284,2.0450000762939453,2.0450000762939453,3801.0
2026-04-09 14:19:00,PLAN.V,,0.3199999928474426,0.3199999928474426,0.3199999928474426,0.3199999928474426,25000.0
2026-04-09 14:19:00,PNPN.V,,1.2000000476837158,1.2000000476837158,1.2000000476837158,1.2000000476837158,100.0
2026-04-09 14:19:00,QGR.V,,0.26499998569488525,0.26499998569488525,0.26499998569488525,0.26499998569488525,31500.0
2026-04-09 14:19:00,QTWO.V,,2.299999952316284,2.299999952316284,2.299999952316284,2.299999952316284,200.0
2026-04-09 14:19:00,RDS.V,,0.8999999761581421,0.8999999761581421,0.8999999761581421,0.8999999761581421,1000.0
2026-04-09 14:19:00,SLG.V,,3.5999999046325684,3.5999999046325684,3.5899999141693115,3.5899999141693115,3200.0
2026-04-09 14:19:00,STUD.V,,0.35499998927116394,0.35499998927116394,0.35499998927116394,0.35499998927116394,2000.0
2026-04-09 14:20:00,HASH.V,,0.03999999910593033,0.03999999910593033,0.03999999910593033,0.03999999910593033,8000.0
2026-04-09 14:20:00,NAU.V,,1.8700000047683716,1.8700000047683716,1.8700000047683716,1.8700000047683716,800.0
2026-04-09 14:20:00,NCX.V,,3.259999990463257,3.259999990463257,3.259999990463257,3.259999990463257,100.0
2026-04-09 14:20:00,OCO.V,,0.39500001072883606,0.39500001072883606,0.39500001072883606,0.39500001072883606,500.0
2026-04-09 14:20:00,OMG.V,,2.0399999618530273,2.0450000762939453,2.0399999618530273,2.0450000762939453,1300.0
2026-04-09 14:20:00,ONYX.V,,1.2000000476837158,1.2000000476837158,1.2000000476837158,1.2000000476837158,100.0
2026-04-09 14:20:00,PNPN.V,,1.2000000476837158,1.2000000476837158,1.2000000476837158,1.2000000476837158,100.0
2026-04-09 14:20:00,QTWO.V,,2.299999952316284,2.299999952316284,2.299999952316284,2.299999952316284,100.0
2026-04-09 14:20:00,RBX.V,,7.179999828338623,7.179999828338623,7.179999828338623,7.179999828338623,100.0
2026-04-09 14:21:00,GASX.V,,1.4600000381469727,1.4600000381469727,1.4600000381469727,1.4600000381469727,100.0
2026-04-09 14:21:00,MAI.V,,6.340000152587891,6.340000152587891,6.340000152587891,6.340000152587891,100.0
2026-04-09 14:21:00,NCX.V,,3.265000104904175,3.265000104904175,3.259999990463257,3.259999990463257,800.0
2026-04-09 14:21:00,NRN.V,,0.04500000178813934,0.04500000178813934,0.04500000178813934,0.04500000178813934,1000.0
2026-04-09 14:21:00,OGN.V,,3.359999895095825,3.359999895095825,3.359999895095825,3.359999895095825,100.0
2026-04-09 14:21:00,PNPN.V,,1.2000000476837158,1.2000000476837158,1.2000000476837158,1.2000000476837158,200.0
2026-04-09 14:21:00,QTWO.V,,2.2950000762939453,2.2950000762939453,2.2950000762939453,2.2950000762939453,100.0
2026-04-09 14:21:00,RBX.V,,7.179999828338623,7.179999828338623,7.179999828338623,7.179999828338623,100.0
2026-04-09 14:21:00,RDS.V,,0.8999999761581421,0.8999999761581421,0.8999999761581421,0.8999999761581421,1000.0
2026-04-09 14:21:00,RECO.V,,1.059999942779541,1.059999942779541,1.059999942779541,1.059999942779541,300.0
2026-04-09 14:21:00,ROCK.V,,2.690000057220459,2.690000057220459,2.690000057220459,2.690000057220459,400.0
2026-04-09 14:21:00,SEI.V,,0.5699999928474426,0.5699999928474426,0.5699999928474426,0.5699999928474426,3000.0
2026-04-09 14:22:00,NCX.V,,3.265000104904175,3.265000104904175,3.25,3.265000104904175,800.0
2026-04-09 14:22:00,NFD-A.V,,5.300000190734863,5.300000190734863,5.289999961853027,5.289999961853027,600.0
2026-04-09 14:22:00,NOB.V,,0.10000000149011612,0.10000000149011612,0.10000000149011612,0.10000000149011612,370000.0
2026-04-09 14:22:00,NXLV.V,,1.9500000476837158,1.9500000476837158,1.9500000476837158,1.9500000476837158,900.0
2026-04-09 14:22:00,PEAK.V,,0.41999998688697815,0.41999998688697815,0.41999998688697815,0.41999998688697815,1500.0
2026-04-09 14:22:00,PGC.V,,0.029999999329447746,0.029999999329447746,0.029999999329447746,0.029999999329447746,5000.0
2026-04-09 14:22:00,PNPN.V,,1.2000000476837158,1.2000000476837158,1.2000000476837158,1.2000000476837158,100.0
2026-04-09 14:22:00,QNC.V,,3.319999933242798,3.319999933242798,3.319999933242798,3.319999933242798,100.0
2026-04-09 14:22:00,QTWO.V,,2.299999952316284,2.299999952316284,2.299999952316284,2.299999952316284,300.0
2026-04-09 14:22:00,RBX.V,,7.179999828338623,7.179999828338623,7.179999828338623,7.179999828338623,100.0
2026-04-09 14:22:00,RDS.V,,0.8899999856948853,0.8899999856948853,0.8899999856948853,0.8899999856948853,9500.0
2026-04-09 14:22:00,REX.V,,0.29499998688697815,0.29499998688697815,0.29499998688697815,0.29499998688697815,18000.0
2026-04-09 14:22:00,SLVR.V,,0.8799999952316284,0.8799999952316284,0.8799999952316284,0.8799999952316284,16000.0
2026-04-09 14:22:00,SOI.V,,0.2199999988079071,0.2199999988079071,0.2199999988079071,0.2199999988079071,46500.0
2026-04-09 14:23:00,GASX.V,,1.4500000476837158,1.4500000476837158,1.4500000476837158,1.4500000476837158,600.0
2026-04-09 14:23:00,MGG.V,,0.38499999046325684,0.38499999046325684,0.38499999046325684,0.38499999046325684,500.0
2026-04-09 14:23:00,OCO.V,,0.4050000011920929,0.4050000011920929,0.4050000011920929,0.4050000011920929,8500.0
2026-04-09 14:23:00,PER.V,,0.1899999976158142,0.1899999976158142,0.1899999976158142,0.1899999976158142,500.0
2026-04-09 14:23:00,PNPN.V,,1.2000000476837158,1.2000000476837158,1.2000000476837158,1.2000000476837158,100.0
2026-04-09 14:23:00,RDS.V,,0.8899999856948853,0.8899999856948853,0.8899999856948853,0.8899999856948853,4500.0
2026-04-09 14:23:00,SCZ.V,,11.270000457763672,11.289999961853027,11.270000457763672,11.289999961853027,300.0
2026-04-09 14:23:00,SGML.V,,18.93000030517578,18.93000030517578,18.93000030517578,18.93000030517578,1600.0
2026-04-09 14:23:00,SLVR.V,,0.8799999952316284,0.8799999952316284,0.8799999952316284,0.8799999952316284,500.0
2026-04-09 14:23:00,SVE.V,,0.5600000023841858,0.5600000023841858,0.5600000023841858,0.5600000023841858,500.0
2026-04-09 14:24:00,GASX.V,,1.4600000381469727,1.4600000381469727,1.4600000381469727,1.4600000381469727,100.0
2026-04-09 14:24:00,MGRO.V,,0.5899999737739563,0.5899999737739563,0.5899999737739563,0.5899999737739563,3000.0
2026-04-09 14:24:00,NAU.V,,1.8700000047683716,1.8700000047683716,1.8700000047683716,1.8700000047683716,500.0
2026-04-09 14:24:00,PER.V,,0.1850000023841858,0.1850000023841858,0.1850000023841858,0.1850000023841858,9500.0
2026-04-09 14:24:00,PHNM.V,,0.3499999940395355,0.3499999940395355,0.3499999940395355,0.3499999940395355,4000.0
2026-04-09 14:24:00,PNPN.V,,1.2000000476837158,1.2000000476837158,1.2000000476837158,1.2000000476837158,100.0
2026-04-09 14:24:00,PWM.V,,0.4099999964237213,0.4099999964237213,0.4099999964237213,0.4099999964237213,5500.0
2026-04-09 14:24:00,QNC.V,,3.3299999237060547,3.3299999237060547,3.325000047683716,3.3299999237060547,5400.0
2026-04-09 14:24:00,QTWO.V,,2.299999952316284,2.299999952316284,2.299999952316284,2.299999952316284,200.0
2026-04-09 14:24:00,RBX.V,,7.179999828338623,7.179999828338623,7.179999828338623,7.179999828338623,100.0
2026-04-09 14:24:00,RDS.V,,0.8899999856948853,0.8899999856948853,0.8899999856948853,0.8899999856948853,3500.0
2026-04-09 14:24:00,RECO.V,,1.059999942779541,1.059999942779541,1.059999942779541,1.059999942779541,500.0
2026-04-09 14:24:00,ROS.V,,0.26499998569488525,0.26499998569488525,0.26499998569488525,0.26499998569488525,23500.0
2026-04-09 14:24:00,SLVR.V,,0.8799999952316284,0.8799999952316284,0.8799999952316284,0.8799999952316284,500.0
2026-04-09 14:24:00,SVRS.V,,0.4749999940395355,0.4749999940395355,0.4749999940395355,0.4749999940395355,1500.0
2026-04-09 14:25:00,MGRO.V,,0.5899999737739563,0.5899999737739563,0.5899999737739563,0.5899999737739563,25500.0
2026-04-09 14:25:00,NBM.V,,0.5600000023841858,0.5600000023841858,0.5600000023841858,0.5600000023841858,7500.0
2026-04-09 14:25:00,NFG.V,,2.9000000953674316,2.9049999713897705,2.9000000953674316,2.9049999713897705,900.0
2026-04-09 14:25:00,ODV.V,,4.570000171661377,4.579999923706055,4.570000171661377,4.579999923706055,800.0
2026-04-09 14:25:00,PNPN.V,,1.2000000476837158,1.2000000476837158,1.2000000476837158,1.2000000476837158,200.0
2026-04-09 14:25:00,QTWO.V,,2.299999952316284,2.299999952316284,2.299999952316284,2.299999952316284,1000.0
2026-04-09 14:25:00,RBX.V,,7.179999828338623,7.179999828338623,7.179999828338623,7.179999828338623,100.0
2026-04-09 14:25:00,RDS.V,,0.8899999856948853,0.8899999856948853,0.8899999856948853,0.8899999856948853,6500.0
2026-04-09 14:25:00,SEI.V,,0.5699999928474426,0.5699999928474426,0.5699999928474426,0.5699999928474426,5000.0
2026-04-09 14:25:00,SGML.V,,18.950000762939453,18.950000762939453,18.950000762939453,18.950000762939453,100.0
2026-04-09 14:25:00,SHL.V,,0.47999998927116394,0.47999998927116394,0.47999998927116394,0.47999998927116394,18374.0
2026-04-09 14:25:00,SHLL-P.V,,0.054999999701976776,0.054999999701976776,0.054999999701976776,0.054999999701976776,500.0
2026-04-09 14:25:00,SSV.V,,0.6000000238418579,0.6000000238418579,0.6000000238418579,0.6000000238418579,4500.0
2026-04-09 14:25:00,SVRS.V,,0.47749999165534973,0.47749999165534973,0.47749999165534973,0.47749999165534973,500.0
2026-04-09 14:26:00,NCX.V,,3.259999990463257,3.259999990463257,3.259999990463257,3.259999990463257,100.0
2026-04-09 14:26:00,NFG.V,,2.9049999713897705,2.9049999713897705,2.9049999713897705,2.9049999713897705,100.0
2026-04-09 14:26:00,PLSR.V,,1.9800000190734863,1.9800000190734863,1.9800000190734863,1.9800000190734863,1100.0
2026-04-09 14:26:00,PPX.V,,0.2800000011920929,0.2800000011920929,0.2800000011920929,0.2800000011920929,2000.0
2026-04-09 14:26:00,RBX.V,,7.179999828338623,7.179999828338623,7.179999828338623,7.179999828338623,100.0
2026-04-09 14:26:00,RDS.V,,0.8999999761581421,0.8999999761581421,0.8999999761581421,0.8999999761581421,1000.0
2026-04-09 14:26:00,ROS.V,,0.26499998569488525,0.26499998569488525,0.26499998569488525,0.26499998569488525,5000.0
2026-04-09 14:26:00,SGML.V,,18.899999618530273,18.899999618530273,18.899999618530273,18.899999618530273,100.0
2026-04-09 14:26:00,SLG.V,,3.559999942779541,3.559999942779541,3.5399999618530273,3.5399999618530273,400.0
2026-04-09 14:26:00,SLVR.V,,0.8899999856948853,0.8899999856948853,0.8799999952316284,0.8799999952316284,1000.0
2026-04-09 14:26:00,SVRS.V,,0.47999998927116394,0.47999998927116394,0.47999998927116394,0.47999998927116394,21828.0
2026-04-09 14:27:00,FEO.V,,0.8500000238418579,0.8500000238418579,0.8500000238418579,0.8500000238418579,1000.0
2026-04-09 14:27:00,MAI.V,,6.329999923706055,6.329999923706055,6.329999923706055,6.329999923706055,200.0
2026-04-09 14:27:00,NCX.V,,3.259999990463257,3.259999990463257,3.259999990463257,3.259999990463257,400.0
2026-04-09 14:27:00,NFG.V,,2.9049999713897705,2.9049999713897705,2.9000000953674316,2.9049999713897705,7000.0
2026-04-09 14:27:00,PHD.V,,0.054999999701976776,0.054999999701976776,0.054999999701976776,0.054999999701976776,7000.0
2026-04-09 14:27:00,QGR.V,,0.26499998569488525,0.26499998569488525,0.26499998569488525,0.26499998569488525,3000.0
2026-04-09 14:27:00,RBX.V,,7.179999828338623,7.179999828338623,7.179999828338623,7.179999828338623,200.0
2026-04-09 14:27:00,RDS.V,,0.8999999761581421,0.8999999761581421,0.8999999761581421,0.8999999761581421,1000.0
2026-04-09 14:27:00,RECO.V,,1.0700000524520874,1.0700000524520874,1.0700000524520874,1.0700000524520874,15300.0
2026-04-09 14:27:00,SGML.V,,18.899999618530273,18.899999618530273,18.899999618530273,18.899999618530273,100.0
2026-04-09 14:27:00,SLI.V,,4.650000095367432,4.659999847412109,4.639999866485596,4.659999847412109,15400.0
2026-04-09 14:27:00,SLVR.V,,0.8799999952316284,0.8799999952316284,0.8799999952316284,0.8799999952316284,500.0
2026-04-09 14:27:00,SOMA.V,,1.8200000524520874,1.8200000524520874,1.8200000524520874,1.8200000524520874,100.0
2026-04-09 14:27:00,SSV.V,,0.5899999737739563,0.5899999737739563,0.5899999737739563,0.5899999737739563,17000.0
2026-04-09 14:28:00,NAU.V,,1.8700000047683716,1.8700000047683716,1.8700000047683716,1.8700000047683716,4000.0
2026-04-09 14:28:00,NOW.V,,0.20999999344348907,0.20999999344348907,0.20999999344348907,0.20999999344348907,13000.0
2026-04-09 14:28:00,OMG.V,,2.0399999618530273,2.0399999618530273,2.0399999618530273,2.0399999618530273,1000.0
2026-04-09 14:28:00,PPP.V,,1.2999999523162842,1.2999999523162842,1.2999999523162842,1.2999999523162842,100.0
2026-04-09 14:28:00,SCZ.V,,11.270000457763672,11.270000457763672,11.270000457763672,11.270000457763672,100.0
2026-04-09 14:28:00,SEI.V,,0.5799999833106995,0.5799999833106995,0.5799999833106995,0.5799999833106995,500.0
2026-04-09 14:28:00,SGML.V,,18.829999923706055,18.899999618530273,18.829999923706055,18.899999618530273,600.0
2026-04-09 14:28:00,SVRS.V,,0.47999998927116394,0.47999998927116394,0.47999998927116394,0.47999998927116394,1000.0
2026-04-09 14:29:00,NCX.V,,3.259999990463257,3.259999990463257,3.259999990463257,3.259999990463257,400.0
2026-04-09 14:29:00,OCO.V,,0.4000000059604645,0.4000000059604645,0.4000000059604645,0.4000000059604645,500.0
2026-04-09 14:29:00,OMG.V,,2.0399999618530273,2.0399999618530273,2.0399999618530273,2.0399999618530273,19600.0
2026-04-09 14:29:00,PER.V,,0.1899999976158142,0.1899999976158142,0.1899999976158142,0.1899999976158142,10000.0
2026-04-09 14:29:00,PNTR.V,,0.5,0.5,0.5,0.5,2750.0
2026-04-09 14:29:00,QNC.V,,3.3299999237060547,3.3299999237060547,3.3299999237060547,3.3299999237060547,625.0
2026-04-09 14:29:00,QTWO.V,,2.299999952316284,2.299999952316284,2.299999952316284,2.299999952316284,100.0
2026-04-09 14:29:00,RDS.V,,0.8999999761581421,0.8999999761581421,0.8999999761581421,0.8999999761581421,1000.0
2026-04-09 14:29:00,SLVR.V,,0.8799999952316284,0.8799999952316284,0.8799999952316284,0.8799999952316284,500.0
2026-04-09 14:29:00,STRR.V,,0.5199999809265137,0.5199999809265137,0.5199999809265137,0.5199999809265137,1000.0
2026-04-09 14:30:00,GASX.V,,1.4600000381469727,1.4600000381469727,1.4600000381469727,1.4600000381469727,100.0
2026-04-09 14:30:00,MAI.V,,6.329999923706055,6.329999923706055,6.329999923706055,6.329999923706055,300.0
2026-04-09 14:30:00,MGG.V,,0.38499999046325684,0.38499999046325684,0.38499999046325684,0.38499999046325684,4000.0
2026-04-09 14:30:00,NAU.V,,1.8700000047683716,1.8700000047683716,1.8700000047683716,1.8700000047683716,1000.0
2026-04-09 14:30:00,OGN.V,,3.3399999141693115,3.3399999141693115,3.3399999141693115,3.3399999141693115,100.0
2026-04-09 14:30:00,OMG.V,,2.0399999618530273,2.0399999618530273,2.0399999618530273,2.0399999618530273,25200.0
2026-04-09 14:30:00,PER.V,,0.1899999976158142,0.1899999976158142,0.1899999976158142,0.1899999976158142,10000.0
2026-04-09 14:30:00,PPP.V,,1.2999999523162842,1.2999999523162842,1.2999999523162842,1.2999999523162842,100.0
2026-04-09 14:30:00,RDS.V,,0.8999999761581421,0.8999999761581421,0.8999999761581421,0.8999999761581421,1000.0
2026-04-09 14:30:00,REX.V,,0.29499998688697815,0.29499998688697815,0.29499998688697815,0.29499998688697815,3000.0
2026-04-09 14:30:00,SLI.V,,4.650000095367432,4.650000095367432,4.650000095367432,4.650000095367432,420.0
2026-04-09 14:30:00,SLVR.V,,0.8799999952316284,0.8799999952316284,0.8799999952316284,0.8799999952316284,21000.0
2026-04-09 14:30:00,SMY.V,,0.4000000059604645,0.4000000059604645,0.4000000059604645,0.4000000059604645,0.0
2026-04-09 14:31:00,GASX.V,,1.4600000381469727,1.4600000381469727,1.4600000381469727,1.4600000381469727,100.0
2026-04-09 14:31:00,MAI.V,,6.340000152587891,6.340000152587891,6.340000152587891,6.340000152587891,100.0
2026-04-09 14:31:00,NFG.V,,2.9049999713897705,2.9049999713897705,2.9000000953674316,2.9000000953674316,2300.0
2026-04-09 14:31:00,OCO.V,,0.4000000059604645,0.4000000059604645,0.4000000059604645,0.4000000059604645,3500.0
2026-04-09 14:31:00,OMG.V,,2.0299999713897705,2.0399999618530273,2.0299999713897705,2.0399999618530273,33400.0
2026-04-09 14:31:00,PINK.V,,0.3449999988079071,0.3449999988079071,0.3400000035762787,0.3400000035762787,5000.0
2026-04-09 14:31:00,PLAN.V,,0.3199999928474426,0.3199999928474426,0.3199999928474426,0.3199999928474426,20000.0
2026-04-09 14:31:00,QNC.V,,3.3299999237060547,3.3299999237060547,3.3299999237060547,3.3299999237060547,100.0
2026-04-09 14:31:00,QTWO.V,,2.299999952316284,2.299999952316284,2.299999952316284,2.299999952316284,200.0
2026-04-09 14:31:00,QZM.V,,0.6899999976158142,0.699999988079071,0.6899999976158142,0.699999988079071,4000.0
2026-04-09 14:31:00,RPX.V,,0.1850000023841858,0.1850000023841858,0.1850000023841858,0.1850000023841858,1000.0
2026-04-09 14:31:00,SEI.V,,0.5799999833106995,0.5799999833106995,0.5799999833106995,0.5799999833106995,4500.0
2026-04-09 14:31:00,SVRS.V,,0.47999998927116394,0.47999998927116394,0.47999998927116394,0.47999998927116394,1000.0
2026-04-09 14:32:00,OMG.V,,2.0299999713897705,2.0299999713897705,2.0299999713897705,2.0299999713897705,100.0
2026-04-09 14:32:00,PNTR.V,,0.5099999904632568,0.5099999904632568,0.5,0.5,18500.0
2026-04-09 14:32:00,QGR.V,,0.25999999046325684,0.25999999046325684,0.25999999046325684,0.25999999046325684,1000.0
2026-04-09 14:32:00,QTWO.V,,2.299999952316284,2.299999952316284,2.299999952316284,2.299999952316284,100.0
2026-04-09 14:32:00,RDS.V,,0.8899999856948853,0.8999999761581421,0.8899999856948853,0.8999999761581421,23500.0
2026-04-09 14:32:00,ROS.V,,0.25999999046325684,0.25999999046325684,0.25999999046325684,0.25999999046325684,569500.0
2026-04-09 14:32:00,SGML.V,,18.8700008392334,18.8700008392334,18.8700008392334,18.8700008392334,100.0
2026-04-09 14:32:00,SM.V,,1.8700000047683716,1.8700000047683716,1.8700000047683716,1.8700000047683716,4500.0
2026-04-09 14:32:00,STMP.V,,0.15000000596046448,0.15000000596046448,0.15000000596046448,0.15000000596046448,7000.0
2026-04-09 14:33:00,NAU.V,,1.8600000143051147,1.8600000143051147,1.850000023841858,1.850000023841858,11400.0
2026-04-09 14:33:00,NFG.V,,2.9000000953674316,2.9000000953674316,2.9000000953674316,2.9000000953674316,3516.0
2026-04-09 14:33:00,OCO.V,,0.39500001072883606,0.39500001072883606,0.39500001072883606,0.39500001072883606,500.0
2026-04-09 14:33:00,ODX-H.V,,0.08500000089406967,0.08500000089406967,0.08500000089406967,0.08500000089406967,103500.0
2026-04-09 14:33:00,OMG.V,,2.0299999713897705,2.0299999713897705,2.0299999713897705,2.0299999713897705,100.0
2026-04-09 14:33:00,PER.V,,0.1899999976158142,0.1899999976158142,0.1899999976158142,0.1899999976158142,8500.0
2026-04-09 14:33:00,QGR.V,,0.25999999046325684,0.26499998569488525,0.25999999046325684,0.26499998569488525,2500.0
2026-04-09 14:33:00,QNC.V,,3.319999933242798,3.319999933242798,3.319999933242798,3.319999933242798,100.0
2026-04-09 14:33:00,ROS.V,,0.25999999046325684,0.25999999046325684,0.25999999046325684,0.25999999046325684,4000.0
2026-04-09 14:33:00,SLVR.V,,0.875,0.875,0.875,0.875,500.0
2026-04-09 14:34:00,NAU.V,,1.850000023841858,1.850000023841858,1.840000033378601,1.840000033378601,8000.0
2026-04-09 14:34:00,NFG.V,,2.8949999809265137,2.8949999809265137,2.8949999809265137,2.8949999809265137,100.0
2026-04-09 14:34:00,NOW.V,,0.20999999344348907,0.20999999344348907,0.20999999344348907,0.20999999344348907,10500.0
2026-04-09 14:34:00,OMG.V,,2.0299999713897705,2.0299999713897705,2.0299999713897705,2.0299999713897705,50400.0
2026-04-09 14:34:00,ORC-B.V,,3.2699999809265137,3.2699999809265137,3.2699999809265137,3.2699999809265137,100.0
2026-04-09 14:34:00,PER.V,,0.19499999284744263,0.19499999284744263,0.19499999284744263,0.19499999284744263,1000.0
2026-04-09 14:34:00,PEX.V,,0.1899999976158142,0.1899999976158142,0.1850000023841858,0.1850000023841858,86000.0
2026-04-09 14:34:00,QGR.V,,0.25999999046325684,0.25999999046325684,0.25999999046325684,0.25999999046325684,500.0
2026-04-09 14:34:00,QTWO.V,,2.299999952316284,2.299999952316284,2.299999952316284,2.299999952316284,200.0
2026-04-09 14:34:00,SEI.V,,0.5799999833106995,0.5799999833106995,0.5799999833106995,0.5799999833106995,15000.0
2026-04-09 14:34:00,SGML.V,,18.829999923706055,18.829999923706055,18.829999923706055,18.829999923706055,400.0
2026-04-09 14:34:00,SLVR.V,,0.8799999952316284,0.8799999952316284,0.8799999952316284,0.8799999952316284,500.0
2026-04-09 14:34:00,SMY.V,,0.4000000059604645,0.4000000059604645,0.4000000059604645,0.4000000059604645,1500.0
2026-04-09 14:34:00,SOI.V,,0.2199999988079071,0.2199999988079071,0.2199999988079071,0.2199999988079071,8000.0
2026-04-09 14:34:00,SR.V,,0.25999999046325684,0.25999999046325684,0.25999999046325684,0.25999999046325684,0.0
2026-04-09 14:35:00,MAI.V,,6.329999923706055,6.329999923706055,6.329999923706055,6.329999923706055,200.0
2026-04-09 14:35:00,NFG.V,,2.9000000953674316,2.9000000953674316,2.9000000953674316,2.9000000953674316,700.0
2026-04-09 14:35:00,NIO.V,,0.25999999046325684,0.2750000059604645,0.25999999046325684,0.2750000059604645,6040.0
2026-04-09 14:35:00,OCO.V,,0.39500001072883606,0.39500001072883606,0.39500001072883606,0.39500001072883606,500.0
2026-04-09 14:35:00,OMG.V,,2.0250000953674316,2.0250000953674316,2.0250000953674316,2.0250000953674316,100.0
2026-04-09 14:35:00,ONYX.V,,1.2000000476837158,1.2000000476837158,1.2000000476837158,1.2000000476837158,100.0
2026-04-09 14:35:00,ORC-B.V,,3.299999952316284,3.299999952316284,3.2699999809265137,3.2699999809265137,1400.0
2026-04-09 14:35:00,PINK.V,,0.3449999988079071,0.3449999988079071,0.3449999988079071,0.3449999988079071,1500.0
2026-04-09 14:35:00,PWM.V,,0.4050000011920929,0.4050000011920929,0.4050000011920929,0.4050000011920929,500.0
2026-04-09 14:35:00,QTWO.V,,2.299999952316284,2.299999952316284,2.2950000762939453,2.2950000762939453,200.0
2026-04-09 14:35:00,SGML.V,,18.829999923706055,18.829999923706055,18.829999923706055,18.829999923706055,100.0
2026-04-09 14:35:00,SLI.V,,4.650000095367432,4.650000095367432,4.650000095367432,4.650000095367432,600.0
2026-04-09 14:35:00,SLVR.V,,0.8799999952316284,0.8799999952316284,0.8799999952316284,0.8799999952316284,9000.0
2026-04-09 14:35:00,SOI.V,,0.2199999988079071,0.2199999988079071,0.2199999988079071,0.2199999988079071,1000.0
2026-04-09 14:35:00,VIPR.V,,1.2999999523162842,1.2999999523162842,1.2999999523162842,1.2999999523162842,500.0
2026-04-09 14:36:00,AGX.V,,0.7400000095367432,0.7400000095367432,0.7400000095367432,0.7400000095367432,1314.0
2026-04-09 14:36:00,NIM.V,,0.9700000286102295,0.9700000286102295,0.9700000286102295,0.9700000286102295,500.0
2026-04-09 14:36:00,OCO.V,,0.39500001072883606,0.39500001072883606,0.39500001072883606,0.39500001072883606,500.0
2026-04-09 14:36:00,OGN.V,,3.299999952316284,3.309999942779541,3.299999952316284,3.309999942779541,300.0
2026-04-09 14:36:00,SGML.V,,18.829999923706055,18.829999923706055,18.829999923706055,18.829999923706055,1000.0
2026-04-09 14:37:00,MAI.V,,6.329999923706055,6.329999923706055,6.329999923706055,6.329999923706055,200.0
2026-04-09 14:37:00,NFG.V,,2.9000000953674316,2.9000000953674316,2.9000000953674316,2.9000000953674316,3400.0
2026-04-09 14:37:00,OMG.V,,2.0299999713897705,2.0299999713897705,2.0250000953674316,2.0250000953674316,3800.0
2026-04-09 14:37:00,PLAN.V,,0.3199999928474426,0.3199999928474426,0.3199999928474426,0.3199999928474426,40169.0
2026-04-09 14:37:00,PPP.V,,1.2999999523162842,1.2999999523162842,1.2999999523162842,1.2999999523162842,100.0
2026-04-09 14:37:00,PWM.V,,0.4099999964237213,0.4099999964237213,0.4099999964237213,0.4099999964237213,500.0
2026-04-09 14:37:00,QGR.V,,0.26499998569488525,0.26499998569488525,0.26499998569488525,0.26499998569488525,1500.0
2026-04-09 14:37:00,QNC.V,,3.299999952316284,3.319999933242798,3.299999952316284,3.319999933242798,3150.0
2026-04-09 14:37:00,QRO.V,,0.05000000074505806,0.05000000074505806,0.05000000074505806,0.05000000074505806,0.0
2026-04-09 14:37:00,QTWO.V,,2.2950000762939453,2.299999952316284,2.2950000762939453,2.299999952316284,300.0
2026-04-09 14:37:00,RBX.V,,7.179999828338623,7.199999809265137,7.179999828338623,7.199999809265137,500.0
2026-04-09 14:37:00,SGML.V,,18.81999969482422,18.81999969482422,18.81999969482422,18.81999969482422,2100.0
2026-04-09 14:37:00,SLG.V,,3.549999952316284,3.559999942779541,3.549999952316284,3.559999942779541,300.0
2026-04-09 14:37:00,SLI.V,,4.639999866485596,4.639999866485596,4.639999866485596,4.639999866485596,800.0
2026-04-09 14:37:00,SOMA.V,,1.8200000524520874,1.8200000524520874,1.8200000524520874,1.8200000524520874,100.0
2026-04-09 14:37:00,SVE.V,,0.550000011920929,0.5600000023841858,0.550000011920929,0.5600000023841858,15000.0
2026-04-09 14:37:00,SVRS.V,,0.47999998927116394,0.47999998927116394,0.47999998927116394,0.47999998927116394,500.0
2026-04-09 14:37:00,SXL.V,,0.07500000298023224,0.07500000298023224,0.07500000298023224,0.07500000298023224,1000.0
2026-04-09 14:38:00,GASX.V,,1.4600000381469727,1.4600000381469727,1.4600000381469727,1.4600000381469727,100.0
2026-04-09 14:38:00,OCO.V,,0.39500001072883606,0.39500001072883606,0.39500001072883606,0.39500001072883606,500.0
2026-04-09 14:38:00,QNC.V,,3.2899999618530273,3.2899999618530273,3.2899999618530273,3.2899999618530273,100.0
2026-04-09 14:38:00,QTWO.V,,2.299999952316284,2.299999952316284,2.299999952316284,2.299999952316284,100.0
2026-04-09 14:38:00,ROS.V,,0.25999999046325684,0.25999999046325684,0.25999999046325684,0.25999999046325684,29500.0
2026-04-09 14:38:00,SLI.V,,4.650000095367432,4.650000095367432,4.650000095367432,4.650000095367432,300.0
2026-04-09 14:38:00,SLVR.V,,0.8799999952316284,0.8799999952316284,0.8799999952316284,0.8799999952316284,1000.0
2026-04-09 14:38:00,SVRS.V,,0.47999998927116394,0.47999998927116394,0.47999998927116394,0.47999998927116394,1500.0
2026-04-09 14:39:00,MAI.V,,6.329999923706055,6.329999923706055,6.329999923706055,6.329999923706055,100.0
2026-04-09 14:39:00,NFG.V,,2.9000000953674316,2.9049999713897705,2.9000000953674316,2.9049999713897705,5000.0
2026-04-09 14:39:00,NMI.V,,0.2849999964237213,0.2849999964237213,0.2849999964237213,0.2849999964237213,16500.0
2026-04-09 14:39:00,NOW.V,,0.2150000035762787,0.2150000035762787,0.2150000035762787,0.2150000035762787,4000.0
2026-04-09 14:39:00,OMG.V,,2.0299999713897705,2.0299999713897705,2.0299999713897705,2.0299999713897705,5400.0
2026-04-09 14:39:00,PLSR.V,,1.9700000286102295,1.9800000190734863,1.9700000286102295,1.9800000190734863,1200.0
2026-04-09 14:39:00,PWM.V,,0.41999998688697815,0.42500001192092896,0.41999998688697815,0.42500001192092896,4500.0
2026-04-09 14:39:00,QNC.V,,3.319999933242798,3.319999933242798,3.2899999618530273,3.2899999618530273,1900.0
2026-04-09 14:39:00,QTWO.V,,2.299999952316284,2.299999952316284,2.299999952316284,2.299999952316284,100.0
2026-04-09 14:39:00,RDS.V,,0.8999999761581421,0.8999999761581421,0.8999999761581421,0.8999999761581421,1000.0
2026-04-09 14:39:00,SEI.V,,0.5799999833106995,0.5799999833106995,0.5799999833106995,0.5799999833106995,500.0
2026-04-09 14:39:00,SMY.V,,0.4000000059604645,0.4000000059604645,0.4000000059604645,0.4000000059604645,500.0
2026-04-09 14:40:00,MHUB.V,,0.6100000143051147,0.6100000143051147,0.5899999737739563,0.5899999737739563,40000.0
2026-04-09 14:40:00,NCX.V,,3.25,3.25,3.25,3.25,200.0
2026-04-09 14:40:00,NFG.V,,2.8949999809265137,2.9000000953674316,2.8949999809265137,2.9000000953674316,2300.0
2026-04-09 14:40:00,OCO.V,,0.39500001072883606,0.39500001072883606,0.39500001072883606,0.39500001072883606,500.0
2026-04-09 14:40:00,OMG.V,,2.0299999713897705,2.0299999713897705,2.0250000953674316,2.0250000953674316,2500.0
2026-04-09 14:40:00,RBX.V,,7.199999809265137,7.199999809265137,7.199999809265137,7.199999809265137,100.0
2026-04-09 14:40:00,RDS.V,,0.8999999761581421,0.8999999761581421,0.8999999761581421,0.8999999761581421,500.0
2026-04-09 14:40:00,SAGE.V,,0.1899999976158142,0.1899999976158142,0.1850000023841858,0.1850000023841858,49000.0
2026-04-09 14:41:00,MHUB.V,,0.6200000047683716,0.6200000047683716,0.6100000143051147,0.6200000047683716,3000.0
2026-04-09 14:41:00,ODV.V,,4.579999923706055,4.579999923706055,4.579999923706055,4.579999923706055,100.0
2026-04-09 14:41:00,PLSR.V,,1.9700000286102295,1.9700000286102295,1.9700000286102295,1.9700000286102295,2000.0
2026-04-09 14:41:00,QTWO.V,,2.2950000762939453,2.299999952316284,2.2950000762939453,2.299999952316284,300.0
2026-04-09 14:41:00,RBX.V,,7.199999809265137,7.199999809265137,7.199999809265137,7.199999809265137,100.0
2026-04-09 14:41:00,RDS.V,,0.8999999761581421,0.8999999761581421,0.8999999761581421,0.8999999761581421,2500.0
2026-04-09 14:41:00,RVG.V,,0.8199999928474426,0.8199999928474426,0.8199999928474426,0.8199999928474426,1000.0
2026-04-09 14:41:00,SCZ.V,,11.25,11.25,11.25,11.25,437.0
2026-04-09 14:41:00,SGN.V,,0.3400000035762787,0.3400000035762787,0.3400000035762787,0.3400000035762787,500.0
2026-04-09 14:42:00,NFG.V,,2.9000000953674316,2.9049999713897705,2.9000000953674316,2.9000000953674316,3200.0
2026-04-09 14:42:00,OMG.V,,2.0299999713897705,2.0299999713897705,2.0299999713897705,2.0299999713897705,400.0
2026-04-09 14:42:00,PLAN.V,,0.3199999928474426,0.3199999928474426,0.3199999928474426,0.3199999928474426,32500.0
2026-04-09 14:42:00,QGR.V,,0.26499998569488525,0.26499998569488525,0.26499998569488525,0.26499998569488525,2000.0
2026-04-09 14:42:00,QTWO.V,,2.299999952316284,2.299999952316284,2.299999952316284,2.299999952316284,100.0
2026-04-09 14:42:00,RDS.V,,0.8999999761581421,0.8999999761581421,0.8999999761581421,0.8999999761581421,2000.0
2026-04-09 14:42:00,SVRS.V,,0.47749999165534973,0.47749999165534973,0.47749999165534973,0.47749999165534973,1000.0
2026-04-09 14:43:00,NFG.V,,2.9000000953674316,2.9000000953674316,2.9000000953674316,2.9000000953674316,100.0
2026-04-09 14:43:00,NICN.V,,0.11500000208616257,0.11500000208616257,0.11500000208616257,0.11500000208616257,9000.0
2026-04-09 14:43:00,NXLV.V,,1.9500000476837158,1.9500000476837158,1.9500000476837158,1.9500000476837158,700.0
2026-04-09 14:43:00,PGLD.V,,0.7099999785423279,0.7200000286102295,0.7099999785423279,0.7200000286102295,26500.0
2026-04-09 14:43:00,RBX.V,,7.199999809265137,7.199999809265137,7.199999809265137,7.199999809265137,100.0
2026-04-09 14:43:00,RDS.V,,0.8999999761581421,0.8999999761581421,0.8999999761581421,0.8999999761581421,1500.0
2026-04-09 14:43:00,ROMJ.V,,0.5,0.5,0.5,0.5,18000.0
2026-04-09 14:43:00,SCZ.V,,11.260000228881836,11.260000228881836,11.260000228881836,11.260000228881836,200.0
2026-04-09 14:43:00,SGML.V,,18.81999969482422,18.81999969482422,18.81999969482422,18.81999969482422,800.0
2026-04-09 14:43:00,VIPR.V,,1.309999942779541,1.309999942779541,1.309999942779541,1.309999942779541,800.0
2026-04-09 14:44:00,PML.V,,0.8999999761581421,0.8999999761581421,0.8999999761581421,0.8999999761581421,3000.0
2026-04-09 14:44:00,PWM.V,,0.41499999165534973,0.41499999165534973,0.41499999165534973,0.41499999165534973,500.0
2026-04-09 14:44:00,QTWO.V,,2.299999952316284,2.299999952316284,2.299999952316284,2.299999952316284,200.0
2026-04-09 14:44:00,QZM.V,,0.6899999976158142,0.6899999976158142,0.6899999976158142,0.6899999976158142,1545.0
2026-04-09 14:44:00,RDS.V,,0.8999999761581421,0.8999999761581421,0.8999999761581421,0.8999999761581421,2000.0
2026-04-09 14:44:00,SEI.V,,0.5799999833106995,0.5799999833106995,0.5799999833106995,0.5799999833106995,1000.0
2026-04-09 14:44:00,SOU.V,,0.06499999761581421,0.06499999761581421,0.06499999761581421,0.06499999761581421,250000.0
2026-04-09 14:44:00,STRR.V,,0.5199999809265137,0.5199999809265137,0.5199999809265137,0.5199999809265137,1500.0
2026-04-09 14:45:00,OCO.V,,0.39500001072883606,0.4099999964237213,0.39500001072883606,0.4099999964237213,6000.0
2026-04-09 14:45:00,OMG.V,,2.015000104904175,2.0199999809265137,2.015000104904175,2.0199999809265137,200.0
2026-04-09 14:45:00,ONYX.V,,1.2000000476837158,1.2000000476837158,1.2000000476837158,1.2000000476837158,100.0
2026-04-09 14:45:00,PLSR.V,,1.9900000095367432,1.9900000095367432,1.9900000095367432,1.9900000095367432,100.0
2026-04-09 14:45:00,QTWO.V,,2.2950000762939453,2.2950000762939453,2.2950000762939453,2.2950000762939453,100.0
2026-04-09 14:45:00,RBX.V,,7.199999809265137,7.199999809265137,7.199999809265137,7.199999809265137,100.0
2026-04-09 14:45:00,RDS.V,,0.8999999761581421,0.8999999761581421,0.8999999761581421,0.8999999761581421,2000.0
2026-04-09 14:45:00,RECO.V,,1.0700000524520874,1.0700000524520874,1.0700000524520874,1.0700000524520874,2400.0
2026-04-09 14:45:00,REX.V,,0.29499998688697815,0.29499998688697815,0.29499998688697815,0.29499998688697815,2000.0
2026-04-09 14:45:00,SCZ.V,,11.25,11.25,11.25,11.25,2700.0
2026-04-09 14:45:00,SLVR.V,,0.8799999952316284,0.8799999952316284,0.8799999952316284,0.8799999952316284,11000.0
2026-04-09 14:46:00,GASX.V,,1.4500000476837158,1.4500000476837158,1.4500000476837158,1.4500000476837158,700.0
2026-04-09 14:46:00,NCX.V,,3.25,3.25,3.25,3.25,100.0
2026-04-09 14:46:00,ODV.V,,4.579999923706055,4.579999923706055,4.579999923706055,4.579999923706055,100.0
2026-04-09 14:46:00,OMG.V,,2.0199999809265137,2.0199999809265137,2.0199999809265137,2.0199999809265137,2100.0
2026-04-09 14:46:00,PEGA.V,,0.04500000178813934,0.04500000178813934,0.04500000178813934,0.04500000178813934,0.0
2026-04-09 14:46:00,PEX.V,,0.1899999976158142,0.1899999976158142,0.1899999976158142,0.1899999976158142,1000.0
2026-04-09 14:46:00,PWM.V,,0.4099999964237213,0.4099999964237213,0.4099999964237213,0.4099999964237213,4500.0
2026-04-09 14:46:00,QTWO.V,,2.299999952316284,2.299999952316284,2.299999952316284,2.299999952316284,100.0
2026-04-09 14:46:00,RBX.V,,7.199999809265137,7.199999809265137,7.199999809265137,7.199999809265137,100.0
2026-04-09 14:46:00,RDS.V,,0.8999999761581421,0.8999999761581421,0.8999999761581421,0.8999999761581421,1000.0
2026-04-09 14:46:00,SCZ.V,,11.279999732971191,11.279999732971191,11.279999732971191,11.279999732971191,300.0
2026-04-09 14:46:00,SDI.V,,0.20000000298023224,0.20000000298023224,0.20000000298023224,0.20000000298023224,500.0
2026-04-09 14:46:00,SEI.V,,0.5799999833106995,0.5799999833106995,0.5799999833106995,0.5799999833106995,15000.0
2026-04-09 14:46:00,SLVR.V,,0.8799999952316284,0.8799999952316284,0.8799999952316284,0.8799999952316284,11500.0
2026-04-09 14:46:00,SNAG.V,,0.28999999165534973,0.28999999165534973,0.28999999165534973,0.28999999165534973,2000.0
2026-04-09 14:47:00,NCX.V,,3.25,3.25,3.25,3.25,200.0
2026-04-09 14:47:00,NFG.V,,2.9000000953674316,2.9049999713897705,2.9000000953674316,2.9049999713897705,4600.0
2026-04-09 14:47:00,ONYX.V,,1.2000000476837158,1.2000000476837158,1.2000000476837158,1.2000000476837158,100.0
2026-04-09 14:47:00,PNPN.V,,1.2000000476837158,1.2000000476837158,1.2000000476837158,1.2000000476837158,100.0
2026-04-09 14:47:00,QNC.V,,3.305000066757202,3.305000066757202,3.305000066757202,3.305000066757202,100.0
2026-04-09 14:47:00,QTWO.V,,2.299999952316284,2.299999952316284,2.299999952316284,2.299999952316284,100.0
2026-04-09 14:47:00,RBX.V,,7.199999809265137,7.199999809265137,7.199999809265137,7.199999809265137,100.0
2026-04-09 14:47:00,RDS.V,,0.8999999761581421,0.8999999761581421,0.8999999761581421,0.8999999761581421,2000.0
2026-04-09 14:47:00,RW.V,,0.3100000023841858,0.3100000023841858,0.3100000023841858,0.3100000023841858,12500.0
2026-04-09 14:47:00,SLI.V,,4.659999847412109,4.659999847412109,4.659999847412109,4.659999847412109,100.0
2026-04-09 14:47:00,SPX.V,,0.10499999672174454,0.10499999672174454,0.10499999672174454,0.10499999672174454,46000.0
2026-04-09 14:48:00,MAI.V,,6.320000171661377,6.329999923706055,6.320000171661377,6.320000171661377,1400.0
2026-04-09 14:48:00,OMG.V,,2.0199999809265137,2.0199999809265137,2.015000104904175,2.015000104904175,15800.0
2026-04-09 14:48:00,PER.V,,0.1899999976158142,0.1899999976158142,0.1899999976158142,0.1899999976158142,5700.0
2026-04-09 14:48:00,PGE.V,,0.3149999976158142,0.3149999976158142,0.3149999976158142,0.3149999976158142,3500.0
2026-04-09 14:48:00,PLAN.V,,0.3199999928474426,0.3199999928474426,0.3199999928474426,0.3199999928474426,9000.0
2026-04-09 14:48:00,PLSR.V,,2.009999990463257,2.009999990463257,1.9900000095367432,1.9900000095367432,9466.0
2026-04-09 14:48:00,PNPN.V,,1.2000000476837158,1.2000000476837158,1.2000000476837158,1.2000000476837158,100.0
2026-04-09 14:48:00,QGR.V,,0.26499998569488525,0.26499998569488525,0.26499998569488525,0.26499998569488525,2000.0
2026-04-09 14:48:00,QTWO.V,,2.299999952316284,2.299999952316284,2.299999952316284,2.299999952316284,100.0
2026-04-09 14:48:00,RBX.V,,7.199999809265137,7.199999809265137,7.199999809265137,7.199999809265137,100.0
2026-04-09 14:48:00,RDS.V,,0.8999999761581421,0.8999999761581421,0.8999999761581421,0.8999999761581421,1000.0
2026-04-09 14:48:00,ROCK.V,,2.6600000858306885,2.6600000858306885,2.6600000858306885,2.6600000858306885,200.0
2026-04-09 14:48:00,ROS.V,,0.25999999046325684,0.25999999046325684,0.25999999046325684,0.25999999046325684,5000.0
2026-04-09 14:48:00,SSV.V,,0.5950000286102295,0.5950000286102295,0.5950000286102295,0.5950000286102295,1000.0
2026-04-09 14:48:00,SVRS.V,,0.47749999165534973,0.47749999165534973,0.47749999165534973,0.47749999165534973,500.0
2026-04-09 14:49:00,MAI.V,,6.309999942779541,6.309999942779541,6.309999942779541,6.309999942779541,600.0
2026-04-09 14:49:00,PLSR.V,,1.9900000095367432,1.9900000095367432,1.9900000095367432,1.9900000095367432,2200.0
2026-04-09 14:49:00,PNPN.V,,1.2000000476837158,1.2000000476837158,1.2000000476837158,1.2000000476837158,200.0
2026-04-09 14:49:00,PUR.V,,0.6499999761581421,0.6499999761581421,0.6399999856948853,0.6499999761581421,14200.0
2026-04-09 14:49:00,QGR.V,,0.26499998569488525,0.26499998569488525,0.26499998569488525,0.26499998569488525,3000.0
2026-04-09 14:49:00,QTWO.V,,2.299999952316284,2.299999952316284,2.299999952316284,2.299999952316284,100.0
2026-04-09 14:49:00,RBX.V,,7.199999809265137,7.199999809265137,7.199999809265137,7.199999809265137,100.0
2026-04-09 14:49:00,RDS.V,,0.8999999761581421,0.8999999761581421,0.8999999761581421,0.8999999761581421,2500.0
2026-04-09 14:49:00,RMD.V,,0.14000000059604645,0.14000000059604645,0.14000000059604645,0.14000000059604645,1320.0
2026-04-09 14:49:00,SGML.V,,18.809999465942383,18.809999465942383,18.809999465942383,18.809999465942383,100.0
2026-04-09 14:49:00,SOU.V,,0.06499999761581421,0.06499999761581421,0.06499999761581421,0.06499999761581421,6000.0
2026-04-09 14:50:00,MHUB.V,,0.6299999952316284,0.6299999952316284,0.6299999952316284,0.6299999952316284,3000.0
2026-04-09 14:50:00,NFG.V,,2.9000000953674316,2.9049999713897705,2.9000000953674316,2.9000000953674316,2000.0
2026-04-09 14:50:00,NSE.V,,0.5799999833106995,0.5799999833106995,0.5799999833106995,0.5799999833106995,1000.0
2026-04-09 14:50:00,PER.V,,0.19499999284744263,0.19499999284744263,0.19499999284744263,0.19499999284744263,17500.0
2026-04-09 14:50:00,PNPN.V,,1.2000000476837158,1.2000000476837158,1.2000000476837158,1.2000000476837158,100.0
2026-04-09 14:50:00,QGR.V,,0.25999999046325684,0.25999999046325684,0.25999999046325684,0.25999999046325684,6000.0
2026-04-09 14:50:00,QNC.V,,3.319999933242798,3.319999933242798,3.309999942779541,3.319999933242798,1100.0
2026-04-09 14:50:00,QTWO.V,,2.299999952316284,2.299999952316284,2.299999952316284,2.299999952316284,100.0
2026-04-09 14:50:00,RDS.V,,0.8999999761581421,0.8999999761581421,0.8999999761581421,0.8999999761581421,1000.0
2026-04-09 14:50:00,ROCK.V,,2.6600000858306885,2.6600000858306885,2.6600000858306885,2.6600000858306885,1400.0
2026-04-09 14:50:00,SCD.V,,0.13500000536441803,0.13500000536441803,0.13500000536441803,0.13500000536441803,3000.0
2026-04-09 14:50:00,SLG.V,,3.569999933242798,3.569999933242798,3.569999933242798,3.569999933242798,100.0
2026-04-09 14:51:00,GASX.V,,1.4500000476837158,1.4500000476837158,1.4500000476837158,1.4500000476837158,100.0
2026-04-09 14:51:00,MAI.V,,6.309999942779541,6.309999942779541,6.309999942779541,6.309999942779541,400.0
2026-04-09 14:51:00,MHUB.V,,0.6100000143051147,0.6200000047683716,0.6100000143051147,0.6200000047683716,4500.0
2026-04-09 14:51:00,NCAU.V,,0.6600000262260437,0.6600000262260437,0.6600000262260437,0.6600000262260437,1000.0
2026-04-09 14:51:00,NCX.V,,3.255000114440918,3.255000114440918,3.255000114440918,3.255000114440918,100.0
2026-04-09 14:51:00,PNPN.V,,1.2000000476837158,1.2000000476837158,1.2000000476837158,1.2000000476837158,100.0
2026-04-09 14:51:00,PPP.V,,1.2999999523162842,1.2999999523162842,1.2999999523162842,1.2999999523162842,100.0
2026-04-09 14:51:00,QNC.V,,3.309999942779541,3.309999942779541,3.309999942779541,3.309999942779541,3523.0
2026-04-09 14:51:00,RAK.V,,0.1599999964237213,0.1599999964237213,0.1599999964237213,0.1599999964237213,3000.0
2026-04-09 14:51:00,RBX.V,,7.199999809265137,7.199999809265137,7.199999809265137,7.199999809265137,100.0
2026-04-09 14:51:00,RDS.V,,0.8999999761581421,0.8999999761581421,0.8999999761581421,0.8999999761581421,2000.0
2026-04-09 14:51:00,RUN-H.V,,0.009999999776482582,0.009999999776482582,0.009999999776482582,0.009999999776482582,0.0
2026-04-09 14:51:00,SCZ.V,,11.25,11.25,11.25,11.25,200.0
2026-04-09 14:51:00,SXL.V,,0.07500000298023224,0.07500000298023224,0.07500000298023224,0.07500000298023224,2000.0
2026-04-09 14:52:00,MAI.V,,6.269999980926514,6.289999961853027,6.269999980926514,6.289999961853027,15600.0
2026-04-09 14:52:00,NEXE.V,,0.13500000536441803,0.13500000536441803,0.13500000536441803,0.13500000536441803,56000.0
2026-04-09 14:52:00,PNPN.V,,1.2000000476837158,1.2000000476837158,1.2000000476837158,1.2000000476837158,100.0
2026-04-09 14:52:00,QNC.V,,3.3299999237060547,3.3299999237060547,3.3299999237060547,3.3299999237060547,200.0
2026-04-09 14:52:00,QTWO.V,,2.299999952316284,2.299999952316284,2.299999952316284,2.299999952316284,100.0
2026-04-09 14:52:00,RBX.V,,7.199999809265137,7.199999809265137,7.199999809265137,7.199999809265137,100.0
2026-04-09 14:52:00,RDS.V,,0.8999999761581421,0.8999999761581421,0.8999999761581421,0.8999999761581421,1000.0
2026-04-09 14:52:00,SOMA.V,,1.8200000524520874,1.8200000524520874,1.8200000524520874,1.8200000524520874,100.0
2026-04-09 14:52:00,SVRS.V,,0.47749999165534973,0.47749999165534973,0.47749999165534973,0.47749999165534973,500.0
2026-04-09 14:52:00,VRY.V,,0.7200000286102295,0.7200000286102295,0.7200000286102295,0.7200000286102295,0.0
2026-04-09 14:53:00,NCX.V,,3.255000114440918,3.255000114440918,3.255000114440918,3.255000114440918,300.0
2026-04-09 14:53:00,NDA.V,,0.9449999928474426,0.9449999928474426,0.9449999928474426,0.9449999928474426,500.0
2026-04-09 14:53:00,PGE.V,,0.3100000023841858,0.3100000023841858,0.3100000023841858,0.3100000023841858,92000.0
2026-04-09 14:53:00,PLSR.V,,2.0,2.0,2.0,2.0,200.0
2026-04-09 14:53:00,QTWO.V,,2.2950000762939453,2.299999952316284,2.2950000762939453,2.299999952316284,200.0
2026-04-09 14:53:00,RBX.V,,7.190000057220459,7.190000057220459,7.190000057220459,7.190000057220459,100.0
2026-04-09 14:53:00,RDS.V,,0.8999999761581421,0.8999999761581421,0.8999999761581421,0.8999999761581421,2500.0
2026-04-09 14:53:00,SCZ.V,,11.25,11.25,11.25,11.25,100.0
2026-04-09 14:53:00,STRR.V,,0.5199999809265137,0.5199999809265137,0.5199999809265137,0.5199999809265137,500.0
2026-04-09 14:54:00,NDA.V,,0.949999988079071,0.949999988079071,0.949999988079071,0.949999988079071,1000.0
2026-04-09 14:54:00,PER.V,,0.19499999284744263,0.19499999284744263,0.19499999284744263,0.19499999284744263,1000.0
2026-04-09 14:54:00,QNC.V,,3.3299999237060547,3.3299999237060547,3.309999942779541,3.309999942779541,200.0
2026-04-09 14:54:00,QTWO.V,,2.299999952316284,2.299999952316284,2.299999952316284,2.299999952316284,100.0
2026-04-09 14:54:00,RBX.V,,7.190000057220459,7.199999809265137,7.190000057220459,7.199999809265137,900.0
2026-04-09 14:54:00,RDS.V,,0.8999999761581421,0.8999999761581421,0.8999999761581421,0.8999999761581421,2000.0
2026-04-09 14:54:00,SCZ.V,,11.25,11.25,11.25,11.25,700.0
2026-04-09 14:54:00,SEND.V,,1.600000023841858,1.600000023841858,1.590000033378601,1.590000033378601,7800.0
2026-04-09 14:54:00,SGML.V,,18.8700008392334,18.8700008392334,18.8700008392334,18.8700008392334,200.0
2026-04-09 14:54:00,SGO.V,,0.25,0.25,0.25,0.25,4500.0
2026-04-09 14:55:00,PLSR.V,,2.0,2.0,2.0,2.0,100.0
2026-04-09 14:55:00,QGR.V,,0.2549999952316284,0.2549999952316284,0.2549999952316284,0.2549999952316284,3696.0
2026-04-09 14:55:00,RDS.V,,0.8999999761581421,0.8999999761581421,0.8999999761581421,0.8999999761581421,1000.0
2026-04-09 14:55:00,SCZ.V,,11.220000267028809,11.220000267028809,11.220000267028809,11.220000267028809,193.0
2026-04-09 14:55:00,SLI.V,,4.659999847412109,4.659999847412109,4.659999847412109,4.659999847412109,100.0
2026-04-09 14:55:00,SM.V,,1.8799999952316284,1.8799999952316284,1.8799999952316284,1.8799999952316284,3000.0
2026-04-09 14:56:00,AGX.V,,0.7300000190734863,0.7400000095367432,0.7300000190734863,0.7400000095367432,7500.0
2026-04-09 14:56:00,MHUB.V,,0.6100000143051147,0.6100000143051147,0.6100000143051147,0.6100000143051147,21000.0
2026-04-09 14:56:00,PEAK.V,,0.4099999964237213,0.4099999964237213,0.4099999964237213,0.4099999964237213,1000.0
2026-04-09 14:56:00,QTWO.V,,2.2899999618530273,2.2899999618530273,2.2899999618530273,2.2899999618530273,400.0
2026-04-09 14:56:00,QZM.V,,0.6700000166893005,0.6700000166893005,0.6700000166893005,0.6700000166893005,1500.0
2026-04-09 14:56:00,RDS.V,,0.8999999761581421,0.8999999761581421,0.8999999761581421,0.8999999761581421,2000.0
2026-04-09 14:56:00,SGML.V,,18.829999923706055,18.829999923706055,18.829999923706055,18.829999923706055,500.0
2026-04-09 14:56:00,SM.V,,1.8799999952316284,1.8799999952316284,1.8799999952316284,1.8799999952316284,1300.0
2026-04-09 14:56:00,SVRS.V,,0.47749999165534973,0.47749999165534973,0.47749999165534973,0.47749999165534973,500.0
2026-04-09 14:57:00,LITT.V,,0.4099999964237213,0.4099999964237213,0.4099999964237213,0.4099999964237213,4000.0
2026-04-09 14:57:00,NCX.V,,3.25,3.25,3.25,3.25,100.0
2026-04-09 14:57:00,NXLV.V,,1.9500000476837158,1.9500000476837158,1.9500000476837158,1.9500000476837158,300.0
2026-04-09 14:57:00,OGN.V,,3.3399999141693115,3.3399999141693115,3.3399999141693115,3.3399999141693115,100.0
2026-04-09 14:57:00,PLSR.V,,2.0,2.0,2.0,2.0,100.0
2026-04-09 14:57:00,QGR.V,,0.2549999952316284,0.2549999952316284,0.2549999952316284,0.2549999952316284,1500.0
2026-04-09 14:57:00,RDS.V,,0.8999999761581421,0.8999999761581421,0.8999999761581421,0.8999999761581421,2000.0
2026-04-09 14:57:00,RE.V,,0.41999998688697815,0.41999998688697815,0.41999998688697815,0.41999998688697815,1000.0
2026-04-09 14:57:00,SGN.V,,0.3400000035762787,0.3400000035762787,0.3400000035762787,0.3400000035762787,500.0
2026-04-09 14:57:00,SLG.V,,3.5199999809265137,3.5199999809265137,3.5199999809265137,3.5199999809265137,500.0
2026-04-09 14:57:00,SVRS.V,,0.47999998927116394,0.47999998927116394,0.47749999165534973,0.47749999165534973,1500.0
2026-04-09 14:58:00,NFG.V,,2.890000104904175,2.890000104904175,2.880000114440918,2.890000104904175,8800.0
2026-04-09 14:58:00,OMG.V,,2.0199999809265137,2.0199999809265137,2.0199999809265137,2.0199999809265137,100.0
2026-04-09 14:58:00,PLSR.V,,2.0,2.0,2.0,2.0,909.0
2026-04-09 14:58:00,PML.V,,0.8999999761581421,0.8999999761581421,0.8999999761581421,0.8999999761581421,4000.0
2026-04-09 14:58:00,RDS.V,,0.8999999761581421,0.8999999761581421,0.8999999761581421,0.8999999761581421,8500.0
2026-04-09 14:58:00,ROCK.V,,2.6700000762939453,2.6700000762939453,2.6700000762939453,2.6700000762939453,500.0
2026-04-09 14:58:00,SGML.V,,18.799999237060547,18.799999237060547,18.799999237060547,18.799999237060547,300.0
2026-04-09 14:59:00,LITT.V,,0.4399999976158142,0.4399999976158142,0.4399999976158142,0.4399999976158142,24000.0
2026-04-09 14:59:00,NCX.V,,3.25,3.25,3.25,3.25,100.0
2026-04-09 14:59:00,NRX.V,,0.6399999856948853,0.6399999856948853,0.6399999856948853,0.6399999856948853,1010.0
2026-04-09 14:59:00,ONYX.V,,1.2200000286102295,1.2200000286102295,1.2100000381469727,1.2100000381469727,3000.0
2026-04-09 14:59:00,RBX.V,,7.179999828338623,7.179999828338623,7.179999828338623,7.179999828338623,100.0
2026-04-09 14:59:00,RDS.V,,0.8999999761581421,0.8999999761581421,0.8999999761581421,0.8999999761581421,2500.0
2026-04-09 14:59:00,ROK.V,,0.27000001072883606,0.27000001072883606,0.27000001072883606,0.27000001072883606,236700.0
2026-04-09 14:59:00,SEI.V,,0.5799999833106995,0.5799999833106995,0.5799999833106995,0.5799999833106995,1500.0
2026-04-09 15:00:00,NAU.V,,1.840000033378601,1.840000033378601,1.809999942779541,1.8200000524520874,7500.0
2026-04-09 15:00:00,NCI.V,,1.0,1.0,1.0,1.0,500.0
2026-04-09 15:00:00,NSE.V,,0.5799999833106995,0.5799999833106995,0.5799999833106995,0.5799999833106995,500.0
2026-04-09 15:00:00,PEX.V,,0.1850000023841858,0.1850000023841858,0.1850000023841858,0.1850000023841858,13000.0
2026-04-09 15:00:00,RDS.V,,0.8999999761581421,0.8999999761581421,0.8999999761581421,0.8999999761581421,1000.0
2026-04-09 15:00:00,SGML.V,,18.81999969482422,18.81999969482422,18.81999969482422,18.81999969482422,400.0
2026-04-09 15:00:00,SLI.V,,4.679999828338623,4.679999828338623,4.679999828338623,4.679999828338623,500.0
2026-04-09 15:01:00,MAI.V,,6.309999942779541,6.309999942779541,6.309999942779541,6.309999942779541,700.0
2026-04-09 15:01:00,MHUB.V,,0.6000000238418579,0.6100000143051147,0.6000000238418579,0.6100000143051147,23000.0
2026-04-09 15:01:00,NCX.V,,3.25,3.25,3.25,3.25,100.0
2026-04-09 15:01:00,NDA.V,,0.949999988079071,0.949999988079071,0.949999988079071,0.949999988079071,2100.0
2026-04-09 15:01:00,NXLV.V,,1.940000057220459,1.940000057220459,1.940000057220459,1.940000057220459,300.0
2026-04-09 15:01:00,PLSR.V,,2.0,2.0,2.0,2.0,1000.0
2026-04-09 15:01:00,QGR.V,,0.25,0.25,0.25,0.25,34000.0
2026-04-09 15:01:00,RDS.V,,0.8999999761581421,0.8999999761581421,0.8999999761581421,0.8999999761581421,7000.0
2026-04-09 15:01:00,REX.V,,0.29499998688697815,0.29499998688697815,0.29499998688697815,0.29499998688697815,2000.0
2026-04-09 15:01:00,SCZ.V,,11.149999618530273,11.149999618530273,11.149999618530273,11.149999618530273,100.0
2026-04-09 15:01:00,SHL.V,,0.4699999988079071,0.4699999988079071,0.4699999988079071,0.4699999988079071,1000.0
2026-04-09 15:01:00,STRR.V,,0.5199999809265137,0.5199999809265137,0.5199999809265137,0.5199999809265137,500.0
2026-04-09 15:02:00,NCX.V,,3.259999990463257,3.259999990463257,3.259999990463257,3.259999990463257,13500.0
2026-04-09 15:02:00,NDA.V,,0.949999988079071,0.949999988079071,0.949999988079071,0.949999988079071,2500.0
2026-04-09 15:02:00,NFG.V,,2.9000000953674316,2.9000000953674316,2.9000000953674316,2.9000000953674316,200.0
2026-04-09 15:02:00,NIM.V,,0.9700000286102295,0.9700000286102295,0.9700000286102295,0.9700000286102295,500.0
2026-04-09 15:02:00,NSCI.V,,0.12999999523162842,0.12999999523162842,0.12999999523162842,0.12999999523162842,500.0
2026-04-09 15:02:00,ODV.V,,4.579999923706055,4.579999923706055,4.579999923706055,4.579999923706055,300.0
2026-04-09 15:02:00,OMG.V,,2.0199999809265137,2.0199999809265137,2.0199999809265137,2.0199999809265137,100.0
2026-04-09 15:02:00,PEX.V,,0.1850000023841858,0.1850000023841858,0.1850000023841858,0.1850000023841858,8000.0
2026-04-09 15:02:00,PLAN.V,,0.3199999928474426,0.3199999928474426,0.3199999928474426,0.3199999928474426,41000.0
2026-04-09 15:02:00,PLSR.V,,2.009999990463257,2.009999990463257,2.009999990463257,2.009999990463257,100.0
2026-04-09 15:02:00,PTF.V,,15.489999771118164,15.489999771118164,15.479999542236328,15.479999542236328,1100.0
2026-04-09 15:02:00,QGR.V,,0.25,0.25,0.25,0.25,3000.0
2026-04-09 15:02:00,RDS.V,,0.8999999761581421,0.8999999761581421,0.8999999761581421,0.8999999761581421,1500.0
2026-04-09 15:02:00,SLG.V,,3.559999942779541,3.559999942779541,3.559999942779541,3.559999942779541,100.0
2026-04-09 15:02:00,SM.V,,1.8799999952316284,1.8799999952316284,1.8799999952316284,1.8799999952316284,2500.0
2026-04-09 15:02:00,SVRS.V,,0.47999998927116394,0.47999998927116394,0.47999998927116394,0.47999998927116394,500.0
2026-04-09 15:03:00,AGX.V,,0.7400000095367432,0.7400000095367432,0.7400000095367432,0.7400000095367432,10000.0
2026-04-09 15:03:00,MAI.V,,6.289999961853027,6.300000190734863,6.289999961853027,6.300000190734863,1800.0
2026-04-09 15:03:00,MNRG.V,,0.0949999988079071,0.0949999988079071,0.0949999988079071,0.0949999988079071,3000.0
2026-04-09 15:03:00,NCX.V,,3.265000104904175,3.265000104904175,3.259999990463257,3.259999990463257,300.0
2026-04-09 15:03:00,NFG.V,,2.9049999713897705,2.9049999713897705,2.9049999713897705,2.9049999713897705,600.0
2026-04-09 15:03:00,OMG.V,,2.0299999713897705,2.0299999713897705,2.0250000953674316,2.0250000953674316,18600.0
2026-04-09 15:03:00,OVT.V,,0.03999999910593033,0.03999999910593033,0.03999999910593033,0.03999999910593033,0.0
2026-04-09 15:03:00,PER.V,,0.1850000023841858,0.1899999976158142,0.1850000023841858,0.1899999976158142,25852.0
2026-04-09 15:03:00,PML.V,,0.8999999761581421,0.8999999761581421,0.8999999761581421,0.8999999761581421,10000.0
2026-04-09 15:03:00,RDS.V,,0.8999999761581421,0.8999999761581421,0.8999999761581421,0.8999999761581421,500.0
2026-04-09 15:04:00,NCX.V,,3.265000104904175,3.265000104904175,3.265000104904175,3.265000104904175,100.0
2026-04-09 15:04:00,OMG.V,,2.0299999713897705,2.0299999713897705,2.0299999713897705,2.0299999713897705,2200.0
2026-04-09 15:04:00,PTF.V,,15.479999542236328,15.479999542236328,15.479999542236328,15.479999542236328,1100.0
2026-04-09 15:04:00,QGR.V,,0.25,0.25,0.25,0.25,700.0
2026-04-09 15:04:00,RDS.V,,0.9049999713897705,0.9049999713897705,0.8999999761581421,0.8999999761581421,15500.0
2026-04-09 15:04:00,SCZ.V,,11.229999542236328,11.229999542236328,11.1899995803833,11.1899995803833,1200.0
2026-04-09 15:04:00,SMN.V,,0.14000000059604645,0.14000000059604645,0.14000000059604645,0.14000000059604645,18431.0
2026-04-09 15:04:00,SOMA.V,,1.7999999523162842,1.8200000524520874,1.7999999523162842,1.8200000524520874,1340.0
2026-04-09 15:04:00,VIPR.V,,1.3200000524520874,1.3300000429153442,1.3200000524520874,1.3300000429153442,17500.0
2026-04-09 15:05:00,GASX.V,,1.440000057220459,1.4500000476837158,1.434999942779541,1.4500000476837158,27700.0
2026-04-09 15:05:00,MHUB.V,,0.6000000238418579,0.6000000238418579,0.6000000238418579,0.6000000238418579,1500.0
2026-04-09 15:05:00,NFG.V,,2.9049999713897705,2.9049999713897705,2.9049999713897705,2.9049999713897705,600.0
2026-04-09 15:05:00,OMG.V,,2.0299999713897705,2.0299999713897705,2.0299999713897705,2.0299999713897705,9100.0
2026-04-09 15:05:00,PLSR.V,,1.9900000095367432,1.9900000095367432,1.9900000095367432,1.9900000095367432,400.0
2026-04-09 15:05:00,QTWO.V,,2.2850000858306885,2.2850000858306885,2.2850000858306885,2.2850000858306885,100.0
2026-04-09 15:05:00,RBX.V,,7.199999809265137,7.210000038146973,7.199999809265137,7.210000038146973,300.0
2026-04-09 15:05:00,RDS.V,,0.9100000262260437,0.9100000262260437,0.9100000262260437,0.9100000262260437,1000.0
2026-04-09 15:05:00,SVRS.V,,0.47999998927116394,0.47999998927116394,0.47999998927116394,0.47999998927116394,500.0
2026-04-09 15:06:00,GASX.V,,1.440000057220459,1.440000057220459,1.440000057220459,1.440000057220459,4100.0
2026-04-09 15:06:00,NFG.V,,2.9000000953674316,2.9000000953674316,2.9000000953674316,2.9000000953674316,2534.0
2026-04-09 15:06:00,NXLV.V,,1.940000057220459,1.940000057220459,1.940000057220459,1.940000057220459,100.0
2026-04-09 15:06:00,OGN.V,,3.3399999141693115,3.3399999141693115,3.3399999141693115,3.3399999141693115,100.0
2026-04-09 15:06:00,OMG.V,,2.0250000953674316,2.0250000953674316,2.0250000953674316,2.0250000953674316,100.0
2026-04-09 15:06:00,PLSR.V,,1.9800000190734863,1.9800000190734863,1.9800000190734863,1.9800000190734863,950.0
2026-04-09 15:06:00,RDS.V,,0.9100000262260437,0.9100000262260437,0.8999999761581421,0.9100000262260437,4000.0
2026-04-09 15:06:00,SVRS.V,,0.47999998927116394,0.47999998927116394,0.47999998927116394,0.47999998927116394,4300.0
2026-04-09 15:07:00,AGX.V,,0.7400000095367432,0.7400000095367432,0.7400000095367432,0.7400000095367432,35383.0
2026-04-09 15:07:00,GASX.V,,1.4500000476837158,1.4500000476837158,1.4500000476837158,1.4500000476837158,14800.0
2026-04-09 15:07:00,NAU.V,,1.8300000429153442,1.8300000429153442,1.809999942779541,1.809999942779541,48700.0
2026-04-09 15:07:00,NFG.V,,2.9000000953674316,2.9000000953674316,2.9000000953674316,2.9000000953674316,8500.0
2026-04-09 15:07:00,OMG.V,,2.0350000858306885,2.0399999618530273,2.0299999713897705,2.0299999713897705,13000.0
2026-04-09 15:07:00,RBX.V,,7.199999809265137,7.199999809265137,7.199999809265137,7.199999809265137,500.0
2026-04-09 15:07:00,RDS.V,,0.9100000262260437,0.9100000262260437,0.9100000262260437,0.9100000262260437,500.0
2026-04-09 15:07:00,SCD.V,,0.13500000536441803,0.13500000536441803,0.13500000536441803,0.13500000536441803,3000.0
2026-04-09 15:07:00,SCZ.V,,11.25,11.25,11.239999771118164,11.239999771118164,949.0
2026-04-09 15:07:00,SLVR.V,,0.8899999856948853,0.8899999856948853,0.8849999904632568,0.8849999904632568,24500.0
2026-04-09 15:08:00,AMY.V,,0.09000000357627869,0.09000000357627869,0.09000000357627869,0.09000000357627869,1000.0
2026-04-09 15:08:00,MOX.V,,0.2150000035762787,0.2150000035762787,0.2150000035762787,0.2150000035762787,0.0
2026-04-09 15:08:00,NCX.V,,3.259999990463257,3.259999990463257,3.259999990463257,3.259999990463257,500.0
2026-04-09 15:08:00,PLSR.V,,1.9700000286102295,1.9700000286102295,1.9700000286102295,1.9700000286102295,900.0
2026-04-09 15:08:00,PWM.V,,0.4074999988079071,0.4074999988079071,0.4074999988079071,0.4074999988079071,500.0
2026-04-09 15:08:00,QNC.V,,3.315000057220459,3.315000057220459,3.315000057220459,3.315000057220459,100.0
2026-04-09 15:08:00,RAK.V,,0.1599999964237213,0.1599999964237213,0.1599999964237213,0.1599999964237213,3000.0
2026-04-09 15:08:00,RDS.V,,0.9100000262260437,0.9100000262260437,0.9100000262260437,0.9100000262260437,1500.0
2026-04-09 15:08:00,SSV.V,,0.5950000286102295,0.5950000286102295,0.5950000286102295,0.5950000286102295,500.0
2026-04-09 15:08:00,STRR.V,,0.5199999809265137,0.5199999809265137,0.5199999809265137,0.5199999809265137,1000.0
2026-04-09 15:09:00,AGX.V,,0.7400000095367432,0.7400000095367432,0.7400000095367432,0.7400000095367432,500.0
2026-04-09 15:09:00,NAU.V,,1.8200000524520874,1.8200000524520874,1.8200000524520874,1.8200000524520874,1200.0
2026-04-09 15:09:00,OMG.V,,2.0299999713897705,2.0350000858306885,2.0299999713897705,2.0350000858306885,25700.0
2026-04-09 15:09:00,ONYX.V,,1.2100000381469727,1.2100000381469727,1.2100000381469727,1.2100000381469727,200.0
2026-04-09 15:09:00,QGR.V,,0.24500000476837158,0.24500000476837158,0.24500000476837158,0.24500000476837158,500.0
2026-04-09 15:09:00,QTWO.V,,2.299999952316284,2.299999952316284,2.299999952316284,2.299999952316284,100.0
2026-04-09 15:09:00,RDS.V,,0.9100000262260437,0.9100000262260437,0.9100000262260437,0.9100000262260437,1598.0
2026-04-09 15:09:00,RJX-A.V,,0.02500000037252903,0.02500000037252903,0.02500000037252903,0.02500000037252903,5000.0
2026-04-09 15:09:00,SCZ.V,,11.270000457763672,11.270000457763672,11.270000457763672,11.270000457763672,100.0
2026-04-09 15:09:00,SGN.V,,0.3449999988079071,0.3449999988079071,0.3449999988079071,0.3449999988079071,1000.0
2026-04-09 15:09:00,SM.V,,1.8899999856948853,1.8899999856948853,1.8899999856948853,1.8899999856948853,3000.0
2026-04-09 15:09:00,SOMA.V,,1.8200000524520874,1.8200000524520874,1.8200000524520874,1.8200000524520874,5000.0
2026-04-09 15:09:00,SVRS.V,,0.47999998927116394,0.47999998927116394,0.47999998927116394,0.47999998927116394,1000.0
2026-04-09 15:10:00,NAU.V,,1.8300000429153442,1.8300000429153442,1.8300000429153442,1.8300000429153442,2400.0
2026-04-09 15:10:00,NCX.V,,3.259999990463257,3.259999990463257,3.259999990463257,3.259999990463257,2800.0
2026-04-09 15:10:00,ODV.V,,4.590000152587891,4.590000152587891,4.590000152587891,4.590000152587891,100.0
2026-04-09 15:10:00,OMG.V,,2.0250000953674316,2.0299999713897705,2.0250000953674316,2.0299999713897705,800.0
2026-04-09 15:10:00,PEX.V,,0.18000000715255737,0.18000000715255737,0.18000000715255737,0.18000000715255737,9500.0
2026-04-09 15:10:00,PGLD.V,,0.7200000286102295,0.7200000286102295,0.7200000286102295,0.7200000286102295,12445.0
2026-04-09 15:10:00,PPX.V,,0.2800000011920929,0.2800000011920929,0.2800000011920929,0.2800000011920929,1500.0
2026-04-09 15:10:00,QGR.V,,0.24500000476837158,0.24500000476837158,0.24500000476837158,0.24500000476837158,1500.0
2026-04-09 15:10:00,RBX.V,,7.210000038146973,7.210000038146973,7.210000038146973,7.210000038146973,100.0
2026-04-09 15:10:00,RDS.V,,0.8999999761581421,0.9100000262260437,0.8999999761581421,0.9100000262260437,23000.0
2026-04-09 15:10:00,ROCK.V,,2.680000066757202,2.680000066757202,2.6700000762939453,2.6700000762939453,1600.0
2026-04-09 15:10:00,RYO.V,,0.49000000953674316,0.49000000953674316,0.48750001192092896,0.48750001192092896,3500.0
2026-04-09 15:10:00,SBMI.V,,0.23000000417232513,0.23499999940395355,0.23000000417232513,0.23499999940395355,73500.0
2026-04-09 15:10:00,SCZ.V,,11.270000457763672,11.270000457763672,11.270000457763672,11.270000457763672,100.0
2026-04-09 15:10:00,SNAG.V,,0.2849999964237213,0.2849999964237213,0.2849999964237213,0.2849999964237213,11000.0
2026-04-09 15:11:00,NFG.V,,2.9100000858306885,2.9100000858306885,2.9100000858306885,2.9100000858306885,300.0
2026-04-09 15:11:00,ODV.V,,4.599999904632568,4.599999904632568,4.590000152587891,4.590000152587891,500.0
2026-04-09 15:11:00,OMG.V,,2.0299999713897705,2.0299999713897705,2.0299999713897705,2.0299999713897705,800.0
2026-04-09 15:11:00,QGR.V,,0.24500000476837158,0.24500000476837158,0.24500000476837158,0.24500000476837158,2500.0
2026-04-09 15:11:00,QNC.V,,3.319999933242798,3.319999933242798,3.315000057220459,3.315000057220459,300.0
2026-04-09 15:11:00,RML.V,,1.059999942779541,1.059999942779541,1.059999942779541,1.059999942779541,9000.0
2026-04-09 15:11:00,RYO.V,,0.48500001430511475,0.48500001430511475,0.48500001430511475,0.48500001430511475,500.0
2026-04-09 15:11:00,SCZ.V,,11.270000457763672,11.270000457763672,11.270000457763672,11.270000457763672,200.0
2026-04-09 15:11:00,SOMA.V,,1.8200000524520874,1.8200000524520874,1.8200000524520874,1.8200000524520874,100.0
2026-04-09 15:11:00,SVRS.V,,0.47999998927116394,0.47999998927116394,0.47999998927116394,0.47999998927116394,1500.0
2026-04-09 15:12:00,NFG.V,,2.9100000858306885,2.9100000858306885,2.9100000858306885,2.9100000858306885,1000.0
2026-04-09 15:12:00,OMG.V,,2.0299999713897705,2.0299999713897705,2.0299999713897705,2.0299999713897705,600.0
2026-04-09 15:12:00,PLSR.V,,1.9800000190734863,1.9800000190734863,1.9800000190734863,1.9800000190734863,2600.0
2026-04-09 15:12:00,PNPN.V,,1.2100000381469727,1.2100000381469727,1.2100000381469727,1.2100000381469727,5200.0
2026-04-09 15:12:00,QGR.V,,0.24500000476837158,0.24500000476837158,0.24500000476837158,0.24500000476837158,1000.0
2026-04-09 15:12:00,SCZ.V,,11.279999732971191,11.279999732971191,11.279999732971191,11.279999732971191,130.0
2026-04-09 15:13:00,FEO.V,,0.8500000238418579,0.8500000238418579,0.8500000238418579,0.8500000238418579,500.0
2026-04-09 15:13:00,NDA.V,,0.949999988079071,0.949999988079071,0.949999988079071,0.949999988079071,1000.0
2026-04-09 15:13:00,NFG.V,,2.9100000858306885,2.9100000858306885,2.9100000858306885,2.9100000858306885,500.0
2026-04-09 15:13:00,NOW.V,,0.2150000035762787,0.2150000035762787,0.2150000035762787,0.2150000035762787,1000.0
2026-04-09 15:13:00,NXLV.V,,1.9500000476837158,1.9500000476837158,1.9500000476837158,1.9500000476837158,1800.0
2026-04-09 15:13:00,OCO.V,,0.4000000059604645,0.4000000059604645,0.4000000059604645,0.4000000059604645,2000.0
2026-04-09 15:13:00,OMG.V,,2.0399999618530273,2.0399999618530273,2.0299999713897705,2.0299999713897705,12600.0
2026-04-09 15:13:00,QGR.V,,0.24500000476837158,0.24500000476837158,0.24500000476837158,0.24500000476837158,1000.0
2026-04-09 15:13:00,QNC.V,,3.3399999141693115,3.3399999141693115,3.3299999237060547,3.3299999237060547,1900.0
2026-04-09 15:13:00,QTWO.V,,2.299999952316284,2.299999952316284,2.2950000762939453,2.2950000762939453,200.0
2026-04-09 15:13:00,RDS.V,,0.8999999761581421,0.9100000262260437,0.8999999761581421,0.9100000262260437,21500.0
2026-04-09 15:13:00,SLI.V,,4.679999828338623,4.679999828338623,4.679999828338623,4.679999828338623,600.0
2026-04-09 15:13:00,SMN.V,,0.14000000059604645,0.14000000059604645,0.14000000059604645,0.14000000059604645,7000.0
2026-04-09 15:14:00,MGG.V,,0.3799999952316284,0.3799999952316284,0.3799999952316284,0.3799999952316284,5000.0
2026-04-09 15:14:00,NFD-A.V,,5.300000190734863,5.300000190734863,5.199999809265137,5.199999809265137,200.0
2026-04-09 15:14:00,NFG.V,,2.9149999618530273,2.9149999618530273,2.9149999618530273,2.9149999618530273,200.0
2026-04-09 15:14:00,NOW.V,,0.2150000035762787,0.2150000035762787,0.2150000035762787,0.2150000035762787,28500.0
2026-04-09 15:14:00,PEI.V,,0.03999999910593033,0.03999999910593033,0.03999999910593033,0.03999999910593033,100004.0
2026-04-09 15:14:00,PML.V,,0.9100000262260437,0.9100000262260437,0.9100000262260437,0.9100000262260437,2500.0
2026-04-09 15:14:00,QGR.V,,0.24500000476837158,0.24500000476837158,0.24500000476837158,0.24500000476837158,22500.0
2026-04-09 15:14:00,QTWO.V,,2.299999952316284,2.299999952316284,2.299999952316284,2.299999952316284,100.0
2026-04-09 15:14:00,RBX.V,,7.210000038146973,7.21999979019165,7.210000038146973,7.21999979019165,600.0
2026-04-09 15:14:00,RDS.V,,0.8899999856948853,0.8999999761581421,0.8899999856948853,0.8999999761581421,26500.0
2026-04-09 15:14:00,RML.V,,1.0499999523162842,1.0499999523162842,1.0499999523162842,1.0499999523162842,100.0
2026-04-09 15:14:00,SGN.V,,0.3449999988079071,0.3449999988079071,0.3449999988079071,0.3449999988079071,3500.0
2026-04-09 15:14:00,SLVR.V,,0.8899999856948853,0.8899999856948853,0.8899999856948853,0.8899999856948853,1000.0
2026-04-09 15:14:00,SVRS.V,,0.47999998927116394,0.47999998927116394,0.47999998927116394,0.47999998927116394,2000.0
2026-04-09 15:14:00,VIPR.V,,1.3200000524520874,1.3200000524520874,1.3200000524520874,1.3200000524520874,400.0
2026-04-09 15:15:00,MAI.V,,6.340000152587891,6.349999904632568,6.320000171661377,6.320000171661377,2500.0
2026-04-09 15:15:00,NOW.V,,0.23000000417232513,0.23000000417232513,0.2199999988079071,0.2199999988079071,111580.0
2026-04-09 15:15:00,OGN.V,,3.3450000286102295,3.3450000286102295,3.3450000286102295,3.3450000286102295,100.0
2026-04-09 15:15:00,PLSR.V,,1.9600000381469727,1.9700000286102295,1.9600000381469727,1.9700000286102295,16354.0
2026-04-09 15:15:00,QGR.V,,0.23999999463558197,0.23999999463558197,0.23999999463558197,0.23999999463558197,500.0
2026-04-09 15:15:00,QTWO.V,,2.299999952316284,2.299999952316284,2.299999952316284,2.299999952316284,100.0
2026-04-09 15:15:00,SCZ.V,,11.239999771118164,11.239999771118164,11.239999771118164,11.239999771118164,100.0
2026-04-09 15:15:00,SLG.V,,3.559999942779541,3.559999942779541,3.559999942779541,3.559999942779541,100.0
2026-04-09 15:15:00,SVRS.V,,0.47999998927116394,0.47999998927116394,0.47999998927116394,0.47999998927116394,7000.0
2026-04-09 15:16:00,GASX.V,,1.4500000476837158,1.4500000476837158,1.4500000476837158,1.4500000476837158,100.0
2026-04-09 15:16:00,MAI.V,,6.349999904632568,6.349999904632568,6.340000152587891,6.340000152587891,2400.0
2026-04-09 15:16:00,NAU.V,,1.8700000047683716,1.8700000047683716,1.8300000429153442,1.8300000429153442,182300.0
2026-04-09 15:16:00,NFG.V,,2.9149999618530273,2.9149999618530273,2.9149999618530273,2.9149999618530273,100.0
2026-04-09 15:16:00,ODV.V,,4.590000152587891,4.590000152587891,4.590000152587891,4.590000152587891,200.0
2026-04-09 15:16:00,OMG.V,,2.0350000858306885,2.0350000858306885,2.0350000858306885,2.0350000858306885,1100.0
2026-04-09 15:16:00,PNPN.V,,1.2100000381469727,1.2100000381469727,1.2100000381469727,1.2100000381469727,10900.0
2026-04-09 15:16:00,PWM.V,,0.4074999988079071,0.4074999988079071,0.4074999988079071,0.4074999988079071,500.0
2026-04-09 15:16:00,QGR.V,,0.23999999463558197,0.23999999463558197,0.23999999463558197,0.23999999463558197,2000.0
2026-04-09 15:16:00,QPT.V,,0.029999999329447746,0.029999999329447746,0.029999999329447746,0.029999999329447746,11000.0
2026-04-09 15:16:00,RECO.V,,1.0700000524520874,1.0700000524520874,1.0700000524520874,1.0700000524520874,600.0
2026-04-09 15:16:00,SCZ.V,,11.239999771118164,11.239999771118164,11.239999771118164,11.239999771118164,200.0
2026-04-09 15:17:00,GASX.V,,1.4500000476837158,1.4500000476837158,1.4500000476837158,1.4500000476837158,100.0
2026-04-09 15:17:00,MMY.V,,0.9800000190734863,0.9800000190734863,0.9800000190734863,0.9800000190734863,2500.0
2026-04-09 15:17:00,NCX.V,,3.2699999809265137,3.2699999809265137,3.2699999809265137,3.2699999809265137,100.0
2026-04-09 15:17:00,OVT.V,,0.03999999910593033,0.03999999910593033,0.03999999910593033,0.03999999910593033,6000.0
2026-04-09 15:17:00,PWM.V,,0.4050000011920929,0.4050000011920929,0.4050000011920929,0.4050000011920929,59760.0
2026-04-09 15:17:00,QGR.V,,0.23499999940395355,0.23999999463558197,0.23499999940395355,0.23999999463558197,34116.0
2026-04-09 15:17:00,SCZ.V,,11.239999771118164,11.270000457763672,11.239999771118164,11.239999771118164,400.0
2026-04-09 15:17:00,SOMA.V,,1.8200000524520874,1.8200000524520874,1.8200000524520874,1.8200000524520874,100.0
2026-04-09 15:17:00,STND.V,,0.10499999672174454,0.10499999672174454,0.10499999672174454,0.10499999672174454,16934.0
2026-04-09 15:17:00,VIPR.V,,1.3200000524520874,1.3200000524520874,1.3200000524520874,1.3200000524520874,5000.0
2026-04-09 15:18:00,GASX.V,,1.4500000476837158,1.4500000476837158,1.4500000476837158,1.4500000476837158,100.0
2026-04-09 15:18:00,MAI.V,,6.349999904632568,6.349999904632568,6.349999904632568,6.349999904632568,2100.0
2026-04-09 15:18:00,MKA.V,,0.6600000262260437,0.6600000262260437,0.6600000262260437,0.6600000262260437,2550.0
2026-04-09 15:18:00,NCX.V,,3.265000104904175,3.265000104904175,3.259999990463257,3.259999990463257,400.0
2026-04-09 15:18:00,NFG.V,,2.9100000858306885,2.9100000858306885,2.9100000858306885,2.9100000858306885,600.0
2026-04-09 15:18:00,OGN.V,,3.3350000381469727,3.3350000381469727,3.319999933242798,3.3299999237060547,1700.0
2026-04-09 15:18:00,OMG.V,,2.0350000858306885,2.0350000858306885,2.0350000858306885,2.0350000858306885,800.0
2026-04-09 15:18:00,SCZ.V,,11.229999542236328,11.239999771118164,11.229999542236328,11.239999771118164,600.0
2026-04-09 15:18:00,SGML.V,,18.950000762939453,18.950000762939453,18.950000762939453,18.950000762939453,1500.0
2026-04-09 15:18:00,SLVR.V,,0.8799999952316284,0.8899999856948853,0.8799999952316284,0.8899999856948853,13500.0
2026-04-09 15:18:00,SVRS.V,,0.47999998927116394,0.47999998927116394,0.47999998927116394,0.47999998927116394,3000.0
2026-04-09 15:19:00,GASX.V,,1.4500000476837158,1.4500000476837158,1.4500000476837158,1.4500000476837158,100.0
2026-04-09 15:19:00,MAI.V,,6.349999904632568,6.349999904632568,6.349999904632568,6.349999904632568,700.0
2026-04-09 15:19:00,NCI.V,,1.0,1.0099999904632568,1.0,1.0099999904632568,1100.0
2026-04-09 15:19:00,ODV.V,,4.579999923706055,4.579999923706055,4.579999923706055,4.579999923706055,400.0
2026-04-09 15:19:00,OGN.V,,3.3499999046325684,3.3499999046325684,3.3499999046325684,3.3499999046325684,1400.0
2026-04-09 15:19:00,OMG.V,,2.0350000858306885,2.0350000858306885,2.0350000858306885,2.0350000858306885,800.0
2026-04-09 15:19:00,PLSR.V,,1.9700000286102295,1.9700000286102295,1.9700000286102295,1.9700000286102295,600.0
2026-04-09 15:19:00,QNC.V,,3.319999933242798,3.319999933242798,3.319999933242798,3.319999933242798,100.0
2026-04-09 15:19:00,QTWO.V,,2.2899999618530273,2.2899999618530273,2.2899999618530273,2.2899999618530273,1100.0
2026-04-09 15:19:00,RBX.V,,7.230000019073486,7.230000019073486,7.21999979019165,7.21999979019165,400.0
2026-04-09 15:19:00,RML.V,,1.0499999523162842,1.0499999523162842,1.0499999523162842,1.0499999523162842,100.0
2026-04-09 15:19:00,SCZ.V,,11.210000038146973,11.210000038146973,11.210000038146973,11.210000038146973,188.0
2026-04-09 15:19:00,STRR.V,,0.5199999809265137,0.5199999809265137,0.5199999809265137,0.5199999809265137,500.0
2026-04-09 15:19:00,SVRS.V,,0.48249998688697815,0.48249998688697815,0.48249998688697815,0.48249998688697815,1000.0
2026-04-09 15:20:00,GASX.V,,1.4500000476837158,1.4500000476837158,1.4500000476837158,1.4500000476837158,100.0
2026-04-09 15:20:00,MAI.V,,6.349999904632568,6.349999904632568,6.349999904632568,6.349999904632568,400.0
2026-04-09 15:20:00,NBLC.V,,0.09000000357627869,0.09000000357627869,0.09000000357627869,0.09000000357627869,1000.0
2026-04-09 15:20:00,NCAU.V,,0.6600000262260437,0.6600000262260437,0.6600000262260437,0.6600000262260437,6500.0
2026-04-09 15:20:00,NFG.V,,2.9100000858306885,2.9100000858306885,2.9100000858306885,2.9100000858306885,700.0
2026-04-09 15:20:00,NOW.V,,0.23499999940395355,0.23499999940395355,0.23000000417232513,0.23000000417232513,16000.0
2026-04-09 15:20:00,OMG.V,,2.0299999713897705,2.0350000858306885,2.0299999713897705,2.0350000858306885,1100.0
2026-04-09 15:20:00,ORC-B.V,,3.299999952316284,3.299999952316284,3.299999952316284,3.299999952316284,2300.0
2026-04-09 15:20:00,PLSR.V,,1.9800000190734863,1.9800000190734863,1.9800000190734863,1.9800000190734863,3700.0
2026-04-09 15:20:00,PNPN.V,,1.2100000381469727,1.2100000381469727,1.2100000381469727,1.2100000381469727,100.0
2026-04-09 15:20:00,RECO.V,,1.0700000524520874,1.0700000524520874,1.0700000524520874,1.0700000524520874,840.0
2026-04-09 15:20:00,SEND.V,,1.5,1.5099999904632568,1.5,1.5099999904632568,1200.0
2026-04-09 15:20:00,STUD.V,,0.35499998927116394,0.35499998927116394,0.35499998927116394,0.35499998927116394,1000.0
2026-04-09 15:20:00,SVRS.V,,0.47999998927116394,0.47999998927116394,0.47999998927116394,0.47999998927116394,1500.0
2026-04-09 15:21:00,GASX.V,,1.4500000476837158,1.4500000476837158,1.4500000476837158,1.4500000476837158,100.0
2026-04-09 15:21:00,MGG.V,,0.3799999952316284,0.3799999952316284,0.3799999952316284,0.3799999952316284,5000.0
2026-04-09 15:21:00,NCAU.V,,0.6600000262260437,0.6600000262260437,0.6600000262260437,0.6600000262260437,36000.0
2026-04-09 15:21:00,NCI.V,,1.0099999904632568,1.0099999904632568,1.0099999904632568,1.0099999904632568,1700.0
2026-04-09 15:21:00,NFG.V,,2.9100000858306885,2.9100000858306885,2.9100000858306885,2.9100000858306885,343.0
2026-04-09 15:21:00,OMG.V,,2.0399999618530273,2.0399999618530273,2.0299999713897705,2.0350000858306885,9700.0
2026-04-09 15:21:00,PLSR.V,,1.9800000190734863,1.9800000190734863,1.9800000190734863,1.9800000190734863,300.0
2026-04-09 15:21:00,PNPN.V,,1.2100000381469727,1.2100000381469727,1.2100000381469727,1.2100000381469727,200.0
2026-04-09 15:21:00,ROS.V,,0.25,0.25,0.25,0.25,50000.0
2026-04-09 15:21:00,SCZ.V,,11.1899995803833,11.1899995803833,11.1899995803833,11.1899995803833,100.0
2026-04-09 15:21:00,SGML.V,,18.979999542236328,18.979999542236328,18.979999542236328,18.979999542236328,100.0
2026-04-09 15:21:00,SHL.V,,0.47999998927116394,0.47999998927116394,0.47999998927116394,0.47999998927116394,26000.0
2026-04-09 15:21:00,SLI.V,,4.670000076293945,4.670000076293945,4.670000076293945,4.670000076293945,100.0
2026-04-09 15:21:00,SLVR.V,,0.8700000047683716,0.8799999952316284,0.8700000047683716,0.8799999952316284,20900.0
2026-04-09 15:21:00,SVRS.V,,0.47999998927116394,0.47999998927116394,0.47999998927116394,0.47999998927116394,1500.0
2026-04-09 15:22:00,NCX.V,,3.265000104904175,3.265000104904175,3.265000104904175,3.265000104904175,300.0
2026-04-09 15:22:00,OML.V,,1.25,1.25,1.25,1.25,100.0
2026-04-09 15:22:00,PLSR.V,,1.9800000190734863,1.9900000095367432,1.9800000190734863,1.9900000095367432,300.0
2026-04-09 15:22:00,PNPN.V,,1.2100000381469727,1.2100000381469727,1.2100000381469727,1.2100000381469727,100.0
2026-04-09 15:22:00,RSM.V,,0.3199999928474426,0.3199999928474426,0.3199999928474426,0.3199999928474426,5500.0
2026-04-09 15:22:00,RVG.V,,0.8199999928474426,0.8199999928474426,0.8199999928474426,0.8199999928474426,5000.0
2026-04-09 15:22:00,SCZ.V,,11.180000305175781,11.180000305175781,11.180000305175781,11.180000305175781,100.0
2026-04-09 15:22:00,SHL.V,,0.49000000953674316,0.49000000953674316,0.49000000953674316,0.49000000953674316,1000.0
2026-04-09 15:22:00,SLI.V,,4.670000076293945,4.670000076293945,4.670000076293945,4.670000076293945,400.0
2026-04-09 15:22:00,SVRS.V,,0.48249998688697815,0.48249998688697815,0.47999998927116394,0.47999998927116394,2041.0
2026-04-09 15:23:00,GASX.V,,1.4500000476837158,1.4500000476837158,1.4500000476837158,1.4500000476837158,100.0
2026-04-09 15:23:00,NCX.V,,3.265000104904175,3.265000104904175,3.265000104904175,3.265000104904175,300.0
2026-04-09 15:23:00,NFG.V,,2.9100000858306885,2.9100000858306885,2.9100000858306885,2.9100000858306885,2200.0
2026-04-09 15:23:00,NOW.V,,0.23499999940395355,0.23499999940395355,0.23499999940395355,0.23499999940395355,25000.0
2026-04-09 15:23:00,OCO.V,,0.4099999964237213,0.4099999964237213,0.4050000011920929,0.4050000011920929,9000.0
2026-04-09 15:23:00,OMG.V,,2.0350000858306885,2.0350000858306885,2.0350000858306885,2.0350000858306885,179.0
2026-04-09 15:23:00,PLSR.V,,1.9900000095367432,1.9900000095367432,1.9900000095367432,1.9900000095367432,100.0
2026-04-09 15:23:00,PNPN.V,,1.2100000381469727,1.2100000381469727,1.2100000381469727,1.2100000381469727,300.0
2026-04-09 15:23:00,PWM.V,,0.4000000059604645,0.4000000059604645,0.4000000059604645,0.4000000059604645,500.0
2026-04-09 15:23:00,RDS.V,,0.8999999761581421,0.8999999761581421,0.8999999761581421,0.8999999761581421,1000.0
2026-04-09 15:23:00,RML.V,,1.0499999523162842,1.0499999523162842,1.0499999523162842,1.0499999523162842,26300.0
2026-04-09 15:23:00,ROK.V,,0.27000001072883606,0.27000001072883606,0.27000001072883606,0.27000001072883606,301500.0
2026-04-09 15:23:00,SGML.V,,18.959999084472656,18.959999084472656,18.959999084472656,18.959999084472656,600.0
2026-04-09 15:23:00,SGO.V,,0.25,0.25,0.25,0.25,9500.0
2026-04-09 15:23:00,SVRS.V,,0.48249998688697815,0.48249998688697815,0.48249998688697815,0.48249998688697815,2000.0
2026-04-09 15:24:00,NCX.V,,3.259999990463257,3.259999990463257,3.259999990463257,3.259999990463257,600.0
2026-04-09 15:24:00,NIM.V,,0.9700000286102295,0.9700000286102295,0.9700000286102295,0.9700000286102295,500.0
2026-04-09 15:24:00,NRX.V,,0.6299999952316284,0.6299999952316284,0.6299999952316284,0.6299999952316284,9500.0
2026-04-09 15:24:00,ODV.V,,4.579999923706055,4.579999923706055,4.579999923706055,4.579999923706055,400.0
2026-04-09 15:24:00,PLSR.V,,1.9700000286102295,1.9700000286102295,1.9700000286102295,1.9700000286102295,1500.0
2026-04-09 15:24:00,PNPN.V,,1.2100000381469727,1.2100000381469727,1.2100000381469727,1.2100000381469727,200.0
2026-04-09 15:24:00,RDS.V,,0.8949999809265137,0.8949999809265137,0.8949999809265137,0.8949999809265137,2500.0
2026-04-09 15:24:00,RKV.V,,0.10000000149011612,0.10000000149011612,0.10000000149011612,0.10000000149011612,500.0
2026-04-09 15:24:00,ROCK.V,,2.700000047683716,2.700000047683716,2.680000066757202,2.680000066757202,5200.0
2026-04-09 15:24:00,ROK.V,,0.27000001072883606,0.27000001072883606,0.27000001072883606,0.27000001072883606,190000.0
2026-04-09 15:24:00,SLI.V,,4.670000076293945,4.670000076293945,4.670000076293945,4.670000076293945,100.0
2026-04-09 15:24:00,SLVR.V,,0.8700000047683716,0.8700000047683716,0.8700000047683716,0.8700000047683716,3000.0
2026-04-09 15:24:00,SOMA.V,,1.8200000524520874,1.8200000524520874,1.8200000524520874,1.8200000524520874,100.0
2026-04-09 15:24:00,STRR.V,,0.5199999809265137,0.5199999809265137,0.5199999809265137,0.5199999809265137,500.0
2026-04-09 15:24:00,SVRS.V,,0.47999998927116394,0.47999998927116394,0.47999998927116394,0.47999998927116394,1500.0
2026-04-09 15:25:00,AGX.V,,0.7400000095367432,0.7400000095367432,0.7400000095367432,0.7400000095367432,500.0
2026-04-09 15:25:00,GASX.V,,1.4500000476837158,1.4500000476837158,1.4500000476837158,1.4500000476837158,100.0
2026-04-09 15:25:00,MAI.V,,6.349999904632568,6.349999904632568,6.349999904632568,6.349999904632568,400.0
2026-04-09 15:25:00,NAU.V,,1.8600000143051147,1.8600000143051147,1.8600000143051147,1.8600000143051147,4400.0
2026-04-09 15:25:00,NRX.V,,0.6299999952316284,0.6299999952316284,0.6299999952316284,0.6299999952316284,7500.0
2026-04-09 15:25:00,OCO.V,,0.41499999165534973,0.41499999165534973,0.4099999964237213,0.4099999964237213,5500.0
2026-04-09 15:25:00,ODV.V,,4.579999923706055,4.579999923706055,4.579999923706055,4.579999923706055,100.0
2026-04-09 15:25:00,ONYX.V,,1.2100000381469727,1.2100000381469727,1.2100000381469727,1.2100000381469727,100.0
2026-04-09 15:25:00,PNPN.V,,1.2100000381469727,1.2100000381469727,1.2100000381469727,1.2100000381469727,100.0
2026-04-09 15:25:00,PUMA.V,,0.15000000596046448,0.15000000596046448,0.15000000596046448,0.15000000596046448,2500.0
2026-04-09 15:25:00,QGR.V,,0.23999999463558197,0.23999999463558197,0.23999999463558197,0.23999999463558197,500.0
2026-04-09 15:25:00,RDS.V,,0.8949999809265137,0.8949999809265137,0.8949999809265137,0.8949999809265137,500.0
2026-04-09 15:25:00,ROK.V,,0.27000001072883606,0.27000001072883606,0.27000001072883606,0.27000001072883606,347500.0
2026-04-09 15:25:00,SCZ.V,,11.229999542236328,11.229999542236328,11.220000267028809,11.229999542236328,1700.0
2026-04-09 15:25:00,SEND.V,,1.600000023841858,1.600000023841858,1.590000033378601,1.590000033378601,1700.0
2026-04-09 15:26:00,MAI.V,,6.349999904632568,6.349999904632568,6.349999904632568,6.349999904632568,1400.0
2026-04-09 15:26:00,NCX.V,,3.2699999809265137,3.2699999809265137,3.2699999809265137,3.2699999809265137,300.0
2026-04-09 15:26:00,PE.V,,0.3799999952316284,0.3799999952316284,0.3799999952316284,0.3799999952316284,5500.0
2026-04-09 15:26:00,PNPN.V,,1.2100000381469727,1.2100000381469727,1.2100000381469727,1.2100000381469727,200.0
2026-04-09 15:26:00,RDS.V,,0.8999999761581421,0.8999999761581421,0.8949999809265137,0.8949999809265137,2000.0
2026-04-09 15:26:00,ROCK.V,,2.700000047683716,2.700000047683716,2.700000047683716,2.700000047683716,300.0
2026-04-09 15:26:00,SAO.V,,0.08500000089406967,0.08500000089406967,0.08500000089406967,0.08500000089406967,58000.0
2026-04-09 15:26:00,SCZ.V,,11.229999542236328,11.229999542236328,11.229999542236328,11.229999542236328,4100.0
2026-04-09 15:26:00,SVRS.V,,0.47999998927116394,0.47999998927116394,0.47999998927116394,0.47999998927116394,14500.0
2026-04-09 15:27:00,GASX.V,,1.4500000476837158,1.4500000476837158,1.4500000476837158,1.4500000476837158,100.0
2026-04-09 15:27:00,NFG.V,,2.9100000858306885,2.9100000858306885,2.9100000858306885,2.9100000858306885,100.0
2026-04-09 15:27:00,PLAN.V,,0.3199999928474426,0.3199999928474426,0.3199999928474426,0.3199999928474426,33000.0
2026-04-09 15:27:00,PNPN.V,,1.2100000381469727,1.2100000381469727,1.2100000381469727,1.2100000381469727,200.0
2026-04-09 15:27:00,RDS.V,,0.8999999761581421,0.8999999761581421,0.8999999761581421,0.8999999761581421,2000.0
2026-04-09 15:27:00,RTH.V,,0.029999999329447746,0.029999999329447746,0.029999999329447746,0.029999999329447746,0.0
2026-04-09 15:27:00,SGN.V,,0.3449999988079071,0.3449999988079071,0.3449999988079071,0.3449999988079071,17500.0
2026-04-09 15:27:00,SNAG.V,,0.2800000011920929,0.2849999964237213,0.2800000011920929,0.2849999964237213,79500.0
2026-04-09 15:27:00,STMP.V,,0.14499999582767487,0.14499999582767487,0.14499999582767487,0.14499999582767487,8500.0
2026-04-09 15:27:00,SVRS.V,,0.48249998688697815,0.48249998688697815,0.48249998688697815,0.48249998688697815,2500.0
2026-04-09 15:28:00,GASX.V,,1.4500000476837158,1.4500000476837158,1.440000057220459,1.440000057220459,3900.0
2026-04-09 15:28:00,OMG.V,,2.0299999713897705,2.0350000858306885,2.0299999713897705,2.0350000858306885,2100.0
2026-04-09 15:28:00,PNPN.V,,1.2100000381469727,1.2100000381469727,1.2100000381469727,1.2100000381469727,500.0
2026-04-09 15:28:00,RDS.V,,0.8999999761581421,0.8999999761581421,0.8899999856948853,0.8999999761581421,5000.0
2026-04-09 15:28:00,SGN.V,,0.3449999988079071,0.3449999988079071,0.3449999988079071,0.3449999988079071,1000.0
2026-04-09 15:28:00,SLVR.V,,0.8700000047683716,0.8700000047683716,0.8700000047683716,0.8700000047683716,5000.0
2026-04-09 15:28:00,SM.V,,1.8700000047683716,1.8700000047683716,1.8700000047683716,1.8700000047683716,18800.0
2026-04-09 15:29:00,MAI.V,,6.349999904632568,6.349999904632568,6.349999904632568,6.349999904632568,500.0
2026-04-09 15:29:00,MMY.V,,0.9800000190734863,0.9850000143051147,0.9800000190734863,0.9800000190734863,5000.0
2026-04-09 15:29:00,NCX.V,,3.2699999809265137,3.2699999809265137,3.2699999809265137,3.2699999809265137,200.0
2026-04-09 15:29:00,NFG.V,,2.9000000953674316,2.9049999713897705,2.9000000953674316,2.9049999713897705,4100.0
2026-04-09 15:29:00,NIM.V,,0.9700000286102295,0.9700000286102295,0.9700000286102295,0.9700000286102295,1000.0
2026-04-09 15:29:00,ODV.V,,4.559999942779541,4.579999923706055,4.559999942779541,4.579999923706055,4550.0
2026-04-09 15:29:00,OMG.V,,2.0350000858306885,2.0350000858306885,2.0299999713897705,2.0299999713897705,400.0
2026-04-09 15:29:00,PNPN.V,,1.2100000381469727,1.2100000381469727,1.2100000381469727,1.2100000381469727,300.0
2026-04-09 15:29:00,RDS.V,,0.8999999761581421,0.8999999761581421,0.8999999761581421,0.8999999761581421,1500.0
2026-04-09 15:29:00,SGN.V,,0.3400000035762787,0.3400000035762787,0.3400000035762787,0.3400000035762787,34700.0
2026-04-09 15:29:00,SLG.V,,3.5799999237060547,3.5799999237060547,3.5799999237060547,3.5799999237060547,100.0
2026-04-09 15:30:00,MAI.V,,6.340000152587891,6.340000152587891,6.340000152587891,6.340000152587891,300.0
2026-04-09 15:30:00,ODV.V,,4.579999923706055,4.579999923706055,4.579999923706055,4.579999923706055,3600.0
2026-04-09 15:30:00,OMG.V,,2.0299999713897705,2.0350000858306885,2.0299999713897705,2.0299999713897705,700.0
2026-04-09 15:30:00,PHNM.V,,0.35499998927116394,0.35499998927116394,0.35499998927116394,0.35499998927116394,500.0
2026-04-09 15:30:00,PWM.V,,0.4000000059604645,0.4000000059604645,0.4000000059604645,0.4000000059604645,500.0
2026-04-09 15:30:00,QTWO.V,,2.2899999618530273,2.2899999618530273,2.2850000858306885,2.2850000858306885,200.0
2026-04-09 15:30:00,RBX.V,,7.199999809265137,7.210000038146973,7.199999809265137,7.210000038146973,700.0
2026-04-09 15:30:00,RDS.V,,0.8999999761581421,0.8999999761581421,0.8999999761581421,0.8999999761581421,3000.0
2026-04-09 15:30:00,SBMI.V,,0.23000000417232513,0.23000000417232513,0.23000000417232513,0.23000000417232513,1500.0
2026-04-09 15:30:00,SCZ.V,,11.199999809265137,11.210000038146973,11.199999809265137,11.210000038146973,1400.0
2026-04-09 15:30:00,SGQ.V,,0.39500001072883606,0.39500001072883606,0.39500001072883606,0.39500001072883606,2000.0
2026-04-09 15:30:00,SLI.V,,4.670000076293945,4.670000076293945,4.670000076293945,4.670000076293945,600.0
2026-04-09 15:31:00,GASX.V,,1.4500000476837158,1.4500000476837158,1.4500000476837158,1.4500000476837158,100.0
2026-04-09 15:31:00,NAU.V,,1.8600000143051147,1.8600000143051147,1.8600000143051147,1.8600000143051147,6800.0
2026-04-09 15:31:00,NCX.V,,3.2699999809265137,3.2699999809265137,3.2699999809265137,3.2699999809265137,100.0
2026-04-09 15:31:00,NFG.V,,2.9100000858306885,2.9149999618530273,2.9100000858306885,2.9100000858306885,4100.0
2026-04-09 15:31:00,OMG.V,,2.0299999713897705,2.0299999713897705,2.0299999713897705,2.0299999713897705,300.0
2026-04-09 15:31:00,PLSR.V,,1.9800000190734863,1.9800000190734863,1.9700000286102295,1.9700000286102295,8000.0
2026-04-09 15:31:00,PNPN.V,,1.2100000381469727,1.2100000381469727,1.2100000381469727,1.2100000381469727,5300.0
2026-04-09 15:31:00,QGR.V,,0.23999999463558197,0.23999999463558197,0.23999999463558197,0.23999999463558197,2500.0
2026-04-09 15:31:00,QNC.V,,3.369999885559082,3.369999885559082,3.3399999141693115,3.3399999141693115,3200.0
2026-04-09 15:31:00,QTWO.V,,2.2950000762939453,2.2950000762939453,2.2899999618530273,2.2899999618530273,1200.0
2026-04-09 15:31:00,RDS.V,,0.8999999761581421,0.8999999761581421,0.8999999761581421,0.8999999761581421,1000.0
2026-04-09 15:31:00,SBMI.V,,0.23000000417232513,0.23000000417232513,0.23000000417232513,0.23000000417232513,40000.0
2026-04-09 15:31:00,SCD.V,,0.13500000536441803,0.14000000059604645,0.13500000536441803,0.14000000059604645,82000.0
2026-04-09 15:31:00,SCZ.V,,11.180000305175781,11.180000305175781,11.180000305175781,11.180000305175781,200.0
2026-04-09 15:31:00,SGML.V,,18.979999542236328,18.979999542236328,18.979999542236328,18.979999542236328,100.0
2026-04-09 15:31:00,SOMA.V,,1.8200000524520874,1.8200000524520874,1.8200000524520874,1.8200000524520874,100.0
2026-04-09 15:31:00,SSV.V,,0.5899999737739563,0.5899999737739563,0.5899999737739563,0.5899999737739563,3500.0
2026-04-09 15:31:00,SVRS.V,,0.47999998927116394,0.47999998927116394,0.47999998927116394,0.47999998927116394,2000.0
2026-04-09 15:32:00,MAI.V,,6.340000152587891,6.340000152587891,6.340000152587891,6.340000152587891,200.0
2026-04-09 15:32:00,NAU.V,,1.850000023841858,1.8600000143051147,1.850000023841858,1.8600000143051147,61100.0
2026-04-09 15:32:00,NFG.V,,2.9100000858306885,2.9100000858306885,2.9100000858306885,2.9100000858306885,100.0
2026-04-09 15:32:00,NIO.V,,0.26499998569488525,0.26499998569488525,0.26499998569488525,0.26499998569488525,4000.0
2026-04-09 15:32:00,NSE.V,,0.5799999833106995,0.5799999833106995,0.5799999833106995,0.5799999833106995,1500.0
2026-04-09 15:32:00,OCO.V,,0.41999998688697815,0.41999998688697815,0.41499999165534973,0.41499999165534973,4500.0
2026-04-09 15:32:00,OMG.V,,2.0299999713897705,2.0350000858306885,2.0299999713897705,2.0350000858306885,300.0
2026-04-09 15:32:00,PGZ.V,,0.13500000536441803,0.13500000536441803,0.13500000536441803,0.13500000536441803,8000.0
2026-04-09 15:32:00,PML.V,,0.9100000262260437,0.9100000262260437,0.9100000262260437,0.9100000262260437,30000.0
2026-04-09 15:32:00,PPP.V,,1.2999999523162842,1.2999999523162842,1.2999999523162842,1.2999999523162842,11700.0
2026-04-09 15:32:00,PPX.V,,0.2849999964237213,0.2849999964237213,0.2849999964237213,0.2849999964237213,500.0
2026-04-09 15:32:00,RDS.V,,0.8999999761581421,0.8999999761581421,0.8899999856948853,0.8999999761581421,4000.0
2026-04-09 15:32:00,RECO.V,,1.0700000524520874,1.0700000524520874,1.0700000524520874,1.0700000524520874,200.0
2026-04-09 15:32:00,RGI.V,,0.014999999664723873,0.014999999664723873,0.014999999664723873,0.014999999664723873,0.0
2026-04-09 15:32:00,RMB.V,,0.6899999976158142,0.6899999976158142,0.6899999976158142,0.6899999976158142,1500.0
2026-04-09 15:32:00,SCZ.V,,11.180000305175781,11.180000305175781,11.180000305175781,11.180000305175781,100.0
2026-04-09 15:32:00,SSE.V,,0.23499999940395355,0.23499999940395355,0.23499999940395355,0.23499999940395355,8000.0
2026-04-09 15:32:00,SVRS.V,,0.48249998688697815,0.48249998688697815,0.48249998688697815,0.48249998688697815,2500.0
2026-04-09 15:33:00,AGX.V,,0.7400000095367432,0.7400000095367432,0.7400000095367432,0.7400000095367432,500.0
2026-04-09 15:33:00,MAI.V,,6.320000171661377,6.340000152587891,6.320000171661377,6.340000152587891,1600.0
2026-04-09 15:33:00,NAU.V,,1.850000023841858,1.8600000143051147,1.840000033378601,1.850000023841858,72530.0
2026-04-09 15:33:00,NCX.V,,3.2699999809265137,3.2699999809265137,3.2699999809265137,3.2699999809265137,200.0
2026-04-09 15:33:00,NDA.V,,0.949999988079071,0.949999988079071,0.949999988079071,0.949999988079071,1500.0
2026-04-09 15:33:00,NFG.V,,2.9100000858306885,2.9100000858306885,2.9100000858306885,2.9100000858306885,100.0
2026-04-09 15:33:00,ODV.V,,4.579999923706055,4.579999923706055,4.579999923706055,4.579999923706055,1200.0
2026-04-09 15:33:00,OMG.V,,2.0350000858306885,2.0350000858306885,2.0299999713897705,2.0299999713897705,1400.0
2026-04-09 15:33:00,OTC.V,,0.4699999988079071,0.4699999988079071,0.46000000834465027,0.46000000834465027,10500.0
2026-04-09 15:33:00,PML.V,,0.9200000166893005,0.9200000166893005,0.9200000166893005,0.9200000166893005,20502.0
2026-04-09 15:33:00,PNPN.V,,1.2000000476837158,1.2000000476837158,1.2000000476837158,1.2000000476837158,700.0
2026-04-09 15:33:00,QGR.V,,0.23999999463558197,0.23999999463558197,0.23999999463558197,0.23999999463558197,1000.0
2026-04-09 15:33:00,RBX.V,,7.210000038146973,7.210000038146973,7.210000038146973,7.210000038146973,100.0
2026-04-09 15:33:00,RDS.V,,0.8999999761581421,0.8999999761581421,0.8999999761581421,0.8999999761581421,1500.0
2026-04-09 15:33:00,RML.V,,1.059999942779541,1.059999942779541,1.059999942779541,1.059999942779541,1371.0
2026-04-09 15:33:00,SCZ.V,,11.170000076293945,11.180000305175781,11.170000076293945,11.180000305175781,600.0
2026-04-09 15:33:00,SGML.V,,18.989999771118164,18.989999771118164,18.989999771118164,18.989999771118164,100.0
2026-04-09 15:33:00,SLI.V,,4.670000076293945,4.670000076293945,4.670000076293945,4.670000076293945,400.0
2026-04-09 15:33:00,SRR.V,,0.9900000095367432,0.9900000095367432,0.9900000095367432,0.9900000095367432,2000.0
2026-04-09 15:33:00,SSV.V,,0.5950000286102295,0.5950000286102295,0.5950000286102295,0.5950000286102295,500.0
2026-04-09 15:34:00,NFG.V,,2.9100000858306885,2.9100000858306885,2.9100000858306885,2.9100000858306885,2000.0
2026-04-09 15:34:00,NRX.V,,0.6299999952316284,0.6299999952316284,0.6299999952316284,0.6299999952316284,6885.0
2026-04-09 15:34:00,NSCI.V,,0.12999999523162842,0.12999999523162842,0.12999999523162842,0.12999999523162842,2500.0
2026-04-09 15:34:00,OCO.V,,0.4099999964237213,0.4099999964237213,0.4099999964237213,0.4099999964237213,500.0
2026-04-09 15:34:00,OMG.V,,2.0299999713897705,2.0350000858306885,2.0299999713897705,2.0299999713897705,2000.0
2026-04-09 15:34:00,PLSR.V,,1.9900000095367432,1.9900000095367432,1.9900000095367432,1.9900000095367432,100.0
2026-04-09 15:34:00,PNPN.V,,1.2000000476837158,1.2000000476837158,1.2000000476837158,1.2000000476837158,200.0
2026-04-09 15:34:00,PPP.V,,1.2949999570846558,1.2949999570846558,1.2949999570846558,1.2949999570846558,100.0
2026-04-09 15:34:00,QNC.V,,3.359999895095825,3.359999895095825,3.3550000190734863,3.3550000190734863,3300.0
2026-04-09 15:34:00,QTWO.V,,2.2950000762939453,2.2950000762939453,2.2950000762939453,2.2950000762939453,100.0
2026-04-09 15:34:00,RBX.V,,7.210000038146973,7.210000038146973,7.210000038146973,7.210000038146973,100.0
2026-04-09 15:34:00,RDS.V,,0.8999999761581421,0.8999999761581421,0.8899999856948853,0.8999999761581421,13500.0
2026-04-09 15:34:00,ROS.V,,0.25,0.25,0.25,0.25,80000.0
2026-04-09 15:34:00,SCZ.V,,11.130000114440918,11.170000076293945,11.130000114440918,11.170000076293945,400.0
2026-04-09 15:34:00,SGML.V,,19.049999237060547,19.049999237060547,19.049999237060547,19.049999237060547,200.0
2026-04-09 15:34:00,SGO.V,,0.25,0.25,0.25,0.25,2000.0
2026-04-09 15:35:00,OMG.V,,2.0299999713897705,2.0299999713897705,2.0299999713897705,2.0299999713897705,800.0
2026-04-09 15:35:00,QNC.V,,3.369999885559082,3.369999885559082,3.369999885559082,3.369999885559082,800.0
2026-04-09 15:35:00,QTWO.V,,2.2950000762939453,2.2950000762939453,2.2950000762939453,2.2950000762939453,100.0
2026-04-09 15:35:00,RBX.V,,7.199999809265137,7.210000038146973,7.199999809265137,7.210000038146973,800.0
2026-04-09 15:35:00,RDS.V,,0.8999999761581421,0.8999999761581421,0.8999999761581421,0.8999999761581421,1500.0
2026-04-09 15:35:00,SCZ.V,,11.1899995803833,11.220000267028809,11.145000457763672,11.145000457763672,3900.0
2026-04-09 15:35:00,SLI.V,,4.670000076293945,4.670000076293945,4.670000076293945,4.670000076293945,100.0
2026-04-09 15:35:00,SVRS.V,,0.48500001430511475,0.48500001430511475,0.48500001430511475,0.48500001430511475,8500.0
2026-04-09 15:35:00,VIPR.V,,1.3200000524520874,1.3200000524520874,1.3200000524520874,1.3200000524520874,4100.0
2026-04-09 15:36:00,MMY.V,,0.9850000143051147,0.9850000143051147,0.9800000190734863,0.9800000190734863,11000.0
2026-04-09 15:36:00,MNLX.V,,0.3499999940395355,0.3499999940395355,0.3499999940395355,0.3499999940395355,4500.0
2026-04-09 15:36:00,MNRG.V,,0.0949999988079071,0.0949999988079071,0.0949999988079071,0.0949999988079071,26000.0
2026-04-09 15:36:00,NIM.V,,0.9700000286102295,0.9700000286102295,0.9700000286102295,0.9700000286102295,500.0
2026-04-09 15:36:00,OMG.V,,2.0299999713897705,2.0350000858306885,2.0299999713897705,2.0299999713897705,1300.0
2026-04-09 15:36:00,OTC.V,,0.49000000953674316,0.49000000953674316,0.4699999988079071,0.4699999988079071,10013.0
2026-04-09 15:36:00,PLSR.V,,1.9700000286102295,1.9800000190734863,1.9700000286102295,1.9800000190734863,757.0
2026-04-09 15:36:00,PPP.V,,1.2999999523162842,1.2999999523162842,1.2999999523162842,1.2999999523162842,300.0
2026-04-09 15:36:00,RDS.V,,0.8999999761581421,0.8999999761581421,0.8999999761581421,0.8999999761581421,3000.0
2026-04-09 15:36:00,ROCK.V,,2.690000057220459,2.7100000381469727,2.690000057220459,2.700000047683716,6400.0
2026-04-09 15:36:00,SEI.V,,0.5799999833106995,0.5799999833106995,0.5799999833106995,0.5799999833106995,1500.0
2026-04-09 15:36:00,SGML.V,,19.200000762939453,19.200000762939453,19.100000381469727,19.100000381469727,500.0
2026-04-09 15:36:00,SVRS.V,,0.48500001430511475,0.48500001430511475,0.48249998688697815,0.48249998688697815,10300.0
2026-04-09 15:37:00,GASX.V,,1.4500000476837158,1.4500000476837158,1.4500000476837158,1.4500000476837158,100.0
2026-04-09 15:37:00,MHUB.V,,0.6000000238418579,0.6000000238418579,0.6000000238418579,0.6000000238418579,18497.0
2026-04-09 15:37:00,MMY.V,,0.9850000143051147,0.9850000143051147,0.9850000143051147,0.9850000143051147,500.0
2026-04-09 15:37:00,NCX.V,,3.2699999809265137,3.2699999809265137,3.2699999809265137,3.2699999809265137,100.0
2026-04-09 15:37:00,NOW.V,,0.23000000417232513,0.23000000417232513,0.23000000417232513,0.23000000417232513,800.0
2026-04-09 15:37:00,ODV.V,,4.559999942779541,4.559999942779541,4.559999942779541,4.559999942779541,1000.0
2026-04-09 15:37:00,OMG.V,,2.0299999713897705,2.0350000858306885,2.0299999713897705,2.0299999713897705,3700.0
2026-04-09 15:37:00,ONYX.V,,1.2100000381469727,1.2100000381469727,1.2100000381469727,1.2100000381469727,360.0
2026-04-09 15:37:00,OTC.V,,0.49000000953674316,0.5,0.49000000953674316,0.5,3000.0
2026-04-09 15:37:00,PEX.V,,0.1850000023841858,0.1850000023841858,0.18000000715255737,0.1850000023841858,21000.0
2026-04-09 15:37:00,PNPN.V,,1.2000000476837158,1.2100000381469727,1.2000000476837158,1.2100000381469727,17500.0
2026-04-09 15:37:00,PWM.V,,0.4000000059604645,0.4000000059604645,0.4000000059604645,0.4000000059604645,500.0
2026-04-09 15:37:00,QGR.V,,0.23000000417232513,0.23999999463558197,0.23000000417232513,0.23499999940395355,5013.0
2026-04-09 15:37:00,RDS.V,,0.8999999761581421,0.8999999761581421,0.8999999761581421,0.8999999761581421,2500.0
2026-04-09 15:37:00,SCZ.V,,11.180000305175781,11.180000305175781,11.180000305175781,11.180000305175781,200.0
2026-04-09 15:37:00,SLG.V,,3.5799999237060547,3.5799999237060547,3.5799999237060547,3.5799999237060547,1200.0
2026-04-09 15:37:00,SOMA.V,,1.8200000524520874,1.8200000524520874,1.8200000524520874,1.8200000524520874,100.0
2026-04-09 15:37:00,SVRS.V,,0.48500001430511475,0.48500001430511475,0.48500001430511475,0.48500001430511475,40500.0
2026-04-09 15:38:00,MMY.V,,0.9800000190734863,0.9850000143051147,0.9800000190734863,0.9850000143051147,3500.0
2026-04-09 15:38:00,MYID.V,,0.03999999910593033,0.03999999910593033,0.03999999910593033,0.03999999910593033,0.0
2026-04-09 15:38:00,NAU.V,,1.850000023841858,1.850000023841858,1.850000023841858,1.850000023841858,1000.0
2026-04-09 15:38:00,OCO.V,,0.4099999964237213,0.4099999964237213,0.4099999964237213,0.4099999964237213,3500.0
2026-04-09 15:38:00,ODV.V,,4.559999942779541,4.559999942779541,4.559999942779541,4.559999942779541,100.0
2026-04-09 15:38:00,OGN.V,,3.359999895095825,3.359999895095825,3.359999895095825,3.359999895095825,100.0
2026-04-09 15:38:00,OMG.V,,2.0299999713897705,2.0299999713897705,2.0299999713897705,2.0299999713897705,17600.0
2026-04-09 15:38:00,OMI.V,,0.36000001430511475,0.36000001430511475,0.36000001430511475,0.36000001430511475,7500.0
2026-04-09 15:38:00,PWM.V,,0.4050000011920929,0.4050000011920929,0.4050000011920929,0.4050000011920929,17000.0
2026-04-09 15:38:00,QGR.V,,0.23499999940395355,0.23999999463558197,0.23000000417232513,0.23999999463558197,9500.0
2026-04-09 15:38:00,QTWO.V,,2.2899999618530273,2.2899999618530273,2.2899999618530273,2.2899999618530273,1200.0
2026-04-09 15:38:00,RBX.V,,7.199999809265137,7.199999809265137,7.199999809265137,7.199999809265137,500.0
2026-04-09 15:38:00,RDS.V,,0.8999999761581421,0.8999999761581421,0.8999999761581421,0.8999999761581421,8000.0
2026-04-09 15:38:00,SCZ.V,,11.180000305175781,11.180000305175781,11.180000305175781,11.180000305175781,400.0
2026-04-09 15:38:00,SGML.V,,19.010000228881836,19.079999923706055,19.010000228881836,19.079999923706055,1100.0
2026-04-09 15:38:00,SLG.V,,3.569999933242798,3.575000047683716,3.569999933242798,3.569999933242798,1200.0
2026-04-09 15:38:00,SLI.V,,4.670000076293945,4.670000076293945,4.670000076293945,4.670000076293945,100.0
2026-04-09 15:38:00,SLVR.V,,0.8700000047683716,0.8700000047683716,0.8700000047683716,0.8700000047683716,3000.0
2026-04-09 15:39:00,AMY.V,,0.08500000089406967,0.08500000089406967,0.08500000089406967,0.08500000089406967,8000.0
2026-04-09 15:39:00,MAI.V,,6.340000152587891,6.340000152587891,6.340000152587891,6.340000152587891,200.0
2026-04-09 15:39:00,NFG.V,,2.9100000858306885,2.9100000858306885,2.9049999713897705,2.9049999713897705,12200.0
2026-04-09 15:39:00,OMG.V,,2.0299999713897705,2.0299999713897705,2.0299999713897705,2.0299999713897705,400.0
2026-04-09 15:39:00,QGR.V,,0.23499999940395355,0.23999999463558197,0.23499999940395355,0.23999999463558197,2000.0
2026-04-09 15:39:00,QNC.V,,3.380000114440918,3.380000114440918,3.380000114440918,3.380000114440918,1500.0
2026-04-09 15:39:00,RBX.V,,7.190000057220459,7.199999809265137,7.190000057220459,7.199999809265137,300.0
2026-04-09 15:39:00,RCK.V,,0.9700000286102295,0.9700000286102295,0.9700000286102295,0.9700000286102295,1600.0
2026-04-09 15:39:00,RDS.V,,0.8999999761581421,0.8999999761581421,0.8999999761581421,0.8999999761581421,2500.0
2026-04-09 15:39:00,SCZ.V,,11.170000076293945,11.170000076293945,11.170000076293945,11.170000076293945,100.0
2026-04-09 15:39:00,SGML.V,,18.950000762939453,18.979999542236328,18.950000762939453,18.979999542236328,800.0
2026-04-09 15:39:00,SLI.V,,4.659999847412109,4.659999847412109,4.659999847412109,4.659999847412109,1100.0
2026-04-09 15:39:00,SRR.V,,0.9900000095367432,0.9900000095367432,0.9900000095367432,0.9900000095367432,1500.0
2026-04-09 15:39:00,VIPR.V,,1.3200000524520874,1.3200000524520874,1.3200000524520874,1.3200000524520874,1500.0
2026-04-09 15:40:00,MAI.V,,6.320000171661377,6.329999923706055,6.320000171661377,6.329999923706055,500.0
2026-04-09 15:40:00,MUN.V,,0.4399999976158142,0.4399999976158142,0.4399999976158142,0.4399999976158142,1000.0
2026-04-09 15:40:00,NCX.V,,3.265000104904175,3.2699999809265137,3.265000104904175,3.2699999809265137,300.0
2026-04-09 15:40:00,NFG.V,,2.9000000953674316,2.9000000953674316,2.9000000953674316,2.9000000953674316,2400.0
2026-04-09 15:40:00,NIM.V,,0.9700000286102295,0.9700000286102295,0.9700000286102295,0.9700000286102295,500.0
2026-04-09 15:40:00,ODV.V,,4.539999961853027,4.550000190734863,4.539999961853027,4.550000190734863,2000.0
2026-04-09 15:40:00,OMG.V,,2.0199999809265137,2.0299999713897705,2.0199999809265137,2.0299999713897705,21902.0
2026-04-09 15:40:00,PNPN.V,,1.2000000476837158,1.2000000476837158,1.2000000476837158,1.2000000476837158,1500.0
2026-04-09 15:40:00,QGR.V,,0.23499999940395355,0.23499999940395355,0.23499999940395355,0.23499999940395355,11500.0
2026-04-09 15:40:00,RCK.V,,0.9800000190734863,0.9800000190734863,0.9800000190734863,0.9800000190734863,3500.0
2026-04-09 15:40:00,RDS.V,,0.8999999761581421,0.8999999761581421,0.8999999761581421,0.8999999761581421,1500.0
2026-04-09 15:40:00,RLYG.V,,0.6200000047683716,0.6200000047683716,0.6200000047683716,0.6200000047683716,3500.0
2026-04-09 15:40:00,SAGE.V,,0.1850000023841858,0.1850000023841858,0.1850000023841858,0.1850000023841858,10000.0
2026-04-09 15:40:00,SCD.V,,0.12999999523162842,0.12999999523162842,0.12999999523162842,0.12999999523162842,500.0
2026-04-09 15:40:00,SCZ.V,,11.15999984741211,11.170000076293945,11.15999984741211,11.170000076293945,1079.0
2026-04-09 15:40:00,SGML.V,,18.899999618530273,18.899999618530273,18.899999618530273,18.899999618530273,200.0
2026-04-09 15:40:00,SGO.V,,0.25,0.25,0.25,0.25,500.0
2026-04-09 15:40:00,VIPR.V,,1.309999942779541,1.309999942779541,1.309999942779541,1.309999942779541,100.0
2026-04-09 15:41:00,AGX.V,,0.7400000095367432,0.7400000095367432,0.7400000095367432,0.7400000095367432,500.0
2026-04-09 15:41:00,FEO.V,,0.8500000238418579,0.8500000238418579,0.8500000238418579,0.8500000238418579,2000.0
2026-04-09 15:41:00,MMY.V,,0.9800000190734863,0.9800000190734863,0.9800000190734863,0.9800000190734863,1000.0
2026-04-09 15:41:00,OCO.V,,0.4000000059604645,0.4000000059604645,0.4000000059604645,0.4000000059604645,500.0
2026-04-09 15:41:00,OMG.V,,2.0250000953674316,2.0250000953674316,2.0199999809265137,2.0199999809265137,1100.0
2026-04-09 15:41:00,QGR.V,,0.23999999463558197,0.23999999463558197,0.23999999463558197,0.23999999463558197,27144.0
2026-04-09 15:41:00,QNC.V,,3.380000114440918,3.380000114440918,3.380000114440918,3.380000114440918,301.0
2026-04-09 15:41:00,QTWO.V,,2.2850000858306885,2.2899999618530273,2.2850000858306885,2.2899999618530273,500.0
2026-04-09 15:41:00,RDS.V,,0.8999999761581421,0.8999999761581421,0.8999999761581421,0.8999999761581421,3500.0
2026-04-09 15:41:00,RET.V,,2.130000114440918,2.130000114440918,2.130000114440918,2.130000114440918,600.0
2026-04-09 15:41:00,SCZ.V,,11.15999984741211,11.15999984741211,11.15999984741211,11.15999984741211,100.0
2026-04-09 15:41:00,SGML.V,,18.940000534057617,18.940000534057617,18.940000534057617,18.940000534057617,300.0
2026-04-09 15:41:00,SLI.V,,4.659999847412109,4.659999847412109,4.659999847412109,4.659999847412109,1200.0
2026-04-09 15:41:00,SVRS.V,,0.48500001430511475,0.48500001430511475,0.48500001430511475,0.48500001430511475,24000.0
2026-04-09 15:41:00,VIPR.V,,1.2999999523162842,1.2999999523162842,1.2999999523162842,1.2999999523162842,4800.0
2026-04-09 15:42:00,MAI.V,,6.329999923706055,6.329999923706055,6.329999923706055,6.329999923706055,600.0
2026-04-09 15:42:00,NCX.V,,3.2799999713897705,3.2799999713897705,3.2699999809265137,3.2699999809265137,5373.0
2026-04-09 15:42:00,NFG.V,,2.9000000953674316,2.9000000953674316,2.9000000953674316,2.9000000953674316,7681.0
2026-04-09 15:42:00,NSCI.V,,0.12999999523162842,0.12999999523162842,0.12999999523162842,0.12999999523162842,6500.0
2026-04-09 15:42:00,OMG.V,,2.0199999809265137,2.0199999809265137,2.0199999809265137,2.0199999809265137,1400.0
2026-04-09 15:42:00,PLAN.V,,0.3199999928474426,0.3199999928474426,0.3199999928474426,0.3199999928474426,51500.0
2026-04-09 15:42:00,PPP.V,,1.2999999523162842,1.2999999523162842,1.2999999523162842,1.2999999523162842,100.0
2026-04-09 15:42:00,QGR.V,,0.23999999463558197,0.24500000476837158,0.23999999463558197,0.23999999463558197,2500.0
2026-04-09 15:42:00,QTWO.V,,2.2850000858306885,2.2850000858306885,2.2850000858306885,2.2850000858306885,100.0
2026-04-09 15:42:00,RBX.V,,7.179999828338623,7.179999828338623,7.179999828338623,7.179999828338623,700.0
2026-04-09 15:42:00,RDS.V,,0.8999999761581421,0.8999999761581421,0.8999999761581421,0.8999999761581421,3500.0
2026-04-09 15:42:00,RECO.V,,1.0800000429153442,1.0800000429153442,1.0800000429153442,1.0800000429153442,2200.0
2026-04-09 15:42:00,RML.V,,1.059999942779541,1.059999942779541,1.0499999523162842,1.0499999523162842,900.0
2026-04-09 15:42:00,RSM.V,,0.3199999928474426,0.3199999928474426,0.3199999928474426,0.3199999928474426,48000.0
2026-04-09 15:42:00,SCZ.V,,11.199999809265137,11.210000038146973,11.15999984741211,11.15999984741211,2700.0
2026-04-09 15:42:00,SLVR.V,,0.875,0.875,0.875,0.875,500.0
2026-04-09 15:42:00,VIPR.V,,1.2999999523162842,1.2999999523162842,1.2999999523162842,1.2999999523162842,1500.0
2026-04-09 15:43:00,MAI.V,,6.340000152587891,6.340000152587891,6.329999923706055,6.329999923706055,1632.0
2026-04-09 15:43:00,NCX.V,,3.2799999713897705,3.2799999713897705,3.2799999713897705,3.2799999713897705,100.0
2026-04-09 15:43:00,NFG.V,,2.9000000953674316,2.9000000953674316,2.9000000953674316,2.9000000953674316,100.0
2026-04-09 15:43:00,NIO.V,,0.27000001072883606,0.27000001072883606,0.27000001072883606,0.27000001072883606,2000.0
2026-04-09 15:43:00,NSCI.V,,0.12999999523162842,0.12999999523162842,0.12999999523162842,0.12999999523162842,4500.0
2026-04-09 15:43:00,OMG.V,,2.0199999809265137,2.0299999713897705,2.0199999809265137,2.0199999809265137,1700.0
2026-04-09 15:43:00,PNPN.V,,1.2100000381469727,1.2100000381469727,1.2000000476837158,1.2000000476837158,3335.0
2026-04-09 15:43:00,QGR.V,,0.23999999463558197,0.23999999463558197,0.23999999463558197,0.23999999463558197,12000.0
2026-04-09 15:43:00,RDS.V,,0.8999999761581421,0.8999999761581421,0.8999999761581421,0.8999999761581421,2000.0
2026-04-09 15:43:00,RMD.V,,0.14000000059604645,0.14000000059604645,0.14000000059604645,0.14000000059604645,5000.0
2026-04-09 15:43:00,SCZ.V,,11.210000038146973,11.210000038146973,11.199999809265137,11.199999809265137,457.0
2026-04-09 15:43:00,SGML.V,,19.049999237060547,19.049999237060547,19.040000915527344,19.040000915527344,1100.0
2026-04-09 15:43:00,SHL.V,,0.47999998927116394,0.47999998927116394,0.47999998927116394,0.47999998927116394,0.0
2026-04-09 15:43:00,STS.V,,0.12999999523162842,0.12999999523162842,0.12999999523162842,0.12999999523162842,0.0
2026-04-09 15:43:00,VIPR.V,,1.2999999523162842,1.2999999523162842,1.2999999523162842,1.2999999523162842,300.0
2026-04-09 15:44:00,NDA.V,,0.9399999976158142,0.9399999976158142,0.9399999976158142,0.9399999976158142,4000.0
2026-04-09 15:44:00,OCO.V,,0.4000000059604645,0.4000000059604645,0.4000000059604645,0.4000000059604645,500.0
2026-04-09 15:44:00,ODV.V,,4.559999942779541,4.559999942779541,4.559999942779541,4.559999942779541,100.0
2026-04-09 15:44:00,OMG.V,,2.0199999809265137,2.0299999713897705,2.0199999809265137,2.0199999809265137,1600.0
2026-04-09 15:44:00,PLSR.V,,1.9600000381469727,1.9800000190734863,1.9600000381469727,1.9700000286102295,4200.0
2026-04-09 15:44:00,QGR.V,,0.24500000476837158,0.24500000476837158,0.23999999463558197,0.23999999463558197,5000.0
2026-04-09 15:44:00,QNC.V,,3.390000104904175,3.390000104904175,3.375,3.380000114440918,2100.0
2026-04-09 15:44:00,RDS.V,,0.8899999856948853,0.8999999761581421,0.8899999856948853,0.8999999761581421,8000.0
2026-04-09 15:44:00,ROOF.V,,0.20499999821186066,0.20499999821186066,0.20499999821186066,0.20499999821186066,6000.0
2026-04-09 15:44:00,RVG.V,,0.8199999928474426,0.8199999928474426,0.8199999928474426,0.8199999928474426,1000.0
2026-04-09 15:44:00,RW.V,,0.3199999928474426,0.3199999928474426,0.3199999928474426,0.3199999928474426,3500.0
2026-04-09 15:44:00,SCZ.V,,11.15999984741211,11.180000305175781,11.15999984741211,11.180000305175781,300.0
2026-04-09 15:44:00,SGML.V,,19.040000915527344,19.040000915527344,19.040000915527344,19.040000915527344,200.0
2026-04-09 15:44:00,SHL.V,,0.47999998927116394,0.47999998927116394,0.47999998927116394,0.47999998927116394,111866.0
2026-04-09 15:44:00,SMN.V,,0.14000000059604645,0.14000000059604645,0.14000000059604645,0.14000000059604645,3000.0
2026-04-09 15:44:00,SOMA.V,,1.8200000524520874,1.8200000524520874,1.8200000524520874,1.8200000524520874,100.0
2026-04-09 15:44:00,SRR.V,,0.9800000190734863,0.9900000095367432,0.9800000190734863,0.9900000095367432,22400.0
2026-04-09 15:45:00,LITT.V,,0.4399999976158142,0.4399999976158142,0.4399999976158142,0.4399999976158142,2000.0
2026-04-09 15:45:00,NCX.V,,3.2799999713897705,3.2799999713897705,3.2799999713897705,3.2799999713897705,2046.0
2026-04-09 15:45:00,NICN.V,,0.11500000208616257,0.11500000208616257,0.11500000208616257,0.11500000208616257,500.0
2026-04-09 15:45:00,OMG.V,,2.0299999713897705,2.0299999713897705,2.0199999809265137,2.0199999809265137,2700.0
2026-04-09 15:45:00,PNPN.V,,1.2100000381469727,1.2100000381469727,1.2100000381469727,1.2100000381469727,7000.0
2026-04-09 15:45:00,RDS.V,,0.8999999761581421,0.8999999761581421,0.8999999761581421,0.8999999761581421,500.0
2026-04-09 15:45:00,RECO.V,,1.0700000524520874,1.0700000524520874,1.0700000524520874,1.0700000524520874,8600.0
2026-04-09 15:45:00,REX.V,,0.29499998688697815,0.29499998688697815,0.29499998688697815,0.29499998688697815,1000.0
2026-04-09 15:45:00,SCZ.V,,11.15999984741211,11.170000076293945,11.15999984741211,11.170000076293945,800.0
2026-04-09 15:45:00,SEND.V,,1.600000023841858,1.600000023841858,1.600000023841858,1.600000023841858,800.0
2026-04-09 15:45:00,SGML.V,,19.030000686645508,19.049999237060547,19.030000686645508,19.049999237060547,300.0
2026-04-09 15:45:00,SGN.V,,0.3400000035762787,0.3400000035762787,0.3400000035762787,0.3400000035762787,500.0
2026-04-09 15:45:00,SLG.V,,3.5999999046325684,3.5999999046325684,3.559999942779541,3.559999942779541,15800.0
2026-04-09 15:45:00,SOI.V,,0.2150000035762787,0.2150000035762787,0.2150000035762787,0.2150000035762787,18000.0
2026-04-09 15:45:00,SSV.V,,0.6000000238418579,0.6000000238418579,0.6000000238418579,0.6000000238418579,13000.0
2026-04-09 15:45:00,STUD.V,,0.35499998927116394,0.35499998927116394,0.35499998927116394,0.35499998927116394,2000.0
2026-04-09 15:45:00,SVE.V,,0.550000011920929,0.550000011920929,0.550000011920929,0.550000011920929,500.0
2026-04-09 15:46:00,AGX.V,,0.7400000095367432,0.7400000095367432,0.7400000095367432,0.7400000095367432,500.0
2026-04-09 15:46:00,GASX.V,,1.4500000476837158,1.4500000476837158,1.4500000476837158,1.4500000476837158,100.0
2026-04-09 15:46:00,MAI.V,,6.340000152587891,6.340000152587891,6.340000152587891,6.340000152587891,200.0
2026-04-09 15:46:00,MMY.V,,0.9850000143051147,0.9900000095367432,0.9800000190734863,0.9800000190734863,12000.0
2026-04-09 15:46:00,NAU.V,,1.850000023841858,1.850000023841858,1.850000023841858,1.850000023841858,200.0
2026-04-09 15:46:00,NCX.V,,3.2799999713897705,3.2799999713897705,3.2799999713897705,3.2799999713897705,100.0
2026-04-09 15:46:00,NOAL.V,,0.2150000035762787,0.2150000035762787,0.2150000035762787,0.2150000035762787,500.0
2026-04-09 15:46:00,ODV.V,,4.565000057220459,4.565000057220459,4.565000057220459,4.565000057220459,200.0
2026-04-09 15:46:00,OGN.V,,3.359999895095825,3.359999895095825,3.359999895095825,3.359999895095825,100.0
2026-04-09 15:46:00,OMG.V,,2.0299999713897705,2.0299999713897705,2.0199999809265137,2.0299999713897705,2600.0
2026-04-09 15:46:00,OTC.V,,0.4699999988079071,0.49000000953674316,0.4699999988079071,0.49000000953674316,7500.0
2026-04-09 15:46:00,PLSR.V,,1.9600000381469727,1.9700000286102295,1.9600000381469727,1.9700000286102295,2701.0
2026-04-09 15:46:00,PWM.V,,0.4099999964237213,0.41499999165534973,0.4050000011920929,0.4050000011920929,21500.0
2026-04-09 15:46:00,QGR.V,,0.24500000476837158,0.24500000476837158,0.24500000476837158,0.24500000476837158,3500.0
2026-04-09 15:46:00,QNC.V,,3.380000114440918,3.380000114440918,3.380000114440918,3.380000114440918,205.0
2026-04-09 15:46:00,QTWO.V,,2.2899999618530273,2.2899999618530273,2.2899999618530273,2.2899999618530273,900.0
2026-04-09 15:46:00,RBX.V,,7.199999809265137,7.199999809265137,7.199999809265137,7.199999809265137,100.0
2026-04-09 15:46:00,RDS.V,,0.8799999952316284,0.8899999856948853,0.8700000047683716,0.8899999856948853,86308.0
2026-04-09 15:46:00,SLG.V,,3.5999999046325684,3.5999999046325684,3.5999999046325684,3.5999999046325684,200.0
2026-04-09 15:46:00,SSV.V,,0.6000000238418579,0.6000000238418579,0.6000000238418579,0.6000000238418579,39500.0
2026-04-09 15:46:00,STRR.V,,0.5199999809265137,0.5199999809265137,0.5199999809265137,0.5199999809265137,500.0
2026-04-09 15:47:00,MAI.V,,6.340000152587891,6.340000152587891,6.340000152587891,6.340000152587891,600.0
2026-04-09 15:47:00,MCI.V,,0.26499998569488525,0.26499998569488525,0.26499998569488525,0.26499998569488525,1000.0
2026-04-09 15:47:00,MHUB.V,,0.6499999761581421,0.6499999761581421,0.6000000238418579,0.6000000238418579,47000.0
2026-04-09 15:47:00,MMY.V,,0.9850000143051147,0.9850000143051147,0.9850000143051147,0.9850000143051147,1500.0
2026-04-09 15:47:00,NAU.V,,1.850000023841858,1.850000023841858,1.850000023841858,1.850000023841858,100.0
2026-04-09 15:47:00,NCX.V,,3.2799999713897705,3.2799999713897705,3.2799999713897705,3.2799999713897705,600.0
2026-04-09 15:47:00,NFG.V,,2.9000000953674316,2.9000000953674316,2.9000000953674316,2.9000000953674316,100.0
2026-04-09 15:47:00,NIM.V,,0.9700000286102295,0.9700000286102295,0.9700000286102295,0.9700000286102295,500.0
2026-04-09 15:47:00,NWX.V,,0.1599999964237213,0.1599999964237213,0.1599999964237213,0.1599999964237213,7000.0
2026-04-09 15:47:00,OCO.V,,0.4000000059604645,0.4000000059604645,0.4000000059604645,0.4000000059604645,500.0
2026-04-09 15:47:00,OMG.V,,2.0250000953674316,2.0299999713897705,2.0199999809265137,2.0199999809265137,1300.0
2026-04-09 15:47:00,PLSR.V,,1.9600000381469727,1.9600000381469727,1.9600000381469727,1.9600000381469727,800.0
2026-04-09 15:47:00,PPP.V,,1.2999999523162842,1.2999999523162842,1.2999999523162842,1.2999999523162842,200.0
2026-04-09 15:47:00,PRG.V,,0.5899999737739563,0.5899999737739563,0.5899999737739563,0.5899999737739563,500.0
2026-04-09 15:47:00,PWM.V,,0.4099999964237213,0.4099999964237213,0.4099999964237213,0.4099999964237213,5000.0
2026-04-09 15:47:00,QGR.V,,0.24500000476837158,0.2475000023841858,0.24500000476837158,0.2475000023841858,1000.0
2026-04-09 15:47:00,QNC.V,,3.390000104904175,3.4000000953674316,3.380000114440918,3.390000104904175,17400.0
2026-04-09 15:47:00,RBX.V,,7.190000057220459,7.199999809265137,7.190000057220459,7.199999809265137,1200.0
2026-04-09 15:47:00,RSM.V,,0.3199999928474426,0.3199999928474426,0.3199999928474426,0.3199999928474426,30000.0
2026-04-09 15:47:00,SCZ.V,,11.15999984741211,11.15999984741211,11.15999984741211,11.15999984741211,300.0
2026-04-09 15:47:00,SGML.V,,19.030000686645508,19.030000686645508,19.030000686645508,19.030000686645508,500.0
2026-04-09 15:48:00,LITT.V,,0.4449999928474426,0.4449999928474426,0.4449999928474426,0.4449999928474426,10500.0
2026-04-09 15:48:00,MAI.V,,6.309999942779541,6.329999923706055,6.309999942779541,6.329999923706055,1800.0
2026-04-09 15:48:00,MGG.V,,0.3799999952316284,0.3824999928474426,0.3799999952316284,0.3824999928474426,4000.0
2026-04-09 15:48:00,MHUB.V,,0.6000000238418579,0.6499999761581421,0.6000000238418579,0.6499999761581421,31500.0
2026-04-09 15:48:00,MMY.V,,0.9800000190734863,0.9850000143051147,0.9800000190734863,0.9800000190734863,4000.0
2026-04-09 15:48:00,NCX.V,,3.2799999713897705,3.2799999713897705,3.2799999713897705,3.2799999713897705,200.0
2026-04-09 15:48:00,NEV.V,,0.029999999329447746,0.029999999329447746,0.029999999329447746,0.029999999329447746,1000.0
2026-04-09 15:48:00,NIO.V,,0.2750000059604645,0.2750000059604645,0.2750000059604645,0.2750000059604645,1000.0
2026-04-09 15:48:00,ODV.V,,4.559999942779541,4.559999942779541,4.559999942779541,4.559999942779541,400.0
2026-04-09 15:48:00,OMG.V,,2.0299999713897705,2.0299999713897705,2.0199999809265137,2.0250000953674316,2100.0
2026-04-09 15:48:00,PLAN.V,,0.3199999928474426,0.3199999928474426,0.3199999928474426,0.3199999928474426,30500.0
2026-04-09 15:48:00,QGR.V,,0.24500000476837158,0.24500000476837158,0.24500000476837158,0.24500000476837158,2000.0
2026-04-09 15:48:00,QNC.V,,3.4000000953674316,3.4000000953674316,3.4000000953674316,3.4000000953674316,5400.0
2026-04-09 15:48:00,QTWO.V,,2.2899999618530273,2.2899999618530273,2.2850000858306885,2.2850000858306885,5200.0
2026-04-09 15:48:00,RBX.V,,7.170000076293945,7.170000076293945,7.170000076293945,7.170000076293945,200.0
2026-04-09 15:48:00,REX.V,,0.29499998688697815,0.29750001430511475,0.29499998688697815,0.29750001430511475,20000.0
2026-04-09 15:48:00,SCD.V,,0.14000000059604645,0.14000000059604645,0.14000000059604645,0.14000000059604645,1899.0
2026-04-09 15:48:00,SCZ.V,,11.15999984741211,11.15999984741211,11.15999984741211,11.15999984741211,100.0
2026-04-09 15:48:00,SLG.V,,3.5899999141693115,3.5899999141693115,3.5899999141693115,3.5899999141693115,100.0
2026-04-09 15:48:00,SLVR.V,,0.8700000047683716,0.8700000047683716,0.8700000047683716,0.8700000047683716,4000.0
2026-04-09 15:48:00,SM.V,,1.8799999952316284,1.8799999952316284,1.8799999952316284,1.8799999952316284,10200.0
2026-04-09 15:48:00,SRR.V,,0.9800000190734863,0.9800000190734863,0.9800000190734863,0.9800000190734863,10000.0
2026-04-09 15:48:00,SVRS.V,,0.49000000953674316,0.49000000953674316,0.49000000953674316,0.49000000953674316,25000.0
2026-04-09 15:49:00,AGX.V,,0.7350000143051147,0.7350000143051147,0.7350000143051147,0.7350000143051147,500.0
2026-04-09 15:49:00,MAI.V,,6.309999942779541,6.320000171661377,6.309999942779541,6.320000171661377,1400.0
2026-04-09 15:49:00,MGG.V,,0.3799999952316284,0.3799999952316284,0.3799999952316284,0.3799999952316284,15000.0
2026-04-09 15:49:00,MMY.V,,0.9800000190734863,0.9850000143051147,0.9800000190734863,0.9850000143051147,1500.0
2026-04-09 15:49:00,NAU.V,,1.8300000429153442,1.8300000429153442,1.8300000429153442,1.8300000429153442,8500.0
2026-04-09 15:49:00,NCX.V,,3.2799999713897705,3.2799999713897705,3.2799999713897705,3.2799999713897705,100.0
2026-04-09 15:49:00,NEXE.V,,0.13500000536441803,0.13500000536441803,0.13500000536441803,0.13500000536441803,25000.0
2026-04-09 15:49:00,NOW.V,,0.22499999403953552,0.22499999403953552,0.22499999403953552,0.22499999403953552,35000.0
2026-04-09 15:49:00,OCO.V,,0.4000000059604645,0.4000000059604645,0.4000000059604645,0.4000000059604645,500.0
2026-04-09 15:49:00,ODV.V,,4.559999942779541,4.559999942779541,4.559999942779541,4.559999942779541,1200.0
2026-04-09 15:49:00,OMG.V,,2.0299999713897705,2.0299999713897705,2.0250000953674316,2.0250000953674316,2900.0
2026-04-09 15:49:00,ONYX.V,,1.2100000381469727,1.2100000381469727,1.2100000381469727,1.2100000381469727,700.0
2026-04-09 15:49:00,PGE.V,,0.3100000023841858,0.3149999976158142,0.3100000023841858,0.3149999976158142,31000.0
2026-04-09 15:49:00,PINK.V,,0.35499998927116394,0.35499998927116394,0.3449999988079071,0.3449999988079071,25000.0
2026-04-09 15:49:00,QNC.V,,3.4100000858306885,3.4100000858306885,3.4000000953674316,3.4000000953674316,5720.0
2026-04-09 15:49:00,RDS.V,,0.8899999856948853,0.8899999856948853,0.8849999904632568,0.8849999904632568,1500.0
2026-04-09 15:49:00,REX.V,,0.29499998688697815,0.29499998688697815,0.29499998688697815,0.29499998688697815,3000.0
2026-04-09 15:49:00,SAO.V,,0.08500000089406967,0.08500000089406967,0.08500000089406967,0.08500000089406967,25000.0
2026-04-09 15:49:00,SCZ.V,,11.149999618530273,11.149999618530273,11.149999618530273,11.149999618530273,900.0
2026-04-09 15:49:00,SEI.V,,0.5799999833106995,0.5799999833106995,0.5799999833106995,0.5799999833106995,500.0
2026-04-09 15:49:00,SGN.V,,0.3400000035762787,0.3400000035762787,0.3400000035762787,0.3400000035762787,2000.0
2026-04-09 15:49:00,SLVR.V,,0.8600000143051147,0.8700000047683716,0.8600000143051147,0.8700000047683716,33000.0
2026-04-09 15:49:00,SOMA.V,,1.8200000524520874,1.8200000524520874,1.8200000524520874,1.8200000524520874,100.0
2026-04-09 15:50:00,MAI.V,,6.309999942779541,6.309999942779541,6.309999942779541,6.309999942779541,1300.0
2026-04-09 15:50:00,NAU.V,,1.8200000524520874,1.8200000524520874,1.809999942779541,1.8200000524520874,39350.0
2026-04-09 15:50:00,NCX.V,,3.2799999713897705,3.2799999713897705,3.2799999713897705,3.2799999713897705,1000.0
2026-04-09 15:50:00,OMG.V,,2.0250000953674316,2.0299999713897705,2.0250000953674316,2.0250000953674316,2800.0
2026-04-09 15:50:00,QNC.V,,3.4100000858306885,3.4100000858306885,3.4100000858306885,3.4100000858306885,100.0
2026-04-09 15:50:00,RDS.V,,0.8899999856948853,0.8899999856948853,0.8849999904632568,0.8899999856948853,2500.0
2026-04-09 15:50:00,SBIO.V,,0.25,0.25,0.25,0.25,1025.0
2026-04-09 15:50:00,SCZ.V,,11.180000305175781,11.199999809265137,11.15999984741211,11.170000076293945,4100.0
2026-04-09 15:50:00,SGML.V,,19.030000686645508,19.030000686645508,19.020000457763672,19.020000457763672,758.0
2026-04-09 15:50:00,SLVR.V,,0.8700000047683716,0.8700000047683716,0.8700000047683716,0.8700000047683716,7244.0
2026-04-09 15:50:00,SVRS.V,,0.49000000953674316,0.4950000047683716,0.49000000953674316,0.4950000047683716,35500.0
2026-04-09 15:51:00,AGX.V,,0.7400000095367432,0.7400000095367432,0.7400000095367432,0.7400000095367432,500.0
2026-04-09 15:51:00,NAU.V,,1.8300000429153442,1.8300000429153442,1.8300000429153442,1.8300000429153442,3000.0
2026-04-09 15:51:00,NFG.V,,2.9000000953674316,2.9000000953674316,2.9000000953674316,2.9000000953674316,1000.0
2026-04-09 15:51:00,NICN.V,,0.11500000208616257,0.11500000208616257,0.11500000208616257,0.11500000208616257,6000.0
2026-04-09 15:51:00,ODV.V,,4.539999961853027,4.550000190734863,4.539999961853027,4.550000190734863,800.0
2026-04-09 15:51:00,OGN.V,,3.3499999046325684,3.3499999046325684,3.3499999046325684,3.3499999046325684,100.0
2026-04-09 15:51:00,OMG.V,,2.0299999713897705,2.0299999713897705,2.0299999713897705,2.0299999713897705,9800.0
2026-04-09 15:51:00,PINK.V,,0.35499998927116394,0.35499998927116394,0.35499998927116394,0.35499998927116394,3500.0
2026-04-09 15:51:00,PLSR.V,,1.9600000381469727,1.965000033378601,1.9600000381469727,1.965000033378601,700.0
2026-04-09 15:51:00,QNC.V,,3.4100000858306885,3.4100000858306885,3.4100000858306885,3.4100000858306885,900.0
2026-04-09 15:51:00,QTWO.V,,2.2950000762939453,2.2950000762939453,2.2950000762939453,2.2950000762939453,100.0
2026-04-09 15:51:00,RBX.V,,7.190000057220459,7.190000057220459,7.190000057220459,7.190000057220459,200.0
2026-04-09 15:51:00,RDS.V,,0.8899999856948853,0.8899999856948853,0.8899999856948853,0.8899999856948853,3000.0
2026-04-09 15:51:00,SCZ.V,,11.170000076293945,11.180000305175781,11.170000076293945,11.180000305175781,700.0
2026-04-09 15:51:00,SGML.V,,19.010000228881836,19.010000228881836,19.010000228881836,19.010000228881836,400.0
2026-04-09 15:51:00,SLG.V,,3.575000047683716,3.575000047683716,3.575000047683716,3.575000047683716,800.0
2026-04-09 15:51:00,STRR.V,,0.5199999809265137,0.5199999809265137,0.5199999809265137,0.5199999809265137,500.0
2026-04-09 15:51:00,VIPR.V,,1.2999999523162842,1.2999999523162842,1.2999999523162842,1.2999999523162842,4000.0
2026-04-09 15:52:00,GASX.V,,1.4500000476837158,1.4500000476837158,1.4500000476837158,1.4500000476837158,100.0
2026-04-09 15:52:00,MHUB.V,,0.6299999952316284,0.6299999952316284,0.6299999952316284,0.6299999952316284,2500.0
2026-04-09 15:52:00,NCX.V,,3.2799999713897705,3.2799999713897705,3.2799999713897705,3.2799999713897705,300.0
2026-04-09 15:52:00,NFG.V,,2.9000000953674316,2.9049999713897705,2.9000000953674316,2.9000000953674316,4600.0
2026-04-09 15:52:00,ODV.V,,4.550000190734863,4.550000190734863,4.550000190734863,4.550000190734863,400.0
2026-04-09 15:52:00,OMG.V,,2.0299999713897705,2.0350000858306885,2.0299999713897705,2.0299999713897705,15300.0
2026-04-09 15:52:00,PUR.V,,0.6499999761581421,0.6499999761581421,0.6499999761581421,0.6499999761581421,1000.0
2026-04-09 15:52:00,QNC.V,,3.4100000858306885,3.4100000858306885,3.4100000858306885,3.4100000858306885,1800.0
2026-04-09 15:52:00,RBX.V,,7.190000057220459,7.190000057220459,7.190000057220459,7.190000057220459,100.0
2026-04-09 15:52:00,RCT.V,,0.16500000655651093,0.16500000655651093,0.16500000655651093,0.16500000655651093,3000.0
2026-04-09 15:52:00,RDS.V,,0.8899999856948853,0.8899999856948853,0.8899999856948853,0.8899999856948853,4500.0
2026-04-09 15:52:00,RLYG.V,,0.6000000238418579,0.6000000238418579,0.6000000238418579,0.6000000238418579,3500.0
2026-04-09 15:52:00,RML.V,,1.0499999523162842,1.0499999523162842,1.0499999523162842,1.0499999523162842,200.0
2026-04-09 15:52:00,RRM-H.V,,0.02500000037252903,0.02500000037252903,0.02500000037252903,0.02500000037252903,1000.0
2026-04-09 15:52:00,SCZ.V,,11.180000305175781,11.180000305175781,11.180000305175781,11.180000305175781,400.0
2026-04-09 15:52:00,SGML.V,,19.049999237060547,19.049999237060547,19.049999237060547,19.049999237060547,100.0
2026-04-09 15:52:00,SLG.V,,3.575000047683716,3.575000047683716,3.575000047683716,3.575000047683716,100.0
2026-04-09 15:52:00,SLI.V,,4.659999847412109,4.659999847412109,4.659999847412109,4.659999847412109,1500.0
2026-04-09 15:52:00,STRR.V,,0.5199999809265137,0.5199999809265137,0.5199999809265137,0.5199999809265137,500.0
2026-04-09 15:52:00,SVRS.V,,0.49000000953674316,0.49000000953674316,0.49000000953674316,0.49000000953674316,10500.0
2026-04-09 15:53:00,AGX.V,,0.7400000095367432,0.7400000095367432,0.7400000095367432,0.7400000095367432,500.0
2026-04-09 15:53:00,GASX.V,,1.440000057220459,1.440000057220459,1.4299999475479126,1.440000057220459,27300.0
2026-04-09 15:53:00,MGG.V,,0.38499999046325684,0.38499999046325684,0.38499999046325684,0.38499999046325684,500.0
2026-04-09 15:53:00,MMY.V,,0.9850000143051147,0.9900000095367432,0.9800000190734863,0.9800000190734863,8500.0
2026-04-09 15:53:00,MOX.V,,0.2150000035762787,0.2150000035762787,0.2150000035762787,0.2150000035762787,5000.0
2026-04-09 15:53:00,NCX.V,,3.2799999713897705,3.2799999713897705,3.2799999713897705,3.2799999713897705,700.0
2026-04-09 15:53:00,NFG.V,,2.9000000953674316,2.9049999713897705,2.9000000953674316,2.9000000953674316,1700.0
2026-04-09 15:53:00,ODV.V,,4.550000190734863,4.550000190734863,4.550000190734863,4.550000190734863,200.0
2026-04-09 15:53:00,OMG.V,,2.0299999713897705,2.0299999713897705,2.0250000953674316,2.0250000953674316,1400.0
2026-04-09 15:53:00,ONYX.V,,1.190000057220459,1.190000057220459,1.190000057220459,1.190000057220459,100.0
2026-04-09 15:53:00,PGE.V,,0.3149999976158142,0.3149999976158142,0.3149999976158142,0.3149999976158142,2500.0
2026-04-09 15:53:00,PLAN.V,,0.3199999928474426,0.3199999928474426,0.3199999928474426,0.3199999928474426,10000.0
2026-04-09 15:53:00,PLSR.V,,1.9700000286102295,1.9700000286102295,1.9700000286102295,1.9700000286102295,2600.0
2026-04-09 15:53:00,PWM.V,,0.4099999964237213,0.4099999964237213,0.4050000011920929,0.4050000011920929,7500.0
2026-04-09 15:53:00,QGR.V,,0.25,0.25,0.25,0.25,5000.0
2026-04-09 15:53:00,QNC.V,,3.4100000858306885,3.4100000858306885,3.4100000858306885,3.4100000858306885,100.0
2026-04-09 15:53:00,QTWO.V,,2.2899999618530273,2.2899999618530273,2.2899999618530273,2.2899999618530273,1200.0
2026-04-09 15:53:00,RBX.V,,7.170000076293945,7.195000171661377,7.170000076293945,7.195000171661377,200.0
2026-04-09 15:53:00,RDS.V,,0.8899999856948853,0.8899999856948853,0.8899999856948853,0.8899999856948853,3500.0
2026-04-09 15:53:00,RET.V,,2.130000114440918,2.130000114440918,2.130000114440918,2.130000114440918,200.0
2026-04-09 15:53:00,SAGE.V,,0.1850000023841858,0.1850000023841858,0.1850000023841858,0.1850000023841858,41500.0
2026-04-09 15:53:00,SCZ.V,,11.170000076293945,11.170000076293945,11.170000076293945,11.170000076293945,100.0
2026-04-09 15:53:00,SLI.V,,4.659999847412109,4.659999847412109,4.650000095367432,4.659999847412109,2500.0
2026-04-09 15:53:00,SOLR.V,,0.014999999664723873,0.014999999664723873,0.014999999664723873,0.014999999664723873,26000.0
2026-04-09 15:53:00,SVRS.V,,0.49000000953674316,0.49000000953674316,0.49000000953674316,0.49000000953674316,67000.0
2026-04-09 15:54:00,AGX.V,,0.7300000190734863,0.7400000095367432,0.7300000190734863,0.7400000095367432,2500.0
2026-04-09 15:54:00,GASX.V,,1.440000057220459,1.4500000476837158,1.440000057220459,1.4500000476837158,1200.0
2026-04-09 15:54:00,MAI.V,,6.309999942779541,6.309999942779541,6.300000190734863,6.300000190734863,600.0
2026-04-09 15:54:00,MMY.V,,0.9850000143051147,0.9850000143051147,0.9800000190734863,0.9800000190734863,4500.0
2026-04-09 15:54:00,NCX.V,,3.2799999713897705,3.2799999713897705,3.2799999713897705,3.2799999713897705,200.0
2026-04-09 15:54:00,NFG.V,,2.9000000953674316,2.9000000953674316,2.9000000953674316,2.9000000953674316,1600.0
2026-04-09 15:54:00,NIM.V,,0.9700000286102295,0.9700000286102295,0.9700000286102295,0.9700000286102295,500.0
2026-04-09 15:54:00,OGN.V,,3.3499999046325684,3.3499999046325684,3.3499999046325684,3.3499999046325684,100.0
2026-04-09 15:54:00,OMG.V,,2.0299999713897705,2.0299999713897705,2.0299999713897705,2.0299999713897705,7600.0
2026-04-09 15:54:00,OMI.V,,0.3499999940395355,0.3499999940395355,0.3499999940395355,0.3499999940395355,72000.0
2026-04-09 15:54:00,ONYX.V,,1.190000057220459,1.190000057220459,1.190000057220459,1.190000057220459,1100.0
2026-04-09 15:54:00,PHNM.V,,0.36000001430511475,0.36000001430511475,0.36000001430511475,0.36000001430511475,9500.0
2026-04-09 15:54:00,PLSR.V,,1.9800000190734863,1.9800000190734863,1.9800000190734863,1.9800000190734863,200.0
2026-04-09 15:54:00,PNPN.V,,1.2050000429153442,1.2050000429153442,1.2050000429153442,1.2050000429153442,200.0
2026-04-09 15:54:00,PPP.V,,1.2999999523162842,1.2999999523162842,1.2999999523162842,1.2999999523162842,100.0
2026-04-09 15:54:00,QGR.V,,0.25,0.25,0.25,0.25,500.0
2026-04-09 15:54:00,QNC.V,,3.4100000858306885,3.4100000858306885,3.390000104904175,3.390000104904175,1400.0
2026-04-09 15:54:00,QTWO.V,,2.2750000953674316,2.2799999713897705,2.2750000953674316,2.2799999713897705,5201.0
2026-04-09 15:54:00,RDS.V,,0.8899999856948853,0.8899999856948853,0.8799999952316284,0.8899999856948853,10500.0
2026-04-09 15:54:00,RML.V,,1.0499999523162842,1.0499999523162842,1.0499999523162842,1.0499999523162842,50100.0
2026-04-09 15:54:00,SCZ.V,,11.180000305175781,11.1899995803833,11.170000076293945,11.180000305175781,3500.0
2026-04-09 15:54:00,SLG.V,,3.5999999046325684,3.5999999046325684,3.569999933242798,3.569999933242798,1300.0
2026-04-09 15:54:00,SLVR.V,,0.8799999952316284,0.8799999952316284,0.8799999952316284,0.8799999952316284,10000.0
2026-04-09 15:54:00,VIPR.V,,1.2999999523162842,1.2999999523162842,1.2999999523162842,1.2999999523162842,100.0
2026-04-09 15:55:00,AGX.V,,0.7400000095367432,0.7400000095367432,0.7400000095367432,0.7400000095367432,500.0
2026-04-09 15:55:00,FEO.V,,0.8500000238418579,0.8500000238418579,0.8500000238418579,0.8500000238418579,2000.0
2026-04-09 15:55:00,LITT.V,,0.44999998807907104,0.44999998807907104,0.44999998807907104,0.44999998807907104,1010.0
2026-04-09 15:55:00,MAI.V,,6.309999942779541,6.309999942779541,6.309999942779541,6.309999942779541,200.0
2026-04-09 15:55:00,NCAU.V,,0.6399999856948853,0.6499999761581421,0.6399999856948853,0.6499999761581421,27500.0
2026-04-09 15:55:00,NCX.V,,3.2850000858306885,3.2850000858306885,3.2799999713897705,3.2799999713897705,3700.0
2026-04-09 15:55:00,NFG.V,,2.9000000953674316,2.9000000953674316,2.9000000953674316,2.9000000953674316,2700.0
2026-04-09 15:55:00,ODV.V,,4.559999942779541,4.559999942779541,4.550000190734863,4.550000190734863,600.0
2026-04-09 15:55:00,OMG.V,,2.0299999713897705,2.0350000858306885,2.0299999713897705,2.0299999713897705,9000.0
2026-04-09 15:55:00,ONYX.V,,1.190000057220459,1.190000057220459,1.190000057220459,1.190000057220459,1200.0
2026-04-09 15:55:00,PEX.V,,0.18000000715255737,0.18000000715255737,0.18000000715255737,0.18000000715255737,15000.0
2026-04-09 15:55:00,PGLD.V,,0.7200000286102295,0.7200000286102295,0.7200000286102295,0.7200000286102295,11000.0
2026-04-09 15:55:00,PLAN.V,,0.3199999928474426,0.3199999928474426,0.3199999928474426,0.3199999928474426,1500.0
2026-04-09 15:55:00,PLSR.V,,1.9800000190734863,1.9800000190734863,1.9800000190734863,1.9800000190734863,4652.0
2026-04-09 15:55:00,PML.V,,0.949999988079071,0.949999988079071,0.9300000071525574,0.9300000071525574,4500.0
2026-04-09 15:55:00,PPP.V,,1.2999999523162842,1.2999999523162842,1.2999999523162842,1.2999999523162842,100.0
2026-04-09 15:55:00,QGR.V,,0.25,0.25,0.25,0.25,6000.0
2026-04-09 15:55:00,QNC.V,,3.4100000858306885,3.4100000858306885,3.4100000858306885,3.4100000858306885,100.0
2026-04-09 15:55:00,RDS.V,,0.8899999856948853,0.8899999856948853,0.8799999952316284,0.8899999856948853,5500.0
2026-04-09 15:55:00,RECO.V,,1.0700000524520874,1.0700000524520874,1.0700000524520874,1.0700000524520874,300.0
2026-04-09 15:55:00,RKV.V,,0.10499999672174454,0.10499999672174454,0.10499999672174454,0.10499999672174454,1500.0
2026-04-09 15:55:00,RLYG.V,,0.6000000238418579,0.6000000238418579,0.6000000238418579,0.6000000238418579,1500.0
2026-04-09 15:55:00,RML.V,,1.0499999523162842,1.0499999523162842,1.0499999523162842,1.0499999523162842,800.0
2026-04-09 15:55:00,SCZ.V,,11.170000076293945,11.180000305175781,11.170000076293945,11.180000305175781,1366.0
2026-04-09 15:55:00,SEI.V,,0.5799999833106995,0.5799999833106995,0.5799999833106995,0.5799999833106995,5000.0
2026-04-09 15:55:00,SGML.V,,18.959999084472656,19.040000915527344,18.959999084472656,19.040000915527344,2801.0
2026-04-09 15:55:00,SKP.V,,0.1850000023841858,0.1850000023841858,0.1850000023841858,0.1850000023841858,71000.0
2026-04-09 15:55:00,SLG.V,,3.5999999046325684,3.5999999046325684,3.5999999046325684,3.5999999046325684,1200.0
2026-04-09 15:55:00,SLI.V,,4.659999847412109,4.659999847412109,4.659999847412109,4.659999847412109,1800.0
2026-04-09 15:55:00,SLVR.V,,0.875,0.875,0.875,0.875,500.0
2026-04-09 15:55:00,SVE.V,,0.5450000166893005,0.5450000166893005,0.5400000214576721,0.5400000214576721,10500.0
2026-04-09 15:55:00,SVRS.V,,0.48500001430511475,0.49000000953674316,0.48500001430511475,0.49000000953674316,17500.0
2026-04-09 15:55:00,SWLF.V,,0.15000000596046448,0.15000000596046448,0.15000000596046448,0.15000000596046448,8000.0
2026-04-09 15:55:00,VIPR.V,,1.2999999523162842,1.2999999523162842,1.2999999523162842,1.2999999523162842,2000.0
2026-04-09 15:56:00,AGX.V,,0.7400000095367432,0.7400000095367432,0.7400000095367432,0.7400000095367432,500.0
2026-04-09 15:56:00,GASX.V,,1.440000057220459,1.440000057220459,1.440000057220459,1.440000057220459,500.0
2026-04-09 15:56:00,MAI.V,,6.300000190734863,6.300000190734863,6.300000190734863,6.300000190734863,100.0
2026-04-09 15:56:00,MGG.V,,0.38999998569488525,0.38999998569488525,0.38999998569488525,0.38999998569488525,35602.0
2026-04-09 15:56:00,MMY.V,,0.9850000143051147,0.9850000143051147,0.9850000143051147,0.9850000143051147,500.0
2026-04-09 15:56:00,NCAU.V,,0.6399999856948853,0.6399999856948853,0.6399999856948853,0.6399999856948853,6000.0
2026-04-09 15:56:00,NCX.V,,3.2699999809265137,3.2799999713897705,3.2699999809265137,3.2799999713897705,4900.0
2026-04-09 15:56:00,NFG.V,,2.9000000953674316,2.9000000953674316,2.9000000953674316,2.9000000953674316,4700.0
2026-04-09 15:56:00,NPR.V,,0.8299999833106995,0.8299999833106995,0.8299999833106995,0.8299999833106995,3500.0
2026-04-09 15:56:00,OCO.V,,0.4000000059604645,0.4000000059604645,0.4000000059604645,0.4000000059604645,500.0
2026-04-09 15:56:00,ODV.V,,4.550000190734863,4.550000190734863,4.550000190734863,4.550000190734863,400.0
2026-04-09 15:56:00,OMG.V,,2.0299999713897705,2.0299999713897705,2.0299999713897705,2.0299999713897705,1100.0
2026-04-09 15:56:00,ONYX.V,,1.190000057220459,1.190000057220459,1.190000057220459,1.190000057220459,100.0
2026-04-09 15:56:00,OTC.V,,0.49000000953674316,0.49000000953674316,0.47999998927116394,0.47999998927116394,4500.0
2026-04-09 15:56:00,PEX.V,,0.18000000715255737,0.18000000715255737,0.18000000715255737,0.18000000715255737,2500.0
2026-04-09 15:56:00,PGLD.V,,0.7200000286102295,0.7200000286102295,0.7099999785423279,0.7200000286102295,13000.0
2026-04-09 15:56:00,PHNM.V,,0.3700000047683716,0.3700000047683716,0.3700000047683716,0.3700000047683716,500.0
2026-04-09 15:56:00,PLSR.V,,1.9800000190734863,1.9800000190734863,1.9800000190734863,1.9800000190734863,2900.0
2026-04-09 15:56:00,PPP.V,,1.2999999523162842,1.2999999523162842,1.2999999523162842,1.2999999523162842,300.0
2026-04-09 15:56:00,PUMA.V,,0.15000000596046448,0.15000000596046448,0.15000000596046448,0.15000000596046448,12000.0
2026-04-09 15:56:00,QNC.V,,3.4100000858306885,3.4100000858306885,3.4100000858306885,3.4100000858306885,2500.0
2026-04-09 15:56:00,RAK.V,,0.1599999964237213,0.1599999964237213,0.1599999964237213,0.1599999964237213,40000.0
2026-04-09 15:56:00,RDS.V,,0.8899999856948853,0.8899999856948853,0.8899999856948853,0.8899999856948853,5500.0
2026-04-09 15:56:00,ROCK.V,,2.6700000762939453,2.6700000762939453,2.6700000762939453,2.6700000762939453,100.0
2026-04-09 15:56:00,RYR.V,,0.20000000298023224,0.20000000298023224,0.20000000298023224,0.20000000298023224,24000.0
2026-04-09 15:56:00,RZL.V,,0.44999998807907104,0.44999998807907104,0.44999998807907104,0.44999998807907104,4500.0
2026-04-09 15:56:00,SCZ.V,,11.170000076293945,11.180000305175781,11.170000076293945,11.180000305175781,1300.0
2026-04-09 15:56:00,SGML.V,,18.979999542236328,18.979999542236328,18.979999542236328,18.979999542236328,100.0
2026-04-09 15:56:00,SLG.V,,3.5999999046325684,3.5999999046325684,3.5999999046325684,3.5999999046325684,5200.0
2026-04-09 15:56:00,SLI.V,,4.659999847412109,4.659999847412109,4.650000095367432,4.650000095367432,2200.0
2026-04-09 15:56:00,SLVR.V,,0.8799999952316284,0.8799999952316284,0.8799999952316284,0.8799999952316284,950.0
2026-04-09 15:56:00,SVRS.V,,0.48500001430511475,0.48500001430511475,0.48500001430511475,0.48500001430511475,5000.0
2026-04-09 15:57:00,AGX.V,,0.7400000095367432,0.7400000095367432,0.7400000095367432,0.7400000095367432,500.0
2026-04-09 15:57:00,LITT.V,,0.44999998807907104,0.46000000834465027,0.44999998807907104,0.46000000834465027,28000.0
2026-04-09 15:57:00,MAI.V,,6.309999942779541,6.309999942779541,6.309999942779541,6.309999942779541,400.0
2026-04-09 15:57:00,NCX.V,,3.265000104904175,3.265000104904175,3.265000104904175,3.265000104904175,150.0
2026-04-09 15:57:00,NFG.V,,2.9000000953674316,2.9000000953674316,2.9000000953674316,2.9000000953674316,100.0
2026-04-09 15:57:00,NRM.V,,0.16500000655651093,0.16500000655651093,0.16500000655651093,0.16500000655651093,3000.0
2026-04-09 15:57:00,OC.V,,0.10000000149011612,0.10000000149011612,0.10000000149011612,0.10000000149011612,4500.0
2026-04-09 15:57:00,OCO.V,,0.4000000059604645,0.4000000059604645,0.4000000059604645,0.4000000059604645,500.0
2026-04-09 15:57:00,OGN.V,,3.309999942779541,3.3499999046325684,3.309999942779541,3.3499999046325684,800.0
2026-04-09 15:57:00,OMG.V,,2.0250000953674316,2.0299999713897705,2.0250000953674316,2.0299999713897705,1300.0
2026-04-09 15:57:00,PEX.V,,0.18000000715255737,0.18000000715255737,0.18000000715255737,0.18000000715255737,800.0
2026-04-09 15:57:00,PGE.V,,0.3149999976158142,0.3149999976158142,0.3149999976158142,0.3149999976158142,2000.0
2026-04-09 15:57:00,PLSR.V,,1.9900000095367432,1.9900000095367432,1.9800000190734863,1.9800000190734863,5400.0
2026-04-09 15:57:00,PNPN.V,,1.2050000429153442,1.2100000381469727,1.2050000429153442,1.2100000381469727,4600.0
2026-04-09 15:57:00,PPP.V,,1.2999999523162842,1.2999999523162842,1.2999999523162842,1.2999999523162842,500.0
2026-04-09 15:57:00,QNC.V,,3.4200000762939453,3.4200000762939453,3.4200000762939453,3.4200000762939453,2400.0
2026-04-09 15:57:00,QTWO.V,,2.2699999809265137,2.2699999809265137,2.2699999809265137,2.2699999809265137,1400.0
2026-04-09 15:57:00,RBX.V,,7.190000057220459,7.190000057220459,7.190000057220459,7.190000057220459,100.0
2026-04-09 15:57:00,RDS.V,,0.8899999856948853,0.8899999856948853,0.8799999952316284,0.8899999856948853,5000.0
2026-04-09 15:57:00,RECO.V,,1.0700000524520874,1.0700000524520874,1.059999942779541,1.0700000524520874,39600.0
2026-04-09 15:57:00,RET-A.V,,1.850000023841858,1.8650000095367432,1.850000023841858,1.8650000095367432,12800.0
2026-04-09 15:57:00,RML.V,,1.0499999523162842,1.0499999523162842,1.0499999523162842,1.0499999523162842,100.0
2026-04-09 15:57:00,ROCK.V,,2.700000047683716,2.700000047683716,2.700000047683716,2.700000047683716,600.0
2026-04-09 15:57:00,ROK.V,,0.27000001072883606,0.27000001072883606,0.27000001072883606,0.27000001072883606,9000.0
2026-04-09 15:57:00,ROMJ.V,,0.5099999904632568,0.5099999904632568,0.5099999904632568,0.5099999904632568,1000.0
2026-04-09 15:57:00,SBIO.V,,0.23999999463558197,0.23999999463558197,0.23999999463558197,0.23999999463558197,1000.0
2026-04-09 15:57:00,SCZ.V,,11.180000305175781,11.1899995803833,11.180000305175781,11.180000305175781,2200.0
2026-04-09 15:57:00,SEI.V,,0.5899999737739563,0.5899999737739563,0.5799999833106995,0.5799999833106995,62500.0
2026-04-09 15:57:00,SGML.V,,18.979999542236328,18.979999542236328,18.979999542236328,18.979999542236328,900.0
2026-04-09 15:57:00,SLG.V,,3.619999885559082,3.619999885559082,3.5999999046325684,3.5999999046325684,5700.0
2026-04-09 15:57:00,SOU.V,,0.06499999761581421,0.06499999761581421,0.06499999761581421,0.06499999761581421,9000.0
2026-04-09 15:57:00,SVRS.V,,0.48500001430511475,0.48500001430511475,0.47999998927116394,0.47999998927116394,21800.0
2026-04-09 15:57:00,VIPR.V,,1.2999999523162842,1.2999999523162842,1.2999999523162842,1.2999999523162842,200.0
2026-04-09 15:58:00,MAI.V,,6.309999942779541,6.309999942779541,6.300000190734863,6.309999942779541,573.0
2026-04-09 15:58:00,NDA.V,,0.949999988079071,0.949999988079071,0.949999988079071,0.949999988079071,3000.0
2026-04-09 15:58:00,NEV.V,,0.029999999329447746,0.029999999329447746,0.029999999329447746,0.029999999329447746,1000.0
2026-04-09 15:58:00,NFG.V,,2.890000104904175,2.890000104904175,2.890000104904175,2.890000104904175,1700.0
2026-04-09 15:58:00,NIM.V,,0.9599999785423279,0.9599999785423279,0.9599999785423279,0.9599999785423279,3500.0
2026-04-09 15:58:00,NSE.V,,0.5799999833106995,0.5799999833106995,0.5799999833106995,0.5799999833106995,2000.0
2026-04-09 15:58:00,OMG.V,,2.0299999713897705,2.0299999713897705,2.0250000953674316,2.0250000953674316,1900.0
2026-04-09 15:58:00,ONYX.V,,1.1799999475479126,1.1799999475479126,1.1799999475479126,1.1799999475479126,2400.0
2026-04-09 15:58:00,PGLD.V,,0.7099999785423279,0.7200000286102295,0.7099999785423279,0.7200000286102295,30000.0
2026-04-09 15:58:00,PLSR.V,,1.9900000095367432,1.9900000095367432,1.9900000095367432,1.9900000095367432,3400.0
2026-04-09 15:58:00,PNPN.V,,1.2000000476837158,1.2000000476837158,1.2000000476837158,1.2000000476837158,291.0
2026-04-09 15:58:00,PPP.V,,1.2999999523162842,1.2999999523162842,1.2999999523162842,1.2999999523162842,100.0
2026-04-09 15:58:00,PRG.V,,0.5899999737739563,0.5899999737739563,0.5899999737739563,0.5899999737739563,500.0
2026-04-09 15:58:00,QGR.V,,0.25,0.25,0.25,0.25,500.0
2026-04-09 15:58:00,QNC.V,,3.430000066757202,3.430000066757202,3.4200000762939453,3.4200000762939453,10500.0
2026-04-09 15:58:00,QTWO.V,,2.259999990463257,2.259999990463257,2.259999990463257,2.259999990463257,300.0
2026-04-09 15:58:00,QZM.V,,0.6899999976158142,0.6899999976158142,0.6899999976158142,0.6899999976158142,949.0
2026-04-09 15:58:00,RBX.V,,7.179999828338623,7.179999828338623,7.179999828338623,7.179999828338623,100.0
2026-04-09 15:58:00,RDS.V,,0.8899999856948853,0.8899999856948853,0.8799999952316284,0.8899999856948853,11500.0
2026-04-09 15:58:00,RECO.V,,1.065000057220459,1.0700000524520874,1.065000057220459,1.0700000524520874,8900.0
2026-04-09 15:58:00,RET-A.V,,1.850000023841858,1.850000023841858,1.850000023841858,1.850000023841858,4400.0
2026-04-09 15:58:00,RMI.V,,0.15000000596046448,0.15000000596046448,0.15000000596046448,0.15000000596046448,0.0
2026-04-09 15:58:00,RML.V,,1.0499999523162842,1.0499999523162842,1.0499999523162842,1.0499999523162842,200.0
2026-04-09 15:58:00,SBIO.V,,0.23999999463558197,0.23999999463558197,0.23999999463558197,0.23999999463558197,10000.0
2026-04-09 15:58:00,SCD.V,,0.13500000536441803,0.13500000536441803,0.13500000536441803,0.13500000536441803,2000.0
2026-04-09 15:58:00,SGML.V,,18.989999771118164,18.989999771118164,18.93000030517578,18.969999313354492,900.0
2026-04-09 15:58:00,SLG.V,,3.619999885559082,3.619999885559082,3.619999885559082,3.619999885559082,100.0
2026-04-09 15:58:00,SLI.V,,4.639999866485596,4.639999866485596,4.639999866485596,4.639999866485596,200.0
2026-04-09 15:58:00,SM.V,,1.8799999952316284,1.8799999952316284,1.8799999952316284,1.8799999952316284,100.0
2026-04-09 15:58:00,SSV.V,,0.6100000143051147,0.6100000143051147,0.6100000143051147,0.6100000143051147,22426.0
2026-04-09 15:58:00,STRR.V,,0.5199999809265137,0.5199999809265137,0.5199999809265137,0.5199999809265137,1500.0
2026-04-09 15:58:00,SVE.V,,0.550000011920929,0.550000011920929,0.550000011920929,0.550000011920929,10000.0
2026-04-09 15:58:00,VIPR.V,,1.2999999523162842,1.2999999523162842,1.2999999523162842,1.2999999523162842,2000.0
2026-04-09 15:59:00,AGX.V,,0.75,0.75,0.7300000190734863,0.7300000190734863,15526.0
2026-04-09 15:59:00,AMY.V,,0.07999999821186066,0.07999999821186066,0.07999999821186066,0.07999999821186066,2000.0
2026-04-09 15:59:00,FEO.V,,0.8399999737739563,0.8399999737739563,0.8399999737739563,0.8399999737739563,3500.0
2026-04-09 15:59:00,GASX.V,,1.4299999475479126,1.440000057220459,1.4299999475479126,1.440000057220459,600.0
2026-04-09 15:59:00,LITT.V,,0.46000000834465027,0.46000000834465027,0.46000000834465027,0.46000000834465027,6500.0
2026-04-09 15:59:00,MAI.V,,6.309999942779541,6.360000133514404,6.300000190734863,6.320000171661377,1800.0
2026-04-09 15:59:00,MGG.V,,0.38999998569488525,0.38999998569488525,0.38999998569488525,0.38999998569488525,8000.0
2026-04-09 15:59:00,MHUB.V,,0.6499999761581421,0.6600000262260437,0.6499999761581421,0.6600000262260437,3500.0
2026-04-09 15:59:00,MMY.V,,1.0,1.0,0.9850000143051147,0.9900000095367432,36100.0
2026-04-09 15:59:00,MNRG.V,,0.0949999988079071,0.0949999988079071,0.0949999988079071,0.0949999988079071,27000.0
2026-04-09 15:59:00,NAU.V,,1.8200000524520874,1.8300000429153442,1.809999942779541,1.8200000524520874,46610.0
2026-04-09 15:59:00,NBM.V,,0.5699999928474426,0.5699999928474426,0.5699999928474426,0.5699999928474426,1500.0
2026-04-09 15:59:00,NCAU.V,,0.6399999856948853,0.6399999856948853,0.6399999856948853,0.6399999856948853,4500.0
2026-04-09 15:59:00,NCI.V,,1.0,1.0099999904632568,1.0,1.0099999904632568,2300.0
2026-04-09 15:59:00,NCX.V,,3.259999990463257,3.2799999713897705,3.25,3.2699999809265137,13000.0
2026-04-09 15:59:00,NDA.V,,0.949999988079071,0.949999988079071,0.949999988079071,0.949999988079071,2500.0
2026-04-09 15:59:00,NFG.V,,2.880000114440918,2.890000104904175,2.880000114440918,2.890000104904175,3518.0
2026-04-09 15:59:00,NIM.V,,0.949999988079071,0.949999988079071,0.949999988079071,0.949999988079071,1000.0
2026-04-09 15:59:00,NKG.V,,0.20499999821186066,0.20499999821186066,0.20499999821186066,0.20499999821186066,11000.0
2026-04-09 15:59:00,NOAL.V,,0.2150000035762787,0.2150000035762787,0.2150000035762787,0.2150000035762787,500.0
2026-04-09 15:59:00,NSCI.V,,0.12999999523162842,0.12999999523162842,0.12999999523162842,0.12999999523162842,500.0
2026-04-09 15:59:00,NVI.V,,0.11500000208616257,0.11999999731779099,0.11500000208616257,0.11999999731779099,0.0
2026-04-09 15:59:00,OCO.V,,0.42500001192092896,0.42500001192092896,0.41999998688697815,0.41999998688697815,2000.0
2026-04-09 15:59:00,ODV.V,,4.550000190734863,4.550000190734863,4.550000190734863,4.550000190734863,300.0
2026-04-09 15:59:00,OMG.V,,2.009999990463257,2.0299999713897705,2.009999990463257,2.0299999713897705,9000.0
2026-04-09 15:59:00,ONYX.V,,1.1749999523162842,1.1749999523162842,1.1749999523162842,1.1749999523162842,400.0
2026-04-09 15:59:00,PALI.V,,2.4700000286102295,2.4700000286102295,2.430000066757202,2.430000066757202,400.0
2026-04-09 15:59:00,PGDC.V,,0.8700000047683716,0.8700000047683716,0.8700000047683716,0.8700000047683716,500.0
2026-04-09 15:59:00,PGLD.V,,0.7200000286102295,0.7200000286102295,0.7200000286102295,0.7200000286102295,500.0
2026-04-09 15:59:00,PHNM.V,,0.3499999940395355,0.3499999940395355,0.3499999940395355,0.3499999940395355,2500.0
2026-04-09 15:59:00,PLSR.V,,2.0,2.0,1.9800000190734863,2.0,3000.0
2026-04-09 15:59:00,PNPN.V,,1.2100000381469727,1.2100000381469727,1.2000000476837158,1.2000000476837158,400.0
2026-04-09 15:59:00,PPP.V,,1.3200000524520874,1.3200000524520874,1.3049999475479126,1.3049999475479126,14700.0
2026-04-09 15:59:00,PRG.V,,0.5899999737739563,0.5899999737739563,0.5899999737739563,0.5899999737739563,9000.0
2026-04-09 15:59:00,PTU.V,,0.41999998688697815,0.41999998688697815,0.41999998688697815,0.41999998688697815,8500.0
2026-04-09 15:59:00,PUR.V,,0.6600000262260437,0.6600000262260437,0.6499999761581421,0.6499999761581421,500.0
2026-04-09 15:59:00,QGR.V,,0.25,0.25,0.25,0.25,500.0
2026-04-09 15:59:00,QNC.V,,3.440000057220459,3.440000057220459,3.4149999618530273,3.4200000762939453,11334.0
2026-04-09 15:59:00,QTWO.V,,2.259999990463257,2.259999990463257,2.255000114440918,2.259999990463257,5400.0
2026-04-09 15:59:00,QYOU.V,,0.3400000035762787,0.3400000035762787,0.3400000035762787,0.3400000035762787,500.0
2026-04-09 15:59:00,QZM.V,,0.6700000166893005,0.6700000166893005,0.6700000166893005,0.6700000166893005,500.0
2026-04-09 15:59:00,RBX.V,,7.340000152587891,7.480000019073486,7.190000057220459,7.25,3700.0
2026-04-09 15:59:00,RDS.V,,0.8799999952316284,0.8899999856948853,0.8799999952316284,0.8899999856948853,23910.0
2026-04-09 15:59:00,RECO.V,,1.0499999523162842,1.065000057220459,1.0499999523162842,1.059999942779541,13049.0
2026-04-09 15:59:00,RKV.V,,0.10000000149011612,0.10000000149011612,0.10000000149011612,0.10000000149011612,500.0
2026-04-09 15:59:00,RML.V,,1.0499999523162842,1.0499999523162842,1.0499999523162842,1.0499999523162842,200.0
2026-04-09 15:59:00,RVG.V,,0.800000011920929,0.8100000023841858,0.800000011920929,0.8100000023841858,4000.0
2026-04-09 15:59:00,RYO.V,,0.47999998927116394,0.47999998927116394,0.47999998927116394,0.47999998927116394,11500.0
2026-04-09 15:59:00,SBMI.V,,0.23000000417232513,0.23000000417232513,0.23000000417232513,0.23000000417232513,500.0
2026-04-09 15:59:00,SCD.V,,0.13500000536441803,0.13500000536441803,0.13249999284744263,0.13249999284744263,16500.0
2026-04-09 15:59:00,SCLT.V,,0.0949999988079071,0.0949999988079071,0.0949999988079071,0.0949999988079071,500.0
2026-04-09 15:59:00,SCZ.V,,11.220000267028809,11.229999542236328,11.170000076293945,11.170000076293945,4750.0
2026-04-09 15:59:00,SEI.V,,0.6000000238418579,0.6000000238418579,0.5950000286102295,0.6000000238418579,27599.0
2026-04-09 15:59:00,SGML.V,,19.010000228881836,19.020000457763672,18.969999313354492,18.989999771118164,1200.0
2026-04-09 15:59:00,SHL.V,,0.48500001430511475,0.48500001430511475,0.48500001430511475,0.48500001430511475,9700.0
2026-04-09 15:59:00,SLG.V,,3.630000114440918,3.630000114440918,3.619999885559082,3.619999885559082,5000.0
2026-04-09 15:59:00,SLI.V,,4.639999866485596,4.699999809265137,4.639999866485596,4.650000095367432,4213.0
2026-04-09 15:59:00,SLVR.V,,0.8999999761581421,0.8999999761581421,0.8799999952316284,0.8799999952316284,3000.0
2026-04-09 15:59:00,SM.V,,1.8899999856948853,1.8899999856948853,1.875,1.875,1000.0
2026-04-09 15:59:00,SOLR.V,,0.014999999664723873,0.014999999664723873,0.014999999664723873,0.014999999664723873,1000.0
2026-04-09 15:59:00,SOMA.V,,1.7899999618530273,1.8200000524520874,1.7899999618530273,1.7999999523162842,1100.0
2026-04-09 15:59:00,SSV.V,,0.6050000190734863,0.6050000190734863,0.6050000190734863,0.6050000190734863,2500.0
2026-04-09 15:59:00,STRR.V,,0.5199999809265137,0.5199999809265137,0.5199999809265137,0.5199999809265137,1500.0
2026-04-09 15:59:00,STUD.V,,0.3499999940395355,0.36000001430511475,0.3499999940395355,0.3499999940395355,44000.0
2026-04-09 15:59:00,SVE.V,,0.5600000023841858,0.5600000023841858,0.5400000214576721,0.5550000071525574,18000.0
2026-04-09 15:59:00,SVRS.V,,0.47999998927116394,0.47999998927116394,0.47999998927116394,0.47999998927116394,14620.0
2026-04-09 15:59:00,VIPR.V,,1.2899999618530273,1.309999942779541,1.2899999618530273,1.309999942779541,600.0
