Datetime,Ticker,Adj Close,Close,High,Low,Open,Volume
2026-04-10 09:30:00,AFR.V,,0.03999999910593033,0.03999999910593033,0.03999999910593033,0.03999999910593033,0.0
2026-04-10 09:30:00,AGX.V,,0.75,0.75,0.75,0.75,0.0
2026-04-10 09:30:00,AMY.V,,0.07999999821186066,0.07999999821186066,0.07999999821186066,0.07999999821186066,0.0
2026-04-10 09:30:00,CTZ.V,,1.2000000476837158,1.2000000476837158,1.2000000476837158,1.2000000476837158,0.0
2026-04-10 09:30:00,FISH.V,,3.6700000762939453,3.7200000286102295,3.6700000762939453,3.7200000286102295,0.0
2026-04-10 09:30:00,GASX.V,,1.4299999475479126,1.4500000476837158,1.4299999475479126,1.4500000476837158,0.0
2026-04-10 09:30:00,LITT.V,,0.38999998569488525,0.38999998569488525,0.38999998569488525,0.38999998569488525,0.0
2026-04-10 09:30:00,MAI.V,,6.309999942779541,6.309999942779541,6.309999942779541,6.309999942779541,0.0
2026-04-10 09:30:00,MCI.V,,0.2800000011920929,0.2800000011920929,0.2800000011920929,0.2800000011920929,0.0
2026-04-10 09:30:00,MGRO.V,,0.5899999737739563,0.5899999737739563,0.5899999737739563,0.5899999737739563,0.0
2026-04-10 09:30:00,MHUB.V,,0.6100000143051147,0.6100000143051147,0.6100000143051147,0.6100000143051147,0.0
2026-04-10 09:30:00,MIZA-P.V,,0.20000000298023224,0.20000000298023224,0.20000000298023224,0.20000000298023224,0.0
2026-04-10 09:30:00,MLY.V,,0.03999999910593033,0.03999999910593033,0.03999999910593033,0.03999999910593033,0.0
2026-04-10 09:30:00,MMY.V,,0.9800000190734863,1.0,0.9800000190734863,1.0,0.0
2026-04-10 09:30:00,MONT-PR-A.V,,0.054999999701976776,0.054999999701976776,0.054999999701976776,0.054999999701976776,0.0
2026-04-10 09:30:00,MRZ.V,,0.4699999988079071,0.4699999988079071,0.4699999988079071,0.4699999988079071,0.0
2026-04-10 09:30:00,MXL.V,,0.04500000178813934,0.04500000178813934,0.04500000178813934,0.04500000178813934,0.0
2026-04-10 09:30:00,MYID.V,,0.03500000014901161,0.03500000014901161,0.03500000014901161,0.03500000014901161,0.0
2026-04-10 09:30:00,NAU.V,,1.850000023841858,1.8700000047683716,1.850000023841858,1.8700000047683716,0.0
2026-04-10 09:30:00,NBLC.V,,0.07999999821186066,0.07999999821186066,0.07999999821186066,0.07999999821186066,0.0
2026-04-10 09:30:00,NBM.V,,0.5699999928474426,0.5699999928474426,0.5699999928474426,0.5699999928474426,0.0
2026-04-10 09:30:00,NBU-H.V,,0.03999999910593033,0.03999999910593033,0.03999999910593033,0.03999999910593033,0.0
2026-04-10 09:30:00,NBU.V,,0.03999999910593033,0.03999999910593033,0.03999999910593033,0.03999999910593033,0.0
2026-04-10 09:30:00,NCAU.V,,0.6600000262260437,0.6600000262260437,0.6600000262260437,0.6600000262260437,0.0
2026-04-10 09:30:00,NCI.V,,1.0299999713897705,1.0299999713897705,1.0299999713897705,1.0299999713897705,0.0
2026-04-10 09:30:00,NCX.V,,3.2699999809265137,3.309999942779541,3.2699999809265137,3.309999942779541,0.0
2026-04-10 09:30:00,NDA.V,,0.949999988079071,0.9800000190734863,0.949999988079071,0.9800000190734863,0.0
2026-04-10 09:30:00,NEXE.V,,0.13500000536441803,0.13500000536441803,0.13500000536441803,0.13500000536441803,0.0
2026-04-10 09:30:00,NFG.V,,2.9200000762939453,2.930000066757202,2.890000104904175,2.930000066757202,0.0
2026-04-10 09:30:00,NGC.V,,0.17000000178813934,0.17000000178813934,0.17000000178813934,0.17000000178813934,0.0
2026-04-10 09:30:00,NICN.V,,0.11500000208616257,0.11500000208616257,0.10499999672174454,0.10499999672174454,0.0
2026-04-10 09:30:00,NIM.V,,0.949999988079071,0.949999988079071,0.949999988079071,0.949999988079071,0.0
2026-04-10 09:30:00,NIO.V,,0.2849999964237213,0.2849999964237213,0.2849999964237213,0.2849999964237213,0.0
2026-04-10 09:30:00,NKG.V,,0.20999999344348907,0.20999999344348907,0.20999999344348907,0.20999999344348907,0.0
2026-04-10 09:30:00,NKL.V,,1.0800000429153442,1.0800000429153442,1.0800000429153442,1.0800000429153442,0.0
2026-04-10 09:30:00,NMI.V,,0.29499998688697815,0.29499998688697815,0.29499998688697815,0.29499998688697815,0.0
2026-04-10 09:30:00,NOAL.V,,0.20999999344348907,0.20999999344348907,0.20999999344348907,0.20999999344348907,0.0
2026-04-10 09:30:00,NOB.V,,0.10000000149011612,0.10000000149011612,0.10000000149011612,0.10000000149011612,0.0
2026-04-10 09:30:00,NRM.V,,0.17000000178813934,0.17000000178813934,0.16500000655651093,0.16500000655651093,0.0
2026-04-10 09:30:00,NRN.V,,0.05000000074505806,0.05000000074505806,0.05000000074505806,0.05000000074505806,0.0
2026-04-10 09:30:00,NRZ-H.V,,0.09000000357627869,0.09000000357627869,0.09000000357627869,0.09000000357627869,0.0
2026-04-10 09:30:00,NSCI.V,,0.125,0.125,0.125,0.125,0.0
2026-04-10 09:30:00,NSE.V,,0.5799999833106995,0.5799999833106995,0.5799999833106995,0.5799999833106995,0.0
2026-04-10 09:30:00,NSU.V,,0.1899999976158142,0.1899999976158142,0.1899999976158142,0.1899999976158142,0.0
2026-04-10 09:30:00,NWST.V,,0.38499999046325684,0.38499999046325684,0.38499999046325684,0.38499999046325684,0.0
2026-04-10 09:30:00,NWX.V,,0.15000000596046448,0.15000000596046448,0.15000000596046448,0.15000000596046448,0.0
2026-04-10 09:30:00,NZ.V,,0.4350000023841858,0.4350000023841858,0.4350000023841858,0.4350000023841858,0.0
2026-04-10 09:30:00,NZN.V,,0.004999999888241291,0.004999999888241291,0.004999999888241291,0.004999999888241291,0.0
2026-04-10 09:30:00,OCO.V,,0.4050000011920929,0.41999998688697815,0.4050000011920929,0.41999998688697815,0.0
2026-04-10 09:30:00,ODV.V,,4.599999904632568,4.610000133514404,4.599999904632568,4.610000133514404,0.0
2026-04-10 09:30:00,OGN.V,,3.4000000953674316,3.5199999809265137,3.4000000953674316,3.5199999809265137,0.0
2026-04-10 09:30:00,OMG.V,,2.0199999809265137,2.049999952316284,2.0199999809265137,2.049999952316284,0.0
2026-04-10 09:30:00,ONYX.V,,1.1699999570846558,1.1699999570846558,1.1699999570846558,1.1699999570846558,0.0
2026-04-10 09:30:00,OOR.V,,0.07500000298023224,0.07500000298023224,0.07500000298023224,0.07500000298023224,0.0
2026-04-10 09:30:00,ORS.V,,0.10499999672174454,0.10499999672174454,0.10499999672174454,0.10499999672174454,0.0
2026-04-10 09:30:00,OTC.V,,0.47999998927116394,0.48500001430511475,0.47999998927116394,0.48500001430511475,0.0
2026-04-10 09:30:00,OZ.V,,0.36500000953674316,0.36500000953674316,0.36500000953674316,0.36500000953674316,0.0
2026-04-10 09:30:00,PALI.V,,2.4100000858306885,2.4100000858306885,2.4100000858306885,2.4100000858306885,0.0
2026-04-10 09:30:00,PCLO.V,,0.04500000178813934,0.04500000178813934,0.04500000178813934,0.04500000178813934,0.0
2026-04-10 09:30:00,PE.V,,0.3799999952316284,0.3799999952316284,0.3799999952316284,0.3799999952316284,0.0
2026-04-10 09:30:00,PEGA.V,,0.05000000074505806,0.05000000074505806,0.05000000074505806,0.05000000074505806,0.0
2026-04-10 09:30:00,PER.V,,0.20000000298023224,0.20000000298023224,0.20000000298023224,0.20000000298023224,0.0
2026-04-10 09:30:00,PESO.V,,0.39500001072883606,0.39500001072883606,0.39500001072883606,0.39500001072883606,0.0
2026-04-10 09:30:00,PEX.V,,0.17000000178813934,0.1899999976158142,0.17000000178813934,0.1850000023841858,0.0
2026-04-10 09:30:00,PGDC.V,,0.8999999761581421,0.8999999761581421,0.8600000143051147,0.8600000143051147,0.0
2026-04-10 09:30:00,PGE.V,,0.3199999928474426,0.3199999928474426,0.3199999928474426,0.3199999928474426,0.0
2026-04-10 09:30:00,PGLD.V,,0.7300000190734863,0.7300000190734863,0.7300000190734863,0.7300000190734863,0.0
2026-04-10 09:30:00,PGO-H.V,,0.014999999664723873,0.014999999664723873,0.014999999664723873,0.014999999664723873,0.0
2026-04-10 09:30:00,PINK.V,,0.35499998927116394,0.35499998927116394,0.3499999940395355,0.3499999940395355,0.0
2026-04-10 09:30:00,PLAN.V,,0.33500000834465027,0.33500000834465027,0.33500000834465027,0.33500000834465027,0.0
2026-04-10 09:30:00,PLSR.V,,2.0999999046325684,2.0999999046325684,2.0,2.0,0.0
2026-04-10 09:30:00,PLUR.V,,0.11500000208616257,0.11500000208616257,0.11500000208616257,0.11500000208616257,0.0
2026-04-10 09:30:00,PML.V,,0.9399999976158142,0.9399999976158142,0.9399999976158142,0.9399999976158142,0.0
2026-04-10 09:30:00,PNPN.V,,1.25,1.25,1.2300000190734863,1.25,0.0
2026-04-10 09:30:00,PNTR.V,,0.5400000214576721,0.5400000214576721,0.5400000214576721,0.5400000214576721,0.0
2026-04-10 09:30:00,POG-H.V,,0.03999999910593033,0.03999999910593033,0.03999999910593033,0.03999999910593033,0.0
2026-04-10 09:30:00,PPX.V,,0.2849999964237213,0.2849999964237213,0.2849999964237213,0.2849999964237213,0.0
2026-04-10 09:30:00,PRG.V,,0.6000000238418579,0.6000000238418579,0.6000000238418579,0.6000000238418579,0.0
2026-04-10 09:30:00,PROS.V,,0.019999999552965164,0.02500000037252903,0.019999999552965164,0.019999999552965164,20014.0
2026-04-10 09:30:00,PTU.V,,0.4300000071525574,0.4300000071525574,0.4300000071525574,0.4300000071525574,0.0
2026-04-10 09:30:00,PUR.V,,0.6399999856948853,0.6399999856948853,0.6399999856948853,0.6399999856948853,0.0
2026-04-10 09:30:00,PVF-PR-U.V,,22.0,22.0,22.0,22.0,0.0
2026-04-10 09:30:00,PVF-PR-V.V,,0.75,0.75,0.75,0.75,0.0
2026-04-10 09:30:00,PWIK-P.V,,0.46000000834465027,0.46000000834465027,0.46000000834465027,0.46000000834465027,500.0
2026-04-10 09:30:00,PWM.V,,0.4099999964237213,0.4099999964237213,0.4099999964237213,0.4099999964237213,0.0
2026-04-10 09:30:00,QGR.V,,0.25,0.2549999952316284,0.25,0.2549999952316284,0.0
2026-04-10 09:30:00,QIT-H.V,,0.07500000298023224,0.07500000298023224,0.07500000298023224,0.07500000298023224,0.0
2026-04-10 09:30:00,QMC.V,,0.054999999701976776,0.054999999701976776,0.054999999701976776,0.054999999701976776,0.0
2026-04-10 09:30:00,QNC.V,,3.450000047683716,3.4600000381469727,3.450000047683716,3.4600000381469727,0.0
2026-04-10 09:30:00,QTWO.V,,2.25,2.259999990463257,2.240000009536743,2.25,0.0
2026-04-10 09:30:00,R-P.V,,0.05999999865889549,0.05999999865889549,0.05999999865889549,0.05999999865889549,0.0
2026-04-10 09:30:00,RAGE.V,,0.47999998927116394,0.47999998927116394,0.47999998927116394,0.47999998927116394,0.0
2026-04-10 09:30:00,RBX.V,,7.289999961853027,7.289999961853027,7.289999961853027,7.289999961853027,0.0
2026-04-10 09:30:00,RCK.V,,0.9900000095367432,0.9900000095367432,0.9900000095367432,0.9900000095367432,0.0
2026-04-10 09:30:00,RDS.V,,0.8899999856948853,0.8899999856948853,0.8899999856948853,0.8899999856948853,0.0
2026-04-10 09:30:00,RE.V,,0.42500001192092896,0.42500001192092896,0.42500001192092896,0.42500001192092896,0.0
2026-04-10 09:30:00,REC.V,,0.07500000298023224,0.07500000298023224,0.07500000298023224,0.07500000298023224,0.0
2026-04-10 09:30:00,RECO.V,,1.0800000429153442,1.0800000429153442,1.0800000429153442,1.0800000429153442,0.0
2026-04-10 09:30:00,REG.V,,3.9600000381469727,3.9600000381469727,3.9600000381469727,3.9600000381469727,0.0
2026-04-10 09:30:00,REX.V,,0.30000001192092896,0.30000001192092896,0.30000001192092896,0.30000001192092896,0.0
2026-04-10 09:30:00,RGM-H.V,,0.07999999821186066,0.07999999821186066,0.07999999821186066,0.07999999821186066,0.0
2026-04-10 09:30:00,RHT.V,,0.2150000035762787,0.2150000035762787,0.2150000035762787,0.2150000035762787,0.0
2026-04-10 09:30:00,RK.V,,0.2199999988079071,0.2199999988079071,0.2199999988079071,0.2199999988079071,0.0
2026-04-10 09:30:00,RKR.V,,0.04500000178813934,0.04500000178813934,0.04500000178813934,0.04500000178813934,0.0
2026-04-10 09:30:00,RLP.V,,0.019999999552965164,0.019999999552965164,0.019999999552965164,0.019999999552965164,0.0
2026-04-10 09:30:00,RMD.V,,0.14000000059604645,0.14000000059604645,0.14000000059604645,0.14000000059604645,0.0
2026-04-10 09:30:00,RML.V,,1.0399999618530273,1.0399999618530273,1.0399999618530273,1.0399999618530273,0.0
2026-04-10 09:30:00,ROCK.V,,2.700000047683716,2.700000047683716,2.700000047683716,2.700000047683716,0.0
2026-04-10 09:30:00,ROK.V,,0.2750000059604645,0.2750000059604645,0.2750000059604645,0.2750000059604645,0.0
2026-04-10 09:30:00,ROS.V,,0.25999999046325684,0.25999999046325684,0.2549999952316284,0.2549999952316284,0.0
2026-04-10 09:30:00,RPX.V,,0.1899999976158142,0.1899999976158142,0.1899999976158142,0.1899999976158142,0.0
2026-04-10 09:30:00,RRM-H.V,,0.03999999910593033,0.03999999910593033,0.03999999910593033,0.03999999910593033,0.0
2026-04-10 09:30:00,RSS.V,,0.4749999940395355,0.4749999940395355,0.4749999940395355,0.4749999940395355,0.0
2026-04-10 09:30:00,RTB-P.V,,0.5600000023841858,0.5799999833106995,0.550000011920929,0.5699999928474426,32497.0
2026-04-10 09:30:00,RVG.V,,0.8199999928474426,0.8299999833106995,0.8199999928474426,0.8299999833106995,0.0
2026-04-10 09:30:00,RYO.V,,0.47999998927116394,0.47999998927116394,0.47999998927116394,0.47999998927116394,0.0
2026-04-10 09:30:00,RYR.V,,0.20000000298023224,0.20000000298023224,0.20000000298023224,0.20000000298023224,0.0
2026-04-10 09:30:00,SAC-P.V,,0.05000000074505806,0.05000000074505806,0.05000000074505806,0.05000000074505806,0.0
2026-04-10 09:30:00,SAE.V,,0.05000000074505806,0.05000000074505806,0.05000000074505806,0.05000000074505806,0.0
2026-04-10 09:30:00,SAG.V,,1.4299999475479126,1.4299999475479126,1.4299999475479126,1.4299999475479126,0.0
2026-04-10 09:30:00,SAGE.V,,0.1850000023841858,0.1850000023841858,0.1850000023841858,0.1850000023841858,0.0
2026-04-10 09:30:00,SBEL-P.V,,0.1850000023841858,0.1850000023841858,0.1850000023841858,0.1850000023841858,0.0
2026-04-10 09:30:00,SBMI.V,,0.23000000417232513,0.23000000417232513,0.23000000417232513,0.23000000417232513,0.0
2026-04-10 09:30:00,SCD.V,,0.13500000536441803,0.13500000536441803,0.13500000536441803,0.13500000536441803,0.0
2026-04-10 09:30:00,SCOT.V,,2.3499999046325684,2.369999885559082,2.3499999046325684,2.369999885559082,0.0
2026-04-10 09:30:00,SCT-H.V,,0.03999999910593033,0.03999999910593033,0.03999999910593033,0.03999999910593033,0.0
2026-04-10 09:30:00,SCZ.V,,11.25,11.25,11.25,11.25,0.0
2026-04-10 09:30:00,SDI.V,,0.20999999344348907,0.20999999344348907,0.20999999344348907,0.20999999344348907,0.0
2026-04-10 09:30:00,SDR.V,,0.11999999731779099,0.11999999731779099,0.11999999731779099,0.11999999731779099,0.0
2026-04-10 09:30:00,SEI.V,,0.5899999737739563,0.6000000238418579,0.5899999737739563,0.5899999737739563,0.0
2026-04-10 09:30:00,SEND.V,,1.5800000429153442,1.5800000429153442,1.5800000429153442,1.5800000429153442,0.0
2026-04-10 09:30:00,SFR.V,,0.25,0.25,0.25,0.25,0.0
2026-04-10 09:30:00,SGC.V,,0.07500000298023224,0.07500000298023224,0.07500000298023224,0.07500000298023224,0.0
2026-04-10 09:30:00,SGML.V,,20.0,20.0,19.489999771118164,19.489999771118164,0.0
2026-04-10 09:30:00,SGO.V,,0.25,0.2549999952316284,0.25,0.2549999952316284,0.0
2026-04-10 09:30:00,SHL.V,,0.5,0.5,0.5,0.5,0.0
2026-04-10 09:30:00,SILV.V,,0.20999999344348907,0.20999999344348907,0.20999999344348907,0.20999999344348907,0.0
2026-04-10 09:30:00,SLG.V,,3.6600000858306885,3.6600000858306885,3.5799999237060547,3.5799999237060547,0.0
2026-04-10 09:30:00,SLI.V,,4.639999866485596,4.639999866485596,4.639999866485596,4.639999866485596,0.0
2026-04-10 09:30:00,SLVR.V,,0.8899999856948853,0.8999999761581421,0.8899999856948853,0.8999999761581421,0.0
2026-04-10 09:30:00,SLX-P.V,,0.14000000059604645,0.14000000059604645,0.14000000059604645,0.14000000059604645,0.0
2026-04-10 09:30:00,SM.V,,1.899999976158142,1.899999976158142,1.899999976158142,1.899999976158142,0.0
2026-04-10 09:30:00,SMD.V,,0.3499999940395355,0.3499999940395355,0.3499999940395355,0.3499999940395355,0.0
2026-04-10 09:30:00,SML.V,,0.009999999776482582,0.009999999776482582,0.009999999776482582,0.009999999776482582,0.0
2026-04-10 09:30:00,SMY.V,,0.3499999940395355,0.3499999940395355,0.3499999940395355,0.3499999940395355,0.0
2026-04-10 09:30:00,SNAG.V,,0.28999999165534973,0.28999999165534973,0.28999999165534973,0.28999999165534973,0.0
2026-04-10 09:30:00,SNI-PR-A.V,,5.300000190734863,5.300000190734863,5.300000190734863,5.300000190734863,0.0
2026-04-10 09:30:00,SNM.V,,0.2150000035762787,0.23000000417232513,0.2150000035762787,0.23000000417232513,0.0
2026-04-10 09:30:00,SNV.V,,0.04500000178813934,0.04500000178813934,0.04500000178813934,0.04500000178813934,0.0
2026-04-10 09:30:00,SOI.V,,0.2199999988079071,0.2199999988079071,0.2199999988079071,0.2199999988079071,0.0
2026-04-10 09:30:00,SOLR.V,,0.014999999664723873,0.014999999664723873,0.014999999664723873,0.014999999664723873,0.0
2026-04-10 09:30:00,SOMA.V,,1.8200000524520874,1.8200000524520874,1.8200000524520874,1.8200000524520874,0.0
2026-04-10 09:30:00,SOU.V,,0.06499999761581421,0.06499999761581421,0.06499999761581421,0.06499999761581421,0.0
2026-04-10 09:30:00,SPA.V,,0.23000000417232513,0.23000000417232513,0.23000000417232513,0.23000000417232513,0.0
2026-04-10 09:30:00,SPX.V,,0.10999999940395355,0.10999999940395355,0.10999999940395355,0.10999999940395355,0.0
2026-04-10 09:30:00,SR.V,,0.27000001072883606,0.27000001072883606,0.27000001072883606,0.27000001072883606,0.0
2026-04-10 09:30:00,SSV.V,,0.6200000047683716,0.6200000047683716,0.6100000143051147,0.6100000143051147,0.0
2026-04-10 09:30:00,STMP.V,,0.1599999964237213,0.1599999964237213,0.14499999582767487,0.14499999582767487,0.0
2026-04-10 09:30:00,STND.V,,0.10499999672174454,0.10499999672174454,0.10499999672174454,0.10499999672174454,0.0
2026-04-10 09:30:00,STUD.V,,0.35499998927116394,0.35499998927116394,0.35499998927116394,0.35499998927116394,0.0
2026-04-10 09:30:00,SVE.V,,0.5799999833106995,0.5799999833106995,0.5799999833106995,0.5799999833106995,0.0
2026-04-10 09:30:00,SVRS.V,,0.4950000047683716,0.4950000047683716,0.4950000047683716,0.4950000047683716,0.0
2026-04-10 09:30:00,SWLF.V,,0.14499999582767487,0.14499999582767487,0.14499999582767487,0.14499999582767487,0.0
2026-04-10 09:30:00,SXL.V,,0.07999999821186066,0.07999999821186066,0.07999999821186066,0.07999999821186066,0.0
2026-04-10 09:30:00,SYH.V,,0.49000000953674316,0.49000000953674316,0.49000000953674316,0.49000000953674316,0.0
2026-04-10 09:30:00,VEIN.V,,0.8899999856948853,0.8899999856948853,0.8899999856948853,0.8899999856948853,0.0
2026-04-10 09:30:00,VIPR.V,,1.2999999523162842,1.3300000429153442,1.2999999523162842,1.3200000524520874,0.0
2026-04-10 09:31:00,GASX.V,,1.440000057220459,1.440000057220459,1.440000057220459,1.440000057220459,1000.0
2026-04-10 09:31:00,LITT.V,,0.38999998569488525,0.38999998569488525,0.38999998569488525,0.38999998569488525,10000.0
2026-04-10 09:31:00,MAI.V,,6.349999904632568,6.349999904632568,6.349999904632568,6.349999904632568,200.0
2026-04-10 09:31:00,MGG.V,,0.38999998569488525,0.38999998569488525,0.38999998569488525,0.38999998569488525,0.0
2026-04-10 09:31:00,NCAU.V,,0.6600000262260437,0.6600000262260437,0.6600000262260437,0.6600000262260437,3000.0
2026-04-10 09:31:00,NDA.V,,0.949999988079071,0.949999988079071,0.949999988079071,0.949999988079071,7243.0
2026-04-10 09:31:00,NIO.V,,0.2549999952316284,0.27000001072883606,0.2549999952316284,0.27000001072883606,12000.0
2026-04-10 09:31:00,NKG.V,,0.2150000035762787,0.2150000035762787,0.2150000035762787,0.2150000035762787,20000.0
2026-04-10 09:31:00,NKL.V,,1.0700000524520874,1.0700000524520874,1.0700000524520874,1.0700000524520874,1000.0
2026-04-10 09:31:00,NWST.V,,0.38499999046325684,0.38499999046325684,0.38499999046325684,0.38499999046325684,2000.0
2026-04-10 09:31:00,PESO.V,,0.38999998569488525,0.38999998569488525,0.38999998569488525,0.38999998569488525,3000.0
2026-04-10 09:31:00,PLSR.V,,2.0399999618530273,2.0399999618530273,2.0199999809265137,2.0399999618530273,9300.0
2026-04-10 09:31:00,PML.V,,0.9100000262260437,0.9300000071525574,0.9100000262260437,0.9300000071525574,22100.0
2026-04-10 09:31:00,PNPN.V,,1.25,1.25,1.25,1.25,4700.0
2026-04-10 09:31:00,QNC.V,,3.4600000381469727,3.4600000381469727,3.440000057220459,3.450000047683716,1771.0
2026-04-10 09:31:00,RDG.V,,0.19499999284744263,0.19499999284744263,0.19499999284744263,0.19499999284744263,0.0
2026-04-10 09:31:00,REC.V,,0.07500000298023224,0.07500000298023224,0.07500000298023224,0.07500000298023224,20000.0
2026-04-10 09:31:00,SAG.V,,1.440000057220459,1.440000057220459,1.4299999475479126,1.4299999475479126,4400.0
2026-04-10 09:31:00,SCD.V,,0.13500000536441803,0.13500000536441803,0.13500000536441803,0.13500000536441803,1500.0
2026-04-10 09:31:00,SLI.V,,4.78000020980835,4.78000020980835,4.730000019073486,4.739999771118164,4312.0
2026-04-10 09:31:00,SOU.V,,0.06499999761581421,0.06499999761581421,0.06499999761581421,0.06499999761581421,1000.0
2026-04-10 09:31:00,SPX.V,,0.10999999940395355,0.10999999940395355,0.10999999940395355,0.10999999940395355,1227.0
2026-04-10 09:31:00,SVE.V,,0.550000011920929,0.5600000023841858,0.550000011920929,0.5600000023841858,12025.0
2026-04-10 09:31:00,SVRS.V,,0.49000000953674316,0.49000000953674316,0.49000000953674316,0.49000000953674316,2021.0
2026-04-10 09:31:00,VIPR.V,,1.2999999523162842,1.2999999523162842,1.2899999618530273,1.2899999618530273,14300.0
2026-04-10 09:32:00,MNRG.V,,0.0949999988079071,0.0949999988079071,0.0949999988079071,0.0949999988079071,0.0
2026-04-10 09:32:00,NAU.V,,1.7999999523162842,1.7999999523162842,1.7999999523162842,1.7999999523162842,450.0
2026-04-10 09:32:00,NIO.V,,0.26499998569488525,0.26499998569488525,0.26499998569488525,0.26499998569488525,1000.0
2026-04-10 09:32:00,NKG.V,,0.2150000035762787,0.2150000035762787,0.2150000035762787,0.2150000035762787,15000.0
2026-04-10 09:32:00,PESO.V,,0.39500001072883606,0.39500001072883606,0.39500001072883606,0.39500001072883606,600.0
2026-04-10 09:32:00,PEX.V,,0.17000000178813934,0.17000000178813934,0.17000000178813934,0.17000000178813934,19500.0
2026-04-10 09:32:00,PLSR.V,,2.0399999618530273,2.0399999618530273,2.0299999713897705,2.0399999618530273,9500.0
2026-04-10 09:32:00,PML.V,,0.8999999761581421,0.8999999761581421,0.8999999761581421,0.8999999761581421,500.0
2026-04-10 09:32:00,PNPN.V,,1.2649999856948853,1.2649999856948853,1.2599999904632568,1.2599999904632568,15900.0
2026-04-10 09:32:00,PPX.V,,0.2800000011920929,0.2800000011920929,0.2800000011920929,0.2800000011920929,1500.0
2026-04-10 09:32:00,RCK.V,,0.9800000190734863,0.9800000190734863,0.9800000190734863,0.9800000190734863,7540.0
2026-04-10 09:32:00,REC.V,,0.07500000298023224,0.07500000298023224,0.07500000298023224,0.07500000298023224,10000.0
2026-04-10 09:32:00,RPX.V,,0.1850000023841858,0.1850000023841858,0.1850000023841858,0.1850000023841858,15500.0
2026-04-10 09:32:00,RZL.V,,0.4699999988079071,0.4699999988079071,0.46000000834465027,0.46000000834465027,0.0
2026-04-10 09:32:00,SGML.V,,20.0,20.0,20.0,20.0,331.0
2026-04-10 09:32:00,SMD.V,,0.3400000035762787,0.3499999940395355,0.3400000035762787,0.3499999940395355,5500.0
2026-04-10 09:32:00,SVRS.V,,0.48500001430511475,0.49000000953674316,0.48500001430511475,0.49000000953674316,23500.0
2026-04-10 09:32:00,VIPR.V,,1.2999999523162842,1.2999999523162842,1.2999999523162842,1.2999999523162842,600.0
2026-04-10 09:33:00,GASX.V,,1.4299999475479126,1.4299999475479126,1.4299999475479126,1.4299999475479126,1000.0
2026-04-10 09:33:00,MAI.V,,6.309999942779541,6.360000133514404,6.309999942779541,6.360000133514404,435.0
2026-04-10 09:33:00,MMY.V,,0.9950000047683716,0.9950000047683716,0.9900000095367432,0.9900000095367432,3300.0
2026-04-10 09:33:00,MNRG.V,,0.0949999988079071,0.0949999988079071,0.0949999988079071,0.0949999988079071,4000.0
2026-04-10 09:33:00,NBLC.V,,0.07999999821186066,0.07999999821186066,0.07999999821186066,0.07999999821186066,50000.0
2026-04-10 09:33:00,NCAU.V,,0.6499999761581421,0.6600000262260437,0.6499999761581421,0.6600000262260437,7000.0
2026-04-10 09:33:00,NFG.V,,2.9100000858306885,2.924999952316284,2.9100000858306885,2.924999952316284,2400.0
2026-04-10 09:33:00,NKL.V,,1.0700000524520874,1.0700000524520874,1.0700000524520874,1.0700000524520874,500.0
2026-04-10 09:33:00,OCO.V,,0.4099999964237213,0.4099999964237213,0.4099999964237213,0.4099999964237213,2000.0
2026-04-10 09:33:00,PCLO.V,,0.04500000178813934,0.04500000178813934,0.04500000178813934,0.04500000178813934,1000.0
2026-04-10 09:33:00,PER.V,,0.19499999284744263,0.19499999284744263,0.19499999284744263,0.19499999284744263,50000.0
2026-04-10 09:33:00,PLSR.V,,2.0399999618530273,2.0399999618530273,2.0299999713897705,2.0299999713897705,13400.0
2026-04-10 09:33:00,PNPN.V,,1.25,1.2699999809265137,1.25,1.2649999856948853,30300.0
2026-04-10 09:33:00,QNC.V,,3.4000000953674316,3.4200000762939453,3.4000000953674316,3.4200000762939453,1344.0
2026-04-10 09:33:00,QTWO.V,,2.244999885559082,2.244999885559082,2.244999885559082,2.244999885559082,100.0
2026-04-10 09:33:00,QZM.V,,0.699999988079071,0.699999988079071,0.699999988079071,0.699999988079071,0.0
2026-04-10 09:33:00,SGML.V,,20.200000762939453,20.200000762939453,20.190000534057617,20.190000534057617,200.0
2026-04-10 09:33:00,SSV.V,,0.6100000143051147,0.6100000143051147,0.6100000143051147,0.6100000143051147,4000.0
2026-04-10 09:33:00,STRR.V,,0.5199999809265137,0.5199999809265137,0.5199999809265137,0.5199999809265137,0.0
2026-04-10 09:34:00,FISH.V,,3.7100000381469727,3.7100000381469727,3.7100000381469727,3.7100000381469727,800.0
2026-04-10 09:34:00,NCX.V,,3.2899999618530273,3.2899999618530273,3.2899999618530273,3.2899999618530273,1300.0
2026-04-10 09:34:00,NFG.V,,2.9100000858306885,2.930000066757202,2.9100000858306885,2.930000066757202,9100.0
2026-04-10 09:34:00,NRX.V,,0.6499999761581421,0.6499999761581421,0.6399999856948853,0.6399999856948853,0.0
2026-04-10 09:34:00,OMG.V,,2.0399999618530273,2.0399999618530273,2.0199999809265137,2.0199999809265137,2800.0
2026-04-10 09:34:00,PLSR.V,,2.059999942779541,2.059999942779541,2.0,2.0399999618530273,30100.0
2026-04-10 09:34:00,PML.V,,0.9100000262260437,0.9100000262260437,0.9100000262260437,0.9100000262260437,1000.0
2026-04-10 09:34:00,PUR.V,,0.6399999856948853,0.6399999856948853,0.6399999856948853,0.6399999856948853,2500.0
2026-04-10 09:34:00,QNC.V,,3.4100000858306885,3.4100000858306885,3.390000104904175,3.4100000858306885,4900.0
2026-04-10 09:34:00,QZM.V,,0.699999988079071,0.699999988079071,0.699999988079071,0.699999988079071,4000.0
2026-04-10 09:34:00,ROI.V,,0.07999999821186066,0.07999999821186066,0.07999999821186066,0.07999999821186066,0.0
2026-04-10 09:34:00,SCD.V,,0.13500000536441803,0.13500000536441803,0.13500000536441803,0.13500000536441803,12000.0
2026-04-10 09:34:00,SCLT.V,,0.09000000357627869,0.09000000357627869,0.09000000357627869,0.09000000357627869,0.0
2026-04-10 09:34:00,SCZ.V,,11.279999732971191,11.34000015258789,11.279999732971191,11.329999923706055,813.0
2026-04-10 09:34:00,SEI.V,,0.5899999737739563,0.5899999737739563,0.5899999737739563,0.5899999737739563,11500.0
2026-04-10 09:34:00,SGML.V,,20.170000076293945,20.200000762939453,20.170000076293945,20.190000534057617,1100.0
2026-04-10 09:34:00,SLI.V,,4.800000190734863,4.820000171661377,4.789999961853027,4.789999961853027,4110.0
2026-04-10 09:34:00,STUD.V,,0.36000001430511475,0.36000001430511475,0.36000001430511475,0.36000001430511475,500.0
2026-04-10 09:35:00,FEO.V,,0.8700000047683716,0.8700000047683716,0.8700000047683716,0.8700000047683716,0.0
2026-04-10 09:35:00,GASX.V,,1.440000057220459,1.440000057220459,1.440000057220459,1.440000057220459,600.0
2026-04-10 09:35:00,NAU.V,,1.8200000524520874,1.8200000524520874,1.7999999523162842,1.7999999523162842,4000.0
2026-04-10 09:35:00,NBLC.V,,0.07999999821186066,0.07999999821186066,0.07999999821186066,0.07999999821186066,66000.0
2026-04-10 09:35:00,NCX.V,,3.299999952316284,3.299999952316284,3.299999952316284,3.299999952316284,1000.0
2026-04-10 09:35:00,NFG.V,,2.9000000953674316,2.9000000953674316,2.9000000953674316,2.9000000953674316,200.0
2026-04-10 09:35:00,NSU.V,,0.1899999976158142,0.1899999976158142,0.1899999976158142,0.1899999976158142,1500.0
2026-04-10 09:35:00,NVX.V,,0.28999999165534973,0.28999999165534973,0.28999999165534973,0.28999999165534973,0.0
2026-04-10 09:35:00,OCO.V,,0.4099999964237213,0.4099999964237213,0.4099999964237213,0.4099999964237213,1000.0
2026-04-10 09:35:00,OMG.V,,2.059999942779541,2.059999942779541,2.049999952316284,2.049999952316284,3801.0
2026-04-10 09:35:00,PEX.V,,0.17499999701976776,0.17499999701976776,0.17499999701976776,0.17499999701976776,2802.0
2026-04-10 09:35:00,PLSR.V,,2.009999990463257,2.049999952316284,1.9900000095367432,2.049999952316284,20200.0
2026-04-10 09:35:00,PNTR.V,,0.5199999809265137,0.5199999809265137,0.5199999809265137,0.5199999809265137,2000.0
2026-04-10 09:35:00,QTWO.V,,2.240000009536743,2.240000009536743,2.240000009536743,2.240000009536743,100.0
2026-04-10 09:35:00,RET.V,,2.119999885559082,2.119999885559082,2.119999885559082,2.119999885559082,0.0
2026-04-10 09:35:00,ROI.V,,0.0949999988079071,0.0949999988079071,0.09000000357627869,0.09000000357627869,15000.0
2026-04-10 09:35:00,ROK.V,,0.2750000059604645,0.2750000059604645,0.2750000059604645,0.2750000059604645,500.0
2026-04-10 09:35:00,RSM.V,,0.30000001192092896,0.30000001192092896,0.30000001192092896,0.30000001192092896,0.0
2026-04-10 09:35:00,RYO.V,,0.49000000953674316,0.49000000953674316,0.49000000953674316,0.49000000953674316,1000.0
2026-04-10 09:35:00,SHL.V,,0.5,0.5,0.5,0.5,11000.0
2026-04-10 09:35:00,SLI.V,,4.789999961853027,4.789999961853027,4.789999961853027,4.789999961853027,100.0
2026-04-10 09:35:00,SLVR.V,,0.8799999952316284,0.8799999952316284,0.8799999952316284,0.8799999952316284,3500.0
2026-04-10 09:35:00,SOU.V,,0.06499999761581421,0.06499999761581421,0.06499999761581421,0.06499999761581421,21000.0
2026-04-10 09:35:00,SYH.V,,0.49000000953674316,0.49000000953674316,0.49000000953674316,0.49000000953674316,5000.0
2026-04-10 09:35:00,VIPR.V,,1.2999999523162842,1.2999999523162842,1.2999999523162842,1.2999999523162842,4700.0
2026-04-10 09:36:00,AGX.V,,0.75,0.75,0.75,0.75,5100.0
2026-04-10 09:36:00,NAU.V,,1.840000033378601,1.840000033378601,1.8300000429153442,1.8300000429153442,5000.0
2026-04-10 09:36:00,NFG.V,,2.9000000953674316,2.9000000953674316,2.9000000953674316,2.9000000953674316,300.0
2026-04-10 09:36:00,NOW.V,,0.23000000417232513,0.23000000417232513,0.23000000417232513,0.23000000417232513,0.0
2026-04-10 09:36:00,OMG.V,,2.059999942779541,2.059999942779541,2.059999942779541,2.059999942779541,9007.0
2026-04-10 09:36:00,PLSR.V,,2.0,2.009999990463257,2.0,2.009999990463257,21500.0
2026-04-10 09:36:00,PNPN.V,,1.2400000095367432,1.25,1.2400000095367432,1.25,2900.0
2026-04-10 09:36:00,QNC.V,,3.390000104904175,3.4200000762939453,3.390000104904175,3.4200000762939453,900.0
2026-04-10 09:36:00,ROI.V,,0.10000000149011612,0.10000000149011612,0.10000000149011612,0.10000000149011612,1000.0
2026-04-10 09:36:00,RSMX.V,,0.14000000059604645,0.14000000059604645,0.14000000059604645,0.14000000059604645,0.0
2026-04-10 09:36:00,SCZ.V,,11.3100004196167,11.3100004196167,11.3100004196167,11.3100004196167,100.0
2026-04-10 09:36:00,SLI.V,,4.800000190734863,4.800000190734863,4.800000190734863,4.800000190734863,880.0
2026-04-10 09:36:00,SLVR.V,,0.8799999952316284,0.8799999952316284,0.8799999952316284,0.8799999952316284,3500.0
2026-04-10 09:36:00,SR.V,,0.27000001072883606,0.27000001072883606,0.27000001072883606,0.27000001072883606,27500.0
2026-04-10 09:37:00,HASH.V,,0.03999999910593033,0.03999999910593033,0.03999999910593033,0.03999999910593033,0.0
2026-04-10 09:37:00,LITT.V,,0.4099999964237213,0.41499999165534973,0.4099999964237213,0.41499999165534973,41000.0
2026-04-10 09:37:00,NBLC.V,,0.07500000298023224,0.07500000298023224,0.07500000298023224,0.07500000298023224,10000.0
2026-04-10 09:37:00,NCX.V,,3.299999952316284,3.299999952316284,3.299999952316284,3.299999952316284,300.0
2026-04-10 09:37:00,NEXE.V,,0.14000000059604645,0.14000000059604645,0.14000000059604645,0.14000000059604645,2000.0
2026-04-10 09:37:00,NFG.V,,2.9100000858306885,2.9100000858306885,2.9000000953674316,2.9000000953674316,1164.0
2026-04-10 09:37:00,OMG.V,,2.059999942779541,2.069999933242798,2.059999942779541,2.069999933242798,13800.0
2026-04-10 09:37:00,PLSR.V,,2.0199999809265137,2.0199999809265137,2.0,2.0,33074.0
2026-04-10 09:37:00,PRG.V,,0.6000000238418579,0.6000000238418579,0.6000000238418579,0.6000000238418579,25000.0
2026-04-10 09:37:00,SAGE.V,,0.1850000023841858,0.1850000023841858,0.1850000023841858,0.1850000023841858,500.0
2026-04-10 09:37:00,SLI.V,,4.820000171661377,4.820000171661377,4.809999942779541,4.809999942779541,600.0
2026-04-10 09:38:00,NBLC.V,,0.07000000029802322,0.07000000029802322,0.07000000029802322,0.07000000029802322,111030.0
2026-04-10 09:38:00,NOB.V,,0.10999999940395355,0.10999999940395355,0.10999999940395355,0.10999999940395355,2500.0
2026-04-10 09:38:00,OMG.V,,2.059999942779541,2.059999942779541,2.059999942779541,2.059999942779541,800.0
2026-04-10 09:38:00,PLAN.V,,0.3400000035762787,0.3400000035762787,0.3400000035762787,0.3400000035762787,6500.0
2026-04-10 09:38:00,PLSR.V,,2.009999990463257,2.0299999713897705,2.009999990463257,2.0199999809265137,53000.0
2026-04-10 09:38:00,PML.V,,0.8899999856948853,0.8899999856948853,0.8899999856948853,0.8899999856948853,1000.0
2026-04-10 09:38:00,QGR.V,,0.25,0.25,0.25,0.25,500.0
2026-04-10 09:38:00,SCZ.V,,11.5,11.5,11.34000015258789,11.34000015258789,3400.0
2026-04-10 09:38:00,SEI.V,,0.5899999737739563,0.5899999737739563,0.5899999737739563,0.5899999737739563,2000.0
2026-04-10 09:38:00,SVRS.V,,0.49000000953674316,0.4950000047683716,0.49000000953674316,0.4950000047683716,11500.0
2026-04-10 09:39:00,GASX.V,,1.4500000476837158,1.4500000476837158,1.4500000476837158,1.4500000476837158,100.0
2026-04-10 09:39:00,LITT.V,,0.41999998688697815,0.41999998688697815,0.41999998688697815,0.41999998688697815,1000.0
2026-04-10 09:39:00,MNRG.V,,0.0949999988079071,0.0949999988079071,0.0949999988079071,0.0949999988079071,13000.0
2026-04-10 09:39:00,NCX.V,,3.299999952316284,3.299999952316284,3.299999952316284,3.299999952316284,1300.0
2026-04-10 09:39:00,PLSR.V,,1.9800000190734863,2.0,1.9800000190734863,2.0,5938.0
2026-04-10 09:39:00,PML.V,,0.8899999856948853,0.8899999856948853,0.8899999856948853,0.8899999856948853,500.0
2026-04-10 09:39:00,QNC.V,,3.390000104904175,3.4000000953674316,3.390000104904175,3.4000000953674316,500.0
2026-04-10 09:39:00,QTWO.V,,2.240000009536743,2.240000009536743,2.240000009536743,2.240000009536743,100.0
2026-04-10 09:39:00,RVG.V,,0.8299999833106995,0.8299999833106995,0.8299999833106995,0.8299999833106995,1000.0
2026-04-10 09:39:00,SAGE.V,,0.1850000023841858,0.1850000023841858,0.1850000023841858,0.1850000023841858,500.0
2026-04-10 09:39:00,SCZ.V,,11.239999771118164,11.3100004196167,11.239999771118164,11.3100004196167,400.0
2026-04-10 09:39:00,SGML.V,,20.030000686645508,20.030000686645508,20.030000686645508,20.030000686645508,100.0
2026-04-10 09:39:00,SLG.V,,3.700000047683716,3.700000047683716,3.640000104904175,3.640000104904175,24700.0
2026-04-10 09:39:00,SOMA.V,,1.8200000524520874,1.8200000524520874,1.7999999523162842,1.7999999523162842,4600.0
2026-04-10 09:39:00,SVRS.V,,0.47999998927116394,0.4950000047683716,0.47999998927116394,0.4950000047683716,49500.0
2026-04-10 09:39:00,VIPR.V,,1.2999999523162842,1.2999999523162842,1.2999999523162842,1.2999999523162842,5000.0
2026-04-10 09:40:00,NAU.V,,1.840000033378601,1.840000033378601,1.840000033378601,1.840000033378601,10900.0
2026-04-10 09:40:00,NIM.V,,0.949999988079071,0.949999988079071,0.949999988079071,0.949999988079071,500.0
2026-04-10 09:40:00,NSU.V,,0.1899999976158142,0.1899999976158142,0.1899999976158142,0.1899999976158142,3500.0
2026-04-10 09:40:00,PML.V,,0.8899999856948853,0.8899999856948853,0.8899999856948853,0.8899999856948853,500.0
2026-04-10 09:40:00,RVG.V,,0.8199999928474426,0.8199999928474426,0.8199999928474426,0.8199999928474426,7090.0
2026-04-10 09:40:00,SGML.V,,20.0,20.0,19.989999771118164,19.989999771118164,600.0
2026-04-10 09:40:00,SLG.V,,3.7899999618530273,3.7899999618530273,3.740000009536743,3.740000009536743,2300.0
2026-04-10 09:40:00,SOMA.V,,1.8300000429153442,1.8300000429153442,1.8200000524520874,1.8200000524520874,300.0
2026-04-10 09:40:00,SSV.V,,0.6100000143051147,0.6100000143051147,0.6100000143051147,0.6100000143051147,5000.0
2026-04-10 09:40:00,SVRS.V,,0.47999998927116394,0.47999998927116394,0.47999998927116394,0.47999998927116394,2380.0
2026-04-10 09:41:00,AGX.V,,0.75,0.75,0.75,0.75,1000.0
2026-04-10 09:41:00,NFD-A.V,,5.300000190734863,5.300000190734863,5.300000190734863,5.300000190734863,0.0
2026-04-10 09:41:00,NFG.V,,2.9000000953674316,2.9000000953674316,2.9000000953674316,2.9000000953674316,300.0
2026-04-10 09:41:00,OMG.V,,2.0399999618530273,2.049999952316284,2.0399999618530273,2.049999952316284,4500.0
2026-04-10 09:41:00,PLAN.V,,0.3400000035762787,0.3400000035762787,0.3400000035762787,0.3400000035762787,9500.0
2026-04-10 09:41:00,PNPN.V,,1.25,1.2599999904632568,1.2450000047683716,1.2450000047683716,17200.0
2026-04-10 09:41:00,QTWO.V,,2.240000009536743,2.240000009536743,2.240000009536743,2.240000009536743,100.0
2026-04-10 09:41:00,RECO.V,,1.090000033378601,1.090000033378601,1.090000033378601,1.090000033378601,1900.0
2026-04-10 09:41:00,RPX.V,,0.1850000023841858,0.1850000023841858,0.1850000023841858,0.1850000023841858,1000.0
2026-04-10 09:41:00,SCZ.V,,11.289999961853027,11.319999694824219,11.289999961853027,11.319999694824219,1600.0
2026-04-10 09:41:00,SGML.V,,20.110000610351562,20.110000610351562,20.110000610351562,20.110000610351562,300.0
2026-04-10 09:41:00,SLG.V,,3.700000047683716,3.7799999713897705,3.700000047683716,3.7699999809265137,2742.0
2026-04-10 09:41:00,SLVR.V,,0.8799999952316284,0.8799999952316284,0.8799999952316284,0.8799999952316284,3000.0
2026-04-10 09:42:00,NAU.V,,1.840000033378601,1.840000033378601,1.840000033378601,1.840000033378601,100.0
2026-04-10 09:42:00,NFG.V,,2.9000000953674316,2.9000000953674316,2.9000000953674316,2.9000000953674316,2100.0
2026-04-10 09:42:00,NSCI.V,,0.125,0.125,0.125,0.125,4500.0
2026-04-10 09:42:00,PLAN.V,,0.3400000035762787,0.3400000035762787,0.3400000035762787,0.3400000035762787,19003.0
2026-04-10 09:42:00,PLSR.V,,1.9900000095367432,1.9900000095367432,1.9800000190734863,1.9800000190734863,11300.0
2026-04-10 09:42:00,PPP.V,,1.3300000429153442,1.3300000429153442,1.3300000429153442,1.3300000429153442,0.0
2026-04-10 09:42:00,RECO.V,,1.1100000143051147,1.1100000143051147,1.100000023841858,1.100000023841858,14500.0
2026-04-10 09:42:00,RMD.V,,0.12999999523162842,0.12999999523162842,0.12999999523162842,0.12999999523162842,30000.0
2026-04-10 09:42:00,SCZ.V,,11.25,11.25,11.25,11.25,126.0
2026-04-10 09:43:00,MAI.V,,6.440000057220459,6.440000057220459,6.360000133514404,6.360000133514404,6562.0
2026-04-10 09:43:00,MKA.V,,0.699999988079071,0.699999988079071,0.699999988079071,0.699999988079071,0.0
2026-04-10 09:43:00,NCX.V,,3.299999952316284,3.299999952316284,3.299999952316284,3.299999952316284,1100.0
2026-04-10 09:43:00,PER.V,,0.19499999284744263,0.19499999284744263,0.19499999284744263,0.19499999284744263,4354.0
2026-04-10 09:43:00,PMX.V,,0.17000000178813934,0.17000000178813934,0.17000000178813934,0.17000000178813934,0.0
2026-04-10 09:43:00,PWM.V,,0.41999998688697815,0.41999998688697815,0.41999998688697815,0.41999998688697815,1000.0
2026-04-10 09:43:00,QNC.V,,3.450000047683716,3.450000047683716,3.440000057220459,3.440000057220459,700.0
2026-04-10 09:43:00,RDS.V,,0.8899999856948853,0.8899999856948853,0.8899999856948853,0.8899999856948853,1500.0
2026-04-10 09:43:00,ROCK.V,,2.700000047683716,2.700000047683716,2.700000047683716,2.700000047683716,4900.0
2026-04-10 09:43:00,SBMI.V,,0.23000000417232513,0.23000000417232513,0.23000000417232513,0.23000000417232513,15000.0
2026-04-10 09:43:00,SCZ.V,,11.300000190734863,11.300000190734863,11.300000190734863,11.300000190734863,100.0
2026-04-10 09:43:00,SLI.V,,4.789999961853027,4.789999961853027,4.789999961853027,4.789999961853027,100.0
2026-04-10 09:43:00,SVRS.V,,0.4749999940395355,0.47999998927116394,0.4749999940395355,0.47999998927116394,30380.0
2026-04-10 09:44:00,MMY.V,,0.9900000095367432,0.9900000095367432,0.9900000095367432,0.9900000095367432,300.0
2026-04-10 09:44:00,NAU.V,,1.8300000429153442,1.8300000429153442,1.8300000429153442,1.8300000429153442,1000.0
2026-04-10 09:44:00,NDA.V,,0.9200000166893005,0.9300000071525574,0.9200000166893005,0.9300000071525574,7000.0
2026-04-10 09:44:00,NFD-A.V,,5.25,5.25,5.25,5.25,200.0
2026-04-10 09:44:00,NOAL.V,,0.20999999344348907,0.20999999344348907,0.20999999344348907,0.20999999344348907,2500.0
2026-04-10 09:44:00,NSE.V,,0.5799999833106995,0.5799999833106995,0.5799999833106995,0.5799999833106995,1160.0
2026-04-10 09:44:00,NSU.V,,0.1899999976158142,0.1899999976158142,0.1899999976158142,0.1899999976158142,1000.0
2026-04-10 09:44:00,NXS.V,,0.3199999928474426,0.3199999928474426,0.3199999928474426,0.3199999928474426,0.0
2026-04-10 09:44:00,OMG.V,,2.0399999618530273,2.0399999618530273,2.0399999618530273,2.0399999618530273,700.0
2026-04-10 09:44:00,PRG.V,,0.6000000238418579,0.6000000238418579,0.6000000238418579,0.6000000238418579,8500.0
2026-04-10 09:44:00,QNC.V,,3.490000009536743,3.490000009536743,3.4600000381469727,3.4600000381469727,15100.0
2026-04-10 09:44:00,RDS.V,,0.8899999856948853,0.8899999856948853,0.8899999856948853,0.8899999856948853,5500.0
2026-04-10 09:44:00,RMD.V,,0.10999999940395355,0.12999999523162842,0.10999999940395355,0.12999999523162842,10000.0
2026-04-10 09:44:00,SCD.V,,0.13500000536441803,0.13500000536441803,0.13500000536441803,0.13500000536441803,4172.0
2026-04-10 09:44:00,SGML.V,,19.950000762939453,19.950000762939453,19.950000762939453,19.950000762939453,100.0
2026-04-10 09:44:00,SLI.V,,4.789999961853027,4.789999961853027,4.789999961853027,4.789999961853027,8400.0
2026-04-10 09:44:00,SOI.V,,0.2150000035762787,0.2150000035762787,0.2150000035762787,0.2150000035762787,1000.0
2026-04-10 09:45:00,AGX.V,,0.7400000095367432,0.7400000095367432,0.7400000095367432,0.7400000095367432,6000.0
2026-04-10 09:45:00,NFG.V,,2.890000104904175,2.9000000953674316,2.890000104904175,2.9000000953674316,4200.0
2026-04-10 09:45:00,NRM.V,,0.16500000655651093,0.16500000655651093,0.16500000655651093,0.16500000655651093,5000.0
2026-04-10 09:45:00,PLSR.V,,1.9800000190734863,1.9800000190734863,1.9800000190734863,1.9800000190734863,7300.0
2026-04-10 09:45:00,PNPN.V,,1.2400000095367432,1.25,1.2400000095367432,1.25,2500.0
2026-04-10 09:45:00,PUMA.V,,0.15000000596046448,0.15000000596046448,0.15000000596046448,0.15000000596046448,0.0
2026-04-10 09:45:00,QTWO.V,,2.2699999809265137,2.2699999809265137,2.25,2.25,9200.0
2026-04-10 09:45:00,RE.V,,0.42500001192092896,0.42500001192092896,0.42500001192092896,0.42500001192092896,500.0
2026-04-10 09:45:00,RVG.V,,0.8100000023841858,0.8100000023841858,0.8100000023841858,0.8100000023841858,1500.0
2026-04-10 09:45:00,SCZ.V,,11.25,11.25,11.25,11.25,100.0
2026-04-10 09:45:00,SGML.V,,20.110000610351562,20.110000610351562,20.110000610351562,20.110000610351562,100.0
2026-04-10 09:45:00,STRR.V,,0.5199999809265137,0.5199999809265137,0.5199999809265137,0.5199999809265137,2500.0
2026-04-10 09:45:00,SVRS.V,,0.4749999940395355,0.4749999940395355,0.4749999940395355,0.4749999940395355,1500.0
2026-04-10 09:45:00,SYH.V,,0.48500001430511475,0.48500001430511475,0.48500001430511475,0.48500001430511475,1000.0
2026-04-10 09:46:00,MGG.V,,0.38499999046325684,0.38999998569488525,0.38499999046325684,0.38999998569488525,91000.0
2026-04-10 09:46:00,MMY.V,,0.9850000143051147,0.9900000095367432,0.9850000143051147,0.9900000095367432,17900.0
2026-04-10 09:46:00,OCO.V,,0.4050000011920929,0.4050000011920929,0.4050000011920929,0.4050000011920929,2000.0
2026-04-10 09:46:00,OMG.V,,2.0399999618530273,2.0399999618530273,2.0399999618530273,2.0399999618530273,6400.0
2026-04-10 09:46:00,PEGA.V,,0.04500000178813934,0.04500000178813934,0.04500000178813934,0.04500000178813934,2000.0
2026-04-10 09:46:00,PGE.V,,0.3199999928474426,0.3199999928474426,0.3199999928474426,0.3199999928474426,500.0
2026-04-10 09:46:00,QGR.V,,0.25,0.25,0.25,0.25,500.0
2026-04-10 09:46:00,QNC.V,,3.5,3.5,3.5,3.5,4900.0
2026-04-10 09:46:00,RAK.V,,0.1599999964237213,0.1599999964237213,0.1599999964237213,0.1599999964237213,0.0
2026-04-10 09:46:00,RDS.V,,0.8899999856948853,0.8899999856948853,0.8899999856948853,0.8899999856948853,1200.0
2026-04-10 09:46:00,RECO.V,,1.1200000047683716,1.1200000047683716,1.1200000047683716,1.1200000047683716,25222.0
2026-04-10 09:46:00,ROCK.V,,2.6700000762939453,2.680000066757202,2.6600000858306885,2.680000066757202,4000.0
2026-04-10 09:46:00,RPX.V,,0.1850000023841858,0.1850000023841858,0.1850000023841858,0.1850000023841858,10000.0
2026-04-10 09:46:00,RZL.V,,0.47999998927116394,0.47999998927116394,0.47999998927116394,0.47999998927116394,10000.0
2026-04-10 09:46:00,SAG.V,,1.4700000286102295,1.4700000286102295,1.4700000286102295,1.4700000286102295,110.0
2026-04-10 09:46:00,SAGE.V,,0.1850000023841858,0.1850000023841858,0.1850000023841858,0.1850000023841858,4000.0
2026-04-10 09:46:00,SCZ.V,,11.239999771118164,11.25,11.229999542236328,11.25,700.0
2026-04-10 09:46:00,SGML.V,,20.290000915527344,20.290000915527344,20.219999313354492,20.219999313354492,3600.0
2026-04-10 09:46:00,STRR.V,,0.5199999809265137,0.5199999809265137,0.5199999809265137,0.5199999809265137,10500.0
2026-04-10 09:46:00,SYH.V,,0.48500001430511475,0.48500001430511475,0.48500001430511475,0.48500001430511475,2000.0
2026-04-10 09:47:00,MHUB.V,,0.6499999761581421,0.6499999761581421,0.6499999761581421,0.6499999761581421,6500.0
2026-04-10 09:47:00,NAU.V,,1.850000023841858,1.850000023841858,1.8300000429153442,1.8300000429153442,7800.0
2026-04-10 09:47:00,NCAU.V,,0.6499999761581421,0.6499999761581421,0.6499999761581421,0.6499999761581421,2000.0
2026-04-10 09:47:00,NFG.V,,2.880000114440918,2.880000114440918,2.880000114440918,2.880000114440918,100.0
2026-04-10 09:47:00,NICN.V,,0.11500000208616257,0.11500000208616257,0.11500000208616257,0.11500000208616257,21500.0
2026-04-10 09:47:00,OMG.V,,2.0399999618530273,2.0399999618530273,2.0399999618530273,2.0399999618530273,800.0
2026-04-10 09:47:00,PLSR.V,,2.0,2.0,2.0,2.0,41200.0
2026-04-10 09:47:00,POOL.V,,0.15000000596046448,0.15000000596046448,0.15000000596046448,0.15000000596046448,0.0
2026-04-10 09:47:00,QNC.V,,3.5,3.5,3.490000009536743,3.5,12900.0
2026-04-10 09:47:00,RECO.V,,1.1200000047683716,1.1200000047683716,1.1200000047683716,1.1200000047683716,12700.0
2026-04-10 09:47:00,RKR.V,,0.04500000178813934,0.04500000178813934,0.04500000178813934,0.04500000178813934,35000.0
2026-04-10 09:47:00,ROCK.V,,2.6700000762939453,2.6700000762939453,2.6700000762939453,2.6700000762939453,1000.0
2026-04-10 09:47:00,RPX.V,,0.1899999976158142,0.1899999976158142,0.1899999976158142,0.1899999976158142,19500.0
2026-04-10 09:47:00,RVG.V,,0.8100000023841858,0.8100000023841858,0.8100000023841858,0.8100000023841858,2000.0
2026-04-10 09:47:00,SAGE.V,,0.1850000023841858,0.1850000023841858,0.1850000023841858,0.1850000023841858,500.0
2026-04-10 09:47:00,SCD.V,,0.13500000536441803,0.13500000536441803,0.13500000536441803,0.13500000536441803,500.0
2026-04-10 09:47:00,SCZ.V,,11.199999809265137,11.199999809265137,11.199999809265137,11.199999809265137,500.0
2026-04-10 09:47:00,SGML.V,,20.299999237060547,20.299999237060547,20.299999237060547,20.299999237060547,100.0
2026-04-10 09:47:00,SLI.V,,4.789999961853027,4.789999961853027,4.78000020980835,4.78000020980835,200.0
2026-04-10 09:47:00,SPA.V,,0.23499999940395355,0.23499999940395355,0.23499999940395355,0.23499999940395355,25000.0
2026-04-10 09:47:00,SPX.V,,0.10999999940395355,0.10999999940395355,0.10999999940395355,0.10999999940395355,1486.0
2026-04-10 09:47:00,SVRS.V,,0.4699999988079071,0.4749999940395355,0.4699999988079071,0.4749999940395355,1000.0
2026-04-10 09:47:00,SYH.V,,0.49000000953674316,0.49000000953674316,0.49000000953674316,0.49000000953674316,2000.0
2026-04-10 09:48:00,MAI.V,,6.420000076293945,6.420000076293945,6.420000076293945,6.420000076293945,100.0
2026-04-10 09:48:00,NFG.V,,2.890000104904175,2.890000104904175,2.890000104904175,2.890000104904175,300.0
2026-04-10 09:48:00,PEAK.V,,0.41499999165534973,0.41499999165534973,0.41499999165534973,0.41499999165534973,0.0
2026-04-10 09:48:00,PINK.V,,0.35499998927116394,0.35499998927116394,0.3499999940395355,0.3499999940395355,7500.0
2026-04-10 09:48:00,PLSR.V,,2.009999990463257,2.009999990463257,2.0,2.0,7100.0
2026-04-10 09:48:00,PPP.V,,1.3300000429153442,1.3300000429153442,1.3300000429153442,1.3300000429153442,600.0
2026-04-10 09:48:00,RBX.V,,7.150000095367432,7.150000095367432,7.139999866485596,7.139999866485596,4700.0
2026-04-10 09:48:00,RDS.V,,0.8899999856948853,0.8899999856948853,0.8899999856948853,0.8899999856948853,2500.0
2026-04-10 09:48:00,ROCK.V,,2.6700000762939453,2.6700000762939453,2.6700000762939453,2.6700000762939453,700.0
2026-04-10 09:48:00,RZL.V,,0.5,0.5,0.49000000953674316,0.49000000953674316,8500.0
2026-04-10 09:48:00,SCZ.V,,11.199999809265137,11.199999809265137,11.149999618530273,11.149999618530273,400.0
2026-04-10 09:48:00,SLG.V,,3.740000009536743,3.740000009536743,3.740000009536743,3.740000009536743,200.0
2026-04-10 09:48:00,SLVR.V,,0.8700000047683716,0.8700000047683716,0.8700000047683716,0.8700000047683716,30000.0
2026-04-10 09:49:00,NFG.V,,2.890000104904175,2.8949999809265137,2.890000104904175,2.890000104904175,5800.0
2026-04-10 09:49:00,NOW.V,,0.23000000417232513,0.23000000417232513,0.23000000417232513,0.23000000417232513,8000.0
2026-04-10 09:49:00,NSU.V,,0.1899999976158142,0.1899999976158142,0.1899999976158142,0.1899999976158142,53000.0
2026-04-10 09:49:00,OMG.V,,2.0399999618530273,2.0399999618530273,2.0399999618530273,2.0399999618530273,1600.0
2026-04-10 09:49:00,PLSR.V,,2.0,2.009999990463257,2.0,2.009999990463257,6479.0
2026-04-10 09:49:00,QGR.V,,0.25,0.25,0.25,0.25,3000.0
2026-04-10 09:49:00,QNC.V,,3.5199999809265137,3.5199999809265137,3.4800000190734863,3.4800000190734863,46175.0
2026-04-10 09:49:00,RBX.V,,7.139999866485596,7.139999866485596,7.139999866485596,7.139999866485596,200.0
2026-04-10 09:49:00,RDS.V,,0.8899999856948853,0.8899999856948853,0.8899999856948853,0.8899999856948853,15000.0
2026-04-10 09:49:00,RECO.V,,1.1200000047683716,1.1200000047683716,1.1200000047683716,1.1200000047683716,8300.0
2026-04-10 09:49:00,RLYG.V,,0.5899999737739563,0.5899999737739563,0.5899999737739563,0.5899999737739563,0.0
2026-04-10 09:49:00,ROCK.V,,2.6700000762939453,2.6700000762939453,2.6700000762939453,2.6700000762939453,300.0
2026-04-10 09:49:00,SAG.V,,1.4700000286102295,1.4700000286102295,1.4700000286102295,1.4700000286102295,1125.0
2026-04-10 09:49:00,SCZ.V,,11.119999885559082,11.119999885559082,11.119999885559082,11.119999885559082,200.0
2026-04-10 09:49:00,STUD.V,,0.36000001430511475,0.36000001430511475,0.36000001430511475,0.36000001430511475,2000.0
2026-04-10 09:50:00,NCX.V,,3.299999952316284,3.299999952316284,3.299999952316284,3.299999952316284,900.0
2026-04-10 09:50:00,NFG.V,,2.9000000953674316,2.9000000953674316,2.8949999809265137,2.8949999809265137,1300.0
2026-04-10 09:50:00,NLH.V,,0.3499999940395355,0.3499999940395355,0.3499999940395355,0.3499999940395355,0.0
2026-04-10 09:50:00,NPR.V,,0.8299999833106995,0.8299999833106995,0.8299999833106995,0.8299999833106995,0.0
2026-04-10 09:50:00,QNC.V,,3.5199999809265137,3.5199999809265137,3.5199999809265137,3.5199999809265137,3300.0
2026-04-10 09:50:00,QTWO.V,,2.2699999809265137,2.2699999809265137,2.2699999809265137,2.2699999809265137,100.0
2026-04-10 09:50:00,RAK.V,,0.1599999964237213,0.1599999964237213,0.1599999964237213,0.1599999964237213,34000.0
2026-04-10 09:50:00,RBX.V,,6.769999980926514,6.849999904632568,6.769999980926514,6.849999904632568,1000.0
2026-04-10 09:50:00,RET.V,,2.119999885559082,2.119999885559082,2.119999885559082,2.119999885559082,18500.0
2026-04-10 09:50:00,RYO.V,,0.49000000953674316,0.49000000953674316,0.49000000953674316,0.49000000953674316,500.0
2026-04-10 09:50:00,SCZ.V,,11.220000267028809,11.220000267028809,11.180000305175781,11.180000305175781,900.0
2026-04-10 09:50:00,SOI.V,,0.20999999344348907,0.2150000035762787,0.20999999344348907,0.2150000035762787,116100.0
2026-04-10 09:50:00,SVRS.V,,0.4699999988079071,0.4749999940395355,0.4699999988079071,0.4749999940395355,23744.0
2026-04-10 09:51:00,GASX.V,,1.4500000476837158,1.4500000476837158,1.4500000476837158,1.4500000476837158,100.0
2026-04-10 09:51:00,MGG.V,,0.38499999046325684,0.38499999046325684,0.38499999046325684,0.38499999046325684,5000.0
2026-04-10 09:51:00,NAR.V,,0.2849999964237213,0.30000001192092896,0.2849999964237213,0.30000001192092896,0.0
2026-04-10 09:51:00,NCX.V,,3.309999942779541,3.309999942779541,3.309999942779541,3.309999942779541,8500.0
2026-04-10 09:51:00,NFG.V,,2.9000000953674316,2.9000000953674316,2.9000000953674316,2.9000000953674316,900.0
2026-04-10 09:51:00,OMG.V,,2.0399999618530273,2.0399999618530273,2.0399999618530273,2.0399999618530273,100.0
2026-04-10 09:51:00,PCQ.V,,0.11500000208616257,0.11500000208616257,0.11500000208616257,0.11500000208616257,0.0
2026-04-10 09:51:00,PLSR.V,,2.0,2.0,2.0,2.0,25877.0
2026-04-10 09:51:00,QNC.V,,3.490000009536743,3.5,3.490000009536743,3.5,300.0
2026-04-10 09:51:00,RAK.V,,0.1599999964237213,0.1599999964237213,0.1599999964237213,0.1599999964237213,16000.0
2026-04-10 09:51:00,RECO.V,,1.1100000143051147,1.1150000095367432,1.1100000143051147,1.1150000095367432,7400.0
2026-04-10 09:51:00,RZL.V,,0.47999998927116394,0.47999998927116394,0.47999998927116394,0.47999998927116394,5000.0
2026-04-10 09:51:00,SBMI.V,,0.23000000417232513,0.23000000417232513,0.23000000417232513,0.23000000417232513,1000.0
2026-04-10 09:51:00,SCD.V,,0.13500000536441803,0.13500000536441803,0.13500000536441803,0.13500000536441803,7000.0
2026-04-10 09:51:00,SLI.V,,4.789999961853027,4.789999961853027,4.789999961853027,4.789999961853027,150.0
2026-04-10 09:51:00,SNV.V,,0.04500000178813934,0.04500000178813934,0.04500000178813934,0.04500000178813934,25000.0
2026-04-10 09:51:00,SSV.V,,0.6100000143051147,0.6100000143051147,0.6100000143051147,0.6100000143051147,24500.0
2026-04-10 09:51:00,SVRS.V,,0.47999998927116394,0.47999998927116394,0.4749999940395355,0.47999998927116394,19400.0
2026-04-10 09:51:00,VIPR.V,,1.309999942779541,1.309999942779541,1.309999942779541,1.309999942779541,100.0
2026-04-10 09:52:00,AGX.V,,0.7400000095367432,0.7400000095367432,0.7400000095367432,0.7400000095367432,992.0
2026-04-10 09:52:00,MAI.V,,6.449999809265137,6.449999809265137,6.449999809265137,6.449999809265137,300.0
2026-04-10 09:52:00,NAU.V,,1.850000023841858,1.850000023841858,1.840000033378601,1.840000033378601,4360.0
2026-04-10 09:52:00,NCX.V,,3.315000057220459,3.315000057220459,3.315000057220459,3.315000057220459,900.0
2026-04-10 09:52:00,NFG.V,,2.9000000953674316,2.9000000953674316,2.9000000953674316,2.9000000953674316,900.0
2026-04-10 09:52:00,NOW.V,,0.23499999940395355,0.23499999940395355,0.23499999940395355,0.23499999940395355,8500.0
2026-04-10 09:52:00,NXLV.V,,1.9900000095367432,1.9900000095367432,1.9900000095367432,1.9900000095367432,0.0
2026-04-10 09:52:00,OMG.V,,2.0399999618530273,2.0399999618530273,2.0399999618530273,2.0399999618530273,200.0
2026-04-10 09:52:00,PLSR.V,,2.0,2.0,2.0,2.0,5000.0
2026-04-10 09:52:00,QNC.V,,3.5,3.5199999809265137,3.5,3.509999990463257,3200.0
2026-04-10 09:52:00,RECO.V,,1.1100000143051147,1.1100000143051147,1.1100000143051147,1.1100000143051147,2800.0
2026-04-10 09:52:00,RVG.V,,0.8100000023841858,0.8100000023841858,0.8100000023841858,0.8100000023841858,1500.0
2026-04-10 09:52:00,SCD.V,,0.13500000536441803,0.13500000536441803,0.13500000536441803,0.13500000536441803,2500.0
2026-04-10 09:52:00,SGML.V,,20.25,20.25,20.25,20.25,1400.0
2026-04-10 09:52:00,SSV.V,,0.6100000143051147,0.6100000143051147,0.6100000143051147,0.6100000143051147,1000.0
2026-04-10 09:52:00,STUD.V,,0.35499998927116394,0.35499998927116394,0.35499998927116394,0.35499998927116394,6500.0
2026-04-10 09:53:00,MMY.V,,0.9800000190734863,0.9800000190734863,0.9800000190734863,0.9800000190734863,600.0
2026-04-10 09:53:00,MUN.V,,0.4300000071525574,0.4399999976158142,0.4300000071525574,0.4399999976158142,0.0
2026-04-10 09:53:00,NAU.V,,1.850000023841858,1.850000023841858,1.850000023841858,1.850000023841858,100.0
2026-04-10 09:53:00,NBLC.V,,0.07000000029802322,0.07000000029802322,0.07000000029802322,0.07000000029802322,1000.0
2026-04-10 09:53:00,NCX.V,,3.309999942779541,3.309999942779541,3.309999942779541,3.309999942779541,2200.0
2026-04-10 09:53:00,NWX.V,,0.15000000596046448,0.15000000596046448,0.15000000596046448,0.15000000596046448,6000.0
2026-04-10 09:53:00,OMM.V,,0.06499999761581421,0.06499999761581421,0.06499999761581421,0.06499999761581421,0.0
2026-04-10 09:53:00,QNC.V,,3.5,3.5,3.5,3.5,600.0
2026-04-10 09:53:00,RLYG.V,,0.6399999856948853,0.6399999856948853,0.6399999856948853,0.6399999856948853,1000.0
2026-04-10 09:53:00,SGML.V,,20.389999389648438,20.389999389648438,20.350000381469727,20.350000381469727,300.0
2026-04-10 09:53:00,SLVR.V,,0.8700000047683716,0.8700000047683716,0.8700000047683716,0.8700000047683716,18000.0
2026-04-10 09:53:00,SOMA.V,,1.8300000429153442,1.8300000429153442,1.8300000429153442,1.8300000429153442,100.0
2026-04-10 09:53:00,SPA.V,,0.23499999940395355,0.23499999940395355,0.23499999940395355,0.23499999940395355,500.0
2026-04-10 09:53:00,SPRQ.V,,0.6200000047683716,0.6200000047683716,0.6100000143051147,0.6100000143051147,0.0
2026-04-10 09:53:00,SVRS.V,,0.47999998927116394,0.49000000953674316,0.47999998927116394,0.48500001430511475,116000.0
2026-04-10 09:54:00,NCX.V,,3.299999952316284,3.309999942779541,3.299999952316284,3.309999942779541,2800.0
2026-04-10 09:54:00,NSCI.V,,0.11999999731779099,0.11999999731779099,0.11999999731779099,0.11999999731779099,63000.0
2026-04-10 09:54:00,NXLV.V,,2.0,2.0,2.0,2.0,4500.0
2026-04-10 09:54:00,OMG.V,,2.0399999618530273,2.0399999618530273,2.0399999618530273,2.0399999618530273,1500.0
2026-04-10 09:54:00,PWM.V,,0.42250001430511475,0.42250001430511475,0.42250001430511475,0.42250001430511475,7500.0
2026-04-10 09:54:00,QGR.V,,0.25,0.25,0.25,0.25,22500.0
2026-04-10 09:54:00,QNC.V,,3.490000009536743,3.490000009536743,3.490000009536743,3.490000009536743,4960.0
2026-04-10 09:54:00,ROS.V,,0.26499998569488525,0.26499998569488525,0.26499998569488525,0.26499998569488525,20000.0
2026-04-10 09:54:00,SAO.V,,0.08500000089406967,0.08500000089406967,0.08500000089406967,0.08500000089406967,0.0
2026-04-10 09:54:00,SCD.V,,0.14000000059604645,0.14000000059604645,0.13500000536441803,0.13500000536441803,11000.0
2026-04-10 09:54:00,SLI.V,,4.820000171661377,4.820000171661377,4.820000171661377,4.820000171661377,200.0
2026-04-10 09:54:00,SLVR.V,,0.875,0.875,0.875,0.875,1500.0
2026-04-10 09:54:00,SPRQ.V,,0.6399999856948853,0.6399999856948853,0.6399999856948853,0.6399999856948853,22000.0
2026-04-10 09:54:00,SVRS.V,,0.47999998927116394,0.47999998927116394,0.47999998927116394,0.47999998927116394,1000.0
2026-04-10 09:55:00,MAI.V,,6.46999979019165,6.46999979019165,6.46999979019165,6.46999979019165,1000.0
2026-04-10 09:55:00,NCI.V,,1.0199999809265137,1.0199999809265137,1.0199999809265137,1.0199999809265137,100.0
2026-04-10 09:55:00,NCX.V,,3.299999952316284,3.299999952316284,3.299999952316284,3.299999952316284,900.0
2026-04-10 09:55:00,NFG.V,,2.9100000858306885,2.9100000858306885,2.9100000858306885,2.9100000858306885,800.0
2026-04-10 09:55:00,PML.V,,0.8799999952316284,0.8799999952316284,0.8799999952316284,0.8799999952316284,1000.0
2026-04-10 09:55:00,QTWO.V,,2.25,2.25,2.25,2.25,100.0
2026-04-10 09:55:00,RAK.V,,0.1599999964237213,0.1599999964237213,0.1599999964237213,0.1599999964237213,4000.0
2026-04-10 09:55:00,ROS.V,,0.27000001072883606,0.27000001072883606,0.27000001072883606,0.27000001072883606,47000.0
2026-04-10 09:55:00,RVG.V,,0.8100000023841858,0.8100000023841858,0.8100000023841858,0.8100000023841858,500.0
2026-04-10 09:55:00,SGML.V,,20.290000915527344,20.290000915527344,20.290000915527344,20.290000915527344,130.0
2026-04-10 09:55:00,SLI.V,,4.820000171661377,4.820000171661377,4.820000171661377,4.820000171661377,100.0
2026-04-10 09:55:00,SM.V,,1.8700000047683716,1.8700000047683716,1.8700000047683716,1.8700000047683716,5400.0
2026-04-10 09:55:00,SSV.V,,0.6000000238418579,0.6100000143051147,0.6000000238418579,0.6100000143051147,22000.0
2026-04-10 09:55:00,SVRS.V,,0.49000000953674316,0.49000000953674316,0.49000000953674316,0.49000000953674316,4000.0
2026-04-10 09:55:00,VIPR.V,,1.3300000429153442,1.3300000429153442,1.309999942779541,1.3200000524520874,19400.0
2026-04-10 09:56:00,NAU.V,,1.850000023841858,1.850000023841858,1.850000023841858,1.850000023841858,100.0
2026-04-10 09:56:00,NFG.V,,2.9000000953674316,2.9100000858306885,2.9000000953674316,2.9100000858306885,1757.0
2026-04-10 09:56:00,NPR.V,,0.8299999833106995,0.8299999833106995,0.8299999833106995,0.8299999833106995,1000.0
2026-04-10 09:56:00,PINK.V,,0.3499999940395355,0.3499999940395355,0.3499999940395355,0.3499999940395355,9500.0
2026-04-10 09:56:00,QTWO.V,,2.2699999809265137,2.2699999809265137,2.25,2.25,1200.0
2026-04-10 09:56:00,RDS.V,,0.8999999761581421,0.8999999761581421,0.8999999761581421,0.8999999761581421,7220.0
2026-04-10 09:56:00,RECO.V,,1.1200000047683716,1.1200000047683716,1.1200000047683716,1.1200000047683716,5000.0
2026-04-10 09:56:00,RVG.V,,0.8100000023841858,0.8100000023841858,0.8100000023841858,0.8100000023841858,500.0
2026-04-10 09:56:00,SCD.V,,0.13500000536441803,0.13500000536441803,0.13500000536441803,0.13500000536441803,1000.0
2026-04-10 09:56:00,SLI.V,,4.829999923706055,4.829999923706055,4.829999923706055,4.829999923706055,1300.0
2026-04-10 09:56:00,SSV.V,,0.6050000190734863,0.6050000190734863,0.6050000190734863,0.6050000190734863,1000.0
2026-04-10 09:56:00,SVRS.V,,0.47999998927116394,0.49000000953674316,0.47999998927116394,0.49000000953674316,1500.0
2026-04-10 09:56:00,VIPR.V,,1.3300000429153442,1.3300000429153442,1.3300000429153442,1.3300000429153442,1500.0
2026-04-10 09:57:00,GASX.V,,1.4500000476837158,1.4500000476837158,1.4500000476837158,1.4500000476837158,100.0
2026-04-10 09:57:00,NBLC.V,,0.07000000029802322,0.07000000029802322,0.07000000029802322,0.07000000029802322,69000.0
2026-04-10 09:57:00,NCAU.V,,0.6399999856948853,0.6399999856948853,0.6399999856948853,0.6399999856948853,4500.0
2026-04-10 09:57:00,NCX.V,,3.309999942779541,3.309999942779541,3.309999942779541,3.309999942779541,1600.0
2026-04-10 09:57:00,PLSR.V,,1.9900000095367432,1.9900000095367432,1.9900000095367432,1.9900000095367432,1500.0
2026-04-10 09:57:00,RDS.V,,0.8999999761581421,0.8999999761581421,0.8999999761581421,0.8999999761581421,10924.0
2026-04-10 09:57:00,ROS.V,,0.27000001072883606,0.27000001072883606,0.27000001072883606,0.27000001072883606,11000.0
2026-04-10 09:57:00,SCZ.V,,11.34000015258789,11.34000015258789,11.34000015258789,11.34000015258789,132.0
2026-04-10 09:57:00,SGML.V,,20.450000762939453,20.5,20.450000762939453,20.450000762939453,1740.0
2026-04-10 09:57:00,SLG.V,,3.7200000286102295,3.7200000286102295,3.7200000286102295,3.7200000286102295,1000.0
2026-04-10 09:57:00,SLI.V,,4.829999923706055,4.829999923706055,4.829999923706055,4.829999923706055,100.0
2026-04-10 09:57:00,VIPR.V,,1.3300000429153442,1.3300000429153442,1.3300000429153442,1.3300000429153442,3500.0
2026-04-10 09:58:00,GASX.V,,1.4500000476837158,1.4500000476837158,1.4500000476837158,1.4500000476837158,300.0
2026-04-10 09:58:00,NAU.V,,1.850000023841858,1.850000023841858,1.850000023841858,1.850000023841858,100.0
2026-04-10 09:58:00,NCAU.V,,0.6399999856948853,0.6399999856948853,0.6399999856948853,0.6399999856948853,4000.0
2026-04-10 09:58:00,NOW.V,,0.23999999463558197,0.23999999463558197,0.23999999463558197,0.23999999463558197,19000.0
2026-04-10 09:58:00,ODV.V,,4.579999923706055,4.579999923706055,4.579999923706055,4.579999923706055,1500.0
2026-04-10 09:58:00,PER.V,,0.19499999284744263,0.19499999284744263,0.19499999284744263,0.19499999284744263,5000.0
2026-04-10 09:58:00,PGE.V,,0.3199999928474426,0.3199999928474426,0.3199999928474426,0.3199999928474426,500.0
2026-04-10 09:58:00,PINK.V,,0.3499999940395355,0.3499999940395355,0.3499999940395355,0.3499999940395355,500.0
2026-04-10 09:58:00,PNPN.V,,1.2400000095367432,1.2400000095367432,1.2400000095367432,1.2400000095367432,1000.0
2026-04-10 09:58:00,RBX.V,,6.96999979019165,6.96999979019165,6.809999942779541,6.809999942779541,200.0
2026-04-10 09:58:00,RECO.V,,1.1100000143051147,1.1200000047683716,1.1100000143051147,1.1200000047683716,21400.0
2026-04-10 09:58:00,SEI.V,,0.5899999737739563,0.5899999737739563,0.5899999737739563,0.5899999737739563,2500.0
2026-04-10 09:58:00,SGML.V,,20.649999618530273,20.649999618530273,20.649999618530273,20.649999618530273,401.0
2026-04-10 09:58:00,SSV.V,,0.6000000238418579,0.6000000238418579,0.6000000238418579,0.6000000238418579,4261.0
2026-04-10 09:59:00,GASX.V,,1.4500000476837158,1.4500000476837158,1.4500000476837158,1.4500000476837158,100.0
2026-04-10 09:59:00,NFG.V,,2.9000000953674316,2.9000000953674316,2.9000000953674316,2.9000000953674316,100.0
2026-04-10 09:59:00,OCO.V,,0.4099999964237213,0.4099999964237213,0.4099999964237213,0.4099999964237213,4500.0
2026-04-10 09:59:00,OMG.V,,2.049999952316284,2.049999952316284,2.0450000762939453,2.0450000762939453,2600.0
2026-04-10 09:59:00,PESO.V,,0.4099999964237213,0.4099999964237213,0.4000000059604645,0.4099999964237213,5000.0
2026-04-10 09:59:00,PLSR.V,,1.9800000190734863,1.9800000190734863,1.9800000190734863,1.9800000190734863,640.0
2026-04-10 09:59:00,QTWO.V,,2.25,2.25,2.25,2.25,100.0
2026-04-10 09:59:00,RE.V,,0.42500001192092896,0.42500001192092896,0.42500001192092896,0.42500001192092896,1500.0
2026-04-10 09:59:00,ROCK.V,,2.6700000762939453,2.6700000762939453,2.6700000762939453,2.6700000762939453,1100.0
2026-04-10 09:59:00,SCD.V,,0.13500000536441803,0.13500000536441803,0.13500000536441803,0.13500000536441803,100500.0
2026-04-10 09:59:00,SGML.V,,20.59000015258789,20.59000015258789,20.59000015258789,20.59000015258789,100.0
2026-04-10 09:59:00,SMN.V,,0.14000000059604645,0.14000000059604645,0.14000000059604645,0.14000000059604645,0.0
2026-04-10 09:59:00,SVRS.V,,0.48500001430511475,0.49000000953674316,0.48500001430511475,0.49000000953674316,28500.0
2026-04-10 10:00:00,GASX.V,,1.4500000476837158,1.4500000476837158,1.4500000476837158,1.4500000476837158,100.0
2026-04-10 10:00:00,NAU.V,,1.8200000524520874,1.8300000429153442,1.8200000524520874,1.8300000429153442,5300.0
2026-04-10 10:00:00,NOW.V,,0.23499999940395355,0.23499999940395355,0.23499999940395355,0.23499999940395355,2000.0
2026-04-10 10:00:00,OCO.V,,0.4050000011920929,0.4099999964237213,0.4050000011920929,0.4099999964237213,22000.0
2026-04-10 10:00:00,OMG.V,,2.049999952316284,2.049999952316284,2.049999952316284,2.049999952316284,1800.0
2026-04-10 10:00:00,QNC.V,,3.4800000190734863,3.4800000190734863,3.4800000190734863,3.4800000190734863,1200.0
2026-04-10 10:00:00,REG.V,,4.019999980926514,4.019999980926514,4.019999980926514,4.019999980926514,100.0
2026-04-10 10:00:00,ROCK.V,,2.6700000762939453,2.6700000762939453,2.6700000762939453,2.6700000762939453,500.0
2026-04-10 10:00:00,STRR.V,,0.5199999809265137,0.5199999809265137,0.5199999809265137,0.5199999809265137,4000.0
2026-04-10 10:00:00,SVRS.V,,0.48500001430511475,0.48500001430511475,0.48500001430511475,0.48500001430511475,1000.0
2026-04-10 10:00:00,VIPR.V,,1.350000023841858,1.350000023841858,1.3300000429153442,1.3300000429153442,24500.0
2026-04-10 10:01:00,GASX.V,,1.4500000476837158,1.4500000476837158,1.4500000476837158,1.4500000476837158,100.0
2026-04-10 10:01:00,NCI.V,,1.0199999809265137,1.0199999809265137,1.0199999809265137,1.0199999809265137,1050.0
2026-04-10 10:01:00,NCX.V,,3.319999933242798,3.319999933242798,3.319999933242798,3.319999933242798,3695.0
2026-04-10 10:01:00,NEV.V,,0.02500000037252903,0.02500000037252903,0.02500000037252903,0.02500000037252903,0.0
2026-04-10 10:01:00,PML.V,,0.8849999904632568,0.8899999856948853,0.8849999904632568,0.8899999856948853,1500.0
2026-04-10 10:01:00,QGR.V,,0.25,0.2549999952316284,0.25,0.25,34000.0
2026-04-10 10:01:00,QNC.V,,3.509999990463257,3.509999990463257,3.490000009536743,3.490000009536743,1513.0
2026-04-10 10:01:00,RAK.V,,0.1599999964237213,0.1599999964237213,0.1599999964237213,0.1599999964237213,11000.0
2026-04-10 10:01:00,RBX.V,,6.809999942779541,6.809999942779541,6.809999942779541,6.809999942779541,100.0
2026-04-10 10:01:00,RECO.V,,1.1200000047683716,1.1200000047683716,1.1200000047683716,1.1200000047683716,200.0
2026-04-10 10:01:00,REG.V,,4.010000228881836,4.010000228881836,3.994999885559082,3.994999885559082,500.0
2026-04-10 10:01:00,SLI.V,,4.829999923706055,4.829999923706055,4.829999923706055,4.829999923706055,200.0
2026-04-10 10:01:00,SM.V,,1.8600000143051147,1.8799999952316284,1.8600000143051147,1.8799999952316284,8600.0
2026-04-10 10:01:00,SPX.V,,0.11500000208616257,0.11500000208616257,0.11500000208616257,0.11500000208616257,1246.0
2026-04-10 10:01:00,SVRS.V,,0.48500001430511475,0.48500001430511475,0.48500001430511475,0.48500001430511475,1000.0
2026-04-10 10:02:00,GASX.V,,1.4500000476837158,1.4500000476837158,1.4500000476837158,1.4500000476837158,200.0
2026-04-10 10:02:00,MAI.V,,6.5,6.5,6.46999979019165,6.46999979019165,16800.0
2026-04-10 10:02:00,NGC.V,,0.17499999701976776,0.17499999701976776,0.17499999701976776,0.17499999701976776,8000.0
2026-04-10 10:02:00,OMG.V,,2.049999952316284,2.049999952316284,2.049999952316284,2.049999952316284,800.0
2026-04-10 10:02:00,PML.V,,0.8999999761581421,0.8999999761581421,0.8999999761581421,0.8999999761581421,600.0
2026-04-10 10:02:00,PNPN.V,,1.2300000190734863,1.2300000190734863,1.2300000190734863,1.2300000190734863,3715.0
2026-04-10 10:02:00,QNC.V,,3.509999990463257,3.509999990463257,3.509999990463257,3.509999990463257,128.0
2026-04-10 10:02:00,ROOF.V,,0.20499999821186066,0.20499999821186066,0.20499999821186066,0.20499999821186066,0.0
2026-04-10 10:02:00,SGML.V,,20.489999771118164,20.489999771118164,20.489999771118164,20.489999771118164,100.0
2026-04-10 10:02:00,SVRS.V,,0.4950000047683716,0.4950000047683716,0.49000000953674316,0.4950000047683716,194000.0
2026-04-10 10:02:00,VIPR.V,,1.350000023841858,1.350000023841858,1.350000023841858,1.350000023841858,500.0
2026-04-10 10:03:00,GASX.V,,1.4500000476837158,1.4500000476837158,1.4500000476837158,1.4500000476837158,200.0
2026-04-10 10:03:00,NOW.V,,0.23499999940395355,0.23499999940395355,0.23499999940395355,0.23499999940395355,9500.0
2026-04-10 10:03:00,NSE.V,,0.5799999833106995,0.5799999833106995,0.5799999833106995,0.5799999833106995,500.0
2026-04-10 10:03:00,NXLV.V,,1.9800000190734863,1.9800000190734863,1.9800000190734863,1.9800000190734863,500.0
2026-04-10 10:03:00,PUR.V,,0.6399999856948853,0.6399999856948853,0.6399999856948853,0.6399999856948853,1500.0
2026-04-10 10:03:00,QNC.V,,3.505000114440918,3.505000114440918,3.505000114440918,3.505000114440918,100.0
2026-04-10 10:03:00,RECO.V,,1.1150000095367432,1.1200000047683716,1.1150000095367432,1.1200000047683716,7900.0
2026-04-10 10:03:00,SFR.V,,0.25,0.25,0.25,0.25,1000.0
2026-04-10 10:03:00,SGML.V,,20.329999923706055,20.329999923706055,20.329999923706055,20.329999923706055,100.0
2026-04-10 10:03:00,SKP.V,,0.1850000023841858,0.1850000023841858,0.1850000023841858,0.1850000023841858,0.0
2026-04-10 10:03:00,SLI.V,,4.820000171661377,4.820000171661377,4.820000171661377,4.820000171661377,100.0
2026-04-10 10:03:00,SOI.V,,0.20999999344348907,0.20999999344348907,0.20999999344348907,0.20999999344348907,5275.0
2026-04-10 10:03:00,SVRS.V,,0.49000000953674316,0.4950000047683716,0.49000000953674316,0.4950000047683716,43500.0
2026-04-10 10:03:00,SXL.V,,0.07999999821186066,0.07999999821186066,0.07999999821186066,0.07999999821186066,3000.0
2026-04-10 10:04:00,BET.V,,0.014999999664723873,0.014999999664723873,0.014999999664723873,0.014999999664723873,0.0
2026-04-10 10:04:00,CTZ.V,,1.2000000476837158,1.2000000476837158,1.2000000476837158,1.2000000476837158,100.0
2026-04-10 10:04:00,FISH.V,,3.7100000381469727,3.7200000286102295,3.7100000381469727,3.7100000381469727,1300.0
2026-04-10 10:04:00,NOW.V,,0.23499999940395355,0.23499999940395355,0.23499999940395355,0.23499999940395355,10000.0
2026-04-10 10:04:00,ODV.V,,4.570000171661377,4.570000171661377,4.570000171661377,4.570000171661377,700.0
2026-04-10 10:04:00,OMG.V,,2.049999952316284,2.049999952316284,2.049999952316284,2.049999952316284,200.0
2026-04-10 10:04:00,OPHR.V,,0.03500000014901161,0.03500000014901161,0.03500000014901161,0.03500000014901161,0.0
2026-04-10 10:04:00,PLSR.V,,1.9800000190734863,1.9800000190734863,1.9800000190734863,1.9800000190734863,1900.0
2026-04-10 10:04:00,PUR.V,,0.6499999761581421,0.6499999761581421,0.6499999761581421,0.6499999761581421,500.0
2026-04-10 10:04:00,QGR.V,,0.25,0.2549999952316284,0.25,0.2549999952316284,2500.0
2026-04-10 10:04:00,RBX.V,,7.139999866485596,7.139999866485596,7.139999866485596,7.139999866485596,200.0
2026-04-10 10:04:00,RSM.V,,0.3050000071525574,0.3050000071525574,0.3050000071525574,0.3050000071525574,5000.0
2026-04-10 10:04:00,SCD.V,,0.12999999523162842,0.12999999523162842,0.12999999523162842,0.12999999523162842,3000.0
2026-04-10 10:04:00,SKP.V,,0.18000000715255737,0.1850000023841858,0.18000000715255737,0.1850000023841858,44500.0
2026-04-10 10:04:00,VIPR.V,,1.340000033378601,1.3450000286102295,1.340000033378601,1.3450000286102295,7000.0
2026-04-10 10:05:00,GASX.V,,1.4500000476837158,1.4500000476837158,1.4500000476837158,1.4500000476837158,200.0
2026-04-10 10:05:00,MAI.V,,6.480000019073486,6.480000019073486,6.480000019073486,6.480000019073486,200.0
2026-04-10 10:05:00,MKA.V,,0.7099999785423279,0.7099999785423279,0.7099999785423279,0.7099999785423279,2000.0
2026-04-10 10:05:00,NFG.V,,2.9000000953674316,2.9000000953674316,2.9000000953674316,2.9000000953674316,200.0
2026-04-10 10:05:00,OMG.V,,2.0399999618530273,2.0399999618530273,2.0399999618530273,2.0399999618530273,2100.0
2026-04-10 10:05:00,PLSR.V,,1.9900000095367432,1.9900000095367432,1.9900000095367432,1.9900000095367432,200.0
2026-04-10 10:05:00,PML.V,,0.8899999856948853,0.8899999856948853,0.8899999856948853,0.8899999856948853,1000.0
2026-04-10 10:05:00,PNPN.V,,1.2400000095367432,1.2400000095367432,1.2400000095367432,1.2400000095367432,100.0
2026-04-10 10:05:00,PUR.V,,0.6449999809265137,0.6499999761581421,0.6449999809265137,0.6499999761581421,2000.0
2026-04-10 10:05:00,QNC.V,,3.5299999713897705,3.5399999618530273,3.509999990463257,3.509999990463257,26000.0
2026-04-10 10:05:00,SLG.V,,3.7300000190734863,3.7300000190734863,3.7300000190734863,3.7300000190734863,100.0
2026-04-10 10:05:00,SOI.V,,0.20999999344348907,0.20999999344348907,0.20999999344348907,0.20999999344348907,1000.0
2026-04-10 10:05:00,SPRQ.V,,0.6600000262260437,0.6600000262260437,0.6600000262260437,0.6600000262260437,5500.0
2026-04-10 10:06:00,GASX.V,,1.4500000476837158,1.4500000476837158,1.4500000476837158,1.4500000476837158,200.0
2026-04-10 10:06:00,MKA.V,,0.7099999785423279,0.7099999785423279,0.7099999785423279,0.7099999785423279,1000.0
2026-04-10 10:06:00,NCAU.V,,0.6399999856948853,0.6399999856948853,0.6399999856948853,0.6399999856948853,14000.0
2026-04-10 10:06:00,NDA.V,,0.925000011920929,0.925000011920929,0.925000011920929,0.925000011920929,500.0
2026-04-10 10:06:00,NGC.V,,0.17499999701976776,0.17499999701976776,0.17499999701976776,0.17499999701976776,2000.0
2026-04-10 10:06:00,PER.V,,0.1899999976158142,0.1899999976158142,0.1899999976158142,0.1899999976158142,5000.0
2026-04-10 10:06:00,PLSR.V,,2.0,2.0,1.9900000095367432,1.9900000095367432,2000.0
2026-04-10 10:06:00,QNC.V,,3.5199999809265137,3.5199999809265137,3.5199999809265137,3.5199999809265137,100.0
2026-04-10 10:06:00,RVG.V,,0.8100000023841858,0.8149999976158142,0.8100000023841858,0.8149999976158142,2500.0
2026-04-10 10:06:00,SVRS.V,,0.48500001430511475,0.48500001430511475,0.47999998927116394,0.47999998927116394,2500.0
2026-04-10 10:07:00,AFR.V,,0.04500000178813934,0.04500000178813934,0.04500000178813934,0.04500000178813934,10000.0
2026-04-10 10:07:00,NCX.V,,3.309999942779541,3.309999942779541,3.309999942779541,3.309999942779541,1100.0
2026-04-10 10:07:00,NFG.V,,2.890000104904175,2.890000104904175,2.890000104904175,2.890000104904175,1600.0
2026-04-10 10:07:00,NWX.V,,0.15000000596046448,0.15000000596046448,0.15000000596046448,0.15000000596046448,1500.0
2026-04-10 10:07:00,OMG.V,,2.0299999713897705,2.0399999618530273,2.0299999713897705,2.0299999713897705,3297.0
2026-04-10 10:07:00,PGE.V,,0.3199999928474426,0.32499998807907104,0.3199999928474426,0.3199999928474426,6500.0
2026-04-10 10:07:00,PGLD.V,,0.7200000286102295,0.7200000286102295,0.7200000286102295,0.7200000286102295,500.0
2026-04-10 10:07:00,PLAN.V,,0.3499999940395355,0.3499999940395355,0.3499999940395355,0.3499999940395355,26000.0
2026-04-10 10:07:00,PLSR.V,,1.9900000095367432,2.0,1.9900000095367432,2.0,3600.0
2026-04-10 10:07:00,PWM.V,,0.4399999976158142,0.4399999976158142,0.4399999976158142,0.4399999976158142,500.0
2026-04-10 10:07:00,QTWO.V,,2.240000009536743,2.240000009536743,2.240000009536743,2.240000009536743,100.0
2026-04-10 10:07:00,RCK.V,,0.9599999785423279,0.9599999785423279,0.9599999785423279,0.9599999785423279,500.0
2026-04-10 10:07:00,RML.V,,1.059999942779541,1.059999942779541,1.059999942779541,1.059999942779541,2500.0
2026-04-10 10:07:00,SGN.V,,0.3499999940395355,0.3499999940395355,0.3499999940395355,0.3499999940395355,0.0
2026-04-10 10:07:00,SLVR.V,,0.8700000047683716,0.8700000047683716,0.8700000047683716,0.8700000047683716,28215.0
2026-04-10 10:07:00,SNV.V,,0.04500000178813934,0.04500000178813934,0.04500000178813934,0.04500000178813934,115000.0
2026-04-10 10:07:00,SVRS.V,,0.47999998927116394,0.47999998927116394,0.47999998927116394,0.47999998927116394,2000.0
2026-04-10 10:08:00,NCX.V,,3.309999942779541,3.309999942779541,3.309999942779541,3.309999942779541,100.0
2026-04-10 10:08:00,NFG.V,,2.880000114440918,2.880000114440918,2.880000114440918,2.880000114440918,3050.0
2026-04-10 10:08:00,ODV.V,,4.570000171661377,4.570000171661377,4.534999847412109,4.559999942779541,44700.0
2026-04-10 10:08:00,OML.V,,1.2999999523162842,1.2999999523162842,1.2999999523162842,1.2999999523162842,0.0
2026-04-10 10:08:00,PLAN.V,,0.3499999940395355,0.3499999940395355,0.3499999940395355,0.3499999940395355,20000.0
2026-04-10 10:08:00,PLUR.V,,0.11999999731779099,0.11999999731779099,0.11999999731779099,0.11999999731779099,47015.0
2026-04-10 10:08:00,PWM.V,,0.4350000023841858,0.4399999976158142,0.4350000023841858,0.4399999976158142,2000.0
2026-04-10 10:08:00,QGR.V,,0.2549999952316284,0.2549999952316284,0.2549999952316284,0.2549999952316284,12000.0
2026-04-10 10:08:00,QNC.V,,3.5299999713897705,3.5299999713897705,3.5299999713897705,3.5299999713897705,3300.0
2026-04-10 10:08:00,RDS.V,,0.8999999761581421,0.8999999761581421,0.8999999761581421,0.8999999761581421,500.0
2026-04-10 10:08:00,REG.V,,3.994999885559082,3.994999885559082,3.994999885559082,3.994999885559082,1000.0
2026-04-10 10:08:00,RSM.V,,0.3100000023841858,0.3100000023841858,0.3100000023841858,0.3100000023841858,6500.0
2026-04-10 10:08:00,SCZ.V,,11.270000457763672,11.270000457763672,11.270000457763672,11.270000457763672,1100.0
2026-04-10 10:08:00,SKP.V,,0.18000000715255737,0.18000000715255737,0.18000000715255737,0.18000000715255737,26500.0
2026-04-10 10:08:00,SLVR.V,,0.8700000047683716,0.8700000047683716,0.8700000047683716,0.8700000047683716,20500.0
2026-04-10 10:08:00,SNV.V,,0.04500000178813934,0.04500000178813934,0.04500000178813934,0.04500000178813934,20000.0
2026-04-10 10:08:00,VIPR.V,,1.3300000429153442,1.3300000429153442,1.3300000429153442,1.3300000429153442,2400.0
2026-04-10 10:09:00,AGX.V,,0.7400000095367432,0.7400000095367432,0.7400000095367432,0.7400000095367432,3000.0
2026-04-10 10:09:00,NAU.V,,1.809999942779541,1.809999942779541,1.809999942779541,1.809999942779541,9000.0
2026-04-10 10:09:00,OMG.V,,2.0299999713897705,2.0299999713897705,2.0299999713897705,2.0299999713897705,600.0
2026-04-10 10:09:00,OZ.V,,0.3700000047683716,0.3700000047683716,0.3700000047683716,0.3700000047683716,2000.0
2026-04-10 10:09:00,PGLD.V,,0.7200000286102295,0.7200000286102295,0.7200000286102295,0.7200000286102295,2800.0
2026-04-10 10:09:00,QTWO.V,,2.240000009536743,2.240000009536743,2.240000009536743,2.240000009536743,100.0
2026-04-10 10:09:00,REC.V,,0.07500000298023224,0.07500000298023224,0.07500000298023224,0.07500000298023224,69000.0
2026-04-10 10:09:00,RVG.V,,0.8100000023841858,0.8100000023841858,0.8100000023841858,0.8100000023841858,500.0
2026-04-10 10:09:00,RZL.V,,0.47999998927116394,0.47999998927116394,0.47999998927116394,0.47999998927116394,3500.0
2026-04-10 10:09:00,SCOT.V,,2.4000000953674316,2.4000000953674316,2.4000000953674316,2.4000000953674316,900.0
2026-04-10 10:09:00,SCZ.V,,11.270000457763672,11.270000457763672,11.270000457763672,11.270000457763672,1100.0
2026-04-10 10:09:00,SEI.V,,0.5899999737739563,0.5899999737739563,0.5899999737739563,0.5899999737739563,36500.0
2026-04-10 10:09:00,SGC.V,,0.07500000298023224,0.07500000298023224,0.07500000298023224,0.07500000298023224,1000.0
2026-04-10 10:09:00,SLVR.V,,0.875,0.875,0.875,0.875,2000.0
2026-04-10 10:09:00,SOI.V,,0.2150000035762787,0.2150000035762787,0.20999999344348907,0.20999999344348907,27500.0
2026-04-10 10:10:00,FISH.V,,3.7100000381469727,3.7100000381469727,3.7100000381469727,3.7100000381469727,100.0
2026-04-10 10:10:00,GASX.V,,1.4500000476837158,1.4500000476837158,1.4500000476837158,1.4500000476837158,23400.0
2026-04-10 10:10:00,MAI.V,,6.449999809265137,6.449999809265137,6.449999809265137,6.449999809265137,500.0
2026-04-10 10:10:00,NCX.V,,3.305000066757202,3.305000066757202,3.305000066757202,3.305000066757202,1000.0
2026-04-10 10:10:00,NEV.V,,0.029999999329447746,0.029999999329447746,0.02500000037252903,0.02500000037252903,90000.0
2026-04-10 10:10:00,NFG.V,,2.859999895095825,2.859999895095825,2.859999895095825,2.859999895095825,100.0
2026-04-10 10:10:00,PGE.V,,0.3199999928474426,0.3199999928474426,0.3199999928474426,0.3199999928474426,3500.0
2026-04-10 10:10:00,PGLD.V,,0.7200000286102295,0.7200000286102295,0.7200000286102295,0.7200000286102295,2000.0
2026-04-10 10:10:00,PLSR.V,,1.9900000095367432,1.9900000095367432,1.9900000095367432,1.9900000095367432,3500.0
2026-04-10 10:10:00,PNPN.V,,1.2350000143051147,1.2350000143051147,1.2350000143051147,1.2350000143051147,900.0
2026-04-10 10:10:00,PPM.V,,0.019999999552965164,0.019999999552965164,0.019999999552965164,0.019999999552965164,0.0
2026-04-10 10:10:00,QNC.V,,3.509999990463257,3.5199999809265137,3.509999990463257,3.5199999809265137,1400.0
2026-04-10 10:10:00,RDS.V,,0.8999999761581421,0.8999999761581421,0.8999999761581421,0.8999999761581421,500.0
2026-04-10 10:10:00,RSM.V,,0.3100000023841858,0.3100000023841858,0.3100000023841858,0.3100000023841858,3500.0
2026-04-10 10:10:00,SATO.V,,0.09000000357627869,0.09000000357627869,0.09000000357627869,0.09000000357627869,0.0
2026-04-10 10:10:00,SCZ.V,,11.260000228881836,11.260000228881836,11.260000228881836,11.260000228881836,100.0
2026-04-10 10:10:00,SEI.V,,0.5899999737739563,0.5899999737739563,0.5899999737739563,0.5899999737739563,150000.0
2026-04-10 10:10:00,SGC.V,,0.06499999761581421,0.06499999761581421,0.06499999761581421,0.06499999761581421,79700.0
2026-04-10 10:10:00,SGML.V,,20.510000228881836,20.510000228881836,20.399999618530273,20.450000762939453,3500.0
2026-04-10 10:10:00,SM.V,,1.8700000047683716,1.8700000047683716,1.8700000047683716,1.8700000047683716,1300.0
2026-04-10 10:10:00,SQG.V,,0.0949999988079071,0.0949999988079071,0.0949999988079071,0.0949999988079071,0.0
2026-04-10 10:10:00,SVRS.V,,0.47999998927116394,0.47999998927116394,0.47999998927116394,0.47999998927116394,18500.0
2026-04-10 10:10:00,SYH.V,,0.48500001430511475,0.48500001430511475,0.48500001430511475,0.48500001430511475,1000.0
2026-04-10 10:11:00,AGX.V,,0.7300000190734863,0.7300000190734863,0.7300000190734863,0.7300000190734863,11000.0
2026-04-10 10:11:00,MAI.V,,6.440000057220459,6.440000057220459,6.440000057220459,6.440000057220459,200.0
2026-04-10 10:11:00,MMY.V,,0.9800000190734863,0.9800000190734863,0.9800000190734863,0.9800000190734863,2310.0
2026-04-10 10:11:00,NCAU.V,,0.6399999856948853,0.6399999856948853,0.6399999856948853,0.6399999856948853,4000.0
2026-04-10 10:11:00,NCX.V,,3.299999952316284,3.299999952316284,3.299999952316284,3.299999952316284,5300.0
2026-04-10 10:11:00,NWX.V,,0.15000000596046448,0.15000000596046448,0.15000000596046448,0.15000000596046448,10000.0
2026-04-10 10:11:00,OMG.V,,2.009999990463257,2.0199999809265137,2.009999990463257,2.0199999809265137,9650.0
2026-04-10 10:11:00,ORC-B.V,,3.299999952316284,3.299999952316284,3.299999952316284,3.299999952316284,0.0
2026-04-10 10:11:00,PALI.V,,2.430000066757202,2.430000066757202,2.430000066757202,2.430000066757202,949.0
2026-04-10 10:11:00,PGLD.V,,0.7200000286102295,0.7200000286102295,0.7200000286102295,0.7200000286102295,4500.0
2026-04-10 10:11:00,PLAN.V,,0.35499998927116394,0.35499998927116394,0.35499998927116394,0.35499998927116394,505.0
2026-04-10 10:11:00,PLSR.V,,1.9900000095367432,1.9900000095367432,1.9900000095367432,1.9900000095367432,650.0
2026-04-10 10:11:00,QNC.V,,3.509999990463257,3.509999990463257,3.509999990463257,3.509999990463257,1100.0
2026-04-10 10:11:00,QTWO.V,,2.240000009536743,2.240000009536743,2.240000009536743,2.240000009536743,100.0
2026-04-10 10:11:00,RDS.V,,0.8999999761581421,0.8999999761581421,0.8999999761581421,0.8999999761581421,18000.0
2026-04-10 10:11:00,RSM.V,,0.3050000071525574,0.3050000071525574,0.3050000071525574,0.3050000071525574,10500.0
2026-04-10 10:11:00,RVG.V,,0.8100000023841858,0.8100000023841858,0.8100000023841858,0.8100000023841858,2000.0
2026-04-10 10:11:00,SCZ.V,,11.229999542236328,11.239999771118164,11.229999542236328,11.239999771118164,404.0
2026-04-10 10:11:00,SLI.V,,4.789999961853027,4.789999961853027,4.789999961853027,4.789999961853027,600.0
2026-04-10 10:11:00,SLVR.V,,0.8700000047683716,0.8700000047683716,0.8700000047683716,0.8700000047683716,110000.0
2026-04-10 10:11:00,SVRS.V,,0.4749999940395355,0.4749999940395355,0.4749999940395355,0.4749999940395355,2000.0
2026-04-10 10:12:00,AGX.V,,0.7300000190734863,0.7300000190734863,0.7300000190734863,0.7300000190734863,16598.0
2026-04-10 10:12:00,MMY.V,,0.9800000190734863,0.9800000190734863,0.9800000190734863,0.9800000190734863,3000.0
2026-04-10 10:12:00,NCX.V,,3.299999952316284,3.299999952316284,3.299999952316284,3.299999952316284,1500.0
2026-04-10 10:12:00,NFG.V,,2.859999895095825,2.869999885559082,2.859999895095825,2.859999895095825,5200.0
2026-04-10 10:12:00,NPTH.V,,0.5199999809265137,0.5199999809265137,0.5199999809265137,0.5199999809265137,0.0
2026-04-10 10:12:00,NWX.V,,0.15000000596046448,0.15000000596046448,0.15000000596046448,0.15000000596046448,10000.0
2026-04-10 10:12:00,OMG.V,,2.0199999809265137,2.0199999809265137,2.0199999809265137,2.0199999809265137,100.0
2026-04-10 10:12:00,QNC.V,,3.509999990463257,3.509999990463257,3.509999990463257,3.509999990463257,400.0
2026-04-10 10:12:00,RPX.V,,0.1899999976158142,0.1899999976158142,0.1899999976158142,0.1899999976158142,58000.0
2026-04-10 10:12:00,RSM.V,,0.3050000071525574,0.3050000071525574,0.3050000071525574,0.3050000071525574,11505.0
2026-04-10 10:12:00,RZL.V,,0.5,0.5,0.47999998927116394,0.47999998927116394,3000.0
2026-04-10 10:12:00,SAG.V,,1.4700000286102295,1.4700000286102295,1.4700000286102295,1.4700000286102295,702.0
2026-04-10 10:12:00,SCZ.V,,11.229999542236328,11.229999542236328,11.210000038146973,11.210000038146973,1200.0
2026-04-10 10:12:00,SGML.V,,20.59000015258789,20.59000015258789,20.59000015258789,20.59000015258789,3046.0
2026-04-10 10:12:00,SLVR.V,,0.8700000047683716,0.8700000047683716,0.8700000047683716,0.8700000047683716,30198.0
2026-04-10 10:12:00,SM.V,,1.8600000143051147,1.8700000047683716,1.8600000143051147,1.8700000047683716,200.0
2026-04-10 10:12:00,STMP.V,,0.15000000596046448,0.15000000596046448,0.15000000596046448,0.15000000596046448,3000.0
2026-04-10 10:12:00,SVRS.V,,0.47999998927116394,0.47999998927116394,0.47999998927116394,0.47999998927116394,2500.0
2026-04-10 10:12:00,VIPR.V,,1.3200000524520874,1.3200000524520874,1.3200000524520874,1.3200000524520874,46500.0
2026-04-10 10:13:00,GASX.V,,1.4500000476837158,1.4500000476837158,1.4500000476837158,1.4500000476837158,4700.0
2026-04-10 10:13:00,NAU.V,,1.8300000429153442,1.8300000429153442,1.8300000429153442,1.8300000429153442,1879.0
2026-04-10 10:13:00,NCAU.V,,0.6399999856948853,0.6399999856948853,0.6399999856948853,0.6399999856948853,27000.0
2026-04-10 10:13:00,NDA.V,,0.9300000071525574,0.9300000071525574,0.9300000071525574,0.9300000071525574,4500.0
2026-04-10 10:13:00,PLSR.V,,1.9800000190734863,1.9800000190734863,1.9800000190734863,1.9800000190734863,500.0
2026-04-10 10:13:00,PLY.V,,0.054999999701976776,0.054999999701976776,0.054999999701976776,0.054999999701976776,0.0
2026-04-10 10:13:00,QNC.V,,3.509999990463257,3.509999990463257,3.509999990463257,3.509999990463257,300.0
2026-04-10 10:13:00,RML.V,,1.059999942779541,1.059999942779541,1.059999942779541,1.059999942779541,2000.0
2026-04-10 10:13:00,SEI.V,,0.5899999737739563,0.5899999737739563,0.5899999737739563,0.5899999737739563,3500.0
2026-04-10 10:13:00,SOI.V,,0.2150000035762787,0.2150000035762787,0.2150000035762787,0.2150000035762787,4000.0
2026-04-10 10:13:00,SVRS.V,,0.47999998927116394,0.47999998927116394,0.47999998927116394,0.47999998927116394,3300.0
2026-04-10 10:14:00,GASX.V,,1.4500000476837158,1.4500000476837158,1.4500000476837158,1.4500000476837158,200.0
2026-04-10 10:14:00,NCX.V,,3.299999952316284,3.299999952316284,3.299999952316284,3.299999952316284,800.0
2026-04-10 10:14:00,OCO.V,,0.4050000011920929,0.4050000011920929,0.4050000011920929,0.4050000011920929,2000.0
2026-04-10 10:14:00,ODV.V,,4.559999942779541,4.559999942779541,4.559999942779541,4.559999942779541,100.0
2026-04-10 10:14:00,OMG.V,,2.0299999713897705,2.0299999713897705,2.0250000953674316,2.0250000953674316,200.0
2026-04-10 10:14:00,PEX.V,,0.18000000715255737,0.18000000715255737,0.18000000715255737,0.18000000715255737,8000.0
2026-04-10 10:14:00,PGLD.V,,0.7200000286102295,0.7200000286102295,0.7200000286102295,0.7200000286102295,21000.0
2026-04-10 10:14:00,PLSR.V,,1.9700000286102295,1.9700000286102295,1.9700000286102295,1.9700000286102295,5805.0
2026-04-10 10:14:00,PML.V,,0.8999999761581421,0.8999999761581421,0.8999999761581421,0.8999999761581421,500.0
2026-04-10 10:14:00,PUR.V,,0.6499999761581421,0.6499999761581421,0.6499999761581421,0.6499999761581421,500.0
2026-04-10 10:14:00,QNC.V,,3.5399999618530273,3.5399999618530273,3.5299999713897705,3.5299999713897705,200.0
2026-04-10 10:14:00,RDS.V,,0.8999999761581421,0.8999999761581421,0.8999999761581421,0.8999999761581421,1000.0
2026-04-10 10:14:00,RML.V,,1.059999942779541,1.059999942779541,1.059999942779541,1.059999942779541,100.0
2026-04-10 10:14:00,SEI.V,,0.5799999833106995,0.5799999833106995,0.5799999833106995,0.5799999833106995,8000.0
2026-04-10 10:15:00,MAI.V,,6.449999809265137,6.449999809265137,6.449999809265137,6.449999809265137,200.0
2026-04-10 10:15:00,MHUB.V,,0.6299999952316284,0.6299999952316284,0.6299999952316284,0.6299999952316284,10500.0
2026-04-10 10:15:00,MMY.V,,0.9900000095367432,0.9900000095367432,0.9900000095367432,0.9900000095367432,100.0
2026-04-10 10:15:00,NCX.V,,3.309999942779541,3.309999942779541,3.309999942779541,3.309999942779541,800.0
2026-04-10 10:15:00,OMG.V,,2.0199999809265137,2.0199999809265137,2.0199999809265137,2.0199999809265137,1200.0
2026-04-10 10:15:00,PGE.V,,0.3199999928474426,0.3199999928474426,0.3199999928474426,0.3199999928474426,2500.0
2026-04-10 10:15:00,PLY.V,,0.054999999701976776,0.054999999701976776,0.054999999701976776,0.054999999701976776,7000.0
2026-04-10 10:15:00,QGR.V,,0.2549999952316284,0.2549999952316284,0.2549999952316284,0.2549999952316284,31000.0
2026-04-10 10:15:00,QNC.V,,3.5199999809265137,3.5199999809265137,3.5199999809265137,3.5199999809265137,450.0
2026-04-10 10:15:00,QTWO.V,,2.244999885559082,2.244999885559082,2.244999885559082,2.244999885559082,100.0
2026-04-10 10:15:00,RET.V,,2.119999885559082,2.119999885559082,2.119999885559082,2.119999885559082,1300.0
2026-04-10 10:15:00,RVG.V,,0.8100000023841858,0.8100000023841858,0.8100000023841858,0.8100000023841858,3000.0
2026-04-10 10:15:00,SEI.V,,0.5799999833106995,0.5799999833106995,0.5799999833106995,0.5799999833106995,871.0
2026-04-10 10:15:00,SGML.V,,20.739999771118164,20.739999771118164,20.739999771118164,20.739999771118164,400.0
2026-04-10 10:15:00,SHL.V,,0.49000000953674316,0.49000000953674316,0.49000000953674316,0.49000000953674316,3000.0
2026-04-10 10:15:00,SLI.V,,4.809999942779541,4.809999942779541,4.809999942779541,4.809999942779541,100.0
2026-04-10 10:15:00,STMP.V,,0.15000000596046448,0.15000000596046448,0.15000000596046448,0.15000000596046448,40000.0
2026-04-10 10:15:00,SVRS.V,,0.48500001430511475,0.48500001430511475,0.48500001430511475,0.48500001430511475,7500.0
2026-04-10 10:16:00,BKM.V,,1.399999976158142,1.399999976158142,1.399999976158142,1.399999976158142,0.0
2026-04-10 10:16:00,MHUB.V,,0.6100000143051147,0.6100000143051147,0.6100000143051147,0.6100000143051147,500.0
2026-04-10 10:16:00,NCX.V,,3.309999942779541,3.319999933242798,3.309999942779541,3.319999933242798,12083.0
2026-04-10 10:16:00,NFG.V,,2.859999895095825,2.859999895095825,2.8499999046325684,2.8499999046325684,2450.0
2026-04-10 10:16:00,NICN.V,,0.11500000208616257,0.11500000208616257,0.11500000208616257,0.11500000208616257,12000.0
2026-04-10 10:16:00,NSE.V,,0.5799999833106995,0.5799999833106995,0.5799999833106995,0.5799999833106995,500.0
2026-04-10 10:16:00,PGLD.V,,0.7200000286102295,0.7200000286102295,0.7200000286102295,0.7200000286102295,2000.0
2026-04-10 10:16:00,PLSR.V,,1.9600000381469727,1.9600000381469727,1.9600000381469727,1.9600000381469727,1050.0
2026-04-10 10:16:00,RDS.V,,0.9100000262260437,0.9100000262260437,0.9100000262260437,0.9100000262260437,11000.0
2026-04-10 10:16:00,REC.V,,0.07500000298023224,0.07500000298023224,0.07500000298023224,0.07500000298023224,50000.0
2026-04-10 10:16:00,SEI.V,,0.5799999833106995,0.5799999833106995,0.5799999833106995,0.5799999833106995,4500.0
2026-04-10 10:16:00,SLVR.V,,0.8799999952316284,0.8799999952316284,0.8799999952316284,0.8799999952316284,1500.0
2026-04-10 10:16:00,STRR.V,,0.5199999809265137,0.5199999809265137,0.5199999809265137,0.5199999809265137,5500.0
2026-04-10 10:16:00,SVRS.V,,0.48500001430511475,0.48500001430511475,0.48500001430511475,0.48500001430511475,5500.0
2026-04-10 10:17:00,MHUB.V,,0.6100000143051147,0.6100000143051147,0.6100000143051147,0.6100000143051147,500.0
2026-04-10 10:17:00,ODV.V,,4.559999942779541,4.559999942779541,4.559999942779541,4.559999942779541,300.0
2026-04-10 10:17:00,OMG.V,,2.0199999809265137,2.0199999809265137,2.0199999809265137,2.0199999809265137,900.0
2026-04-10 10:17:00,PLAN.V,,0.35499998927116394,0.35499998927116394,0.35499998927116394,0.35499998927116394,24500.0
2026-04-10 10:17:00,QNC.V,,3.5199999809265137,3.5199999809265137,3.5199999809265137,3.5199999809265137,1400.0
2026-04-10 10:17:00,QTWO.V,,2.240000009536743,2.240000009536743,2.240000009536743,2.240000009536743,200.0
2026-04-10 10:17:00,RAK.V,,0.1599999964237213,0.1599999964237213,0.1599999964237213,0.1599999964237213,500.0
2026-04-10 10:17:00,RPX.V,,0.1899999976158142,0.1899999976158142,0.1899999976158142,0.1899999976158142,18500.0
2026-04-10 10:17:00,RSM.V,,0.3050000071525574,0.3050000071525574,0.3050000071525574,0.3050000071525574,42500.0
2026-04-10 10:17:00,RYO.V,,0.4950000047683716,0.4950000047683716,0.4950000047683716,0.4950000047683716,8000.0
2026-04-10 10:17:00,SCZ.V,,11.329999923706055,11.329999923706055,11.329999923706055,11.329999923706055,100.0
2026-04-10 10:17:00,SEI.V,,0.5799999833106995,0.5799999833106995,0.5799999833106995,0.5799999833106995,8000.0
2026-04-10 10:17:00,SVRS.V,,0.47999998927116394,0.47999998927116394,0.47999998927116394,0.47999998927116394,2500.0
2026-04-10 10:18:00,AFR.V,,0.03999999910593033,0.03999999910593033,0.03999999910593033,0.03999999910593033,10000.0
2026-04-10 10:18:00,AGX.V,,0.7400000095367432,0.7400000095367432,0.7400000095367432,0.7400000095367432,2500.0
2026-04-10 10:18:00,GASX.V,,1.4550000429153442,1.4550000429153442,1.4500000476837158,1.4500000476837158,300.0
2026-04-10 10:18:00,MHUB.V,,0.6100000143051147,0.6100000143051147,0.6100000143051147,0.6100000143051147,500.0
2026-04-10 10:18:00,MKA.V,,0.7099999785423279,0.7099999785423279,0.7099999785423279,0.7099999785423279,1000.0
2026-04-10 10:18:00,MMY.V,,0.9900000095367432,0.9900000095367432,0.9900000095367432,0.9900000095367432,100.0
2026-04-10 10:18:00,NCX.V,,3.319999933242798,3.319999933242798,3.319999933242798,3.319999933242798,800.0
2026-04-10 10:18:00,NFD-A.V,,5.289999961853027,5.289999961853027,5.289999961853027,5.289999961853027,100.0
2026-04-10 10:18:00,NXLV.V,,1.9700000286102295,1.9700000286102295,1.9700000286102295,1.9700000286102295,100.0
2026-04-10 10:18:00,PESO.V,,0.4000000059604645,0.4000000059604645,0.4000000059604645,0.4000000059604645,2000.0
2026-04-10 10:18:00,PLSR.V,,1.940000057220459,1.9600000381469727,1.940000057220459,1.9600000381469727,21098.0
2026-04-10 10:18:00,QNC.V,,3.5199999809265137,3.5199999809265137,3.5199999809265137,3.5199999809265137,2100.0
2026-04-10 10:18:00,QTWO.V,,2.25,2.25,2.240000009536743,2.240000009536743,12400.0
2026-04-10 10:18:00,RBX.V,,7.119999885559082,7.119999885559082,7.119999885559082,7.119999885559082,200.0
2026-04-10 10:18:00,SBMI.V,,0.23000000417232513,0.23000000417232513,0.23000000417232513,0.23000000417232513,4500.0
2026-04-10 10:18:00,SGC.V,,0.07000000029802322,0.07000000029802322,0.07000000029802322,0.07000000029802322,1000.0
2026-04-10 10:18:00,SGML.V,,20.780000686645508,20.780000686645508,20.780000686645508,20.780000686645508,200.0
2026-04-10 10:18:00,SLG.V,,3.75,3.75,3.7300000190734863,3.7300000190734863,1000.0
2026-04-10 10:18:00,SOMA.V,,1.7999999523162842,1.7999999523162842,1.7999999523162842,1.7999999523162842,2076.0
2026-04-10 10:18:00,SVRS.V,,0.48500001430511475,0.48500001430511475,0.48500001430511475,0.48500001430511475,7500.0
2026-04-10 10:19:00,AFR.V,,0.03500000014901161,0.03999999910593033,0.03500000014901161,0.03999999910593033,12000.0
2026-04-10 10:19:00,AGX.V,,0.7400000095367432,0.7400000095367432,0.7400000095367432,0.7400000095367432,28500.0
2026-04-10 10:19:00,GASX.V,,1.4500000476837158,1.4500000476837158,1.4500000476837158,1.4500000476837158,200.0
2026-04-10 10:19:00,MAI.V,,6.46999979019165,6.46999979019165,6.460000038146973,6.460000038146973,800.0
2026-04-10 10:19:00,NCX.V,,3.309999942779541,3.319999933242798,3.309999942779541,3.319999933242798,1100.0
2026-04-10 10:19:00,OMG.V,,2.0199999809265137,2.0199999809265137,2.0199999809265137,2.0199999809265137,900.0
2026-04-10 10:19:00,PLSR.V,,1.940000057220459,1.940000057220459,1.940000057220459,1.940000057220459,2500.0
2026-04-10 10:19:00,PML.V,,0.8999999761581421,0.8999999761581421,0.8999999761581421,0.8999999761581421,500.0
2026-04-10 10:19:00,QTWO.V,,2.25,2.25,2.25,2.25,6300.0
2026-04-10 10:19:00,ROCK.V,,2.6500000953674316,2.6500000953674316,2.6500000953674316,2.6500000953674316,3300.0
2026-04-10 10:19:00,SCZ.V,,11.350000381469727,11.350000381469727,11.350000381469727,11.350000381469727,300.0
2026-04-10 10:19:00,SM.V,,1.8700000047683716,1.8700000047683716,1.8700000047683716,1.8700000047683716,5280.0
2026-04-10 10:19:00,STMP.V,,0.15000000596046448,0.15000000596046448,0.15000000596046448,0.15000000596046448,2000.0
2026-04-10 10:20:00,AGX.V,,0.7400000095367432,0.7400000095367432,0.7400000095367432,0.7400000095367432,5000.0
2026-04-10 10:20:00,NCX.V,,3.309999942779541,3.319999933242798,3.309999942779541,3.319999933242798,900.0
2026-04-10 10:20:00,PLSR.V,,1.940000057220459,1.940000057220459,1.940000057220459,1.940000057220459,1200.0
2026-04-10 10:20:00,PRG.V,,0.5899999737739563,0.5899999737739563,0.5899999737739563,0.5899999737739563,1000.0
2026-04-10 10:20:00,QNC.V,,3.5399999618530273,3.5399999618530273,3.5299999713897705,3.5299999713897705,6400.0
2026-04-10 10:20:00,QTWO.V,,2.25,2.25,2.25,2.25,4000.0
2026-04-10 10:20:00,QZM.V,,0.699999988079071,0.699999988079071,0.699999988079071,0.699999988079071,1000.0
2026-04-10 10:20:00,RECO.V,,1.1200000047683716,1.1399999856948853,1.1200000047683716,1.1299999952316284,75800.0
2026-04-10 10:20:00,SBMI.V,,0.23000000417232513,0.23000000417232513,0.23000000417232513,0.23000000417232513,1500.0
2026-04-10 10:20:00,SCD.V,,0.13500000536441803,0.13500000536441803,0.13500000536441803,0.13500000536441803,84500.0
2026-04-10 10:20:00,SLI.V,,4.820000171661377,4.820000171661377,4.820000171661377,4.820000171661377,300.0
2026-04-10 10:20:00,STMP.V,,0.15000000596046448,0.15000000596046448,0.15000000596046448,0.15000000596046448,45500.0
2026-04-10 10:20:00,SVRS.V,,0.47999998927116394,0.47999998927116394,0.47999998927116394,0.47999998927116394,2500.0
2026-04-10 10:21:00,GASX.V,,1.440000057220459,1.440000057220459,1.440000057220459,1.440000057220459,100.0
2026-04-10 10:21:00,NCX.V,,3.319999933242798,3.319999933242798,3.319999933242798,3.319999933242798,100.0
2026-04-10 10:21:00,NFG.V,,2.8550000190734863,2.8550000190734863,2.8550000190734863,2.8550000190734863,112.0
2026-04-10 10:21:00,QNC.V,,3.549999952316284,3.549999952316284,3.549999952316284,3.549999952316284,100.0
2026-04-10 10:21:00,SAG.V,,1.4900000095367432,1.4900000095367432,1.4900000095367432,1.4900000095367432,700.0
2026-04-10 10:21:00,SCZ.V,,11.34000015258789,11.34000015258789,11.329999923706055,11.329999923706055,700.0
2026-04-10 10:21:00,SHL.V,,0.49000000953674316,0.49000000953674316,0.49000000953674316,0.49000000953674316,8000.0
2026-04-10 10:21:00,SRL.V,,0.1899999976158142,0.1899999976158142,0.1899999976158142,0.1899999976158142,0.0
2026-04-10 10:21:00,SVRS.V,,0.49000000953674316,0.49000000953674316,0.49000000953674316,0.49000000953674316,500.0
2026-04-10 10:22:00,FISH.V,,3.7100000381469727,3.7100000381469727,3.7100000381469727,3.7100000381469727,100.0
2026-04-10 10:22:00,GASX.V,,1.4500000476837158,1.4500000476837158,1.440000057220459,1.440000057220459,400.0
2026-04-10 10:22:00,NCX.V,,3.319999933242798,3.319999933242798,3.319999933242798,3.319999933242798,300.0
2026-04-10 10:22:00,OMG.V,,2.0199999809265137,2.0199999809265137,2.0199999809265137,2.0199999809265137,1000.0
2026-04-10 10:22:00,OMM.V,,0.06499999761581421,0.06499999761581421,0.06499999761581421,0.06499999761581421,3000.0
2026-04-10 10:22:00,QTWO.V,,2.259999990463257,2.259999990463257,2.25,2.25,1976.0
2026-04-10 10:22:00,RZL.V,,0.5,0.5,0.5,0.5,5500.0
2026-04-10 10:22:00,SGML.V,,20.719999313354492,20.719999313354492,20.719999313354492,20.719999313354492,100.0
2026-04-10 10:22:00,SLG.V,,3.7300000190734863,3.75,3.7200000286102295,3.740000009536743,900.0
2026-04-10 10:22:00,SLI.V,,4.820000171661377,4.820000171661377,4.820000171661377,4.820000171661377,100.0
2026-04-10 10:23:00,GASX.V,,1.4500000476837158,1.4500000476837158,1.4500000476837158,1.4500000476837158,100.0
2026-04-10 10:23:00,MHUB.V,,0.6100000143051147,0.6100000143051147,0.6100000143051147,0.6100000143051147,2500.0
2026-04-10 10:23:00,MKA.V,,0.7099999785423279,0.7099999785423279,0.7099999785423279,0.7099999785423279,2704.0
2026-04-10 10:23:00,MOO.V,,0.7699999809265137,0.7699999809265137,0.7699999809265137,0.7699999809265137,0.0
2026-04-10 10:23:00,NCAU.V,,0.6399999856948853,0.6399999856948853,0.6399999856948853,0.6399999856948853,9500.0
2026-04-10 10:23:00,OMG.V,,2.0199999809265137,2.0199999809265137,2.0199999809265137,2.0199999809265137,100.0
2026-04-10 10:23:00,QNC.V,,3.5299999713897705,3.5299999713897705,3.5299999713897705,3.5299999713897705,1100.0
2026-04-10 10:23:00,QTWO.V,,2.2699999809265137,2.2699999809265137,2.2699999809265137,2.2699999809265137,100.0
2026-04-10 10:23:00,SCD.V,,0.13500000536441803,0.13500000536441803,0.13500000536441803,0.13500000536441803,20000.0
2026-04-10 10:23:00,SLG.V,,3.7200000286102295,3.7200000286102295,3.7200000286102295,3.7200000286102295,200.0
2026-04-10 10:23:00,SM.V,,1.8600000143051147,1.8700000047683716,1.8300000429153442,1.8700000047683716,39824.0
2026-04-10 10:23:00,STRR.V,,0.5099999904632568,0.5099999904632568,0.5099999904632568,0.5099999904632568,7000.0
2026-04-10 10:23:00,SVE.V,,0.550000011920929,0.550000011920929,0.550000011920929,0.550000011920929,1100.0
2026-04-10 10:23:00,SVRS.V,,0.47999998927116394,0.47999998927116394,0.47999998927116394,0.47999998927116394,2500.0
2026-04-10 10:24:00,GASX.V,,1.4500000476837158,1.4500000476837158,1.4500000476837158,1.4500000476837158,500.0
2026-04-10 10:24:00,MAI.V,,6.449999809265137,6.449999809265137,6.449999809265137,6.449999809265137,2130.0
2026-04-10 10:24:00,MMY.V,,0.9900000095367432,0.9900000095367432,0.9900000095367432,0.9900000095367432,100.0
2026-04-10 10:24:00,NFD-A.V,,5.289999961853027,5.289999961853027,5.289999961853027,5.289999961853027,1400.0
2026-04-10 10:24:00,NICN.V,,0.11500000208616257,0.11500000208616257,0.11500000208616257,0.11500000208616257,84500.0
2026-04-10 10:24:00,OMG.V,,2.0199999809265137,2.0199999809265137,2.0199999809265137,2.0199999809265137,300.0
2026-04-10 10:24:00,PGLD.V,,0.7200000286102295,0.7200000286102295,0.7200000286102295,0.7200000286102295,2500.0
2026-04-10 10:24:00,PLAN.V,,0.36500000953674316,0.36500000953674316,0.36000001430511475,0.36000001430511475,6000.0
2026-04-10 10:24:00,PLSR.V,,1.9500000476837158,1.9500000476837158,1.9500000476837158,1.9500000476837158,100.0
2026-04-10 10:24:00,QTWO.V,,2.2699999809265137,2.2699999809265137,2.2699999809265137,2.2699999809265137,200.0
2026-04-10 10:24:00,RDS.V,,0.9100000262260437,0.9100000262260437,0.9100000262260437,0.9100000262260437,11000.0
2026-04-10 10:24:00,RECO.V,,1.1399999856948853,1.1399999856948853,1.1299999952316284,1.1299999952316284,45600.0
2026-04-10 10:24:00,ROS.V,,0.27000001072883606,0.27000001072883606,0.27000001072883606,0.27000001072883606,51796.0
2026-04-10 10:24:00,SCZ.V,,11.390000343322754,11.390000343322754,11.359999656677246,11.359999656677246,200.0
2026-04-10 10:24:00,SEI.V,,0.5799999833106995,0.5799999833106995,0.5799999833106995,0.5799999833106995,12500.0
2026-04-10 10:24:00,STMP.V,,0.15000000596046448,0.15000000596046448,0.15000000596046448,0.15000000596046448,2591.0
2026-04-10 10:24:00,SVRS.V,,0.49000000953674316,0.49000000953674316,0.48500001430511475,0.48500001430511475,1000.0
2026-04-10 10:25:00,FISH.V,,3.7200000286102295,3.7200000286102295,3.7100000381469727,3.7100000381469727,6300.0
2026-04-10 10:25:00,GASX.V,,1.4500000476837158,1.4500000476837158,1.4500000476837158,1.4500000476837158,400.0
2026-04-10 10:25:00,MCI.V,,0.2750000059604645,0.2750000059604645,0.2750000059604645,0.2750000059604645,3000.0
2026-04-10 10:25:00,MMY.V,,0.9900000095367432,0.9900000095367432,0.9900000095367432,0.9900000095367432,200.0
2026-04-10 10:25:00,NCAU.V,,0.6399999856948853,0.6399999856948853,0.6399999856948853,0.6399999856948853,5000.0
2026-04-10 10:25:00,NCI.V,,1.0299999713897705,1.0299999713897705,1.0299999713897705,1.0299999713897705,1000.0
2026-04-10 10:25:00,NCX.V,,3.319999933242798,3.319999933242798,3.319999933242798,3.319999933242798,600.0
2026-04-10 10:25:00,NFG.V,,2.8550000190734863,2.8550000190734863,2.8550000190734863,2.8550000190734863,100.0
2026-04-10 10:25:00,NOB.V,,0.10499999672174454,0.10499999672174454,0.10499999672174454,0.10499999672174454,500.0
2026-04-10 10:25:00,OMG.V,,2.0199999809265137,2.0199999809265137,2.0199999809265137,2.0199999809265137,3000.0
2026-04-10 10:25:00,PGZ.V,,0.13500000536441803,0.13500000536441803,0.13500000536441803,0.13500000536441803,0.0
2026-04-10 10:25:00,PLAN.V,,0.36500000953674316,0.36500000953674316,0.36500000953674316,0.36500000953674316,21500.0
2026-04-10 10:25:00,PLSR.V,,1.9500000476837158,1.9500000476837158,1.9500000476837158,1.9500000476837158,100.0
2026-04-10 10:25:00,QPT.V,,0.029999999329447746,0.029999999329447746,0.029999999329447746,0.029999999329447746,0.0
2026-04-10 10:25:00,QTWO.V,,2.2699999809265137,2.2699999809265137,2.2699999809265137,2.2699999809265137,300.0
2026-04-10 10:25:00,RGC.V,,0.5,0.5,0.5,0.5,0.0
2026-04-10 10:25:00,RMI.V,,0.17499999701976776,0.17499999701976776,0.17499999701976776,0.17499999701976776,0.0
2026-04-10 10:25:00,ROI.V,,0.0949999988079071,0.0949999988079071,0.0949999988079071,0.0949999988079071,5050.0
2026-04-10 10:25:00,RYO.V,,0.5099999904632568,0.5099999904632568,0.5,0.5,58500.0
2026-04-10 10:25:00,SCD.V,,0.13249999284744263,0.13249999284744263,0.13249999284744263,0.13249999284744263,1350.0
2026-04-10 10:25:00,SCZ.V,,11.40999984741211,11.40999984741211,11.40999984741211,11.40999984741211,1900.0
2026-04-10 10:25:00,SEI.V,,0.5799999833106995,0.5799999833106995,0.5799999833106995,0.5799999833106995,7500.0
2026-04-10 10:25:00,SLVR.V,,0.8799999952316284,0.8799999952316284,0.8799999952316284,0.8799999952316284,1000.0
2026-04-10 10:25:00,STRR.V,,0.5099999904632568,0.5099999904632568,0.5099999904632568,0.5099999904632568,10000.0
2026-04-10 10:25:00,SVRS.V,,0.49000000953674316,0.49000000953674316,0.49000000953674316,0.49000000953674316,4500.0
2026-04-10 10:26:00,MHUB.V,,0.6200000047683716,0.6200000047683716,0.6200000047683716,0.6200000047683716,4500.0
2026-04-10 10:26:00,MMY.V,,0.9800000190734863,0.9800000190734863,0.9800000190734863,0.9800000190734863,400.0
2026-04-10 10:26:00,NAU.V,,1.8300000429153442,1.8300000429153442,1.8300000429153442,1.8300000429153442,7600.0
2026-04-10 10:26:00,NFG.V,,2.859999895095825,2.859999895095825,2.859999895095825,2.859999895095825,11700.0
2026-04-10 10:26:00,NICN.V,,0.11999999731779099,0.11999999731779099,0.11999999731779099,0.11999999731779099,20000.0
2026-04-10 10:26:00,OCO.V,,0.4050000011920929,0.4050000011920929,0.4050000011920929,0.4050000011920929,1000.0
2026-04-10 10:26:00,OMG.V,,2.0199999809265137,2.0199999809265137,2.0199999809265137,2.0199999809265137,100.0
2026-04-10 10:26:00,PER.V,,0.1899999976158142,0.1899999976158142,0.1899999976158142,0.1899999976158142,5000.0
2026-04-10 10:26:00,PGE.V,,0.32499998807907104,0.32499998807907104,0.32499998807907104,0.32499998807907104,3900.0
2026-04-10 10:26:00,PLSR.V,,1.9600000381469727,1.9600000381469727,1.9600000381469727,1.9600000381469727,100.0
2026-04-10 10:26:00,QTWO.V,,2.2699999809265137,2.2699999809265137,2.2699999809265137,2.2699999809265137,200.0
2026-04-10 10:26:00,RMI.V,,0.17499999701976776,0.17499999701976776,0.17499999701976776,0.17499999701976776,500.0
2026-04-10 10:26:00,RZL.V,,0.5,0.5,0.5,0.5,4000.0
2026-04-10 10:26:00,SCZ.V,,11.40999984741211,11.40999984741211,11.40999984741211,11.40999984741211,2100.0
2026-04-10 10:26:00,SSV.V,,0.6000000238418579,0.6000000238418579,0.6000000238418579,0.6000000238418579,500.0
2026-04-10 10:27:00,GASX.V,,1.4500000476837158,1.4500000476837158,1.4500000476837158,1.4500000476837158,300.0
2026-04-10 10:27:00,MAI.V,,6.460000038146973,6.460000038146973,6.449999809265137,6.449999809265137,1020.0
2026-04-10 10:27:00,NCAU.V,,0.6399999856948853,0.6399999856948853,0.6399999856948853,0.6399999856948853,28000.0
2026-04-10 10:27:00,NFG.V,,2.859999895095825,2.859999895095825,2.859999895095825,2.859999895095825,1300.0
2026-04-10 10:27:00,OMG.V,,2.0199999809265137,2.0199999809265137,2.0199999809265137,2.0199999809265137,2200.0
2026-04-10 10:27:00,PLSR.V,,1.9600000381469727,1.9600000381469727,1.9600000381469727,1.9600000381469727,1800.0
2026-04-10 10:27:00,PPP.V,,1.3300000429153442,1.3300000429153442,1.3300000429153442,1.3300000429153442,1800.0
2026-04-10 10:27:00,QNC.V,,3.5299999713897705,3.5399999618530273,3.5299999713897705,3.5399999618530273,864.0
2026-04-10 10:27:00,RECO.V,,1.1299999952316284,1.1299999952316284,1.1299999952316284,1.1299999952316284,200.0
2026-04-10 10:27:00,ROK.V,,0.2750000059604645,0.2750000059604645,0.2750000059604645,0.2750000059604645,1500.0
2026-04-10 10:27:00,RYO.V,,0.5099999904632568,0.5099999904632568,0.5099999904632568,0.5099999904632568,2500.0
2026-04-10 10:27:00,SCOT.V,,2.430000066757202,2.450000047683716,2.380000114440918,2.440000057220459,10110.0
2026-04-10 10:27:00,SCZ.V,,11.359999656677246,11.369999885559082,11.359999656677246,11.369999885559082,2690.0
2026-04-10 10:27:00,SHL.V,,0.48500001430511475,0.49000000953674316,0.48500001430511475,0.49000000953674316,71000.0
2026-04-10 10:27:00,SVRS.V,,0.48500001430511475,0.48500001430511475,0.48500001430511475,0.48500001430511475,6000.0
2026-04-10 10:27:00,VIPR.V,,1.3200000524520874,1.3200000524520874,1.3200000524520874,1.3200000524520874,100.0
2026-04-10 10:28:00,NAU.V,,1.840000033378601,1.840000033378601,1.840000033378601,1.840000033378601,100.0
2026-04-10 10:28:00,NFG.V,,2.859999895095825,2.859999895095825,2.859999895095825,2.859999895095825,1000.0
2026-04-10 10:28:00,OMG.V,,2.0199999809265137,2.0199999809265137,2.0199999809265137,2.0199999809265137,200.0
2026-04-10 10:28:00,PLSR.V,,1.9700000286102295,1.9700000286102295,1.9700000286102295,1.9700000286102295,100.0
2026-04-10 10:28:00,PLUR.V,,0.125,0.125,0.125,0.125,17500.0
2026-04-10 10:28:00,PML.V,,0.8999999761581421,0.8999999761581421,0.8999999761581421,0.8999999761581421,500.0
2026-04-10 10:28:00,QNC.V,,3.5199999809265137,3.5199999809265137,3.5199999809265137,3.5199999809265137,2900.0
2026-04-10 10:28:00,ROK.V,,0.2750000059604645,0.2750000059604645,0.2750000059604645,0.2750000059604645,500.0
2026-04-10 10:28:00,SCD.V,,0.13500000536441803,0.13500000536441803,0.13500000536441803,0.13500000536441803,500.0
2026-04-10 10:28:00,SPX.V,,0.10999999940395355,0.10999999940395355,0.10999999940395355,0.10999999940395355,1307.0
2026-04-10 10:28:00,SVRS.V,,0.48500001430511475,0.48500001430511475,0.48500001430511475,0.48500001430511475,2500.0
2026-04-10 10:29:00,AGX.V,,0.7400000095367432,0.7400000095367432,0.7400000095367432,0.7400000095367432,11000.0
2026-04-10 10:29:00,GASX.V,,1.4500000476837158,1.4500000476837158,1.4500000476837158,1.4500000476837158,300.0
2026-04-10 10:29:00,NCX.V,,3.319999933242798,3.319999933242798,3.319999933242798,3.319999933242798,100.0
2026-04-10 10:29:00,NFG.V,,2.875,2.880000114440918,2.859999895095825,2.859999895095825,34750.0
2026-04-10 10:29:00,PER.V,,0.1899999976158142,0.1899999976158142,0.1899999976158142,0.1899999976158142,2200.0
2026-04-10 10:29:00,PESO.V,,0.39500001072883606,0.39500001072883606,0.39500001072883606,0.39500001072883606,2000.0
2026-04-10 10:29:00,PGE.V,,0.32499998807907104,0.32499998807907104,0.32499998807907104,0.32499998807907104,2500.0
2026-04-10 10:29:00,PLSR.V,,1.9700000286102295,1.9700000286102295,1.9700000286102295,1.9700000286102295,1300.0
2026-04-10 10:29:00,QGR.V,,0.2549999952316284,0.2549999952316284,0.2549999952316284,0.2549999952316284,7000.0
2026-04-10 10:29:00,QTWO.V,,2.2699999809265137,2.2699999809265137,2.2699999809265137,2.2699999809265137,100.0
2026-04-10 10:29:00,RYO.V,,0.5099999904632568,0.5099999904632568,0.5099999904632568,0.5099999904632568,1866.0
2026-04-10 10:29:00,SCOT.V,,2.4200000762939453,2.4200000762939453,2.4200000762939453,2.4200000762939453,418.0
2026-04-10 10:29:00,SLI.V,,4.829999923706055,4.829999923706055,4.820000171661377,4.820000171661377,4100.0
2026-04-10 10:30:00,GASX.V,,1.4500000476837158,1.4500000476837158,1.4500000476837158,1.4500000476837158,100.0
2026-04-10 10:30:00,MAI.V,,6.449999809265137,6.449999809265137,6.449999809265137,6.449999809265137,1400.0
2026-04-10 10:30:00,NCX.V,,3.319999933242798,3.319999933242798,3.319999933242798,3.319999933242798,1400.0
2026-04-10 10:30:00,NFG.V,,2.880000114440918,2.880000114440918,2.880000114440918,2.880000114440918,400.0
2026-04-10 10:30:00,OMG.V,,2.0199999809265137,2.0199999809265137,2.0199999809265137,2.0199999809265137,1700.0
2026-04-10 10:30:00,PEAK.V,,0.41999998688697815,0.41999998688697815,0.41999998688697815,0.41999998688697815,700.0
2026-04-10 10:30:00,PGE.V,,0.32499998807907104,0.32499998807907104,0.32499998807907104,0.32499998807907104,500.0
2026-04-10 10:30:00,PLSR.V,,1.9600000381469727,1.9800000190734863,1.9600000381469727,1.9800000190734863,600.0
2026-04-10 10:30:00,PPP.V,,1.3300000429153442,1.3300000429153442,1.3300000429153442,1.3300000429153442,1700.0
2026-04-10 10:30:00,PTU.V,,0.41999998688697815,0.41999998688697815,0.41999998688697815,0.41999998688697815,500.0
2026-04-10 10:30:00,QGR.V,,0.2549999952316284,0.2549999952316284,0.2549999952316284,0.2549999952316284,29500.0
2026-04-10 10:30:00,QTWO.V,,2.2699999809265137,2.2699999809265137,2.2699999809265137,2.2699999809265137,200.0
2026-04-10 10:30:00,ROI.V,,0.09000000357627869,0.09000000357627869,0.09000000357627869,0.09000000357627869,2000.0
2026-04-10 10:30:00,SVRS.V,,0.49000000953674316,0.49000000953674316,0.49000000953674316,0.49000000953674316,12000.0
2026-04-10 10:31:00,NCX.V,,3.319999933242798,3.319999933242798,3.319999933242798,3.319999933242798,200.0
2026-04-10 10:31:00,NICN.V,,0.11500000208616257,0.11500000208616257,0.11500000208616257,0.11500000208616257,500.0
2026-04-10 10:31:00,NKG.V,,0.22499999403953552,0.22499999403953552,0.22499999403953552,0.22499999403953552,14000.0
2026-04-10 10:31:00,NKW-H.V,,0.05999999865889549,0.05999999865889549,0.05999999865889549,0.05999999865889549,0.0
2026-04-10 10:31:00,NSE.V,,0.5799999833106995,0.5799999833106995,0.5799999833106995,0.5799999833106995,3000.0
2026-04-10 10:31:00,NWST.V,,0.3799999952316284,0.3799999952316284,0.3799999952316284,0.3799999952316284,11500.0
2026-04-10 10:31:00,OMG.V,,2.0399999618530273,2.0399999618530273,2.0199999809265137,2.0199999809265137,3200.0
2026-04-10 10:31:00,PGE.V,,0.32499998807907104,0.32499998807907104,0.32499998807907104,0.32499998807907104,500.0
2026-04-10 10:31:00,PLSR.V,,1.9500000476837158,1.9500000476837158,1.9500000476837158,1.9500000476837158,500.0
2026-04-10 10:31:00,PPX.V,,0.2800000011920929,0.2800000011920929,0.2800000011920929,0.2800000011920929,4700.0
2026-04-10 10:31:00,QNC.V,,3.5199999809265137,3.5299999713897705,3.5199999809265137,3.5299999713897705,3899.0
2026-04-10 10:31:00,QTWO.V,,2.2699999809265137,2.2699999809265137,2.2699999809265137,2.2699999809265137,100.0
2026-04-10 10:31:00,RDS.V,,0.9100000262260437,0.9100000262260437,0.9100000262260437,0.9100000262260437,1500.0
2026-04-10 10:31:00,RECO.V,,1.1299999952316284,1.1299999952316284,1.1299999952316284,1.1299999952316284,200.0
2026-04-10 10:31:00,RYO.V,,0.5099999904632568,0.5099999904632568,0.5099999904632568,0.5099999904632568,2000.0
2026-04-10 10:31:00,SCD.V,,0.13500000536441803,0.13500000536441803,0.13500000536441803,0.13500000536441803,3000.0
2026-04-10 10:31:00,SCZ.V,,11.399999618530273,11.399999618530273,11.399999618530273,11.399999618530273,1000.0
2026-04-10 10:31:00,SGC.V,,0.07000000029802322,0.07000000029802322,0.07000000029802322,0.07000000029802322,18000.0
2026-04-10 10:31:00,SLG.V,,3.8299999237060547,3.8299999237060547,3.75,3.75,28000.0
2026-04-10 10:31:00,VIPR.V,,1.2999999523162842,1.2999999523162842,1.2999999523162842,1.2999999523162842,600.0
2026-04-10 10:32:00,FISH.V,,3.75,3.75,3.75,3.75,300.0
2026-04-10 10:32:00,MAI.V,,6.46999979019165,6.46999979019165,6.46999979019165,6.46999979019165,300.0
2026-04-10 10:32:00,NAU.V,,1.8200000524520874,1.8200000524520874,1.8200000524520874,1.8200000524520874,250.0
2026-04-10 10:32:00,NCI.V,,1.0199999809265137,1.0199999809265137,1.0199999809265137,1.0199999809265137,100.0
2026-04-10 10:32:00,NCX.V,,3.319999933242798,3.319999933242798,3.319999933242798,3.319999933242798,200.0
2026-04-10 10:32:00,NPR.V,,0.8100000023841858,0.8100000023841858,0.8100000023841858,0.8100000023841858,7000.0
2026-04-10 10:32:00,ODV.V,,4.579999923706055,4.579999923706055,4.579999923706055,4.579999923706055,1900.0
2026-04-10 10:32:00,OMG.V,,2.0399999618530273,2.0399999618530273,2.0399999618530273,2.0399999618530273,800.0
2026-04-10 10:32:00,PEX.V,,0.18000000715255737,0.18000000715255737,0.18000000715255737,0.18000000715255737,7000.0
2026-04-10 10:32:00,PGDC.V,,0.8700000047683716,0.8700000047683716,0.8700000047683716,0.8700000047683716,625.0
2026-04-10 10:32:00,PNPN.V,,1.2300000190734863,1.2300000190734863,1.2300000190734863,1.2300000190734863,500.0
2026-04-10 10:32:00,QNC.V,,3.5399999618530273,3.5399999618530273,3.5399999618530273,3.5399999618530273,1600.0
2026-04-10 10:32:00,QTWO.V,,2.2750000953674316,2.2750000953674316,2.2750000953674316,2.2750000953674316,100.0
2026-04-10 10:32:00,RBX.V,,7.0,7.0,7.0,7.0,100.0
2026-04-10 10:32:00,RECO.V,,1.1299999952316284,1.1299999952316284,1.1299999952316284,1.1299999952316284,7300.0
2026-04-10 10:32:00,SCZ.V,,11.420000076293945,11.420000076293945,11.420000076293945,11.420000076293945,300.0
2026-04-10 10:32:00,SLG.V,,3.7699999809265137,3.809999942779541,3.7699999809265137,3.809999942779541,8180.0
2026-04-10 10:32:00,SVE.V,,0.550000011920929,0.550000011920929,0.550000011920929,0.550000011920929,22500.0
2026-04-10 10:33:00,AGX.V,,0.7400000095367432,0.7400000095367432,0.7400000095367432,0.7400000095367432,1300.0
2026-04-10 10:33:00,MMY.V,,0.9900000095367432,0.9900000095367432,0.9900000095367432,0.9900000095367432,3600.0
2026-04-10 10:33:00,MON.V,,0.6899999976158142,0.6899999976158142,0.6899999976158142,0.6899999976158142,0.0
2026-04-10 10:33:00,NDA.V,,0.949999988079071,0.949999988079071,0.949999988079071,0.949999988079071,1500.0
2026-04-10 10:33:00,NFG.V,,2.890000104904175,2.890000104904175,2.890000104904175,2.890000104904175,200.0
2026-04-10 10:33:00,NOB.V,,0.10499999672174454,0.10499999672174454,0.10499999672174454,0.10499999672174454,1500.0
2026-04-10 10:33:00,OMG.V,,2.0399999618530273,2.0399999618530273,2.0399999618530273,2.0399999618530273,4200.0
2026-04-10 10:33:00,PEX.V,,0.18000000715255737,0.18000000715255737,0.18000000715255737,0.18000000715255737,1500.0
2026-04-10 10:33:00,PGE.V,,0.32499998807907104,0.32499998807907104,0.32499998807907104,0.32499998807907104,500.0
2026-04-10 10:33:00,PLSR.V,,1.940000057220459,1.9500000476837158,1.940000057220459,1.9500000476837158,2600.0
2026-04-10 10:33:00,QTWO.V,,2.2799999713897705,2.2799999713897705,2.2799999713897705,2.2799999713897705,300.0
2026-04-10 10:33:00,RECO.V,,1.1299999952316284,1.1299999952316284,1.1299999952316284,1.1299999952316284,5700.0
2026-04-10 10:33:00,RET-A.V,,1.8200000524520874,1.840000033378601,1.8200000524520874,1.840000033378601,0.0
2026-04-10 10:33:00,ROK.V,,0.2750000059604645,0.2750000059604645,0.2750000059604645,0.2750000059604645,69350.0
2026-04-10 10:33:00,ROS.V,,0.27000001072883606,0.27000001072883606,0.27000001072883606,0.27000001072883606,3000.0
2026-04-10 10:33:00,RYO.V,,0.5299999713897705,0.5299999713897705,0.5199999809265137,0.5199999809265137,73014.0
2026-04-10 10:33:00,SGML.V,,20.600000381469727,20.600000381469727,20.600000381469727,20.600000381469727,1000.0
2026-04-10 10:33:00,SLI.V,,4.820000171661377,4.820000171661377,4.820000171661377,4.820000171661377,1000.0
2026-04-10 10:33:00,SVRS.V,,0.4950000047683716,0.4950000047683716,0.4950000047683716,0.4950000047683716,1000.0
2026-04-10 10:34:00,AMY.V,,0.07999999821186066,0.07999999821186066,0.07999999821186066,0.07999999821186066,11000.0
2026-04-10 10:34:00,MMY.V,,0.9900000095367432,0.9900000095367432,0.9900000095367432,0.9900000095367432,100.0
2026-04-10 10:34:00,PLSR.V,,1.9500000476837158,1.9500000476837158,1.9500000476837158,1.9500000476837158,1300.0
2026-04-10 10:34:00,QTWO.V,,2.2850000858306885,2.2850000858306885,2.2799999713897705,2.2799999713897705,1200.0
2026-04-10 10:34:00,RBX.V,,7.099999904632568,7.099999904632568,7.099999904632568,7.099999904632568,200.0
2026-04-10 10:34:00,ROCK.V,,2.6500000953674316,2.6500000953674316,2.6500000953674316,2.6500000953674316,500.0
2026-04-10 10:34:00,RYO.V,,0.5299999713897705,0.5299999713897705,0.5299999713897705,0.5299999713897705,9000.0
2026-04-10 10:34:00,SGML.V,,20.520000457763672,20.520000457763672,20.520000457763672,20.520000457763672,180.0
2026-04-10 10:34:00,SLG.V,,3.7899999618530273,3.7899999618530273,3.7899999618530273,3.7899999618530273,100.0
2026-04-10 10:34:00,SLVR.V,,0.8799999952316284,0.8799999952316284,0.8799999952316284,0.8799999952316284,12500.0
2026-04-10 10:34:00,SNM.V,,0.20499999821186066,0.20499999821186066,0.20499999821186066,0.20499999821186066,1500.0
2026-04-10 10:35:00,GASX.V,,1.4500000476837158,1.4500000476837158,1.4500000476837158,1.4500000476837158,300.0
2026-04-10 10:35:00,NCX.V,,3.319999933242798,3.319999933242798,3.319999933242798,3.319999933242798,100.0
2026-04-10 10:35:00,NDA.V,,0.9599999785423279,0.9599999785423279,0.9599999785423279,0.9599999785423279,4000.0
2026-04-10 10:35:00,NOW.V,,0.23000000417232513,0.23000000417232513,0.23000000417232513,0.23000000417232513,23500.0
2026-04-10 10:35:00,OMG.V,,2.0399999618530273,2.0399999618530273,2.0399999618530273,2.0399999618530273,200.0
2026-04-10 10:35:00,ORS.V,,0.10499999672174454,0.10499999672174454,0.10499999672174454,0.10499999672174454,23500.0
2026-04-10 10:35:00,PESO.V,,0.4050000011920929,0.4050000011920929,0.4050000011920929,0.4050000011920929,1000.0
2026-04-10 10:35:00,PLSR.V,,1.9600000381469727,1.9600000381469727,1.9600000381469727,1.9600000381469727,400.0
2026-04-10 10:35:00,PML.V,,0.8999999761581421,0.8999999761581421,0.8999999761581421,0.8999999761581421,2500.0
2026-04-10 10:35:00,QGR.V,,0.2549999952316284,0.2549999952316284,0.2549999952316284,0.2549999952316284,1000.0
2026-04-10 10:35:00,RYO.V,,0.5400000214576721,0.5400000214576721,0.5400000214576721,0.5400000214576721,7000.0
2026-04-10 10:35:00,SCD.V,,0.13500000536441803,0.13500000536441803,0.13500000536441803,0.13500000536441803,1000.0
2026-04-10 10:35:00,SCLT.V,,0.09000000357627869,0.09000000357627869,0.09000000357627869,0.09000000357627869,1000.0
2026-04-10 10:35:00,SCZ.V,,11.420000076293945,11.420000076293945,11.420000076293945,11.420000076293945,1700.0
2026-04-10 10:35:00,SEI.V,,0.5699999928474426,0.5799999833106995,0.5699999928474426,0.5799999833106995,41000.0
2026-04-10 10:35:00,SLG.V,,3.7699999809265137,3.7699999809265137,3.7699999809265137,3.7699999809265137,100.0
2026-04-10 10:35:00,SLI.V,,4.820000171661377,4.820000171661377,4.820000171661377,4.820000171661377,300.0
2026-04-10 10:35:00,STND.V,,0.10499999672174454,0.10499999672174454,0.10499999672174454,0.10499999672174454,29000.0
2026-04-10 10:36:00,AGX.V,,0.7400000095367432,0.7400000095367432,0.7400000095367432,0.7400000095367432,3000.0
2026-04-10 10:36:00,GASX.V,,1.4500000476837158,1.4500000476837158,1.4500000476837158,1.4500000476837158,300.0
2026-04-10 10:36:00,NFG.V,,2.890000104904175,2.890000104904175,2.890000104904175,2.890000104904175,100.0
2026-04-10 10:36:00,NKG.V,,0.22499999403953552,0.22499999403953552,0.22499999403953552,0.22499999403953552,80500.0
2026-04-10 10:36:00,NPR.V,,0.800000011920929,0.8100000023841858,0.800000011920929,0.8100000023841858,14200.0
2026-04-10 10:36:00,NWX.V,,0.15000000596046448,0.15000000596046448,0.15000000596046448,0.15000000596046448,50000.0
2026-04-10 10:36:00,PLSR.V,,1.9600000381469727,1.9600000381469727,1.9600000381469727,1.9600000381469727,300.0
2026-04-10 10:36:00,PNPN.V,,1.2300000190734863,1.2300000190734863,1.2300000190734863,1.2300000190734863,2300.0
2026-04-10 10:36:00,RECO.V,,1.1299999952316284,1.1299999952316284,1.1299999952316284,1.1299999952316284,1179.0
2026-04-10 10:36:00,RYO.V,,0.5400000214576721,0.5400000214576721,0.5400000214576721,0.5400000214576721,14000.0
2026-04-10 10:36:00,SCZ.V,,11.369999885559082,11.420000076293945,11.34000015258789,11.420000076293945,2600.0
2026-04-10 10:36:00,SGZ.V,,0.04500000178813934,0.04500000178813934,0.04500000178813934,0.04500000178813934,0.0
2026-04-10 10:36:00,SLG.V,,3.75,3.7699999809265137,3.75,3.7699999809265137,500.0
2026-04-10 10:36:00,SSV.V,,0.6000000238418579,0.6000000238418579,0.6000000238418579,0.6000000238418579,12500.0
2026-04-10 10:36:00,SVRS.V,,0.4950000047683716,0.4950000047683716,0.4950000047683716,0.4950000047683716,3000.0
2026-04-10 10:37:00,MAI.V,,6.46999979019165,6.46999979019165,6.46999979019165,6.46999979019165,600.0
2026-04-10 10:37:00,MMY.V,,0.9900000095367432,0.9900000095367432,0.9900000095367432,0.9900000095367432,2500.0
2026-04-10 10:37:00,NAU.V,,1.7999999523162842,1.7999999523162842,1.7999999523162842,1.7999999523162842,1700.0
2026-04-10 10:37:00,NCX.V,,3.319999933242798,3.319999933242798,3.319999933242798,3.319999933242798,100.0
2026-04-10 10:37:00,NFG.V,,2.880000114440918,2.880000114440918,2.880000114440918,2.880000114440918,1200.0
2026-04-10 10:37:00,OML.V,,1.2999999523162842,1.2999999523162842,1.2999999523162842,1.2999999523162842,3500.0
2026-04-10 10:37:00,PLSR.V,,1.9600000381469727,1.9600000381469727,1.9600000381469727,1.9600000381469727,700.0
2026-04-10 10:37:00,PML.V,,0.8999999761581421,0.8999999761581421,0.8999999761581421,0.8999999761581421,4000.0
2026-04-10 10:37:00,PPP.V,,1.3200000524520874,1.3200000524520874,1.3200000524520874,1.3200000524520874,200.0
2026-04-10 10:37:00,RDS.V,,0.9100000262260437,0.9100000262260437,0.9100000262260437,0.9100000262260437,30000.0
2026-04-10 10:37:00,RET-A.V,,1.8200000524520874,1.8300000429153442,1.8200000524520874,1.8300000429153442,10100.0
2026-04-10 10:37:00,RYO.V,,0.5400000214576721,0.5400000214576721,0.5400000214576721,0.5400000214576721,1000.0
2026-04-10 10:37:00,SCZ.V,,11.300000190734863,11.3100004196167,11.300000190734863,11.3100004196167,600.0
2026-04-10 10:37:00,SGC.V,,0.07000000029802322,0.07000000029802322,0.07000000029802322,0.07000000029802322,1000.0
2026-04-10 10:37:00,SGN.V,,0.35499998927116394,0.35499998927116394,0.35499998927116394,0.35499998927116394,800.0
2026-04-10 10:37:00,SLI.V,,4.820000171661377,4.820000171661377,4.820000171661377,4.820000171661377,1500.0
2026-04-10 10:37:00,SLVR.V,,0.8799999952316284,0.8799999952316284,0.8799999952316284,0.8799999952316284,4000.0
2026-04-10 10:37:00,SSV.V,,0.6000000238418579,0.6000000238418579,0.6000000238418579,0.6000000238418579,4000.0
2026-04-10 10:37:00,SVRS.V,,0.4950000047683716,0.4950000047683716,0.4950000047683716,0.4950000047683716,1500.0
2026-04-10 10:37:00,SYH.V,,0.48500001430511475,0.48500001430511475,0.48500001430511475,0.48500001430511475,13000.0
2026-04-10 10:38:00,GASX.V,,1.4500000476837158,1.4500000476837158,1.4500000476837158,1.4500000476837158,400.0
2026-04-10 10:38:00,MAI.V,,6.46999979019165,6.46999979019165,6.46999979019165,6.46999979019165,100.0
2026-04-10 10:38:00,NAU.V,,1.7999999523162842,1.7999999523162842,1.7999999523162842,1.7999999523162842,12820.0
2026-04-10 10:38:00,NCAU.V,,0.6399999856948853,0.6399999856948853,0.6399999856948853,0.6399999856948853,1000.0
2026-04-10 10:38:00,ODV.V,,4.59499979019165,4.59499979019165,4.59499979019165,4.59499979019165,700.0
2026-04-10 10:38:00,PGE.V,,0.32499998807907104,0.32499998807907104,0.32499998807907104,0.32499998807907104,500.0
2026-04-10 10:38:00,PGZ.V,,0.13500000536441803,0.13500000536441803,0.13500000536441803,0.13500000536441803,3000.0
2026-04-10 10:38:00,QNC.V,,3.5199999809265137,3.5299999713897705,3.5199999809265137,3.5299999713897705,2600.0
2026-04-10 10:38:00,QTWO.V,,2.2850000858306885,2.2850000858306885,2.2850000858306885,2.2850000858306885,100.0
2026-04-10 10:38:00,RDS.V,,0.9100000262260437,0.9100000262260437,0.9100000262260437,0.9100000262260437,8000.0
2026-04-10 10:38:00,ROS.V,,0.27000001072883606,0.27000001072883606,0.27000001072883606,0.27000001072883606,46000.0
2026-04-10 10:38:00,RPX.V,,0.1899999976158142,0.1899999976158142,0.1899999976158142,0.1899999976158142,4000.0
2026-04-10 10:38:00,RYO.V,,0.5400000214576721,0.5400000214576721,0.5400000214576721,0.5400000214576721,500.0
2026-04-10 10:38:00,SCD.V,,0.13500000536441803,0.13500000536441803,0.13500000536441803,0.13500000536441803,10500.0
2026-04-10 10:38:00,SCZ.V,,11.239999771118164,11.279999732971191,11.239999771118164,11.279999732971191,560.0
2026-04-10 10:38:00,SLI.V,,4.840000152587891,4.840000152587891,4.840000152587891,4.840000152587891,2300.0
2026-04-10 10:38:00,SLVR.V,,0.8799999952316284,0.8799999952316284,0.8799999952316284,0.8799999952316284,2000.0
2026-04-10 10:38:00,SSV.V,,0.6000000238418579,0.6000000238418579,0.6000000238418579,0.6000000238418579,4000.0
2026-04-10 10:38:00,SVRS.V,,0.49000000953674316,0.49000000953674316,0.49000000953674316,0.49000000953674316,5500.0
2026-04-10 10:38:00,SYH.V,,0.48500001430511475,0.48500001430511475,0.48500001430511475,0.48500001430511475,9715.0
2026-04-10 10:39:00,MAI.V,,6.460000038146973,6.460000038146973,6.460000038146973,6.460000038146973,800.0
2026-04-10 10:39:00,MGG.V,,0.38999998569488525,0.38999998569488525,0.38999998569488525,0.38999998569488525,50277.0
2026-04-10 10:39:00,NBLC.V,,0.07000000029802322,0.07000000029802322,0.07000000029802322,0.07000000029802322,41100.0
2026-04-10 10:39:00,NCX.V,,3.299999952316284,3.309999942779541,3.2899999618530273,3.309999942779541,8100.0
2026-04-10 10:39:00,NFG.V,,2.880000114440918,2.880000114440918,2.880000114440918,2.880000114440918,3700.0
2026-04-10 10:39:00,OMG.V,,2.0299999713897705,2.0299999713897705,2.0299999713897705,2.0299999713897705,300.0
2026-04-10 10:39:00,PML.V,,0.8999999761581421,0.8999999761581421,0.8999999761581421,0.8999999761581421,500.0
2026-04-10 10:39:00,RDS.V,,0.9100000262260437,0.9100000262260437,0.9100000262260437,0.9100000262260437,45860.0
2026-04-10 10:39:00,ROK.V,,0.27000001072883606,0.27000001072883606,0.27000001072883606,0.27000001072883606,273000.0
2026-04-10 10:39:00,RYO.V,,0.5299999713897705,0.5400000214576721,0.5299999713897705,0.5400000214576721,5500.0
2026-04-10 10:39:00,SVRS.V,,0.48500001430511475,0.48500001430511475,0.48500001430511475,0.48500001430511475,1600.0
2026-04-10 10:40:00,GASX.V,,1.4500000476837158,1.4500000476837158,1.4500000476837158,1.4500000476837158,300.0
2026-04-10 10:40:00,MINK.V,,0.14000000059604645,0.14499999582767487,0.14000000059604645,0.14499999582767487,0.0
2026-04-10 10:40:00,MMY.V,,0.9900000095367432,0.9900000095367432,0.9900000095367432,0.9900000095367432,300.0
2026-04-10 10:40:00,ODV.V,,4.590000152587891,4.590000152587891,4.590000152587891,4.590000152587891,300.0
2026-04-10 10:40:00,PLSR.V,,1.9600000381469727,1.9600000381469727,1.9600000381469727,1.9600000381469727,100.0
2026-04-10 10:40:00,PML.V,,0.8999999761581421,0.8999999761581421,0.8999999761581421,0.8999999761581421,500.0
2026-04-10 10:40:00,QNC.V,,3.5399999618530273,3.5399999618530273,3.5299999713897705,3.5299999713897705,400.0
2026-04-10 10:40:00,ROCK.V,,2.6500000953674316,2.6500000953674316,2.6500000953674316,2.6500000953674316,800.0
2026-04-10 10:40:00,ROK.V,,0.27000001072883606,0.27000001072883606,0.27000001072883606,0.27000001072883606,29500.0
2026-04-10 10:40:00,ROOF.V,,0.20499999821186066,0.20499999821186066,0.20499999821186066,0.20499999821186066,1000.0
2026-04-10 10:40:00,RYO.V,,0.5400000214576721,0.5400000214576721,0.5400000214576721,0.5400000214576721,500.0
2026-04-10 10:40:00,SCZ.V,,11.239999771118164,11.25,11.239999771118164,11.25,3200.0
2026-04-10 10:40:00,SLG.V,,3.7300000190734863,3.7300000190734863,3.7200000286102295,3.7200000286102295,200.0
2026-04-10 10:40:00,SLI.V,,4.820000171661377,4.820000171661377,4.820000171661377,4.820000171661377,900.0
2026-04-10 10:40:00,SM.V,,1.8700000047683716,1.8700000047683716,1.8700000047683716,1.8700000047683716,3300.0
2026-04-10 10:40:00,SOMA.V,,1.7999999523162842,1.809999942779541,1.7999999523162842,1.809999942779541,12800.0
2026-04-10 10:40:00,STUD.V,,0.36000001430511475,0.36000001430511475,0.35749998688697815,0.35749998688697815,1500.0
2026-04-10 10:41:00,FISH.V,,3.700000047683716,3.700000047683716,3.700000047683716,3.700000047683716,200.0
2026-04-10 10:41:00,MAI.V,,6.449999809265137,6.449999809265137,6.449999809265137,6.449999809265137,650.0
2026-04-10 10:41:00,MON.V,,0.6899999976158142,0.6899999976158142,0.6899999976158142,0.6899999976158142,1000.0
2026-04-10 10:41:00,OMG.V,,2.0399999618530273,2.0399999618530273,2.0299999713897705,2.0299999713897705,5000.0
2026-04-10 10:41:00,ONYX.V,,1.2200000286102295,1.2200000286102295,1.2200000286102295,1.2200000286102295,100.0
2026-04-10 10:41:00,OTC.V,,0.4699999988079071,0.4699999988079071,0.4699999988079071,0.4699999988079071,1000.0
2026-04-10 10:41:00,PNPN.V,,1.2200000286102295,1.2200000286102295,1.2200000286102295,1.2200000286102295,100.0
2026-04-10 10:41:00,RECO.V,,1.1200000047683716,1.1299999952316284,1.1200000047683716,1.1299999952316284,21400.0
2026-04-10 10:41:00,ROS.V,,0.27000001072883606,0.27000001072883606,0.27000001072883606,0.27000001072883606,33000.0
2026-04-10 10:41:00,RYO.V,,0.5400000214576721,0.5400000214576721,0.5400000214576721,0.5400000214576721,1000.0
2026-04-10 10:41:00,SLG.V,,3.7300000190734863,3.7300000190734863,3.7300000190734863,3.7300000190734863,200.0
2026-04-10 10:41:00,SLI.V,,4.820000171661377,4.820000171661377,4.820000171661377,4.820000171661377,500.0
2026-04-10 10:41:00,SLVR.V,,0.8799999952316284,0.8799999952316284,0.8799999952316284,0.8799999952316284,500.0
2026-04-10 10:41:00,SOMA.V,,1.8300000429153442,1.8300000429153442,1.8300000429153442,1.8300000429153442,100.0
2026-04-10 10:41:00,STUD.V,,0.35499998927116394,0.36000001430511475,0.35499998927116394,0.36000001430511475,11000.0
2026-04-10 10:42:00,DEAL.V,,0.004999999888241291,0.004999999888241291,0.004999999888241291,0.004999999888241291,0.0
2026-04-10 10:42:00,FISH.V,,3.700000047683716,3.700000047683716,3.700000047683716,3.700000047683716,2000.0
2026-04-10 10:42:00,GASX.V,,1.4550000429153442,1.4550000429153442,1.4550000429153442,1.4550000429153442,100.0
2026-04-10 10:42:00,MAI.V,,6.429999828338623,6.429999828338623,6.429999828338623,6.429999828338623,200.0
2026-04-10 10:42:00,NCX.V,,3.299999952316284,3.299999952316284,3.299999952316284,3.299999952316284,2100.0
2026-04-10 10:42:00,NFD-A.V,,5.25,5.25,5.25,5.25,700.0
2026-04-10 10:42:00,NFG.V,,2.869999885559082,2.869999885559082,2.869999885559082,2.869999885559082,1900.0
2026-04-10 10:42:00,ODV.V,,4.579999923706055,4.590000152587891,4.579999923706055,4.590000152587891,2600.0
2026-04-10 10:42:00,PML.V,,0.8999999761581421,0.8999999761581421,0.8999999761581421,0.8999999761581421,500.0
2026-04-10 10:42:00,PPP.V,,1.309999942779541,1.3200000524520874,1.309999942779541,1.3200000524520874,10000.0
2026-04-10 10:42:00,QNC.V,,3.5199999809265137,3.5199999809265137,3.5199999809265137,3.5199999809265137,800.0
2026-04-10 10:42:00,QTWO.V,,2.2799999713897705,2.2799999713897705,2.2799999713897705,2.2799999713897705,100.0
2026-04-10 10:42:00,RECO.V,,1.1150000095367432,1.1150000095367432,1.1150000095367432,1.1150000095367432,100.0
2026-04-10 10:42:00,RYO.V,,0.5400000214576721,0.5400000214576721,0.5400000214576721,0.5400000214576721,500.0
2026-04-10 10:42:00,SCZ.V,,11.170000076293945,11.199999809265137,11.170000076293945,11.199999809265137,2500.0
2026-04-10 10:42:00,SGML.V,,20.399999618530273,20.399999618530273,20.399999618530273,20.399999618530273,100.0
2026-04-10 10:42:00,SLG.V,,3.7100000381469727,3.7100000381469727,3.7100000381469727,3.7100000381469727,800.0
2026-04-10 10:42:00,SLI.V,,4.800000190734863,4.820000171661377,4.800000190734863,4.820000171661377,1000.0
2026-04-10 10:42:00,SOMA.V,,1.8300000429153442,1.8300000429153442,1.8300000429153442,1.8300000429153442,100.0
2026-04-10 10:42:00,SVRS.V,,0.48500001430511475,0.4950000047683716,0.48500001430511475,0.4950000047683716,27000.0
2026-04-10 10:42:00,SYH.V,,0.48500001430511475,0.48500001430511475,0.48500001430511475,0.48500001430511475,5000.0
2026-04-10 10:43:00,AGX.V,,0.7400000095367432,0.7400000095367432,0.7400000095367432,0.7400000095367432,4500.0
2026-04-10 10:43:00,GASX.V,,1.4500000476837158,1.4500000476837158,1.4500000476837158,1.4500000476837158,500.0
2026-04-10 10:43:00,NCX.V,,3.299999952316284,3.299999952316284,3.299999952316284,3.299999952316284,400.0
2026-04-10 10:43:00,ODV.V,,4.579999923706055,4.579999923706055,4.579999923706055,4.579999923706055,200.0
2026-04-10 10:43:00,ONYX.V,,1.2200000286102295,1.2200000286102295,1.2200000286102295,1.2200000286102295,700.0
2026-04-10 10:43:00,PINK.V,,0.35499998927116394,0.35499998927116394,0.35499998927116394,0.35499998927116394,1000.0
2026-04-10 10:43:00,PNPN.V,,1.215000033378601,1.215000033378601,1.215000033378601,1.215000033378601,100.0
2026-04-10 10:43:00,QNC.V,,3.509999990463257,3.509999990463257,3.509999990463257,3.509999990463257,100.0
2026-04-10 10:43:00,RSM.V,,0.3100000023841858,0.3100000023841858,0.3100000023841858,0.3100000023841858,500.0
2026-04-10 10:43:00,RYO.V,,0.5400000214576721,0.5400000214576721,0.5400000214576721,0.5400000214576721,500.0
2026-04-10 10:43:00,SCZ.V,,11.130000114440918,11.170000076293945,11.130000114440918,11.170000076293945,2073.0
2026-04-10 10:43:00,SEI.V,,0.5699999928474426,0.5699999928474426,0.5699999928474426,0.5699999928474426,2500.0
2026-04-10 10:43:00,SSV.V,,0.6000000238418579,0.6000000238418579,0.6000000238418579,0.6000000238418579,5833.0
2026-04-10 10:44:00,NAU.V,,1.8200000524520874,1.8200000524520874,1.8200000524520874,1.8200000524520874,100.0
2026-04-10 10:44:00,NBM.V,,0.5699999928474426,0.5699999928474426,0.5699999928474426,0.5699999928474426,500.0
2026-04-10 10:44:00,NDA.V,,0.9700000286102295,0.9700000286102295,0.9700000286102295,0.9700000286102295,2000.0
2026-04-10 10:44:00,NFG.V,,2.869999885559082,2.869999885559082,2.859999895095825,2.859999895095825,1800.0
2026-04-10 10:44:00,OMG.V,,2.0299999713897705,2.0299999713897705,2.0299999713897705,2.0299999713897705,100.0
2026-04-10 10:44:00,PGLD.V,,0.7200000286102295,0.7200000286102295,0.7200000286102295,0.7200000286102295,100000.0
2026-04-10 10:44:00,PML.V,,0.8999999761581421,0.8999999761581421,0.8999999761581421,0.8999999761581421,1000.0
2026-04-10 10:44:00,PNPN.V,,1.2100000381469727,1.2100000381469727,1.2100000381469727,1.2100000381469727,3200.0
2026-04-10 10:44:00,QNC.V,,3.490000009536743,3.509999990463257,3.490000009536743,3.509999990463257,6643.0
2026-04-10 10:44:00,QTWO.V,,2.2699999809265137,2.2699999809265137,2.2699999809265137,2.2699999809265137,300.0
2026-04-10 10:44:00,RYO.V,,0.5299999713897705,0.5400000214576721,0.5299999713897705,0.5400000214576721,1024.0
2026-04-10 10:44:00,SCZ.V,,11.140000343322754,11.140000343322754,11.100000381469727,11.100000381469727,10700.0
2026-04-10 10:44:00,SLI.V,,4.789999961853027,4.789999961853027,4.789999961853027,4.789999961853027,725.0
2026-04-10 10:44:00,SM.V,,1.8600000143051147,1.8600000143051147,1.8600000143051147,1.8600000143051147,6500.0
2026-04-10 10:44:00,SOMA.V,,1.8300000429153442,1.8300000429153442,1.8300000429153442,1.8300000429153442,100.0
2026-04-10 10:44:00,STUD.V,,0.35749998688697815,0.35749998688697815,0.35749998688697815,0.35749998688697815,500.0
2026-04-10 10:45:00,AGX.V,,0.7300000190734863,0.7300000190734863,0.7300000190734863,0.7300000190734863,27000.0
2026-04-10 10:45:00,MAI.V,,6.420000076293945,6.420000076293945,6.409999847412109,6.409999847412109,800.0
2026-04-10 10:45:00,NAU.V,,1.809999942779541,1.809999942779541,1.809999942779541,1.809999942779541,100.0
2026-04-10 10:45:00,NDA.V,,0.9700000286102295,0.9700000286102295,0.9700000286102295,0.9700000286102295,8500.0
2026-04-10 10:45:00,NFG.V,,2.859999895095825,2.859999895095825,2.859999895095825,2.859999895095825,100.0
2026-04-10 10:45:00,OMG.V,,2.0199999809265137,2.0199999809265137,2.0199999809265137,2.0199999809265137,100.0
2026-04-10 10:45:00,PGLD.V,,0.7200000286102295,0.7200000286102295,0.7200000286102295,0.7200000286102295,11000.0
2026-04-10 10:45:00,PLSR.V,,1.940000057220459,1.9500000476837158,1.940000057220459,1.9500000476837158,3650.0
2026-04-10 10:45:00,PML.V,,0.8999999761581421,0.8999999761581421,0.8999999761581421,0.8999999761581421,9500.0
2026-04-10 10:45:00,PPM.V,,0.019999999552965164,0.019999999552965164,0.019999999552965164,0.019999999552965164,2000.0
2026-04-10 10:45:00,RECO.V,,1.1100000143051147,1.1200000047683716,1.1100000143051147,1.1200000047683716,22500.0
2026-04-10 10:45:00,REG.V,,3.9600000381469727,3.9800000190734863,3.9600000381469727,3.9800000190734863,3400.0
2026-04-10 10:45:00,RET.V,,2.119999885559082,2.119999885559082,2.119999885559082,2.119999885559082,18500.0
2026-04-10 10:45:00,ROK.V,,0.27000001072883606,0.27000001072883606,0.27000001072883606,0.27000001072883606,2500.0
2026-04-10 10:45:00,RVG.V,,0.800000011920929,0.8100000023841858,0.800000011920929,0.8100000023841858,13500.0
2026-04-10 10:45:00,RYO.V,,0.5299999713897705,0.5299999713897705,0.5299999713897705,0.5299999713897705,500.0
2026-04-10 10:45:00,SGML.V,,20.190000534057617,20.329999923706055,20.190000534057617,20.329999923706055,300.0
2026-04-10 10:45:00,SLG.V,,3.700000047683716,3.7200000286102295,3.700000047683716,3.7100000381469727,3600.0
2026-04-10 10:45:00,SLI.V,,4.78000020980835,4.78000020980835,4.78000020980835,4.78000020980835,200.0
2026-04-10 10:45:00,SOMA.V,,1.8300000429153442,1.8300000429153442,1.8300000429153442,1.8300000429153442,100.0
2026-04-10 10:45:00,STRR.V,,0.5099999904632568,0.5099999904632568,0.5099999904632568,0.5099999904632568,1000.0
2026-04-10 10:45:00,SVRS.V,,0.47999998927116394,0.47999998927116394,0.47999998927116394,0.47999998927116394,7000.0
2026-04-10 10:46:00,AGX.V,,0.7300000190734863,0.7300000190734863,0.7300000190734863,0.7300000190734863,6000.0
2026-04-10 10:46:00,HASH.V,,0.03999999910593033,0.03999999910593033,0.03999999910593033,0.03999999910593033,75900.0
2026-04-10 10:46:00,MKA.V,,0.6800000071525574,0.7099999785423279,0.6800000071525574,0.7099999785423279,12000.0
2026-04-10 10:46:00,NCX.V,,3.309999942779541,3.309999942779541,3.309999942779541,3.309999942779541,100.0
2026-04-10 10:46:00,NFG.V,,2.859999895095825,2.859999895095825,2.859999895095825,2.859999895095825,2500.0
2026-04-10 10:46:00,ODV.V,,4.579999923706055,4.579999923706055,4.579999923706055,4.579999923706055,200.0
2026-04-10 10:46:00,ONYX.V,,1.2200000286102295,1.2200000286102295,1.2200000286102295,1.2200000286102295,1700.0
2026-04-10 10:46:00,PTU.V,,0.41999998688697815,0.41999998688697815,0.41999998688697815,0.41999998688697815,5500.0
2026-04-10 10:46:00,QNC.V,,3.490000009536743,3.490000009536743,3.490000009536743,3.490000009536743,1100.0
2026-04-10 10:46:00,QTWO.V,,2.2699999809265137,2.2699999809265137,2.2699999809265137,2.2699999809265137,300.0
2026-04-10 10:46:00,RYO.V,,0.5400000214576721,0.5400000214576721,0.5400000214576721,0.5400000214576721,500.0
2026-04-10 10:46:00,SCZ.V,,11.119999885559082,11.119999885559082,11.119999885559082,11.119999885559082,100.0
2026-04-10 10:46:00,STRR.V,,0.5,0.5,0.5,0.5,1000.0
2026-04-10 10:47:00,MMY.V,,0.9900000095367432,0.9900000095367432,0.9900000095367432,0.9900000095367432,100.0
2026-04-10 10:47:00,NAU.V,,1.809999942779541,1.809999942779541,1.809999942779541,1.809999942779541,100.0
2026-04-10 10:47:00,NFG.V,,2.8499999046325684,2.8499999046325684,2.8499999046325684,2.8499999046325684,2000.0
2026-04-10 10:47:00,OMG.V,,2.0199999809265137,2.0199999809265137,2.0199999809265137,2.0199999809265137,700.0
2026-04-10 10:47:00,PML.V,,0.8999999761581421,0.8999999761581421,0.8999999761581421,0.8999999761581421,500.0
2026-04-10 10:47:00,PTU.V,,0.41499999165534973,0.41499999165534973,0.41499999165534973,0.41499999165534973,8000.0
2026-04-10 10:47:00,QGR.V,,0.2549999952316284,0.25999999046325684,0.2549999952316284,0.25999999046325684,13500.0
2026-04-10 10:47:00,QNC.V,,3.490000009536743,3.490000009536743,3.490000009536743,3.490000009536743,100.0
2026-04-10 10:47:00,RDS.V,,0.9100000262260437,0.9100000262260437,0.9100000262260437,0.9100000262260437,1000.0
2026-04-10 10:47:00,ROCK.V,,2.6500000953674316,2.6500000953674316,2.6500000953674316,2.6500000953674316,100.0
2026-04-10 10:47:00,RYO.V,,0.5400000214576721,0.5400000214576721,0.5400000214576721,0.5400000214576721,500.0
2026-04-10 10:47:00,SCZ.V,,11.079999923706055,11.079999923706055,11.079999923706055,11.079999923706055,200.0
2026-04-10 10:47:00,SGML.V,,20.350000381469727,20.350000381469727,20.350000381469727,20.350000381469727,500.0
2026-04-10 10:47:00,SLG.V,,3.75,3.75,3.7300000190734863,3.740000009536743,4300.0
2026-04-10 10:47:00,SMN.V,,0.14000000059604645,0.14000000059604645,0.14000000059604645,0.14000000059604645,40000.0
2026-04-10 10:47:00,SPC.V,,0.05000000074505806,0.05000000074505806,0.05000000074505806,0.05000000074505806,0.0
2026-04-10 10:47:00,SVE.V,,0.5400000214576721,0.5400000214576721,0.5400000214576721,0.5400000214576721,11500.0
2026-04-10 10:47:00,SVRS.V,,0.4749999940395355,0.4749999940395355,0.4749999940395355,0.4749999940395355,1500.0
2026-04-10 10:48:00,MMY.V,,0.9900000095367432,0.9900000095367432,0.9900000095367432,0.9900000095367432,300.0
2026-04-10 10:48:00,NFG.V,,2.8499999046325684,2.8499999046325684,2.8499999046325684,2.8499999046325684,839.0
2026-04-10 10:48:00,OMG.V,,2.0199999809265137,2.0199999809265137,2.0199999809265137,2.0199999809265137,1300.0
2026-04-10 10:48:00,OMM.V,,0.06499999761581421,0.06499999761581421,0.06499999761581421,0.06499999761581421,139500.0
2026-04-10 10:48:00,PLSR.V,,1.9500000476837158,1.9500000476837158,1.9500000476837158,1.9500000476837158,2100.0
2026-04-10 10:48:00,PLUR.V,,0.125,0.125,0.125,0.125,66500.0
2026-04-10 10:48:00,PLY.V,,0.05000000074505806,0.05000000074505806,0.05000000074505806,0.05000000074505806,122000.0
2026-04-10 10:48:00,PPP.V,,1.3200000524520874,1.3200000524520874,1.3200000524520874,1.3200000524520874,1900.0
2026-04-10 10:48:00,QNC.V,,3.5,3.5,3.5,3.5,500.0
2026-04-10 10:48:00,RYO.V,,0.5299999713897705,0.5299999713897705,0.5299999713897705,0.5299999713897705,2000.0
2026-04-10 10:48:00,SCD.V,,0.13500000536441803,0.13500000536441803,0.13500000536441803,0.13500000536441803,1000.0
2026-04-10 10:48:00,SCZ.V,,11.0600004196167,11.079999923706055,11.0600004196167,11.079999923706055,600.0
2026-04-10 10:48:00,SEND.V,,1.5700000524520874,1.5700000524520874,1.5700000524520874,1.5700000524520874,3333.0
2026-04-10 10:48:00,SHL.V,,0.48500001430511475,0.48500001430511475,0.48500001430511475,0.48500001430511475,13500.0
2026-04-10 10:48:00,SVRS.V,,0.47999998927116394,0.47999998927116394,0.47999998927116394,0.47999998927116394,3500.0
2026-04-10 10:49:00,AGX.V,,0.7300000190734863,0.7300000190734863,0.7300000190734863,0.7300000190734863,2500.0
2026-04-10 10:49:00,MMY.V,,0.9900000095367432,0.9900000095367432,0.9900000095367432,0.9900000095367432,200.0
2026-04-10 10:49:00,NCI.V,,1.0299999713897705,1.0299999713897705,1.0299999713897705,1.0299999713897705,100.0
2026-04-10 10:49:00,NEV.V,,0.02500000037252903,0.02500000037252903,0.02500000037252903,0.02500000037252903,3000.0
2026-04-10 10:49:00,NKL.V,,1.059999942779541,1.059999942779541,1.059999942779541,1.059999942779541,250.0
2026-04-10 10:49:00,NOB.V,,0.10000000149011612,0.10000000149011612,0.10000000149011612,0.10000000149011612,77100.0
2026-04-10 10:49:00,PGDC.V,,0.8899999856948853,0.8899999856948853,0.8899999856948853,0.8899999856948853,6000.0
2026-04-10 10:49:00,PGLD.V,,0.7200000286102295,0.7200000286102295,0.7200000286102295,0.7200000286102295,8000.0
2026-04-10 10:49:00,PML.V,,0.8999999761581421,0.8999999761581421,0.8999999761581421,0.8999999761581421,500.0
2026-04-10 10:49:00,PRG.V,,0.5899999737739563,0.5899999737739563,0.5899999737739563,0.5899999737739563,2000.0
2026-04-10 10:49:00,QGR.V,,0.25999999046325684,0.25999999046325684,0.25999999046325684,0.25999999046325684,31000.0
2026-04-10 10:49:00,QTWO.V,,2.2799999713897705,2.2799999713897705,2.2699999809265137,2.2699999809265137,2300.0
2026-04-10 10:49:00,RDS.V,,0.8999999761581421,0.8999999761581421,0.8999999761581421,0.8999999761581421,8000.0
2026-04-10 10:49:00,RECO.V,,1.1150000095367432,1.1150000095367432,1.1150000095367432,1.1150000095367432,3000.0
2026-04-10 10:49:00,RYO.V,,0.5299999713897705,0.5299999713897705,0.5299999713897705,0.5299999713897705,500.0
2026-04-10 10:49:00,SCZ.V,,11.039999961853027,11.050000190734863,11.039999961853027,11.050000190734863,200.0
2026-04-10 10:49:00,SLI.V,,4.775000095367432,4.789999961853027,4.769999980926514,4.78000020980835,12500.0
2026-04-10 10:49:00,SM.V,,1.840000033378601,1.850000023841858,1.840000033378601,1.850000023841858,500.0
2026-04-10 10:49:00,SMN.V,,0.14000000059604645,0.14000000059604645,0.14000000059604645,0.14000000059604645,8000.0
2026-04-10 10:49:00,SSV.V,,0.5899999737739563,0.5899999737739563,0.5899999737739563,0.5899999737739563,20041.0
2026-04-10 10:49:00,SVRS.V,,0.47999998927116394,0.47999998927116394,0.47999998927116394,0.47999998927116394,3000.0
2026-04-10 10:50:00,AGX.V,,0.7300000190734863,0.7300000190734863,0.7300000190734863,0.7300000190734863,14000.0
2026-04-10 10:50:00,MUN.V,,0.42500001192092896,0.42500001192092896,0.42500001192092896,0.42500001192092896,3100.0
2026-04-10 10:50:00,NBLC.V,,0.06499999761581421,0.06499999761581421,0.06499999761581421,0.06499999761581421,63000.0
2026-04-10 10:50:00,NEV.V,,0.029999999329447746,0.029999999329447746,0.029999999329447746,0.029999999329447746,3000.0
2026-04-10 10:50:00,NFG.V,,2.8450000286102295,2.8450000286102295,2.8399999141693115,2.8399999141693115,3131.0
2026-04-10 10:50:00,ODV.V,,4.550000190734863,4.559999942779541,4.550000190734863,4.559999942779541,200.0
2026-04-10 10:50:00,PGE.V,,0.3199999928474426,0.3199999928474426,0.3149999976158142,0.3199999928474426,36000.0
2026-04-10 10:50:00,PLSR.V,,1.9500000476837158,1.9500000476837158,1.9500000476837158,1.9500000476837158,2100.0
2026-04-10 10:50:00,PML.V,,0.8999999761581421,0.8999999761581421,0.8999999761581421,0.8999999761581421,500.0
2026-04-10 10:50:00,PNPN.V,,1.2000000476837158,1.2000000476837158,1.2000000476837158,1.2000000476837158,11939.0
2026-04-10 10:50:00,QTWO.V,,2.2799999713897705,2.2799999713897705,2.2799999713897705,2.2799999713897705,600.0
2026-04-10 10:50:00,RBX.V,,7.090000152587891,7.090000152587891,7.090000152587891,7.090000152587891,200.0
2026-04-10 10:50:00,RYO.V,,0.5299999713897705,0.5299999713897705,0.5299999713897705,0.5299999713897705,500.0
2026-04-10 10:50:00,SCZ.V,,11.0600004196167,11.079999923706055,11.0600004196167,11.069999694824219,300.0
2026-04-10 10:50:00,SEND.V,,1.5800000429153442,1.5800000429153442,1.5800000429153442,1.5800000429153442,700.0
2026-04-10 10:50:00,SHL.V,,0.48500001430511475,0.48500001430511475,0.48500001430511475,0.48500001430511475,1526.0
2026-04-10 10:50:00,SLI.V,,4.78000020980835,4.78000020980835,4.78000020980835,4.78000020980835,200.0
2026-04-10 10:50:00,SMN.V,,0.14000000059604645,0.14000000059604645,0.14000000059604645,0.14000000059604645,4500.0
2026-04-10 10:50:00,SPA.V,,0.23499999940395355,0.23499999940395355,0.23499999940395355,0.23499999940395355,14500.0
2026-04-10 10:51:00,NAU.V,,1.7999999523162842,1.7999999523162842,1.7999999523162842,1.7999999523162842,1900.0
2026-04-10 10:51:00,NCX.V,,3.309999942779541,3.309999942779541,3.309999942779541,3.309999942779541,100.0
2026-04-10 10:51:00,OMG.V,,2.0199999809265137,2.0199999809265137,2.0199999809265137,2.0199999809265137,100.0
2026-04-10 10:51:00,RYO.V,,0.5199999809265137,0.5299999713897705,0.5199999809265137,0.5299999713897705,3000.0
2026-04-10 10:51:00,SGML.V,,20.299999237060547,20.299999237060547,20.299999237060547,20.299999237060547,100.0
2026-04-10 10:51:00,SLI.V,,4.789999961853027,4.789999961853027,4.78000020980835,4.78000020980835,1700.0
2026-04-10 10:51:00,SLVR.V,,0.8700000047683716,0.8700000047683716,0.8700000047683716,0.8700000047683716,18000.0
2026-04-10 10:51:00,SVRS.V,,0.47999998927116394,0.47999998927116394,0.47999998927116394,0.47999998927116394,1800.0
2026-04-10 10:52:00,AGX.V,,0.7300000190734863,0.7300000190734863,0.7300000190734863,0.7300000190734863,10228.0
2026-04-10 10:52:00,GASX.V,,1.4600000381469727,1.4600000381469727,1.4500000476837158,1.4500000476837158,2900.0
2026-04-10 10:52:00,MMY.V,,0.9850000143051147,0.9850000143051147,0.9850000143051147,0.9850000143051147,300.0
2026-04-10 10:52:00,MOO.V,,0.7699999809265137,0.7699999809265137,0.7699999809265137,0.7699999809265137,1000.0
2026-04-10 10:52:00,NCI.V,,1.024999976158142,1.024999976158142,1.024999976158142,1.024999976158142,500.0
2026-04-10 10:52:00,OMG.V,,2.0199999809265137,2.0199999809265137,2.0199999809265137,2.0199999809265137,100.0
2026-04-10 10:52:00,ONYX.V,,1.2200000286102295,1.2200000286102295,1.2200000286102295,1.2200000286102295,400.0
2026-04-10 10:52:00,PLSR.V,,1.9299999475479126,1.940000057220459,1.9299999475479126,1.940000057220459,4002.0
2026-04-10 10:52:00,PML.V,,0.8999999761581421,0.8999999761581421,0.8999999761581421,0.8999999761581421,500.0
2026-04-10 10:52:00,QTWO.V,,2.2850000858306885,2.2850000858306885,2.2850000858306885,2.2850000858306885,100.0
2026-04-10 10:52:00,QZM.V,,0.699999988079071,0.699999988079071,0.699999988079071,0.699999988079071,6500.0
2026-04-10 10:52:00,RDS.V,,0.8999999761581421,0.8999999761581421,0.8999999761581421,0.8999999761581421,747.0
2026-04-10 10:52:00,ROCK.V,,2.630000114440918,2.630000114440918,2.630000114440918,2.630000114440918,100.0
2026-04-10 10:52:00,SEI.V,,0.5799999833106995,0.5799999833106995,0.5799999833106995,0.5799999833106995,500.0
2026-04-10 10:52:00,SGML.V,,20.31999969482422,20.31999969482422,20.31999969482422,20.31999969482422,400.0
2026-04-10 10:52:00,STUD.V,,0.35749998688697815,0.36000001430511475,0.35749998688697815,0.36000001430511475,5000.0
2026-04-10 10:52:00,SVRS.V,,0.48500001430511475,0.48500001430511475,0.48500001430511475,0.48500001430511475,500.0
2026-04-10 10:53:00,GASX.V,,1.4600000381469727,1.4600000381469727,1.4600000381469727,1.4600000381469727,2500.0
2026-04-10 10:53:00,MGG.V,,0.38999998569488525,0.38999998569488525,0.38999998569488525,0.38999998569488525,12500.0
2026-04-10 10:53:00,NAU.V,,1.7999999523162842,1.7999999523162842,1.7999999523162842,1.7999999523162842,2150.0
2026-04-10 10:53:00,PUR.V,,0.6399999856948853,0.6399999856948853,0.6399999856948853,0.6399999856948853,1000.0
2026-04-10 10:53:00,QNC.V,,3.5799999237060547,3.5799999237060547,3.5399999618530273,3.5399999618530273,16127.0
2026-04-10 10:53:00,RET-A.V,,1.8300000429153442,1.8300000429153442,1.8300000429153442,1.8300000429153442,100.0
2026-04-10 10:53:00,ROS.V,,0.27000001072883606,0.27000001072883606,0.27000001072883606,0.27000001072883606,17000.0
2026-04-10 10:53:00,RYO.V,,0.5400000214576721,0.5400000214576721,0.5299999713897705,0.5299999713897705,7000.0
2026-04-10 10:53:00,SLI.V,,4.800000190734863,4.800000190734863,4.800000190734863,4.800000190734863,600.0
2026-04-10 10:53:00,SLVR.V,,0.8700000047683716,0.8700000047683716,0.8700000047683716,0.8700000047683716,5000.0
2026-04-10 10:53:00,STUD.V,,0.36000001430511475,0.36000001430511475,0.35749998688697815,0.35749998688697815,2000.0
2026-04-10 10:53:00,SVE.V,,0.5400000214576721,0.5400000214576721,0.5400000214576721,0.5400000214576721,5000.0
2026-04-10 10:53:00,SVRS.V,,0.48500001430511475,0.48500001430511475,0.48500001430511475,0.48500001430511475,500.0
2026-04-10 10:54:00,NAU.V,,1.809999942779541,1.809999942779541,1.809999942779541,1.809999942779541,100.0
2026-04-10 10:54:00,NFG.V,,2.8399999141693115,2.8399999141693115,2.8399999141693115,2.8399999141693115,6200.0
2026-04-10 10:54:00,OMG.V,,2.0199999809265137,2.0199999809265137,2.0199999809265137,2.0199999809265137,200.0
2026-04-10 10:54:00,PINK.V,,0.3449999988079071,0.3499999940395355,0.3449999988079071,0.3499999940395355,5500.0
2026-04-10 10:54:00,PLSR.V,,1.9500000476837158,1.9500000476837158,1.9500000476837158,1.9500000476837158,790.0
2026-04-10 10:54:00,PML.V,,0.8999999761581421,0.8999999761581421,0.8999999761581421,0.8999999761581421,11500.0
2026-04-10 10:54:00,PNPN.V,,1.2000000476837158,1.2000000476837158,1.2000000476837158,1.2000000476837158,200.0
2026-04-10 10:54:00,PPM.V,,0.019999999552965164,0.019999999552965164,0.019999999552965164,0.019999999552965164,4000.0
2026-04-10 10:54:00,PUR.V,,0.6399999856948853,0.6399999856948853,0.6399999856948853,0.6399999856948853,3615.0
2026-04-10 10:54:00,RML.V,,1.059999942779541,1.059999942779541,1.059999942779541,1.059999942779541,200.0
2026-04-10 10:54:00,ROCK.V,,2.630000114440918,2.630000114440918,2.630000114440918,2.630000114440918,1000.0
2026-04-10 10:54:00,RRI.V,,0.20999999344348907,0.20999999344348907,0.20999999344348907,0.20999999344348907,0.0
2026-04-10 10:54:00,SLI.V,,4.800000190734863,4.804999828338623,4.800000190734863,4.804999828338623,2000.0
2026-04-10 10:54:00,SOI.V,,0.2150000035762787,0.2150000035762787,0.2150000035762787,0.2150000035762787,2500.0
2026-04-10 10:54:00,SVE.V,,0.5400000214576721,0.5400000214576721,0.5299999713897705,0.5299999713897705,4800.0
2026-04-10 10:55:00,MAI.V,,6.349999904632568,6.360000133514404,6.349999904632568,6.360000133514404,680.0
2026-04-10 10:55:00,NKG.V,,0.2199999988079071,0.2199999988079071,0.2199999988079071,0.2199999988079071,20000.0
2026-04-10 10:55:00,ODV.V,,4.510000228881836,4.519999980926514,4.510000228881836,4.519999980926514,500.0
2026-04-10 10:55:00,OMG.V,,2.0199999809265137,2.0199999809265137,2.0199999809265137,2.0199999809265137,1600.0
2026-04-10 10:55:00,OVL-H.V,,0.11500000208616257,0.11500000208616257,0.11500000208616257,0.11500000208616257,0.0
2026-04-10 10:55:00,PGE.V,,0.32499998807907104,0.32499998807907104,0.32499998807907104,0.32499998807907104,500.0
2026-04-10 10:55:00,PGLD.V,,0.7200000286102295,0.7200000286102295,0.7200000286102295,0.7200000286102295,10000.0
2026-04-10 10:55:00,PINK.V,,0.3449999988079071,0.3499999940395355,0.3449999988079071,0.3499999940395355,4000.0
2026-04-10 10:55:00,PLSR.V,,1.9299999475479126,1.940000057220459,1.9299999475479126,1.940000057220459,44999.0
2026-04-10 10:55:00,PML.V,,0.8999999761581421,0.8999999761581421,0.8999999761581421,0.8999999761581421,13500.0
2026-04-10 10:55:00,PNPN.V,,1.2000000476837158,1.2000000476837158,1.2000000476837158,1.2000000476837158,800.0
2026-04-10 10:55:00,PPM.V,,0.019999999552965164,0.019999999552965164,0.019999999552965164,0.019999999552965164,2000.0
2026-04-10 10:55:00,REC.V,,0.07500000298023224,0.07500000298023224,0.07500000298023224,0.07500000298023224,5000.0
2026-04-10 10:55:00,RECO.V,,1.1200000047683716,1.1200000047683716,1.1200000047683716,1.1200000047683716,15400.0
2026-04-10 10:55:00,ROS.V,,0.27000001072883606,0.27000001072883606,0.27000001072883606,0.27000001072883606,33500.0
2026-04-10 10:55:00,SCZ.V,,11.100000381469727,11.109999656677246,11.100000381469727,11.109999656677246,200.0
2026-04-10 10:55:00,SEI.V,,0.5799999833106995,0.5799999833106995,0.5799999833106995,0.5799999833106995,500.0
2026-04-10 10:55:00,SLI.V,,4.789999961853027,4.789999961853027,4.789999961853027,4.789999961853027,200.0
2026-04-10 10:55:00,SM.V,,1.840000033378601,1.840000033378601,1.840000033378601,1.840000033378601,10200.0
2026-04-10 10:55:00,SSV.V,,0.5849999785423279,0.5849999785423279,0.5799999833106995,0.5849999785423279,24275.0
2026-04-10 10:55:00,SVE.V,,0.5400000214576721,0.5400000214576721,0.5400000214576721,0.5400000214576721,1000.0
2026-04-10 10:55:00,SVRS.V,,0.47999998927116394,0.47999998927116394,0.47999998927116394,0.47999998927116394,34500.0
2026-04-10 10:55:00,VIPR.V,,1.2999999523162842,1.2999999523162842,1.2999999523162842,1.2999999523162842,45600.0
2026-04-10 10:56:00,AGX.V,,0.7300000190734863,0.7300000190734863,0.7300000190734863,0.7300000190734863,1024.0
2026-04-10 10:56:00,NAU.V,,1.809999942779541,1.809999942779541,1.809999942779541,1.809999942779541,100.0
2026-04-10 10:56:00,NCI.V,,1.0199999809265137,1.0199999809265137,1.0199999809265137,1.0199999809265137,1500.0
2026-04-10 10:56:00,NFG.V,,2.8399999141693115,2.8399999141693115,2.8399999141693115,2.8399999141693115,700.0
2026-04-10 10:56:00,PINK.V,,0.3400000035762787,0.3400000035762787,0.3400000035762787,0.3400000035762787,500.0
2026-04-10 10:56:00,PML.V,,0.8999999761581421,0.8999999761581421,0.8999999761581421,0.8999999761581421,500.0
2026-04-10 10:56:00,PPM.V,,0.019999999552965164,0.019999999552965164,0.019999999552965164,0.019999999552965164,2000.0
2026-04-10 10:56:00,QGR.V,,0.25999999046325684,0.25999999046325684,0.25999999046325684,0.25999999046325684,1000.0
2026-04-10 10:56:00,QNC.V,,3.5799999237060547,3.5799999237060547,3.5799999237060547,3.5799999237060547,100.0
2026-04-10 10:56:00,ROI.V,,0.10000000149011612,0.10000000149011612,0.10000000149011612,0.10000000149011612,1000.0
2026-04-10 10:56:00,RPX.V,,0.1899999976158142,0.1899999976158142,0.1899999976158142,0.1899999976158142,10000.0
2026-04-10 10:56:00,RYO.V,,0.5400000214576721,0.5400000214576721,0.5400000214576721,0.5400000214576721,62643.0
2026-04-10 10:56:00,SCZ.V,,11.170000076293945,11.170000076293945,11.170000076293945,11.170000076293945,100.0
2026-04-10 10:56:00,SLI.V,,4.800000190734863,4.800000190734863,4.800000190734863,4.800000190734863,100.0
2026-04-10 10:56:00,SVRS.V,,0.47999998927116394,0.47999998927116394,0.47999998927116394,0.47999998927116394,1000.0
2026-04-10 10:57:00,GASX.V,,1.4600000381469727,1.4600000381469727,1.4600000381469727,1.4600000381469727,100.0
2026-04-10 10:57:00,NCX.V,,3.309999942779541,3.309999942779541,3.309999942779541,3.309999942779541,300.0
2026-04-10 10:57:00,NOW.V,,0.22499999403953552,0.22499999403953552,0.22499999403953552,0.22499999403953552,500.0
2026-04-10 10:57:00,NXLV.V,,1.9700000286102295,1.9800000190734863,1.9700000286102295,1.9800000190734863,1500.0
2026-04-10 10:57:00,OCO.V,,0.4050000011920929,0.4050000011920929,0.4050000011920929,0.4050000011920929,20000.0
2026-04-10 10:57:00,PLSR.V,,1.940000057220459,1.940000057220459,1.940000057220459,1.940000057220459,100.0
2026-04-10 10:57:00,PPM.V,,0.019999999552965164,0.019999999552965164,0.019999999552965164,0.019999999552965164,2000.0
2026-04-10 10:57:00,QGR.V,,0.25999999046325684,0.25999999046325684,0.25999999046325684,0.25999999046325684,1500.0
2026-04-10 10:57:00,QTWO.V,,2.2899999618530273,2.2899999618530273,2.2899999618530273,2.2899999618530273,200.0
2026-04-10 10:57:00,REG.V,,3.9800000190734863,3.9800000190734863,3.9800000190734863,3.9800000190734863,400.0
2026-04-10 10:57:00,RYO.V,,0.550000011920929,0.550000011920929,0.550000011920929,0.550000011920929,13500.0
2026-04-10 10:57:00,SCD.V,,0.13500000536441803,0.13500000536441803,0.13500000536441803,0.13500000536441803,4500.0
2026-04-10 10:57:00,SCLT.V,,0.0949999988079071,0.0949999988079071,0.0949999988079071,0.0949999988079071,25000.0
2026-04-10 10:58:00,MAI.V,,6.369999885559082,6.389999866485596,6.369999885559082,6.380000114440918,700.0
2026-04-10 10:58:00,NAU.V,,1.809999942779541,1.809999942779541,1.809999942779541,1.809999942779541,100.0
2026-04-10 10:58:00,NFG.V,,2.8399999141693115,2.8399999141693115,2.8399999141693115,2.8399999141693115,6200.0
2026-04-10 10:58:00,ODV.V,,4.53000020980835,4.539999961853027,4.53000020980835,4.539999961853027,700.0
2026-04-10 10:58:00,OZ.V,,0.3700000047683716,0.3700000047683716,0.3700000047683716,0.3700000047683716,2500.0
2026-04-10 10:58:00,PML.V,,0.8999999761581421,0.8999999761581421,0.8999999761581421,0.8999999761581421,5000.0
2026-04-10 10:58:00,PPM.V,,0.019999999552965164,0.019999999552965164,0.019999999552965164,0.019999999552965164,1000.0
2026-04-10 10:58:00,QGR.V,,0.25999999046325684,0.25999999046325684,0.25999999046325684,0.25999999046325684,2000.0
2026-04-10 10:58:00,QNC.V,,3.569999933242798,3.569999933242798,3.549999952316284,3.549999952316284,3100.0
2026-04-10 10:58:00,QTWO.V,,2.2899999618530273,2.2899999618530273,2.2899999618530273,2.2899999618530273,200.0
2026-04-10 10:58:00,RECO.V,,1.1200000047683716,1.1200000047683716,1.1200000047683716,1.1200000047683716,4400.0
2026-04-10 10:58:00,RYO.V,,0.550000011920929,0.550000011920929,0.550000011920929,0.550000011920929,500.0
2026-04-10 10:58:00,SEI.V,,0.5799999833106995,0.5799999833106995,0.5799999833106995,0.5799999833106995,500.0
2026-04-10 10:58:00,SMN.V,,0.14000000059604645,0.14000000059604645,0.14000000059604645,0.14000000059604645,19500.0
2026-04-10 10:59:00,ODV.V,,4.559999942779541,4.559999942779541,4.559999942779541,4.559999942779541,200.0
2026-04-10 10:59:00,OMG.V,,2.0199999809265137,2.0199999809265137,2.0199999809265137,2.0199999809265137,100.0
2026-04-10 10:59:00,ONYX.V,,1.190000057220459,1.190000057220459,1.190000057220459,1.190000057220459,14900.0
2026-04-10 10:59:00,PCQ.V,,0.11999999731779099,0.11999999731779099,0.11999999731779099,0.11999999731779099,1000.0
2026-04-10 10:59:00,PLY.V,,0.05000000074505806,0.05000000074505806,0.05000000074505806,0.05000000074505806,7000.0
2026-04-10 10:59:00,PML.V,,0.8999999761581421,0.8999999761581421,0.8999999761581421,0.8999999761581421,7000.0
2026-04-10 10:59:00,QGR.V,,0.25999999046325684,0.25999999046325684,0.25999999046325684,0.25999999046325684,1500.0
2026-04-10 10:59:00,QTWO.V,,2.2899999618530273,2.2899999618530273,2.2899999618530273,2.2899999618530273,100.0
2026-04-10 10:59:00,RYO.V,,0.550000011920929,0.550000011920929,0.550000011920929,0.550000011920929,2500.0
2026-04-10 10:59:00,STND.V,,0.10499999672174454,0.10499999672174454,0.10499999672174454,0.10499999672174454,12500.0
2026-04-10 10:59:00,SVRS.V,,0.47999998927116394,0.47999998927116394,0.47999998927116394,0.47999998927116394,1000.0
2026-04-10 10:59:00,VIPR.V,,1.2999999523162842,1.2999999523162842,1.2999999523162842,1.2999999523162842,300.0
2026-04-10 11:00:00,GASX.V,,1.4600000381469727,1.4600000381469727,1.4600000381469727,1.4600000381469727,100.0
2026-04-10 11:00:00,NFG.V,,2.8399999141693115,2.8399999141693115,2.8399999141693115,2.8399999141693115,600.0
2026-04-10 11:00:00,NPTH.V,,0.5299999713897705,0.5299999713897705,0.5299999713897705,0.5299999713897705,2000.0
2026-04-10 11:00:00,ODV.V,,4.559999942779541,4.559999942779541,4.559999942779541,4.559999942779541,200.0
2026-04-10 11:00:00,OMG.V,,2.009999990463257,2.0199999809265137,2.009999990463257,2.0199999809265137,9953.0
2026-04-10 11:00:00,PGE.V,,0.32499998807907104,0.32499998807907104,0.32499998807907104,0.32499998807907104,500.0
2026-04-10 11:00:00,PML.V,,0.8999999761581421,0.8999999761581421,0.8999999761581421,0.8999999761581421,500.0
2026-04-10 11:00:00,PX.V,,0.18000000715255737,0.18000000715255737,0.18000000715255737,0.18000000715255737,0.0
2026-04-10 11:00:00,QGR.V,,0.25999999046325684,0.25999999046325684,0.25999999046325684,0.25999999046325684,500.0
2026-04-10 11:00:00,QNC.V,,3.569999933242798,3.569999933242798,3.559999942779541,3.559999942779541,303.0
2026-04-10 11:00:00,QTWO.V,,2.2899999618530273,2.2899999618530273,2.2899999618530273,2.2899999618530273,200.0
2026-04-10 11:00:00,RMI.V,,0.15000000596046448,0.15000000596046448,0.15000000596046448,0.15000000596046448,1000.0
2026-04-10 11:00:00,RYO.V,,0.5400000214576721,0.550000011920929,0.5400000214576721,0.550000011920929,3000.0
2026-04-10 11:00:00,SCD.V,,0.13500000536441803,0.13500000536441803,0.13500000536441803,0.13500000536441803,7000.0
2026-04-10 11:00:00,SCZ.V,,11.119999885559082,11.119999885559082,11.119999885559082,11.119999885559082,100.0
2026-04-10 11:00:00,SEI.V,,0.5799999833106995,0.5799999833106995,0.5799999833106995,0.5799999833106995,500.0
2026-04-10 11:00:00,SVRS.V,,0.47999998927116394,0.47999998927116394,0.47999998927116394,0.47999998927116394,1500.0
2026-04-10 11:01:00,MAI.V,,6.360000133514404,6.369999885559082,6.360000133514404,6.369999885559082,700.0
2026-04-10 11:01:00,NBLC.V,,0.06499999761581421,0.06499999761581421,0.06499999761581421,0.06499999761581421,1000.0
2026-04-10 11:01:00,NDA.V,,0.9700000286102295,0.9700000286102295,0.9700000286102295,0.9700000286102295,1500.0
2026-04-10 11:01:00,ODV.V,,4.550000190734863,4.550000190734863,4.550000190734863,4.550000190734863,100.0
2026-04-10 11:01:00,PNTR.V,,0.5199999809265137,0.5199999809265137,0.5199999809265137,0.5199999809265137,500.0
2026-04-10 11:01:00,PUMA.V,,0.14499999582767487,0.14499999582767487,0.14499999582767487,0.14499999582767487,6000.0
2026-04-10 11:01:00,QGR.V,,0.25999999046325684,0.25999999046325684,0.25999999046325684,0.25999999046325684,1000.0
2026-04-10 11:01:00,QTWO.V,,2.2899999618530273,2.2899999618530273,2.2899999618530273,2.2899999618530273,100.0
2026-04-10 11:01:00,REG.V,,3.950000047683716,3.9700000286102295,3.950000047683716,3.9700000286102295,4400.0
2026-04-10 11:01:00,RYO.V,,0.5400000214576721,0.5400000214576721,0.5400000214576721,0.5400000214576721,4500.0
2026-04-10 11:01:00,SLG.V,,3.75,3.75,3.740000009536743,3.740000009536743,3300.0
2026-04-10 11:01:00,SVRS.V,,0.48500001430511475,0.48500001430511475,0.48500001430511475,0.48500001430511475,2500.0
2026-04-10 11:02:00,NCAU.V,,0.6399999856948853,0.6399999856948853,0.6399999856948853,0.6399999856948853,3000.0
2026-04-10 11:02:00,OMG.V,,2.0199999809265137,2.0199999809265137,2.0199999809265137,2.0199999809265137,200.0
2026-04-10 11:02:00,PEI.V,,0.03999999910593033,0.03999999910593033,0.03999999910593033,0.03999999910593033,0.0
2026-04-10 11:02:00,PLSR.V,,1.940000057220459,1.9500000476837158,1.940000057220459,1.9500000476837158,300.0
2026-04-10 11:02:00,PML.V,,0.8999999761581421,0.8999999761581421,0.8999999761581421,0.8999999761581421,500.0
2026-04-10 11:02:00,PPP.V,,1.3300000429153442,1.3300000429153442,1.3200000524520874,1.3200000524520874,4800.0
2026-04-10 11:02:00,QGR.V,,0.25999999046325684,0.25999999046325684,0.25999999046325684,0.25999999046325684,500.0
2026-04-10 11:02:00,QTWO.V,,2.2899999618530273,2.2899999618530273,2.2899999618530273,2.2899999618530273,1750.0
2026-04-10 11:02:00,REG.V,,3.9600000381469727,3.9600000381469727,3.9600000381469727,3.9600000381469727,200.0
2026-04-10 11:02:00,RML.V,,1.059999942779541,1.059999942779541,1.059999942779541,1.059999942779541,3000.0
2026-04-10 11:02:00,RSMX.V,,0.14000000059604645,0.14000000059604645,0.14000000059604645,0.14000000059604645,1000.0
2026-04-10 11:02:00,RZL.V,,0.47999998927116394,0.49000000953674316,0.47999998927116394,0.49000000953674316,5000.0
2026-04-10 11:02:00,SCD.V,,0.13500000536441803,0.13500000536441803,0.13500000536441803,0.13500000536441803,10000.0
2026-04-10 11:02:00,SCZ.V,,11.069999694824219,11.069999694824219,11.069999694824219,11.069999694824219,100.0
2026-04-10 11:02:00,SLG.V,,3.7699999809265137,3.7699999809265137,3.7699999809265137,3.7699999809265137,100.0
2026-04-10 11:02:00,SLI.V,,4.829999923706055,4.829999923706055,4.820000171661377,4.820000171661377,400.0
2026-04-10 11:02:00,SRL.V,,0.1899999976158142,0.1899999976158142,0.1899999976158142,0.1899999976158142,16500.0
2026-04-10 11:02:00,SRR.V,,0.949999988079071,0.9800000190734863,0.949999988079071,0.9800000190734863,0.0
2026-04-10 11:03:00,MMM.V,,0.11500000208616257,0.11500000208616257,0.11500000208616257,0.11500000208616257,0.0
2026-04-10 11:03:00,NCX.V,,3.309999942779541,3.309999942779541,3.309999942779541,3.309999942779541,200.0
2026-04-10 11:03:00,ODV.V,,4.559999942779541,4.559999942779541,4.559999942779541,4.559999942779541,100.0
2026-04-10 11:03:00,PLSR.V,,1.9500000476837158,1.9500000476837158,1.9500000476837158,1.9500000476837158,300.0
2026-04-10 11:03:00,PPP.V,,1.3250000476837158,1.3250000476837158,1.3250000476837158,1.3250000476837158,100.0
2026-04-10 11:03:00,QGR.V,,0.25999999046325684,0.25999999046325684,0.25999999046325684,0.25999999046325684,500.0
2026-04-10 11:03:00,QTWO.V,,2.2950000762939453,2.2950000762939453,2.2950000762939453,2.2950000762939453,100.0
2026-04-10 11:03:00,RBX.V,,7.039999961853027,7.039999961853027,7.039999961853027,7.039999961853027,200.0
2026-04-10 11:03:00,RYO.V,,0.5299999713897705,0.5299999713897705,0.5299999713897705,0.5299999713897705,6000.0
2026-04-10 11:03:00,SCZ.V,,11.020000457763672,11.079999923706055,11.010000228881836,11.079999923706055,2600.0
2026-04-10 11:03:00,SLG.V,,3.75,3.75,3.75,3.75,1900.0
2026-04-10 11:03:00,SLVR.V,,0.8700000047683716,0.8700000047683716,0.8700000047683716,0.8700000047683716,18500.0
2026-04-10 11:03:00,SRR.V,,0.949999988079071,0.949999988079071,0.949999988079071,0.949999988079071,32000.0
2026-04-10 11:04:00,MGG.V,,0.38499999046325684,0.38499999046325684,0.38499999046325684,0.38499999046325684,5500.0
2026-04-10 11:04:00,NCX.V,,3.309999942779541,3.309999942779541,3.309999942779541,3.309999942779541,100.0
2026-04-10 11:04:00,NFG.V,,2.8399999141693115,2.8399999141693115,2.8399999141693115,2.8399999141693115,100.0
2026-04-10 11:04:00,ODV.V,,4.559999942779541,4.559999942779541,4.559999942779541,4.559999942779541,100.0
2026-04-10 11:04:00,PLSR.V,,1.9500000476837158,1.9500000476837158,1.9500000476837158,1.9500000476837158,200.0
2026-04-10 11:04:00,PML.V,,0.8999999761581421,0.8999999761581421,0.8999999761581421,0.8999999761581421,500.0
2026-04-10 11:04:00,PVT.V,,1.649999976158142,1.649999976158142,1.649999976158142,1.649999976158142,0.0
2026-04-10 11:04:00,PX.V,,0.1850000023841858,0.1850000023841858,0.1850000023841858,0.1850000023841858,1000.0
2026-04-10 11:04:00,QGR.V,,0.25999999046325684,0.25999999046325684,0.25999999046325684,0.25999999046325684,500.0
2026-04-10 11:04:00,QNC.V,,3.569999933242798,3.569999933242798,3.569999933242798,3.569999933242798,1700.0
2026-04-10 11:04:00,QTWO.V,,2.2950000762939453,2.2950000762939453,2.2950000762939453,2.2950000762939453,200.0
2026-04-10 11:04:00,RZL.V,,0.5,0.5,0.5,0.5,1000.0
2026-04-10 11:04:00,SEI.V,,0.5799999833106995,0.5799999833106995,0.5799999833106995,0.5799999833106995,500.0
2026-04-10 11:04:00,SLG.V,,3.7300000190734863,3.7300000190734863,3.7300000190734863,3.7300000190734863,100.0
2026-04-10 11:04:00,SLVR.V,,0.8700000047683716,0.8700000047683716,0.8700000047683716,0.8700000047683716,5000.0
2026-04-10 11:04:00,SM.V,,1.850000023841858,1.850000023841858,1.850000023841858,1.850000023841858,1300.0
2026-04-10 11:04:00,SOI.V,,0.2150000035762787,0.2150000035762787,0.2150000035762787,0.2150000035762787,500.0
2026-04-10 11:04:00,SOMA.V,,1.7999999523162842,1.7999999523162842,1.7999999523162842,1.7999999523162842,100.0
2026-04-10 11:05:00,MGRO.V,,0.5899999737739563,0.5899999737739563,0.5899999737739563,0.5899999737739563,9500.0
2026-04-10 11:05:00,NAU.V,,1.809999942779541,1.809999942779541,1.809999942779541,1.809999942779541,100.0
2026-04-10 11:05:00,NEXE.V,,0.14000000059604645,0.14000000059604645,0.14000000059604645,0.14000000059604645,81405.0
2026-04-10 11:05:00,OCO.V,,0.4099999964237213,0.4099999964237213,0.4099999964237213,0.4099999964237213,500.0
2026-04-10 11:05:00,PLSR.V,,1.9500000476837158,1.9500000476837158,1.9500000476837158,1.9500000476837158,200.0
2026-04-10 11:05:00,PML.V,,0.8999999761581421,0.8999999761581421,0.8999999761581421,0.8999999761581421,48500.0
2026-04-10 11:05:00,QGR.V,,0.25999999046325684,0.26249998807907104,0.25999999046325684,0.25999999046325684,3500.0
2026-04-10 11:05:00,QNC.V,,3.569999933242798,3.569999933242798,3.569999933242798,3.569999933242798,100.0
2026-04-10 11:05:00,QTWO.V,,2.2950000762939453,2.2950000762939453,2.2950000762939453,2.2950000762939453,100.0
2026-04-10 11:05:00,RECO.V,,1.1200000047683716,1.1200000047683716,1.1200000047683716,1.1200000047683716,9737.0
2026-04-10 11:05:00,SLG.V,,3.680000066757202,3.7300000190734863,3.680000066757202,3.7300000190734863,2100.0
2026-04-10 11:05:00,SOI.V,,0.2150000035762787,0.2150000035762787,0.2150000035762787,0.2150000035762787,3200.0
2026-04-10 11:05:00,SVRS.V,,0.48500001430511475,0.48500001430511475,0.48500001430511475,0.48500001430511475,500.0
2026-04-10 11:06:00,GASX.V,,1.4600000381469727,1.4600000381469727,1.4600000381469727,1.4600000381469727,100.0
2026-04-10 11:06:00,MAI.V,,6.340000152587891,6.375,6.340000152587891,6.360000133514404,4205.0
2026-04-10 11:06:00,MMY.V,,0.9800000190734863,0.9800000190734863,0.9800000190734863,0.9800000190734863,100.0
2026-04-10 11:06:00,NAM.V,,0.33000001311302185,0.33000001311302185,0.33000001311302185,0.33000001311302185,0.0
2026-04-10 11:06:00,NPTH.V,,0.5299999713897705,0.5299999713897705,0.5299999713897705,0.5299999713897705,3500.0
2026-04-10 11:06:00,OMG.V,,2.0199999809265137,2.0199999809265137,2.0199999809265137,2.0199999809265137,100.0
2026-04-10 11:06:00,PGE.V,,0.32499998807907104,0.32499998807907104,0.32499998807907104,0.32499998807907104,500.0
2026-04-10 11:06:00,PGLD.V,,0.7200000286102295,0.7200000286102295,0.7200000286102295,0.7200000286102295,6000.0
2026-04-10 11:06:00,PLSR.V,,1.9500000476837158,1.9500000476837158,1.9500000476837158,1.9500000476837158,100.0
2026-04-10 11:06:00,PML.V,,0.8899999856948853,0.8899999856948853,0.8899999856948853,0.8899999856948853,1000.0
2026-04-10 11:06:00,PPP.V,,1.309999942779541,1.3200000524520874,1.309999942779541,1.3200000524520874,7500.0
2026-04-10 11:06:00,PWM.V,,0.4300000071525574,0.4300000071525574,0.4300000071525574,0.4300000071525574,1000.0
2026-04-10 11:06:00,QNC.V,,3.569999933242798,3.569999933242798,3.569999933242798,3.569999933242798,100.0
2026-04-10 11:06:00,QTWO.V,,2.2950000762939453,2.2950000762939453,2.2950000762939453,2.2950000762939453,100.0
2026-04-10 11:06:00,RBX.V,,7.03000020980835,7.03000020980835,7.03000020980835,7.03000020980835,100.0
2026-04-10 11:06:00,REG.V,,3.9600000381469727,3.9700000286102295,3.9600000381469727,3.9700000286102295,200.0
2026-04-10 11:06:00,RML.V,,1.059999942779541,1.059999942779541,1.059999942779541,1.059999942779541,100.0
2026-04-10 11:06:00,SCD.V,,0.13500000536441803,0.13500000536441803,0.13500000536441803,0.13500000536441803,9135.0
2026-04-10 11:06:00,SLG.V,,3.690000057220459,3.700000047683716,3.690000057220459,3.700000047683716,2100.0
2026-04-10 11:06:00,SLI.V,,4.820000171661377,4.820000171661377,4.820000171661377,4.820000171661377,600.0
2026-04-10 11:06:00,SLVR.V,,0.8700000047683716,0.8700000047683716,0.8700000047683716,0.8700000047683716,20000.0
2026-04-10 11:06:00,SVRS.V,,0.47999998927116394,0.47999998927116394,0.47999998927116394,0.47999998927116394,44500.0
2026-04-10 11:07:00,MAI.V,,6.380000114440918,6.380000114440918,6.340000152587891,6.349999904632568,4100.0
2026-04-10 11:07:00,NGC.V,,0.17499999701976776,0.17499999701976776,0.17499999701976776,0.17499999701976776,9000.0
2026-04-10 11:07:00,ODV.V,,4.559999942779541,4.559999942779541,4.559999942779541,4.559999942779541,100.0
2026-04-10 11:07:00,OMG.V,,2.0199999809265137,2.0199999809265137,2.0199999809265137,2.0199999809265137,1800.0
2026-04-10 11:07:00,PGE.V,,0.32499998807907104,0.32499998807907104,0.32499998807907104,0.32499998807907104,500.0
2026-04-10 11:07:00,PLSR.V,,1.9500000476837158,1.9500000476837158,1.9500000476837158,1.9500000476837158,250.0
2026-04-10 11:07:00,PPP.V,,1.2999999523162842,1.2999999523162842,1.2999999523162842,1.2999999523162842,15355.0
2026-04-10 11:07:00,QGR.V,,0.25999999046325684,0.25999999046325684,0.25999999046325684,0.25999999046325684,500.0
2026-04-10 11:07:00,QNC.V,,3.549999952316284,3.559999942779541,3.549999952316284,3.559999942779541,405.0
2026-04-10 11:07:00,RET-A.V,,1.8300000429153442,1.8300000429153442,1.8300000429153442,1.8300000429153442,200.0
2026-04-10 11:07:00,SLI.V,,4.820000171661377,4.820000171661377,4.820000171661377,4.820000171661377,100.0
2026-04-10 11:07:00,SM.V,,1.840000033378601,1.840000033378601,1.840000033378601,1.840000033378601,2739.0
2026-04-10 11:07:00,VIPR.V,,1.2999999523162842,1.2999999523162842,1.2999999523162842,1.2999999523162842,200.0
2026-04-10 11:08:00,NAM.V,,0.33000001311302185,0.33000001311302185,0.33000001311302185,0.33000001311302185,1000.0
2026-04-10 11:08:00,NCAU.V,,0.6399999856948853,0.6399999856948853,0.6399999856948853,0.6399999856948853,15000.0
2026-04-10 11:08:00,NFG.V,,2.8399999141693115,2.8399999141693115,2.8399999141693115,2.8399999141693115,300.0
2026-04-10 11:08:00,OMG.V,,2.0199999809265137,2.0199999809265137,2.0199999809265137,2.0199999809265137,600.0
2026-04-10 11:08:00,PEI.V,,0.03999999910593033,0.03999999910593033,0.03999999910593033,0.03999999910593033,35000.0
2026-04-10 11:08:00,PLSR.V,,1.940000057220459,1.940000057220459,1.940000057220459,1.940000057220459,4500.0
2026-04-10 11:08:00,PML.V,,0.8799999952316284,0.8799999952316284,0.8799999952316284,0.8799999952316284,8000.0
2026-04-10 11:08:00,PPP.V,,1.2999999523162842,1.2999999523162842,1.2999999523162842,1.2999999523162842,100.0
2026-04-10 11:08:00,PWM.V,,0.4300000071525574,0.4300000071525574,0.4300000071525574,0.4300000071525574,1000.0
2026-04-10 11:08:00,RBX.V,,7.03000020980835,7.03000020980835,7.03000020980835,7.03000020980835,100.0
2026-04-10 11:08:00,ROCK.V,,2.640000104904175,2.640000104904175,2.640000104904175,2.640000104904175,100.0
2026-04-10 11:08:00,SBMI.V,,0.23000000417232513,0.23000000417232513,0.23000000417232513,0.23000000417232513,500.0
2026-04-10 11:08:00,SCZ.V,,11.09000015258789,11.100000381469727,11.079999923706055,11.079999923706055,300.0
2026-04-10 11:08:00,SLI.V,,4.829999923706055,4.829999923706055,4.820000171661377,4.820000171661377,300.0
2026-04-10 11:08:00,SRR.V,,0.949999988079071,0.949999988079071,0.949999988079071,0.949999988079071,4000.0
2026-04-10 11:08:00,SVE.V,,0.5299999713897705,0.5299999713897705,0.5299999713897705,0.5299999713897705,500.0
2026-04-10 11:08:00,SVRS.V,,0.47999998927116394,0.47999998927116394,0.47999998927116394,0.47999998927116394,1000.0
2026-04-10 11:09:00,GASX.V,,1.4600000381469727,1.4600000381469727,1.4600000381469727,1.4600000381469727,900.0
2026-04-10 11:09:00,LITT.V,,0.4000000059604645,0.4099999964237213,0.4000000059604645,0.4099999964237213,42500.0
2026-04-10 11:09:00,NCX.V,,3.309999942779541,3.309999942779541,3.309999942779541,3.309999942779541,1655.0
2026-04-10 11:09:00,NFG.V,,2.8499999046325684,2.8499999046325684,2.8499999046325684,2.8499999046325684,100.0
2026-04-10 11:09:00,ODV.V,,4.570000171661377,4.570000171661377,4.570000171661377,4.570000171661377,100.0
2026-04-10 11:09:00,PER.V,,0.1850000023841858,0.1850000023841858,0.1850000023841858,0.1850000023841858,63614.0
2026-04-10 11:09:00,PINK.V,,0.33000001311302185,0.3400000035762787,0.33000001311302185,0.3400000035762787,42112.0
2026-04-10 11:09:00,PLSR.V,,1.9500000476837158,1.9500000476837158,1.9500000476837158,1.9500000476837158,300.0
2026-04-10 11:09:00,PML.V,,0.8799999952316284,0.8799999952316284,0.8799999952316284,0.8799999952316284,3500.0
2026-04-10 11:09:00,QGR.V,,0.25999999046325684,0.25999999046325684,0.25999999046325684,0.25999999046325684,500.0
2026-04-10 11:09:00,RBX.V,,7.090000152587891,7.090000152587891,7.090000152587891,7.090000152587891,200.0
2026-04-10 11:09:00,RECO.V,,1.1100000143051147,1.1150000095367432,1.1100000143051147,1.1150000095367432,10000.0
2026-04-10 11:09:00,SEI.V,,0.5799999833106995,0.5799999833106995,0.5799999833106995,0.5799999833106995,500.0
2026-04-10 11:09:00,SLI.V,,4.829999923706055,4.829999923706055,4.829999923706055,4.829999923706055,200.0
2026-04-10 11:10:00,GASX.V,,1.4600000381469727,1.4600000381469727,1.4600000381469727,1.4600000381469727,1600.0
2026-04-10 11:10:00,LITT.V,,0.41999998688697815,0.41999998688697815,0.41999998688697815,0.41999998688697815,4500.0
2026-04-10 11:10:00,NFG.V,,2.8499999046325684,2.8499999046325684,2.8499999046325684,2.8499999046325684,1000.0
2026-04-10 11:10:00,NPTH.V,,0.5400000214576721,0.5400000214576721,0.5400000214576721,0.5400000214576721,1500.0
2026-04-10 11:10:00,OCO.V,,0.4099999964237213,0.4099999964237213,0.4099999964237213,0.4099999964237213,500.0
2026-04-10 11:10:00,OMG.V,,2.0299999713897705,2.0299999713897705,2.0299999713897705,2.0299999713897705,1000.0
2026-04-10 11:10:00,PLSR.V,,1.9500000476837158,1.9500000476837158,1.9500000476837158,1.9500000476837158,100.0
2026-04-10 11:10:00,QGR.V,,0.25999999046325684,0.25999999046325684,0.25999999046325684,0.25999999046325684,500.0
2026-04-10 11:10:00,QNC.V,,3.5799999237060547,3.5799999237060547,3.569999933242798,3.569999933242798,3400.0
2026-04-10 11:10:00,SCZ.V,,11.149999618530273,11.149999618530273,11.149999618530273,11.149999618530273,100.0
2026-04-10 11:10:00,SLG.V,,3.7100000381469727,3.7100000381469727,3.7100000381469727,3.7100000381469727,100.0
2026-04-10 11:10:00,SLVR.V,,0.8700000047683716,0.8700000047683716,0.8700000047683716,0.8700000047683716,500.0
2026-04-10 11:10:00,STND.V,,0.10499999672174454,0.10499999672174454,0.10499999672174454,0.10499999672174454,2500.0
2026-04-10 11:10:00,SVRS.V,,0.48500001430511475,0.48500001430511475,0.48500001430511475,0.48500001430511475,500.0
2026-04-10 11:10:00,SXL.V,,0.07999999821186066,0.07999999821186066,0.07999999821186066,0.07999999821186066,16000.0
2026-04-10 11:11:00,GASX.V,,1.4600000381469727,1.4600000381469727,1.4600000381469727,1.4600000381469727,100.0
2026-04-10 11:11:00,NCX.V,,3.319999933242798,3.319999933242798,3.319999933242798,3.319999933242798,100.0
2026-04-10 11:11:00,NKL.V,,1.0700000524520874,1.0700000524520874,1.0700000524520874,1.0700000524520874,700.0
2026-04-10 11:11:00,ODV.V,,4.590000152587891,4.590000152587891,4.590000152587891,4.590000152587891,100.0
2026-04-10 11:11:00,OMG.V,,2.0299999713897705,2.0299999713897705,2.0299999713897705,2.0299999713897705,700.0
2026-04-10 11:11:00,PEI.V,,0.03999999910593033,0.03999999910593033,0.03999999910593033,0.03999999910593033,2000.0
2026-04-10 11:11:00,PLSR.V,,1.9500000476837158,1.9500000476837158,1.9500000476837158,1.9500000476837158,500.0
2026-04-10 11:11:00,QGR.V,,0.25999999046325684,0.25999999046325684,0.25999999046325684,0.25999999046325684,1000.0
2026-04-10 11:11:00,RVG.V,,0.8100000023841858,0.8100000023841858,0.8100000023841858,0.8100000023841858,2000.0
2026-04-10 11:11:00,SLI.V,,4.820000171661377,4.820000171661377,4.820000171661377,4.820000171661377,400.0
2026-04-10 11:11:00,SSV.V,,0.5899999737739563,0.5899999737739563,0.5899999737739563,0.5899999737739563,7800.0
2026-04-10 11:11:00,SVE.V,,0.5400000214576721,0.5400000214576721,0.5400000214576721,0.5400000214576721,3525.0
2026-04-10 11:11:00,SVRS.V,,0.48500001430511475,0.48500001430511475,0.48500001430511475,0.48500001430511475,500.0
2026-04-10 11:11:00,VIPR.V,,1.2899999618530273,1.2999999523162842,1.2899999618530273,1.2999999523162842,12700.0
2026-04-10 11:12:00,MAI.V,,6.389999866485596,6.389999866485596,6.380000114440918,6.380000114440918,200.0
2026-04-10 11:12:00,MUR.V,,0.3199999928474426,0.3199999928474426,0.3199999928474426,0.3199999928474426,0.0
2026-04-10 11:12:00,PGE.V,,0.32499998807907104,0.32499998807907104,0.32499998807907104,0.32499998807907104,500.0
2026-04-10 11:12:00,PGLD.V,,0.7200000286102295,0.7200000286102295,0.7200000286102295,0.7200000286102295,4500.0
2026-04-10 11:12:00,QTWO.V,,2.299999952316284,2.299999952316284,2.299999952316284,2.299999952316284,100.0
2026-04-10 11:12:00,RYO.V,,0.5299999713897705,0.5299999713897705,0.5299999713897705,0.5299999713897705,2500.0
2026-04-10 11:12:00,SCD.V,,0.13500000536441803,0.13500000536441803,0.13500000536441803,0.13500000536441803,2500.0
2026-04-10 11:12:00,SCZ.V,,11.180000305175781,11.180000305175781,11.180000305175781,11.180000305175781,300.0
2026-04-10 11:12:00,SGML.V,,20.5,20.5,20.5,20.5,200.0
2026-04-10 11:13:00,MMY.V,,0.9850000143051147,0.9850000143051147,0.9850000143051147,0.9850000143051147,100.0
2026-04-10 11:13:00,NDA.V,,0.9700000286102295,0.9700000286102295,0.9700000286102295,0.9700000286102295,12270.0
2026-04-10 11:13:00,PGE.V,,0.32499998807907104,0.32499998807907104,0.32499998807907104,0.32499998807907104,500.0
2026-04-10 11:13:00,QTWO.V,,2.299999952316284,2.299999952316284,2.299999952316284,2.299999952316284,200.0
2026-04-10 11:13:00,RBX.V,,7.03000020980835,7.03000020980835,7.03000020980835,7.03000020980835,100.0
2026-04-10 11:13:00,RECO.V,,1.1100000143051147,1.1100000143051147,1.1100000143051147,1.1100000143051147,25300.0
2026-04-10 11:13:00,RYO.V,,0.5299999713897705,0.5299999713897705,0.5299999713897705,0.5299999713897705,5500.0
2026-04-10 11:13:00,SCZ.V,,11.1899995803833,11.1899995803833,11.1899995803833,11.1899995803833,100.0
2026-04-10 11:13:00,SVRS.V,,0.47999998927116394,0.48500001430511475,0.47999998927116394,0.48500001430511475,7000.0
2026-04-10 11:13:00,VIPR.V,,1.2899999618530273,1.2899999618530273,1.2899999618530273,1.2899999618530273,400.0
2026-04-10 11:14:00,AGX.V,,0.7350000143051147,0.7350000143051147,0.7350000143051147,0.7350000143051147,1668.0
2026-04-10 11:14:00,MAI.V,,6.400000095367432,6.400000095367432,6.389999866485596,6.389999866485596,200.0
2026-04-10 11:14:00,NCX.V,,3.319999933242798,3.319999933242798,3.319999933242798,3.319999933242798,600.0
2026-04-10 11:14:00,PLSR.V,,1.9500000476837158,1.9500000476837158,1.9500000476837158,1.9500000476837158,100.0
2026-04-10 11:14:00,QTWO.V,,2.299999952316284,2.299999952316284,2.299999952316284,2.299999952316284,700.0
2026-04-10 11:14:00,RVG.V,,0.8100000023841858,0.8100000023841858,0.8100000023841858,0.8100000023841858,2500.0
2026-04-10 11:14:00,RYO.V,,0.5299999713897705,0.5299999713897705,0.5299999713897705,0.5299999713897705,500.0
2026-04-10 11:14:00,SCZ.V,,11.199999809265137,11.199999809265137,11.199999809265137,11.199999809265137,220.0
2026-04-10 11:14:00,SGML.V,,20.549999237060547,20.59000015258789,20.549999237060547,20.59000015258789,500.0
2026-04-10 11:14:00,SHL.V,,0.49000000953674316,0.49000000953674316,0.49000000953674316,0.49000000953674316,1500.0
2026-04-10 11:14:00,SLI.V,,4.820000171661377,4.820000171661377,4.820000171661377,4.820000171661377,200.0
2026-04-10 11:14:00,SOMA.V,,1.8200000524520874,1.8200000524520874,1.8200000524520874,1.8200000524520874,300.0
2026-04-10 11:14:00,SRL.V,,0.1899999976158142,0.1899999976158142,0.1899999976158142,0.1899999976158142,1000.0
2026-04-10 11:14:00,SSV.V,,0.5899999737739563,0.5899999737739563,0.5899999737739563,0.5899999737739563,1000.0
2026-04-10 11:14:00,STND.V,,0.10499999672174454,0.10499999672174454,0.10499999672174454,0.10499999672174454,500.0
2026-04-10 11:14:00,SVRS.V,,0.49000000953674316,0.49000000953674316,0.49000000953674316,0.49000000953674316,500.0
2026-04-10 11:15:00,MAI.V,,6.400000095367432,6.400000095367432,6.400000095367432,6.400000095367432,100.0
2026-04-10 11:15:00,MMY.V,,0.9850000143051147,0.9850000143051147,0.9850000143051147,0.9850000143051147,100.0
2026-04-10 11:15:00,NFG.V,,2.859999895095825,2.859999895095825,2.859999895095825,2.859999895095825,100.0
2026-04-10 11:15:00,NPTH.V,,0.5400000214576721,0.5400000214576721,0.5400000214576721,0.5400000214576721,3500.0
2026-04-10 11:15:00,NSU.V,,0.1899999976158142,0.1899999976158142,0.1899999976158142,0.1899999976158142,4000.0
2026-04-10 11:15:00,OMG.V,,2.0399999618530273,2.0399999618530273,2.0399999618530273,2.0399999618530273,200.0
2026-04-10 11:15:00,PEX.V,,0.18000000715255737,0.18000000715255737,0.18000000715255737,0.18000000715255737,2500.0
2026-04-10 11:15:00,PLSR.V,,1.9500000476837158,1.9500000476837158,1.9500000476837158,1.9500000476837158,100.0
2026-04-10 11:15:00,RYO.V,,0.5299999713897705,0.5299999713897705,0.5299999713897705,0.5299999713897705,500.0
2026-04-10 11:15:00,RZL.V,,0.5,0.5,0.5,0.5,10000.0
2026-04-10 11:15:00,SVRS.V,,0.49000000953674316,0.49000000953674316,0.49000000953674316,0.49000000953674316,500.0
2026-04-10 11:15:00,SYH.V,,0.47999998927116394,0.47999998927116394,0.47999998927116394,0.47999998927116394,8000.0
2026-04-10 11:15:00,VIPR.V,,1.2899999618530273,1.2949999570846558,1.2899999618530273,1.2899999618530273,4000.0
2026-04-10 11:16:00,MUN.V,,0.42500001192092896,0.42500001192092896,0.42500001192092896,0.42500001192092896,11000.0
2026-04-10 11:16:00,NFG.V,,2.859999895095825,2.865000009536743,2.859999895095825,2.859999895095825,1500.0
2026-04-10 11:16:00,ODV.V,,4.570000171661377,4.570000171661377,4.570000171661377,4.570000171661377,100.0
2026-04-10 11:16:00,PINK.V,,0.32499998807907104,0.32749998569488525,0.32499998807907104,0.32749998569488525,6500.0
2026-04-10 11:16:00,PPM.V,,0.019999999552965164,0.019999999552965164,0.019999999552965164,0.019999999552965164,10000.0
2026-04-10 11:16:00,QGR.V,,0.25999999046325684,0.25999999046325684,0.25999999046325684,0.25999999046325684,1000.0
2026-04-10 11:16:00,QNC.V,,3.5799999237060547,3.5799999237060547,3.569999933242798,3.569999933242798,500.0
2026-04-10 11:16:00,QTWO.V,,2.299999952316284,2.299999952316284,2.299999952316284,2.299999952316284,100.0
2026-04-10 11:16:00,RECO.V,,1.1100000143051147,1.1100000143051147,1.1100000143051147,1.1100000143051147,6600.0
2026-04-10 11:16:00,ROCK.V,,2.640000104904175,2.640000104904175,2.640000104904175,2.640000104904175,100.0
2026-04-10 11:16:00,RYO.V,,0.5299999713897705,0.5299999713897705,0.5299999713897705,0.5299999713897705,12900.0
2026-04-10 11:16:00,SLI.V,,4.820000171661377,4.820000171661377,4.820000171661377,4.820000171661377,400.0
2026-04-10 11:16:00,SVRS.V,,0.49000000953674316,0.49000000953674316,0.49000000953674316,0.49000000953674316,500.0
2026-04-10 11:16:00,VIPR.V,,1.2899999618530273,1.2899999618530273,1.2899999618530273,1.2899999618530273,3900.0
2026-04-10 11:17:00,LITT.V,,0.41999998688697815,0.41999998688697815,0.41999998688697815,0.41999998688697815,2000.0
2026-04-10 11:17:00,MAI.V,,6.409999847412109,6.409999847412109,6.409999847412109,6.409999847412109,550.0
2026-04-10 11:17:00,NFG.V,,2.859999895095825,2.859999895095825,2.859999895095825,2.859999895095825,500.0
2026-04-10 11:17:00,OMG.V,,2.0399999618530273,2.0399999618530273,2.0399999618530273,2.0399999618530273,100.0
2026-04-10 11:17:00,QGR.V,,0.25999999046325684,0.25999999046325684,0.25999999046325684,0.25999999046325684,1500.0
2026-04-10 11:17:00,RECO.V,,1.1050000190734863,1.1050000190734863,1.1050000190734863,1.1050000190734863,500.0
2026-04-10 11:17:00,RYO.V,,0.5299999713897705,0.5400000214576721,0.5299999713897705,0.5400000214576721,3000.0
2026-04-10 11:17:00,SCZ.V,,11.210000038146973,11.210000038146973,11.210000038146973,11.210000038146973,100.0
2026-04-10 11:17:00,SEI.V,,0.5799999833106995,0.5799999833106995,0.5799999833106995,0.5799999833106995,500.0
2026-04-10 11:17:00,SRL.V,,0.1899999976158142,0.1899999976158142,0.1899999976158142,0.1899999976158142,8000.0
2026-04-10 11:17:00,STUD.V,,0.36000001430511475,0.36000001430511475,0.36000001430511475,0.36000001430511475,1000.0
2026-04-10 11:17:00,SVRS.V,,0.49000000953674316,0.49000000953674316,0.49000000953674316,0.49000000953674316,500.0
2026-04-10 11:17:00,VIPR.V,,1.2899999618530273,1.2899999618530273,1.2899999618530273,1.2899999618530273,100.0
2026-04-10 11:18:00,GASX.V,,1.4600000381469727,1.4600000381469727,1.4600000381469727,1.4600000381469727,100.0
2026-04-10 11:18:00,PLSR.V,,1.9500000476837158,1.9500000476837158,1.9500000476837158,1.9500000476837158,100.0
2026-04-10 11:18:00,QGR.V,,0.25999999046325684,0.25999999046325684,0.25999999046325684,0.25999999046325684,8000.0
2026-04-10 11:18:00,RECO.V,,1.1100000143051147,1.1100000143051147,1.1100000143051147,1.1100000143051147,100.0
2026-04-10 11:18:00,RYO.V,,0.5400000214576721,0.5400000214576721,0.5400000214576721,0.5400000214576721,500.0
2026-04-10 11:18:00,SDI.V,,0.20499999821186066,0.20499999821186066,0.20499999821186066,0.20499999821186066,1000.0
2026-04-10 11:18:00,SVRS.V,,0.49000000953674316,0.49000000953674316,0.49000000953674316,0.49000000953674316,1000.0
2026-04-10 11:19:00,NCX.V,,3.3299999237060547,3.3299999237060547,3.3299999237060547,3.3299999237060547,5400.0
2026-04-10 11:19:00,NDA.V,,0.9700000286102295,0.9700000286102295,0.9700000286102295,0.9700000286102295,3500.0
2026-04-10 11:19:00,NEXE.V,,0.14499999582767487,0.14499999582767487,0.14499999582767487,0.14499999582767487,5000.0
2026-04-10 11:19:00,NPTH.V,,0.5400000214576721,0.5400000214576721,0.5400000214576721,0.5400000214576721,9500.0
2026-04-10 11:19:00,OMG.V,,2.0399999618530273,2.0399999618530273,2.0399999618530273,2.0399999618530273,100.0
2026-04-10 11:19:00,PGE.V,,0.32499998807907104,0.32499998807907104,0.32499998807907104,0.32499998807907104,500.0
2026-04-10 11:19:00,PNPN.V,,1.2000000476837158,1.2000000476837158,1.2000000476837158,1.2000000476837158,3300.0
2026-04-10 11:19:00,PRG.V,,0.5799999833106995,0.5799999833106995,0.5799999833106995,0.5799999833106995,9500.0
2026-04-10 11:19:00,RDS.V,,0.8999999761581421,0.9100000262260437,0.8999999761581421,0.9100000262260437,9000.0
2026-04-10 11:19:00,RECO.V,,1.1100000143051147,1.1100000143051147,1.1100000143051147,1.1100000143051147,12700.0
2026-04-10 11:19:00,RYO.V,,0.5400000214576721,0.5400000214576721,0.5400000214576721,0.5400000214576721,500.0
2026-04-10 11:19:00,SCD.V,,0.13500000536441803,0.13500000536441803,0.13500000536441803,0.13500000536441803,1500.0
2026-04-10 11:19:00,SPA.V,,0.23499999940395355,0.23499999940395355,0.23499999940395355,0.23499999940395355,15500.0
2026-04-10 11:19:00,SRR.V,,0.949999988079071,0.949999988079071,0.949999988079071,0.949999988079071,5000.0
2026-04-10 11:19:00,SVRS.V,,0.49000000953674316,0.49000000953674316,0.49000000953674316,0.49000000953674316,500.0
2026-04-10 11:20:00,NCX.V,,3.3299999237060547,3.3299999237060547,3.3299999237060547,3.3299999237060547,1300.0
2026-04-10 11:20:00,NDA.V,,0.9700000286102295,0.9700000286102295,0.9700000286102295,0.9700000286102295,1000.0
2026-04-10 11:20:00,NFG.V,,2.859999895095825,2.859999895095825,2.859999895095825,2.859999895095825,200.0
2026-04-10 11:20:00,OMG.V,,2.0399999618530273,2.0399999618530273,2.0399999618530273,2.0399999618530273,700.0
2026-04-10 11:20:00,QTWO.V,,2.305000066757202,2.305000066757202,2.305000066757202,2.305000066757202,100.0
2026-04-10 11:20:00,RET-A.V,,1.8300000429153442,1.850000023841858,1.8300000429153442,1.850000023841858,10400.0
2026-04-10 11:20:00,ROCK.V,,2.6500000953674316,2.6500000953674316,2.6500000953674316,2.6500000953674316,500.0
2026-04-10 11:20:00,RYO.V,,0.5400000214576721,0.5400000214576721,0.5400000214576721,0.5400000214576721,1000.0
2026-04-10 11:20:00,SCD.V,,0.13500000536441803,0.13500000536441803,0.13500000536441803,0.13500000536441803,1000.0
2026-04-10 11:20:00,SLG.V,,3.700000047683716,3.700000047683716,3.700000047683716,3.700000047683716,100.0
2026-04-10 11:20:00,SM.V,,1.8700000047683716,1.8700000047683716,1.8700000047683716,1.8700000047683716,279.0
2026-04-10 11:20:00,SOMA.V,,1.8300000429153442,1.8300000429153442,1.8300000429153442,1.8300000429153442,105.0
2026-04-10 11:20:00,SRR.V,,0.949999988079071,0.949999988079071,0.949999988079071,0.949999988079071,7000.0
2026-04-10 11:20:00,SVRS.V,,0.49000000953674316,0.49000000953674316,0.49000000953674316,0.49000000953674316,500.0
2026-04-10 11:21:00,MMY.V,,0.9800000190734863,0.9800000190734863,0.9800000190734863,0.9800000190734863,100.0
2026-04-10 11:21:00,NFG.V,,2.859999895095825,2.865000009536743,2.859999895095825,2.865000009536743,1600.0
2026-04-10 11:21:00,ODV.V,,4.579999923706055,4.579999923706055,4.579999923706055,4.579999923706055,500.0
2026-04-10 11:21:00,PEMC.V,,0.05999999865889549,0.05999999865889549,0.05999999865889549,0.05999999865889549,0.0
2026-04-10 11:21:00,PLSR.V,,1.9500000476837158,1.9500000476837158,1.9500000476837158,1.9500000476837158,200.0
2026-04-10 11:21:00,PNPN.V,,1.190000057220459,1.2000000476837158,1.190000057220459,1.2000000476837158,15600.0
2026-04-10 11:21:00,RSS.V,,0.4749999940395355,0.4749999940395355,0.4749999940395355,0.4749999940395355,1000.0
2026-04-10 11:21:00,RYO.V,,0.5400000214576721,0.5400000214576721,0.5400000214576721,0.5400000214576721,500.0
2026-04-10 11:21:00,SCD.V,,0.13500000536441803,0.13500000536441803,0.13500000536441803,0.13500000536441803,1000.0
2026-04-10 11:21:00,SHL.V,,0.49000000953674316,0.49000000953674316,0.49000000953674316,0.49000000953674316,26500.0
2026-04-10 11:21:00,SOMA.V,,1.8300000429153442,1.8300000429153442,1.8300000429153442,1.8300000429153442,100.0
2026-04-10 11:21:00,SRR.V,,0.949999988079071,0.949999988079071,0.949999988079071,0.949999988079071,20000.0
2026-04-10 11:21:00,SVRS.V,,0.49000000953674316,0.49000000953674316,0.49000000953674316,0.49000000953674316,500.0
2026-04-10 11:22:00,MAI.V,,6.420000076293945,6.420000076293945,6.420000076293945,6.420000076293945,100.0
2026-04-10 11:22:00,NCX.V,,3.3299999237060547,3.3299999237060547,3.3299999237060547,3.3299999237060547,100.0
2026-04-10 11:22:00,NDA.V,,0.9700000286102295,0.9700000286102295,0.9700000286102295,0.9700000286102295,1000.0
2026-04-10 11:22:00,ODV.V,,4.579999923706055,4.579999923706055,4.579999923706055,4.579999923706055,2100.0
2026-04-10 11:22:00,PLSR.V,,1.940000057220459,1.940000057220459,1.940000057220459,1.940000057220459,14092.0
2026-04-10 11:22:00,QNC.V,,3.569999933242798,3.569999933242798,3.569999933242798,3.569999933242798,2000.0
2026-04-10 11:22:00,RYO.V,,0.5400000214576721,0.5400000214576721,0.5400000214576721,0.5400000214576721,500.0
2026-04-10 11:22:00,SCD.V,,0.13500000536441803,0.13500000536441803,0.13500000536441803,0.13500000536441803,5000.0
2026-04-10 11:22:00,SCZ.V,,11.210000038146973,11.210000038146973,11.210000038146973,11.210000038146973,100.0
2026-04-10 11:22:00,SHL.V,,0.49000000953674316,0.49000000953674316,0.49000000953674316,0.49000000953674316,2500.0
2026-04-10 11:22:00,SKP.V,,0.18000000715255737,0.18000000715255737,0.18000000715255737,0.18000000715255737,27820.0
2026-04-10 11:22:00,SLI.V,,4.849999904632568,4.849999904632568,4.829999923706055,4.829999923706055,9802.0
2026-04-10 11:22:00,SVRS.V,,0.49000000953674316,0.49000000953674316,0.49000000953674316,0.49000000953674316,1000.0
2026-04-10 11:23:00,MKA.V,,0.699999988079071,0.699999988079071,0.699999988079071,0.699999988079071,18500.0
2026-04-10 11:23:00,NBM.V,,0.5699999928474426,0.5699999928474426,0.5699999928474426,0.5699999928474426,5000.0
2026-04-10 11:23:00,NDA.V,,0.9800000190734863,0.9800000190734863,0.9800000190734863,0.9800000190734863,15000.0
2026-04-10 11:23:00,NFG.V,,2.869999885559082,2.869999885559082,2.869999885559082,2.869999885559082,900.0
2026-04-10 11:23:00,RYO.V,,0.5400000214576721,0.5400000214576721,0.5400000214576721,0.5400000214576721,500.0
2026-04-10 11:23:00,SBMI.V,,0.23000000417232513,0.23000000417232513,0.23000000417232513,0.23000000417232513,10500.0
2026-04-10 11:23:00,SCD.V,,0.13500000536441803,0.13500000536441803,0.13500000536441803,0.13500000536441803,3500.0
2026-04-10 11:23:00,SECU.V,,2.009999990463257,2.009999990463257,2.009999990463257,2.009999990463257,0.0
2026-04-10 11:23:00,SHL.V,,0.49000000953674316,0.49000000953674316,0.49000000953674316,0.49000000953674316,500.0
2026-04-10 11:23:00,SLI.V,,4.849999904632568,4.849999904632568,4.849999904632568,4.849999904632568,400.0
2026-04-10 11:23:00,SNAG.V,,0.28999999165534973,0.28999999165534973,0.28999999165534973,0.28999999165534973,1600.0
2026-04-10 11:23:00,SOMA.V,,1.8300000429153442,1.8300000429153442,1.8300000429153442,1.8300000429153442,500.0
2026-04-10 11:23:00,VIPR.V,,1.2899999618530273,1.2899999618530273,1.2899999618530273,1.2899999618530273,200.0
2026-04-10 11:24:00,MAI.V,,6.429999828338623,6.429999828338623,6.420000076293945,6.420000076293945,400.0
2026-04-10 11:24:00,NCI.V,,1.0099999904632568,1.0099999904632568,1.0099999904632568,1.0099999904632568,297.0
2026-04-10 11:24:00,NCX.V,,3.319999933242798,3.325000047683716,3.319999933242798,3.325000047683716,3100.0
2026-04-10 11:24:00,NDA.V,,0.9800000190734863,0.9800000190734863,0.9800000190734863,0.9800000190734863,1500.0
2026-04-10 11:24:00,NSE.V,,0.5799999833106995,0.5799999833106995,0.5799999833106995,0.5799999833106995,5000.0
2026-04-10 11:24:00,QGR.V,,0.25999999046325684,0.25999999046325684,0.25999999046325684,0.25999999046325684,2500.0
2026-04-10 11:24:00,QNC.V,,3.5799999237060547,3.5799999237060547,3.5799999237060547,3.5799999237060547,2300.0
2026-04-10 11:24:00,RYO.V,,0.5400000214576721,0.5400000214576721,0.5400000214576721,0.5400000214576721,500.0
2026-04-10 11:24:00,SCD.V,,0.13500000536441803,0.13500000536441803,0.13500000536441803,0.13500000536441803,1000.0
2026-04-10 11:24:00,SGML.V,,20.540000915527344,20.540000915527344,20.540000915527344,20.540000915527344,126.0
2026-04-10 11:24:00,SHL.V,,0.49000000953674316,0.49000000953674316,0.49000000953674316,0.49000000953674316,500.0
2026-04-10 11:24:00,SNAG.V,,0.28999999165534973,0.28999999165534973,0.28999999165534973,0.28999999165534973,31500.0
2026-04-10 11:25:00,OMG.V,,2.049999952316284,2.049999952316284,2.049999952316284,2.049999952316284,100.0
2026-04-10 11:25:00,PESO.V,,0.4000000059604645,0.4000000059604645,0.4000000059604645,0.4000000059604645,2000.0
2026-04-10 11:25:00,PNPN.V,,1.2000000476837158,1.2000000476837158,1.2000000476837158,1.2000000476837158,15600.0
2026-04-10 11:25:00,QGR.V,,0.25999999046325684,0.25999999046325684,0.25999999046325684,0.25999999046325684,500.0
2026-04-10 11:25:00,QNC.V,,3.569999933242798,3.5999999046325684,3.559999942779541,3.5899999141693115,25812.0
2026-04-10 11:25:00,RDS.V,,0.8999999761581421,0.8999999761581421,0.8999999761581421,0.8999999761581421,17850.0
2026-04-10 11:25:00,RVG.V,,0.8100000023841858,0.8100000023841858,0.8100000023841858,0.8100000023841858,2000.0
2026-04-10 11:25:00,RYO.V,,0.5400000214576721,0.5400000214576721,0.5400000214576721,0.5400000214576721,500.0
2026-04-10 11:25:00,SBMI.V,,0.23000000417232513,0.23000000417232513,0.23000000417232513,0.23000000417232513,9000.0
2026-04-10 11:25:00,SCZ.V,,11.1899995803833,11.1899995803833,11.1899995803833,11.1899995803833,900.0
2026-04-10 11:25:00,SHL.V,,0.49000000953674316,0.49000000953674316,0.49000000953674316,0.49000000953674316,257918.0
2026-04-10 11:25:00,SM.V,,1.8799999952316284,1.8799999952316284,1.8799999952316284,1.8799999952316284,800.0
2026-04-10 11:25:00,SNAG.V,,0.28999999165534973,0.28999999165534973,0.28999999165534973,0.28999999165534973,7000.0
2026-04-10 11:26:00,MAI.V,,6.400000095367432,6.420000076293945,6.400000095367432,6.420000076293945,10770.0
2026-04-10 11:26:00,NDA.V,,0.9800000190734863,0.9800000190734863,0.9800000190734863,0.9800000190734863,500.0
2026-04-10 11:26:00,NFG.V,,2.865000009536743,2.869999885559082,2.859999895095825,2.869999885559082,6200.0
2026-04-10 11:26:00,PGE.V,,0.32499998807907104,0.32499998807907104,0.32499998807907104,0.32499998807907104,500.0
2026-04-10 11:26:00,ROCK.V,,2.6500000953674316,2.6500000953674316,2.6500000953674316,2.6500000953674316,4900.0
2026-04-10 11:26:00,RVG.V,,0.8100000023841858,0.8100000023841858,0.8100000023841858,0.8100000023841858,2000.0
2026-04-10 11:26:00,RYO.V,,0.5400000214576721,0.5400000214576721,0.5400000214576721,0.5400000214576721,500.0
2026-04-10 11:26:00,SHL.V,,0.49000000953674316,0.49000000953674316,0.49000000953674316,0.49000000953674316,500.0
2026-04-10 11:26:00,SOI.V,,0.2150000035762787,0.2150000035762787,0.2150000035762787,0.2150000035762787,500.0
2026-04-10 11:26:00,STUD.V,,0.35499998927116394,0.35499998927116394,0.35499998927116394,0.35499998927116394,5500.0
2026-04-10 11:27:00,FEO.V,,0.8399999737739563,0.8399999737739563,0.8399999737739563,0.8399999737739563,2800.0
2026-04-10 11:27:00,MAI.V,,6.400000095367432,6.400000095367432,6.400000095367432,6.400000095367432,100.0
2026-04-10 11:27:00,NAV.V,,0.004999999888241291,0.004999999888241291,0.004999999888241291,0.004999999888241291,0.0
2026-04-10 11:27:00,NDA.V,,0.9800000190734863,0.9800000190734863,0.9800000190734863,0.9800000190734863,500.0
2026-04-10 11:27:00,ODV.V,,4.599999904632568,4.599999904632568,4.599999904632568,4.599999904632568,100.0
2026-04-10 11:27:00,PML.V,,0.8799999952316284,0.8899999856948853,0.8799999952316284,0.8899999856948853,13000.0
2026-04-10 11:27:00,PPP.V,,1.309999942779541,1.309999942779541,1.309999942779541,1.309999942779541,1700.0
2026-04-10 11:27:00,ROCK.V,,2.640000104904175,2.6700000762939453,2.640000104904175,2.6700000762939453,300.0
2026-04-10 11:27:00,RVG.V,,0.8100000023841858,0.8100000023841858,0.8100000023841858,0.8100000023841858,2000.0
2026-04-10 11:27:00,RYO.V,,0.5299999713897705,0.5299999713897705,0.5299999713897705,0.5299999713897705,16000.0
2026-04-10 11:27:00,RZL.V,,0.49000000953674316,0.49000000953674316,0.49000000953674316,0.49000000953674316,1500.0
2026-04-10 11:27:00,SM.V,,1.8799999952316284,1.8799999952316284,1.8799999952316284,1.8799999952316284,1000.0
2026-04-10 11:27:00,SVRS.V,,0.48500001430511475,0.48500001430511475,0.47999998927116394,0.47999998927116394,12000.0
2026-04-10 11:28:00,MAI.V,,6.420000076293945,6.420000076293945,6.389999866485596,6.389999866485596,1200.0
2026-04-10 11:28:00,NFG.V,,2.859999895095825,2.859999895095825,2.859999895095825,2.859999895095825,500.0
2026-04-10 11:28:00,OZ.V,,0.4000000059604645,0.4000000059604645,0.375,0.375,4000.0
2026-04-10 11:28:00,QNC.V,,3.569999933242798,3.569999933242798,3.569999933242798,3.569999933242798,377.0
2026-04-10 11:28:00,QTWO.V,,2.309999942779541,2.309999942779541,2.309999942779541,2.309999942779541,100.0
2026-04-10 11:28:00,SCD.V,,0.13500000536441803,0.13500000536441803,0.13500000536441803,0.13500000536441803,2500.0
2026-04-10 11:28:00,SLG.V,,3.6700000762939453,3.6700000762939453,3.6700000762939453,3.6700000762939453,1000.0
2026-04-10 11:28:00,VIPR.V,,1.2899999618530273,1.2999999523162842,1.2899999618530273,1.2899999618530273,3000.0
2026-04-10 11:29:00,NAU.V,,1.7999999523162842,1.7999999523162842,1.7999999523162842,1.7999999523162842,3000.0
2026-04-10 11:29:00,NCX.V,,3.319999933242798,3.319999933242798,3.319999933242798,3.319999933242798,400.0
2026-04-10 11:29:00,NFG.V,,2.859999895095825,2.859999895095825,2.859999895095825,2.859999895095825,200.0
2026-04-10 11:29:00,NOW.V,,0.22499999403953552,0.22499999403953552,0.22499999403953552,0.22499999403953552,10000.0
2026-04-10 11:29:00,ODV.V,,4.599999904632568,4.599999904632568,4.599999904632568,4.599999904632568,1500.0
2026-04-10 11:29:00,OMG.V,,2.049999952316284,2.049999952316284,2.0399999618530273,2.049999952316284,114400.0
2026-04-10 11:29:00,PLSR.V,,1.940000057220459,1.940000057220459,1.940000057220459,1.940000057220459,2600.0
2026-04-10 11:29:00,QGR.V,,0.25999999046325684,0.25999999046325684,0.25999999046325684,0.25999999046325684,1500.0
2026-04-10 11:29:00,RBX.V,,7.070000171661377,7.070000171661377,7.070000171661377,7.070000171661377,170.0
2026-04-10 11:29:00,RCK.V,,0.9800000190734863,0.9800000190734863,0.9800000190734863,0.9800000190734863,1900.0
2026-04-10 11:29:00,SCLT.V,,0.0949999988079071,0.0949999988079071,0.0949999988079071,0.0949999988079071,2000.0
2026-04-10 11:29:00,SLI.V,,4.829999923706055,4.829999923706055,4.829999923706055,4.829999923706055,800.0
2026-04-10 11:29:00,SOMA.V,,1.8300000429153442,1.8300000429153442,1.8200000524520874,1.8200000524520874,8900.0
2026-04-10 11:29:00,SSV.V,,0.5899999737739563,0.5899999737739563,0.5899999737739563,0.5899999737739563,4000.0
2026-04-10 11:30:00,MMY.V,,0.9800000190734863,0.9800000190734863,0.9800000190734863,0.9800000190734863,100.0
2026-04-10 11:30:00,MSR.V,,0.5899999737739563,0.5899999737739563,0.5899999737739563,0.5899999737739563,0.0
2026-04-10 11:30:00,NCI.V,,1.0,1.0099999904632568,1.0,1.0099999904632568,6200.0
2026-04-10 11:30:00,NCX.V,,3.319999933242798,3.319999933242798,3.319999933242798,3.319999933242798,1500.0
2026-04-10 11:30:00,NFG.V,,2.859999895095825,2.859999895095825,2.859999895095825,2.859999895095825,2500.0
2026-04-10 11:30:00,ODV.V,,4.599999904632568,4.599999904632568,4.599999904632568,4.599999904632568,200.0
2026-04-10 11:30:00,PLSR.V,,1.940000057220459,1.940000057220459,1.934999942779541,1.940000057220459,800.0
2026-04-10 11:30:00,QTWO.V,,2.2899999618530273,2.299999952316284,2.2899999618530273,2.299999952316284,3500.0
2026-04-10 11:30:00,RCK.V,,0.9900000095367432,0.9900000095367432,0.9900000095367432,0.9900000095367432,1500.0
2026-04-10 11:30:00,RET-A.V,,1.850000023841858,1.850000023841858,1.850000023841858,1.850000023841858,3000.0
2026-04-10 11:30:00,ROCK.V,,2.640000104904175,2.6700000762939453,2.640000104904175,2.6500000953674316,1200.0
2026-04-10 11:30:00,RVG.V,,0.8100000023841858,0.8100000023841858,0.8100000023841858,0.8100000023841858,3000.0
2026-04-10 11:30:00,SCD.V,,0.13500000536441803,0.13500000536441803,0.13500000536441803,0.13500000536441803,5000.0
2026-04-10 11:30:00,SCZ.V,,11.180000305175781,11.180000305175781,11.180000305175781,11.180000305175781,100.0
2026-04-10 11:30:00,SEI.V,,0.5799999833106995,0.5799999833106995,0.5799999833106995,0.5799999833106995,500.0
2026-04-10 11:31:00,GASX.V,,1.4800000190734863,1.4800000190734863,1.4700000286102295,1.4700000286102295,6500.0
2026-04-10 11:31:00,MAI.V,,6.400000095367432,6.400000095367432,6.400000095367432,6.400000095367432,400.0
2026-04-10 11:31:00,MNRG.V,,0.0949999988079071,0.0949999988079071,0.0949999988079071,0.0949999988079071,3000.0
2026-04-10 11:31:00,NFG.V,,2.859999895095825,2.859999895095825,2.859999895095825,2.859999895095825,2000.0
2026-04-10 11:31:00,NSE.V,,0.5799999833106995,0.5799999833106995,0.5799999833106995,0.5799999833106995,4000.0
2026-04-10 11:31:00,ODV.V,,4.590000152587891,4.590000152587891,4.590000152587891,4.590000152587891,1100.0
2026-04-10 11:31:00,PLSR.V,,1.940000057220459,1.940000057220459,1.940000057220459,1.940000057220459,900.0
2026-04-10 11:31:00,PPP.V,,1.2999999523162842,1.2999999523162842,1.2999999523162842,1.2999999523162842,7900.0
2026-04-10 11:31:00,PUMA.V,,0.15000000596046448,0.15000000596046448,0.14499999582767487,0.14499999582767487,7000.0
2026-04-10 11:31:00,QGR.V,,0.25999999046325684,0.25999999046325684,0.25999999046325684,0.25999999046325684,1000.0
2026-04-10 11:31:00,RDS.V,,0.8999999761581421,0.8999999761581421,0.8999999761581421,0.8999999761581421,20500.0
2026-04-10 11:31:00,ROCK.V,,2.6500000953674316,2.6500000953674316,2.6500000953674316,2.6500000953674316,100.0
2026-04-10 11:31:00,SM.V,,1.8700000047683716,1.8700000047683716,1.8700000047683716,1.8700000047683716,200.0
2026-04-10 11:32:00,MAI.V,,6.329999923706055,6.389999866485596,6.329999923706055,6.389999866485596,2900.0
2026-04-10 11:32:00,NCI.V,,1.0199999809265137,1.0199999809265137,1.0199999809265137,1.0199999809265137,1100.0
2026-04-10 11:32:00,NCX.V,,3.319999933242798,3.319999933242798,3.319999933242798,3.319999933242798,100.0
2026-04-10 11:32:00,NKG.V,,0.22499999403953552,0.22499999403953552,0.22499999403953552,0.22499999403953552,5075.0
2026-04-10 11:32:00,OCO.V,,0.4099999964237213,0.4099999964237213,0.4099999964237213,0.4099999964237213,1000.0
2026-04-10 11:32:00,PGE.V,,0.32499998807907104,0.32499998807907104,0.32499998807907104,0.32499998807907104,500.0
2026-04-10 11:32:00,PLSR.V,,1.940000057220459,1.940000057220459,1.940000057220459,1.940000057220459,1200.0
2026-04-10 11:32:00,PNPN.V,,1.190000057220459,1.2000000476837158,1.190000057220459,1.2000000476837158,18350.0
2026-04-10 11:32:00,PPP.V,,1.3049999475479126,1.3049999475479126,1.3049999475479126,1.3049999475479126,1700.0
2026-04-10 11:32:00,PUR.V,,0.6499999761581421,0.6499999761581421,0.6499999761581421,0.6499999761581421,3000.0
2026-04-10 11:32:00,QGR.V,,0.25999999046325684,0.25999999046325684,0.25999999046325684,0.25999999046325684,1500.0
2026-04-10 11:32:00,QTWO.V,,2.299999952316284,2.299999952316284,2.299999952316284,2.299999952316284,100.0
2026-04-10 11:32:00,SVRS.V,,0.49000000953674316,0.49000000953674316,0.49000000953674316,0.49000000953674316,700.0
2026-04-10 11:33:00,MAI.V,,6.329999923706055,6.329999923706055,6.329999923706055,6.329999923706055,100.0
2026-04-10 11:33:00,NICN.V,,0.11999999731779099,0.11999999731779099,0.11500000208616257,0.11500000208616257,30500.0
2026-04-10 11:33:00,PGE.V,,0.32499998807907104,0.32499998807907104,0.32499998807907104,0.32499998807907104,500.0
2026-04-10 11:33:00,PLSR.V,,1.9500000476837158,1.9500000476837158,1.940000057220459,1.940000057220459,5799.0
2026-04-10 11:33:00,QGR.V,,0.25999999046325684,0.26499998569488525,0.25999999046325684,0.26249998807907104,25500.0
2026-04-10 11:34:00,NFG.V,,2.859999895095825,2.859999895095825,2.859999895095825,2.859999895095825,2200.0
2026-04-10 11:34:00,OMG.V,,2.049999952316284,2.049999952316284,2.049999952316284,2.049999952316284,300.0
2026-04-10 11:34:00,PLSR.V,,1.9600000381469727,1.9600000381469727,1.9600000381469727,1.9600000381469727,100.0
2026-04-10 11:34:00,PNPN.V,,1.1799999475479126,1.1799999475479126,1.1799999475479126,1.1799999475479126,8300.0
2026-04-10 11:34:00,PUR.V,,0.6499999761581421,0.6499999761581421,0.6499999761581421,0.6499999761581421,8000.0
2026-04-10 11:34:00,QNC.V,,3.640000104904175,3.640000104904175,3.609999895095825,3.609999895095825,4500.0
2026-04-10 11:34:00,QTWO.V,,2.299999952316284,2.299999952316284,2.299999952316284,2.299999952316284,100.0
2026-04-10 11:34:00,ROCK.V,,2.640000104904175,2.6500000953674316,2.640000104904175,2.6500000953674316,800.0
2026-04-10 11:34:00,RVG.V,,0.8100000023841858,0.8100000023841858,0.8100000023841858,0.8100000023841858,4000.0
2026-04-10 11:34:00,SVRS.V,,0.48500001430511475,0.49000000953674316,0.48500001430511475,0.49000000953674316,17500.0
2026-04-10 11:35:00,NAU.V,,1.8200000524520874,1.8200000524520874,1.8200000524520874,1.8200000524520874,100.0
2026-04-10 11:35:00,NCX.V,,3.309999942779541,3.309999942779541,3.309999942779541,3.309999942779541,2129.0
2026-04-10 11:35:00,PKT.V,,0.6000000238418579,0.6000000238418579,0.6000000238418579,0.6000000238418579,0.0
2026-04-10 11:35:00,PLSR.V,,1.9500000476837158,1.9500000476837158,1.9500000476837158,1.9500000476837158,100.0
2026-04-10 11:35:00,PNPN.V,,1.1799999475479126,1.1799999475479126,1.1799999475479126,1.1799999475479126,7500.0
2026-04-10 11:35:00,QZM.V,,0.699999988079071,0.699999988079071,0.699999988079071,0.699999988079071,3500.0
2026-04-10 11:35:00,ROCK.V,,2.6500000953674316,2.6500000953674316,2.6500000953674316,2.6500000953674316,100.0
2026-04-10 11:35:00,ROI.V,,0.10000000149011612,0.10000000149011612,0.10000000149011612,0.10000000149011612,1000.0
2026-04-10 11:35:00,ROK.V,,0.27000001072883606,0.27000001072883606,0.27000001072883606,0.27000001072883606,4000.0
2026-04-10 11:35:00,SCZ.V,,11.149999618530273,11.149999618530273,11.140000343322754,11.140000343322754,434.0
2026-04-10 11:35:00,SKYG.V,,0.054999999701976776,0.054999999701976776,0.054999999701976776,0.054999999701976776,0.0
2026-04-10 11:35:00,SLI.V,,4.800000190734863,4.809999942779541,4.800000190734863,4.809999942779541,600.0
2026-04-10 11:35:00,SOU.V,,0.06499999761581421,0.06499999761581421,0.06499999761581421,0.06499999761581421,18000.0
2026-04-10 11:35:00,SVRS.V,,0.49000000953674316,0.49000000953674316,0.49000000953674316,0.49000000953674316,500.0
2026-04-10 11:36:00,AGX.V,,0.7300000190734863,0.7300000190734863,0.7300000190734863,0.7300000190734863,1000.0
2026-04-10 11:36:00,NCI.V,,1.0099999904632568,1.0199999809265137,1.0099999904632568,1.0199999809265137,1100.0
2026-04-10 11:36:00,NFG.V,,2.8499999046325684,2.8499999046325684,2.8499999046325684,2.8499999046325684,400.0
2026-04-10 11:36:00,ODV.V,,4.570000171661377,4.570000171661377,4.570000171661377,4.570000171661377,200.0
2026-04-10 11:36:00,PPP.V,,1.2999999523162842,1.2999999523162842,1.2999999523162842,1.2999999523162842,1700.0
2026-04-10 11:36:00,RAK.V,,0.1599999964237213,0.1599999964237213,0.1599999964237213,0.1599999964237213,3500.0
2026-04-10 11:36:00,ROCK.V,,2.640000104904175,2.640000104904175,2.640000104904175,2.640000104904175,2800.0
2026-04-10 11:36:00,SCZ.V,,11.140000343322754,11.140000343322754,11.140000343322754,11.140000343322754,427.0
2026-04-10 11:36:00,SLI.V,,4.800000190734863,4.800000190734863,4.800000190734863,4.800000190734863,100.0
2026-04-10 11:36:00,SOI.V,,0.2150000035762787,0.2150000035762787,0.2150000035762787,0.2150000035762787,5000.0
2026-04-10 11:36:00,SVE.V,,0.5400000214576721,0.5400000214576721,0.5400000214576721,0.5400000214576721,875.0
2026-04-10 11:36:00,SYH.V,,0.47999998927116394,0.47999998927116394,0.47999998927116394,0.47999998927116394,16000.0
2026-04-10 11:37:00,GASX.V,,1.4800000190734863,1.4800000190734863,1.4800000190734863,1.4800000190734863,100.0
2026-04-10 11:37:00,MAI.V,,6.329999923706055,6.329999923706055,6.329999923706055,6.329999923706055,100.0
2026-04-10 11:37:00,MMY.V,,0.9800000190734863,0.9800000190734863,0.9800000190734863,0.9800000190734863,100.0
2026-04-10 11:37:00,NAU.V,,1.8200000524520874,1.8200000524520874,1.8200000524520874,1.8200000524520874,100.0
2026-04-10 11:37:00,NSE.V,,0.5799999833106995,0.5799999833106995,0.5799999833106995,0.5799999833106995,4000.0
2026-04-10 11:37:00,NWST.V,,0.36500000953674316,0.375,0.36000001430511475,0.375,50707.0
2026-04-10 11:37:00,PLSR.V,,1.940000057220459,1.940000057220459,1.940000057220459,1.940000057220459,1500.0
2026-04-10 11:37:00,QTWO.V,,2.309999942779541,2.309999942779541,2.305000066757202,2.305000066757202,3200.0
2026-04-10 11:37:00,SGML.V,,20.299999237060547,20.299999237060547,20.299999237060547,20.299999237060547,1500.0
2026-04-10 11:37:00,SGQ.V,,0.4050000011920929,0.4050000011920929,0.4050000011920929,0.4050000011920929,0.0
2026-04-10 11:37:00,SVRS.V,,0.49000000953674316,0.49000000953674316,0.49000000953674316,0.49000000953674316,500.0
2026-04-10 11:38:00,GASX.V,,1.4800000190734863,1.4800000190734863,1.4800000190734863,1.4800000190734863,200.0
2026-04-10 11:38:00,NAM.V,,0.32499998807907104,0.32499998807907104,0.32499998807907104,0.32499998807907104,4500.0
2026-04-10 11:38:00,NAU.V,,1.7999999523162842,1.7999999523162842,1.7999999523162842,1.7999999523162842,5200.0
2026-04-10 11:38:00,NBLC.V,,0.07000000029802322,0.07000000029802322,0.07000000029802322,0.07000000029802322,30000.0
2026-04-10 11:38:00,NFG.V,,2.8399999141693115,2.8499999046325684,2.8399999141693115,2.8499999046325684,4100.0
2026-04-10 11:38:00,PGE.V,,0.3199999928474426,0.3199999928474426,0.3199999928474426,0.3199999928474426,500.0
2026-04-10 11:38:00,PWM.V,,0.4350000023841858,0.4350000023841858,0.4350000023841858,0.4350000023841858,2000.0
2026-04-10 11:38:00,QNC.V,,3.6500000953674316,3.6500000953674316,3.630000114440918,3.630000114440918,8295.0
2026-04-10 11:38:00,QTWO.V,,2.315000057220459,2.315000057220459,2.309999942779541,2.309999942779541,400.0
2026-04-10 11:38:00,RECO.V,,1.100000023841858,1.100000023841858,1.100000023841858,1.100000023841858,300.0
2026-04-10 11:38:00,RVG.V,,0.8100000023841858,0.8100000023841858,0.8100000023841858,0.8100000023841858,4500.0
2026-04-10 11:38:00,RYO.V,,0.5299999713897705,0.5299999713897705,0.5299999713897705,0.5299999713897705,500.0
2026-04-10 11:38:00,SFR.V,,0.24500000476837158,0.24500000476837158,0.24500000476837158,0.24500000476837158,4000.0
2026-04-10 11:38:00,SLI.V,,4.789999961853027,4.789999961853027,4.789999961853027,4.789999961853027,900.0
2026-04-10 11:38:00,SVE.V,,0.550000011920929,0.550000011920929,0.5450000166893005,0.5450000166893005,2500.0
2026-04-10 11:38:00,SVRS.V,,0.49000000953674316,0.49000000953674316,0.49000000953674316,0.49000000953674316,500.0
2026-04-10 11:39:00,AGX.V,,0.7300000190734863,0.7300000190734863,0.7300000190734863,0.7300000190734863,2694.0
2026-04-10 11:39:00,GASX.V,,1.4800000190734863,1.4800000190734863,1.4800000190734863,1.4800000190734863,300.0
2026-04-10 11:39:00,MAI.V,,6.320000171661377,6.320000171661377,6.320000171661377,6.320000171661377,300.0
2026-04-10 11:39:00,MOO.V,,0.7699999809265137,0.7699999809265137,0.7699999809265137,0.7699999809265137,2500.0
2026-04-10 11:39:00,NCX.V,,3.309999942779541,3.309999942779541,3.309999942779541,3.309999942779541,4105.0
2026-04-10 11:39:00,NEXE.V,,0.14499999582767487,0.14499999582767487,0.14499999582767487,0.14499999582767487,5000.0
2026-04-10 11:39:00,NVX.V,,0.28999999165534973,0.28999999165534973,0.28999999165534973,0.28999999165534973,500.0
2026-04-10 11:39:00,NWST.V,,0.3700000047683716,0.3700000047683716,0.3700000047683716,0.3700000047683716,5000.0
2026-04-10 11:39:00,NXLV.V,,1.9800000190734863,1.9800000190734863,1.9800000190734863,1.9800000190734863,8000.0
2026-04-10 11:39:00,PGDC.V,,0.8899999856948853,0.8899999856948853,0.8899999856948853,0.8899999856948853,1000.0
2026-04-10 11:39:00,PINK.V,,0.32499998807907104,0.33000001311302185,0.32499998807907104,0.33000001311302185,17500.0
2026-04-10 11:39:00,PNPN.V,,1.159999966621399,1.1699999570846558,1.159999966621399,1.1699999570846558,93400.0
2026-04-10 11:39:00,PPP.V,,1.309999942779541,1.309999942779541,1.2999999523162842,1.2999999523162842,10200.0
2026-04-10 11:39:00,PWM.V,,0.4350000023841858,0.4350000023841858,0.4350000023841858,0.4350000023841858,500.0
2026-04-10 11:39:00,QNC.V,,3.619999885559082,3.619999885559082,3.619999885559082,3.619999885559082,1010.0
2026-04-10 11:39:00,QTWO.V,,2.309999942779541,2.309999942779541,2.309999942779541,2.309999942779541,400.0
2026-04-10 11:39:00,RE.V,,0.42500001192092896,0.42500001192092896,0.42500001192092896,0.42500001192092896,1500.0
2026-04-10 11:39:00,ROCK.V,,2.5999999046325684,2.5999999046325684,2.5999999046325684,2.5999999046325684,100.0
2026-04-10 11:39:00,ROI.V,,0.09000000357627869,0.09000000357627869,0.09000000357627869,0.09000000357627869,2100.0
2026-04-10 11:39:00,RYO.V,,0.5299999713897705,0.5299999713897705,0.5299999713897705,0.5299999713897705,500.0
2026-04-10 11:39:00,SCZ.V,,11.09000015258789,11.09000015258789,11.09000015258789,11.09000015258789,101.0
2026-04-10 11:39:00,SLVR.V,,0.8700000047683716,0.8700000047683716,0.8700000047683716,0.8700000047683716,5500.0
2026-04-10 11:39:00,SVRS.V,,0.49000000953674316,0.49000000953674316,0.49000000953674316,0.49000000953674316,500.0
2026-04-10 11:40:00,GASX.V,,1.4800000190734863,1.4800000190734863,1.4800000190734863,1.4800000190734863,28400.0
2026-04-10 11:40:00,NDA.V,,0.9750000238418579,0.9750000238418579,0.9750000238418579,0.9750000238418579,500.0
2026-04-10 11:40:00,NFG.V,,2.8399999141693115,2.8399999141693115,2.8399999141693115,2.8399999141693115,10600.0
2026-04-10 11:40:00,PEX.V,,0.17499999701976776,0.17499999701976776,0.17499999701976776,0.17499999701976776,46500.0
2026-04-10 11:40:00,PPP.V,,1.3200000524520874,1.3200000524520874,1.3200000524520874,1.3200000524520874,1700.0
2026-04-10 11:40:00,QMC.V,,0.054999999701976776,0.054999999701976776,0.054999999701976776,0.054999999701976776,22000.0
2026-04-10 11:40:00,RDS.V,,0.8899999856948853,0.8899999856948853,0.8899999856948853,0.8899999856948853,35533.0
2026-04-10 11:40:00,REG.V,,3.930000066757202,3.9600000381469727,3.930000066757202,3.9600000381469727,6226.0
2026-04-10 11:40:00,RYO.V,,0.5299999713897705,0.5299999713897705,0.5299999713897705,0.5299999713897705,500.0
2026-04-10 11:40:00,SLI.V,,4.789999961853027,4.789999961853027,4.789999961853027,4.789999961853027,400.0
2026-04-10 11:40:00,SLVR.V,,0.8700000047683716,0.8700000047683716,0.8700000047683716,0.8700000047683716,500.0
2026-04-10 11:40:00,SM.V,,1.8600000143051147,1.8600000143051147,1.8600000143051147,1.8600000143051147,500.0
2026-04-10 11:40:00,SYH.V,,0.4749999940395355,0.4749999940395355,0.4749999940395355,0.4749999940395355,9500.0
2026-04-10 11:41:00,GASX.V,,1.4800000190734863,1.4800000190734863,1.4800000190734863,1.4800000190734863,1800.0
2026-04-10 11:41:00,NFG.V,,2.8299999237060547,2.8399999141693115,2.8299999237060547,2.8399999141693115,6598.0
2026-04-10 11:41:00,ODV.V,,4.550000190734863,4.550000190734863,4.550000190734863,4.550000190734863,200.0
2026-04-10 11:41:00,PLSR.V,,1.9299999475479126,1.9299999475479126,1.9299999475479126,1.9299999475479126,1500.0
2026-04-10 11:41:00,RECO.V,,1.100000023841858,1.100000023841858,1.100000023841858,1.100000023841858,300.0
2026-04-10 11:41:00,ROCK.V,,2.640000104904175,2.640000104904175,2.640000104904175,2.640000104904175,100.0
2026-04-10 11:41:00,RPX.V,,0.1850000023841858,0.1850000023841858,0.1850000023841858,0.1850000023841858,8500.0
2026-04-10 11:41:00,RYO.V,,0.5299999713897705,0.5299999713897705,0.5299999713897705,0.5299999713897705,500.0
2026-04-10 11:41:00,SGO.V,,0.25,0.25,0.25,0.25,11700.0
2026-04-10 11:41:00,SVRS.V,,0.49000000953674316,0.49000000953674316,0.49000000953674316,0.49000000953674316,1000.0
2026-04-10 11:42:00,NFG.V,,2.8399999141693115,2.8399999141693115,2.8399999141693115,2.8399999141693115,1300.0
2026-04-10 11:42:00,OMG.V,,2.0399999618530273,2.0399999618530273,2.0399999618530273,2.0399999618530273,7100.0
2026-04-10 11:42:00,QNC.V,,3.619999885559082,3.619999885559082,3.619999885559082,3.619999885559082,200.0
2026-04-10 11:42:00,QTWO.V,,2.309999942779541,2.309999942779541,2.309999942779541,2.309999942779541,100.0
2026-04-10 11:42:00,RYO.V,,0.5299999713897705,0.5299999713897705,0.5299999713897705,0.5299999713897705,500.0
2026-04-10 11:42:00,SCD.V,,0.13500000536441803,0.13500000536441803,0.13500000536441803,0.13500000536441803,500.0
2026-04-10 11:42:00,SCZ.V,,11.0600004196167,11.0600004196167,11.0600004196167,11.0600004196167,197.0
2026-04-10 11:42:00,SLG.V,,3.690000057220459,3.690000057220459,3.6500000953674316,3.6600000858306885,5000.0
2026-04-10 11:42:00,SM.V,,1.850000023841858,1.850000023841858,1.850000023841858,1.850000023841858,100.0
2026-04-10 11:42:00,SVRS.V,,0.48500001430511475,0.48500001430511475,0.48500001430511475,0.48500001430511475,10500.0
2026-04-10 11:43:00,GASX.V,,1.4800000190734863,1.4800000190734863,1.4800000190734863,1.4800000190734863,1700.0
2026-04-10 11:43:00,MGG.V,,0.38499999046325684,0.38499999046325684,0.38499999046325684,0.38499999046325684,4000.0
2026-04-10 11:43:00,NFG.V,,2.8399999141693115,2.8399999141693115,2.8399999141693115,2.8399999141693115,1700.0
2026-04-10 11:43:00,NICN.V,,0.11500000208616257,0.11500000208616257,0.11500000208616257,0.11500000208616257,500.0
2026-04-10 11:43:00,NXLV.V,,1.9800000190734863,1.9800000190734863,1.9800000190734863,1.9800000190734863,5100.0
2026-04-10 11:43:00,OMG.V,,2.0399999618530273,2.0399999618530273,2.0399999618530273,2.0399999618530273,2500.0
2026-04-10 11:43:00,OTC.V,,0.47999998927116394,0.47999998927116394,0.4699999988079071,0.4699999988079071,4000.0
2026-04-10 11:43:00,PCQ.V,,0.11999999731779099,0.11999999731779099,0.11999999731779099,0.11999999731779099,7000.0
2026-04-10 11:43:00,PGLD.V,,0.7200000286102295,0.7200000286102295,0.7200000286102295,0.7200000286102295,4000.0
2026-04-10 11:43:00,QGR.V,,0.25999999046325684,0.25999999046325684,0.25999999046325684,0.25999999046325684,500.0
2026-04-10 11:43:00,QTWO.V,,2.309999942779541,2.309999942779541,2.309999942779541,2.309999942779541,100.0
2026-04-10 11:43:00,REG.V,,3.9000000953674316,3.9000000953674316,3.9000000953674316,3.9000000953674316,1000.0
2026-04-10 11:43:00,RVG.V,,0.8100000023841858,0.8100000023841858,0.8100000023841858,0.8100000023841858,4451.0
2026-04-10 11:43:00,RYO.V,,0.5299999713897705,0.5299999713897705,0.5299999713897705,0.5299999713897705,500.0
2026-04-10 11:43:00,SKP.V,,0.18000000715255737,0.18000000715255737,0.18000000715255737,0.18000000715255737,28500.0
2026-04-10 11:44:00,GASX.V,,1.4800000190734863,1.4800000190734863,1.4800000190734863,1.4800000190734863,3300.0
2026-04-10 11:44:00,MMY.V,,0.9800000190734863,0.9800000190734863,0.9800000190734863,0.9800000190734863,100.0
2026-04-10 11:44:00,NAU.V,,1.809999942779541,1.809999942779541,1.809999942779541,1.809999942779541,100.0
2026-04-10 11:44:00,PLSR.V,,1.9299999475479126,1.9299999475479126,1.9299999475479126,1.9299999475479126,1700.0
2026-04-10 11:44:00,QNC.V,,3.640000104904175,3.640000104904175,3.640000104904175,3.640000104904175,100.0
2026-04-10 11:44:00,QTWO.V,,2.309999942779541,2.309999942779541,2.305000066757202,2.309999942779541,300.0
2026-04-10 11:44:00,RECO.V,,1.100000023841858,1.100000023841858,1.100000023841858,1.100000023841858,800.0
2026-04-10 11:44:00,SKP.V,,0.18000000715255737,0.18000000715255737,0.18000000715255737,0.18000000715255737,5000.0
2026-04-10 11:44:00,SLG.V,,3.700000047683716,3.700000047683716,3.700000047683716,3.700000047683716,100.0
2026-04-10 11:44:00,SOMA.V,,1.7899999618530273,1.8300000429153442,1.7899999618530273,1.8300000429153442,800.0
2026-04-10 11:44:00,STE.V,,0.49000000953674316,0.49000000953674316,0.49000000953674316,0.49000000953674316,0.0
2026-04-10 11:45:00,GASX.V,,1.4600000381469727,1.4800000190734863,1.4600000381469727,1.4800000190734863,6300.0
2026-04-10 11:45:00,OTC.V,,0.48500001430511475,0.48500001430511475,0.48500001430511475,0.48500001430511475,500.0
2026-04-10 11:45:00,PEI.V,,0.03999999910593033,0.03999999910593033,0.03999999910593033,0.03999999910593033,200000.0
2026-04-10 11:45:00,PGE.V,,0.32499998807907104,0.32499998807907104,0.32499998807907104,0.32499998807907104,500.0
2026-04-10 11:45:00,PINK.V,,0.33000001311302185,0.33000001311302185,0.33000001311302185,0.33000001311302185,1000.0
2026-04-10 11:45:00,PNPN.V,,1.159999966621399,1.159999966621399,1.159999966621399,1.159999966621399,500.0
2026-04-10 11:45:00,QGR.V,,0.26249998807907104,0.26499998569488525,0.25999999046325684,0.26249998807907104,161500.0
2026-04-10 11:45:00,QNC.V,,3.619999885559082,3.640000104904175,3.619999885559082,3.640000104904175,2000.0
2026-04-10 11:45:00,QTWO.V,,2.309999942779541,2.309999942779541,2.309999942779541,2.309999942779541,300.0
2026-04-10 11:45:00,REG.V,,3.890000104904175,3.9200000762939453,3.890000104904175,3.9049999713897705,1300.0
2026-04-10 11:45:00,ROCK.V,,2.640000104904175,2.640000104904175,2.640000104904175,2.640000104904175,100.0
2026-04-10 11:45:00,RYO.V,,0.5299999713897705,0.5299999713897705,0.5299999713897705,0.5299999713897705,500.0
2026-04-10 11:45:00,SCD.V,,0.13500000536441803,0.13500000536441803,0.13500000536441803,0.13500000536441803,500.0
2026-04-10 11:45:00,SCZ.V,,11.09000015258789,11.09000015258789,11.0600004196167,11.079999923706055,500.0
2026-04-10 11:45:00,SKP.V,,0.18000000715255737,0.18000000715255737,0.18000000715255737,0.18000000715255737,14500.0
2026-04-10 11:45:00,SLG.V,,3.700000047683716,3.700000047683716,3.700000047683716,3.700000047683716,234.0
2026-04-10 11:46:00,NFG.V,,2.8399999141693115,2.8399999141693115,2.8399999141693115,2.8399999141693115,7000.0
2026-04-10 11:46:00,QGR.V,,0.26499998569488525,0.26499998569488525,0.26499998569488525,0.26499998569488525,2000.0
2026-04-10 11:46:00,RECO.V,,1.100000023841858,1.100000023841858,1.100000023841858,1.100000023841858,7025.0
2026-04-10 11:46:00,ROOF.V,,0.20499999821186066,0.20499999821186066,0.20499999821186066,0.20499999821186066,2000.0
2026-04-10 11:46:00,RYO.V,,0.5299999713897705,0.5299999713897705,0.5299999713897705,0.5299999713897705,500.0
2026-04-10 11:46:00,SCD.V,,0.13500000536441803,0.13500000536441803,0.13500000536441803,0.13500000536441803,1000.0
2026-04-10 11:46:00,SGC.V,,0.07000000029802322,0.07000000029802322,0.07000000029802322,0.07000000029802322,4000.0
2026-04-10 11:46:00,SVRS.V,,0.47999998927116394,0.48500001430511475,0.47999998927116394,0.48500001430511475,18800.0
2026-04-10 11:47:00,AGX.V,,0.7300000190734863,0.7300000190734863,0.7300000190734863,0.7300000190734863,11000.0
2026-04-10 11:47:00,MAI.V,,6.28000020980835,6.309999942779541,6.269999980926514,6.309999942779541,15300.0
2026-04-10 11:47:00,NAU.V,,1.809999942779541,1.809999942779541,1.809999942779541,1.809999942779541,100.0
2026-04-10 11:47:00,NFG.V,,2.8399999141693115,2.8399999141693115,2.8399999141693115,2.8399999141693115,500.0
2026-04-10 11:47:00,OMG.V,,2.0399999618530273,2.0399999618530273,2.0399999618530273,2.0399999618530273,5800.0
2026-04-10 11:47:00,PLSR.V,,1.940000057220459,1.940000057220459,1.940000057220459,1.940000057220459,100.0
2026-04-10 11:47:00,QGR.V,,0.26499998569488525,0.26499998569488525,0.26499998569488525,0.26499998569488525,15610.0
2026-04-10 11:47:00,RECO.V,,1.1050000190734863,1.1100000143051147,1.100000023841858,1.1050000190734863,13300.0
2026-04-10 11:47:00,REG.V,,3.930000066757202,3.940000057220459,3.9000000953674316,3.9000000953674316,1800.0
2026-04-10 11:47:00,RYO.V,,0.5299999713897705,0.5299999713897705,0.5299999713897705,0.5299999713897705,500.0
2026-04-10 11:47:00,SEI.V,,0.5799999833106995,0.5799999833106995,0.5799999833106995,0.5799999833106995,500.0
2026-04-10 11:47:00,SSV.V,,0.5799999833106995,0.5799999833106995,0.5799999833106995,0.5799999833106995,13034.0
2026-04-10 11:48:00,GASX.V,,1.4500000476837158,1.4500000476837158,1.4500000476837158,1.4500000476837158,500.0
2026-04-10 11:48:00,MAI.V,,6.28000020980835,6.28000020980835,6.28000020980835,6.28000020980835,100.0
2026-04-10 11:48:00,MMY.V,,0.9850000143051147,0.9850000143051147,0.9850000143051147,0.9850000143051147,100.0
2026-04-10 11:48:00,NFG.V,,2.8399999141693115,2.8399999141693115,2.8399999141693115,2.8399999141693115,200.0
2026-04-10 11:48:00,OCO.V,,0.4050000011920929,0.4050000011920929,0.4050000011920929,0.4050000011920929,3000.0
2026-04-10 11:48:00,PLSR.V,,1.940000057220459,1.940000057220459,1.940000057220459,1.940000057220459,200.0
2026-04-10 11:48:00,PPP.V,,1.315000057220459,1.315000057220459,1.315000057220459,1.315000057220459,100.0
2026-04-10 11:48:00,QNC.V,,3.6500000953674316,3.6500000953674316,3.6500000953674316,3.6500000953674316,1000.0
2026-04-10 11:48:00,QTWO.V,,2.2899999618530273,2.309999942779541,2.2899999618530273,2.309999942779541,3100.0
2026-04-10 11:48:00,REC.V,,0.07000000029802322,0.07000000029802322,0.07000000029802322,0.07000000029802322,116000.0
2026-04-10 11:48:00,RECO.V,,1.100000023841858,1.100000023841858,1.100000023841858,1.100000023841858,6900.0
2026-04-10 11:48:00,ROCK.V,,2.640000104904175,2.640000104904175,2.640000104904175,2.640000104904175,100.0
2026-04-10 11:48:00,RYO.V,,0.5299999713897705,0.5299999713897705,0.5299999713897705,0.5299999713897705,500.0
2026-04-10 11:48:00,SCZ.V,,11.069999694824219,11.069999694824219,11.0600004196167,11.069999694824219,2100.0
2026-04-10 11:48:00,SLI.V,,4.78000020980835,4.78000020980835,4.78000020980835,4.78000020980835,200.0
2026-04-10 11:48:00,SVRS.V,,0.48500001430511475,0.48500001430511475,0.48500001430511475,0.48500001430511475,500.0
2026-04-10 11:49:00,GASX.V,,1.4500000476837158,1.4500000476837158,1.4500000476837158,1.4500000476837158,400.0
2026-04-10 11:49:00,MAI.V,,6.28000020980835,6.28000020980835,6.28000020980835,6.28000020980835,400.0
2026-04-10 11:49:00,OMM.V,,0.06499999761581421,0.06499999761581421,0.06499999761581421,0.06499999761581421,52000.0
2026-04-10 11:49:00,PNPN.V,,1.149999976158142,1.149999976158142,1.149999976158142,1.149999976158142,100.0
2026-04-10 11:49:00,PPP.V,,1.315000057220459,1.315000057220459,1.315000057220459,1.315000057220459,100.0
2026-04-10 11:49:00,RECO.V,,1.1100000143051147,1.1100000143051147,1.1100000143051147,1.1100000143051147,402.0
2026-04-10 11:49:00,RYO.V,,0.5299999713897705,0.5299999713897705,0.5299999713897705,0.5299999713897705,500.0
2026-04-10 11:49:00,SCD.V,,0.13500000536441803,0.13500000536441803,0.13500000536441803,0.13500000536441803,500.0
2026-04-10 11:49:00,SLI.V,,4.78000020980835,4.78000020980835,4.78000020980835,4.78000020980835,150.0
2026-04-10 11:49:00,SVRS.V,,0.48500001430511475,0.48500001430511475,0.48500001430511475,0.48500001430511475,500.0
2026-04-10 11:50:00,GASX.V,,1.4500000476837158,1.4500000476837158,1.4500000476837158,1.4500000476837158,300.0
2026-04-10 11:50:00,MAI.V,,6.28000020980835,6.28000020980835,6.28000020980835,6.28000020980835,400.0
2026-04-10 11:50:00,MHUB.V,,0.6299999952316284,0.6299999952316284,0.6299999952316284,0.6299999952316284,1500.0
2026-04-10 11:50:00,MKA.V,,0.6899999976158142,0.6899999976158142,0.6899999976158142,0.6899999976158142,5500.0
2026-04-10 11:50:00,MMY.V,,0.9800000190734863,0.9800000190734863,0.9800000190734863,0.9800000190734863,100.0
2026-04-10 11:50:00,NFG.V,,2.8399999141693115,2.8399999141693115,2.8399999141693115,2.8399999141693115,100.0
2026-04-10 11:50:00,NSU.V,,0.1899999976158142,0.1899999976158142,0.1899999976158142,0.1899999976158142,2400.0
2026-04-10 11:50:00,ODV.V,,4.53000020980835,4.53000020980835,4.53000020980835,4.53000020980835,400.0
2026-04-10 11:50:00,OMG.V,,2.0350000858306885,2.0350000858306885,2.0350000858306885,2.0350000858306885,100.0
2026-04-10 11:50:00,QNC.V,,3.5899999141693115,3.619999885559082,3.5899999141693115,3.619999885559082,5500.0
2026-04-10 11:50:00,REG.V,,3.930000066757202,3.930000066757202,3.930000066757202,3.930000066757202,1000.0
2026-04-10 11:50:00,RYO.V,,0.5299999713897705,0.5299999713897705,0.5299999713897705,0.5299999713897705,500.0
2026-04-10 11:50:00,SCZ.V,,11.0600004196167,11.069999694824219,11.0600004196167,11.069999694824219,750.0
2026-04-10 11:50:00,SLG.V,,3.6600000858306885,3.6600000858306885,3.6600000858306885,3.6600000858306885,100.0
2026-04-10 11:50:00,SLI.V,,4.78000020980835,4.78000020980835,4.78000020980835,4.78000020980835,200.0
2026-04-10 11:50:00,SVRS.V,,0.48500001430511475,0.48500001430511475,0.48500001430511475,0.48500001430511475,1000.0
2026-04-10 11:51:00,GASX.V,,1.4500000476837158,1.4500000476837158,1.4500000476837158,1.4500000476837158,500.0
2026-04-10 11:51:00,OGO.V,,0.8299999833106995,0.8299999833106995,0.8299999833106995,0.8299999833106995,0.0
2026-04-10 11:51:00,PESO.V,,0.4000000059604645,0.4000000059604645,0.4000000059604645,0.4000000059604645,500.0
2026-04-10 11:51:00,PNPN.V,,1.149999976158142,1.149999976158142,1.149999976158142,1.149999976158142,100.0
2026-04-10 11:51:00,PPP.V,,1.315000057220459,1.315000057220459,1.315000057220459,1.315000057220459,100.0
2026-04-10 11:51:00,QGR.V,,0.27000001072883606,0.27000001072883606,0.27000001072883606,0.27000001072883606,91000.0
2026-04-10 11:51:00,QNC.V,,3.5799999237060547,3.5799999237060547,3.5799999237060547,3.5799999237060547,1000.0
2026-04-10 11:51:00,QTWO.V,,2.2899999618530273,2.2899999618530273,2.2899999618530273,2.2899999618530273,100.0
2026-04-10 11:51:00,RECO.V,,1.1100000143051147,1.1100000143051147,1.1050000190734863,1.1050000190734863,6800.0
2026-04-10 11:51:00,RYO.V,,0.5299999713897705,0.5299999713897705,0.5299999713897705,0.5299999713897705,500.0
2026-04-10 11:51:00,SVRS.V,,0.48500001430511475,0.48500001430511475,0.48500001430511475,0.48500001430511475,500.0
2026-04-10 11:51:00,SYH.V,,0.4699999988079071,0.4749999940395355,0.4699999988079071,0.4749999940395355,24500.0
2026-04-10 11:52:00,GASX.V,,1.4500000476837158,1.4500000476837158,1.4500000476837158,1.4500000476837158,300.0
2026-04-10 11:52:00,MAI.V,,6.269999980926514,6.269999980926514,6.269999980926514,6.269999980926514,400.0
2026-04-10 11:52:00,NXS.V,,0.3199999928474426,0.3199999928474426,0.3199999928474426,0.3199999928474426,1540.0
2026-04-10 11:52:00,PGE.V,,0.32499998807907104,0.32499998807907104,0.32499998807907104,0.32499998807907104,500.0
2026-04-10 11:52:00,PNPN.V,,1.149999976158142,1.149999976158142,1.149999976158142,1.149999976158142,100.0
2026-04-10 11:52:00,QGR.V,,0.27000001072883606,0.27000001072883606,0.27000001072883606,0.27000001072883606,24670.0
2026-04-10 11:52:00,QNC.V,,3.5999999046325684,3.5999999046325684,3.5899999141693115,3.5899999141693115,587.0
2026-04-10 11:52:00,RBX.V,,7.025000095367432,7.025000095367432,7.025000095367432,7.025000095367432,200.0
2026-04-10 11:52:00,RECO.V,,1.100000023841858,1.100000023841858,1.100000023841858,1.100000023841858,4000.0
2026-04-10 11:52:00,ROCK.V,,2.640000104904175,2.640000104904175,2.640000104904175,2.640000104904175,100.0
2026-04-10 11:52:00,RYO.V,,0.5299999713897705,0.5299999713897705,0.5299999713897705,0.5299999713897705,500.0
2026-04-10 11:52:00,SCD.V,,0.13500000536441803,0.13500000536441803,0.13500000536441803,0.13500000536441803,500.0
2026-04-10 11:52:00,SGML.V,,20.31999969482422,20.31999969482422,20.309999465942383,20.31999969482422,800.0
2026-04-10 11:52:00,SVRS.V,,0.48500001430511475,0.48500001430511475,0.48500001430511475,0.48500001430511475,1000.0
2026-04-10 11:53:00,GASX.V,,1.4600000381469727,1.4600000381469727,1.4500000476837158,1.4500000476837158,1000.0
2026-04-10 11:53:00,PNPN.V,,1.149999976158142,1.149999976158142,1.149999976158142,1.149999976158142,100.0
2026-04-10 11:53:00,QNC.V,,3.5799999237060547,3.5899999141693115,3.5799999237060547,3.5899999141693115,3327.0
2026-04-10 11:53:00,RBX.V,,7.0,7.025000095367432,7.0,7.025000095367432,400.0
2026-04-10 11:53:00,RDS.V,,0.8899999856948853,0.8899999856948853,0.8899999856948853,0.8899999856948853,7500.0
2026-04-10 11:53:00,RYO.V,,0.5299999713897705,0.5299999713897705,0.5299999713897705,0.5299999713897705,500.0
2026-04-10 11:53:00,SAGE.V,,0.1850000023841858,0.1850000023841858,0.1850000023841858,0.1850000023841858,64000.0
2026-04-10 11:53:00,SCD.V,,0.13500000536441803,0.13500000536441803,0.13500000536441803,0.13500000536441803,5000.0
2026-04-10 11:53:00,SCZ.V,,11.039999961853027,11.039999961853027,11.03499984741211,11.039999961853027,1304.0
2026-04-10 11:53:00,STE.V,,0.49000000953674316,0.49000000953674316,0.49000000953674316,0.49000000953674316,2000.0
2026-04-10 11:53:00,VIPR.V,,1.2599999904632568,1.2799999713897705,1.2599999904632568,1.2799999713897705,4000.0
2026-04-10 11:54:00,FISH.V,,3.700000047683716,3.700000047683716,3.700000047683716,3.700000047683716,1100.0
2026-04-10 11:54:00,GASX.V,,1.4500000476837158,1.4600000381469727,1.4500000476837158,1.4500000476837158,1700.0
2026-04-10 11:54:00,MAI.V,,6.260000228881836,6.269999980926514,6.260000228881836,6.269999980926514,900.0
2026-04-10 11:54:00,NDA.V,,0.9700000286102295,0.9700000286102295,0.9700000286102295,0.9700000286102295,500.0
2026-04-10 11:54:00,NSU.V,,0.1899999976158142,0.1899999976158142,0.1899999976158142,0.1899999976158142,10000.0
2026-04-10 11:54:00,QTWO.V,,2.299999952316284,2.299999952316284,2.299999952316284,2.299999952316284,100.0
2026-04-10 11:54:00,RML.V,,1.059999942779541,1.059999942779541,1.059999942779541,1.059999942779541,17200.0
2026-04-10 11:54:00,RTH.V,,0.029999999329447746,0.029999999329447746,0.029999999329447746,0.029999999329447746,0.0
2026-04-10 11:54:00,RYO.V,,0.5299999713897705,0.5299999713897705,0.5299999713897705,0.5299999713897705,500.0
2026-04-10 11:54:00,SEI.V,,0.5699999928474426,0.5699999928474426,0.5699999928474426,0.5699999928474426,3500.0
2026-04-10 11:54:00,SLI.V,,4.78000020980835,4.78000020980835,4.78000020980835,4.78000020980835,100.0
2026-04-10 11:55:00,GASX.V,,1.4500000476837158,1.4500000476837158,1.4500000476837158,1.4500000476837158,300.0
2026-04-10 11:55:00,NDA.V,,0.9700000286102295,0.9700000286102295,0.9700000286102295,0.9700000286102295,500.0
2026-04-10 11:55:00,PNPN.V,,1.149999976158142,1.149999976158142,1.149999976158142,1.149999976158142,148.0
2026-04-10 11:55:00,QGR.V,,0.27000001072883606,0.27000001072883606,0.27000001072883606,0.27000001072883606,3500.0
2026-04-10 11:55:00,RDS.V,,0.8899999856948853,0.8899999856948853,0.8899999856948853,0.8899999856948853,4000.0
2026-04-10 11:55:00,RECO.V,,1.100000023841858,1.100000023841858,1.100000023841858,1.100000023841858,5600.0
2026-04-10 11:55:00,ROI.V,,0.09000000357627869,0.09000000357627869,0.09000000357627869,0.09000000357627869,170000.0
2026-04-10 11:55:00,SCZ.V,,11.039999961853027,11.039999961853027,11.039999961853027,11.039999961853027,100.0
2026-04-10 11:55:00,SLVR.V,,0.8600000143051147,0.8700000047683716,0.8600000143051147,0.8700000047683716,30679.0
2026-04-10 11:56:00,GASX.V,,1.4500000476837158,1.4500000476837158,1.4500000476837158,1.4500000476837158,200.0
2026-04-10 11:56:00,MMY.V,,0.9800000190734863,0.9800000190734863,0.9800000190734863,0.9800000190734863,100.0
2026-04-10 11:56:00,NDA.V,,0.9700000286102295,0.9700000286102295,0.9700000286102295,0.9700000286102295,2353.0
2026-04-10 11:56:00,NRM.V,,0.16500000655651093,0.16500000655651093,0.16500000655651093,0.16500000655651093,500.0
2026-04-10 11:56:00,PLSR.V,,1.9500000476837158,1.9500000476837158,1.940000057220459,1.940000057220459,1900.0
2026-04-10 11:56:00,QNC.V,,3.5799999237060547,3.5799999237060547,3.5799999237060547,3.5799999237060547,100.0
2026-04-10 11:56:00,RDS.V,,0.8899999856948853,0.8899999856948853,0.8899999856948853,0.8899999856948853,4000.0
2026-04-10 11:56:00,REG.V,,3.9600000381469727,3.9600000381469727,3.9600000381469727,3.9600000381469727,600.0
2026-04-10 11:56:00,ROCK.V,,2.6500000953674316,2.6500000953674316,2.6500000953674316,2.6500000953674316,100.0
2026-04-10 11:56:00,ROI.V,,0.09000000357627869,0.09000000357627869,0.09000000357627869,0.09000000357627869,5000.0
2026-04-10 11:56:00,ROK.V,,0.2750000059604645,0.2750000059604645,0.2750000059604645,0.2750000059604645,70000.0
2026-04-10 11:56:00,RYO.V,,0.5299999713897705,0.5299999713897705,0.5299999713897705,0.5299999713897705,500.0
2026-04-10 11:56:00,RZL.V,,0.49000000953674316,0.49000000953674316,0.49000000953674316,0.49000000953674316,6000.0
2026-04-10 11:56:00,SLVR.V,,0.8700000047683716,0.8700000047683716,0.8650000095367432,0.8650000095367432,12000.0
2026-04-10 11:56:00,SVRS.V,,0.48500001430511475,0.48500001430511475,0.48500001430511475,0.48500001430511475,1500.0
2026-04-10 11:57:00,GASX.V,,1.4500000476837158,1.4500000476837158,1.4500000476837158,1.4500000476837158,200.0
2026-04-10 11:57:00,MAI.V,,6.239999771118164,6.25,6.239999771118164,6.25,1300.0
2026-04-10 11:57:00,MKA.V,,0.6899999976158142,0.6949999928474426,0.6899999976158142,0.6949999928474426,4000.0
2026-04-10 11:57:00,MMY.V,,0.9700000286102295,0.9800000190734863,0.9700000286102295,0.9800000190734863,78255.0
2026-04-10 11:57:00,NAU.V,,1.7899999618530273,1.7899999618530273,1.7899999618530273,1.7899999618530273,9200.0
2026-04-10 11:57:00,NEXE.V,,0.14499999582767487,0.14499999582767487,0.14499999582767487,0.14499999582767487,17000.0
2026-04-10 11:57:00,NFG.V,,2.8299999237060547,2.8299999237060547,2.8299999237060547,2.8299999237060547,6700.0
2026-04-10 11:57:00,OMG.V,,2.0299999713897705,2.0299999713897705,2.0299999713897705,2.0299999713897705,2000.0
2026-04-10 11:57:00,PLSR.V,,1.9500000476837158,1.9500000476837158,1.9500000476837158,1.9500000476837158,100.0
2026-04-10 11:57:00,QGR.V,,0.27000001072883606,0.27000001072883606,0.27000001072883606,0.27000001072883606,2000.0
2026-04-10 11:57:00,QNC.V,,3.569999933242798,3.5799999237060547,3.569999933242798,3.5799999237060547,2429.0
2026-04-10 11:57:00,QTWO.V,,2.2899999618530273,2.2899999618530273,2.2899999618530273,2.2899999618530273,500.0
2026-04-10 11:57:00,RDS.V,,0.8899999856948853,0.8899999856948853,0.8899999856948853,0.8899999856948853,5000.0
2026-04-10 11:57:00,RYO.V,,0.5299999713897705,0.5299999713897705,0.5299999713897705,0.5299999713897705,500.0
2026-04-10 11:57:00,SLG.V,,3.6500000953674316,3.6500000953674316,3.6500000953674316,3.6500000953674316,100.0
2026-04-10 11:57:00,SLI.V,,4.769999980926514,4.769999980926514,4.769999980926514,4.769999980926514,400.0
2026-04-10 11:57:00,SVRS.V,,0.48500001430511475,0.48500001430511475,0.48500001430511475,0.48500001430511475,3000.0
2026-04-10 11:58:00,GASX.V,,1.4500000476837158,1.4500000476837158,1.4500000476837158,1.4500000476837158,200.0
2026-04-10 11:58:00,MAI.V,,6.239999771118164,6.239999771118164,6.239999771118164,6.239999771118164,900.0
2026-04-10 11:58:00,MMY.V,,0.9700000286102295,0.9700000286102295,0.9700000286102295,0.9700000286102295,1800.0
2026-04-10 11:58:00,NCX.V,,3.319999933242798,3.319999933242798,3.319999933242798,3.319999933242798,6600.0
2026-04-10 11:58:00,NFG.V,,2.8299999237060547,2.8299999237060547,2.8299999237060547,2.8299999237060547,1000.0
2026-04-10 11:58:00,OMG.V,,2.0299999713897705,2.0299999713897705,2.0299999713897705,2.0299999713897705,200.0
2026-04-10 11:58:00,PLAN.V,,0.36000001430511475,0.36000001430511475,0.36000001430511475,0.36000001430511475,4500.0
2026-04-10 11:58:00,PLSR.V,,1.940000057220459,1.940000057220459,1.940000057220459,1.940000057220459,100.0
2026-04-10 11:58:00,PLUR.V,,0.125,0.125,0.125,0.125,8000.0
2026-04-10 11:58:00,PNPN.V,,1.149999976158142,1.149999976158142,1.149999976158142,1.149999976158142,900.0
2026-04-10 11:58:00,QTWO.V,,2.2699999809265137,2.2850000858306885,2.2699999809265137,2.2850000858306885,5300.0
2026-04-10 11:58:00,RML.V,,1.059999942779541,1.059999942779541,1.059999942779541,1.059999942779541,200.0
2026-04-10 11:58:00,RYO.V,,0.5299999713897705,0.5299999713897705,0.5299999713897705,0.5299999713897705,500.0
2026-04-10 11:58:00,SCZ.V,,11.039999961853027,11.0600004196167,11.039999961853027,11.050000190734863,1650.0
2026-04-10 11:58:00,SGML.V,,20.31999969482422,20.31999969482422,20.31999969482422,20.31999969482422,301.0
2026-04-10 11:58:00,SVRS.V,,0.48500001430511475,0.48500001430511475,0.48500001430511475,0.48500001430511475,500.0
2026-04-10 11:59:00,GASX.V,,1.4500000476837158,1.4500000476837158,1.4500000476837158,1.4500000476837158,100.0
2026-04-10 11:59:00,MKA.V,,0.6899999976158142,0.6899999976158142,0.6899999976158142,0.6899999976158142,1000.0
2026-04-10 11:59:00,NDA.V,,0.9800000190734863,0.9800000190734863,0.9800000190734863,0.9800000190734863,6500.0
2026-04-10 11:59:00,NFG.V,,2.8299999237060547,2.8299999237060547,2.8299999237060547,2.8299999237060547,301.0
2026-04-10 11:59:00,NIM.V,,0.9599999785423279,0.9599999785423279,0.9599999785423279,0.9599999785423279,500.0
2026-04-10 11:59:00,OCO.V,,0.4000000059604645,0.4000000059604645,0.4000000059604645,0.4000000059604645,12300.0
2026-04-10 11:59:00,ODV.V,,4.539999961853027,4.539999961853027,4.539999961853027,4.539999961853027,100.0
2026-04-10 11:59:00,PGE.V,,0.3199999928474426,0.3199999928474426,0.3199999928474426,0.3199999928474426,500.0
2026-04-10 11:59:00,PPP.V,,1.309999942779541,1.309999942779541,1.309999942779541,1.309999942779541,300.0
2026-04-10 11:59:00,QNC.V,,3.5399999618530273,3.549999952316284,3.5399999618530273,3.549999952316284,12900.0
2026-04-10 11:59:00,QTWO.V,,2.2799999713897705,2.2799999713897705,2.2799999713897705,2.2799999713897705,200.0
2026-04-10 11:59:00,ROS.V,,0.27000001072883606,0.27000001072883606,0.27000001072883606,0.27000001072883606,47000.0
2026-04-10 11:59:00,RYO.V,,0.5299999713897705,0.5299999713897705,0.5299999713897705,0.5299999713897705,500.0
2026-04-10 11:59:00,SLI.V,,4.760000228881836,4.760000228881836,4.75,4.760000228881836,1000.0
2026-04-10 11:59:00,VIPR.V,,1.2599999904632568,1.2599999904632568,1.2599999904632568,1.2599999904632568,1700.0
2026-04-10 12:00:00,GASX.V,,1.4500000476837158,1.4500000476837158,1.4500000476837158,1.4500000476837158,100.0
2026-04-10 12:00:00,MKA.V,,0.6800000071525574,0.6800000071525574,0.6800000071525574,0.6800000071525574,7500.0
2026-04-10 12:00:00,MMY.V,,0.9700000286102295,0.9700000286102295,0.9700000286102295,0.9700000286102295,100.0
2026-04-10 12:00:00,NFG.V,,2.8350000381469727,2.8350000381469727,2.8299999237060547,2.8299999237060547,1300.0
2026-04-10 12:00:00,NIM.V,,0.9399999976158142,0.9399999976158142,0.9399999976158142,0.9399999976158142,3500.0
2026-04-10 12:00:00,NSE.V,,0.5899999737739563,0.5899999737739563,0.5899999737739563,0.5899999737739563,2500.0
2026-04-10 12:00:00,OCO.V,,0.4050000011920929,0.4050000011920929,0.4050000011920929,0.4050000011920929,2000.0
2026-04-10 12:00:00,ODV.V,,4.53000020980835,4.53000020980835,4.53000020980835,4.53000020980835,100.0
2026-04-10 12:00:00,PGE.V,,0.3149999976158142,0.3149999976158142,0.3149999976158142,0.3149999976158142,2000.0
2026-04-10 12:00:00,PNPN.V,,1.149999976158142,1.149999976158142,1.149999976158142,1.149999976158142,100.0
2026-04-10 12:00:00,PPP.V,,1.315000057220459,1.315000057220459,1.315000057220459,1.315000057220459,700.0
2026-04-10 12:00:00,PUL.V,,0.014999999664723873,0.014999999664723873,0.014999999664723873,0.014999999664723873,0.0
2026-04-10 12:00:00,QNC.V,,3.5199999809265137,3.5199999809265137,3.5199999809265137,3.5199999809265137,2000.0
2026-04-10 12:00:00,RYO.V,,0.5299999713897705,0.5299999713897705,0.5299999713897705,0.5299999713897705,500.0
2026-04-10 12:00:00,SCZ.V,,11.020000457763672,11.020000457763672,11.020000457763672,11.020000457763672,1000.0
2026-04-10 12:00:00,STND.V,,0.10499999672174454,0.10499999672174454,0.10499999672174454,0.10499999672174454,10000.0
2026-04-10 12:00:00,STUD.V,,0.35749998688697815,0.36000001430511475,0.35749998688697815,0.36000001430511475,1000.0
2026-04-10 12:00:00,SVRS.V,,0.48500001430511475,0.48500001430511475,0.48500001430511475,0.48500001430511475,500.0
2026-04-10 12:01:00,GASX.V,,1.4550000429153442,1.4550000429153442,1.4550000429153442,1.4550000429153442,1400.0
2026-04-10 12:01:00,MAI.V,,6.230000019073486,6.230000019073486,6.230000019073486,6.230000019073486,200.0
2026-04-10 12:01:00,MKA.V,,0.6800000071525574,0.6800000071525574,0.6800000071525574,0.6800000071525574,10000.0
2026-04-10 12:01:00,NFG.V,,2.8299999237060547,2.8299999237060547,2.8299999237060547,2.8299999237060547,1400.0
2026-04-10 12:01:00,OMG.V,,2.0299999713897705,2.0299999713897705,2.0299999713897705,2.0299999713897705,200.0
2026-04-10 12:01:00,PNPN.V,,1.149999976158142,1.149999976158142,1.149999976158142,1.149999976158142,100.0
2026-04-10 12:01:00,QNC.V,,3.5199999809265137,3.5199999809265137,3.5199999809265137,3.5199999809265137,1700.0
2026-04-10 12:01:00,RECO.V,,1.100000023841858,1.100000023841858,1.100000023841858,1.100000023841858,14400.0
2026-04-10 12:01:00,ROK.V,,0.27000001072883606,0.27000001072883606,0.27000001072883606,0.27000001072883606,500.0
2026-04-10 12:01:00,RYO.V,,0.5299999713897705,0.5299999713897705,0.5299999713897705,0.5299999713897705,500.0
2026-04-10 12:01:00,SCZ.V,,10.989999771118164,11.0,10.989999771118164,11.0,3126.0
2026-04-10 12:01:00,SLI.V,,4.75,4.755000114440918,4.75,4.755000114440918,700.0
2026-04-10 12:01:00,SLVR.V,,0.8600000143051147,0.8600000143051147,0.8600000143051147,0.8600000143051147,5131.0
2026-04-10 12:01:00,SSV.V,,0.5799999833106995,0.5799999833106995,0.5799999833106995,0.5799999833106995,8000.0
2026-04-10 12:01:00,SVRS.V,,0.48500001430511475,0.48500001430511475,0.48500001430511475,0.48500001430511475,500.0
2026-04-10 12:02:00,AGX.V,,0.7200000286102295,0.7200000286102295,0.7200000286102295,0.7200000286102295,16022.0
2026-04-10 12:02:00,GASX.V,,1.4500000476837158,1.4500000476837158,1.4500000476837158,1.4500000476837158,100.0
2026-04-10 12:02:00,MMY.V,,0.9700000286102295,0.9700000286102295,0.9700000286102295,0.9700000286102295,9222.0
2026-04-10 12:02:00,NAU.V,,1.7999999523162842,1.7999999523162842,1.7999999523162842,1.7999999523162842,100.0
2026-04-10 12:02:00,PLSR.V,,1.9299999475479126,1.9299999475479126,1.9299999475479126,1.9299999475479126,9867.0
2026-04-10 12:02:00,QGR.V,,0.27000001072883606,0.27000001072883606,0.27000001072883606,0.27000001072883606,2500.0
2026-04-10 12:02:00,QNC.V,,3.5299999713897705,3.5299999713897705,3.5299999713897705,3.5299999713897705,100.0
2026-04-10 12:02:00,QTWO.V,,2.2850000858306885,2.2850000858306885,2.2799999713897705,2.2799999713897705,800.0
2026-04-10 12:02:00,RDS.V,,0.8899999856948853,0.8899999856948853,0.8899999856948853,0.8899999856948853,13188.0
2026-04-10 12:02:00,REC.V,,0.06499999761581421,0.06499999761581421,0.06499999761581421,0.06499999761581421,43000.0
2026-04-10 12:02:00,ROCK.V,,2.609999895095825,2.619999885559082,2.609999895095825,2.619999885559082,900.0
2026-04-10 12:02:00,RYO.V,,0.5299999713897705,0.5299999713897705,0.5299999713897705,0.5299999713897705,9600.0
2026-04-10 12:02:00,SHL.V,,0.47999998927116394,0.48500001430511475,0.47999998927116394,0.48500001430511475,54500.0
2026-04-10 12:02:00,SLVR.V,,0.8600000143051147,0.8600000143051147,0.8600000143051147,0.8600000143051147,4525.0
2026-04-10 12:03:00,PLSR.V,,1.940000057220459,1.940000057220459,1.9299999475479126,1.9299999475479126,7000.0
2026-04-10 12:03:00,PNPN.V,,1.149999976158142,1.149999976158142,1.149999976158142,1.149999976158142,100.0
2026-04-10 12:03:00,QNC.V,,3.5199999809265137,3.5199999809265137,3.5199999809265137,3.5199999809265137,3600.0
2026-04-10 12:03:00,QTWO.V,,2.2850000858306885,2.2850000858306885,2.2850000858306885,2.2850000858306885,200.0
2026-04-10 12:03:00,RML.V,,1.059999942779541,1.059999942779541,1.059999942779541,1.059999942779541,100.0
2026-04-10 12:03:00,RYO.V,,0.5400000214576721,0.5400000214576721,0.5400000214576721,0.5400000214576721,500.0
2026-04-10 12:03:00,SCZ.V,,11.010000228881836,11.010000228881836,10.989999771118164,10.989999771118164,400.0
2026-04-10 12:03:00,SHL.V,,0.47999998927116394,0.47999998927116394,0.47999998927116394,0.47999998927116394,1500.0
2026-04-10 12:03:00,SKYG.V,,0.054999999701976776,0.054999999701976776,0.054999999701976776,0.054999999701976776,66000.0
2026-04-10 12:03:00,SLI.V,,4.760000228881836,4.760000228881836,4.760000228881836,4.760000228881836,200.0
2026-04-10 12:03:00,SOMA.V,,1.7949999570846558,1.7949999570846558,1.7949999570846558,1.7949999570846558,124.0
2026-04-10 12:03:00,SVE.V,,0.550000011920929,0.550000011920929,0.550000011920929,0.550000011920929,500.0
2026-04-10 12:03:00,SVRS.V,,0.48500001430511475,0.48500001430511475,0.48500001430511475,0.48500001430511475,500.0
2026-04-10 12:04:00,AGX.V,,0.7300000190734863,0.7300000190734863,0.7300000190734863,0.7300000190734863,5025.0
2026-04-10 12:04:00,FISH.V,,3.690000057220459,3.690000057220459,3.690000057220459,3.690000057220459,1800.0
2026-04-10 12:04:00,GASX.V,,1.4500000476837158,1.4500000476837158,1.4500000476837158,1.4500000476837158,100.0
2026-04-10 12:04:00,MAI.V,,6.25,6.25,6.239999771118164,6.25,900.0
2026-04-10 12:04:00,MMY.V,,0.9700000286102295,0.9700000286102295,0.9700000286102295,0.9700000286102295,100.0
2026-04-10 12:04:00,MNRG.V,,0.0949999988079071,0.0949999988079071,0.09000000357627869,0.09000000357627869,215000.0
2026-04-10 12:04:00,NCI.V,,1.0199999809265137,1.0199999809265137,1.0199999809265137,1.0199999809265137,128.0
2026-04-10 12:04:00,NSE.V,,0.5899999737739563,0.5899999737739563,0.5899999737739563,0.5899999737739563,35500.0
2026-04-10 12:04:00,QTWO.V,,2.2850000858306885,2.2850000858306885,2.2850000858306885,2.2850000858306885,100.0
2026-04-10 12:04:00,RE.V,,0.42500001192092896,0.42500001192092896,0.42500001192092896,0.42500001192092896,500.0
2026-04-10 12:04:00,RYO.V,,0.5400000214576721,0.5400000214576721,0.5400000214576721,0.5400000214576721,500.0
2026-04-10 12:04:00,SCD.V,,0.13500000536441803,0.13500000536441803,0.13500000536441803,0.13500000536441803,3000.0
2026-04-10 12:04:00,SSV.V,,0.5799999833106995,0.5799999833106995,0.5799999833106995,0.5799999833106995,5500.0
2026-04-10 12:04:00,STUD.V,,0.36000001430511475,0.36000001430511475,0.35749998688697815,0.35749998688697815,2000.0
2026-04-10 12:04:00,SVE.V,,0.550000011920929,0.550000011920929,0.550000011920929,0.550000011920929,500.0
2026-04-10 12:05:00,MKA.V,,0.6800000071525574,0.6800000071525574,0.6800000071525574,0.6800000071525574,3000.0
2026-04-10 12:05:00,NAU.V,,1.7999999523162842,1.7999999523162842,1.7999999523162842,1.7999999523162842,100.0
2026-04-10 12:05:00,NFG.V,,2.8299999237060547,2.8299999237060547,2.8299999237060547,2.8299999237060547,1300.0
2026-04-10 12:05:00,PNPN.V,,1.149999976158142,1.149999976158142,1.149999976158142,1.149999976158142,100.0
2026-04-10 12:05:00,QNC.V,,3.509999990463257,3.509999990463257,3.509999990463257,3.509999990463257,500.0
2026-04-10 12:05:00,QTWO.V,,2.2850000858306885,2.2850000858306885,2.2850000858306885,2.2850000858306885,100.0
2026-04-10 12:05:00,RDG.V,,0.1899999976158142,0.1899999976158142,0.1899999976158142,0.1899999976158142,9900.0
2026-04-10 12:05:00,RYO.V,,0.5400000214576721,0.5400000214576721,0.5400000214576721,0.5400000214576721,500.0
2026-04-10 12:05:00,SEI.V,,0.5600000023841858,0.5600000023841858,0.5600000023841858,0.5600000023841858,1000.0
2026-04-10 12:05:00,SLI.V,,4.769999980926514,4.769999980926514,4.769999980926514,4.769999980926514,100.0
2026-04-10 12:06:00,NFG.V,,2.8299999237060547,2.8299999237060547,2.8299999237060547,2.8299999237060547,400.0
2026-04-10 12:06:00,NSE.V,,0.5899999737739563,0.5899999737739563,0.5899999737739563,0.5899999737739563,58000.0
2026-04-10 12:06:00,OMG.V,,2.0299999713897705,2.0299999713897705,2.0250000953674316,2.0250000953674316,1800.0
2026-04-10 12:06:00,PGE.V,,0.3199999928474426,0.3199999928474426,0.3199999928474426,0.3199999928474426,500.0
2026-04-10 12:06:00,PNPN.V,,1.149999976158142,1.149999976158142,1.149999976158142,1.149999976158142,100.0
2026-04-10 12:06:00,PPP.V,,1.309999942779541,1.309999942779541,1.309999942779541,1.309999942779541,100.0
2026-04-10 12:06:00,QTWO.V,,2.2850000858306885,2.2850000858306885,2.2850000858306885,2.2850000858306885,200.0
2026-04-10 12:06:00,SLI.V,,4.760000228881836,4.760000228881836,4.760000228881836,4.760000228881836,200.0
2026-04-10 12:06:00,SPA.V,,0.23999999463558197,0.23999999463558197,0.23999999463558197,0.23999999463558197,8000.0
2026-04-10 12:06:00,SVRS.V,,0.47999998927116394,0.47999998927116394,0.47999998927116394,0.47999998927116394,1000.0
2026-04-10 12:07:00,MKA.V,,0.6899999976158142,0.6899999976158142,0.6899999976158142,0.6899999976158142,500.0
2026-04-10 12:07:00,MMY.V,,0.9700000286102295,0.9700000286102295,0.9700000286102295,0.9700000286102295,100.0
2026-04-10 12:07:00,NCX.V,,3.319999933242798,3.319999933242798,3.319999933242798,3.319999933242798,1100.0
2026-04-10 12:07:00,NEXE.V,,0.15000000596046448,0.15000000596046448,0.15000000596046448,0.15000000596046448,6000.0
2026-04-10 12:07:00,PGE.V,,0.3199999928474426,0.3199999928474426,0.3199999928474426,0.3199999928474426,500.0
2026-04-10 12:07:00,PLSR.V,,1.9299999475479126,1.9299999475479126,1.9299999475479126,1.9299999475479126,240.0
2026-04-10 12:07:00,PML.V,,0.8500000238418579,0.8799999952316284,0.8500000238418579,0.8799999952316284,61950.0
2026-04-10 12:07:00,PNPN.V,,1.1549999713897705,1.1549999713897705,1.1549999713897705,1.1549999713897705,200.0
2026-04-10 12:07:00,QTWO.V,,2.2850000858306885,2.2850000858306885,2.2850000858306885,2.2850000858306885,100.0
2026-04-10 12:07:00,QZM.V,,0.699999988079071,0.699999988079071,0.699999988079071,0.699999988079071,10500.0
2026-04-10 12:07:00,RML.V,,1.059999942779541,1.059999942779541,1.059999942779541,1.059999942779541,100.0
2026-04-10 12:07:00,RYO.V,,0.5400000214576721,0.5400000214576721,0.5400000214576721,0.5400000214576721,500.0
2026-04-10 12:07:00,SBMI.V,,0.23499999940395355,0.23499999940395355,0.23000000417232513,0.23000000417232513,55000.0
2026-04-10 12:07:00,SCZ.V,,11.020000457763672,11.020000457763672,11.0,11.0,700.0
2026-04-10 12:07:00,SGML.V,,20.31999969482422,20.31999969482422,20.31999969482422,20.31999969482422,400.0
2026-04-10 12:07:00,SGO.V,,0.25,0.25,0.25,0.25,1500.0
2026-04-10 12:08:00,GASX.V,,1.4500000476837158,1.4500000476837158,1.4500000476837158,1.4500000476837158,100.0
2026-04-10 12:08:00,MAI.V,,6.239999771118164,6.239999771118164,6.239999771118164,6.239999771118164,100.0
2026-04-10 12:08:00,MKA.V,,0.6899999976158142,0.6899999976158142,0.6899999976158142,0.6899999976158142,2000.0
2026-04-10 12:08:00,NAU.V,,1.7999999523162842,1.7999999523162842,1.7999999523162842,1.7999999523162842,100.0
2026-04-10 12:08:00,NCX.V,,3.319999933242798,3.319999933242798,3.319999933242798,3.319999933242798,200.0
2026-04-10 12:08:00,NPTH.V,,0.5400000214576721,0.5400000214576721,0.5400000214576721,0.5400000214576721,5900.0
2026-04-10 12:08:00,OCO.V,,0.4099999964237213,0.4099999964237213,0.4099999964237213,0.4099999964237213,500.0
2026-04-10 12:08:00,OMG.V,,2.0199999809265137,2.0199999809265137,2.0199999809265137,2.0199999809265137,1200.0
2026-04-10 12:08:00,PNPN.V,,1.149999976158142,1.149999976158142,1.149999976158142,1.149999976158142,100.0
2026-04-10 12:08:00,QNC.V,,3.5250000953674316,3.5250000953674316,3.5250000953674316,3.5250000953674316,100.0
2026-04-10 12:08:00,QTWO.V,,2.2799999713897705,2.2799999713897705,2.2799999713897705,2.2799999713897705,1100.0
2026-04-10 12:08:00,RYO.V,,0.5400000214576721,0.5400000214576721,0.5400000214576721,0.5400000214576721,500.0
2026-04-10 12:08:00,SCZ.V,,11.010000228881836,11.010000228881836,11.010000228881836,11.010000228881836,100.0
2026-04-10 12:09:00,PLSR.V,,1.9500000476837158,1.9500000476837158,1.9500000476837158,1.9500000476837158,100.0
2026-04-10 12:09:00,PML.V,,0.8700000047683716,0.8700000047683716,0.8700000047683716,0.8700000047683716,1000.0
2026-04-10 12:09:00,PNPN.V,,1.149999976158142,1.149999976158142,1.149999976158142,1.149999976158142,100.0
2026-04-10 12:09:00,RVLY.V,,0.004999999888241291,0.004999999888241291,0.004999999888241291,0.004999999888241291,0.0
2026-04-10 12:09:00,RYO.V,,0.5400000214576721,0.5400000214576721,0.5400000214576721,0.5400000214576721,500.0
2026-04-10 12:09:00,SCD.V,,0.13500000536441803,0.13500000536441803,0.13500000536441803,0.13500000536441803,2500.0
2026-04-10 12:10:00,MAI.V,,6.210000038146973,6.230000019073486,6.199999809265137,6.230000019073486,1500.0
2026-04-10 12:10:00,NCX.V,,3.319999933242798,3.319999933242798,3.319999933242798,3.319999933242798,100.0
2026-04-10 12:10:00,NFG.V,,2.825000047683716,2.825000047683716,2.825000047683716,2.825000047683716,600.0
2026-04-10 12:10:00,NWX.V,,0.15000000596046448,0.15000000596046448,0.15000000596046448,0.15000000596046448,23000.0
2026-04-10 12:10:00,OMG.V,,2.0199999809265137,2.0199999809265137,2.0199999809265137,2.0199999809265137,13000.0
2026-04-10 12:10:00,PLSR.V,,1.9500000476837158,1.9500000476837158,1.9500000476837158,1.9500000476837158,100.0
2026-04-10 12:10:00,QGR.V,,0.27000001072883606,0.27000001072883606,0.27000001072883606,0.27000001072883606,1000.0
2026-04-10 12:10:00,QNC.V,,3.5299999713897705,3.5299999713897705,3.5299999713897705,3.5299999713897705,1109.0
2026-04-10 12:10:00,RYO.V,,0.5400000214576721,0.5400000214576721,0.5400000214576721,0.5400000214576721,500.0
2026-04-10 12:10:00,SCZ.V,,11.039999961853027,11.039999961853027,11.039999961853027,11.039999961853027,100.0
2026-04-10 12:10:00,SLI.V,,4.760000228881836,4.760000228881836,4.760000228881836,4.760000228881836,100.0
2026-04-10 12:11:00,LITT.V,,0.4099999964237213,0.4099999964237213,0.4099999964237213,0.4099999964237213,4000.0
2026-04-10 12:11:00,MAI.V,,6.210000038146973,6.21999979019165,6.210000038146973,6.21999979019165,500.0
2026-04-10 12:11:00,NAR.V,,0.3050000071525574,0.3050000071525574,0.3050000071525574,0.3050000071525574,5000.0
2026-04-10 12:11:00,NBM.V,,0.550000011920929,0.550000011920929,0.550000011920929,0.550000011920929,1500.0
2026-04-10 12:11:00,NFG.V,,2.8299999237060547,2.8299999237060547,2.8299999237060547,2.8299999237060547,500.0
2026-04-10 12:11:00,OGN.V,,3.4000000953674316,3.4000000953674316,3.4000000953674316,3.4000000953674316,200.0
2026-04-10 12:11:00,PGLD.V,,0.7099999785423279,0.7099999785423279,0.7099999785423279,0.7099999785423279,11000.0
2026-04-10 12:11:00,PLSR.V,,1.9500000476837158,1.9500000476837158,1.9500000476837158,1.9500000476837158,100.0
2026-04-10 12:11:00,PTU.V,,0.4099999964237213,0.41499999165534973,0.4099999964237213,0.41499999165534973,9000.0
2026-04-10 12:11:00,QGR.V,,0.27000001072883606,0.27000001072883606,0.27000001072883606,0.27000001072883606,1500.0
2026-04-10 12:11:00,QTWO.V,,2.2799999713897705,2.2799999713897705,2.2799999713897705,2.2799999713897705,100.0
2026-04-10 12:11:00,RYO.V,,0.5400000214576721,0.5400000214576721,0.5400000214576721,0.5400000214576721,500.0
2026-04-10 12:11:00,SAG.V,,1.440000057220459,1.4700000286102295,1.440000057220459,1.4700000286102295,6200.0
2026-04-10 12:11:00,SLG.V,,3.6600000858306885,3.680000066757202,3.6600000858306885,3.680000066757202,1000.0
2026-04-10 12:11:00,SLVR.V,,0.8600000143051147,0.8600000143051147,0.8600000143051147,0.8600000143051147,1000.0
2026-04-10 12:12:00,MMY.V,,0.9700000286102295,0.9750000238418579,0.9700000286102295,0.9750000238418579,300.0
2026-04-10 12:12:00,NAU.V,,1.7999999523162842,1.7999999523162842,1.7999999523162842,1.7999999523162842,149.0
2026-04-10 12:12:00,OMG.V,,2.0299999713897705,2.0299999713897705,2.0299999713897705,2.0299999713897705,600.0
2026-04-10 12:12:00,PLSR.V,,1.9500000476837158,1.9500000476837158,1.9500000476837158,1.9500000476837158,500.0
2026-04-10 12:12:00,QGR.V,,0.27000001072883606,0.27000001072883606,0.27000001072883606,0.27000001072883606,1000.0
2026-04-10 12:12:00,QTWO.V,,2.2799999713897705,2.2799999713897705,2.2799999713897705,2.2799999713897705,100.0
2026-04-10 12:12:00,RET-A.V,,1.850000023841858,1.850000023841858,1.850000023841858,1.850000023841858,400.0
2026-04-10 12:12:00,RML.V,,1.059999942779541,1.059999942779541,1.059999942779541,1.059999942779541,100.0
2026-04-10 12:12:00,RYO.V,,0.5400000214576721,0.5400000214576721,0.5400000214576721,0.5400000214576721,500.0
2026-04-10 12:12:00,SCD.V,,0.13500000536441803,0.13500000536441803,0.13500000536441803,0.13500000536441803,3500.0
2026-04-10 12:12:00,SGML.V,,20.299999237060547,20.299999237060547,20.299999237060547,20.299999237060547,0.0
2026-04-10 12:12:00,SLG.V,,3.7100000381469727,3.7100000381469727,3.7100000381469727,3.7100000381469727,100.0
2026-04-10 12:12:00,SVE.V,,0.5400000214576721,0.5400000214576721,0.5400000214576721,0.5400000214576721,500.0
2026-04-10 12:12:00,SVRS.V,,0.48500001430511475,0.48500001430511475,0.48500001430511475,0.48500001430511475,4500.0
2026-04-10 12:13:00,GASX.V,,1.4550000429153442,1.4550000429153442,1.4500000476837158,1.4500000476837158,200.0
2026-04-10 12:13:00,NFG.V,,2.8399999141693115,2.8399999141693115,2.8399999141693115,2.8399999141693115,100.0
2026-04-10 12:13:00,NSE.V,,0.5899999737739563,0.5899999737739563,0.5899999737739563,0.5899999737739563,3500.0
2026-04-10 12:13:00,NSU.V,,0.1899999976158142,0.1899999976158142,0.1899999976158142,0.1899999976158142,5000.0
2026-04-10 12:13:00,OMG.V,,2.0299999713897705,2.0299999713897705,2.0299999713897705,2.0299999713897705,100.0
2026-04-10 12:13:00,PGE.V,,0.3199999928474426,0.3199999928474426,0.3199999928474426,0.3199999928474426,500.0
2026-04-10 12:13:00,PLSR.V,,1.9299999475479126,1.940000057220459,1.9299999475479126,1.940000057220459,2947.0
2026-04-10 12:13:00,QGR.V,,0.27000001072883606,0.2750000059604645,0.27000001072883606,0.27250000834465027,28000.0
2026-04-10 12:13:00,QTWO.V,,2.2799999713897705,2.2799999713897705,2.2799999713897705,2.2799999713897705,100.0
2026-04-10 12:13:00,SGML.V,,20.299999237060547,20.299999237060547,20.299999237060547,20.299999237060547,27727.0
2026-04-10 12:13:00,SM.V,,1.840000033378601,1.840000033378601,1.840000033378601,1.840000033378601,400.0
2026-04-10 12:13:00,SVRS.V,,0.48500001430511475,0.48500001430511475,0.48500001430511475,0.48500001430511475,500.0
2026-04-10 12:14:00,MKA.V,,0.6800000071525574,0.6800000071525574,0.6800000071525574,0.6800000071525574,17000.0
2026-04-10 12:14:00,NKL.V,,1.059999942779541,1.059999942779541,1.059999942779541,1.059999942779541,8500.0
2026-04-10 12:14:00,PGLD.V,,0.699999988079071,0.699999988079071,0.699999988079071,0.699999988079071,14500.0
2026-04-10 12:14:00,QNC.V,,3.549999952316284,3.549999952316284,3.549999952316284,3.549999952316284,660.0
2026-04-10 12:14:00,QTWO.V,,2.2899999618530273,2.2899999618530273,2.2799999713897705,2.2799999713897705,8700.0
2026-04-10 12:14:00,RYO.V,,0.5400000214576721,0.5400000214576721,0.5400000214576721,0.5400000214576721,500.0
2026-04-10 12:14:00,SSV.V,,0.5799999833106995,0.5799999833106995,0.5799999833106995,0.5799999833106995,1500.0
2026-04-10 12:14:00,SVE.V,,0.5400000214576721,0.5400000214576721,0.5400000214576721,0.5400000214576721,32000.0
2026-04-10 12:15:00,GASX.V,,1.4550000429153442,1.4550000429153442,1.4550000429153442,1.4550000429153442,500.0
2026-04-10 12:15:00,MKA.V,,0.699999988079071,0.699999988079071,0.699999988079071,0.699999988079071,14000.0
2026-04-10 12:15:00,OMG.V,,2.0299999713897705,2.0299999713897705,2.0299999713897705,2.0299999713897705,100.0
2026-04-10 12:15:00,QGR.V,,0.27000001072883606,0.27000001072883606,0.27000001072883606,0.27000001072883606,2000.0
2026-04-10 12:15:00,QTWO.V,,2.299999952316284,2.299999952316284,2.2899999618530273,2.2899999618530273,33100.0
2026-04-10 12:15:00,RYO.V,,0.5400000214576721,0.5400000214576721,0.5400000214576721,0.5400000214576721,500.0
2026-04-10 12:15:00,SCD.V,,0.12999999523162842,0.12999999523162842,0.12999999523162842,0.12999999523162842,8000.0
2026-04-10 12:15:00,SVRS.V,,0.48500001430511475,0.48500001430511475,0.48500001430511475,0.48500001430511475,500.0
2026-04-10 12:16:00,OMG.V,,2.0299999713897705,2.0299999713897705,2.0299999713897705,2.0299999713897705,100.0
2026-04-10 12:16:00,PPP.V,,1.315000057220459,1.315000057220459,1.315000057220459,1.315000057220459,100.0
2026-04-10 12:16:00,QNC.V,,3.549999952316284,3.549999952316284,3.549999952316284,3.549999952316284,300.0
2026-04-10 12:16:00,QTWO.V,,2.299999952316284,2.299999952316284,2.299999952316284,2.299999952316284,100.0
2026-04-10 12:16:00,RPX.V,,0.1850000023841858,0.1850000023841858,0.1850000023841858,0.1850000023841858,5500.0
2026-04-10 12:16:00,RYO.V,,0.5400000214576721,0.5400000214576721,0.5400000214576721,0.5400000214576721,500.0
2026-04-10 12:16:00,RZL.V,,0.47999998927116394,0.47999998927116394,0.47999998927116394,0.47999998927116394,8500.0
2026-04-10 12:16:00,SLVR.V,,0.8600000143051147,0.8600000143051147,0.8600000143051147,0.8600000143051147,500.0
2026-04-10 12:16:00,SVE.V,,0.5400000214576721,0.5400000214576721,0.5400000214576721,0.5400000214576721,3000.0
2026-04-10 12:17:00,MMY.V,,0.9700000286102295,0.9700000286102295,0.9700000286102295,0.9700000286102295,100.0
2026-04-10 12:17:00,NCAU.V,,0.6499999761581421,0.6499999761581421,0.6499999761581421,0.6499999761581421,2000.0
2026-04-10 12:17:00,NFG.V,,2.8399999141693115,2.8399999141693115,2.8399999141693115,2.8399999141693115,4200.0
2026-04-10 12:17:00,OCO.V,,0.4050000011920929,0.4050000011920929,0.4050000011920929,0.4050000011920929,6500.0
2026-04-10 12:17:00,OMG.V,,2.0299999713897705,2.0299999713897705,2.0299999713897705,2.0299999713897705,1300.0
2026-04-10 12:17:00,PNPN.V,,1.1549999713897705,1.1549999713897705,1.1549999713897705,1.1549999713897705,100.0
2026-04-10 12:17:00,QNC.V,,3.549999952316284,3.549999952316284,3.549999952316284,3.549999952316284,285.0
2026-04-10 12:17:00,QTWO.V,,2.299999952316284,2.299999952316284,2.299999952316284,2.299999952316284,300.0
2026-04-10 12:17:00,ROK.V,,0.27000001072883606,0.27000001072883606,0.27000001072883606,0.27000001072883606,4000.0
2026-04-10 12:17:00,RYO.V,,0.5299999713897705,0.5299999713897705,0.5299999713897705,0.5299999713897705,500.0
2026-04-10 12:17:00,SCZ.V,,11.029999732971191,11.039999961853027,11.029999732971191,11.039999961853027,300.0
2026-04-10 12:17:00,SLG.V,,3.684999942779541,3.684999942779541,3.684999942779541,3.684999942779541,100.0
2026-04-10 12:17:00,SPX.V,,0.10999999940395355,0.10999999940395355,0.10999999940395355,0.10999999940395355,4500.0
2026-04-10 12:17:00,SVRS.V,,0.48500001430511475,0.48500001430511475,0.48500001430511475,0.48500001430511475,2000.0
2026-04-10 12:17:00,VIPR.V,,1.25,1.25,1.25,1.25,600.0
2026-04-10 12:18:00,GASX.V,,1.4500000476837158,1.4500000476837158,1.4500000476837158,1.4500000476837158,100.0
2026-04-10 12:18:00,NCAU.V,,0.6600000262260437,0.6600000262260437,0.6499999761581421,0.6499999761581421,2000.0
2026-04-10 12:18:00,NCX.V,,3.315000057220459,3.315000057220459,3.315000057220459,3.315000057220459,300.0
2026-04-10 12:18:00,NFG.V,,2.8399999141693115,2.8399999141693115,2.8399999141693115,2.8399999141693115,300.0
2026-04-10 12:18:00,PLAN.V,,0.36500000953674316,0.36500000953674316,0.36000001430511475,0.36000001430511475,22500.0
2026-04-10 12:18:00,PNPN.V,,1.149999976158142,1.149999976158142,1.149999976158142,1.149999976158142,1900.0
2026-04-10 12:18:00,PPP.V,,1.3200000524520874,1.3200000524520874,1.3200000524520874,1.3200000524520874,300.0
2026-04-10 12:18:00,QNC.V,,3.5299999713897705,3.5399999618530273,3.5299999713897705,3.5399999618530273,700.0
2026-04-10 12:18:00,QTWO.V,,2.299999952316284,2.299999952316284,2.299999952316284,2.299999952316284,300.0
2026-04-10 12:18:00,ROS.V,,0.27000001072883606,0.27000001072883606,0.27000001072883606,0.27000001072883606,2000.0
2026-04-10 12:18:00,RYO.V,,0.5299999713897705,0.5299999713897705,0.5299999713897705,0.5299999713897705,500.0
2026-04-10 12:18:00,SCZ.V,,11.029999732971191,11.029999732971191,11.029999732971191,11.029999732971191,100.0
2026-04-10 12:18:00,SSV.V,,0.5799999833106995,0.5799999833106995,0.5799999833106995,0.5799999833106995,1500.0
2026-04-10 12:19:00,NAU.V,,1.7899999618530273,1.7899999618530273,1.7899999618530273,1.7899999618530273,500.0
2026-04-10 12:19:00,NFG.V,,2.8399999141693115,2.8399999141693115,2.8399999141693115,2.8399999141693115,400.0
2026-04-10 12:19:00,OMG.V,,2.0299999713897705,2.0299999713897705,2.0299999713897705,2.0299999713897705,200.0
2026-04-10 12:19:00,PLSR.V,,1.940000057220459,1.940000057220459,1.940000057220459,1.940000057220459,300.0
2026-04-10 12:19:00,QGR.V,,0.27000001072883606,0.27000001072883606,0.27000001072883606,0.27000001072883606,1000.0
2026-04-10 12:19:00,QTWO.V,,2.299999952316284,2.299999952316284,2.299999952316284,2.299999952316284,800.0
2026-04-10 12:19:00,REG.V,,3.890000104904175,3.930000066757202,3.890000104904175,3.930000066757202,3600.0
2026-04-10 12:19:00,RML.V,,1.059999942779541,1.059999942779541,1.059999942779541,1.059999942779541,100.0
2026-04-10 12:19:00,SCZ.V,,11.050000190734863,11.0600004196167,11.050000190734863,11.0600004196167,600.0
2026-04-10 12:19:00,SOI.V,,0.2150000035762787,0.2150000035762787,0.2150000035762787,0.2150000035762787,1000.0
2026-04-10 12:19:00,SSV.V,,0.5799999833106995,0.5799999833106995,0.5799999833106995,0.5799999833106995,500.0
2026-04-10 12:19:00,SVRS.V,,0.48500001430511475,0.48500001430511475,0.48500001430511475,0.48500001430511475,500.0
2026-04-10 12:20:00,GASX.V,,1.4550000429153442,1.4550000429153442,1.4550000429153442,1.4550000429153442,100.0
2026-04-10 12:20:00,MAI.V,,6.21999979019165,6.21999979019165,6.21999979019165,6.21999979019165,100.0
2026-04-10 12:20:00,MVI-H.V,,0.07500000298023224,0.07999999821186066,0.07500000298023224,0.07999999821186066,0.0
2026-04-10 12:20:00,NAU.V,,1.7799999713897705,1.7799999713897705,1.7799999713897705,1.7799999713897705,1400.0
2026-04-10 12:20:00,NFG.V,,2.8399999141693115,2.8399999141693115,2.8399999141693115,2.8399999141693115,209.0
2026-04-10 12:20:00,NSU.V,,0.1899999976158142,0.1899999976158142,0.1899999976158142,0.1899999976158142,5000.0
2026-04-10 12:20:00,OCO.V,,0.4050000011920929,0.4099999964237213,0.4050000011920929,0.4099999964237213,22000.0
2026-04-10 12:20:00,PGE.V,,0.3199999928474426,0.3199999928474426,0.3199999928474426,0.3199999928474426,500.0
2026-04-10 12:20:00,PINK.V,,0.33000001311302185,0.33000001311302185,0.33000001311302185,0.33000001311302185,2000.0
2026-04-10 12:20:00,PNPN.V,,1.149999976158142,1.149999976158142,1.149999976158142,1.149999976158142,100.0
2026-04-10 12:20:00,PUMA.V,,0.15000000596046448,0.15000000596046448,0.15000000596046448,0.15000000596046448,7000.0
2026-04-10 12:20:00,QGR.V,,0.2750000059604645,0.2750000059604645,0.27250000834465027,0.27250000834465027,3500.0
2026-04-10 12:20:00,QTWO.V,,2.299999952316284,2.299999952316284,2.299999952316284,2.299999952316284,800.0
2026-04-10 12:20:00,RAK.V,,0.1599999964237213,0.1599999964237213,0.1599999964237213,0.1599999964237213,16500.0
2026-04-10 12:20:00,REC.V,,0.07000000029802322,0.07000000029802322,0.07000000029802322,0.07000000029802322,44000.0
2026-04-10 12:20:00,RPX.V,,0.1850000023841858,0.1850000023841858,0.1850000023841858,0.1850000023841858,10000.0
2026-04-10 12:20:00,RYO.V,,0.5400000214576721,0.5400000214576721,0.5400000214576721,0.5400000214576721,500.0
2026-04-10 12:20:00,SLG.V,,3.6600000858306885,3.6600000858306885,3.6600000858306885,3.6600000858306885,100.0
2026-04-10 12:20:00,SVRS.V,,0.48500001430511475,0.48500001430511475,0.48500001430511475,0.48500001430511475,8195.0
2026-04-10 12:21:00,MMY.V,,0.9700000286102295,0.9700000286102295,0.9700000286102295,0.9700000286102295,100.0
2026-04-10 12:21:00,NEV.V,,0.02500000037252903,0.02500000037252903,0.02500000037252903,0.02500000037252903,2000.0
2026-04-10 12:21:00,OVL-H.V,,0.13500000536441803,0.13500000536441803,0.13500000536441803,0.13500000536441803,5000.0
2026-04-10 12:21:00,PLAN.V,,0.36500000953674316,0.36500000953674316,0.36500000953674316,0.36500000953674316,10000.0
2026-04-10 12:21:00,PLSR.V,,1.9299999475479126,1.940000057220459,1.909999966621399,1.9299999475479126,9500.0
2026-04-10 12:21:00,PNPN.V,,1.149999976158142,1.149999976158142,1.149999976158142,1.149999976158142,100.0
2026-04-10 12:21:00,QGR.V,,0.27000001072883606,0.2750000059604645,0.27000001072883606,0.27250000834465027,70000.0
2026-04-10 12:21:00,QNC.V,,3.5399999618530273,3.5399999618530273,3.5399999618530273,3.5399999618530273,100.0
2026-04-10 12:21:00,QTWO.V,,2.299999952316284,2.299999952316284,2.299999952316284,2.299999952316284,400.0
2026-04-10 12:21:00,RECO.V,,1.100000023841858,1.100000023841858,1.090000033378601,1.100000023841858,9200.0
2026-04-10 12:21:00,RYO.V,,0.5400000214576721,0.5400000214576721,0.5400000214576721,0.5400000214576721,500.0
2026-04-10 12:21:00,SCD.V,,0.13500000536441803,0.13500000536441803,0.13500000536441803,0.13500000536441803,4000.0
2026-04-10 12:21:00,SGML.V,,20.270000457763672,20.31999969482422,20.270000457763672,20.31999969482422,273.0
2026-04-10 12:21:00,SLI.V,,4.769999980926514,4.769999980926514,4.769999980926514,4.769999980926514,600.0
2026-04-10 12:21:00,STUD.V,,0.35499998927116394,0.35499998927116394,0.35499998927116394,0.35499998927116394,1000.0
2026-04-10 12:21:00,SVE.V,,0.5400000214576721,0.5400000214576721,0.5400000214576721,0.5400000214576721,5500.0
2026-04-10 12:21:00,SVRS.V,,0.49000000953674316,0.49000000953674316,0.49000000953674316,0.49000000953674316,500.0
2026-04-10 12:21:00,SYH.V,,0.4699999988079071,0.4699999988079071,0.4699999988079071,0.4699999988079071,500.0
2026-04-10 12:22:00,NAU.V,,1.7799999713897705,1.7799999713897705,1.7799999713897705,1.7799999713897705,50004.0
2026-04-10 12:22:00,NFG.V,,2.8299999237060547,2.8299999237060547,2.8299999237060547,2.8299999237060547,1100.0
2026-04-10 12:22:00,NSCI.V,,0.11999999731779099,0.11999999731779099,0.11999999731779099,0.11999999731779099,97000.0
2026-04-10 12:22:00,OMG.V,,2.0299999713897705,2.0299999713897705,2.0299999713897705,2.0299999713897705,100.0
2026-04-10 12:22:00,QNC.V,,3.5399999618530273,3.5399999618530273,3.5399999618530273,3.5399999618530273,1700.0
2026-04-10 12:22:00,QTWO.V,,2.2899999618530273,2.299999952316284,2.2899999618530273,2.299999952316284,2500.0
2026-04-10 12:22:00,RYO.V,,0.5400000214576721,0.5400000214576721,0.5400000214576721,0.5400000214576721,500.0
2026-04-10 12:22:00,SCD.V,,0.13500000536441803,0.13500000536441803,0.13500000536441803,0.13500000536441803,1500.0
2026-04-10 12:22:00,SGN.V,,0.3499999940395355,0.3499999940395355,0.3499999940395355,0.3499999940395355,32000.0
2026-04-10 12:22:00,SVRS.V,,0.49000000953674316,0.49000000953674316,0.49000000953674316,0.49000000953674316,500.0
2026-04-10 12:23:00,GASX.V,,1.4500000476837158,1.4500000476837158,1.4500000476837158,1.4500000476837158,100.0
2026-04-10 12:23:00,PLSR.V,,1.940000057220459,1.940000057220459,1.9299999475479126,1.9299999475479126,300.0
2026-04-10 12:23:00,QMC.V,,0.054999999701976776,0.054999999701976776,0.054999999701976776,0.054999999701976776,2000.0
2026-04-10 12:23:00,QNC.V,,3.509999990463257,3.5299999713897705,3.509999990463257,3.5299999713897705,6600.0
2026-04-10 12:23:00,QTWO.V,,2.2950000762939453,2.2950000762939453,2.2950000762939453,2.2950000762939453,100.0
2026-04-10 12:23:00,RYO.V,,0.5400000214576721,0.5400000214576721,0.5400000214576721,0.5400000214576721,500.0
2026-04-10 12:23:00,SCOT.V,,2.4100000858306885,2.4100000858306885,2.4100000858306885,2.4100000858306885,700.0
2026-04-10 12:23:00,SCZ.V,,11.029999732971191,11.029999732971191,11.029999732971191,11.029999732971191,543.0
2026-04-10 12:23:00,SGO.V,,0.25,0.25,0.25,0.25,3000.0
2026-04-10 12:23:00,SLG.V,,3.7100000381469727,3.7100000381469727,3.7100000381469727,3.7100000381469727,2008.0
2026-04-10 12:24:00,NCX.V,,3.319999933242798,3.319999933242798,3.319999933242798,3.319999933242798,100.0
2026-04-10 12:24:00,NWST.V,,0.375,0.375,0.375,0.375,13500.0
2026-04-10 12:24:00,OMG.V,,2.0299999713897705,2.0299999713897705,2.0299999713897705,2.0299999713897705,200.0
2026-04-10 12:24:00,PLSR.V,,1.940000057220459,1.940000057220459,1.940000057220459,1.940000057220459,200.0
2026-04-10 12:24:00,PNPN.V,,1.1399999856948853,1.149999976158142,1.1399999856948853,1.149999976158142,1500.0
2026-04-10 12:24:00,PX.V,,0.18000000715255737,0.18000000715255737,0.18000000715255737,0.18000000715255737,29500.0
2026-04-10 12:24:00,QTWO.V,,2.2950000762939453,2.2950000762939453,2.2950000762939453,2.2950000762939453,200.0
2026-04-10 12:24:00,RDU.V,,0.13500000536441803,0.13500000536441803,0.13500000536441803,0.13500000536441803,0.0
2026-04-10 12:24:00,RYO.V,,0.5400000214576721,0.5400000214576721,0.5400000214576721,0.5400000214576721,500.0
2026-04-10 12:24:00,VIPR.V,,1.2699999809265137,1.2699999809265137,1.2699999809265137,1.2699999809265137,1400.0
2026-04-10 12:25:00,MAI.V,,6.21999979019165,6.21999979019165,6.21999979019165,6.21999979019165,100.0
2026-04-10 12:25:00,ODV.V,,4.53000020980835,4.53000020980835,4.53000020980835,4.53000020980835,100.0
2026-04-10 12:25:00,OMG.V,,2.0299999713897705,2.0299999713897705,2.0299999713897705,2.0299999713897705,100.0
2026-04-10 12:25:00,PEI.V,,0.04500000178813934,0.04500000178813934,0.04500000178813934,0.04500000178813934,8000.0
2026-04-10 12:25:00,PPP.V,,1.3200000524520874,1.3200000524520874,1.3200000524520874,1.3200000524520874,1700.0
2026-04-10 12:25:00,QGR.V,,0.2750000059604645,0.2750000059604645,0.2750000059604645,0.2750000059604645,17000.0
2026-04-10 12:25:00,QNC.V,,3.5399999618530273,3.5399999618530273,3.5399999618530273,3.5399999618530273,100.0
2026-04-10 12:25:00,QTWO.V,,2.2950000762939453,2.2950000762939453,2.2950000762939453,2.2950000762939453,200.0
2026-04-10 12:25:00,RYO.V,,0.5400000214576721,0.5400000214576721,0.5400000214576721,0.5400000214576721,500.0
2026-04-10 12:25:00,SAG.V,,1.440000057220459,1.440000057220459,1.440000057220459,1.440000057220459,4507.0
2026-04-10 12:25:00,SCZ.V,,11.0600004196167,11.0600004196167,11.0600004196167,11.0600004196167,100.0
2026-04-10 12:25:00,SLI.V,,4.760000228881836,4.760000228881836,4.760000228881836,4.760000228881836,100.0
2026-04-10 12:26:00,NWX.V,,0.15000000596046448,0.15000000596046448,0.15000000596046448,0.15000000596046448,1250.0
2026-04-10 12:26:00,OMI.V,,0.3400000035762787,0.3400000035762787,0.3400000035762787,0.3400000035762787,0.0
2026-04-10 12:26:00,PLSR.V,,1.940000057220459,1.940000057220459,1.940000057220459,1.940000057220459,100.0
2026-04-10 12:26:00,PNPN.V,,1.159999966621399,1.1699999570846558,1.149999976158142,1.149999976158142,18400.0
2026-04-10 12:26:00,QGR.V,,0.2800000011920929,0.2800000011920929,0.2750000059604645,0.2800000011920929,48000.0
2026-04-10 12:26:00,QNC.V,,3.5199999809265137,3.5199999809265137,3.5199999809265137,3.5199999809265137,100.0
2026-04-10 12:26:00,QTWO.V,,2.2950000762939453,2.2950000762939453,2.2950000762939453,2.2950000762939453,200.0
2026-04-10 12:26:00,SGML.V,,20.290000915527344,20.290000915527344,20.290000915527344,20.290000915527344,100.0
2026-04-10 12:26:00,SHL.V,,0.47999998927116394,0.47999998927116394,0.46000000834465027,0.4699999988079071,34500.0
2026-04-10 12:26:00,SLG.V,,3.7200000286102295,3.7200000286102295,3.7200000286102295,3.7200000286102295,100.0
2026-04-10 12:26:00,SOMA.V,,1.7799999713897705,1.7949999570846558,1.7799999713897705,1.7949999570846558,900.0
2026-04-10 12:26:00,SVRS.V,,0.48500001430511475,0.48500001430511475,0.48500001430511475,0.48500001430511475,500.0
2026-04-10 12:27:00,GASX.V,,1.4500000476837158,1.4500000476837158,1.4500000476837158,1.4500000476837158,800.0
2026-04-10 12:27:00,NDA.V,,0.9599999785423279,0.9599999785423279,0.9599999785423279,0.9599999785423279,3120.0
2026-04-10 12:27:00,PTU.V,,0.4099999964237213,0.4099999964237213,0.4099999964237213,0.4099999964237213,12205.0
2026-04-10 12:27:00,QGR.V,,0.2800000011920929,0.2800000011920929,0.2800000011920929,0.2800000011920929,17518.0
2026-04-10 12:27:00,QTWO.V,,2.2950000762939453,2.2950000762939453,2.2950000762939453,2.2950000762939453,200.0
2026-04-10 12:27:00,RBX.V,,7.019999980926514,7.019999980926514,7.019999980926514,7.019999980926514,100.0
2026-04-10 12:27:00,ROS.V,,0.27000001072883606,0.27000001072883606,0.27000001072883606,0.27000001072883606,3000.0
2026-04-10 12:27:00,RYO.V,,0.5400000214576721,0.5400000214576721,0.5400000214576721,0.5400000214576721,500.0
2026-04-10 12:27:00,SCZ.V,,11.029999732971191,11.039999961853027,11.029999732971191,11.039999961853027,1250.0
2026-04-10 12:27:00,SLI.V,,4.760000228881836,4.760000228881836,4.760000228881836,4.760000228881836,100.0
2026-04-10 12:27:00,SM.V,,1.840000033378601,1.840000033378601,1.840000033378601,1.840000033378601,250.0
2026-04-10 12:27:00,VIPR.V,,1.2699999809265137,1.2699999809265137,1.2699999809265137,1.2699999809265137,100.0
2026-04-10 12:28:00,GASX.V,,1.4500000476837158,1.4500000476837158,1.4500000476837158,1.4500000476837158,100.0
2026-04-10 12:28:00,NAU.V,,1.7699999809265137,1.7699999809265137,1.7699999809265137,1.7699999809265137,5500.0
2026-04-10 12:28:00,OMG.V,,2.0299999713897705,2.0299999713897705,2.0299999713897705,2.0299999713897705,1400.0
2026-04-10 12:28:00,PBM.V,,0.054999999701976776,0.054999999701976776,0.054999999701976776,0.054999999701976776,0.0
2026-04-10 12:28:00,PGE.V,,0.3199999928474426,0.3199999928474426,0.3199999928474426,0.3199999928474426,500.0
2026-04-10 12:28:00,PINK.V,,0.32499998807907104,0.32499998807907104,0.32499998807907104,0.32499998807907104,500.0
2026-04-10 12:28:00,PLSR.V,,1.9299999475479126,1.9299999475479126,1.9299999475479126,1.9299999475479126,1300.0
2026-04-10 12:28:00,QTWO.V,,2.2950000762939453,2.2950000762939453,2.2950000762939453,2.2950000762939453,200.0
2026-04-10 12:28:00,RYO.V,,0.5400000214576721,0.5400000214576721,0.5400000214576721,0.5400000214576721,500.0
2026-04-10 12:29:00,NAU.V,,1.7799999713897705,1.7799999713897705,1.7799999713897705,1.7799999713897705,200.0
2026-04-10 12:29:00,NCX.V,,3.319999933242798,3.319999933242798,3.319999933242798,3.319999933242798,100.0
2026-04-10 12:29:00,NEV.V,,0.029999999329447746,0.029999999329447746,0.029999999329447746,0.029999999329447746,3000.0
2026-04-10 12:29:00,NEXE.V,,0.15000000596046448,0.15000000596046448,0.15000000596046448,0.15000000596046448,48471.0
2026-04-10 12:29:00,NFG.V,,2.8299999237060547,2.8299999237060547,2.8299999237060547,2.8299999237060547,1400.0
2026-04-10 12:29:00,ODV.V,,4.53000020980835,4.53000020980835,4.53000020980835,4.53000020980835,100.0
2026-04-10 12:29:00,OMG.V,,2.0399999618530273,2.0399999618530273,2.0399999618530273,2.0399999618530273,100.0
2026-04-10 12:29:00,PESO.V,,0.4000000059604645,0.4000000059604645,0.4000000059604645,0.4000000059604645,6000.0
2026-04-10 12:29:00,PLSR.V,,1.9299999475479126,1.9299999475479126,1.9299999475479126,1.9299999475479126,336.0
2026-04-10 12:29:00,QNC.V,,3.5199999809265137,3.5299999713897705,3.5199999809265137,3.5299999713897705,200.0
2026-04-10 12:29:00,QTWO.V,,2.2950000762939453,2.2950000762939453,2.2950000762939453,2.2950000762939453,300.0
2026-04-10 12:29:00,RBX.V,,7.019999980926514,7.019999980926514,7.019999980926514,7.019999980926514,100.0
2026-04-10 12:29:00,ROCK.V,,2.5999999046325684,2.609999895095825,2.5999999046325684,2.5999999046325684,1500.0
2026-04-10 12:29:00,RSS.V,,0.4699999988079071,0.4749999940395355,0.4699999988079071,0.4749999940395355,6000.0
2026-04-10 12:29:00,RYO.V,,0.5400000214576721,0.5400000214576721,0.5400000214576721,0.5400000214576721,990.0
2026-04-10 12:29:00,SLI.V,,4.760000228881836,4.760000228881836,4.760000228881836,4.760000228881836,870.0
2026-04-10 12:30:00,LITT.V,,0.4099999964237213,0.4099999964237213,0.4099999964237213,0.4099999964237213,500.0
2026-04-10 12:30:00,MAI.V,,6.21999979019165,6.21999979019165,6.21999979019165,6.21999979019165,100.0
2026-04-10 12:30:00,MGG.V,,0.38499999046325684,0.38499999046325684,0.38499999046325684,0.38499999046325684,14537.0
2026-04-10 12:30:00,NFG.V,,2.8299999237060547,2.8299999237060547,2.8299999237060547,2.8299999237060547,100.0
2026-04-10 12:30:00,OMG.V,,2.0299999713897705,2.0299999713897705,2.0299999713897705,2.0299999713897705,200.0
2026-04-10 12:30:00,QNC.V,,3.5199999809265137,3.5199999809265137,3.5199999809265137,3.5199999809265137,100.0
2026-04-10 12:30:00,QTWO.V,,2.2950000762939453,2.2950000762939453,2.2950000762939453,2.2950000762939453,300.0
2026-04-10 12:30:00,RYO.V,,0.5400000214576721,0.5400000214576721,0.5400000214576721,0.5400000214576721,500.0
2026-04-10 12:30:00,SCZ.V,,11.0,11.0,11.0,11.0,100.0
2026-04-10 12:30:00,SMN.V,,0.14000000059604645,0.14000000059604645,0.14000000059604645,0.14000000059604645,1000.0
2026-04-10 12:30:00,SOMA.V,,1.7999999523162842,1.7999999523162842,1.7899999618530273,1.7899999618530273,1650.0
2026-04-10 12:30:00,SYH.V,,0.4699999988079071,0.4699999988079071,0.4699999988079071,0.4699999988079071,8500.0
2026-04-10 12:31:00,NAU.V,,1.7699999809265137,1.7699999809265137,1.7699999809265137,1.7699999809265137,100.0
2026-04-10 12:31:00,NFG.V,,2.8399999141693115,2.8399999141693115,2.8399999141693115,2.8399999141693115,100.0
2026-04-10 12:31:00,OCO.V,,0.4099999964237213,0.4099999964237213,0.4099999964237213,0.4099999964237213,500.0
2026-04-10 12:31:00,PML.V,,0.8700000047683716,0.875,0.8700000047683716,0.875,1500.0
2026-04-10 12:31:00,QGR.V,,0.2775000035762787,0.2775000035762787,0.2775000035762787,0.2775000035762787,500.0
2026-04-10 12:31:00,QTWO.V,,2.2950000762939453,2.2950000762939453,2.2950000762939453,2.2950000762939453,100.0
2026-04-10 12:31:00,SYH.V,,0.4699999988079071,0.4699999988079071,0.4699999988079071,0.4699999988079071,15500.0
2026-04-10 12:32:00,AFR.V,,0.03999999910593033,0.03999999910593033,0.03999999910593033,0.03999999910593033,2000.0
2026-04-10 12:32:00,MAI.V,,6.21999979019165,6.21999979019165,6.21999979019165,6.21999979019165,300.0
2026-04-10 12:32:00,NFG.V,,2.8350000381469727,2.8350000381469727,2.8350000381469727,2.8350000381469727,100.0
2026-04-10 12:32:00,PGLD.V,,0.6899999976158142,0.699999988079071,0.6899999976158142,0.699999988079071,27000.0
2026-04-10 12:32:00,PLSR.V,,1.9299999475479126,1.9299999475479126,1.9299999475479126,1.9299999475479126,700.0
2026-04-10 12:32:00,QGR.V,,0.2800000011920929,0.2800000011920929,0.2775000035762787,0.2775000035762787,8500.0
2026-04-10 12:32:00,QTWO.V,,2.2950000762939453,2.2950000762939453,2.2950000762939453,2.2950000762939453,300.0
2026-04-10 12:32:00,RYO.V,,0.5400000214576721,0.5400000214576721,0.5400000214576721,0.5400000214576721,500.0
2026-04-10 12:32:00,SGML.V,,20.270000457763672,20.270000457763672,20.270000457763672,20.270000457763672,100.0
2026-04-10 12:32:00,SPA.V,,0.23499999940395355,0.23499999940395355,0.23499999940395355,0.23499999940395355,500.0
2026-04-10 12:32:00,SPRQ.V,,0.6399999856948853,0.6399999856948853,0.6399999856948853,0.6399999856948853,4000.0
2026-04-10 12:32:00,SRL.V,,0.1899999976158142,0.1899999976158142,0.1899999976158142,0.1899999976158142,500.0
2026-04-10 12:33:00,MAI.V,,6.210000038146973,6.210000038146973,6.210000038146973,6.210000038146973,100.0
2026-04-10 12:33:00,NAU.V,,1.7699999809265137,1.7699999809265137,1.7699999809265137,1.7699999809265137,500.0
2026-04-10 12:33:00,NFG.V,,2.8299999237060547,2.8299999237060547,2.8299999237060547,2.8299999237060547,3300.0
2026-04-10 12:33:00,OMG.V,,2.0299999713897705,2.0299999713897705,2.0299999713897705,2.0299999713897705,100.0
2026-04-10 12:33:00,PGLD.V,,0.699999988079071,0.699999988079071,0.699999988079071,0.699999988079071,8000.0
2026-04-10 12:33:00,PML.V,,0.8799999952316284,0.8799999952316284,0.8799999952316284,0.8799999952316284,4500.0
2026-04-10 12:33:00,QTWO.V,,2.2850000858306885,2.2950000762939453,2.2799999713897705,2.2950000762939453,1700.0
2026-04-10 12:33:00,RPX.V,,0.1850000023841858,0.1850000023841858,0.1850000023841858,0.1850000023841858,50500.0
2026-04-10 12:33:00,RYO.V,,0.5400000214576721,0.5400000214576721,0.5400000214576721,0.5400000214576721,500.0
2026-04-10 12:33:00,SCZ.V,,10.989999771118164,10.989999771118164,10.989999771118164,10.989999771118164,200.0
2026-04-10 12:33:00,SLG.V,,3.75,3.75,3.75,3.75,100.0
2026-04-10 12:33:00,VIPR.V,,1.2799999713897705,1.2899999618530273,1.2799999713897705,1.2799999713897705,7000.0
2026-04-10 12:34:00,GASX.V,,1.440000057220459,1.440000057220459,1.440000057220459,1.440000057220459,100.0
2026-04-10 12:34:00,MMY.V,,0.9700000286102295,0.9700000286102295,0.9700000286102295,0.9700000286102295,200.0
2026-04-10 12:34:00,NAU.V,,1.7699999809265137,1.7699999809265137,1.7699999809265137,1.7699999809265137,1900.0
2026-04-10 12:34:00,OCO.V,,0.4099999964237213,0.4099999964237213,0.4099999964237213,0.4099999964237213,500.0
2026-04-10 12:34:00,PML.V,,0.8700000047683716,0.8700000047683716,0.8700000047683716,0.8700000047683716,33000.0
2026-04-10 12:34:00,RECO.V,,1.100000023841858,1.100000023841858,1.100000023841858,1.100000023841858,500.0
2026-04-10 12:34:00,ROCK.V,,2.5999999046325684,2.609999895095825,2.5999999046325684,2.609999895095825,600.0
2026-04-10 12:34:00,RYO.V,,0.5400000214576721,0.5400000214576721,0.5400000214576721,0.5400000214576721,500.0
2026-04-10 12:34:00,SAO.V,,0.08500000089406967,0.08500000089406967,0.08500000089406967,0.08500000089406967,119000.0
2026-04-10 12:34:00,SEI.V,,0.5699999928474426,0.5699999928474426,0.5699999928474426,0.5699999928474426,938.0
2026-04-10 12:34:00,SVRS.V,,0.48500001430511475,0.48500001430511475,0.48500001430511475,0.48500001430511475,1500.0
2026-04-10 12:35:00,MMY.V,,0.9800000190734863,0.9800000190734863,0.9800000190734863,0.9800000190734863,36900.0
2026-04-10 12:35:00,NFG.V,,2.8299999237060547,2.8299999237060547,2.825000047683716,2.825000047683716,1100.0
2026-04-10 12:35:00,OCO.V,,0.4099999964237213,0.4099999964237213,0.4099999964237213,0.4099999964237213,2000.0
2026-04-10 12:35:00,PGE.V,,0.3199999928474426,0.3199999928474426,0.3199999928474426,0.3199999928474426,500.0
2026-04-10 12:35:00,QGR.V,,0.2800000011920929,0.2800000011920929,0.2800000011920929,0.2800000011920929,5000.0
2026-04-10 12:35:00,ROCK.V,,2.5999999046325684,2.5999999046325684,2.5999999046325684,2.5999999046325684,100.0
2026-04-10 12:35:00,RYO.V,,0.5400000214576721,0.5400000214576721,0.5400000214576721,0.5400000214576721,500.0
2026-04-10 12:35:00,SCZ.V,,11.010000228881836,11.010000228881836,11.010000228881836,11.010000228881836,300.0
2026-04-10 12:35:00,SOMA.V,,1.7999999523162842,1.7999999523162842,1.7999999523162842,1.7999999523162842,200.0
2026-04-10 12:35:00,SVRS.V,,0.48500001430511475,0.48500001430511475,0.48500001430511475,0.48500001430511475,1000.0
2026-04-10 12:36:00,NAU.V,,1.7699999809265137,1.7699999809265137,1.7699999809265137,1.7699999809265137,3300.0
2026-04-10 12:36:00,NFG.V,,2.8299999237060547,2.8299999237060547,2.8299999237060547,2.8299999237060547,200.0
2026-04-10 12:36:00,OGN.V,,3.4000000953674316,3.4000000953674316,3.4000000953674316,3.4000000953674316,700.0
2026-04-10 12:36:00,PGE.V,,0.3199999928474426,0.3199999928474426,0.3199999928474426,0.3199999928474426,500.0
2026-04-10 12:36:00,PNPN.V,,1.159999966621399,1.159999966621399,1.159999966621399,1.159999966621399,500.0
2026-04-10 12:36:00,QNC.V,,3.5299999713897705,3.5299999713897705,3.5299999713897705,3.5299999713897705,4700.0
2026-04-10 12:36:00,RECO.V,,1.100000023841858,1.100000023841858,1.100000023841858,1.100000023841858,1000.0
2026-04-10 12:36:00,RKV.V,,0.0949999988079071,0.10000000149011612,0.0949999988079071,0.10000000149011612,0.0
2026-04-10 12:36:00,ROCK.V,,2.5999999046325684,2.5999999046325684,2.5999999046325684,2.5999999046325684,200.0
2026-04-10 12:36:00,SOU.V,,0.06499999761581421,0.06499999761581421,0.06499999761581421,0.06499999761581421,45000.0
2026-04-10 12:37:00,GASX.V,,1.4500000476837158,1.4500000476837158,1.4500000476837158,1.4500000476837158,500.0
2026-04-10 12:37:00,MAI.V,,6.199999809265137,6.210000038146973,6.199999809265137,6.210000038146973,500.0
2026-04-10 12:37:00,MMY.V,,0.9900000095367432,0.9900000095367432,0.9900000095367432,0.9900000095367432,100.0
2026-04-10 12:37:00,NAU.V,,1.7699999809265137,1.7699999809265137,1.7699999809265137,1.7699999809265137,1700.0
2026-04-10 12:37:00,NFG.V,,2.8299999237060547,2.8299999237060547,2.8299999237060547,2.8299999237060547,1000.0
2026-04-10 12:37:00,OCO.V,,0.4099999964237213,0.4099999964237213,0.4099999964237213,0.4099999964237213,500.0
2026-04-10 12:37:00,OGO.V,,0.8299999833106995,0.8299999833106995,0.8299999833106995,0.8299999833106995,1501.0
2026-04-10 12:37:00,OMG.V,,2.0299999713897705,2.0299999713897705,2.0299999713897705,2.0299999713897705,100.0
2026-04-10 12:37:00,PUR.V,,0.6399999856948853,0.6399999856948853,0.6399999856948853,0.6399999856948853,500.0
2026-04-10 12:37:00,RYO.V,,0.5400000214576721,0.5400000214576721,0.5400000214576721,0.5400000214576721,500.0
2026-04-10 12:37:00,SCZ.V,,11.0,11.0,11.0,11.0,100.0
2026-04-10 12:37:00,SLI.V,,4.75,4.75,4.75,4.75,400.0
2026-04-10 12:37:00,SVRS.V,,0.48500001430511475,0.48500001430511475,0.48500001430511475,0.48500001430511475,1000.0
2026-04-10 12:38:00,GASX.V,,1.440000057220459,1.440000057220459,1.440000057220459,1.440000057220459,100.0
2026-04-10 12:38:00,NAU.V,,1.7799999713897705,1.7799999713897705,1.7799999713897705,1.7799999713897705,5800.0
2026-04-10 12:38:00,NBM.V,,0.550000011920929,0.550000011920929,0.550000011920929,0.550000011920929,7305.0
2026-04-10 12:38:00,OGN.V,,3.4700000286102295,3.4700000286102295,3.440000057220459,3.440000057220459,2600.0
2026-04-10 12:38:00,QGR.V,,0.2800000011920929,0.2800000011920929,0.2800000011920929,0.2800000011920929,500.0
2026-04-10 12:38:00,RDS.V,,0.8899999856948853,0.8899999856948853,0.8899999856948853,0.8899999856948853,5000.0
2026-04-10 12:38:00,RYO.V,,0.5400000214576721,0.5400000214576721,0.5400000214576721,0.5400000214576721,500.0
2026-04-10 12:38:00,SAGE.V,,0.1899999976158142,0.1899999976158142,0.1899999976158142,0.1899999976158142,5000.0
2026-04-10 12:38:00,SOMA.V,,1.7899999618530273,1.7899999618530273,1.7799999713897705,1.7899999618530273,5400.0
2026-04-10 12:39:00,AGX.V,,0.7099999785423279,0.7200000286102295,0.7099999785423279,0.7200000286102295,59500.0
2026-04-10 12:39:00,LITT.V,,0.41999998688697815,0.41999998688697815,0.4099999964237213,0.4099999964237213,15000.0
2026-04-10 12:39:00,MAI.V,,6.210000038146973,6.210000038146973,6.210000038146973,6.210000038146973,100.0
2026-04-10 12:39:00,NWST.V,,0.375,0.375,0.3700000047683716,0.3700000047683716,18500.0
2026-04-10 12:39:00,ODV.V,,4.53000020980835,4.53000020980835,4.53000020980835,4.53000020980835,100.0
2026-04-10 12:39:00,OGN.V,,3.509999990463257,3.509999990463257,3.509999990463257,3.509999990463257,1800.0
2026-04-10 12:39:00,OMI.V,,0.33000001311302185,0.33500000834465027,0.33000001311302185,0.33500000834465027,2700.0
2026-04-10 12:39:00,PER.V,,0.19499999284744263,0.19499999284744263,0.19499999284744263,0.19499999284744263,19000.0
2026-04-10 12:39:00,PLSR.V,,1.9299999475479126,1.9299999475479126,1.9299999475479126,1.9299999475479126,1600.0
2026-04-10 12:39:00,PPP.V,,1.3200000524520874,1.3200000524520874,1.3200000524520874,1.3200000524520874,100.0
2026-04-10 12:39:00,QNC.V,,3.509999990463257,3.509999990463257,3.509999990463257,3.509999990463257,250.0
2026-04-10 12:39:00,RCK.V,,0.9800000190734863,0.9800000190734863,0.9800000190734863,0.9800000190734863,2000.0
2026-04-10 12:39:00,RYO.V,,0.5400000214576721,0.5400000214576721,0.5400000214576721,0.5400000214576721,500.0
2026-04-10 12:39:00,SHL.V,,0.47999998927116394,0.47999998927116394,0.47999998927116394,0.47999998927116394,500.0
2026-04-10 12:39:00,SLG.V,,3.7249999046325684,3.7249999046325684,3.7200000286102295,3.7200000286102295,200.0
2026-04-10 12:39:00,SLVR.V,,0.8600000143051147,0.8600000143051147,0.8500000238418579,0.8600000143051147,9500.0
2026-04-10 12:39:00,SMN.V,,0.14000000059604645,0.14000000059604645,0.14000000059604645,0.14000000059604645,10000.0
2026-04-10 12:40:00,MMY.V,,0.9900000095367432,0.9900000095367432,0.9900000095367432,0.9900000095367432,100.0
2026-04-10 12:40:00,NCX.V,,3.3399999141693115,3.3399999141693115,3.319999933242798,3.319999933242798,20300.0
2026-04-10 12:40:00,OCO.V,,0.4099999964237213,0.4099999964237213,0.4099999964237213,0.4099999964237213,500.0
2026-04-10 12:40:00,PGDC.V,,0.8799999952316284,0.8799999952316284,0.8799999952316284,0.8799999952316284,1171.0
2026-04-10 12:40:00,PML.V,,0.8700000047683716,0.8700000047683716,0.8700000047683716,0.8700000047683716,9000.0
2026-04-10 12:40:00,QGR.V,,0.2800000011920929,0.2800000011920929,0.2775000035762787,0.2775000035762787,6500.0
2026-04-10 12:40:00,QNC.V,,3.4800000190734863,3.5,3.4800000190734863,3.5,16403.0
2026-04-10 12:40:00,QTWO.V,,2.2899999618530273,2.2899999618530273,2.2899999618530273,2.2899999618530273,100.0
2026-04-10 12:40:00,RVG.V,,0.8199999928474426,0.8199999928474426,0.8199999928474426,0.8199999928474426,20090.0
2026-04-10 12:40:00,RYO.V,,0.5400000214576721,0.5400000214576721,0.5400000214576721,0.5400000214576721,500.0
2026-04-10 12:40:00,RZL.V,,0.47999998927116394,0.47999998927116394,0.46000000834465027,0.4699999988079071,23000.0
2026-04-10 12:40:00,SLVR.V,,0.8600000143051147,0.8600000143051147,0.8600000143051147,0.8600000143051147,3000.0
2026-04-10 12:40:00,SVE.V,,0.5299999713897705,0.5299999713897705,0.5299999713897705,0.5299999713897705,500.0
2026-04-10 12:41:00,AMY.V,,0.07999999821186066,0.07999999821186066,0.07999999821186066,0.07999999821186066,7000.0
2026-04-10 12:41:00,GASX.V,,1.4550000429153442,1.4550000429153442,1.440000057220459,1.440000057220459,4800.0
2026-04-10 12:41:00,MAI.V,,6.210000038146973,6.21999979019165,6.199999809265137,6.21999979019165,1300.0
2026-04-10 12:41:00,MGG.V,,0.3799999952316284,0.3799999952316284,0.3799999952316284,0.3799999952316284,13000.0
2026-04-10 12:41:00,NAU.V,,1.7899999618530273,1.7899999618530273,1.7899999618530273,1.7899999618530273,100.0
2026-04-10 12:41:00,NCX.V,,3.3299999237060547,3.3299999237060547,3.3299999237060547,3.3299999237060547,1300.0
2026-04-10 12:41:00,NFG.V,,2.8299999237060547,2.8299999237060547,2.8299999237060547,2.8299999237060547,1100.0
2026-04-10 12:41:00,OMG.V,,2.0299999713897705,2.0299999713897705,2.0299999713897705,2.0299999713897705,700.0
2026-04-10 12:41:00,QGR.V,,0.2849999964237213,0.2849999964237213,0.2824999988079071,0.2824999988079071,35500.0
2026-04-10 12:41:00,QTWO.V,,2.2899999618530273,2.2899999618530273,2.2899999618530273,2.2899999618530273,100.0
2026-04-10 12:41:00,RVG.V,,0.8199999928474426,0.8199999928474426,0.8199999928474426,0.8199999928474426,4110.0
2026-04-10 12:41:00,SCZ.V,,10.989999771118164,10.989999771118164,10.989999771118164,10.989999771118164,1000.0
2026-04-10 12:41:00,STMP.V,,0.12999999523162842,0.14000000059604645,0.12999999523162842,0.14000000059604645,134000.0
2026-04-10 12:42:00,FISH.V,,3.680000066757202,3.680000066757202,3.680000066757202,3.680000066757202,100.0
2026-04-10 12:42:00,MAI.V,,6.170000076293945,6.210000038146973,6.170000076293945,6.210000038146973,5091.0
2026-04-10 12:42:00,MMY.V,,0.9900000095367432,0.9900000095367432,0.9900000095367432,0.9900000095367432,400.0
2026-04-10 12:42:00,NAU.V,,1.7899999618530273,1.7899999618530273,1.7899999618530273,1.7899999618530273,100.0
2026-04-10 12:42:00,PLSR.V,,1.9299999475479126,1.9299999475479126,1.9299999475479126,1.9299999475479126,3300.0
2026-04-10 12:42:00,PML.V,,0.8700000047683716,0.8700000047683716,0.8700000047683716,0.8700000047683716,7000.0
2026-04-10 12:42:00,QGR.V,,0.2849999964237213,0.2849999964237213,0.2849999964237213,0.2849999964237213,9000.0
2026-04-10 12:42:00,QTWO.V,,2.2899999618530273,2.2899999618530273,2.2899999618530273,2.2899999618530273,100.0
2026-04-10 12:42:00,RBX.V,,6.960000038146973,6.960000038146973,6.960000038146973,6.960000038146973,100.0
2026-04-10 12:42:00,RDS.V,,0.8799999952316284,0.8799999952316284,0.8799999952316284,0.8799999952316284,21050.0
2026-04-10 12:42:00,ROK.V,,0.27000001072883606,0.27000001072883606,0.27000001072883606,0.27000001072883606,20000.0
2026-04-10 12:42:00,RVG.V,,0.8299999833106995,0.8299999833106995,0.8199999928474426,0.8199999928474426,38500.0
2026-04-10 12:42:00,RYO.V,,0.5400000214576721,0.5400000214576721,0.5400000214576721,0.5400000214576721,500.0
2026-04-10 12:42:00,SCD.V,,0.13500000536441803,0.13500000536441803,0.13500000536441803,0.13500000536441803,10000.0
2026-04-10 12:42:00,SCOT.V,,2.4200000762939453,2.4200000762939453,2.4200000762939453,2.4200000762939453,1000.0
2026-04-10 12:42:00,SEI.V,,0.5699999928474426,0.5699999928474426,0.5699999928474426,0.5699999928474426,4000.0
2026-04-10 12:42:00,SOMA.V,,1.7300000190734863,1.75,1.7300000190734863,1.7400000095367432,2900.0
2026-04-10 12:43:00,AGX.V,,0.7200000286102295,0.7200000286102295,0.7200000286102295,0.7200000286102295,1000.0
2026-04-10 12:43:00,MAI.V,,6.199999809265137,6.199999809265137,6.199999809265137,6.199999809265137,100.0
2026-04-10 12:43:00,MMY.V,,0.9900000095367432,0.9900000095367432,0.9900000095367432,0.9900000095367432,500.0
2026-04-10 12:43:00,NAU.V,,1.7899999618530273,1.7899999618530273,1.7899999618530273,1.7899999618530273,100.0
2026-04-10 12:43:00,OCO.V,,0.4099999964237213,0.4099999964237213,0.4099999964237213,0.4099999964237213,500.0
2026-04-10 12:43:00,OMG.V,,2.0299999713897705,2.0299999713897705,2.0299999713897705,2.0299999713897705,100.0
2026-04-10 12:43:00,PGE.V,,0.3199999928474426,0.3199999928474426,0.3199999928474426,0.3199999928474426,500.0
2026-04-10 12:43:00,PUR.V,,0.6399999856948853,0.6399999856948853,0.6399999856948853,0.6399999856948853,1500.0
2026-04-10 12:43:00,QNC.V,,3.4800000190734863,3.4800000190734863,3.4800000190734863,3.4800000190734863,100.0
2026-04-10 12:43:00,RCK.V,,0.9900000095367432,0.9900000095367432,0.9900000095367432,0.9900000095367432,500.0
2026-04-10 12:43:00,RDS.V,,0.8799999952316284,0.8799999952316284,0.8799999952316284,0.8799999952316284,16500.0
2026-04-10 12:43:00,RVG.V,,0.8399999737739563,0.8399999737739563,0.8399999737739563,0.8399999737739563,6500.0
2026-04-10 12:43:00,RYO.V,,0.5400000214576721,0.5400000214576721,0.5400000214576721,0.5400000214576721,500.0
2026-04-10 12:43:00,SCZ.V,,10.979999542236328,10.979999542236328,10.979999542236328,10.979999542236328,400.0
2026-04-10 12:43:00,SEI.V,,0.5699999928474426,0.5699999928474426,0.5699999928474426,0.5699999928474426,32000.0
2026-04-10 12:43:00,SLI.V,,4.75,4.75,4.75,4.75,300.0
2026-04-10 12:44:00,AGX.V,,0.7200000286102295,0.7200000286102295,0.7200000286102295,0.7200000286102295,2000.0
2026-04-10 12:44:00,GASX.V,,1.4550000429153442,1.4550000429153442,1.4550000429153442,1.4550000429153442,800.0
2026-04-10 12:44:00,MMY.V,,0.9900000095367432,0.9900000095367432,0.9900000095367432,0.9900000095367432,400.0
2026-04-10 12:44:00,NAU.V,,1.7799999713897705,1.7799999713897705,1.7799999713897705,1.7799999713897705,100.0
2026-04-10 12:44:00,NCX.V,,3.3299999237060547,3.3299999237060547,3.3299999237060547,3.3299999237060547,100.0
2026-04-10 12:44:00,NFG.V,,2.8299999237060547,2.8299999237060547,2.8299999237060547,2.8299999237060547,800.0
2026-04-10 12:44:00,NICN.V,,0.11500000208616257,0.11500000208616257,0.11500000208616257,0.11500000208616257,10000.0
2026-04-10 12:44:00,OMG.V,,2.0299999713897705,2.0299999713897705,2.0299999713897705,2.0299999713897705,100.0
2026-04-10 12:44:00,PNPN.V,,1.159999966621399,1.159999966621399,1.159999966621399,1.159999966621399,1600.0
2026-04-10 12:44:00,QTWO.V,,2.2899999618530273,2.2899999618530273,2.2899999618530273,2.2899999618530273,200.0
2026-04-10 12:44:00,RCK.V,,1.0,1.0,1.0,1.0,1400.0
2026-04-10 12:44:00,RYO.V,,0.5400000214576721,0.5400000214576721,0.5400000214576721,0.5400000214576721,500.0
2026-04-10 12:44:00,SGML.V,,20.219999313354492,20.219999313354492,20.219999313354492,20.219999313354492,100.0
2026-04-10 12:44:00,SOMA.V,,1.75,1.75,1.75,1.75,800.0
2026-04-10 12:44:00,SVRS.V,,0.4749999940395355,0.47999998927116394,0.4749999940395355,0.47999998927116394,29150.0
2026-04-10 12:45:00,AGX.V,,0.7149999737739563,0.7200000286102295,0.7149999737739563,0.7200000286102295,2000.0
2026-04-10 12:45:00,MMY.V,,0.9900000095367432,0.9900000095367432,0.9900000095367432,0.9900000095367432,400.0
2026-04-10 12:45:00,MON.V,,0.7099999785423279,0.7099999785423279,0.7099999785423279,0.7099999785423279,2000.0
2026-04-10 12:45:00,NAU.V,,1.7799999713897705,1.7799999713897705,1.7799999713897705,1.7799999713897705,200.0
2026-04-10 12:45:00,OCO.V,,0.4050000011920929,0.4050000011920929,0.4050000011920929,0.4050000011920929,500.0
2026-04-10 12:45:00,PER.V,,0.1899999976158142,0.1899999976158142,0.1899999976158142,0.1899999976158142,22500.0
2026-04-10 12:45:00,PLAN.V,,0.3700000047683716,0.3700000047683716,0.3700000047683716,0.3700000047683716,1000.0
2026-04-10 12:45:00,PUR.V,,0.6299999952316284,0.6399999856948853,0.6299999952316284,0.6399999856948853,16500.0
2026-04-10 12:45:00,QTWO.V,,2.2899999618530273,2.2899999618530273,2.2899999618530273,2.2899999618530273,800.0
2026-04-10 12:45:00,RE.V,,0.41999998688697815,0.42500001192092896,0.41999998688697815,0.42500001192092896,1000.0
2026-04-10 12:45:00,RVG.V,,0.8399999737739563,0.8399999737739563,0.8399999737739563,0.8399999737739563,1500.0
2026-04-10 12:45:00,SCOT.V,,2.4000000953674316,2.4000000953674316,2.4000000953674316,2.4000000953674316,100.0
2026-04-10 12:45:00,SCZ.V,,10.960000038146973,10.960000038146973,10.960000038146973,10.960000038146973,2000.0
2026-04-10 12:45:00,SOMA.V,,1.7400000095367432,1.75,1.7400000095367432,1.75,300.0
2026-04-10 12:45:00,SVRS.V,,0.4749999940395355,0.47999998927116394,0.4749999940395355,0.47999998927116394,8500.0
2026-04-10 12:46:00,AGX.V,,0.7149999737739563,0.7149999737739563,0.7149999737739563,0.7149999737739563,1500.0
2026-04-10 12:46:00,MAI.V,,6.199999809265137,6.204999923706055,6.199999809265137,6.199999809265137,300.0
2026-04-10 12:46:00,MMY.V,,0.9900000095367432,0.9900000095367432,0.9900000095367432,0.9900000095367432,1600.0
2026-04-10 12:46:00,NCX.V,,3.3299999237060547,3.3299999237060547,3.3299999237060547,3.3299999237060547,100.0
2026-04-10 12:46:00,NXLV.V,,1.9800000190734863,1.9800000190734863,1.9800000190734863,1.9800000190734863,5000.0
2026-04-10 12:46:00,OMG.V,,2.0299999713897705,2.0299999713897705,2.0299999713897705,2.0299999713897705,100.0
2026-04-10 12:46:00,PNPN.V,,1.159999966621399,1.159999966621399,1.159999966621399,1.159999966621399,1700.0
2026-04-10 12:46:00,QGR.V,,0.2849999964237213,0.2849999964237213,0.2824999988079071,0.2824999988079071,5000.0
2026-04-10 12:46:00,QNC.V,,3.4800000190734863,3.4800000190734863,3.4800000190734863,3.4800000190734863,1800.0
2026-04-10 12:46:00,QTWO.V,,2.2899999618530273,2.2899999618530273,2.2899999618530273,2.2899999618530273,300.0
2026-04-10 12:46:00,ROCK.V,,2.609999895095825,2.609999895095825,2.609999895095825,2.609999895095825,200.0
2026-04-10 12:46:00,SCOT.V,,2.359999895095825,2.369999885559082,2.359999895095825,2.369999885559082,4300.0
2026-04-10 12:46:00,SCZ.V,,10.989999771118164,11.010000228881836,10.979999542236328,10.979999542236328,600.0
2026-04-10 12:46:00,SLI.V,,4.75,4.75,4.75,4.75,200.0
2026-04-10 12:46:00,SLVR.V,,0.8600000143051147,0.8600000143051147,0.8600000143051147,0.8600000143051147,9000.0
2026-04-10 12:46:00,SM.V,,1.8300000429153442,1.8300000429153442,1.8300000429153442,1.8300000429153442,1000.0
2026-04-10 12:47:00,AGX.V,,0.7149999737739563,0.7149999737739563,0.7149999737739563,0.7149999737739563,1000.0
2026-04-10 12:47:00,MMY.V,,0.9900000095367432,0.9900000095367432,0.9900000095367432,0.9900000095367432,7000.0
2026-04-10 12:47:00,OCO.V,,0.4050000011920929,0.4050000011920929,0.4050000011920929,0.4050000011920929,3000.0
2026-04-10 12:47:00,PML.V,,0.8700000047683716,0.8700000047683716,0.8700000047683716,0.8700000047683716,27500.0
2026-04-10 12:47:00,PPP.V,,1.3200000524520874,1.3200000524520874,1.3200000524520874,1.3200000524520874,200.0
2026-04-10 12:47:00,QTWO.V,,2.2899999618530273,2.2899999618530273,2.2850000858306885,2.2850000858306885,200.0
2026-04-10 12:47:00,REG.V,,3.9800000190734863,3.9800000190734863,3.944999933242798,3.944999933242798,200.0
2026-04-10 12:47:00,RYO.V,,0.5400000214576721,0.5400000214576721,0.5400000214576721,0.5400000214576721,1000.0
2026-04-10 12:47:00,SGN.V,,0.3449999988079071,0.3449999988079071,0.3449999988079071,0.3449999988079071,500.0
2026-04-10 12:47:00,SSV.V,,0.5799999833106995,0.5799999833106995,0.5799999833106995,0.5799999833106995,500.0
2026-04-10 12:48:00,AGX.V,,0.7200000286102295,0.7200000286102295,0.7200000286102295,0.7200000286102295,500.0
2026-04-10 12:48:00,GASX.V,,1.4500000476837158,1.4500000476837158,1.4500000476837158,1.4500000476837158,100.0
2026-04-10 12:48:00,NAU.V,,1.7899999618530273,1.7899999618530273,1.7899999618530273,1.7899999618530273,100.0
2026-04-10 12:48:00,OGN.V,,3.5199999809265137,3.5199999809265137,3.5199999809265137,3.5199999809265137,800.0
2026-04-10 12:48:00,OMG.V,,2.0299999713897705,2.0299999713897705,2.0299999713897705,2.0299999713897705,100.0
2026-04-10 12:48:00,PLSR.V,,1.9299999475479126,1.9299999475479126,1.9299999475479126,1.9299999475479126,100.0
2026-04-10 12:48:00,PML.V,,0.8700000047683716,0.8799999952316284,0.8700000047683716,0.8700000047683716,38500.0
2026-04-10 12:48:00,QGR.V,,0.2849999964237213,0.2849999964237213,0.2824999988079071,0.2824999988079071,6500.0
2026-04-10 12:48:00,QTWO.V,,2.2899999618530273,2.2899999618530273,2.2899999618530273,2.2899999618530273,400.0
2026-04-10 12:48:00,RMB.V,,0.6899999976158142,0.6899999976158142,0.6899999976158142,0.6899999976158142,0.0
2026-04-10 12:48:00,RVG.V,,0.8399999737739563,0.8399999737739563,0.8399999737739563,0.8399999737739563,1000.0
2026-04-10 12:48:00,RYO.V,,0.5400000214576721,0.5400000214576721,0.5400000214576721,0.5400000214576721,500.0
2026-04-10 12:48:00,SLG.V,,3.7100000381469727,3.7100000381469727,3.7100000381469727,3.7100000381469727,2500.0
2026-04-10 12:48:00,SOI.V,,0.2150000035762787,0.2150000035762787,0.2150000035762787,0.2150000035762787,5000.0
2026-04-10 12:48:00,STE.V,,0.47999998927116394,0.47999998927116394,0.47999998927116394,0.47999998927116394,7000.0
2026-04-10 12:49:00,AGX.V,,0.7200000286102295,0.7200000286102295,0.7200000286102295,0.7200000286102295,1000.0
2026-04-10 12:49:00,NFG.V,,2.8399999141693115,2.8399999141693115,2.8399999141693115,2.8399999141693115,1200.0
2026-04-10 12:49:00,NGC.V,,0.18000000715255737,0.18000000715255737,0.18000000715255737,0.18000000715255737,1059.0
2026-04-10 12:49:00,OGN.V,,3.5199999809265137,3.5199999809265137,3.5199999809265137,3.5199999809265137,500.0
2026-04-10 12:49:00,PLSR.V,,1.940000057220459,1.940000057220459,1.940000057220459,1.940000057220459,180.0
2026-04-10 12:49:00,PML.V,,0.8799999952316284,0.8799999952316284,0.8799999952316284,0.8799999952316284,500.0
2026-04-10 12:49:00,PWM.V,,0.4399999976158142,0.4399999976158142,0.4399999976158142,0.4399999976158142,3000.0
2026-04-10 12:49:00,QNC.V,,3.4800000190734863,3.4800000190734863,3.4800000190734863,3.4800000190734863,100.0
2026-04-10 12:49:00,RDS.V,,0.8799999952316284,0.8799999952316284,0.8799999952316284,0.8799999952316284,1000.0
2026-04-10 12:49:00,REG.V,,3.9800000190734863,3.9800000190734863,3.9800000190734863,3.9800000190734863,100.0
2026-04-10 12:49:00,RVG.V,,0.8399999737739563,0.8399999737739563,0.8399999737739563,0.8399999737739563,6500.0
2026-04-10 12:49:00,RYO.V,,0.5400000214576721,0.5400000214576721,0.5400000214576721,0.5400000214576721,500.0
2026-04-10 12:49:00,SCOT.V,,2.3299999237060547,2.3399999141693115,2.3299999237060547,2.3399999141693115,900.0
2026-04-10 12:50:00,AGX.V,,0.7200000286102295,0.7200000286102295,0.7200000286102295,0.7200000286102295,500.0
2026-04-10 12:50:00,NAU.V,,1.7899999618530273,1.7899999618530273,1.7899999618530273,1.7899999618530273,100.0
2026-04-10 12:50:00,NCX.V,,3.3299999237060547,3.3350000381469727,3.3299999237060547,3.3350000381469727,2000.0
2026-04-10 12:50:00,NEV.V,,0.02500000037252903,0.02500000037252903,0.02500000037252903,0.02500000037252903,45000.0
2026-04-10 12:50:00,NFG.V,,2.8399999141693115,2.8399999141693115,2.8299999237060547,2.8299999237060547,200.0
2026-04-10 12:50:00,ODV.V,,4.53000020980835,4.53000020980835,4.53000020980835,4.53000020980835,1600.0
2026-04-10 12:50:00,PPP.V,,1.3300000429153442,1.3300000429153442,1.3300000429153442,1.3300000429153442,1900.0
2026-04-10 12:50:00,PUMA.V,,0.15000000596046448,0.15000000596046448,0.15000000596046448,0.15000000596046448,3500.0
2026-04-10 12:50:00,QGR.V,,0.2849999964237213,0.2849999964237213,0.2849999964237213,0.2849999964237213,8500.0
2026-04-10 12:50:00,QNC.V,,3.509999990463257,3.509999990463257,3.509999990463257,3.509999990463257,1000.0
2026-04-10 12:50:00,RCK.V,,1.0299999713897705,1.0299999713897705,1.0099999904632568,1.0099999904632568,7510.0
2026-04-10 12:50:00,ROCK.V,,2.619999885559082,2.619999885559082,2.619999885559082,2.619999885559082,100.0
2026-04-10 12:50:00,SCZ.V,,11.020000457763672,11.029999732971191,11.020000457763672,11.029999732971191,350.0
2026-04-10 12:50:00,SLG.V,,3.684999942779541,3.684999942779541,3.684999942779541,3.684999942779541,100.0
2026-04-10 12:50:00,SSV.V,,0.5799999833106995,0.5799999833106995,0.5799999833106995,0.5799999833106995,500.0
2026-04-10 12:50:00,SVRS.V,,0.48500001430511475,0.48500001430511475,0.48500001430511475,0.48500001430511475,1000.0
2026-04-10 12:51:00,AGX.V,,0.7200000286102295,0.7200000286102295,0.7200000286102295,0.7200000286102295,500.0
2026-04-10 12:51:00,GASX.V,,1.4600000381469727,1.4600000381469727,1.4600000381469727,1.4600000381469727,100.0
2026-04-10 12:51:00,MCI.V,,0.26499998569488525,0.26499998569488525,0.26499998569488525,0.26499998569488525,10000.0
2026-04-10 12:51:00,NBM.V,,0.550000011920929,0.550000011920929,0.550000011920929,0.550000011920929,2000.0
2026-04-10 12:51:00,NDA.V,,0.9800000190734863,0.9800000190734863,0.9800000190734863,0.9800000190734863,4500.0
2026-04-10 12:51:00,NFG.V,,2.8399999141693115,2.8399999141693115,2.8399999141693115,2.8399999141693115,1900.0
2026-04-10 12:51:00,NXLV.V,,1.9800000190734863,1.9800000190734863,1.9800000190734863,1.9800000190734863,2400.0
2026-04-10 12:51:00,OMG.V,,2.0299999713897705,2.0299999713897705,2.0299999713897705,2.0299999713897705,100.0
2026-04-10 12:51:00,PGE.V,,0.3199999928474426,0.3199999928474426,0.3199999928474426,0.3199999928474426,500.0
2026-04-10 12:51:00,PUMA.V,,0.15000000596046448,0.15000000596046448,0.15000000596046448,0.15000000596046448,25500.0
2026-04-10 12:51:00,QGR.V,,0.2849999964237213,0.2849999964237213,0.2824999988079071,0.2849999964237213,28000.0
2026-04-10 12:51:00,QNC.V,,3.4800000190734863,3.4800000190734863,3.4800000190734863,3.4800000190734863,1100.0
2026-04-10 12:51:00,RBX.V,,6.960000038146973,6.960000038146973,6.960000038146973,6.960000038146973,700.0
2026-04-10 12:51:00,RYO.V,,0.5400000214576721,0.5400000214576721,0.5400000214576721,0.5400000214576721,500.0
2026-04-10 12:51:00,SLI.V,,4.75,4.769999980926514,4.75,4.769999980926514,650.0
2026-04-10 12:51:00,SRR.V,,0.9599999785423279,0.9599999785423279,0.9599999785423279,0.9599999785423279,500.0
2026-04-10 12:51:00,SVRS.V,,0.47999998927116394,0.48500001430511475,0.47999998927116394,0.48500001430511475,10300.0
2026-04-10 12:52:00,AGX.V,,0.7200000286102295,0.7200000286102295,0.7200000286102295,0.7200000286102295,32900.0
2026-04-10 12:52:00,MAI.V,,6.190000057220459,6.190000057220459,6.190000057220459,6.190000057220459,400.0
2026-04-10 12:52:00,MAPS.V,,0.16500000655651093,0.16500000655651093,0.1599999964237213,0.1599999964237213,0.0
2026-04-10 12:52:00,MVI-H.V,,0.07500000298023224,0.07500000298023224,0.07500000298023224,0.07500000298023224,10000.0
2026-04-10 12:52:00,NAU.V,,1.7899999618530273,1.7899999618530273,1.7899999618530273,1.7899999618530273,100.0
2026-04-10 12:52:00,ODV.V,,4.550000190734863,4.550000190734863,4.550000190734863,4.550000190734863,100.0
2026-04-10 12:52:00,OMG.V,,2.0299999713897705,2.0299999713897705,2.0299999713897705,2.0299999713897705,100.0
2026-04-10 12:52:00,PLSR.V,,1.9500000476837158,1.9500000476837158,1.9500000476837158,1.9500000476837158,100.0
2026-04-10 12:52:00,QGR.V,,0.2849999964237213,0.2849999964237213,0.2849999964237213,0.2849999964237213,2500.0
2026-04-10 12:52:00,QNC.V,,3.490000009536743,3.490000009536743,3.490000009536743,3.490000009536743,100.0
2026-04-10 12:52:00,QTWO.V,,2.299999952316284,2.299999952316284,2.299999952316284,2.299999952316284,100.0
2026-04-10 12:52:00,ROMJ.V,,0.5099999904632568,0.5099999904632568,0.5099999904632568,0.5099999904632568,0.0
2026-04-10 12:52:00,RYO.V,,0.5400000214576721,0.5400000214576721,0.5400000214576721,0.5400000214576721,500.0
2026-04-10 12:52:00,SME.V,,0.05000000074505806,0.05000000074505806,0.05000000074505806,0.05000000074505806,0.0
2026-04-10 12:52:00,SRQ.V,,0.06499999761581421,0.06499999761581421,0.06499999761581421,0.06499999761581421,0.0
2026-04-10 12:52:00,SRR.V,,0.9399999976158142,0.949999988079071,0.9399999976158142,0.949999988079071,79905.0
2026-04-10 12:52:00,SSV.V,,0.5799999833106995,0.5799999833106995,0.5799999833106995,0.5799999833106995,525.0
2026-04-10 12:53:00,AGX.V,,0.7300000190734863,0.7300000190734863,0.7300000190734863,0.7300000190734863,500.0
2026-04-10 12:53:00,MAI.V,,6.199999809265137,6.199999809265137,6.199999809265137,6.199999809265137,100.0
2026-04-10 12:53:00,OGN.V,,3.6500000953674316,3.6500000953674316,3.5799999237060547,3.5799999237060547,900.0
2026-04-10 12:53:00,OMG.V,,2.0299999713897705,2.0299999713897705,2.0299999713897705,2.0299999713897705,100.0
2026-04-10 12:53:00,RYO.V,,0.5400000214576721,0.5400000214576721,0.5400000214576721,0.5400000214576721,500.0
2026-04-10 12:53:00,SEI.V,,0.5799999833106995,0.5799999833106995,0.5799999833106995,0.5799999833106995,500.0
2026-04-10 12:53:00,SLI.V,,4.769999980926514,4.769999980926514,4.769999980926514,4.769999980926514,100.0
2026-04-10 12:53:00,SME.V,,0.05000000074505806,0.05000000074505806,0.05000000074505806,0.05000000074505806,80000.0
2026-04-10 12:53:00,SVRS.V,,0.49000000953674316,0.49000000953674316,0.49000000953674316,0.49000000953674316,500.0
2026-04-10 12:54:00,AGX.V,,0.7300000190734863,0.7300000190734863,0.7300000190734863,0.7300000190734863,500.0
2026-04-10 12:54:00,NAU.V,,1.7899999618530273,1.7899999618530273,1.7899999618530273,1.7899999618530273,100.0
2026-04-10 12:54:00,NDA.V,,0.9800000190734863,0.9800000190734863,0.9800000190734863,0.9800000190734863,1500.0
2026-04-10 12:54:00,ORC-B.V,,3.2799999713897705,3.2799999713897705,3.2799999713897705,3.2799999713897705,300.0
2026-04-10 12:54:00,PPP.V,,1.340000033378601,1.340000033378601,1.340000033378601,1.340000033378601,2100.0
2026-04-10 12:54:00,PWM.V,,0.4650000035762787,0.4650000035762787,0.4650000035762787,0.4650000035762787,13000.0
2026-04-10 12:54:00,QTWO.V,,2.299999952316284,2.299999952316284,2.299999952316284,2.299999952316284,300.0
2026-04-10 12:54:00,RVG.V,,0.8299999833106995,0.8299999833106995,0.8299999833106995,0.8299999833106995,4000.0
2026-04-10 12:54:00,SVRS.V,,0.49000000953674316,0.49000000953674316,0.48750001192092896,0.48750001192092896,2000.0
2026-04-10 12:55:00,AGX.V,,0.7300000190734863,0.7300000190734863,0.7250000238418579,0.7300000190734863,39050.0
2026-04-10 12:55:00,NCX.V,,3.3299999237060547,3.3399999141693115,3.3299999237060547,3.3399999141693115,2800.0
2026-04-10 12:55:00,NFG.V,,2.8499999046325684,2.8499999046325684,2.8499999046325684,2.8499999046325684,200.0
2026-04-10 12:55:00,NPR.V,,0.8100000023841858,0.8100000023841858,0.8100000023841858,0.8100000023841858,1000.0
2026-04-10 12:55:00,ODV.V,,4.559999942779541,4.559999942779541,4.559999942779541,4.559999942779541,200.0
2026-04-10 12:55:00,QNC.V,,3.4800000190734863,3.4800000190734863,3.4800000190734863,3.4800000190734863,100.0
2026-04-10 12:55:00,QTWO.V,,2.299999952316284,2.299999952316284,2.299999952316284,2.299999952316284,300.0
2026-04-10 12:55:00,ROCK.V,,2.630000114440918,2.630000114440918,2.630000114440918,2.630000114440918,100.0
2026-04-10 12:55:00,RSS.V,,0.4650000035762787,0.4699999988079071,0.4650000035762787,0.4699999988079071,5000.0
2026-04-10 12:55:00,RVG.V,,0.8299999833106995,0.8299999833106995,0.8299999833106995,0.8299999833106995,2000.0
2026-04-10 12:55:00,RYO.V,,0.5400000214576721,0.5400000214576721,0.5400000214576721,0.5400000214576721,500.0
2026-04-10 12:55:00,SEI.V,,0.5600000023841858,0.5600000023841858,0.5600000023841858,0.5600000023841858,88500.0
2026-04-10 12:55:00,SKYG.V,,0.054999999701976776,0.054999999701976776,0.054999999701976776,0.054999999701976776,80000.0
2026-04-10 12:55:00,SMN.V,,0.13500000536441803,0.13500000536441803,0.13500000536441803,0.13500000536441803,127250.0
2026-04-10 12:55:00,SVRS.V,,0.49000000953674316,0.49000000953674316,0.49000000953674316,0.49000000953674316,500.0
2026-04-10 12:56:00,AGX.V,,0.7300000190734863,0.7300000190734863,0.7300000190734863,0.7300000190734863,2000.0
2026-04-10 12:56:00,MAI.V,,6.230000019073486,6.230000019073486,6.199999809265137,6.199999809265137,2500.0
2026-04-10 12:56:00,MMY.V,,0.9850000143051147,0.9850000143051147,0.9850000143051147,0.9850000143051147,100.0
2026-04-10 12:56:00,NAU.V,,1.7899999618530273,1.7899999618530273,1.7899999618530273,1.7899999618530273,100.0
2026-04-10 12:56:00,ODV.V,,4.545000076293945,4.545000076293945,4.545000076293945,4.545000076293945,600.0
2026-04-10 12:56:00,OMG.V,,2.0299999713897705,2.0299999713897705,2.0299999713897705,2.0299999713897705,200.0
2026-04-10 12:56:00,RECO.V,,1.090000033378601,1.090000033378601,1.090000033378601,1.090000033378601,23100.0
2026-04-10 12:56:00,REG.V,,3.9800000190734863,3.9800000190734863,3.9800000190734863,3.9800000190734863,100.0
2026-04-10 12:56:00,RVG.V,,0.8299999833106995,0.8299999833106995,0.8299999833106995,0.8299999833106995,2000.0
2026-04-10 12:56:00,RYO.V,,0.5400000214576721,0.5400000214576721,0.5400000214576721,0.5400000214576721,500.0
2026-04-10 12:56:00,SCZ.V,,11.100000381469727,11.100000381469727,11.09000015258789,11.09000015258789,1100.0
2026-04-10 12:56:00,SLG.V,,3.700000047683716,3.700000047683716,3.700000047683716,3.700000047683716,200.0
2026-04-10 12:56:00,SME.V,,0.05000000074505806,0.05000000074505806,0.05000000074505806,0.05000000074505806,48020.0
2026-04-10 12:56:00,SVRS.V,,0.49000000953674316,0.49000000953674316,0.49000000953674316,0.49000000953674316,500.0
2026-04-10 12:57:00,AGX.V,,0.7300000190734863,0.7300000190734863,0.7300000190734863,0.7300000190734863,500.0
2026-04-10 12:57:00,FISH.V,,3.6600000858306885,3.680000066757202,3.6600000858306885,3.680000066757202,700.0
2026-04-10 12:57:00,MAI.V,,6.230000019073486,6.230000019073486,6.230000019073486,6.230000019073486,100.0
2026-04-10 12:57:00,ODV.V,,4.559999942779541,4.559999942779541,4.559999942779541,4.559999942779541,166.0
2026-04-10 12:57:00,OMG.V,,2.0299999713897705,2.0299999713897705,2.0299999713897705,2.0299999713897705,200.0
2026-04-10 12:57:00,PML.V,,0.8799999952316284,0.8799999952316284,0.8799999952316284,0.8799999952316284,2000.0
2026-04-10 12:57:00,RYO.V,,0.5400000214576721,0.5400000214576721,0.5400000214576721,0.5400000214576721,500.0
2026-04-10 12:57:00,SCZ.V,,11.149999618530273,11.149999618530273,11.140000343322754,11.140000343322754,300.0
2026-04-10 12:57:00,SEI.V,,0.5699999928474426,0.5699999928474426,0.5699999928474426,0.5699999928474426,500.0
2026-04-10 12:57:00,SNM.V,,0.20999999344348907,0.20999999344348907,0.20999999344348907,0.20999999344348907,7000.0
2026-04-10 12:57:00,SOMA.V,,1.7999999523162842,1.7999999523162842,1.7999999523162842,1.7999999523162842,100.0
2026-04-10 12:57:00,SVRS.V,,0.49000000953674316,0.49000000953674316,0.49000000953674316,0.49000000953674316,500.0
2026-04-10 12:58:00,AGX.V,,0.7300000190734863,0.7300000190734863,0.7300000190734863,0.7300000190734863,2000.0
2026-04-10 12:58:00,MAI.V,,6.21999979019165,6.230000019073486,6.21999979019165,6.230000019073486,1600.0
2026-04-10 12:58:00,NCAU.V,,0.6499999761581421,0.6499999761581421,0.6499999761581421,0.6499999761581421,2000.0
2026-04-10 12:58:00,NKG.V,,0.2199999988079071,0.2199999988079071,0.2199999988079071,0.2199999988079071,2000.0
2026-04-10 12:58:00,QNC.V,,3.490000009536743,3.5,3.4800000190734863,3.4800000190734863,8500.0
2026-04-10 12:58:00,QTWO.V,,2.299999952316284,2.299999952316284,2.299999952316284,2.299999952316284,300.0
2026-04-10 12:58:00,RDS.V,,0.8799999952316284,0.8799999952316284,0.8799999952316284,0.8799999952316284,4000.0
2026-04-10 12:58:00,RECO.V,,1.090000033378601,1.090000033378601,1.090000033378601,1.090000033378601,690.0
2026-04-10 12:58:00,SCZ.V,,11.15999984741211,11.15999984741211,11.15999984741211,11.15999984741211,200.0
2026-04-10 12:58:00,SSV.V,,0.5799999833106995,0.5799999833106995,0.5799999833106995,0.5799999833106995,1500.0
2026-04-10 12:58:00,SVRS.V,,0.48500001430511475,0.48500001430511475,0.48500001430511475,0.48500001430511475,6500.0
2026-04-10 12:59:00,AGX.V,,0.7300000190734863,0.7300000190734863,0.7300000190734863,0.7300000190734863,1000.0
2026-04-10 12:59:00,GASX.V,,1.4600000381469727,1.4600000381469727,1.4550000429153442,1.4550000429153442,2700.0
2026-04-10 12:59:00,MMY.V,,0.9850000143051147,0.9850000143051147,0.9850000143051147,0.9850000143051147,100.0
2026-04-10 12:59:00,NAU.V,,1.7899999618530273,1.7899999618530273,1.7899999618530273,1.7899999618530273,100.0
2026-04-10 12:59:00,NEV.V,,0.02500000037252903,0.02500000037252903,0.02500000037252903,0.02500000037252903,30000.0
2026-04-10 12:59:00,NFG.V,,2.8499999046325684,2.8499999046325684,2.8499999046325684,2.8499999046325684,300.0
2026-04-10 12:59:00,PLSR.V,,1.9299999475479126,1.9299999475479126,1.9299999475479126,1.9299999475479126,400.0
2026-04-10 12:59:00,PML.V,,0.8849999904632568,0.8849999904632568,0.8849999904632568,0.8849999904632568,500.0
2026-04-10 12:59:00,RYO.V,,0.5400000214576721,0.5400000214576721,0.5400000214576721,0.5400000214576721,500.0
2026-04-10 12:59:00,SCZ.V,,11.130000114440918,11.15999984741211,11.130000114440918,11.15999984741211,1400.0
2026-04-10 12:59:00,SLVR.V,,0.8600000143051147,0.8600000143051147,0.8600000143051147,0.8600000143051147,1500.0
2026-04-10 12:59:00,SRR.V,,0.949999988079071,0.949999988079071,0.949999988079071,0.949999988079071,500.0
2026-04-10 12:59:00,STRR.V,,0.5199999809265137,0.5199999809265137,0.5199999809265137,0.5199999809265137,2500.0
2026-04-10 13:00:00,AGX.V,,0.7300000190734863,0.7300000190734863,0.7300000190734863,0.7300000190734863,3000.0
2026-04-10 13:00:00,MRZ.V,,0.4650000035762787,0.4650000035762787,0.4650000035762787,0.4650000035762787,2000.0
2026-04-10 13:00:00,NCX.V,,3.3299999237060547,3.3299999237060547,3.3299999237060547,3.3299999237060547,700.0
2026-04-10 13:00:00,NFG.V,,2.8399999141693115,2.8499999046325684,2.8399999141693115,2.8499999046325684,2900.0
2026-04-10 13:00:00,ODV.V,,4.550000190734863,4.559999942779541,4.550000190734863,4.559999942779541,1200.0
2026-04-10 13:00:00,OMG.V,,2.0350000858306885,2.0350000858306885,2.0350000858306885,2.0350000858306885,100.0
2026-04-10 13:00:00,PGE.V,,0.3199999928474426,0.3199999928474426,0.3199999928474426,0.3199999928474426,500.0
2026-04-10 13:00:00,QGR.V,,0.2800000011920929,0.2800000011920929,0.2800000011920929,0.2800000011920929,500.0
2026-04-10 13:00:00,QNC.V,,3.490000009536743,3.490000009536743,3.490000009536743,3.490000009536743,100.0
2026-04-10 13:00:00,QTWO.V,,2.299999952316284,2.299999952316284,2.299999952316284,2.299999952316284,200.0
2026-04-10 13:00:00,RDS.V,,0.8799999952316284,0.8799999952316284,0.8799999952316284,0.8799999952316284,4500.0
2026-04-10 13:00:00,REG.V,,3.9600000381469727,3.9800000190734863,3.9600000381469727,3.9800000190734863,494.0
2026-04-10 13:00:00,RYO.V,,0.5400000214576721,0.5400000214576721,0.5400000214576721,0.5400000214576721,500.0
2026-04-10 13:00:00,SCZ.V,,11.100000381469727,11.100000381469727,11.100000381469727,11.100000381469727,100.0
2026-04-10 13:00:00,SM.V,,1.809999942779541,1.8300000429153442,1.809999942779541,1.8300000429153442,25700.0
2026-04-10 13:01:00,AGX.V,,0.7300000190734863,0.7300000190734863,0.7300000190734863,0.7300000190734863,1500.0
2026-04-10 13:01:00,NAU.V,,1.7599999904632568,1.7699999809265137,1.7599999904632568,1.7699999809265137,3200.0
2026-04-10 13:01:00,NFG.V,,2.8499999046325684,2.8499999046325684,2.8499999046325684,2.8499999046325684,500.0
2026-04-10 13:01:00,NIM.V,,0.9599999785423279,0.9599999785423279,0.9599999785423279,0.9599999785423279,10000.0
2026-04-10 13:01:00,NSE.V,,0.5899999737739563,0.5899999737739563,0.5899999737739563,0.5899999737739563,500.0
2026-04-10 13:01:00,OMG.V,,2.0299999713897705,2.0299999713897705,2.0299999713897705,2.0299999713897705,800.0
2026-04-10 13:01:00,PA.V,,0.1899999976158142,0.1899999976158142,0.1899999976158142,0.1899999976158142,0.0
2026-04-10 13:01:00,PLSR.V,,1.9299999475479126,1.9299999475479126,1.9299999475479126,1.9299999475479126,100.0
2026-04-10 13:01:00,QTWO.V,,2.299999952316284,2.299999952316284,2.299999952316284,2.299999952316284,200.0
2026-04-10 13:01:00,RET-A.V,,1.850000023841858,1.850000023841858,1.850000023841858,1.850000023841858,6500.0
2026-04-10 13:01:00,RTH.V,,0.029999999329447746,0.029999999329447746,0.029999999329447746,0.029999999329447746,10000.0
2026-04-10 13:01:00,RYO.V,,0.5400000214576721,0.5400000214576721,0.5400000214576721,0.5400000214576721,500.0
2026-04-10 13:01:00,SCZ.V,,11.079999923706055,11.079999923706055,11.079999923706055,11.079999923706055,400.0
2026-04-10 13:01:00,SEI.V,,0.5699999928474426,0.5699999928474426,0.5699999928474426,0.5699999928474426,500.0
2026-04-10 13:01:00,SYH.V,,0.4699999988079071,0.4699999988079071,0.4699999988079071,0.4699999988079071,2500.0
2026-04-10 13:02:00,AGX.V,,0.7300000190734863,0.7300000190734863,0.7300000190734863,0.7300000190734863,1000.0
2026-04-10 13:02:00,GASX.V,,1.4500000476837158,1.4500000476837158,1.4500000476837158,1.4500000476837158,100.0
2026-04-10 13:02:00,MMY.V,,0.9900000095367432,0.9900000095367432,0.9900000095367432,0.9900000095367432,400.0
2026-04-10 13:02:00,NCAU.V,,0.6499999761581421,0.6499999761581421,0.6499999761581421,0.6499999761581421,11500.0
2026-04-10 13:02:00,NFG.V,,2.8399999141693115,2.8399999141693115,2.8399999141693115,2.8399999141693115,100.0
2026-04-10 13:02:00,NIM.V,,0.9599999785423279,0.9599999785423279,0.9599999785423279,0.9599999785423279,4500.0
2026-04-10 13:02:00,NXS.V,,0.3499999940395355,0.3499999940395355,0.3400000035762787,0.3400000035762787,3900.0
2026-04-10 13:02:00,PA.V,,0.1899999976158142,0.1899999976158142,0.1899999976158142,0.1899999976158142,3300.0
2026-04-10 13:02:00,PML.V,,0.8799999952316284,0.8899999856948853,0.8799999952316284,0.8849999904632568,17000.0
2026-04-10 13:02:00,PVIS.V,,0.2199999988079071,0.2199999988079071,0.2199999988079071,0.2199999988079071,0.0
2026-04-10 13:02:00,QGR.V,,0.2800000011920929,0.2800000011920929,0.2800000011920929,0.2800000011920929,500.0
2026-04-10 13:02:00,QTWO.V,,2.299999952316284,2.299999952316284,2.299999952316284,2.299999952316284,200.0
2026-04-10 13:02:00,RK.V,,0.20499999821186066,0.20499999821186066,0.20499999821186066,0.20499999821186066,15000.0
2026-04-10 13:02:00,SCZ.V,,11.0600004196167,11.079999923706055,11.0600004196167,11.079999923706055,2500.0
2026-04-10 13:02:00,SM.V,,1.7999999523162842,1.7999999523162842,1.7999999523162842,1.7999999523162842,5000.0
2026-04-10 13:02:00,VIPR.V,,1.2699999809265137,1.2699999809265137,1.2699999809265137,1.2699999809265137,200.0
2026-04-10 13:03:00,AGX.V,,0.7300000190734863,0.7300000190734863,0.7300000190734863,0.7300000190734863,1612.0
2026-04-10 13:03:00,GASX.V,,1.4600000381469727,1.4600000381469727,1.4600000381469727,1.4600000381469727,600.0
2026-04-10 13:03:00,MMY.V,,0.9850000143051147,0.9850000143051147,0.9850000143051147,0.9850000143051147,100.0
2026-04-10 13:03:00,NFD-A.V,,5.289999961853027,5.489999771118164,5.289999961853027,5.289999961853027,1600.0
2026-04-10 13:03:00,NFG.V,,2.8399999141693115,2.8399999141693115,2.8399999141693115,2.8399999141693115,100.0
2026-04-10 13:03:00,OGN.V,,3.559999942779541,3.559999942779541,3.559999942779541,3.559999942779541,300.0
2026-04-10 13:03:00,OMG.V,,2.0350000858306885,2.0350000858306885,2.0350000858306885,2.0350000858306885,100.0
2026-04-10 13:03:00,PCQ.V,,0.11999999731779099,0.11999999731779099,0.11999999731779099,0.11999999731779099,10000.0
2026-04-10 13:03:00,PLAN.V,,0.375,0.375,0.375,0.375,10420.0
2026-04-10 13:03:00,PLSR.V,,1.9299999475479126,1.9299999475479126,1.9299999475479126,1.9299999475479126,13600.0
2026-04-10 13:03:00,PML.V,,0.8899999856948853,0.8899999856948853,0.8899999856948853,0.8899999856948853,13500.0
2026-04-10 13:03:00,QGR.V,,0.2824999988079071,0.2824999988079071,0.2824999988079071,0.2824999988079071,1500.0
2026-04-10 13:03:00,QNC.V,,3.5199999809265137,3.5199999809265137,3.509999990463257,3.509999990463257,1000.0
2026-04-10 13:03:00,RYO.V,,0.5400000214576721,0.5400000214576721,0.5400000214576721,0.5400000214576721,500.0
2026-04-10 13:03:00,SCZ.V,,11.029999732971191,11.029999732971191,11.020000457763672,11.029999732971191,3700.0
2026-04-10 13:03:00,SEI.V,,0.5699999928474426,0.5699999928474426,0.5699999928474426,0.5699999928474426,500.0
2026-04-10 13:03:00,SLG.V,,3.75,3.75,3.7300000190734863,3.7300000190734863,15900.0
2026-04-10 13:03:00,SLI.V,,4.78000020980835,4.78000020980835,4.78000020980835,4.78000020980835,1100.0
2026-04-10 13:03:00,SM.V,,1.7999999523162842,1.809999942779541,1.7999999523162842,1.809999942779541,10000.0
2026-04-10 13:03:00,SPX.V,,0.10999999940395355,0.10999999940395355,0.10999999940395355,0.10999999940395355,5000.0
2026-04-10 13:03:00,STRR.V,,0.5199999809265137,0.5199999809265137,0.5199999809265137,0.5199999809265137,500.0
2026-04-10 13:03:00,SVE.V,,0.5350000262260437,0.5350000262260437,0.5350000262260437,0.5350000262260437,608.0
2026-04-10 13:04:00,AGX.V,,0.7300000190734863,0.7300000190734863,0.7300000190734863,0.7300000190734863,500.0
2026-04-10 13:04:00,MAI.V,,6.210000038146973,6.210000038146973,6.210000038146973,6.210000038146973,100.0
2026-04-10 13:04:00,NFG.V,,2.8399999141693115,2.8399999141693115,2.8399999141693115,2.8399999141693115,700.0
2026-04-10 13:04:00,NIM.V,,0.949999988079071,0.949999988079071,0.949999988079071,0.949999988079071,500.0
2026-04-10 13:04:00,NWX.V,,0.15000000596046448,0.15000000596046448,0.15000000596046448,0.15000000596046448,7000.0
2026-04-10 13:04:00,QTWO.V,,2.299999952316284,2.299999952316284,2.299999952316284,2.299999952316284,100.0
2026-04-10 13:04:00,RYO.V,,0.5400000214576721,0.5400000214576721,0.5400000214576721,0.5400000214576721,500.0
2026-04-10 13:04:00,SCZ.V,,11.0600004196167,11.0600004196167,11.010000228881836,11.010000228881836,900.0
2026-04-10 13:04:00,SGML.V,,20.350000381469727,20.350000381469727,20.299999237060547,20.299999237060547,650.0
2026-04-10 13:04:00,SLG.V,,3.75,3.75,3.740000009536743,3.740000009536743,200.0
2026-04-10 13:04:00,SLI.V,,4.769999980926514,4.775000095367432,4.769999980926514,4.775000095367432,1900.0
2026-04-10 13:04:00,SM.V,,1.8200000524520874,1.8200000524520874,1.8200000524520874,1.8200000524520874,5400.0
2026-04-10 13:04:00,SME.V,,0.054999999701976776,0.054999999701976776,0.05000000074505806,0.05000000074505806,153000.0
2026-04-10 13:05:00,MAI.V,,6.199999809265137,6.210000038146973,6.199999809265137,6.210000038146973,1800.0
2026-04-10 13:05:00,NFG.V,,2.8399999141693115,2.8399999141693115,2.8399999141693115,2.8399999141693115,200.0
2026-04-10 13:05:00,PLSR.V,,1.940000057220459,1.940000057220459,1.940000057220459,1.940000057220459,39700.0
2026-04-10 13:05:00,PML.V,,0.8799999952316284,0.8799999952316284,0.8799999952316284,0.8799999952316284,3500.0
2026-04-10 13:05:00,PWM.V,,0.4449999928474426,0.44999998807907104,0.4449999928474426,0.44999998807907104,2000.0
2026-04-10 13:05:00,QNC.V,,3.5,3.5,3.5,3.5,6400.0
2026-04-10 13:05:00,QTWO.V,,2.299999952316284,2.299999952316284,2.299999952316284,2.299999952316284,100.0
2026-04-10 13:05:00,ROK.V,,0.27000001072883606,0.27000001072883606,0.27000001072883606,0.27000001072883606,500.0
2026-04-10 13:05:00,RYO.V,,0.5400000214576721,0.5400000214576721,0.5400000214576721,0.5400000214576721,500.0
2026-04-10 13:05:00,SEI.V,,0.5699999928474426,0.5699999928474426,0.5699999928474426,0.5699999928474426,500.0
2026-04-10 13:05:00,SLI.V,,4.769999980926514,4.769999980926514,4.769999980926514,4.769999980926514,1087.0
2026-04-10 13:05:00,SXL.V,,0.07999999821186066,0.07999999821186066,0.07999999821186066,0.07999999821186066,10000.0
2026-04-10 13:06:00,MAI.V,,6.190000057220459,6.190000057220459,6.190000057220459,6.190000057220459,200.0
2026-04-10 13:06:00,MOX.V,,0.2150000035762787,0.2150000035762787,0.2150000035762787,0.2150000035762787,0.0
2026-04-10 13:06:00,MRZ.V,,0.4650000035762787,0.4650000035762787,0.4650000035762787,0.4650000035762787,3000.0
2026-04-10 13:06:00,NEV.V,,0.02500000037252903,0.02500000037252903,0.02500000037252903,0.02500000037252903,10000.0
2026-04-10 13:06:00,NEXE.V,,0.1550000011920929,0.1599999964237213,0.1550000011920929,0.1599999964237213,15000.0
2026-04-10 13:06:00,NIO.V,,0.2750000059604645,0.2750000059604645,0.2750000059604645,0.2750000059604645,10000.0
2026-04-10 13:06:00,NWST.V,,0.38499999046325684,0.38499999046325684,0.375,0.375,38000.0
2026-04-10 13:06:00,QNC.V,,3.5,3.5,3.5,3.5,5700.0
2026-04-10 13:06:00,RPX.V,,0.1850000023841858,0.1850000023841858,0.1850000023841858,0.1850000023841858,1000.0
2026-04-10 13:06:00,SCZ.V,,11.050000190734863,11.050000190734863,11.050000190734863,11.050000190734863,300.0
2026-04-10 13:06:00,SLG.V,,3.7300000190734863,3.740000009536743,3.7300000190734863,3.740000009536743,1300.0
2026-04-10 13:06:00,SOMA.V,,1.7599999904632568,1.7799999713897705,1.7599999904632568,1.7799999713897705,400.0
2026-04-10 13:06:00,SPA.V,,0.23999999463558197,0.23999999463558197,0.23999999463558197,0.23999999463558197,35500.0
2026-04-10 13:07:00,MAI.V,,6.210000038146973,6.210000038146973,6.210000038146973,6.210000038146973,100.0
2026-04-10 13:07:00,MMY.V,,0.9850000143051147,0.9850000143051147,0.9850000143051147,0.9850000143051147,100.0
2026-04-10 13:07:00,NAU.V,,1.7699999809265137,1.7699999809265137,1.7699999809265137,1.7699999809265137,100.0
2026-04-10 13:07:00,OMG.V,,2.0299999713897705,2.0299999713897705,2.0250000953674316,2.0299999713897705,1300.0
2026-04-10 13:07:00,PCQ.V,,0.11999999731779099,0.11999999731779099,0.11999999731779099,0.11999999731779099,47000.0
2026-04-10 13:07:00,PLSR.V,,1.9500000476837158,1.9500000476837158,1.9500000476837158,1.9500000476837158,100.0
2026-04-10 13:07:00,QTWO.V,,2.2899999618530273,2.299999952316284,2.2899999618530273,2.299999952316284,1500.0
2026-04-10 13:07:00,RYO.V,,0.5400000214576721,0.5400000214576721,0.5400000214576721,0.5400000214576721,1000.0
2026-04-10 13:07:00,SFR.V,,0.25,0.25,0.25,0.25,12000.0
2026-04-10 13:07:00,SGML.V,,20.290000915527344,20.290000915527344,20.290000915527344,20.290000915527344,130.0
2026-04-10 13:08:00,AGX.V,,0.7300000190734863,0.7300000190734863,0.7300000190734863,0.7300000190734863,500.0
2026-04-10 13:08:00,NFG.V,,2.8399999141693115,2.8399999141693115,2.8399999141693115,2.8399999141693115,300.0
2026-04-10 13:08:00,OMG.V,,2.0299999713897705,2.0299999713897705,2.0299999713897705,2.0299999713897705,1000.0
2026-04-10 13:08:00,ORC-B.V,,3.25,3.25,3.25,3.25,2113.0
2026-04-10 13:08:00,PGE.V,,0.3199999928474426,0.3199999928474426,0.3199999928474426,0.3199999928474426,500.0
2026-04-10 13:08:00,QNC.V,,3.5,3.5,3.5,3.5,2932.0
2026-04-10 13:08:00,RYO.V,,0.5400000214576721,0.5400000214576721,0.5400000214576721,0.5400000214576721,500.0
2026-04-10 13:08:00,SCZ.V,,11.029999732971191,11.039999961853027,11.029999732971191,11.039999961853027,400.0
2026-04-10 13:08:00,SEI.V,,0.5699999928474426,0.5699999928474426,0.5699999928474426,0.5699999928474426,500.0
2026-04-10 13:08:00,SGML.V,,20.290000915527344,20.290000915527344,20.290000915527344,20.290000915527344,200.0
2026-04-10 13:08:00,SNAG.V,,0.29499998688697815,0.29499998688697815,0.29499998688697815,0.29499998688697815,1000.0
2026-04-10 13:08:00,SVRS.V,,0.48500001430511475,0.48500001430511475,0.48500001430511475,0.48500001430511475,2000.0
2026-04-10 13:09:00,AGX.V,,0.7300000190734863,0.7300000190734863,0.7300000190734863,0.7300000190734863,500.0
2026-04-10 13:09:00,GASX.V,,1.4600000381469727,1.4700000286102295,1.4600000381469727,1.4700000286102295,16200.0
2026-04-10 13:09:00,MAI.V,,6.210000038146973,6.210000038146973,6.199999809265137,6.199999809265137,600.0
2026-04-10 13:09:00,MRZ.V,,0.4650000035762787,0.4650000035762787,0.4650000035762787,0.4650000035762787,5000.0
2026-04-10 13:09:00,NAU.V,,1.7799999713897705,1.7799999713897705,1.7799999713897705,1.7799999713897705,100.0
2026-04-10 13:09:00,NCAU.V,,0.6600000262260437,0.6600000262260437,0.6549999713897705,0.6549999713897705,18000.0
2026-04-10 13:09:00,NEV.V,,0.029999999329447746,0.029999999329447746,0.02500000037252903,0.02500000037252903,20000.0
2026-04-10 13:09:00,NFG.V,,2.8399999141693115,2.8399999141693115,2.8399999141693115,2.8399999141693115,1200.0
2026-04-10 13:09:00,PGE.V,,0.3199999928474426,0.3199999928474426,0.3199999928474426,0.3199999928474426,500.0
2026-04-10 13:09:00,PLSR.V,,1.9500000476837158,1.9500000476837158,1.9500000476837158,1.9500000476837158,100.0
2026-04-10 13:09:00,PML.V,,0.8849999904632568,0.8849999904632568,0.8849999904632568,0.8849999904632568,500.0
2026-04-10 13:09:00,QNC.V,,3.5,3.5,3.5,3.5,100.0
2026-04-10 13:09:00,RECO.V,,1.090000033378601,1.090000033378601,1.090000033378601,1.090000033378601,285.0
2026-04-10 13:09:00,SRR.V,,0.949999988079071,0.949999988079071,0.949999988079071,0.949999988079071,1000.0
2026-04-10 13:10:00,AGX.V,,0.7300000190734863,0.7300000190734863,0.7300000190734863,0.7300000190734863,500.0
2026-04-10 13:10:00,GASX.V,,1.4600000381469727,1.4600000381469727,1.4600000381469727,1.4600000381469727,800.0
2026-04-10 13:10:00,OMG.V,,2.0250000953674316,2.0250000953674316,2.0250000953674316,2.0250000953674316,200.0
2026-04-10 13:10:00,PLSR.V,,1.9500000476837158,1.9500000476837158,1.9500000476837158,1.9500000476837158,200.0
2026-04-10 13:10:00,RYO.V,,0.5400000214576721,0.5400000214576721,0.5400000214576721,0.5400000214576721,500.0
2026-04-10 13:10:00,SLG.V,,3.7200000286102295,3.7200000286102295,3.7200000286102295,3.7200000286102295,100.0
2026-04-10 13:10:00,SLI.V,,4.764999866485596,4.764999866485596,4.760000228881836,4.760000228881836,600.0
2026-04-10 13:10:00,SM.V,,1.8300000429153442,1.8300000429153442,1.8300000429153442,1.8300000429153442,415.0
2026-04-10 13:11:00,AGX.V,,0.7300000190734863,0.7300000190734863,0.7300000190734863,0.7300000190734863,500.0
2026-04-10 13:11:00,GASX.V,,1.4600000381469727,1.4600000381469727,1.4600000381469727,1.4600000381469727,1200.0
2026-04-10 13:11:00,PLSR.V,,1.9500000476837158,1.9500000476837158,1.9500000476837158,1.9500000476837158,300.0
2026-04-10 13:11:00,PRG.V,,0.5799999833106995,0.5799999833106995,0.5799999833106995,0.5799999833106995,5500.0
2026-04-10 13:11:00,QNC.V,,3.5,3.5,3.490000009536743,3.5,1076.0
2026-04-10 13:11:00,RYO.V,,0.5400000214576721,0.5400000214576721,0.5400000214576721,0.5400000214576721,500.0
2026-04-10 13:11:00,SLG.V,,3.740000009536743,3.740000009536743,3.7200000286102295,3.7200000286102295,200.0
2026-04-10 13:12:00,AGX.V,,0.7300000190734863,0.7300000190734863,0.7300000190734863,0.7300000190734863,1000.0
2026-04-10 13:12:00,GASX.V,,1.4600000381469727,1.4600000381469727,1.4600000381469727,1.4600000381469727,3500.0
2026-04-10 13:12:00,MMY.V,,0.9850000143051147,0.9850000143051147,0.9850000143051147,0.9850000143051147,100.0
2026-04-10 13:12:00,NFG.V,,2.8399999141693115,2.8399999141693115,2.8399999141693115,2.8399999141693115,100.0
2026-04-10 13:12:00,PINK.V,,0.33000001311302185,0.33000001311302185,0.33000001311302185,0.33000001311302185,8500.0
2026-04-10 13:12:00,PLSR.V,,1.9500000476837158,1.9500000476837158,1.9500000476837158,1.9500000476837158,400.0
2026-04-10 13:12:00,PML.V,,0.8899999856948853,0.8899999856948853,0.8899999856948853,0.8899999856948853,19000.0
2026-04-10 13:12:00,PUMA.V,,0.15000000596046448,0.15000000596046448,0.15000000596046448,0.15000000596046448,19500.0
2026-04-10 13:12:00,QTWO.V,,2.2899999618530273,2.2899999618530273,2.2899999618530273,2.2899999618530273,200.0
2026-04-10 13:12:00,RVG.V,,0.8199999928474426,0.8199999928474426,0.8199999928474426,0.8199999928474426,10000.0
2026-04-10 13:12:00,RYO.V,,0.5400000214576721,0.5400000214576721,0.5400000214576721,0.5400000214576721,500.0
2026-04-10 13:12:00,SEI.V,,0.5699999928474426,0.5699999928474426,0.5699999928474426,0.5699999928474426,500.0
2026-04-10 13:12:00,SHL.V,,0.4699999988079071,0.4699999988079071,0.4699999988079071,0.4699999988079071,1000.0
2026-04-10 13:12:00,SLG.V,,3.7100000381469727,3.7100000381469727,3.7100000381469727,3.7100000381469727,100.0
2026-04-10 13:13:00,AGX.V,,0.7300000190734863,0.7300000190734863,0.7300000190734863,0.7300000190734863,500.0
2026-04-10 13:13:00,MMY.V,,0.9900000095367432,0.9900000095367432,0.9900000095367432,0.9900000095367432,100.0
2026-04-10 13:13:00,NDA.V,,0.9900000095367432,0.9900000095367432,0.9900000095367432,0.9900000095367432,1000.0
2026-04-10 13:13:00,PLSR.V,,1.9500000476837158,1.9500000476837158,1.9500000476837158,1.9500000476837158,100.0
2026-04-10 13:13:00,PML.V,,0.8799999952316284,0.8899999856948853,0.8799999952316284,0.8899999856948853,22000.0
2026-04-10 13:13:00,QNC.V,,3.5,3.5,3.5,3.5,600.0
2026-04-10 13:13:00,QTWO.V,,2.2899999618530273,2.2899999618530273,2.2899999618530273,2.2899999618530273,100.0
2026-04-10 13:13:00,RDU.V,,0.13500000536441803,0.13500000536441803,0.13500000536441803,0.13500000536441803,1000.0
2026-04-10 13:13:00,ROCK.V,,2.609999895095825,2.609999895095825,2.609999895095825,2.609999895095825,500.0
2026-04-10 13:13:00,RYO.V,,0.5400000214576721,0.5400000214576721,0.5400000214576721,0.5400000214576721,500.0
2026-04-10 13:13:00,SCZ.V,,11.050000190734863,11.050000190734863,11.050000190734863,11.050000190734863,200.0
2026-04-10 13:13:00,SLG.V,,3.700000047683716,3.7100000381469727,3.700000047683716,3.7100000381469727,200.0
2026-04-10 13:14:00,AGX.V,,0.7300000190734863,0.7300000190734863,0.7300000190734863,0.7300000190734863,500.0
2026-04-10 13:14:00,GASX.V,,1.4600000381469727,1.4600000381469727,1.4600000381469727,1.4600000381469727,300.0
2026-04-10 13:14:00,MAI.V,,6.199999809265137,6.199999809265137,6.199999809265137,6.199999809265137,1200.0
2026-04-10 13:14:00,NCX.V,,3.309999942779541,3.3299999237060547,3.309999942779541,3.3299999237060547,6645.0
2026-04-10 13:14:00,NFG.V,,2.8399999141693115,2.8399999141693115,2.8399999141693115,2.8399999141693115,2400.0
2026-04-10 13:14:00,ODV.V,,4.550000190734863,4.550000190734863,4.550000190734863,4.550000190734863,100.0
2026-04-10 13:14:00,OMG.V,,2.0250000953674316,2.0250000953674316,2.0250000953674316,2.0250000953674316,300.0
2026-04-10 13:14:00,PLSR.V,,1.940000057220459,1.940000057220459,1.940000057220459,1.940000057220459,2700.0
2026-04-10 13:14:00,QTWO.V,,2.2899999618530273,2.2899999618530273,2.2899999618530273,2.2899999618530273,100.0
2026-04-10 13:14:00,RET-A.V,,1.850000023841858,1.850000023841858,1.850000023841858,1.850000023841858,100.0
2026-04-10 13:14:00,ROCK.V,,2.5999999046325684,2.609999895095825,2.5999999046325684,2.609999895095825,800.0
2026-04-10 13:14:00,SCZ.V,,11.0600004196167,11.09000015258789,11.0600004196167,11.069999694824219,3400.0
2026-04-10 13:14:00,SGML.V,,20.290000915527344,20.290000915527344,20.290000915527344,20.290000915527344,100.0
2026-04-10 13:14:00,SLG.V,,3.700000047683716,3.700000047683716,3.700000047683716,3.700000047683716,100.0
2026-04-10 13:14:00,SVRS.V,,0.48500001430511475,0.48500001430511475,0.48500001430511475,0.48500001430511475,500.0
2026-04-10 13:15:00,AGX.V,,0.7300000190734863,0.7300000190734863,0.7300000190734863,0.7300000190734863,500.0
2026-04-10 13:15:00,NCX.V,,3.2899999618530273,3.299999952316284,3.2899999618530273,3.299999952316284,820.0
2026-04-10 13:15:00,PML.V,,0.8799999952316284,0.8949999809265137,0.8799999952316284,0.8899999856948853,110500.0
2026-04-10 13:15:00,PNPN.V,,1.159999966621399,1.159999966621399,1.159999966621399,1.159999966621399,2700.0
2026-04-10 13:15:00,PWM.V,,0.4749999940395355,0.4749999940395355,0.45249998569488525,0.45249998569488525,19500.0
2026-04-10 13:15:00,QTWO.V,,2.2899999618530273,2.2899999618530273,2.2899999618530273,2.2899999618530273,100.0
2026-04-10 13:15:00,RYO.V,,0.5400000214576721,0.5400000214576721,0.5400000214576721,0.5400000214576721,500.0
2026-04-10 13:15:00,SCZ.V,,11.079999923706055,11.079999923706055,11.050000190734863,11.050000190734863,700.0
2026-04-10 13:15:00,SGML.V,,20.270000457763672,20.270000457763672,20.270000457763672,20.270000457763672,100.0
2026-04-10 13:15:00,SLG.V,,3.700000047683716,3.700000047683716,3.700000047683716,3.700000047683716,100.0
2026-04-10 13:15:00,SMN.V,,0.13500000536441803,0.13500000536441803,0.13500000536441803,0.13500000536441803,70000.0
2026-04-10 13:16:00,PML.V,,0.8899999856948853,0.8899999856948853,0.8799999952316284,0.8799999952316284,45500.0
2026-04-10 13:16:00,QTWO.V,,2.2899999618530273,2.2899999618530273,2.2899999618530273,2.2899999618530273,200.0
2026-04-10 13:16:00,RET-A.V,,1.850000023841858,1.850000023841858,1.850000023841858,1.850000023841858,4000.0
2026-04-10 13:16:00,ROCK.V,,2.5999999046325684,2.5999999046325684,2.5999999046325684,2.5999999046325684,1000.0
2026-04-10 13:16:00,ROS.V,,0.27000001072883606,0.27000001072883606,0.27000001072883606,0.27000001072883606,20000.0
2026-04-10 13:16:00,RYO.V,,0.5400000214576721,0.5400000214576721,0.5400000214576721,0.5400000214576721,500.0
2026-04-10 13:16:00,SCZ.V,,11.039999961853027,11.039999961853027,11.029999732971191,11.029999732971191,272.0
2026-04-10 13:16:00,SLG.V,,3.700000047683716,3.700000047683716,3.700000047683716,3.700000047683716,100.0
2026-04-10 13:16:00,SRR.V,,0.949999988079071,0.949999988079071,0.949999988079071,0.949999988079071,500.0
2026-04-10 13:17:00,AGX.V,,0.7300000190734863,0.7300000190734863,0.7300000190734863,0.7300000190734863,500.0
2026-04-10 13:17:00,LITT.V,,0.41999998688697815,0.41999998688697815,0.41999998688697815,0.41999998688697815,10000.0
2026-04-10 13:17:00,NCAU.V,,0.6600000262260437,0.6600000262260437,0.6600000262260437,0.6600000262260437,5500.0
2026-04-10 13:17:00,NWST.V,,0.3700000047683716,0.3700000047683716,0.3700000047683716,0.3700000047683716,6500.0
2026-04-10 13:17:00,PGE.V,,0.3199999928474426,0.3199999928474426,0.3199999928474426,0.3199999928474426,500.0
2026-04-10 13:17:00,PML.V,,0.8899999856948853,0.8899999856948853,0.8899999856948853,0.8899999856948853,4000.0
2026-04-10 13:17:00,QGR.V,,0.2849999964237213,0.2849999964237213,0.2824999988079071,0.2824999988079071,28000.0
2026-04-10 13:17:00,QTWO.V,,2.2899999618530273,2.2899999618530273,2.2850000858306885,2.2850000858306885,300.0
2026-04-10 13:17:00,SCZ.V,,11.029999732971191,11.029999732971191,11.020000457763672,11.020000457763672,300.0
2026-04-10 13:17:00,SEI.V,,0.5649999976158142,0.5649999976158142,0.5649999976158142,0.5649999976158142,500.0
2026-04-10 13:17:00,SGML.V,,20.270000457763672,20.270000457763672,20.270000457763672,20.270000457763672,590.0
2026-04-10 13:17:00,SLI.V,,4.760000228881836,4.760000228881836,4.760000228881836,4.760000228881836,300.0
2026-04-10 13:17:00,SOMA.V,,1.774999976158142,1.774999976158142,1.774999976158142,1.774999976158142,100.0
2026-04-10 13:18:00,AGX.V,,0.7300000190734863,0.7300000190734863,0.7300000190734863,0.7300000190734863,1500.0
2026-04-10 13:18:00,MAI.V,,6.199999809265137,6.199999809265137,6.199999809265137,6.199999809265137,100.0
2026-04-10 13:18:00,OMG.V,,2.0250000953674316,2.0250000953674316,2.0250000953674316,2.0250000953674316,300.0
2026-04-10 13:18:00,PNPN.V,,1.1649999618530273,1.1649999618530273,1.1649999618530273,1.1649999618530273,200.0
2026-04-10 13:18:00,QNC.V,,3.5,3.5,3.5,3.5,100.0
2026-04-10 13:18:00,QTWO.V,,2.2899999618530273,2.2899999618530273,2.2899999618530273,2.2899999618530273,100.0
2026-04-10 13:18:00,RYO.V,,0.5400000214576721,0.5400000214576721,0.5400000214576721,0.5400000214576721,500.0
2026-04-10 13:18:00,SCZ.V,,11.010000228881836,11.029999732971191,11.0,11.020000457763672,1700.0
2026-04-10 13:18:00,SLG.V,,3.700000047683716,3.700000047683716,3.700000047683716,3.700000047683716,300.0
2026-04-10 13:19:00,NCX.V,,3.2899999618530273,3.2899999618530273,3.2899999618530273,3.2899999618530273,700.0
2026-04-10 13:19:00,ODV.V,,4.539999961853027,4.539999961853027,4.539999961853027,4.539999961853027,700.0
2026-04-10 13:19:00,PWM.V,,0.4699999988079071,0.4699999988079071,0.4699999988079071,0.4699999988079071,1000.0
2026-04-10 13:19:00,QTWO.V,,2.2899999618530273,2.2899999618530273,2.2899999618530273,2.2899999618530273,200.0
2026-04-10 13:19:00,RYO.V,,0.5400000214576721,0.5400000214576721,0.5400000214576721,0.5400000214576721,500.0
2026-04-10 13:20:00,AGX.V,,0.7300000190734863,0.7300000190734863,0.7300000190734863,0.7300000190734863,500.0
2026-04-10 13:20:00,GASX.V,,1.4600000381469727,1.4600000381469727,1.4600000381469727,1.4600000381469727,300.0
2026-04-10 13:20:00,PML.V,,0.8999999761581421,0.8999999761581421,0.8999999761581421,0.8999999761581421,1000.0
2026-04-10 13:20:00,QTWO.V,,2.2899999618530273,2.2899999618530273,2.2899999618530273,2.2899999618530273,100.0
2026-04-10 13:20:00,RBX.V,,7.0,7.0,7.0,7.0,100.0
2026-04-10 13:20:00,RYO.V,,0.5400000214576721,0.5400000214576721,0.5400000214576721,0.5400000214576721,500.0
2026-04-10 13:20:00,SCZ.V,,11.010000228881836,11.010000228881836,11.010000228881836,11.010000228881836,400.0
2026-04-10 13:20:00,SEI.V,,0.550000011920929,0.5600000023841858,0.550000011920929,0.5600000023841858,3000.0
2026-04-10 13:21:00,GASX.V,,1.4600000381469727,1.4600000381469727,1.4600000381469727,1.4600000381469727,25000.0
2026-04-10 13:21:00,HASH.V,,0.04500000178813934,0.04500000178813934,0.04500000178813934,0.04500000178813934,5000.0
2026-04-10 13:21:00,MAI.V,,6.199999809265137,6.199999809265137,6.199999809265137,6.199999809265137,200.0
2026-04-10 13:21:00,NFG.V,,2.8299999237060547,2.8299999237060547,2.8299999237060547,2.8299999237060547,8800.0
2026-04-10 13:21:00,OAM.V,,0.1850000023841858,0.1899999976158142,0.1850000023841858,0.1899999976158142,0.0
2026-04-10 13:21:00,PLSR.V,,1.9199999570846558,1.9299999475479126,1.9199999570846558,1.9299999475479126,1900.0
2026-04-10 13:21:00,PML.V,,0.8999999761581421,0.8999999761581421,0.8999999761581421,0.8999999761581421,10000.0
2026-04-10 13:21:00,QTWO.V,,2.2899999618530273,2.2899999618530273,2.2899999618530273,2.2899999618530273,100.0
2026-04-10 13:21:00,RVG.V,,0.8199999928474426,0.8199999928474426,0.8199999928474426,0.8199999928474426,5000.0
2026-04-10 13:21:00,SCZ.V,,10.979999542236328,10.989999771118164,10.979999542236328,10.989999771118164,306.0
2026-04-10 13:21:00,SRR.V,,0.949999988079071,0.949999988079071,0.949999988079071,0.949999988079071,10100.0
2026-04-10 13:21:00,SVRS.V,,0.47999998927116394,0.48500001430511475,0.47999998927116394,0.48500001430511475,10500.0
2026-04-10 13:22:00,GASX.V,,1.4500000476837158,1.4500000476837158,1.4500000476837158,1.4500000476837158,2300.0
2026-04-10 13:22:00,MAI.V,,6.199999809265137,6.199999809265137,6.199999809265137,6.199999809265137,700.0
2026-04-10 13:22:00,NCX.V,,3.2899999618530273,3.2899999618530273,3.2899999618530273,3.2899999618530273,100.0
2026-04-10 13:22:00,NFG.V,,2.8299999237060547,2.8299999237060547,2.8299999237060547,2.8299999237060547,1100.0
2026-04-10 13:22:00,ODV.V,,4.550000190734863,4.550000190734863,4.550000190734863,4.550000190734863,200.0
2026-04-10 13:22:00,OGN.V,,3.5399999618530273,3.5399999618530273,3.5399999618530273,3.5399999618530273,100.0
2026-04-10 13:22:00,PPP.V,,1.3350000381469727,1.3350000381469727,1.3350000381469727,1.3350000381469727,100.0
2026-04-10 13:22:00,PRG.V,,0.5799999833106995,0.5799999833106995,0.5799999833106995,0.5799999833106995,9000.0
2026-04-10 13:22:00,QTWO.V,,2.2899999618530273,2.2899999618530273,2.2899999618530273,2.2899999618530273,100.0
2026-04-10 13:22:00,RECO.V,,1.090000033378601,1.090000033378601,1.090000033378601,1.090000033378601,150.0
2026-04-10 13:22:00,RVG.V,,0.8199999928474426,0.8199999928474426,0.8199999928474426,0.8199999928474426,4500.0
2026-04-10 13:22:00,RYO.V,,0.5400000214576721,0.5400000214576721,0.5400000214576721,0.5400000214576721,500.0
2026-04-10 13:23:00,AGX.V,,0.7300000190734863,0.7300000190734863,0.7300000190734863,0.7300000190734863,500.0
2026-04-10 13:23:00,OMG.V,,2.0299999713897705,2.0299999713897705,2.0299999713897705,2.0299999713897705,500.0
2026-04-10 13:23:00,ONYX.V,,1.2000000476837158,1.2000000476837158,1.2000000476837158,1.2000000476837158,100.0
2026-04-10 13:23:00,PML.V,,0.8999999761581421,0.8999999761581421,0.8999999761581421,0.8999999761581421,500.0
2026-04-10 13:23:00,QTWO.V,,2.2899999618530273,2.2899999618530273,2.2899999618530273,2.2899999618530273,100.0
2026-04-10 13:23:00,RGC.V,,0.49000000953674316,0.49000000953674316,0.49000000953674316,0.49000000953674316,3500.0
2026-04-10 13:23:00,RYO.V,,0.5400000214576721,0.5400000214576721,0.5400000214576721,0.5400000214576721,500.0
2026-04-10 13:23:00,SGO.V,,0.24500000476837158,0.24500000476837158,0.24500000476837158,0.24500000476837158,30000.0
2026-04-10 13:24:00,MMY.V,,0.9850000143051147,0.9850000143051147,0.9850000143051147,0.9850000143051147,100.0
2026-04-10 13:24:00,NFG.V,,2.8299999237060547,2.8299999237060547,2.8299999237060547,2.8299999237060547,600.0
2026-04-10 13:24:00,ODV.V,,4.550000190734863,4.550000190734863,4.550000190734863,4.550000190734863,100.0
2026-04-10 13:24:00,ORC-B.V,,3.240000009536743,3.240000009536743,3.240000009536743,3.240000009536743,100.0
2026-04-10 13:24:00,PLSR.V,,1.9299999475479126,1.9299999475479126,1.9299999475479126,1.9299999475479126,400.0
2026-04-10 13:24:00,PWM.V,,0.4650000035762787,0.4650000035762787,0.4650000035762787,0.4650000035762787,1000.0
2026-04-10 13:24:00,QNC.V,,3.490000009536743,3.490000009536743,3.490000009536743,3.490000009536743,100.0
2026-04-10 13:24:00,QTWO.V,,2.2899999618530273,2.2899999618530273,2.2899999618530273,2.2899999618530273,300.0
2026-04-10 13:24:00,RVG.V,,0.8199999928474426,0.8199999928474426,0.8199999928474426,0.8199999928474426,3000.0
2026-04-10 13:24:00,SCZ.V,,11.0,11.0,11.0,11.0,100.0
2026-04-10 13:24:00,SGML.V,,20.34000015258789,20.34000015258789,20.34000015258789,20.34000015258789,115.0
2026-04-10 13:24:00,SVRS.V,,0.47999998927116394,0.47999998927116394,0.47999998927116394,0.47999998927116394,5000.0
2026-04-10 13:25:00,GASX.V,,1.4500000476837158,1.4500000476837158,1.4500000476837158,1.4500000476837158,100.0
2026-04-10 13:25:00,MMY.V,,0.9900000095367432,0.9900000095367432,0.9900000095367432,0.9900000095367432,200.0
2026-04-10 13:25:00,NDA.V,,0.9900000095367432,0.9900000095367432,0.9900000095367432,0.9900000095367432,3000.0
2026-04-10 13:25:00,NWST.V,,0.3799999952316284,0.3799999952316284,0.3799999952316284,0.3799999952316284,6000.0
2026-04-10 13:25:00,PGE.V,,0.3199999928474426,0.3199999928474426,0.3199999928474426,0.3199999928474426,500.0
2026-04-10 13:25:00,PLSR.V,,1.9299999475479126,1.9299999475479126,1.9299999475479126,1.9299999475479126,300.0
2026-04-10 13:25:00,PML.V,,0.8999999761581421,0.8999999761581421,0.8999999761581421,0.8999999761581421,500.0
2026-04-10 13:25:00,QGR.V,,0.2849999964237213,0.2849999964237213,0.2849999964237213,0.2849999964237213,1000.0
2026-04-10 13:25:00,QTWO.V,,2.2899999618530273,2.2899999618530273,2.2899999618530273,2.2899999618530273,100.0
2026-04-10 13:25:00,RYO.V,,0.5400000214576721,0.5400000214576721,0.5400000214576721,0.5400000214576721,500.0
2026-04-10 13:25:00,SCZ.V,,11.010000228881836,11.010000228881836,11.010000228881836,11.010000228881836,100.0
2026-04-10 13:25:00,SLI.V,,4.760000228881836,4.760000228881836,4.75,4.760000228881836,500.0
2026-04-10 13:26:00,GASX.V,,1.4500000476837158,1.4500000476837158,1.4500000476837158,1.4500000476837158,100.0
2026-04-10 13:26:00,NBLC.V,,0.05000000074505806,0.06499999761581421,0.05000000074505806,0.06499999761581421,433100.0
2026-04-10 13:26:00,NDA.V,,0.9900000095367432,0.9900000095367432,0.9900000095367432,0.9900000095367432,17000.0
2026-04-10 13:26:00,ODV.V,,4.550000190734863,4.550000190734863,4.550000190734863,4.550000190734863,100.0
2026-04-10 13:26:00,PGE.V,,0.3149999976158142,0.3149999976158142,0.3149999976158142,0.3149999976158142,11500.0
2026-04-10 13:26:00,PML.V,,0.8999999761581421,0.8999999761581421,0.8999999761581421,0.8999999761581421,14000.0
2026-04-10 13:26:00,QTWO.V,,2.2899999618530273,2.2899999618530273,2.2899999618530273,2.2899999618530273,100.0
2026-04-10 13:26:00,RYO.V,,0.5400000214576721,0.5400000214576721,0.5400000214576721,0.5400000214576721,500.0
2026-04-10 13:26:00,SVRS.V,,0.49000000953674316,0.49000000953674316,0.49000000953674316,0.49000000953674316,615.0
2026-04-10 13:27:00,GASX.V,,1.4500000476837158,1.4500000476837158,1.4500000476837158,1.4500000476837158,100.0
2026-04-10 13:27:00,NCX.V,,3.2899999618530273,3.2899999618530273,3.2899999618530273,3.2899999618530273,200.0
2026-04-10 13:27:00,OGN.V,,3.559999942779541,3.559999942779541,3.549999952316284,3.549999952316284,1400.0
2026-04-10 13:27:00,PLSR.V,,1.9299999475479126,1.9299999475479126,1.9299999475479126,1.9299999475479126,300.0
2026-04-10 13:27:00,PML.V,,0.8999999761581421,0.8999999761581421,0.8999999761581421,0.8999999761581421,500.0
2026-04-10 13:27:00,PNPN.V,,1.159999966621399,1.159999966621399,1.159999966621399,1.159999966621399,100.0
2026-04-10 13:27:00,PPP.V,,1.3300000429153442,1.3350000381469727,1.3300000429153442,1.3350000381469727,1600.0
2026-04-10 13:27:00,PWM.V,,0.46000000834465027,0.46000000834465027,0.46000000834465027,0.46000000834465027,1000.0
2026-04-10 13:27:00,QNC.V,,3.4800000190734863,3.490000009536743,3.4800000190734863,3.490000009536743,6600.0
2026-04-10 13:27:00,QTWO.V,,2.2899999618530273,2.2899999618530273,2.2899999618530273,2.2899999618530273,200.0
2026-04-10 13:27:00,ROK.V,,0.27000001072883606,0.27000001072883606,0.27000001072883606,0.27000001072883606,4000.0
2026-04-10 13:27:00,SOMA.V,,1.7599999904632568,1.7599999904632568,1.7599999904632568,1.7599999904632568,200.0
2026-04-10 13:27:00,SVRS.V,,0.47999998927116394,0.47999998927116394,0.47999998927116394,0.47999998927116394,1500.0
2026-04-10 13:27:00,VIPR.V,,1.2599999904632568,1.2699999809265137,1.2599999904632568,1.2699999809265137,8800.0
2026-04-10 13:28:00,GASX.V,,1.4500000476837158,1.4500000476837158,1.4500000476837158,1.4500000476837158,200.0
2026-04-10 13:28:00,NFG.V,,2.8299999237060547,2.8299999237060547,2.8299999237060547,2.8299999237060547,100.0
2026-04-10 13:28:00,PLSR.V,,1.9299999475479126,1.9299999475479126,1.9299999475479126,1.9299999475479126,100.0
2026-04-10 13:28:00,QNC.V,,3.4700000286102295,3.4700000286102295,3.4700000286102295,3.4700000286102295,2000.0
2026-04-10 13:28:00,QTWO.V,,2.2899999618530273,2.2899999618530273,2.2899999618530273,2.2899999618530273,100.0
2026-04-10 13:28:00,RYO.V,,0.5400000214576721,0.5400000214576721,0.5400000214576721,0.5400000214576721,500.0
2026-04-10 13:28:00,SVRS.V,,0.49000000953674316,0.49000000953674316,0.49000000953674316,0.49000000953674316,500.0
2026-04-10 13:29:00,GASX.V,,1.4500000476837158,1.4500000476837158,1.4500000476837158,1.4500000476837158,200.0
2026-04-10 13:29:00,OMG.V,,2.0299999713897705,2.0299999713897705,2.0299999713897705,2.0299999713897705,100.0
2026-04-10 13:29:00,OMM.V,,0.07000000029802322,0.07000000029802322,0.07000000029802322,0.07000000029802322,286000.0
2026-04-10 13:29:00,PLSR.V,,1.940000057220459,1.940000057220459,1.940000057220459,1.940000057220459,100.0
2026-04-10 13:29:00,PPX.V,,0.2800000011920929,0.2800000011920929,0.2800000011920929,0.2800000011920929,3000.0
2026-04-10 13:29:00,QTWO.V,,2.2899999618530273,2.2899999618530273,2.2899999618530273,2.2899999618530273,100.0
2026-04-10 13:29:00,RML.V,,1.059999942779541,1.059999942779541,1.059999942779541,1.059999942779541,100.0
2026-04-10 13:29:00,RYO.V,,0.5400000214576721,0.5400000214576721,0.5400000214576721,0.5400000214576721,500.0
2026-04-10 13:29:00,SVE.V,,0.5350000262260437,0.5350000262260437,0.5350000262260437,0.5350000262260437,500.0
2026-04-10 13:29:00,SVRS.V,,0.49000000953674316,0.49000000953674316,0.49000000953674316,0.49000000953674316,500.0
2026-04-10 13:30:00,GASX.V,,1.4500000476837158,1.4500000476837158,1.4500000476837158,1.4500000476837158,100.0
2026-04-10 13:30:00,MINK.V,,0.13500000536441803,0.13500000536441803,0.13500000536441803,0.13500000536441803,4500.0
2026-04-10 13:30:00,NAU.V,,1.7799999713897705,1.7799999713897705,1.7799999713897705,1.7799999713897705,100.0
2026-04-10 13:30:00,NFG.V,,2.8299999237060547,2.8299999237060547,2.8299999237060547,2.8299999237060547,100.0
2026-04-10 13:30:00,OGN.V,,3.549999952316284,3.549999952316284,3.5399999618530273,3.5399999618530273,400.0
2026-04-10 13:30:00,OMG.V,,2.0299999713897705,2.0299999713897705,2.0299999713897705,2.0299999713897705,100.0
2026-04-10 13:30:00,RET-A.V,,1.850000023841858,1.850000023841858,1.850000023841858,1.850000023841858,14000.0
2026-04-10 13:30:00,ROCK.V,,2.630000114440918,2.630000114440918,2.630000114440918,2.630000114440918,100.0
2026-04-10 13:30:00,RYO.V,,0.5400000214576721,0.5400000214576721,0.5400000214576721,0.5400000214576721,500.0
2026-04-10 13:30:00,SMN.V,,0.13500000536441803,0.13500000536441803,0.13500000536441803,0.13500000536441803,200000.0
2026-04-10 13:30:00,SOI.V,,0.20999999344348907,0.20999999344348907,0.20999999344348907,0.20999999344348907,11500.0
2026-04-10 13:30:00,SSV.V,,0.5899999737739563,0.5899999737739563,0.5899999737739563,0.5899999737739563,500.0
2026-04-10 13:30:00,SVRS.V,,0.49000000953674316,0.49000000953674316,0.49000000953674316,0.49000000953674316,500.0
2026-04-10 13:31:00,GASX.V,,1.4500000476837158,1.4500000476837158,1.4500000476837158,1.4500000476837158,200.0
2026-04-10 13:31:00,NBLC.V,,0.054999999701976776,0.054999999701976776,0.054999999701976776,0.054999999701976776,25000.0
2026-04-10 13:31:00,NDA.V,,1.0,1.0,1.0,1.0,3317.0
2026-04-10 13:31:00,QNC.V,,3.4700000286102295,3.4800000190734863,3.4700000286102295,3.4800000190734863,2500.0
2026-04-10 13:31:00,QTWO.V,,2.2899999618530273,2.2899999618530273,2.2899999618530273,2.2899999618530273,100.0
2026-04-10 13:31:00,SEI.V,,0.5600000023841858,0.5600000023841858,0.5600000023841858,0.5600000023841858,500.0
2026-04-10 13:31:00,SVRS.V,,0.49000000953674316,0.49000000953674316,0.47999998927116394,0.48500001430511475,24000.0
2026-04-10 13:32:00,GASX.V,,1.4500000476837158,1.4500000476837158,1.4500000476837158,1.4500000476837158,200.0
2026-04-10 13:32:00,NCX.V,,3.2899999618530273,3.2899999618530273,3.2899999618530273,3.2899999618530273,100.0
2026-04-10 13:32:00,NFG.V,,2.8299999237060547,2.8299999237060547,2.8299999237060547,2.8299999237060547,100.0
2026-04-10 13:32:00,NXLV.V,,2.0,2.0,2.0,2.0,3900.0
2026-04-10 13:32:00,OMG.V,,2.0299999713897705,2.0299999713897705,2.0199999809265137,2.0250000953674316,1100.0
2026-04-10 13:32:00,PNPN.V,,1.1699999570846558,1.1699999570846558,1.1699999570846558,1.1699999570846558,1000.0
2026-04-10 13:32:00,QNC.V,,3.4700000286102295,3.4700000286102295,3.4700000286102295,3.4700000286102295,100.0
2026-04-10 13:32:00,QTWO.V,,2.2899999618530273,2.2899999618530273,2.2899999618530273,2.2899999618530273,200.0
2026-04-10 13:32:00,RYO.V,,0.5400000214576721,0.5400000214576721,0.5400000214576721,0.5400000214576721,500.0
2026-04-10 13:32:00,SCZ.V,,11.020000457763672,11.020000457763672,11.020000457763672,11.020000457763672,100.0
2026-04-10 13:32:00,SM.V,,1.8200000524520874,1.8200000524520874,1.8200000524520874,1.8200000524520874,344.0
2026-04-10 13:32:00,SOI.V,,0.20999999344348907,0.20999999344348907,0.20999999344348907,0.20999999344348907,30000.0
2026-04-10 13:32:00,SVE.V,,0.5450000166893005,0.5450000166893005,0.5450000166893005,0.5450000166893005,1500.0
2026-04-10 13:33:00,GASX.V,,1.4500000476837158,1.4500000476837158,1.4500000476837158,1.4500000476837158,100.0
2026-04-10 13:33:00,NAU.V,,1.7799999713897705,1.7799999713897705,1.7799999713897705,1.7799999713897705,100.0
2026-04-10 13:33:00,NCX.V,,3.2899999618530273,3.2899999618530273,3.2899999618530273,3.2899999618530273,100.0
2026-04-10 13:33:00,NFG.V,,2.8299999237060547,2.8299999237060547,2.8299999237060547,2.8299999237060547,5300.0
2026-04-10 13:33:00,OMG.V,,2.0299999713897705,2.0299999713897705,2.0299999713897705,2.0299999713897705,100.0
2026-04-10 13:33:00,PPP.V,,1.3350000381469727,1.3350000381469727,1.3350000381469727,1.3350000381469727,100.0
2026-04-10 13:33:00,QTWO.V,,2.2899999618530273,2.2899999618530273,2.2899999618530273,2.2899999618530273,200.0
2026-04-10 13:33:00,RAGE.V,,0.49000000953674316,0.49000000953674316,0.49000000953674316,0.49000000953674316,2500.0
2026-04-10 13:33:00,RBX.V,,7.03000020980835,7.03000020980835,7.03000020980835,7.03000020980835,100.0
2026-04-10 13:33:00,RYO.V,,0.5400000214576721,0.5400000214576721,0.5400000214576721,0.5400000214576721,500.0
2026-04-10 13:33:00,SBIO.V,,0.22499999403953552,0.23000000417232513,0.22499999403953552,0.23000000417232513,0.0
2026-04-10 13:33:00,SMN.V,,0.13500000536441803,0.13500000536441803,0.13500000536441803,0.13500000536441803,230000.0
2026-04-10 13:33:00,SVRS.V,,0.49000000953674316,0.49000000953674316,0.49000000953674316,0.49000000953674316,500.0
2026-04-10 13:34:00,GASX.V,,1.4500000476837158,1.4500000476837158,1.4500000476837158,1.4500000476837158,100.0
2026-04-10 13:34:00,MRZ.V,,0.4650000035762787,0.4650000035762787,0.4650000035762787,0.4650000035762787,20500.0
2026-04-10 13:34:00,NVX.V,,0.28999999165534973,0.28999999165534973,0.2849999964237213,0.2849999964237213,17000.0
2026-04-10 13:34:00,QNC.V,,3.490000009536743,3.490000009536743,3.490000009536743,3.490000009536743,900.0
2026-04-10 13:34:00,QTWO.V,,2.2899999618530273,2.2899999618530273,2.2899999618530273,2.2899999618530273,300.0
2026-04-10 13:34:00,RYO.V,,0.5400000214576721,0.5400000214576721,0.5400000214576721,0.5400000214576721,500.0
2026-04-10 13:34:00,SAG.V,,1.409999966621399,1.409999966621399,1.409999966621399,1.409999966621399,8200.0
2026-04-10 13:34:00,SFR.V,,0.23999999463558197,0.23999999463558197,0.23999999463558197,0.23999999463558197,4500.0
2026-04-10 13:34:00,SMN.V,,0.13500000536441803,0.13500000536441803,0.13500000536441803,0.13500000536441803,200000.0
2026-04-10 13:34:00,SVRS.V,,0.49000000953674316,0.49000000953674316,0.49000000953674316,0.49000000953674316,500.0
2026-04-10 13:35:00,NBLC.V,,0.05999999865889549,0.05999999865889549,0.05999999865889549,0.05999999865889549,146000.0
2026-04-10 13:35:00,NCX.V,,3.2899999618530273,3.2899999618530273,3.2899999618530273,3.2899999618530273,100.0
2026-04-10 13:35:00,NFG.V,,2.8299999237060547,2.8299999237060547,2.8299999237060547,2.8299999237060547,200.0
2026-04-10 13:35:00,OMG.V,,2.0250000953674316,2.0250000953674316,2.0250000953674316,2.0250000953674316,100.0
2026-04-10 13:35:00,QGR.V,,0.2800000011920929,0.2800000011920929,0.2800000011920929,0.2800000011920929,500.0
2026-04-10 13:35:00,QTWO.V,,2.2899999618530273,2.2899999618530273,2.2899999618530273,2.2899999618530273,100.0
2026-04-10 13:35:00,SEI.V,,0.5600000023841858,0.5600000023841858,0.5600000023841858,0.5600000023841858,500.0
2026-04-10 13:35:00,SVRS.V,,0.49000000953674316,0.49000000953674316,0.49000000953674316,0.49000000953674316,500.0
2026-04-10 13:36:00,NCX.V,,3.2899999618530273,3.2899999618530273,3.2899999618530273,3.2899999618530273,400.0
2026-04-10 13:36:00,QTWO.V,,2.2899999618530273,2.2899999618530273,2.2899999618530273,2.2899999618530273,200.0
2026-04-10 13:36:00,RE.V,,0.41999998688697815,0.41999998688697815,0.41999998688697815,0.41999998688697815,1500.0
2026-04-10 13:36:00,ROCK.V,,2.630000114440918,2.630000114440918,2.630000114440918,2.630000114440918,100.0
2026-04-10 13:36:00,RYO.V,,0.5400000214576721,0.5400000214576721,0.5400000214576721,0.5400000214576721,500.0
2026-04-10 13:36:00,SLI.V,,4.760000228881836,4.760000228881836,4.760000228881836,4.760000228881836,400.0
2026-04-10 13:36:00,SMN.V,,0.13500000536441803,0.13500000536441803,0.13500000536441803,0.13500000536441803,83000.0
2026-04-10 13:36:00,SOI.V,,0.2150000035762787,0.2150000035762787,0.2150000035762787,0.2150000035762787,3500.0
2026-04-10 13:36:00,SVRS.V,,0.49000000953674316,0.49000000953674316,0.49000000953674316,0.49000000953674316,500.0
2026-04-10 13:37:00,NAU.V,,1.7799999713897705,1.7799999713897705,1.7799999713897705,1.7799999713897705,100.0
2026-04-10 13:37:00,NCX.V,,3.2899999618530273,3.2899999618530273,3.2899999618530273,3.2899999618530273,900.0
2026-04-10 13:37:00,OMG.V,,2.0250000953674316,2.0250000953674316,2.0250000953674316,2.0250000953674316,200.0
2026-04-10 13:37:00,PINK.V,,0.33000001311302185,0.33000001311302185,0.33000001311302185,0.33000001311302185,500.0
2026-04-10 13:37:00,PML.V,,0.8999999761581421,0.8999999761581421,0.8999999761581421,0.8999999761581421,500.0
2026-04-10 13:37:00,QTWO.V,,2.2950000762939453,2.2950000762939453,2.2899999618530273,2.2899999618530273,200.0
2026-04-10 13:37:00,RYO.V,,0.5400000214576721,0.5400000214576721,0.5400000214576721,0.5400000214576721,500.0
2026-04-10 13:37:00,SCZ.V,,11.0,11.0,11.0,11.0,400.0
2026-04-10 13:38:00,FISH.V,,3.640000104904175,3.640000104904175,3.640000104904175,3.640000104904175,100.0
2026-04-10 13:38:00,GASX.V,,1.4500000476837158,1.4500000476837158,1.4500000476837158,1.4500000476837158,100.0
2026-04-10 13:38:00,MCI.V,,0.25,0.25,0.25,0.25,15000.0
2026-04-10 13:38:00,NCX.V,,3.2899999618530273,3.2899999618530273,3.2899999618530273,3.2899999618530273,300.0
2026-04-10 13:38:00,NFG.V,,2.8299999237060547,2.8299999237060547,2.8299999237060547,2.8299999237060547,1000.0
2026-04-10 13:38:00,NIM.V,,0.949999988079071,0.949999988079071,0.949999988079071,0.949999988079071,1000.0
2026-04-10 13:38:00,PLUR.V,,0.12999999523162842,0.12999999523162842,0.12999999523162842,0.12999999523162842,9618.0
2026-04-10 13:38:00,PML.V,,0.8999999761581421,0.8999999761581421,0.8999999761581421,0.8999999761581421,15500.0
2026-04-10 13:38:00,POR.V,,0.004999999888241291,0.004999999888241291,0.004999999888241291,0.004999999888241291,0.0
2026-04-10 13:38:00,PRG.V,,0.5799999833106995,0.5799999833106995,0.5799999833106995,0.5799999833106995,500.0
2026-04-10 13:38:00,SLVR.V,,0.8600000143051147,0.8600000143051147,0.8600000143051147,0.8600000143051147,2000.0
2026-04-10 13:39:00,MAI.V,,6.210000038146973,6.210000038146973,6.210000038146973,6.210000038146973,100.0
2026-04-10 13:39:00,MMY.V,,0.9850000143051147,0.9850000143051147,0.9850000143051147,0.9850000143051147,100.0
2026-04-10 13:39:00,NEXE.V,,0.1550000011920929,0.1550000011920929,0.1550000011920929,0.1550000011920929,3000.0
2026-04-10 13:39:00,NFG.V,,2.8299999237060547,2.8299999237060547,2.8299999237060547,2.8299999237060547,200.0
2026-04-10 13:39:00,QGR.V,,0.2800000011920929,0.2800000011920929,0.2800000011920929,0.2800000011920929,500.0
2026-04-10 13:39:00,QNC.V,,3.5,3.5,3.5,3.5,629.0
2026-04-10 13:39:00,RVG.V,,0.8299999833106995,0.8299999833106995,0.8299999833106995,0.8299999833106995,7365.0
2026-04-10 13:39:00,RYO.V,,0.5400000214576721,0.5400000214576721,0.5400000214576721,0.5400000214576721,500.0
2026-04-10 13:39:00,SPA.V,,0.23999999463558197,0.23999999463558197,0.23999999463558197,0.23999999463558197,50000.0
2026-04-10 13:40:00,NCAU.V,,0.6600000262260437,0.6600000262260437,0.6600000262260437,0.6600000262260437,3000.0
2026-04-10 13:40:00,NIM.V,,0.9599999785423279,0.9599999785423279,0.9599999785423279,0.9599999785423279,3500.0
2026-04-10 13:40:00,PML.V,,0.8899999856948853,0.8999999761581421,0.8899999856948853,0.8999999761581421,17500.0
2026-04-10 13:40:00,PNPN.V,,1.159999966621399,1.159999966621399,1.159999966621399,1.159999966621399,4400.0
2026-04-10 13:40:00,PVT.V,,1.649999976158142,1.649999976158142,1.649999976158142,1.649999976158142,1500.0
2026-04-10 13:40:00,RYO.V,,0.5400000214576721,0.5400000214576721,0.5400000214576721,0.5400000214576721,500.0
2026-04-10 13:40:00,SEI.V,,0.5600000023841858,0.5600000023841858,0.5600000023841858,0.5600000023841858,500.0
2026-04-10 13:40:00,SOMA.V,,1.75,1.75,1.75,1.75,3300.0
2026-04-10 13:40:00,SOU.V,,0.06499999761581421,0.06499999761581421,0.06499999761581421,0.06499999761581421,15000.0
2026-04-10 13:40:00,SPA.V,,0.23499999940395355,0.23499999940395355,0.23499999940395355,0.23499999940395355,9500.0
2026-04-10 13:40:00,SPRQ.V,,0.6600000262260437,0.6600000262260437,0.6600000262260437,0.6600000262260437,1000.0
2026-04-10 13:41:00,GASX.V,,1.4500000476837158,1.4500000476837158,1.4500000476837158,1.4500000476837158,100.0
2026-04-10 13:41:00,NIM.V,,0.9599999785423279,0.9599999785423279,0.9599999785423279,0.9599999785423279,6500.0
2026-04-10 13:41:00,ODV.V,,4.550000190734863,4.550000190734863,4.550000190734863,4.550000190734863,100.0
2026-04-10 13:41:00,PGE.V,,0.3149999976158142,0.3149999976158142,0.3149999976158142,0.3149999976158142,500.0
2026-04-10 13:41:00,PLSR.V,,1.940000057220459,1.9500000476837158,1.940000057220459,1.940000057220459,3200.0
2026-04-10 13:41:00,PWM.V,,0.4650000035762787,0.4650000035762787,0.4650000035762787,0.4650000035762787,1000.0
2026-04-10 13:41:00,QNC.V,,3.490000009536743,3.490000009536743,3.490000009536743,3.490000009536743,4700.0
2026-04-10 13:42:00,MAI.V,,6.210000038146973,6.210000038146973,6.210000038146973,6.210000038146973,100.0
2026-04-10 13:42:00,NDA.V,,1.0,1.0,1.0,1.0,10000.0
2026-04-10 13:42:00,NFG.V,,2.8299999237060547,2.8299999237060547,2.8299999237060547,2.8299999237060547,100.0
2026-04-10 13:42:00,OMG.V,,2.0250000953674316,2.0250000953674316,2.0250000953674316,2.0250000953674316,100.0
2026-04-10 13:42:00,PLUR.V,,0.12999999523162842,0.12999999523162842,0.12999999523162842,0.12999999523162842,71500.0
2026-04-10 13:42:00,QGR.V,,0.2750000059604645,0.2800000011920929,0.2750000059604645,0.2800000011920929,36500.0
2026-04-10 13:42:00,QNC.V,,3.490000009536743,3.490000009536743,3.490000009536743,3.490000009536743,200.0
2026-04-10 13:42:00,QTWO.V,,2.299999952316284,2.299999952316284,2.299999952316284,2.299999952316284,100.0
2026-04-10 13:42:00,ROCK.V,,2.609999895095825,2.609999895095825,2.609999895095825,2.609999895095825,800.0
2026-04-10 13:42:00,RVG.V,,0.8299999833106995,0.8299999833106995,0.8299999833106995,0.8299999833106995,5000.0
2026-04-10 13:42:00,RYO.V,,0.5400000214576721,0.5400000214576721,0.5400000214576721,0.5400000214576721,500.0
2026-04-10 13:42:00,SGML.V,,20.5,20.5,20.5,20.5,500.0
2026-04-10 13:42:00,SLI.V,,4.760000228881836,4.760000228881836,4.760000228881836,4.760000228881836,1900.0
2026-04-10 13:42:00,SPA.V,,0.23999999463558197,0.23999999463558197,0.23999999463558197,0.23999999463558197,40500.0
2026-04-10 13:43:00,MCI.V,,0.26499998569488525,0.26499998569488525,0.26499998569488525,0.26499998569488525,5000.0
2026-04-10 13:43:00,NBLC.V,,0.05999999865889549,0.05999999865889549,0.05999999865889549,0.05999999865889549,53000.0
2026-04-10 13:43:00,NPTH.V,,0.5400000214576721,0.5400000214576721,0.5400000214576721,0.5400000214576721,3000.0
2026-04-10 13:43:00,OMG.V,,2.0250000953674316,2.0250000953674316,2.0250000953674316,2.0250000953674316,100.0
2026-04-10 13:43:00,PVIS.V,,0.2150000035762787,0.2150000035762787,0.2150000035762787,0.2150000035762787,4500.0
2026-04-10 13:43:00,QGR.V,,0.27000001072883606,0.2750000059604645,0.27000001072883606,0.2750000059604645,1000.0
2026-04-10 13:43:00,RYO.V,,0.5400000214576721,0.5400000214576721,0.5400000214576721,0.5400000214576721,500.0
2026-04-10 13:43:00,SKYG.V,,0.05999999865889549,0.05999999865889549,0.05999999865889549,0.05999999865889549,8000.0
2026-04-10 13:43:00,SLI.V,,4.760000228881836,4.760000228881836,4.760000228881836,4.760000228881836,300.0
2026-04-10 13:43:00,SMN.V,,0.13500000536441803,0.13500000536441803,0.13500000536441803,0.13500000536441803,40000.0
2026-04-10 13:43:00,SOMA.V,,1.7699999809265137,1.7699999809265137,1.7699999809265137,1.7699999809265137,800.0
2026-04-10 13:44:00,NCI.V,,1.0099999904632568,1.0099999904632568,1.0099999904632568,1.0099999904632568,3122.0
2026-04-10 13:44:00,NDA.V,,1.0,1.0,1.0,1.0,8295.0
2026-04-10 13:44:00,NIM.V,,0.9599999785423279,0.9599999785423279,0.9599999785423279,0.9599999785423279,5000.0
2026-04-10 13:44:00,NLH.V,,0.36000001430511475,0.36000001430511475,0.36000001430511475,0.36000001430511475,3226.0
2026-04-10 13:44:00,OGN.V,,3.559999942779541,3.559999942779541,3.559999942779541,3.559999942779541,700.0
2026-04-10 13:44:00,OMG.V,,2.0299999713897705,2.0299999713897705,2.0299999713897705,2.0299999713897705,100.0
2026-04-10 13:44:00,PML.V,,0.8999999761581421,0.8999999761581421,0.8999999761581421,0.8999999761581421,3001.0
2026-04-10 13:44:00,PPP.V,,1.3350000381469727,1.3350000381469727,1.3350000381469727,1.3350000381469727,100.0
2026-04-10 13:44:00,QGR.V,,0.27000001072883606,0.27000001072883606,0.27000001072883606,0.27000001072883606,1000.0
2026-04-10 13:44:00,RDS.V,,0.8799999952316284,0.8799999952316284,0.8799999952316284,0.8799999952316284,2500.0
2026-04-10 13:44:00,SLI.V,,4.760000228881836,4.760000228881836,4.760000228881836,4.760000228881836,200.0
2026-04-10 13:44:00,SLVR.V,,0.8600000143051147,0.8600000143051147,0.8600000143051147,0.8600000143051147,2500.0
2026-04-10 13:45:00,MMY.V,,0.9850000143051147,0.9850000143051147,0.9850000143051147,0.9850000143051147,100.0
2026-04-10 13:45:00,NBLC.V,,0.05999999865889549,0.05999999865889549,0.05999999865889549,0.05999999865889549,50000.0
2026-04-10 13:45:00,NDA.V,,1.0099999904632568,1.0099999904632568,1.0099999904632568,1.0099999904632568,10000.0
2026-04-10 13:45:00,NFG.V,,2.8299999237060547,2.8299999237060547,2.8299999237060547,2.8299999237060547,152.0
2026-04-10 13:45:00,PCQ.V,,0.11999999731779099,0.11999999731779099,0.11999999731779099,0.11999999731779099,1500.0
2026-04-10 13:45:00,PML.V,,0.8899999856948853,0.8999999761581421,0.8899999856948853,0.8999999761581421,20500.0
2026-04-10 13:45:00,QGR.V,,0.27000001072883606,0.27000001072883606,0.27000001072883606,0.27000001072883606,500.0
2026-04-10 13:45:00,QNC.V,,3.5,3.5,3.490000009536743,3.490000009536743,1100.0
2026-04-10 13:45:00,RVG.V,,0.8399999737739563,0.8399999737739563,0.8399999737739563,0.8399999737739563,2000.0
2026-04-10 13:45:00,RYO.V,,0.5400000214576721,0.5400000214576721,0.5400000214576721,0.5400000214576721,2500.0
2026-04-10 13:45:00,SAG.V,,1.409999966621399,1.409999966621399,1.409999966621399,1.409999966621399,700.0
2026-04-10 13:45:00,SCZ.V,,10.949999809265137,10.970000267028809,10.949999809265137,10.970000267028809,700.0
2026-04-10 13:46:00,FISH.V,,3.630000114440918,3.630000114440918,3.630000114440918,3.630000114440918,100.0
2026-04-10 13:46:00,GASX.V,,1.4500000476837158,1.4500000476837158,1.4500000476837158,1.4500000476837158,100.0
2026-04-10 13:46:00,NDA.V,,1.0,1.0,1.0,1.0,8500.0
2026-04-10 13:46:00,NOW.V,,0.22499999403953552,0.22499999403953552,0.22499999403953552,0.22499999403953552,13500.0
2026-04-10 13:46:00,ODV.V,,4.539999961853027,4.539999961853027,4.539999961853027,4.539999961853027,300.0
2026-04-10 13:46:00,OGN.V,,3.559999942779541,3.559999942779541,3.559999942779541,3.559999942779541,400.0
2026-04-10 13:46:00,OMG.V,,2.0299999713897705,2.0299999713897705,2.0299999713897705,2.0299999713897705,200.0
2026-04-10 13:46:00,QNC.V,,3.5,3.5,3.5,3.5,1800.0
2026-04-10 13:46:00,RSMX.V,,0.14000000059604645,0.14000000059604645,0.14000000059604645,0.14000000059604645,3000.0
2026-04-10 13:46:00,RYO.V,,0.5400000214576721,0.5400000214576721,0.5400000214576721,0.5400000214576721,500.0
2026-04-10 13:46:00,SLVR.V,,0.8600000143051147,0.8600000143051147,0.8600000143051147,0.8600000143051147,500.0
2026-04-10 13:46:00,SOU.V,,0.06499999761581421,0.06499999761581421,0.06499999761581421,0.06499999761581421,20000.0
2026-04-10 13:47:00,MMY.V,,0.9900000095367432,0.9900000095367432,0.9900000095367432,0.9900000095367432,700.0
2026-04-10 13:47:00,NAU.V,,1.7799999713897705,1.7799999713897705,1.7799999713897705,1.7799999713897705,100.0
2026-04-10 13:47:00,NCI.V,,1.0049999952316284,1.0049999952316284,1.0049999952316284,1.0049999952316284,500.0
2026-04-10 13:47:00,OMG.V,,2.0299999713897705,2.0299999713897705,2.0299999713897705,2.0299999713897705,100.0
2026-04-10 13:47:00,PRG.V,,0.5799999833106995,0.5799999833106995,0.5799999833106995,0.5799999833106995,500.0
2026-04-10 13:47:00,PTF.V,,15.479999542236328,15.479999542236328,15.479999542236328,15.479999542236328,0.0
2026-04-10 13:47:00,RDS.V,,0.8799999952316284,0.8799999952316284,0.8799999952316284,0.8799999952316284,500.0
2026-04-10 13:47:00,RVG.V,,0.8399999737739563,0.8399999737739563,0.8399999737739563,0.8399999737739563,1000.0
2026-04-10 13:47:00,RYO.V,,0.5400000214576721,0.5400000214576721,0.5400000214576721,0.5400000214576721,1000.0
2026-04-10 13:47:00,SCD.V,,0.12999999523162842,0.12999999523162842,0.12999999523162842,0.12999999523162842,10000.0
2026-04-10 13:47:00,SGML.V,,20.56999969482422,20.56999969482422,20.56999969482422,20.56999969482422,100.0
2026-04-10 13:48:00,MMY.V,,0.9950000047683716,0.9950000047683716,0.9900000095367432,0.9900000095367432,300.0
2026-04-10 13:48:00,NXLV.V,,2.0,2.0,2.0,2.0,1000.0
2026-04-10 13:48:00,SCZ.V,,10.949999809265137,10.949999809265137,10.949999809265137,10.949999809265137,550.0
2026-04-10 13:48:00,SEI.V,,0.5600000023841858,0.5600000023841858,0.5600000023841858,0.5600000023841858,500.0
2026-04-10 13:48:00,SLI.V,,4.760000228881836,4.760000228881836,4.760000228881836,4.760000228881836,400.0
2026-04-10 13:48:00,SOI.V,,0.20999999344348907,0.20999999344348907,0.20999999344348907,0.20999999344348907,8000.0
2026-04-10 13:49:00,GASX.V,,1.4500000476837158,1.4500000476837158,1.4500000476837158,1.4500000476837158,100.0
2026-04-10 13:49:00,MAI.V,,6.21999979019165,6.21999979019165,6.210000038146973,6.21999979019165,2139.0
2026-04-10 13:49:00,MUN.V,,0.4350000023841858,0.4350000023841858,0.4350000023841858,0.4350000023841858,500.0
2026-04-10 13:49:00,OMG.V,,2.0199999809265137,2.0199999809265137,2.0199999809265137,2.0199999809265137,300.0
2026-04-10 13:49:00,PLSR.V,,1.9299999475479126,1.9299999475479126,1.9299999475479126,1.9299999475479126,492.0
2026-04-10 13:49:00,PPP.V,,1.3300000429153442,1.3350000381469727,1.3300000429153442,1.3350000381469727,3000.0
2026-04-10 13:49:00,RAK.V,,0.1599999964237213,0.1599999964237213,0.1599999964237213,0.1599999964237213,500.0
2026-04-10 13:49:00,RDS.V,,0.8799999952316284,0.8799999952316284,0.8799999952316284,0.8799999952316284,37500.0
2026-04-10 13:49:00,RYO.V,,0.5400000214576721,0.5400000214576721,0.5400000214576721,0.5400000214576721,500.0
2026-04-10 13:49:00,SVE.V,,0.5400000214576721,0.5400000214576721,0.5400000214576721,0.5400000214576721,1000.0
2026-04-10 13:50:00,LITT.V,,0.41999998688697815,0.41999998688697815,0.4000000059604645,0.4099999964237213,10500.0
2026-04-10 13:50:00,MMY.V,,0.9950000047683716,0.9950000047683716,0.9950000047683716,0.9950000047683716,100.0
2026-04-10 13:50:00,NAU.V,,1.7799999713897705,1.7799999713897705,1.7799999713897705,1.7799999713897705,200.0
2026-04-10 13:50:00,NFG.V,,2.8299999237060547,2.8299999237060547,2.8299999237060547,2.8299999237060547,100.0
2026-04-10 13:50:00,OEC-H.V,,0.17499999701976776,0.17499999701976776,0.17499999701976776,0.17499999701976776,0.0
2026-04-10 13:50:00,PBM.V,,0.054999999701976776,0.054999999701976776,0.054999999701976776,0.054999999701976776,2000.0
2026-04-10 13:50:00,PGZ.V,,0.13500000536441803,0.13500000536441803,0.13500000536441803,0.13500000536441803,3510.0
2026-04-10 13:50:00,QNC.V,,3.5199999809265137,3.5199999809265137,3.5199999809265137,3.5199999809265137,700.0
2026-04-10 13:50:00,QTWO.V,,2.2950000762939453,2.2950000762939453,2.2950000762939453,2.2950000762939453,100.0
2026-04-10 13:50:00,RDS.V,,0.8799999952316284,0.8799999952316284,0.8799999952316284,0.8799999952316284,500.0
2026-04-10 13:50:00,RYO.V,,0.5400000214576721,0.5400000214576721,0.5400000214576721,0.5400000214576721,500.0
2026-04-10 13:50:00,SLI.V,,4.760000228881836,4.760000228881836,4.755000114440918,4.755000114440918,300.0
2026-04-10 13:50:00,SRL.V,,0.1899999976158142,0.1899999976158142,0.1899999976158142,0.1899999976158142,7000.0
2026-04-10 13:50:00,SVRS.V,,0.49000000953674316,0.49000000953674316,0.49000000953674316,0.49000000953674316,1500.0
2026-04-10 13:51:00,MAI.V,,6.230000019073486,6.230000019073486,6.230000019073486,6.230000019073486,200.0
2026-04-10 13:51:00,OCO.V,,0.4050000011920929,0.4050000011920929,0.4000000059604645,0.4050000011920929,12500.0
2026-04-10 13:51:00,PGE.V,,0.3199999928474426,0.3199999928474426,0.3199999928474426,0.3199999928474426,500.0
2026-04-10 13:51:00,SOMA.V,,1.7799999713897705,1.7799999713897705,1.7799999713897705,1.7799999713897705,100.0
2026-04-10 13:51:00,VIPR.V,,1.2699999809265137,1.2699999809265137,1.2699999809265137,1.2699999809265137,7000.0
2026-04-10 13:52:00,AMY.V,,0.08500000089406967,0.08500000089406967,0.08500000089406967,0.08500000089406967,4000.0
2026-04-10 13:52:00,LITT.V,,0.4099999964237213,0.4099999964237213,0.4099999964237213,0.4099999964237213,1000.0
2026-04-10 13:52:00,MRZ.V,,0.46000000834465027,0.46000000834465027,0.46000000834465027,0.46000000834465027,4500.0
2026-04-10 13:52:00,RVG.V,,0.8399999737739563,0.8399999737739563,0.8399999737739563,0.8399999737739563,10000.0
2026-04-10 13:52:00,RYO.V,,0.5400000214576721,0.5400000214576721,0.5400000214576721,0.5400000214576721,500.0
2026-04-10 13:52:00,SRC.V,,1.1299999952316284,1.1299999952316284,1.1299999952316284,1.1299999952316284,0.0
2026-04-10 13:53:00,OTC.V,,0.49000000953674316,0.49000000953674316,0.49000000953674316,0.49000000953674316,1000.0
2026-04-10 13:53:00,PNPN.V,,1.159999966621399,1.159999966621399,1.159999966621399,1.159999966621399,900.0
2026-04-10 13:53:00,PPP.V,,1.3300000429153442,1.3300000429153442,1.3300000429153442,1.3300000429153442,1700.0
2026-04-10 13:53:00,RVG.V,,0.8399999737739563,0.8399999737739563,0.8399999737739563,0.8399999737739563,3000.0
2026-04-10 13:53:00,RYO.V,,0.5400000214576721,0.5400000214576721,0.5400000214576721,0.5400000214576721,500.0
2026-04-10 13:53:00,SCZ.V,,10.9399995803833,10.9399995803833,10.930000305175781,10.9399995803833,400.0
2026-04-10 13:53:00,SLI.V,,4.760000228881836,4.760000228881836,4.760000228881836,4.760000228881836,500.0
2026-04-10 13:54:00,GASX.V,,1.4500000476837158,1.4500000476837158,1.4500000476837158,1.4500000476837158,100.0
2026-04-10 13:54:00,MMY.V,,0.9900000095367432,0.9900000095367432,0.9900000095367432,0.9900000095367432,100.0
2026-04-10 13:54:00,NFG.V,,2.819999933242798,2.8299999237060547,2.819999933242798,2.8299999237060547,6640.0
2026-04-10 13:54:00,NOB.V,,0.10000000149011612,0.10000000149011612,0.10000000149011612,0.10000000149011612,1000.0
2026-04-10 13:54:00,PLAN.V,,0.3700000047683716,0.3700000047683716,0.3700000047683716,0.3700000047683716,1000.0
2026-04-10 13:54:00,PPP.V,,1.3300000429153442,1.3300000429153442,1.3300000429153442,1.3300000429153442,100.0
2026-04-10 13:54:00,QTWO.V,,2.299999952316284,2.299999952316284,2.299999952316284,2.299999952316284,100.0
2026-04-10 13:54:00,RYO.V,,0.5400000214576721,0.5400000214576721,0.5400000214576721,0.5400000214576721,500.0
2026-04-10 13:54:00,SEI.V,,0.5550000071525574,0.5550000071525574,0.5550000071525574,0.5550000071525574,500.0
2026-04-10 13:54:00,SOI.V,,0.2150000035762787,0.2150000035762787,0.2150000035762787,0.2150000035762787,75000.0
2026-04-10 13:54:00,SVRS.V,,0.49000000953674316,0.49000000953674316,0.49000000953674316,0.49000000953674316,31500.0
2026-04-10 13:55:00,OMG.V,,2.0199999809265137,2.0199999809265137,2.0199999809265137,2.0199999809265137,1400.0
2026-04-10 13:55:00,PGE.V,,0.3199999928474426,0.3199999928474426,0.3199999928474426,0.3199999928474426,500.0
2026-04-10 13:55:00,PNPN.V,,1.159999966621399,1.159999966621399,1.159999966621399,1.159999966621399,100.0
2026-04-10 13:55:00,RVG.V,,0.8399999737739563,0.8399999737739563,0.8399999737739563,0.8399999737739563,4000.0
2026-04-10 13:55:00,SLI.V,,4.739999771118164,4.755000114440918,4.739999771118164,4.755000114440918,1800.0
2026-04-10 13:55:00,SSV.V,,0.5799999833106995,0.5799999833106995,0.5799999833106995,0.5799999833106995,4500.0
2026-04-10 13:56:00,LITT.V,,0.41999998688697815,0.41999998688697815,0.41999998688697815,0.41999998688697815,7000.0
2026-04-10 13:56:00,NDA.V,,1.0099999904632568,1.0099999904632568,1.0099999904632568,1.0099999904632568,1000.0
2026-04-10 13:56:00,QTWO.V,,2.299999952316284,2.299999952316284,2.299999952316284,2.299999952316284,100.0
2026-04-10 13:56:00,REG.V,,3.9700000286102295,3.9800000190734863,3.9700000286102295,3.9800000190734863,900.0
2026-04-10 13:56:00,RLYG.V,,0.5799999833106995,0.5799999833106995,0.5799999833106995,0.5799999833106995,2500.0
2026-04-10 13:56:00,RVG.V,,0.8399999737739563,0.8399999737739563,0.8399999737739563,0.8399999737739563,6000.0
2026-04-10 13:56:00,RYO.V,,0.5400000214576721,0.5400000214576721,0.5400000214576721,0.5400000214576721,500.0
2026-04-10 13:56:00,SOMA.V,,1.7599999904632568,1.7599999904632568,1.7599999904632568,1.7599999904632568,100.0
2026-04-10 13:56:00,STRR.V,,0.5199999809265137,0.5199999809265137,0.5199999809265137,0.5199999809265137,1000.0
2026-04-10 13:57:00,MAI.V,,6.230000019073486,6.230000019073486,6.230000019073486,6.230000019073486,1900.0
2026-04-10 13:57:00,NCX.V,,3.299999952316284,3.299999952316284,3.299999952316284,3.299999952316284,500.0
2026-04-10 13:57:00,NDA.V,,1.0199999809265137,1.0199999809265137,1.0099999904632568,1.0199999809265137,7000.0
2026-04-10 13:57:00,NWST.V,,0.3700000047683716,0.3700000047683716,0.3700000047683716,0.3700000047683716,35000.0
2026-04-10 13:57:00,PML.V,,0.8999999761581421,0.8999999761581421,0.8999999761581421,0.8999999761581421,3500.0
2026-04-10 13:57:00,RDS.V,,0.8700000047683716,0.875,0.8700000047683716,0.875,47000.0
2026-04-10 13:57:00,RYO.V,,0.5400000214576721,0.5400000214576721,0.5400000214576721,0.5400000214576721,500.0
2026-04-10 13:57:00,SCZ.V,,10.930000305175781,10.930000305175781,10.930000305175781,10.930000305175781,700.0
2026-04-10 13:58:00,AGX.V,,0.7300000190734863,0.7300000190734863,0.7300000190734863,0.7300000190734863,500.0
2026-04-10 13:58:00,GASX.V,,1.4500000476837158,1.4500000476837158,1.4500000476837158,1.4500000476837158,100.0
2026-04-10 13:58:00,MMY.V,,0.9900000095367432,0.9900000095367432,0.9900000095367432,0.9900000095367432,100.0
2026-04-10 13:58:00,NCI.V,,1.0199999809265137,1.0199999809265137,1.0199999809265137,1.0199999809265137,100.0
2026-04-10 13:58:00,NDA.V,,1.0199999809265137,1.0199999809265137,1.0199999809265137,1.0199999809265137,1000.0
2026-04-10 13:58:00,NFG.V,,2.819999933242798,2.819999933242798,2.819999933242798,2.819999933242798,100.0
2026-04-10 13:58:00,NWST.V,,0.3700000047683716,0.3700000047683716,0.3700000047683716,0.3700000047683716,9500.0
2026-04-10 13:58:00,PLSR.V,,1.9199999570846558,1.9299999475479126,1.9199999570846558,1.9299999475479126,2924.0
2026-04-10 13:58:00,PML.V,,0.8999999761581421,0.8999999761581421,0.8999999761581421,0.8999999761581421,500.0
2026-04-10 13:58:00,ROCK.V,,2.619999885559082,2.640000104904175,2.619999885559082,2.640000104904175,400.0
2026-04-10 13:58:00,SECU.V,,2.0,2.0,2.0,2.0,9900.0
2026-04-10 13:58:00,SVE.V,,0.5400000214576721,0.5400000214576721,0.5400000214576721,0.5400000214576721,20000.0
2026-04-10 13:59:00,NAU.V,,1.7799999713897705,1.7799999713897705,1.7799999713897705,1.7799999713897705,9100.0
2026-04-10 13:59:00,NDA.V,,1.0199999809265137,1.0199999809265137,1.0199999809265137,1.0199999809265137,2800.0
2026-04-10 13:59:00,NFG.V,,2.819999933242798,2.819999933242798,2.819999933242798,2.819999933242798,200.0
2026-04-10 13:59:00,NWX.V,,0.15000000596046448,0.15000000596046448,0.15000000596046448,0.15000000596046448,2500.0
2026-04-10 13:59:00,OMG.V,,2.0199999809265137,2.0199999809265137,2.0199999809265137,2.0199999809265137,100.0
2026-04-10 13:59:00,PGE.V,,0.3199999928474426,0.3199999928474426,0.3199999928474426,0.3199999928474426,500.0
2026-04-10 13:59:00,PML.V,,0.8999999761581421,0.8999999761581421,0.8999999761581421,0.8999999761581421,500.0
2026-04-10 13:59:00,QNC.V,,3.5199999809265137,3.5199999809265137,3.5199999809265137,3.5199999809265137,100.0
2026-04-10 13:59:00,RJX-A.V,,0.02500000037252903,0.02500000037252903,0.02500000037252903,0.02500000037252903,0.0
2026-04-10 13:59:00,RYO.V,,0.5400000214576721,0.5400000214576721,0.5400000214576721,0.5400000214576721,500.0
2026-04-10 13:59:00,SCZ.V,,10.920000076293945,10.920000076293945,10.920000076293945,10.920000076293945,200.0
2026-04-10 14:00:00,AGX.V,,0.7300000190734863,0.7300000190734863,0.7300000190734863,0.7300000190734863,24701.0
2026-04-10 14:00:00,MMY.V,,0.9900000095367432,0.9900000095367432,0.9900000095367432,0.9900000095367432,100.0
2026-04-10 14:00:00,NCX.V,,3.299999952316284,3.299999952316284,3.299999952316284,3.299999952316284,200.0
2026-04-10 14:00:00,NFG.V,,2.819999933242798,2.819999933242798,2.819999933242798,2.819999933242798,6400.0
2026-04-10 14:00:00,ODV.V,,4.534999847412109,4.534999847412109,4.53000020980835,4.53000020980835,2400.0
2026-04-10 14:00:00,PNPN.V,,1.149999976158142,1.159999966621399,1.149999976158142,1.159999966621399,2300.0
2026-04-10 14:00:00,RYO.V,,0.5400000214576721,0.5400000214576721,0.5400000214576721,0.5400000214576721,500.0
2026-04-10 14:00:00,SCZ.V,,10.90999984741211,10.920000076293945,10.90999984741211,10.920000076293945,1800.0
2026-04-10 14:00:00,SEI.V,,0.5600000023841858,0.5600000023841858,0.5600000023841858,0.5600000023841858,700.0
2026-04-10 14:00:00,SLG.V,,3.740000009536743,3.740000009536743,3.7200000286102295,3.7200000286102295,900.0
2026-04-10 14:01:00,GASX.V,,1.4500000476837158,1.4500000476837158,1.4500000476837158,1.4500000476837158,100.0
2026-04-10 14:01:00,LITT.V,,0.42500001192092896,0.42500001192092896,0.42500001192092896,0.42500001192092896,1315.0
2026-04-10 14:01:00,MAI.V,,6.230000019073486,6.230000019073486,6.230000019073486,6.230000019073486,100.0
2026-04-10 14:01:00,MGRO.V,,0.5899999737739563,0.5899999737739563,0.5899999737739563,0.5899999737739563,1500.0
2026-04-10 14:01:00,NCX.V,,3.2899999618530273,3.2899999618530273,3.2899999618530273,3.2899999618530273,250.0
2026-04-10 14:01:00,OMG.V,,2.0399999618530273,2.0399999618530273,2.0299999713897705,2.0299999713897705,4900.0
2026-04-10 14:01:00,PML.V,,0.8999999761581421,0.8999999761581421,0.8999999761581421,0.8999999761581421,500.0
2026-04-10 14:01:00,SLI.V,,4.739999771118164,4.739999771118164,4.739999771118164,4.739999771118164,300.0
2026-04-10 14:01:00,SM.V,,1.8300000429153442,1.8300000429153442,1.8300000429153442,1.8300000429153442,200.0
2026-04-10 14:02:00,FISH.V,,3.630000114440918,3.630000114440918,3.630000114440918,3.630000114440918,111.0
2026-04-10 14:02:00,MAI.V,,6.21999979019165,6.21999979019165,6.21999979019165,6.21999979019165,400.0
2026-04-10 14:02:00,MMY.V,,0.9900000095367432,0.9900000095367432,0.9900000095367432,0.9900000095367432,100.0
2026-04-10 14:02:00,NFG.V,,2.8299999237060547,2.8350000381469727,2.819999933242798,2.819999933242798,4400.0
2026-04-10 14:02:00,PGE.V,,0.3199999928474426,0.3199999928474426,0.3199999928474426,0.3199999928474426,500.0
2026-04-10 14:02:00,PML.V,,0.8999999761581421,0.8999999761581421,0.8999999761581421,0.8999999761581421,13500.0
2026-04-10 14:02:00,PPP.V,,1.3300000429153442,1.3300000429153442,1.3300000429153442,1.3300000429153442,9300.0
2026-04-10 14:02:00,PWM.V,,0.46000000834465027,0.46000000834465027,0.46000000834465027,0.46000000834465027,500.0
2026-04-10 14:02:00,QTWO.V,,2.299999952316284,2.299999952316284,2.299999952316284,2.299999952316284,100.0
2026-04-10 14:02:00,RYO.V,,0.5400000214576721,0.5400000214576721,0.5400000214576721,0.5400000214576721,500.0
2026-04-10 14:02:00,SHL.V,,0.48500001430511475,0.48500001430511475,0.48500001430511475,0.48500001430511475,500.0
2026-04-10 14:02:00,SVE.V,,0.5299999713897705,0.5299999713897705,0.5299999713897705,0.5299999713897705,500.0
2026-04-10 14:03:00,MMY.V,,0.9700000286102295,0.9900000095367432,0.9700000286102295,0.9900000095367432,71500.0
2026-04-10 14:03:00,NAM.V,,0.32499998807907104,0.32499998807907104,0.32499998807907104,0.32499998807907104,3675.0
2026-04-10 14:03:00,NAU.V,,1.7899999618530273,1.7899999618530273,1.7899999618530273,1.7899999618530273,100.0
2026-04-10 14:03:00,NFG.V,,2.8299999237060547,2.8399999141693115,2.8299999237060547,2.8350000381469727,30500.0
2026-04-10 14:03:00,NSE.V,,0.5899999737739563,0.5899999737739563,0.5899999737739563,0.5899999737739563,1500.0
2026-04-10 14:03:00,NWST.V,,0.375,0.375,0.375,0.375,2500.0
2026-04-10 14:03:00,PLSR.V,,1.9299999475479126,1.9299999475479126,1.9299999475479126,1.9299999475479126,500.0
2026-04-10 14:03:00,PML.V,,0.8999999761581421,0.8999999761581421,0.8999999761581421,0.8999999761581421,5000.0
2026-04-10 14:03:00,PNPN.V,,1.159999966621399,1.159999966621399,1.159999966621399,1.159999966621399,100.0
2026-04-10 14:03:00,RVG.V,,0.8399999737739563,0.8399999737739563,0.8399999737739563,0.8399999737739563,1000.0
2026-04-10 14:03:00,RYO.V,,0.5400000214576721,0.5400000214576721,0.5400000214576721,0.5400000214576721,500.0
2026-04-10 14:03:00,SCZ.V,,10.90999984741211,10.90999984741211,10.90999984741211,10.90999984741211,500.0
2026-04-10 14:03:00,SLG.V,,3.7300000190734863,3.7300000190734863,3.7300000190734863,3.7300000190734863,200.0
2026-04-10 14:04:00,MAI.V,,6.199999809265137,6.21999979019165,6.199999809265137,6.21999979019165,6500.0
2026-04-10 14:04:00,MMY.V,,0.9800000190734863,0.9800000190734863,0.9800000190734863,0.9800000190734863,100.0
2026-04-10 14:04:00,NAU.V,,1.7899999618530273,1.7899999618530273,1.7899999618530273,1.7899999618530273,100.0
2026-04-10 14:04:00,NCX.V,,3.2799999713897705,3.2799999713897705,3.2799999713897705,3.2799999713897705,300.0
2026-04-10 14:04:00,ODV.V,,4.550000190734863,4.550000190734863,4.550000190734863,4.550000190734863,200.0
2026-04-10 14:04:00,PML.V,,0.8999999761581421,0.8999999761581421,0.8999999761581421,0.8999999761581421,500.0
2026-04-10 14:04:00,QTWO.V,,2.2950000762939453,2.2950000762939453,2.2950000762939453,2.2950000762939453,100.0
2026-04-10 14:04:00,RVG.V,,0.8399999737739563,0.8399999737739563,0.8399999737739563,0.8399999737739563,1000.0
2026-04-10 14:04:00,SHLL-P.V,,0.05000000074505806,0.05000000074505806,0.05000000074505806,0.05000000074505806,0.0
2026-04-10 14:05:00,NAU.V,,1.7899999618530273,1.7899999618530273,1.7899999618530273,1.7899999618530273,100.0
2026-04-10 14:05:00,NDA.V,,1.0199999809265137,1.0199999809265137,1.0199999809265137,1.0199999809265137,15000.0
2026-04-10 14:05:00,NXLV.V,,1.9800000190734863,1.9800000190734863,1.9800000190734863,1.9800000190734863,100.0
2026-04-10 14:05:00,ODV.V,,4.550000190734863,4.550000190734863,4.550000190734863,4.550000190734863,200.0
2026-04-10 14:05:00,PINK.V,,0.33000001311302185,0.33000001311302185,0.33000001311302185,0.33000001311302185,2500.0
2026-04-10 14:05:00,PLSR.V,,1.9299999475479126,1.9299999475479126,1.9299999475479126,1.9299999475479126,100.0
2026-04-10 14:05:00,PPX.V,,0.2800000011920929,0.2800000011920929,0.2800000011920929,0.2800000011920929,1500.0
2026-04-10 14:05:00,QTWO.V,,2.2899999618530273,2.2950000762939453,2.2899999618530273,2.2950000762939453,1300.0
2026-04-10 14:05:00,RECO.V,,1.090000033378601,1.090000033378601,1.090000033378601,1.090000033378601,6200.0
2026-04-10 14:05:00,ROS.V,,0.27000001072883606,0.27000001072883606,0.27000001072883606,0.27000001072883606,4500.0
2026-04-10 14:05:00,RVG.V,,0.8399999737739563,0.8399999737739563,0.8399999737739563,0.8399999737739563,18500.0
2026-04-10 14:05:00,RYO.V,,0.5400000214576721,0.5400000214576721,0.5400000214576721,0.5400000214576721,500.0
2026-04-10 14:05:00,SCZ.V,,10.899999618530273,10.899999618530273,10.899999618530273,10.899999618530273,300.0
2026-04-10 14:05:00,SLG.V,,3.75,3.75,3.7300000190734863,3.7300000190734863,32500.0
2026-04-10 14:05:00,SVRS.V,,0.48500001430511475,0.48500001430511475,0.47999998927116394,0.48500001430511475,20000.0
2026-04-10 14:06:00,GASX.V,,1.4500000476837158,1.4500000476837158,1.4500000476837158,1.4500000476837158,100.0
2026-04-10 14:06:00,LITT.V,,0.4000000059604645,0.41999998688697815,0.4000000059604645,0.41999998688697815,2500.0
2026-04-10 14:06:00,NAU.V,,1.7899999618530273,1.7899999618530273,1.7899999618530273,1.7899999618530273,100.0
2026-04-10 14:06:00,ODV.V,,4.550000190734863,4.550000190734863,4.550000190734863,4.550000190734863,300.0
2026-04-10 14:06:00,PEX.V,,0.17499999701976776,0.17499999701976776,0.17499999701976776,0.17499999701976776,41900.0
2026-04-10 14:06:00,PGE.V,,0.3199999928474426,0.3199999928474426,0.3199999928474426,0.3199999928474426,500.0
2026-04-10 14:06:00,PML.V,,0.8999999761581421,0.8999999761581421,0.8999999761581421,0.8999999761581421,500.0
2026-04-10 14:06:00,PPP.V,,1.3300000429153442,1.3300000429153442,1.3300000429153442,1.3300000429153442,100.0
2026-04-10 14:06:00,PWM.V,,0.4699999988079071,0.47999998927116394,0.4699999988079071,0.47999998927116394,12000.0
2026-04-10 14:06:00,QNC.V,,3.5199999809265137,3.5199999809265137,3.5199999809265137,3.5199999809265137,200.0
2026-04-10 14:06:00,REG.V,,3.990000009536743,3.990000009536743,3.990000009536743,3.990000009536743,100.0
2026-04-10 14:06:00,RET-A.V,,1.8600000143051147,1.8600000143051147,1.8600000143051147,1.8600000143051147,4500.0
2026-04-10 14:06:00,RYO.V,,0.5400000214576721,0.5400000214576721,0.5400000214576721,0.5400000214576721,500.0
2026-04-10 14:06:00,SLG.V,,3.734999895095825,3.75,3.734999895095825,3.75,2370.0
2026-04-10 14:06:00,SNM.V,,0.20999999344348907,0.20999999344348907,0.20999999344348907,0.20999999344348907,2000.0
2026-04-10 14:06:00,SVRS.V,,0.47999998927116394,0.48500001430511475,0.47999998927116394,0.48500001430511475,4500.0
2026-04-10 14:07:00,GASX.V,,1.4500000476837158,1.4500000476837158,1.4500000476837158,1.4500000476837158,100.0
2026-04-10 14:07:00,NAM.V,,0.32499998807907104,0.32499998807907104,0.32499998807907104,0.32499998807907104,3000.0
2026-04-10 14:07:00,NAU.V,,1.7899999618530273,1.7899999618530273,1.7899999618530273,1.7899999618530273,100.0
2026-04-10 14:07:00,NFG.V,,2.819999933242798,2.819999933242798,2.819999933242798,2.819999933242798,1100.0
2026-04-10 14:07:00,ODV.V,,4.550000190734863,4.550000190734863,4.550000190734863,4.550000190734863,100.0
2026-04-10 14:07:00,OMG.V,,2.0399999618530273,2.0399999618530273,2.0399999618530273,2.0399999618530273,100.0
2026-04-10 14:07:00,PNPN.V,,1.159999966621399,1.159999966621399,1.159999966621399,1.159999966621399,8700.0
2026-04-10 14:07:00,PUR.V,,0.6299999952316284,0.6299999952316284,0.6299999952316284,0.6299999952316284,500.0
2026-04-10 14:07:00,RYO.V,,0.5400000214576721,0.5400000214576721,0.5400000214576721,0.5400000214576721,500.0
2026-04-10 14:07:00,SCZ.V,,10.869999885559082,10.890000343322754,10.869999885559082,10.890000343322754,1154.0
2026-04-10 14:07:00,SGML.V,,20.479999542236328,20.479999542236328,20.479999542236328,20.479999542236328,600.0
2026-04-10 14:07:00,SVRS.V,,0.48500001430511475,0.48500001430511475,0.48500001430511475,0.48500001430511475,21500.0
2026-04-10 14:08:00,NAU.V,,1.7899999618530273,1.7899999618530273,1.7899999618530273,1.7899999618530273,100.0
2026-04-10 14:08:00,NCX.V,,3.2850000858306885,3.2850000858306885,3.2850000858306885,3.2850000858306885,300.0
2026-04-10 14:08:00,NFG.V,,2.819999933242798,2.819999933242798,2.819999933242798,2.819999933242798,200.0
2026-04-10 14:08:00,NWST.V,,0.3799999952316284,0.3799999952316284,0.3799999952316284,0.3799999952316284,7500.0
2026-04-10 14:08:00,OMG.V,,2.0399999618530273,2.0399999618530273,2.0299999713897705,2.0299999713897705,3490.0
2026-04-10 14:08:00,PGE.V,,0.3199999928474426,0.3199999928474426,0.3199999928474426,0.3199999928474426,500.0
2026-04-10 14:08:00,PINK.V,,0.33500000834465027,0.33500000834465027,0.33500000834465027,0.33500000834465027,1000.0
2026-04-10 14:08:00,PML.V,,0.8999999761581421,0.8999999761581421,0.8999999761581421,0.8999999761581421,1000.0
2026-04-10 14:08:00,PRG.V,,0.6000000238418579,0.6000000238418579,0.5899999737739563,0.5899999737739563,79800.0
2026-04-10 14:08:00,QGR.V,,0.27000001072883606,0.27000001072883606,0.27000001072883606,0.27000001072883606,47500.0
2026-04-10 14:08:00,QNC.V,,3.515000104904175,3.515000104904175,3.509999990463257,3.509999990463257,900.0
2026-04-10 14:08:00,RAK.V,,0.1599999964237213,0.1599999964237213,0.1599999964237213,0.1599999964237213,500.0
2026-04-10 14:08:00,SCZ.V,,10.899999618530273,10.899999618530273,10.890000343322754,10.899999618530273,500.0
2026-04-10 14:09:00,AGX.V,,0.7300000190734863,0.7300000190734863,0.7300000190734863,0.7300000190734863,1000.0
2026-04-10 14:09:00,GASX.V,,1.4500000476837158,1.4500000476837158,1.4500000476837158,1.4500000476837158,400.0
2026-04-10 14:09:00,MAI.V,,6.210000038146973,6.210000038146973,6.210000038146973,6.210000038146973,100.0
2026-04-10 14:09:00,MMY.V,,0.9800000190734863,0.9800000190734863,0.9800000190734863,0.9800000190734863,4500.0
2026-04-10 14:09:00,NEXE.V,,0.1550000011920929,0.1550000011920929,0.1550000011920929,0.1550000011920929,1500.0
2026-04-10 14:09:00,ODV.V,,4.539999961853027,4.539999961853027,4.53000020980835,4.53000020980835,200.0
2026-04-10 14:09:00,OMG.V,,2.0399999618530273,2.0399999618530273,2.0399999618530273,2.0399999618530273,200.0
2026-04-10 14:09:00,PML.V,,0.8999999761581421,0.8999999761581421,0.8999999761581421,0.8999999761581421,500.0
2026-04-10 14:09:00,RET-A.V,,1.850000023841858,1.850000023841858,1.850000023841858,1.850000023841858,500.0
2026-04-10 14:09:00,RYO.V,,0.5400000214576721,0.5400000214576721,0.5400000214576721,0.5400000214576721,500.0
2026-04-10 14:09:00,SCZ.V,,10.90999984741211,10.90999984741211,10.90999984741211,10.90999984741211,100.0
2026-04-10 14:09:00,SLG.V,,3.740000009536743,3.740000009536743,3.740000009536743,3.740000009536743,100.0
2026-04-10 14:09:00,SVRS.V,,0.48500001430511475,0.48500001430511475,0.48500001430511475,0.48500001430511475,9525.0
2026-04-10 14:10:00,GASX.V,,1.4500000476837158,1.4500000476837158,1.440000057220459,1.4500000476837158,800.0
2026-04-10 14:10:00,MAI.V,,6.210000038146973,6.210000038146973,6.190000057220459,6.199999809265137,2100.0
2026-04-10 14:10:00,MMY.V,,0.9700000286102295,0.9800000190734863,0.9700000286102295,0.9800000190734863,3500.0
2026-04-10 14:10:00,NAU.V,,1.7899999618530273,1.7899999618530273,1.7899999618530273,1.7899999618530273,100.0
2026-04-10 14:10:00,NDA.V,,1.0,1.0099999904632568,1.0,1.0099999904632568,11000.0
2026-04-10 14:10:00,OMG.V,,2.0399999618530273,2.0399999618530273,2.0399999618530273,2.0399999618530273,100.0
2026-04-10 14:10:00,PML.V,,0.8999999761581421,0.8999999761581421,0.8999999761581421,0.8999999761581421,500.0
2026-04-10 14:10:00,PPP.V,,1.3300000429153442,1.3300000429153442,1.3300000429153442,1.3300000429153442,100.0
2026-04-10 14:10:00,RYO.V,,0.5400000214576721,0.5400000214576721,0.5400000214576721,0.5400000214576721,500.0
2026-04-10 14:10:00,SEI.V,,0.5600000023841858,0.5600000023841858,0.5600000023841858,0.5600000023841858,6500.0
2026-04-10 14:10:00,SVE.V,,0.5299999713897705,0.5299999713897705,0.5299999713897705,0.5299999713897705,500.0
2026-04-10 14:10:00,SVRS.V,,0.48500001430511475,0.48500001430511475,0.47999998927116394,0.48500001430511475,18300.0
2026-04-10 14:11:00,GASX.V,,1.4500000476837158,1.4500000476837158,1.4500000476837158,1.4500000476837158,1100.0
2026-04-10 14:11:00,MAI.V,,6.190000057220459,6.190000057220459,6.190000057220459,6.190000057220459,500.0
2026-04-10 14:11:00,MHUB.V,,0.6299999952316284,0.6299999952316284,0.6299999952316284,0.6299999952316284,500.0
2026-04-10 14:11:00,NAR.V,,0.30000001192092896,0.30000001192092896,0.30000001192092896,0.30000001192092896,1000.0
2026-04-10 14:11:00,NAU.V,,1.7899999618530273,1.7899999618530273,1.7899999618530273,1.7899999618530273,100.0
2026-04-10 14:11:00,NCX.V,,3.2799999713897705,3.2850000858306885,3.2799999713897705,3.2850000858306885,700.0
2026-04-10 14:11:00,NFG.V,,2.8299999237060547,2.8299999237060547,2.8299999237060547,2.8299999237060547,2000.0
2026-04-10 14:11:00,ODV.V,,4.539999961853027,4.539999961853027,4.539999961853027,4.539999961853027,200.0
2026-04-10 14:11:00,OMG.V,,2.0350000858306885,2.0399999618530273,2.0350000858306885,2.0399999618530273,600.0
2026-04-10 14:11:00,PINK.V,,0.33500000834465027,0.33500000834465027,0.33500000834465027,0.33500000834465027,1500.0
2026-04-10 14:11:00,QTWO.V,,2.2899999618530273,2.2899999618530273,2.2899999618530273,2.2899999618530273,100.0
2026-04-10 14:11:00,RET-A.V,,1.850000023841858,1.850000023841858,1.850000023841858,1.850000023841858,100.0
2026-04-10 14:11:00,ROK.V,,0.27000001072883606,0.27000001072883606,0.27000001072883606,0.27000001072883606,500.0
2026-04-10 14:11:00,SGML.V,,20.459999084472656,20.459999084472656,20.459999084472656,20.459999084472656,200.0
2026-04-10 14:11:00,SLI.V,,4.71999979019165,4.71999979019165,4.71999979019165,4.71999979019165,700.0
2026-04-10 14:11:00,SYH.V,,0.4699999988079071,0.4699999988079071,0.4699999988079071,0.4699999988079071,2500.0
2026-04-10 14:12:00,AGX.V,,0.7300000190734863,0.7300000190734863,0.7300000190734863,0.7300000190734863,500.0
2026-04-10 14:12:00,NAU.V,,1.7899999618530273,1.7899999618530273,1.7899999618530273,1.7899999618530273,100.0
2026-04-10 14:12:00,NCI.V,,1.0,1.0,1.0,1.0,2500.0
2026-04-10 14:12:00,PLSR.V,,1.9299999475479126,1.9299999475479126,1.9299999475479126,1.9299999475479126,4622.0
2026-04-10 14:12:00,PML.V,,0.8999999761581421,0.8999999761581421,0.8999999761581421,0.8999999761581421,500.0
2026-04-10 14:12:00,POR.V,,0.009999999776482582,0.009999999776482582,0.009999999776482582,0.009999999776482582,1000.0
2026-04-10 14:12:00,QTWO.V,,2.2950000762939453,2.2950000762939453,2.2899999618530273,2.2899999618530273,200.0
2026-04-10 14:12:00,RYO.V,,0.5400000214576721,0.5400000214576721,0.5400000214576721,0.5400000214576721,500.0
2026-04-10 14:12:00,SCZ.V,,10.9399995803833,10.949999809265137,10.9399995803833,10.949999809265137,1900.0
2026-04-10 14:12:00,SEI.V,,0.5699999928474426,0.5699999928474426,0.5699999928474426,0.5699999928474426,500.0
2026-04-10 14:12:00,SLG.V,,3.7200000286102295,3.7300000190734863,3.7200000286102295,3.7300000190734863,200.0
2026-04-10 14:12:00,SLI.V,,4.71999979019165,4.71999979019165,4.71999979019165,4.71999979019165,300.0
2026-04-10 14:12:00,SMD.V,,0.3400000035762787,0.3400000035762787,0.3400000035762787,0.3400000035762787,1000.0
2026-04-10 14:13:00,GASX.V,,1.4500000476837158,1.4500000476837158,1.4500000476837158,1.4500000476837158,100.0
2026-04-10 14:13:00,LITT.V,,0.4099999964237213,0.4099999964237213,0.4099999964237213,0.4099999964237213,5000.0
2026-04-10 14:13:00,NFD-A.V,,5.199999809265137,5.199999809265137,5.199999809265137,5.199999809265137,100.0
2026-04-10 14:13:00,ODV.V,,4.539999961853027,4.539999961853027,4.539999961853027,4.539999961853027,300.0
2026-04-10 14:13:00,OGN.V,,3.5999999046325684,3.5999999046325684,3.559999942779541,3.559999942779541,550.0
2026-04-10 14:13:00,OMG.V,,2.0399999618530273,2.0399999618530273,2.0350000858306885,2.0350000858306885,600.0
2026-04-10 14:13:00,PML.V,,0.8999999761581421,0.8999999761581421,0.8999999761581421,0.8999999761581421,24500.0
2026-04-10 14:13:00,QTWO.V,,2.2950000762939453,2.2950000762939453,2.2950000762939453,2.2950000762939453,200.0
2026-04-10 14:13:00,RYO.V,,0.5400000214576721,0.5400000214576721,0.5400000214576721,0.5400000214576721,500.0
2026-04-10 14:13:00,SCZ.V,,10.949999809265137,10.949999809265137,10.949999809265137,10.949999809265137,144.0
2026-04-10 14:13:00,SLG.V,,3.7100000381469727,3.7100000381469727,3.7100000381469727,3.7100000381469727,187.0
2026-04-10 14:14:00,MMY.V,,0.9900000095367432,0.9900000095367432,0.9900000095367432,0.9900000095367432,300.0
2026-04-10 14:14:00,NAU.V,,1.7899999618530273,1.7899999618530273,1.7899999618530273,1.7899999618530273,100.0
2026-04-10 14:14:00,NCX.V,,3.2699999809265137,3.2699999809265137,3.2699999809265137,3.2699999809265137,2000.0
2026-04-10 14:14:00,NFG.V,,2.8299999237060547,2.8299999237060547,2.8299999237060547,2.8299999237060547,200.0
2026-04-10 14:14:00,PPP.V,,1.3300000429153442,1.3300000429153442,1.3300000429153442,1.3300000429153442,200.0
2026-04-10 14:14:00,QNC.V,,3.5199999809265137,3.5199999809265137,3.5199999809265137,3.5199999809265137,4580.0
2026-04-10 14:14:00,QTWO.V,,2.2950000762939453,2.2950000762939453,2.2950000762939453,2.2950000762939453,100.0
2026-04-10 14:14:00,RYO.V,,0.5400000214576721,0.5400000214576721,0.5400000214576721,0.5400000214576721,500.0
2026-04-10 14:14:00,SBMI.V,,0.23499999940395355,0.23499999940395355,0.23499999940395355,0.23499999940395355,500.0
2026-04-10 14:14:00,SCZ.V,,10.949999809265137,10.949999809265137,10.949999809265137,10.949999809265137,500.0
2026-04-10 14:14:00,SOI.V,,0.2150000035762787,0.2150000035762787,0.2150000035762787,0.2150000035762787,500.0
2026-04-10 14:14:00,STMP.V,,0.12999999523162842,0.12999999523162842,0.12999999523162842,0.12999999523162842,5000.0
2026-04-10 14:15:00,GASX.V,,1.4500000476837158,1.4500000476837158,1.4500000476837158,1.4500000476837158,100.0
2026-04-10 14:15:00,MAI.V,,6.210000038146973,6.210000038146973,6.210000038146973,6.210000038146973,100.0
2026-04-10 14:15:00,MMY.V,,0.9900000095367432,0.9900000095367432,0.9900000095367432,0.9900000095367432,400.0
2026-04-10 14:15:00,NFG.V,,2.8299999237060547,2.8299999237060547,2.8299999237060547,2.8299999237060547,700.0
2026-04-10 14:15:00,ODV.V,,4.539999961853027,4.539999961853027,4.539999961853027,4.539999961853027,100.0
2026-04-10 14:15:00,OMG.V,,2.0399999618530273,2.0399999618530273,2.0399999618530273,2.0399999618530273,100.0
2026-04-10 14:15:00,PLSR.V,,1.9199999570846558,1.9199999570846558,1.9199999570846558,1.9199999570846558,100.0
2026-04-10 14:15:00,RECO.V,,1.090000033378601,1.090000033378601,1.090000033378601,1.090000033378601,4000.0
2026-04-10 14:15:00,ROCK.V,,2.630000114440918,2.630000114440918,2.630000114440918,2.630000114440918,100.0
2026-04-10 14:15:00,SCZ.V,,10.970000267028809,10.970000267028809,10.949999809265137,10.949999809265137,1700.0
2026-04-10 14:15:00,SLI.V,,4.71999979019165,4.71999979019165,4.71999979019165,4.71999979019165,100.0
2026-04-10 14:15:00,SVE.V,,0.5400000214576721,0.5400000214576721,0.5400000214576721,0.5400000214576721,500.0
2026-04-10 14:15:00,VIPR.V,,1.2599999904632568,1.2599999904632568,1.2599999904632568,1.2599999904632568,900.0
2026-04-10 14:16:00,MMY.V,,0.9850000143051147,0.9850000143051147,0.9850000143051147,0.9850000143051147,400.0
2026-04-10 14:16:00,NCI.V,,1.0,1.0,1.0,1.0,200.0
2026-04-10 14:16:00,PLSR.V,,1.9249999523162842,1.9249999523162842,1.9249999523162842,1.9249999523162842,100.0
2026-04-10 14:16:00,QTWO.V,,2.2950000762939453,2.2950000762939453,2.2950000762939453,2.2950000762939453,100.0
2026-04-10 14:16:00,RYO.V,,0.5400000214576721,0.5400000214576721,0.5400000214576721,0.5400000214576721,500.0
2026-04-10 14:16:00,SCZ.V,,10.960000038146973,10.989999771118164,10.960000038146973,10.989999771118164,900.0
2026-04-10 14:16:00,SEI.V,,0.5699999928474426,0.5699999928474426,0.5699999928474426,0.5699999928474426,500.0
2026-04-10 14:17:00,MMY.V,,0.9850000143051147,0.9850000143051147,0.9850000143051147,0.9850000143051147,300.0
2026-04-10 14:17:00,NDA.V,,1.0,1.0099999904632568,1.0,1.0099999904632568,11000.0
2026-04-10 14:17:00,NOB.V,,0.10000000149011612,0.10000000149011612,0.10000000149011612,0.10000000149011612,31500.0
2026-04-10 14:17:00,NSCI.V,,0.11999999731779099,0.11999999731779099,0.11999999731779099,0.11999999731779099,24500.0
2026-04-10 14:17:00,OMG.V,,2.0399999618530273,2.0399999618530273,2.0399999618530273,2.0399999618530273,100.0
2026-04-10 14:17:00,PGE.V,,0.3199999928474426,0.3199999928474426,0.3199999928474426,0.3199999928474426,500.0
2026-04-10 14:17:00,PLUR.V,,0.12999999523162842,0.12999999523162842,0.12999999523162842,0.12999999523162842,4000.0
2026-04-10 14:17:00,PML.V,,0.8899999856948853,0.8899999856948853,0.8899999856948853,0.8899999856948853,17000.0
2026-04-10 14:17:00,PPP.V,,1.3300000429153442,1.3300000429153442,1.3300000429153442,1.3300000429153442,100.0
2026-04-10 14:17:00,RYO.V,,0.5400000214576721,0.5400000214576721,0.5400000214576721,0.5400000214576721,500.0
2026-04-10 14:17:00,SCZ.V,,10.989999771118164,10.989999771118164,10.960000038146973,10.960000038146973,1200.0
2026-04-10 14:17:00,SLVR.V,,0.8700000047683716,0.8700000047683716,0.8700000047683716,0.8700000047683716,14000.0
2026-04-10 14:18:00,GASX.V,,1.4500000476837158,1.4500000476837158,1.4500000476837158,1.4500000476837158,100.0
2026-04-10 14:18:00,MAI.V,,6.210000038146973,6.210000038146973,6.210000038146973,6.210000038146973,100.0
2026-04-10 14:18:00,MMY.V,,0.9800000190734863,0.9850000143051147,0.9800000190734863,0.9850000143051147,200.0
2026-04-10 14:18:00,NFG.V,,2.8299999237060547,2.8299999237060547,2.8299999237060547,2.8299999237060547,5000.0
2026-04-10 14:18:00,OMG.V,,2.0399999618530273,2.0399999618530273,2.0399999618530273,2.0399999618530273,200.0
2026-04-10 14:18:00,OMM.V,,0.06499999761581421,0.06499999761581421,0.06499999761581421,0.06499999761581421,6000.0
2026-04-10 14:18:00,PLSR.V,,1.9249999523162842,1.9249999523162842,1.9249999523162842,1.9249999523162842,100.0
2026-04-10 14:18:00,PLUR.V,,0.12999999523162842,0.12999999523162842,0.12999999523162842,0.12999999523162842,5000.0
2026-04-10 14:18:00,PPP.V,,1.3300000429153442,1.3300000429153442,1.3300000429153442,1.3300000429153442,200.0
2026-04-10 14:18:00,QGR.V,,0.2750000059604645,0.2750000059604645,0.26750001311302185,0.26750001311302185,62500.0
2026-04-10 14:18:00,RET-A.V,,1.850000023841858,1.850000023841858,1.850000023841858,1.850000023841858,100.0
2026-04-10 14:18:00,RYO.V,,0.5400000214576721,0.5400000214576721,0.5400000214576721,0.5400000214576721,500.0
2026-04-10 14:18:00,SCZ.V,,10.989999771118164,10.989999771118164,10.979999542236328,10.979999542236328,1600.0
2026-04-10 14:19:00,GASX.V,,1.4500000476837158,1.4500000476837158,1.4500000476837158,1.4500000476837158,200.0
2026-04-10 14:19:00,MAI.V,,6.210000038146973,6.210000038146973,6.210000038146973,6.210000038146973,100.0
2026-04-10 14:19:00,MCI.V,,0.25,0.25,0.25,0.25,1500.0
2026-04-10 14:19:00,MMY.V,,0.9850000143051147,0.9850000143051147,0.9850000143051147,0.9850000143051147,300.0
2026-04-10 14:19:00,OMG.V,,2.0299999713897705,2.0350000858306885,2.0299999713897705,2.0350000858306885,1200.0
2026-04-10 14:19:00,RYO.V,,0.5400000214576721,0.5400000214576721,0.5400000214576721,0.5400000214576721,500.0
2026-04-10 14:19:00,SCZ.V,,10.989999771118164,10.989999771118164,10.989999771118164,10.989999771118164,200.0
2026-04-10 14:19:00,SLG.V,,3.7100000381469727,3.7100000381469727,3.7100000381469727,3.7100000381469727,100.0
2026-04-10 14:20:00,GASX.V,,1.4500000476837158,1.4500000476837158,1.4500000476837158,1.4500000476837158,700.0
2026-04-10 14:20:00,MMY.V,,0.9800000190734863,0.9800000190734863,0.9800000190734863,0.9800000190734863,100.0
2026-04-10 14:20:00,OGN.V,,3.609999895095825,3.609999895095825,3.5999999046325684,3.5999999046325684,200.0
2026-04-10 14:20:00,PLSR.V,,1.9199999570846558,1.9199999570846558,1.9199999570846558,1.9199999570846558,200.0
2026-04-10 14:20:00,RYO.V,,0.5400000214576721,0.5400000214576721,0.5400000214576721,0.5400000214576721,500.0
2026-04-10 14:20:00,SBIO.V,,0.2150000035762787,0.2199999988079071,0.2150000035762787,0.2199999988079071,25000.0
2026-04-10 14:20:00,SCZ.V,,11.020000457763672,11.020000457763672,10.979999542236328,10.989999771118164,2700.0
2026-04-10 14:20:00,SECU.V,,2.0,2.0,2.0,2.0,100.0
2026-04-10 14:21:00,MAI.V,,6.21999979019165,6.21999979019165,6.21999979019165,6.21999979019165,100.0
2026-04-10 14:21:00,MMY.V,,0.9850000143051147,0.9850000143051147,0.9850000143051147,0.9850000143051147,200.0
2026-04-10 14:21:00,NFG.V,,2.8299999237060547,2.8299999237060547,2.8299999237060547,2.8299999237060547,2500.0
2026-04-10 14:21:00,NKG.V,,0.2199999988079071,0.2199999988079071,0.2199999988079071,0.2199999988079071,2000.0
2026-04-10 14:21:00,PINK.V,,0.33500000834465027,0.33500000834465027,0.33500000834465027,0.33500000834465027,2000.0
2026-04-10 14:21:00,PLSR.V,,1.9199999570846558,1.9199999570846558,1.9199999570846558,1.9199999570846558,100.0
2026-04-10 14:21:00,RVG.V,,0.8500000238418579,0.8500000238418579,0.8500000238418579,0.8500000238418579,500.0
2026-04-10 14:21:00,RYO.V,,0.5400000214576721,0.5400000214576721,0.5400000214576721,0.5400000214576721,500.0
2026-04-10 14:21:00,SCZ.V,,11.020000457763672,11.020000457763672,11.020000457763672,11.020000457763672,600.0
2026-04-10 14:21:00,SEI.V,,0.5699999928474426,0.5699999928474426,0.5699999928474426,0.5699999928474426,500.0
2026-04-10 14:21:00,SLVR.V,,0.8700000047683716,0.8700000047683716,0.8700000047683716,0.8700000047683716,1000.0
2026-04-10 14:21:00,SVE.V,,0.5299999713897705,0.5299999713897705,0.5299999713897705,0.5299999713897705,500.0
2026-04-10 14:21:00,SYH.V,,0.4699999988079071,0.4699999988079071,0.4699999988079071,0.4699999988079071,500.0
2026-04-10 14:22:00,MMY.V,,0.9800000190734863,0.9850000143051147,0.9800000190734863,0.9850000143051147,200.0
2026-04-10 14:22:00,NFG.V,,2.8299999237060547,2.8299999237060547,2.8299999237060547,2.8299999237060547,1200.0
2026-04-10 14:22:00,OMM.V,,0.05999999865889549,0.05999999865889549,0.05999999865889549,0.05999999865889549,170500.0
2026-04-10 14:22:00,PPP.V,,1.3300000429153442,1.3300000429153442,1.3300000429153442,1.3300000429153442,100.0
2026-04-10 14:22:00,RVG.V,,0.8500000238418579,0.8500000238418579,0.8500000238418579,0.8500000238418579,5000.0
2026-04-10 14:22:00,SCZ.V,,11.050000190734863,11.050000190734863,11.020000457763672,11.020000457763672,1800.0
2026-04-10 14:22:00,SGO.V,,0.24500000476837158,0.24500000476837158,0.24500000476837158,0.24500000476837158,45500.0
2026-04-10 14:22:00,SPC.V,,0.05000000074505806,0.05000000074505806,0.05000000074505806,0.05000000074505806,49000.0
2026-04-10 14:23:00,MAI.V,,6.199999809265137,6.199999809265137,6.199999809265137,6.199999809265137,1000.0
2026-04-10 14:23:00,NAU.V,,1.7899999618530273,1.7899999618530273,1.7899999618530273,1.7899999618530273,12800.0
2026-04-10 14:23:00,NCX.V,,3.2699999809265137,3.2699999809265137,3.2699999809265137,3.2699999809265137,3300.0
2026-04-10 14:23:00,NDA.V,,0.9900000095367432,0.9900000095367432,0.9900000095367432,0.9900000095367432,2500.0
2026-04-10 14:23:00,NFG.V,,2.8299999237060547,2.8299999237060547,2.8299999237060547,2.8299999237060547,500.0
2026-04-10 14:23:00,NIO.V,,0.2750000059604645,0.2750000059604645,0.2750000059604645,0.2750000059604645,500.0
2026-04-10 14:23:00,OGO.V,,0.8299999833106995,0.8299999833106995,0.8299999833106995,0.8299999833106995,1000.0
2026-04-10 14:23:00,PML.V,,0.8999999761581421,0.8999999761581421,0.8999999761581421,0.8999999761581421,5500.0
2026-04-10 14:23:00,QNC.V,,3.5199999809265137,3.5199999809265137,3.5199999809265137,3.5199999809265137,400.0
2026-04-10 14:23:00,RECO.V,,1.090000033378601,1.090000033378601,1.090000033378601,1.090000033378601,5000.0
2026-04-10 14:23:00,RYO.V,,0.5400000214576721,0.5400000214576721,0.5400000214576721,0.5400000214576721,500.0
2026-04-10 14:23:00,STRR.V,,0.5099999904632568,0.5099999904632568,0.5099999904632568,0.5099999904632568,14000.0
2026-04-10 14:23:00,SVRS.V,,0.49000000953674316,0.49000000953674316,0.49000000953674316,0.49000000953674316,500.0
2026-04-10 14:24:00,GASX.V,,1.4500000476837158,1.4500000476837158,1.4500000476837158,1.4500000476837158,400.0
2026-04-10 14:24:00,MAI.V,,6.190000057220459,6.190000057220459,6.190000057220459,6.190000057220459,100.0
2026-04-10 14:24:00,MMY.V,,0.9800000190734863,0.9800000190734863,0.9800000190734863,0.9800000190734863,805.0
2026-04-10 14:24:00,NAU.V,,1.7999999523162842,1.7999999523162842,1.7999999523162842,1.7999999523162842,100.0
2026-04-10 14:24:00,NKL.V,,1.059999942779541,1.059999942779541,1.059999942779541,1.059999942779541,1000.0
2026-04-10 14:24:00,OMG.V,,2.0399999618530273,2.0399999618530273,2.0399999618530273,2.0399999618530273,100.0
2026-04-10 14:24:00,RDS.V,,0.8700000047683716,0.8700000047683716,0.8700000047683716,0.8700000047683716,7500.0
2026-04-10 14:24:00,RYO.V,,0.5400000214576721,0.5400000214576721,0.5400000214576721,0.5400000214576721,500.0
2026-04-10 14:24:00,SGML.V,,20.459999084472656,20.459999084472656,20.459999084472656,20.459999084472656,305.0
2026-04-10 14:24:00,SYH.V,,0.4699999988079071,0.4699999988079071,0.4699999988079071,0.4699999988079071,2000.0
2026-04-10 14:25:00,MAI.V,,6.190000057220459,6.190000057220459,6.190000057220459,6.190000057220459,500.0
2026-04-10 14:25:00,PEI.V,,0.04500000178813934,0.04500000178813934,0.04500000178813934,0.04500000178813934,15000.0
2026-04-10 14:25:00,PGE.V,,0.3199999928474426,0.3199999928474426,0.3199999928474426,0.3199999928474426,500.0
2026-04-10 14:25:00,PPP.V,,1.3300000429153442,1.3300000429153442,1.3300000429153442,1.3300000429153442,2000.0
2026-04-10 14:25:00,RSMX.V,,0.14000000059604645,0.14000000059604645,0.14000000059604645,0.14000000059604645,501.0
2026-04-10 14:25:00,SLI.V,,4.699999809265137,4.699999809265137,4.699999809265137,4.699999809265137,200.0
2026-04-10 14:25:00,SOMA.V,,1.7699999809265137,1.7699999809265137,1.7699999809265137,1.7699999809265137,160.0
2026-04-10 14:25:00,STRR.V,,0.5099999904632568,0.5099999904632568,0.5099999904632568,0.5099999904632568,1000.0
2026-04-10 14:25:00,SVRS.V,,0.49000000953674316,0.49000000953674316,0.49000000953674316,0.49000000953674316,500.0
2026-04-10 14:25:00,VIPR.V,,1.25,1.25,1.25,1.25,100.0
2026-04-10 14:26:00,GASX.V,,1.4500000476837158,1.4500000476837158,1.4500000476837158,1.4500000476837158,100.0
2026-04-10 14:26:00,MMY.V,,0.9700000286102295,0.9700000286102295,0.9700000286102295,0.9700000286102295,4600.0
2026-04-10 14:26:00,NAU.V,,1.7999999523162842,1.7999999523162842,1.7999999523162842,1.7999999523162842,100.0
2026-04-10 14:26:00,OMG.V,,2.0399999618530273,2.0399999618530273,2.0399999618530273,2.0399999618530273,100.0
2026-04-10 14:26:00,RET-A.V,,1.850000023841858,1.850000023841858,1.850000023841858,1.850000023841858,100.0
2026-04-10 14:26:00,RVG.V,,0.8500000238418579,0.8500000238418579,0.8500000238418579,0.8500000238418579,1000.0
2026-04-10 14:26:00,RYO.V,,0.5400000214576721,0.5400000214576721,0.5400000214576721,0.5400000214576721,500.0
2026-04-10 14:26:00,SCZ.V,,11.09000015258789,11.100000381469727,11.09000015258789,11.100000381469727,1100.0
2026-04-10 14:26:00,SLI.V,,4.679999828338623,4.690000057220459,4.679999828338623,4.690000057220459,900.0
2026-04-10 14:26:00,SVRS.V,,0.49000000953674316,0.49000000953674316,0.49000000953674316,0.49000000953674316,500.0
2026-04-10 14:27:00,AGX.V,,0.7300000190734863,0.7300000190734863,0.7300000190734863,0.7300000190734863,3500.0
2026-04-10 14:27:00,NAU.V,,1.7999999523162842,1.7999999523162842,1.7999999523162842,1.7999999523162842,100.0
2026-04-10 14:27:00,OMG.V,,2.0299999713897705,2.0299999713897705,2.0299999713897705,2.0299999713897705,5100.0
2026-04-10 14:27:00,PINK.V,,0.33500000834465027,0.33500000834465027,0.33500000834465027,0.33500000834465027,500.0
2026-04-10 14:27:00,QNC.V,,3.5299999713897705,3.5299999713897705,3.5299999713897705,3.5299999713897705,2250.0
2026-04-10 14:27:00,REG.V,,4.019999980926514,4.019999980926514,3.990000009536743,3.990000009536743,500.0
2026-04-10 14:27:00,RVG.V,,0.8500000238418579,0.8500000238418579,0.8500000238418579,0.8500000238418579,10100.0
2026-04-10 14:27:00,RYO.V,,0.5400000214576721,0.5400000214576721,0.5400000214576721,0.5400000214576721,500.0
2026-04-10 14:27:00,SEI.V,,0.5699999928474426,0.5699999928474426,0.5699999928474426,0.5699999928474426,500.0
2026-04-10 14:27:00,SLI.V,,4.690000057220459,4.690000057220459,4.690000057220459,4.690000057220459,200.0
2026-04-10 14:28:00,GASX.V,,1.4500000476837158,1.4500000476837158,1.4500000476837158,1.4500000476837158,100.0
2026-04-10 14:28:00,MMY.V,,0.9700000286102295,0.9700000286102295,0.9700000286102295,0.9700000286102295,2700.0
2026-04-10 14:28:00,NAU.V,,1.7999999523162842,1.7999999523162842,1.7999999523162842,1.7999999523162842,100.0
2026-04-10 14:28:00,NGC.V,,0.18000000715255737,0.18000000715255737,0.18000000715255737,0.18000000715255737,500.0
2026-04-10 14:28:00,NSU.V,,0.1899999976158142,0.1899999976158142,0.1899999976158142,0.1899999976158142,2000.0
2026-04-10 14:28:00,PINK.V,,0.33000001311302185,0.33000001311302185,0.33000001311302185,0.33000001311302185,500.0
2026-04-10 14:28:00,RET-A.V,,1.850000023841858,1.850000023841858,1.850000023841858,1.850000023841858,4600.0
2026-04-10 14:28:00,RYO.V,,0.5400000214576721,0.5400000214576721,0.5400000214576721,0.5400000214576721,500.0
2026-04-10 14:28:00,SCZ.V,,11.100000381469727,11.100000381469727,11.100000381469727,11.100000381469727,100.0
2026-04-10 14:28:00,SPA.V,,0.23499999940395355,0.23499999940395355,0.23499999940395355,0.23499999940395355,2500.0
2026-04-10 14:28:00,SVRS.V,,0.48500001430511475,0.48500001430511475,0.48500001430511475,0.48500001430511475,12500.0
2026-04-10 14:29:00,GASX.V,,1.4500000476837158,1.4500000476837158,1.4500000476837158,1.4500000476837158,400.0
2026-04-10 14:29:00,NAU.V,,1.7999999523162842,1.7999999523162842,1.7999999523162842,1.7999999523162842,100.0
2026-04-10 14:29:00,OMG.V,,2.0299999713897705,2.0299999713897705,2.0299999713897705,2.0299999713897705,3200.0
2026-04-10 14:29:00,QTWO.V,,2.299999952316284,2.299999952316284,2.299999952316284,2.299999952316284,300.0
2026-04-10 14:29:00,REG.V,,3.990000009536743,3.990000009536743,3.990000009536743,3.990000009536743,400.0
2026-04-10 14:29:00,RVG.V,,0.8500000238418579,0.8500000238418579,0.8500000238418579,0.8500000238418579,500.0
2026-04-10 14:29:00,SCZ.V,,11.100000381469727,11.100000381469727,11.0600004196167,11.069999694824219,500.0
2026-04-10 14:29:00,SKYG.V,,0.05999999865889549,0.05999999865889549,0.05999999865889549,0.05999999865889549,10000.0
2026-04-10 14:29:00,SVRS.V,,0.49000000953674316,0.49000000953674316,0.49000000953674316,0.49000000953674316,4500.0
2026-04-10 14:30:00,AGX.V,,0.7300000190734863,0.7300000190734863,0.7300000190734863,0.7300000190734863,500.0
2026-04-10 14:30:00,GASX.V,,1.4500000476837158,1.4500000476837158,1.4500000476837158,1.4500000476837158,100.0
2026-04-10 14:30:00,NAU.V,,1.7999999523162842,1.7999999523162842,1.7999999523162842,1.7999999523162842,900.0
2026-04-10 14:30:00,NIO.V,,0.2849999964237213,0.2849999964237213,0.2800000011920929,0.2800000011920929,3500.0
2026-04-10 14:30:00,OGN.V,,3.619999885559082,3.619999885559082,3.619999885559082,3.619999885559082,100.0
2026-04-10 14:30:00,PEX.V,,0.17499999701976776,0.17499999701976776,0.17499999701976776,0.17499999701976776,8500.0
2026-04-10 14:30:00,PINK.V,,0.32499998807907104,0.32499998807907104,0.32499998807907104,0.32499998807907104,3500.0
2026-04-10 14:30:00,RDS.V,,0.8700000047683716,0.8700000047683716,0.8700000047683716,0.8700000047683716,2000.0
2026-04-10 14:30:00,RECO.V,,1.090000033378601,1.090000033378601,1.090000033378601,1.090000033378601,505.0
2026-04-10 14:30:00,RYO.V,,0.5400000214576721,0.5400000214576721,0.5400000214576721,0.5400000214576721,500.0
2026-04-10 14:30:00,SCZ.V,,11.130000114440918,11.130000114440918,11.100000381469727,11.100000381469727,1100.0
2026-04-10 14:30:00,SMD.V,,0.3400000035762787,0.3400000035762787,0.3400000035762787,0.3400000035762787,8500.0
2026-04-10 14:30:00,SVRS.V,,0.49000000953674316,0.49000000953674316,0.49000000953674316,0.49000000953674316,500.0
2026-04-10 14:31:00,GASX.V,,1.4500000476837158,1.4500000476837158,1.440000057220459,1.440000057220459,200.0
2026-04-10 14:31:00,MMY.V,,0.9700000286102295,0.9700000286102295,0.9700000286102295,0.9700000286102295,100.0
2026-04-10 14:31:00,NAU.V,,1.7999999523162842,1.7999999523162842,1.7999999523162842,1.7999999523162842,100.0
2026-04-10 14:31:00,NCX.V,,3.2699999809265137,3.2699999809265137,3.2699999809265137,3.2699999809265137,400.0
2026-04-10 14:31:00,PESO.V,,0.4025000035762787,0.4025000035762787,0.4025000035762787,0.4025000035762787,20500.0
2026-04-10 14:31:00,PINK.V,,0.3199999928474426,0.32499998807907104,0.3199999928474426,0.32499998807907104,50400.0
2026-04-10 14:31:00,RDS.V,,0.8700000047683716,0.8700000047683716,0.8700000047683716,0.8700000047683716,5000.0
2026-04-10 14:31:00,REG.V,,3.990000009536743,3.990000009536743,3.990000009536743,3.990000009536743,300.0
2026-04-10 14:31:00,RYO.V,,0.5400000214576721,0.5400000214576721,0.5400000214576721,0.5400000214576721,500.0
2026-04-10 14:31:00,SNAG.V,,0.30000001192092896,0.30000001192092896,0.30000001192092896,0.30000001192092896,1000.0
2026-04-10 14:31:00,SVE.V,,0.5400000214576721,0.5400000214576721,0.5400000214576721,0.5400000214576721,5500.0
2026-04-10 14:32:00,GASX.V,,1.440000057220459,1.4500000476837158,1.440000057220459,1.440000057220459,8100.0
2026-04-10 14:32:00,NAU.V,,1.7999999523162842,1.7999999523162842,1.7999999523162842,1.7999999523162842,100.0
2026-04-10 14:32:00,OEC-H.V,,0.17000000178813934,0.17000000178813934,0.17000000178813934,0.17000000178813934,2000.0
2026-04-10 14:32:00,OGN.V,,3.5399999618530273,3.5799999237060547,3.5399999618530273,3.5799999237060547,600.0
2026-04-10 14:32:00,PESO.V,,0.4000000059604645,0.4000000059604645,0.4000000059604645,0.4000000059604645,4500.0
2026-04-10 14:32:00,PML.V,,0.8999999761581421,0.8999999761581421,0.8999999761581421,0.8999999761581421,500.0
2026-04-10 14:32:00,RYO.V,,0.5400000214576721,0.5400000214576721,0.5400000214576721,0.5400000214576721,8100.0
2026-04-10 14:32:00,SCZ.V,,11.180000305175781,11.1899995803833,11.130000114440918,11.130000114440918,1600.0
2026-04-10 14:32:00,SNM.V,,0.20999999344348907,0.20999999344348907,0.20999999344348907,0.20999999344348907,1000.0
2026-04-10 14:33:00,GASX.V,,1.4500000476837158,1.4500000476837158,1.4500000476837158,1.4500000476837158,100.0
2026-04-10 14:33:00,MAI.V,,6.210000038146973,6.210000038146973,6.199999809265137,6.199999809265137,1200.0
2026-04-10 14:33:00,NCX.V,,3.2699999809265137,3.2699999809265137,3.2699999809265137,3.2699999809265137,200.0
2026-04-10 14:33:00,NEV.V,,0.02500000037252903,0.02500000037252903,0.02500000037252903,0.02500000037252903,15000.0
2026-04-10 14:33:00,NFG.V,,2.8350000381469727,2.8350000381469727,2.8350000381469727,2.8350000381469727,100.0
2026-04-10 14:33:00,OCO.V,,0.4099999964237213,0.4099999964237213,0.4099999964237213,0.4099999964237213,500.0
2026-04-10 14:33:00,ODV.V,,4.559999942779541,4.559999942779541,4.559999942779541,4.559999942779541,100.0
2026-04-10 14:33:00,OMG.V,,2.0299999713897705,2.0299999713897705,2.0299999713897705,2.0299999713897705,400.0
2026-04-10 14:33:00,ORC-B.V,,3.2200000286102295,3.2200000286102295,3.2200000286102295,3.2200000286102295,1400.0
2026-04-10 14:33:00,PESO.V,,0.4099999964237213,0.4099999964237213,0.4050000011920929,0.4050000011920929,4000.0
2026-04-10 14:33:00,PGE.V,,0.3199999928474426,0.3199999928474426,0.3199999928474426,0.3199999928474426,500.0
2026-04-10 14:33:00,RSMX.V,,0.13500000536441803,0.13500000536441803,0.13500000536441803,0.13500000536441803,59000.0
2026-04-10 14:33:00,RYO.V,,0.5400000214576721,0.5400000214576721,0.5400000214576721,0.5400000214576721,500.0
2026-04-10 14:33:00,SCZ.V,,11.199999809265137,11.199999809265137,11.170000076293945,11.180000305175781,600.0
2026-04-10 14:33:00,SVRS.V,,0.49000000953674316,0.49000000953674316,0.49000000953674316,0.49000000953674316,500.0
2026-04-10 14:34:00,MMY.V,,0.9700000286102295,0.9700000286102295,0.9700000286102295,0.9700000286102295,100.0
2026-04-10 14:34:00,NAU.V,,1.7999999523162842,1.7999999523162842,1.7999999523162842,1.7999999523162842,100.0
2026-04-10 14:34:00,ODV.V,,4.559999942779541,4.559999942779541,4.559999942779541,4.559999942779541,200.0
2026-04-10 14:34:00,OMG.V,,2.0299999713897705,2.0299999713897705,2.0299999713897705,2.0299999713897705,100.0
2026-04-10 14:34:00,PNPN.V,,1.159999966621399,1.159999966621399,1.159999966621399,1.159999966621399,3600.0
2026-04-10 14:34:00,RYO.V,,0.5400000214576721,0.5400000214576721,0.5400000214576721,0.5400000214576721,500.0
2026-04-10 14:34:00,SCZ.V,,11.15999984741211,11.1899995803833,11.15999984741211,11.1899995803833,1000.0
2026-04-10 14:34:00,STRR.V,,0.5099999904632568,0.5099999904632568,0.5099999904632568,0.5099999904632568,4000.0
2026-04-10 14:35:00,NAU.V,,1.7999999523162842,1.7999999523162842,1.7999999523162842,1.7999999523162842,100.0
2026-04-10 14:35:00,NFG.V,,2.8350000381469727,2.8350000381469727,2.8350000381469727,2.8350000381469727,100.0
2026-04-10 14:35:00,ODV.V,,4.559999942779541,4.559999942779541,4.550000190734863,4.550000190734863,200.0
2026-04-10 14:35:00,OMG.V,,2.0299999713897705,2.0299999713897705,2.0299999713897705,2.0299999713897705,100.0
2026-04-10 14:35:00,PWM.V,,0.46000000834465027,0.4650000035762787,0.46000000834465027,0.4650000035762787,1500.0
2026-04-10 14:35:00,RECO.V,,1.0800000429153442,1.0800000429153442,1.0800000429153442,1.0800000429153442,1300.0
2026-04-10 14:35:00,REG.V,,3.990000009536743,3.990000009536743,3.990000009536743,3.990000009536743,100.0
2026-04-10 14:35:00,SCD.V,,0.12999999523162842,0.12999999523162842,0.12999999523162842,0.12999999523162842,7000.0
2026-04-10 14:35:00,SGML.V,,20.440000534057617,20.440000534057617,20.440000534057617,20.440000534057617,200.0
2026-04-10 14:35:00,SOI.V,,0.2150000035762787,0.2150000035762787,0.2150000035762787,0.2150000035762787,1000.0
2026-04-10 14:36:00,MAI.V,,6.210000038146973,6.230000019073486,6.210000038146973,6.230000019073486,400.0
2026-04-10 14:36:00,NAU.V,,1.7999999523162842,1.7999999523162842,1.7999999523162842,1.7999999523162842,100.0
2026-04-10 14:36:00,NCX.V,,3.25,3.259999990463257,3.25,3.259999990463257,6700.0
2026-04-10 14:36:00,NFG.V,,2.819999933242798,2.8299999237060547,2.819999933242798,2.8299999237060547,38700.0
2026-04-10 14:36:00,OEC-H.V,,0.17499999701976776,0.17499999701976776,0.17000000178813934,0.17000000178813934,27000.0
2026-04-10 14:36:00,OMG.V,,2.0299999713897705,2.0299999713897705,2.0299999713897705,2.0299999713897705,100.0
2026-04-10 14:36:00,PNPN.V,,1.159999966621399,1.159999966621399,1.159999966621399,1.159999966621399,100.0
2026-04-10 14:36:00,QGR.V,,0.2750000059604645,0.2750000059604645,0.27000001072883606,0.27000001072883606,5000.0
2026-04-10 14:36:00,QNC.V,,3.5299999713897705,3.5299999713897705,3.5299999713897705,3.5299999713897705,100.0
2026-04-10 14:36:00,QTWO.V,,2.299999952316284,2.299999952316284,2.299999952316284,2.299999952316284,100.0
2026-04-10 14:36:00,RYO.V,,0.5400000214576721,0.5400000214576721,0.5400000214576721,0.5400000214576721,500.0
2026-04-10 14:36:00,SAG.V,,1.440000057220459,1.440000057220459,1.4299999475479126,1.4299999475479126,5700.0
2026-04-10 14:36:00,SCZ.V,,11.130000114440918,11.130000114440918,11.130000114440918,11.130000114440918,100.0
2026-04-10 14:36:00,SEI.V,,0.5699999928474426,0.5699999928474426,0.5699999928474426,0.5699999928474426,500.0
2026-04-10 14:36:00,STRR.V,,0.5099999904632568,0.5099999904632568,0.5099999904632568,0.5099999904632568,10000.0
2026-04-10 14:37:00,AGX.V,,0.7300000190734863,0.7300000190734863,0.7300000190734863,0.7300000190734863,500.0
2026-04-10 14:37:00,GASX.V,,1.440000057220459,1.440000057220459,1.440000057220459,1.440000057220459,100.0
2026-04-10 14:37:00,MMY.V,,0.9700000286102295,0.9700000286102295,0.9700000286102295,0.9700000286102295,100.0
2026-04-10 14:37:00,NAU.V,,1.7999999523162842,1.7999999523162842,1.7999999523162842,1.7999999523162842,100.0
2026-04-10 14:37:00,NFG.V,,2.8299999237060547,2.8299999237060547,2.825000047683716,2.825000047683716,2900.0
2026-04-10 14:37:00,RDS.V,,0.8700000047683716,0.8700000047683716,0.8700000047683716,0.8700000047683716,500.0
2026-04-10 14:37:00,RYO.V,,0.5400000214576721,0.5400000214576721,0.5400000214576721,0.5400000214576721,500.0
2026-04-10 14:37:00,SCZ.V,,11.119999885559082,11.119999885559082,11.119999885559082,11.119999885559082,100.0
2026-04-10 14:38:00,MAI.V,,6.239999771118164,6.239999771118164,6.215000152587891,6.21999979019165,4700.0
2026-04-10 14:38:00,NAU.V,,1.7999999523162842,1.7999999523162842,1.7999999523162842,1.7999999523162842,100.0
2026-04-10 14:38:00,NCX.V,,3.25,3.25,3.25,3.25,332.0
2026-04-10 14:38:00,NFG.V,,2.8299999237060547,2.8299999237060547,2.8299999237060547,2.8299999237060547,800.0
2026-04-10 14:38:00,PINK.V,,0.3199999928474426,0.3199999928474426,0.3199999928474426,0.3199999928474426,34000.0
2026-04-10 14:38:00,PLSR.V,,1.9299999475479126,1.9299999475479126,1.9299999475479126,1.9299999475479126,100.0
2026-04-10 14:38:00,QNC.V,,3.5199999809265137,3.5199999809265137,3.509999990463257,3.509999990463257,1150.0
2026-04-10 14:38:00,QTWO.V,,2.299999952316284,2.299999952316284,2.299999952316284,2.299999952316284,100.0
2026-04-10 14:38:00,ROS.V,,0.27000001072883606,0.27000001072883606,0.27000001072883606,0.27000001072883606,8000.0
2026-04-10 14:38:00,RYO.V,,0.5400000214576721,0.5400000214576721,0.5400000214576721,0.5400000214576721,500.0
2026-04-10 14:38:00,SGML.V,,20.3700008392334,20.3700008392334,20.3700008392334,20.3700008392334,100.0
2026-04-10 14:39:00,GASX.V,,1.440000057220459,1.440000057220459,1.440000057220459,1.440000057220459,200.0
2026-04-10 14:39:00,LITT.V,,0.4099999964237213,0.4099999964237213,0.4099999964237213,0.4099999964237213,2000.0
2026-04-10 14:39:00,MAI.V,,6.230000019073486,6.230000019073486,6.21999979019165,6.21999979019165,1300.0
2026-04-10 14:39:00,MMY.V,,0.9700000286102295,0.9700000286102295,0.9700000286102295,0.9700000286102295,100.0
2026-04-10 14:39:00,NAU.V,,1.7999999523162842,1.7999999523162842,1.7999999523162842,1.7999999523162842,100.0
2026-04-10 14:39:00,NCAU.V,,0.6399999856948853,0.6549999713897705,0.6299999952316284,0.6549999713897705,69000.0
2026-04-10 14:39:00,PGLD.V,,0.699999988079071,0.699999988079071,0.699999988079071,0.699999988079071,1200.0
2026-04-10 14:39:00,PINK.V,,0.3100000023841858,0.3100000023841858,0.3100000023841858,0.3100000023841858,10000.0
2026-04-10 14:39:00,PLAN.V,,0.375,0.375,0.3700000047683716,0.3700000047683716,19000.0
2026-04-10 14:39:00,PNPN.V,,1.159999966621399,1.159999966621399,1.159999966621399,1.159999966621399,100.0
2026-04-10 14:39:00,QNC.V,,3.5,3.5,3.5,3.5,2500.0
2026-04-10 14:39:00,SCZ.V,,11.09000015258789,11.119999885559082,11.09000015258789,11.119999885559082,500.0
2026-04-10 14:39:00,SSV.V,,0.5899999737739563,0.5899999737739563,0.5899999737739563,0.5899999737739563,50300.0
2026-04-10 14:40:00,GASX.V,,1.440000057220459,1.440000057220459,1.440000057220459,1.440000057220459,100.0
2026-04-10 14:40:00,MAI.V,,6.25,6.25,6.25,6.25,100.0
2026-04-10 14:40:00,NAU.V,,1.7999999523162842,1.7999999523162842,1.7999999523162842,1.7999999523162842,100.0
2026-04-10 14:40:00,NEV.V,,0.02500000037252903,0.02500000037252903,0.019999999552965164,0.019999999552965164,1202000.0
2026-04-10 14:40:00,NOB.V,,0.10000000149011612,0.10000000149011612,0.10000000149011612,0.10000000149011612,10000.0
2026-04-10 14:40:00,ODV.V,,4.559999942779541,4.559999942779541,4.559999942779541,4.559999942779541,100.0
2026-04-10 14:40:00,PINK.V,,0.3100000023841858,0.3100000023841858,0.3100000023841858,0.3100000023841858,5000.0
2026-04-10 14:40:00,QGR.V,,0.2750000059604645,0.2800000011920929,0.27250000834465027,0.27250000834465027,28500.0
2026-04-10 14:40:00,QTWO.V,,2.299999952316284,2.299999952316284,2.299999952316284,2.299999952316284,100.0
2026-04-10 14:40:00,RBX.V,,7.03000020980835,7.03000020980835,7.03000020980835,7.03000020980835,100.0
2026-04-10 14:40:00,ROCK.V,,2.640000104904175,2.640000104904175,2.640000104904175,2.640000104904175,1100.0
2026-04-10 14:40:00,RYO.V,,0.5400000214576721,0.5400000214576721,0.5400000214576721,0.5400000214576721,500.0
2026-04-10 14:40:00,SAG.V,,1.440000057220459,1.440000057220459,1.440000057220459,1.440000057220459,400.0
2026-04-10 14:40:00,SSV.V,,0.5899999737739563,0.5899999737739563,0.5899999737739563,0.5899999737739563,2000.0
2026-04-10 14:41:00,GASX.V,,1.440000057220459,1.440000057220459,1.440000057220459,1.440000057220459,200.0
2026-04-10 14:41:00,NAU.V,,1.7999999523162842,1.7999999523162842,1.7999999523162842,1.7999999523162842,100.0
2026-04-10 14:41:00,NEV.V,,0.02500000037252903,0.02500000037252903,0.02500000037252903,0.02500000037252903,443000.0
2026-04-10 14:41:00,OMG.V,,2.0299999713897705,2.0299999713897705,2.0250000953674316,2.0250000953674316,300.0
2026-04-10 14:41:00,PNPN.V,,1.159999966621399,1.159999966621399,1.159999966621399,1.159999966621399,100.0
2026-04-10 14:41:00,QNC.V,,3.5,3.5,3.5,3.5,100.0
2026-04-10 14:41:00,REG.V,,3.990000009536743,3.990000009536743,3.990000009536743,3.990000009536743,100.0
2026-04-10 14:41:00,ROK.V,,0.27000001072883606,0.27000001072883606,0.27000001072883606,0.27000001072883606,5500.0
2026-04-10 14:41:00,RYO.V,,0.5400000214576721,0.5400000214576721,0.5400000214576721,0.5400000214576721,500.0
2026-04-10 14:42:00,GASX.V,,1.440000057220459,1.440000057220459,1.440000057220459,1.440000057220459,100.0
2026-04-10 14:42:00,MAI.V,,6.25,6.25,6.25,6.25,1000.0
2026-04-10 14:42:00,MKA.V,,0.7200000286102295,0.7200000286102295,0.7200000286102295,0.7200000286102295,1000.0
2026-04-10 14:42:00,MMY.V,,0.9700000286102295,0.9700000286102295,0.9700000286102295,0.9700000286102295,100.0
2026-04-10 14:42:00,NAU.V,,1.7999999523162842,1.7999999523162842,1.7999999523162842,1.7999999523162842,100.0
2026-04-10 14:42:00,PGE.V,,0.3199999928474426,0.3199999928474426,0.3199999928474426,0.3199999928474426,500.0
2026-04-10 14:42:00,PINK.V,,0.30000001192092896,0.30000001192092896,0.30000001192092896,0.30000001192092896,45500.0
2026-04-10 14:42:00,PLSR.V,,1.9199999570846558,1.9199999570846558,1.9199999570846558,1.9199999570846558,100.0
2026-04-10 14:42:00,PNPN.V,,1.159999966621399,1.159999966621399,1.159999966621399,1.159999966621399,100.0
2026-04-10 14:42:00,PRG.V,,0.5899999737739563,0.5899999737739563,0.5899999737739563,0.5899999737739563,40000.0
2026-04-10 14:42:00,QNC.V,,3.490000009536743,3.490000009536743,3.490000009536743,3.490000009536743,200.0
2026-04-10 14:42:00,RSM.V,,0.3100000023841858,0.3100000023841858,0.3100000023841858,0.3100000023841858,29500.0
2026-04-10 14:42:00,RYO.V,,0.5400000214576721,0.5400000214576721,0.5400000214576721,0.5400000214576721,500.0
2026-04-10 14:42:00,SOI.V,,0.2150000035762787,0.2150000035762787,0.2150000035762787,0.2150000035762787,1500.0
2026-04-10 14:42:00,SRL.V,,0.1899999976158142,0.1899999976158142,0.1899999976158142,0.1899999976158142,5000.0
2026-04-10 14:43:00,GASX.V,,1.440000057220459,1.440000057220459,1.440000057220459,1.440000057220459,100.0
2026-04-10 14:43:00,NCX.V,,3.25,3.25,3.25,3.25,1900.0
2026-04-10 14:43:00,NDA.V,,0.9800000190734863,0.9800000190734863,0.9800000190734863,0.9800000190734863,2350.0
2026-04-10 14:43:00,NEV.V,,0.02500000037252903,0.02500000037252903,0.02500000037252903,0.02500000037252903,110000.0
2026-04-10 14:43:00,NKG.V,,0.2150000035762787,0.2150000035762787,0.2150000035762787,0.2150000035762787,21000.0
2026-04-10 14:43:00,NOB.V,,0.10000000149011612,0.10000000149011612,0.10000000149011612,0.10000000149011612,18500.0
2026-04-10 14:43:00,ODV.V,,4.539999961853027,4.539999961853027,4.539999961853027,4.539999961853027,506.0
2026-04-10 14:43:00,QTWO.V,,2.299999952316284,2.299999952316284,2.299999952316284,2.299999952316284,200.0
2026-04-10 14:43:00,SVRS.V,,0.48500001430511475,0.48500001430511475,0.48500001430511475,0.48500001430511475,1000.0
2026-04-10 14:44:00,AGX.V,,0.7300000190734863,0.7300000190734863,0.7300000190734863,0.7300000190734863,500.0
2026-04-10 14:44:00,GASX.V,,1.440000057220459,1.440000057220459,1.440000057220459,1.440000057220459,100.0
2026-04-10 14:44:00,MAI.V,,6.25,6.25,6.25,6.25,500.0
2026-04-10 14:44:00,NAU.V,,1.7899999618530273,1.7999999523162842,1.7899999618530273,1.7999999523162842,600.0
2026-04-10 14:44:00,NCAU.V,,0.6399999856948853,0.6399999856948853,0.6399999856948853,0.6399999856948853,7500.0
2026-04-10 14:44:00,NCI.V,,1.0,1.0,1.0,1.0,26800.0
2026-04-10 14:44:00,NPTH.V,,0.550000011920929,0.550000011920929,0.550000011920929,0.550000011920929,12000.0
2026-04-10 14:44:00,OMG.V,,2.0299999713897705,2.0299999713897705,2.0250000953674316,2.0250000953674316,900.0
2026-04-10 14:44:00,PNPN.V,,1.159999966621399,1.159999966621399,1.159999966621399,1.159999966621399,100.0
2026-04-10 14:44:00,PPP.V,,1.3300000429153442,1.340000033378601,1.3300000429153442,1.3300000429153442,5600.0
2026-04-10 14:44:00,QTWO.V,,2.299999952316284,2.299999952316284,2.299999952316284,2.299999952316284,200.0
2026-04-10 14:44:00,RYO.V,,0.5400000214576721,0.5400000214576721,0.5400000214576721,0.5400000214576721,500.0
2026-04-10 14:44:00,RZL.V,,0.44999998807907104,0.4699999988079071,0.44999998807907104,0.4699999988079071,24000.0
2026-04-10 14:44:00,SCD.V,,0.12999999523162842,0.12999999523162842,0.12999999523162842,0.12999999523162842,10000.0
2026-04-10 14:44:00,SCZ.V,,11.069999694824219,11.069999694824219,11.0600004196167,11.0600004196167,200.0
2026-04-10 14:44:00,SRC.V,,1.1200000047683716,1.1200000047683716,1.1200000047683716,1.1200000047683716,1000.0
2026-04-10 14:44:00,SVRS.V,,0.49000000953674316,0.49000000953674316,0.49000000953674316,0.49000000953674316,500.0
2026-04-10 14:45:00,GASX.V,,1.440000057220459,1.440000057220459,1.440000057220459,1.440000057220459,100.0
2026-04-10 14:45:00,LITT.V,,0.41999998688697815,0.41999998688697815,0.41999998688697815,0.41999998688697815,500.0
2026-04-10 14:45:00,NEV.V,,0.029999999329447746,0.029999999329447746,0.029999999329447746,0.029999999329447746,200328.0
2026-04-10 14:45:00,NFG.V,,2.819999933242798,2.819999933242798,2.819999933242798,2.819999933242798,1300.0
2026-04-10 14:45:00,ODV.V,,4.510000228881836,4.510000228881836,4.510000228881836,4.510000228881836,100.0
2026-04-10 14:45:00,OMG.V,,2.0299999713897705,2.0299999713897705,2.0299999713897705,2.0299999713897705,100.0
2026-04-10 14:45:00,PLSR.V,,1.909999966621399,1.909999966621399,1.909999966621399,1.909999966621399,7250.0
2026-04-10 14:45:00,QTWO.V,,2.299999952316284,2.299999952316284,2.299999952316284,2.299999952316284,200.0
2026-04-10 14:45:00,RVG.V,,0.8600000143051147,0.8600000143051147,0.8600000143051147,0.8600000143051147,23500.0
2026-04-10 14:45:00,RYO.V,,0.5400000214576721,0.5400000214576721,0.5400000214576721,0.5400000214576721,500.0
2026-04-10 14:45:00,SCZ.V,,11.069999694824219,11.069999694824219,11.069999694824219,11.069999694824219,100.0
2026-04-10 14:45:00,SM.V,,1.8300000429153442,1.8300000429153442,1.8300000429153442,1.8300000429153442,207.0
2026-04-10 14:45:00,SVE.V,,0.5400000214576721,0.5400000214576721,0.5400000214576721,0.5400000214576721,6000.0
2026-04-10 14:45:00,SVRS.V,,0.47999998927116394,0.47999998927116394,0.47999998927116394,0.47999998927116394,2000.0
2026-04-10 14:46:00,MMY.V,,0.9700000286102295,0.9700000286102295,0.9700000286102295,0.9700000286102295,100.0
2026-04-10 14:46:00,NFG.V,,2.819999933242798,2.819999933242798,2.819999933242798,2.819999933242798,900.0
2026-04-10 14:46:00,PNPN.V,,1.159999966621399,1.159999966621399,1.159999966621399,1.159999966621399,100.0
2026-04-10 14:46:00,PWM.V,,0.46000000834465027,0.46000000834465027,0.46000000834465027,0.46000000834465027,1000.0
2026-04-10 14:46:00,QTWO.V,,2.299999952316284,2.299999952316284,2.299999952316284,2.299999952316284,200.0
2026-04-10 14:46:00,RYO.V,,0.5400000214576721,0.5400000214576721,0.5400000214576721,0.5400000214576721,500.0
2026-04-10 14:46:00,SCD.V,,0.12999999523162842,0.12999999523162842,0.12999999523162842,0.12999999523162842,11500.0
2026-04-10 14:46:00,SCZ.V,,11.0600004196167,11.0600004196167,11.0600004196167,11.0600004196167,100.0
2026-04-10 14:46:00,SOI.V,,0.20999999344348907,0.2150000035762787,0.20999999344348907,0.2150000035762787,94500.0
2026-04-10 14:46:00,SPA.V,,0.23999999463558197,0.23999999463558197,0.23999999463558197,0.23999999463558197,6000.0
2026-04-10 14:46:00,SSV.V,,0.5899999737739563,0.5899999737739563,0.5899999737739563,0.5899999737739563,16000.0
2026-04-10 14:47:00,GASX.V,,1.440000057220459,1.440000057220459,1.440000057220459,1.440000057220459,100.0
2026-04-10 14:47:00,NCI.V,,1.0,1.0,1.0,1.0,73282.0
2026-04-10 14:47:00,NFG.V,,2.819999933242798,2.819999933242798,2.819999933242798,2.819999933242798,100.0
2026-04-10 14:47:00,PNPN.V,,1.159999966621399,1.159999966621399,1.159999966621399,1.159999966621399,100.0
2026-04-10 14:47:00,PPP.V,,1.3300000429153442,1.3300000429153442,1.3300000429153442,1.3300000429153442,2000.0
2026-04-10 14:47:00,QTWO.V,,2.299999952316284,2.299999952316284,2.299999952316284,2.299999952316284,100.0
2026-04-10 14:47:00,SAG.V,,1.440000057220459,1.440000057220459,1.440000057220459,1.440000057220459,11100.0
2026-04-10 14:47:00,SGML.V,,20.43000030517578,20.43000030517578,20.43000030517578,20.43000030517578,100.0
2026-04-10 14:47:00,SVRS.V,,0.47999998927116394,0.49000000953674316,0.47999998927116394,0.49000000953674316,2500.0
2026-04-10 14:48:00,AGX.V,,0.7300000190734863,0.7300000190734863,0.7300000190734863,0.7300000190734863,500.0
2026-04-10 14:48:00,MOX.V,,0.2150000035762787,0.2150000035762787,0.2150000035762787,0.2150000035762787,10000.0
2026-04-10 14:48:00,NAU.V,,1.7899999618530273,1.7899999618530273,1.7899999618530273,1.7899999618530273,300.0
2026-04-10 14:48:00,NEV.V,,0.029999999329447746,0.029999999329447746,0.02500000037252903,0.02500000037252903,152000.0
2026-04-10 14:48:00,NFG.V,,2.819999933242798,2.819999933242798,2.819999933242798,2.819999933242798,100.0
2026-04-10 14:48:00,OMG.V,,2.0250000953674316,2.0250000953674316,2.0250000953674316,2.0250000953674316,100.0
2026-04-10 14:48:00,PLSR.V,,1.909999966621399,1.909999966621399,1.909999966621399,1.909999966621399,2800.0
2026-04-10 14:48:00,PPP.V,,1.3300000429153442,1.3300000429153442,1.3300000429153442,1.3300000429153442,100.0
2026-04-10 14:48:00,QTWO.V,,2.299999952316284,2.299999952316284,2.299999952316284,2.299999952316284,400.0
2026-04-10 14:48:00,RE.V,,0.41999998688697815,0.41999998688697815,0.41999998688697815,0.41999998688697815,1000.0
2026-04-10 14:48:00,REG.V,,3.990000009536743,3.990000009536743,3.990000009536743,3.990000009536743,100.0
2026-04-10 14:48:00,ROK.V,,0.27000001072883606,0.27000001072883606,0.27000001072883606,0.27000001072883606,4000.0
2026-04-10 14:48:00,RSS.V,,0.44999998807907104,0.4650000035762787,0.44999998807907104,0.4650000035762787,10000.0
2026-04-10 14:48:00,RYO.V,,0.5400000214576721,0.5400000214576721,0.5400000214576721,0.5400000214576721,500.0
2026-04-10 14:48:00,SCZ.V,,11.069999694824219,11.069999694824219,11.069999694824219,11.069999694824219,100.0
2026-04-10 14:48:00,SGML.V,,20.40999984741211,20.40999984741211,20.40999984741211,20.40999984741211,400.0
2026-04-10 14:48:00,SLG.V,,3.75,3.75,3.75,3.75,6300.0
2026-04-10 14:48:00,SLI.V,,4.690000057220459,4.690000057220459,4.690000057220459,4.690000057220459,100.0
2026-04-10 14:49:00,MMY.V,,0.9700000286102295,0.9700000286102295,0.9700000286102295,0.9700000286102295,100.0
2026-04-10 14:49:00,PNPN.V,,1.159999966621399,1.159999966621399,1.159999966621399,1.159999966621399,400.0
2026-04-10 14:49:00,QTWO.V,,2.299999952316284,2.299999952316284,2.299999952316284,2.299999952316284,200.0
2026-04-10 14:49:00,RYO.V,,0.5400000214576721,0.5400000214576721,0.5400000214576721,0.5400000214576721,500.0
2026-04-10 14:49:00,SCZ.V,,11.069999694824219,11.069999694824219,11.069999694824219,11.069999694824219,600.0
2026-04-10 14:49:00,SLG.V,,3.75,3.75,3.75,3.75,600.0
2026-04-10 14:49:00,SLI.V,,4.690000057220459,4.690000057220459,4.690000057220459,4.690000057220459,300.0
2026-04-10 14:50:00,NFG.V,,2.819999933242798,2.819999933242798,2.819999933242798,2.819999933242798,1300.0
2026-04-10 14:50:00,NOB.V,,0.10000000149011612,0.10000000149011612,0.10000000149011612,0.10000000149011612,5000.0
2026-04-10 14:50:00,OCO.V,,0.4000000059604645,0.4000000059604645,0.4000000059604645,0.4000000059604645,500.0
2026-04-10 14:50:00,OMG.V,,2.0250000953674316,2.0250000953674316,2.0250000953674316,2.0250000953674316,100.0
2026-04-10 14:50:00,PGE.V,,0.3199999928474426,0.3199999928474426,0.3199999928474426,0.3199999928474426,500.0
2026-04-10 14:50:00,PNPN.V,,1.159999966621399,1.1649999618530273,1.159999966621399,1.1649999618530273,1900.0
2026-04-10 14:50:00,PPP.V,,1.3300000429153442,1.3300000429153442,1.3300000429153442,1.3300000429153442,4295.0
2026-04-10 14:50:00,QTWO.V,,2.2950000762939453,2.2950000762939453,2.2950000762939453,2.2950000762939453,100.0
2026-04-10 14:50:00,RBX.V,,7.03000020980835,7.03000020980835,7.03000020980835,7.03000020980835,1400.0
2026-04-10 14:50:00,RVG.V,,0.8600000143051147,0.8600000143051147,0.8600000143051147,0.8600000143051147,2000.0
2026-04-10 14:50:00,SVRS.V,,0.47999998927116394,0.49000000953674316,0.47999998927116394,0.49000000953674316,2500.0
2026-04-10 14:50:00,SXL.V,,0.07500000298023224,0.07500000298023224,0.07500000298023224,0.07500000298023224,35000.0
2026-04-10 14:51:00,MAI.V,,6.260000228881836,6.260000228881836,6.260000228881836,6.260000228881836,100.0
2026-04-10 14:51:00,OCO.V,,0.4000000059604645,0.4000000059604645,0.4000000059604645,0.4000000059604645,1100.0
2026-04-10 14:51:00,ODV.V,,4.53000020980835,4.53000020980835,4.53000020980835,4.53000020980835,100.0
2026-04-10 14:51:00,PNPN.V,,1.159999966621399,1.159999966621399,1.159999966621399,1.159999966621399,100.0
2026-04-10 14:51:00,QNC.V,,3.490000009536743,3.490000009536743,3.490000009536743,3.490000009536743,100.0
2026-04-10 14:51:00,QTWO.V,,2.299999952316284,2.299999952316284,2.299999952316284,2.299999952316284,100.0
2026-04-10 14:51:00,RBX.V,,6.949999809265137,6.949999809265137,6.949999809265137,6.949999809265137,158.0
2026-04-10 14:51:00,RYO.V,,0.5400000214576721,0.5400000214576721,0.5400000214576721,0.5400000214576721,1000.0
2026-04-10 14:51:00,SCZ.V,,11.100000381469727,11.100000381469727,11.0600004196167,11.0600004196167,250.0
2026-04-10 14:51:00,SLG.V,,3.75,3.75,3.734999895095825,3.734999895095825,200.0
2026-04-10 14:52:00,MAI.V,,6.239999771118164,6.25,6.239999771118164,6.25,600.0
2026-04-10 14:52:00,OMG.V,,2.0250000953674316,2.0250000953674316,2.0250000953674316,2.0250000953674316,100.0
2026-04-10 14:52:00,QTWO.V,,2.299999952316284,2.299999952316284,2.299999952316284,2.299999952316284,200.0
2026-04-10 14:52:00,RYO.V,,0.5400000214576721,0.5400000214576721,0.5400000214576721,0.5400000214576721,500.0
2026-04-10 14:52:00,SRQ.V,,0.07000000029802322,0.07000000029802322,0.07000000029802322,0.07000000029802322,1000.0
2026-04-10 14:52:00,SVRS.V,,0.48500001430511475,0.48500001430511475,0.48500001430511475,0.48500001430511475,3000.0
2026-04-10 14:53:00,MMY.V,,0.9700000286102295,0.9700000286102295,0.9700000286102295,0.9700000286102295,100.0
2026-04-10 14:53:00,ODV.V,,4.53000020980835,4.53000020980835,4.53000020980835,4.53000020980835,100.0
2026-04-10 14:53:00,OMG.V,,2.0250000953674316,2.0250000953674316,2.0250000953674316,2.0250000953674316,100.0
2026-04-10 14:53:00,PER.V,,0.1899999976158142,0.1899999976158142,0.1899999976158142,0.1899999976158142,73585.0
2026-04-10 14:53:00,QTWO.V,,2.299999952316284,2.305000066757202,2.299999952316284,2.299999952316284,1500.0
2026-04-10 14:53:00,RYO.V,,0.5400000214576721,0.5400000214576721,0.5400000214576721,0.5400000214576721,1000.0
2026-04-10 14:53:00,SCD.V,,0.12999999523162842,0.12999999523162842,0.12999999523162842,0.12999999523162842,1500.0
2026-04-10 14:53:00,SGML.V,,20.399999618530273,20.399999618530273,20.399999618530273,20.399999618530273,300.0
2026-04-10 14:53:00,STMP.V,,0.13500000536441803,0.13500000536441803,0.13500000536441803,0.13500000536441803,721.0
2026-04-10 14:54:00,AGX.V,,0.7300000190734863,0.7300000190734863,0.7300000190734863,0.7300000190734863,2000.0
2026-04-10 14:54:00,NAU.V,,1.7999999523162842,1.7999999523162842,1.7999999523162842,1.7999999523162842,100.0
2026-04-10 14:54:00,NCX.V,,3.240000009536743,3.240000009536743,3.240000009536743,3.240000009536743,900.0
2026-04-10 14:54:00,OMG.V,,2.0250000953674316,2.0250000953674316,2.0199999809265137,2.0199999809265137,200.0
2026-04-10 14:54:00,PGE.V,,0.3149999976158142,0.3149999976158142,0.3149999976158142,0.3149999976158142,13500.0
2026-04-10 14:54:00,SCZ.V,,11.079999923706055,11.079999923706055,11.079999923706055,11.079999923706055,100.0
2026-04-10 14:55:00,NPR.V,,0.8100000023841858,0.8100000023841858,0.8100000023841858,0.8100000023841858,1000.0
2026-04-10 14:55:00,ORC-B.V,,3.2200000286102295,3.2200000286102295,3.2200000286102295,3.2200000286102295,3000.0
2026-04-10 14:55:00,RAK.V,,0.1599999964237213,0.1599999964237213,0.1599999964237213,0.1599999964237213,500.0
2026-04-10 14:55:00,REG.V,,3.990000009536743,3.990000009536743,3.990000009536743,3.990000009536743,100.0
2026-04-10 14:55:00,RYO.V,,0.5400000214576721,0.5400000214576721,0.5400000214576721,0.5400000214576721,500.0
2026-04-10 14:55:00,RZL.V,,0.49000000953674316,0.49000000953674316,0.49000000953674316,0.49000000953674316,500.0
2026-04-10 14:55:00,SBIO.V,,0.23499999940395355,0.23499999940395355,0.23499999940395355,0.23499999940395355,4000.0
2026-04-10 14:55:00,SEI.V,,0.5699999928474426,0.5699999928474426,0.5699999928474426,0.5699999928474426,500.0
2026-04-10 14:55:00,SLG.V,,3.7300000190734863,3.7300000190734863,3.7300000190734863,3.7300000190734863,100.0
2026-04-10 14:55:00,SOI.V,,0.20999999344348907,0.20999999344348907,0.20999999344348907,0.20999999344348907,900.0
2026-04-10 14:55:00,SVRS.V,,0.48500001430511475,0.48500001430511475,0.48500001430511475,0.48500001430511475,2000.0
2026-04-10 14:56:00,GASX.V,,1.4500000476837158,1.4500000476837158,1.4500000476837158,1.4500000476837158,100.0
2026-04-10 14:56:00,NAU.V,,1.7999999523162842,1.7999999523162842,1.7999999523162842,1.7999999523162842,100.0
2026-04-10 14:56:00,PLSR.V,,1.9299999475479126,1.9299999475479126,1.9199999570846558,1.9199999570846558,4000.0
2026-04-10 14:56:00,ROCK.V,,2.6500000953674316,2.6600000858306885,2.6500000953674316,2.6600000858306885,900.0
2026-04-10 14:56:00,RYO.V,,0.5400000214576721,0.5400000214576721,0.5400000214576721,0.5400000214576721,500.0
2026-04-10 14:56:00,SCZ.V,,11.109999656677246,11.109999656677246,11.079999923706055,11.079999923706055,1000.0
2026-04-10 14:57:00,MMY.V,,0.9700000286102295,0.9700000286102295,0.9700000286102295,0.9700000286102295,100.0
2026-04-10 14:57:00,NFG.V,,2.815000057220459,2.815000057220459,2.815000057220459,2.815000057220459,100.0
2026-04-10 14:57:00,OMG.V,,2.0250000953674316,2.0250000953674316,2.0199999809265137,2.0250000953674316,300.0
2026-04-10 14:57:00,QTWO.V,,2.299999952316284,2.299999952316284,2.299999952316284,2.299999952316284,100.0
2026-04-10 14:57:00,ROCK.V,,2.640000104904175,2.640000104904175,2.640000104904175,2.640000104904175,300.0
2026-04-10 14:57:00,ROI.V,,0.08500000089406967,0.08500000089406967,0.08500000089406967,0.08500000089406967,5000.0
2026-04-10 14:57:00,RYO.V,,0.5400000214576721,0.5400000214576721,0.5400000214576721,0.5400000214576721,500.0
2026-04-10 14:57:00,SCZ.V,,11.100000381469727,11.109999656677246,11.100000381469727,11.109999656677246,500.0
2026-04-10 14:57:00,SVE.V,,0.5299999713897705,0.5299999713897705,0.5299999713897705,0.5299999713897705,500.0
2026-04-10 14:58:00,AGX.V,,0.7300000190734863,0.7300000190734863,0.7300000190734863,0.7300000190734863,500.0
2026-04-10 14:58:00,MAI.V,,6.230000019073486,6.25,6.230000019073486,6.25,800.0
2026-04-10 14:58:00,NAU.V,,1.7999999523162842,1.7999999523162842,1.7999999523162842,1.7999999523162842,100.0
2026-04-10 14:58:00,PLSR.V,,1.9199999570846558,1.9199999570846558,1.9199999570846558,1.9199999570846558,900.0
2026-04-10 14:58:00,PTU.V,,0.41499999165534973,0.41499999165534973,0.41499999165534973,0.41499999165534973,5000.0
2026-04-10 14:58:00,QNC.V,,3.490000009536743,3.490000009536743,3.490000009536743,3.490000009536743,100.0
2026-04-10 14:58:00,ROI.V,,0.07999999821186066,0.07999999821186066,0.07999999821186066,0.07999999821186066,73100.0
2026-04-10 14:58:00,RVG.V,,0.8600000143051147,0.8600000143051147,0.8600000143051147,0.8600000143051147,2000.0
2026-04-10 14:58:00,SLG.V,,3.734999895095825,3.734999895095825,3.734999895095825,3.734999895095825,100.0
2026-04-10 14:58:00,SOI.V,,0.20999999344348907,0.20999999344348907,0.20999999344348907,0.20999999344348907,9500.0
2026-04-10 14:58:00,STMP.V,,0.12999999523162842,0.12999999523162842,0.12999999523162842,0.12999999523162842,2000.0
2026-04-10 14:58:00,SVRS.V,,0.49000000953674316,0.49000000953674316,0.48500001430511475,0.49000000953674316,6000.0
2026-04-10 14:59:00,NBLC.V,,0.05999999865889549,0.05999999865889549,0.05999999865889549,0.05999999865889549,330000.0
2026-04-10 14:59:00,NFG.V,,2.819999933242798,2.819999933242798,2.815000057220459,2.815000057220459,200.0
2026-04-10 14:59:00,NKG.V,,0.2150000035762787,0.2150000035762787,0.2150000035762787,0.2150000035762787,1500.0
2026-04-10 14:59:00,PLSR.V,,1.9199999570846558,1.9199999570846558,1.9199999570846558,1.9199999570846558,100.0
2026-04-10 14:59:00,PML.V,,0.8999999761581421,0.8999999761581421,0.8999999761581421,0.8999999761581421,500.0
2026-04-10 14:59:00,PPP.V,,1.3300000429153442,1.3300000429153442,1.3300000429153442,1.3300000429153442,100.0
2026-04-10 14:59:00,RDS.V,,0.8700000047683716,0.8700000047683716,0.8700000047683716,0.8700000047683716,500.0
2026-04-10 14:59:00,ROCK.V,,2.630000114440918,2.630000114440918,2.630000114440918,2.630000114440918,100.0
2026-04-10 14:59:00,ROI.V,,0.07999999821186066,0.07999999821186066,0.07999999821186066,0.07999999821186066,10000.0
2026-04-10 14:59:00,RYO.V,,0.5400000214576721,0.5400000214576721,0.5400000214576721,0.5400000214576721,500.0
2026-04-10 14:59:00,SLG.V,,3.7300000190734863,3.7300000190734863,3.7300000190734863,3.7300000190734863,100.0
2026-04-10 14:59:00,SLI.V,,4.690000057220459,4.690000057220459,4.690000057220459,4.690000057220459,100.0
2026-04-10 14:59:00,SVRS.V,,0.49000000953674316,0.49000000953674316,0.49000000953674316,0.49000000953674316,7500.0
2026-04-10 15:00:00,BKM.V,,1.350000023841858,1.350000023841858,1.350000023841858,1.350000023841858,500.0
2026-04-10 15:00:00,MMY.V,,0.9700000286102295,0.9700000286102295,0.9700000286102295,0.9700000286102295,100.0
2026-04-10 15:00:00,NAU.V,,1.7999999523162842,1.7999999523162842,1.7999999523162842,1.7999999523162842,100.0
2026-04-10 15:00:00,NBLC.V,,0.06499999761581421,0.06499999761581421,0.06499999761581421,0.06499999761581421,65000.0
2026-04-10 15:00:00,NOW.V,,0.22499999403953552,0.22499999403953552,0.22499999403953552,0.22499999403953552,15000.0
2026-04-10 15:00:00,ODV.V,,4.539999961853027,4.550000190734863,4.539999961853027,4.539999961853027,4000.0
2026-04-10 15:00:00,PLSR.V,,1.9299999475479126,1.9299999475479126,1.9249999523162842,1.9249999523162842,1500.0
2026-04-10 15:00:00,PRG.V,,0.6000000238418579,0.6000000238418579,0.6000000238418579,0.6000000238418579,45000.0
2026-04-10 15:00:00,RYO.V,,0.5400000214576721,0.5400000214576721,0.5400000214576721,0.5400000214576721,500.0
2026-04-10 15:00:00,SCZ.V,,11.09000015258789,11.09000015258789,11.09000015258789,11.09000015258789,300.0
2026-04-10 15:00:00,SGN.V,,0.3400000035762787,0.3400000035762787,0.3400000035762787,0.3400000035762787,800.0
2026-04-10 15:00:00,SLG.V,,3.75,3.75,3.75,3.75,1334.0
2026-04-10 15:01:00,MAI.V,,6.25,6.25,6.25,6.25,500.0
2026-04-10 15:01:00,NFG.V,,2.809999942779541,2.809999942779541,2.809999942779541,2.809999942779541,113.0
2026-04-10 15:01:00,NOW.V,,0.22499999403953552,0.22499999403953552,0.22499999403953552,0.22499999403953552,47000.0
2026-04-10 15:01:00,NSU.V,,0.19499999284744263,0.19499999284744263,0.19499999284744263,0.19499999284744263,3000.0
2026-04-10 15:01:00,ODV.V,,4.539999961853027,4.539999961853027,4.539999961853027,4.539999961853027,1300.0
2026-04-10 15:01:00,OMG.V,,2.0250000953674316,2.0250000953674316,2.0250000953674316,2.0250000953674316,100.0
2026-04-10 15:01:00,QTWO.V,,2.299999952316284,2.299999952316284,2.299999952316284,2.299999952316284,400.0
2026-04-10 15:01:00,ROCK.V,,2.630000114440918,2.640000104904175,2.630000114440918,2.640000104904175,400.0
2026-04-10 15:01:00,RYO.V,,0.5400000214576721,0.5400000214576721,0.5400000214576721,0.5400000214576721,500.0
2026-04-10 15:01:00,RZL.V,,0.49000000953674316,0.49000000953674316,0.49000000953674316,0.49000000953674316,1000.0
2026-04-10 15:01:00,SCZ.V,,11.100000381469727,11.100000381469727,11.09000015258789,11.09000015258789,1000.0
2026-04-10 15:01:00,SGML.V,,20.350000381469727,20.360000610351562,20.350000381469727,20.360000610351562,400.0
2026-04-10 15:01:00,SLG.V,,3.75,3.75,3.75,3.75,300.0
2026-04-10 15:01:00,SYH.V,,0.4699999988079071,0.4699999988079071,0.4699999988079071,0.4699999988079071,500.0
2026-04-10 15:02:00,MAI.V,,6.25,6.25,6.25,6.25,100.0
2026-04-10 15:02:00,NAU.V,,1.7999999523162842,1.7999999523162842,1.7999999523162842,1.7999999523162842,100.0
2026-04-10 15:02:00,PLSR.V,,1.934999942779541,1.934999942779541,1.934999942779541,1.934999942779541,100.0
2026-04-10 15:02:00,QTWO.V,,2.299999952316284,2.299999952316284,2.299999952316284,2.299999952316284,100.0
2026-04-10 15:02:00,RDS.V,,0.8700000047683716,0.8700000047683716,0.8700000047683716,0.8700000047683716,3000.0
2026-04-10 15:02:00,RECO.V,,1.100000023841858,1.100000023841858,1.090000033378601,1.090000033378601,19300.0
2026-04-10 15:02:00,SGN.V,,0.3449999988079071,0.3449999988079071,0.3449999988079071,0.3449999988079071,2500.0
2026-04-10 15:02:00,SLG.V,,3.734999895095825,3.734999895095825,3.734999895095825,3.734999895095825,100.0
2026-04-10 15:03:00,GASX.V,,1.440000057220459,1.440000057220459,1.440000057220459,1.440000057220459,100.0
2026-04-10 15:03:00,NBLC.V,,0.06499999761581421,0.06499999761581421,0.06499999761581421,0.06499999761581421,50000.0
2026-04-10 15:03:00,NFG.V,,2.815000057220459,2.815000057220459,2.815000057220459,2.815000057220459,100.0
2026-04-10 15:03:00,OMG.V,,2.0299999713897705,2.0299999713897705,2.0299999713897705,2.0299999713897705,100.0
2026-04-10 15:03:00,PINK.V,,0.3199999928474426,0.3199999928474426,0.3199999928474426,0.3199999928474426,16500.0
2026-04-10 15:03:00,PML.V,,0.8999999761581421,0.8999999761581421,0.8999999761581421,0.8999999761581421,19500.0
2026-04-10 15:03:00,QTWO.V,,2.299999952316284,2.299999952316284,2.299999952316284,2.299999952316284,400.0
2026-04-10 15:03:00,RECO.V,,1.100000023841858,1.100000023841858,1.100000023841858,1.100000023841858,3000.0
2026-04-10 15:03:00,RYO.V,,0.5400000214576721,0.5400000214576721,0.5400000214576721,0.5400000214576721,500.0
2026-04-10 15:03:00,SEND.V,,1.600000023841858,1.600000023841858,1.5800000429153442,1.5800000429153442,10800.0
2026-04-10 15:03:00,SLG.V,,3.75,3.75,3.7300000190734863,3.7300000190734863,3600.0
2026-04-10 15:03:00,SVRS.V,,0.49000000953674316,0.49000000953674316,0.49000000953674316,0.49000000953674316,500.0
2026-04-10 15:04:00,MAI.V,,6.25,6.25,6.25,6.25,300.0
2026-04-10 15:04:00,MMY.V,,0.9700000286102295,0.9700000286102295,0.9700000286102295,0.9700000286102295,300.0
2026-04-10 15:04:00,NAU.V,,1.7999999523162842,1.7999999523162842,1.7999999523162842,1.7999999523162842,5250.0
2026-04-10 15:04:00,NCAU.V,,0.6499999761581421,0.6499999761581421,0.6499999761581421,0.6499999761581421,13125.0
2026-04-10 15:04:00,PEAK.V,,0.42500001192092896,0.42500001192092896,0.42500001192092896,0.42500001192092896,4000.0
2026-04-10 15:04:00,PLSR.V,,1.934999942779541,1.934999942779541,1.934999942779541,1.934999942779541,100.0
2026-04-10 15:04:00,PLY.V,,0.05000000074505806,0.05000000074505806,0.05000000074505806,0.05000000074505806,10000.0
2026-04-10 15:04:00,PPP.V,,1.3350000381469727,1.3350000381469727,1.3350000381469727,1.3350000381469727,100.0
2026-04-10 15:04:00,QNC.V,,3.490000009536743,3.490000009536743,3.490000009536743,3.490000009536743,100.0
2026-04-10 15:04:00,QTWO.V,,2.299999952316284,2.299999952316284,2.299999952316284,2.299999952316284,300.0
2026-04-10 15:04:00,RYO.V,,0.5400000214576721,0.5400000214576721,0.5400000214576721,0.5400000214576721,500.0
2026-04-10 15:04:00,SCZ.V,,11.109999656677246,11.109999656677246,11.100000381469727,11.100000381469727,300.0
2026-04-10 15:04:00,SEND.V,,1.6399999856948853,1.6399999856948853,1.600000023841858,1.600000023841858,5200.0
2026-04-10 15:04:00,SLG.V,,3.75,3.75,3.75,3.75,100.0
2026-04-10 15:05:00,NAU.V,,1.7999999523162842,1.7999999523162842,1.7999999523162842,1.7999999523162842,100.0
2026-04-10 15:05:00,NEXE.V,,0.1550000011920929,0.1550000011920929,0.1550000011920929,0.1550000011920929,1000.0
2026-04-10 15:05:00,NFG.V,,2.815000057220459,2.815000057220459,2.815000057220459,2.815000057220459,100.0
2026-04-10 15:05:00,OMM.V,,0.05999999865889549,0.05999999865889549,0.05999999865889549,0.05999999865889549,5000.0
2026-04-10 15:05:00,PLSR.V,,1.934999942779541,1.934999942779541,1.934999942779541,1.934999942779541,100.0
2026-04-10 15:05:00,QTWO.V,,2.299999952316284,2.299999952316284,2.299999952316284,2.299999952316284,300.0
2026-04-10 15:05:00,RYO.V,,0.5400000214576721,0.5400000214576721,0.5400000214576721,0.5400000214576721,500.0
2026-04-10 15:05:00,SCZ.V,,11.109999656677246,11.109999656677246,11.109999656677246,11.109999656677246,200.0
2026-04-10 15:05:00,SLG.V,,3.75,3.75,3.75,3.75,6800.0
2026-04-10 15:05:00,STS.V,,0.12999999523162842,0.12999999523162842,0.12999999523162842,0.12999999523162842,0.0
2026-04-10 15:05:00,SVE.V,,0.5400000214576721,0.5400000214576721,0.5400000214576721,0.5400000214576721,2000.0
2026-04-10 15:06:00,MAI.V,,6.25,6.25,6.25,6.25,200.0
2026-04-10 15:06:00,OMG.V,,2.0299999713897705,2.0299999713897705,2.0299999713897705,2.0299999713897705,100.0
2026-04-10 15:06:00,OMM.V,,0.05999999865889549,0.05999999865889549,0.05999999865889549,0.05999999865889549,1000.0
2026-04-10 15:06:00,PLSR.V,,1.934999942779541,1.934999942779541,1.934999942779541,1.934999942779541,100.0
2026-04-10 15:06:00,QTWO.V,,2.299999952316284,2.299999952316284,2.299999952316284,2.299999952316284,100.0
2026-04-10 15:06:00,SLG.V,,3.75,3.75,3.75,3.75,4300.0
2026-04-10 15:06:00,SPA.V,,0.23499999940395355,0.23499999940395355,0.23499999940395355,0.23499999940395355,1000.0
2026-04-10 15:06:00,STUD.V,,0.3499999940395355,0.35499998927116394,0.3499999940395355,0.35499998927116394,2500.0
2026-04-10 15:06:00,SVRS.V,,0.49000000953674316,0.49000000953674316,0.49000000953674316,0.49000000953674316,500.0
2026-04-10 15:07:00,GASX.V,,1.440000057220459,1.440000057220459,1.440000057220459,1.440000057220459,100.0
2026-04-10 15:07:00,MAI.V,,6.239999771118164,6.239999771118164,6.239999771118164,6.239999771118164,900.0
2026-04-10 15:07:00,NAU.V,,1.7999999523162842,1.7999999523162842,1.7999999523162842,1.7999999523162842,100.0
2026-04-10 15:07:00,NFG.V,,2.815000057220459,2.815000057220459,2.815000057220459,2.815000057220459,100.0
2026-04-10 15:07:00,OGN.V,,3.630000114440918,3.630000114440918,3.5799999237060547,3.5799999237060547,500.0
2026-04-10 15:07:00,PGE.V,,0.3149999976158142,0.3149999976158142,0.3100000023841858,0.3100000023841858,5000.0
2026-04-10 15:07:00,PLSR.V,,1.9199999570846558,1.9199999570846558,1.9199999570846558,1.9199999570846558,300.0
2026-04-10 15:07:00,QGR.V,,0.2849999964237213,0.2849999964237213,0.2849999964237213,0.2849999964237213,7500.0
2026-04-10 15:07:00,QTWO.V,,2.299999952316284,2.299999952316284,2.299999952316284,2.299999952316284,400.0
2026-04-10 15:07:00,QYOU.V,,0.3400000035762787,0.3400000035762787,0.3400000035762787,0.3400000035762787,0.0
2026-04-10 15:07:00,RYO.V,,0.5400000214576721,0.5400000214576721,0.5400000214576721,0.5400000214576721,500.0
2026-04-10 15:07:00,SCZ.V,,11.09000015258789,11.09000015258789,11.069999694824219,11.079999923706055,2659.0
2026-04-10 15:07:00,SOMA.V,,1.7899999618530273,1.7899999618530273,1.7899999618530273,1.7899999618530273,200.0
2026-04-10 15:07:00,STUD.V,,0.35249999165534973,0.35499998927116394,0.35249999165534973,0.35249999165534973,2500.0
2026-04-10 15:07:00,SVRS.V,,0.49000000953674316,0.49000000953674316,0.49000000953674316,0.49000000953674316,500.0
2026-04-10 15:08:00,AFR.V,,0.03999999910593033,0.03999999910593033,0.03999999910593033,0.03999999910593033,1000.0
2026-04-10 15:08:00,PLSR.V,,1.9199999570846558,1.9199999570846558,1.9199999570846558,1.9199999570846558,300.0
2026-04-10 15:08:00,RDS.V,,0.8700000047683716,0.8700000047683716,0.8700000047683716,0.8700000047683716,12500.0
2026-04-10 15:08:00,RET-A.V,,1.840000033378601,1.840000033378601,1.840000033378601,1.840000033378601,100.0
2026-04-10 15:08:00,RYO.V,,0.5400000214576721,0.5400000214576721,0.5400000214576721,0.5400000214576721,500.0
2026-04-10 15:08:00,SVE.V,,0.5299999713897705,0.5299999713897705,0.5299999713897705,0.5299999713897705,500.0
2026-04-10 15:08:00,SVRS.V,,0.49000000953674316,0.49000000953674316,0.49000000953674316,0.49000000953674316,500.0
2026-04-10 15:08:00,VIPR.V,,1.25,1.25,1.25,1.25,200.0
2026-04-10 15:09:00,GASX.V,,1.440000057220459,1.440000057220459,1.440000057220459,1.440000057220459,100.0
2026-04-10 15:09:00,MAI.V,,6.25,6.25,6.239999771118164,6.239999771118164,700.0
2026-04-10 15:09:00,NAU.V,,1.7999999523162842,1.7999999523162842,1.7999999523162842,1.7999999523162842,100.0
2026-04-10 15:09:00,NFG.V,,2.809999942779541,2.809999942779541,2.809999942779541,2.809999942779541,4500.0
2026-04-10 15:09:00,OMG.V,,2.0299999713897705,2.0299999713897705,2.0299999713897705,2.0299999713897705,100.0
2026-04-10 15:09:00,PINK.V,,0.3199999928474426,0.3199999928474426,0.3199999928474426,0.3199999928474426,14500.0
2026-04-10 15:09:00,PLSR.V,,1.9199999570846558,1.9199999570846558,1.9199999570846558,1.9199999570846558,300.0
2026-04-10 15:09:00,PML.V,,0.8999999761581421,0.8999999761581421,0.8999999761581421,0.8999999761581421,13000.0
2026-04-10 15:09:00,RYO.V,,0.5400000214576721,0.5400000214576721,0.5400000214576721,0.5400000214576721,500.0
2026-04-10 15:09:00,SOMA.V,,1.7899999618530273,1.7899999618530273,1.7899999618530273,1.7899999618530273,3501.0
2026-04-10 15:09:00,SVRS.V,,0.49000000953674316,0.49000000953674316,0.49000000953674316,0.49000000953674316,500.0
2026-04-10 15:10:00,GASX.V,,1.440000057220459,1.440000057220459,1.440000057220459,1.440000057220459,100.0
2026-04-10 15:10:00,MAI.V,,6.230000019073486,6.239999771118164,6.230000019073486,6.239999771118164,593.0
2026-04-10 15:10:00,MMY.V,,0.9700000286102295,0.9700000286102295,0.9700000286102295,0.9700000286102295,100.0
2026-04-10 15:10:00,NAU.V,,1.75,1.7899999618530273,1.75,1.7899999618530273,198714.0
2026-04-10 15:10:00,ODV.V,,4.539999961853027,4.539999961853027,4.539999961853027,4.539999961853027,1500.0
2026-04-10 15:10:00,OMG.V,,2.0299999713897705,2.0299999713897705,2.0299999713897705,2.0299999713897705,190.0
2026-04-10 15:10:00,PLSR.V,,1.9199999570846558,1.9199999570846558,1.9199999570846558,1.9199999570846558,700.0
2026-04-10 15:10:00,PML.V,,0.8999999761581421,0.8999999761581421,0.8999999761581421,0.8999999761581421,17000.0
2026-04-10 15:10:00,QTWO.V,,2.299999952316284,2.299999952316284,2.299999952316284,2.299999952316284,100.0
2026-04-10 15:10:00,RDS.V,,0.8799999952316284,0.8799999952316284,0.8700000047683716,0.8700000047683716,25500.0
2026-04-10 15:10:00,SLG.V,,3.740000009536743,3.75,3.740000009536743,3.75,400.0
2026-04-10 15:10:00,SOMA.V,,1.7799999713897705,1.809999942779541,1.7799999713897705,1.809999942779541,661.0
2026-04-10 15:11:00,NAU.V,,1.7699999809265137,1.7699999809265137,1.7699999809265137,1.7699999809265137,8600.0
2026-04-10 15:11:00,NFG.V,,2.809999942779541,2.809999942779541,2.809999942779541,2.809999942779541,200.0
2026-04-10 15:11:00,NIM.V,,0.949999988079071,0.949999988079071,0.949999988079071,0.949999988079071,1505.0
2026-04-10 15:11:00,NSU.V,,0.19499999284744263,0.19499999284744263,0.19499999284744263,0.19499999284744263,15000.0
2026-04-10 15:11:00,OMG.V,,2.0299999713897705,2.0299999713897705,2.0299999713897705,2.0299999713897705,100.0
2026-04-10 15:11:00,PLSR.V,,1.9199999570846558,1.9199999570846558,1.9199999570846558,1.9199999570846558,300.0
2026-04-10 15:11:00,PPP.V,,1.3300000429153442,1.3300000429153442,1.3300000429153442,1.3300000429153442,100.0
2026-04-10 15:11:00,QTWO.V,,2.299999952316284,2.299999952316284,2.299999952316284,2.299999952316284,200.0
2026-04-10 15:11:00,ROCK.V,,2.630000114440918,2.640000104904175,2.630000114440918,2.640000104904175,2400.0
2026-04-10 15:11:00,RYO.V,,0.5400000214576721,0.5400000214576721,0.5400000214576721,0.5400000214576721,500.0
2026-04-10 15:11:00,SCZ.V,,11.050000190734863,11.050000190734863,11.050000190734863,11.050000190734863,100.0
2026-04-10 15:11:00,SLG.V,,3.7300000190734863,3.7300000190734863,3.7300000190734863,3.7300000190734863,600.0
2026-04-10 15:11:00,STS.V,,0.12999999523162842,0.12999999523162842,0.12999999523162842,0.12999999523162842,500.0
2026-04-10 15:11:00,STUD.V,,0.35499998927116394,0.35499998927116394,0.35499998927116394,0.35499998927116394,500.0
2026-04-10 15:11:00,SVRS.V,,0.48500001430511475,0.49000000953674316,0.48500001430511475,0.49000000953674316,2500.0
2026-04-10 15:12:00,NCX.V,,3.25,3.25,3.25,3.25,200.0
2026-04-10 15:12:00,NFG.V,,2.809999942779541,2.809999942779541,2.809999942779541,2.809999942779541,100.0
2026-04-10 15:12:00,NIM.V,,0.9700000286102295,0.9700000286102295,0.9700000286102295,0.9700000286102295,500.0
2026-04-10 15:12:00,NOB.V,,0.10000000149011612,0.10000000149011612,0.10000000149011612,0.10000000149011612,1000.0
2026-04-10 15:12:00,PLSR.V,,1.9199999570846558,1.9249999523162842,1.9199999570846558,1.9199999570846558,700.0
2026-04-10 15:12:00,PNPN.V,,1.159999966621399,1.159999966621399,1.159999966621399,1.159999966621399,100.0
2026-04-10 15:12:00,PPP.V,,1.3300000429153442,1.3300000429153442,1.3300000429153442,1.3300000429153442,16900.0
2026-04-10 15:12:00,PWM.V,,0.46000000834465027,0.46000000834465027,0.46000000834465027,0.46000000834465027,1000.0
2026-04-10 15:12:00,QNC.V,,3.490000009536743,3.509999990463257,3.490000009536743,3.509999990463257,2100.0
2026-04-10 15:12:00,QTWO.V,,2.299999952316284,2.299999952316284,2.299999952316284,2.299999952316284,200.0
2026-04-10 15:12:00,RDS.V,,0.8799999952316284,0.8799999952316284,0.8799999952316284,0.8799999952316284,12500.0
2026-04-10 15:12:00,RECO.V,,1.100000023841858,1.100000023841858,1.100000023841858,1.100000023841858,6800.0
2026-04-10 15:12:00,RYO.V,,0.5400000214576721,0.5400000214576721,0.5400000214576721,0.5400000214576721,500.0
2026-04-10 15:12:00,SCZ.V,,11.050000190734863,11.050000190734863,11.050000190734863,11.050000190734863,100.0
2026-04-10 15:12:00,SLG.V,,3.7200000286102295,3.7200000286102295,3.7200000286102295,3.7200000286102295,100.0
2026-04-10 15:12:00,SVRS.V,,0.48500001430511475,0.49000000953674316,0.48500001430511475,0.49000000953674316,40000.0
2026-04-10 15:12:00,SYH.V,,0.4699999988079071,0.4699999988079071,0.4699999988079071,0.4699999988079071,2515.0
2026-04-10 15:13:00,LITT.V,,0.42500001192092896,0.42500001192092896,0.41999998688697815,0.41999998688697815,17357.0
2026-04-10 15:13:00,MMY.V,,0.9700000286102295,0.9700000286102295,0.9700000286102295,0.9700000286102295,100.0
2026-04-10 15:13:00,NAU.V,,1.7599999904632568,1.7599999904632568,1.7599999904632568,1.7599999904632568,27500.0
2026-04-10 15:13:00,NFG.V,,2.809999942779541,2.809999942779541,2.809999942779541,2.809999942779541,200.0
2026-04-10 15:13:00,NOB.V,,0.10000000149011612,0.10000000149011612,0.10000000149011612,0.10000000149011612,1000.0
2026-04-10 15:13:00,ORC-B.V,,3.2699999809265137,3.2699999809265137,3.2699999809265137,3.2699999809265137,1200.0
2026-04-10 15:13:00,PLAN.V,,0.3700000047683716,0.3700000047683716,0.3700000047683716,0.3700000047683716,1000.0
2026-04-10 15:13:00,PLSR.V,,1.9249999523162842,1.9249999523162842,1.9249999523162842,1.9249999523162842,100.0
2026-04-10 15:13:00,PPP.V,,1.3300000429153442,1.3300000429153442,1.3300000429153442,1.3300000429153442,1000.0
2026-04-10 15:13:00,QNC.V,,3.490000009536743,3.490000009536743,3.490000009536743,3.490000009536743,200.0
2026-04-10 15:13:00,RBX.V,,6.949999809265137,6.949999809265137,6.949999809265137,6.949999809265137,100.0
2026-04-10 15:13:00,ROOF.V,,0.20499999821186066,0.20499999821186066,0.20499999821186066,0.20499999821186066,500.0
2026-04-10 15:13:00,RYO.V,,0.5400000214576721,0.5400000214576721,0.5400000214576721,0.5400000214576721,500.0
2026-04-10 15:13:00,SCZ.V,,11.0600004196167,11.0600004196167,11.039999961853027,11.039999961853027,869.0
2026-04-10 15:13:00,STRR.V,,0.5199999809265137,0.5199999809265137,0.5199999809265137,0.5199999809265137,3000.0
2026-04-10 15:13:00,STUD.V,,0.35499998927116394,0.35499998927116394,0.35499998927116394,0.35499998927116394,6000.0
2026-04-10 15:13:00,SVRS.V,,0.48500001430511475,0.49000000953674316,0.48500001430511475,0.49000000953674316,1000.0
2026-04-10 15:14:00,MMY.V,,0.9700000286102295,0.9700000286102295,0.9700000286102295,0.9700000286102295,100.0
2026-04-10 15:14:00,MON.V,,0.6600000262260437,0.6600000262260437,0.6600000262260437,0.6600000262260437,500.0
2026-04-10 15:14:00,NAU.V,,1.7799999713897705,1.7799999713897705,1.7799999713897705,1.7799999713897705,3123.0
2026-04-10 15:14:00,NFD-A.V,,5.199999809265137,5.199999809265137,5.199999809265137,5.199999809265137,400.0
2026-04-10 15:14:00,NFG.V,,2.809999942779541,2.809999942779541,2.809999942779541,2.809999942779541,100.0
2026-04-10 15:14:00,NPR.V,,0.8100000023841858,0.8100000023841858,0.8100000023841858,0.8100000023841858,6200.0
2026-04-10 15:14:00,OGO.V,,0.8299999833106995,0.8299999833106995,0.8299999833106995,0.8299999833106995,500.0
2026-04-10 15:14:00,OMG.V,,2.0299999713897705,2.0299999713897705,2.0299999713897705,2.0299999713897705,5900.0
2026-04-10 15:14:00,OTS-H.V,,0.20999999344348907,0.20999999344348907,0.20999999344348907,0.20999999344348907,0.0
2026-04-10 15:14:00,PLAN.V,,0.3700000047683716,0.3700000047683716,0.3700000047683716,0.3700000047683716,10400.0
2026-04-10 15:14:00,PLSR.V,,1.9199999570846558,1.9249999523162842,1.9199999570846558,1.9249999523162842,500.0
2026-04-10 15:14:00,PPP.V,,1.3300000429153442,1.3300000429153442,1.3200000524520874,1.3300000429153442,19000.0
2026-04-10 15:14:00,QTWO.V,,2.299999952316284,2.299999952316284,2.299999952316284,2.299999952316284,500.0
2026-04-10 15:14:00,RET-A.V,,1.8300000429153442,1.8300000429153442,1.8300000429153442,1.8300000429153442,9200.0
2026-04-10 15:14:00,RMB.V,,0.6899999976158142,0.6899999976158142,0.6899999976158142,0.6899999976158142,1000.0
2026-04-10 15:14:00,ROCK.V,,2.6500000953674316,2.6500000953674316,2.6500000953674316,2.6500000953674316,100.0
2026-04-10 15:14:00,ROOF.V,,0.20499999821186066,0.20499999821186066,0.20499999821186066,0.20499999821186066,10500.0
2026-04-10 15:14:00,ROS.V,,0.27000001072883606,0.27000001072883606,0.27000001072883606,0.27000001072883606,2000.0
2026-04-10 15:14:00,RYO.V,,0.5400000214576721,0.5400000214576721,0.5400000214576721,0.5400000214576721,500.0
2026-04-10 15:14:00,SCZ.V,,11.029999732971191,11.050000190734863,11.029999732971191,11.050000190734863,400.0
2026-04-10 15:14:00,SVRS.V,,0.49000000953674316,0.49000000953674316,0.49000000953674316,0.49000000953674316,500.0
2026-04-10 15:14:00,SXL.V,,0.07500000298023224,0.07500000298023224,0.07500000298023224,0.07500000298023224,7000.0
2026-04-10 15:15:00,GASX.V,,1.440000057220459,1.440000057220459,1.440000057220459,1.440000057220459,100.0
2026-04-10 15:15:00,NAU.V,,1.7899999618530273,1.7899999618530273,1.7899999618530273,1.7899999618530273,3400.0
2026-04-10 15:15:00,OMG.V,,2.0399999618530273,2.0399999618530273,2.0299999713897705,2.0299999713897705,90400.0
2026-04-10 15:15:00,PLSR.V,,1.9199999570846558,1.9199999570846558,1.9199999570846558,1.9199999570846558,300.0
2026-04-10 15:15:00,QTWO.V,,2.299999952316284,2.299999952316284,2.299999952316284,2.299999952316284,200.0
2026-04-10 15:15:00,RET-A.V,,1.8200000524520874,1.8200000524520874,1.8200000524520874,1.8200000524520874,5100.0
2026-04-10 15:15:00,RET.V,,2.0799999237060547,2.119999885559082,2.0799999237060547,2.119999885559082,7200.0
2026-04-10 15:15:00,RYO.V,,0.550000011920929,0.550000011920929,0.5400000214576721,0.5400000214576721,38500.0
2026-04-10 15:15:00,SVRS.V,,0.49000000953674316,0.49000000953674316,0.49000000953674316,0.49000000953674316,500.0
2026-04-10 15:16:00,MGG.V,,0.3799999952316284,0.3799999952316284,0.3799999952316284,0.3799999952316284,500.0
2026-04-10 15:16:00,NAU.V,,1.7899999618530273,1.7899999618530273,1.7899999618530273,1.7899999618530273,3800.0
2026-04-10 15:16:00,NCX.V,,3.25,3.25,3.25,3.25,400.0
2026-04-10 15:16:00,NFG.V,,2.815000057220459,2.815000057220459,2.815000057220459,2.815000057220459,100.0
2026-04-10 15:16:00,NICN.V,,0.11500000208616257,0.11500000208616257,0.11500000208616257,0.11500000208616257,7000.0
2026-04-10 15:16:00,PLSR.V,,1.9199999570846558,1.9199999570846558,1.9199999570846558,1.9199999570846558,300.0
2026-04-10 15:16:00,QTWO.V,,2.299999952316284,2.299999952316284,2.299999952316284,2.299999952316284,200.0
2026-04-10 15:16:00,RDS.V,,0.8799999952316284,0.8799999952316284,0.8799999952316284,0.8799999952316284,2000.0
2026-04-10 15:16:00,RET-A.V,,1.8200000524520874,1.8250000476837158,1.8200000524520874,1.8250000476837158,2900.0
2026-04-10 15:16:00,RYO.V,,0.550000011920929,0.550000011920929,0.550000011920929,0.550000011920929,500.0
2026-04-10 15:16:00,SCZ.V,,10.989999771118164,11.010000228881836,10.989999771118164,11.010000228881836,500.0
2026-04-10 15:16:00,SLG.V,,3.7300000190734863,3.7300000190734863,3.7300000190734863,3.7300000190734863,300.0
2026-04-10 15:16:00,STS.V,,0.12999999523162842,0.12999999523162842,0.12999999523162842,0.12999999523162842,500.0
2026-04-10 15:17:00,AGX.V,,0.7200000286102295,0.7200000286102295,0.7200000286102295,0.7200000286102295,2000.0
2026-04-10 15:17:00,MGG.V,,0.3799999952316284,0.3799999952316284,0.3799999952316284,0.3799999952316284,6500.0
2026-04-10 15:17:00,NAU.V,,1.7699999809265137,1.7899999618530273,1.7699999809265137,1.7899999618530273,11600.0
2026-04-10 15:17:00,NDA.V,,0.9800000190734863,0.9800000190734863,0.9800000190734863,0.9800000190734863,500.0
2026-04-10 15:17:00,NFG.V,,2.819999933242798,2.819999933242798,2.819999933242798,2.819999933242798,4400.0
2026-04-10 15:17:00,PEAK.V,,0.42500001192092896,0.42750000953674316,0.42500001192092896,0.42750000953674316,20000.0
2026-04-10 15:17:00,PLSR.V,,1.9249999523162842,1.9249999523162842,1.9249999523162842,1.9249999523162842,100.0
2026-04-10 15:17:00,QTWO.V,,2.299999952316284,2.299999952316284,2.299999952316284,2.299999952316284,100.0
2026-04-10 15:17:00,RET-A.V,,1.8200000524520874,1.8250000476837158,1.8200000524520874,1.8250000476837158,1700.0
2026-04-10 15:17:00,RYO.V,,0.550000011920929,0.550000011920929,0.550000011920929,0.550000011920929,500.0
2026-04-10 15:17:00,SBIO.V,,0.23000000417232513,0.23000000417232513,0.23000000417232513,0.23000000417232513,2500.0
2026-04-10 15:17:00,SCZ.V,,11.020000457763672,11.020000457763672,11.020000457763672,11.020000457763672,800.0
2026-04-10 15:18:00,GASX.V,,1.440000057220459,1.440000057220459,1.440000057220459,1.440000057220459,2900.0
2026-04-10 15:18:00,MMY.V,,0.9700000286102295,0.9700000286102295,0.9700000286102295,0.9700000286102295,200.0
2026-04-10 15:18:00,PER.V,,0.19499999284744263,0.19499999284744263,0.19499999284744263,0.19499999284744263,500.0
2026-04-10 15:18:00,PINK.V,,0.3100000023841858,0.3199999928474426,0.3100000023841858,0.3199999928474426,2000.0
2026-04-10 15:18:00,PLSR.V,,1.9199999570846558,1.9199999570846558,1.9199999570846558,1.9199999570846558,3135.0
2026-04-10 15:18:00,QGR.V,,0.2849999964237213,0.2849999964237213,0.2824999988079071,0.2849999964237213,72500.0
2026-04-10 15:18:00,QTWO.V,,2.299999952316284,2.299999952316284,2.2950000762939453,2.299999952316284,500.0
2026-04-10 15:18:00,RAK.V,,0.1599999964237213,0.1599999964237213,0.1599999964237213,0.1599999964237213,20500.0
2026-04-10 15:18:00,RET-A.V,,1.8300000429153442,1.8300000429153442,1.8300000429153442,1.8300000429153442,7700.0
2026-04-10 15:18:00,RYO.V,,0.550000011920929,0.550000011920929,0.550000011920929,0.550000011920929,500.0
2026-04-10 15:18:00,SLG.V,,3.7300000190734863,3.7300000190734863,3.7300000190734863,3.7300000190734863,536.0
2026-04-10 15:18:00,SPA.V,,0.23999999463558197,0.23999999463558197,0.23999999463558197,0.23999999463558197,1000.0
2026-04-10 15:18:00,STMP.V,,0.12999999523162842,0.12999999523162842,0.12999999523162842,0.12999999523162842,10000.0
2026-04-10 15:18:00,SVE.V,,0.5299999713897705,0.5299999713897705,0.5299999713897705,0.5299999713897705,500.0
2026-04-10 15:18:00,SVRS.V,,0.48500001430511475,0.48500001430511475,0.48500001430511475,0.48500001430511475,2000.0
2026-04-10 15:19:00,NFG.V,,2.819999933242798,2.819999933242798,2.819999933242798,2.819999933242798,3500.0
2026-04-10 15:19:00,OGN.V,,3.630000114440918,3.630000114440918,3.630000114440918,3.630000114440918,100.0
2026-04-10 15:19:00,OMG.V,,2.0299999713897705,2.0399999618530273,2.0299999713897705,2.0350000858306885,11500.0
2026-04-10 15:19:00,PGDC.V,,0.8799999952316284,0.8799999952316284,0.8799999952316284,0.8799999952316284,5500.0
2026-04-10 15:19:00,PGLD.V,,0.7099999785423279,0.7099999785423279,0.7099999785423279,0.7099999785423279,12972.0
2026-04-10 15:19:00,QGR.V,,0.2849999964237213,0.2849999964237213,0.2824999988079071,0.2849999964237213,27000.0
2026-04-10 15:19:00,QTWO.V,,2.299999952316284,2.299999952316284,2.299999952316284,2.299999952316284,300.0
2026-04-10 15:19:00,RDS.V,,0.8799999952316284,0.8799999952316284,0.8799999952316284,0.8799999952316284,3000.0
2026-04-10 15:19:00,ROCK.V,,2.6500000953674316,2.6500000953674316,2.6500000953674316,2.6500000953674316,100.0
2026-04-10 15:19:00,RYO.V,,0.550000011920929,0.550000011920929,0.550000011920929,0.550000011920929,500.0
2026-04-10 15:19:00,SLI.V,,4.710000038146973,4.710000038146973,4.710000038146973,4.710000038146973,100.0
2026-04-10 15:19:00,SOMA.V,,1.784999966621399,1.784999966621399,1.784999966621399,1.784999966621399,148.0
2026-04-10 15:19:00,SVE.V,,0.5299999713897705,0.5299999713897705,0.5299999713897705,0.5299999713897705,1000.0
2026-04-10 15:20:00,NCAU.V,,0.6549999713897705,0.6549999713897705,0.6549999713897705,0.6549999713897705,2000.0
2026-04-10 15:20:00,NCX.V,,3.25,3.25,3.25,3.25,300.0
2026-04-10 15:20:00,NFG.V,,2.819999933242798,2.819999933242798,2.819999933242798,2.819999933242798,500.0
2026-04-10 15:20:00,OMG.V,,2.0299999713897705,2.0299999713897705,2.0299999713897705,2.0299999713897705,9300.0
2026-04-10 15:20:00,QTWO.V,,2.299999952316284,2.299999952316284,2.299999952316284,2.299999952316284,200.0
2026-04-10 15:20:00,RDS.V,,0.8799999952316284,0.8799999952316284,0.8799999952316284,0.8799999952316284,2000.0
2026-04-10 15:20:00,RSMX.V,,0.12999999523162842,0.12999999523162842,0.12999999523162842,0.12999999523162842,193500.0
2026-04-10 15:20:00,RVG.V,,0.8600000143051147,0.8600000143051147,0.8600000143051147,0.8600000143051147,5000.0
2026-04-10 15:20:00,SCZ.V,,11.069999694824219,11.069999694824219,11.029999732971191,11.029999732971191,607.0
2026-04-10 15:20:00,SVE.V,,0.5299999713897705,0.5299999713897705,0.5299999713897705,0.5299999713897705,4000.0
2026-04-10 15:20:00,SVRS.V,,0.49000000953674316,0.49000000953674316,0.49000000953674316,0.49000000953674316,500.0
2026-04-10 15:21:00,MMY.V,,0.9800000190734863,0.9800000190734863,0.9800000190734863,0.9800000190734863,300.0
2026-04-10 15:21:00,NCX.V,,3.25,3.25,3.25,3.25,100.0
2026-04-10 15:21:00,NDA.V,,0.9800000190734863,0.9800000190734863,0.9800000190734863,0.9800000190734863,2500.0
2026-04-10 15:21:00,OMG.V,,2.0299999713897705,2.0399999618530273,2.0299999713897705,2.0299999713897705,21900.0
2026-04-10 15:21:00,PRG.V,,0.5950000286102295,0.5950000286102295,0.5950000286102295,0.5950000286102295,7500.0
2026-04-10 15:21:00,QGR.V,,0.28999999165534973,0.28999999165534973,0.2874999940395355,0.2874999940395355,8400.0
2026-04-10 15:21:00,QTWO.V,,2.299999952316284,2.299999952316284,2.299999952316284,2.299999952316284,400.0
2026-04-10 15:21:00,RVG.V,,0.8700000047683716,0.8700000047683716,0.8700000047683716,0.8700000047683716,20500.0
2026-04-10 15:21:00,RYO.V,,0.550000011920929,0.550000011920929,0.550000011920929,0.550000011920929,500.0
2026-04-10 15:21:00,SILV.V,,0.2199999988079071,0.2199999988079071,0.2199999988079071,0.2199999988079071,1000.0
2026-04-10 15:21:00,SVRS.V,,0.4950000047683716,0.4950000047683716,0.49000000953674316,0.49000000953674316,8221.0
2026-04-10 15:22:00,NAU.V,,1.7899999618530273,1.7899999618530273,1.7899999618530273,1.7899999618530273,800.0
2026-04-10 15:22:00,NCX.V,,3.259999990463257,3.259999990463257,3.259999990463257,3.259999990463257,9800.0
2026-04-10 15:22:00,NDA.V,,0.9800000190734863,0.9850000143051147,0.9800000190734863,0.9850000143051147,9600.0
2026-04-10 15:22:00,NFG.V,,2.819999933242798,2.819999933242798,2.819999933242798,2.819999933242798,100.0
2026-04-10 15:22:00,OMG.V,,2.0299999713897705,2.0350000858306885,2.0250000953674316,2.0350000858306885,10500.0
2026-04-10 15:22:00,PML.V,,0.8999999761581421,0.8999999761581421,0.8999999761581421,0.8999999761581421,2000.0
2026-04-10 15:22:00,QNC.V,,3.4800000190734863,3.4800000190734863,3.4800000190734863,3.4800000190734863,100.0
2026-04-10 15:22:00,QTWO.V,,2.299999952316284,2.299999952316284,2.299999952316284,2.299999952316284,400.0
2026-04-10 15:22:00,RYO.V,,0.550000011920929,0.550000011920929,0.550000011920929,0.550000011920929,25000.0
2026-04-10 15:22:00,SCZ.V,,11.100000381469727,11.100000381469727,11.100000381469727,11.100000381469727,100.0
2026-04-10 15:22:00,SGU.V,,0.05000000074505806,0.05000000074505806,0.05000000074505806,0.05000000074505806,0.0
2026-04-10 15:23:00,FEO.V,,0.8399999737739563,0.8399999737739563,0.8399999737739563,0.8399999737739563,3000.0
2026-04-10 15:23:00,MRZ.V,,0.46000000834465027,0.46000000834465027,0.46000000834465027,0.46000000834465027,2000.0
2026-04-10 15:23:00,NAU.V,,1.7699999809265137,1.7899999618530273,1.7699999809265137,1.7899999618530273,10100.0
2026-04-10 15:23:00,ODV.V,,4.550000190734863,4.550000190734863,4.550000190734863,4.550000190734863,100.0
2026-04-10 15:23:00,OMG.V,,2.0299999713897705,2.0299999713897705,2.0299999713897705,2.0299999713897705,4500.0
2026-04-10 15:23:00,PLSR.V,,1.9199999570846558,1.9199999570846558,1.899999976158142,1.909999966621399,6300.0
2026-04-10 15:23:00,PNPN.V,,1.159999966621399,1.159999966621399,1.159999966621399,1.159999966621399,100.0
2026-04-10 15:23:00,PPP.V,,1.3300000429153442,1.3300000429153442,1.3300000429153442,1.3300000429153442,100.0
2026-04-10 15:23:00,PUMA.V,,0.16500000655651093,0.16500000655651093,0.1550000011920929,0.1550000011920929,69500.0
2026-04-10 15:23:00,QNC.V,,3.4700000286102295,3.4700000286102295,3.4700000286102295,3.4700000286102295,100.0
2026-04-10 15:23:00,QTWO.V,,2.299999952316284,2.299999952316284,2.299999952316284,2.299999952316284,200.0
2026-04-10 15:23:00,RDS.V,,0.8799999952316284,0.8799999952316284,0.8799999952316284,0.8799999952316284,500.0
2026-04-10 15:23:00,RET-A.V,,1.850000023841858,1.850000023841858,1.850000023841858,1.850000023841858,1900.0
2026-04-10 15:23:00,ROK.V,,0.27000001072883606,0.27000001072883606,0.27000001072883606,0.27000001072883606,14000.0
2026-04-10 15:23:00,RYO.V,,0.550000011920929,0.550000011920929,0.550000011920929,0.550000011920929,21000.0
2026-04-10 15:23:00,SCZ.V,,11.109999656677246,11.109999656677246,11.100000381469727,11.100000381469727,200.0
2026-04-10 15:23:00,SDI.V,,0.20499999821186066,0.20499999821186066,0.20499999821186066,0.20499999821186066,4500.0
2026-04-10 15:23:00,SSV.V,,0.5799999833106995,0.5799999833106995,0.5799999833106995,0.5799999833106995,6000.0
2026-04-10 15:23:00,SVRS.V,,0.48500001430511475,0.48500001430511475,0.48500001430511475,0.48500001430511475,1000.0
2026-04-10 15:24:00,GASX.V,,1.4299999475479126,1.4299999475479126,1.4299999475479126,1.4299999475479126,200.0
2026-04-10 15:24:00,MAI.V,,6.21999979019165,6.230000019073486,6.179999828338623,6.230000019073486,4300.0
2026-04-10 15:24:00,MCI.V,,0.25999999046325684,0.25999999046325684,0.25999999046325684,0.25999999046325684,4500.0
2026-04-10 15:24:00,NCX.V,,3.259999990463257,3.259999990463257,3.259999990463257,3.259999990463257,1000.0
2026-04-10 15:24:00,NFG.V,,2.819999933242798,2.819999933242798,2.819999933242798,2.819999933242798,300.0
2026-04-10 15:24:00,ODV.V,,4.550000190734863,4.550000190734863,4.550000190734863,4.550000190734863,100.0
2026-04-10 15:24:00,OMG.V,,2.0299999713897705,2.0350000858306885,2.0299999713897705,2.0350000858306885,3600.0
2026-04-10 15:24:00,PER.V,,0.19499999284744263,0.19499999284744263,0.19499999284744263,0.19499999284744263,8000.0
2026-04-10 15:24:00,PGLD.V,,0.7149999737739563,0.7149999737739563,0.7149999737739563,0.7149999737739563,0.0
2026-04-10 15:24:00,PLSR.V,,1.9199999570846558,1.9199999570846558,1.9199999570846558,1.9199999570846558,0.0
2026-04-10 15:24:00,QNC.V,,3.4800000190734863,3.4800000190734863,3.4800000190734863,3.4800000190734863,200.0
2026-04-10 15:24:00,QTWO.V,,2.299999952316284,2.299999952316284,2.299999952316284,2.299999952316284,1800.0
2026-04-10 15:24:00,RET-A.V,,1.850000023841858,1.850000023841858,1.850000023841858,1.850000023841858,1000.0
2026-04-10 15:24:00,RRI.V,,0.2199999988079071,0.2199999988079071,0.2199999988079071,0.2199999988079071,0.0
2026-04-10 15:24:00,SCZ.V,,11.069999694824219,11.069999694824219,11.069999694824219,11.069999694824219,100.0
2026-04-10 15:25:00,GASX.V,,1.4299999475479126,1.4299999475479126,1.4299999475479126,1.4299999475479126,200.0
2026-04-10 15:25:00,MAI.V,,6.21999979019165,6.21999979019165,6.21999979019165,6.21999979019165,500.0
2026-04-10 15:25:00,MMY.V,,0.9800000190734863,0.9800000190734863,0.9800000190734863,0.9800000190734863,0.0
2026-04-10 15:25:00,NAR.V,,0.28999999165534973,0.28999999165534973,0.28999999165534973,0.28999999165534973,0.0
2026-04-10 15:25:00,NCX.V,,3.265000104904175,3.265000104904175,3.265000104904175,3.265000104904175,600.0
2026-04-10 15:25:00,NFG.V,,2.819999933242798,2.819999933242798,2.819999933242798,2.819999933242798,400.0
2026-04-10 15:25:00,NSCI.V,,0.11999999731779099,0.11999999731779099,0.11999999731779099,0.11999999731779099,0.0
2026-04-10 15:25:00,NXS.V,,0.3700000047683716,0.3700000047683716,0.3700000047683716,0.3700000047683716,14532.0
2026-04-10 15:25:00,PKT.V,,0.6000000238418579,0.6000000238418579,0.6000000238418579,0.6000000238418579,2000.0
2026-04-10 15:25:00,QGR.V,,0.29499998688697815,0.29499998688697815,0.29499998688697815,0.29499998688697815,0.0
2026-04-10 15:25:00,ROCK.V,,2.6500000953674316,2.6500000953674316,2.6500000953674316,2.6500000953674316,100.0
2026-04-10 15:25:00,RYO.V,,0.550000011920929,0.550000011920929,0.550000011920929,0.550000011920929,500.0
2026-04-10 15:25:00,SAG.V,,1.4299999475479126,1.4299999475479126,1.4299999475479126,1.4299999475479126,400.0
2026-04-10 15:25:00,SCZ.V,,11.100000381469727,11.100000381469727,11.100000381469727,11.100000381469727,300.0
2026-04-10 15:25:00,SEI.V,,0.5699999928474426,0.5699999928474426,0.5699999928474426,0.5699999928474426,500.0
2026-04-10 15:25:00,SGML.V,,20.350000381469727,20.360000610351562,20.350000381469727,20.360000610351562,1400.0
2026-04-10 15:25:00,SM.V,,1.8300000429153442,1.8300000429153442,1.8300000429153442,1.8300000429153442,6900.0
2026-04-10 15:25:00,SVRS.V,,0.48500001430511475,0.48500001430511475,0.48500001430511475,0.48500001430511475,1000.0
2026-04-10 15:26:00,GASX.V,,1.4299999475479126,1.4299999475479126,1.4299999475479126,1.4299999475479126,400.0
2026-04-10 15:26:00,MAI.V,,6.210000038146973,6.210000038146973,6.210000038146973,6.210000038146973,200.0
2026-04-10 15:26:00,NFG.V,,2.819999933242798,2.819999933242798,2.819999933242798,2.819999933242798,4900.0
2026-04-10 15:26:00,OMG.V,,2.0299999713897705,2.0299999713897705,2.0299999713897705,2.0299999713897705,1300.0
2026-04-10 15:26:00,PEAK.V,,0.42500001192092896,0.42500001192092896,0.42500001192092896,0.42500001192092896,3000.0
2026-04-10 15:26:00,PER.V,,0.19499999284744263,0.19499999284744263,0.19499999284744263,0.19499999284744263,26000.0
2026-04-10 15:26:00,PPP.V,,1.3300000429153442,1.3300000429153442,1.3300000429153442,1.3300000429153442,100.0
2026-04-10 15:26:00,QNC.V,,3.4800000190734863,3.4800000190734863,3.4800000190734863,3.4800000190734863,200.0
2026-04-10 15:26:00,QTWO.V,,2.299999952316284,2.299999952316284,2.299999952316284,2.299999952316284,100.0
2026-04-10 15:26:00,RVG.V,,0.8700000047683716,0.8700000047683716,0.8700000047683716,0.8700000047683716,2000.0
2026-04-10 15:26:00,RYO.V,,0.550000011920929,0.550000011920929,0.550000011920929,0.550000011920929,500.0
2026-04-10 15:26:00,SVE.V,,0.5299999713897705,0.5299999713897705,0.5299999713897705,0.5299999713897705,500.0
2026-04-10 15:26:00,SVRS.V,,0.4950000047683716,0.4950000047683716,0.48500001430511475,0.48500001430511475,1500.0
2026-04-10 15:27:00,GASX.V,,1.4299999475479126,1.4299999475479126,1.4299999475479126,1.4299999475479126,100.0
2026-04-10 15:27:00,MAI.V,,6.21999979019165,6.21999979019165,6.21999979019165,6.21999979019165,200.0
2026-04-10 15:27:00,MMY.V,,0.9800000190734863,0.9800000190734863,0.9800000190734863,0.9800000190734863,280635.0
2026-04-10 15:27:00,OMG.V,,2.0299999713897705,2.0299999713897705,2.0250000953674316,2.0299999713897705,19600.0
2026-04-10 15:27:00,PESO.V,,0.4050000011920929,0.4050000011920929,0.4050000011920929,0.4050000011920929,500.0
2026-04-10 15:27:00,PGE.V,,0.3149999976158142,0.3149999976158142,0.3149999976158142,0.3149999976158142,2500.0
2026-04-10 15:27:00,PLY.V,,0.04500000178813934,0.04500000178813934,0.04500000178813934,0.04500000178813934,150000.0
2026-04-10 15:27:00,QTWO.V,,2.299999952316284,2.299999952316284,2.299999952316284,2.299999952316284,200.0
2026-04-10 15:27:00,RET-A.V,,1.850000023841858,1.850000023841858,1.850000023841858,1.850000023841858,7100.0
2026-04-10 15:27:00,ROK.V,,0.27000001072883606,0.27000001072883606,0.27000001072883606,0.27000001072883606,500.0
2026-04-10 15:27:00,RYO.V,,0.550000011920929,0.550000011920929,0.550000011920929,0.550000011920929,500.0
2026-04-10 15:27:00,SCD.V,,0.13500000536441803,0.13500000536441803,0.13500000536441803,0.13500000536441803,1000.0
2026-04-10 15:27:00,SGML.V,,20.3799991607666,20.3799991607666,20.3799991607666,20.3799991607666,300.0
2026-04-10 15:27:00,SLG.V,,3.7200000286102295,3.7200000286102295,3.7200000286102295,3.7200000286102295,100.0
2026-04-10 15:27:00,SLVR.V,,0.8600000143051147,0.8600000143051147,0.8600000143051147,0.8600000143051147,6500.0
2026-04-10 15:27:00,SOI.V,,0.20999999344348907,0.20999999344348907,0.20999999344348907,0.20999999344348907,10000.0
2026-04-10 15:27:00,SVRS.V,,0.48500001430511475,0.48500001430511475,0.48500001430511475,0.48500001430511475,1000.0
2026-04-10 15:28:00,MMY.V,,0.9800000190734863,0.9800000190734863,0.9800000190734863,0.9800000190734863,100.0
2026-04-10 15:28:00,NAU.V,,1.7899999618530273,1.7899999618530273,1.7899999618530273,1.7899999618530273,1000.0
2026-04-10 15:28:00,NCI.V,,1.0099999904632568,1.0099999904632568,1.0099999904632568,1.0099999904632568,100.0
2026-04-10 15:28:00,NCX.V,,3.259999990463257,3.259999990463257,3.259999990463257,3.259999990463257,100.0
2026-04-10 15:28:00,NFG.V,,2.819999933242798,2.819999933242798,2.819999933242798,2.819999933242798,100.0
2026-04-10 15:28:00,OGN.V,,3.619999885559082,3.6500000953674316,3.619999885559082,3.630000114440918,2100.0
2026-04-10 15:28:00,OMG.V,,2.0299999713897705,2.0299999713897705,2.0299999713897705,2.0299999713897705,1500.0
2026-04-10 15:28:00,PLSR.V,,1.909999966621399,1.909999966621399,1.909999966621399,1.909999966621399,781603.0
2026-04-10 15:28:00,PPP.V,,1.3300000429153442,1.3300000429153442,1.3300000429153442,1.3300000429153442,100.0
2026-04-10 15:28:00,QTWO.V,,2.299999952316284,2.299999952316284,2.299999952316284,2.299999952316284,1400.0
2026-04-10 15:28:00,RYO.V,,0.550000011920929,0.550000011920929,0.550000011920929,0.550000011920929,500.0
2026-04-10 15:28:00,SVRS.V,,0.4950000047683716,0.4950000047683716,0.4950000047683716,0.4950000047683716,500.0
2026-04-10 15:29:00,MMY.V,,0.9800000190734863,0.9800000190734863,0.9800000190734863,0.9800000190734863,100.0
2026-04-10 15:29:00,NAU.V,,1.7899999618530273,1.7899999618530273,1.7899999618530273,1.7899999618530273,900.0
2026-04-10 15:29:00,NCX.V,,3.259999990463257,3.259999990463257,3.259999990463257,3.259999990463257,100.0
2026-04-10 15:29:00,NFG.V,,2.819999933242798,2.819999933242798,2.819999933242798,2.819999933242798,800.0
2026-04-10 15:29:00,OMG.V,,2.0299999713897705,2.0299999713897705,2.0299999713897705,2.0299999713897705,400.0
2026-04-10 15:29:00,PLSR.V,,1.909999966621399,1.909999966621399,1.909999966621399,1.909999966621399,500.0
2026-04-10 15:29:00,PML.V,,0.8999999761581421,0.8999999761581421,0.8999999761581421,0.8999999761581421,14000.0
2026-04-10 15:29:00,QNC.V,,3.490000009536743,3.490000009536743,3.490000009536743,3.490000009536743,300.0
2026-04-10 15:29:00,QTWO.V,,2.2799999713897705,2.2899999618530273,2.2799999713897705,2.2899999618530273,3300.0
2026-04-10 15:29:00,RBX.V,,6.960000038146973,6.960000038146973,6.960000038146973,6.960000038146973,100.0
2026-04-10 15:29:00,REG.V,,3.9600000381469727,3.9700000286102295,3.9600000381469727,3.9700000286102295,900.0
2026-04-10 15:29:00,RYO.V,,0.550000011920929,0.550000011920929,0.550000011920929,0.550000011920929,500.0
2026-04-10 15:29:00,SCZ.V,,11.079999923706055,11.079999923706055,11.079999923706055,11.079999923706055,100.0
2026-04-10 15:29:00,SRC.V,,1.1100000143051147,1.1100000143051147,1.1100000143051147,1.1100000143051147,100.0
2026-04-10 15:29:00,STRR.V,,0.5199999809265137,0.5199999809265137,0.5199999809265137,0.5199999809265137,5500.0
2026-04-10 15:29:00,SVRS.V,,0.48500001430511475,0.4950000047683716,0.48500001430511475,0.4950000047683716,2500.0
2026-04-10 15:30:00,GASX.V,,1.440000057220459,1.440000057220459,1.440000057220459,1.440000057220459,300.0
2026-04-10 15:30:00,MAI.V,,6.21999979019165,6.21999979019165,6.21999979019165,6.21999979019165,100.0
2026-04-10 15:30:00,NAU.V,,1.7899999618530273,1.7899999618530273,1.7899999618530273,1.7899999618530273,900.0
2026-04-10 15:30:00,NCAU.V,,0.6499999761581421,0.6499999761581421,0.6499999761581421,0.6499999761581421,10500.0
2026-04-10 15:30:00,OEC-H.V,,0.18000000715255737,0.18000000715255737,0.18000000715255737,0.18000000715255737,3000.0
2026-04-10 15:30:00,OGN.V,,3.700000047683716,3.700000047683716,3.630000114440918,3.630000114440918,2150.0
2026-04-10 15:30:00,PLSR.V,,1.9199999570846558,1.9199999570846558,1.9199999570846558,1.9199999570846558,2100.0
2026-04-10 15:30:00,REC.V,,0.07000000029802322,0.07000000029802322,0.07000000029802322,0.07000000029802322,10000.0
2026-04-10 15:30:00,RYO.V,,0.550000011920929,0.550000011920929,0.550000011920929,0.550000011920929,19000.0
2026-04-10 15:30:00,SCZ.V,,11.069999694824219,11.079999923706055,11.069999694824219,11.069999694824219,300.0
2026-04-10 15:30:00,SEND.V,,1.6399999856948853,1.6399999856948853,1.6399999856948853,1.6399999856948853,6200.0
2026-04-10 15:30:00,SLG.V,,3.740000009536743,3.740000009536743,3.740000009536743,3.740000009536743,200.0
2026-04-10 15:30:00,SVE.V,,0.5299999713897705,0.5299999713897705,0.5299999713897705,0.5299999713897705,500.0
2026-04-10 15:30:00,SVRS.V,,0.48500001430511475,0.49000000953674316,0.48500001430511475,0.49000000953674316,22500.0
2026-04-10 15:31:00,MCI.V,,0.25999999046325684,0.25999999046325684,0.25999999046325684,0.25999999046325684,3000.0
2026-04-10 15:31:00,MMY.V,,0.9800000190734863,0.9800000190734863,0.9800000190734863,0.9800000190734863,200.0
2026-04-10 15:31:00,NAU.V,,1.7899999618530273,1.7899999618530273,1.7899999618530273,1.7899999618530273,700.0
2026-04-10 15:31:00,NCX.V,,3.259999990463257,3.259999990463257,3.259999990463257,3.259999990463257,100.0
2026-04-10 15:31:00,NEV.V,,0.02500000037252903,0.02500000037252903,0.02500000037252903,0.02500000037252903,118000.0
2026-04-10 15:31:00,NFG.V,,2.819999933242798,2.819999933242798,2.819999933242798,2.819999933242798,4700.0
2026-04-10 15:31:00,OCO.V,,0.4050000011920929,0.4050000011920929,0.4050000011920929,0.4050000011920929,5000.0
2026-04-10 15:31:00,OMG.V,,2.0299999713897705,2.0299999713897705,2.0299999713897705,2.0299999713897705,2600.0
2026-04-10 15:31:00,PML.V,,0.8999999761581421,0.8999999761581421,0.8999999761581421,0.8999999761581421,1500.0
2026-04-10 15:31:00,PPP.V,,1.3300000429153442,1.3300000429153442,1.3300000429153442,1.3300000429153442,100.0
2026-04-10 15:31:00,QGR.V,,0.28999999165534973,0.28999999165534973,0.28999999165534973,0.28999999165534973,1362306.0
2026-04-10 15:31:00,QTWO.V,,2.2799999713897705,2.2799999713897705,2.2799999713897705,2.2799999713897705,1600.0
2026-04-10 15:31:00,RBX.V,,7.059999942779541,7.059999942779541,7.059999942779541,7.059999942779541,100.0
2026-04-10 15:31:00,RSMX.V,,0.12999999523162842,0.12999999523162842,0.12999999523162842,0.12999999523162842,56500.0
2026-04-10 15:31:00,RYO.V,,0.550000011920929,0.550000011920929,0.550000011920929,0.550000011920929,500.0
2026-04-10 15:31:00,SCZ.V,,11.100000381469727,11.100000381469727,11.069999694824219,11.069999694824219,800.0
2026-04-10 15:31:00,SDI.V,,0.20499999821186066,0.20499999821186066,0.20499999821186066,0.20499999821186066,7000.0
2026-04-10 15:31:00,SGZ.V,,0.04500000178813934,0.04500000178813934,0.04500000178813934,0.04500000178813934,74000.0
2026-04-10 15:31:00,SPA.V,,0.23499999940395355,0.23499999940395355,0.23499999940395355,0.23499999940395355,1000.0
2026-04-10 15:31:00,SVRS.V,,0.48500001430511475,0.4950000047683716,0.48500001430511475,0.4950000047683716,1500.0
2026-04-10 15:32:00,GASX.V,,1.440000057220459,1.440000057220459,1.440000057220459,1.440000057220459,200.0
2026-04-10 15:32:00,MINK.V,,0.13500000536441803,0.13500000536441803,0.13500000536441803,0.13500000536441803,500.0
2026-04-10 15:32:00,NAU.V,,1.7899999618530273,1.7899999618530273,1.7899999618530273,1.7899999618530273,600.0
2026-04-10 15:32:00,NCX.V,,3.259999990463257,3.259999990463257,3.259999990463257,3.259999990463257,700.0
2026-04-10 15:32:00,OMG.V,,2.0299999713897705,2.0299999713897705,2.0299999713897705,2.0299999713897705,100.0
2026-04-10 15:32:00,PLSR.V,,1.899999976158142,1.899999976158142,1.899999976158142,1.899999976158142,400.0
2026-04-10 15:32:00,PUMA.V,,0.17000000178813934,0.17000000178813934,0.17000000178813934,0.17000000178813934,1000.0
2026-04-10 15:32:00,QGR.V,,0.28999999165534973,0.28999999165534973,0.28999999165534973,0.28999999165534973,4500.0
2026-04-10 15:32:00,RET-A.V,,1.8799999952316284,1.8799999952316284,1.850000023841858,1.850000023841858,3503.0
2026-04-10 15:32:00,RSMX.V,,0.12999999523162842,0.12999999523162842,0.12999999523162842,0.12999999523162842,34044.0
2026-04-10 15:32:00,SCZ.V,,11.069999694824219,11.069999694824219,11.069999694824219,11.069999694824219,100.0
2026-04-10 15:32:00,SEND.V,,1.75,1.75,1.690000057220459,1.690000057220459,3000.0
2026-04-10 15:32:00,SGML.V,,20.399999618530273,20.40999984741211,20.399999618530273,20.399999618530273,500.0
2026-04-10 15:32:00,SVRS.V,,0.49000000953674316,0.49000000953674316,0.48500001430511475,0.48500001430511475,1500.0
2026-04-10 15:33:00,GASX.V,,1.440000057220459,1.440000057220459,1.440000057220459,1.440000057220459,300.0
2026-04-10 15:33:00,LITT.V,,0.41999998688697815,0.41999998688697815,0.41999998688697815,0.41999998688697815,5000.0
2026-04-10 15:33:00,MAI.V,,6.230000019073486,6.230000019073486,6.21999979019165,6.230000019073486,1000.0
2026-04-10 15:33:00,MMY.V,,0.9800000190734863,0.9800000190734863,0.9800000190734863,0.9800000190734863,1300.0
2026-04-10 15:33:00,NAU.V,,1.7899999618530273,1.7899999618530273,1.7899999618530273,1.7899999618530273,700.0
2026-04-10 15:33:00,NCX.V,,3.259999990463257,3.259999990463257,3.259999990463257,3.259999990463257,5900.0
2026-04-10 15:33:00,NFG.V,,2.809999942779541,2.809999942779541,2.809999942779541,2.809999942779541,1100.0
2026-04-10 15:33:00,NSU.V,,0.20000000298023224,0.20000000298023224,0.20000000298023224,0.20000000298023224,7000.0
2026-04-10 15:33:00,PLSR.V,,1.9199999570846558,1.9199999570846558,1.899999976158142,1.899999976158142,21700.0
2026-04-10 15:33:00,PUMA.V,,0.17000000178813934,0.17000000178813934,0.17000000178813934,0.17000000178813934,1000.0
2026-04-10 15:33:00,QGR.V,,0.28999999165534973,0.28999999165534973,0.28999999165534973,0.28999999165534973,5000.0
2026-04-10 15:33:00,QTWO.V,,2.2799999713897705,2.2799999713897705,2.2799999713897705,2.2799999713897705,100.0
2026-04-10 15:33:00,RVG.V,,0.8600000143051147,0.8600000143051147,0.8600000143051147,0.8600000143051147,7725.0
2026-04-10 15:33:00,RYO.V,,0.550000011920929,0.550000011920929,0.550000011920929,0.550000011920929,500.0
2026-04-10 15:33:00,SCZ.V,,11.079999923706055,11.079999923706055,11.079999923706055,11.079999923706055,400.0
2026-04-10 15:33:00,SGML.V,,20.40999984741211,20.40999984741211,20.40999984741211,20.40999984741211,200.0
2026-04-10 15:33:00,SLI.V,,4.699999809265137,4.699999809265137,4.699999809265137,4.699999809265137,800.0
2026-04-10 15:33:00,SVE.V,,0.5299999713897705,0.5299999713897705,0.5299999713897705,0.5299999713897705,500.0
2026-04-10 15:33:00,SVRS.V,,0.49000000953674316,0.49000000953674316,0.49000000953674316,0.49000000953674316,500.0
2026-04-10 15:34:00,GASX.V,,1.440000057220459,1.440000057220459,1.440000057220459,1.440000057220459,300.0
2026-04-10 15:34:00,MMY.V,,0.9800000190734863,0.9800000190734863,0.9800000190734863,0.9800000190734863,6100.0
2026-04-10 15:34:00,NAU.V,,1.7899999618530273,1.7899999618530273,1.7899999618530273,1.7899999618530273,600.0
2026-04-10 15:34:00,NCX.V,,3.259999990463257,3.259999990463257,3.259999990463257,3.259999990463257,200.0
2026-04-10 15:34:00,NFG.V,,2.809999942779541,2.809999942779541,2.809999942779541,2.809999942779541,1700.0
2026-04-10 15:34:00,NSCI.V,,0.11999999731779099,0.11999999731779099,0.11999999731779099,0.11999999731779099,401513.0
2026-04-10 15:34:00,ODV.V,,4.559999942779541,4.559999942779541,4.559999942779541,4.559999942779541,100.0
2026-04-10 15:34:00,OMG.V,,2.0299999713897705,2.0299999713897705,2.0299999713897705,2.0299999713897705,18600.0
2026-04-10 15:34:00,PER.V,,0.19499999284744263,0.19499999284744263,0.19499999284744263,0.19499999284744263,50000.0
2026-04-10 15:34:00,PEX.V,,0.17499999701976776,0.17499999701976776,0.17499999701976776,0.17499999701976776,5500.0
2026-04-10 15:34:00,PLSR.V,,1.909999966621399,1.909999966621399,1.909999966621399,1.909999966621399,1500.0
2026-04-10 15:34:00,PPP.V,,1.3300000429153442,1.3300000429153442,1.3300000429153442,1.3300000429153442,100.0
2026-04-10 15:34:00,QGR.V,,0.28999999165534973,0.28999999165534973,0.28999999165534973,0.28999999165534973,4000.0
2026-04-10 15:34:00,QTWO.V,,2.2799999713897705,2.2799999713897705,2.2799999713897705,2.2799999713897705,300.0
2026-04-10 15:34:00,RYO.V,,0.550000011920929,0.550000011920929,0.550000011920929,0.550000011920929,6500.0
2026-04-10 15:34:00,SLVR.V,,0.8600000143051147,0.8600000143051147,0.8600000143051147,0.8600000143051147,9500.0
2026-04-10 15:34:00,SVRS.V,,0.48500001430511475,0.48500001430511475,0.48500001430511475,0.48500001430511475,2000.0
2026-04-10 15:34:00,SWLF.V,,0.14000000059604645,0.14000000059604645,0.14000000059604645,0.14000000059604645,6000.0
2026-04-10 15:35:00,GASX.V,,1.440000057220459,1.440000057220459,1.440000057220459,1.440000057220459,200.0
2026-04-10 15:35:00,MAI.V,,6.230000019073486,6.230000019073486,6.230000019073486,6.230000019073486,1200.0
2026-04-10 15:35:00,MMY.V,,0.9800000190734863,0.9800000190734863,0.9800000190734863,0.9800000190734863,200.0
2026-04-10 15:35:00,NAU.V,,1.7899999618530273,1.7899999618530273,1.7899999618530273,1.7899999618530273,600.0
2026-04-10 15:35:00,NCAU.V,,0.6499999761581421,0.6499999761581421,0.6499999761581421,0.6499999761581421,6000.0
2026-04-10 15:35:00,PER.V,,0.20000000298023224,0.20000000298023224,0.19499999284744263,0.19499999284744263,26580.0
2026-04-10 15:35:00,QGR.V,,0.28999999165534973,0.28999999165534973,0.28999999165534973,0.28999999165534973,1500.0
2026-04-10 15:35:00,QNC.V,,3.490000009536743,3.5,3.490000009536743,3.5,1400.0
2026-04-10 15:35:00,QTWO.V,,2.2799999713897705,2.2799999713897705,2.2799999713897705,2.2799999713897705,300.0
2026-04-10 15:35:00,RKR.V,,0.05000000074505806,0.05000000074505806,0.05000000074505806,0.05000000074505806,5000.0
2026-04-10 15:35:00,RRI.V,,0.2199999988079071,0.2199999988079071,0.2199999988079071,0.2199999988079071,7000.0
2026-04-10 15:35:00,RYO.V,,0.550000011920929,0.550000011920929,0.550000011920929,0.550000011920929,500.0
2026-04-10 15:35:00,SCZ.V,,11.109999656677246,11.109999656677246,11.100000381469727,11.100000381469727,1801.0
2026-04-10 15:35:00,SLVR.V,,0.8500000238418579,0.8600000143051147,0.8500000238418579,0.8600000143051147,2270.0
2026-04-10 15:35:00,SVRS.V,,0.49000000953674316,0.49000000953674316,0.48500001430511475,0.48500001430511475,1500.0
2026-04-10 15:36:00,GASX.V,,1.440000057220459,1.440000057220459,1.440000057220459,1.440000057220459,400.0
2026-04-10 15:36:00,MAI.V,,6.25,6.25,6.25,6.25,300.0
2026-04-10 15:36:00,MKA.V,,0.7300000190734863,0.7300000190734863,0.7300000190734863,0.7300000190734863,18000.0
2026-04-10 15:36:00,NAU.V,,1.7899999618530273,1.7899999618530273,1.7899999618530273,1.7899999618530273,400.0
2026-04-10 15:36:00,NCX.V,,3.259999990463257,3.259999990463257,3.259999990463257,3.259999990463257,100.0
2026-04-10 15:36:00,NFG.V,,2.809999942779541,2.809999942779541,2.809999942779541,2.809999942779541,11849.0
2026-04-10 15:36:00,OMG.V,,2.0199999809265137,2.0299999713897705,2.0199999809265137,2.0250000953674316,9500.0
2026-04-10 15:36:00,PEX.V,,0.17499999701976776,0.17499999701976776,0.17499999701976776,0.17499999701976776,32500.0
2026-04-10 15:36:00,PLSR.V,,1.9199999570846558,1.9199999570846558,1.9199999570846558,1.9199999570846558,400.0
2026-04-10 15:36:00,QTWO.V,,2.2799999713897705,2.2799999713897705,2.2799999713897705,2.2799999713897705,200.0
2026-04-10 15:36:00,RYO.V,,0.550000011920929,0.550000011920929,0.550000011920929,0.550000011920929,500.0
2026-04-10 15:36:00,SAO.V,,0.08500000089406967,0.08500000089406967,0.08500000089406967,0.08500000089406967,25000.0
2026-04-10 15:36:00,SCZ.V,,11.109999656677246,11.109999656677246,11.100000381469727,11.100000381469727,600.0
2026-04-10 15:36:00,SNM.V,,0.20999999344348907,0.20999999344348907,0.20999999344348907,0.20999999344348907,1773.0
2026-04-10 15:36:00,SVRS.V,,0.49000000953674316,0.49000000953674316,0.48500001430511475,0.48500001430511475,1500.0
2026-04-10 15:37:00,AMY.V,,0.08500000089406967,0.08500000089406967,0.08500000089406967,0.08500000089406967,10000.0
2026-04-10 15:37:00,GASX.V,,1.440000057220459,1.440000057220459,1.440000057220459,1.440000057220459,300.0
2026-04-10 15:37:00,MAI.V,,6.239999771118164,6.239999771118164,6.239999771118164,6.239999771118164,100.0
2026-04-10 15:37:00,MKA.V,,0.7300000190734863,0.7300000190734863,0.7300000190734863,0.7300000190734863,1500.0
2026-04-10 15:37:00,NAU.V,,1.7799999713897705,1.7899999618530273,1.7799999713897705,1.7899999618530273,12000.0
2026-04-10 15:37:00,NFG.V,,2.799999952316284,2.809999942779541,2.799999952316284,2.809999942779541,4500.0
2026-04-10 15:37:00,NPTH.V,,0.550000011920929,0.550000011920929,0.550000011920929,0.550000011920929,5500.0
2026-04-10 15:37:00,ODV.V,,4.550000190734863,4.550000190734863,4.550000190734863,4.550000190734863,500.0
2026-04-10 15:37:00,OMG.V,,2.0199999809265137,2.0199999809265137,2.0199999809265137,2.0199999809265137,10300.0
2026-04-10 15:37:00,PEX.V,,0.17499999701976776,0.17499999701976776,0.17499999701976776,0.17499999701976776,2918.0
2026-04-10 15:37:00,PLSR.V,,1.9199999570846558,1.9199999570846558,1.9199999570846558,1.9199999570846558,300.0
2026-04-10 15:37:00,QTWO.V,,2.2799999713897705,2.2799999713897705,2.2799999713897705,2.2799999713897705,100.0
2026-04-10 15:37:00,RDS.V,,0.8799999952316284,0.8799999952316284,0.8799999952316284,0.8799999952316284,500.0
2026-04-10 15:37:00,ROCK.V,,2.690000057220459,2.690000057220459,2.690000057220459,2.690000057220459,100.0
2026-04-10 15:37:00,RYO.V,,0.550000011920929,0.550000011920929,0.550000011920929,0.550000011920929,500.0
2026-04-10 15:37:00,SGML.V,,20.3700008392334,20.3700008392334,20.360000610351562,20.360000610351562,500.0
2026-04-10 15:37:00,SLG.V,,3.75,3.75,3.75,3.75,100.0
2026-04-10 15:37:00,SVE.V,,0.5299999713897705,0.5299999713897705,0.5299999713897705,0.5299999713897705,500.0
2026-04-10 15:37:00,SVRS.V,,0.49000000953674316,0.49000000953674316,0.48500001430511475,0.48500001430511475,51000.0
2026-04-10 15:38:00,AFR.V,,0.05000000074505806,0.05000000074505806,0.05000000074505806,0.05000000074505806,64000.0
2026-04-10 15:38:00,GASX.V,,1.440000057220459,1.440000057220459,1.440000057220459,1.440000057220459,200.0
2026-04-10 15:38:00,MAI.V,,6.25,6.25,6.25,6.25,200.0
2026-04-10 15:38:00,MMY.V,,0.9800000190734863,0.9800000190734863,0.9800000190734863,0.9800000190734863,400.0
2026-04-10 15:38:00,NCX.V,,3.259999990463257,3.259999990463257,3.259999990463257,3.259999990463257,500.0
2026-04-10 15:38:00,NFG.V,,2.799999952316284,2.799999952316284,2.799999952316284,2.799999952316284,1300.0
2026-04-10 15:38:00,OCO.V,,0.4099999964237213,0.4099999964237213,0.4099999964237213,0.4099999964237213,500.0
2026-04-10 15:38:00,OGN.V,,3.6700000762939453,3.75,3.6700000762939453,3.740000009536743,700.0
2026-04-10 15:38:00,OMG.V,,2.0199999809265137,2.0199999809265137,2.0199999809265137,2.0199999809265137,400.0
2026-04-10 15:38:00,PINK.V,,0.3199999928474426,0.32499998807907104,0.3199999928474426,0.32499998807907104,11500.0
2026-04-10 15:38:00,PLSR.V,,1.9199999570846558,1.9199999570846558,1.9199999570846558,1.9199999570846558,200.0
2026-04-10 15:38:00,PPP.V,,1.3300000429153442,1.3300000429153442,1.3300000429153442,1.3300000429153442,100.0
2026-04-10 15:38:00,PRG.V,,0.5899999737739563,0.5899999737739563,0.5899999737739563,0.5899999737739563,20000.0
2026-04-10 15:38:00,PUR.V,,0.625,0.6299999952316284,0.625,0.6299999952316284,12400.0
2026-04-10 15:38:00,QNC.V,,3.4800000190734863,3.5,3.4800000190734863,3.5,400.0
2026-04-10 15:38:00,QTWO.V,,2.2750000953674316,2.2799999713897705,2.2750000953674316,2.2799999713897705,200.0
2026-04-10 15:38:00,ROMJ.V,,0.5199999809265137,0.5199999809265137,0.5199999809265137,0.5199999809265137,2500.0
2026-04-10 15:38:00,RYO.V,,0.5299999713897705,0.5400000214576721,0.5299999713897705,0.5400000214576721,12000.0
2026-04-10 15:38:00,SCZ.V,,11.079999923706055,11.079999923706055,11.079999923706055,11.079999923706055,2300.0
2026-04-10 15:38:00,SEND.V,,1.690000057220459,1.690000057220459,1.690000057220459,1.690000057220459,10100.0
2026-04-10 15:38:00,SGML.V,,20.440000534057617,20.440000534057617,20.440000534057617,20.440000534057617,100.0
2026-04-10 15:38:00,SPA.V,,0.23499999940395355,0.23499999940395355,0.23499999940395355,0.23499999940395355,26000.0
2026-04-10 15:38:00,SVRS.V,,0.48500001430511475,0.49000000953674316,0.48500001430511475,0.49000000953674316,16000.0
2026-04-10 15:39:00,AGX.V,,0.7300000190734863,0.7300000190734863,0.7300000190734863,0.7300000190734863,10500.0
2026-04-10 15:39:00,GASX.V,,1.440000057220459,1.440000057220459,1.440000057220459,1.440000057220459,100.0
2026-04-10 15:39:00,MAI.V,,6.239999771118164,6.239999771118164,6.239999771118164,6.239999771118164,100.0
2026-04-10 15:39:00,MKA.V,,0.7300000190734863,0.7300000190734863,0.7300000190734863,0.7300000190734863,6000.0
2026-04-10 15:39:00,MMY.V,,0.9800000190734863,0.9800000190734863,0.9800000190734863,0.9800000190734863,100.0
2026-04-10 15:39:00,NFG.V,,2.799999952316284,2.799999952316284,2.799999952316284,2.799999952316284,100.0
2026-04-10 15:39:00,NICN.V,,0.11999999731779099,0.11999999731779099,0.11500000208616257,0.11500000208616257,33000.0
2026-04-10 15:39:00,NRX.V,,0.6700000166893005,0.6700000166893005,0.6499999761581421,0.6499999761581421,9500.0
2026-04-10 15:39:00,ODV.V,,4.539999961853027,4.550000190734863,4.539999961853027,4.539999961853027,1300.0
2026-04-10 15:39:00,OGO.V,,0.8299999833106995,0.8299999833106995,0.8299999833106995,0.8299999833106995,5500.0
2026-04-10 15:39:00,OMG.V,,2.0199999809265137,2.0199999809265137,2.0199999809265137,2.0199999809265137,2600.0
2026-04-10 15:39:00,PPX.V,,0.29499998688697815,0.29499998688697815,0.2849999964237213,0.2849999964237213,38000.0
2026-04-10 15:39:00,PUR.V,,0.6200000047683716,0.6200000047683716,0.6200000047683716,0.6200000047683716,1500.0
2026-04-10 15:39:00,PWM.V,,0.46000000834465027,0.46000000834465027,0.46000000834465027,0.46000000834465027,2000.0
2026-04-10 15:39:00,QTWO.V,,2.2799999713897705,2.2799999713897705,2.2799999713897705,2.2799999713897705,200.0
2026-04-10 15:39:00,RECO.V,,1.0950000286102295,1.0950000286102295,1.0950000286102295,1.0950000286102295,1500.0
2026-04-10 15:39:00,REG.V,,3.984999895095825,3.984999895095825,3.984999895095825,3.984999895095825,100.0
2026-04-10 15:39:00,SCZ.V,,11.0600004196167,11.069999694824219,11.0600004196167,11.069999694824219,200.0
2026-04-10 15:39:00,SECU.V,,2.049999952316284,2.049999952316284,2.0399999618530273,2.0399999618530273,200.0
2026-04-10 15:39:00,SGML.V,,20.5,20.5,20.469999313354492,20.479999542236328,10140.0
2026-04-10 15:39:00,SLI.V,,4.690000057220459,4.699999809265137,4.690000057220459,4.690000057220459,2350.0
2026-04-10 15:39:00,SLVR.V,,0.8600000143051147,0.8600000143051147,0.8600000143051147,0.8600000143051147,11650.0
2026-04-10 15:39:00,STMP.V,,0.12999999523162842,0.12999999523162842,0.12999999523162842,0.12999999523162842,45500.0
2026-04-10 15:39:00,SVRS.V,,0.48500001430511475,0.48500001430511475,0.48500001430511475,0.48500001430511475,1000.0
2026-04-10 15:40:00,GASX.V,,1.440000057220459,1.440000057220459,1.440000057220459,1.440000057220459,200.0
2026-04-10 15:40:00,MAI.V,,6.230000019073486,6.239999771118164,6.230000019073486,6.239999771118164,1500.0
2026-04-10 15:40:00,MMY.V,,0.9800000190734863,0.9800000190734863,0.9800000190734863,0.9800000190734863,3500.0
2026-04-10 15:40:00,MOX.V,,0.2150000035762787,0.2150000035762787,0.2150000035762787,0.2150000035762787,3000.0
2026-04-10 15:40:00,OMG.V,,2.0199999809265137,2.0199999809265137,2.0199999809265137,2.0199999809265137,200.0
2026-04-10 15:40:00,PLSR.V,,1.9199999570846558,1.9199999570846558,1.9199999570846558,1.9199999570846558,3800.0
2026-04-10 15:40:00,PPX.V,,0.28999999165534973,0.28999999165534973,0.28999999165534973,0.28999999165534973,3000.0
2026-04-10 15:40:00,QTWO.V,,2.2799999713897705,2.2799999713897705,2.2799999713897705,2.2799999713897705,500.0
2026-04-10 15:40:00,SCZ.V,,11.0600004196167,11.0600004196167,11.050000190734863,11.050000190734863,5270.0
2026-04-10 15:40:00,SNAG.V,,0.30000001192092896,0.30000001192092896,0.30000001192092896,0.30000001192092896,2000.0
2026-04-10 15:40:00,SVE.V,,0.5299999713897705,0.5299999713897705,0.5299999713897705,0.5299999713897705,500.0
2026-04-10 15:40:00,SVRS.V,,0.48500001430511475,0.48500001430511475,0.48500001430511475,0.48500001430511475,1000.0
2026-04-10 15:41:00,GASX.V,,1.440000057220459,1.440000057220459,1.440000057220459,1.440000057220459,200.0
2026-04-10 15:41:00,MMY.V,,0.9599999785423279,0.9700000286102295,0.9599999785423279,0.9700000286102295,13400.0
2026-04-10 15:41:00,NEV.V,,0.02500000037252903,0.02500000037252903,0.02500000037252903,0.02500000037252903,82000.0
2026-04-10 15:41:00,NFG.V,,2.799999952316284,2.799999952316284,2.799999952316284,2.799999952316284,100.0
2026-04-10 15:41:00,OMG.V,,2.0199999809265137,2.0199999809265137,2.0199999809265137,2.0199999809265137,300.0
2026-04-10 15:41:00,PGC.V,,0.03500000014901161,0.03500000014901161,0.03500000014901161,0.03500000014901161,0.0
2026-04-10 15:41:00,PNTR.V,,0.5199999809265137,0.5199999809265137,0.5199999809265137,0.5199999809265137,14500.0
2026-04-10 15:41:00,PPP.V,,1.3300000429153442,1.3300000429153442,1.3300000429153442,1.3300000429153442,200.0
2026-04-10 15:41:00,QNC.V,,3.4700000286102295,3.4800000190734863,3.4700000286102295,3.4800000190734863,400.0
2026-04-10 15:41:00,QTWO.V,,2.2799999713897705,2.2799999713897705,2.2799999713897705,2.2799999713897705,400.0
2026-04-10 15:41:00,SCZ.V,,11.050000190734863,11.050000190734863,11.050000190734863,11.050000190734863,207.0
2026-04-10 15:41:00,SPRQ.V,,0.6600000262260437,0.6600000262260437,0.6600000262260437,0.6600000262260437,3000.0
2026-04-10 15:41:00,SVRS.V,,0.48500001430511475,0.48500001430511475,0.48500001430511475,0.48500001430511475,1000.0
2026-04-10 15:42:00,AGX.V,,0.7300000190734863,0.7300000190734863,0.7300000190734863,0.7300000190734863,500.0
2026-04-10 15:42:00,GASX.V,,1.440000057220459,1.440000057220459,1.440000057220459,1.440000057220459,300.0
2026-04-10 15:42:00,MAI.V,,6.210000038146973,6.210000038146973,6.210000038146973,6.210000038146973,100.0
2026-04-10 15:42:00,MGG.V,,0.375,0.375,0.375,0.375,2000.0
2026-04-10 15:42:00,NAU.V,,1.7899999618530273,1.7899999618530273,1.7899999618530273,1.7899999618530273,400.0
2026-04-10 15:42:00,NCX.V,,3.240000009536743,3.25,3.240000009536743,3.25,14800.0
2026-04-10 15:42:00,NFG.V,,2.7950000762939453,2.799999952316284,2.7950000762939453,2.799999952316284,3100.0
2026-04-10 15:42:00,NWST.V,,0.3799999952316284,0.3799999952316284,0.3799999952316284,0.3799999952316284,2000.0
2026-04-10 15:42:00,OMG.V,,2.0199999809265137,2.0199999809265137,2.0199999809265137,2.0199999809265137,200.0
2026-04-10 15:42:00,PLSR.V,,1.9149999618530273,1.9199999570846558,1.9149999618530273,1.9149999618530273,1400.0
2026-04-10 15:42:00,PNPN.V,,1.159999966621399,1.159999966621399,1.159999966621399,1.159999966621399,100.0
2026-04-10 15:42:00,QGR.V,,0.30000001192092896,0.30000001192092896,0.29499998688697815,0.29499998688697815,93000.0
2026-04-10 15:42:00,QNC.V,,3.4600000381469727,3.4600000381469727,3.4600000381469727,3.4600000381469727,1210.0
2026-04-10 15:42:00,QTWO.V,,2.2799999713897705,2.2799999713897705,2.2799999713897705,2.2799999713897705,400.0
2026-04-10 15:42:00,RSMX.V,,0.12999999523162842,0.12999999523162842,0.12999999523162842,0.12999999523162842,5000.0
2026-04-10 15:42:00,SCZ.V,,11.039999961853027,11.039999961853027,11.039999961853027,11.039999961853027,128.0
2026-04-10 15:42:00,SEI.V,,0.5699999928474426,0.5699999928474426,0.5699999928474426,0.5699999928474426,500.0
2026-04-10 15:42:00,SGML.V,,20.469999313354492,20.5,20.469999313354492,20.5,800.0
2026-04-10 15:42:00,SLG.V,,3.740000009536743,3.740000009536743,3.740000009536743,3.740000009536743,100.0
2026-04-10 15:42:00,SLI.V,,4.679999828338623,4.679999828338623,4.679999828338623,4.679999828338623,100.0
2026-04-10 15:42:00,SLVR.V,,0.8500000238418579,0.8500000238418579,0.8500000238418579,0.8500000238418579,4500.0
2026-04-10 15:42:00,SPC.V,,0.05000000074505806,0.05000000074505806,0.05000000074505806,0.05000000074505806,2000.0
2026-04-10 15:42:00,STUD.V,,0.3449999988079071,0.3499999940395355,0.3449999988079071,0.3499999940395355,53008.0
2026-04-10 15:42:00,SVRS.V,,0.48500001430511475,0.48500001430511475,0.48500001430511475,0.48500001430511475,1000.0
2026-04-10 15:43:00,AGX.V,,0.7300000190734863,0.7300000190734863,0.7300000190734863,0.7300000190734863,500.0
2026-04-10 15:43:00,GASX.V,,1.440000057220459,1.440000057220459,1.440000057220459,1.440000057220459,200.0
2026-04-10 15:43:00,MMY.V,,0.9700000286102295,0.9700000286102295,0.9700000286102295,0.9700000286102295,4500.0
2026-04-10 15:43:00,NAU.V,,1.7899999618530273,1.7899999618530273,1.7899999618530273,1.7899999618530273,400.0
2026-04-10 15:43:00,NCX.V,,3.25,3.25,3.25,3.25,300.0
2026-04-10 15:43:00,NFG.V,,2.7950000762939453,2.7950000762939453,2.7950000762939453,2.7950000762939453,300.0
2026-04-10 15:43:00,OCO.V,,0.4099999964237213,0.4099999964237213,0.4099999964237213,0.4099999964237213,500.0
2026-04-10 15:43:00,OMG.V,,2.0199999809265137,2.0199999809265137,2.0199999809265137,2.0199999809265137,300.0
2026-04-10 15:43:00,OMI.V,,0.33000001311302185,0.33000001311302185,0.33000001311302185,0.33000001311302185,3000.0
2026-04-10 15:43:00,QGR.V,,0.3100000023841858,0.3100000023841858,0.30000001192092896,0.30000001192092896,72500.0
2026-04-10 15:43:00,QNC.V,,3.450000047683716,3.450000047683716,3.450000047683716,3.450000047683716,1650.0
2026-04-10 15:43:00,QTWO.V,,2.2799999713897705,2.2799999713897705,2.2799999713897705,2.2799999713897705,500.0
2026-04-10 15:43:00,RECO.V,,1.090000033378601,1.090000033378601,1.090000033378601,1.090000033378601,5600.0
2026-04-10 15:43:00,REG.V,,3.9800000190734863,3.9800000190734863,3.9800000190734863,3.9800000190734863,200.0
2026-04-10 15:43:00,ROK.V,,0.27000001072883606,0.27000001072883606,0.27000001072883606,0.27000001072883606,1500.0
2026-04-10 15:43:00,RSMX.V,,0.12999999523162842,0.12999999523162842,0.12999999523162842,0.12999999523162842,15000.0
2026-04-10 15:43:00,SCZ.V,,10.960000038146973,11.0,10.930000305175781,11.0,2974.0
2026-04-10 15:43:00,SEI.V,,0.5699999928474426,0.5699999928474426,0.5699999928474426,0.5699999928474426,500.0
2026-04-10 15:43:00,SGML.V,,20.459999084472656,20.459999084472656,20.459999084472656,20.459999084472656,600.0
2026-04-10 15:43:00,SLG.V,,3.7300000190734863,3.7300000190734863,3.7200000286102295,3.7200000286102295,300.0
2026-04-10 15:43:00,SLI.V,,4.699999809265137,4.699999809265137,4.679999828338623,4.679999828338623,12200.0
2026-04-10 15:43:00,SM.V,,1.8300000429153442,1.8300000429153442,1.8300000429153442,1.8300000429153442,9600.0
2026-04-10 15:43:00,SNM.V,,0.2150000035762787,0.2150000035762787,0.2150000035762787,0.2150000035762787,2500.0
2026-04-10 15:43:00,SVRS.V,,0.48500001430511475,0.48500001430511475,0.48500001430511475,0.48500001430511475,1000.0
2026-04-10 15:44:00,AGX.V,,0.7300000190734863,0.7300000190734863,0.7300000190734863,0.7300000190734863,2000.0
2026-04-10 15:44:00,GASX.V,,1.440000057220459,1.440000057220459,1.440000057220459,1.440000057220459,300.0
2026-04-10 15:44:00,MAI.V,,6.21999979019165,6.239999771118164,6.21999979019165,6.239999771118164,2100.0
2026-04-10 15:44:00,MMY.V,,0.9700000286102295,0.9700000286102295,0.9700000286102295,0.9700000286102295,2500.0
2026-04-10 15:44:00,NAU.V,,1.7899999618530273,1.7899999618530273,1.7899999618530273,1.7899999618530273,300.0
2026-04-10 15:44:00,NCX.V,,3.25,3.25,3.25,3.25,1300.0
2026-04-10 15:44:00,NEV.V,,0.029999999329447746,0.029999999329447746,0.029999999329447746,0.029999999329447746,3000.0
2026-04-10 15:44:00,NFG.V,,2.799999952316284,2.799999952316284,2.799999952316284,2.799999952316284,5300.0
2026-04-10 15:44:00,ODV.V,,4.539999961853027,4.539999961853027,4.539999961853027,4.539999961853027,1000.0
2026-04-10 15:44:00,OMG.V,,2.0199999809265137,2.0199999809265137,2.0199999809265137,2.0199999809265137,1100.0
2026-04-10 15:44:00,PNPN.V,,1.159999966621399,1.1699999570846558,1.159999966621399,1.1699999570846558,28300.0
2026-04-10 15:44:00,QGR.V,,0.30250000953674316,0.30250000953674316,0.30250000953674316,0.30250000953674316,500.0
2026-04-10 15:44:00,QNC.V,,3.440000057220459,3.440000057220459,3.440000057220459,3.440000057220459,400.0
2026-04-10 15:44:00,QTWO.V,,2.2799999713897705,2.2799999713897705,2.2799999713897705,2.2799999713897705,600.0
2026-04-10 15:44:00,RVG.V,,0.8600000143051147,0.8600000143051147,0.8600000143051147,0.8600000143051147,2000.0
2026-04-10 15:44:00,SCZ.V,,11.010000228881836,11.010000228881836,11.0,11.0,2200.0
2026-04-10 15:44:00,SGML.V,,20.489999771118164,20.489999771118164,20.479999542236328,20.479999542236328,1000.0
2026-04-10 15:44:00,SLI.V,,4.699999809265137,4.699999809265137,4.699999809265137,4.699999809265137,1200.0
2026-04-10 15:44:00,SLVR.V,,0.8500000238418579,0.8500000238418579,0.8500000238418579,0.8500000238418579,2000.0
2026-04-10 15:44:00,SM.V,,1.8350000381469727,1.8350000381469727,1.8350000381469727,1.8350000381469727,1000.0
2026-04-10 15:44:00,STRR.V,,0.5199999809265137,0.5199999809265137,0.5199999809265137,0.5199999809265137,6000.0
2026-04-10 15:44:00,SVE.V,,0.5299999713897705,0.5299999713897705,0.5299999713897705,0.5299999713897705,500.0
2026-04-10 15:44:00,SVRS.V,,0.48500001430511475,0.48500001430511475,0.48500001430511475,0.48500001430511475,1000.0
2026-04-10 15:45:00,AGX.V,,0.7300000190734863,0.7300000190734863,0.7300000190734863,0.7300000190734863,500.0
2026-04-10 15:45:00,GASX.V,,1.440000057220459,1.440000057220459,1.440000057220459,1.440000057220459,500.0
2026-04-10 15:45:00,MAI.V,,6.239999771118164,6.239999771118164,6.239999771118164,6.239999771118164,600.0
2026-04-10 15:45:00,MCI.V,,0.26499998569488525,0.26499998569488525,0.26499998569488525,0.26499998569488525,5500.0
2026-04-10 15:45:00,NAU.V,,1.7899999618530273,1.7899999618530273,1.7899999618530273,1.7899999618530273,300.0
2026-04-10 15:45:00,NFG.V,,2.799999952316284,2.799999952316284,2.799999952316284,2.799999952316284,4000.0
2026-04-10 15:45:00,OMG.V,,2.0199999809265137,2.0199999809265137,2.0199999809265137,2.0199999809265137,1300.0
2026-04-10 15:45:00,PLSR.V,,1.899999976158142,1.909999966621399,1.899999976158142,1.909999966621399,11800.0
2026-04-10 15:45:00,QNC.V,,3.440000057220459,3.440000057220459,3.440000057220459,3.440000057220459,583.0
2026-04-10 15:45:00,QTWO.V,,2.2799999713897705,2.2799999713897705,2.2799999713897705,2.2799999713897705,500.0
2026-04-10 15:45:00,REG.V,,4.0,4.0,4.0,4.0,100.0
2026-04-10 15:45:00,REX.V,,0.2750000059604645,0.2849999964237213,0.2750000059604645,0.2849999964237213,24500.0
2026-04-10 15:45:00,ROI.V,,0.08500000089406967,0.08500000089406967,0.08500000089406967,0.08500000089406967,2000.0
2026-04-10 15:45:00,RSMX.V,,0.13249999284744263,0.13500000536441803,0.12999999523162842,0.12999999523162842,32000.0
2026-04-10 15:45:00,SCD.V,,0.13500000536441803,0.13500000536441803,0.13500000536441803,0.13500000536441803,2000.0
2026-04-10 15:45:00,SCZ.V,,10.979999542236328,10.979999542236328,10.979999542236328,10.979999542236328,300.0
2026-04-10 15:45:00,SGML.V,,20.450000762939453,20.450000762939453,20.450000762939453,20.450000762939453,200.0
2026-04-10 15:45:00,SLVR.V,,0.8500000238418579,0.8500000238418579,0.8500000238418579,0.8500000238418579,1560.0
2026-04-10 15:45:00,SOI.V,,0.20999999344348907,0.20999999344348907,0.20999999344348907,0.20999999344348907,10000.0
2026-04-10 15:45:00,SOLR.V,,0.014999999664723873,0.014999999664723873,0.014999999664723873,0.014999999664723873,18000.0
2026-04-10 15:45:00,SSV.V,,0.5799999833106995,0.5799999833106995,0.5799999833106995,0.5799999833106995,2000.0
2026-04-10 15:46:00,AGX.V,,0.7300000190734863,0.7300000190734863,0.7300000190734863,0.7300000190734863,500.0
2026-04-10 15:46:00,GASX.V,,1.4600000381469727,1.4600000381469727,1.440000057220459,1.440000057220459,4000.0
2026-04-10 15:46:00,NAU.V,,1.7899999618530273,1.7899999618530273,1.7899999618530273,1.7899999618530273,400.0
2026-04-10 15:46:00,NFG.V,,2.799999952316284,2.799999952316284,2.799999952316284,2.799999952316284,100.0
2026-04-10 15:46:00,OCO.V,,0.4099999964237213,0.4099999964237213,0.4099999964237213,0.4099999964237213,500.0
2026-04-10 15:46:00,PEMC.V,,0.06499999761581421,0.06499999761581421,0.06499999761581421,0.06499999761581421,16000.0
2026-04-10 15:46:00,PLSR.V,,1.899999976158142,1.899999976158142,1.899999976158142,1.899999976158142,3915.0
2026-04-10 15:46:00,PNPN.V,,1.1649999618530273,1.1699999570846558,1.1649999618530273,1.1699999570846558,2300.0
2026-04-10 15:46:00,PWM.V,,0.46000000834465027,0.46000000834465027,0.46000000834465027,0.46000000834465027,1500.0
2026-04-10 15:46:00,QNC.V,,3.430000066757202,3.440000057220459,3.430000066757202,3.440000057220459,5600.0
2026-04-10 15:46:00,QTWO.V,,2.2799999713897705,2.2799999713897705,2.2799999713897705,2.2799999713897705,700.0
2026-04-10 15:46:00,RKR.V,,0.05000000074505806,0.05000000074505806,0.05000000074505806,0.05000000074505806,50000.0
2026-04-10 15:46:00,ROCK.V,,2.6500000953674316,2.6500000953674316,2.6500000953674316,2.6500000953674316,100.0
2026-04-10 15:46:00,SCZ.V,,11.010000228881836,11.010000228881836,10.960000038146973,10.970000267028809,18000.0
2026-04-10 15:46:00,SDI.V,,0.20499999821186066,0.20499999821186066,0.20499999821186066,0.20499999821186066,2000.0
2026-04-10 15:46:00,SGML.V,,20.489999771118164,20.489999771118164,20.489999771118164,20.489999771118164,200.0
2026-04-10 15:46:00,SLG.V,,3.700000047683716,3.7200000286102295,3.690000057220459,3.7200000286102295,2600.0
2026-04-10 15:46:00,SNM.V,,0.2150000035762787,0.2150000035762787,0.2150000035762787,0.2150000035762787,51000.0
2026-04-10 15:46:00,SVRS.V,,0.48500001430511475,0.48500001430511475,0.48500001430511475,0.48500001430511475,1000.0
2026-04-10 15:47:00,AGX.V,,0.7300000190734863,0.7300000190734863,0.7300000190734863,0.7300000190734863,500.0
2026-04-10 15:47:00,MAI.V,,6.230000019073486,6.239999771118164,6.21999979019165,6.239999771118164,500.0
2026-04-10 15:47:00,MMM.V,,0.10999999940395355,0.10999999940395355,0.10999999940395355,0.10999999940395355,2500.0
2026-04-10 15:47:00,NAU.V,,1.7899999618530273,1.7899999618530273,1.7899999618530273,1.7899999618530273,300.0
2026-04-10 15:47:00,NCX.V,,3.259999990463257,3.259999990463257,3.259999990463257,3.259999990463257,100.0
2026-04-10 15:47:00,PINK.V,,0.3149999976158142,0.3149999976158142,0.3149999976158142,0.3149999976158142,1500.0
2026-04-10 15:47:00,PLSR.V,,1.899999976158142,1.899999976158142,1.899999976158142,1.899999976158142,3500.0
2026-04-10 15:47:00,PNPN.V,,1.1749999523162842,1.1749999523162842,1.1749999523162842,1.1749999523162842,200.0
2026-04-10 15:47:00,QGR.V,,0.30000001192092896,0.30000001192092896,0.29750001430511475,0.30000001192092896,55000.0
2026-04-10 15:47:00,QNC.V,,3.440000057220459,3.440000057220459,3.440000057220459,3.440000057220459,1200.0
2026-04-10 15:47:00,QTWO.V,,2.2799999713897705,2.2799999713897705,2.2799999713897705,2.2799999713897705,400.0
2026-04-10 15:47:00,REX.V,,0.2750000059604645,0.2750000059604645,0.2750000059604645,0.2750000059604645,1500.0
2026-04-10 15:47:00,SCZ.V,,11.029999732971191,11.029999732971191,11.020000457763672,11.020000457763672,500.0
2026-04-10 15:47:00,SGML.V,,20.489999771118164,20.489999771118164,20.489999771118164,20.489999771118164,200.0
2026-04-10 15:47:00,SPX.V,,0.10999999940395355,0.10999999940395355,0.10999999940395355,0.10999999940395355,5000.0
2026-04-10 15:47:00,SVE.V,,0.5299999713897705,0.5299999713897705,0.5299999713897705,0.5299999713897705,500.0
2026-04-10 15:47:00,SVRS.V,,0.48500001430511475,0.48500001430511475,0.48500001430511475,0.48500001430511475,500.0
2026-04-10 15:47:00,VIPR.V,,1.25,1.25,1.25,1.25,8000.0
2026-04-10 15:48:00,AGX.V,,0.7300000190734863,0.7300000190734863,0.7300000190734863,0.7300000190734863,1000.0
2026-04-10 15:48:00,MAI.V,,6.230000019073486,6.230000019073486,6.230000019073486,6.230000019073486,600.0
2026-04-10 15:48:00,MMY.V,,0.9750000238418579,0.9750000238418579,0.9750000238418579,0.9750000238418579,200.0
2026-04-10 15:48:00,NAU.V,,1.7899999618530273,1.7899999618530273,1.7899999618530273,1.7899999618530273,200.0
2026-04-10 15:48:00,NCX.V,,3.255000114440918,3.259999990463257,3.255000114440918,3.259999990463257,300.0
2026-04-10 15:48:00,NEXE.V,,0.1550000011920929,0.1550000011920929,0.1550000011920929,0.1550000011920929,25000.0
2026-04-10 15:48:00,NFG.V,,2.799999952316284,2.799999952316284,2.799999952316284,2.799999952316284,2300.0
2026-04-10 15:48:00,OMG.V,,2.0199999809265137,2.0199999809265137,2.0199999809265137,2.0199999809265137,2300.0
2026-04-10 15:48:00,PGLD.V,,0.7099999785423279,0.7099999785423279,0.7099999785423279,0.7099999785423279,266183.0
2026-04-10 15:48:00,PNPN.V,,1.1649999618530273,1.1749999523162842,1.1649999618530273,1.1749999523162842,4600.0
2026-04-10 15:48:00,PPP.V,,1.3300000429153442,1.3300000429153442,1.3300000429153442,1.3300000429153442,100.0
2026-04-10 15:48:00,PPX.V,,0.2849999964237213,0.2849999964237213,0.2849999964237213,0.2849999964237213,3000.0
2026-04-10 15:48:00,PUR.V,,0.6200000047683716,0.6200000047683716,0.6100000143051147,0.6200000047683716,43000.0
2026-04-10 15:48:00,QGR.V,,0.30000001192092896,0.30000001192092896,0.30000001192092896,0.30000001192092896,8500.0
2026-04-10 15:48:00,QNC.V,,3.440000057220459,3.440000057220459,3.440000057220459,3.440000057220459,1600.0
2026-04-10 15:48:00,QTWO.V,,2.2799999713897705,2.2799999713897705,2.2799999713897705,2.2799999713897705,600.0
2026-04-10 15:48:00,REG.V,,4.0,4.0,4.0,4.0,100.0
2026-04-10 15:48:00,ROCK.V,,2.6500000953674316,2.6500000953674316,2.6500000953674316,2.6500000953674316,500.0
2026-04-10 15:48:00,RYO.V,,0.5299999713897705,0.5299999713897705,0.5299999713897705,0.5299999713897705,4500.0
2026-04-10 15:48:00,SCZ.V,,11.0,11.0,11.0,11.0,900.0
2026-04-10 15:48:00,SEND.V,,1.899999976158142,1.899999976158142,1.75,1.75,101500.0
2026-04-10 15:48:00,SVRS.V,,0.48500001430511475,0.48500001430511475,0.48500001430511475,0.48500001430511475,1500.0
2026-04-10 15:48:00,VIPR.V,,1.2400000095367432,1.25,1.2400000095367432,1.25,1000.0
2026-04-10 15:49:00,AGX.V,,0.7300000190734863,0.7300000190734863,0.7300000190734863,0.7300000190734863,4000.0
2026-04-10 15:49:00,LITT.V,,0.42500001192092896,0.42500001192092896,0.42500001192092896,0.42500001192092896,500.0
2026-04-10 15:49:00,MAI.V,,6.230000019073486,6.230000019073486,6.230000019073486,6.230000019073486,500.0
2026-04-10 15:49:00,MGG.V,,0.375,0.375,0.375,0.375,500.0
2026-04-10 15:49:00,MMY.V,,0.9750000238418579,0.9750000238418579,0.9750000238418579,0.9750000238418579,200.0
2026-04-10 15:49:00,NCX.V,,3.259999990463257,3.259999990463257,3.259999990463257,3.259999990463257,900.0
2026-04-10 15:49:00,NDA.V,,0.9900000095367432,0.9900000095367432,0.9800000190734863,0.9850000143051147,6400.0
2026-04-10 15:49:00,NFG.V,,2.799999952316284,2.799999952316284,2.799999952316284,2.799999952316284,1400.0
2026-04-10 15:49:00,OCO.V,,0.4099999964237213,0.4099999964237213,0.4099999964237213,0.4099999964237213,500.0
2026-04-10 15:49:00,OGN.V,,3.7100000381469727,3.7100000381469727,3.7100000381469727,3.7100000381469727,100.0
2026-04-10 15:49:00,PGE.V,,0.3149999976158142,0.3149999976158142,0.3149999976158142,0.3149999976158142,5500.0
2026-04-10 15:49:00,PINK.V,,0.3199999928474426,0.3199999928474426,0.3199999928474426,0.3199999928474426,4000.0
2026-04-10 15:49:00,PNPN.V,,1.1699999570846558,1.1699999570846558,1.1699999570846558,1.1699999570846558,2500.0
2026-04-10 15:49:00,QGR.V,,0.30000001192092896,0.30000001192092896,0.30000001192092896,0.30000001192092896,1500.0
2026-04-10 15:49:00,QNC.V,,3.450000047683716,3.450000047683716,3.450000047683716,3.450000047683716,300.0
2026-04-10 15:49:00,QTWO.V,,2.2799999713897705,2.2799999713897705,2.2799999713897705,2.2799999713897705,800.0
2026-04-10 15:49:00,RECO.V,,1.090000033378601,1.090000033378601,1.090000033378601,1.090000033378601,4500.0
2026-04-10 15:49:00,ROCK.V,,2.6500000953674316,2.6500000953674316,2.6500000953674316,2.6500000953674316,200.0
2026-04-10 15:49:00,RPX.V,,0.18000000715255737,0.18000000715255737,0.18000000715255737,0.18000000715255737,37500.0
2026-04-10 15:49:00,RYO.V,,0.5400000214576721,0.5400000214576721,0.5400000214576721,0.5400000214576721,500.0
2026-04-10 15:49:00,SFR.V,,0.23999999463558197,0.23999999463558197,0.23999999463558197,0.23999999463558197,6000.0
2026-04-10 15:49:00,SLG.V,,3.700000047683716,3.700000047683716,3.690000057220459,3.690000057220459,5100.0
2026-04-10 15:49:00,SLI.V,,4.71999979019165,4.71999979019165,4.710000038146973,4.710000038146973,3700.0
2026-04-10 15:49:00,SOI.V,,0.20999999344348907,0.20999999344348907,0.20999999344348907,0.20999999344348907,91500.0
2026-04-10 15:49:00,SRQ.V,,0.07500000298023224,0.07500000298023224,0.07500000298023224,0.07500000298023224,12000.0
2026-04-10 15:49:00,SVE.V,,0.5299999713897705,0.5299999713897705,0.5299999713897705,0.5299999713897705,1000.0
2026-04-10 15:49:00,SVRS.V,,0.48500001430511475,0.48500001430511475,0.48500001430511475,0.48500001430511475,3000.0
2026-04-10 15:50:00,AGX.V,,0.7300000190734863,0.7300000190734863,0.7300000190734863,0.7300000190734863,1000.0
2026-04-10 15:50:00,GASX.V,,1.440000057220459,1.440000057220459,1.440000057220459,1.440000057220459,100.0
2026-04-10 15:50:00,MAI.V,,6.230000019073486,6.230000019073486,6.230000019073486,6.230000019073486,400.0
2026-04-10 15:50:00,MGG.V,,0.375,0.375,0.375,0.375,2500.0
2026-04-10 15:50:00,MMY.V,,0.9750000238418579,0.9750000238418579,0.9700000286102295,0.9700000286102295,2000.0
2026-04-10 15:50:00,NAM.V,,0.32499998807907104,0.32499998807907104,0.32499998807907104,0.32499998807907104,11500.0
2026-04-10 15:50:00,NFG.V,,2.799999952316284,2.799999952316284,2.799999952316284,2.799999952316284,200.0
2026-04-10 15:50:00,OMG.V,,2.0299999713897705,2.0299999713897705,2.0299999713897705,2.0299999713897705,100.0
2026-04-10 15:50:00,PA.V,,0.1899999976158142,0.1899999976158142,0.1899999976158142,0.1899999976158142,4500.0
2026-04-10 15:50:00,PINK.V,,0.32499998807907104,0.32499998807907104,0.32499998807907104,0.32499998807907104,1500.0
2026-04-10 15:50:00,PNPN.V,,1.1749999523162842,1.1749999523162842,1.1749999523162842,1.1749999523162842,100.0
2026-04-10 15:50:00,PWM.V,,0.46000000834465027,0.46000000834465027,0.46000000834465027,0.46000000834465027,500.0
2026-04-10 15:50:00,QTWO.V,,2.2799999713897705,2.2799999713897705,2.2799999713897705,2.2799999713897705,600.0
2026-04-10 15:50:00,RAGE.V,,0.48500001430511475,0.48500001430511475,0.48500001430511475,0.48500001430511475,500.0
2026-04-10 15:50:00,RDS.V,,0.8799999952316284,0.8799999952316284,0.875,0.875,3600.0
2026-04-10 15:50:00,REG.V,,4.0,4.0,4.0,4.0,100.0
2026-04-10 15:50:00,RYO.V,,0.5400000214576721,0.5400000214576721,0.5400000214576721,0.5400000214576721,1000.0
2026-04-10 15:50:00,SAG.V,,1.409999966621399,1.409999966621399,1.409999966621399,1.409999966621399,500.0
2026-04-10 15:50:00,SCZ.V,,11.050000190734863,11.050000190734863,11.020000457763672,11.020000457763672,3300.0
2026-04-10 15:50:00,SEI.V,,0.5699999928474426,0.5699999928474426,0.5699999928474426,0.5699999928474426,500.0
2026-04-10 15:50:00,SGML.V,,20.510000228881836,20.510000228881836,20.510000228881836,20.510000228881836,1200.0
2026-04-10 15:50:00,SGO.V,,0.24500000476837158,0.24500000476837158,0.24500000476837158,0.24500000476837158,5000.0
2026-04-10 15:50:00,SLG.V,,3.7100000381469727,3.7100000381469727,3.7100000381469727,3.7100000381469727,100.0
2026-04-10 15:50:00,SLI.V,,4.710000038146973,4.710000038146973,4.710000038146973,4.710000038146973,392.0
2026-04-10 15:50:00,SVE.V,,0.5299999713897705,0.5299999713897705,0.5299999713897705,0.5299999713897705,1000.0
2026-04-10 15:50:00,SVRS.V,,0.49000000953674316,0.49000000953674316,0.49000000953674316,0.49000000953674316,500.0
2026-04-10 15:50:00,SYH.V,,0.4749999940395355,0.4749999940395355,0.4749999940395355,0.4749999940395355,18500.0
2026-04-10 15:51:00,AGX.V,,0.7300000190734863,0.7300000190734863,0.7300000190734863,0.7300000190734863,1000.0
2026-04-10 15:51:00,GASX.V,,1.4600000381469727,1.4600000381469727,1.440000057220459,1.440000057220459,1600.0
2026-04-10 15:51:00,MAI.V,,6.260000228881836,6.260000228881836,6.230000019073486,6.230000019073486,3903.0
2026-04-10 15:51:00,MMY.V,,0.9700000286102295,0.9750000238418579,0.9700000286102295,0.9750000238418579,600.0
2026-04-10 15:51:00,NAU.V,,1.7699999809265137,1.7699999809265137,1.7699999809265137,1.7699999809265137,100.0
2026-04-10 15:51:00,NCAU.V,,0.6399999856948853,0.6399999856948853,0.6399999856948853,0.6399999856948853,3500.0
2026-04-10 15:51:00,NFG.V,,2.799999952316284,2.799999952316284,2.799999952316284,2.799999952316284,300.0
2026-04-10 15:51:00,PNPN.V,,1.1699999570846558,1.1699999570846558,1.1699999570846558,1.1699999570846558,200.0
2026-04-10 15:51:00,PPP.V,,1.3300000429153442,1.3300000429153442,1.3300000429153442,1.3300000429153442,100.0
2026-04-10 15:51:00,PUMA.V,,0.17499999701976776,0.17499999701976776,0.17499999701976776,0.17499999701976776,1525.0
2026-04-10 15:51:00,PUR.V,,0.6299999952316284,0.6299999952316284,0.6299999952316284,0.6299999952316284,11000.0
2026-04-10 15:51:00,QNC.V,,3.450000047683716,3.450000047683716,3.450000047683716,3.450000047683716,500.0
2026-04-10 15:51:00,QTWO.V,,2.2799999713897705,2.2799999713897705,2.2799999713897705,2.2799999713897705,700.0
2026-04-10 15:51:00,QZM.V,,0.699999988079071,0.699999988079071,0.699999988079071,0.699999988079071,10000.0
2026-04-10 15:51:00,RDS.V,,0.8799999952316284,0.8849999904632568,0.8799999952316284,0.8849999904632568,3000.0
2026-04-10 15:51:00,RECO.V,,1.090000033378601,1.090000033378601,1.090000033378601,1.090000033378601,6000.0
2026-04-10 15:51:00,REG.V,,3.990000009536743,3.990000009536743,3.990000009536743,3.990000009536743,200.0
2026-04-10 15:51:00,ROCK.V,,2.630000114440918,2.6500000953674316,2.630000114440918,2.6500000953674316,1900.0
2026-04-10 15:51:00,RPX.V,,0.18000000715255737,0.18000000715255737,0.18000000715255737,0.18000000715255737,23000.0
2026-04-10 15:51:00,RYO.V,,0.5400000214576721,0.5400000214576721,0.5400000214576721,0.5400000214576721,1000.0
2026-04-10 15:51:00,SCZ.V,,11.020000457763672,11.039999961853027,11.020000457763672,11.029999732971191,857.0
2026-04-10 15:51:00,SEND.V,,1.7000000476837158,1.7100000381469727,1.7000000476837158,1.7100000381469727,2900.0
2026-04-10 15:51:00,SLG.V,,3.700000047683716,3.7149999141693115,3.700000047683716,3.700000047683716,1380.0
2026-04-10 15:51:00,SPA.V,,0.23499999940395355,0.23499999940395355,0.23499999940395355,0.23499999940395355,3000.0
2026-04-10 15:51:00,SVE.V,,0.5299999713897705,0.5299999713897705,0.5299999713897705,0.5299999713897705,500.0
2026-04-10 15:51:00,SVRS.V,,0.48500001430511475,0.48500001430511475,0.48500001430511475,0.48500001430511475,1000.0
2026-04-10 15:52:00,AGX.V,,0.7300000190734863,0.7300000190734863,0.7300000190734863,0.7300000190734863,844.0
2026-04-10 15:52:00,MKA.V,,0.7300000190734863,0.7300000190734863,0.7300000190734863,0.7300000190734863,1500.0
2026-04-10 15:52:00,MMY.V,,0.9750000238418579,0.9750000238418579,0.9599999785423279,0.9700000286102295,4900.0
2026-04-10 15:52:00,NCX.V,,3.259999990463257,3.259999990463257,3.259999990463257,3.259999990463257,1100.0
2026-04-10 15:52:00,NDA.V,,0.9900000095367432,0.9900000095367432,0.9900000095367432,0.9900000095367432,12500.0
2026-04-10 15:52:00,NFG.V,,2.799999952316284,2.799999952316284,2.799999952316284,2.799999952316284,600.0
2026-04-10 15:52:00,OGN.V,,3.7100000381469727,3.7100000381469727,3.7100000381469727,3.7100000381469727,100.0
2026-04-10 15:52:00,OMG.V,,2.0250000953674316,2.0250000953674316,2.0250000953674316,2.0250000953674316,100.0
2026-04-10 15:52:00,PA.V,,0.19499999284744263,0.19499999284744263,0.19499999284744263,0.19499999284744263,1000.0
2026-04-10 15:52:00,PEAK.V,,0.42500001192092896,0.4350000023841858,0.42500001192092896,0.4300000071525574,14000.0
2026-04-10 15:52:00,PGE.V,,0.3149999976158142,0.3149999976158142,0.3149999976158142,0.3149999976158142,500.0
2026-04-10 15:52:00,PPP.V,,1.3300000429153442,1.3300000429153442,1.3300000429153442,1.3300000429153442,100.0
2026-04-10 15:52:00,QNC.V,,3.4200000762939453,3.450000047683716,3.4200000762939453,3.450000047683716,2778.0
2026-04-10 15:52:00,QTWO.V,,2.2799999713897705,2.2799999713897705,2.2799999713897705,2.2799999713897705,900.0
2026-04-10 15:52:00,RDS.V,,0.8849999904632568,0.8849999904632568,0.8849999904632568,0.8849999904632568,1500.0
2026-04-10 15:52:00,REG.V,,4.0,4.0,4.0,4.0,100.0
2026-04-10 15:52:00,RVG.V,,0.8600000143051147,0.8600000143051147,0.8600000143051147,0.8600000143051147,30000.0
2026-04-10 15:52:00,RYO.V,,0.5400000214576721,0.5400000214576721,0.5400000214576721,0.5400000214576721,1000.0
2026-04-10 15:52:00,SGML.V,,20.520000457763672,20.520000457763672,20.520000457763672,20.520000457763672,500.0
2026-04-10 15:52:00,SM.V,,1.840000033378601,1.840000033378601,1.840000033378601,1.840000033378601,5000.0
2026-04-10 15:52:00,STUD.V,,0.3449999988079071,0.3449999988079071,0.3449999988079071,0.3449999988079071,2000.0
2026-04-10 15:52:00,SVE.V,,0.5299999713897705,0.5299999713897705,0.5299999713897705,0.5299999713897705,500.0
2026-04-10 15:52:00,SVRS.V,,0.49000000953674316,0.49000000953674316,0.48500001430511475,0.48500001430511475,2000.0
2026-04-10 15:53:00,GASX.V,,1.440000057220459,1.440000057220459,1.440000057220459,1.440000057220459,300.0
2026-04-10 15:53:00,MMY.V,,0.9700000286102295,0.9700000286102295,0.9700000286102295,0.9700000286102295,100.0
2026-04-10 15:53:00,MOO.V,,0.7799999713897705,0.7799999713897705,0.7799999713897705,0.7799999713897705,1000.0
2026-04-10 15:53:00,NCX.V,,3.259999990463257,3.259999990463257,3.259999990463257,3.259999990463257,100.0
2026-04-10 15:53:00,NDA.V,,0.9800000190734863,0.9800000190734863,0.9800000190734863,0.9800000190734863,16500.0
2026-04-10 15:53:00,NFG.V,,2.799999952316284,2.799999952316284,2.799999952316284,2.799999952316284,2900.0
2026-04-10 15:53:00,NOB.V,,0.10000000149011612,0.10000000149011612,0.10000000149011612,0.10000000149011612,23500.0
2026-04-10 15:53:00,OCO.V,,0.4050000011920929,0.4050000011920929,0.4050000011920929,0.4050000011920929,1000.0
2026-04-10 15:53:00,OMG.V,,2.0250000953674316,2.0250000953674316,2.0250000953674316,2.0250000953674316,600.0
2026-04-10 15:53:00,OTC.V,,0.4950000047683716,0.4950000047683716,0.49000000953674316,0.49000000953674316,7000.0
2026-04-10 15:53:00,PGLD.V,,0.7099999785423279,0.7099999785423279,0.7099999785423279,0.7099999785423279,10000.0
2026-04-10 15:53:00,PLSR.V,,1.8799999952316284,1.8899999856948853,1.8799999952316284,1.8899999856948853,8800.0
2026-04-10 15:53:00,PNPN.V,,1.1749999523162842,1.184999942779541,1.1749999523162842,1.1749999523162842,6400.0
2026-04-10 15:53:00,PPP.V,,1.3300000429153442,1.3300000429153442,1.3300000429153442,1.3300000429153442,100.0
2026-04-10 15:53:00,QTWO.V,,2.2799999713897705,2.2799999713897705,2.2750000953674316,2.2799999713897705,700.0
2026-04-10 15:53:00,REG.V,,4.0,4.0,4.0,4.0,200.0
2026-04-10 15:53:00,RML.V,,1.059999942779541,1.059999942779541,1.059999942779541,1.059999942779541,100.0
2026-04-10 15:53:00,ROCK.V,,2.6500000953674316,2.6500000953674316,2.6500000953674316,2.6500000953674316,100.0
2026-04-10 15:53:00,RPX.V,,0.18000000715255737,0.18000000715255737,0.18000000715255737,0.18000000715255737,26000.0
2026-04-10 15:53:00,RSMX.V,,0.12999999523162842,0.12999999523162842,0.12999999523162842,0.12999999523162842,4000.0
2026-04-10 15:53:00,RYO.V,,0.5350000262260437,0.5400000214576721,0.5299999713897705,0.5400000214576721,11000.0
2026-04-10 15:53:00,SAG.V,,1.409999966621399,1.409999966621399,1.409999966621399,1.409999966621399,1000.0
2026-04-10 15:53:00,SCZ.V,,11.029999732971191,11.029999732971191,11.020000457763672,11.020000457763672,3100.0
2026-04-10 15:53:00,SGML.V,,20.520000457763672,20.520000457763672,20.520000457763672,20.520000457763672,1100.0
2026-04-10 15:53:00,SLG.V,,3.700000047683716,3.7100000381469727,3.700000047683716,3.7100000381469727,5100.0
2026-04-10 15:53:00,SLI.V,,4.710000038146973,4.710000038146973,4.710000038146973,4.710000038146973,484.0
2026-04-10 15:53:00,SVE.V,,0.5299999713897705,0.5299999713897705,0.5299999713897705,0.5299999713897705,1000.0
2026-04-10 15:53:00,SVRS.V,,0.48500001430511475,0.49000000953674316,0.48500001430511475,0.49000000953674316,3100.0
2026-04-10 15:53:00,VIPR.V,,1.2699999809265137,1.2699999809265137,1.2599999904632568,1.2599999904632568,3600.0
2026-04-10 15:54:00,AGX.V,,0.7300000190734863,0.7300000190734863,0.7300000190734863,0.7300000190734863,500.0
2026-04-10 15:54:00,FISH.V,,3.609999895095825,3.609999895095825,3.609999895095825,3.609999895095825,400.0
2026-04-10 15:54:00,GASX.V,,1.440000057220459,1.440000057220459,1.440000057220459,1.440000057220459,100.0
2026-04-10 15:54:00,MMY.V,,0.9700000286102295,0.9700000286102295,0.9700000286102295,0.9700000286102295,600.0
2026-04-10 15:54:00,NAU.V,,1.7699999809265137,1.7699999809265137,1.7699999809265137,1.7699999809265137,3400.0
2026-04-10 15:54:00,NCX.V,,3.259999990463257,3.259999990463257,3.259999990463257,3.259999990463257,100.0
2026-04-10 15:54:00,NFG.V,,2.799999952316284,2.799999952316284,2.799999952316284,2.799999952316284,3400.0
2026-04-10 15:54:00,PGE.V,,0.3149999976158142,0.3149999976158142,0.3149999976158142,0.3149999976158142,500.0
2026-04-10 15:54:00,PML.V,,0.8999999761581421,0.8999999761581421,0.8999999761581421,0.8999999761581421,39500.0
2026-04-10 15:54:00,PNPN.V,,1.1799999475479126,1.184999942779541,1.1799999475479126,1.1799999475479126,3400.0
2026-04-10 15:54:00,PPP.V,,1.3300000429153442,1.3300000429153442,1.3300000429153442,1.3300000429153442,300.0
2026-04-10 15:54:00,PPX.V,,0.2849999964237213,0.2849999964237213,0.2849999964237213,0.2849999964237213,3000.0
2026-04-10 15:54:00,QGR.V,,0.30000001192092896,0.30000001192092896,0.30000001192092896,0.30000001192092896,1000.0
2026-04-10 15:54:00,QNC.V,,3.440000057220459,3.440000057220459,3.440000057220459,3.440000057220459,1900.0
2026-04-10 15:54:00,QTWO.V,,2.2799999713897705,2.2799999713897705,2.2799999713897705,2.2799999713897705,800.0
2026-04-10 15:54:00,RECO.V,,1.090000033378601,1.090000033378601,1.090000033378601,1.090000033378601,1000.0
2026-04-10 15:54:00,ROK.V,,0.27000001072883606,0.27000001072883606,0.27000001072883606,0.27000001072883606,1500.0
2026-04-10 15:54:00,RPX.V,,0.18000000715255737,0.18000000715255737,0.18000000715255737,0.18000000715255737,59500.0
2026-04-10 15:54:00,RYO.V,,0.5350000262260437,0.5350000262260437,0.5350000262260437,0.5350000262260437,1500.0
2026-04-10 15:54:00,SAG.V,,1.4199999570846558,1.4199999570846558,1.4199999570846558,1.4199999570846558,200.0
2026-04-10 15:54:00,SCZ.V,,11.029999732971191,11.039999961853027,11.029999732971191,11.029999732971191,1800.0
2026-04-10 15:54:00,SGML.V,,20.549999237060547,20.549999237060547,20.530000686645508,20.540000915527344,5300.0
2026-04-10 15:54:00,SLI.V,,4.710000038146973,4.710000038146973,4.710000038146973,4.710000038146973,1500.0
2026-04-10 15:54:00,SSV.V,,0.5799999833106995,0.5799999833106995,0.5799999833106995,0.5799999833106995,1500.0
2026-04-10 15:54:00,SVE.V,,0.5299999713897705,0.5299999713897705,0.5299999713897705,0.5299999713897705,1500.0
2026-04-10 15:54:00,SVRS.V,,0.48500001430511475,0.48500001430511475,0.48500001430511475,0.48500001430511475,1000.0
2026-04-10 15:55:00,GASX.V,,1.440000057220459,1.440000057220459,1.440000057220459,1.440000057220459,100.0
2026-04-10 15:55:00,MAI.V,,6.239999771118164,6.260000228881836,6.239999771118164,6.260000228881836,400.0
2026-04-10 15:55:00,MGG.V,,0.375,0.375,0.375,0.375,5500.0
2026-04-10 15:55:00,MMY.V,,0.9700000286102295,0.9700000286102295,0.9700000286102295,0.9700000286102295,100.0
2026-04-10 15:55:00,NCI.V,,0.9900000095367432,0.9900000095367432,0.9900000095367432,0.9900000095367432,300.0
2026-04-10 15:55:00,NCX.V,,3.259999990463257,3.259999990463257,3.259999990463257,3.259999990463257,100.0
2026-04-10 15:55:00,NFG.V,,2.809999942779541,2.809999942779541,2.809999942779541,2.809999942779541,2100.0
2026-04-10 15:55:00,NKG.V,,0.2199999988079071,0.2199999988079071,0.2199999988079071,0.2199999988079071,65500.0
2026-04-10 15:55:00,PGDC.V,,0.8700000047683716,0.8700000047683716,0.8700000047683716,0.8700000047683716,3500.0
2026-04-10 15:55:00,PGE.V,,0.3149999976158142,0.3149999976158142,0.3149999976158142,0.3149999976158142,3500.0
2026-04-10 15:55:00,PGLD.V,,0.7200000286102295,0.7200000286102295,0.7200000286102295,0.7200000286102295,10500.0
2026-04-10 15:55:00,PLSR.V,,1.8700000047683716,1.8799999952316284,1.8700000047683716,1.8799999952316284,23501.0
2026-04-10 15:55:00,PNPN.V,,1.1799999475479126,1.1799999475479126,1.1749999523162842,1.1749999523162842,1100.0
2026-04-10 15:55:00,PPP.V,,1.3300000429153442,1.3300000429153442,1.3300000429153442,1.3300000429153442,1100.0
2026-04-10 15:55:00,PPX.V,,0.2849999964237213,0.2849999964237213,0.2849999964237213,0.2849999964237213,8000.0
2026-04-10 15:55:00,PUMA.V,,0.17499999701976776,0.17499999701976776,0.17499999701976776,0.17499999701976776,4000.0
2026-04-10 15:55:00,QNC.V,,3.4200000762939453,3.440000057220459,3.4200000762939453,3.440000057220459,20214.0
2026-04-10 15:55:00,QTWO.V,,2.2799999713897705,2.2799999713897705,2.2799999713897705,2.2799999713897705,1200.0
2026-04-10 15:55:00,QZM.V,,0.699999988079071,0.699999988079071,0.699999988079071,0.699999988079071,16500.0
2026-04-10 15:55:00,RBX.V,,6.960000038146973,7.070000171661377,6.960000038146973,7.059999942779541,500.0
2026-04-10 15:55:00,RDS.V,,0.8899999856948853,0.8899999856948853,0.8899999856948853,0.8899999856948853,11500.0
2026-04-10 15:55:00,ROCK.V,,2.6500000953674316,2.6500000953674316,2.6500000953674316,2.6500000953674316,100.0
2026-04-10 15:55:00,ROS.V,,0.27000001072883606,0.27000001072883606,0.27000001072883606,0.27000001072883606,57000.0
2026-04-10 15:55:00,RYO.V,,0.5350000262260437,0.5350000262260437,0.5350000262260437,0.5350000262260437,1000.0
2026-04-10 15:55:00,SCZ.V,,11.020000457763672,11.029999732971191,11.020000457763672,11.029999732971191,1800.0
2026-04-10 15:55:00,SGML.V,,20.540000915527344,20.549999237060547,20.540000915527344,20.549999237060547,700.0
2026-04-10 15:55:00,SGQ.V,,0.4000000059604645,0.4000000059604645,0.4000000059604645,0.4000000059604645,30000.0
2026-04-10 15:55:00,SM.V,,1.850000023841858,1.850000023841858,1.850000023841858,1.850000023841858,200.0
2026-04-10 15:55:00,SVE.V,,0.5299999713897705,0.5299999713897705,0.5299999713897705,0.5299999713897705,500.0
2026-04-10 15:55:00,SVRS.V,,0.48500001430511475,0.48500001430511475,0.48500001430511475,0.48500001430511475,1000.0
2026-04-10 15:56:00,GASX.V,,1.440000057220459,1.440000057220459,1.440000057220459,1.440000057220459,800.0
2026-04-10 15:56:00,MAI.V,,6.269999980926514,6.269999980926514,6.239999771118164,6.239999771118164,1500.0
2026-04-10 15:56:00,MHUB.V,,0.6399999856948853,0.6399999856948853,0.6399999856948853,0.6399999856948853,1500.0
2026-04-10 15:56:00,MMY.V,,0.9700000286102295,0.9700000286102295,0.9700000286102295,0.9700000286102295,700.0
2026-04-10 15:56:00,NBLC.V,,0.05999999865889549,0.05999999865889549,0.05999999865889549,0.05999999865889549,265000.0
2026-04-10 15:56:00,NCX.V,,3.25,3.255000114440918,3.25,3.255000114440918,800.0
2026-04-10 15:56:00,NFG.V,,2.809999942779541,2.809999942779541,2.809999942779541,2.809999942779541,7900.0
2026-04-10 15:56:00,ODV.V,,4.559999942779541,4.559999942779541,4.539999961853027,4.539999961853027,1100.0
2026-04-10 15:56:00,OGN.V,,3.7100000381469727,3.7100000381469727,3.7100000381469727,3.7100000381469727,100.0
2026-04-10 15:56:00,OMG.V,,2.0299999713897705,2.0299999713897705,2.0299999713897705,2.0299999713897705,7700.0
2026-04-10 15:56:00,PGE.V,,0.3149999976158142,0.3149999976158142,0.3149999976158142,0.3149999976158142,1300.0
2026-04-10 15:56:00,PINK.V,,0.3149999976158142,0.3149999976158142,0.3149999976158142,0.3149999976158142,1000.0
2026-04-10 15:56:00,PLSR.V,,1.8799999952316284,1.8799999952316284,1.8799999952316284,1.8799999952316284,7700.0
2026-04-10 15:56:00,PNPN.V,,1.1799999475479126,1.1799999475479126,1.1799999475479126,1.1799999475479126,1300.0
2026-04-10 15:56:00,PPP.V,,1.3300000429153442,1.3300000429153442,1.3300000429153442,1.3300000429153442,200.0
2026-04-10 15:56:00,PTEC.V,,0.5400000214576721,0.5400000214576721,0.5400000214576721,0.5400000214576721,0.0
2026-04-10 15:56:00,QGR.V,,0.29499998688697815,0.29499998688697815,0.29499998688697815,0.29499998688697815,4000.0
2026-04-10 15:56:00,QNC.V,,3.440000057220459,3.440000057220459,3.440000057220459,3.440000057220459,1300.0
2026-04-10 15:56:00,QTWO.V,,2.2699999809265137,2.2799999713897705,2.2699999809265137,2.2799999713897705,17800.0
2026-04-10 15:56:00,ROS.V,,0.27000001072883606,0.27000001072883606,0.27000001072883606,0.27000001072883606,25000.0
2026-04-10 15:56:00,RYO.V,,0.5299999713897705,0.5350000262260437,0.5299999713897705,0.5350000262260437,3500.0
2026-04-10 15:56:00,SAG.V,,1.399999976158142,1.409999966621399,1.399999976158142,1.409999966621399,500.0
2026-04-10 15:56:00,SCZ.V,,11.069999694824219,11.069999694824219,11.039999961853027,11.039999961853027,2230.0
2026-04-10 15:56:00,SEI.V,,0.5699999928474426,0.5699999928474426,0.5699999928474426,0.5699999928474426,500.0
2026-04-10 15:56:00,SGML.V,,20.579999923706055,20.600000381469727,20.549999237060547,20.549999237060547,700.0
2026-04-10 15:56:00,STUD.V,,0.3499999940395355,0.3499999940395355,0.3499999940395355,0.3499999940395355,600.0
2026-04-10 15:56:00,SVE.V,,0.5299999713897705,0.5299999713897705,0.5299999713897705,0.5299999713897705,500.0
2026-04-10 15:56:00,SVRS.V,,0.48500001430511475,0.48500001430511475,0.48500001430511475,0.48500001430511475,4500.0
2026-04-10 15:56:00,VIPR.V,,1.2799999713897705,1.2799999713897705,1.2799999713897705,1.2799999713897705,29100.0
2026-04-10 15:57:00,AGX.V,,0.7300000190734863,0.7300000190734863,0.7300000190734863,0.7300000190734863,11839.0
2026-04-10 15:57:00,GASX.V,,1.440000057220459,1.440000057220459,1.440000057220459,1.440000057220459,500.0
2026-04-10 15:57:00,MAI.V,,6.269999980926514,6.269999980926514,6.239999771118164,6.239999771118164,1200.0
2026-04-10 15:57:00,MMY.V,,0.9700000286102295,0.9700000286102295,0.9700000286102295,0.9700000286102295,700.0
2026-04-10 15:57:00,MVI-H.V,,0.07500000298023224,0.07500000298023224,0.07500000298023224,0.07500000298023224,6000.0
2026-04-10 15:57:00,NAU.V,,1.7799999713897705,1.7799999713897705,1.7699999809265137,1.7699999809265137,1700.0
2026-04-10 15:57:00,NBM.V,,0.5600000023841858,0.5600000023841858,0.5600000023841858,0.5600000023841858,5500.0
2026-04-10 15:57:00,NCAU.V,,0.6499999761581421,0.6499999761581421,0.6299999952316284,0.6399999856948853,17000.0
2026-04-10 15:57:00,NCX.V,,3.259999990463257,3.259999990463257,3.259999990463257,3.259999990463257,1200.0
2026-04-10 15:57:00,NKG.V,,0.2199999988079071,0.2199999988079071,0.2199999988079071,0.2199999988079071,500.0
2026-04-10 15:57:00,NSU.V,,0.20000000298023224,0.20000000298023224,0.20000000298023224,0.20000000298023224,15000.0
2026-04-10 15:57:00,OGN.V,,3.7100000381469727,3.7100000381469727,3.7100000381469727,3.7100000381469727,100.0
2026-04-10 15:57:00,OMG.V,,2.0299999713897705,2.0299999713897705,2.0299999713897705,2.0299999713897705,2400.0
2026-04-10 15:57:00,PEAK.V,,0.41999998688697815,0.41999998688697815,0.41999998688697815,0.41999998688697815,1000.0
2026-04-10 15:57:00,PGE.V,,0.3149999976158142,0.3149999976158142,0.3149999976158142,0.3149999976158142,500.0
2026-04-10 15:57:00,PGLD.V,,0.7200000286102295,0.7200000286102295,0.7200000286102295,0.7200000286102295,1000.0
2026-04-10 15:57:00,PLSR.V,,1.9199999570846558,1.9299999475479126,1.8799999952316284,1.8799999952316284,36200.0
2026-04-10 15:57:00,PNPN.V,,1.1799999475479126,1.184999942779541,1.1749999523162842,1.1749999523162842,2640.0
2026-04-10 15:57:00,PPP.V,,1.3350000381469727,1.3350000381469727,1.3300000429153442,1.3300000429153442,200.0
2026-04-10 15:57:00,QGR.V,,0.30000001192092896,0.30000001192092896,0.29499998688697815,0.29750001430511475,36000.0
2026-04-10 15:57:00,QNC.V,,3.4200000762939453,3.4200000762939453,3.4200000762939453,3.4200000762939453,300.0
2026-04-10 15:57:00,QTWO.V,,2.2699999809265137,2.2699999809265137,2.265000104904175,2.265000104904175,27200.0
2026-04-10 15:57:00,RDS.V,,0.8899999856948853,0.8899999856948853,0.8899999856948853,0.8899999856948853,3000.0
2026-04-10 15:57:00,ROCK.V,,2.630000114440918,2.640000104904175,2.609999895095825,2.640000104904175,13950.0
2026-04-10 15:57:00,ROK.V,,0.27000001072883606,0.27000001072883606,0.27000001072883606,0.27000001072883606,1500.0
2026-04-10 15:57:00,RYO.V,,0.5350000262260437,0.5350000262260437,0.5350000262260437,0.5350000262260437,1500.0
2026-04-10 15:57:00,SBMI.V,,0.23000000417232513,0.23000000417232513,0.23000000417232513,0.23000000417232513,68500.0
2026-04-10 15:57:00,SCD.V,,0.12999999523162842,0.12999999523162842,0.12999999523162842,0.12999999523162842,2800.0
2026-04-10 15:57:00,SCZ.V,,11.0600004196167,11.09000015258789,11.0600004196167,11.069999694824219,2100.0
2026-04-10 15:57:00,SLI.V,,4.71999979019165,4.71999979019165,4.71999979019165,4.71999979019165,300.0
2026-04-10 15:57:00,SOU.V,,0.06499999761581421,0.06499999761581421,0.06499999761581421,0.06499999761581421,25000.0
2026-04-10 15:57:00,SRR.V,,0.9700000286102295,0.9700000286102295,0.9700000286102295,0.9700000286102295,3000.0
2026-04-10 15:57:00,SSV.V,,0.5899999737739563,0.5899999737739563,0.5899999737739563,0.5899999737739563,2500.0
2026-04-10 15:57:00,SVE.V,,0.5299999713897705,0.5299999713897705,0.5299999713897705,0.5299999713897705,1500.0
2026-04-10 15:57:00,SVRS.V,,0.48500001430511475,0.48500001430511475,0.48500001430511475,0.48500001430511475,1000.0
2026-04-10 15:57:00,SYH.V,,0.4749999940395355,0.4749999940395355,0.4749999940395355,0.4749999940395355,3000.0
2026-04-10 15:58:00,AGX.V,,0.7300000190734863,0.7300000190734863,0.7300000190734863,0.7300000190734863,11664.0
2026-04-10 15:58:00,GASX.V,,1.440000057220459,1.440000057220459,1.440000057220459,1.440000057220459,1300.0
2026-04-10 15:58:00,MAI.V,,6.289999961853027,6.289999961853027,6.269999980926514,6.269999980926514,2200.0
2026-04-10 15:58:00,MMY.V,,0.9700000286102295,0.9700000286102295,0.9700000286102295,0.9700000286102295,500.0
2026-04-10 15:58:00,NAU.V,,1.7799999713897705,1.7799999713897705,1.7799999713897705,1.7799999713897705,100.0
2026-04-10 15:58:00,NBM.V,,0.5600000023841858,0.5600000023841858,0.5600000023841858,0.5600000023841858,1500.0
2026-04-10 15:58:00,NCX.V,,3.259999990463257,3.259999990463257,3.255000114440918,3.255000114440918,1500.0
2026-04-10 15:58:00,NFG.V,,2.819999933242798,2.819999933242798,2.819999933242798,2.819999933242798,1845.0
2026-04-10 15:58:00,NPR.V,,0.8199999928474426,0.8199999928474426,0.8199999928474426,0.8199999928474426,1000.0
2026-04-10 15:58:00,OGN.V,,3.7100000381469727,3.7100000381469727,3.7100000381469727,3.7100000381469727,150.0
2026-04-10 15:58:00,OMG.V,,2.0350000858306885,2.0350000858306885,2.0299999713897705,2.0299999713897705,1900.0
2026-04-10 15:58:00,PA.V,,0.19499999284744263,0.19499999284744263,0.19499999284744263,0.19499999284744263,1000.0
2026-04-10 15:58:00,PER.V,,0.20000000298023224,0.20000000298023224,0.20000000298023224,0.20000000298023224,20000.0
2026-04-10 15:58:00,PGE.V,,0.3149999976158142,0.3149999976158142,0.3149999976158142,0.3149999976158142,1000.0
2026-04-10 15:58:00,PLSR.V,,1.9149999618530273,1.940000057220459,1.909999966621399,1.909999966621399,13400.0
2026-04-10 15:58:00,PNPN.V,,1.1799999475479126,1.184999942779541,1.1799999475479126,1.184999942779541,5800.0
2026-04-10 15:58:00,PPP.V,,1.3350000381469727,1.340000033378601,1.3350000381469727,1.340000033378601,375.0
2026-04-10 15:58:00,PUMA.V,,0.18000000715255737,0.18000000715255737,0.17499999701976776,0.17499999701976776,7500.0
2026-04-10 15:58:00,QGR.V,,0.30000001192092896,0.30000001192092896,0.30000001192092896,0.30000001192092896,7500.0
2026-04-10 15:58:00,QNC.V,,3.4100000858306885,3.4200000762939453,3.4100000858306885,3.4200000762939453,1100.0
2026-04-10 15:58:00,QTWO.V,,2.2799999713897705,2.2799999713897705,2.2699999809265137,2.2699999809265137,45400.0
2026-04-10 15:58:00,RML.V,,1.059999942779541,1.059999942779541,1.059999942779541,1.059999942779541,100.0
2026-04-10 15:58:00,ROCK.V,,2.619999885559082,2.630000114440918,2.5999999046325684,2.630000114440918,5100.0
2026-04-10 15:58:00,RPX.V,,0.18000000715255737,0.18000000715255737,0.18000000715255737,0.18000000715255737,19000.0
2026-04-10 15:58:00,RYO.V,,0.5350000262260437,0.5350000262260437,0.5350000262260437,0.5350000262260437,1500.0
2026-04-10 15:58:00,SCZ.V,,11.069999694824219,11.069999694824219,11.029999732971191,11.039999961853027,2294.0
2026-04-10 15:58:00,SEI.V,,0.5699999928474426,0.5699999928474426,0.5699999928474426,0.5699999928474426,19000.0
2026-04-10 15:58:00,SGML.V,,20.559999465942383,20.559999465942383,20.559999465942383,20.559999465942383,1000.0
2026-04-10 15:58:00,SLI.V,,4.739999771118164,4.739999771118164,4.71999979019165,4.71999979019165,700.0
2026-04-10 15:58:00,SOI.V,,0.21250000596046448,0.21250000596046448,0.21250000596046448,0.21250000596046448,3000.0
2026-04-10 15:58:00,SPC.V,,0.05000000074505806,0.05000000074505806,0.05000000074505806,0.05000000074505806,20000.0
2026-04-10 15:58:00,SSV.V,,0.5899999737739563,0.5899999737739563,0.5899999737739563,0.5899999737739563,4000.0
2026-04-10 15:58:00,STUD.V,,0.3499999940395355,0.3499999940395355,0.3499999940395355,0.3499999940395355,5000.0
2026-04-10 15:58:00,SVE.V,,0.5299999713897705,0.5299999713897705,0.5299999713897705,0.5299999713897705,500.0
2026-04-10 15:58:00,SVRS.V,,0.48500001430511475,0.48750001192092896,0.48500001430511475,0.48500001430511475,6200.0
2026-04-10 15:59:00,AGX.V,,0.7300000190734863,0.7300000190734863,0.7300000190734863,0.7300000190734863,6000.0
2026-04-10 15:59:00,GASX.V,,1.4600000381469727,1.4600000381469727,1.440000057220459,1.440000057220459,27200.0
2026-04-10 15:59:00,MAI.V,,6.239999771118164,6.300000190734863,6.239999771118164,6.289999961853027,2800.0
2026-04-10 15:59:00,MMY.V,,0.9599999785423279,0.9800000190734863,0.9599999785423279,0.9700000286102295,5773.0
2026-04-10 15:59:00,MNRG.V,,0.09000000357627869,0.09000000357627869,0.09000000357627869,0.09000000357627869,19000.0
2026-04-10 15:59:00,NAU.V,,1.7899999618530273,1.7899999618530273,1.7599999904632568,1.7599999904632568,14800.0
2026-04-10 15:59:00,NBM.V,,0.550000011920929,0.550000011920929,0.550000011920929,0.550000011920929,500.0
2026-04-10 15:59:00,NCAU.V,,0.6499999761581421,0.6600000262260437,0.6499999761581421,0.6499999761581421,21500.0
2026-04-10 15:59:00,NCX.V,,3.2899999618530273,3.299999952316284,3.25,3.259999990463257,6624.0
2026-04-10 15:59:00,NDA.V,,0.9800000190734863,0.9800000190734863,0.9800000190734863,0.9800000190734863,500.0
2026-04-10 15:59:00,NFG.V,,2.819999933242798,2.819999933242798,2.819999933242798,2.819999933242798,6826.0
2026-04-10 15:59:00,NGC.V,,0.18000000715255737,0.18000000715255737,0.18000000715255737,0.18000000715255737,1000.0
2026-04-10 15:59:00,NIM.V,,0.9300000071525574,0.949999988079071,0.9300000071525574,0.949999988079071,9550.0
2026-04-10 15:59:00,NKL.V,,1.059999942779541,1.059999942779541,1.059999942779541,1.059999942779541,600.0
2026-04-10 15:59:00,NSE.V,,0.5849999785423279,0.5899999737739563,0.5849999785423279,0.5849999785423279,500.0
2026-04-10 15:59:00,NWST.V,,0.38499999046325684,0.38499999046325684,0.38499999046325684,0.38499999046325684,2000.0
2026-04-10 15:59:00,NWX.V,,0.15000000596046448,0.15000000596046448,0.15000000596046448,0.15000000596046448,500.0
2026-04-10 15:59:00,OCO.V,,0.39500001072883606,0.4000000059604645,0.39500001072883606,0.4000000059604645,8425.0
2026-04-10 15:59:00,ODV.V,,4.570000171661377,4.570000171661377,4.570000171661377,4.570000171661377,1791.0
2026-04-10 15:59:00,OGN.V,,3.7200000286102295,3.7200000286102295,3.7200000286102295,3.7200000286102295,300.0
2026-04-10 15:59:00,OMG.V,,2.0299999713897705,2.0350000858306885,2.0250000953674316,2.0350000858306885,26975.0
2026-04-10 15:59:00,PE.V,,0.36000001430511475,0.36000001430511475,0.36000001430511475,0.36000001430511475,1000.0
2026-04-10 15:59:00,PER.V,,0.20000000298023224,0.20000000298023224,0.20000000298023224,0.20000000298023224,4500.0
2026-04-10 15:59:00,PESO.V,,0.4099999964237213,0.4099999964237213,0.4099999964237213,0.4099999964237213,500.0
2026-04-10 15:59:00,PGE.V,,0.3149999976158142,0.3149999976158142,0.3125,0.3149999976158142,5500.0
2026-04-10 15:59:00,PGLD.V,,0.699999988079071,0.7200000286102295,0.699999988079071,0.7200000286102295,4500.0
2026-04-10 15:59:00,PLSR.V,,1.909999966621399,1.909999966621399,1.899999976158142,1.909999966621399,5200.0
2026-04-10 15:59:00,PML.V,,0.9100000262260437,0.9100000262260437,0.9100000262260437,0.9100000262260437,2500.0
2026-04-10 15:59:00,PNPN.V,,1.190000057220459,1.190000057220459,1.1799999475479126,1.184999942779541,5100.0
2026-04-10 15:59:00,PPP.V,,1.3300000429153442,1.3350000381469727,1.3300000429153442,1.3350000381469727,300.0
2026-04-10 15:59:00,PUR.V,,0.6200000047683716,0.6200000047683716,0.6200000047683716,0.6200000047683716,3000.0
2026-04-10 15:59:00,PWM.V,,0.46000000834465027,0.46000000834465027,0.46000000834465027,0.46000000834465027,2000.0
2026-04-10 15:59:00,QGR.V,,0.28999999165534973,0.29499998688697815,0.28999999165534973,0.29499998688697815,29500.0
2026-04-10 15:59:00,QNC.V,,3.4100000858306885,3.440000057220459,3.4100000858306885,3.4200000762939453,5900.0
2026-04-10 15:59:00,QTWO.V,,2.2699999809265137,2.2799999713897705,2.2699999809265137,2.2750000953674316,56100.0
2026-04-10 15:59:00,RBX.V,,6.989999771118164,7.150000095367432,6.989999771118164,7.070000171661377,4700.0
2026-04-10 15:59:00,RCK.V,,0.9800000190734863,0.9800000190734863,0.9800000190734863,0.9800000190734863,2500.0
2026-04-10 15:59:00,RDS.V,,0.8999999761581421,0.8999999761581421,0.8899999856948853,0.8899999856948853,4500.0
2026-04-10 15:59:00,RECO.V,,1.090000033378601,1.090000033378601,1.090000033378601,1.090000033378601,1000.0
2026-04-10 15:59:00,RKR.V,,0.05000000074505806,0.05000000074505806,0.05000000074505806,0.05000000074505806,180000.0
2026-04-10 15:59:00,RML.V,,1.059999942779541,1.059999942779541,1.059999942779541,1.059999942779541,700.0
2026-04-10 15:59:00,ROCK.V,,2.6500000953674316,2.6500000953674316,2.630000114440918,2.630000114440918,2500.0
2026-04-10 15:59:00,ROK.V,,0.27000001072883606,0.27000001072883606,0.27000001072883606,0.27000001072883606,6500.0
2026-04-10 15:59:00,RPX.V,,0.18000000715255737,0.18000000715255737,0.18000000715255737,0.18000000715255737,30000.0
2026-04-10 15:59:00,RSMX.V,,0.12999999523162842,0.12999999523162842,0.12999999523162842,0.12999999523162842,500.0
2026-04-10 15:59:00,RYO.V,,0.5199999809265137,0.5350000262260437,0.5199999809265137,0.5350000262260437,5000.0
2026-04-10 15:59:00,SAG.V,,1.399999976158142,1.399999976158142,1.399999976158142,1.399999976158142,100.0
2026-04-10 15:59:00,SBMI.V,,0.23000000417232513,0.23000000417232513,0.23000000417232513,0.23000000417232513,20000.0
2026-04-10 15:59:00,SCD.V,,0.13500000536441803,0.13500000536441803,0.13500000536441803,0.13500000536441803,11000.0
2026-04-10 15:59:00,SCLT.V,,0.0949999988079071,0.0949999988079071,0.0949999988079071,0.0949999988079071,9000.0
2026-04-10 15:59:00,SCZ.V,,11.09000015258789,11.100000381469727,11.039999961853027,11.069999694824219,5027.0
2026-04-10 15:59:00,SEI.V,,0.5899999737739563,0.5899999737739563,0.5799999833106995,0.5799999833106995,1500.0
2026-04-10 15:59:00,SGML.V,,20.639999389648438,20.639999389648438,20.530000686645508,20.579999923706055,4550.0
2026-04-10 15:59:00,SGO.V,,0.24500000476837158,0.24500000476837158,0.24500000476837158,0.24500000476837158,500.0
2026-04-10 15:59:00,SGQ.V,,0.4000000059604645,0.4000000059604645,0.4000000059604645,0.4000000059604645,1000.0
2026-04-10 15:59:00,SKP.V,,0.20000000298023224,0.20000000298023224,0.1899999976158142,0.1899999976158142,10000.0
2026-04-10 15:59:00,SLG.V,,3.6600000858306885,3.6600000858306885,3.6500000953674316,3.6500000953674316,2800.0
2026-04-10 15:59:00,SLI.V,,4.730000019073486,4.75,4.730000019073486,4.75,2994.0
2026-04-10 15:59:00,SLVR.V,,0.8500000238418579,0.8600000143051147,0.8500000238418579,0.8600000143051147,20438.0
2026-04-10 15:59:00,SM.V,,1.8300000429153442,1.8300000429153442,1.8300000429153442,1.8300000429153442,1700.0
2026-04-10 15:59:00,SOI.V,,0.2150000035762787,0.2150000035762787,0.2150000035762787,0.2150000035762787,22000.0
2026-04-10 15:59:00,SRL.V,,0.1899999976158142,0.1899999976158142,0.1899999976158142,0.1899999976158142,500.0
2026-04-10 15:59:00,SSV.V,,0.5799999833106995,0.5849999785423279,0.5799999833106995,0.5849999785423279,9500.0
2026-04-10 15:59:00,STRR.V,,0.5199999809265137,0.5199999809265137,0.5199999809265137,0.5199999809265137,23000.0
2026-04-10 15:59:00,STS.V,,0.12999999523162842,0.12999999523162842,0.12999999523162842,0.12999999523162842,500.0
2026-04-10 15:59:00,SVE.V,,0.5400000214576721,0.5400000214576721,0.5299999713897705,0.5299999713897705,4000.0
2026-04-10 15:59:00,SVRS.V,,0.4749999940395355,0.4950000047683716,0.4749999940395355,0.48500001430511475,38681.0
2026-04-10 15:59:00,SYH.V,,0.4749999940395355,0.4749999940395355,0.4699999988079071,0.4699999988079071,500.0
2026-04-10 15:59:00,VIPR.V,,1.2899999618530273,1.2899999618530273,1.2799999713897705,1.2799999713897705,0.0
