Datetime,Ticker,Adj Close,Close,High,Low,Open,Volume
2026-04-08 09:30:00,AUMB.V,,0.9900000095367432,0.9900000095367432,0.9800000190734863,0.9800000190734863,0.0
2026-04-08 09:30:00,FIVD-P.V,,0.10000000149011612,0.10000000149011612,0.10000000149011612,0.10000000149011612,0.0
2026-04-08 09:30:00,FNR.V,,0.029999999329447746,0.029999999329447746,0.029999999329447746,0.029999999329447746,0.0
2026-04-08 09:30:00,LOT.V,,0.054999999701976776,0.054999999701976776,0.054999999701976776,0.054999999701976776,0.0
2026-04-08 09:30:00,MIT.V,,0.029999999329447746,0.029999999329447746,0.029999999329447746,0.029999999329447746,0.0
2026-04-08 09:30:00,NILI.V,,0.6399999856948853,0.6499999761581421,0.6399999856948853,0.6499999761581421,0.0
2026-04-08 09:30:00,RARE.V,,5.699999809265137,5.699999809265137,5.699999809265137,5.699999809265137,0.0
2026-04-08 09:30:00,SPZ.V,,0.054999999701976776,0.054999999701976776,0.054999999701976776,0.054999999701976776,0.0
2026-04-08 09:30:00,SURG.V,,0.5799999833106995,0.5799999833106995,0.5799999833106995,0.5799999833106995,0.0
2026-04-08 09:30:00,TAJ.V,,0.18000000715255737,0.18000000715255737,0.18000000715255737,0.18000000715255737,0.0
2026-04-08 09:30:00,TAO.V,,0.09000000357627869,0.09000000357627869,0.09000000357627869,0.09000000357627869,0.0
2026-04-08 09:30:00,TCO.V,,0.07000000029802322,0.07000000029802322,0.07000000029802322,0.07000000029802322,0.0
2026-04-08 09:30:00,TDG.V,,0.6000000238418579,0.6000000238418579,0.5799999833106995,0.5799999833106995,0.0
2026-04-08 09:30:00,TECT.V,,2.390000104904175,2.4000000953674316,2.3499999046325684,2.3499999046325684,0.0
2026-04-08 09:30:00,TG.V,,0.2150000035762787,0.2150000035762787,0.2150000035762787,0.2150000035762787,0.0
2026-04-08 09:30:00,TGOL.V,,0.10999999940395355,0.10999999940395355,0.10999999940395355,0.10999999940395355,0.0
2026-04-08 09:30:00,TGS.V,,0.054999999701976776,0.054999999701976776,0.054999999701976776,0.054999999701976776,0.0
2026-04-08 09:30:00,THRM.V,,0.06499999761581421,0.06499999761581421,0.05999999865889549,0.05999999865889549,0.0
2026-04-08 09:30:00,THX.V,,1.4800000190734863,1.4800000190734863,1.4500000476837158,1.4500000476837158,0.0
2026-04-08 09:30:00,TIG.V,,0.5699999928474426,0.5699999928474426,0.5699999928474426,0.5699999928474426,0.0
2026-04-08 09:30:00,TK.V,,0.4050000011920929,0.4050000011920929,0.4050000011920929,0.4050000011920929,0.0
2026-04-08 09:30:00,TM.V,,0.4099999964237213,0.4099999964237213,0.4099999964237213,0.4099999964237213,0.0
2026-04-08 09:30:00,TMET.V,,0.10000000149011612,0.10000000149011612,0.10000000149011612,0.10000000149011612,0.0
2026-04-08 09:30:00,TMG.V,,0.15000000596046448,0.15000000596046448,0.15000000596046448,0.15000000596046448,0.0
2026-04-08 09:30:00,TNR.V,,0.23999999463558197,0.25,0.23999999463558197,0.25,0.0
2026-04-08 09:30:00,TOI.V,,95.51000213623047,95.51000213623047,95.51000213623047,95.51000213623047,0.0
2026-04-08 09:30:00,TOP-P.V,,0.03500000014901161,0.03500000014901161,0.03500000014901161,0.03500000014901161,0.0
2026-04-08 09:30:00,TORQ.V,,0.07500000298023224,0.07500000298023224,0.07500000298023224,0.07500000298023224,0.0
2026-04-08 09:30:00,TRA.V,,0.004999999888241291,0.004999999888241291,0.004999999888241291,0.004999999888241291,0.0
2026-04-08 09:30:00,TRU.V,,0.05999999865889549,0.05999999865889549,0.05999999865889549,0.05999999865889549,0.0
2026-04-08 09:30:00,TSG.V,,0.23999999463558197,0.23999999463558197,0.23499999940395355,0.23499999940395355,0.0
2026-04-08 09:30:00,TSLV.V,,0.11500000208616257,0.11500000208616257,0.11500000208616257,0.11500000208616257,0.0
2026-04-08 09:30:00,TTD.V,,0.03999999910593033,0.03999999910593033,0.03999999910593033,0.03999999910593033,0.0
2026-04-08 09:30:00,TUD.V,,1.0499999523162842,1.0499999523162842,1.0499999523162842,1.0499999523162842,0.0
2026-04-08 09:30:00,TUK.V,,0.019999999552965164,0.019999999552965164,0.019999999552965164,0.019999999552965164,0.0
2026-04-08 09:30:00,TUO.V,,1.6799999475479126,1.809999942779541,1.6799999475479126,1.809999942779541,0.0
2026-04-08 09:30:00,TUP-P.V,,0.03999999910593033,0.03999999910593033,0.03999999910593033,0.03999999910593033,0.0
2026-04-08 09:30:00,TVR-H.V,,0.03500000014901161,0.03500000014901161,0.03500000014901161,0.03500000014901161,0.0
2026-04-08 09:30:00,TWO.V,,0.4699999988079071,0.4699999988079071,0.4699999988079071,0.4699999988079071,0.0
2026-04-08 09:30:00,UCU.V,,6.0,6.170000076293945,6.0,6.170000076293945,0.0
2026-04-08 09:30:00,UPT-P.V,,0.05999999865889549,0.05999999865889549,0.05999999865889549,0.05999999865889549,0.0
2026-04-08 09:30:00,USCU.V,,0.17000000178813934,0.17499999701976776,0.17000000178813934,0.17499999701976776,0.0
2026-04-08 09:30:00,VCC-P.V,,0.03999999910593033,0.03999999910593033,0.03999999910593033,0.03999999910593033,0.0
2026-04-08 09:30:00,VCU.V,,1.3200000524520874,1.3200000524520874,1.309999942779541,1.309999942779541,0.0
2026-04-08 09:30:00,VLX.V,,0.054999999701976776,0.054999999701976776,0.054999999701976776,0.054999999701976776,0.0
2026-04-08 09:30:00,VM.V,,0.11999999731779099,0.11999999731779099,0.11999999731779099,0.11999999731779099,0.0
2026-04-08 09:30:00,VMXX.V,,0.45500001311302185,0.45500001311302185,0.45500001311302185,0.45500001311302185,0.0
2026-04-08 09:30:00,VPT.V,,0.10499999672174454,0.10499999672174454,0.10499999672174454,0.10499999672174454,0.0
2026-04-08 09:30:00,VRB.V,,0.10999999940395355,0.10999999940395355,0.10999999940395355,0.10999999940395355,0.0
2026-04-08 09:30:00,VRS.V,,0.014999999664723873,0.014999999664723873,0.014999999664723873,0.014999999664723873,0.0
2026-04-08 09:30:00,VUL.V,,0.23999999463558197,0.23999999463558197,0.23999999463558197,0.23999999463558197,0.0
2026-04-08 09:30:00,VUX.V,,0.15000000596046448,0.15000000596046448,0.15000000596046448,0.15000000596046448,0.0
2026-04-08 09:30:00,VVC.V,,0.019999999552965164,0.019999999552965164,0.019999999552965164,0.019999999552965164,0.0
2026-04-08 09:30:00,VZZ.V,,0.12999999523162842,0.12999999523162842,0.12999999523162842,0.12999999523162842,0.0
2026-04-08 09:30:00,WAM.V,,0.8500000238418579,0.8500000238418579,0.8500000238418579,0.8500000238418579,0.0
2026-04-08 09:30:00,WAVE.V,,0.009999999776482582,0.009999999776482582,0.009999999776482582,0.009999999776482582,0.0
2026-04-08 09:30:00,WCE.V,,0.12999999523162842,0.12999999523162842,0.12999999523162842,0.12999999523162842,0.0
2026-04-08 09:30:00,WCU.V,,0.014999999664723873,0.014999999664723873,0.014999999664723873,0.014999999664723873,0.0
2026-04-08 09:30:00,WEB.V,,1.6299999952316284,1.6299999952316284,1.6299999952316284,1.6299999952316284,0.0
2026-04-08 09:30:00,WET-H.V,,0.07000000029802322,0.07000000029802322,0.07000000029802322,0.07000000029802322,0.0
2026-04-08 09:30:00,WEX.V,,0.699999988079071,0.699999988079071,0.699999988079071,0.699999988079071,0.0
2026-04-08 09:30:00,WGF.V,,0.20000000298023224,0.20000000298023224,0.20000000298023224,0.20000000298023224,0.0
2026-04-08 09:30:00,WGO.V,,1.600000023841858,1.600000023841858,1.600000023841858,1.600000023841858,0.0
2026-04-08 09:30:00,WHN.V,,0.25999999046325684,0.25999999046325684,0.2549999952316284,0.2549999952316284,0.0
2026-04-08 09:30:00,WHY.V,,0.33500000834465027,0.33500000834465027,0.33500000834465027,0.33500000834465027,0.0
2026-04-08 09:30:00,WI.V,,0.8999999761581421,0.8999999761581421,0.8999999761581421,0.8999999761581421,0.0
2026-04-08 09:30:00,WINS.V,,0.14000000059604645,0.14000000059604645,0.14000000059604645,0.14000000059604645,0.0
2026-04-08 09:30:00,WISH.V,,0.2150000035762787,0.2150000035762787,0.2150000035762787,0.2150000035762787,0.0
2026-04-08 09:30:00,WML.V,,0.07500000298023224,0.07500000298023224,0.07500000298023224,0.07500000298023224,0.0
2026-04-08 09:30:00,WOI-H.V,,0.03500000014901161,0.03500000014901161,0.03500000014901161,0.03500000014901161,0.0
2026-04-08 09:30:00,WRLG.V,,1.0399999618530273,1.0499999523162842,1.0399999618530273,1.0399999618530273,0.0
2026-04-08 09:30:00,WRR.V,,0.3400000035762787,0.3400000035762787,0.3400000035762787,0.3400000035762787,0.0
2026-04-08 09:30:00,XGC.V,,0.28999999165534973,0.28999999165534973,0.28999999165534973,0.28999999165534973,0.0
2026-04-08 09:30:00,XTM.V,,0.07500000298023224,0.07500000298023224,0.07500000298023224,0.07500000298023224,0.0
2026-04-08 09:30:00,YSC-H.V,,0.029999999329447746,0.029999999329447746,0.029999999329447746,0.029999999329447746,0.0
2026-04-08 09:30:00,ZAC.V,,0.08500000089406967,0.08500000089406967,0.08500000089406967,0.08500000089406967,0.0
2026-04-08 09:30:00,ZC.V,,0.5899999737739563,0.5899999737739563,0.5899999737739563,0.5899999737739563,0.0
2026-04-08 09:30:00,ZCC-H.V,,0.23000000417232513,0.23000000417232513,0.23000000417232513,0.23000000417232513,0.0
2026-04-08 09:30:00,ZDC.V,,5.25,5.300000190734863,5.25,5.25,0.0
2026-04-08 09:30:00,ZIM-H.V,,0.05000000074505806,0.05000000074505806,0.05000000074505806,0.05000000074505806,0.0
2026-04-08 09:30:00,ZMD-H.V,,0.014999999664723873,0.014999999664723873,0.014999999664723873,0.014999999664723873,0.0
2026-04-08 09:30:00,ZMD.V,,0.014999999664723873,0.014999999664723873,0.014999999664723873,0.014999999664723873,0.0
2026-04-08 09:30:00,ZOMD.V,,0.9200000166893005,0.9200000166893005,0.9200000166893005,0.9200000166893005,0.0
2026-04-08 09:31:00,AUMB.V,,1.0,1.0,1.0,1.0,32500.0
2026-04-08 09:31:00,NILI.V,,0.6299999952316284,0.6299999952316284,0.6299999952316284,0.6299999952316284,2500.0
2026-04-08 09:31:00,THX.V,,1.4800000190734863,1.4800000190734863,1.4800000190734863,1.4800000190734863,10200.0
2026-04-08 09:31:00,VLI.V,,0.014999999664723873,0.014999999664723873,0.014999999664723873,0.014999999664723873,0.0
2026-04-08 09:31:00,VLX.V,,0.03999999910593033,0.03999999910593033,0.03999999910593033,0.03999999910593033,18000.0
2026-04-08 09:31:00,WEX.V,,0.7200000286102295,0.7200000286102295,0.7099999785423279,0.7099999785423279,3000.0
2026-04-08 09:31:00,WRLG.V,,1.0399999618530273,1.0399999618530273,1.0399999618530273,1.0399999618530273,15950.0
2026-04-08 09:32:00,AUMB.V,,1.0099999904632568,1.0099999904632568,1.0,1.0,32070.0
2026-04-08 09:32:00,NILI.V,,0.6399999856948853,0.6399999856948853,0.6399999856948853,0.6399999856948853,5000.0
2026-04-08 09:32:00,TDG.V,,0.5799999833106995,0.5799999833106995,0.5799999833106995,0.5799999833106995,2000.0
2026-04-08 09:32:00,TECT.V,,2.359999895095825,2.359999895095825,2.359999895095825,2.359999895095825,3600.0
2026-04-08 09:32:00,THRM.V,,0.05999999865889549,0.05999999865889549,0.05999999865889549,0.05999999865889549,3000.0
2026-04-08 09:32:00,TM.V,,0.4050000011920929,0.4050000011920929,0.4050000011920929,0.4050000011920929,7000.0
2026-04-08 09:32:00,TOI.V,,97.87000274658203,97.87000274658203,97.87000274658203,97.87000274658203,300.0
2026-04-08 09:32:00,TTI.V,,0.47999998927116394,0.47999998927116394,0.47999998927116394,0.47999998927116394,0.0
2026-04-08 09:32:00,TUD.V,,1.0499999523162842,1.059999942779541,1.0499999523162842,1.0499999523162842,16671.0
2026-04-08 09:32:00,UCU.V,,6.03000020980835,6.150000095367432,5.909999847412109,5.909999847412109,5576.0
2026-04-08 09:32:00,WEX.V,,0.7200000286102295,0.7200000286102295,0.7200000286102295,0.7200000286102295,500.0
2026-04-08 09:32:00,WRLG.V,,1.0399999618530273,1.0399999618530273,1.0399999618530273,1.0399999618530273,37484.0
2026-04-08 09:32:00,ZDC.V,,5.369999885559082,5.369999885559082,5.369999885559082,5.369999885559082,1000.0
2026-04-08 09:33:00,AUMB.V,,1.0099999904632568,1.0099999904632568,1.0099999904632568,1.0099999904632568,13300.0
2026-04-08 09:33:00,NILI.V,,0.6399999856948853,0.6399999856948853,0.6399999856948853,0.6399999856948853,7500.0
2026-04-08 09:33:00,SURG.V,,0.5899999737739563,0.5899999737739563,0.5600000023841858,0.5600000023841858,27000.0
2026-04-08 09:33:00,TTI.V,,0.46000000834465027,0.46000000834465027,0.46000000834465027,0.46000000834465027,1500.0
2026-04-08 09:33:00,UCU.V,,5.860000133514404,5.989999771118164,5.860000133514404,5.989999771118164,1279.0
2026-04-08 09:33:00,VCU.V,,1.3200000524520874,1.3200000524520874,1.3200000524520874,1.3200000524520874,100.0
2026-04-08 09:33:00,VLI.V,,0.014999999664723873,0.014999999664723873,0.014999999664723873,0.014999999664723873,50000.0
2026-04-08 09:33:00,WRLG.V,,1.0399999618530273,1.0399999618530273,1.0399999618530273,1.0399999618530273,12500.0
2026-04-08 09:33:00,ZDC.V,,5.440000057220459,5.440000057220459,5.440000057220459,5.440000057220459,525.0
2026-04-08 09:34:00,AUMB.V,,1.0,1.0099999904632568,1.0,1.0099999904632568,25500.0
2026-04-08 09:34:00,SURG.V,,0.5899999737739563,0.5899999737739563,0.5899999737739563,0.5899999737739563,18000.0
2026-04-08 09:34:00,TDG.V,,0.5799999833106995,0.5799999833106995,0.5799999833106995,0.5799999833106995,8000.0
2026-04-08 09:35:00,AUMB.V,,1.0,1.0,1.0,1.0,46500.0
2026-04-08 09:35:00,TECT.V,,2.359999895095825,2.359999895095825,2.359999895095825,2.359999895095825,100.0
2026-04-08 09:35:00,TM.V,,0.4050000011920929,0.4050000011920929,0.4050000011920929,0.4050000011920929,3000.0
2026-04-08 09:35:00,TUD.V,,1.0449999570846558,1.0499999523162842,1.0449999570846558,1.0499999523162842,2500.0
2026-04-08 09:35:00,VIO.V,,0.12999999523162842,0.12999999523162842,0.12999999523162842,0.12999999523162842,0.0
2026-04-08 09:35:00,WHN.V,,0.27000001072883606,0.27000001072883606,0.25999999046325684,0.25999999046325684,123000.0
2026-04-08 09:35:00,ZDC.V,,5.440000057220459,5.440000057220459,5.400000095367432,5.400000095367432,4500.0
2026-04-08 09:36:00,AUMB.V,,1.0099999904632568,1.0099999904632568,1.0,1.0,36940.0
2026-04-08 09:36:00,TLT.V,,0.2549999952316284,0.2549999952316284,0.2549999952316284,0.2549999952316284,0.0
2026-04-08 09:36:00,TOI.V,,98.0,98.0,97.25,97.25,1108.0
2026-04-08 09:36:00,VIO.V,,0.12999999523162842,0.12999999523162842,0.12999999523162842,0.12999999523162842,28000.0
2026-04-08 09:36:00,WEX.V,,0.7300000190734863,0.7300000190734863,0.7300000190734863,0.7300000190734863,1000.0
2026-04-08 09:36:00,WI.V,,0.8999999761581421,0.8999999761581421,0.8999999761581421,0.8999999761581421,3000.0
2026-04-08 09:36:00,WRLG.V,,1.0299999713897705,1.0299999713897705,1.0299999713897705,1.0299999713897705,37650.0
2026-04-08 09:36:00,ZDC.V,,5.429999828338623,5.46999979019165,5.429999828338623,5.46999979019165,823.0
2026-04-08 09:37:00,AUMB.V,,1.0,1.0099999904632568,1.0,1.0099999904632568,88500.0
2026-04-08 09:37:00,NILI.V,,0.6399999856948853,0.6399999856948853,0.6399999856948853,0.6399999856948853,2500.0
2026-04-08 09:37:00,TECT.V,,2.390000104904175,2.390000104904175,2.390000104904175,2.390000104904175,100.0
2026-04-08 09:37:00,TUD.V,,1.0399999618530273,1.0399999618530273,1.0399999618530273,1.0399999618530273,4700.0
2026-04-08 09:37:00,UCU.V,,5.829999923706055,5.869999885559082,5.829999923706055,5.869999885559082,850.0
2026-04-08 09:37:00,UGD.V,,0.4350000023841858,0.4350000023841858,0.4300000071525574,0.4300000071525574,0.0
2026-04-08 09:37:00,VCU.V,,1.309999942779541,1.309999942779541,1.2999999523162842,1.309999942779541,9900.0
2026-04-08 09:37:00,WAM.V,,0.8500000238418579,0.8500000238418579,0.8500000238418579,0.8500000238418579,3000.0
2026-04-08 09:37:00,WCE.V,,0.12999999523162842,0.12999999523162842,0.12999999523162842,0.12999999523162842,500.0
2026-04-08 09:37:00,WEX.V,,0.7400000095367432,0.7400000095367432,0.7400000095367432,0.7400000095367432,1000.0
2026-04-08 09:37:00,WRLG.V,,1.0299999713897705,1.0299999713897705,1.0299999713897705,1.0299999713897705,10000.0
2026-04-08 09:37:00,ZDC.V,,5.420000076293945,5.420000076293945,5.420000076293945,5.420000076293945,300.0
2026-04-08 09:37:00,ZNX.V,,0.08500000089406967,0.08500000089406967,0.08500000089406967,0.08500000089406967,0.0
2026-04-08 09:38:00,AUMB.V,,0.9900000095367432,1.0,0.9900000095367432,1.0,6000.0
2026-04-08 09:38:00,TDG.V,,0.5899999737739563,0.5899999737739563,0.5899999737739563,0.5899999737739563,10500.0
2026-04-08 09:38:00,TUD.V,,1.0299999713897705,1.0299999713897705,1.0299999713897705,1.0299999713897705,5000.0
2026-04-08 09:38:00,UCU.V,,5.800000190734863,5.820000171661377,5.800000190734863,5.820000171661377,1600.0
2026-04-08 09:38:00,VCU.V,,1.3200000524520874,1.3200000524520874,1.3200000524520874,1.3200000524520874,1000.0
2026-04-08 09:38:00,WGO.V,,1.6050000190734863,1.6050000190734863,1.600000023841858,1.600000023841858,19900.0
2026-04-08 09:38:00,ZDC.V,,5.400000095367432,5.409999847412109,5.400000095367432,5.409999847412109,810.0
2026-04-08 09:39:00,AUMB.V,,1.0,1.0,1.0,1.0,500.0
2026-04-08 09:39:00,SYG.V,,0.07999999821186066,0.07999999821186066,0.07999999821186066,0.07999999821186066,0.0
2026-04-08 09:39:00,TDG.V,,0.5899999737739563,0.5899999737739563,0.5899999737739563,0.5899999737739563,19500.0
2026-04-08 09:39:00,THX.V,,1.4700000286102295,1.4700000286102295,1.4700000286102295,1.4700000286102295,6100.0
2026-04-08 09:39:00,WEX.V,,0.7200000286102295,0.7300000190734863,0.7200000286102295,0.7300000190734863,1500.0
2026-04-08 09:39:00,WGO.V,,1.600000023841858,1.600000023841858,1.600000023841858,1.600000023841858,600.0
2026-04-08 09:39:00,WI.V,,0.8999999761581421,0.8999999761581421,0.8999999761581421,0.8999999761581421,7000.0
2026-04-08 09:39:00,WRLG.V,,1.0199999809265137,1.0199999809265137,1.0199999809265137,1.0199999809265137,80820.0
2026-04-08 09:39:00,XGC.V,,0.28999999165534973,0.28999999165534973,0.28999999165534973,0.28999999165534973,4000.0
2026-04-08 09:39:00,ZDC.V,,5.400000095367432,5.400000095367432,5.400000095367432,5.400000095367432,100.0
2026-04-08 09:40:00,AUMB.V,,1.0,1.0,1.0,1.0,5000.0
2026-04-08 09:40:00,NILI.V,,0.6399999856948853,0.6399999856948853,0.6399999856948853,0.6399999856948853,2500.0
2026-04-08 09:40:00,SURG.V,,0.5799999833106995,0.5799999833106995,0.5799999833106995,0.5799999833106995,171500.0
2026-04-08 09:40:00,TOI.V,,97.41000366210938,97.41000366210938,97.25,97.2699966430664,700.0
2026-04-08 09:40:00,VO.V,,0.10000000149011612,0.10000000149011612,0.10000000149011612,0.10000000149011612,0.0
2026-04-08 09:40:00,VPT.V,,0.10499999672174454,0.10499999672174454,0.10499999672174454,0.10499999672174454,18500.0
2026-04-08 09:40:00,WRLG.V,,1.0199999809265137,1.0199999809265137,1.0199999809265137,1.0199999809265137,10500.0
2026-04-08 09:40:00,ZDC.V,,5.349999904632568,5.380000114440918,5.349999904632568,5.380000114440918,1100.0
2026-04-08 09:41:00,AUMB.V,,0.9900000095367432,1.0,0.9900000095367432,1.0,5500.0
2026-04-08 09:41:00,TUD.V,,1.0299999713897705,1.0299999713897705,1.0299999713897705,1.0299999713897705,1000.0
2026-04-08 09:41:00,UCU.V,,5.829999923706055,5.829999923706055,5.809999942779541,5.809999942779541,2900.0
2026-04-08 09:41:00,WRLG.V,,1.0299999713897705,1.0299999713897705,1.0199999809265137,1.0199999809265137,36229.0
2026-04-08 09:41:00,ZDC.V,,5.349999904632568,5.349999904632568,5.300000190734863,5.300000190734863,600.0
2026-04-08 09:42:00,AUMB.V,,0.9900000095367432,0.9900000095367432,0.9900000095367432,0.9900000095367432,16267.0
2026-04-08 09:42:00,TDG.V,,0.5899999737739563,0.5899999737739563,0.5899999737739563,0.5899999737739563,15500.0
2026-04-08 09:42:00,TSG.V,,0.24500000476837158,0.24500000476837158,0.24500000476837158,0.24500000476837158,5500.0
2026-04-08 09:42:00,TTI.V,,0.47999998927116394,0.47999998927116394,0.47999998927116394,0.47999998927116394,7000.0
2026-04-08 09:42:00,TUD.V,,1.0299999713897705,1.0299999713897705,1.0299999713897705,1.0299999713897705,3400.0
2026-04-08 09:42:00,UCU.V,,5.829999923706055,5.829999923706055,5.829999923706055,5.829999923706055,1135.0
2026-04-08 09:42:00,UFC.V,,0.8700000047683716,0.8700000047683716,0.8700000047683716,0.8700000047683716,0.0
2026-04-08 09:42:00,VO.V,,0.10000000149011612,0.10000000149011612,0.10000000149011612,0.10000000149011612,40000.0
2026-04-08 09:42:00,WVM.V,,2.009999990463257,2.009999990463257,2.009999990463257,2.009999990463257,0.0
2026-04-08 09:42:00,ZDC.V,,5.369999885559082,5.369999885559082,5.360000133514404,5.360000133514404,600.0
2026-04-08 09:43:00,NILI.V,,0.6399999856948853,0.6399999856948853,0.6399999856948853,0.6399999856948853,12000.0
2026-04-08 09:43:00,SURG.V,,0.5799999833106995,0.5799999833106995,0.5799999833106995,0.5799999833106995,40000.0
2026-04-08 09:43:00,TSG.V,,0.24500000476837158,0.24500000476837158,0.24500000476837158,0.24500000476837158,2053.0
2026-04-08 09:43:00,TUD.V,,1.0099999904632568,1.0299999713897705,1.0099999904632568,1.0299999713897705,27000.0
2026-04-08 09:43:00,VRB.V,,0.10499999672174454,0.10499999672174454,0.10499999672174454,0.10499999672174454,2500.0
2026-04-08 09:43:00,WGO.V,,1.590000033378601,1.600000023841858,1.590000033378601,1.600000023841858,31700.0
2026-04-08 09:44:00,SURG.V,,0.5799999833106995,0.5799999833106995,0.5799999833106995,0.5799999833106995,3000.0
2026-04-08 09:44:00,TDG.V,,0.5799999833106995,0.5799999833106995,0.5799999833106995,0.5799999833106995,14500.0
2026-04-08 09:44:00,TUD.V,,1.0199999809265137,1.0199999809265137,1.0199999809265137,1.0199999809265137,1000.0
2026-04-08 09:44:00,VPT.V,,0.10499999672174454,0.10499999672174454,0.10499999672174454,0.10499999672174454,46000.0
2026-04-08 09:44:00,WRLG.V,,1.024999976158142,1.024999976158142,1.024999976158142,1.024999976158142,500.0
2026-04-08 09:44:00,ZDC.V,,5.369999885559082,5.369999885559082,5.369999885559082,5.369999885559082,600.0
2026-04-08 09:45:00,SURG.V,,0.5799999833106995,0.5849999785423279,0.5799999833106995,0.5849999785423279,3500.0
2026-04-08 09:45:00,TDG.V,,0.5799999833106995,0.5799999833106995,0.5799999833106995,0.5799999833106995,7000.0
2026-04-08 09:45:00,ZOMD.V,,0.9100000262260437,0.9100000262260437,0.9100000262260437,0.9100000262260437,500.0
2026-04-08 09:46:00,TUD.V,,1.0299999713897705,1.0299999713897705,1.0299999713897705,1.0299999713897705,600.0
2026-04-08 09:46:00,UCU.V,,5.849999904632568,5.849999904632568,5.849999904632568,5.849999904632568,720.0
2026-04-08 09:46:00,ZDC.V,,5.320000171661377,5.320000171661377,5.320000171661377,5.320000171661377,1600.0
2026-04-08 09:46:00,ZEN.V,,0.7599999904632568,0.7599999904632568,0.75,0.75,0.0
2026-04-08 09:46:00,ZOMD.V,,0.9150000214576721,0.9150000214576721,0.9150000214576721,0.9150000214576721,500.0
2026-04-08 09:47:00,NILI.V,,0.6399999856948853,0.6399999856948853,0.6399999856948853,0.6399999856948853,10000.0
2026-04-08 09:47:00,TOI.V,,97.0,97.25,97.0,97.25,210.0
2026-04-08 09:47:00,TUD.V,,1.0299999713897705,1.0299999713897705,1.0299999713897705,1.0299999713897705,500.0
2026-04-08 09:47:00,UGD.V,,0.4300000071525574,0.4300000071525574,0.4300000071525574,0.4300000071525574,50500.0
2026-04-08 09:47:00,VCU.V,,1.309999942779541,1.309999942779541,1.309999942779541,1.309999942779541,1600.0
2026-04-08 09:47:00,WAM.V,,0.8500000238418579,0.8600000143051147,0.8500000238418579,0.8600000143051147,6000.0
2026-04-08 09:47:00,WEX.V,,0.7400000095367432,0.7400000095367432,0.7350000143051147,0.7350000143051147,2000.0
2026-04-08 09:47:00,WGO.V,,1.600000023841858,1.600000023841858,1.600000023841858,1.600000023841858,3300.0
2026-04-08 09:48:00,AUMB.V,,0.9900000095367432,0.9900000095367432,0.9900000095367432,0.9900000095367432,51251.0
2026-04-08 09:48:00,TDG.V,,0.5699999928474426,0.5699999928474426,0.5699999928474426,0.5699999928474426,15000.0
2026-04-08 09:48:00,WGO.V,,1.6100000143051147,1.6100000143051147,1.6100000143051147,1.6100000143051147,1100.0
2026-04-08 09:48:00,ZDC.V,,5.360000133514404,5.360000133514404,5.329999923706055,5.329999923706055,9403.0
2026-04-08 09:49:00,AUMB.V,,0.9900000095367432,1.0,0.9900000095367432,1.0,10506.0
2026-04-08 09:49:00,CANS.V,,0.004999999888241291,0.004999999888241291,0.004999999888241291,0.004999999888241291,0.0
2026-04-08 09:49:00,TDG.V,,0.5799999833106995,0.5799999833106995,0.5699999928474426,0.5699999928474426,32500.0
2026-04-08 09:49:00,VCU.V,,1.2999999523162842,1.2999999523162842,1.2999999523162842,1.2999999523162842,1100.0
2026-04-08 09:49:00,WEX.V,,0.75,0.75,0.75,0.75,1500.0
2026-04-08 09:49:00,ZEN.V,,0.75,0.75,0.75,0.75,6500.0
2026-04-08 09:50:00,CANS.V,,0.004999999888241291,0.004999999888241291,0.004999999888241291,0.004999999888241291,2000.0
2026-04-08 09:50:00,TDG.V,,0.5699999928474426,0.5699999928474426,0.5699999928474426,0.5699999928474426,1500.0
2026-04-08 09:50:00,TECT.V,,2.3499999046325684,2.3499999046325684,2.3499999046325684,2.3499999046325684,100.0
2026-04-08 09:50:00,THX.V,,1.4600000381469727,1.4600000381469727,1.4600000381469727,1.4600000381469727,100.0
2026-04-08 09:50:00,TIG.V,,0.5600000023841858,0.5699999928474426,0.5600000023841858,0.5699999928474426,13089.0
2026-04-08 09:50:00,TUD.V,,1.0299999713897705,1.0299999713897705,1.0299999713897705,1.0299999713897705,500.0
2026-04-08 09:50:00,VCU.V,,1.309999942779541,1.309999942779541,1.309999942779541,1.309999942779541,100.0
2026-04-08 09:50:00,WGO.V,,1.6200000047683716,1.6200000047683716,1.6200000047683716,1.6200000047683716,1800.0
2026-04-08 09:50:00,WRLG.V,,1.0199999809265137,1.0299999713897705,1.0199999809265137,1.0299999713897705,8189.0
2026-04-08 09:50:00,ZDC.V,,5.349999904632568,5.349999904632568,5.349999904632568,5.349999904632568,400.0
2026-04-08 09:51:00,AUMB.V,,1.0,1.0,0.9950000047683716,0.9950000047683716,3156.0
2026-04-08 09:51:00,TBK.V,,0.4449999928474426,0.4449999928474426,0.4449999928474426,0.4449999928474426,0.0
2026-04-08 09:51:00,TNR.V,,0.23999999463558197,0.23999999463558197,0.23999999463558197,0.23999999463558197,2000.0
2026-04-08 09:51:00,TTI.V,,0.46000000834465027,0.46000000834465027,0.46000000834465027,0.46000000834465027,24500.0
2026-04-08 09:51:00,TUD.V,,1.034999966621399,1.034999966621399,1.034999966621399,1.034999966621399,1900.0
2026-04-08 09:51:00,UCU.V,,5.829999923706055,5.829999923706055,5.829999923706055,5.829999923706055,200.0
2026-04-08 09:51:00,WGO.V,,1.6200000047683716,1.6200000047683716,1.6200000047683716,1.6200000047683716,22600.0
2026-04-08 09:51:00,WRLG.V,,1.0199999809265137,1.0199999809265137,1.0199999809265137,1.0199999809265137,23500.0
2026-04-08 09:51:00,ZDC.V,,5.340000152587891,5.340000152587891,5.340000152587891,5.340000152587891,600.0
2026-04-08 09:52:00,NILI.V,,0.6399999856948853,0.6399999856948853,0.6399999856948853,0.6399999856948853,19994.0
2026-04-08 09:52:00,ONE.V,,0.4099999964237213,0.4099999964237213,0.4099999964237213,0.4099999964237213,0.0
2026-04-08 09:52:00,THX.V,,1.4600000381469727,1.4600000381469727,1.4600000381469727,1.4600000381469727,3600.0
2026-04-08 09:52:00,TSG.V,,0.24500000476837158,0.24500000476837158,0.24500000476837158,0.24500000476837158,10500.0
2026-04-08 09:52:00,TUD.V,,1.0299999713897705,1.0299999713897705,1.0299999713897705,1.0299999713897705,1100.0
2026-04-08 09:52:00,UCU.V,,5.800000190734863,5.800000190734863,5.800000190734863,5.800000190734863,100.0
2026-04-08 09:52:00,WEX.V,,0.7400000095367432,0.7400000095367432,0.7400000095367432,0.7400000095367432,500.0
2026-04-08 09:52:00,WGO.V,,1.6200000047683716,1.6200000047683716,1.6200000047683716,1.6200000047683716,800.0
2026-04-08 09:52:00,ZDC.V,,5.360000133514404,5.360000133514404,5.360000133514404,5.360000133514404,500.0
2026-04-08 09:53:00,AUMB.V,,0.9900000095367432,0.9900000095367432,0.9900000095367432,0.9900000095367432,9500.0
2026-04-08 09:53:00,TECT.V,,2.4200000762939453,2.4200000762939453,2.4100000858306885,2.4100000858306885,354.0
2026-04-08 09:53:00,TOI.V,,98.08000183105469,98.08000183105469,96.80000305175781,96.80000305175781,465.0
2026-04-08 09:53:00,TTI.V,,0.46000000834465027,0.46000000834465027,0.46000000834465027,0.46000000834465027,5500.0
2026-04-08 09:53:00,TUD.V,,1.0299999713897705,1.0299999713897705,1.0299999713897705,1.0299999713897705,2500.0
2026-04-08 09:53:00,WBE.V,,0.2150000035762787,0.2150000035762787,0.2150000035762787,0.2150000035762787,0.0
2026-04-08 09:53:00,WGO.V,,1.6200000047683716,1.6200000047683716,1.6200000047683716,1.6200000047683716,2500.0
2026-04-08 09:53:00,WRLG.V,,1.024999976158142,1.024999976158142,1.024999976158142,1.024999976158142,3600.0
2026-04-08 09:53:00,ZDC.V,,5.349999904632568,5.369999885559082,5.349999904632568,5.360000133514404,1100.0
2026-04-08 09:54:00,AUMB.V,,0.9900000095367432,0.9900000095367432,0.9900000095367432,0.9900000095367432,5550.0
2026-04-08 09:54:00,SURG.V,,0.5699999928474426,0.5799999833106995,0.5699999928474426,0.5799999833106995,61971.0
2026-04-08 09:54:00,THX.V,,1.4600000381469727,1.4600000381469727,1.4600000381469727,1.4600000381469727,1041.0
2026-04-08 09:54:00,UCU.V,,5.809999942779541,5.809999942779541,5.809999942779541,5.809999942779541,210.0
2026-04-08 09:54:00,UGD.V,,0.42500001192092896,0.4300000071525574,0.42500001192092896,0.4300000071525574,17500.0
2026-04-08 09:54:00,VIO.V,,0.12999999523162842,0.12999999523162842,0.12999999523162842,0.12999999523162842,15000.0
2026-04-08 09:54:00,WGO.V,,1.600000023841858,1.6100000143051147,1.600000023841858,1.6100000143051147,4675.0
2026-04-08 09:54:00,WRLG.V,,1.0199999809265137,1.024999976158142,1.0199999809265137,1.024999976158142,12000.0
2026-04-08 09:54:00,ZDC.V,,5.320000171661377,5.320000171661377,5.300000190734863,5.309999942779541,1300.0
2026-04-08 09:55:00,UCU.V,,5.809999942779541,5.809999942779541,5.760000228881836,5.769999980926514,2240.0
2026-04-08 09:56:00,VIO.V,,0.12999999523162842,0.12999999523162842,0.12999999523162842,0.12999999523162842,3000.0
2026-04-08 09:56:00,WRLG.V,,1.0199999809265137,1.0199999809265137,1.0199999809265137,1.0199999809265137,24000.0
2026-04-08 09:56:00,ZAC.V,,0.08500000089406967,0.08500000089406967,0.08500000089406967,0.08500000089406967,19362.0
2026-04-08 09:56:00,ZDC.V,,5.349999904632568,5.380000114440918,5.340000152587891,5.340000152587891,800.0
2026-04-08 09:57:00,AUMB.V,,0.9900000095367432,0.9900000095367432,0.9900000095367432,0.9900000095367432,2500.0
2026-04-08 09:57:00,UCU.V,,5.860000133514404,5.860000133514404,5.840000152587891,5.840000152587891,438.0
2026-04-08 09:57:00,USS.V,,0.6700000166893005,0.6700000166893005,0.6700000166893005,0.6700000166893005,0.0
2026-04-08 09:57:00,WHN.V,,0.27000001072883606,0.27000001072883606,0.27000001072883606,0.27000001072883606,15353.0
2026-04-08 09:57:00,ZDC.V,,5.349999904632568,5.349999904632568,5.349999904632568,5.349999904632568,300.0
2026-04-08 09:58:00,AUMB.V,,0.9950000047683716,0.9950000047683716,0.9900000095367432,0.9900000095367432,3000.0
2026-04-08 09:58:00,TIG.V,,0.5799999833106995,0.5799999833106995,0.5799999833106995,0.5799999833106995,500.0
2026-04-08 09:58:00,TOI.V,,96.9800033569336,96.9800033569336,96.05999755859375,96.9000015258789,383.0
2026-04-08 09:58:00,UCU.V,,5.829999923706055,5.840000152587891,5.829999923706055,5.840000152587891,340.0
2026-04-08 09:58:00,WHN.V,,0.27000001072883606,0.27000001072883606,0.27000001072883606,0.27000001072883606,2000.0
2026-04-08 09:58:00,WRLG.V,,1.0199999809265137,1.0199999809265137,1.0199999809265137,1.0199999809265137,10000.0
2026-04-08 09:58:00,ZDC.V,,5.360000133514404,5.389999866485596,5.360000133514404,5.380000114440918,1800.0
2026-04-08 09:58:00,ZOMD.V,,0.9100000262260437,0.9100000262260437,0.9100000262260437,0.9100000262260437,770.0
2026-04-08 09:59:00,AUMB.V,,1.0,1.0,1.0,1.0,4400.0
2026-04-08 09:59:00,TUD.V,,1.0199999809265137,1.0199999809265137,1.0199999809265137,1.0199999809265137,31200.0
2026-04-08 09:59:00,UCU.V,,5.860000133514404,5.860000133514404,5.829999923706055,5.829999923706055,483.0
2026-04-08 09:59:00,WRLG.V,,1.0199999809265137,1.0199999809265137,1.0199999809265137,1.0199999809265137,23000.0
2026-04-08 09:59:00,ZDC.V,,5.389999866485596,5.389999866485596,5.369999885559082,5.380000114440918,1400.0
2026-04-08 09:59:00,ZEN.V,,0.75,0.75,0.75,0.75,6000.0
2026-04-08 10:00:00,TDG.V,,0.5699999928474426,0.5699999928474426,0.5699999928474426,0.5699999928474426,6500.0
2026-04-08 10:00:00,TRBC.V,,0.19499999284744263,0.19499999284744263,0.19499999284744263,0.19499999284744263,0.0
2026-04-08 10:00:00,UGD.V,,0.42750000953674316,0.42750000953674316,0.42750000953674316,0.42750000953674316,500.0
2026-04-08 10:00:00,VPT.V,,0.10499999672174454,0.10499999672174454,0.10499999672174454,0.10499999672174454,8000.0
2026-04-08 10:00:00,ZDC.V,,5.380000114440918,5.380000114440918,5.380000114440918,5.380000114440918,100.0
2026-04-08 10:01:00,TIG.V,,0.5699999928474426,0.5699999928474426,0.5699999928474426,0.5699999928474426,1000.0
2026-04-08 10:01:00,TUD.V,,1.0199999809265137,1.0199999809265137,1.0199999809265137,1.0199999809265137,5700.0
2026-04-08 10:01:00,UCU.V,,5.800000190734863,5.869999885559082,5.800000190734863,5.869999885559082,2520.0
2026-04-08 10:01:00,VAU.V,,0.14000000059604645,0.14000000059604645,0.14000000059604645,0.14000000059604645,0.0
2026-04-08 10:01:00,ZDC.V,,5.349999904632568,5.349999904632568,5.349999904632568,5.349999904632568,300.0
2026-04-08 10:02:00,UCU.V,,5.760000228881836,5.760000228881836,5.760000228881836,5.760000228881836,100.0
2026-04-08 10:02:00,WGO.V,,1.600000023841858,1.600000023841858,1.600000023841858,1.600000023841858,100.0
2026-04-08 10:02:00,ZDC.V,,5.349999904632568,5.349999904632568,5.349999904632568,5.349999904632568,300.0
2026-04-08 10:03:00,NILI.V,,0.6299999952316284,0.6399999856948853,0.6299999952316284,0.6399999856948853,31000.0
2026-04-08 10:03:00,UCU.V,,5.71999979019165,5.71999979019165,5.71999979019165,5.71999979019165,100.0
2026-04-08 10:03:00,VPT.V,,0.10499999672174454,0.10499999672174454,0.10499999672174454,0.10499999672174454,2000.0
2026-04-08 10:03:00,ZDC.V,,5.369999885559082,5.369999885559082,5.369999885559082,5.369999885559082,200.0
2026-04-08 10:04:00,TK.V,,0.4099999964237213,0.4099999964237213,0.4099999964237213,0.4099999964237213,4000.0
2026-04-08 10:04:00,TUD.V,,1.0199999809265137,1.0199999809265137,1.0199999809265137,1.0199999809265137,1400.0
2026-04-08 10:04:00,WRLG.V,,1.0199999809265137,1.0199999809265137,1.0199999809265137,1.0199999809265137,7680.0
2026-04-08 10:04:00,ZDC.V,,5.349999904632568,5.349999904632568,5.349999904632568,5.349999904632568,400.0
2026-04-08 10:05:00,UCU.V,,5.730000019073486,5.730000019073486,5.730000019073486,5.730000019073486,100.0
2026-04-08 10:05:00,VUX.V,,0.15000000596046448,0.15000000596046448,0.15000000596046448,0.15000000596046448,500.0
2026-04-08 10:05:00,WEB.V,,1.6100000143051147,1.6100000143051147,1.6100000143051147,1.6100000143051147,250.0
2026-04-08 10:05:00,ZDC.V,,5.349999904632568,5.349999904632568,5.349999904632568,5.349999904632568,600.0
2026-04-08 10:06:00,TAO.V,,0.08500000089406967,0.08500000089406967,0.08500000089406967,0.08500000089406967,102000.0
2026-04-08 10:06:00,UCU.V,,5.650000095367432,5.739999771118164,5.650000095367432,5.739999771118164,10801.0
2026-04-08 10:06:00,VCU.V,,1.309999942779541,1.309999942779541,1.309999942779541,1.309999942779541,700.0
2026-04-08 10:06:00,WEB.V,,1.600000023841858,1.600000023841858,1.600000023841858,1.600000023841858,890.0
2026-04-08 10:06:00,WRLG.V,,1.0199999809265137,1.0199999809265137,1.0199999809265137,1.0199999809265137,3500.0
2026-04-08 10:07:00,TDG.V,,0.5649999976158142,0.5649999976158142,0.5649999976158142,0.5649999976158142,3000.0
2026-04-08 10:07:00,UCU.V,,5.699999809265137,5.699999809265137,5.679999828338623,5.679999828338623,1100.0
2026-04-08 10:07:00,WEX.V,,0.7300000190734863,0.7300000190734863,0.7300000190734863,0.7300000190734863,500.0
2026-04-08 10:07:00,ZDC.V,,5.329999923706055,5.329999923706055,5.329999923706055,5.329999923706055,400.0
2026-04-08 10:07:00,ZOMD.V,,0.9100000262260437,0.9100000262260437,0.9100000262260437,0.9100000262260437,500.0
2026-04-08 10:08:00,AUMB.V,,0.9900000095367432,0.9900000095367432,0.9900000095367432,0.9900000095367432,4000.0
2026-04-08 10:08:00,TWO.V,,0.4699999988079071,0.4699999988079071,0.4699999988079071,0.4699999988079071,500.0
2026-04-08 10:08:00,UCU.V,,5.599999904632568,5.670000076293945,5.599999904632568,5.650000095367432,7300.0
2026-04-08 10:08:00,WED.V,,23.25,23.25,23.25,23.25,0.0
2026-04-08 10:08:00,WEX.V,,0.7300000190734863,0.7300000190734863,0.7300000190734863,0.7300000190734863,500.0
2026-04-08 10:08:00,WRLG.V,,1.0099999904632568,1.0099999904632568,1.0099999904632568,1.0099999904632568,15000.0
2026-04-08 10:08:00,ZDC.V,,5.349999904632568,5.349999904632568,5.349999904632568,5.349999904632568,600.0
2026-04-08 10:09:00,AUMB.V,,0.9900000095367432,0.9900000095367432,0.9900000095367432,0.9900000095367432,8251.0
2026-04-08 10:09:00,TSLV.V,,0.10999999940395355,0.10999999940395355,0.10999999940395355,0.10999999940395355,8000.0
2026-04-08 10:09:00,UCU.V,,5.599999904632568,5.599999904632568,5.599999904632568,5.599999904632568,200.0
2026-04-08 10:09:00,VPT.V,,0.10499999672174454,0.10499999672174454,0.10499999672174454,0.10499999672174454,500.0
2026-04-08 10:09:00,WRLG.V,,1.0099999904632568,1.0099999904632568,1.0099999904632568,1.0099999904632568,16700.0
2026-04-08 10:09:00,ZDC.V,,5.340000152587891,5.340000152587891,5.340000152587891,5.340000152587891,500.0
2026-04-08 10:10:00,UCU.V,,5.579999923706055,5.579999923706055,5.579999923706055,5.579999923706055,100.0
2026-04-08 10:10:00,USCU.V,,0.17000000178813934,0.17000000178813934,0.17000000178813934,0.17000000178813934,6500.0
2026-04-08 10:10:00,WRLG.V,,1.0099999904632568,1.0099999904632568,1.0099999904632568,1.0099999904632568,500.0
2026-04-08 10:10:00,ZDC.V,,5.320000171661377,5.329999923706055,5.320000171661377,5.329999923706055,200.0
2026-04-08 10:11:00,TAO.V,,0.08500000089406967,0.08500000089406967,0.08500000089406967,0.08500000089406967,26000.0
2026-04-08 10:11:00,WGO.V,,1.5850000381469727,1.5950000286102295,1.5800000429153442,1.5950000286102295,4061.0
2026-04-08 10:11:00,WHN.V,,0.27000001072883606,0.27000001072883606,0.27000001072883606,0.27000001072883606,13500.0
2026-04-08 10:11:00,WRLG.V,,1.0099999904632568,1.0099999904632568,1.0099999904632568,1.0099999904632568,3759.0
2026-04-08 10:11:00,ZDC.V,,5.329999923706055,5.329999923706055,5.324999809265137,5.324999809265137,400.0
2026-04-08 10:11:00,ZEN.V,,0.75,0.75,0.75,0.75,1500.0
2026-04-08 10:12:00,NILI.V,,0.6299999952316284,0.6299999952316284,0.6299999952316284,0.6299999952316284,500.0
2026-04-08 10:12:00,ONE.V,,0.4050000011920929,0.4050000011920929,0.4050000011920929,0.4050000011920929,1000.0
2026-04-08 10:12:00,TDG.V,,0.550000011920929,0.550000011920929,0.550000011920929,0.550000011920929,8500.0
2026-04-08 10:12:00,TOI.V,,95.4000015258789,95.51000213623047,95.4000015258789,95.51000213623047,300.0
2026-04-08 10:12:00,WEX.V,,0.7300000190734863,0.7300000190734863,0.7300000190734863,0.7300000190734863,2000.0
2026-04-08 10:12:00,WRLG.V,,1.0099999904632568,1.0099999904632568,1.0099999904632568,1.0099999904632568,1000.0
2026-04-08 10:12:00,ZEN.V,,0.75,0.75,0.75,0.75,2585.0
2026-04-08 10:13:00,AUMB.V,,1.0,1.0,1.0,1.0,39600.0
2026-04-08 10:13:00,THX.V,,1.4700000286102295,1.4700000286102295,1.4700000286102295,1.4700000286102295,12000.0
2026-04-08 10:13:00,TOI.V,,95.11000061035156,95.11000061035156,95.0,95.0999984741211,509.0
2026-04-08 10:13:00,TRO.V,,0.17000000178813934,0.17000000178813934,0.17000000178813934,0.17000000178813934,0.0
2026-04-08 10:13:00,TWO.V,,0.4699999988079071,0.4699999988079071,0.4699999988079071,0.4699999988079071,1000.0
2026-04-08 10:13:00,UCU.V,,5.610000133514404,5.610000133514404,5.599999904632568,5.599999904632568,200.0
2026-04-08 10:13:00,WGO.V,,1.5800000429153442,1.5850000381469727,1.5800000429153442,1.5850000381469727,900.0
2026-04-08 10:13:00,WRLG.V,,1.0199999809265137,1.0199999809265137,1.0199999809265137,1.0199999809265137,24000.0
2026-04-08 10:13:00,ZDC.V,,5.329999923706055,5.340000152587891,5.329999923706055,5.340000152587891,500.0
2026-04-08 10:13:00,ZON.V,,0.125,0.125,0.125,0.125,0.0
2026-04-08 10:14:00,SURG.V,,0.5699999928474426,0.574999988079071,0.5699999928474426,0.574999988079071,6500.0
2026-04-08 10:14:00,TAO.V,,0.08500000089406967,0.08500000089406967,0.08500000089406967,0.08500000089406967,15000.0
2026-04-08 10:14:00,TTI.V,,0.46000000834465027,0.46000000834465027,0.46000000834465027,0.46000000834465027,37750.0
2026-04-08 10:14:00,TVI.V,,0.05000000074505806,0.05000000074505806,0.05000000074505806,0.05000000074505806,0.0
2026-04-08 10:14:00,TWO.V,,0.4699999988079071,0.4699999988079071,0.4699999988079071,0.4699999988079071,3000.0
2026-04-08 10:14:00,UCU.V,,5.610000133514404,5.610000133514404,5.590000152587891,5.590000152587891,300.0
2026-04-08 10:14:00,VCU.V,,1.2999999523162842,1.2999999523162842,1.2999999523162842,1.2999999523162842,5900.0
2026-04-08 10:14:00,VRB.V,,0.10499999672174454,0.10499999672174454,0.10499999672174454,0.10499999672174454,1000.0
2026-04-08 10:14:00,WGO.V,,1.5800000429153442,1.5850000381469727,1.5800000429153442,1.5850000381469727,3300.0
2026-04-08 10:14:00,WRLG.V,,1.0199999809265137,1.0199999809265137,1.0199999809265137,1.0199999809265137,55700.0
2026-04-08 10:14:00,ZCC-H.V,,0.23000000417232513,0.23000000417232513,0.23000000417232513,0.23000000417232513,4500.0
2026-04-08 10:14:00,ZDC.V,,5.329999923706055,5.329999923706055,5.329999923706055,5.329999923706055,500.0
2026-04-08 10:15:00,SURG.V,,0.5799999833106995,0.5799999833106995,0.5799999833106995,0.5799999833106995,1000.0
2026-04-08 10:15:00,TWO.V,,0.4699999988079071,0.4699999988079071,0.4699999988079071,0.4699999988079071,2500.0
2026-04-08 10:15:00,UCU.V,,5.619999885559082,5.619999885559082,5.619999885559082,5.619999885559082,100.0
2026-04-08 10:15:00,UGD.V,,0.4300000071525574,0.4300000071525574,0.4300000071525574,0.4300000071525574,3000.0
2026-04-08 10:15:00,WAM.V,,0.8399999737739563,0.8500000238418579,0.8399999737739563,0.8500000238418579,9000.0
2026-04-08 10:16:00,AUMB.V,,1.0,1.0,1.0,1.0,2500.0
2026-04-08 10:16:00,TSLV.V,,0.10499999672174454,0.10999999940395355,0.10499999672174454,0.10999999940395355,1752.0
2026-04-08 10:16:00,UCU.V,,5.630000114440918,5.639999866485596,5.630000114440918,5.630000114440918,615.0
2026-04-08 10:16:00,VIS.V,,0.014999999664723873,0.014999999664723873,0.014999999664723873,0.014999999664723873,0.0
2026-04-08 10:16:00,WAM.V,,0.8399999737739563,0.8399999737739563,0.8399999737739563,0.8399999737739563,2000.0
2026-04-08 10:16:00,WCE.V,,0.12999999523162842,0.12999999523162842,0.12999999523162842,0.12999999523162842,1564.0
2026-04-08 10:16:00,WRLG.V,,1.0199999809265137,1.0199999809265137,1.0149999856948853,1.0149999856948853,6500.0
2026-04-08 10:16:00,ZDC.V,,5.329999923706055,5.329999923706055,5.329999923706055,5.329999923706055,400.0
2026-04-08 10:17:00,AUMB.V,,0.9900000095367432,0.9900000095367432,0.9900000095367432,0.9900000095367432,7500.0
2026-04-08 10:17:00,TRO.V,,0.16500000655651093,0.16500000655651093,0.16500000655651093,0.16500000655651093,20122.0
2026-04-08 10:17:00,UCU.V,,5.639999866485596,5.639999866485596,5.639999866485596,5.639999866485596,1211.0
2026-04-08 10:17:00,WAM.V,,0.8299999833106995,0.8299999833106995,0.8299999833106995,0.8299999833106995,11000.0
2026-04-08 10:17:00,WRLG.V,,1.0199999809265137,1.0199999809265137,1.0149999856948853,1.0149999856948853,9104.0
2026-04-08 10:17:00,YNV.V,,0.11500000208616257,0.11500000208616257,0.11500000208616257,0.11500000208616257,0.0
2026-04-08 10:17:00,ZDC.V,,5.329999923706055,5.349999904632568,5.329999923706055,5.340000152587891,25200.0
2026-04-08 10:18:00,AUMB.V,,0.9900000095367432,0.9900000095367432,0.9900000095367432,0.9900000095367432,15000.0
2026-04-08 10:18:00,TDG.V,,0.5600000023841858,0.5600000023841858,0.5600000023841858,0.5600000023841858,6500.0
2026-04-08 10:18:00,THX.V,,1.465000033378601,1.465000033378601,1.465000033378601,1.465000033378601,100.0
2026-04-08 10:18:00,TIG.V,,0.5799999833106995,0.5799999833106995,0.5799999833106995,0.5799999833106995,4000.0
2026-04-08 10:18:00,TUD.V,,1.0199999809265137,1.0199999809265137,1.0199999809265137,1.0199999809265137,2100.0
2026-04-08 10:18:00,VUL.V,,0.23000000417232513,0.23000000417232513,0.23000000417232513,0.23000000417232513,2500.0
2026-04-08 10:18:00,WAM.V,,0.8299999833106995,0.8299999833106995,0.8299999833106995,0.8299999833106995,3000.0
2026-04-08 10:18:00,ZDC.V,,5.369999885559082,5.369999885559082,5.329999923706055,5.349999904632568,1700.0
2026-04-08 10:19:00,TAO.V,,0.08500000089406967,0.08500000089406967,0.08500000089406967,0.08500000089406967,500000.0
2026-04-08 10:19:00,UCU.V,,5.679999828338623,5.679999828338623,5.679999828338623,5.679999828338623,100.0
2026-04-08 10:19:00,VCU.V,,1.2999999523162842,1.2999999523162842,1.2999999523162842,1.2999999523162842,100.0
2026-04-08 10:19:00,VPT.V,,0.10499999672174454,0.10499999672174454,0.10499999672174454,0.10499999672174454,13000.0
2026-04-08 10:19:00,ZDC.V,,5.349999904632568,5.349999904632568,5.349999904632568,5.349999904632568,700.0
2026-04-08 10:20:00,AUMB.V,,0.9800000190734863,0.9800000190734863,0.9800000190734863,0.9800000190734863,7500.0
2026-04-08 10:20:00,THX.V,,1.4600000381469727,1.4600000381469727,1.4600000381469727,1.4600000381469727,173.0
2026-04-08 10:20:00,TTG.V,,0.13500000536441803,0.13500000536441803,0.13500000536441803,0.13500000536441803,0.0
2026-04-08 10:20:00,UCU.V,,5.679999828338623,5.679999828338623,5.679999828338623,5.679999828338623,200.0
2026-04-08 10:20:00,ZOMD.V,,0.9150000214576721,0.9150000214576721,0.9150000214576721,0.9150000214576721,500.0
2026-04-08 10:21:00,TOI.V,,95.0999984741211,95.0999984741211,95.0999984741211,95.0999984741211,200.0
2026-04-08 10:21:00,VPT.V,,0.10499999672174454,0.10499999672174454,0.10499999672174454,0.10499999672174454,3500.0
2026-04-08 10:21:00,WEX.V,,0.7250000238418579,0.7300000190734863,0.7200000286102295,0.7200000286102295,2000.0
2026-04-08 10:21:00,WRLG.V,,1.0099999904632568,1.0199999809265137,1.0099999904632568,1.0199999809265137,4818.0
2026-04-08 10:21:00,ZDC.V,,5.340000152587891,5.340000152587891,5.340000152587891,5.340000152587891,100.0
2026-04-08 10:22:00,SURG.V,,0.5699999928474426,0.5699999928474426,0.5699999928474426,0.5699999928474426,22000.0
2026-04-08 10:22:00,TIG.V,,0.5899999737739563,0.5899999737739563,0.5799999833106995,0.5799999833106995,8000.0
2026-04-08 10:22:00,UCU.V,,5.690000057220459,5.690000057220459,5.690000057220459,5.690000057220459,300.0
2026-04-08 10:22:00,VCU.V,,1.2899999618530273,1.2899999618530273,1.2899999618530273,1.2899999618530273,5000.0
2026-04-08 10:22:00,WRLG.V,,1.0099999904632568,1.0099999904632568,1.0099999904632568,1.0099999904632568,2207.0
2026-04-08 10:22:00,ZDC.V,,5.369999885559082,5.369999885559082,5.340000152587891,5.340000152587891,1700.0
2026-04-08 10:23:00,TUD.V,,1.0199999809265137,1.0199999809265137,1.0199999809265137,1.0199999809265137,2000.0
2026-04-08 10:23:00,UCU.V,,5.650000095367432,5.670000076293945,5.650000095367432,5.670000076293945,9603.0
2026-04-08 10:23:00,VUL.V,,0.23999999463558197,0.23999999463558197,0.23000000417232513,0.23000000417232513,5500.0
2026-04-08 10:23:00,VZZ.V,,0.13500000536441803,0.13500000536441803,0.12999999523162842,0.12999999523162842,39000.0
2026-04-08 10:23:00,WEB.V,,1.590000033378601,1.600000023841858,1.590000033378601,1.600000023841858,2700.0
2026-04-08 10:23:00,ZOMD.V,,0.9200000166893005,0.9200000166893005,0.9200000166893005,0.9200000166893005,500.0
2026-04-08 10:24:00,AUMB.V,,0.9750000238418579,0.9800000190734863,0.9750000238418579,0.9800000190734863,12484.0
2026-04-08 10:24:00,NILI.V,,0.6299999952316284,0.6299999952316284,0.6299999952316284,0.6299999952316284,2000.0
2026-04-08 10:24:00,TUD.V,,1.0199999809265137,1.0199999809265137,1.0199999809265137,1.0199999809265137,2706.0
2026-04-08 10:24:00,UCU.V,,5.659999847412109,5.659999847412109,5.650000095367432,5.650000095367432,700.0
2026-04-08 10:24:00,WGF.V,,0.20000000298023224,0.20000000298023224,0.20000000298023224,0.20000000298023224,2500.0
2026-04-08 10:24:00,WGO.V,,1.590000033378601,1.590000033378601,1.590000033378601,1.590000033378601,500.0
2026-04-08 10:25:00,TOI.V,,95.04000091552734,95.04000091552734,95.04000091552734,95.04000091552734,100.0
2026-04-08 10:25:00,TUD.V,,1.0099999904632568,1.0099999904632568,1.0099999904632568,1.0099999904632568,1816.0
2026-04-08 10:25:00,UCU.V,,5.659999847412109,5.659999847412109,5.659999847412109,5.659999847412109,100.0
2026-04-08 10:25:00,WGO.V,,1.5800000429153442,1.5800000429153442,1.5800000429153442,1.5800000429153442,167.0
2026-04-08 10:25:00,WRLG.V,,1.0099999904632568,1.0099999904632568,1.0099999904632568,1.0099999904632568,18300.0
2026-04-08 10:26:00,THX.V,,1.4600000381469727,1.4600000381469727,1.4600000381469727,1.4600000381469727,6170.0
2026-04-08 10:26:00,TPL.V,,1.6399999856948853,1.6399999856948853,1.6399999856948853,1.6399999856948853,0.0
2026-04-08 10:26:00,TRBC.V,,0.20000000298023224,0.20000000298023224,0.20000000298023224,0.20000000298023224,25000.0
2026-04-08 10:26:00,TTG.V,,0.13500000536441803,0.13500000536441803,0.13500000536441803,0.13500000536441803,9000.0
2026-04-08 10:26:00,TUD.V,,1.0099999904632568,1.0099999904632568,1.0099999904632568,1.0099999904632568,500.0
2026-04-08 10:26:00,VLI.V,,0.014999999664723873,0.014999999664723873,0.014999999664723873,0.014999999664723873,9000.0
2026-04-08 10:26:00,WRLG.V,,1.0099999904632568,1.0099999904632568,1.0099999904632568,1.0099999904632568,4305.0
2026-04-08 10:26:00,ZDC.V,,5.329999923706055,5.349999904632568,5.329999923706055,5.349999904632568,5400.0
2026-04-08 10:27:00,ZDC.V,,5.360000133514404,5.360000133514404,5.340000152587891,5.340000152587891,1300.0
2026-04-08 10:28:00,ZDC.V,,5.349999904632568,5.360000133514404,5.349999904632568,5.349999904632568,4100.0
2026-04-08 10:29:00,NILI.V,,0.6299999952316284,0.6299999952316284,0.6299999952316284,0.6299999952316284,3322.0
2026-04-08 10:29:00,TDG.V,,0.5600000023841858,0.5600000023841858,0.5600000023841858,0.5600000023841858,500.0
2026-04-08 10:29:00,UCU.V,,5.650000095367432,5.650000095367432,5.650000095367432,5.650000095367432,200.0
2026-04-08 10:29:00,WGO.V,,1.5800000429153442,1.5800000429153442,1.5800000429153442,1.5800000429153442,600.0
2026-04-08 10:29:00,ZDC.V,,5.360000133514404,5.360000133514404,5.360000133514404,5.360000133514404,300.0
2026-04-08 10:30:00,ONE.V,,0.3700000047683716,0.4000000059604645,0.3700000047683716,0.4000000059604645,19045.0
2026-04-08 10:30:00,SURG.V,,0.5600000023841858,0.5600000023841858,0.5600000023841858,0.5600000023841858,64416.0
2026-04-08 10:30:00,TRU.V,,0.05000000074505806,0.054999999701976776,0.05000000074505806,0.054999999701976776,22700.0
2026-04-08 10:30:00,TSG.V,,0.24500000476837158,0.24500000476837158,0.24500000476837158,0.24500000476837158,20500.0
2026-04-08 10:30:00,USCU.V,,0.16500000655651093,0.17000000178813934,0.16500000655651093,0.17000000178813934,37429.0
2026-04-08 10:30:00,VAU.V,,0.14000000059604645,0.14000000059604645,0.14000000059604645,0.14000000059604645,17680.0
2026-04-08 10:30:00,VCT.V,,0.02500000037252903,0.02500000037252903,0.02500000037252903,0.02500000037252903,0.0
2026-04-08 10:30:00,VVC.V,,0.014999999664723873,0.014999999664723873,0.014999999664723873,0.014999999664723873,17780.0
2026-04-08 10:30:00,WGO.V,,1.5800000429153442,1.5800000429153442,1.5800000429153442,1.5800000429153442,1200.0
2026-04-08 10:30:00,ZOMD.V,,0.9399999976158142,0.9399999976158142,0.9300000071525574,0.9300000071525574,16003.0
2026-04-08 10:31:00,AUMB.V,,0.9599999785423279,0.9700000286102295,0.9599999785423279,0.9700000286102295,46331.0
2026-04-08 10:31:00,AWE.V,,0.1550000011920929,0.1550000011920929,0.1550000011920929,0.1550000011920929,0.0
2026-04-08 10:31:00,LOT.V,,0.054999999701976776,0.054999999701976776,0.054999999701976776,0.054999999701976776,3035.0
2026-04-08 10:31:00,SYG.V,,0.07000000029802322,0.07000000029802322,0.07000000029802322,0.07000000029802322,12000.0
2026-04-08 10:31:00,THX.V,,1.4600000381469727,1.4600000381469727,1.4600000381469727,1.4600000381469727,3860.0
2026-04-08 10:31:00,TLT.V,,0.2549999952316284,0.2549999952316284,0.2549999952316284,0.2549999952316284,3360.0
2026-04-08 10:31:00,TNR.V,,0.23499999940395355,0.23499999940395355,0.23499999940395355,0.23499999940395355,1260.0
2026-04-08 10:31:00,TRBE.V,,0.24500000476837158,0.24500000476837158,0.24500000476837158,0.24500000476837158,0.0
2026-04-08 10:31:00,TUD.V,,1.0099999904632568,1.0099999904632568,1.0099999904632568,1.0099999904632568,18631.0
2026-04-08 10:31:00,TUO.V,,1.7200000286102295,1.7200000286102295,1.7200000286102295,1.7200000286102295,1818.0
2026-04-08 10:31:00,TWO.V,,0.45500001311302185,0.45500001311302185,0.45500001311302185,0.45500001311302185,1011.0
2026-04-08 10:31:00,TWR.V,,0.17000000178813934,0.17000000178813934,0.17000000178813934,0.17000000178813934,0.0
2026-04-08 10:31:00,UCU.V,,5.650000095367432,5.650000095367432,5.650000095367432,5.650000095367432,300.0
2026-04-08 10:31:00,VLI.V,,0.009999999776482582,0.009999999776482582,0.009999999776482582,0.009999999776482582,12225.0
2026-04-08 10:31:00,VO.V,,0.10000000149011612,0.10000000149011612,0.10000000149011612,0.10000000149011612,2492.0
2026-04-08 10:31:00,VPT.V,,0.10000000149011612,0.10000000149011612,0.10000000149011612,0.10000000149011612,15100.0
2026-04-08 10:31:00,WAM.V,,0.8100000023841858,0.8199999928474426,0.8100000023841858,0.8199999928474426,4427.0
2026-04-08 10:31:00,WEB.V,,1.5800000429153442,1.5800000429153442,1.5800000429153442,1.5800000429153442,2260.0
2026-04-08 10:31:00,WGO.V,,1.5700000524520874,1.5750000476837158,1.5700000524520874,1.5750000476837158,5371.0
2026-04-08 10:31:00,WHN.V,,0.27000001072883606,0.27000001072883606,0.27000001072883606,0.27000001072883606,1695.0
2026-04-08 10:31:00,WRLG.V,,1.0099999904632568,1.0099999904632568,1.0099999904632568,1.0099999904632568,2500.0
2026-04-08 10:31:00,XRTX.V,,3.5,3.5,3.5,3.5,0.0
2026-04-08 10:31:00,YNV.V,,0.11999999731779099,0.11999999731779099,0.11999999731779099,0.11999999731779099,1500.0
2026-04-08 10:31:00,ZDC.V,,5.329999923706055,5.349999904632568,5.324999809265137,5.340000152587891,711.0
2026-04-08 10:32:00,AUMB.V,,0.949999988079071,0.9599999785423279,0.949999988079071,0.9599999785423279,63800.0
2026-04-08 10:32:00,TAO.V,,0.08500000089406967,0.08500000089406967,0.08500000089406967,0.08500000089406967,26000.0
2026-04-08 10:32:00,TGOL.V,,0.10499999672174454,0.10499999672174454,0.10499999672174454,0.10499999672174454,500.0
2026-04-08 10:32:00,UCU.V,,5.650000095367432,5.710000038146973,5.650000095367432,5.650000095367432,1121.0
2026-04-08 10:32:00,ZDC.V,,5.329999923706055,5.329999923706055,5.329999923706055,5.329999923706055,100.0
2026-04-08 10:33:00,AUMB.V,,0.9399999976158142,0.949999988079071,0.9399999976158142,0.949999988079071,1500.0
2026-04-08 10:33:00,WHY.V,,0.3400000035762787,0.3400000035762787,0.3400000035762787,0.3400000035762787,5000.0
2026-04-08 10:33:00,WRLG.V,,1.0,1.0,1.0,1.0,10000.0
2026-04-08 10:34:00,TIG.V,,0.5799999833106995,0.5799999833106995,0.5799999833106995,0.5799999833106995,5500.0
2026-04-08 10:34:00,TOI.V,,95.04000091552734,95.04000091552734,95.04000091552734,95.04000091552734,100.0
2026-04-08 10:34:00,VGD.V,,0.20000000298023224,0.20000000298023224,0.20000000298023224,0.20000000298023224,0.0
2026-04-08 10:34:00,VLI.V,,0.014999999664723873,0.014999999664723873,0.014999999664723873,0.014999999664723873,90000.0
2026-04-08 10:34:00,WRLG.V,,1.0,1.0,1.0,1.0,500.0
2026-04-08 10:35:00,AUMB.V,,0.949999988079071,0.949999988079071,0.949999988079071,0.949999988079071,1000.0
2026-04-08 10:35:00,NILI.V,,0.6299999952316284,0.6299999952316284,0.6299999952316284,0.6299999952316284,20000.0
2026-04-08 10:35:00,TOI.V,,95.05000305175781,95.13999938964844,95.02999877929688,95.13999938964844,500.0
2026-04-08 10:35:00,WRLG.V,,1.0,1.0,1.0,1.0,500.0
2026-04-08 10:35:00,ZDC.V,,5.340000152587891,5.340000152587891,5.329999923706055,5.329999923706055,300.0
2026-04-08 10:36:00,TDG.V,,0.5600000023841858,0.5600000023841858,0.5600000023841858,0.5600000023841858,1500.0
2026-04-08 10:36:00,TIG.V,,0.5799999833106995,0.5799999833106995,0.5799999833106995,0.5799999833106995,7500.0
2026-04-08 10:36:00,TUD.V,,0.9950000047683716,1.0,0.9950000047683716,1.0,58522.0
2026-04-08 10:36:00,UCU.V,,5.679999828338623,5.679999828338623,5.679999828338623,5.679999828338623,100.0
2026-04-08 10:36:00,UGD.V,,0.4300000071525574,0.4300000071525574,0.4300000071525574,0.4300000071525574,10500.0
2026-04-08 10:36:00,VUX.V,,0.15000000596046448,0.15000000596046448,0.15000000596046448,0.15000000596046448,3500.0
2026-04-08 10:36:00,WGO.V,,1.5700000524520874,1.5700000524520874,1.5700000524520874,1.5700000524520874,3700.0
2026-04-08 10:36:00,WRLG.V,,1.0,1.0049999952316284,1.0,1.0049999952316284,73106.0
2026-04-08 10:36:00,ZDC.V,,5.320000171661377,5.329999923706055,5.320000171661377,5.320000171661377,1300.0
2026-04-08 10:37:00,TAO.V,,0.08500000089406967,0.08500000089406967,0.08500000089406967,0.08500000089406967,32500.0
2026-04-08 10:37:00,TGOL.V,,0.10999999940395355,0.10999999940395355,0.10999999940395355,0.10999999940395355,2000.0
2026-04-08 10:37:00,UGD.V,,0.4300000071525574,0.4300000071525574,0.4300000071525574,0.4300000071525574,1000.0
2026-04-08 10:37:00,WGO.V,,1.559999942779541,1.565000057220459,1.559999942779541,1.565000057220459,2950.0
2026-04-08 10:37:00,WRLG.V,,1.0099999904632568,1.0099999904632568,1.0099999904632568,1.0099999904632568,3500.0
2026-04-08 10:37:00,ZDC.V,,5.349999904632568,5.349999904632568,5.340000152587891,5.340000152587891,700.0
2026-04-08 10:38:00,THRM.V,,0.06499999761581421,0.06499999761581421,0.06499999761581421,0.06499999761581421,22716.0
2026-04-08 10:38:00,TOI.V,,95.61000061035156,95.62000274658203,95.61000061035156,95.62000274658203,235.0
2026-04-08 10:38:00,TUD.V,,1.0,1.0,1.0,1.0,5400.0
2026-04-08 10:38:00,UCU.V,,5.679999828338623,5.679999828338623,5.679999828338623,5.679999828338623,100.0
2026-04-08 10:38:00,VO.V,,0.10000000149011612,0.10000000149011612,0.10000000149011612,0.10000000149011612,2000.0
2026-04-08 10:38:00,WRLG.V,,1.0,1.0,1.0,1.0,500.0
2026-04-08 10:38:00,ZDC.V,,5.340000152587891,5.340000152587891,5.340000152587891,5.340000152587891,600.0
2026-04-08 10:39:00,RARE.V,,5.699999809265137,5.699999809265137,5.699999809265137,5.699999809265137,500.0
2026-04-08 10:39:00,THX.V,,1.440000057220459,1.4600000381469727,1.440000057220459,1.4600000381469727,111315.0
2026-04-08 10:39:00,WRLG.V,,1.0,1.0,1.0,1.0,500.0
2026-04-08 10:39:00,ZDC.V,,5.340000152587891,5.340000152587891,5.340000152587891,5.340000152587891,500.0
2026-04-08 10:40:00,AUMB.V,,0.9599999785423279,0.9599999785423279,0.9599999785423279,0.9599999785423279,65400.0
2026-04-08 10:40:00,TOI.V,,95.02999877929688,95.02999877929688,95.0199966430664,95.02999877929688,2856.0
2026-04-08 10:40:00,TORQ.V,,0.07500000298023224,0.07500000298023224,0.07500000298023224,0.07500000298023224,11000.0
2026-04-08 10:40:00,UCU.V,,5.679999828338623,5.679999828338623,5.679999828338623,5.679999828338623,100.0
2026-04-08 10:40:00,USCU.V,,0.16500000655651093,0.16500000655651093,0.16500000655651093,0.16500000655651093,11500.0
2026-04-08 10:40:00,VPT.V,,0.10499999672174454,0.10499999672174454,0.10499999672174454,0.10499999672174454,15000.0
2026-04-08 10:40:00,WRLG.V,,1.0,1.0,1.0,1.0,60500.0
2026-04-08 10:40:00,ZDC.V,,5.340000152587891,5.340000152587891,5.335000038146973,5.340000152587891,2400.0
2026-04-08 10:41:00,TECT.V,,2.369999885559082,2.380000114440918,2.369999885559082,2.380000114440918,2500.0
2026-04-08 10:41:00,TTS.V,,0.4749999940395355,0.4749999940395355,0.4699999988079071,0.4699999988079071,0.0
2026-04-08 10:41:00,TUD.V,,1.0049999952316284,1.0049999952316284,1.0049999952316284,1.0049999952316284,2500.0
2026-04-08 10:41:00,UCU.V,,5.71999979019165,5.71999979019165,5.679999828338623,5.679999828338623,3779.0
2026-04-08 10:41:00,VCU.V,,1.2799999713897705,1.2799999713897705,1.2599999904632568,1.2799999713897705,29900.0
2026-04-08 10:41:00,VIO.V,,0.12999999523162842,0.12999999523162842,0.12999999523162842,0.12999999523162842,10000.0
2026-04-08 10:41:00,ZDC.V,,5.349999904632568,5.349999904632568,5.349999904632568,5.349999904632568,300.0
2026-04-08 10:42:00,TECT.V,,2.369999885559082,2.369999885559082,2.359999895095825,2.369999885559082,2710.0
2026-04-08 10:42:00,THX.V,,1.4500000476837158,1.4500000476837158,1.4500000476837158,1.4500000476837158,300.0
2026-04-08 10:42:00,VCU.V,,1.2899999618530273,1.2899999618530273,1.2799999713897705,1.2799999713897705,9500.0
2026-04-08 10:42:00,WAM.V,,0.8199999928474426,0.8199999928474426,0.8199999928474426,0.8199999928474426,500.0
2026-04-08 10:43:00,AUMB.V,,0.949999988079071,0.9599999785423279,0.949999988079071,0.9599999785423279,66000.0
2026-04-08 10:43:00,TECT.V,,2.3299999237060547,2.3299999237060547,2.3299999237060547,2.3299999237060547,3000.0
2026-04-08 10:43:00,THX.V,,1.4450000524520874,1.4450000524520874,1.4450000524520874,1.4450000524520874,100.0
2026-04-08 10:43:00,TUD.V,,1.0,1.0,1.0,1.0,1540.0
2026-04-08 10:43:00,UCU.V,,5.730000019073486,5.730000019073486,5.71999979019165,5.71999979019165,500.0
2026-04-08 10:43:00,ZDC.V,,5.349999904632568,5.349999904632568,5.349999904632568,5.349999904632568,100.0
2026-04-08 10:44:00,TAO.V,,0.08500000089406967,0.08500000089406967,0.08500000089406967,0.08500000089406967,44303.0
2026-04-08 10:44:00,TTS.V,,0.4749999940395355,0.4749999940395355,0.4749999940395355,0.4749999940395355,7500.0
2026-04-08 10:44:00,WRLG.V,,0.9950000047683716,1.0,0.9950000047683716,1.0,2600.0
2026-04-08 10:44:00,XRTX.V,,3.319999933242798,3.390000104904175,3.319999933242798,3.390000104904175,500.0
2026-04-08 10:44:00,ZDC.V,,5.349999904632568,5.349999904632568,5.349999904632568,5.349999904632568,2000.0
2026-04-08 10:45:00,TUD.V,,0.9900000095367432,0.9900000095367432,0.9900000095367432,0.9900000095367432,500.0
2026-04-08 10:45:00,UCU.V,,5.71999979019165,5.71999979019165,5.71999979019165,5.71999979019165,100.0
2026-04-08 10:45:00,VML.V,,0.5699999928474426,0.5699999928474426,0.5699999928474426,0.5699999928474426,0.0
2026-04-08 10:45:00,VPT.V,,0.10499999672174454,0.10499999672174454,0.10499999672174454,0.10499999672174454,25000.0
2026-04-08 10:45:00,WGO.V,,1.559999942779541,1.5700000524520874,1.559999942779541,1.5700000524520874,4200.0
2026-04-08 10:45:00,WHY.V,,0.3400000035762787,0.3400000035762787,0.3400000035762787,0.3400000035762787,2000.0
2026-04-08 10:45:00,ZDC.V,,5.349999904632568,5.349999904632568,5.349999904632568,5.349999904632568,600.0
2026-04-08 10:46:00,AUMB.V,,0.949999988079071,0.949999988079071,0.949999988079071,0.949999988079071,4000.0
2026-04-08 10:46:00,NILI.V,,0.6299999952316284,0.6299999952316284,0.6299999952316284,0.6299999952316284,500.0
2026-04-08 10:46:00,UCU.V,,5.739999771118164,5.739999771118164,5.739999771118164,5.739999771118164,100.0
2026-04-08 10:46:00,WEX.V,,0.699999988079071,0.7099999785423279,0.699999988079071,0.7099999785423279,14000.0
2026-04-08 10:46:00,WRLG.V,,1.0,1.0,1.0,1.0,5000.0
2026-04-08 10:46:00,XRTX.V,,3.359999895095825,3.359999895095825,3.359999895095825,3.359999895095825,129.0
2026-04-08 10:46:00,ZDC.V,,5.340000152587891,5.349999904632568,5.340000152587891,5.349999904632568,500.0
2026-04-08 10:47:00,AUMB.V,,0.9399999976158142,0.9399999976158142,0.9399999976158142,0.9399999976158142,500.0
2026-04-08 10:47:00,TECT.V,,2.319999933242798,2.319999933242798,2.319999933242798,2.319999933242798,17700.0
2026-04-08 10:47:00,THX.V,,1.440000057220459,1.440000057220459,1.440000057220459,1.440000057220459,13700.0
2026-04-08 10:47:00,TTS.V,,0.47999998927116394,0.47999998927116394,0.4749999940395355,0.4749999940395355,9500.0
2026-04-08 10:47:00,UCU.V,,5.699999809265137,5.699999809265137,5.699999809265137,5.699999809265137,900.0
2026-04-08 10:47:00,WEX.V,,0.6899999976158142,0.6899999976158142,0.6899999976158142,0.6899999976158142,11500.0
2026-04-08 10:47:00,WISH.V,,0.2199999988079071,0.2199999988079071,0.2199999988079071,0.2199999988079071,500.0
2026-04-08 10:47:00,ZDC.V,,5.320000171661377,5.340000152587891,5.320000171661377,5.340000152587891,1700.0
2026-04-08 10:48:00,TUD.V,,1.0,1.0,1.0,1.0,4500.0
2026-04-08 10:48:00,WEX.V,,0.6899999976158142,0.6899999976158142,0.6899999976158142,0.6899999976158142,21000.0
2026-04-08 10:48:00,ZDC.V,,5.340000152587891,5.340000152587891,5.340000152587891,5.340000152587891,200.0
2026-04-08 10:49:00,THX.V,,1.440000057220459,1.440000057220459,1.440000057220459,1.440000057220459,3400.0
2026-04-08 10:49:00,UCU.V,,5.699999809265137,5.699999809265137,5.699999809265137,5.699999809265137,600.0
2026-04-08 10:49:00,WEX.V,,0.6899999976158142,0.6899999976158142,0.6899999976158142,0.6899999976158142,9000.0
2026-04-08 10:49:00,WRLG.V,,0.9900000095367432,0.9900000095367432,0.9900000095367432,0.9900000095367432,681.0
2026-04-08 10:49:00,ZDC.V,,5.340000152587891,5.340000152587891,5.340000152587891,5.340000152587891,600.0
2026-04-08 10:50:00,SURG.V,,0.5600000023841858,0.5600000023841858,0.5600000023841858,0.5600000023841858,2500.0
2026-04-08 10:50:00,TUD.V,,1.0,1.0,1.0,1.0,5500.0
2026-04-08 10:50:00,WEX.V,,0.6899999976158142,0.6899999976158142,0.6899999976158142,0.6899999976158142,13500.0
2026-04-08 10:50:00,WRLG.V,,1.0,1.0,1.0,1.0,15500.0
2026-04-08 10:51:00,NILI.V,,0.6299999952316284,0.6299999952316284,0.6299999952316284,0.6299999952316284,500.0
2026-04-08 10:51:00,WEX.V,,0.699999988079071,0.699999988079071,0.699999988079071,0.699999988079071,2250.0
2026-04-08 10:51:00,ZDC.V,,5.349999904632568,5.349999904632568,5.340000152587891,5.340000152587891,200.0
2026-04-08 10:52:00,AUMB.V,,0.9399999976158142,0.9399999976158142,0.9399999976158142,0.9399999976158142,500.0
2026-04-08 10:52:00,TECT.V,,2.299999952316284,2.299999952316284,2.2899999618530273,2.299999952316284,2100.0
2026-04-08 10:52:00,WGO.V,,1.5499999523162842,1.559999942779541,1.5499999523162842,1.559999942779541,30050.0
2026-04-08 10:52:00,ZDC.V,,5.329999923706055,5.349999904632568,5.329999923706055,5.349999904632568,1700.0
2026-04-08 10:53:00,WAM.V,,0.8100000023841858,0.8100000023841858,0.8100000023841858,0.8100000023841858,9000.0
2026-04-08 10:53:00,WRLG.V,,0.9900000095367432,0.9900000095367432,0.9900000095367432,0.9900000095367432,500.0
2026-04-08 10:54:00,AUMB.V,,0.949999988079071,0.949999988079071,0.949999988079071,0.949999988079071,3500.0
2026-04-08 10:54:00,SURG.V,,0.5600000023841858,0.5600000023841858,0.5600000023841858,0.5600000023841858,11500.0
2026-04-08 10:54:00,WRLG.V,,0.9900000095367432,0.9900000095367432,0.9900000095367432,0.9900000095367432,1500.0
2026-04-08 10:54:00,YEG.V,,0.17000000178813934,0.17000000178813934,0.17000000178813934,0.17000000178813934,0.0
2026-04-08 10:55:00,AUMB.V,,0.949999988079071,0.949999988079071,0.949999988079071,0.949999988079071,3000.0
2026-04-08 10:55:00,NILI.V,,0.6299999952316284,0.6299999952316284,0.6299999952316284,0.6299999952316284,14000.0
2026-04-08 10:55:00,TECT.V,,2.299999952316284,2.299999952316284,2.299999952316284,2.299999952316284,5000.0
2026-04-08 10:55:00,THX.V,,1.440000057220459,1.440000057220459,1.440000057220459,1.440000057220459,400.0
2026-04-08 10:55:00,TWO.V,,0.44999998807907104,0.45500001311302185,0.44999998807907104,0.45500001311302185,23000.0
2026-04-08 10:55:00,VPT.V,,0.10499999672174454,0.10499999672174454,0.10499999672174454,0.10499999672174454,1000.0
2026-04-08 10:55:00,WRLG.V,,0.9900000095367432,0.9900000095367432,0.9900000095367432,0.9900000095367432,500.0
2026-04-08 10:56:00,AUMB.V,,0.9399999976158142,0.9399999976158142,0.9399999976158142,0.9399999976158142,114459.0
2026-04-08 10:56:00,TOI.V,,94.6050033569336,94.6050033569336,94.6050033569336,94.6050033569336,530.0
2026-04-08 10:56:00,TUD.V,,0.9900000095367432,0.9900000095367432,0.9900000095367432,0.9900000095367432,12500.0
2026-04-08 10:56:00,UCU.V,,5.690000057220459,5.690000057220459,5.670000076293945,5.670000076293945,900.0
2026-04-08 10:56:00,WGO.V,,1.5499999523162842,1.5499999523162842,1.5499999523162842,1.5499999523162842,1300.0
2026-04-08 10:56:00,WRLG.V,,0.9900000095367432,0.9900000095367432,0.9900000095367432,0.9900000095367432,39502.0
2026-04-08 10:56:00,ZDC.V,,5.329999923706055,5.340000152587891,5.329999923706055,5.340000152587891,400.0
2026-04-08 10:57:00,AUMB.V,,0.9300000071525574,0.9300000071525574,0.9300000071525574,0.9300000071525574,41500.0
2026-04-08 10:57:00,NILI.V,,0.625,0.6299999952316284,0.6200000047683716,0.6299999952316284,31500.0
2026-04-08 10:57:00,SURG.V,,0.550000011920929,0.550000011920929,0.550000011920929,0.550000011920929,27176.0
2026-04-08 10:57:00,TOI.V,,94.4749984741211,94.55000305175781,94.20999908447266,94.37000274658203,1305.0
2026-04-08 10:57:00,TSG.V,,0.25,0.25,0.25,0.25,6049.0
2026-04-08 10:57:00,TUD.V,,0.9800000190734863,0.9800000190734863,0.9800000190734863,0.9800000190734863,500.0
2026-04-08 10:57:00,TWO.V,,0.4000000059604645,0.44999998807907104,0.4000000059604645,0.44999998807907104,85000.0
2026-04-08 10:57:00,UCU.V,,5.664999961853027,5.664999961853027,5.664999961853027,5.664999961853027,1200.0
2026-04-08 10:57:00,UGD.V,,0.42500001192092896,0.42500001192092896,0.42500001192092896,0.42500001192092896,87500.0
2026-04-08 10:57:00,WRLG.V,,0.9900000095367432,0.9900000095367432,0.9900000095367432,0.9900000095367432,20500.0
2026-04-08 10:58:00,AUMB.V,,0.9399999976158142,0.9399999976158142,0.9399999976158142,0.9399999976158142,39000.0
2026-04-08 10:58:00,EFF.V,,0.02500000037252903,0.02500000037252903,0.02500000037252903,0.02500000037252903,0.0
2026-04-08 10:58:00,SURG.V,,0.550000011920929,0.550000011920929,0.550000011920929,0.550000011920929,5500.0
2026-04-08 10:58:00,TECT.V,,2.319999933242798,2.319999933242798,2.299999952316284,2.299999952316284,2200.0
2026-04-08 10:58:00,VLI.V,,0.014999999664723873,0.014999999664723873,0.014999999664723873,0.014999999664723873,10000.0
2026-04-08 10:58:00,WAM.V,,0.800000011920929,0.800000011920929,0.800000011920929,0.800000011920929,1500.0
2026-04-08 10:58:00,WGO.V,,1.5499999523162842,1.5499999523162842,1.5499999523162842,1.5499999523162842,2500.0
2026-04-08 10:58:00,WISH.V,,0.2199999988079071,0.2199999988079071,0.2199999988079071,0.2199999988079071,2000.0
2026-04-08 10:58:00,ZDC.V,,5.320000171661377,5.329999923706055,5.300000190734863,5.329999923706055,4100.0
2026-04-08 10:58:00,ZOMD.V,,0.9200000166893005,0.9200000166893005,0.9200000166893005,0.9200000166893005,1000.0
2026-04-08 10:59:00,NILI.V,,0.625,0.625,0.625,0.625,500.0
2026-04-08 10:59:00,UCU.V,,5.630000114440918,5.650000095367432,5.630000114440918,5.650000095367432,5100.0
2026-04-08 10:59:00,ZDC.V,,5.340000152587891,5.340000152587891,5.329999923706055,5.329999923706055,1000.0
2026-04-08 11:00:00,TG.V,,0.20999999344348907,0.20999999344348907,0.20999999344348907,0.20999999344348907,17500.0
2026-04-08 11:00:00,TUD.V,,0.9900000095367432,0.9900000095367432,0.9900000095367432,0.9900000095367432,6400.0
2026-04-08 11:00:00,UCU.V,,5.659999847412109,5.659999847412109,5.639999866485596,5.639999866485596,1700.0
2026-04-08 11:01:00,THX.V,,1.440000057220459,1.440000057220459,1.440000057220459,1.440000057220459,100.0
2026-04-08 11:01:00,TIG.V,,0.5699999928474426,0.5799999833106995,0.5699999928474426,0.5799999833106995,7500.0
2026-04-08 11:01:00,VCU.V,,1.2799999713897705,1.2799999713897705,1.2799999713897705,1.2799999713897705,6000.0
2026-04-08 11:01:00,VO.V,,0.10000000149011612,0.10000000149011612,0.10000000149011612,0.10000000149011612,1000.0
2026-04-08 11:01:00,WGO.V,,1.559999942779541,1.559999942779541,1.559999942779541,1.559999942779541,0.0
2026-04-08 11:01:00,WRLG.V,,0.9900000095367432,0.9900000095367432,0.9900000095367432,0.9900000095367432,500.0
2026-04-08 11:01:00,ZDC.V,,5.340000152587891,5.340000152587891,5.340000152587891,5.340000152587891,300.0
2026-04-08 11:02:00,NILI.V,,0.6200000047683716,0.6200000047683716,0.6200000047683716,0.6200000047683716,500.0
2026-04-08 11:02:00,TECT.V,,2.319999933242798,2.319999933242798,2.319999933242798,2.319999933242798,2500.0
2026-04-08 11:02:00,VCU.V,,1.2699999809265137,1.2699999809265137,1.2699999809265137,1.2699999809265137,100.0
2026-04-08 11:02:00,WGO.V,,1.559999942779541,1.559999942779541,1.559999942779541,1.559999942779541,210536.0
2026-04-08 11:02:00,ZDC.V,,5.349999904632568,5.349999904632568,5.349999904632568,5.349999904632568,200.0
2026-04-08 11:03:00,AUMB.V,,0.9399999976158142,0.9399999976158142,0.9399999976158142,0.9399999976158142,23100.0
2026-04-08 11:03:00,TECT.V,,2.319999933242798,2.319999933242798,2.319999933242798,2.319999933242798,1300.0
2026-04-08 11:03:00,TOI.V,,94.44999694824219,94.44999694824219,94.38999938964844,94.38999938964844,700.0
2026-04-08 11:03:00,UCU.V,,5.659999847412109,5.679999828338623,5.659999847412109,5.679999828338623,1200.0
2026-04-08 11:03:00,VCU.V,,1.2799999713897705,1.2799999713897705,1.2799999713897705,1.2799999713897705,3700.0
2026-04-08 11:03:00,ZDC.V,,5.349999904632568,5.349999904632568,5.349999904632568,5.349999904632568,300.0
2026-04-08 11:04:00,NILI.V,,0.6299999952316284,0.6299999952316284,0.6299999952316284,0.6299999952316284,1000.0
2026-04-08 11:04:00,THX.V,,1.4299999475479126,1.4299999475479126,1.4299999475479126,1.4299999475479126,300.0
2026-04-08 11:04:00,UCU.V,,5.679999828338623,5.690000057220459,5.679999828338623,5.690000057220459,300.0
2026-04-08 11:04:00,ZDC.V,,5.340000152587891,5.349999904632568,5.340000152587891,5.349999904632568,1900.0
2026-04-08 11:05:00,TOI.V,,94.63999938964844,94.66000366210938,94.63999938964844,94.63999938964844,400.0
2026-04-08 11:05:00,XGC.V,,0.2849999964237213,0.2849999964237213,0.2849999964237213,0.2849999964237213,500.0
2026-04-08 11:06:00,UCU.V,,5.679999828338623,5.684999942779541,5.670000076293945,5.684999942779541,2700.0
2026-04-08 11:06:00,VO.V,,0.10000000149011612,0.10000000149011612,0.10000000149011612,0.10000000149011612,166010.0
2026-04-08 11:06:00,WED.V,,23.399999618530273,23.399999618530273,23.399999618530273,23.399999618530273,200.0
2026-04-08 11:06:00,ZDC.V,,5.360000133514404,5.360000133514404,5.349999904632568,5.349999904632568,800.0
2026-04-08 11:07:00,AUMB.V,,0.9399999976158142,0.9399999976158142,0.9399999976158142,0.9399999976158142,1000.0
2026-04-08 11:07:00,NILI.V,,0.6399999856948853,0.6399999856948853,0.6399999856948853,0.6399999856948853,4500.0
2026-04-08 11:07:00,TOI.V,,94.98999786376953,94.98999786376953,94.98999786376953,94.98999786376953,100.0
2026-04-08 11:07:00,TUD.V,,0.9900000095367432,0.9900000095367432,0.9900000095367432,0.9900000095367432,4000.0
2026-04-08 11:07:00,UCU.V,,5.690000057220459,5.690000057220459,5.690000057220459,5.690000057220459,700.0
2026-04-08 11:07:00,VM.V,,0.11999999731779099,0.11999999731779099,0.11999999731779099,0.11999999731779099,1000.0
2026-04-08 11:07:00,VPT.V,,0.10499999672174454,0.10499999672174454,0.10499999672174454,0.10499999672174454,24000.0
2026-04-08 11:07:00,WED.V,,23.399999618530273,23.399999618530273,23.399999618530273,23.399999618530273,100.0
2026-04-08 11:07:00,WRLG.V,,0.9900000095367432,0.9900000095367432,0.9900000095367432,0.9900000095367432,24500.0
2026-04-08 11:07:00,ZDC.V,,5.329999923706055,5.349999904632568,5.329999923706055,5.349999904632568,1750.0
2026-04-08 11:08:00,TOI.V,,95.0,95.0,95.0,95.0,1800.0
2026-04-08 11:08:00,TSG.V,,0.2549999952316284,0.2549999952316284,0.2549999952316284,0.2549999952316284,5500.0
2026-04-08 11:08:00,VCU.V,,1.2799999713897705,1.2799999713897705,1.2799999713897705,1.2799999713897705,700.0
2026-04-08 11:08:00,VML.V,,0.5600000023841858,0.5600000023841858,0.5600000023841858,0.5600000023841858,500.0
2026-04-08 11:08:00,WRLG.V,,1.0,1.0,0.9900000095367432,0.9900000095367432,13000.0
2026-04-08 11:09:00,TGOL.V,,0.10999999940395355,0.10999999940395355,0.10999999940395355,0.10999999940395355,2500.0
2026-04-08 11:09:00,THX.V,,1.434999942779541,1.434999942779541,1.434999942779541,1.434999942779541,100.0
2026-04-08 11:09:00,VML.V,,0.5600000023841858,0.5600000023841858,0.5600000023841858,0.5600000023841858,500.0
2026-04-08 11:09:00,WAM.V,,0.800000011920929,0.800000011920929,0.800000011920929,0.800000011920929,1000.0
2026-04-08 11:09:00,WGO.V,,1.559999942779541,1.559999942779541,1.559999942779541,1.559999942779541,100.0
2026-04-08 11:09:00,WRLG.V,,0.9900000095367432,0.9900000095367432,0.9900000095367432,0.9900000095367432,500.0
2026-04-08 11:10:00,AUMB.V,,0.9399999976158142,0.9399999976158142,0.9399999976158142,0.9399999976158142,2000.0
2026-04-08 11:10:00,NILI.V,,0.6299999952316284,0.6299999952316284,0.6299999952316284,0.6299999952316284,5000.0
2026-04-08 11:10:00,UCU.V,,5.699999809265137,5.71999979019165,5.679999828338623,5.690000057220459,5500.0
2026-04-08 11:10:00,WRLG.V,,0.9900000095367432,0.9900000095367432,0.9900000095367432,0.9900000095367432,29500.0
2026-04-08 11:10:00,ZDC.V,,5.329999923706055,5.340000152587891,5.329999923706055,5.340000152587891,300.0
2026-04-08 11:11:00,TSD.V,,0.18000000715255737,0.18000000715255737,0.18000000715255737,0.18000000715255737,0.0
2026-04-08 11:11:00,TTG.V,,0.13500000536441803,0.13500000536441803,0.13500000536441803,0.13500000536441803,5500.0
2026-04-08 11:11:00,UCU.V,,5.699999809265137,5.699999809265137,5.690000057220459,5.699999809265137,1400.0
2026-04-08 11:11:00,VCU.V,,1.2799999713897705,1.2799999713897705,1.2799999713897705,1.2799999713897705,12000.0
2026-04-08 11:11:00,WHY.V,,0.3400000035762787,0.3400000035762787,0.3400000035762787,0.3400000035762787,3000.0
2026-04-08 11:12:00,AUMB.V,,0.9399999976158142,0.9399999976158142,0.9399999976158142,0.9399999976158142,2000.0
2026-04-08 11:12:00,THX.V,,1.434999942779541,1.434999942779541,1.434999942779541,1.434999942779541,100.0
2026-04-08 11:12:00,TOI.V,,94.4000015258789,94.55000305175781,94.4000015258789,94.55000305175781,800.0
2026-04-08 11:12:00,TSG.V,,0.25999999046325684,0.25999999046325684,0.25999999046325684,0.25999999046325684,3000.0
2026-04-08 11:12:00,TUD.V,,0.9900000095367432,0.9900000095367432,0.9900000095367432,0.9900000095367432,1500.0
2026-04-08 11:12:00,WRLG.V,,0.9900000095367432,0.9900000095367432,0.9900000095367432,0.9900000095367432,40300.0
2026-04-08 11:13:00,NILI.V,,0.625,0.625,0.625,0.625,500.0
2026-04-08 11:13:00,UCU.V,,5.71999979019165,5.71999979019165,5.710000038146973,5.710000038146973,900.0
2026-04-08 11:13:00,VCU.V,,1.2799999713897705,1.2799999713897705,1.2799999713897705,1.2799999713897705,16200.0
2026-04-08 11:13:00,WIL.V,,0.3449999988079071,0.3449999988079071,0.3449999988079071,0.3449999988079071,0.0
2026-04-08 11:13:00,WRLG.V,,0.9900000095367432,0.9900000095367432,0.9900000095367432,0.9900000095367432,3500.0
2026-04-08 11:14:00,NILI.V,,0.6299999952316284,0.6299999952316284,0.6299999952316284,0.6299999952316284,7000.0
2026-04-08 11:14:00,TECT.V,,2.319999933242798,2.319999933242798,2.319999933242798,2.319999933242798,1200.0
2026-04-08 11:14:00,TOI.V,,94.38999938964844,94.41000366210938,94.37999725341797,94.41000366210938,700.0
2026-04-08 11:14:00,UCU.V,,5.699999809265137,5.699999809265137,5.699999809265137,5.699999809265137,1000.0
2026-04-08 11:14:00,WRLG.V,,0.9950000047683716,0.9950000047683716,0.9950000047683716,0.9950000047683716,2000.0
2026-04-08 11:14:00,ZOMD.V,,0.9200000166893005,0.9200000166893005,0.9200000166893005,0.9200000166893005,500.0
2026-04-08 11:15:00,SURG.V,,0.5600000023841858,0.5600000023841858,0.5600000023841858,0.5600000023841858,5500.0
2026-04-08 11:15:00,TECT.V,,2.359999895095825,2.359999895095825,2.319999933242798,2.319999933242798,17300.0
2026-04-08 11:15:00,TSG.V,,0.25999999046325684,0.25999999046325684,0.25999999046325684,0.25999999046325684,38000.0
2026-04-08 11:15:00,WAM.V,,0.800000011920929,0.800000011920929,0.800000011920929,0.800000011920929,500.0
2026-04-08 11:15:00,ZDC.V,,5.340000152587891,5.349999904632568,5.340000152587891,5.349999904632568,800.0
2026-04-08 11:16:00,NILI.V,,0.6299999952316284,0.6299999952316284,0.6299999952316284,0.6299999952316284,500.0
2026-04-08 11:16:00,SURG.V,,0.5600000023841858,0.5600000023841858,0.5600000023841858,0.5600000023841858,50051.0
2026-04-08 11:16:00,THX.V,,1.440000057220459,1.440000057220459,1.440000057220459,1.440000057220459,1600.0
2026-04-08 11:16:00,TOI.V,,94.5,94.51000213623047,94.5,94.5,438.0
2026-04-08 11:16:00,TSG.V,,0.26499998569488525,0.26499998569488525,0.26499998569488525,0.26499998569488525,4000.0
2026-04-08 11:16:00,UCU.V,,5.679999828338623,5.730000019073486,5.679999828338623,5.710000038146973,3200.0
2026-04-08 11:16:00,WRLG.V,,0.9900000095367432,0.9900000095367432,0.9900000095367432,0.9900000095367432,1000.0
2026-04-08 11:16:00,XGC.V,,0.2800000011920929,0.2800000011920929,0.2800000011920929,0.2800000011920929,1000.0
2026-04-08 11:16:00,ZDC.V,,5.340000152587891,5.349999904632568,5.340000152587891,5.349999904632568,400.0
2026-04-08 11:17:00,THX.V,,1.440000057220459,1.440000057220459,1.440000057220459,1.440000057220459,100.0
2026-04-08 11:17:00,UCU.V,,5.75,5.75,5.71999979019165,5.730000019073486,4198.0
2026-04-08 11:17:00,WRLG.V,,0.9900000095367432,0.9900000095367432,0.9900000095367432,0.9900000095367432,500.0
2026-04-08 11:18:00,NILI.V,,0.6299999952316284,0.6299999952316284,0.6299999952316284,0.6299999952316284,11500.0
2026-04-08 11:18:00,WGO.V,,1.5700000524520874,1.5700000524520874,1.5700000524520874,1.5700000524520874,1800.0
2026-04-08 11:18:00,WHY.V,,0.3400000035762787,0.3400000035762787,0.3400000035762787,0.3400000035762787,1000.0
2026-04-08 11:18:00,WRLG.V,,0.9900000095367432,0.9900000095367432,0.9900000095367432,0.9900000095367432,37300.0
2026-04-08 11:18:00,ZDC.V,,5.329999923706055,5.329999923706055,5.329999923706055,5.329999923706055,100.0
2026-04-08 11:19:00,NILI.V,,0.6399999856948853,0.6399999856948853,0.6299999952316284,0.6299999952316284,65000.0
2026-04-08 11:19:00,WHY.V,,0.3400000035762787,0.3400000035762787,0.3400000035762787,0.3400000035762787,1000.0
2026-04-08 11:20:00,THX.V,,1.4500000476837158,1.4500000476837158,1.440000057220459,1.440000057220459,2000.0
2026-04-08 11:20:00,TOI.V,,94.70999908447266,94.70999908447266,94.69999694824219,94.69999694824219,290.0
2026-04-08 11:20:00,UCU.V,,5.760000228881836,5.769999980926514,5.760000228881836,5.769999980926514,2000.0
2026-04-08 11:20:00,VUL.V,,0.23499999940395355,0.23499999940395355,0.23499999940395355,0.23499999940395355,500.0
2026-04-08 11:20:00,WRLG.V,,0.9900000095367432,0.9900000095367432,0.9900000095367432,0.9900000095367432,500.0
2026-04-08 11:20:00,ZDC.V,,5.329999923706055,5.329999923706055,5.320000171661377,5.320000171661377,621.0
2026-04-08 11:20:00,ZOMD.V,,0.9300000071525574,0.9300000071525574,0.9300000071525574,0.9300000071525574,3000.0
2026-04-08 11:21:00,TG.V,,0.20499999821186066,0.20499999821186066,0.20499999821186066,0.20499999821186066,500.0
2026-04-08 11:21:00,TSG.V,,0.27000001072883606,0.27000001072883606,0.27000001072883606,0.27000001072883606,2500.0
2026-04-08 11:21:00,XGC.V,,0.2849999964237213,0.2849999964237213,0.2849999964237213,0.2849999964237213,500.0
2026-04-08 11:22:00,THX.V,,1.440000057220459,1.440000057220459,1.440000057220459,1.440000057220459,300.0
2026-04-08 11:22:00,WRLG.V,,0.9900000095367432,0.9900000095367432,0.9900000095367432,0.9900000095367432,14500.0
2026-04-08 11:23:00,AUMB.V,,0.949999988079071,0.949999988079071,0.949999988079071,0.949999988079071,7500.0
2026-04-08 11:23:00,ONE.V,,0.4050000011920929,0.4050000011920929,0.4050000011920929,0.4050000011920929,12500.0
2026-04-08 11:24:00,AUMB.V,,0.949999988079071,0.949999988079071,0.949999988079071,0.949999988079071,55000.0
2026-04-08 11:24:00,TGOL.V,,0.10999999940395355,0.10999999940395355,0.10999999940395355,0.10999999940395355,40000.0
2026-04-08 11:24:00,WRLG.V,,1.0,1.0,1.0,1.0,2114.0
2026-04-08 11:25:00,UCU.V,,5.78000020980835,5.789999961853027,5.78000020980835,5.78000020980835,6100.0
2026-04-08 11:25:00,WGO.V,,1.5700000524520874,1.5700000524520874,1.5700000524520874,1.5700000524520874,17000.0
2026-04-08 11:25:00,ZDC.V,,5.320000171661377,5.320000171661377,5.320000171661377,5.320000171661377,950.0
2026-04-08 11:26:00,WRLG.V,,1.0,1.0,0.9950000047683716,0.9950000047683716,9000.0
2026-04-08 11:27:00,THX.V,,1.4500000476837158,1.4500000476837158,1.4500000476837158,1.4500000476837158,200.0
2026-04-08 11:27:00,TOI.V,,94.33999633789062,94.4000015258789,94.33999633789062,94.4000015258789,300.0
2026-04-08 11:27:00,WED.V,,23.399999618530273,23.399999618530273,23.399999618530273,23.399999618530273,1500.0
2026-04-08 11:27:00,WEX.V,,0.699999988079071,0.699999988079071,0.699999988079071,0.699999988079071,1000.0
2026-04-08 11:27:00,ZDC.V,,5.320000171661377,5.320000171661377,5.320000171661377,5.320000171661377,800.0
2026-04-08 11:29:00,TIG.V,,0.5699999928474426,0.5699999928474426,0.5699999928474426,0.5699999928474426,1000.0
2026-04-08 11:29:00,WBE.V,,0.20999999344348907,0.20999999344348907,0.20999999344348907,0.20999999344348907,6500.0
2026-04-08 11:29:00,WRLG.V,,0.9900000095367432,0.9900000095367432,0.9900000095367432,0.9900000095367432,500.0
2026-04-08 11:30:00,THX.V,,1.4500000476837158,1.4500000476837158,1.4500000476837158,1.4500000476837158,100.0
2026-04-08 11:30:00,TVI.V,,0.04500000178813934,0.04500000178813934,0.04500000178813934,0.04500000178813934,5000.0
2026-04-08 11:30:00,VCU.V,,1.2799999713897705,1.2799999713897705,1.2699999809265137,1.2699999809265137,300.0
2026-04-08 11:31:00,TAJ.V,,0.18000000715255737,0.18000000715255737,0.18000000715255737,0.18000000715255737,27000.0
2026-04-08 11:31:00,TOI.V,,94.25,94.5999984741211,94.25,94.5999984741211,1500.0
2026-04-08 11:31:00,TORQ.V,,0.07000000029802322,0.07000000029802322,0.07000000029802322,0.07000000029802322,18201.0
2026-04-08 11:31:00,UCU.V,,5.800000190734863,5.800000190734863,5.800000190734863,5.800000190734863,100.0
2026-04-08 11:31:00,WGO.V,,1.5700000524520874,1.5700000524520874,1.5700000524520874,1.5700000524520874,1400.0
2026-04-08 11:32:00,NILI.V,,0.6349999904632568,0.6349999904632568,0.6349999904632568,0.6349999904632568,500.0
2026-04-08 11:32:00,TUD.V,,1.0,1.0,1.0,1.0,8000.0
2026-04-08 11:32:00,ZOMD.V,,0.9100000262260437,0.9100000262260437,0.9100000262260437,0.9100000262260437,16500.0
2026-04-08 11:33:00,AUMB.V,,0.9599999785423279,0.9599999785423279,0.9599999785423279,0.9599999785423279,1500.0
2026-04-08 11:33:00,TOI.V,,94.31999969482422,94.31999969482422,94.31999969482422,94.31999969482422,100.0
2026-04-08 11:33:00,UCU.V,,5.800000190734863,5.800000190734863,5.800000190734863,5.800000190734863,200.0
2026-04-08 11:33:00,YNV.V,,0.11999999731779099,0.11999999731779099,0.11999999731779099,0.11999999731779099,7500.0
2026-04-08 11:33:00,ZDC.V,,5.320000171661377,5.320000171661377,5.320000171661377,5.320000171661377,100.0
2026-04-08 11:34:00,TOI.V,,94.31999969482422,94.31999969482422,94.31999969482422,94.31999969482422,108.0
2026-04-08 11:35:00,AUMB.V,,0.9599999785423279,0.9599999785423279,0.9599999785423279,0.9599999785423279,7592.0
2026-04-08 11:35:00,ZDC.V,,5.329999923706055,5.329999923706055,5.320000171661377,5.329999923706055,3100.0
2026-04-08 11:37:00,NILI.V,,0.6499999761581421,0.6499999761581421,0.6349999904632568,0.6349999904632568,30000.0
2026-04-08 11:37:00,THX.V,,1.4500000476837158,1.4500000476837158,1.4500000476837158,1.4500000476837158,100.0
2026-04-08 11:37:00,VCU.V,,1.2699999809265137,1.2699999809265137,1.2699999809265137,1.2699999809265137,100.0
2026-04-08 11:38:00,TAO.V,,0.08500000089406967,0.08500000089406967,0.08500000089406967,0.08500000089406967,2000.0
2026-04-08 11:39:00,ONE.V,,0.4000000059604645,0.4050000011920929,0.4000000059604645,0.4050000011920929,5600.0
2026-04-08 11:39:00,TLA.V,,0.5299999713897705,0.5299999713897705,0.5199999809265137,0.5199999809265137,0.0
2026-04-08 11:39:00,TOI.V,,94.77999877929688,94.77999877929688,94.77999877929688,94.77999877929688,105.0
2026-04-08 11:39:00,WRLG.V,,1.0,1.0,1.0,1.0,23432.0
2026-04-08 11:40:00,UGD.V,,0.41999998688697815,0.41999998688697815,0.41999998688697815,0.41999998688697815,500.0
2026-04-08 11:40:00,VCU.V,,1.2699999809265137,1.274999976158142,1.2699999809265137,1.274999976158142,39100.0
2026-04-08 11:41:00,SURG.V,,0.5699999928474426,0.5699999928474426,0.5699999928474426,0.5699999928474426,17552.0
2026-04-08 11:41:00,THX.V,,1.4500000476837158,1.4500000476837158,1.4500000476837158,1.4500000476837158,648.0
2026-04-08 11:41:00,VCU.V,,1.2699999809265137,1.2699999809265137,1.2699999809265137,1.2699999809265137,10078.0
2026-04-08 11:41:00,WAM.V,,0.800000011920929,0.800000011920929,0.800000011920929,0.800000011920929,500.0
2026-04-08 11:41:00,WCE.V,,0.11999999731779099,0.11999999731779099,0.11999999731779099,0.11999999731779099,7500.0
2026-04-08 11:42:00,TOI.V,,94.5999984741211,94.5999984741211,94.5999984741211,94.5999984741211,100.0
2026-04-08 11:42:00,UCU.V,,5.769999980926514,5.769999980926514,5.769999980926514,5.769999980926514,100.0
2026-04-08 11:43:00,NILI.V,,0.6399999856948853,0.6399999856948853,0.6399999856948853,0.6399999856948853,5000.0
2026-04-08 11:43:00,THX.V,,1.4500000476837158,1.4500000476837158,1.4500000476837158,1.4500000476837158,100.0
2026-04-08 11:43:00,TMET.V,,0.0949999988079071,0.0949999988079071,0.0949999988079071,0.0949999988079071,2030.0
2026-04-08 11:43:00,UCU.V,,5.78000020980835,5.78000020980835,5.78000020980835,5.78000020980835,1100.0
2026-04-08 11:43:00,VCU.V,,1.2799999713897705,1.2799999713897705,1.2799999713897705,1.2799999713897705,16000.0
2026-04-08 11:43:00,WCE.V,,0.11999999731779099,0.11999999731779099,0.11999999731779099,0.11999999731779099,2500.0
2026-04-08 11:43:00,ZOMD.V,,0.9399999976158142,0.9399999976158142,0.9300000071525574,0.9300000071525574,3000.0
2026-04-08 11:44:00,NILI.V,,0.6399999856948853,0.6399999856948853,0.6399999856948853,0.6399999856948853,2000.0
2026-04-08 11:44:00,TOI.V,,94.31999969482422,94.45999908447266,94.31999969482422,94.45999908447266,400.0
2026-04-08 11:44:00,UCU.V,,5.78000020980835,5.78000020980835,5.78000020980835,5.78000020980835,100.0
2026-04-08 11:44:00,UGD.V,,0.4300000071525574,0.4300000071525574,0.4300000071525574,0.4300000071525574,5000.0
2026-04-08 11:44:00,VCU.V,,1.2699999809265137,1.2699999809265137,1.2699999809265137,1.2699999809265137,1900.0
2026-04-08 11:44:00,ZDC.V,,5.340000152587891,5.340000152587891,5.340000152587891,5.340000152587891,200.0
2026-04-08 11:44:00,ZOMD.V,,0.9399999976158142,0.9399999976158142,0.9399999976158142,0.9399999976158142,2000.0
2026-04-08 11:45:00,THX.V,,1.4600000381469727,1.4600000381469727,1.4500000476837158,1.4500000476837158,13500.0
2026-04-08 11:45:00,TIG.V,,0.5699999928474426,0.5699999928474426,0.5699999928474426,0.5699999928474426,3000.0
2026-04-08 11:45:00,TOI.V,,94.30000305175781,94.30999755859375,94.30000305175781,94.30999755859375,1120.0
2026-04-08 11:45:00,UGD.V,,0.4350000023841858,0.4350000023841858,0.42500001192092896,0.42500001192092896,14000.0
2026-04-08 11:45:00,VM.V,,0.11999999731779099,0.11999999731779099,0.11999999731779099,0.11999999731779099,21000.0
2026-04-08 11:45:00,ZCC-H.V,,0.23000000417232513,0.23000000417232513,0.23000000417232513,0.23000000417232513,5500.0
2026-04-08 11:45:00,ZDC.V,,5.360000133514404,5.360000133514404,5.360000133514404,5.360000133514404,300.0
2026-04-08 11:46:00,NILI.V,,0.6399999856948853,0.6399999856948853,0.6399999856948853,0.6399999856948853,3150.0
2026-04-08 11:46:00,TLA.V,,0.5400000214576721,0.5400000214576721,0.5400000214576721,0.5400000214576721,20000.0
2026-04-08 11:46:00,UCU.V,,5.78000020980835,5.78000020980835,5.78000020980835,5.78000020980835,200.0
2026-04-08 11:46:00,WRLG.V,,1.0,1.0,1.0,1.0,87000.0
2026-04-08 11:47:00,THX.V,,1.4600000381469727,1.4600000381469727,1.4600000381469727,1.4600000381469727,100.0
2026-04-08 11:47:00,TLA.V,,0.5400000214576721,0.5400000214576721,0.5400000214576721,0.5400000214576721,7000.0
2026-04-08 11:47:00,WRLG.V,,1.0,1.0,1.0,1.0,4000.0
2026-04-08 11:48:00,TGOL.V,,0.10499999672174454,0.10499999672174454,0.10499999672174454,0.10499999672174454,30000.0
2026-04-08 11:48:00,WGO.V,,1.559999942779541,1.565000057220459,1.559999942779541,1.565000057220459,4100.0
2026-04-08 11:48:00,ZDC.V,,5.349999904632568,5.349999904632568,5.349999904632568,5.349999904632568,500.0
2026-04-08 11:49:00,TDG.V,,0.5699999928474426,0.5699999928474426,0.5699999928474426,0.5699999928474426,10000.0
2026-04-08 11:49:00,THX.V,,1.4600000381469727,1.4600000381469727,1.4600000381469727,1.4600000381469727,500.0
2026-04-08 11:49:00,TLA.V,,0.5400000214576721,0.5400000214576721,0.5400000214576721,0.5400000214576721,10000.0
2026-04-08 11:49:00,TNR.V,,0.23999999463558197,0.23999999463558197,0.23999999463558197,0.23999999463558197,2500.0
2026-04-08 11:49:00,VCU.V,,1.2799999713897705,1.2799999713897705,1.2699999809265137,1.2699999809265137,5100.0
2026-04-08 11:49:00,ZDC.V,,5.420000076293945,5.420000076293945,5.360000133514404,5.360000133514404,16800.0
2026-04-08 11:50:00,THX.V,,1.4600000381469727,1.4600000381469727,1.4600000381469727,1.4600000381469727,100.0
2026-04-08 11:50:00,WRLG.V,,1.0,1.0,1.0,1.0,23372.0
2026-04-08 11:50:00,ZDC.V,,5.429999828338623,5.429999828338623,5.420000076293945,5.420000076293945,800.0
2026-04-08 11:51:00,ZDC.V,,5.449999809265137,5.449999809265137,5.440000057220459,5.440000057220459,3900.0
2026-04-08 11:52:00,AUMB.V,,0.9700000286102295,0.9700000286102295,0.9700000286102295,0.9700000286102295,13900.0
2026-04-08 11:52:00,TMET.V,,0.0949999988079071,0.0949999988079071,0.0949999988079071,0.0949999988079071,10000.0
2026-04-08 11:52:00,TORQ.V,,0.06499999761581421,0.06499999761581421,0.06499999761581421,0.06499999761581421,1000.0
2026-04-08 11:52:00,TSG.V,,0.27000001072883606,0.27000001072883606,0.27000001072883606,0.27000001072883606,10000.0
2026-04-08 11:52:00,UCU.V,,5.78000020980835,5.78000020980835,5.78000020980835,5.78000020980835,100.0
2026-04-08 11:52:00,ZDC.V,,5.460000038146973,5.460000038146973,5.460000038146973,5.460000038146973,500.0
2026-04-08 11:53:00,THX.V,,1.4600000381469727,1.4600000381469727,1.4600000381469727,1.4600000381469727,100.0
2026-04-08 11:53:00,ZDC.V,,5.440000057220459,5.46999979019165,5.440000057220459,5.46999979019165,802.0
2026-04-08 11:54:00,TG.V,,0.2150000035762787,0.2150000035762787,0.20499999821186066,0.20499999821186066,8500.0
2026-04-08 11:54:00,UCU.V,,5.78000020980835,5.789999961853027,5.769999980926514,5.769999980926514,882.0
2026-04-08 11:54:00,ZDC.V,,5.460000038146973,5.460000038146973,5.460000038146973,5.460000038146973,300.0
2026-04-08 11:54:00,ZOMD.V,,0.9399999976158142,0.9399999976158142,0.9399999976158142,0.9399999976158142,5000.0
2026-04-08 11:55:00,UCU.V,,5.739999771118164,5.789999961853027,5.739999771118164,5.760000228881836,11200.0
2026-04-08 11:55:00,VUL.V,,0.23499999940395355,0.23499999940395355,0.23499999940395355,0.23499999940395355,500.0
2026-04-08 11:56:00,TECT.V,,2.369999885559082,2.369999885559082,2.369999885559082,2.369999885559082,300.0
2026-04-08 11:56:00,WEB.V,,1.5800000429153442,1.5800000429153442,1.5800000429153442,1.5800000429153442,300.0
2026-04-08 11:56:00,WRLG.V,,1.0,1.0,1.0,1.0,18500.0
2026-04-08 11:56:00,ZDC.V,,5.460000038146973,5.460000038146973,5.460000038146973,5.460000038146973,400.0
2026-04-08 11:56:00,ZOMD.V,,0.9399999976158142,0.9399999976158142,0.9399999976158142,0.9399999976158142,4493.0
2026-04-08 11:57:00,SURG.V,,0.5699999928474426,0.5699999928474426,0.5699999928474426,0.5699999928474426,26500.0
2026-04-08 11:57:00,UCU.V,,5.75,5.75,5.739999771118164,5.739999771118164,1000.0
2026-04-08 11:57:00,USCU.V,,0.17000000178813934,0.17000000178813934,0.17000000178813934,0.17000000178813934,10250.0
2026-04-08 11:57:00,VPT.V,,0.10499999672174454,0.10499999672174454,0.10499999672174454,0.10499999672174454,2500.0
2026-04-08 11:57:00,ZDC.V,,5.460000038146973,5.460000038146973,5.460000038146973,5.460000038146973,600.0
2026-04-08 11:58:00,TIG.V,,0.5799999833106995,0.5799999833106995,0.5699999928474426,0.5699999928474426,5000.0
2026-04-08 11:58:00,TOI.V,,94.05999755859375,94.0999984741211,94.0,94.0999984741211,756.0
2026-04-08 11:58:00,UCU.V,,5.739999771118164,5.769999980926514,5.739999771118164,5.769999980926514,600.0
2026-04-08 11:58:00,WGO.V,,1.5700000524520874,1.5700000524520874,1.5700000524520874,1.5700000524520874,1200.0
2026-04-08 11:58:00,YEG.V,,0.17499999701976776,0.17499999701976776,0.17499999701976776,0.17499999701976776,1000.0
2026-04-08 11:58:00,ZDC.V,,5.460000038146973,5.460000038146973,5.460000038146973,5.460000038146973,700.0
2026-04-08 11:59:00,UCU.V,,5.769999980926514,5.769999980926514,5.769999980926514,5.769999980926514,800.0
2026-04-08 12:00:00,NILI.V,,0.6399999856948853,0.6399999856948853,0.6399999856948853,0.6399999856948853,500.0
2026-04-08 12:00:00,UCU.V,,5.769999980926514,5.769999980926514,5.769999980926514,5.769999980926514,725.0
2026-04-08 12:00:00,ZDC.V,,5.460000038146973,5.460000038146973,5.460000038146973,5.460000038146973,500.0
2026-04-08 12:01:00,NILI.V,,0.6399999856948853,0.6399999856948853,0.6399999856948853,0.6399999856948853,500.0
2026-04-08 12:01:00,TVI.V,,0.05000000074505806,0.05000000074505806,0.05000000074505806,0.05000000074505806,3000.0
2026-04-08 12:01:00,WRLG.V,,1.0,1.0,1.0,1.0,10000.0
2026-04-08 12:01:00,ZDC.V,,5.449999809265137,5.449999809265137,5.449999809265137,5.449999809265137,200.0
2026-04-08 12:02:00,ONE.V,,0.4050000011920929,0.4050000011920929,0.4050000011920929,0.4050000011920929,9000.0
2026-04-08 12:02:00,TECT.V,,2.369999885559082,2.369999885559082,2.369999885559082,2.369999885559082,1700.0
2026-04-08 12:02:00,THX.V,,1.4600000381469727,1.4600000381469727,1.4600000381469727,1.4600000381469727,100.0
2026-04-08 12:02:00,WRLG.V,,1.0,1.0,1.0,1.0,500.0
2026-04-08 12:03:00,SURG.V,,0.5699999928474426,0.5699999928474426,0.5699999928474426,0.5699999928474426,7000.0
2026-04-08 12:03:00,UCU.V,,5.71999979019165,5.75,5.699999809265137,5.75,2600.0
2026-04-08 12:03:00,WGO.V,,1.5700000524520874,1.5700000524520874,1.5700000524520874,1.5700000524520874,600.0
2026-04-08 12:04:00,NILI.V,,0.6399999856948853,0.6399999856948853,0.6399999856948853,0.6399999856948853,500.0
2026-04-08 12:04:00,ONE.V,,0.4000000059604645,0.4000000059604645,0.4000000059604645,0.4000000059604645,10000.0
2026-04-08 12:04:00,UCU.V,,5.695000171661377,5.730000019073486,5.679999828338623,5.730000019073486,3500.0
2026-04-08 12:04:00,WRLG.V,,1.0,1.0,1.0,1.0,1000.0
2026-04-08 12:05:00,AUMB.V,,0.9800000190734863,0.9800000190734863,0.9800000190734863,0.9800000190734863,2500.0
2026-04-08 12:05:00,TG.V,,0.2150000035762787,0.2150000035762787,0.2150000035762787,0.2150000035762787,4500.0
2026-04-08 12:05:00,THX.V,,1.4600000381469727,1.4600000381469727,1.4600000381469727,1.4600000381469727,100.0
2026-04-08 12:05:00,TUD.V,,1.0049999952316284,1.0049999952316284,1.0049999952316284,1.0049999952316284,1000.0
2026-04-08 12:05:00,UCU.V,,5.699999809265137,5.699999809265137,5.679999828338623,5.679999828338623,400.0
2026-04-08 12:05:00,WRLG.V,,1.0,1.0,1.0,1.0,4000.0
2026-04-08 12:05:00,YEG.V,,0.17499999701976776,0.17499999701976776,0.17499999701976776,0.17499999701976776,2000.0
2026-04-08 12:06:00,AUMB.V,,0.9800000190734863,0.9800000190734863,0.9800000190734863,0.9800000190734863,1000.0
2026-04-08 12:06:00,VCU.V,,1.2699999809265137,1.2699999809265137,1.2699999809265137,1.2699999809265137,100.0
2026-04-08 12:06:00,WGO.V,,1.5750000476837158,1.5750000476837158,1.5750000476837158,1.5750000476837158,400.0
2026-04-08 12:06:00,WRLG.V,,1.0,1.0,1.0,1.0,1000.0
2026-04-08 12:06:00,ZDC.V,,5.460000038146973,5.460000038146973,5.460000038146973,5.460000038146973,400.0
2026-04-08 12:07:00,VLI.V,,0.014999999664723873,0.014999999664723873,0.014999999664723873,0.014999999664723873,8000.0
2026-04-08 12:07:00,WCE.V,,0.11999999731779099,0.11999999731779099,0.11999999731779099,0.11999999731779099,10000.0
2026-04-08 12:07:00,WRLG.V,,1.0,1.0,1.0,1.0,1500.0
2026-04-08 12:07:00,ZDC.V,,5.429999828338623,5.429999828338623,5.429999828338623,5.429999828338623,2300.0
2026-04-08 12:08:00,WRLG.V,,1.0,1.0,1.0,1.0,5500.0
2026-04-08 12:08:00,ZOMD.V,,0.9399999976158142,0.9399999976158142,0.9399999976158142,0.9399999976158142,1015.0
2026-04-08 12:09:00,AUMB.V,,0.9800000190734863,0.9800000190734863,0.9800000190734863,0.9800000190734863,500.0
2026-04-08 12:09:00,ONE.V,,0.39500001072883606,0.39500001072883606,0.39500001072883606,0.39500001072883606,500.0
2026-04-08 12:09:00,THX.V,,1.4600000381469727,1.4600000381469727,1.4600000381469727,1.4600000381469727,100.0
2026-04-08 12:09:00,TOI.V,,93.81999969482422,93.81999969482422,93.81999969482422,93.81999969482422,234.0
2026-04-08 12:09:00,UCU.V,,5.699999809265137,5.699999809265137,5.699999809265137,5.699999809265137,1100.0
2026-04-08 12:09:00,VCU.V,,1.2699999809265137,1.2699999809265137,1.2699999809265137,1.2699999809265137,200.0
2026-04-08 12:09:00,WRLG.V,,1.0,1.0,1.0,1.0,3500.0
2026-04-08 12:09:00,ZDC.V,,5.409999847412109,5.409999847412109,5.409999847412109,5.409999847412109,31068.0
2026-04-08 12:10:00,AUMB.V,,0.9800000190734863,0.9800000190734863,0.9800000190734863,0.9800000190734863,3500.0
2026-04-08 12:10:00,NILI.V,,0.6399999856948853,0.6399999856948853,0.6399999856948853,0.6399999856948853,500.0
2026-04-08 12:10:00,TUO.V,,1.7599999904632568,1.7599999904632568,1.7599999904632568,1.7599999904632568,800.0
2026-04-08 12:10:00,UCU.V,,5.710000038146973,5.710000038146973,5.690000057220459,5.699999809265137,2500.0
2026-04-08 12:10:00,VCU.V,,1.2799999713897705,1.2799999713897705,1.2799999713897705,1.2799999713897705,200.0
2026-04-08 12:10:00,WRLG.V,,1.0,1.0,1.0,1.0,500.0
2026-04-08 12:10:00,ZDC.V,,5.400000095367432,5.409999847412109,5.400000095367432,5.409999847412109,2000.0
2026-04-08 12:11:00,AUMB.V,,0.9800000190734863,0.9800000190734863,0.9800000190734863,0.9800000190734863,3600.0
2026-04-08 12:11:00,UCU.V,,5.710000038146973,5.710000038146973,5.699999809265137,5.699999809265137,10500.0
2026-04-08 12:11:00,WRLG.V,,1.0,1.0,1.0,1.0,2000.0
2026-04-08 12:12:00,AUMB.V,,0.9800000190734863,0.9800000190734863,0.9800000190734863,0.9800000190734863,33730.0
2026-04-08 12:12:00,ONE.V,,0.4000000059604645,0.4000000059604645,0.4000000059604645,0.4000000059604645,500.0
2026-04-08 12:12:00,TUD.V,,1.0,1.0,1.0,1.0,500.0
2026-04-08 12:12:00,WRLG.V,,1.0,1.0,1.0,1.0,4000.0
2026-04-08 12:12:00,ZDC.V,,5.420000076293945,5.420000076293945,5.420000076293945,5.420000076293945,400.0
2026-04-08 12:13:00,TNR.V,,0.23999999463558197,0.23999999463558197,0.23999999463558197,0.23999999463558197,8000.0
2026-04-08 12:13:00,TUD.V,,1.0,1.0,1.0,1.0,1000.0
2026-04-08 12:13:00,WGO.V,,1.5700000524520874,1.5700000524520874,1.5700000524520874,1.5700000524520874,100.0
2026-04-08 12:13:00,WWT.V,,0.029999999329447746,0.029999999329447746,0.029999999329447746,0.029999999329447746,0.0
2026-04-08 12:14:00,TGOL.V,,0.10999999940395355,0.10999999940395355,0.10999999940395355,0.10999999940395355,10000.0
2026-04-08 12:14:00,WEX.V,,0.699999988079071,0.699999988079071,0.699999988079071,0.699999988079071,1000.0
2026-04-08 12:14:00,WGO.V,,1.559999942779541,1.5700000524520874,1.559999942779541,1.5700000524520874,6300.0
2026-04-08 12:15:00,NILI.V,,0.6399999856948853,0.6399999856948853,0.6399999856948853,0.6399999856948853,500.0
2026-04-08 12:15:00,THX.V,,1.4600000381469727,1.4600000381469727,1.4600000381469727,1.4600000381469727,100.0
2026-04-08 12:15:00,WAM.V,,0.8050000071525574,0.8050000071525574,0.8050000071525574,0.8050000071525574,500.0
2026-04-08 12:15:00,ZDC.V,,5.360000133514404,5.420000076293945,5.360000133514404,5.420000076293945,5900.0
2026-04-08 12:16:00,TUD.V,,1.0,1.0,1.0,1.0,500.0
2026-04-08 12:16:00,ZDC.V,,5.360000133514404,5.360000133514404,5.360000133514404,5.360000133514404,200.0
2026-04-08 12:17:00,LOT.V,,0.054999999701976776,0.054999999701976776,0.054999999701976776,0.054999999701976776,1000.0
2026-04-08 12:17:00,SURG.V,,0.5699999928474426,0.5699999928474426,0.5699999928474426,0.5699999928474426,2500.0
2026-04-08 12:17:00,VCU.V,,1.2699999809265137,1.2699999809265137,1.2699999809265137,1.2699999809265137,100.0
2026-04-08 12:17:00,VPT.V,,0.10499999672174454,0.10499999672174454,0.10499999672174454,0.10499999672174454,7500.0
2026-04-08 12:18:00,TDG.V,,0.5600000023841858,0.5600000023841858,0.5600000023841858,0.5600000023841858,7000.0
2026-04-08 12:18:00,TGOL.V,,0.10999999940395355,0.10999999940395355,0.10999999940395355,0.10999999940395355,12000.0
2026-04-08 12:18:00,UCU.V,,5.739999771118164,5.739999771118164,5.739999771118164,5.739999771118164,100.0
2026-04-08 12:18:00,ZDC.V,,5.329999923706055,5.329999923706055,5.329999923706055,5.329999923706055,500.0
2026-04-08 12:19:00,TWO.V,,0.4399999976158142,0.44999998807907104,0.4399999976158142,0.44999998807907104,1000.0
2026-04-08 12:19:00,ZDC.V,,5.340000152587891,5.340000152587891,5.329999923706055,5.329999923706055,900.0
2026-04-08 12:20:00,NILI.V,,0.6399999856948853,0.6399999856948853,0.6399999856948853,0.6399999856948853,6000.0
2026-04-08 12:21:00,TORQ.V,,0.07000000029802322,0.07000000029802322,0.07000000029802322,0.07000000029802322,48000.0
2026-04-08 12:21:00,VCU.V,,1.2699999809265137,1.2799999713897705,1.2699999809265137,1.2799999713897705,17800.0
2026-04-08 12:21:00,WRLG.V,,1.0,1.0,1.0,1.0,20000.0
2026-04-08 12:22:00,UCU.V,,5.730000019073486,5.75,5.730000019073486,5.75,10100.0
2026-04-08 12:22:00,WRLG.V,,1.0,1.0,1.0,1.0,6500.0
2026-04-08 12:23:00,SURG.V,,0.5699999928474426,0.5699999928474426,0.5699999928474426,0.5699999928474426,1000.0
2026-04-08 12:23:00,WGO.V,,1.559999942779541,1.559999942779541,1.559999942779541,1.559999942779541,100.0
2026-04-08 12:23:00,ZDC.V,,5.369999885559082,5.369999885559082,5.349999904632568,5.349999904632568,1168.0
2026-04-08 12:24:00,TSLV.V,,0.10499999672174454,0.10499999672174454,0.10499999672174454,0.10499999672174454,26500.0
2026-04-08 12:24:00,TUD.V,,1.0,1.0,1.0,1.0,1000.0
2026-04-08 12:24:00,UCU.V,,5.730000019073486,5.75,5.730000019073486,5.75,900.0
2026-04-08 12:25:00,WRLG.V,,0.9950000047683716,0.9950000047683716,0.9950000047683716,0.9950000047683716,500.0
2026-04-08 12:25:00,ZDC.V,,5.360000133514404,5.360000133514404,5.360000133514404,5.360000133514404,600.0
2026-04-08 12:26:00,NILI.V,,0.6399999856948853,0.6399999856948853,0.6399999856948853,0.6399999856948853,500.0
2026-04-08 12:26:00,TUD.V,,1.0,1.0,1.0,1.0,500.0
2026-04-08 12:26:00,USS.V,,0.6700000166893005,0.6700000166893005,0.6700000166893005,0.6700000166893005,4500.0
2026-04-08 12:28:00,THX.V,,1.4600000381469727,1.4600000381469727,1.4600000381469727,1.4600000381469727,100.0
2026-04-08 12:28:00,TUD.V,,0.9900000095367432,1.0,0.9900000095367432,1.0,16000.0
2026-04-08 12:29:00,AUMB.V,,0.9700000286102295,0.9700000286102295,0.9700000286102295,0.9700000286102295,7500.0
2026-04-08 12:29:00,UCU.V,,5.690000057220459,5.699999809265137,5.690000057220459,5.699999809265137,1000.0
2026-04-08 12:29:00,XGC.V,,0.2849999964237213,0.2849999964237213,0.2849999964237213,0.2849999964237213,3000.0
2026-04-08 12:29:00,ZDC.V,,5.340000152587891,5.340000152587891,5.340000152587891,5.340000152587891,500.0
2026-04-08 12:30:00,NILI.V,,0.6399999856948853,0.6399999856948853,0.6399999856948853,0.6399999856948853,10500.0
2026-04-08 12:30:00,TLT.V,,0.25,0.25,0.25,0.25,12500.0
2026-04-08 12:30:00,TOI.V,,93.80999755859375,93.87999725341797,93.80999755859375,93.87999725341797,410.0
2026-04-08 12:31:00,NILI.V,,0.6299999952316284,0.6299999952316284,0.6299999952316284,0.6299999952316284,500.0
2026-04-08 12:31:00,TOI.V,,93.69999694824219,93.69999694824219,93.69999694824219,93.69999694824219,116.0
2026-04-08 12:31:00,TRO.V,,0.16500000655651093,0.16500000655651093,0.16500000655651093,0.16500000655651093,11500.0
2026-04-08 12:31:00,YEG.V,,0.17499999701976776,0.17499999701976776,0.17499999701976776,0.17499999701976776,1000.0
2026-04-08 12:32:00,TGOL.V,,0.10999999940395355,0.10999999940395355,0.10999999940395355,0.10999999940395355,500.0
2026-04-08 12:33:00,THX.V,,1.4500000476837158,1.4500000476837158,1.4500000476837158,1.4500000476837158,2234.0
2026-04-08 12:33:00,VIO.V,,0.12999999523162842,0.12999999523162842,0.12999999523162842,0.12999999523162842,31000.0
2026-04-08 12:33:00,WRLG.V,,1.0,1.0,1.0,1.0,2000.0
2026-04-08 12:34:00,THM.V,,1.0499999523162842,1.0499999523162842,1.0499999523162842,1.0499999523162842,0.0
2026-04-08 12:34:00,THX.V,,1.4500000476837158,1.4500000476837158,1.4500000476837158,1.4500000476837158,9200.0
2026-04-08 12:34:00,WRLG.V,,0.9950000047683716,0.9950000047683716,0.9950000047683716,0.9950000047683716,699.0
2026-04-08 12:35:00,WGO.V,,1.5499999523162842,1.5499999523162842,1.5499999523162842,1.5499999523162842,3700.0
2026-04-08 12:36:00,THX.V,,1.4500000476837158,1.4500000476837158,1.4500000476837158,1.4500000476837158,200.0
2026-04-08 12:36:00,WRLG.V,,1.0,1.0,1.0,1.0,5500.0
2026-04-08 12:37:00,NILI.V,,0.6399999856948853,0.6399999856948853,0.6399999856948853,0.6399999856948853,500.0
2026-04-08 12:38:00,SURG.V,,0.5600000023841858,0.5600000023841858,0.5600000023841858,0.5600000023841858,500.0
2026-04-08 12:39:00,NILI.V,,0.6399999856948853,0.6399999856948853,0.6399999856948853,0.6399999856948853,175.0
2026-04-08 12:39:00,SURG.V,,0.5649999976158142,0.5649999976158142,0.5649999976158142,0.5649999976158142,500.0
2026-04-08 12:39:00,THX.V,,1.4500000476837158,1.4500000476837158,1.4500000476837158,1.4500000476837158,100.0
2026-04-08 12:39:00,TTGI.V,,0.06499999761581421,0.07000000029802322,0.06499999761581421,0.07000000029802322,0.0
2026-04-08 12:39:00,TUD.V,,0.9900000095367432,0.9900000095367432,0.9900000095367432,0.9900000095367432,500.0
2026-04-08 12:39:00,UCU.V,,5.710000038146973,5.710000038146973,5.710000038146973,5.710000038146973,200.0
2026-04-08 12:39:00,VCU.V,,1.2599999904632568,1.2599999904632568,1.2599999904632568,1.2599999904632568,200.0
2026-04-08 12:39:00,ZDC.V,,5.340000152587891,5.340000152587891,5.340000152587891,5.340000152587891,400.0
2026-04-08 12:40:00,TUD.V,,0.9900000095367432,0.9900000095367432,0.9900000095367432,0.9900000095367432,500.0
2026-04-08 12:40:00,UCU.V,,5.739999771118164,5.75,5.730000019073486,5.730000019073486,2500.0
2026-04-08 12:41:00,UCU.V,,5.71999979019165,5.71999979019165,5.71999979019165,5.71999979019165,2000.0
2026-04-08 12:41:00,VCU.V,,1.2699999809265137,1.2699999809265137,1.2699999809265137,1.2699999809265137,100.0
2026-04-08 12:41:00,WRLG.V,,1.0,1.0,1.0,1.0,42000.0
2026-04-08 12:41:00,ZDC.V,,5.309999942779541,5.309999942779541,5.309999942779541,5.309999942779541,100.0
2026-04-08 12:42:00,UCU.V,,5.690000057220459,5.699999809265137,5.670000076293945,5.690000057220459,2800.0
2026-04-08 12:42:00,VLC.V,,0.20999999344348907,0.20999999344348907,0.20999999344348907,0.20999999344348907,0.0
2026-04-08 12:43:00,TIG.V,,0.5799999833106995,0.5799999833106995,0.5799999833106995,0.5799999833106995,1499.0
2026-04-08 12:43:00,TUD.V,,0.9900000095367432,0.9900000095367432,0.9900000095367432,0.9900000095367432,500.0
2026-04-08 12:43:00,VCU.V,,1.2599999904632568,1.2599999904632568,1.2599999904632568,1.2599999904632568,200.0
2026-04-08 12:43:00,ZDC.V,,5.320000171661377,5.320000171661377,5.320000171661377,5.320000171661377,300.0
2026-04-08 12:44:00,THX.V,,1.4500000476837158,1.4500000476837158,1.4500000476837158,1.4500000476837158,100.0
2026-04-08 12:44:00,WEB.V,,1.5800000429153442,1.5800000429153442,1.5800000429153442,1.5800000429153442,678.0
2026-04-08 12:44:00,WRLG.V,,1.0,1.0,1.0,1.0,1000.0
2026-04-08 12:44:00,ZDC.V,,5.329999923706055,5.329999923706055,5.329999923706055,5.329999923706055,150.0
2026-04-08 12:45:00,AUMB.V,,0.9700000286102295,0.9700000286102295,0.9700000286102295,0.9700000286102295,2500.0
2026-04-08 12:45:00,TUD.V,,0.9900000095367432,0.9900000095367432,0.9900000095367432,0.9900000095367432,500.0
2026-04-08 12:45:00,VRB.V,,0.10499999672174454,0.10499999672174454,0.10499999672174454,0.10499999672174454,2000.0
2026-04-08 12:46:00,THX.V,,1.4500000476837158,1.4500000476837158,1.4500000476837158,1.4500000476837158,4100.0
2026-04-08 12:46:00,VCU.V,,1.2599999904632568,1.2799999713897705,1.2599999904632568,1.2699999809265137,11000.0
2026-04-08 12:46:00,WCE.V,,0.11999999731779099,0.11999999731779099,0.11999999731779099,0.11999999731779099,500.0
2026-04-08 12:48:00,THX.V,,1.4500000476837158,1.4500000476837158,1.4500000476837158,1.4500000476837158,100.0
2026-04-08 12:48:00,WGO.V,,1.559999942779541,1.559999942779541,1.559999942779541,1.559999942779541,5400.0
2026-04-08 12:48:00,WRLG.V,,1.0,1.0,1.0,1.0,500.0
2026-04-08 12:48:00,ZDC.V,,5.289999961853027,5.300000190734863,5.28000020980835,5.300000190734863,2900.0
2026-04-08 12:49:00,SURG.V,,0.5600000023841858,0.5600000023841858,0.5600000023841858,0.5600000023841858,1000.0
2026-04-08 12:49:00,THX.V,,1.4500000476837158,1.4500000476837158,1.4500000476837158,1.4500000476837158,400.0
2026-04-08 12:49:00,TUD.V,,0.9900000095367432,0.9900000095367432,0.9900000095367432,0.9900000095367432,500.0
2026-04-08 12:49:00,WRLG.V,,1.0,1.0,1.0,1.0,10000.0
2026-04-08 12:50:00,TOI.V,,93.62000274658203,93.70999908447266,93.62000274658203,93.70999908447266,656.0
2026-04-08 12:50:00,UCU.V,,5.71999979019165,5.71999979019165,5.71999979019165,5.71999979019165,400.0
2026-04-08 12:50:00,WCE.V,,0.11999999731779099,0.11999999731779099,0.11999999731779099,0.11999999731779099,500.0
2026-04-08 12:50:00,WRLG.V,,1.0,1.0,1.0,1.0,5000.0
2026-04-08 12:50:00,ZDC.V,,5.289999961853027,5.289999961853027,5.289999961853027,5.289999961853027,200.0
2026-04-08 12:51:00,TAO.V,,0.08500000089406967,0.08500000089406967,0.08500000089406967,0.08500000089406967,84737.0
2026-04-08 12:51:00,TTGI.V,,0.05999999865889549,0.05999999865889549,0.05999999865889549,0.05999999865889549,1000.0
2026-04-08 12:51:00,VRB.V,,0.0949999988079071,0.10499999672174454,0.0949999988079071,0.10499999672174454,49161.0
2026-04-08 12:51:00,WLF.V,,0.07500000298023224,0.07500000298023224,0.07500000298023224,0.07500000298023224,0.0
2026-04-08 12:51:00,WRLG.V,,1.0,1.0,1.0,1.0,2000.0
2026-04-08 12:52:00,THX.V,,1.4500000476837158,1.4500000476837158,1.4500000476837158,1.4500000476837158,100.0
2026-04-08 12:52:00,TORR.V,,0.5299999713897705,0.5299999713897705,0.5299999713897705,0.5299999713897705,0.0
2026-04-08 12:52:00,TUD.V,,0.9900000095367432,0.9900000095367432,0.9900000095367432,0.9900000095367432,500.0
2026-04-08 12:52:00,UCU.V,,5.71999979019165,5.71999979019165,5.71999979019165,5.71999979019165,200.0
2026-04-08 12:52:00,WRLG.V,,1.0,1.0,1.0,1.0,5000.0
2026-04-08 12:53:00,AUMB.V,,0.9700000286102295,0.9700000286102295,0.9700000286102295,0.9700000286102295,500.0
2026-04-08 12:53:00,TECT.V,,2.375,2.375,2.375,2.375,300.0
2026-04-08 12:53:00,UCU.V,,5.710000038146973,5.710000038146973,5.710000038146973,5.710000038146973,2000.0
2026-04-08 12:53:00,WRLG.V,,1.0,1.0,1.0,1.0,1500.0
2026-04-08 12:54:00,TORQ.V,,0.07000000029802322,0.07000000029802322,0.07000000029802322,0.07000000029802322,5000.0
2026-04-08 12:54:00,TUO.V,,1.7200000286102295,1.7200000286102295,1.7200000286102295,1.7200000286102295,100.0
2026-04-08 12:54:00,VIO.V,,0.12999999523162842,0.12999999523162842,0.12999999523162842,0.12999999523162842,59000.0
2026-04-08 12:55:00,TORQ.V,,0.07000000029802322,0.07000000029802322,0.07000000029802322,0.07000000029802322,5000.0
2026-04-08 12:55:00,UFC.V,,0.8500000238418579,0.8500000238418579,0.8500000238418579,0.8500000238418579,4400.0
2026-04-08 12:55:00,VRB.V,,0.0949999988079071,0.0949999988079071,0.0949999988079071,0.0949999988079071,1000.0
2026-04-08 12:55:00,VUL.V,,0.2150000035762787,0.2199999988079071,0.2150000035762787,0.2199999988079071,3500.0
2026-04-08 12:55:00,WRLG.V,,1.0,1.0,1.0,1.0,1000.0
2026-04-08 12:56:00,SURG.V,,0.5699999928474426,0.5699999928474426,0.5699999928474426,0.5699999928474426,500.0
2026-04-08 12:56:00,TIG.V,,0.5799999833106995,0.5799999833106995,0.5799999833106995,0.5799999833106995,1000.0
2026-04-08 12:56:00,UFC.V,,0.8299999833106995,0.8299999833106995,0.8299999833106995,0.8299999833106995,3500.0
2026-04-08 12:56:00,USS.V,,0.6600000262260437,0.6600000262260437,0.6600000262260437,0.6600000262260437,2000.0
2026-04-08 12:57:00,UFC.V,,0.800000011920929,0.800000011920929,0.800000011920929,0.800000011920929,901.0
2026-04-08 12:57:00,VPT.V,,0.10499999672174454,0.10499999672174454,0.10499999672174454,0.10499999672174454,1500.0
2026-04-08 12:57:00,ZDC.V,,5.289999961853027,5.289999961853027,5.289999961853027,5.289999961853027,30100.0
2026-04-08 12:58:00,NILI.V,,0.6449999809265137,0.6499999761581421,0.6449999809265137,0.6499999761581421,25500.0
2026-04-08 12:58:00,THX.V,,1.4500000476837158,1.4500000476837158,1.4500000476837158,1.4500000476837158,100.0
2026-04-08 12:58:00,TUD.V,,0.9900000095367432,0.9900000095367432,0.9900000095367432,0.9900000095367432,500.0
2026-04-08 12:58:00,VPT.V,,0.10499999672174454,0.10499999672174454,0.10499999672174454,0.10499999672174454,2000.0
2026-04-08 12:58:00,WAM.V,,0.800000011920929,0.800000011920929,0.800000011920929,0.800000011920929,500.0
2026-04-08 12:59:00,UCU.V,,5.71999979019165,5.71999979019165,5.71999979019165,5.71999979019165,100.0
2026-04-08 12:59:00,VUX.V,,0.15000000596046448,0.15000000596046448,0.15000000596046448,0.15000000596046448,5500.0
2026-04-08 12:59:00,XRTX.V,,3.190000057220459,3.190000057220459,3.190000057220459,3.190000057220459,500.0
2026-04-08 13:00:00,TAO.V,,0.08500000089406967,0.08500000089406967,0.08500000089406967,0.08500000089406967,20000.0
2026-04-08 13:00:00,UCU.V,,5.71999979019165,5.71999979019165,5.71999979019165,5.71999979019165,710.0
2026-04-08 13:00:00,VCU.V,,1.2599999904632568,1.2599999904632568,1.2599999904632568,1.2599999904632568,200.0
2026-04-08 13:00:00,WEB.V,,1.5700000524520874,1.5700000524520874,1.5700000524520874,1.5700000524520874,1300.0
2026-04-08 13:01:00,TECT.V,,2.369999885559082,2.369999885559082,2.369999885559082,2.369999885559082,300.0
2026-04-08 13:01:00,UCU.V,,5.71999979019165,5.730000019073486,5.71999979019165,5.730000019073486,1300.0
2026-04-08 13:01:00,WGO.V,,1.5499999523162842,1.559999942779541,1.5499999523162842,1.559999942779541,1000.0
2026-04-08 13:01:00,WISH.V,,0.2199999988079071,0.2199999988079071,0.2199999988079071,0.2199999988079071,500.0
2026-04-08 13:02:00,AUMB.V,,0.9700000286102295,0.9700000286102295,0.9700000286102295,0.9700000286102295,500.0
2026-04-08 13:02:00,TAO.V,,0.08500000089406967,0.08500000089406967,0.08500000089406967,0.08500000089406967,20000.0
2026-04-08 13:02:00,UGD.V,,0.41999998688697815,0.41999998688697815,0.41999998688697815,0.41999998688697815,5500.0
2026-04-08 13:03:00,ONE.V,,0.4000000059604645,0.4000000059604645,0.4000000059604645,0.4000000059604645,1500.0
2026-04-08 13:03:00,WRLG.V,,0.9950000047683716,0.9950000047683716,0.9950000047683716,0.9950000047683716,500.0
2026-04-08 13:03:00,ZDC.V,,5.300000190734863,5.300000190734863,5.300000190734863,5.300000190734863,300.0
2026-04-08 13:04:00,THX.V,,1.4500000476837158,1.4500000476837158,1.4500000476837158,1.4500000476837158,900.0
2026-04-08 13:04:00,UCU.V,,5.690000057220459,5.710000038146973,5.690000057220459,5.710000038146973,1300.0
2026-04-08 13:04:00,WRLG.V,,1.0,1.0,1.0,1.0,7500.0
2026-04-08 13:05:00,NILI.V,,0.6399999856948853,0.6399999856948853,0.6399999856948853,0.6399999856948853,500.0
2026-04-08 13:05:00,THX.V,,1.4500000476837158,1.4500000476837158,1.4450000524520874,1.4450000524520874,3100.0
2026-04-08 13:05:00,WEB.V,,1.5700000524520874,1.5700000524520874,1.5700000524520874,1.5700000524520874,2780.0
2026-04-08 13:06:00,TAO.V,,0.08500000089406967,0.08500000089406967,0.08500000089406967,0.08500000089406967,64000.0
2026-04-08 13:06:00,VCU.V,,1.2599999904632568,1.2599999904632568,1.2599999904632568,1.2599999904632568,100.0
2026-04-08 13:06:00,ZDC.V,,5.304999828338623,5.304999828338623,5.304999828338623,5.304999828338623,100.0
2026-04-08 13:07:00,TUD.V,,0.9900000095367432,0.9900000095367432,0.9900000095367432,0.9900000095367432,6000.0
2026-04-08 13:07:00,VCU.V,,1.2599999904632568,1.2599999904632568,1.2599999904632568,1.2599999904632568,800.0
2026-04-08 13:07:00,VPT.V,,0.10499999672174454,0.10499999672174454,0.10499999672174454,0.10499999672174454,4000.0
2026-04-08 13:07:00,WRLG.V,,0.9900000095367432,0.9950000047683716,0.9900000095367432,0.9950000047683716,2500.0
2026-04-08 13:09:00,ZDC.V,,5.309999942779541,5.309999942779541,5.309999942779541,5.309999942779541,100.0
2026-04-08 13:10:00,AUMB.V,,0.9700000286102295,0.9700000286102295,0.9700000286102295,0.9700000286102295,4000.0
2026-04-08 13:10:00,TUD.V,,0.9900000095367432,0.9900000095367432,0.9900000095367432,0.9900000095367432,500.0
2026-04-08 13:10:00,VCU.V,,1.2599999904632568,1.2599999904632568,1.2599999904632568,1.2599999904632568,100.0
2026-04-08 13:11:00,TCO.V,,0.07000000029802322,0.07000000029802322,0.07000000029802322,0.07000000029802322,5000.0
2026-04-08 13:11:00,TUD.V,,0.9900000095367432,0.9900000095367432,0.9900000095367432,0.9900000095367432,1000.0
2026-04-08 13:11:00,WISH.V,,0.2199999988079071,0.2199999988079071,0.2199999988079071,0.2199999988079071,500.0
2026-04-08 13:12:00,THX.V,,1.4500000476837158,1.4500000476837158,1.4500000476837158,1.4500000476837158,100.0
2026-04-08 13:12:00,UCU.V,,5.699999809265137,5.699999809265137,5.690000057220459,5.699999809265137,3000.0
2026-04-08 13:12:00,WRLG.V,,1.0,1.0,0.9950000047683716,0.9950000047683716,17085.0
2026-04-08 13:13:00,AUMB.V,,0.9599999785423279,0.9700000286102295,0.9599999785423279,0.9700000286102295,4500.0
2026-04-08 13:13:00,TWO.V,,0.4399999976158142,0.4399999976158142,0.4399999976158142,0.4399999976158142,500.0
2026-04-08 13:13:00,ZDC.V,,5.300000190734863,5.300000190734863,5.300000190734863,5.300000190734863,200.0
2026-04-08 13:14:00,RARE.V,,5.699999809265137,5.699999809265137,5.699999809265137,5.699999809265137,500.0
2026-04-08 13:14:00,WI.V,,0.8999999761581421,0.8999999761581421,0.8999999761581421,0.8999999761581421,6000.0
2026-04-08 13:14:00,ZZE-H.V,,0.19499999284744263,0.19499999284744263,0.19499999284744263,0.19499999284744263,0.0
2026-04-08 13:15:00,VCU.V,,1.2599999904632568,1.2599999904632568,1.2599999904632568,1.2599999904632568,100.0
2026-04-08 13:15:00,WCE.V,,0.10999999940395355,0.10999999940395355,0.10999999940395355,0.10999999940395355,8000.0
2026-04-08 13:15:00,ZDC.V,,5.300000190734863,5.300000190734863,5.300000190734863,5.300000190734863,100.0
2026-04-08 13:16:00,AUMB.V,,0.9599999785423279,0.9649999737739563,0.9599999785423279,0.9649999737739563,5000.0
2026-04-08 13:16:00,THX.V,,1.4500000476837158,1.4500000476837158,1.4500000476837158,1.4500000476837158,100.0
2026-04-08 13:16:00,TIG.V,,0.5799999833106995,0.5799999833106995,0.5799999833106995,0.5799999833106995,1500.0
2026-04-08 13:16:00,TOI.V,,93.25,93.41999816894531,93.25,93.41999816894531,1019.0
2026-04-08 13:16:00,TUD.V,,0.9900000095367432,0.9900000095367432,0.9900000095367432,0.9900000095367432,2000.0
2026-04-08 13:16:00,UCU.V,,5.699999809265137,5.699999809265137,5.699999809265137,5.699999809265137,650.0
2026-04-08 13:16:00,WRLG.V,,0.9950000047683716,0.9950000047683716,0.9950000047683716,0.9950000047683716,500.0
2026-04-08 13:17:00,ONE.V,,0.39500001072883606,0.39500001072883606,0.39500001072883606,0.39500001072883606,500.0
2026-04-08 13:17:00,VCU.V,,1.2400000095367432,1.2599999904632568,1.2400000095367432,1.2599999904632568,56100.0
2026-04-08 13:18:00,TOI.V,,93.56999969482422,93.58999633789062,93.56999969482422,93.58999633789062,407.0
2026-04-08 13:18:00,WGO.V,,1.5499999523162842,1.5499999523162842,1.5499999523162842,1.5499999523162842,2300.0
2026-04-08 13:18:00,YEG.V,,0.17499999701976776,0.17499999701976776,0.17499999701976776,0.17499999701976776,3500.0
2026-04-08 13:18:00,ZOMD.V,,0.9350000023841858,0.9399999976158142,0.9350000023841858,0.9399999976158142,3090.0
2026-04-08 13:19:00,SURG.V,,0.5600000023841858,0.5600000023841858,0.5600000023841858,0.5600000023841858,4000.0
2026-04-08 13:19:00,THX.V,,1.4500000476837158,1.4500000476837158,1.4500000476837158,1.4500000476837158,400.0
2026-04-08 13:19:00,TUD.V,,0.9900000095367432,0.9900000095367432,0.9900000095367432,0.9900000095367432,1750.0
2026-04-08 13:19:00,UCU.V,,5.679999828338623,5.679999828338623,5.679999828338623,5.679999828338623,800.0
2026-04-08 13:19:00,ZDC.V,,5.300000190734863,5.300000190734863,5.300000190734863,5.300000190734863,100.0
2026-04-08 13:20:00,NILI.V,,0.6399999856948853,0.6399999856948853,0.6399999856948853,0.6399999856948853,500.0
2026-04-08 13:20:00,ZDC.V,,5.28000020980835,5.289999961853027,5.28000020980835,5.289999961853027,400.0
2026-04-08 13:21:00,TOI.V,,93.0999984741211,93.26000213623047,93.0999984741211,93.26000213623047,1770.0
2026-04-08 13:21:00,TUD.V,,0.9800000190734863,0.9800000190734863,0.9800000190734863,0.9800000190734863,500.0
2026-04-08 13:21:00,VPT.V,,0.10499999672174454,0.10499999672174454,0.10499999672174454,0.10499999672174454,0.0
2026-04-08 13:22:00,AUMB.V,,0.9599999785423279,0.9599999785423279,0.9599999785423279,0.9599999785423279,10510.0
2026-04-08 13:22:00,TUO.V,,1.7200000286102295,1.7200000286102295,1.7200000286102295,1.7200000286102295,2300.0
2026-04-08 13:22:00,UCU.V,,5.699999809265137,5.699999809265137,5.699999809265137,5.699999809265137,600.0
2026-04-08 13:22:00,VPT.V,,0.10499999672174454,0.10499999672174454,0.10499999672174454,0.10499999672174454,208453.0
2026-04-08 13:22:00,ZDC.V,,5.260000228881836,5.289999961853027,5.260000228881836,5.289999961853027,300.0
2026-04-08 13:23:00,THX.V,,1.4500000476837158,1.4500000476837158,1.4500000476837158,1.4500000476837158,600.0
2026-04-08 13:23:00,UCU.V,,5.699999809265137,5.699999809265137,5.699999809265137,5.699999809265137,1500.0
2026-04-08 13:24:00,TLA.V,,0.550000011920929,0.550000011920929,0.550000011920929,0.550000011920929,5549.0
2026-04-08 13:24:00,VCU.V,,1.2400000095367432,1.2400000095367432,1.2400000095367432,1.2400000095367432,700.0
2026-04-08 13:24:00,ZDC.V,,5.269999980926514,5.289999961853027,5.269999980926514,5.289999961853027,900.0
2026-04-08 13:25:00,THX.V,,1.4500000476837158,1.4500000476837158,1.4500000476837158,1.4500000476837158,400.0
2026-04-08 13:25:00,TOI.V,,93.19999694824219,93.25,93.19999694824219,93.25,820.0
2026-04-08 13:25:00,UCU.V,,5.730000019073486,5.730000019073486,5.710000038146973,5.710000038146973,2300.0
2026-04-08 13:25:00,WAM.V,,0.800000011920929,0.800000011920929,0.800000011920929,0.800000011920929,1000.0
2026-04-08 13:25:00,ZEN.V,,0.7900000214576721,0.7900000214576721,0.7699999809265137,0.7699999809265137,6750.0
2026-04-08 13:26:00,TIG.V,,0.5799999833106995,0.5799999833106995,0.5799999833106995,0.5799999833106995,1000.0
2026-04-08 13:26:00,TLT.V,,0.25,0.25,0.25,0.25,3500.0
2026-04-08 13:26:00,TOI.V,,93.19999694824219,93.19999694824219,93.19999694824219,93.19999694824219,145.0
2026-04-08 13:26:00,UFC.V,,0.8700000047683716,0.8700000047683716,0.8700000047683716,0.8700000047683716,1000.0
2026-04-08 13:26:00,WAM.V,,0.800000011920929,0.800000011920929,0.800000011920929,0.800000011920929,1000.0
2026-04-08 13:27:00,NILI.V,,0.6399999856948853,0.6399999856948853,0.6399999856948853,0.6399999856948853,500.0
2026-04-08 13:27:00,ZDC.V,,5.239999771118164,5.28000020980835,5.239999771118164,5.28000020980835,1800.0
2026-04-08 13:28:00,UCU.V,,5.71999979019165,5.71999979019165,5.71999979019165,5.71999979019165,1574.0
2026-04-08 13:29:00,TUD.V,,0.9800000190734863,0.9800000190734863,0.9800000190734863,0.9800000190734863,500.0
2026-04-08 13:29:00,VO.V,,0.10000000149011612,0.10000000149011612,0.10000000149011612,0.10000000149011612,3000.0
2026-04-08 13:29:00,ZDC.V,,5.28000020980835,5.28000020980835,5.28000020980835,5.28000020980835,200.0
2026-04-08 13:30:00,VCU.V,,1.2400000095367432,1.2400000095367432,1.2400000095367432,1.2400000095367432,100.0
2026-04-08 13:30:00,VPT.V,,0.10499999672174454,0.10499999672174454,0.10499999672174454,0.10499999672174454,1000.0
2026-04-08 13:31:00,THX.V,,1.4500000476837158,1.4500000476837158,1.4500000476837158,1.4500000476837158,100.0
2026-04-08 13:31:00,VCU.V,,1.2300000190734863,1.2400000095367432,1.2300000190734863,1.2400000095367432,9000.0
2026-04-08 13:31:00,YNV.V,,0.11500000208616257,0.11500000208616257,0.11500000208616257,0.11500000208616257,23000.0
2026-04-08 13:31:00,ZDC.V,,5.28000020980835,5.28000020980835,5.28000020980835,5.28000020980835,200.0
2026-04-08 13:32:00,WI.V,,0.8999999761581421,0.8999999761581421,0.8999999761581421,0.8999999761581421,500.0
2026-04-08 13:32:00,YNV.V,,0.11500000208616257,0.11500000208616257,0.11500000208616257,0.11500000208616257,11000.0
2026-04-08 13:33:00,TAO.V,,0.08500000089406967,0.08500000089406967,0.08500000089406967,0.08500000089406967,1000.0
2026-04-08 13:33:00,THM.V,,1.090000033378601,1.090000033378601,1.090000033378601,1.090000033378601,1108.0
2026-04-08 13:33:00,THX.V,,1.4500000476837158,1.4500000476837158,1.4500000476837158,1.4500000476837158,5000.0
2026-04-08 13:33:00,WI.V,,0.8999999761581421,0.8999999761581421,0.8999999761581421,0.8999999761581421,3500.0
2026-04-08 13:34:00,TGOL.V,,0.10999999940395355,0.10999999940395355,0.10999999940395355,0.10999999940395355,1000.0
2026-04-08 13:34:00,THX.V,,1.4500000476837158,1.4500000476837158,1.4500000476837158,1.4500000476837158,8100.0
2026-04-08 13:34:00,TOI.V,,93.0999984741211,93.0999984741211,93.0999984741211,93.0999984741211,101.0
2026-04-08 13:34:00,YNV.V,,0.11999999731779099,0.11999999731779099,0.11999999731779099,0.11999999731779099,2500.0
2026-04-08 13:35:00,WRLG.V,,1.0,1.0,1.0,1.0,10500.0
2026-04-08 13:36:00,UCU.V,,5.739999771118164,5.739999771118164,5.730000019073486,5.730000019073486,5500.0
2026-04-08 13:36:00,VPT.V,,0.10499999672174454,0.10499999672174454,0.10499999672174454,0.10499999672174454,500.0
2026-04-08 13:36:00,WGO.V,,1.5399999618530273,1.5399999618530273,1.5399999618530273,1.5399999618530273,4000.0
2026-04-08 13:36:00,ZDC.V,,5.289999961853027,5.289999961853027,5.289999961853027,5.289999961853027,200.0
2026-04-08 13:37:00,THX.V,,1.4500000476837158,1.4500000476837158,1.4500000476837158,1.4500000476837158,100.0
2026-04-08 13:37:00,VPT.V,,0.10499999672174454,0.10499999672174454,0.10499999672174454,0.10499999672174454,10500.0
2026-04-08 13:37:00,WGLD.V,,0.27000001072883606,0.27000001072883606,0.27000001072883606,0.27000001072883606,0.0
2026-04-08 13:37:00,ZDC.V,,5.28000020980835,5.28000020980835,5.28000020980835,5.28000020980835,200.0
2026-04-08 13:38:00,TOI.V,,93.05999755859375,93.05999755859375,93.05999755859375,93.05999755859375,120.0
2026-04-08 13:38:00,TUO.V,,1.7100000381469727,1.7100000381469727,1.7100000381469727,1.7100000381469727,4000.0
2026-04-08 13:38:00,UCU.V,,5.71999979019165,5.71999979019165,5.71999979019165,5.71999979019165,700.0
2026-04-08 13:39:00,VPT.V,,0.10499999672174454,0.10499999672174454,0.10499999672174454,0.10499999672174454,1000.0
2026-04-08 13:40:00,RARE.V,,5.699999809265137,5.699999809265137,5.699999809265137,5.699999809265137,200.0
2026-04-08 13:40:00,TOI.V,,93.0999984741211,93.0999984741211,93.0,93.01000213623047,550.0
2026-04-08 13:40:00,TWR.V,,0.16500000655651093,0.16500000655651093,0.16500000655651093,0.16500000655651093,9500.0
2026-04-08 13:40:00,VLI.V,,0.014999999664723873,0.014999999664723873,0.014999999664723873,0.014999999664723873,5000.0
2026-04-08 13:40:00,ZDC.V,,5.28000020980835,5.28000020980835,5.28000020980835,5.28000020980835,300.0
2026-04-08 13:41:00,SURG.V,,0.5600000023841858,0.5600000023841858,0.5600000023841858,0.5600000023841858,1000.0
2026-04-08 13:41:00,TOI.V,,93.01000213623047,93.01000213623047,93.0,93.0,300.0
2026-04-08 13:41:00,TUD.V,,0.9800000190734863,0.9800000190734863,0.9800000190734863,0.9800000190734863,1500.0
2026-04-08 13:41:00,VML.V,,0.5600000023841858,0.5600000023841858,0.5600000023841858,0.5600000023841858,1000.0
2026-04-08 13:41:00,WRLG.V,,0.9900000095367432,0.9950000047683716,0.9900000095367432,0.9900000095367432,103461.0
2026-04-08 13:42:00,TOI.V,,93.0999984741211,93.0999984741211,93.02999877929688,93.02999877929688,300.0
2026-04-08 13:42:00,VLI.V,,0.014999999664723873,0.014999999664723873,0.014999999664723873,0.014999999664723873,1000.0
2026-04-08 13:42:00,WRLG.V,,0.9900000095367432,0.9900000095367432,0.9900000095367432,0.9900000095367432,500.0
2026-04-08 13:43:00,TUD.V,,0.9800000190734863,0.9800000190734863,0.9800000190734863,0.9800000190734863,500.0
2026-04-08 13:43:00,UCU.V,,5.730000019073486,5.730000019073486,5.730000019073486,5.730000019073486,900.0
2026-04-08 13:43:00,ZDC.V,,5.269999980926514,5.28000020980835,5.269999980926514,5.28000020980835,300.0
2026-04-08 13:44:00,AUMB.V,,0.9700000286102295,0.9700000286102295,0.9700000286102295,0.9700000286102295,5900.0
2026-04-08 13:44:00,THX.V,,1.440000057220459,1.440000057220459,1.440000057220459,1.440000057220459,300.0
2026-04-08 13:44:00,TK.V,,0.4050000011920929,0.4050000011920929,0.4000000059604645,0.4000000059604645,9000.0
2026-04-08 13:44:00,TRU.V,,0.05000000074505806,0.05000000074505806,0.05000000074505806,0.05000000074505806,119287.0
2026-04-08 13:44:00,WRLG.V,,0.9900000095367432,0.9900000095367432,0.9900000095367432,0.9900000095367432,4000.0
2026-04-08 13:45:00,VCU.V,,1.2100000381469727,1.2200000286102295,1.2100000381469727,1.2200000286102295,24600.0
2026-04-08 13:45:00,VPT.V,,0.10499999672174454,0.10499999672174454,0.10499999672174454,0.10499999672174454,1000.0
2026-04-08 13:45:00,WRLG.V,,0.9800000190734863,0.9900000095367432,0.9800000190734863,0.9900000095367432,23500.0
2026-04-08 13:45:00,ZDC.V,,5.28000020980835,5.28000020980835,5.28000020980835,5.28000020980835,100.0
2026-04-08 13:46:00,TOI.V,,92.80000305175781,92.80000305175781,92.80000305175781,92.80000305175781,331.0
2026-04-08 13:46:00,TRU.V,,0.054999999701976776,0.054999999701976776,0.054999999701976776,0.054999999701976776,2000.0
2026-04-08 13:46:00,UCU.V,,5.730000019073486,5.730000019073486,5.730000019073486,5.730000019073486,1900.0
2026-04-08 13:46:00,WRLG.V,,0.9800000190734863,0.9800000190734863,0.9800000190734863,0.9800000190734863,1000.0
2026-04-08 13:46:00,ZDC.V,,5.28000020980835,5.28000020980835,5.28000020980835,5.28000020980835,300.0
2026-04-08 13:47:00,THX.V,,1.4500000476837158,1.4500000476837158,1.4500000476837158,1.4500000476837158,100.0
2026-04-08 13:47:00,TIG.V,,0.5799999833106995,0.5799999833106995,0.5799999833106995,0.5799999833106995,28500.0
2026-04-08 13:47:00,UCU.V,,5.730000019073486,5.730000019073486,5.730000019073486,5.730000019073486,2200.0
2026-04-08 13:47:00,VPT.V,,0.10499999672174454,0.10499999672174454,0.10499999672174454,0.10499999672174454,1000.0
2026-04-08 13:47:00,WRLG.V,,0.9800000190734863,0.9800000190734863,0.9800000190734863,0.9800000190734863,1500.0
2026-04-08 13:48:00,NILI.V,,0.6399999856948853,0.6399999856948853,0.6399999856948853,0.6399999856948853,8500.0
2026-04-08 13:48:00,TWO.V,,0.4399999976158142,0.4399999976158142,0.4399999976158142,0.4399999976158142,4191.0
2026-04-08 13:48:00,UCU.V,,5.71999979019165,5.71999979019165,5.71999979019165,5.71999979019165,2200.0
2026-04-08 13:48:00,ZDC.V,,5.269999980926514,5.28000020980835,5.269999980926514,5.28000020980835,400.0
2026-04-08 13:49:00,WGO.V,,1.5399999618530273,1.5399999618530273,1.5399999618530273,1.5399999618530273,9000.0
2026-04-08 13:49:00,ZDC.V,,5.269999980926514,5.28000020980835,5.269999980926514,5.28000020980835,200.0
2026-04-08 13:50:00,TIG.V,,0.5799999833106995,0.5799999833106995,0.5799999833106995,0.5799999833106995,1500.0
2026-04-08 13:50:00,TLT.V,,0.2549999952316284,0.2549999952316284,0.2549999952316284,0.2549999952316284,10000.0
2026-04-08 13:50:00,UCU.V,,5.730000019073486,5.730000019073486,5.730000019073486,5.730000019073486,200.0
2026-04-08 13:50:00,VCU.V,,1.2000000476837158,1.2000000476837158,1.2000000476837158,1.2000000476837158,100.0
2026-04-08 13:50:00,WRLG.V,,0.9800000190734863,0.9800000190734863,0.9800000190734863,0.9800000190734863,500.0
2026-04-08 13:50:00,ZDC.V,,5.269999980926514,5.28000020980835,5.269999980926514,5.28000020980835,200.0
2026-04-08 13:51:00,THX.V,,1.4500000476837158,1.4500000476837158,1.4500000476837158,1.4500000476837158,100.0
2026-04-08 13:52:00,WAM.V,,0.7900000214576721,0.7900000214576721,0.7900000214576721,0.7900000214576721,500.0
2026-04-08 13:52:00,ZDC.V,,5.269999980926514,5.28000020980835,5.269999980926514,5.28000020980835,400.0
2026-04-08 13:53:00,VCU.V,,1.2300000190734863,1.2300000190734863,1.2200000286102295,1.2200000286102295,2200.0
2026-04-08 13:53:00,WCE.V,,0.11999999731779099,0.11999999731779099,0.11999999731779099,0.11999999731779099,6000.0
2026-04-08 13:53:00,XGC.V,,0.2800000011920929,0.2800000011920929,0.2800000011920929,0.2800000011920929,3500.0
2026-04-08 13:54:00,UCU.V,,5.71999979019165,5.71999979019165,5.71999979019165,5.71999979019165,300.0
2026-04-08 13:54:00,VCU.V,,1.2200000286102295,1.2200000286102295,1.2200000286102295,1.2200000286102295,100.0
2026-04-08 13:54:00,WHY.V,,0.3400000035762787,0.3400000035762787,0.3400000035762787,0.3400000035762787,5500.0
2026-04-08 13:54:00,WRLG.V,,0.9800000190734863,0.9850000143051147,0.9800000190734863,0.9850000143051147,2000.0
2026-04-08 13:54:00,ZAC.V,,0.07999999821186066,0.07999999821186066,0.07999999821186066,0.07999999821186066,38000.0
2026-04-08 13:54:00,ZDC.V,,5.230000019073486,5.25,5.21999979019165,5.25,2200.0
2026-04-08 13:55:00,TIG.V,,0.5799999833106995,0.5799999833106995,0.5799999833106995,0.5799999833106995,1000.0
2026-04-08 13:55:00,TOI.V,,92.69999694824219,92.69999694824219,92.69999694824219,92.69999694824219,267.0
2026-04-08 13:55:00,TTZ.V,,0.3499999940395355,0.3499999940395355,0.3499999940395355,0.3499999940395355,0.0
2026-04-08 13:55:00,TUD.V,,0.9900000095367432,0.9900000095367432,0.9900000095367432,0.9900000095367432,6500.0
2026-04-08 13:55:00,VO.V,,0.10000000149011612,0.10000000149011612,0.10000000149011612,0.10000000149011612,15000.0
2026-04-08 13:55:00,VPT.V,,0.10499999672174454,0.10499999672174454,0.10499999672174454,0.10499999672174454,1000.0
2026-04-08 13:55:00,WRLG.V,,0.9900000095367432,0.9900000095367432,0.9900000095367432,0.9900000095367432,500.0
2026-04-08 13:56:00,THX.V,,1.4500000476837158,1.4500000476837158,1.4500000476837158,1.4500000476837158,100.0
2026-04-08 13:56:00,UCU.V,,5.730000019073486,5.730000019073486,5.71999979019165,5.71999979019165,3600.0
2026-04-08 13:56:00,WRLG.V,,0.9900000095367432,0.9900000095367432,0.9900000095367432,0.9900000095367432,500.0
2026-04-08 13:56:00,ZDC.V,,5.260000228881836,5.260000228881836,5.260000228881836,5.260000228881836,300.0
2026-04-08 13:57:00,RARE.V,,5.699999809265137,5.699999809265137,5.699999809265137,5.699999809265137,500.0
2026-04-08 13:57:00,TUD.V,,0.9850000143051147,0.9850000143051147,0.9850000143051147,0.9850000143051147,500.0
2026-04-08 13:57:00,VMXX.V,,0.45500001311302185,0.45500001311302185,0.45500001311302185,0.45500001311302185,3000.0
2026-04-08 13:58:00,TSLV.V,,0.10999999940395355,0.10999999940395355,0.10999999940395355,0.10999999940395355,38414.0
2026-04-08 13:58:00,UCU.V,,5.730000019073486,5.730000019073486,5.730000019073486,5.730000019073486,9400.0
2026-04-08 13:58:00,WRLG.V,,0.9900000095367432,0.9900000095367432,0.9900000095367432,0.9900000095367432,500.0
2026-04-08 13:59:00,TIG.V,,0.5799999833106995,0.5799999833106995,0.5799999833106995,0.5799999833106995,4000.0
2026-04-08 13:59:00,TSLV.V,,0.10999999940395355,0.10999999940395355,0.10999999940395355,0.10999999940395355,5500.0
2026-04-08 13:59:00,UCU.V,,5.730000019073486,5.730000019073486,5.730000019073486,5.730000019073486,5300.0
2026-04-08 13:59:00,WEB.V,,1.559999942779541,1.559999942779541,1.559999942779541,1.559999942779541,215.0
2026-04-08 13:59:00,ZDC.V,,5.260000228881836,5.260000228881836,5.260000228881836,5.260000228881836,300.0
2026-04-08 14:00:00,NILI.V,,0.6399999856948853,0.6399999856948853,0.6399999856948853,0.6399999856948853,500.0
2026-04-08 14:00:00,UCU.V,,5.739999771118164,5.739999771118164,5.730000019073486,5.730000019073486,2300.0
2026-04-08 14:00:00,WRLG.V,,0.9900000095367432,0.9900000095367432,0.9900000095367432,0.9900000095367432,500.0
2026-04-08 14:00:00,ZDC.V,,5.269999980926514,5.269999980926514,5.269999980926514,5.269999980926514,1200.0
2026-04-08 14:01:00,ZDC.V,,5.269999980926514,5.28000020980835,5.269999980926514,5.28000020980835,300.0
2026-04-08 14:02:00,AUMB.V,,0.9599999785423279,0.9599999785423279,0.9599999785423279,0.9599999785423279,6250.0
2026-04-08 14:02:00,EFF.V,,0.02500000037252903,0.02500000037252903,0.02500000037252903,0.02500000037252903,44000.0
2026-04-08 14:02:00,THX.V,,1.4500000476837158,1.4500000476837158,1.4500000476837158,1.4500000476837158,100.0
2026-04-08 14:02:00,UCU.V,,5.739999771118164,5.739999771118164,5.739999771118164,5.739999771118164,2900.0
2026-04-08 14:02:00,VAU.V,,0.13500000536441803,0.14000000059604645,0.13500000536441803,0.14000000059604645,5000.0
2026-04-08 14:02:00,WRLG.V,,0.9850000143051147,0.9850000143051147,0.9850000143051147,0.9850000143051147,500.0
2026-04-08 14:02:00,ZDC.V,,5.239999771118164,5.239999771118164,5.239999771118164,5.239999771118164,700.0
2026-04-08 14:03:00,WRLG.V,,0.9900000095367432,0.9900000095367432,0.9900000095367432,0.9900000095367432,500.0
2026-04-08 14:04:00,RARE.V,,5.650000095367432,5.650000095367432,5.650000095367432,5.650000095367432,252.0
2026-04-08 14:04:00,TIG.V,,0.5799999833106995,0.5799999833106995,0.5799999833106995,0.5799999833106995,5000.0
2026-04-08 14:04:00,TUD.V,,0.9850000143051147,0.9850000143051147,0.9850000143051147,0.9850000143051147,525.0
2026-04-08 14:04:00,XGC.V,,0.2800000011920929,0.2800000011920929,0.2800000011920929,0.2800000011920929,1000.0
2026-04-08 14:04:00,ZDC.V,,5.239999771118164,5.239999771118164,5.239999771118164,5.239999771118164,200.0
2026-04-08 14:05:00,VPT.V,,0.10499999672174454,0.10499999672174454,0.10499999672174454,0.10499999672174454,2303.0
2026-04-08 14:06:00,NILI.V,,0.6399999856948853,0.6399999856948853,0.6399999856948853,0.6399999856948853,500.0
2026-04-08 14:06:00,VLI.V,,0.009999999776482582,0.009999999776482582,0.009999999776482582,0.009999999776482582,10000.0
2026-04-08 14:06:00,XRTX.V,,3.5999999046325684,3.5999999046325684,3.5999999046325684,3.5999999046325684,100.0
2026-04-08 14:06:00,ZDC.V,,5.239999771118164,5.239999771118164,5.239999771118164,5.239999771118164,200.0
2026-04-08 14:07:00,AUMB.V,,0.9599999785423279,0.9599999785423279,0.9599999785423279,0.9599999785423279,5000.0
2026-04-08 14:08:00,WRLG.V,,0.9900000095367432,0.9900000095367432,0.9900000095367432,0.9900000095367432,500.0
2026-04-08 14:08:00,WVM.V,,1.8200000524520874,1.8700000047683716,1.8200000524520874,1.8600000143051147,4500.0
2026-04-08 14:08:00,ZDC.V,,5.239999771118164,5.25,5.239999771118164,5.25,500.0
2026-04-08 14:09:00,AUMB.V,,0.9599999785423279,0.9599999785423279,0.9599999785423279,0.9599999785423279,10000.0
2026-04-08 14:09:00,WAM.V,,0.7950000166893005,0.7950000166893005,0.7950000166893005,0.7950000166893005,500.0
2026-04-08 14:10:00,THX.V,,1.4450000524520874,1.4450000524520874,1.4450000524520874,1.4450000524520874,100.0
2026-04-08 14:10:00,VIO.V,,0.13500000536441803,0.13500000536441803,0.13500000536441803,0.13500000536441803,2000.0
2026-04-08 14:10:00,XGC.V,,0.2800000011920929,0.2800000011920929,0.2800000011920929,0.2800000011920929,4600.0
2026-04-08 14:11:00,UCU.V,,5.75,5.75,5.75,5.75,600.0
2026-04-08 14:11:00,WEX.V,,0.699999988079071,0.699999988079071,0.699999988079071,0.699999988079071,5000.0
2026-04-08 14:11:00,ZDC.V,,5.239999771118164,5.239999771118164,5.239999771118164,5.239999771118164,200.0
2026-04-08 14:12:00,TGOL.V,,0.10999999940395355,0.10999999940395355,0.10999999940395355,0.10999999940395355,17000.0
2026-04-08 14:12:00,UCU.V,,5.739999771118164,5.739999771118164,5.730000019073486,5.730000019073486,2500.0
2026-04-08 14:12:00,VO.V,,0.10000000149011612,0.10000000149011612,0.10000000149011612,0.10000000149011612,5000.0
2026-04-08 14:13:00,NILI.V,,0.6499999761581421,0.6499999761581421,0.6499999761581421,0.6499999761581421,500.0
2026-04-08 14:13:00,TTGI.V,,0.07000000029802322,0.07000000029802322,0.07000000029802322,0.07000000029802322,2000.0
2026-04-08 14:13:00,TUD.V,,0.9800000190734863,0.9800000190734863,0.9800000190734863,0.9800000190734863,500.0
2026-04-08 14:13:00,VCU.V,,1.2200000286102295,1.2200000286102295,1.2200000286102295,1.2200000286102295,100.0
2026-04-08 14:14:00,VG.V,,0.10000000149011612,0.10000000149011612,0.10000000149011612,0.10000000149011612,0.0
2026-04-08 14:14:00,YEG.V,,0.17499999701976776,0.17499999701976776,0.17499999701976776,0.17499999701976776,8400.0
2026-04-08 14:14:00,ZDC.V,,5.239999771118164,5.25,5.239999771118164,5.25,1100.0
2026-04-08 14:15:00,VCU.V,,1.2200000286102295,1.2200000286102295,1.2200000286102295,1.2200000286102295,1220.0
2026-04-08 14:15:00,VYC-H.V,,0.08500000089406967,0.08500000089406967,0.08500000089406967,0.08500000089406967,0.0
2026-04-08 14:15:00,WRLG.V,,0.9850000143051147,0.9900000095367432,0.9850000143051147,0.9900000095367432,1500.0
2026-04-08 14:15:00,ZDC.V,,5.25,5.25,5.25,5.25,400.0
2026-04-08 14:16:00,TSLV.V,,0.11500000208616257,0.11500000208616257,0.10999999940395355,0.10999999940395355,25000.0
2026-04-08 14:16:00,WAM.V,,0.800000011920929,0.800000011920929,0.800000011920929,0.800000011920929,2000.0
2026-04-08 14:17:00,THX.V,,1.4450000524520874,1.4450000524520874,1.4450000524520874,1.4450000524520874,100.0
2026-04-08 14:17:00,WGF.V,,0.17000000178813934,0.17499999701976776,0.17000000178813934,0.17499999701976776,60000.0
2026-04-08 14:18:00,UCU.V,,5.71999979019165,5.71999979019165,5.71999979019165,5.71999979019165,1700.0
2026-04-08 14:18:00,VCU.V,,1.2200000286102295,1.2200000286102295,1.2200000286102295,1.2200000286102295,100.0
2026-04-08 14:18:00,WGO.V,,1.5399999618530273,1.5399999618530273,1.5399999618530273,1.5399999618530273,6919.0
2026-04-08 14:19:00,TUD.V,,0.9800000190734863,0.9800000190734863,0.9800000190734863,0.9800000190734863,500.0
2026-04-08 14:19:00,WRLG.V,,0.9850000143051147,0.9850000143051147,0.9850000143051147,0.9850000143051147,500.0
2026-04-08 14:19:00,ZDC.V,,5.239999771118164,5.25,5.239999771118164,5.25,400.0
2026-04-08 14:20:00,UGD.V,,0.42500001192092896,0.42500001192092896,0.42500001192092896,0.42500001192092896,500.0
2026-04-08 14:21:00,TSLV.V,,0.10999999940395355,0.10999999940395355,0.10999999940395355,0.10999999940395355,20000.0
2026-04-08 14:21:00,UCU.V,,5.710000038146973,5.710000038146973,5.710000038146973,5.710000038146973,500.0
2026-04-08 14:21:00,ZAC.V,,0.07999999821186066,0.07999999821186066,0.07999999821186066,0.07999999821186066,20000.0
2026-04-08 14:22:00,AUMB.V,,0.949999988079071,0.949999988079071,0.949999988079071,0.949999988079071,16000.0
2026-04-08 14:22:00,VCU.V,,1.2200000286102295,1.2200000286102295,1.2200000286102295,1.2200000286102295,100.0
2026-04-08 14:22:00,WRLG.V,,0.9800000190734863,0.9850000143051147,0.9800000190734863,0.9850000143051147,1563.0
2026-04-08 14:23:00,THX.V,,1.440000057220459,1.440000057220459,1.440000057220459,1.440000057220459,500.0
2026-04-08 14:23:00,TUO.V,,1.6699999570846558,1.6699999570846558,1.6699999570846558,1.6699999570846558,300.0
2026-04-08 14:23:00,ZDC.V,,5.239999771118164,5.239999771118164,5.239999771118164,5.239999771118164,300.0
2026-04-08 14:24:00,THX.V,,1.4450000524520874,1.4450000524520874,1.4450000524520874,1.4450000524520874,100.0
2026-04-08 14:24:00,TOI.V,,92.5,92.83000183105469,92.5,92.83000183105469,1030.0
2026-04-08 14:24:00,TUD.V,,0.9800000190734863,0.9800000190734863,0.9800000190734863,0.9800000190734863,500.0
2026-04-08 14:24:00,WHN.V,,0.25,0.2549999952316284,0.25,0.2549999952316284,227600.0
2026-04-08 14:24:00,XRTX.V,,3.5999999046325684,3.5999999046325684,3.5999999046325684,3.5999999046325684,200.0
2026-04-08 14:24:00,ZDC.V,,5.239999771118164,5.239999771118164,5.239999771118164,5.239999771118164,200.0
2026-04-08 14:25:00,VCU.V,,1.2000000476837158,1.2200000286102295,1.2000000476837158,1.2200000286102295,80200.0
2026-04-08 14:25:00,VVC.V,,0.014999999664723873,0.014999999664723873,0.014999999664723873,0.014999999664723873,43000.0
2026-04-08 14:26:00,TAJ.V,,0.18000000715255737,0.18000000715255737,0.18000000715255737,0.18000000715255737,70000.0
2026-04-08 14:27:00,VCU.V,,1.2000000476837158,1.2000000476837158,1.2000000476837158,1.2000000476837158,100.0
2026-04-08 14:28:00,TORQ.V,,0.07000000029802322,0.07000000029802322,0.07000000029802322,0.07000000029802322,1000.0
2026-04-08 14:28:00,TUD.V,,0.9800000190734863,0.9800000190734863,0.9800000190734863,0.9800000190734863,500.0
2026-04-08 14:28:00,UCU.V,,5.699999809265137,5.710000038146973,5.699999809265137,5.710000038146973,3600.0
2026-04-08 14:28:00,VLI.V,,0.014999999664723873,0.014999999664723873,0.014999999664723873,0.014999999664723873,100000.0
2026-04-08 14:29:00,WAM.V,,0.7900000214576721,0.7900000214576721,0.7900000214576721,0.7900000214576721,1000.0
2026-04-08 14:29:00,XRTX.V,,3.6500000953674316,3.6500000953674316,3.6500000953674316,3.6500000953674316,500.0
2026-04-08 14:30:00,WED.V,,23.809999465942383,23.809999465942383,23.809999465942383,23.809999465942383,100.0
2026-04-08 14:30:00,ZDC.V,,5.239999771118164,5.239999771118164,5.239999771118164,5.239999771118164,200.0
2026-04-08 14:31:00,THX.V,,1.4450000524520874,1.4450000524520874,1.4450000524520874,1.4450000524520874,100.0
2026-04-08 14:31:00,TIG.V,,0.5799999833106995,0.5799999833106995,0.5799999833106995,0.5799999833106995,1000.0
2026-04-08 14:31:00,USCU.V,,0.17499999701976776,0.17499999701976776,0.17499999701976776,0.17499999701976776,8848.0
2026-04-08 14:32:00,UCU.V,,5.679999828338623,5.679999828338623,5.679999828338623,5.679999828338623,1000.0
2026-04-08 14:33:00,AUMB.V,,0.949999988079071,0.949999988079071,0.949999988079071,0.949999988079071,1900.0
2026-04-08 14:33:00,THX.V,,1.440000057220459,1.440000057220459,1.440000057220459,1.440000057220459,81557.0
2026-04-08 14:33:00,TTGI.V,,0.07500000298023224,0.07500000298023224,0.07000000029802322,0.07000000029802322,14000.0
2026-04-08 14:33:00,VCU.V,,1.2000000476837158,1.2000000476837158,1.2000000476837158,1.2000000476837158,100.0
2026-04-08 14:33:00,WAM.V,,0.7900000214576721,0.7900000214576721,0.7900000214576721,0.7900000214576721,1000.0
2026-04-08 14:33:00,WGO.V,,1.5299999713897705,1.5299999713897705,1.5299999713897705,1.5299999713897705,740.0
2026-04-08 14:33:00,ZDC.V,,5.239999771118164,5.239999771118164,5.239999771118164,5.239999771118164,800.0
2026-04-08 14:34:00,UCU.V,,5.679999828338623,5.699999809265137,5.679999828338623,5.679999828338623,4389.0
2026-04-08 14:34:00,WED.V,,23.600000381469727,23.639999389648438,23.600000381469727,23.639999389648438,1300.0
2026-04-08 14:34:00,WISH.V,,0.23499999940395355,0.23499999940395355,0.23499999940395355,0.23499999940395355,3100.0
2026-04-08 14:35:00,WGO.V,,1.5199999809265137,1.5199999809265137,1.5199999809265137,1.5199999809265137,100.0
2026-04-08 14:35:00,WRLG.V,,0.9800000190734863,0.9850000143051147,0.9800000190734863,0.9850000143051147,56930.0
2026-04-08 14:35:00,ZDC.V,,5.230000019073486,5.230000019073486,5.230000019073486,5.230000019073486,1000.0
2026-04-08 14:36:00,TUD.V,,0.9800000190734863,0.9800000190734863,0.9800000190734863,0.9800000190734863,36000.0
2026-04-08 14:37:00,TRBC.V,,0.1899999976158142,0.1899999976158142,0.1899999976158142,0.1899999976158142,2400.0
2026-04-08 14:37:00,ZDC.V,,5.230000019073486,5.239999771118164,5.230000019073486,5.239999771118164,600.0
2026-04-08 14:38:00,TIG.V,,0.5799999833106995,0.5799999833106995,0.5799999833106995,0.5799999833106995,1500.0
2026-04-08 14:38:00,TOI.V,,92.38999938964844,92.4000015258789,92.38999938964844,92.4000015258789,300.0
2026-04-08 14:38:00,TTGI.V,,0.07000000029802322,0.07000000029802322,0.07000000029802322,0.07000000029802322,20000.0
2026-04-08 14:38:00,TUD.V,,0.9800000190734863,0.9800000190734863,0.9800000190734863,0.9800000190734863,7600.0
2026-04-08 14:38:00,VCU.V,,1.2000000476837158,1.2000000476837158,1.2000000476837158,1.2000000476837158,100.0
2026-04-08 14:38:00,WISH.V,,0.23999999463558197,0.23999999463558197,0.23499999940395355,0.23499999940395355,5500.0
2026-04-08 14:39:00,AUMB.V,,0.9399999976158142,0.9399999976158142,0.9399999976158142,0.9399999976158142,5500.0
2026-04-08 14:39:00,UCU.V,,5.690000057220459,5.690000057220459,5.690000057220459,5.690000057220459,800.0
2026-04-08 14:39:00,VCU.V,,1.2000000476837158,1.2000000476837158,1.2000000476837158,1.2000000476837158,1100.0
2026-04-08 14:40:00,NILI.V,,0.6349999904632568,0.6399999856948853,0.6349999904632568,0.6399999856948853,34360.0
2026-04-08 14:40:00,WGF.V,,0.17000000178813934,0.17000000178813934,0.17000000178813934,0.17000000178813934,26000.0
2026-04-08 14:40:00,ZDC.V,,5.230000019073486,5.239999771118164,5.230000019073486,5.239999771118164,800.0
2026-04-08 14:41:00,NILI.V,,0.6399999856948853,0.6399999856948853,0.6399999856948853,0.6399999856948853,4500.0
2026-04-08 14:41:00,THX.V,,1.4299999475479126,1.4299999475479126,1.4299999475479126,1.4299999475479126,4015.0
2026-04-08 14:41:00,VCU.V,,1.2000000476837158,1.2000000476837158,1.2000000476837158,1.2000000476837158,100.0
2026-04-08 14:42:00,TDG.V,,0.550000011920929,0.550000011920929,0.550000011920929,0.550000011920929,112500.0
2026-04-08 14:42:00,UCU.V,,5.699999809265137,5.699999809265137,5.699999809265137,5.699999809265137,1200.0
2026-04-08 14:43:00,SURG.V,,0.550000011920929,0.550000011920929,0.550000011920929,0.550000011920929,17700.0
2026-04-08 14:43:00,THX.V,,1.4199999570846558,1.4249999523162842,1.4199999570846558,1.4249999523162842,37100.0
2026-04-08 14:43:00,UCU.V,,5.695000171661377,5.695000171661377,5.695000171661377,5.695000171661377,3300.0
2026-04-08 14:43:00,VCU.V,,1.2000000476837158,1.2000000476837158,1.2000000476837158,1.2000000476837158,100.0
2026-04-08 14:43:00,WRLG.V,,0.9700000286102295,0.9700000286102295,0.9700000286102295,0.9700000286102295,40500.0
2026-04-08 14:43:00,XRTX.V,,3.799999952316284,3.799999952316284,3.700000047683716,3.700000047683716,600.0
2026-04-08 14:44:00,SURG.V,,0.5400000214576721,0.5400000214576721,0.5299999713897705,0.5400000214576721,57200.0
2026-04-08 14:44:00,TOI.V,,92.0199966430664,92.38999938964844,92.0,92.38999938964844,725.0
2026-04-08 14:44:00,UCU.V,,5.690000057220459,5.690000057220459,5.679999828338623,5.679999828338623,2100.0
2026-04-08 14:44:00,VAU.V,,0.13500000536441803,0.13500000536441803,0.13500000536441803,0.13500000536441803,3500.0
2026-04-08 14:45:00,AUMB.V,,0.9300000071525574,0.9399999976158142,0.9300000071525574,0.9399999976158142,27015.0
2026-04-08 14:45:00,SURG.V,,0.5400000214576721,0.5400000214576721,0.5400000214576721,0.5400000214576721,9000.0
2026-04-08 14:45:00,TUD.V,,0.9700000286102295,0.9700000286102295,0.9700000286102295,0.9700000286102295,12100.0
2026-04-08 14:45:00,VAU.V,,0.13500000536441803,0.13500000536441803,0.13500000536441803,0.13500000536441803,7500.0
2026-04-08 14:45:00,VCU.V,,1.2000000476837158,1.2000000476837158,1.2000000476837158,1.2000000476837158,200.0
2026-04-08 14:45:00,WEX.V,,0.699999988079071,0.699999988079071,0.699999988079071,0.699999988079071,500.0
2026-04-08 14:45:00,WVM.V,,1.8700000047683716,1.8700000047683716,1.8700000047683716,1.8700000047683716,100.0
2026-04-08 14:45:00,XGC.V,,0.27000001072883606,0.27000001072883606,0.27000001072883606,0.27000001072883606,5000.0
2026-04-08 14:45:00,ZDC.V,,5.230000019073486,5.230000019073486,5.230000019073486,5.230000019073486,300.0
2026-04-08 14:46:00,VCU.V,,1.2000000476837158,1.2000000476837158,1.2000000476837158,1.2000000476837158,1900.0
2026-04-08 14:46:00,XGC.V,,0.27000001072883606,0.27000001072883606,0.27000001072883606,0.27000001072883606,29000.0
2026-04-08 14:46:00,YOO.V,,0.02500000037252903,0.02500000037252903,0.02500000037252903,0.02500000037252903,0.0
2026-04-08 14:47:00,NILI.V,,0.6299999952316284,0.6299999952316284,0.6299999952316284,0.6299999952316284,500.0
2026-04-08 14:47:00,TECT.V,,2.3499999046325684,2.3499999046325684,2.3499999046325684,2.3499999046325684,600.0
2026-04-08 14:47:00,TOI.V,,92.77999877929688,92.77999877929688,92.77999877929688,92.77999877929688,230.0
2026-04-08 14:47:00,WGO.V,,1.5299999713897705,1.5299999713897705,1.5299999713897705,1.5299999713897705,21800.0
2026-04-08 14:47:00,ZDC.V,,5.21999979019165,5.230000019073486,5.21999979019165,5.230000019073486,800.0
2026-04-08 14:48:00,NILI.V,,0.6349999904632568,0.6349999904632568,0.6349999904632568,0.6349999904632568,500.0
2026-04-08 14:48:00,TSG.V,,0.25999999046325684,0.25999999046325684,0.25999999046325684,0.25999999046325684,5000.0
2026-04-08 14:48:00,WGO.V,,1.5199999809265137,1.5299999713897705,1.5199999809265137,1.5299999713897705,41900.0
2026-04-08 14:49:00,SURG.V,,0.5400000214576721,0.5400000214576721,0.5400000214576721,0.5400000214576721,6000.0
2026-04-08 14:49:00,UCU.V,,5.684999942779541,5.684999942779541,5.684999942779541,5.684999942779541,1500.0
2026-04-08 14:49:00,WED.V,,23.700000762939453,23.700000762939453,23.700000762939453,23.700000762939453,600.0
2026-04-08 14:49:00,WIL.V,,0.3400000035762787,0.3400000035762787,0.3400000035762787,0.3400000035762787,5160.0
2026-04-08 14:49:00,ZDC.V,,5.25,5.260000228881836,5.21999979019165,5.21999979019165,7400.0
2026-04-08 14:50:00,AUMB.V,,0.9399999976158142,0.9399999976158142,0.9399999976158142,0.9399999976158142,6400.0
2026-04-08 14:50:00,NILI.V,,0.6349999904632568,0.6349999904632568,0.6349999904632568,0.6349999904632568,500.0
2026-04-08 14:51:00,NILI.V,,0.6349999904632568,0.6349999904632568,0.6349999904632568,0.6349999904632568,500.0
2026-04-08 14:51:00,TMS-H.V,,0.009999999776482582,0.009999999776482582,0.009999999776482582,0.009999999776482582,0.0
2026-04-08 14:51:00,TNR.V,,0.23499999940395355,0.23499999940395355,0.23499999940395355,0.23499999940395355,29000.0
2026-04-08 14:51:00,VLI.V,,0.014999999664723873,0.014999999664723873,0.014999999664723873,0.014999999664723873,10000.0
2026-04-08 14:51:00,WRLG.V,,0.9700000286102295,0.9700000286102295,0.9700000286102295,0.9700000286102295,6767.0
2026-04-08 14:52:00,TTG.V,,0.11999999731779099,0.125,0.11999999731779099,0.125,7500.0
2026-04-08 14:52:00,VIO.V,,0.12999999523162842,0.12999999523162842,0.12999999523162842,0.12999999523162842,15000.0
2026-04-08 14:53:00,TK.V,,0.39500001072883606,0.39500001072883606,0.39500001072883606,0.39500001072883606,900.0
2026-04-08 14:53:00,UCU.V,,5.699999809265137,5.699999809265137,5.690000057220459,5.690000057220459,900.0
2026-04-08 14:54:00,NILI.V,,0.6349999904632568,0.6349999904632568,0.6349999904632568,0.6349999904632568,500.0
2026-04-08 14:54:00,SURG.V,,0.550000011920929,0.550000011920929,0.5400000214576721,0.5400000214576721,22000.0
2026-04-08 14:54:00,THX.V,,1.4249999523162842,1.4249999523162842,1.4249999523162842,1.4249999523162842,100.0
2026-04-08 14:54:00,TOI.V,,92.5,92.5,92.5,92.5,300.0
2026-04-08 14:54:00,WAM.V,,0.7900000214576721,0.7900000214576721,0.7900000214576721,0.7900000214576721,500.0
2026-04-08 14:54:00,WRLG.V,,0.9700000286102295,0.9700000286102295,0.9700000286102295,0.9700000286102295,3500.0
2026-04-08 14:55:00,AUMB.V,,0.9399999976158142,0.9399999976158142,0.9399999976158142,0.9399999976158142,1900.0
2026-04-08 14:55:00,NILI.V,,0.6499999761581421,0.6499999761581421,0.6349999904632568,0.6349999904632568,57000.0
2026-04-08 14:55:00,THX.V,,1.409999966621399,1.4199999570846558,1.409999966621399,1.4199999570846558,12339.0
2026-04-08 14:55:00,TIG.V,,0.5600000023841858,0.5699999928474426,0.5600000023841858,0.5699999928474426,42500.0
2026-04-08 14:55:00,TLT.V,,0.2549999952316284,0.2549999952316284,0.2549999952316284,0.2549999952316284,3920.0
2026-04-08 14:55:00,UCU.V,,5.670000076293945,5.684999942779541,5.670000076293945,5.670000076293945,2350.0
2026-04-08 14:55:00,ZDC.V,,5.260000228881836,5.260000228881836,5.260000228881836,5.260000228881836,500.0
2026-04-08 14:56:00,NILI.V,,0.6399999856948853,0.6399999856948853,0.6399999856948853,0.6399999856948853,8000.0
2026-04-08 14:56:00,VCU.V,,1.190000057220459,1.190000057220459,1.190000057220459,1.190000057220459,100.0
2026-04-08 14:57:00,NILI.V,,0.6399999856948853,0.6399999856948853,0.6399999856948853,0.6399999856948853,4500.0
2026-04-08 14:57:00,TECT.V,,2.309999942779541,2.309999942779541,2.309999942779541,2.309999942779541,800.0
2026-04-08 14:57:00,TUD.V,,0.9599999785423279,0.9599999785423279,0.9599999785423279,0.9599999785423279,500.0
2026-04-08 14:57:00,WEB.V,,1.5700000524520874,1.5700000524520874,1.5700000524520874,1.5700000524520874,100.0
2026-04-08 14:57:00,WGO.V,,1.5099999904632568,1.5199999809265137,1.5099999904632568,1.5199999809265137,16900.0
2026-04-08 14:57:00,WRLG.V,,0.9700000286102295,0.9700000286102295,0.9700000286102295,0.9700000286102295,1787.0
2026-04-08 14:58:00,USCU.V,,0.17499999701976776,0.17499999701976776,0.17499999701976776,0.17499999701976776,500.0
2026-04-08 14:58:00,WLF.V,,0.07500000298023224,0.07500000298023224,0.07500000298023224,0.07500000298023224,2000.0
2026-04-08 14:58:00,ZDC.V,,5.25,5.260000228881836,5.25,5.260000228881836,3500.0
2026-04-08 14:59:00,AUMB.V,,0.9300000071525574,0.9300000071525574,0.9300000071525574,0.9300000071525574,9200.0
2026-04-08 14:59:00,THX.V,,1.409999966621399,1.409999966621399,1.409999966621399,1.409999966621399,1986.0
2026-04-08 14:59:00,TNR.V,,0.23000000417232513,0.23000000417232513,0.23000000417232513,0.23000000417232513,2500.0
2026-04-08 14:59:00,VCU.V,,1.190000057220459,1.190000057220459,1.190000057220459,1.190000057220459,100.0
2026-04-08 14:59:00,WAM.V,,0.7799999713897705,0.7799999713897705,0.7799999713897705,0.7799999713897705,4010.0
2026-04-08 14:59:00,WGO.V,,1.5199999809265137,1.5199999809265137,1.5199999809265137,1.5199999809265137,100.0
2026-04-08 14:59:00,WP.V,,0.12999999523162842,0.12999999523162842,0.12999999523162842,0.12999999523162842,0.0
2026-04-08 15:00:00,AUMB.V,,0.9300000071525574,0.9300000071525574,0.9300000071525574,0.9300000071525574,13500.0
2026-04-08 15:00:00,TOI.V,,92.0,92.30000305175781,92.0,92.30000305175781,796.0
2026-04-08 15:00:00,TRO.V,,0.17000000178813934,0.17000000178813934,0.17000000178813934,0.17000000178813934,5000.0
2026-04-08 15:00:00,USS.V,,0.6600000262260437,0.6600000262260437,0.6600000262260437,0.6600000262260437,4000.0
2026-04-08 15:00:00,ZDC.V,,5.239999771118164,5.239999771118164,5.239999771118164,5.239999771118164,200.0
2026-04-08 15:01:00,NILI.V,,0.6349999904632568,0.6349999904632568,0.6349999904632568,0.6349999904632568,500.0
2026-04-08 15:01:00,TECT.V,,2.299999952316284,2.299999952316284,2.299999952316284,2.299999952316284,1000.0
2026-04-08 15:01:00,TOI.V,,92.3499984741211,92.3499984741211,92.3499984741211,92.3499984741211,107.0
2026-04-08 15:01:00,TUD.V,,0.9599999785423279,0.9599999785423279,0.9599999785423279,0.9599999785423279,3000.0
2026-04-08 15:01:00,TVI.V,,0.04500000178813934,0.04500000178813934,0.04500000178813934,0.04500000178813934,195000.0
2026-04-08 15:01:00,WAT-P.V,,0.07000000029802322,0.07000000029802322,0.06499999761581421,0.06499999761581421,0.0
2026-04-08 15:01:00,WRLG.V,,0.9700000286102295,0.9700000286102295,0.9700000286102295,0.9700000286102295,30580.0
2026-04-08 15:02:00,NILI.V,,0.6349999904632568,0.6349999904632568,0.6349999904632568,0.6349999904632568,500.0
2026-04-08 15:02:00,TUD.V,,0.9649999737739563,0.9649999737739563,0.9649999737739563,0.9649999737739563,2500.0
2026-04-08 15:02:00,VCU.V,,1.190000057220459,1.190000057220459,1.190000057220459,1.190000057220459,100.0
2026-04-08 15:02:00,WRLG.V,,0.9649999737739563,0.9649999737739563,0.9649999737739563,0.9649999737739563,550.0
2026-04-08 15:02:00,ZDC.V,,5.25,5.25,5.21999979019165,5.230000019073486,3200.0
2026-04-08 15:03:00,TUD.V,,0.9599999785423279,0.9599999785423279,0.9599999785423279,0.9599999785423279,500.0
2026-04-08 15:03:00,TWR.V,,0.16500000655651093,0.16500000655651093,0.16500000655651093,0.16500000655651093,4500.0
2026-04-08 15:04:00,NILI.V,,0.6349999904632568,0.6349999904632568,0.6349999904632568,0.6349999904632568,500.0
2026-04-08 15:04:00,TUD.V,,0.9599999785423279,0.9599999785423279,0.9599999785423279,0.9599999785423279,14000.0
2026-04-08 15:04:00,UCU.V,,5.65500020980835,5.699999809265137,5.65500020980835,5.670000076293945,3900.0
2026-04-08 15:05:00,NILI.V,,0.6349999904632568,0.6349999904632568,0.6349999904632568,0.6349999904632568,500.0
2026-04-08 15:05:00,TLA.V,,0.5600000023841858,0.5600000023841858,0.5600000023841858,0.5600000023841858,500.0
2026-04-08 15:05:00,TORQ.V,,0.07000000029802322,0.07000000029802322,0.07000000029802322,0.07000000029802322,8000.0
2026-04-08 15:05:00,TUD.V,,0.9599999785423279,0.9599999785423279,0.9599999785423279,0.9599999785423279,1400.0
2026-04-08 15:05:00,VCU.V,,1.1799999475479126,1.2000000476837158,1.1799999475479126,1.2000000476837158,2400.0
2026-04-08 15:06:00,NILI.V,,0.6299999952316284,0.6399999856948853,0.6299999952316284,0.6399999856948853,7000.0
2026-04-08 15:06:00,UCU.V,,5.630000114440918,5.650000095367432,5.619999885559082,5.650000095367432,5000.0
2026-04-08 15:06:00,WRLG.V,,0.9700000286102295,0.9700000286102295,0.9700000286102295,0.9700000286102295,500.0
2026-04-08 15:07:00,WGO.V,,1.5149999856948853,1.5149999856948853,1.5149999856948853,1.5149999856948853,1000.0
2026-04-08 15:07:00,WHY.V,,0.3449999988079071,0.3449999988079071,0.3449999988079071,0.3449999988079071,2100.0
2026-04-08 15:07:00,WRLG.V,,0.9700000286102295,0.9700000286102295,0.9700000286102295,0.9700000286102295,1500.0
2026-04-08 15:07:00,ZDC.V,,5.289999961853027,5.289999961853027,5.28000020980835,5.28000020980835,1100.0
2026-04-08 15:08:00,NILI.V,,0.6299999952316284,0.6299999952316284,0.6299999952316284,0.6299999952316284,500.0
2026-04-08 15:08:00,THX.V,,1.409999966621399,1.409999966621399,1.409999966621399,1.409999966621399,100.0
2026-04-08 15:08:00,TUO.V,,1.6699999570846558,1.6699999570846558,1.6699999570846558,1.6699999570846558,800.0
2026-04-08 15:08:00,VAU.V,,0.13500000536441803,0.13500000536441803,0.13500000536441803,0.13500000536441803,4000.0
2026-04-08 15:08:00,WRLG.V,,0.9700000286102295,0.9700000286102295,0.9700000286102295,0.9700000286102295,500.0
2026-04-08 15:08:00,YEG.V,,0.17000000178813934,0.17000000178813934,0.17000000178813934,0.17000000178813934,1000.0
2026-04-08 15:08:00,ZDC.V,,5.28000020980835,5.309999942779541,5.28000020980835,5.309999942779541,1500.0
2026-04-08 15:09:00,NILI.V,,0.6299999952316284,0.6299999952316284,0.6299999952316284,0.6299999952316284,500.0
2026-04-08 15:09:00,THX.V,,1.409999966621399,1.409999966621399,1.409999966621399,1.409999966621399,100.0
2026-04-08 15:09:00,TUD.V,,0.9599999785423279,0.9599999785423279,0.9599999785423279,0.9599999785423279,583.0
2026-04-08 15:09:00,VCU.V,,1.1799999475479126,1.2000000476837158,1.1799999475479126,1.2000000476837158,400.0
2026-04-08 15:10:00,NILI.V,,0.6299999952316284,0.6299999952316284,0.6299999952316284,0.6299999952316284,500.0
2026-04-08 15:10:00,THX.V,,1.409999966621399,1.409999966621399,1.409999966621399,1.409999966621399,111.0
2026-04-08 15:10:00,TOI.V,,92.19000244140625,92.19000244140625,92.19000244140625,92.19000244140625,202.0
2026-04-08 15:10:00,TUD.V,,0.9599999785423279,0.9599999785423279,0.9599999785423279,0.9599999785423279,37100.0
2026-04-08 15:10:00,UCU.V,,5.650000095367432,5.650000095367432,5.650000095367432,5.650000095367432,400.0
2026-04-08 15:10:00,WRLG.V,,0.9700000286102295,0.9700000286102295,0.9700000286102295,0.9700000286102295,500.0
2026-04-08 15:10:00,ZDC.V,,5.300000190734863,5.300000190734863,5.300000190734863,5.300000190734863,700.0
2026-04-08 15:11:00,WI.V,,0.8899999856948853,0.8899999856948853,0.8899999856948853,0.8899999856948853,500.0
2026-04-08 15:12:00,AUMB.V,,0.9300000071525574,0.9350000023841858,0.9300000071525574,0.9350000023841858,17000.0
2026-04-08 15:12:00,TUO.V,,1.649999976158142,1.649999976158142,1.649999976158142,1.649999976158142,200.0
2026-04-08 15:12:00,UCU.V,,5.659999847412109,5.659999847412109,5.650000095367432,5.650000095367432,1300.0
2026-04-08 15:12:00,VCU.V,,1.1799999475479126,1.1799999475479126,1.1799999475479126,1.1799999475479126,100.0
2026-04-08 15:12:00,VRB.V,,0.10000000149011612,0.10000000149011612,0.10000000149011612,0.10000000149011612,500.0
2026-04-08 15:13:00,AUMB.V,,0.9300000071525574,0.9350000023841858,0.9300000071525574,0.9350000023841858,10000.0
2026-04-08 15:13:00,EFF.V,,0.02500000037252903,0.02500000037252903,0.02500000037252903,0.02500000037252903,44000.0
2026-04-08 15:13:00,ZDC.V,,5.300000190734863,5.300000190734863,5.300000190734863,5.300000190734863,400.0
2026-04-08 15:14:00,TBK.V,,0.4449999928474426,0.4449999928474426,0.4449999928474426,0.4449999928474426,1500.0
2026-04-08 15:14:00,TR.V,,0.02500000037252903,0.02500000037252903,0.02500000037252903,0.02500000037252903,0.0
2026-04-08 15:14:00,TUD.V,,0.9599999785423279,0.9599999785423279,0.9599999785423279,0.9599999785423279,500.0
2026-04-08 15:15:00,AUMB.V,,0.9300000071525574,0.9350000023841858,0.9300000071525574,0.9350000023841858,22394.0
2026-04-08 15:15:00,TOI.V,,92.95999908447266,92.95999908447266,92.77999877929688,92.79000091552734,600.0
2026-04-08 15:15:00,XIM.V,,0.06499999761581421,0.06499999761581421,0.06499999761581421,0.06499999761581421,0.0
2026-04-08 15:16:00,NILI.V,,0.6399999856948853,0.6399999856948853,0.6299999952316284,0.6399999856948853,53500.0
2026-04-08 15:16:00,TECT.V,,2.299999952316284,2.299999952316284,2.299999952316284,2.299999952316284,100.0
2026-04-08 15:16:00,TNR.V,,0.23000000417232513,0.23000000417232513,0.23000000417232513,0.23000000417232513,500.0
2026-04-08 15:16:00,VCU.V,,1.1799999475479126,1.1799999475479126,1.1799999475479126,1.1799999475479126,100.0
2026-04-08 15:16:00,WAM.V,,0.7900000214576721,0.7900000214576721,0.7799999713897705,0.7799999713897705,2000.0
2026-04-08 15:16:00,WED.V,,23.649999618530273,23.649999618530273,23.649999618530273,23.649999618530273,200.0
2026-04-08 15:16:00,XIM.V,,0.07000000029802322,0.07000000029802322,0.07000000029802322,0.07000000029802322,139000.0
2026-04-08 15:16:00,ZDC.V,,5.289999961853027,5.300000190734863,5.289999961853027,5.300000190734863,600.0
2026-04-08 15:17:00,TUD.V,,0.9599999785423279,0.9599999785423279,0.9599999785423279,0.9599999785423279,500.0
2026-04-08 15:17:00,VCU.V,,1.2100000381469727,1.2100000381469727,1.2000000476837158,1.2000000476837158,9300.0
2026-04-08 15:17:00,WGF.V,,0.17000000178813934,0.17000000178813934,0.17000000178813934,0.17000000178813934,75500.0
2026-04-08 15:17:00,WIL.V,,0.33000001311302185,0.33000001311302185,0.33000001311302185,0.33000001311302185,11000.0
2026-04-08 15:18:00,AUMB.V,,0.9300000071525574,0.9350000023841858,0.9300000071525574,0.9350000023841858,2000.0
2026-04-08 15:18:00,TDG.V,,0.5400000214576721,0.5400000214576721,0.5400000214576721,0.5400000214576721,18000.0
2026-04-08 15:18:00,TUD.V,,0.9599999785423279,0.9599999785423279,0.9599999785423279,0.9599999785423279,500.0
2026-04-08 15:18:00,VCU.V,,1.2100000381469727,1.2100000381469727,1.2100000381469727,1.2100000381469727,100.0
2026-04-08 15:18:00,WED.V,,23.649999618530273,23.700000762939453,23.649999618530273,23.700000762939453,1300.0
2026-04-08 15:19:00,THX.V,,1.4149999618530273,1.4149999618530273,1.4149999618530273,1.4149999618530273,100.0
2026-04-08 15:19:00,TUD.V,,0.9599999785423279,0.9599999785423279,0.9599999785423279,0.9599999785423279,500.0
2026-04-08 15:19:00,WI.V,,0.8799999952316284,0.8799999952316284,0.8799999952316284,0.8799999952316284,500.0
2026-04-08 15:19:00,ZDC.V,,5.28000020980835,5.289999961853027,5.28000020980835,5.289999961853027,2899.0
2026-04-08 15:20:00,AUMB.V,,0.9300000071525574,0.9300000071525574,0.9300000071525574,0.9300000071525574,3500.0
2026-04-08 15:20:00,TMG.V,,0.15000000596046448,0.15000000596046448,0.15000000596046448,0.15000000596046448,2000.0
2026-04-08 15:20:00,TUD.V,,0.9599999785423279,0.9599999785423279,0.9599999785423279,0.9599999785423279,500.0
2026-04-08 15:20:00,UCU.V,,5.650000095367432,5.650000095367432,5.650000095367432,5.650000095367432,605.0
2026-04-08 15:20:00,ZDC.V,,5.28000020980835,5.28000020980835,5.269999980926514,5.28000020980835,600.0
2026-04-08 15:21:00,TOI.V,,92.52999877929688,92.52999877929688,92.52999877929688,92.52999877929688,100.0
2026-04-08 15:21:00,WEX.V,,0.699999988079071,0.699999988079071,0.699999988079071,0.699999988079071,1000.0
2026-04-08 15:21:00,WRLG.V,,0.9700000286102295,0.9700000286102295,0.9700000286102295,0.9700000286102295,6500.0
2026-04-08 15:21:00,ZDC.V,,5.269999980926514,5.269999980926514,5.269999980926514,5.269999980926514,700.0
2026-04-08 15:22:00,TUD.V,,0.9599999785423279,0.9599999785423279,0.9599999785423279,0.9599999785423279,3500.0
2026-04-08 15:22:00,ZDC.V,,5.28000020980835,5.28000020980835,5.269999980926514,5.269999980926514,900.0
2026-04-08 15:23:00,TECT.V,,2.299999952316284,2.299999952316284,2.299999952316284,2.299999952316284,400.0
2026-04-08 15:23:00,TOI.V,,92.52999877929688,92.52999877929688,92.52999877929688,92.52999877929688,464.0
2026-04-08 15:23:00,TSLV.V,,0.10999999940395355,0.10999999940395355,0.10999999940395355,0.10999999940395355,11000.0
2026-04-08 15:23:00,UCU.V,,5.650000095367432,5.650000095367432,5.650000095367432,5.650000095367432,100.0
2026-04-08 15:23:00,WI.V,,0.8799999952316284,0.8799999952316284,0.8799999952316284,0.8799999952316284,4000.0
2026-04-08 15:23:00,ZDC.V,,5.269999980926514,5.269999980926514,5.269999980926514,5.269999980926514,100.0
2026-04-08 15:24:00,AUMB.V,,0.9399999976158142,0.9399999976158142,0.9399999976158142,0.9399999976158142,23500.0
2026-04-08 15:24:00,TUD.V,,0.9599999785423279,0.9599999785423279,0.9599999785423279,0.9599999785423279,500.0
2026-04-08 15:24:00,WHY.V,,0.3449999988079071,0.3449999988079071,0.3449999988079071,0.3449999988079071,3500.0
2026-04-08 15:25:00,AUMB.V,,0.9399999976158142,0.9399999976158142,0.9399999976158142,0.9399999976158142,2500.0
2026-04-08 15:25:00,THX.V,,1.4149999618530273,1.4149999618530273,1.4149999618530273,1.4149999618530273,100.0
2026-04-08 15:26:00,AUMB.V,,0.9399999976158142,0.9399999976158142,0.9399999976158142,0.9399999976158142,3146.0
2026-04-08 15:26:00,UCU.V,,5.639999866485596,5.639999866485596,5.639999866485596,5.639999866485596,100.0
2026-04-08 15:26:00,ZDC.V,,5.28000020980835,5.28000020980835,5.28000020980835,5.28000020980835,700.0
2026-04-08 15:27:00,AWE.V,,0.13500000536441803,0.13500000536441803,0.13500000536441803,0.13500000536441803,4000.0
2026-04-08 15:27:00,THX.V,,1.4149999618530273,1.4149999618530273,1.4149999618530273,1.4149999618530273,100.0
2026-04-08 15:27:00,TUD.V,,0.9599999785423279,0.9599999785423279,0.9599999785423279,0.9599999785423279,1000.0
2026-04-08 15:27:00,UCU.V,,5.639999866485596,5.639999866485596,5.639999866485596,5.639999866485596,100.0
2026-04-08 15:27:00,ZDC.V,,5.260000228881836,5.269999980926514,5.260000228881836,5.269999980926514,200.0
2026-04-08 15:28:00,VCU.V,,1.2100000381469727,1.2100000381469727,1.2100000381469727,1.2100000381469727,900.0
2026-04-08 15:28:00,WRLG.V,,0.9800000190734863,0.9800000190734863,0.9800000190734863,0.9800000190734863,54040.0
2026-04-08 15:28:00,ZDC.V,,5.260000228881836,5.269999980926514,5.260000228881836,5.269999980926514,1400.0
2026-04-08 15:29:00,TLA.V,,0.550000011920929,0.550000011920929,0.550000011920929,0.550000011920929,3500.0
2026-04-08 15:29:00,TUO.V,,1.6699999570846558,1.6699999570846558,1.6699999570846558,1.6699999570846558,1400.0
2026-04-08 15:29:00,UCU.V,,5.639999866485596,5.639999866485596,5.630000114440918,5.630000114440918,200.0
2026-04-08 15:29:00,VCU.V,,1.2100000381469727,1.2100000381469727,1.2100000381469727,1.2100000381469727,3800.0
2026-04-08 15:30:00,AUMB.V,,0.9300000071525574,0.9300000071525574,0.9300000071525574,0.9300000071525574,2000.0
2026-04-08 15:30:00,NILI.V,,0.6399999856948853,0.6399999856948853,0.6399999856948853,0.6399999856948853,1000.0
2026-04-08 15:30:00,THX.V,,1.4149999618530273,1.4149999618530273,1.4149999618530273,1.4149999618530273,100.0
2026-04-08 15:30:00,TUD.V,,0.9599999785423279,0.9599999785423279,0.9599999785423279,0.9599999785423279,1000.0
2026-04-08 15:30:00,UCU.V,,5.639999866485596,5.639999866485596,5.639999866485596,5.639999866485596,2950.0
2026-04-08 15:30:00,WAM.V,,0.7850000262260437,0.7850000262260437,0.7850000262260437,0.7850000262260437,1000.0
2026-04-08 15:30:00,WGO.V,,1.524999976158142,1.524999976158142,1.524999976158142,1.524999976158142,100.0
2026-04-08 15:30:00,WRLG.V,,0.9800000190734863,0.9800000190734863,0.9800000190734863,0.9800000190734863,16000.0
2026-04-08 15:31:00,TECT.V,,2.299999952316284,2.299999952316284,2.299999952316284,2.299999952316284,4000.0
2026-04-08 15:31:00,TG.V,,0.2150000035762787,0.2150000035762787,0.2150000035762787,0.2150000035762787,8000.0
2026-04-08 15:31:00,ZDC.V,,5.260000228881836,5.28000020980835,5.260000228881836,5.28000020980835,5300.0
2026-04-08 15:32:00,WGO.V,,1.5299999713897705,1.5299999713897705,1.524999976158142,1.524999976158142,2800.0
2026-04-08 15:32:00,WI.V,,0.8899999856948853,0.8899999856948853,0.8899999856948853,0.8899999856948853,2500.0
2026-04-08 15:32:00,WRLG.V,,0.9800000190734863,0.9800000190734863,0.9800000190734863,0.9800000190734863,1500.0
2026-04-08 15:32:00,WVM.V,,1.8700000047683716,1.8700000047683716,1.8700000047683716,1.8700000047683716,1600.0
2026-04-08 15:32:00,ZDC.V,,5.260000228881836,5.260000228881836,5.260000228881836,5.260000228881836,500.0
2026-04-08 15:33:00,AUMB.V,,0.9300000071525574,0.9399999976158142,0.9300000071525574,0.9399999976158142,20900.0
2026-04-08 15:33:00,NILI.V,,0.6399999856948853,0.6399999856948853,0.6399999856948853,0.6399999856948853,500.0
2026-04-08 15:33:00,THX.V,,1.4149999618530273,1.4149999618530273,1.4149999618530273,1.4149999618530273,100.0
2026-04-08 15:33:00,VCU.V,,1.2200000286102295,1.2200000286102295,1.2200000286102295,1.2200000286102295,100.0
2026-04-08 15:33:00,WRLG.V,,0.9800000190734863,0.9800000190734863,0.9800000190734863,0.9800000190734863,500.0
2026-04-08 15:33:00,ZDC.V,,5.25,5.260000228881836,5.25,5.260000228881836,1700.0
2026-04-08 15:34:00,AUMB.V,,0.9300000071525574,0.9350000023841858,0.9300000071525574,0.9350000023841858,15000.0
2026-04-08 15:34:00,EFF.V,,0.02500000037252903,0.02500000037252903,0.02500000037252903,0.02500000037252903,23000.0
2026-04-08 15:34:00,WRLG.V,,0.9900000095367432,0.9900000095367432,0.9800000190734863,0.9800000190734863,24400.0
2026-04-08 15:34:00,ZDC.V,,5.25,5.260000228881836,5.25,5.260000228881836,600.0
2026-04-08 15:35:00,TUD.V,,0.9599999785423279,0.9599999785423279,0.9599999785423279,0.9599999785423279,1000.0
2026-04-08 15:35:00,WRLG.V,,0.9900000095367432,0.9900000095367432,0.9900000095367432,0.9900000095367432,3000.0
2026-04-08 15:35:00,ZDC.V,,5.230000019073486,5.25,5.230000019073486,5.25,2500.0
2026-04-08 15:36:00,THX.V,,1.4199999570846558,1.4199999570846558,1.4199999570846558,1.4199999570846558,100.0
2026-04-08 15:36:00,TOI.V,,92.55999755859375,92.55999755859375,92.55000305175781,92.55999755859375,300.0
2026-04-08 15:36:00,VCT.V,,0.019999999552965164,0.019999999552965164,0.019999999552965164,0.019999999552965164,20000.0
2026-04-08 15:36:00,WGO.V,,1.5299999713897705,1.5299999713897705,1.5299999713897705,1.5299999713897705,200.0
2026-04-08 15:36:00,ZDC.V,,5.260000228881836,5.260000228881836,5.260000228881836,5.260000228881836,100.0
2026-04-08 15:37:00,AUMB.V,,0.9399999976158142,0.9399999976158142,0.9399999976158142,0.9399999976158142,5000.0
2026-04-08 15:37:00,TBK.V,,0.4449999928474426,0.4449999928474426,0.4449999928474426,0.4449999928474426,7500.0
2026-04-08 15:37:00,TDG.V,,0.5400000214576721,0.5400000214576721,0.5400000214576721,0.5400000214576721,5000.0
2026-04-08 15:37:00,TG.V,,0.2150000035762787,0.2150000035762787,0.2150000035762787,0.2150000035762787,3500.0
2026-04-08 15:37:00,TR.V,,0.02500000037252903,0.02500000037252903,0.02500000037252903,0.02500000037252903,32000.0
2026-04-08 15:37:00,TTZ.V,,0.36500000953674316,0.36500000953674316,0.36500000953674316,0.36500000953674316,1000.0
2026-04-08 15:37:00,UCU.V,,5.639999866485596,5.639999866485596,5.639999866485596,5.639999866485596,300.0
2026-04-08 15:37:00,VCU.V,,1.2000000476837158,1.2000000476837158,1.2000000476837158,1.2000000476837158,100.0
2026-04-08 15:37:00,WGO.V,,1.5199999809265137,1.5199999809265137,1.5199999809265137,1.5199999809265137,4800.0
2026-04-08 15:38:00,AUMB.V,,0.9399999976158142,0.9399999976158142,0.9399999976158142,0.9399999976158142,10500.0
2026-04-08 15:38:00,TDG.V,,0.5450000166893005,0.5450000166893005,0.5450000166893005,0.5450000166893005,500.0
2026-04-08 15:38:00,TOI.V,,92.5999984741211,92.5999984741211,92.5999984741211,92.5999984741211,100.0
2026-04-08 15:38:00,UCU.V,,5.639999866485596,5.639999866485596,5.639999866485596,5.639999866485596,400.0
2026-04-08 15:38:00,VCU.V,,1.2100000381469727,1.215000033378601,1.2100000381469727,1.2100000381469727,600.0
2026-04-08 15:38:00,WAM.V,,0.7799999713897705,0.7850000262260437,0.7799999713897705,0.7850000262260437,3000.0
2026-04-08 15:39:00,TMG.V,,0.15000000596046448,0.15000000596046448,0.15000000596046448,0.15000000596046448,10000.0
2026-04-08 15:39:00,VCU.V,,1.2100000381469727,1.2100000381469727,1.2100000381469727,1.2100000381469727,100.0
2026-04-08 15:39:00,WAM.V,,0.7799999713897705,0.7850000262260437,0.7799999713897705,0.7850000262260437,1500.0
2026-04-08 15:40:00,AUMB.V,,0.9399999976158142,0.9399999976158142,0.9399999976158142,0.9399999976158142,900.0
2026-04-08 15:40:00,TECT.V,,2.299999952316284,2.299999952316284,2.2799999713897705,2.2799999713897705,4100.0
2026-04-08 15:40:00,TGOL.V,,0.11500000208616257,0.11500000208616257,0.11500000208616257,0.11500000208616257,1000.0
2026-04-08 15:40:00,THX.V,,1.4149999618530273,1.4149999618530273,1.4149999618530273,1.4149999618530273,158.0
2026-04-08 15:40:00,UCU.V,,5.659999847412109,5.659999847412109,5.659999847412109,5.659999847412109,1000.0
2026-04-08 15:40:00,VCU.V,,1.2000000476837158,1.2000000476837158,1.2000000476837158,1.2000000476837158,100.0
2026-04-08 15:41:00,TNR.V,,0.23499999940395355,0.23499999940395355,0.23250000178813934,0.23250000178813934,2000.0
2026-04-08 15:41:00,TOI.V,,92.55000305175781,92.55000305175781,92.55000305175781,92.55000305175781,100.0
2026-04-08 15:41:00,TUD.V,,0.9599999785423279,0.9599999785423279,0.9599999785423279,0.9599999785423279,1000.0
2026-04-08 15:41:00,UCU.V,,5.650000095367432,5.650000095367432,5.650000095367432,5.650000095367432,400.0
2026-04-08 15:42:00,AUMB.V,,0.9300000071525574,0.9300000071525574,0.9300000071525574,0.9300000071525574,3500.0
2026-04-08 15:42:00,VTX.V,,0.20000000298023224,0.20000000298023224,0.20000000298023224,0.20000000298023224,0.0
2026-04-08 15:42:00,WAM.V,,0.7799999713897705,0.7799999713897705,0.7799999713897705,0.7799999713897705,1500.0
2026-04-08 15:42:00,WCE.V,,0.125,0.125,0.125,0.125,6500.0
2026-04-08 15:42:00,WGO.V,,1.5299999713897705,1.5299999713897705,1.5299999713897705,1.5299999713897705,100.0
2026-04-08 15:42:00,WRLG.V,,0.9900000095367432,0.9900000095367432,0.9900000095367432,0.9900000095367432,3000.0
2026-04-08 15:42:00,ZOMD.V,,0.9100000262260437,0.9100000262260437,0.9100000262260437,0.9100000262260437,31613.0
2026-04-08 15:43:00,TTS.V,,0.49000000953674316,0.49000000953674316,0.49000000953674316,0.49000000953674316,1500.0
2026-04-08 15:43:00,WRLG.V,,0.9900000095367432,0.9900000095367432,0.9900000095367432,0.9900000095367432,3000.0
2026-04-08 15:43:00,ZDC.V,,5.239999771118164,5.239999771118164,5.239999771118164,5.239999771118164,1600.0
2026-04-08 15:43:00,ZOMD.V,,0.9100000262260437,0.9100000262260437,0.9100000262260437,0.9100000262260437,4000.0
2026-04-08 15:44:00,VCU.V,,1.215000033378601,1.215000033378601,1.2000000476837158,1.2000000476837158,3100.0
2026-04-08 15:44:00,WGO.V,,1.5299999713897705,1.5299999713897705,1.5299999713897705,1.5299999713897705,100.0
2026-04-08 15:44:00,WRLG.V,,0.9850000143051147,0.9850000143051147,0.9850000143051147,0.9850000143051147,500.0
2026-04-08 15:44:00,ZDC.V,,5.230000019073486,5.230000019073486,5.230000019073486,5.230000019073486,200.0
2026-04-08 15:45:00,TUD.V,,0.9599999785423279,0.9599999785423279,0.9599999785423279,0.9599999785423279,500.0
2026-04-08 15:45:00,UCU.V,,5.639999866485596,5.650000095367432,5.639999866485596,5.650000095367432,1600.0
2026-04-08 15:45:00,VCU.V,,1.2100000381469727,1.2100000381469727,1.2100000381469727,1.2100000381469727,600.0
2026-04-08 15:46:00,TRO.V,,0.17000000178813934,0.17000000178813934,0.17000000178813934,0.17000000178813934,9000.0
2026-04-08 15:46:00,UCU.V,,5.639999866485596,5.639999866485596,5.639999866485596,5.639999866485596,390.0
2026-04-08 15:46:00,VCU.V,,1.190000057220459,1.2000000476837158,1.190000057220459,1.2000000476837158,49900.0
2026-04-08 15:46:00,WGO.V,,1.5299999713897705,1.5299999713897705,1.5299999713897705,1.5299999713897705,100.0
2026-04-08 15:46:00,ZDC.V,,5.260000228881836,5.260000228881836,5.260000228881836,5.260000228881836,600.0
2026-04-08 15:47:00,VCU.V,,1.2000000476837158,1.2000000476837158,1.2000000476837158,1.2000000476837158,1000.0
2026-04-08 15:47:00,ZDC.V,,5.25,5.260000228881836,5.25,5.260000228881836,1200.0
2026-04-08 15:48:00,TVI.V,,0.04500000178813934,0.04500000178813934,0.04500000178813934,0.04500000178813934,256000.0
2026-04-08 15:48:00,WGO.V,,1.5299999713897705,1.5299999713897705,1.5299999713897705,1.5299999713897705,100.0
2026-04-08 15:49:00,AUMB.V,,0.9300000071525574,0.9350000023841858,0.9300000071525574,0.9350000023841858,10500.0
2026-04-08 15:49:00,TOI.V,,92.55000305175781,92.55000305175781,92.55000305175781,92.55000305175781,104.0
2026-04-08 15:49:00,UCU.V,,5.630000114440918,5.630000114440918,5.630000114440918,5.630000114440918,400.0
2026-04-08 15:49:00,WRLG.V,,0.9850000143051147,0.9850000143051147,0.9850000143051147,0.9850000143051147,500.0
2026-04-08 15:49:00,XGC.V,,0.2800000011920929,0.2800000011920929,0.2800000011920929,0.2800000011920929,500.0
2026-04-08 15:49:00,ZDC.V,,5.25,5.260000228881836,5.25,5.260000228881836,1000.0
2026-04-08 15:50:00,AUMB.V,,0.9300000071525574,0.9300000071525574,0.9300000071525574,0.9300000071525574,8000.0
2026-04-08 15:50:00,TDG.V,,0.550000011920929,0.550000011920929,0.550000011920929,0.550000011920929,3000.0
2026-04-08 15:50:00,THX.V,,1.4149999618530273,1.4149999618530273,1.4149999618530273,1.4149999618530273,100.0
2026-04-08 15:50:00,TK.V,,0.38999998569488525,0.39500001072883606,0.38999998569488525,0.39500001072883606,4000.0
2026-04-08 15:50:00,TRO.V,,0.17000000178813934,0.17000000178813934,0.17000000178813934,0.17000000178813934,5000.0
2026-04-08 15:50:00,UCU.V,,5.659999847412109,5.659999847412109,5.659999847412109,5.659999847412109,273.0
2026-04-08 15:50:00,WGO.V,,1.5299999713897705,1.5299999713897705,1.5299999713897705,1.5299999713897705,100.0
2026-04-08 15:51:00,AUMB.V,,0.9399999976158142,0.9399999976158142,0.9399999976158142,0.9399999976158142,17000.0
2026-04-08 15:51:00,TOI.V,,92.22000122070312,92.91000366210938,92.22000122070312,92.91000366210938,1827.0
2026-04-08 15:51:00,TRO.V,,0.17000000178813934,0.17000000178813934,0.17000000178813934,0.17000000178813934,5727.0
2026-04-08 15:51:00,WRLG.V,,0.9900000095367432,0.9900000095367432,0.9900000095367432,0.9900000095367432,500.0
2026-04-08 15:51:00,ZDC.V,,5.239999771118164,5.260000228881836,5.239999771118164,5.260000228881836,1600.0
2026-04-08 15:52:00,AUMB.V,,0.9399999976158142,0.9399999976158142,0.9399999976158142,0.9399999976158142,1000.0
2026-04-08 15:52:00,TOI.V,,91.63999938964844,92.0,91.63999938964844,92.0,525.0
2026-04-08 15:52:00,TUD.V,,0.9599999785423279,0.9599999785423279,0.9599999785423279,0.9599999785423279,500.0
2026-04-08 15:52:00,WGO.V,,1.5299999713897705,1.5299999713897705,1.5299999713897705,1.5299999713897705,800.0
2026-04-08 15:52:00,WHN.V,,0.25999999046325684,0.25999999046325684,0.25999999046325684,0.25999999046325684,1500.0
2026-04-08 15:52:00,WRLG.V,,0.9900000095367432,0.9900000095367432,0.9900000095367432,0.9900000095367432,2000.0
2026-04-08 15:52:00,ZDC.V,,5.21999979019165,5.25,5.21999979019165,5.25,2950.0
2026-04-08 15:53:00,AUMB.V,,0.9399999976158142,0.9399999976158142,0.9399999976158142,0.9399999976158142,7000.0
2026-04-08 15:53:00,TBIX.V,,0.014999999664723873,0.014999999664723873,0.014999999664723873,0.014999999664723873,0.0
2026-04-08 15:53:00,TECT.V,,2.2899999618530273,2.2899999618530273,2.2899999618530273,2.2899999618530273,400.0
2026-04-08 15:53:00,THX.V,,1.4199999570846558,1.4199999570846558,1.4199999570846558,1.4199999570846558,7600.0
2026-04-08 15:53:00,TOI.V,,91.83999633789062,91.86000061035156,91.83999633789062,91.86000061035156,300.0
2026-04-08 15:53:00,TTI.V,,0.47999998927116394,0.47999998927116394,0.47999998927116394,0.47999998927116394,5500.0
2026-04-08 15:53:00,TUD.V,,0.9649999737739563,0.9649999737739563,0.9649999737739563,0.9649999737739563,2500.0
2026-04-08 15:53:00,UCU.V,,5.630000114440918,5.659999847412109,5.630000114440918,5.659999847412109,800.0
2026-04-08 15:53:00,WGO.V,,1.5399999618530273,1.5399999618530273,1.5399999618530273,1.5399999618530273,100.0
2026-04-08 15:53:00,WHN.V,,0.25999999046325684,0.25999999046325684,0.25999999046325684,0.25999999046325684,2000.0
2026-04-08 15:53:00,ZDC.V,,5.230000019073486,5.239999771118164,5.210000038146973,5.239999771118164,5200.0
2026-04-08 15:54:00,THX.V,,1.4199999570846558,1.4199999570846558,1.4199999570846558,1.4199999570846558,900.0
2026-04-08 15:54:00,TRO.V,,0.18000000715255737,0.18000000715255737,0.18000000715255737,0.18000000715255737,4000.0
2026-04-08 15:54:00,UCU.V,,5.659999847412109,5.659999847412109,5.659999847412109,5.659999847412109,400.0
2026-04-08 15:54:00,VCU.V,,1.2000000476837158,1.2000000476837158,1.2000000476837158,1.2000000476837158,200.0
2026-04-08 15:54:00,ZDC.V,,5.260000228881836,5.260000228881836,5.260000228881836,5.260000228881836,900.0
2026-04-08 15:55:00,THX.V,,1.4249999523162842,1.4249999523162842,1.4199999570846558,1.4199999570846558,2100.0
2026-04-08 15:55:00,TMG.V,,0.15000000596046448,0.15000000596046448,0.15000000596046448,0.15000000596046448,6000.0
2026-04-08 15:55:00,TOI.V,,91.51000213623047,91.81999969482422,91.51000213623047,91.81999969482422,1700.0
2026-04-08 15:55:00,TUD.V,,0.9649999737739563,0.9649999737739563,0.9649999737739563,0.9649999737739563,500.0
2026-04-08 15:55:00,UCU.V,,5.630000114440918,5.659999847412109,5.630000114440918,5.659999847412109,1300.0
2026-04-08 15:55:00,VCU.V,,1.2000000476837158,1.2000000476837158,1.2000000476837158,1.2000000476837158,300.0
2026-04-08 15:55:00,WGO.V,,1.5299999713897705,1.5399999618530273,1.5299999713897705,1.5299999713897705,3800.0
2026-04-08 15:55:00,WP.V,,0.1599999964237213,0.1599999964237213,0.1599999964237213,0.1599999964237213,500.0
2026-04-08 15:55:00,WRLG.V,,0.9850000143051147,0.9900000095367432,0.9850000143051147,0.9900000095367432,6000.0
2026-04-08 15:55:00,XRTX.V,,3.9000000953674316,3.9000000953674316,3.9000000953674316,3.9000000953674316,300.0
2026-04-08 15:55:00,ZDC.V,,5.28000020980835,5.28000020980835,5.28000020980835,5.28000020980835,200.0
2026-04-08 15:56:00,TDG.V,,0.5600000023841858,0.5600000023841858,0.5550000071525574,0.5550000071525574,6000.0
2026-04-08 15:56:00,TOI.V,,92.0,92.3499984741211,91.88999938964844,92.0,6200.0
2026-04-08 15:56:00,TUD.V,,0.9649999737739563,0.9649999737739563,0.9649999737739563,0.9649999737739563,500.0
2026-04-08 15:56:00,UCU.V,,5.639999866485596,5.690000057220459,5.610000133514404,5.630000114440918,7550.0
2026-04-08 15:56:00,VCU.V,,1.2000000476837158,1.2000000476837158,1.2000000476837158,1.2000000476837158,400.0
2026-04-08 15:56:00,WGO.V,,1.5399999618530273,1.5399999618530273,1.5399999618530273,1.5399999618530273,100.0
2026-04-08 15:56:00,WRLG.V,,0.9900000095367432,0.9900000095367432,0.9900000095367432,0.9900000095367432,2000.0
2026-04-08 15:56:00,ZDC.V,,5.28000020980835,5.28000020980835,5.28000020980835,5.28000020980835,1300.0
2026-04-08 15:57:00,RARE.V,,5.699999809265137,5.699999809265137,5.599999904632568,5.650000095367432,1000.0
2026-04-08 15:57:00,TIG.V,,0.550000011920929,0.550000011920929,0.550000011920929,0.550000011920929,3000.0
2026-04-08 15:57:00,TNR.V,,0.23000000417232513,0.23000000417232513,0.23000000417232513,0.23000000417232513,29000.0
2026-04-08 15:57:00,TOI.V,,92.0,92.16000366210938,91.9000015258789,92.0,2500.0
2026-04-08 15:57:00,TUD.V,,0.9700000286102295,0.9700000286102295,0.9700000286102295,0.9700000286102295,17700.0
2026-04-08 15:57:00,UCU.V,,5.630000114440918,5.650000095367432,5.619999885559082,5.630000114440918,2000.0
2026-04-08 15:57:00,VCU.V,,1.190000057220459,1.2000000476837158,1.190000057220459,1.2000000476837158,2700.0
2026-04-08 15:57:00,VO.V,,0.10499999672174454,0.10499999672174454,0.10499999672174454,0.10499999672174454,1000.0
2026-04-08 15:57:00,WGO.V,,1.5399999618530273,1.5399999618530273,1.5399999618530273,1.5399999618530273,200.0
2026-04-08 15:57:00,WRLG.V,,0.9900000095367432,0.9950000047683716,0.9900000095367432,0.9900000095367432,157634.0
2026-04-08 15:57:00,ZDC.V,,5.239999771118164,5.25,5.239999771118164,5.25,800.0
2026-04-08 15:58:00,AUMB.V,,0.9449999928474426,0.9449999928474426,0.9399999976158142,0.9399999976158142,2500.0
2026-04-08 15:58:00,TECT.V,,2.2799999713897705,2.2799999713897705,2.2799999713897705,2.2799999713897705,2500.0
2026-04-08 15:58:00,THX.V,,1.4249999523162842,1.4249999523162842,1.4249999523162842,1.4249999523162842,100.0
2026-04-08 15:58:00,TOI.V,,92.19999694824219,92.19999694824219,92.0,92.0,2300.0
2026-04-08 15:58:00,TRO.V,,0.18000000715255737,0.18000000715255737,0.18000000715255737,0.18000000715255737,7338.0
2026-04-08 15:58:00,TTI.V,,0.46000000834465027,0.46000000834465027,0.46000000834465027,0.46000000834465027,2000.0
2026-04-08 15:58:00,TUD.V,,0.9700000286102295,0.9700000286102295,0.9700000286102295,0.9700000286102295,500.0
2026-04-08 15:58:00,UCU.V,,5.630000114440918,5.650000095367432,5.630000114440918,5.650000095367432,4300.0
2026-04-08 15:58:00,VCU.V,,1.190000057220459,1.190000057220459,1.190000057220459,1.190000057220459,400.0
2026-04-08 15:58:00,WGO.V,,1.534999966621399,1.534999966621399,1.5299999713897705,1.534999966621399,400.0
2026-04-08 15:58:00,ZDC.V,,5.21999979019165,5.269999980926514,5.21999979019165,5.239999771118164,3900.0
2026-04-08 15:58:00,ZEN.V,,0.7599999904632568,0.7599999904632568,0.7599999904632568,0.7599999904632568,1000.0
2026-04-08 15:59:00,AUMB.V,,0.949999988079071,0.949999988079071,0.9449999928474426,0.9449999928474426,4500.0
2026-04-08 15:59:00,NILI.V,,0.6399999856948853,0.6499999761581421,0.6399999856948853,0.6499999761581421,34000.0
2026-04-08 15:59:00,ONE.V,,0.3799999952316284,0.3799999952316284,0.3799999952316284,0.3799999952316284,500.0
2026-04-08 15:59:00,SURG.V,,0.550000011920929,0.550000011920929,0.550000011920929,0.550000011920929,4000.0
2026-04-08 15:59:00,TDG.V,,0.550000011920929,0.550000011920929,0.550000011920929,0.550000011920929,2000.0
2026-04-08 15:59:00,THX.V,,1.409999966621399,1.4249999523162842,1.409999966621399,1.4249999523162842,2500.0
2026-04-08 15:59:00,TIG.V,,0.5600000023841858,0.5600000023841858,0.5600000023841858,0.5600000023841858,500.0
2026-04-08 15:59:00,TK.V,,0.38999998569488525,0.38999998569488525,0.38999998569488525,0.38999998569488525,7000.0
2026-04-08 15:59:00,TLA.V,,0.5600000023841858,0.5600000023841858,0.5600000023841858,0.5600000023841858,500.0
2026-04-08 15:59:00,TOI.V,,92.83000183105469,92.83000183105469,92.30999755859375,92.3499984741211,1524.0
2026-04-08 15:59:00,TTI.V,,0.5,0.5,0.5,0.5,5000.0
2026-04-08 15:59:00,TUD.V,,0.9700000286102295,0.9700000286102295,0.9700000286102295,0.9700000286102295,1000.0
2026-04-08 15:59:00,UCU.V,,5.610000133514404,5.650000095367432,5.610000133514404,5.650000095367432,4721.0
2026-04-08 15:59:00,UGD.V,,0.41999998688697815,0.41999998688697815,0.41999998688697815,0.41999998688697815,2500.0
2026-04-08 15:59:00,VCU.V,,1.2000000476837158,1.225000023841858,1.190000057220459,1.190000057220459,11000.0
2026-04-08 15:59:00,VM.V,,0.11999999731779099,0.11999999731779099,0.11999999731779099,0.11999999731779099,500.0
2026-04-08 15:59:00,VO.V,,0.10499999672174454,0.10499999672174454,0.10499999672174454,0.10499999672174454,1000.0
2026-04-08 15:59:00,VRB.V,,0.10000000149011612,0.10000000149011612,0.10000000149011612,0.10000000149011612,2720.0
2026-04-08 15:59:00,WCE.V,,0.11999999731779099,0.11999999731779099,0.11999999731779099,0.11999999731779099,8000.0
2026-04-08 15:59:00,WED.V,,24.5,24.5,24.5,24.5,100.0
2026-04-08 15:59:00,WEX.V,,0.6899999976158142,0.6899999976158142,0.6899999976158142,0.6899999976158142,500.0
2026-04-08 15:59:00,WGO.V,,1.5499999523162842,1.5499999523162842,1.5299999713897705,1.5399999618530273,7600.0
2026-04-08 15:59:00,WRLG.V,,0.9900000095367432,1.0,0.9900000095367432,0.9900000095367432,28720.0
2026-04-08 15:59:00,XRTX.V,,3.619999885559082,3.619999885559082,3.619999885559082,3.619999885559082,100.0
2026-04-08 15:59:00,ZDC.V,,5.210000038146973,5.289999961853027,5.210000038146973,5.25,4200.0
2026-04-08 15:59:00,ZOMD.V,,0.9150000214576721,0.9150000214576721,0.9150000214576721,0.9150000214576721,1000.0
