Datetime,Ticker,Adj Close,Close,High,Low,Open,Volume
2026-04-10 09:30:00,AUMB.V,,0.9599999785423279,0.9599999785423279,0.9599999785423279,0.9599999785423279,0.0
2026-04-10 09:30:00,EFF.V,,0.029999999329447746,0.029999999329447746,0.029999999329447746,0.029999999329447746,0.0
2026-04-10 09:30:00,FIVD-P.V,,0.10000000149011612,0.10000000149011612,0.10000000149011612,0.10000000149011612,0.0
2026-04-10 09:30:00,LOT.V,,0.054999999701976776,0.054999999701976776,0.054999999701976776,0.054999999701976776,0.0
2026-04-10 09:30:00,MIT.V,,0.029999999329447746,0.029999999329447746,0.029999999329447746,0.029999999329447746,0.0
2026-04-10 09:30:00,NILI.V,,0.6499999761581421,0.6600000262260437,0.6499999761581421,0.6499999761581421,0.0
2026-04-10 09:30:00,SPZ.V,,0.054999999701976776,0.054999999701976776,0.054999999701976776,0.054999999701976776,0.0
2026-04-10 09:30:00,SURG.V,,0.5699999928474426,0.5799999833106995,0.5699999928474426,0.5799999833106995,0.0
2026-04-10 09:30:00,TAJ.V,,0.2150000035762787,0.2150000035762787,0.2150000035762787,0.2150000035762787,0.0
2026-04-10 09:30:00,TBK.V,,0.42500001192092896,0.42500001192092896,0.42500001192092896,0.42500001192092896,0.0
2026-04-10 09:30:00,TBLL.V,,0.009999999776482582,0.009999999776482582,0.009999999776482582,0.009999999776482582,0.0
2026-04-10 09:30:00,TECT.V,,2.5999999046325684,2.5999999046325684,2.450000047683716,2.450000047683716,0.0
2026-04-10 09:30:00,TGOL.V,,0.125,0.12999999523162842,0.125,0.12999999523162842,0.0
2026-04-10 09:30:00,TGS.V,,0.054999999701976776,0.054999999701976776,0.054999999701976776,0.054999999701976776,0.0
2026-04-10 09:30:00,THM.V,,1.0299999713897705,1.0499999523162842,1.0299999713897705,1.0499999523162842,0.0
2026-04-10 09:30:00,THRM.V,,0.054999999701976776,0.054999999701976776,0.054999999701976776,0.054999999701976776,0.0
2026-04-10 09:30:00,THX.V,,1.4800000190734863,1.4800000190734863,1.4800000190734863,1.4800000190734863,0.0
2026-04-10 09:30:00,TK.V,,0.38999998569488525,0.38999998569488525,0.38999998569488525,0.38999998569488525,0.0
2026-04-10 09:30:00,TLT.V,,0.26499998569488525,0.26499998569488525,0.25999999046325684,0.25999999046325684,0.0
2026-04-10 09:30:00,TNR.V,,0.23999999463558197,0.23999999463558197,0.23999999463558197,0.23999999463558197,0.0
2026-04-10 09:30:00,TOI.V,,91.55000305175781,91.55000305175781,91.51000213623047,91.51000213623047,0.0
2026-04-10 09:30:00,TOP-P.V,,0.03500000014901161,0.03500000014901161,0.03500000014901161,0.03500000014901161,0.0
2026-04-10 09:30:00,TORQ.V,,0.07999999821186066,0.07999999821186066,0.07999999821186066,0.07999999821186066,0.0
2026-04-10 09:30:00,TRA.V,,0.004999999888241291,0.004999999888241291,0.004999999888241291,0.004999999888241291,0.0
2026-04-10 09:30:00,TTD.V,,0.03999999910593033,0.03999999910593033,0.03999999910593033,0.03999999910593033,0.0
2026-04-10 09:30:00,TTG.V,,0.11999999731779099,0.11999999731779099,0.11999999731779099,0.11999999731779099,0.0
2026-04-10 09:30:00,TUD.V,,1.0399999618530273,1.0399999618530273,1.0399999618530273,1.0399999618530273,0.0
2026-04-10 09:30:00,TUP-P.V,,0.03999999910593033,0.03999999910593033,0.03999999910593033,0.03999999910593033,0.0
2026-04-10 09:30:00,TVR-H.V,,0.03500000014901161,0.03500000014901161,0.03500000014901161,0.03500000014901161,0.0
2026-04-10 09:30:00,TWO.V,,0.46000000834465027,0.46000000834465027,0.46000000834465027,0.46000000834465027,0.0
2026-04-10 09:30:00,UCU.V,,5.650000095367432,5.869999885559082,5.650000095367432,5.869999885559082,0.0
2026-04-10 09:30:00,UFC.V,,0.8700000047683716,0.8700000047683716,0.8700000047683716,0.8700000047683716,0.0
2026-04-10 09:30:00,UI.V,,0.019999999552965164,0.019999999552965164,0.019999999552965164,0.019999999552965164,0.0
2026-04-10 09:30:00,UPT-P.V,,0.05999999865889549,0.05999999865889549,0.05999999865889549,0.05999999865889549,0.0
2026-04-10 09:30:00,VCC-P.V,,0.03999999910593033,0.03999999910593033,0.03999999910593033,0.03999999910593033,0.0
2026-04-10 09:30:00,VCT.V,,0.029999999329447746,0.029999999329447746,0.029999999329447746,0.029999999329447746,0.0
2026-04-10 09:30:00,VCU.V,,1.3700000047683716,1.3899999856948853,1.3700000047683716,1.3899999856948853,0.0
2026-04-10 09:30:00,VERT.V,,0.029999999329447746,0.029999999329447746,0.029999999329447746,0.029999999329447746,0.0
2026-04-10 09:30:00,VIO.V,,0.12999999523162842,0.12999999523162842,0.12999999523162842,0.12999999523162842,0.0
2026-04-10 09:30:00,VML.V,,0.550000011920929,0.550000011920929,0.550000011920929,0.550000011920929,0.0
2026-04-10 09:30:00,VO.V,,0.10499999672174454,0.10499999672174454,0.10499999672174454,0.10499999672174454,0.0
2026-04-10 09:30:00,VPT.V,,0.10000000149011612,0.10000000149011612,0.10000000149011612,0.10000000149011612,0.0
2026-04-10 09:30:00,VQS.V,,0.10000000149011612,0.10000000149011612,0.10000000149011612,0.10000000149011612,0.0
2026-04-10 09:30:00,VRB.V,,0.10000000149011612,0.10000000149011612,0.10000000149011612,0.10000000149011612,0.0
2026-04-10 09:30:00,VRS.V,,0.014999999664723873,0.014999999664723873,0.014999999664723873,0.014999999664723873,0.0
2026-04-10 09:30:00,VVC.V,,0.019999999552965164,0.019999999552965164,0.019999999552965164,0.019999999552965164,0.0
2026-04-10 09:30:00,WAM.V,,0.8399999737739563,0.8399999737739563,0.8399999737739563,0.8399999737739563,0.0
2026-04-10 09:30:00,WBE.V,,0.2150000035762787,0.2150000035762787,0.2150000035762787,0.2150000035762787,0.0
2026-04-10 09:30:00,WEB.V,,1.5499999523162842,1.5499999523162842,1.5499999523162842,1.5499999523162842,0.0
2026-04-10 09:30:00,WEE-H.V,,0.019999999552965164,0.019999999552965164,0.019999999552965164,0.019999999552965164,0.0
2026-04-10 09:30:00,WET-H.V,,0.07000000029802322,0.07000000029802322,0.07000000029802322,0.07000000029802322,0.0
2026-04-10 09:30:00,WEX.V,,0.7200000286102295,0.7200000286102295,0.7200000286102295,0.7200000286102295,0.0
2026-04-10 09:30:00,WGO.V,,1.5800000429153442,1.5800000429153442,1.5800000429153442,1.5800000429153442,0.0
2026-04-10 09:30:00,WI.V,,0.8799999952316284,0.8799999952316284,0.8799999952316284,0.8799999952316284,0.0
2026-04-10 09:30:00,WIL.V,,0.33500000834465027,0.33500000834465027,0.32499998807907104,0.32499998807907104,0.0
2026-04-10 09:30:00,WINS.V,,0.1550000011920929,0.1550000011920929,0.1550000011920929,0.1550000011920929,0.0
2026-04-10 09:30:00,WLF.V,,0.07999999821186066,0.07999999821186066,0.07999999821186066,0.07999999821186066,0.0
2026-04-10 09:30:00,WOI-H.V,,0.03500000014901161,0.03500000014901161,0.03500000014901161,0.03500000014901161,0.0
2026-04-10 09:30:00,WRLG.V,,1.0,1.0,1.0,1.0,0.0
2026-04-10 09:30:00,WVM.V,,1.9500000476837158,1.9500000476837158,1.9500000476837158,1.9500000476837158,0.0
2026-04-10 09:30:00,XIA-H.V,,0.07999999821186066,0.07999999821186066,0.07999999821186066,0.07999999821186066,0.0
2026-04-10 09:30:00,XTM.V,,0.07500000298023224,0.07500000298023224,0.07500000298023224,0.07500000298023224,0.0
2026-04-10 09:30:00,YSC-H.V,,0.029999999329447746,0.029999999329447746,0.029999999329447746,0.029999999329447746,0.0
2026-04-10 09:30:00,YTY.V,,0.03999999910593033,0.03999999910593033,0.03999999910593033,0.03999999910593033,0.0
2026-04-10 09:30:00,ZDC.V,,5.46999979019165,5.46999979019165,5.460000038146973,5.46999979019165,0.0
2026-04-10 09:30:00,ZEN.V,,0.7300000190734863,0.7699999809265137,0.7300000190734863,0.7699999809265137,0.0
2026-04-10 09:30:00,ZIM-H.V,,0.05000000074505806,0.05000000074505806,0.05000000074505806,0.05000000074505806,0.0
2026-04-10 09:30:00,ZMA.V,,0.07000000029802322,0.07000000029802322,0.07000000029802322,0.07000000029802322,0.0
2026-04-10 09:30:00,ZMD-H.V,,0.014999999664723873,0.014999999664723873,0.014999999664723873,0.014999999664723873,0.0
2026-04-10 09:30:00,ZMD.V,,0.014999999664723873,0.014999999664723873,0.014999999664723873,0.014999999664723873,0.0
2026-04-10 09:30:00,ZOMD.V,,0.8899999856948853,0.8899999856948853,0.8899999856948853,0.8899999856948853,0.0
2026-04-10 09:30:00,ZON.V,,0.11999999731779099,0.11999999731779099,0.11999999731779099,0.11999999731779099,0.0
2026-04-10 09:30:00,ZYUS.V,,0.4650000035762787,0.4650000035762787,0.4650000035762787,0.4650000035762787,0.0
2026-04-10 09:31:00,TDG.V,,0.5799999833106995,0.5799999833106995,0.5799999833106995,0.5799999833106995,0.0
2026-04-10 09:31:00,TGOL.V,,0.12999999523162842,0.12999999523162842,0.12999999523162842,0.12999999523162842,1000.0
2026-04-10 09:31:00,THX.V,,1.4800000190734863,1.4800000190734863,1.4800000190734863,1.4800000190734863,1674.0
2026-04-10 09:32:00,NILI.V,,0.6700000166893005,0.6700000166893005,0.6600000262260437,0.6600000262260437,2000.0
2026-04-10 09:32:00,TLT.V,,0.26499998569488525,0.26499998569488525,0.26499998569488525,0.26499998569488525,7500.0
2026-04-10 09:32:00,VCU.V,,1.3799999952316284,1.3799999952316284,1.3700000047683716,1.3799999952316284,6300.0
2026-04-10 09:32:00,WAM.V,,0.8399999737739563,0.8399999737739563,0.8399999737739563,0.8399999737739563,1000.0
2026-04-10 09:33:00,AUMB.V,,0.9800000190734863,0.9800000190734863,0.9700000286102295,0.9700000286102295,5000.0
2026-04-10 09:33:00,LOT.V,,0.05999999865889549,0.05999999865889549,0.05999999865889549,0.05999999865889549,54045.0
2026-04-10 09:33:00,NILI.V,,0.6600000262260437,0.6600000262260437,0.6600000262260437,0.6600000262260437,1500.0
2026-04-10 09:33:00,TSG.V,,0.26499998569488525,0.26499998569488525,0.26499998569488525,0.26499998569488525,0.0
2026-04-10 09:33:00,UCU.V,,5.800000190734863,5.800000190734863,5.800000190734863,5.800000190734863,323.0
2026-04-10 09:33:00,VCU.V,,1.3799999952316284,1.3799999952316284,1.3700000047683716,1.3700000047683716,7900.0
2026-04-10 09:33:00,WI.V,,0.8799999952316284,0.8799999952316284,0.8799999952316284,0.8799999952316284,5000.0
2026-04-10 09:34:00,TDG.V,,0.5899999737739563,0.5899999737739563,0.5899999737739563,0.5899999737739563,19000.0
2026-04-10 09:34:00,TLT.V,,0.27000001072883606,0.27000001072883606,0.27000001072883606,0.27000001072883606,43000.0
2026-04-10 09:34:00,VCU.V,,1.3899999856948853,1.3899999856948853,1.3899999856948853,1.3899999856948853,2000.0
2026-04-10 09:34:00,WEX.V,,0.7200000286102295,0.7200000286102295,0.7200000286102295,0.7200000286102295,1500.0
2026-04-10 09:34:00,WRLG.V,,1.0,1.0,1.0,1.0,30000.0
2026-04-10 09:34:00,ZDC.V,,5.5,5.5,5.5,5.5,950.0
2026-04-10 09:35:00,NILI.V,,0.6499999761581421,0.6499999761581421,0.6499999761581421,0.6499999761581421,44100.0
2026-04-10 09:35:00,TAJ.V,,0.2199999988079071,0.2199999988079071,0.2199999988079071,0.2199999988079071,21000.0
2026-04-10 09:35:00,TECT.V,,2.5999999046325684,2.5999999046325684,2.5250000953674316,2.5250000953674316,500.0
2026-04-10 09:35:00,THX.V,,1.4800000190734863,1.4800000190734863,1.4800000190734863,1.4800000190734863,400.0
2026-04-10 09:35:00,TLT.V,,0.2750000059604645,0.2750000059604645,0.2750000059604645,0.2750000059604645,45000.0
2026-04-10 09:36:00,AUMB.V,,0.9700000286102295,0.9800000190734863,0.9700000286102295,0.9800000190734863,1500.0
2026-04-10 09:36:00,TOI.V,,92.1500015258789,92.1500015258789,92.1500015258789,92.1500015258789,120.0
2026-04-10 09:36:00,TWO.V,,0.44999998807907104,0.44999998807907104,0.44999998807907104,0.44999998807907104,500.0
2026-04-10 09:37:00,EFF.V,,0.029999999329447746,0.029999999329447746,0.029999999329447746,0.029999999329447746,6000.0
2026-04-10 09:37:00,SURG.V,,0.5550000071525574,0.5600000023841858,0.5550000071525574,0.5600000023841858,4500.0
2026-04-10 09:37:00,TOI.V,,91.9800033569336,92.0,91.62999725341797,91.98999786376953,3300.0
2026-04-10 09:37:00,TSD.V,,0.1899999976158142,0.1899999976158142,0.1899999976158142,0.1899999976158142,0.0
2026-04-10 09:37:00,ZZE-H.V,,0.25,0.25,0.19499999284744263,0.19499999284744263,0.0
2026-04-10 09:38:00,TECT.V,,2.4800000190734863,2.4800000190734863,2.4800000190734863,2.4800000190734863,100.0
2026-04-10 09:38:00,TOI.V,,91.61000061035156,91.62000274658203,91.61000061035156,91.62000274658203,400.0
2026-04-10 09:38:00,TUD.V,,1.0299999713897705,1.0299999713897705,1.024999976158142,1.0299999713897705,5699.0
2026-04-10 09:38:00,VML.V,,0.5699999928474426,0.5699999928474426,0.5699999928474426,0.5699999928474426,1000.0
2026-04-10 09:38:00,WEB.V,,1.5499999523162842,1.5499999523162842,1.5499999523162842,1.5499999523162842,100.0
2026-04-10 09:38:00,WRLG.V,,0.9900000095367432,0.9900000095367432,0.9900000095367432,0.9900000095367432,5000.0
2026-04-10 09:39:00,TNR.V,,0.25,0.25,0.23499999940395355,0.23999999463558197,189000.0
2026-04-10 09:39:00,TOI.V,,91.69999694824219,91.69999694824219,91.26000213623047,91.26000213623047,505.0
2026-04-10 09:39:00,VCU.V,,1.3799999952316284,1.3799999952316284,1.3799999952316284,1.3799999952316284,200.0
2026-04-10 09:39:00,VIO.V,,0.13500000536441803,0.13500000536441803,0.13500000536441803,0.13500000536441803,2000.0
2026-04-10 09:39:00,WRLG.V,,1.0,1.0,1.0,1.0,4500.0
2026-04-10 09:40:00,THX.V,,1.4900000095367432,1.4900000095367432,1.4900000095367432,1.4900000095367432,11500.0
2026-04-10 09:40:00,TNR.V,,0.2549999952316284,0.2549999952316284,0.25,0.25,70500.0
2026-04-10 09:40:00,WEB.V,,1.5700000524520874,1.5700000524520874,1.5700000524520874,1.5700000524520874,425.0
2026-04-10 09:40:00,WRLG.V,,1.0,1.0,1.0,1.0,1000.0
2026-04-10 09:40:00,ZDC.V,,5.440000057220459,5.449999809265137,5.440000057220459,5.449999809265137,1190.0
2026-04-10 09:41:00,AUMB.V,,0.9800000190734863,0.9800000190734863,0.9800000190734863,0.9800000190734863,6500.0
2026-04-10 09:41:00,SURG.V,,0.5600000023841858,0.5600000023841858,0.5600000023841858,0.5600000023841858,9500.0
2026-04-10 09:41:00,TNR.V,,0.2549999952316284,0.2549999952316284,0.2549999952316284,0.2549999952316284,5000.0
2026-04-10 09:41:00,TUD.V,,1.0299999713897705,1.0299999713897705,1.0299999713897705,1.0299999713897705,100.0
2026-04-10 09:41:00,VM.V,,0.11999999731779099,0.11999999731779099,0.11999999731779099,0.11999999731779099,0.0
2026-04-10 09:41:00,WML.V,,0.07999999821186066,0.07999999821186066,0.07999999821186066,0.07999999821186066,0.0
2026-04-10 09:41:00,ZDC.V,,5.429999828338623,5.429999828338623,5.429999828338623,5.429999828338623,100.0
2026-04-10 09:42:00,TLT.V,,0.2800000011920929,0.2800000011920929,0.2800000011920929,0.2800000011920929,5000.0
2026-04-10 09:42:00,TNR.V,,0.23999999463558197,0.23999999463558197,0.23999999463558197,0.23999999463558197,12000.0
2026-04-10 09:43:00,TAJ.V,,0.22499999403953552,0.22499999403953552,0.2199999988079071,0.2199999988079071,100000.0
2026-04-10 09:43:00,TNR.V,,0.23999999463558197,0.23999999463558197,0.23999999463558197,0.23999999463558197,17340.0
2026-04-10 09:43:00,TWO.V,,0.44999998807907104,0.44999998807907104,0.44999998807907104,0.44999998807907104,8300.0
2026-04-10 09:43:00,WGO.V,,1.5800000429153442,1.5800000429153442,1.5800000429153442,1.5800000429153442,500.0
2026-04-10 09:43:00,ZDC.V,,5.429999828338623,5.429999828338623,5.429999828338623,5.429999828338623,200.0
2026-04-10 09:44:00,TDG.V,,0.6000000238418579,0.6000000238418579,0.6000000238418579,0.6000000238418579,7500.0
2026-04-10 09:44:00,TGOL.V,,0.12999999523162842,0.12999999523162842,0.12999999523162842,0.12999999523162842,56999.0
2026-04-10 09:44:00,TOI.V,,91.73999786376953,91.75,91.2699966430664,91.2699966430664,3963.0
2026-04-10 09:44:00,WRLG.V,,1.0,1.0,1.0,1.0,5000.0
2026-04-10 09:45:00,TOI.V,,91.73999786376953,91.75,91.73999786376953,91.73999786376953,700.0
2026-04-10 09:45:00,TUD.V,,1.0199999809265137,1.0199999809265137,1.0199999809265137,1.0199999809265137,1000.0
2026-04-10 09:45:00,UCU.V,,5.739999771118164,5.75,5.739999771118164,5.75,400.0
2026-04-10 09:46:00,SURG.V,,0.5600000023841858,0.5600000023841858,0.5600000023841858,0.5600000023841858,5000.0
2026-04-10 09:46:00,TOI.V,,91.19999694824219,91.5,91.19999694824219,91.5,1426.0
2026-04-10 09:46:00,UCU.V,,5.75,5.75,5.75,5.75,100.0
2026-04-10 09:46:00,VCU.V,,1.3799999952316284,1.3799999952316284,1.3799999952316284,1.3799999952316284,1000.0
2026-04-10 09:47:00,AUMB.V,,0.9700000286102295,0.9700000286102295,0.9700000286102295,0.9700000286102295,1000.0
2026-04-10 09:47:00,SURG.V,,0.5699999928474426,0.5699999928474426,0.5600000023841858,0.5600000023841858,15500.0
2026-04-10 09:47:00,UCU.V,,5.75,5.75,5.75,5.75,2400.0
2026-04-10 09:47:00,VML.V,,0.5600000023841858,0.5600000023841858,0.5600000023841858,0.5600000023841858,3000.0
2026-04-10 09:47:00,ZDC.V,,5.480000019073486,5.480000019073486,5.440000057220459,5.440000057220459,12000.0
2026-04-10 09:48:00,AUMB.V,,0.9700000286102295,0.9700000286102295,0.9700000286102295,0.9700000286102295,6000.0
2026-04-10 09:48:00,TAJ.V,,0.2199999988079071,0.2199999988079071,0.2199999988079071,0.2199999988079071,10500.0
2026-04-10 09:48:00,THX.V,,1.4800000190734863,1.4800000190734863,1.4800000190734863,1.4800000190734863,1300.0
2026-04-10 09:48:00,TOI.V,,91.0199966430664,91.05000305175781,91.0,91.05000305175781,1703.0
2026-04-10 09:48:00,UCU.V,,5.75,5.75,5.75,5.75,100.0
2026-04-10 09:48:00,VCU.V,,1.3600000143051147,1.3799999952316284,1.3600000143051147,1.3799999952316284,6300.0
2026-04-10 09:49:00,THX.V,,1.4800000190734863,1.4800000190734863,1.4800000190734863,1.4800000190734863,3700.0
2026-04-10 09:49:00,TLT.V,,0.2800000011920929,0.2800000011920929,0.2800000011920929,0.2800000011920929,5000.0
2026-04-10 09:49:00,TOI.V,,91.0199966430664,91.0199966430664,91.0199966430664,91.0199966430664,300.0
2026-04-10 09:50:00,TDG.V,,0.5899999737739563,0.5899999737739563,0.5899999737739563,0.5899999737739563,1500.0
2026-04-10 09:50:00,THRM.V,,0.05999999865889549,0.05999999865889549,0.05999999865889549,0.05999999865889549,1000.0
2026-04-10 09:50:00,VCU.V,,1.3700000047683716,1.3700000047683716,1.3600000143051147,1.3600000143051147,5055.0
2026-04-10 09:50:00,VGD.V,,0.20000000298023224,0.20000000298023224,0.20000000298023224,0.20000000298023224,0.0
2026-04-10 09:51:00,RARE.V,,5.650000095367432,5.650000095367432,5.650000095367432,5.650000095367432,0.0
2026-04-10 09:51:00,TOI.V,,91.0,91.0199966430664,91.0,91.0199966430664,9397.0
2026-04-10 09:51:00,TUD.V,,1.0199999809265137,1.0199999809265137,1.0199999809265137,1.0199999809265137,2000.0
2026-04-10 09:51:00,UCU.V,,5.739999771118164,5.739999771118164,5.739999771118164,5.739999771118164,200.0
2026-04-10 09:51:00,WML.V,,0.07999999821186066,0.07999999821186066,0.07999999821186066,0.07999999821186066,1000.0
2026-04-10 09:51:00,ZDC.V,,5.46999979019165,5.5,5.46999979019165,5.489999771118164,1500.0
2026-04-10 09:52:00,TAJ.V,,0.22499999403953552,0.22499999403953552,0.22499999403953552,0.22499999403953552,4500.0
2026-04-10 09:52:00,TDG.V,,0.5600000023841858,0.5899999737739563,0.5600000023841858,0.5899999737739563,208600.0
2026-04-10 09:52:00,THX.V,,1.4900000095367432,1.4900000095367432,1.4900000095367432,1.4900000095367432,9903.0
2026-04-10 09:52:00,TOI.V,,91.01000213623047,91.0199966430664,91.01000213623047,91.0199966430664,210.0
2026-04-10 09:52:00,TUD.V,,1.0299999713897705,1.0299999713897705,1.0199999809265137,1.0199999809265137,3900.0
2026-04-10 09:52:00,UCU.V,,5.75,5.760000228881836,5.75,5.760000228881836,400.0
2026-04-10 09:52:00,VCU.V,,1.340000033378601,1.340000033378601,1.340000033378601,1.340000033378601,378.0
2026-04-10 09:53:00,TDG.V,,0.5799999833106995,0.5799999833106995,0.5799999833106995,0.5799999833106995,4500.0
2026-04-10 09:53:00,TOI.V,,91.0199966430664,91.02999877929688,91.0199966430664,91.02999877929688,260.0
2026-04-10 09:54:00,THX.V,,1.4900000095367432,1.4900000095367432,1.4900000095367432,1.4900000095367432,300.0
2026-04-10 09:54:00,VM.V,,0.11999999731779099,0.11999999731779099,0.11999999731779099,0.11999999731779099,2500.0
2026-04-10 09:54:00,VQS.V,,0.10000000149011612,0.10000000149011612,0.10000000149011612,0.10000000149011612,29000.0
2026-04-10 09:54:00,WISH.V,,0.2199999988079071,0.2199999988079071,0.2199999988079071,0.2199999988079071,0.0
2026-04-10 09:54:00,ZDC.V,,5.480000019073486,5.480000019073486,5.480000019073486,5.480000019073486,500.0
2026-04-10 09:55:00,THRM.V,,0.07000000029802322,0.07000000029802322,0.06499999761581421,0.06499999761581421,9000.0
2026-04-10 09:55:00,THX.V,,1.4950000047683716,1.4950000047683716,1.4950000047683716,1.4950000047683716,100.0
2026-04-10 09:55:00,VCU.V,,1.3700000047683716,1.3700000047683716,1.3700000047683716,1.3700000047683716,730.0
2026-04-10 09:55:00,WRLG.V,,1.0,1.0,1.0,1.0,22000.0
2026-04-10 09:56:00,AUMB.V,,0.9900000095367432,0.9900000095367432,0.9900000095367432,0.9900000095367432,4514.0
2026-04-10 09:56:00,TAJ.V,,0.2199999988079071,0.2199999988079071,0.2199999988079071,0.2199999988079071,21000.0
2026-04-10 09:56:00,TDG.V,,0.5699999928474426,0.5699999928474426,0.5699999928474426,0.5699999928474426,114500.0
2026-04-10 09:56:00,WI.V,,0.8700000047683716,0.8700000047683716,0.8700000047683716,0.8700000047683716,4000.0
2026-04-10 09:56:00,WRLG.V,,1.0,1.0,1.0,1.0,500.0
2026-04-10 09:57:00,ZOMD.V,,0.8899999856948853,0.8899999856948853,0.8899999856948853,0.8899999856948853,3500.0
2026-04-10 09:58:00,WRLG.V,,0.9950000047683716,0.9950000047683716,0.9950000047683716,0.9950000047683716,3500.0
2026-04-10 09:58:00,ZOMD.V,,0.8899999856948853,0.8899999856948853,0.8899999856948853,0.8899999856948853,4530.0
2026-04-10 09:59:00,AUMB.V,,0.9900000095367432,0.9900000095367432,0.9900000095367432,0.9900000095367432,2000.0
2026-04-10 09:59:00,TAJ.V,,0.23000000417232513,0.23000000417232513,0.23000000417232513,0.23000000417232513,3500.0
2026-04-10 09:59:00,TOI.V,,91.05999755859375,91.41999816894531,91.05999755859375,91.4000015258789,795.0
2026-04-10 09:59:00,UCU.V,,5.769999980926514,5.769999980926514,5.769999980926514,5.769999980926514,1825.0
2026-04-10 09:59:00,ZDC.V,,5.460000038146973,5.460000038146973,5.440000057220459,5.449999809265137,2400.0
2026-04-10 10:00:00,TAJ.V,,0.23000000417232513,0.23000000417232513,0.23000000417232513,0.23000000417232513,23000.0
2026-04-10 10:00:00,TIG.V,,0.5400000214576721,0.550000011920929,0.5400000214576721,0.550000011920929,0.0
2026-04-10 10:00:00,TOI.V,,91.75,91.75,91.73999786376953,91.73999786376953,2500.0
2026-04-10 10:00:00,TUD.V,,1.0199999809265137,1.0199999809265137,1.0199999809265137,1.0199999809265137,11000.0
2026-04-10 10:00:00,ZDC.V,,5.460000038146973,5.46999979019165,5.460000038146973,5.46999979019165,2500.0
2026-04-10 10:01:00,TLT.V,,0.2800000011920929,0.2800000011920929,0.2800000011920929,0.2800000011920929,5500.0
2026-04-10 10:01:00,TOI.V,,91.4800033569336,91.5,91.4800033569336,91.5,6200.0
2026-04-10 10:01:00,VCU.V,,1.340000033378601,1.340000033378601,1.340000033378601,1.340000033378601,100.0
2026-04-10 10:01:00,WLF.V,,0.07999999821186066,0.07999999821186066,0.07999999821186066,0.07999999821186066,17000.0
2026-04-10 10:01:00,ZONE.V,,0.014999999664723873,0.014999999664723873,0.014999999664723873,0.014999999664723873,0.0
2026-04-10 10:02:00,TDG.V,,0.5899999737739563,0.5899999737739563,0.5799999833106995,0.5799999833106995,22500.0
2026-04-10 10:02:00,TIG.V,,0.550000011920929,0.550000011920929,0.550000011920929,0.550000011920929,1000.0
2026-04-10 10:02:00,TOI.V,,91.0,91.41999816894531,91.0,91.41999816894531,2952.0
2026-04-10 10:02:00,WRLG.V,,1.0,1.0,1.0,1.0,13000.0
2026-04-10 10:03:00,TOI.V,,91.0,91.0,91.0,91.0,200.0
2026-04-10 10:03:00,XRTX.V,,3.4200000762939453,3.4200000762939453,3.4200000762939453,3.4200000762939453,0.0
2026-04-10 10:04:00,TAJ.V,,0.23000000417232513,0.23000000417232513,0.23000000417232513,0.23000000417232513,14000.0
2026-04-10 10:04:00,TUD.V,,1.0099999904632568,1.0199999809265137,1.0099999904632568,1.0199999809265137,1700.0
2026-04-10 10:04:00,USS.V,,0.6399999856948853,0.6700000166893005,0.6399999856948853,0.6700000166893005,0.0
2026-04-10 10:04:00,VIO.V,,0.12999999523162842,0.12999999523162842,0.12999999523162842,0.12999999523162842,27000.0
2026-04-10 10:04:00,WRLG.V,,1.0,1.0,1.0,1.0,500.0
2026-04-10 10:05:00,TIG.V,,0.5400000214576721,0.550000011920929,0.5400000214576721,0.550000011920929,5000.0
2026-04-10 10:05:00,TUD.V,,1.0199999809265137,1.0199999809265137,1.0199999809265137,1.0199999809265137,1500.0
2026-04-10 10:05:00,VCU.V,,1.340000033378601,1.340000033378601,1.340000033378601,1.340000033378601,100.0
2026-04-10 10:05:00,VIO.V,,0.12999999523162842,0.12999999523162842,0.12999999523162842,0.12999999523162842,56000.0
2026-04-10 10:06:00,THX.V,,1.4900000095367432,1.4900000095367432,1.4900000095367432,1.4900000095367432,3632.0
2026-04-10 10:06:00,VCU.V,,1.3600000143051147,1.3600000143051147,1.3600000143051147,1.3600000143051147,1000.0
2026-04-10 10:06:00,WRLG.V,,1.0,1.0,1.0,1.0,1500.0
2026-04-10 10:06:00,ZDC.V,,5.449999809265137,5.449999809265137,5.449999809265137,5.449999809265137,4300.0
2026-04-10 10:07:00,TAJ.V,,0.23000000417232513,0.23000000417232513,0.23000000417232513,0.23000000417232513,1500.0
2026-04-10 10:07:00,TOI.V,,91.0,91.0,91.0,91.0,350.0
2026-04-10 10:07:00,TSG.V,,0.25999999046325684,0.25999999046325684,0.25999999046325684,0.25999999046325684,2000.0
2026-04-10 10:07:00,UCU.V,,5.78000020980835,5.78000020980835,5.78000020980835,5.78000020980835,100.0
2026-04-10 10:07:00,ZDC.V,,5.449999809265137,5.449999809265137,5.449999809265137,5.449999809265137,200.0
2026-04-10 10:08:00,TBK.V,,0.42500001192092896,0.42500001192092896,0.42500001192092896,0.42500001192092896,29000.0
2026-04-10 10:08:00,TOI.V,,91.0,91.0,91.0,91.0,300.0
2026-04-10 10:08:00,TRO.V,,0.17499999701976776,0.17499999701976776,0.17499999701976776,0.17499999701976776,0.0
2026-04-10 10:08:00,VCU.V,,1.340000033378601,1.340000033378601,1.340000033378601,1.340000033378601,100.0
2026-04-10 10:08:00,ZDC.V,,5.449999809265137,5.449999809265137,5.449999809265137,5.449999809265137,1000.0
2026-04-10 10:09:00,TNR.V,,0.23999999463558197,0.23999999463558197,0.23999999463558197,0.23999999463558197,5000.0
2026-04-10 10:09:00,TOI.V,,91.0,91.0,91.0,91.0,600.0
2026-04-10 10:09:00,TRBC.V,,0.1850000023841858,0.1850000023841858,0.1850000023841858,0.1850000023841858,0.0
2026-04-10 10:09:00,WI.V,,0.8600000143051147,0.8600000143051147,0.8600000143051147,0.8600000143051147,6500.0
2026-04-10 10:09:00,WRLG.V,,1.0,1.0,1.0,1.0,1000.0
2026-04-10 10:09:00,ZON.V,,0.11500000208616257,0.11500000208616257,0.11500000208616257,0.11500000208616257,5500.0
2026-04-10 10:10:00,AUMB.V,,0.9700000286102295,0.9700000286102295,0.9700000286102295,0.9700000286102295,1200.0
2026-04-10 10:10:00,TIG.V,,0.5600000023841858,0.5600000023841858,0.5400000214576721,0.5400000214576721,4000.0
2026-04-10 10:10:00,TOI.V,,91.0,91.0,91.0,91.0,400.0
2026-04-10 10:10:00,UCU.V,,5.75,5.760000228881836,5.75,5.760000228881836,2300.0
2026-04-10 10:10:00,VCU.V,,1.3300000429153442,1.340000033378601,1.3300000429153442,1.340000033378601,15000.0
2026-04-10 10:10:00,VIO.V,,0.12999999523162842,0.12999999523162842,0.12999999523162842,0.12999999523162842,28000.0
2026-04-10 10:10:00,WRLG.V,,1.0,1.0,1.0,1.0,500.0
2026-04-10 10:10:00,ZDC.V,,5.449999809265137,5.449999809265137,5.440000057220459,5.449999809265137,17100.0
2026-04-10 10:11:00,TOI.V,,90.52999877929688,91.0,90.52999877929688,91.0,1566.0
2026-04-10 10:11:00,TUD.V,,1.0199999809265137,1.0199999809265137,1.0199999809265137,1.0199999809265137,12800.0
2026-04-10 10:11:00,UCU.V,,5.739999771118164,5.75,5.739999771118164,5.75,1100.0
2026-04-10 10:12:00,TAJ.V,,0.23499999940395355,0.23499999940395355,0.23499999940395355,0.23499999940395355,7500.0
2026-04-10 10:12:00,TOI.V,,90.5,90.5199966430664,90.5,90.5199966430664,620.0
2026-04-10 10:12:00,TRO.V,,0.17499999701976776,0.17499999701976776,0.17499999701976776,0.17499999701976776,4000.0
2026-04-10 10:12:00,VIO.V,,0.12999999523162842,0.12999999523162842,0.12999999523162842,0.12999999523162842,1000.0
2026-04-10 10:13:00,TECT.V,,2.450000047683716,2.509999990463257,2.440000057220459,2.509999990463257,3200.0
2026-04-10 10:13:00,TLA.V,,0.550000011920929,0.550000011920929,0.550000011920929,0.550000011920929,0.0
2026-04-10 10:13:00,TOI.V,,90.19999694824219,90.55000305175781,90.19999694824219,90.44999694824219,815.0
2026-04-10 10:13:00,VCU.V,,1.340000033378601,1.340000033378601,1.340000033378601,1.340000033378601,500.0
2026-04-10 10:13:00,WAM.V,,0.8299999833106995,0.8299999833106995,0.8299999833106995,0.8299999833106995,1000.0
2026-04-10 10:13:00,ZDC.V,,5.440000057220459,5.440000057220459,5.440000057220459,5.440000057220459,1600.0
2026-04-10 10:14:00,TECT.V,,2.4649999141693115,2.4800000190734863,2.4649999141693115,2.4800000190734863,200.0
2026-04-10 10:14:00,TUD.V,,1.0199999809265137,1.0199999809265137,1.0199999809265137,1.0199999809265137,800.0
2026-04-10 10:14:00,TWO.V,,0.44999998807907104,0.44999998807907104,0.44999998807907104,0.44999998807907104,500.0
2026-04-10 10:14:00,UCU.V,,5.730000019073486,5.730000019073486,5.730000019073486,5.730000019073486,600.0
2026-04-10 10:14:00,WRLG.V,,1.0,1.0,1.0,1.0,6753.0
2026-04-10 10:15:00,TOI.V,,89.80999755859375,90.19999694824219,89.80999755859375,90.19999694824219,3599.0
2026-04-10 10:15:00,TUD.V,,1.0199999809265137,1.0199999809265137,1.0199999809265137,1.0199999809265137,1700.0
2026-04-10 10:16:00,WHN.V,,0.2750000059604645,0.2750000059604645,0.27000001072883606,0.27000001072883606,0.0
2026-04-10 10:16:00,WISH.V,,0.23999999463558197,0.23999999463558197,0.23999999463558197,0.23999999463558197,96506.0
2026-04-10 10:17:00,TECT.V,,2.5,2.5,2.4749999046325684,2.4749999046325684,1100.0
2026-04-10 10:17:00,TOI.V,,89.83999633789062,89.87000274658203,89.83999633789062,89.87000274658203,288.0
2026-04-10 10:17:00,TTI.V,,0.47999998927116394,0.5,0.47999998927116394,0.5,0.0
2026-04-10 10:17:00,WRLG.V,,1.0,1.0,1.0,1.0,15000.0
2026-04-10 10:17:00,ZDC.V,,5.440000057220459,5.440000057220459,5.440000057220459,5.440000057220459,400.0
2026-04-10 10:17:00,ZEN.V,,0.7400000095367432,0.7400000095367432,0.7400000095367432,0.7400000095367432,2000.0
2026-04-10 10:17:00,ZYUS.V,,0.5600000023841858,0.5600000023841858,0.5600000023841858,0.5600000023841858,500.0
2026-04-10 10:18:00,TTI.V,,0.47999998927116394,0.47999998927116394,0.47999998927116394,0.47999998927116394,7000.0
2026-04-10 10:18:00,VCU.V,,1.340000033378601,1.340000033378601,1.340000033378601,1.340000033378601,400.0
2026-04-10 10:18:00,ZDC.V,,5.449999809265137,5.449999809265137,5.440000057220459,5.440000057220459,200.0
2026-04-10 10:19:00,TAJ.V,,0.23999999463558197,0.23999999463558197,0.23499999940395355,0.23499999940395355,43500.0
2026-04-10 10:19:00,UGD.V,,0.4050000011920929,0.4050000011920929,0.4050000011920929,0.4050000011920929,0.0
2026-04-10 10:19:00,VCU.V,,1.340000033378601,1.340000033378601,1.340000033378601,1.340000033378601,1300.0
2026-04-10 10:20:00,EFF.V,,0.03500000014901161,0.03500000014901161,0.03500000014901161,0.03500000014901161,28000.0
2026-04-10 10:20:00,UGD.V,,0.4050000011920929,0.4050000011920929,0.4050000011920929,0.4050000011920929,6000.0
2026-04-10 10:20:00,ZDC.V,,5.400000095367432,5.400000095367432,5.400000095367432,5.400000095367432,400.0
2026-04-10 10:21:00,AUMB.V,,0.9800000190734863,0.9800000190734863,0.9800000190734863,0.9800000190734863,11100.0
2026-04-10 10:22:00,TSG.V,,0.24500000476837158,0.2549999952316284,0.23999999463558197,0.2549999952316284,65877.0
2026-04-10 10:22:00,WAM.V,,0.8199999928474426,0.8199999928474426,0.8199999928474426,0.8199999928474426,2000.0
2026-04-10 10:23:00,AUMB.V,,0.9800000190734863,0.9800000190734863,0.9800000190734863,0.9800000190734863,9000.0
2026-04-10 10:23:00,VCU.V,,1.340000033378601,1.350000023841858,1.340000033378601,1.350000023841858,5500.0
2026-04-10 10:24:00,TLT.V,,0.2800000011920929,0.2800000011920929,0.2800000011920929,0.2800000011920929,16000.0
2026-04-10 10:25:00,AUMB.V,,0.9900000095367432,0.9900000095367432,0.9900000095367432,0.9900000095367432,500.0
2026-04-10 10:25:00,WGO.V,,1.5700000524520874,1.5700000524520874,1.5700000524520874,1.5700000524520874,2500.0
2026-04-10 10:26:00,AUMB.V,,0.9900000095367432,0.9900000095367432,0.9900000095367432,0.9900000095367432,39500.0
2026-04-10 10:26:00,TDG.V,,0.5799999833106995,0.5799999833106995,0.5799999833106995,0.5799999833106995,43500.0
2026-04-10 10:26:00,THX.V,,1.4950000047683716,1.4950000047683716,1.4950000047683716,1.4950000047683716,100.0
2026-04-10 10:26:00,WGO.V,,1.5800000429153442,1.5800000429153442,1.5800000429153442,1.5800000429153442,100.0
2026-04-10 10:26:00,WRLG.V,,1.0,1.0,1.0,1.0,2000.0
2026-04-10 10:27:00,AUMB.V,,0.9900000095367432,0.9900000095367432,0.9900000095367432,0.9900000095367432,4750.0
2026-04-10 10:27:00,TDG.V,,0.5799999833106995,0.5799999833106995,0.5799999833106995,0.5799999833106995,1000.0
2026-04-10 10:27:00,THX.V,,1.4950000047683716,1.4950000047683716,1.4950000047683716,1.4950000047683716,3900.0
2026-04-10 10:27:00,TOI.V,,89.94000244140625,90.12999725341797,89.94000244140625,90.12999725341797,4425.0
2026-04-10 10:27:00,UCU.V,,5.730000019073486,5.730000019073486,5.730000019073486,5.730000019073486,200.0
2026-04-10 10:28:00,WGO.V,,1.5800000429153442,1.5800000429153442,1.5800000429153442,1.5800000429153442,100.0
2026-04-10 10:28:00,WRLG.V,,0.9900000095367432,1.0,0.9900000095367432,1.0,43618.0
2026-04-10 10:29:00,THX.V,,1.4950000047683716,1.4950000047683716,1.4950000047683716,1.4950000047683716,109.0
2026-04-10 10:29:00,TNR.V,,0.23999999463558197,0.23999999463558197,0.23999999463558197,0.23999999463558197,61000.0
2026-04-10 10:30:00,VCU.V,,1.3300000429153442,1.3300000429153442,1.3300000429153442,1.3300000429153442,100.0
2026-04-10 10:30:00,ZEN.V,,0.75,0.75,0.75,0.75,2500.0
2026-04-10 10:31:00,THX.V,,1.5,1.5,1.5,1.5,100.0
2026-04-10 10:31:00,TOI.V,,90.0999984741211,90.0999984741211,90.05000305175781,90.05000305175781,500.0
2026-04-10 10:31:00,TUD.V,,1.0299999713897705,1.0299999713897705,1.0299999713897705,1.0299999713897705,5337.0
2026-04-10 10:31:00,ZDC.V,,5.449999809265137,5.449999809265137,5.414999961853027,5.440000057220459,1700.0
2026-04-10 10:32:00,TDG.V,,0.5799999833106995,0.5799999833106995,0.5799999833106995,0.5799999833106995,25000.0
2026-04-10 10:32:00,TTI.V,,0.4699999988079071,0.4699999988079071,0.4699999988079071,0.4699999988079071,43000.0
2026-04-10 10:32:00,UCU.V,,5.75,5.75,5.75,5.75,200.0
2026-04-10 10:32:00,WEX.V,,0.7200000286102295,0.7200000286102295,0.7200000286102295,0.7200000286102295,1000.0
2026-04-10 10:32:00,ZAC.V,,0.07500000298023224,0.07500000298023224,0.07500000298023224,0.07500000298023224,0.0
2026-04-10 10:33:00,AUMB.V,,1.0,1.0,1.0,1.0,500.0
2026-04-10 10:33:00,THX.V,,1.4950000047683716,1.4950000047683716,1.4950000047683716,1.4950000047683716,100.0
2026-04-10 10:33:00,TOI.V,,90.18000030517578,90.18000030517578,90.18000030517578,90.18000030517578,200.0
2026-04-10 10:33:00,WML.V,,0.07999999821186066,0.07999999821186066,0.07999999821186066,0.07999999821186066,26000.0
2026-04-10 10:33:00,ZDC.V,,5.489999771118164,5.489999771118164,5.480000019073486,5.480000019073486,400.0
2026-04-10 10:34:00,TOI.V,,90.2699966430664,90.2699966430664,90.2699966430664,90.2699966430664,200.0
2026-04-10 10:34:00,WAM.V,,0.8199999928474426,0.8199999928474426,0.8199999928474426,0.8199999928474426,1500.0
2026-04-10 10:35:00,TOI.V,,90.0999984741211,90.19999694824219,90.0999984741211,90.19999694824219,700.0
2026-04-10 10:35:00,TUD.V,,1.024999976158142,1.024999976158142,1.024999976158142,1.024999976158142,500.0
2026-04-10 10:35:00,VCU.V,,1.350000023841858,1.350000023841858,1.340000033378601,1.340000033378601,3000.0
2026-04-10 10:36:00,AUMB.V,,1.0,1.0,1.0,1.0,1500.0
2026-04-10 10:36:00,THX.V,,1.5099999904632568,1.5099999904632568,1.5,1.5,34252.0
2026-04-10 10:36:00,TOI.V,,90.0999984741211,90.0999984741211,90.0999984741211,90.0999984741211,100.0
2026-04-10 10:36:00,ZAC.V,,0.07999999821186066,0.07999999821186066,0.07999999821186066,0.07999999821186066,14000.0
2026-04-10 10:37:00,AUMB.V,,1.0,1.0,1.0,1.0,1000.0
2026-04-10 10:37:00,TOI.V,,90.0,90.0,90.0,90.0,400.0
2026-04-10 10:37:00,TUD.V,,1.024999976158142,1.024999976158142,1.024999976158142,1.024999976158142,500.0
2026-04-10 10:37:00,VLI.V,,0.014999999664723873,0.014999999664723873,0.014999999664723873,0.014999999664723873,0.0
2026-04-10 10:38:00,AUMB.V,,1.0,1.0,1.0,1.0,500.0
2026-04-10 10:38:00,THX.V,,1.5049999952316284,1.5049999952316284,1.5049999952316284,1.5049999952316284,100.0
2026-04-10 10:38:00,UCU.V,,5.760000228881836,5.760000228881836,5.760000228881836,5.760000228881836,150.0
2026-04-10 10:39:00,AUMB.V,,1.0,1.0,1.0,1.0,1000.0
2026-04-10 10:39:00,TAJ.V,,0.23499999940395355,0.23499999940395355,0.23499999940395355,0.23499999940395355,1000.0
2026-04-10 10:39:00,TOI.V,,90.0999984741211,90.0999984741211,90.0999984741211,90.0999984741211,165.0
2026-04-10 10:39:00,WI.V,,0.8700000047683716,0.8700000047683716,0.8700000047683716,0.8700000047683716,8500.0
2026-04-10 10:40:00,AUMB.V,,1.0,1.0,1.0,1.0,1000.0
2026-04-10 10:40:00,TAJ.V,,0.23499999940395355,0.23499999940395355,0.23499999940395355,0.23499999940395355,26000.0
2026-04-10 10:40:00,WI.V,,0.8799999952316284,0.8799999952316284,0.8799999952316284,0.8799999952316284,1500.0
2026-04-10 10:40:00,WRR.V,,0.3400000035762787,0.3400000035762787,0.3400000035762787,0.3400000035762787,0.0
2026-04-10 10:40:00,XGC.V,,0.28999999165534973,0.28999999165534973,0.28999999165534973,0.28999999165534973,0.0
2026-04-10 10:40:00,YEG.V,,0.17000000178813934,0.17000000178813934,0.17000000178813934,0.17000000178813934,0.0
2026-04-10 10:40:00,ZDC.V,,5.539999961853027,5.539999961853027,5.489999771118164,5.5,12700.0
2026-04-10 10:41:00,WRLG.V,,1.0,1.0,1.0,1.0,4000.0
2026-04-10 10:41:00,ZDC.V,,5.559999942779541,5.559999942779541,5.539999961853027,5.539999961853027,1701.0
2026-04-10 10:42:00,AUMB.V,,0.9950000047683716,0.9950000047683716,0.9950000047683716,0.9950000047683716,17000.0
2026-04-10 10:42:00,NILI.V,,0.6600000262260437,0.6600000262260437,0.6600000262260437,0.6600000262260437,21755.0
2026-04-10 10:42:00,TAJ.V,,0.23499999940395355,0.23499999940395355,0.23499999940395355,0.23499999940395355,10000.0
2026-04-10 10:42:00,THX.V,,1.5,1.5,1.5,1.5,5800.0
2026-04-10 10:42:00,TUD.V,,1.0299999713897705,1.0299999713897705,1.0299999713897705,1.0299999713897705,100.0
2026-04-10 10:42:00,UCU.V,,5.760000228881836,5.760000228881836,5.760000228881836,5.760000228881836,100.0
2026-04-10 10:42:00,ZDC.V,,5.559999942779541,5.559999942779541,5.550000190734863,5.550000190734863,200.0
2026-04-10 10:43:00,AUMB.V,,0.9900000095367432,0.9950000047683716,0.9900000095367432,0.9950000047683716,3000.0
2026-04-10 10:43:00,NILI.V,,0.6600000262260437,0.6600000262260437,0.6600000262260437,0.6600000262260437,500.0
2026-04-10 10:43:00,TAJ.V,,0.23499999940395355,0.23499999940395355,0.23499999940395355,0.23499999940395355,15000.0
2026-04-10 10:43:00,TECT.V,,2.450000047683716,2.5,2.450000047683716,2.5,2100.0
2026-04-10 10:43:00,VCU.V,,1.3600000143051147,1.3600000143051147,1.350000023841858,1.350000023841858,33200.0
2026-04-10 10:43:00,WAM.V,,0.8100000023841858,0.8199999928474426,0.8100000023841858,0.8199999928474426,5000.0
2026-04-10 10:44:00,AUMB.V,,0.9800000190734863,0.9900000095367432,0.9800000190734863,0.9900000095367432,36500.0
2026-04-10 10:44:00,TAJ.V,,0.23499999940395355,0.23499999940395355,0.23499999940395355,0.23499999940395355,5000.0
2026-04-10 10:44:00,TUD.V,,1.0199999809265137,1.0199999809265137,1.0199999809265137,1.0199999809265137,1100.0
2026-04-10 10:44:00,TWO.V,,0.44999998807907104,0.44999998807907104,0.44999998807907104,0.44999998807907104,4000.0
2026-04-10 10:44:00,UCU.V,,5.730000019073486,5.739999771118164,5.71999979019165,5.739999771118164,3034.0
2026-04-10 10:44:00,WGO.V,,1.5700000524520874,1.5700000524520874,1.5700000524520874,1.5700000524520874,2200.0
2026-04-10 10:44:00,YNV.V,,0.11500000208616257,0.11500000208616257,0.11500000208616257,0.11500000208616257,0.0
2026-04-10 10:45:00,AUMB.V,,0.9900000095367432,0.9900000095367432,0.9800000190734863,0.9800000190734863,32000.0
2026-04-10 10:45:00,TDG.V,,0.5799999833106995,0.5799999833106995,0.5799999833106995,0.5799999833106995,7000.0
2026-04-10 10:45:00,THX.V,,1.5,1.5,1.5,1.5,100.0
2026-04-10 10:45:00,TOI.V,,90.0,90.1500015258789,89.91999816894531,90.12999725341797,2957.0
2026-04-10 10:45:00,VCU.V,,1.3700000047683716,1.3700000047683716,1.3700000047683716,1.3700000047683716,4100.0
2026-04-10 10:45:00,WRLG.V,,1.0,1.0,1.0,1.0,500.0
2026-04-10 10:46:00,THX.V,,1.5,1.5,1.5,1.5,3100.0
2026-04-10 10:46:00,WGO.V,,1.559999942779541,1.5700000524520874,1.559999942779541,1.5700000524520874,706.0
2026-04-10 10:46:00,WRLG.V,,0.9900000095367432,0.9950000047683716,0.9900000095367432,0.9950000047683716,2499.0
2026-04-10 10:46:00,ZEN.V,,0.7300000190734863,0.7300000190734863,0.7300000190734863,0.7300000190734863,2000.0
2026-04-10 10:47:00,TSG.V,,0.25,0.25,0.25,0.25,2000.0
2026-04-10 10:48:00,SURG.V,,0.5600000023841858,0.5600000023841858,0.5600000023841858,0.5600000023841858,3000.0
2026-04-10 10:48:00,TECT.V,,2.430000066757202,2.450000047683716,2.430000066757202,2.450000047683716,3400.0
2026-04-10 10:48:00,THX.V,,1.5,1.5,1.5,1.5,100.0
2026-04-10 10:48:00,TOI.V,,89.75,89.77999877929688,89.75,89.77999877929688,3301.0
2026-04-10 10:48:00,XGC.V,,0.2849999964237213,0.2849999964237213,0.2849999964237213,0.2849999964237213,5000.0
2026-04-10 10:48:00,ZDC.V,,5.53000020980835,5.53000020980835,5.53000020980835,5.53000020980835,800.0
2026-04-10 10:49:00,SURG.V,,0.5600000023841858,0.5600000023841858,0.5600000023841858,0.5600000023841858,8500.0
2026-04-10 10:49:00,TOI.V,,89.80000305175781,89.80000305175781,89.79000091552734,89.79000091552734,2900.0
2026-04-10 10:49:00,TUD.V,,1.0099999904632568,1.0099999904632568,1.0099999904632568,1.0099999904632568,100.0
2026-04-10 10:49:00,UCU.V,,5.71999979019165,5.71999979019165,5.710000038146973,5.710000038146973,600.0
2026-04-10 10:49:00,WGO.V,,1.559999942779541,1.559999942779541,1.559999942779541,1.559999942779541,2000.0
2026-04-10 10:49:00,WIL.V,,0.3100000023841858,0.3100000023841858,0.3100000023841858,0.3100000023841858,3000.0
2026-04-10 10:49:00,WRLG.V,,0.9950000047683716,0.9950000047683716,0.9950000047683716,0.9950000047683716,1000.0
2026-04-10 10:49:00,ZDC.V,,5.53000020980835,5.53000020980835,5.53000020980835,5.53000020980835,700.0
2026-04-10 10:50:00,TK.V,,0.4000000059604645,0.4000000059604645,0.4000000059604645,0.4000000059604645,56000.0
2026-04-10 10:50:00,TOI.V,,89.79000091552734,89.80000305175781,89.69999694824219,89.79000091552734,2700.0
2026-04-10 10:50:00,XTM.V,,0.07000000029802322,0.07000000029802322,0.07000000029802322,0.07000000029802322,3000.0
2026-04-10 10:51:00,AUMB.V,,0.9900000095367432,1.0,0.9900000095367432,1.0,4000.0
2026-04-10 10:51:00,THX.V,,1.5,1.5,1.5,1.5,200.0
2026-04-10 10:51:00,VRB.V,,0.10999999940395355,0.10999999940395355,0.10999999940395355,0.10999999940395355,17000.0
2026-04-10 10:51:00,WRLG.V,,1.0,1.0,1.0,1.0,1000.0
2026-04-10 10:52:00,VIO.V,,0.12999999523162842,0.12999999523162842,0.12999999523162842,0.12999999523162842,1500.0
2026-04-10 10:53:00,SURG.V,,0.5699999928474426,0.5699999928474426,0.5699999928474426,0.5699999928474426,5075.0
2026-04-10 10:53:00,TUD.V,,1.0099999904632568,1.0099999904632568,1.0099999904632568,1.0099999904632568,17100.0
2026-04-10 10:54:00,THX.V,,1.5,1.5,1.5,1.5,100.0
2026-04-10 10:54:00,TOI.V,,89.69999694824219,89.76000213623047,89.69999694824219,89.76000213623047,300.0
2026-04-10 10:54:00,VM.V,,0.11999999731779099,0.11999999731779099,0.11999999731779099,0.11999999731779099,2000.0
2026-04-10 10:54:00,WAM.V,,0.800000011920929,0.8100000023841858,0.800000011920929,0.8100000023841858,6000.0
2026-04-10 10:55:00,AUMB.V,,0.9900000095367432,0.9900000095367432,0.9900000095367432,0.9900000095367432,26000.0
2026-04-10 10:55:00,TCO.V,,0.05999999865889549,0.05999999865889549,0.05999999865889549,0.05999999865889549,0.0
2026-04-10 10:55:00,TOI.V,,89.76000213623047,89.76000213623047,89.66000366210938,89.69999694824219,520.0
2026-04-10 10:55:00,VCU.V,,1.340000033378601,1.340000033378601,1.340000033378601,1.340000033378601,100.0
2026-04-10 10:55:00,VO.V,,0.10000000149011612,0.10000000149011612,0.10000000149011612,0.10000000149011612,8500.0
2026-04-10 10:56:00,TK.V,,0.4000000059604645,0.4000000059604645,0.4000000059604645,0.4000000059604645,40000.0
2026-04-10 10:56:00,TUD.V,,1.0099999904632568,1.0099999904632568,1.0099999904632568,1.0099999904632568,1200.0
2026-04-10 10:57:00,TK.V,,0.39500001072883606,0.4000000059604645,0.39500001072883606,0.4000000059604645,29000.0
2026-04-10 10:57:00,VIO.V,,0.13500000536441803,0.13500000536441803,0.13500000536441803,0.13500000536441803,2000.0
2026-04-10 10:57:00,WGO.V,,1.5700000524520874,1.5700000524520874,1.5700000524520874,1.5700000524520874,100.0
2026-04-10 10:58:00,TLT.V,,0.2849999964237213,0.2849999964237213,0.2849999964237213,0.2849999964237213,619.0
2026-04-10 10:58:00,TUD.V,,1.0099999904632568,1.0099999904632568,1.0099999904632568,1.0099999904632568,4000.0
2026-04-10 10:58:00,WML.V,,0.07999999821186066,0.07999999821186066,0.07999999821186066,0.07999999821186066,7700.0
2026-04-10 10:59:00,VLI.V,,0.014999999664723873,0.014999999664723873,0.014999999664723873,0.014999999664723873,192000.0
2026-04-10 11:00:00,THX.V,,1.4900000095367432,1.4900000095367432,1.4900000095367432,1.4900000095367432,1000.0
2026-04-10 11:00:00,TUD.V,,1.0099999904632568,1.0099999904632568,1.0099999904632568,1.0099999904632568,100.0
2026-04-10 11:00:00,VCU.V,,1.350000023841858,1.350000023841858,1.350000023841858,1.350000023841858,100.0
2026-04-10 11:00:00,WIL.V,,0.30000001192092896,0.30000001192092896,0.30000001192092896,0.30000001192092896,4000.0
2026-04-10 11:01:00,RARE.V,,5.599999904632568,5.599999904632568,5.599999904632568,5.599999904632568,500.0
2026-04-10 11:01:00,TOI.V,,89.45999908447266,89.58000183105469,89.45999908447266,89.56999969482422,2441.0
2026-04-10 11:01:00,TUD.V,,1.0099999904632568,1.0099999904632568,1.0099999904632568,1.0099999904632568,100.0
2026-04-10 11:01:00,ZDC.V,,5.539999961853027,5.539999961853027,5.539999961853027,5.539999961853027,800.0
2026-04-10 11:02:00,TAJ.V,,0.23000000417232513,0.23000000417232513,0.23000000417232513,0.23000000417232513,1500.0
2026-04-10 11:02:00,THX.V,,1.5,1.5,1.5,1.5,100.0
2026-04-10 11:02:00,TUD.V,,1.0099999904632568,1.0099999904632568,1.0099999904632568,1.0099999904632568,200.0
2026-04-10 11:02:00,VM.V,,0.11500000208616257,0.11999999731779099,0.11500000208616257,0.11999999731779099,28000.0
2026-04-10 11:03:00,TOI.V,,89.38999938964844,89.38999938964844,89.38999938964844,89.38999938964844,219.0
2026-04-10 11:03:00,TUD.V,,1.0099999904632568,1.0099999904632568,1.0099999904632568,1.0099999904632568,100.0
2026-04-10 11:03:00,WRLG.V,,0.9900000095367432,0.9900000095367432,0.9900000095367432,0.9900000095367432,500.0
2026-04-10 11:04:00,RARE.V,,5.5,5.5,5.5,5.5,500.0
2026-04-10 11:04:00,TUD.V,,1.0099999904632568,1.0099999904632568,1.0099999904632568,1.0099999904632568,100.0
2026-04-10 11:04:00,UCU.V,,5.710000038146973,5.710000038146973,5.690000057220459,5.690000057220459,3448.0
2026-04-10 11:04:00,ZDC.V,,5.550000190734863,5.550000190734863,5.550000190734863,5.550000190734863,1200.0
2026-04-10 11:05:00,THX.V,,1.4950000047683716,1.4950000047683716,1.4950000047683716,1.4950000047683716,100.0
2026-04-10 11:06:00,AUMB.V,,0.9800000190734863,0.9900000095367432,0.9800000190734863,0.9900000095367432,30500.0
2026-04-10 11:06:00,TSG.V,,0.25,0.25,0.25,0.25,4000.0
2026-04-10 11:06:00,VCU.V,,1.350000023841858,1.3600000143051147,1.340000033378601,1.340000033378601,500.0
2026-04-10 11:06:00,VIO.V,,0.12999999523162842,0.12999999523162842,0.12999999523162842,0.12999999523162842,7000.0
2026-04-10 11:07:00,ZAC.V,,0.07999999821186066,0.07999999821186066,0.07999999821186066,0.07999999821186066,1000.0
2026-04-10 11:08:00,THX.V,,1.4950000047683716,1.4950000047683716,1.4950000047683716,1.4950000047683716,100.0
2026-04-10 11:08:00,TSG.V,,0.24500000476837158,0.24500000476837158,0.24500000476837158,0.24500000476837158,3000.0
2026-04-10 11:08:00,TUD.V,,1.0099999904632568,1.0099999904632568,1.0099999904632568,1.0099999904632568,100.0
2026-04-10 11:08:00,ZDC.V,,5.590000152587891,5.590000152587891,5.550000190734863,5.550000190734863,4100.0
2026-04-10 11:09:00,AUMB.V,,0.9900000095367432,0.9900000095367432,0.9900000095367432,0.9900000095367432,2500.0
2026-04-10 11:09:00,TECT.V,,2.4100000858306885,2.4200000762939453,2.4100000858306885,2.4200000762939453,2400.0
2026-04-10 11:09:00,TOI.V,,89.19999694824219,89.19999694824219,89.19999694824219,89.19999694824219,1110.0
2026-04-10 11:09:00,WIL.V,,0.30000001192092896,0.30000001192092896,0.30000001192092896,0.30000001192092896,500.0
2026-04-10 11:09:00,WRLG.V,,1.0,1.0,1.0,1.0,500.0
2026-04-10 11:10:00,TAJ.V,,0.23499999940395355,0.23499999940395355,0.23499999940395355,0.23499999940395355,1500.0
2026-04-10 11:10:00,UCU.V,,5.739999771118164,5.739999771118164,5.739999771118164,5.739999771118164,200.0
2026-04-10 11:10:00,WAM.V,,0.8199999928474426,0.8199999928474426,0.8100000023841858,0.8100000023841858,2500.0
2026-04-10 11:10:00,ZDC.V,,5.599999904632568,5.599999904632568,5.599999904632568,5.599999904632568,500.0
2026-04-10 11:11:00,THX.V,,1.4950000047683716,1.4950000047683716,1.4950000047683716,1.4950000047683716,100.0
2026-04-10 11:11:00,TSG.V,,0.2549999952316284,0.2549999952316284,0.2549999952316284,0.2549999952316284,500.0
2026-04-10 11:12:00,TUD.V,,1.0099999904632568,1.0099999904632568,1.0099999904632568,1.0099999904632568,3100.0
2026-04-10 11:12:00,VO.V,,0.10000000149011612,0.10000000149011612,0.10000000149011612,0.10000000149011612,40000.0
2026-04-10 11:12:00,WGO.V,,1.5700000524520874,1.5700000524520874,1.5700000524520874,1.5700000524520874,900.0
2026-04-10 11:13:00,AUMB.V,,0.9950000047683716,0.9950000047683716,0.9950000047683716,0.9950000047683716,1000.0
2026-04-10 11:13:00,RARE.V,,5.5,5.5,5.5,5.5,200.0
2026-04-10 11:13:00,TOI.V,,89.30000305175781,89.38999938964844,89.19999694824219,89.19999694824219,1600.0
2026-04-10 11:13:00,TUD.V,,1.0099999904632568,1.0099999904632568,1.0099999904632568,1.0099999904632568,1500.0
2026-04-10 11:13:00,ZDC.V,,5.610000133514404,5.619999885559082,5.610000133514404,5.619999885559082,2800.0
2026-04-10 11:14:00,TUD.V,,1.0199999809265137,1.0199999809265137,1.0199999809265137,1.0199999809265137,100.0
2026-04-10 11:14:00,WEB.V,,1.5700000524520874,1.5700000524520874,1.5700000524520874,1.5700000524520874,3100.0
2026-04-10 11:14:00,ZEN.V,,0.75,0.75,0.75,0.75,5000.0
2026-04-10 11:15:00,THX.V,,1.5,1.5,1.5,1.5,1900.0
2026-04-10 11:15:00,UCU.V,,5.730000019073486,5.739999771118164,5.710000038146973,5.730000019073486,19065.0
2026-04-10 11:16:00,AUMB.V,,0.9900000095367432,0.9950000047683716,0.9900000095367432,0.9950000047683716,8514.0
2026-04-10 11:16:00,THX.V,,1.5099999904632568,1.5099999904632568,1.5,1.5,68123.0
2026-04-10 11:16:00,VML.V,,0.550000011920929,0.550000011920929,0.550000011920929,0.550000011920929,12500.0
2026-04-10 11:17:00,THX.V,,1.5199999809265137,1.5199999809265137,1.5099999904632568,1.5099999904632568,7100.0
2026-04-10 11:17:00,TUD.V,,1.0199999809265137,1.0199999809265137,1.0199999809265137,1.0199999809265137,100.0
2026-04-10 11:17:00,ZDC.V,,5.619999885559082,5.630000114440918,5.610000133514404,5.619999885559082,1100.0
2026-04-10 11:18:00,UCU.V,,5.769999980926514,5.769999980926514,5.769999980926514,5.769999980926514,1400.0
2026-04-10 11:18:00,VCU.V,,1.3600000143051147,1.3600000143051147,1.3600000143051147,1.3600000143051147,200.0
2026-04-10 11:19:00,TLT.V,,0.28999999165534973,0.28999999165534973,0.28999999165534973,0.28999999165534973,500.0
2026-04-10 11:19:00,VIO.V,,0.12999999523162842,0.12999999523162842,0.12999999523162842,0.12999999523162842,500.0
2026-04-10 11:19:00,WGO.V,,1.5800000429153442,1.5800000429153442,1.5800000429153442,1.5800000429153442,100.0
2026-04-10 11:19:00,WML.V,,0.08500000089406967,0.08500000089406967,0.08500000089406967,0.08500000089406967,98000.0
2026-04-10 11:20:00,TOI.V,,89.33999633789062,89.33999633789062,89.05000305175781,89.05000305175781,1300.0
2026-04-10 11:21:00,TOI.V,,89.47000122070312,89.47000122070312,89.47000122070312,89.47000122070312,350.0
2026-04-10 11:21:00,TRBC.V,,0.18000000715255737,0.18000000715255737,0.18000000715255737,0.18000000715255737,11000.0
2026-04-10 11:21:00,VIO.V,,0.12999999523162842,0.12999999523162842,0.12999999523162842,0.12999999523162842,60000.0
2026-04-10 11:21:00,WGO.V,,1.5800000429153442,1.5800000429153442,1.5800000429153442,1.5800000429153442,800.0
2026-04-10 11:22:00,TAJ.V,,0.23499999940395355,0.23499999940395355,0.23499999940395355,0.23499999940395355,6000.0
2026-04-10 11:22:00,TRBC.V,,0.18000000715255737,0.18000000715255737,0.18000000715255737,0.18000000715255737,5000.0
2026-04-10 11:23:00,AUMB.V,,1.0,1.0,1.0,1.0,49650.0
2026-04-10 11:23:00,THX.V,,1.5199999809265137,1.5199999809265137,1.5199999809265137,1.5199999809265137,200.0
2026-04-10 11:23:00,TNR.V,,0.23499999940395355,0.23499999940395355,0.23499999940395355,0.23499999940395355,1000.0
2026-04-10 11:23:00,UFC.V,,0.8500000238418579,0.8500000238418579,0.8500000238418579,0.8500000238418579,3000.0
2026-04-10 11:23:00,VIO.V,,0.12999999523162842,0.12999999523162842,0.12999999523162842,0.12999999523162842,1500.0
2026-04-10 11:23:00,VO.V,,0.10499999672174454,0.10499999672174454,0.10499999672174454,0.10499999672174454,17000.0
2026-04-10 11:23:00,WGO.V,,1.5800000429153442,1.5800000429153442,1.5800000429153442,1.5800000429153442,1000.0
2026-04-10 11:23:00,WML.V,,0.09000000357627869,0.09000000357627869,0.08500000089406967,0.08500000089406967,59500.0
2026-04-10 11:23:00,ZDC.V,,5.610000133514404,5.610000133514404,5.610000133514404,5.610000133514404,100.0
2026-04-10 11:24:00,TAJ.V,,0.23499999940395355,0.23499999940395355,0.23499999940395355,0.23499999940395355,1275.0
2026-04-10 11:24:00,THX.V,,1.5199999809265137,1.5199999809265137,1.5199999809265137,1.5199999809265137,200.0
2026-04-10 11:24:00,TNR.V,,0.23999999463558197,0.23999999463558197,0.23999999463558197,0.23999999463558197,2610.0
2026-04-10 11:24:00,TOI.V,,89.76000213623047,89.76000213623047,89.62999725341797,89.62999725341797,200.0
2026-04-10 11:24:00,VVC.V,,0.019999999552965164,0.019999999552965164,0.019999999552965164,0.019999999552965164,50000.0
2026-04-10 11:24:00,WGO.V,,1.590000033378601,1.590000033378601,1.590000033378601,1.590000033378601,3500.0
2026-04-10 11:24:00,WHN.V,,0.27000001072883606,0.27000001072883606,0.27000001072883606,0.27000001072883606,38300.0
2026-04-10 11:25:00,THX.V,,1.5199999809265137,1.5199999809265137,1.5199999809265137,1.5199999809265137,200.0
2026-04-10 11:25:00,WGO.V,,1.590000033378601,1.590000033378601,1.590000033378601,1.590000033378601,2100.0
2026-04-10 11:26:00,AUMB.V,,1.0,1.0,1.0,1.0,1000.0
2026-04-10 11:26:00,TGOL.V,,0.12999999523162842,0.12999999523162842,0.12999999523162842,0.12999999523162842,5500.0
2026-04-10 11:26:00,TMET.V,,0.0949999988079071,0.0949999988079071,0.0949999988079071,0.0949999988079071,0.0
2026-04-10 11:26:00,WSK.V,,0.23000000417232513,0.23000000417232513,0.23000000417232513,0.23000000417232513,0.0
2026-04-10 11:26:00,ZON.V,,0.11500000208616257,0.11500000208616257,0.11500000208616257,0.11500000208616257,29502.0
2026-04-10 11:27:00,AUMB.V,,0.9950000047683716,1.0,0.9950000047683716,1.0,8300.0
2026-04-10 11:27:00,THX.V,,1.5199999809265137,1.5199999809265137,1.5199999809265137,1.5199999809265137,100.0
2026-04-10 11:27:00,TMET.V,,0.10000000149011612,0.10000000149011612,0.10000000149011612,0.10000000149011612,18000.0
2026-04-10 11:27:00,TUD.V,,1.0199999809265137,1.0199999809265137,1.0199999809265137,1.0199999809265137,100.0
2026-04-10 11:27:00,UCU.V,,5.760000228881836,5.760000228881836,5.760000228881836,5.760000228881836,100.0
2026-04-10 11:28:00,AUMB.V,,1.0,1.0,1.0,1.0,3500.0
2026-04-10 11:28:00,THX.V,,1.5199999809265137,1.5199999809265137,1.5199999809265137,1.5199999809265137,100.0
2026-04-10 11:28:00,TSD.V,,0.19499999284744263,0.19499999284744263,0.1899999976158142,0.1899999976158142,19310.0
2026-04-10 11:28:00,TUD.V,,1.0099999904632568,1.0099999904632568,1.0099999904632568,1.0099999904632568,1100.0
2026-04-10 11:28:00,WAM.V,,0.8199999928474426,0.8199999928474426,0.8199999928474426,0.8199999928474426,1000.0
2026-04-10 11:29:00,ZDC.V,,5.610000133514404,5.610000133514404,5.610000133514404,5.610000133514404,2770.0
2026-04-10 11:30:00,AUMB.V,,1.0,1.0,1.0,1.0,4500.0
2026-04-10 11:30:00,THX.V,,1.5199999809265137,1.5199999809265137,1.5199999809265137,1.5199999809265137,100.0
2026-04-10 11:30:00,TLT.V,,0.2849999964237213,0.2849999964237213,0.2849999964237213,0.2849999964237213,14877.0
2026-04-10 11:30:00,TOI.V,,89.68000030517578,89.69999694824219,89.68000030517578,89.69999694824219,1003.0
2026-04-10 11:30:00,TUD.V,,1.0149999856948853,1.0149999856948853,1.0149999856948853,1.0149999856948853,100.0
2026-04-10 11:30:00,UCU.V,,5.769999980926514,5.769999980926514,5.769999980926514,5.769999980926514,100.0
2026-04-10 11:30:00,WRLG.V,,1.0,1.0,1.0,1.0,500.0
2026-04-10 11:31:00,THX.V,,1.5199999809265137,1.5199999809265137,1.5199999809265137,1.5199999809265137,2800.0
2026-04-10 11:31:00,ZDC.V,,5.639999866485596,5.639999866485596,5.639999866485596,5.639999866485596,221.0
2026-04-10 11:31:00,ZEN.V,,0.7300000190734863,0.7300000190734863,0.7300000190734863,0.7300000190734863,500.0
2026-04-10 11:32:00,THX.V,,1.5199999809265137,1.5199999809265137,1.5199999809265137,1.5199999809265137,200.0
2026-04-10 11:32:00,TOI.V,,89.51000213623047,89.5999984741211,89.51000213623047,89.5999984741211,1260.0
2026-04-10 11:33:00,UCU.V,,5.760000228881836,5.760000228881836,5.760000228881836,5.760000228881836,100.0
2026-04-10 11:33:00,VO.V,,0.10499999672174454,0.10499999672174454,0.10499999672174454,0.10499999672174454,17000.0
2026-04-10 11:33:00,VUX.V,,0.15000000596046448,0.15000000596046448,0.15000000596046448,0.15000000596046448,0.0
2026-04-10 11:33:00,ZDC.V,,5.71999979019165,5.71999979019165,5.639999866485596,5.639999866485596,6875.0
2026-04-10 11:34:00,THX.V,,1.5199999809265137,1.5199999809265137,1.5199999809265137,1.5199999809265137,100.0
2026-04-10 11:34:00,VO.V,,0.10499999672174454,0.10499999672174454,0.10499999672174454,0.10499999672174454,67000.0
2026-04-10 11:35:00,THX.V,,1.5199999809265137,1.5199999809265137,1.5199999809265137,1.5199999809265137,100.0
2026-04-10 11:35:00,TOI.V,,89.19999694824219,89.2699966430664,89.19999694824219,89.2699966430664,1111.0
2026-04-10 11:35:00,VGD.V,,0.1899999976158142,0.1899999976158142,0.1899999976158142,0.1899999976158142,2500.0
2026-04-10 11:35:00,WML.V,,0.09000000357627869,0.09000000357627869,0.09000000357627869,0.09000000357627869,1000.0
2026-04-10 11:36:00,AUMB.V,,1.0,1.0,1.0,1.0,62500.0
2026-04-10 11:36:00,TSG.V,,0.24500000476837158,0.24500000476837158,0.24500000476837158,0.24500000476837158,623.0
2026-04-10 11:36:00,VLC.V,,0.20999999344348907,0.20999999344348907,0.20999999344348907,0.20999999344348907,0.0
2026-04-10 11:36:00,VO.V,,0.10499999672174454,0.10499999672174454,0.10499999672174454,0.10499999672174454,24000.0
2026-04-10 11:37:00,TECT.V,,2.450000047683716,2.450000047683716,2.450000047683716,2.450000047683716,1208.0
2026-04-10 11:37:00,THX.V,,1.5199999809265137,1.5199999809265137,1.5199999809265137,1.5199999809265137,200.0
2026-04-10 11:37:00,TLT.V,,0.28999999165534973,0.28999999165534973,0.28999999165534973,0.28999999165534973,500.0
2026-04-10 11:37:00,TTI.V,,0.5400000214576721,0.5400000214576721,0.5299999713897705,0.5299999713897705,6500.0
2026-04-10 11:37:00,UCU.V,,5.760000228881836,5.760000228881836,5.760000228881836,5.760000228881836,100.0
2026-04-10 11:37:00,VCU.V,,1.3600000143051147,1.3600000143051147,1.3600000143051147,1.3600000143051147,700.0
2026-04-10 11:37:00,WAM.V,,0.8199999928474426,0.8199999928474426,0.8199999928474426,0.8199999928474426,13000.0
2026-04-10 11:37:00,WEX.V,,0.699999988079071,0.7099999785423279,0.699999988079071,0.7099999785423279,17000.0
2026-04-10 11:37:00,ZDC.V,,5.659999847412109,5.659999847412109,5.659999847412109,5.659999847412109,600.0
2026-04-10 11:38:00,THX.V,,1.5199999809265137,1.5199999809265137,1.5199999809265137,1.5199999809265137,100.0
2026-04-10 11:38:00,VCI.V,,6.639999866485596,6.639999866485596,6.639999866485596,6.639999866485596,0.0
2026-04-10 11:38:00,ZDC.V,,5.670000076293945,5.670000076293945,5.670000076293945,5.670000076293945,2150.0
2026-04-10 11:39:00,TUD.V,,1.0099999904632568,1.0099999904632568,1.0099999904632568,1.0099999904632568,1100.0
2026-04-10 11:39:00,UCU.V,,5.739999771118164,5.739999771118164,5.739999771118164,5.739999771118164,1200.0
2026-04-10 11:39:00,VO.V,,0.10499999672174454,0.10499999672174454,0.10499999672174454,0.10499999672174454,22500.0
2026-04-10 11:39:00,WGO.V,,1.5800000429153442,1.5800000429153442,1.5800000429153442,1.5800000429153442,1100.0
2026-04-10 11:40:00,THX.V,,1.5199999809265137,1.5199999809265137,1.5199999809265137,1.5199999809265137,100.0
2026-04-10 11:41:00,UCU.V,,5.730000019073486,5.730000019073486,5.730000019073486,5.730000019073486,600.0
2026-04-10 11:42:00,THX.V,,1.5199999809265137,1.5199999809265137,1.5199999809265137,1.5199999809265137,183.0
2026-04-10 11:42:00,VCU.V,,1.350000023841858,1.350000023841858,1.350000023841858,1.350000023841858,1100.0
2026-04-10 11:42:00,WRLG.V,,1.0,1.0,1.0,1.0,1000.0
2026-04-10 11:43:00,ZEN.V,,0.7200000286102295,0.7300000190734863,0.7200000286102295,0.7300000190734863,8500.0
2026-04-10 11:44:00,THX.V,,1.5199999809265137,1.5199999809265137,1.5199999809265137,1.5199999809265137,100.0
2026-04-10 11:44:00,TK.V,,0.4000000059604645,0.4000000059604645,0.4000000059604645,0.4000000059604645,23500.0
2026-04-10 11:44:00,TMET.V,,0.10000000149011612,0.10000000149011612,0.10000000149011612,0.10000000149011612,52000.0
2026-04-10 11:44:00,VLI.V,,0.014999999664723873,0.014999999664723873,0.014999999664723873,0.014999999664723873,1000.0
2026-04-10 11:45:00,THX.V,,1.5199999809265137,1.5199999809265137,1.5199999809265137,1.5199999809265137,100.0
2026-04-10 11:45:00,UCU.V,,5.730000019073486,5.730000019073486,5.730000019073486,5.730000019073486,900.0
2026-04-10 11:45:00,UGD.V,,0.4099999964237213,0.4099999964237213,0.4099999964237213,0.4099999964237213,500.0
2026-04-10 11:46:00,AUMB.V,,1.0,1.0,1.0,1.0,2879.0
2026-04-10 11:46:00,THX.V,,1.5199999809265137,1.5199999809265137,1.5199999809265137,1.5199999809265137,300.0
2026-04-10 11:46:00,TUD.V,,1.0099999904632568,1.0099999904632568,1.0099999904632568,1.0099999904632568,100.0
2026-04-10 11:46:00,WISH.V,,0.23999999463558197,0.23999999463558197,0.23999999463558197,0.23999999463558197,1400.0
2026-04-10 11:47:00,AUMB.V,,0.9900000095367432,0.9900000095367432,0.9900000095367432,0.9900000095367432,37000.0
2026-04-10 11:47:00,TOI.V,,89.19999694824219,89.30000305175781,89.19999694824219,89.30000305175781,1062.0
2026-04-10 11:47:00,TWO.V,,0.4699999988079071,0.4699999988079071,0.4699999988079071,0.4699999988079071,7000.0
2026-04-10 11:47:00,YEG.V,,0.17499999701976776,0.17499999701976776,0.17499999701976776,0.17499999701976776,1000.0
2026-04-10 11:48:00,NILI.V,,0.6499999761581421,0.6499999761581421,0.6499999761581421,0.6499999761581421,10026.0
2026-04-10 11:48:00,UCU.V,,5.769999980926514,5.769999980926514,5.760000228881836,5.760000228881836,2900.0
2026-04-10 11:48:00,VCU.V,,1.350000023841858,1.350000023841858,1.350000023841858,1.350000023841858,1100.0
2026-04-10 11:48:00,WEX.V,,0.7099999785423279,0.7099999785423279,0.7099999785423279,0.7099999785423279,500.0
2026-04-10 11:48:00,ZDC.V,,5.670000076293945,5.670000076293945,5.670000076293945,5.670000076293945,100.0
2026-04-10 11:49:00,TOI.V,,88.9800033569336,88.9800033569336,88.9800033569336,88.9800033569336,281.0
2026-04-10 11:49:00,VUX.V,,0.15000000596046448,0.15000000596046448,0.15000000596046448,0.15000000596046448,500.0
2026-04-10 11:50:00,VCU.V,,1.3600000143051147,1.3600000143051147,1.350000023841858,1.350000023841858,3300.0
2026-04-10 11:50:00,VUX.V,,0.15000000596046448,0.15000000596046448,0.15000000596046448,0.15000000596046448,500.0
2026-04-10 11:50:00,WHN.V,,0.2800000011920929,0.2800000011920929,0.27000001072883606,0.27000001072883606,87500.0
2026-04-10 11:50:00,XIM.V,,0.07999999821186066,0.07999999821186066,0.07999999821186066,0.07999999821186066,0.0
2026-04-10 11:51:00,VUX.V,,0.15000000596046448,0.15000000596046448,0.15000000596046448,0.15000000596046448,500.0
2026-04-10 11:51:00,WRLG.V,,1.0,1.0,1.0,1.0,1500.0
2026-04-10 11:51:00,ZDC.V,,5.670000076293945,5.670000076293945,5.670000076293945,5.670000076293945,100.0
2026-04-10 11:52:00,TGOL.V,,0.12999999523162842,0.12999999523162842,0.12999999523162842,0.12999999523162842,172000.0
2026-04-10 11:52:00,THX.V,,1.5199999809265137,1.5199999809265137,1.5199999809265137,1.5199999809265137,200.0
2026-04-10 11:52:00,TOI.V,,89.0,89.0,89.0,89.0,495.0
2026-04-10 11:52:00,TUD.V,,1.0099999904632568,1.0099999904632568,1.0099999904632568,1.0099999904632568,129.0
2026-04-10 11:52:00,VUX.V,,0.15000000596046448,0.15000000596046448,0.15000000596046448,0.15000000596046448,500.0
2026-04-10 11:52:00,WRLG.V,,1.0,1.0,1.0,1.0,3000.0
2026-04-10 11:52:00,ZDC.V,,5.670000076293945,5.670000076293945,5.670000076293945,5.670000076293945,300.0
2026-04-10 11:53:00,TOI.V,,89.0,89.01000213623047,89.0,89.01000213623047,900.0
2026-04-10 11:53:00,TORQ.V,,0.09000000357627869,0.09000000357627869,0.08500000089406967,0.08500000089406967,12000.0
2026-04-10 11:53:00,TRBC.V,,0.1850000023841858,0.1850000023841858,0.1850000023841858,0.1850000023841858,2500.0
2026-04-10 11:53:00,VUX.V,,0.15000000596046448,0.15000000596046448,0.15000000596046448,0.15000000596046448,500.0
2026-04-10 11:53:00,WHY.V,,0.3400000035762787,0.3400000035762787,0.3400000035762787,0.3400000035762787,0.0
2026-04-10 11:53:00,ZEN.V,,0.7300000190734863,0.7300000190734863,0.7300000190734863,0.7300000190734863,3175.0
2026-04-10 11:54:00,AUMB.V,,0.9900000095367432,0.9900000095367432,0.9900000095367432,0.9900000095367432,9500.0
2026-04-10 11:54:00,TOI.V,,88.94999694824219,88.95999908447266,88.94999694824219,88.95999908447266,313.0
2026-04-10 11:54:00,VCU.V,,1.3300000429153442,1.340000033378601,1.3300000429153442,1.340000033378601,4050.0
2026-04-10 11:54:00,VUX.V,,0.15000000596046448,0.15000000596046448,0.15000000596046448,0.15000000596046448,500.0
2026-04-10 11:55:00,AUMB.V,,0.9900000095367432,0.9900000095367432,0.9900000095367432,0.9900000095367432,39000.0
2026-04-10 11:55:00,TWO.V,,0.4699999988079071,0.4699999988079071,0.4699999988079071,0.4699999988079071,15500.0
2026-04-10 11:55:00,ZDC.V,,5.650000095367432,5.670000076293945,5.650000095367432,5.659999847412109,6400.0
2026-04-10 11:56:00,THX.V,,1.5149999856948853,1.5149999856948853,1.5149999856948853,1.5149999856948853,200.0
2026-04-10 11:56:00,TOI.V,,88.69999694824219,88.69999694824219,88.69999694824219,88.69999694824219,700.0
2026-04-10 11:56:00,UCU.V,,5.769999980926514,5.769999980926514,5.769999980926514,5.769999980926514,151.0
2026-04-10 11:56:00,VUX.V,,0.15000000596046448,0.15000000596046448,0.15000000596046448,0.15000000596046448,500.0
2026-04-10 11:56:00,ZDC.V,,5.650000095367432,5.650000095367432,5.650000095367432,5.650000095367432,600.0
2026-04-10 11:57:00,VUX.V,,0.15000000596046448,0.15000000596046448,0.15000000596046448,0.15000000596046448,500.0
2026-04-10 11:57:00,WAM.V,,0.8100000023841858,0.8100000023841858,0.8100000023841858,0.8100000023841858,1000.0
2026-04-10 11:57:00,WRLG.V,,1.0,1.0,1.0,1.0,500.0
2026-04-10 11:58:00,AUMB.V,,0.9800000190734863,0.9800000190734863,0.9800000190734863,0.9800000190734863,1000.0
2026-04-10 11:58:00,VUX.V,,0.15000000596046448,0.15000000596046448,0.15000000596046448,0.15000000596046448,500.0
2026-04-10 11:58:00,WIL.V,,0.3100000023841858,0.3100000023841858,0.3100000023841858,0.3100000023841858,1000.0
2026-04-10 11:58:00,WRLG.V,,1.0,1.0,1.0,1.0,500.0
2026-04-10 11:58:00,ZDC.V,,5.659999847412109,5.670000076293945,5.659999847412109,5.670000076293945,1025.0
2026-04-10 11:59:00,AUMB.V,,0.9900000095367432,0.9900000095367432,0.9900000095367432,0.9900000095367432,19500.0
2026-04-10 11:59:00,SURG.V,,0.550000011920929,0.5600000023841858,0.550000011920929,0.5600000023841858,10000.0
2026-04-10 11:59:00,TLT.V,,0.28999999165534973,0.28999999165534973,0.28999999165534973,0.28999999165534973,2000.0
2026-04-10 11:59:00,TOI.V,,88.72000122070312,88.72000122070312,88.72000122070312,88.72000122070312,431.0
2026-04-10 11:59:00,WEX.V,,0.7200000286102295,0.7200000286102295,0.7200000286102295,0.7200000286102295,600.0
2026-04-10 11:59:00,ZDC.V,,5.650000095367432,5.650000095367432,5.650000095367432,5.650000095367432,1000.0
2026-04-10 11:59:00,ZEN.V,,0.75,0.75,0.75,0.75,500.0
2026-04-10 11:59:00,ZOMD.V,,0.8799999952316284,0.8799999952316284,0.8799999952316284,0.8799999952316284,15851.0
2026-04-10 12:00:00,AUMB.V,,0.9900000095367432,0.9900000095367432,0.9900000095367432,0.9900000095367432,13000.0
2026-04-10 12:00:00,THX.V,,1.5099999904632568,1.5099999904632568,1.5099999904632568,1.5099999904632568,23400.0
2026-04-10 12:00:00,UCU.V,,5.760000228881836,5.760000228881836,5.760000228881836,5.760000228881836,100.0
2026-04-10 12:00:00,VUX.V,,0.15000000596046448,0.15000000596046448,0.15000000596046448,0.15000000596046448,500.0
2026-04-10 12:00:00,WGO.V,,1.5700000524520874,1.5700000524520874,1.5700000524520874,1.5700000524520874,200.0
2026-04-10 12:00:00,ZEN.V,,0.7400000095367432,0.7400000095367432,0.7400000095367432,0.7400000095367432,500.0
2026-04-10 12:01:00,VCU.V,,1.3300000429153442,1.3300000429153442,1.3300000429153442,1.3300000429153442,100.0
2026-04-10 12:01:00,VUX.V,,0.15000000596046448,0.15000000596046448,0.15000000596046448,0.15000000596046448,500.0
2026-04-10 12:01:00,ZDC.V,,5.650000095367432,5.650000095367432,5.650000095367432,5.650000095367432,3100.0
2026-04-10 12:02:00,THX.V,,1.5099999904632568,1.5099999904632568,1.5099999904632568,1.5099999904632568,3800.0
2026-04-10 12:02:00,UCU.V,,5.730000019073486,5.739999771118164,5.730000019073486,5.739999771118164,1100.0
2026-04-10 12:02:00,VUX.V,,0.15000000596046448,0.15000000596046448,0.15000000596046448,0.15000000596046448,500.0
2026-04-10 12:02:00,WGO.V,,1.559999942779541,1.559999942779541,1.559999942779541,1.559999942779541,600.0
2026-04-10 12:03:00,TUD.V,,1.0099999904632568,1.0099999904632568,1.0099999904632568,1.0099999904632568,100.0
2026-04-10 12:03:00,VUX.V,,0.15000000596046448,0.15000000596046448,0.15000000596046448,0.15000000596046448,500.0
2026-04-10 12:03:00,WML.V,,0.09000000357627869,0.09000000357627869,0.09000000357627869,0.09000000357627869,1000.0
2026-04-10 12:03:00,ZEN.V,,0.7400000095367432,0.7400000095367432,0.7400000095367432,0.7400000095367432,500.0
2026-04-10 12:03:00,ZOMD.V,,0.8849999904632568,0.8849999904632568,0.8849999904632568,0.8849999904632568,3000.0
2026-04-10 12:04:00,TUD.V,,1.0099999904632568,1.0099999904632568,1.0099999904632568,1.0099999904632568,102.0
2026-04-10 12:05:00,TSG.V,,0.24500000476837158,0.24500000476837158,0.24500000476837158,0.24500000476837158,6500.0
2026-04-10 12:05:00,VML.V,,0.550000011920929,0.550000011920929,0.550000011920929,0.550000011920929,2000.0
2026-04-10 12:05:00,VUX.V,,0.15000000596046448,0.15000000596046448,0.15000000596046448,0.15000000596046448,500.0
2026-04-10 12:05:00,ZDC.V,,5.650000095367432,5.650000095367432,5.650000095367432,5.650000095367432,1000.0
2026-04-10 12:06:00,TUD.V,,0.9900000095367432,1.0,0.9900000095367432,1.0,130200.0
2026-04-10 12:06:00,VO.V,,0.10499999672174454,0.10499999672174454,0.10499999672174454,0.10499999672174454,20000.0
2026-04-10 12:06:00,VUX.V,,0.15000000596046448,0.15000000596046448,0.15000000596046448,0.15000000596046448,500.0
2026-04-10 12:07:00,NILI.V,,0.6399999856948853,0.6399999856948853,0.6399999856948853,0.6399999856948853,67900.0
2026-04-10 12:07:00,UCU.V,,5.730000019073486,5.730000019073486,5.730000019073486,5.730000019073486,200.0
2026-04-10 12:07:00,VUX.V,,0.15000000596046448,0.15000000596046448,0.15000000596046448,0.15000000596046448,500.0
2026-04-10 12:07:00,WEB.V,,1.5800000429153442,1.5800000429153442,1.5800000429153442,1.5800000429153442,500.0
2026-04-10 12:07:00,ZDC.V,,5.650000095367432,5.650000095367432,5.650000095367432,5.650000095367432,2800.0
2026-04-10 12:08:00,TDG.V,,0.5699999928474426,0.5699999928474426,0.5699999928474426,0.5699999928474426,32500.0
2026-04-10 12:08:00,TSG.V,,0.24500000476837158,0.24500000476837158,0.24500000476837158,0.24500000476837158,16500.0
2026-04-10 12:08:00,UCU.V,,5.71999979019165,5.71999979019165,5.71999979019165,5.71999979019165,2500.0
2026-04-10 12:08:00,VCU.V,,1.3300000429153442,1.3300000429153442,1.3300000429153442,1.3300000429153442,2000.0
2026-04-10 12:08:00,VUX.V,,0.15000000596046448,0.15000000596046448,0.15000000596046448,0.15000000596046448,500.0
2026-04-10 12:09:00,WRLG.V,,0.9900000095367432,0.9900000095367432,0.9900000095367432,0.9900000095367432,10000.0
2026-04-10 12:09:00,ZDC.V,,5.659999847412109,5.659999847412109,5.659999847412109,5.659999847412109,400.0
2026-04-10 12:10:00,THX.V,,1.5099999904632568,1.5099999904632568,1.5099999904632568,1.5099999904632568,100.0
2026-04-10 12:10:00,VLX.V,,0.03999999910593033,0.03999999910593033,0.03999999910593033,0.03999999910593033,0.0
2026-04-10 12:10:00,VUX.V,,0.15000000596046448,0.15000000596046448,0.15000000596046448,0.15000000596046448,500.0
2026-04-10 12:10:00,ZDC.V,,5.670000076293945,5.670000076293945,5.670000076293945,5.670000076293945,300.0
2026-04-10 12:11:00,THX.V,,1.5099999904632568,1.5099999904632568,1.5099999904632568,1.5099999904632568,500.0
2026-04-10 12:11:00,VUX.V,,0.15000000596046448,0.15000000596046448,0.15000000596046448,0.15000000596046448,500.0
2026-04-10 12:11:00,ZDC.V,,5.650000095367432,5.650000095367432,5.650000095367432,5.650000095367432,1000.0
2026-04-10 12:12:00,AUMB.V,,0.9900000095367432,0.9900000095367432,0.9900000095367432,0.9900000095367432,17000.0
2026-04-10 12:12:00,TOI.V,,89.33999633789062,89.33999633789062,88.95500183105469,89.0999984741211,597.0
2026-04-10 12:12:00,VO.V,,0.10499999672174454,0.10499999672174454,0.10499999672174454,0.10499999672174454,20000.0
2026-04-10 12:12:00,VUX.V,,0.15000000596046448,0.15000000596046448,0.15000000596046448,0.15000000596046448,500.0
2026-04-10 12:12:00,WAM.V,,0.8100000023841858,0.8100000023841858,0.8100000023841858,0.8100000023841858,500.0
2026-04-10 12:12:00,ZDC.V,,5.670000076293945,5.670000076293945,5.670000076293945,5.670000076293945,200.0
2026-04-10 12:13:00,TUD.V,,0.9900000095367432,0.9900000095367432,0.9900000095367432,0.9900000095367432,1500.0
2026-04-10 12:13:00,UCU.V,,5.71999979019165,5.730000019073486,5.71999979019165,5.730000019073486,1100.0
2026-04-10 12:13:00,VUX.V,,0.15000000596046448,0.15000000596046448,0.15000000596046448,0.15000000596046448,500.0
2026-04-10 12:13:00,WRLG.V,,1.0,1.0,1.0,1.0,500.0
2026-04-10 12:13:00,ZDC.V,,5.679999828338623,5.679999828338623,5.679999828338623,5.679999828338623,400.0
2026-04-10 12:14:00,TUD.V,,0.9900000095367432,0.9900000095367432,0.9900000095367432,0.9900000095367432,28000.0
2026-04-10 12:14:00,VO.V,,0.10499999672174454,0.10499999672174454,0.10499999672174454,0.10499999672174454,34000.0
2026-04-10 12:14:00,WGO.V,,1.590000033378601,1.590000033378601,1.5700000524520874,1.5700000524520874,9700.0
2026-04-10 12:14:00,WIL.V,,0.3100000023841858,0.3100000023841858,0.3100000023841858,0.3100000023841858,3000.0
2026-04-10 12:14:00,WRLG.V,,1.0,1.0,1.0,1.0,500.0
2026-04-10 12:15:00,AUMB.V,,0.9900000095367432,0.9900000095367432,0.9900000095367432,0.9900000095367432,500.0
2026-04-10 12:15:00,VCU.V,,1.3200000524520874,1.3200000524520874,1.3200000524520874,1.3200000524520874,8800.0
2026-04-10 12:15:00,VO.V,,0.10499999672174454,0.10499999672174454,0.10499999672174454,0.10499999672174454,20000.0
2026-04-10 12:15:00,VUX.V,,0.15000000596046448,0.15000000596046448,0.15000000596046448,0.15000000596046448,500.0
2026-04-10 12:15:00,ZOMD.V,,0.8799999952316284,0.8799999952316284,0.8799999952316284,0.8799999952316284,500.0
2026-04-10 12:16:00,TDG.V,,0.5699999928474426,0.5699999928474426,0.5699999928474426,0.5699999928474426,5000.0
2026-04-10 12:16:00,TOI.V,,89.9000015258789,89.94000244140625,89.9000015258789,89.94000244140625,200.0
2026-04-10 12:16:00,VUX.V,,0.15000000596046448,0.15000000596046448,0.15000000596046448,0.15000000596046448,500.0
2026-04-10 12:16:00,WGO.V,,1.600000023841858,1.600000023841858,1.590000033378601,1.590000033378601,24400.0
2026-04-10 12:17:00,TUD.V,,0.9900000095367432,0.9900000095367432,0.9900000095367432,0.9900000095367432,23600.0
2026-04-10 12:17:00,VML.V,,0.5400000214576721,0.550000011920929,0.5400000214576721,0.550000011920929,11000.0
2026-04-10 12:18:00,TOI.V,,89.9000015258789,89.9000015258789,89.9000015258789,89.9000015258789,300.0
2026-04-10 12:18:00,VCU.V,,1.3200000524520874,1.3200000524520874,1.3200000524520874,1.3200000524520874,400.0
2026-04-10 12:18:00,VML.V,,0.5299999713897705,0.5299999713897705,0.5299999713897705,0.5299999713897705,20000.0
2026-04-10 12:18:00,VUX.V,,0.15000000596046448,0.15000000596046448,0.15000000596046448,0.15000000596046448,500.0
2026-04-10 12:19:00,TOI.V,,89.9000015258789,89.9000015258789,89.86000061035156,89.86000061035156,300.0
2026-04-10 12:19:00,UCU.V,,5.75,5.75,5.75,5.75,200.0
2026-04-10 12:19:00,VML.V,,0.5299999713897705,0.5299999713897705,0.5299999713897705,0.5299999713897705,1000.0
2026-04-10 12:19:00,VUX.V,,0.15000000596046448,0.15000000596046448,0.15000000596046448,0.15000000596046448,500.0
2026-04-10 12:19:00,WIL.V,,0.3400000035762787,0.3400000035762787,0.3100000023841858,0.3100000023841858,15500.0
2026-04-10 12:20:00,TOI.V,,89.75,89.75,89.75,89.75,200.0
2026-04-10 12:20:00,UCU.V,,5.730000019073486,5.730000019073486,5.730000019073486,5.730000019073486,113.0
2026-04-10 12:20:00,VUX.V,,0.15000000596046448,0.15000000596046448,0.15000000596046448,0.15000000596046448,500.0
2026-04-10 12:20:00,WGO.V,,1.600000023841858,1.600000023841858,1.600000023841858,1.600000023841858,10100.0
2026-04-10 12:21:00,THX.V,,1.5149999856948853,1.5149999856948853,1.5149999856948853,1.5149999856948853,100.0
2026-04-10 12:21:00,TOI.V,,89.9000015258789,89.9000015258789,89.69999694824219,89.87999725341797,962.0
2026-04-10 12:22:00,TOI.V,,90.36000061035156,90.36000061035156,90.36000061035156,90.36000061035156,122.0
2026-04-10 12:22:00,VUX.V,,0.15000000596046448,0.15000000596046448,0.15000000596046448,0.15000000596046448,500.0
2026-04-10 12:22:00,ZDC.V,,5.670000076293945,5.670000076293945,5.670000076293945,5.670000076293945,900.0
2026-04-10 12:23:00,TOI.V,,90.12000274658203,90.12000274658203,90.11000061035156,90.11000061035156,200.0
2026-04-10 12:23:00,TSG.V,,0.24500000476837158,0.24500000476837158,0.24500000476837158,0.24500000476837158,11500.0
2026-04-10 12:23:00,VUX.V,,0.15000000596046448,0.15000000596046448,0.15000000596046448,0.15000000596046448,500.0
2026-04-10 12:23:00,ZOMD.V,,0.8799999952316284,0.8799999952316284,0.8799999952316284,0.8799999952316284,5000.0
2026-04-10 12:24:00,THX.V,,1.5149999856948853,1.5149999856948853,1.5149999856948853,1.5149999856948853,100.0
2026-04-10 12:24:00,VUX.V,,0.15000000596046448,0.15000000596046448,0.15000000596046448,0.15000000596046448,500.0
2026-04-10 12:24:00,ZOMD.V,,0.8799999952316284,0.8799999952316284,0.8799999952316284,0.8799999952316284,1000.0
2026-04-10 12:25:00,TDG.V,,0.5600000023841858,0.5600000023841858,0.5600000023841858,0.5600000023841858,1000.0
2026-04-10 12:25:00,THX.V,,1.5099999904632568,1.5099999904632568,1.5099999904632568,1.5099999904632568,2604.0
2026-04-10 12:26:00,EFF.V,,0.03500000014901161,0.03500000014901161,0.03500000014901161,0.03500000014901161,20000.0
2026-04-10 12:26:00,VO.V,,0.10499999672174454,0.10499999672174454,0.10499999672174454,0.10499999672174454,40000.0
2026-04-10 12:26:00,VUX.V,,0.15000000596046448,0.15000000596046448,0.15000000596046448,0.15000000596046448,500.0
2026-04-10 12:26:00,ZDC.V,,5.670000076293945,5.670000076293945,5.670000076293945,5.670000076293945,100.0
2026-04-10 12:27:00,THX.V,,1.5149999856948853,1.5149999856948853,1.5149999856948853,1.5149999856948853,100.0
2026-04-10 12:27:00,TTGI.V,,0.07000000029802322,0.07000000029802322,0.07000000029802322,0.07000000029802322,0.0
2026-04-10 12:27:00,VUX.V,,0.15000000596046448,0.15000000596046448,0.15000000596046448,0.15000000596046448,500.0
2026-04-10 12:28:00,TLT.V,,0.2849999964237213,0.2849999964237213,0.2849999964237213,0.2849999964237213,15192.0
2026-04-10 12:28:00,TUD.V,,0.9900000095367432,0.9900000095367432,0.9900000095367432,0.9900000095367432,100.0
2026-04-10 12:28:00,VUX.V,,0.15000000596046448,0.15000000596046448,0.15000000596046448,0.15000000596046448,500.0
2026-04-10 12:29:00,TUD.V,,0.9900000095367432,0.9900000095367432,0.9900000095367432,0.9900000095367432,12425.0
2026-04-10 12:29:00,TUO.V,,1.7300000190734863,1.7300000190734863,1.7300000190734863,1.7300000190734863,0.0
2026-04-10 12:29:00,TWR.V,,0.16500000655651093,0.16500000655651093,0.16500000655651093,0.16500000655651093,0.0
2026-04-10 12:29:00,ZDC.V,,5.650000095367432,5.650000095367432,5.650000095367432,5.650000095367432,200.0
2026-04-10 12:30:00,TECT.V,,2.380000114440918,2.4100000858306885,2.380000114440918,2.4100000858306885,400.0
2026-04-10 12:30:00,THX.V,,1.5149999856948853,1.5149999856948853,1.5149999856948853,1.5149999856948853,100.0
2026-04-10 12:30:00,TWO.V,,0.4699999988079071,0.4699999988079071,0.4699999988079071,0.4699999988079071,2000.0
2026-04-10 12:30:00,VUX.V,,0.15000000596046448,0.15000000596046448,0.15000000596046448,0.15000000596046448,500.0
2026-04-10 12:30:00,ZDC.V,,5.699999809265137,5.699999809265137,5.679999828338623,5.679999828338623,3523.0
2026-04-10 12:31:00,AUMB.V,,0.9800000190734863,0.9800000190734863,0.9800000190734863,0.9800000190734863,8500.0
2026-04-10 12:31:00,THRM.V,,0.06499999761581421,0.06499999761581421,0.06499999761581421,0.06499999761581421,9000.0
2026-04-10 12:31:00,TOI.V,,90.36499786376953,90.36499786376953,90.36499786376953,90.36499786376953,123.0
2026-04-10 12:31:00,UCU.V,,5.75,5.75,5.75,5.75,100.0
2026-04-10 12:31:00,VCU.V,,1.309999942779541,1.309999942779541,1.309999942779541,1.309999942779541,100.0
2026-04-10 12:31:00,VUX.V,,0.15000000596046448,0.15000000596046448,0.15000000596046448,0.15000000596046448,500.0
2026-04-10 12:32:00,VUX.V,,0.15000000596046448,0.15000000596046448,0.15000000596046448,0.15000000596046448,500.0
2026-04-10 12:32:00,WGO.V,,1.6050000190734863,1.6050000190734863,1.6050000190734863,1.6050000190734863,300.0
2026-04-10 12:33:00,THX.V,,1.5149999856948853,1.5149999856948853,1.5149999856948853,1.5149999856948853,100.0
2026-04-10 12:33:00,TOI.V,,90.79000091552734,90.79000091552734,90.5999984741211,90.5999984741211,300.0
2026-04-10 12:34:00,THX.V,,1.5149999856948853,1.5149999856948853,1.5149999856948853,1.5149999856948853,100.0
2026-04-10 12:34:00,TOI.V,,90.7699966430664,90.7699966430664,90.7699966430664,90.7699966430664,100.0
2026-04-10 12:34:00,UCU.V,,5.730000019073486,5.730000019073486,5.730000019073486,5.730000019073486,1200.0
2026-04-10 12:34:00,VUX.V,,0.15000000596046448,0.15000000596046448,0.15000000596046448,0.15000000596046448,500.0
2026-04-10 12:34:00,ZDC.V,,5.699999809265137,5.699999809265137,5.699999809265137,5.699999809265137,1500.0
2026-04-10 12:35:00,THX.V,,1.5099999904632568,1.5099999904632568,1.5099999904632568,1.5099999904632568,600.0
2026-04-10 12:35:00,VUX.V,,0.15000000596046448,0.15000000596046448,0.15000000596046448,0.15000000596046448,500.0
2026-04-10 12:35:00,WRLG.V,,0.9900000095367432,0.9900000095367432,0.9900000095367432,0.9900000095367432,143500.0
2026-04-10 12:35:00,WVM.V,,1.940000057220459,1.940000057220459,1.940000057220459,1.940000057220459,1600.0
2026-04-10 12:36:00,NILI.V,,0.6399999856948853,0.6399999856948853,0.6399999856948853,0.6399999856948853,20000.0
2026-04-10 12:36:00,WRLG.V,,0.9950000047683716,0.9950000047683716,0.9950000047683716,0.9950000047683716,500.0
2026-04-10 12:37:00,TOI.V,,90.94999694824219,91.0,90.94999694824219,90.98999786376953,800.0
2026-04-10 12:37:00,VUX.V,,0.15000000596046448,0.15000000596046448,0.15000000596046448,0.15000000596046448,500.0
2026-04-10 12:37:00,WHY.V,,0.3449999988079071,0.3449999988079071,0.3449999988079071,0.3449999988079071,4500.0
2026-04-10 12:37:00,WIL.V,,0.3400000035762787,0.3400000035762787,0.3400000035762787,0.3400000035762787,12000.0
2026-04-10 12:38:00,THX.V,,1.5099999904632568,1.5099999904632568,1.5049999952316284,1.5049999952316284,3200.0
2026-04-10 12:38:00,TOI.V,,91.0,91.0,91.0,91.0,300.0
2026-04-10 12:38:00,VUX.V,,0.15000000596046448,0.15000000596046448,0.15000000596046448,0.15000000596046448,500.0
2026-04-10 12:39:00,THX.V,,1.5099999904632568,1.5099999904632568,1.5099999904632568,1.5099999904632568,100.0
2026-04-10 12:39:00,TOI.V,,90.25499725341797,90.25499725341797,90.25499725341797,90.25499725341797,100.0
2026-04-10 12:39:00,WCU.V,,0.014999999664723873,0.014999999664723873,0.014999999664723873,0.014999999664723873,0.0
2026-04-10 12:39:00,WHY.V,,0.3499999940395355,0.3499999940395355,0.3499999940395355,0.3499999940395355,1000.0
2026-04-10 12:39:00,XGC.V,,0.2800000011920929,0.2800000011920929,0.2800000011920929,0.2800000011920929,1050.0
2026-04-10 12:39:00,ZAC.V,,0.07999999821186066,0.07999999821186066,0.07999999821186066,0.07999999821186066,21000.0
2026-04-10 12:40:00,THX.V,,1.5099999904632568,1.5099999904632568,1.5099999904632568,1.5099999904632568,200.0
2026-04-10 12:40:00,VCU.V,,1.309999942779541,1.309999942779541,1.309999942779541,1.309999942779541,1360.0
2026-04-10 12:40:00,VUX.V,,0.15000000596046448,0.15000000596046448,0.15000000596046448,0.15000000596046448,500.0
2026-04-10 12:40:00,WHN.V,,0.2750000059604645,0.2750000059604645,0.2750000059604645,0.2750000059604645,2000.0
2026-04-10 12:41:00,TWR.V,,0.17000000178813934,0.17000000178813934,0.17000000178813934,0.17000000178813934,63500.0
2026-04-10 12:41:00,VUX.V,,0.15000000596046448,0.15000000596046448,0.15000000596046448,0.15000000596046448,500.0
2026-04-10 12:42:00,TTS.V,,0.5,0.5,0.49000000953674316,0.49000000953674316,0.0
2026-04-10 12:42:00,UCU.V,,5.739999771118164,5.739999771118164,5.739999771118164,5.739999771118164,100.0
2026-04-10 12:42:00,VUX.V,,0.15000000596046448,0.15000000596046448,0.15000000596046448,0.15000000596046448,500.0
2026-04-10 12:43:00,AUMB.V,,0.9700000286102295,0.9800000190734863,0.9700000286102295,0.9800000190734863,6195.0
2026-04-10 12:43:00,NILI.V,,0.6399999856948853,0.6399999856948853,0.6399999856948853,0.6399999856948853,500.0
2026-04-10 12:43:00,VO.V,,0.10499999672174454,0.10499999672174454,0.10499999672174454,0.10499999672174454,10000.0
2026-04-10 12:43:00,WEB.V,,1.5700000524520874,1.5800000429153442,1.5700000524520874,1.5800000429153442,700.0
2026-04-10 12:44:00,SURG.V,,0.5600000023841858,0.5600000023841858,0.5600000023841858,0.5600000023841858,8500.0
2026-04-10 12:44:00,TOI.V,,90.69000244140625,90.69000244140625,90.69000244140625,90.69000244140625,100.0
2026-04-10 12:44:00,TTGI.V,,0.05999999865889549,0.05999999865889549,0.05999999865889549,0.05999999865889549,9100.0
2026-04-10 12:44:00,VUX.V,,0.15000000596046448,0.15000000596046448,0.15000000596046448,0.15000000596046448,500.0
2026-04-10 12:44:00,WIL.V,,0.3449999988079071,0.3449999988079071,0.3449999988079071,0.3449999988079071,13500.0
2026-04-10 12:44:00,XTM.V,,0.07500000298023224,0.07500000298023224,0.07500000298023224,0.07500000298023224,19000.0
2026-04-10 12:45:00,TUD.V,,0.9800000190734863,0.9800000190734863,0.9800000190734863,0.9800000190734863,10425.0
2026-04-10 12:45:00,VUL.V,,0.23000000417232513,0.23000000417232513,0.23000000417232513,0.23000000417232513,0.0
2026-04-10 12:45:00,VUX.V,,0.15000000596046448,0.15000000596046448,0.15000000596046448,0.15000000596046448,500.0
2026-04-10 12:45:00,WGO.V,,1.600000023841858,1.600000023841858,1.600000023841858,1.600000023841858,13000.0
2026-04-10 12:45:00,XIM.V,,0.07999999821186066,0.07999999821186066,0.07999999821186066,0.07999999821186066,56000.0
2026-04-10 12:46:00,TOI.V,,90.86000061035156,90.86000061035156,90.69999694824219,90.69999694824219,200.0
2026-04-10 12:46:00,WAM.V,,0.8100000023841858,0.8100000023841858,0.8100000023841858,0.8100000023841858,5900.0
2026-04-10 12:46:00,ZDC.V,,5.699999809265137,5.699999809265137,5.699999809265137,5.699999809265137,1310.0
2026-04-10 12:47:00,TLT.V,,0.2800000011920929,0.2800000011920929,0.2800000011920929,0.2800000011920929,4000.0
2026-04-10 12:47:00,TUD.V,,0.9800000190734863,0.9800000190734863,0.9800000190734863,0.9800000190734863,100.0
2026-04-10 12:47:00,UCU.V,,5.75,5.75,5.75,5.75,100.0
2026-04-10 12:47:00,VCU.V,,1.309999942779541,1.309999942779541,1.309999942779541,1.309999942779541,100.0
2026-04-10 12:47:00,VUX.V,,0.15000000596046448,0.15000000596046448,0.15000000596046448,0.15000000596046448,500.0
2026-04-10 12:47:00,WAM.V,,0.8100000023841858,0.8100000023841858,0.8100000023841858,0.8100000023841858,500.0
2026-04-10 12:47:00,ZDC.V,,5.699999809265137,5.699999809265137,5.699999809265137,5.699999809265137,900.0
2026-04-10 12:48:00,THX.V,,1.5,1.5149999856948853,1.5,1.5149999856948853,1100.0
2026-04-10 12:48:00,TLT.V,,0.2849999964237213,0.2849999964237213,0.2849999964237213,0.2849999964237213,2000.0
2026-04-10 12:48:00,TWO.V,,0.4699999988079071,0.4699999988079071,0.4699999988079071,0.4699999988079071,12500.0
2026-04-10 12:48:00,VUX.V,,0.15000000596046448,0.15000000596046448,0.15000000596046448,0.15000000596046448,500.0
2026-04-10 12:49:00,UCU.V,,5.739999771118164,5.739999771118164,5.739999771118164,5.739999771118164,100.0
2026-04-10 12:49:00,VCU.V,,1.3200000524520874,1.3200000524520874,1.3200000524520874,1.3200000524520874,200.0
2026-04-10 12:50:00,TOI.V,,91.25,91.25,90.7750015258789,90.7750015258789,1100.0
2026-04-10 12:50:00,VM.V,,0.11999999731779099,0.11999999731779099,0.11999999731779099,0.11999999731779099,1500.0
2026-04-10 12:50:00,VUX.V,,0.15000000596046448,0.15000000596046448,0.15000000596046448,0.15000000596046448,500.0
2026-04-10 12:50:00,WGO.V,,1.600000023841858,1.600000023841858,1.600000023841858,1.600000023841858,4200.0
2026-04-10 12:50:00,ZDC.V,,5.699999809265137,5.699999809265137,5.699999809265137,5.699999809265137,400.0
2026-04-10 12:51:00,TOI.V,,91.16999816894531,91.16999816894531,91.16999816894531,91.16999816894531,100.0
2026-04-10 12:51:00,VUX.V,,0.15000000596046448,0.15000000596046448,0.15000000596046448,0.15000000596046448,500.0
2026-04-10 12:51:00,WGO.V,,1.600000023841858,1.600000023841858,1.600000023841858,1.600000023841858,4000.0
2026-04-10 12:52:00,BIRD.V,,0.05000000074505806,0.05000000074505806,0.05000000074505806,0.05000000074505806,0.0
2026-04-10 12:52:00,TOI.V,,91.20999908447266,91.22000122070312,91.16999816894531,91.20999908447266,500.0
2026-04-10 12:52:00,WRLG.V,,0.9900000095367432,0.9900000095367432,0.9900000095367432,0.9900000095367432,3600.0
2026-04-10 12:52:00,YNV.V,,0.11999999731779099,0.11999999731779099,0.11999999731779099,0.11999999731779099,22000.0
2026-04-10 12:52:00,ZDC.V,,5.730000019073486,5.730000019073486,5.710000038146973,5.710000038146973,5200.0
2026-04-10 12:53:00,TK.V,,0.4000000059604645,0.4000000059604645,0.4000000059604645,0.4000000059604645,5800.0
2026-04-10 12:53:00,TOI.V,,91.30999755859375,91.31999969482422,91.30999755859375,91.31999969482422,255.0
2026-04-10 12:53:00,UCU.V,,5.75,5.75,5.75,5.75,100.0
2026-04-10 12:53:00,VUX.V,,0.15000000596046448,0.15000000596046448,0.15000000596046448,0.15000000596046448,500.0
2026-04-10 12:53:00,WGO.V,,1.600000023841858,1.600000023841858,1.600000023841858,1.600000023841858,2600.0
2026-04-10 12:53:00,ZDC.V,,5.710000038146973,5.730000019073486,5.710000038146973,5.710000038146973,700.0
2026-04-10 12:54:00,VUX.V,,0.15000000596046448,0.15000000596046448,0.15000000596046448,0.15000000596046448,500.0
2026-04-10 12:54:00,WML.V,,0.09000000357627869,0.09000000357627869,0.09000000357627869,0.09000000357627869,19663.0
2026-04-10 12:55:00,NILI.V,,0.6399999856948853,0.6399999856948853,0.6399999856948853,0.6399999856948853,2000.0
2026-04-10 12:56:00,VUX.V,,0.15000000596046448,0.15000000596046448,0.15000000596046448,0.15000000596046448,500.0
2026-04-10 12:57:00,TDG.V,,0.5699999928474426,0.5699999928474426,0.5699999928474426,0.5699999928474426,45500.0
2026-04-10 12:57:00,VUX.V,,0.15000000596046448,0.15000000596046448,0.15000000596046448,0.15000000596046448,500.0
2026-04-10 12:57:00,ZDC.V,,5.710000038146973,5.710000038146973,5.710000038146973,5.710000038146973,400.0
2026-04-10 12:58:00,TGOL.V,,0.11999999731779099,0.11999999731779099,0.11999999731779099,0.11999999731779099,2050.0
2026-04-10 12:58:00,THX.V,,1.5099999904632568,1.5099999904632568,1.5099999904632568,1.5099999904632568,1000.0
2026-04-10 12:58:00,TOI.V,,90.13500213623047,90.13500213623047,90.13500213623047,90.13500213623047,100.0
2026-04-10 12:59:00,VUX.V,,0.15000000596046448,0.15000000596046448,0.15000000596046448,0.15000000596046448,500.0
2026-04-10 12:59:00,WCU.V,,0.014999999664723873,0.014999999664723873,0.014999999664723873,0.014999999664723873,75000.0
2026-04-10 12:59:00,WRLG.V,,0.9950000047683716,0.9950000047683716,0.9950000047683716,0.9950000047683716,550.0
2026-04-10 13:00:00,TOI.V,,91.0999984741211,91.2300033569336,91.0999984741211,91.2300033569336,206.0
2026-04-10 13:00:00,VUX.V,,0.15000000596046448,0.15000000596046448,0.15000000596046448,0.15000000596046448,500.0
2026-04-10 13:01:00,AUMB.V,,0.9800000190734863,0.9800000190734863,0.9800000190734863,0.9800000190734863,7900.0
2026-04-10 13:01:00,UCU.V,,5.730000019073486,5.760000228881836,5.730000019073486,5.760000228881836,300.0
2026-04-10 13:01:00,ZDC.V,,5.710000038146973,5.710000038146973,5.710000038146973,5.710000038146973,1700.0
2026-04-10 13:02:00,UCU.V,,5.730000019073486,5.730000019073486,5.730000019073486,5.730000019073486,1315.0
2026-04-10 13:02:00,UGD.V,,0.41499999165534973,0.41499999165534973,0.41499999165534973,0.41499999165534973,1100.0
2026-04-10 13:02:00,VUX.V,,0.15000000596046448,0.15000000596046448,0.15000000596046448,0.15000000596046448,500.0
2026-04-10 13:02:00,ZDC.V,,5.710000038146973,5.710000038146973,5.710000038146973,5.710000038146973,2200.0
2026-04-10 13:03:00,VUX.V,,0.15000000596046448,0.15000000596046448,0.15000000596046448,0.15000000596046448,500.0
2026-04-10 13:04:00,ZDC.V,,5.699999809265137,5.710000038146973,5.699999809265137,5.710000038146973,2109.0
2026-04-10 13:04:00,ZNX.V,,0.08500000089406967,0.08500000089406967,0.08500000089406967,0.08500000089406967,0.0
2026-04-10 13:05:00,SURG.V,,0.5699999928474426,0.5699999928474426,0.5699999928474426,0.5699999928474426,39000.0
2026-04-10 13:05:00,THX.V,,1.5149999856948853,1.5149999856948853,1.5149999856948853,1.5149999856948853,100.0
2026-04-10 13:05:00,TUD.V,,0.9900000095367432,0.9900000095367432,0.9900000095367432,0.9900000095367432,6200.0
2026-04-10 13:05:00,VUX.V,,0.15000000596046448,0.15000000596046448,0.15000000596046448,0.15000000596046448,500.0
2026-04-10 13:05:00,WED.V,,24.84000015258789,24.84000015258789,24.84000015258789,24.84000015258789,0.0
2026-04-10 13:05:00,ZDC.V,,5.710000038146973,5.710000038146973,5.710000038146973,5.710000038146973,700.0
2026-04-10 13:06:00,VUX.V,,0.15000000596046448,0.15000000596046448,0.15000000596046448,0.15000000596046448,500.0
2026-04-10 13:06:00,ZDC.V,,5.699999809265137,5.699999809265137,5.699999809265137,5.699999809265137,100.0
2026-04-10 13:07:00,NILI.V,,0.6399999856948853,0.6399999856948853,0.6399999856948853,0.6399999856948853,500.0
2026-04-10 13:07:00,THX.V,,1.5099999904632568,1.5099999904632568,1.5099999904632568,1.5099999904632568,5100.0
2026-04-10 13:07:00,TIG.V,,0.5699999928474426,0.5699999928474426,0.5600000023841858,0.5600000023841858,10000.0
2026-04-10 13:07:00,ZOMD.V,,0.8700000047683716,0.8799999952316284,0.8700000047683716,0.8799999952316284,19352.0
2026-04-10 13:08:00,TUD.V,,0.9900000095367432,0.9900000095367432,0.9900000095367432,0.9900000095367432,100.0
2026-04-10 13:08:00,VUX.V,,0.15000000596046448,0.15000000596046448,0.15000000596046448,0.15000000596046448,500.0
2026-04-10 13:08:00,ZDC.V,,5.699999809265137,5.699999809265137,5.699999809265137,5.699999809265137,1000.0
2026-04-10 13:09:00,AUMB.V,,0.9800000190734863,0.9800000190734863,0.9800000190734863,0.9800000190734863,7500.0
2026-04-10 13:09:00,TIG.V,,0.5799999833106995,0.5799999833106995,0.5799999833106995,0.5799999833106995,2000.0
2026-04-10 13:09:00,VUX.V,,0.15000000596046448,0.15000000596046448,0.15000000596046448,0.15000000596046448,500.0
2026-04-10 13:09:00,ZDC.V,,5.699999809265137,5.699999809265137,5.699999809265137,5.699999809265137,200.0
2026-04-10 13:10:00,TOI.V,,91.0,91.0,90.98999786376953,90.98999786376953,237.0
2026-04-10 13:10:00,VO.V,,0.10000000149011612,0.10000000149011612,0.10000000149011612,0.10000000149011612,135000.0
2026-04-10 13:11:00,THX.V,,1.5099999904632568,1.5099999904632568,1.5099999904632568,1.5099999904632568,100.0
2026-04-10 13:11:00,TIG.V,,0.5899999737739563,0.5899999737739563,0.5899999737739563,0.5899999737739563,11000.0
2026-04-10 13:11:00,TWO.V,,0.4699999988079071,0.4699999988079071,0.4699999988079071,0.4699999988079071,2000.0
2026-04-10 13:11:00,VUX.V,,0.15000000596046448,0.15000000596046448,0.15000000596046448,0.15000000596046448,500.0
2026-04-10 13:11:00,ZDC.V,,5.650000095367432,5.699999809265137,5.650000095367432,5.699999809265137,1800.0
2026-04-10 13:12:00,THX.V,,1.5099999904632568,1.5099999904632568,1.5099999904632568,1.5099999904632568,145.0
2026-04-10 13:12:00,UCU.V,,5.730000019073486,5.730000019073486,5.730000019073486,5.730000019073486,100.0
2026-04-10 13:12:00,VUX.V,,0.15000000596046448,0.15000000596046448,0.15000000596046448,0.15000000596046448,500.0
2026-04-10 13:13:00,NILI.V,,0.6399999856948853,0.6399999856948853,0.6399999856948853,0.6399999856948853,500.0
2026-04-10 13:13:00,TOI.V,,90.43499755859375,90.43499755859375,90.43499755859375,90.43499755859375,100.0
2026-04-10 13:13:00,TUD.V,,0.9900000095367432,0.9900000095367432,0.9900000095367432,0.9900000095367432,100.0
2026-04-10 13:13:00,ZOMD.V,,0.8700000047683716,0.8700000047683716,0.8700000047683716,0.8700000047683716,3000.0
2026-04-10 13:14:00,ZDC.V,,5.670000076293945,5.670000076293945,5.650000095367432,5.650000095367432,2250.0
2026-04-10 13:15:00,THX.V,,1.5099999904632568,1.5099999904632568,1.5099999904632568,1.5099999904632568,100.0
2026-04-10 13:16:00,THX.V,,1.5099999904632568,1.5099999904632568,1.5099999904632568,1.5099999904632568,100.0
2026-04-10 13:16:00,TIG.V,,0.5899999737739563,0.5899999737739563,0.5899999737739563,0.5899999737739563,1000.0
2026-04-10 13:16:00,UCU.V,,5.730000019073486,5.730000019073486,5.730000019073486,5.730000019073486,200.0
2026-04-10 13:17:00,TLT.V,,0.2800000011920929,0.2800000011920929,0.2800000011920929,0.2800000011920929,3000.0
2026-04-10 13:17:00,UCU.V,,5.739999771118164,5.739999771118164,5.739999771118164,5.739999771118164,100.0
2026-04-10 13:18:00,THX.V,,1.5099999904632568,1.5099999904632568,1.5099999904632568,1.5099999904632568,100.0
2026-04-10 13:18:00,UCU.V,,5.699999809265137,5.71999979019165,5.699999809265137,5.71999979019165,6341.0
2026-04-10 13:18:00,WML.V,,0.09000000357627869,0.09000000357627869,0.09000000357627869,0.09000000357627869,61000.0
2026-04-10 13:18:00,WRLG.V,,0.9900000095367432,0.9900000095367432,0.9900000095367432,0.9900000095367432,2000.0
2026-04-10 13:19:00,TDG.V,,0.5699999928474426,0.5699999928474426,0.5699999928474426,0.5699999928474426,500.0
2026-04-10 13:19:00,THX.V,,1.5099999904632568,1.5099999904632568,1.5099999904632568,1.5099999904632568,100.0
2026-04-10 13:20:00,THX.V,,1.5099999904632568,1.5099999904632568,1.5099999904632568,1.5099999904632568,100.0
2026-04-10 13:20:00,UCU.V,,5.739999771118164,5.739999771118164,5.679999828338623,5.690000057220459,13600.0
2026-04-10 13:20:00,ZDC.V,,5.679999828338623,5.679999828338623,5.670000076293945,5.670000076293945,2849.0
2026-04-10 13:21:00,THX.V,,1.5099999904632568,1.5099999904632568,1.5099999904632568,1.5099999904632568,100.0
2026-04-10 13:21:00,VAU.V,,0.14000000059604645,0.14000000059604645,0.14000000059604645,0.14000000059604645,0.0
2026-04-10 13:22:00,TOI.V,,90.80000305175781,90.80000305175781,90.80000305175781,90.80000305175781,163.0
2026-04-10 13:22:00,TUD.V,,0.9900000095367432,0.9900000095367432,0.9900000095367432,0.9900000095367432,120.0
2026-04-10 13:22:00,WRLG.V,,0.9950000047683716,0.9950000047683716,0.9950000047683716,0.9950000047683716,500.0
2026-04-10 13:23:00,VCU.V,,1.3200000524520874,1.3200000524520874,1.3200000524520874,1.3200000524520874,2700.0
2026-04-10 13:24:00,THX.V,,1.5099999904632568,1.5099999904632568,1.5099999904632568,1.5099999904632568,100.0
2026-04-10 13:24:00,UCU.V,,5.760000228881836,5.760000228881836,5.75,5.75,241.0
2026-04-10 13:25:00,UCU.V,,5.769999980926514,5.769999980926514,5.760000228881836,5.760000228881836,200.0
2026-04-10 13:25:00,WRLG.V,,0.9950000047683716,0.9950000047683716,0.9950000047683716,0.9950000047683716,500.0
2026-04-10 13:25:00,ZEN.V,,0.75,0.75,0.75,0.75,36500.0
2026-04-10 13:26:00,THX.V,,1.5099999904632568,1.5099999904632568,1.5099999904632568,1.5099999904632568,100.0
2026-04-10 13:26:00,UCU.V,,5.769999980926514,5.769999980926514,5.769999980926514,5.769999980926514,100.0
2026-04-10 13:27:00,UCU.V,,5.769999980926514,5.769999980926514,5.769999980926514,5.769999980926514,1100.0
2026-04-10 13:27:00,ZEN.V,,0.7300000190734863,0.7699999809265137,0.7300000190734863,0.7699999809265137,1100.0
2026-04-10 13:28:00,NILI.V,,0.6399999856948853,0.6399999856948853,0.6399999856948853,0.6399999856948853,9500.0
2026-04-10 13:28:00,TLA.V,,0.550000011920929,0.550000011920929,0.550000011920929,0.550000011920929,4000.0
2026-04-10 13:29:00,THX.V,,1.5099999904632568,1.5099999904632568,1.5099999904632568,1.5099999904632568,10500.0
2026-04-10 13:29:00,VCU.V,,1.309999942779541,1.309999942779541,1.309999942779541,1.309999942779541,100.0
2026-04-10 13:29:00,WRLG.V,,0.9950000047683716,0.9950000047683716,0.9950000047683716,0.9950000047683716,500.0
2026-04-10 13:30:00,TECT.V,,2.4100000858306885,2.4100000858306885,2.384999990463257,2.4000000953674316,1300.0
2026-04-10 13:30:00,TOI.V,,90.71499633789062,90.71499633789062,90.71499633789062,90.71499633789062,106.0
2026-04-10 13:30:00,UCU.V,,5.78000020980835,5.78000020980835,5.769999980926514,5.769999980926514,500.0
2026-04-10 13:31:00,TWO.V,,0.4699999988079071,0.4699999988079071,0.4699999988079071,0.4699999988079071,500.0
2026-04-10 13:32:00,TOI.V,,91.0,91.05000305175781,90.77999877929688,90.77999877929688,3280.0
2026-04-10 13:32:00,TUD.V,,0.9900000095367432,0.9900000095367432,0.9900000095367432,0.9900000095367432,100.0
2026-04-10 13:32:00,UCU.V,,5.789999961853027,5.789999961853027,5.789999961853027,5.789999961853027,100.0
2026-04-10 13:32:00,ZDC.V,,5.670000076293945,5.670000076293945,5.670000076293945,5.670000076293945,300.0
2026-04-10 13:33:00,UCU.V,,5.78000020980835,5.789999961853027,5.78000020980835,5.789999961853027,200.0
2026-04-10 13:34:00,THX.V,,1.5,1.5099999904632568,1.5,1.5099999904632568,3800.0
2026-04-10 13:34:00,TSD.V,,0.18000000715255737,0.18000000715255737,0.18000000715255737,0.18000000715255737,3000.0
2026-04-10 13:34:00,UCU.V,,5.78000020980835,5.78000020980835,5.78000020980835,5.78000020980835,200.0
2026-04-10 13:34:00,ZDC.V,,5.650000095367432,5.650000095367432,5.650000095367432,5.650000095367432,2000.0
2026-04-10 13:35:00,THX.V,,1.5099999904632568,1.5099999904632568,1.5099999904632568,1.5099999904632568,4600.0
2026-04-10 13:35:00,TOI.V,,90.69000244140625,90.80999755859375,90.69000244140625,90.80999755859375,1107.0
2026-04-10 13:35:00,UCU.V,,5.78000020980835,5.78000020980835,5.78000020980835,5.78000020980835,100.0
2026-04-10 13:35:00,ZDC.V,,5.650000095367432,5.650000095367432,5.650000095367432,5.650000095367432,500.0
2026-04-10 13:36:00,AUMB.V,,0.9800000190734863,0.9800000190734863,0.9800000190734863,0.9800000190734863,2500.0
2026-04-10 13:36:00,THX.V,,1.5099999904632568,1.5099999904632568,1.5099999904632568,1.5099999904632568,100.0
2026-04-10 13:36:00,TSG.V,,0.24500000476837158,0.24500000476837158,0.24500000476837158,0.24500000476837158,44500.0
2026-04-10 13:36:00,UCU.V,,5.78000020980835,5.789999961853027,5.78000020980835,5.789999961853027,700.0
2026-04-10 13:36:00,VQS.V,,0.08500000089406967,0.08500000089406967,0.08500000089406967,0.08500000089406967,5000.0
2026-04-10 13:36:00,WAM.V,,0.8100000023841858,0.8100000023841858,0.8050000071525574,0.8050000071525574,5500.0
2026-04-10 13:36:00,WVM.V,,1.8300000429153442,1.840000033378601,1.8300000429153442,1.840000033378601,4200.0
2026-04-10 13:37:00,TUD.V,,0.9900000095367432,0.9900000095367432,0.9900000095367432,0.9900000095367432,100.0
2026-04-10 13:37:00,UCU.V,,5.789999961853027,5.789999961853027,5.789999961853027,5.789999961853027,100.0
2026-04-10 13:37:00,VCU.V,,1.309999942779541,1.309999942779541,1.309999942779541,1.309999942779541,122.0
2026-04-10 13:38:00,TECT.V,,2.4000000953674316,2.4000000953674316,2.4000000953674316,2.4000000953674316,100.0
2026-04-10 13:38:00,UCU.V,,5.78000020980835,5.789999961853027,5.78000020980835,5.789999961853027,200.0
2026-04-10 13:39:00,TSG.V,,0.23999999463558197,0.23999999463558197,0.23999999463558197,0.23999999463558197,3000.0
2026-04-10 13:39:00,WVM.V,,1.7999999523162842,1.7999999523162842,1.7999999523162842,1.7999999523162842,100.0
2026-04-10 13:39:00,ZNX.V,,0.08500000089406967,0.08500000089406967,0.08500000089406967,0.08500000089406967,2000.0
2026-04-10 13:40:00,NILI.V,,0.6399999856948853,0.6399999856948853,0.6299999952316284,0.6399999856948853,39100.0
2026-04-10 13:40:00,TOI.V,,90.01000213623047,90.01000213623047,90.01000213623047,90.01000213623047,100.0
2026-04-10 13:40:00,UCU.V,,5.789999961853027,5.789999961853027,5.789999961853027,5.789999961853027,200.0
2026-04-10 13:40:00,WRLG.V,,0.9950000047683716,0.9950000047683716,0.9950000047683716,0.9950000047683716,540.0
2026-04-10 13:41:00,UCU.V,,5.78000020980835,5.789999961853027,5.78000020980835,5.789999961853027,400.0
2026-04-10 13:41:00,WMS.V,,0.05999999865889549,0.05999999865889549,0.05999999865889549,0.05999999865889549,0.0
2026-04-10 13:42:00,TECT.V,,2.4000000953674316,2.4000000953674316,2.4000000953674316,2.4000000953674316,100.0
2026-04-10 13:42:00,UCU.V,,5.789999961853027,5.789999961853027,5.789999961853027,5.789999961853027,100.0
2026-04-10 13:42:00,ZNX.V,,0.08500000089406967,0.08500000089406967,0.08500000089406967,0.08500000089406967,5000.0
2026-04-10 13:43:00,TSG.V,,0.23499999940395355,0.23499999940395355,0.23499999940395355,0.23499999940395355,12000.0
2026-04-10 13:43:00,UCU.V,,5.789999961853027,5.789999961853027,5.78000020980835,5.789999961853027,500.0
2026-04-10 13:43:00,USCU.V,,0.16500000655651093,0.16500000655651093,0.16500000655651093,0.16500000655651093,0.0
2026-04-10 13:44:00,TECT.V,,2.4000000953674316,2.4000000953674316,2.4000000953674316,2.4000000953674316,100.0
2026-04-10 13:44:00,THX.V,,1.5149999856948853,1.5149999856948853,1.5149999856948853,1.5149999856948853,100.0
2026-04-10 13:44:00,TTGI.V,,0.06499999761581421,0.06499999761581421,0.05999999865889549,0.05999999865889549,25000.0
2026-04-10 13:44:00,UCU.V,,5.789999961853027,5.789999961853027,5.789999961853027,5.789999961853027,100.0
2026-04-10 13:44:00,WEB.V,,1.600000023841858,1.600000023841858,1.590000033378601,1.590000033378601,9260.0
2026-04-10 13:44:00,WGO.V,,1.600000023841858,1.600000023841858,1.600000023841858,1.600000023841858,500.0
2026-04-10 13:45:00,NILI.V,,0.6499999761581421,0.6499999761581421,0.6399999856948853,0.6399999856948853,6000.0
2026-04-10 13:45:00,TECT.V,,2.4000000953674316,2.4000000953674316,2.4000000953674316,2.4000000953674316,100.0
2026-04-10 13:45:00,UCU.V,,5.809999942779541,5.809999942779541,5.809999942779541,5.809999942779541,100.0
2026-04-10 13:45:00,WRLG.V,,0.9950000047683716,0.9950000047683716,0.9950000047683716,0.9950000047683716,500.0
2026-04-10 13:46:00,NILI.V,,0.6499999761581421,0.6499999761581421,0.6499999761581421,0.6499999761581421,3000.0
2026-04-10 13:46:00,SURG.V,,0.5699999928474426,0.5699999928474426,0.5699999928474426,0.5699999928474426,1000.0
2026-04-10 13:46:00,TDG.V,,0.5699999928474426,0.5699999928474426,0.5699999928474426,0.5699999928474426,1101.0
2026-04-10 13:46:00,THX.V,,1.5149999856948853,1.5149999856948853,1.5149999856948853,1.5149999856948853,100.0
2026-04-10 13:46:00,TTGI.V,,0.07000000029802322,0.07000000029802322,0.06499999761581421,0.06499999761581421,17000.0
2026-04-10 13:46:00,VIZ.V,,0.07999999821186066,0.07999999821186066,0.07999999821186066,0.07999999821186066,0.0
2026-04-10 13:46:00,WEB.V,,1.6200000047683716,1.6200000047683716,1.6200000047683716,1.6200000047683716,1500.0
2026-04-10 13:47:00,NILI.V,,0.6499999761581421,0.6499999761581421,0.6499999761581421,0.6499999761581421,3500.0
2026-04-10 13:47:00,TOI.V,,90.75,90.75,90.47000122070312,90.4800033569336,2100.0
2026-04-10 13:47:00,UCU.V,,5.809999942779541,5.809999942779541,5.809999942779541,5.809999942779541,100.0
2026-04-10 13:47:00,ZOMD.V,,0.8700000047683716,0.8700000047683716,0.8700000047683716,0.8700000047683716,2500.0
2026-04-10 13:48:00,NILI.V,,0.6299999952316284,0.6499999761581421,0.6299999952316284,0.6499999761581421,232900.0
2026-04-10 13:48:00,THX.V,,1.5149999856948853,1.5149999856948853,1.5149999856948853,1.5149999856948853,100.0
2026-04-10 13:48:00,USCU.V,,0.16500000655651093,0.16500000655651093,0.16500000655651093,0.16500000655651093,17600.0
2026-04-10 13:48:00,WGO.V,,1.600000023841858,1.600000023841858,1.600000023841858,1.600000023841858,9300.0
2026-04-10 13:48:00,XPLR.V,,0.03500000014901161,0.03999999910593033,0.03500000014901161,0.03999999910593033,0.0
2026-04-10 13:48:00,ZDC.V,,5.650000095367432,5.650000095367432,5.650000095367432,5.650000095367432,400.0
2026-04-10 13:49:00,BIRD.V,,0.05000000074505806,0.05000000074505806,0.05000000074505806,0.05000000074505806,14000.0
2026-04-10 13:49:00,THX.V,,1.5149999856948853,1.5149999856948853,1.5149999856948853,1.5149999856948853,100.0
2026-04-10 13:49:00,TK.V,,0.4099999964237213,0.4099999964237213,0.4099999964237213,0.4099999964237213,72500.0
2026-04-10 13:49:00,UCU.V,,5.809999942779541,5.809999942779541,5.809999942779541,5.809999942779541,100.0
2026-04-10 13:49:00,WGO.V,,1.600000023841858,1.600000023841858,1.600000023841858,1.600000023841858,5300.0
2026-04-10 13:50:00,THX.V,,1.5149999856948853,1.5149999856948853,1.5149999856948853,1.5149999856948853,100.0
2026-04-10 13:50:00,TK.V,,0.4099999964237213,0.4099999964237213,0.4099999964237213,0.4099999964237213,27500.0
2026-04-10 13:50:00,UCU.V,,5.809999942779541,5.809999942779541,5.809999942779541,5.809999942779541,100.0
2026-04-10 13:51:00,NILI.V,,0.6349999904632568,0.6349999904632568,0.6349999904632568,0.6349999904632568,500.0
2026-04-10 13:51:00,SURG.V,,0.5699999928474426,0.5699999928474426,0.5699999928474426,0.5699999928474426,9500.0
2026-04-10 13:51:00,TIG.V,,0.550000011920929,0.5799999833106995,0.5400000214576721,0.5799999833106995,17500.0
2026-04-10 13:51:00,UCU.V,,5.809999942779541,5.809999942779541,5.809999942779541,5.809999942779541,100.0
2026-04-10 13:51:00,WEB.V,,1.649999976158142,1.649999976158142,1.6299999952316284,1.6299999952316284,2260.0
2026-04-10 13:51:00,WGO.V,,1.600000023841858,1.600000023841858,1.600000023841858,1.600000023841858,9500.0
2026-04-10 13:51:00,YNV.V,,0.11500000208616257,0.11500000208616257,0.11500000208616257,0.11500000208616257,2000.0
2026-04-10 13:52:00,NILI.V,,0.6349999904632568,0.6349999904632568,0.6349999904632568,0.6349999904632568,4000.0
2026-04-10 13:52:00,TECT.V,,2.4000000953674316,2.4000000953674316,2.4000000953674316,2.4000000953674316,5900.0
2026-04-10 13:52:00,THX.V,,1.5149999856948853,1.5149999856948853,1.5149999856948853,1.5149999856948853,100.0
2026-04-10 13:52:00,TUD.V,,0.9900000095367432,0.9900000095367432,0.9900000095367432,0.9900000095367432,100.0
2026-04-10 13:53:00,NILI.V,,0.6349999904632568,0.6349999904632568,0.6349999904632568,0.6349999904632568,2000.0
2026-04-10 13:53:00,UCU.V,,5.809999942779541,5.809999942779541,5.809999942779541,5.809999942779541,100.0
2026-04-10 13:54:00,NILI.V,,0.6349999904632568,0.6349999904632568,0.6349999904632568,0.6349999904632568,1500.0
2026-04-10 13:54:00,THX.V,,1.5149999856948853,1.5149999856948853,1.5149999856948853,1.5149999856948853,110.0
2026-04-10 13:55:00,NILI.V,,0.6349999904632568,0.6349999904632568,0.6349999904632568,0.6349999904632568,1000.0
2026-04-10 13:55:00,TLT.V,,0.2800000011920929,0.2800000011920929,0.2800000011920929,0.2800000011920929,500.0
2026-04-10 13:55:00,TSG.V,,0.23999999463558197,0.23999999463558197,0.23999999463558197,0.23999999463558197,7000.0
2026-04-10 13:56:00,NILI.V,,0.6349999904632568,0.6349999904632568,0.6349999904632568,0.6349999904632568,1500.0
2026-04-10 13:56:00,SURG.V,,0.5799999833106995,0.5799999833106995,0.5699999928474426,0.5699999928474426,20000.0
2026-04-10 13:56:00,TECT.V,,2.369999885559082,2.369999885559082,2.369999885559082,2.369999885559082,100.0
2026-04-10 13:56:00,THX.V,,1.5149999856948853,1.5149999856948853,1.5149999856948853,1.5149999856948853,200.0
2026-04-10 13:56:00,TOI.V,,90.44999694824219,90.44999694824219,90.44999694824219,90.44999694824219,100.0
2026-04-10 13:56:00,WGO.V,,1.600000023841858,1.600000023841858,1.600000023841858,1.600000023841858,20200.0
2026-04-10 13:56:00,ZDC.V,,5.650000095367432,5.650000095367432,5.650000095367432,5.650000095367432,120.0
2026-04-10 13:57:00,NILI.V,,0.6349999904632568,0.6349999904632568,0.6349999904632568,0.6349999904632568,2000.0
2026-04-10 13:57:00,TECT.V,,2.369999885559082,2.369999885559082,2.369999885559082,2.369999885559082,300.0
2026-04-10 13:57:00,TGOL.V,,0.11500000208616257,0.11500000208616257,0.11500000208616257,0.11500000208616257,20000.0
2026-04-10 13:57:00,THX.V,,1.5149999856948853,1.5149999856948853,1.5149999856948853,1.5149999856948853,160.0
2026-04-10 13:57:00,ZOMD.V,,0.8700000047683716,0.8700000047683716,0.8700000047683716,0.8700000047683716,12000.0
2026-04-10 13:58:00,NILI.V,,0.6299999952316284,0.6399999856948853,0.6299999952316284,0.6399999856948853,1000.0
2026-04-10 13:59:00,NILI.V,,0.6399999856948853,0.6399999856948853,0.6399999856948853,0.6399999856948853,500.0
2026-04-10 13:59:00,SURG.V,,0.5899999737739563,0.5899999737739563,0.5799999833106995,0.5799999833106995,13000.0
2026-04-10 13:59:00,TECT.V,,2.369999885559082,2.369999885559082,2.369999885559082,2.369999885559082,200.0
2026-04-10 13:59:00,THX.V,,1.5199999809265137,1.5199999809265137,1.5199999809265137,1.5199999809265137,100.0
2026-04-10 13:59:00,TOI.V,,90.69999694824219,90.69999694824219,90.69999694824219,90.69999694824219,150.0
2026-04-10 13:59:00,WRLG.V,,0.9950000047683716,0.9950000047683716,0.9950000047683716,0.9950000047683716,500.0
2026-04-10 14:00:00,NILI.V,,0.6399999856948853,0.6399999856948853,0.6349999904632568,0.6349999904632568,1500.0
2026-04-10 14:00:00,THX.V,,1.5149999856948853,1.5149999856948853,1.5149999856948853,1.5149999856948853,100.0
2026-04-10 14:00:00,TLT.V,,0.2800000011920929,0.2800000011920929,0.2800000011920929,0.2800000011920929,8267.0
2026-04-10 14:00:00,UCU.V,,5.800000190734863,5.800000190734863,5.800000190734863,5.800000190734863,200.0
2026-04-10 14:00:00,WGO.V,,1.600000023841858,1.600000023841858,1.600000023841858,1.600000023841858,2300.0
2026-04-10 14:01:00,NILI.V,,0.6399999856948853,0.6399999856948853,0.6399999856948853,0.6399999856948853,1500.0
2026-04-10 14:02:00,NILI.V,,0.6349999904632568,0.6399999856948853,0.6349999904632568,0.6399999856948853,1500.0
2026-04-10 14:02:00,THX.V,,1.5149999856948853,1.5199999809265137,1.5149999856948853,1.5199999809265137,200.0
2026-04-10 14:03:00,NILI.V,,0.6349999904632568,0.6349999904632568,0.6349999904632568,0.6349999904632568,1000.0
2026-04-10 14:03:00,TGOL.V,,0.12999999523162842,0.12999999523162842,0.125,0.125,40000.0
2026-04-10 14:03:00,ZDC.V,,5.650000095367432,5.650000095367432,5.650000095367432,5.650000095367432,200.0
2026-04-10 14:04:00,NILI.V,,0.6349999904632568,0.6399999856948853,0.6349999904632568,0.6399999856948853,1000.0
2026-04-10 14:04:00,THX.V,,1.5149999856948853,1.5149999856948853,1.5149999856948853,1.5149999856948853,100.0
2026-04-10 14:04:00,WRLG.V,,0.9950000047683716,0.9950000047683716,0.9950000047683716,0.9950000047683716,500.0
2026-04-10 14:04:00,ZDC.V,,5.650000095367432,5.650000095367432,5.650000095367432,5.650000095367432,1500.0
2026-04-10 14:05:00,AUMB.V,,0.9700000286102295,0.9700000286102295,0.9700000286102295,0.9700000286102295,14400.0
2026-04-10 14:05:00,THX.V,,1.5149999856948853,1.5149999856948853,1.5149999856948853,1.5149999856948853,100.0
2026-04-10 14:05:00,WRLG.V,,0.9950000047683716,0.9950000047683716,0.9950000047683716,0.9950000047683716,500.0
2026-04-10 14:06:00,NILI.V,,0.6399999856948853,0.6399999856948853,0.6399999856948853,0.6399999856948853,500.0
2026-04-10 14:06:00,VQS.V,,0.10499999672174454,0.10499999672174454,0.10499999672174454,0.10499999672174454,1000.0
2026-04-10 14:07:00,NILI.V,,0.6349999904632568,0.6349999904632568,0.6349999904632568,0.6349999904632568,500.0
2026-04-10 14:07:00,SURG.V,,0.5899999737739563,0.5899999737739563,0.5899999737739563,0.5899999737739563,8500.0
2026-04-10 14:07:00,THX.V,,1.5149999856948853,1.5149999856948853,1.5149999856948853,1.5149999856948853,100.0
2026-04-10 14:07:00,TOI.V,,90.9000015258789,90.9000015258789,90.9000015258789,90.9000015258789,100.0
2026-04-10 14:07:00,TUD.V,,0.9900000095367432,0.9900000095367432,0.9900000095367432,0.9900000095367432,100.0
2026-04-10 14:07:00,UCU.V,,5.769999980926514,5.769999980926514,5.760000228881836,5.769999980926514,2000.0
2026-04-10 14:07:00,VCU.V,,1.3300000429153442,1.3300000429153442,1.3300000429153442,1.3300000429153442,200.0
2026-04-10 14:07:00,ZDC.V,,5.650000095367432,5.650000095367432,5.650000095367432,5.650000095367432,1500.0
2026-04-10 14:08:00,UGD.V,,0.4124999940395355,0.4124999940395355,0.4074999988079071,0.4074999988079071,43500.0
2026-04-10 14:08:00,WML.V,,0.08500000089406967,0.08500000089406967,0.08500000089406967,0.08500000089406967,5000.0
2026-04-10 14:08:00,ZDC.V,,5.659999847412109,5.659999847412109,5.659999847412109,5.659999847412109,500.0
2026-04-10 14:09:00,NILI.V,,0.6349999904632568,0.6349999904632568,0.6349999904632568,0.6349999904632568,500.0
2026-04-10 14:09:00,THX.V,,1.5149999856948853,1.5149999856948853,1.5149999856948853,1.5149999856948853,100.0
2026-04-10 14:09:00,UCU.V,,5.730000019073486,5.739999771118164,5.71999979019165,5.739999771118164,43027.0
2026-04-10 14:09:00,UGD.V,,0.4050000011920929,0.4099999964237213,0.4050000011920929,0.4099999964237213,1000.0
2026-04-10 14:10:00,SURG.V,,0.5799999833106995,0.5799999833106995,0.5799999833106995,0.5799999833106995,10500.0
2026-04-10 14:10:00,THX.V,,1.5149999856948853,1.5149999856948853,1.5149999856948853,1.5149999856948853,100.0
2026-04-10 14:11:00,NILI.V,,0.6399999856948853,0.6399999856948853,0.6399999856948853,0.6399999856948853,500.0
2026-04-10 14:11:00,SURG.V,,0.5699999928474426,0.5699999928474426,0.5699999928474426,0.5699999928474426,102000.0
2026-04-10 14:11:00,THX.V,,1.5199999809265137,1.5199999809265137,1.5199999809265137,1.5199999809265137,100.0
2026-04-10 14:11:00,TOI.V,,90.83000183105469,90.83999633789062,90.81999969482422,90.81999969482422,405.0
2026-04-10 14:11:00,TWR.V,,0.17000000178813934,0.17000000178813934,0.17000000178813934,0.17000000178813934,8000.0
2026-04-10 14:11:00,UCU.V,,5.769999980926514,5.769999980926514,5.769999980926514,5.769999980926514,200.0
2026-04-10 14:11:00,ZDC.V,,5.659999847412109,5.659999847412109,5.650000095367432,5.650000095367432,2966.0
2026-04-10 14:12:00,SURG.V,,0.5699999928474426,0.5699999928474426,0.5699999928474426,0.5699999928474426,6500.0
2026-04-10 14:12:00,TECT.V,,2.369999885559082,2.369999885559082,2.369999885559082,2.369999885559082,800.0
2026-04-10 14:12:00,THX.V,,1.5199999809265137,1.5199999809265137,1.5199999809265137,1.5199999809265137,100.0
2026-04-10 14:12:00,TSG.V,,0.24500000476837158,0.24500000476837158,0.24500000476837158,0.24500000476837158,23500.0
2026-04-10 14:12:00,TUD.V,,0.9900000095367432,0.9900000095367432,0.9900000095367432,0.9900000095367432,100.0
2026-04-10 14:12:00,YEG.V,,0.17499999701976776,0.17499999701976776,0.17499999701976776,0.17499999701976776,1000.0
2026-04-10 14:13:00,NILI.V,,0.6200000047683716,0.6299999952316284,0.6200000047683716,0.6299999952316284,91500.0
2026-04-10 14:13:00,TTS.V,,0.5,0.5,0.5,0.5,20000.0
2026-04-10 14:13:00,UCU.V,,5.789999961853027,5.789999961853027,5.78000020980835,5.78000020980835,1400.0
2026-04-10 14:13:00,VLI.V,,0.014999999664723873,0.014999999664723873,0.014999999664723873,0.014999999664723873,1000.0
2026-04-10 14:13:00,ZOMD.V,,0.8700000047683716,0.8700000047683716,0.8700000047683716,0.8700000047683716,4500.0
2026-04-10 14:14:00,NILI.V,,0.6200000047683716,0.6200000047683716,0.6200000047683716,0.6200000047683716,1000.0
2026-04-10 14:14:00,SURG.V,,0.5600000023841858,0.5600000023841858,0.5600000023841858,0.5600000023841858,500.0
2026-04-10 14:14:00,THX.V,,1.5199999809265137,1.5199999809265137,1.5199999809265137,1.5199999809265137,100.0
2026-04-10 14:14:00,UCU.V,,5.78000020980835,5.789999961853027,5.78000020980835,5.78000020980835,500.0
2026-04-10 14:14:00,WED.V,,24.610000610351562,24.610000610351562,24.610000610351562,24.610000610351562,100.0
2026-04-10 14:15:00,TECT.V,,2.369999885559082,2.369999885559082,2.369999885559082,2.369999885559082,600.0
2026-04-10 14:15:00,THX.V,,1.5199999809265137,1.5199999809265137,1.5199999809265137,1.5199999809265137,100.0
2026-04-10 14:15:00,UCU.V,,5.789999961853027,5.789999961853027,5.78000020980835,5.78000020980835,500.0
2026-04-10 14:15:00,VCU.V,,1.309999942779541,1.309999942779541,1.309999942779541,1.309999942779541,100.0
2026-04-10 14:16:00,NILI.V,,0.6200000047683716,0.6200000047683716,0.6200000047683716,0.6200000047683716,61000.0
2026-04-10 14:17:00,TAJ.V,,0.23499999940395355,0.23499999940395355,0.23499999940395355,0.23499999940395355,510.0
2026-04-10 14:17:00,THX.V,,1.5199999809265137,1.5199999809265137,1.5199999809265137,1.5199999809265137,200.0
2026-04-10 14:17:00,UCU.V,,5.800000190734863,5.800000190734863,5.800000190734863,5.800000190734863,345.0
2026-04-10 14:18:00,NILI.V,,0.6200000047683716,0.6200000047683716,0.6200000047683716,0.6200000047683716,2000.0
2026-04-10 14:18:00,TAJ.V,,0.23499999940395355,0.23499999940395355,0.23499999940395355,0.23499999940395355,5000.0
2026-04-10 14:18:00,UCU.V,,5.789999961853027,5.789999961853027,5.789999961853027,5.789999961853027,100.0
2026-04-10 14:18:00,ZDC.V,,5.679999828338623,5.679999828338623,5.670000076293945,5.670000076293945,1000.0
2026-04-10 14:19:00,NILI.V,,0.6200000047683716,0.6200000047683716,0.6200000047683716,0.6200000047683716,6000.0
2026-04-10 14:19:00,THX.V,,1.5199999809265137,1.5199999809265137,1.5199999809265137,1.5199999809265137,100.0
2026-04-10 14:19:00,UCU.V,,5.78000020980835,5.78000020980835,5.78000020980835,5.78000020980835,200.0
2026-04-10 14:19:00,ZDC.V,,5.650000095367432,5.650000095367432,5.650000095367432,5.650000095367432,1005.0
2026-04-10 14:20:00,TECT.V,,2.380000114440918,2.390000104904175,2.369999885559082,2.369999885559082,900.0
2026-04-10 14:20:00,TOI.V,,90.87999725341797,90.87999725341797,90.79000091552734,90.79000091552734,700.0
2026-04-10 14:20:00,UCU.V,,5.78000020980835,5.789999961853027,5.78000020980835,5.78000020980835,500.0
2026-04-10 14:21:00,TOI.V,,90.88999938964844,90.88999938964844,90.88999938964844,90.88999938964844,220.0
2026-04-10 14:21:00,UCU.V,,5.789999961853027,5.789999961853027,5.78000020980835,5.78000020980835,300.0
2026-04-10 14:21:00,VCU.V,,1.309999942779541,1.309999942779541,1.309999942779541,1.309999942779541,57100.0
2026-04-10 14:22:00,AUMB.V,,0.9800000190734863,0.9800000190734863,0.9800000190734863,0.9800000190734863,500.0
2026-04-10 14:22:00,THX.V,,1.5199999809265137,1.5199999809265137,1.5199999809265137,1.5199999809265137,100.0
2026-04-10 14:22:00,TLA.V,,0.5600000023841858,0.5600000023841858,0.5600000023841858,0.5600000023841858,4000.0
2026-04-10 14:22:00,UCU.V,,5.78000020980835,5.78000020980835,5.78000020980835,5.78000020980835,200.0
2026-04-10 14:22:00,VCU.V,,1.2999999523162842,1.2999999523162842,1.2999999523162842,1.2999999523162842,100.0
2026-04-10 14:23:00,NILI.V,,0.625,0.625,0.625,0.625,1000.0
2026-04-10 14:23:00,TECT.V,,2.380000114440918,2.380000114440918,2.380000114440918,2.380000114440918,100.0
2026-04-10 14:23:00,TGOL.V,,0.12999999523162842,0.12999999523162842,0.12999999523162842,0.12999999523162842,30000.0
2026-04-10 14:23:00,UCU.V,,5.789999961853027,5.789999961853027,5.78000020980835,5.78000020980835,400.0
2026-04-10 14:23:00,XGC.V,,0.2800000011920929,0.2800000011920929,0.2800000011920929,0.2800000011920929,1000.0
2026-04-10 14:24:00,NILI.V,,0.625,0.625,0.6200000047683716,0.625,2000.0
2026-04-10 14:24:00,THX.V,,1.5199999809265137,1.5199999809265137,1.5199999809265137,1.5199999809265137,100.0
2026-04-10 14:24:00,TORR.V,,0.550000011920929,0.550000011920929,0.5400000214576721,0.5400000214576721,0.0
2026-04-10 14:24:00,UCU.V,,5.789999961853027,5.789999961853027,5.789999961853027,5.789999961853027,100.0
2026-04-10 14:25:00,NILI.V,,0.625,0.625,0.625,0.625,2500.0
2026-04-10 14:25:00,THX.V,,1.5199999809265137,1.5199999809265137,1.5199999809265137,1.5199999809265137,200.0
2026-04-10 14:25:00,TORR.V,,0.550000011920929,0.550000011920929,0.550000011920929,0.550000011920929,6500.0
2026-04-10 14:26:00,NILI.V,,0.625,0.625,0.625,0.625,3000.0
2026-04-10 14:27:00,NILI.V,,0.625,0.625,0.625,0.625,1500.0
2026-04-10 14:27:00,TDG.V,,0.5699999928474426,0.5699999928474426,0.5699999928474426,0.5699999928474426,500.0
2026-04-10 14:27:00,TECT.V,,2.4000000953674316,2.4000000953674316,2.390000104904175,2.390000104904175,600.0
2026-04-10 14:27:00,THX.V,,1.5199999809265137,1.5199999809265137,1.5199999809265137,1.5199999809265137,100.0
2026-04-10 14:28:00,NILI.V,,0.625,0.625,0.625,0.625,2000.0
2026-04-10 14:28:00,THX.V,,1.5199999809265137,1.5199999809265137,1.5199999809265137,1.5199999809265137,100.0
2026-04-10 14:28:00,TSD.V,,0.1899999976158142,0.1899999976158142,0.1899999976158142,0.1899999976158142,12000.0
2026-04-10 14:28:00,UCU.V,,5.800000190734863,5.800000190734863,5.789999961853027,5.789999961853027,300.0
2026-04-10 14:28:00,WEX.V,,0.7200000286102295,0.7200000286102295,0.7200000286102295,0.7200000286102295,1000.0
2026-04-10 14:28:00,YNV.V,,0.10999999940395355,0.10999999940395355,0.10999999940395355,0.10999999940395355,6500.0
2026-04-10 14:28:00,ZDC.V,,5.639999866485596,5.639999866485596,5.639999866485596,5.639999866485596,900.0
2026-04-10 14:29:00,NILI.V,,0.625,0.625,0.625,0.625,2000.0
2026-04-10 14:29:00,UCU.V,,5.789999961853027,5.800000190734863,5.789999961853027,5.800000190734863,300.0
2026-04-10 14:29:00,ZAC.V,,0.07999999821186066,0.07999999821186066,0.07999999821186066,0.07999999821186066,10000.0
2026-04-10 14:30:00,NILI.V,,0.6299999952316284,0.6399999856948853,0.6299999952316284,0.6299999952316284,38500.0
2026-04-10 14:30:00,THX.V,,1.5199999809265137,1.5199999809265137,1.5199999809265137,1.5199999809265137,100.0
2026-04-10 14:30:00,TOI.V,,91.63999938964844,91.63999938964844,90.87000274658203,90.97000122070312,3520.0
2026-04-10 14:30:00,UCU.V,,5.789999961853027,5.789999961853027,5.789999961853027,5.789999961853027,300.0
2026-04-10 14:31:00,NILI.V,,0.6299999952316284,0.6299999952316284,0.6299999952316284,0.6299999952316284,1500.0
2026-04-10 14:31:00,TOI.V,,91.08000183105469,91.08000183105469,91.08000183105469,91.08000183105469,200.0
2026-04-10 14:31:00,UCU.V,,5.789999961853027,5.789999961853027,5.789999961853027,5.789999961853027,200.0
2026-04-10 14:31:00,WIL.V,,0.33000001311302185,0.33000001311302185,0.33000001311302185,0.33000001311302185,8500.0
2026-04-10 14:32:00,NILI.V,,0.6299999952316284,0.6299999952316284,0.6299999952316284,0.6299999952316284,2000.0
2026-04-10 14:32:00,ONE.V,,0.38499999046325684,0.38499999046325684,0.38499999046325684,0.38499999046325684,0.0
2026-04-10 14:32:00,THX.V,,1.5199999809265137,1.5199999809265137,1.5199999809265137,1.5199999809265137,100.0
2026-04-10 14:32:00,TUD.V,,0.9800000190734863,0.9800000190734863,0.9800000190734863,0.9800000190734863,100.0
2026-04-10 14:32:00,UCU.V,,5.78000020980835,5.800000190734863,5.78000020980835,5.800000190734863,200.0
2026-04-10 14:32:00,WRLG.V,,0.9900000095367432,0.9900000095367432,0.9900000095367432,0.9900000095367432,500.0
2026-04-10 14:32:00,ZDC.V,,5.670000076293945,5.670000076293945,5.670000076293945,5.670000076293945,1000.0
2026-04-10 14:33:00,UCU.V,,5.78000020980835,5.78000020980835,5.78000020980835,5.78000020980835,200.0
2026-04-10 14:34:00,THX.V,,1.5199999809265137,1.5199999809265137,1.5199999809265137,1.5199999809265137,200.0
2026-04-10 14:34:00,UCU.V,,5.78000020980835,5.78000020980835,5.78000020980835,5.78000020980835,200.0
2026-04-10 14:34:00,WIL.V,,0.33000001311302185,0.33000001311302185,0.33000001311302185,0.33000001311302185,5000.0
2026-04-10 14:35:00,SURG.V,,0.5600000023841858,0.5600000023841858,0.5600000023841858,0.5600000023841858,8500.0
2026-04-10 14:35:00,TECT.V,,2.369999885559082,2.4100000858306885,2.369999885559082,2.4000000953674316,8700.0
2026-04-10 14:35:00,TRBC.V,,0.18000000715255737,0.18000000715255737,0.18000000715255737,0.18000000715255737,2000.0
2026-04-10 14:35:00,UCU.V,,5.769999980926514,5.78000020980835,5.769999980926514,5.78000020980835,800.0
2026-04-10 14:35:00,WRLG.V,,1.0,1.0,1.0,1.0,500.0
2026-04-10 14:36:00,THX.V,,1.5199999809265137,1.5199999809265137,1.5199999809265137,1.5199999809265137,100.0
2026-04-10 14:36:00,UCU.V,,5.769999980926514,5.769999980926514,5.769999980926514,5.769999980926514,200.0
2026-04-10 14:37:00,TECT.V,,2.369999885559082,2.369999885559082,2.369999885559082,2.369999885559082,400.0
2026-04-10 14:37:00,UCU.V,,5.769999980926514,5.769999980926514,5.769999980926514,5.769999980926514,100.0
2026-04-10 14:37:00,WAM.V,,0.800000011920929,0.8100000023841858,0.800000011920929,0.8100000023841858,4500.0
2026-04-10 14:38:00,TECT.V,,2.369999885559082,2.369999885559082,2.369999885559082,2.369999885559082,100.0
2026-04-10 14:38:00,THX.V,,1.5199999809265137,1.5199999809265137,1.5199999809265137,1.5199999809265137,100.0
2026-04-10 14:38:00,TOI.V,,91.38999938964844,91.38999938964844,91.30000305175781,91.30000305175781,700.0
2026-04-10 14:38:00,TUD.V,,0.9900000095367432,0.9900000095367432,0.9900000095367432,0.9900000095367432,1500.0
2026-04-10 14:38:00,UCU.V,,5.78000020980835,5.78000020980835,5.769999980926514,5.769999980926514,400.0
2026-04-10 14:38:00,ZDC.V,,5.679999828338623,5.679999828338623,5.679999828338623,5.679999828338623,500.0
2026-04-10 14:39:00,NILI.V,,0.6349999904632568,0.6349999904632568,0.6349999904632568,0.6349999904632568,1000.0
2026-04-10 14:39:00,TECT.V,,2.369999885559082,2.369999885559082,2.369999885559082,2.369999885559082,1100.0
2026-04-10 14:39:00,UCU.V,,5.78000020980835,5.78000020980835,5.78000020980835,5.78000020980835,300.0
2026-04-10 14:40:00,NILI.V,,0.6349999904632568,0.6349999904632568,0.6349999904632568,0.6349999904632568,1500.0
2026-04-10 14:40:00,UCU.V,,5.78000020980835,5.78000020980835,5.78000020980835,5.78000020980835,200.0
2026-04-10 14:40:00,WRLG.V,,1.0,1.0,1.0,1.0,500.0
2026-04-10 14:40:00,ZDC.V,,5.659999847412109,5.659999847412109,5.659999847412109,5.659999847412109,200.0
2026-04-10 14:41:00,NILI.V,,0.6399999856948853,0.6399999856948853,0.6399999856948853,0.6399999856948853,500.0
2026-04-10 14:41:00,RARE.V,,5.510000228881836,5.510000228881836,5.510000228881836,5.510000228881836,500.0
2026-04-10 14:41:00,THX.V,,1.5199999809265137,1.5199999809265137,1.5199999809265137,1.5199999809265137,100.0
2026-04-10 14:41:00,UCU.V,,5.78000020980835,5.78000020980835,5.78000020980835,5.78000020980835,200.0
2026-04-10 14:41:00,WRLG.V,,0.9900000095367432,0.9900000095367432,0.9900000095367432,0.9900000095367432,2512.0
2026-04-10 14:41:00,ZDC.V,,5.659999847412109,5.659999847412109,5.659999847412109,5.659999847412109,100.0
2026-04-10 14:42:00,NILI.V,,0.6349999904632568,0.6399999856948853,0.6349999904632568,0.6399999856948853,1000.0
2026-04-10 14:42:00,TGOL.V,,0.12999999523162842,0.12999999523162842,0.12999999523162842,0.12999999523162842,40000.0
2026-04-10 14:42:00,TOI.V,,91.12000274658203,91.12000274658203,91.12000274658203,91.12000274658203,100.0
2026-04-10 14:42:00,UCU.V,,5.78000020980835,5.78000020980835,5.78000020980835,5.78000020980835,1200.0
2026-04-10 14:42:00,WRLG.V,,0.9900000095367432,0.9900000095367432,0.9900000095367432,0.9900000095367432,3400.0
2026-04-10 14:43:00,NILI.V,,0.6349999904632568,0.6349999904632568,0.6349999904632568,0.6349999904632568,1500.0
2026-04-10 14:43:00,TOI.V,,91.0,91.0,91.0,91.0,100.0
2026-04-10 14:43:00,UCU.V,,5.75,5.760000228881836,5.75,5.760000228881836,2400.0
2026-04-10 14:43:00,ZDC.V,,5.659999847412109,5.659999847412109,5.659999847412109,5.659999847412109,200.0
2026-04-10 14:44:00,NILI.V,,0.6349999904632568,0.6349999904632568,0.6349999904632568,0.6349999904632568,1000.0
2026-04-10 14:44:00,ONE.V,,0.38999998569488525,0.38999998569488525,0.38999998569488525,0.38999998569488525,3000.0
2026-04-10 14:44:00,THX.V,,1.5199999809265137,1.5199999809265137,1.5199999809265137,1.5199999809265137,200.0
2026-04-10 14:44:00,TOI.V,,91.29000091552734,91.29000091552734,91.25,91.25,600.0
2026-04-10 14:44:00,WGO.V,,1.6100000143051147,1.6100000143051147,1.6100000143051147,1.6100000143051147,52800.0
2026-04-10 14:45:00,AUMB.V,,0.9800000190734863,0.9800000190734863,0.9800000190734863,0.9800000190734863,3040.0
2026-04-10 14:45:00,NILI.V,,0.6349999904632568,0.6349999904632568,0.6349999904632568,0.6349999904632568,1500.0
2026-04-10 14:45:00,TECT.V,,2.369999885559082,2.380000114440918,2.3499999046325684,2.3499999046325684,8500.0
2026-04-10 14:45:00,WRLG.V,,0.9900000095367432,0.9900000095367432,0.9900000095367432,0.9900000095367432,116000.0
2026-04-10 14:45:00,ZDC.V,,5.659999847412109,5.659999847412109,5.659999847412109,5.659999847412109,200.0
2026-04-10 14:46:00,NILI.V,,0.6349999904632568,0.6349999904632568,0.6349999904632568,0.6349999904632568,1000.0
2026-04-10 14:46:00,TECT.V,,2.380000114440918,2.380000114440918,2.365000009536743,2.369999885559082,6500.0
2026-04-10 14:46:00,TGOL.V,,0.12999999523162842,0.12999999523162842,0.12999999523162842,0.12999999523162842,5000.0
2026-04-10 14:46:00,THX.V,,1.5199999809265137,1.5199999809265137,1.5199999809265137,1.5199999809265137,100.0
2026-04-10 14:46:00,WBE.V,,0.20999999344348907,0.20999999344348907,0.20999999344348907,0.20999999344348907,1000.0
2026-04-10 14:46:00,ZDC.V,,5.659999847412109,5.659999847412109,5.659999847412109,5.659999847412109,200.0
2026-04-10 14:47:00,AUMB.V,,0.9800000190734863,0.9800000190734863,0.9800000190734863,0.9800000190734863,2000.0
2026-04-10 14:47:00,NILI.V,,0.6349999904632568,0.6349999904632568,0.6349999904632568,0.6349999904632568,1000.0
2026-04-10 14:47:00,ONE.V,,0.38499999046325684,0.38999998569488525,0.38499999046325684,0.38499999046325684,8000.0
2026-04-10 14:47:00,TLT.V,,0.2800000011920929,0.2800000011920929,0.2800000011920929,0.2800000011920929,4000.0
2026-04-10 14:47:00,WBE.V,,0.20999999344348907,0.20999999344348907,0.20999999344348907,0.20999999344348907,1000.0
2026-04-10 14:47:00,ZDC.V,,5.670000076293945,5.670000076293945,5.670000076293945,5.670000076293945,400.0
2026-04-10 14:48:00,NILI.V,,0.6349999904632568,0.6349999904632568,0.6349999904632568,0.6349999904632568,500.0
2026-04-10 14:48:00,SURG.V,,0.5699999928474426,0.5699999928474426,0.5699999928474426,0.5699999928474426,8000.0
2026-04-10 14:48:00,TECT.V,,2.380000114440918,2.380000114440918,2.380000114440918,2.380000114440918,100.0
2026-04-10 14:48:00,UCU.V,,5.75,5.75,5.739999771118164,5.739999771118164,200.0
2026-04-10 14:49:00,NILI.V,,0.6349999904632568,0.6349999904632568,0.6349999904632568,0.6349999904632568,500.0
2026-04-10 14:49:00,TECT.V,,2.380000114440918,2.380000114440918,2.380000114440918,2.380000114440918,100.0
2026-04-10 14:49:00,THX.V,,1.5199999809265137,1.5199999809265137,1.5199999809265137,1.5199999809265137,100.0
2026-04-10 14:49:00,TOI.V,,91.30000305175781,91.30000305175781,91.26000213623047,91.26000213623047,425.0
2026-04-10 14:49:00,UCU.V,,5.75,5.75,5.75,5.75,100.0
2026-04-10 14:49:00,WCE.V,,0.14000000059604645,0.14000000059604645,0.14000000059604645,0.14000000059604645,0.0
2026-04-10 14:49:00,WISH.V,,0.25999999046325684,0.25999999046325684,0.25,0.25,24500.0
2026-04-10 14:50:00,NILI.V,,0.6349999904632568,0.6349999904632568,0.6349999904632568,0.6349999904632568,500.0
2026-04-10 14:50:00,TUD.V,,0.9800000190734863,0.9800000190734863,0.9800000190734863,0.9800000190734863,100.0
2026-04-10 14:50:00,UCU.V,,5.739999771118164,5.739999771118164,5.739999771118164,5.739999771118164,100.0
2026-04-10 14:50:00,VCU.V,,1.2899999618530273,1.2899999618530273,1.2899999618530273,1.2899999618530273,100.0
2026-04-10 14:51:00,AUMB.V,,0.9800000190734863,0.9800000190734863,0.9800000190734863,0.9800000190734863,14000.0
2026-04-10 14:51:00,TECT.V,,2.380000114440918,2.380000114440918,2.380000114440918,2.380000114440918,100.0
2026-04-10 14:51:00,UCU.V,,5.739999771118164,5.739999771118164,5.739999771118164,5.739999771118164,100.0
2026-04-10 14:51:00,WISH.V,,0.25999999046325684,0.25999999046325684,0.25999999046325684,0.25999999046325684,500.0
2026-04-10 14:52:00,TECT.V,,2.380000114440918,2.380000114440918,2.380000114440918,2.380000114440918,100.0
2026-04-10 14:52:00,THX.V,,1.5199999809265137,1.5199999809265137,1.5199999809265137,1.5199999809265137,100.0
2026-04-10 14:52:00,TOI.V,,91.36000061035156,91.36000061035156,91.25,91.25,1300.0
2026-04-10 14:53:00,THX.V,,1.5199999809265137,1.5199999809265137,1.5199999809265137,1.5199999809265137,100.0
2026-04-10 14:53:00,TOI.V,,91.37000274658203,91.37000274658203,91.36000061035156,91.36000061035156,211.0
2026-04-10 14:54:00,NILI.V,,0.6349999904632568,0.6349999904632568,0.6349999904632568,0.6349999904632568,500.0
2026-04-10 14:54:00,SURG.V,,0.5799999833106995,0.5799999833106995,0.5799999833106995,0.5799999833106995,2000.0
2026-04-10 14:54:00,THX.V,,1.5199999809265137,1.5199999809265137,1.5199999809265137,1.5199999809265137,100.0
2026-04-10 14:54:00,TUD.V,,0.9800000190734863,0.9800000190734863,0.9800000190734863,0.9800000190734863,100.0
2026-04-10 14:54:00,UCU.V,,5.739999771118164,5.739999771118164,5.739999771118164,5.739999771118164,100.0
2026-04-10 14:54:00,YNV.V,,0.10999999940395355,0.10999999940395355,0.10999999940395355,0.10999999940395355,9500.0
2026-04-10 14:54:00,ZDC.V,,5.659999847412109,5.659999847412109,5.659999847412109,5.659999847412109,200.0
2026-04-10 14:55:00,RARE.V,,5.650000095367432,5.650000095367432,5.599999904632568,5.599999904632568,1000.0
2026-04-10 14:55:00,TGOL.V,,0.12999999523162842,0.12999999523162842,0.12999999523162842,0.12999999523162842,15000.0
2026-04-10 14:55:00,UCU.V,,5.739999771118164,5.75,5.739999771118164,5.739999771118164,8000.0
2026-04-10 14:55:00,UGD.V,,0.41499999165534973,0.41499999165534973,0.4099999964237213,0.4099999964237213,50001.0
2026-04-10 14:55:00,ZDC.V,,5.679999828338623,5.690000057220459,5.664999961853027,5.664999961853027,3000.0
2026-04-10 14:56:00,UCU.V,,5.75,5.75,5.75,5.75,100.0
2026-04-10 14:57:00,SURG.V,,0.5799999833106995,0.5799999833106995,0.5799999833106995,0.5799999833106995,10300.0
2026-04-10 14:57:00,TECT.V,,2.390000104904175,2.390000104904175,2.369999885559082,2.369999885559082,700.0
2026-04-10 14:57:00,THX.V,,1.5199999809265137,1.5199999809265137,1.5199999809265137,1.5199999809265137,100.0
2026-04-10 14:57:00,TUD.V,,0.9900000095367432,0.9900000095367432,0.9900000095367432,0.9900000095367432,100.0
2026-04-10 14:57:00,WEB.V,,1.6399999856948853,1.6399999856948853,1.6399999856948853,1.6399999856948853,2300.0
2026-04-10 14:58:00,TIG.V,,0.5600000023841858,0.5600000023841858,0.550000011920929,0.550000011920929,3000.0
2026-04-10 14:58:00,UCU.V,,5.75,5.75,5.75,5.75,400.0
2026-04-10 14:58:00,VCU.V,,1.2899999618530273,1.2899999618530273,1.2899999618530273,1.2899999618530273,100.0
2026-04-10 14:59:00,TIG.V,,0.550000011920929,0.550000011920929,0.550000011920929,0.550000011920929,1500.0
2026-04-10 14:59:00,VIO.V,,0.13500000536441803,0.13500000536441803,0.13500000536441803,0.13500000536441803,3000.0
2026-04-10 14:59:00,VQS.V,,0.08500000089406967,0.08500000089406967,0.08500000089406967,0.08500000089406967,2000.0
2026-04-10 15:00:00,THX.V,,1.5199999809265137,1.5199999809265137,1.5199999809265137,1.5199999809265137,100.0
2026-04-10 15:00:00,UCU.V,,5.760000228881836,5.760000228881836,5.760000228881836,5.760000228881836,100.0
2026-04-10 15:00:00,WIL.V,,0.3199999928474426,0.3199999928474426,0.3199999928474426,0.3199999928474426,10000.0
2026-04-10 15:01:00,TECT.V,,2.380000114440918,2.380000114440918,2.380000114440918,2.380000114440918,200.0
2026-04-10 15:01:00,THX.V,,1.5199999809265137,1.5199999809265137,1.5199999809265137,1.5199999809265137,100.0
2026-04-10 15:01:00,UCU.V,,5.760000228881836,5.760000228881836,5.760000228881836,5.760000228881836,200.0
2026-04-10 15:01:00,ZDC.V,,5.679999828338623,5.679999828338623,5.679999828338623,5.679999828338623,900.0
2026-04-10 15:02:00,TECT.V,,2.380000114440918,2.380000114440918,2.380000114440918,2.380000114440918,100.0
2026-04-10 15:02:00,THX.V,,1.5199999809265137,1.5199999809265137,1.5199999809265137,1.5199999809265137,100.0
2026-04-10 15:02:00,TLT.V,,0.2800000011920929,0.2800000011920929,0.2800000011920929,0.2800000011920929,5000.0
2026-04-10 15:02:00,UCU.V,,5.760000228881836,5.760000228881836,5.75,5.75,300.0
2026-04-10 15:03:00,THX.V,,1.5199999809265137,1.5199999809265137,1.5199999809265137,1.5199999809265137,200.0
2026-04-10 15:03:00,TUD.V,,0.9800000190734863,0.9800000190734863,0.9800000190734863,0.9800000190734863,100.0
2026-04-10 15:03:00,UCU.V,,5.760000228881836,5.760000228881836,5.760000228881836,5.760000228881836,200.0
2026-04-10 15:03:00,WEB.V,,1.6399999856948853,1.6399999856948853,1.6399999856948853,1.6399999856948853,700.0
2026-04-10 15:03:00,WGO.V,,1.6150000095367432,1.6150000095367432,1.6150000095367432,1.6150000095367432,900.0
2026-04-10 15:03:00,ZDC.V,,5.679999828338623,5.679999828338623,5.679999828338623,5.679999828338623,200.0
2026-04-10 15:04:00,TLT.V,,0.2800000011920929,0.2800000011920929,0.2800000011920929,0.2800000011920929,3500.0
2026-04-10 15:04:00,TOI.V,,91.48999786376953,91.48999786376953,91.16000366210938,91.16000366210938,323.0
2026-04-10 15:04:00,UCU.V,,5.75,5.760000228881836,5.75,5.760000228881836,300.0
2026-04-10 15:04:00,VCU.V,,1.2899999618530273,1.2899999618530273,1.2899999618530273,1.2899999618530273,100.0
2026-04-10 15:05:00,THX.V,,1.5199999809265137,1.5199999809265137,1.5199999809265137,1.5199999809265137,100.0
2026-04-10 15:05:00,UCU.V,,5.699999809265137,5.75,5.699999809265137,5.75,4400.0
2026-04-10 15:05:00,WGO.V,,1.6200000047683716,1.6200000047683716,1.6200000047683716,1.6200000047683716,3700.0
2026-04-10 15:05:00,WRLG.V,,0.9950000047683716,0.9950000047683716,0.9950000047683716,0.9950000047683716,500.0
2026-04-10 15:05:00,ZDC.V,,5.679999828338623,5.679999828338623,5.679999828338623,5.679999828338623,200.0
2026-04-10 15:06:00,SURG.V,,0.5799999833106995,0.5799999833106995,0.5799999833106995,0.5799999833106995,3000.0
2026-04-10 15:06:00,TLT.V,,0.2800000011920929,0.2800000011920929,0.2800000011920929,0.2800000011920929,17000.0
2026-04-10 15:06:00,UCU.V,,5.699999809265137,5.699999809265137,5.699999809265137,5.699999809265137,100.0
2026-04-10 15:06:00,ZDC.V,,5.699999809265137,5.699999809265137,5.690000057220459,5.690000057220459,1100.0
2026-04-10 15:07:00,TECT.V,,2.369999885559082,2.369999885559082,2.369999885559082,2.369999885559082,100.0
2026-04-10 15:07:00,TUD.V,,0.9800000190734863,0.9800000190734863,0.9800000190734863,0.9800000190734863,100.0
2026-04-10 15:07:00,UCU.V,,5.679999828338623,5.679999828338623,5.679999828338623,5.679999828338623,400.0
2026-04-10 15:08:00,TECT.V,,2.369999885559082,2.369999885559082,2.369999885559082,2.369999885559082,100.0
2026-04-10 15:08:00,THX.V,,1.5199999809265137,1.5199999809265137,1.5199999809265137,1.5199999809265137,200.0
2026-04-10 15:08:00,TLT.V,,0.2800000011920929,0.2800000011920929,0.2800000011920929,0.2800000011920929,14500.0
2026-04-10 15:08:00,TWR.V,,0.17000000178813934,0.17000000178813934,0.17000000178813934,0.17000000178813934,500.0
2026-04-10 15:08:00,UCU.V,,5.690000057220459,5.690000057220459,5.659999847412109,5.670000076293945,550.0
2026-04-10 15:08:00,WRLG.V,,1.0,1.0,1.0,1.0,500.0
2026-04-10 15:09:00,TECT.V,,2.4049999713897705,2.4049999713897705,2.390000104904175,2.390000104904175,7900.0
2026-04-10 15:09:00,TSG.V,,0.25,0.25,0.25,0.25,7500.0
2026-04-10 15:09:00,UCU.V,,5.679999828338623,5.679999828338623,5.670000076293945,5.670000076293945,600.0
2026-04-10 15:09:00,VCU.V,,1.2999999523162842,1.2999999523162842,1.2999999523162842,1.2999999523162842,1000.0
2026-04-10 15:09:00,WGO.V,,1.6200000047683716,1.6200000047683716,1.6200000047683716,1.6200000047683716,2000.0
2026-04-10 15:09:00,WIL.V,,0.3700000047683716,0.3700000047683716,0.33000001311302185,0.33000001311302185,18500.0
2026-04-10 15:10:00,TLT.V,,0.2800000011920929,0.2800000011920929,0.2800000011920929,0.2800000011920929,22500.0
2026-04-10 15:10:00,TOI.V,,91.4800033569336,91.4800033569336,91.43000030517578,91.43000030517578,400.0
2026-04-10 15:10:00,UCU.V,,5.670000076293945,5.690000057220459,5.670000076293945,5.690000057220459,400.0
2026-04-10 15:11:00,THX.V,,1.5199999809265137,1.5199999809265137,1.5199999809265137,1.5199999809265137,100.0
2026-04-10 15:11:00,TUD.V,,0.9800000190734863,0.9800000190734863,0.9800000190734863,0.9800000190734863,100.0
2026-04-10 15:11:00,VCU.V,,1.2899999618530273,1.2899999618530273,1.2899999618530273,1.2899999618530273,100.0
2026-04-10 15:13:00,TECT.V,,2.390000104904175,2.390000104904175,2.390000104904175,2.390000104904175,100.0
2026-04-10 15:13:00,TOI.V,,91.4800033569336,91.4800033569336,91.1500015258789,91.1500015258789,400.0
2026-04-10 15:13:00,UCU.V,,5.699999809265137,5.699999809265137,5.690000057220459,5.690000057220459,600.0
2026-04-10 15:13:00,VUX.V,,0.15000000596046448,0.15000000596046448,0.15000000596046448,0.15000000596046448,500.0
2026-04-10 15:14:00,THX.V,,1.5199999809265137,1.5199999809265137,1.5199999809265137,1.5199999809265137,200.0
2026-04-10 15:14:00,TOI.V,,91.37000274658203,91.37000274658203,91.37000274658203,91.37000274658203,106.0
2026-04-10 15:14:00,UCU.V,,5.730000019073486,5.730000019073486,5.730000019073486,5.730000019073486,400.0
2026-04-10 15:14:00,VERT.V,,0.029999999329447746,0.029999999329447746,0.029999999329447746,0.029999999329447746,1000.0
2026-04-10 15:14:00,VMS.V,,0.05000000074505806,0.05000000074505806,0.05000000074505806,0.05000000074505806,0.0
2026-04-10 15:14:00,VUX.V,,0.15000000596046448,0.15000000596046448,0.15000000596046448,0.15000000596046448,1000.0
2026-04-10 15:14:00,YEG.V,,0.17000000178813934,0.17000000178813934,0.17000000178813934,0.17000000178813934,1500.0
2026-04-10 15:15:00,TUD.V,,0.9800000190734863,0.9800000190734863,0.9800000190734863,0.9800000190734863,100.0
2026-04-10 15:15:00,VLI.V,,0.014999999664723873,0.014999999664723873,0.014999999664723873,0.014999999664723873,3000.0
2026-04-10 15:15:00,VUX.V,,0.15000000596046448,0.15000000596046448,0.15000000596046448,0.15000000596046448,1000.0
2026-04-10 15:15:00,ZDC.V,,5.659999847412109,5.659999847412109,5.659999847412109,5.659999847412109,400.0
2026-04-10 15:16:00,UCU.V,,5.699999809265137,5.730000019073486,5.699999809265137,5.730000019073486,1900.0
2026-04-10 15:16:00,VUX.V,,0.15000000596046448,0.15000000596046448,0.15000000596046448,0.15000000596046448,1000.0
2026-04-10 15:16:00,YNV.V,,0.10999999940395355,0.10999999940395355,0.10999999940395355,0.10999999940395355,500.0
2026-04-10 15:16:00,ZDC.V,,5.650000095367432,5.659999847412109,5.650000095367432,5.659999847412109,500.0
2026-04-10 15:17:00,THX.V,,1.5199999809265137,1.5199999809265137,1.5199999809265137,1.5199999809265137,100.0
2026-04-10 15:17:00,UCU.V,,5.670000076293945,5.690000057220459,5.670000076293945,5.679999828338623,6015.0
2026-04-10 15:17:00,VUX.V,,0.15000000596046448,0.15000000596046448,0.15000000596046448,0.15000000596046448,1000.0
2026-04-10 15:17:00,ZDC.V,,5.650000095367432,5.650000095367432,5.650000095367432,5.650000095367432,100.0
2026-04-10 15:18:00,AUMB.V,,0.9700000286102295,0.9700000286102295,0.9700000286102295,0.9700000286102295,3500.0
2026-04-10 15:18:00,VCU.V,,1.2899999618530273,1.2899999618530273,1.2899999618530273,1.2899999618530273,100.0
2026-04-10 15:18:00,VUX.V,,0.15000000596046448,0.15000000596046448,0.15000000596046448,0.15000000596046448,500.0
2026-04-10 15:18:00,WED.V,,24.889999389648438,24.889999389648438,24.889999389648438,24.889999389648438,200.0
2026-04-10 15:18:00,WSK.V,,0.23000000417232513,0.23000000417232513,0.23000000417232513,0.23000000417232513,10000.0
2026-04-10 15:18:00,ZDC.V,,5.650000095367432,5.650000095367432,5.650000095367432,5.650000095367432,100.0
2026-04-10 15:19:00,TOI.V,,91.0999984741211,91.0999984741211,91.0999984741211,91.0999984741211,200.0
2026-04-10 15:19:00,TUD.V,,0.9800000190734863,0.9800000190734863,0.9800000190734863,0.9800000190734863,100.0
2026-04-10 15:19:00,VUX.V,,0.15000000596046448,0.15000000596046448,0.15000000596046448,0.15000000596046448,1000.0
2026-04-10 15:20:00,THX.V,,1.5199999809265137,1.5199999809265137,1.5199999809265137,1.5199999809265137,200.0
2026-04-10 15:20:00,VUL.V,,0.23000000417232513,0.23000000417232513,0.23000000417232513,0.23000000417232513,3000.0
2026-04-10 15:20:00,VUX.V,,0.15000000596046448,0.15000000596046448,0.15000000596046448,0.15000000596046448,1000.0
2026-04-10 15:20:00,ZDC.V,,5.650000095367432,5.650000095367432,5.650000095367432,5.650000095367432,100.0
2026-04-10 15:21:00,SURG.V,,0.5899999737739563,0.5899999737739563,0.5899999737739563,0.5899999737739563,24000.0
2026-04-10 15:21:00,UCU.V,,5.730000019073486,5.730000019073486,5.71999979019165,5.71999979019165,300.0
2026-04-10 15:21:00,VUX.V,,0.15000000596046448,0.15000000596046448,0.15000000596046448,0.15000000596046448,1000.0
2026-04-10 15:21:00,WRLG.V,,1.0,1.0,1.0,1.0,11000.0
2026-04-10 15:21:00,ZDC.V,,5.650000095367432,5.650000095367432,5.650000095367432,5.650000095367432,100.0
2026-04-10 15:22:00,THX.V,,1.5199999809265137,1.5299999713897705,1.5199999809265137,1.5199999809265137,45899.0
2026-04-10 15:22:00,TOI.V,,91.88999938964844,91.88999938964844,91.36000061035156,91.37000274658203,1320.0
2026-04-10 15:22:00,TUD.V,,0.9900000095367432,0.9900000095367432,0.9900000095367432,0.9900000095367432,5900.0
2026-04-10 15:22:00,UCU.V,,5.730000019073486,5.730000019073486,5.71999979019165,5.730000019073486,300.0
2026-04-10 15:22:00,VUX.V,,0.15000000596046448,0.15000000596046448,0.15000000596046448,0.15000000596046448,1000.0
2026-04-10 15:22:00,WRLG.V,,1.0,1.0,1.0,1.0,500.0
2026-04-10 15:22:00,ZDC.V,,5.650000095367432,5.650000095367432,5.650000095367432,5.650000095367432,1100.0
2026-04-10 15:23:00,AUMB.V,,0.9800000190734863,0.9800000190734863,0.9800000190734863,0.9800000190734863,6500.0
2026-04-10 15:23:00,SURG.V,,0.5899999737739563,0.5899999737739563,0.5899999737739563,0.5899999737739563,9500.0
2026-04-10 15:23:00,UCU.V,,5.730000019073486,5.730000019073486,5.730000019073486,5.730000019073486,300.0
2026-04-10 15:23:00,VCU.V,,1.2999999523162842,1.2999999523162842,1.2999999523162842,1.2999999523162842,1600.0
2026-04-10 15:23:00,VUX.V,,0.15000000596046448,0.15000000596046448,0.15000000596046448,0.15000000596046448,1000.0
2026-04-10 15:23:00,ZDC.V,,5.650000095367432,5.650000095367432,5.650000095367432,5.650000095367432,300.0
2026-04-10 15:24:00,THX.V,,1.5299999713897705,1.5299999713897705,1.5299999713897705,1.5299999713897705,5400.0
2026-04-10 15:24:00,TIG.V,,0.550000011920929,0.550000011920929,0.550000011920929,0.550000011920929,1000.0
2026-04-10 15:24:00,TK.V,,0.4000000059604645,0.4000000059604645,0.4000000059604645,0.4000000059604645,34500.0
2026-04-10 15:24:00,TLT.V,,0.2800000011920929,0.2800000011920929,0.2800000011920929,0.2800000011920929,6000.0
2026-04-10 15:24:00,UCU.V,,5.75,5.75,5.730000019073486,5.730000019073486,3300.0
2026-04-10 15:24:00,VUX.V,,0.15000000596046448,0.15000000596046448,0.15000000596046448,0.15000000596046448,1000.0
2026-04-10 15:24:00,ZDC.V,,5.659999847412109,5.659999847412109,5.659999847412109,5.659999847412109,2100.0
2026-04-10 15:25:00,SURG.V,,0.5899999737739563,0.5899999737739563,0.5899999737739563,0.5899999737739563,25572.0
2026-04-10 15:25:00,THX.V,,1.5299999713897705,1.5299999713897705,1.5299999713897705,1.5299999713897705,36500.0
2026-04-10 15:25:00,UCU.V,,5.75,5.75,5.75,5.75,300.0
2026-04-10 15:25:00,VUX.V,,0.15000000596046448,0.15000000596046448,0.15000000596046448,0.15000000596046448,1000.0
2026-04-10 15:26:00,AUMB.V,,0.9800000190734863,0.9800000190734863,0.9800000190734863,0.9800000190734863,5500.0
2026-04-10 15:26:00,SURG.V,,0.5799999833106995,0.5799999833106995,0.5799999833106995,0.5799999833106995,3500.0
2026-04-10 15:26:00,THX.V,,1.5299999713897705,1.5299999713897705,1.5299999713897705,1.5299999713897705,400.0
2026-04-10 15:26:00,TLT.V,,0.2800000011920929,0.2800000011920929,0.2800000011920929,0.2800000011920929,5000.0
2026-04-10 15:26:00,TOI.V,,91.88999938964844,91.9000015258789,91.88999938964844,91.88999938964844,500.0
2026-04-10 15:26:00,UCU.V,,5.75,5.75,5.75,5.75,300.0
2026-04-10 15:26:00,VUX.V,,0.15000000596046448,0.15000000596046448,0.15000000596046448,0.15000000596046448,1000.0
2026-04-10 15:26:00,XIM.V,,0.07999999821186066,0.07999999821186066,0.07999999821186066,0.07999999821186066,5000.0
2026-04-10 15:27:00,AUMB.V,,0.9850000143051147,0.9850000143051147,0.9850000143051147,0.9850000143051147,500.0
2026-04-10 15:27:00,TDG.V,,0.5799999833106995,0.5799999833106995,0.5799999833106995,0.5799999833106995,80039.0
2026-04-10 15:27:00,THX.V,,1.5199999809265137,1.5299999713897705,1.5199999809265137,1.5299999713897705,11800.0
2026-04-10 15:27:00,UCU.V,,5.739999771118164,5.75,5.739999771118164,5.75,300.0
2026-04-10 15:27:00,VUX.V,,0.15000000596046448,0.15000000596046448,0.15000000596046448,0.15000000596046448,1500.0
2026-04-10 15:27:00,WRLG.V,,1.0,1.0,1.0,1.0,500.0
2026-04-10 15:28:00,NILI.V,,0.6299999952316284,0.6299999952316284,0.6299999952316284,0.6299999952316284,2000.0
2026-04-10 15:28:00,UCU.V,,5.75,5.75,5.75,5.75,300.0
2026-04-10 15:28:00,VUX.V,,0.15000000596046448,0.15000000596046448,0.15000000596046448,0.15000000596046448,500.0
2026-04-10 15:28:00,ZDC.V,,5.670000076293945,5.670000076293945,5.670000076293945,5.670000076293945,1300.0
2026-04-10 15:28:00,ZEN.V,,0.7599999904632568,0.7599999904632568,0.7599999904632568,0.7599999904632568,10000.0
2026-04-10 15:29:00,THX.V,,1.5299999713897705,1.5299999713897705,1.5299999713897705,1.5299999713897705,1800.0
2026-04-10 15:29:00,TWO.V,,0.5299999713897705,0.5299999713897705,0.5299999713897705,0.5299999713897705,16500.0
2026-04-10 15:29:00,UCU.V,,5.739999771118164,5.75,5.739999771118164,5.75,300.0
2026-04-10 15:29:00,VUX.V,,0.15000000596046448,0.15000000596046448,0.15000000596046448,0.15000000596046448,1500.0
2026-04-10 15:29:00,ZEN.V,,0.75,0.75,0.75,0.75,1500.0
2026-04-10 15:30:00,UCU.V,,5.739999771118164,5.739999771118164,5.739999771118164,5.739999771118164,300.0
2026-04-10 15:30:00,VCU.V,,1.2999999523162842,1.2999999523162842,1.2999999523162842,1.2999999523162842,100.0
2026-04-10 15:30:00,VUX.V,,0.15000000596046448,0.15000000596046448,0.15000000596046448,0.15000000596046448,1000.0
2026-04-10 15:30:00,WRLG.V,,0.9900000095367432,0.9900000095367432,0.9900000095367432,0.9900000095367432,500.0
2026-04-10 15:30:00,ZEN.V,,0.75,0.75,0.75,0.75,1500.0
2026-04-10 15:31:00,UCU.V,,5.739999771118164,5.739999771118164,5.730000019073486,5.730000019073486,200.0
2026-04-10 15:31:00,USCU.V,,0.17000000178813934,0.17000000178813934,0.17000000178813934,0.17000000178813934,1000.0
2026-04-10 15:31:00,VUX.V,,0.15000000596046448,0.15000000596046448,0.15000000596046448,0.15000000596046448,1000.0
2026-04-10 15:31:00,WGO.V,,1.6200000047683716,1.6299999952316284,1.6200000047683716,1.6299999952316284,3700.0
2026-04-10 15:31:00,ZDC.V,,5.639999866485596,5.659999847412109,5.639999866485596,5.659999847412109,2600.0
2026-04-10 15:31:00,ZEN.V,,0.7400000095367432,0.75,0.7400000095367432,0.75,1000.0
2026-04-10 15:31:00,ZON.V,,0.10999999940395355,0.10999999940395355,0.10999999940395355,0.10999999940395355,10000.0
2026-04-10 15:32:00,TBK.V,,0.4350000023841858,0.4399999976158142,0.4350000023841858,0.4399999976158142,1000.0
2026-04-10 15:32:00,THX.V,,1.5299999713897705,1.5299999713897705,1.5299999713897705,1.5299999713897705,300.0
2026-04-10 15:32:00,UCU.V,,5.730000019073486,5.730000019073486,5.730000019073486,5.730000019073486,200.0
2026-04-10 15:32:00,VUX.V,,0.15000000596046448,0.15000000596046448,0.15000000596046448,0.15000000596046448,1000.0
2026-04-10 15:32:00,WGO.V,,1.6200000047683716,1.6200000047683716,1.6200000047683716,1.6200000047683716,200.0
2026-04-10 15:32:00,ZDC.V,,5.639999866485596,5.639999866485596,5.639999866485596,5.639999866485596,100.0
2026-04-10 15:32:00,ZEN.V,,0.75,0.75,0.75,0.75,1500.0
2026-04-10 15:33:00,AUMB.V,,0.9800000190734863,0.9800000190734863,0.9800000190734863,0.9800000190734863,2500.0
2026-04-10 15:33:00,THX.V,,1.5299999713897705,1.5299999713897705,1.5299999713897705,1.5299999713897705,100.0
2026-04-10 15:33:00,UCU.V,,5.75,5.75,5.730000019073486,5.730000019073486,300.0
2026-04-10 15:33:00,VUX.V,,0.15000000596046448,0.15000000596046448,0.15000000596046448,0.15000000596046448,1500.0
2026-04-10 15:33:00,WED.V,,25.100000381469727,25.100000381469727,25.100000381469727,25.100000381469727,100.0
2026-04-10 15:33:00,ZDC.V,,5.659999847412109,5.659999847412109,5.659999847412109,5.659999847412109,1600.0
2026-04-10 15:34:00,THX.V,,1.5299999713897705,1.5299999713897705,1.5299999713897705,1.5299999713897705,300.0
2026-04-10 15:34:00,UCU.V,,5.760000228881836,5.760000228881836,5.75,5.75,300.0
2026-04-10 15:34:00,VCU.V,,1.2899999618530273,1.2899999618530273,1.2899999618530273,1.2899999618530273,36100.0
2026-04-10 15:34:00,VUX.V,,0.15000000596046448,0.15000000596046448,0.15000000596046448,0.15000000596046448,1000.0
2026-04-10 15:34:00,WED.V,,25.25,25.25,25.25,25.25,200.0
2026-04-10 15:34:00,WRLG.V,,1.0,1.0,1.0,1.0,500.0
2026-04-10 15:34:00,ZEN.V,,0.75,0.75,0.75,0.75,5000.0
2026-04-10 15:35:00,THX.V,,1.5299999713897705,1.5299999713897705,1.5299999713897705,1.5299999713897705,100.0
2026-04-10 15:35:00,TOI.V,,91.68000030517578,91.68000030517578,91.68000030517578,91.68000030517578,100.0
2026-04-10 15:35:00,TUD.V,,0.9800000190734863,0.9800000190734863,0.9800000190734863,0.9800000190734863,400.0
2026-04-10 15:35:00,UCU.V,,5.760000228881836,5.760000228881836,5.760000228881836,5.760000228881836,200.0
2026-04-10 15:35:00,VUX.V,,0.15000000596046448,0.15000000596046448,0.15000000596046448,0.15000000596046448,1000.0
2026-04-10 15:35:00,ZDC.V,,5.659999847412109,5.659999847412109,5.659999847412109,5.659999847412109,1200.0
2026-04-10 15:36:00,NILI.V,,0.625,0.625,0.625,0.625,500.0
2026-04-10 15:36:00,SURG.V,,0.5799999833106995,0.5799999833106995,0.5799999833106995,0.5799999833106995,15500.0
2026-04-10 15:36:00,THX.V,,1.5299999713897705,1.5299999713897705,1.5299999713897705,1.5299999713897705,200.0
2026-04-10 15:36:00,TNO-H.V,,0.07000000029802322,0.07000000029802322,0.07000000029802322,0.07000000029802322,0.0
2026-04-10 15:36:00,UCU.V,,5.760000228881836,5.760000228881836,5.760000228881836,5.760000228881836,100.0
2026-04-10 15:36:00,VCU.V,,1.2799999713897705,1.2799999713897705,1.2799999713897705,1.2799999713897705,100.0
2026-04-10 15:36:00,VUX.V,,0.15000000596046448,0.15000000596046448,0.15000000596046448,0.15000000596046448,1000.0
2026-04-10 15:36:00,WRLG.V,,1.0,1.0,1.0,1.0,1000.0
2026-04-10 15:37:00,SURG.V,,0.5849999785423279,0.5849999785423279,0.5799999833106995,0.5799999833106995,4500.0
2026-04-10 15:37:00,THX.V,,1.5299999713897705,1.5299999713897705,1.5299999713897705,1.5299999713897705,100.0
2026-04-10 15:37:00,TOI.V,,91.75,91.75,91.75,91.75,100.0
2026-04-10 15:37:00,UCU.V,,5.760000228881836,5.760000228881836,5.760000228881836,5.760000228881836,300.0
2026-04-10 15:37:00,VUX.V,,0.15000000596046448,0.15000000596046448,0.15000000596046448,0.15000000596046448,500.0
2026-04-10 15:37:00,WED.V,,25.010000228881836,25.010000228881836,25.010000228881836,25.010000228881836,100.0
2026-04-10 15:38:00,THX.V,,1.5299999713897705,1.5299999713897705,1.5299999713897705,1.5299999713897705,400.0
2026-04-10 15:38:00,UCU.V,,5.760000228881836,5.760000228881836,5.760000228881836,5.760000228881836,100.0
2026-04-10 15:38:00,ZZE-H.V,,0.20000000298023224,0.20000000298023224,0.20000000298023224,0.20000000298023224,500.0
2026-04-10 15:39:00,SURG.V,,0.5849999785423279,0.5849999785423279,0.5849999785423279,0.5849999785423279,500.0
2026-04-10 15:39:00,THX.V,,1.5299999713897705,1.5299999713897705,1.5299999713897705,1.5299999713897705,100.0
2026-04-10 15:39:00,TLT.V,,0.2849999964237213,0.2849999964237213,0.2849999964237213,0.2849999964237213,30000.0
2026-04-10 15:39:00,TOI.V,,91.73999786376953,91.73999786376953,91.73999786376953,91.73999786376953,200.0
2026-04-10 15:39:00,UCU.V,,5.75,5.75,5.75,5.75,200.0
2026-04-10 15:39:00,WRLG.V,,1.0,1.0,1.0,1.0,500.0
2026-04-10 15:40:00,AUMB.V,,0.9750000238418579,0.9800000190734863,0.9750000238418579,0.9800000190734863,16000.0
2026-04-10 15:40:00,TECT.V,,2.4000000953674316,2.4000000953674316,2.4000000953674316,2.4000000953674316,100.0
2026-04-10 15:40:00,TOI.V,,91.54000091552734,91.6449966430664,91.54000091552734,91.6449966430664,400.0
2026-04-10 15:40:00,UCU.V,,5.75,5.75,5.75,5.75,200.0
2026-04-10 15:40:00,VCU.V,,1.2799999713897705,1.2799999713897705,1.2799999713897705,1.2799999713897705,100.0
2026-04-10 15:40:00,ZDC.V,,5.639999866485596,5.639999866485596,5.639999866485596,5.639999866485596,970.0
2026-04-10 15:41:00,AUMB.V,,0.9700000286102295,0.9700000286102295,0.9700000286102295,0.9700000286102295,500.0
2026-04-10 15:41:00,RARE.V,,5.599999904632568,5.599999904632568,5.599999904632568,5.599999904632568,1000.0
2026-04-10 15:41:00,TGOL.V,,0.13500000536441803,0.13500000536441803,0.13500000536441803,0.13500000536441803,246500.0
2026-04-10 15:41:00,TIG.V,,0.5400000214576721,0.550000011920929,0.5400000214576721,0.550000011920929,9500.0
2026-04-10 15:41:00,TOI.V,,91.31999969482422,91.31999969482422,91.31999969482422,91.31999969482422,100.0
2026-04-10 15:42:00,NILI.V,,0.6200000047683716,0.6200000047683716,0.6200000047683716,0.6200000047683716,500.0
2026-04-10 15:42:00,TECT.V,,2.4749999046325684,2.4749999046325684,2.4100000858306885,2.4100000858306885,7980.0
2026-04-10 15:42:00,TOI.V,,91.55000305175781,91.6449966430664,91.55000305175781,91.6449966430664,300.0
2026-04-10 15:42:00,TUD.V,,0.9900000095367432,0.9900000095367432,0.9900000095367432,0.9900000095367432,200.0
2026-04-10 15:42:00,WIL.V,,0.33000001311302185,0.33000001311302185,0.33000001311302185,0.33000001311302185,15000.0
2026-04-10 15:43:00,AUMB.V,,0.9700000286102295,0.9700000286102295,0.9700000286102295,0.9700000286102295,1500.0
2026-04-10 15:43:00,TGOL.V,,0.13500000536441803,0.13500000536441803,0.13500000536441803,0.13500000536441803,2000.0
2026-04-10 15:43:00,TOI.V,,91.55999755859375,91.55999755859375,91.55999755859375,91.55999755859375,320.0
2026-04-10 15:43:00,TTS.V,,0.5,0.5,0.5,0.5,1000.0
2026-04-10 15:43:00,WRLG.V,,1.0,1.0,1.0,1.0,5500.0
2026-04-10 15:44:00,AUMB.V,,0.9700000286102295,0.9700000286102295,0.9700000286102295,0.9700000286102295,1000.0
2026-04-10 15:44:00,NILI.V,,0.6200000047683716,0.6200000047683716,0.6200000047683716,0.6200000047683716,500.0
2026-04-10 15:44:00,SURG.V,,0.5799999833106995,0.5799999833106995,0.5799999833106995,0.5799999833106995,1000.0
2026-04-10 15:44:00,TUD.V,,0.9900000095367432,0.9900000095367432,0.9900000095367432,0.9900000095367432,100.0
2026-04-10 15:44:00,ZDC.V,,5.659999847412109,5.659999847412109,5.659999847412109,5.659999847412109,1600.0
2026-04-10 15:44:00,ZEN.V,,0.75,0.75,0.75,0.75,1500.0
2026-04-10 15:45:00,AUMB.V,,0.9700000286102295,0.9700000286102295,0.9700000286102295,0.9700000286102295,5500.0
2026-04-10 15:45:00,BIRD.V,,0.06499999761581421,0.06499999761581421,0.05999999865889549,0.05999999865889549,95000.0
2026-04-10 15:45:00,THX.V,,1.5299999713897705,1.5299999713897705,1.5299999713897705,1.5299999713897705,1700.0
2026-04-10 15:45:00,VCU.V,,1.2899999618530273,1.2899999618530273,1.2899999618530273,1.2899999618530273,100.0
2026-04-10 15:45:00,ZDC.V,,5.690000057220459,5.690000057220459,5.659999847412109,5.659999847412109,2300.0
2026-04-10 15:46:00,AUMB.V,,0.9700000286102295,0.9700000286102295,0.9700000286102295,0.9700000286102295,13928.0
2026-04-10 15:46:00,NILI.V,,0.625,0.625,0.625,0.625,500.0
2026-04-10 15:46:00,TCO.V,,0.07000000029802322,0.07000000029802322,0.07000000029802322,0.07000000029802322,31000.0
2026-04-10 15:46:00,THX.V,,1.5299999713897705,1.5299999713897705,1.5299999713897705,1.5299999713897705,500.0
2026-04-10 15:46:00,TOI.V,,91.48500061035156,91.48500061035156,91.48500061035156,91.48500061035156,100.0
2026-04-10 15:46:00,WISH.V,,0.26499998569488525,0.26499998569488525,0.26499998569488525,0.26499998569488525,4000.0
2026-04-10 15:46:00,WRLG.V,,1.0,1.0,0.9950000047683716,0.9950000047683716,1000.0
2026-04-10 15:46:00,XIM.V,,0.08500000089406967,0.08500000089406967,0.08500000089406967,0.08500000089406967,30000.0
2026-04-10 15:47:00,AUMB.V,,0.9700000286102295,0.9700000286102295,0.9700000286102295,0.9700000286102295,500.0
2026-04-10 15:47:00,THX.V,,1.5299999713897705,1.5299999713897705,1.5299999713897705,1.5299999713897705,400.0
2026-04-10 15:47:00,TK.V,,0.4000000059604645,0.4000000059604645,0.4000000059604645,0.4000000059604645,90000.0
2026-04-10 15:47:00,UCU.V,,5.760000228881836,5.760000228881836,5.760000228881836,5.760000228881836,100.0
2026-04-10 15:47:00,WEX.V,,0.7099999785423279,0.7099999785423279,0.7099999785423279,0.7099999785423279,1000.0
2026-04-10 15:48:00,NILI.V,,0.625,0.625,0.625,0.625,500.0
2026-04-10 15:48:00,THX.V,,1.5299999713897705,1.5299999713897705,1.5299999713897705,1.5299999713897705,4600.0
2026-04-10 15:48:00,TOI.V,,91.48999786376953,91.48999786376953,91.48999786376953,91.48999786376953,100.0
2026-04-10 15:48:00,UCU.V,,5.760000228881836,5.760000228881836,5.75,5.75,1400.0
2026-04-10 15:48:00,WEX.V,,0.7099999785423279,0.7099999785423279,0.7049999833106995,0.7049999833106995,3000.0
2026-04-10 15:48:00,ZDC.V,,5.679999828338623,5.679999828338623,5.659999847412109,5.670000076293945,2600.0
2026-04-10 15:48:00,ZEN.V,,0.75,0.75,0.75,0.75,5000.0
2026-04-10 15:49:00,AUMB.V,,0.9700000286102295,0.9700000286102295,0.9700000286102295,0.9700000286102295,2000.0
2026-04-10 15:49:00,THX.V,,1.5299999713897705,1.5299999713897705,1.5299999713897705,1.5299999713897705,500.0
2026-04-10 15:49:00,TOI.V,,91.48999786376953,91.48999786376953,91.48999786376953,91.48999786376953,100.0
2026-04-10 15:49:00,UCU.V,,5.769999980926514,5.769999980926514,5.760000228881836,5.760000228881836,200.0
2026-04-10 15:49:00,VCU.V,,1.2799999713897705,1.2799999713897705,1.2799999713897705,1.2799999713897705,100.0
2026-04-10 15:49:00,VLI.V,,0.014999999664723873,0.014999999664723873,0.014999999664723873,0.014999999664723873,1000.0
2026-04-10 15:49:00,VML.V,,0.5299999713897705,0.5299999713897705,0.5299999713897705,0.5299999713897705,7000.0
2026-04-10 15:49:00,VUL.V,,0.23000000417232513,0.23000000417232513,0.23000000417232513,0.23000000417232513,14500.0
2026-04-10 15:49:00,WEX.V,,0.699999988079071,0.699999988079071,0.699999988079071,0.699999988079071,1214.0
2026-04-10 15:49:00,WRLG.V,,0.9900000095367432,0.9900000095367432,0.9900000095367432,0.9900000095367432,9000.0
2026-04-10 15:49:00,ZDC.V,,5.690000057220459,5.690000057220459,5.679999828338623,5.679999828338623,996.0
2026-04-10 15:50:00,NILI.V,,0.6200000047683716,0.6200000047683716,0.6200000047683716,0.6200000047683716,500.0
2026-04-10 15:50:00,THX.V,,1.5299999713897705,1.5299999713897705,1.5299999713897705,1.5299999713897705,600.0
2026-04-10 15:50:00,TOI.V,,91.48999786376953,91.5999984741211,91.48999786376953,91.5999984741211,200.0
2026-04-10 15:50:00,VML.V,,0.5299999713897705,0.5299999713897705,0.5299999713897705,0.5299999713897705,1000.0
2026-04-10 15:50:00,WEX.V,,0.6899999976158142,0.6899999976158142,0.6899999976158142,0.6899999976158142,11500.0
2026-04-10 15:50:00,WRLG.V,,0.9900000095367432,1.0,0.9900000095367432,1.0,1599.0
2026-04-10 15:50:00,ZOMD.V,,0.8799999952316284,0.8799999952316284,0.8799999952316284,0.8799999952316284,1000.0
2026-04-10 15:51:00,NILI.V,,0.6200000047683716,0.6200000047683716,0.6200000047683716,0.6200000047683716,1000.0
2026-04-10 15:51:00,TBK.V,,0.42500001192092896,0.42500001192092896,0.42500001192092896,0.42500001192092896,14000.0
2026-04-10 15:51:00,THX.V,,1.5299999713897705,1.5299999713897705,1.5299999713897705,1.5299999713897705,100.0
2026-04-10 15:51:00,TNR.V,,0.23999999463558197,0.23999999463558197,0.23999999463558197,0.23999999463558197,7000.0
2026-04-10 15:51:00,TOI.V,,91.69999694824219,91.69999694824219,91.48999786376953,91.48999786376953,1100.0
2026-04-10 15:51:00,TUK.V,,0.019999999552965164,0.019999999552965164,0.019999999552965164,0.019999999552965164,0.0
2026-04-10 15:51:00,UCU.V,,5.769999980926514,5.769999980926514,5.760000228881836,5.760000228881836,200.0
2026-04-10 15:51:00,WEX.V,,0.699999988079071,0.699999988079071,0.699999988079071,0.699999988079071,1000.0
2026-04-10 15:51:00,WGO.V,,1.6150000095367432,1.6150000095367432,1.6100000143051147,1.6100000143051147,10100.0
2026-04-10 15:52:00,AUMB.V,,0.9700000286102295,0.9700000286102295,0.9700000286102295,0.9700000286102295,1000.0
2026-04-10 15:52:00,NILI.V,,0.6200000047683716,0.6200000047683716,0.6200000047683716,0.6200000047683716,500.0
2026-04-10 15:52:00,THX.V,,1.5399999618530273,1.5399999618530273,1.5299999713897705,1.5299999713897705,6399.0
2026-04-10 15:52:00,TOI.V,,91.75,91.75,91.72000122070312,91.72000122070312,400.0
2026-04-10 15:52:00,TUD.V,,0.9800000190734863,0.9850000143051147,0.9800000190734863,0.9800000190734863,26400.0
2026-04-10 15:52:00,UCU.V,,5.769999980926514,5.769999980926514,5.769999980926514,5.769999980926514,200.0
2026-04-10 15:52:00,VCU.V,,1.2799999713897705,1.2799999713897705,1.2799999713897705,1.2799999713897705,100.0
2026-04-10 15:52:00,WGO.V,,1.6150000095367432,1.6150000095367432,1.6150000095367432,1.6150000095367432,100.0
2026-04-10 15:52:00,ZDC.V,,5.670000076293945,5.670000076293945,5.670000076293945,5.670000076293945,300.0
2026-04-10 15:53:00,NILI.V,,0.6200000047683716,0.6200000047683716,0.6200000047683716,0.6200000047683716,500.0
2026-04-10 15:53:00,SURG.V,,0.5899999737739563,0.5899999737739563,0.5899999737739563,0.5899999737739563,9500.0
2026-04-10 15:53:00,THX.V,,1.5199999809265137,1.5399999618530273,1.5199999809265137,1.5399999618530273,2000.0
2026-04-10 15:53:00,TIG.V,,0.5400000214576721,0.5400000214576721,0.5400000214576721,0.5400000214576721,1000.0
2026-04-10 15:53:00,TOI.V,,92.0,92.01000213623047,91.79000091552734,91.79000091552734,1083.0
2026-04-10 15:53:00,TUD.V,,0.9800000190734863,0.9800000190734863,0.9800000190734863,0.9800000190734863,100.0
2026-04-10 15:53:00,UCU.V,,5.769999980926514,5.769999980926514,5.769999980926514,5.769999980926514,100.0
2026-04-10 15:53:00,WEB.V,,1.6399999856948853,1.6399999856948853,1.6399999856948853,1.6399999856948853,1610.0
2026-04-10 15:53:00,WGO.V,,1.6200000047683716,1.6200000047683716,1.6200000047683716,1.6200000047683716,100.0
2026-04-10 15:53:00,WRLG.V,,0.9900000095367432,0.9900000095367432,0.9900000095367432,0.9900000095367432,23500.0
2026-04-10 15:53:00,XGC.V,,0.28999999165534973,0.28999999165534973,0.28999999165534973,0.28999999165534973,500.0
2026-04-10 15:53:00,ZDC.V,,5.679999828338623,5.679999828338623,5.679999828338623,5.679999828338623,900.0
2026-04-10 15:54:00,AUMB.V,,0.9700000286102295,0.9700000286102295,0.9700000286102295,0.9700000286102295,3000.0
2026-04-10 15:54:00,NILI.V,,0.6200000047683716,0.6200000047683716,0.6200000047683716,0.6200000047683716,500.0
2026-04-10 15:54:00,THX.V,,1.5299999713897705,1.5299999713897705,1.5299999713897705,1.5299999713897705,1700.0
2026-04-10 15:54:00,TOI.V,,91.9000015258789,91.9000015258789,91.9000015258789,91.9000015258789,400.0
2026-04-10 15:54:00,TUD.V,,0.9800000190734863,0.9800000190734863,0.9800000190734863,0.9800000190734863,1550.0
2026-04-10 15:54:00,UCU.V,,5.769999980926514,5.769999980926514,5.769999980926514,5.769999980926514,400.0
2026-04-10 15:54:00,WGO.V,,1.6200000047683716,1.6200000047683716,1.6200000047683716,1.6200000047683716,100.0
2026-04-10 15:54:00,WRLG.V,,0.9900000095367432,0.9900000095367432,0.9900000095367432,0.9900000095367432,13000.0
2026-04-10 15:54:00,ZDC.V,,5.650000095367432,5.679999828338623,5.650000095367432,5.679999828338623,600.0
2026-04-10 15:55:00,NILI.V,,0.6200000047683716,0.6200000047683716,0.6200000047683716,0.6200000047683716,6000.0
2026-04-10 15:55:00,THX.V,,1.5399999618530273,1.5399999618530273,1.5299999713897705,1.5299999713897705,2900.0
2026-04-10 15:55:00,TMET.V,,0.10000000149011612,0.10000000149011612,0.10000000149011612,0.10000000149011612,95000.0
2026-04-10 15:55:00,TOI.V,,91.33999633789062,91.7699966430664,91.33999633789062,91.76000213623047,602.0
2026-04-10 15:55:00,TUD.V,,0.9800000190734863,0.9800000190734863,0.9800000190734863,0.9800000190734863,100.0
2026-04-10 15:55:00,TWR.V,,0.17000000178813934,0.17000000178813934,0.17000000178813934,0.17000000178813934,500.0
2026-04-10 15:55:00,UCU.V,,5.769999980926514,5.769999980926514,5.769999980926514,5.769999980926514,300.0
2026-04-10 15:55:00,VCU.V,,1.2999999523162842,1.2999999523162842,1.2799999713897705,1.2899999618530273,8338.0
2026-04-10 15:55:00,WGO.V,,1.6200000047683716,1.6200000047683716,1.6200000047683716,1.6200000047683716,100.0
2026-04-10 15:55:00,WRLG.V,,0.9950000047683716,0.9950000047683716,0.9950000047683716,0.9950000047683716,500.0
2026-04-10 15:56:00,NILI.V,,0.6200000047683716,0.6200000047683716,0.6200000047683716,0.6200000047683716,500.0
2026-04-10 15:56:00,THX.V,,1.534999966621399,1.534999966621399,1.5299999713897705,1.5299999713897705,300.0
2026-04-10 15:56:00,TOI.V,,91.22000122070312,91.4000015258789,91.20999908447266,91.23999786376953,1200.0
2026-04-10 15:56:00,TUD.V,,0.9800000190734863,0.9850000143051147,0.9800000190734863,0.9850000143051147,200.0
2026-04-10 15:56:00,UCU.V,,5.769999980926514,5.769999980926514,5.769999980926514,5.769999980926514,700.0
2026-04-10 15:56:00,USHA.V,,0.05000000074505806,0.05000000074505806,0.05000000074505806,0.05000000074505806,0.0
2026-04-10 15:56:00,WRLG.V,,0.9950000047683716,0.9950000047683716,0.9950000047683716,0.9950000047683716,500.0
2026-04-10 15:56:00,ZDC.V,,5.679999828338623,5.679999828338623,5.679999828338623,5.679999828338623,100.0
2026-04-10 15:57:00,NILI.V,,0.6200000047683716,0.6200000047683716,0.6200000047683716,0.6200000047683716,500.0
2026-04-10 15:57:00,THX.V,,1.5299999713897705,1.534999966621399,1.5299999713897705,1.534999966621399,13000.0
2026-04-10 15:57:00,TIG.V,,0.5400000214576721,0.5400000214576721,0.5400000214576721,0.5400000214576721,1500.0
2026-04-10 15:57:00,TOI.V,,91.31999969482422,91.31999969482422,91.20999908447266,91.22000122070312,900.0
2026-04-10 15:57:00,TTS.V,,0.5199999809265137,0.5199999809265137,0.5199999809265137,0.5199999809265137,3532.0
2026-04-10 15:57:00,TUD.V,,0.9850000143051147,0.9850000143051147,0.9800000190734863,0.9800000190734863,400.0
2026-04-10 15:57:00,TWR.V,,0.17000000178813934,0.17000000178813934,0.17000000178813934,0.17000000178813934,500.0
2026-04-10 15:57:00,UCU.V,,5.769999980926514,5.769999980926514,5.769999980926514,5.769999980926514,300.0
2026-04-10 15:57:00,VO.V,,0.10499999672174454,0.10499999672174454,0.10499999672174454,0.10499999672174454,500.0
2026-04-10 15:57:00,WED.V,,25.0,25.0,25.0,25.0,200.0
2026-04-10 15:57:00,WRLG.V,,1.0,1.0,0.9950000047683716,0.9950000047683716,6415.0
2026-04-10 15:57:00,ZAC.V,,0.07999999821186066,0.07999999821186066,0.07999999821186066,0.07999999821186066,2000.0
2026-04-10 15:57:00,ZDC.V,,5.679999828338623,5.679999828338623,5.679999828338623,5.679999828338623,100.0
2026-04-10 15:58:00,AUMB.V,,0.9800000190734863,0.9800000190734863,0.9800000190734863,0.9800000190734863,9000.0
2026-04-10 15:58:00,NILI.V,,0.6200000047683716,0.6200000047683716,0.6200000047683716,0.6200000047683716,500.0
2026-04-10 15:58:00,TIG.V,,0.5299999713897705,0.5299999713897705,0.5299999713897705,0.5299999713897705,18000.0
2026-04-10 15:58:00,TOI.V,,91.63999938964844,91.63999938964844,91.4000015258789,91.4000015258789,1800.0
2026-04-10 15:58:00,TUD.V,,0.9850000143051147,0.9850000143051147,0.9800000190734863,0.9850000143051147,500.0
2026-04-10 15:58:00,TWR.V,,0.17000000178813934,0.17000000178813934,0.17000000178813934,0.17000000178813934,500.0
2026-04-10 15:58:00,UCU.V,,5.769999980926514,5.769999980926514,5.75,5.769999980926514,800.0
2026-04-10 15:58:00,VCU.V,,1.2999999523162842,1.2999999523162842,1.2999999523162842,1.2999999523162842,300.0
2026-04-10 15:58:00,VO.V,,0.10499999672174454,0.10499999672174454,0.10499999672174454,0.10499999672174454,1000.0
2026-04-10 15:58:00,WGO.V,,1.6200000047683716,1.6200000047683716,1.6200000047683716,1.6200000047683716,200.0
2026-04-10 15:58:00,WHY.V,,0.3499999940395355,0.3499999940395355,0.3499999940395355,0.3499999940395355,1501.0
2026-04-10 15:58:00,ZDC.V,,5.659999847412109,5.679999828338623,5.659999847412109,5.679999828338623,500.0
2026-04-10 15:59:00,AUMB.V,,0.9900000095367432,0.9900000095367432,0.9700000286102295,0.9750000238418579,24400.0
2026-04-10 15:59:00,NILI.V,,0.6200000047683716,0.6200000047683716,0.6200000047683716,0.6200000047683716,500.0
2026-04-10 15:59:00,ONE.V,,0.38499999046325684,0.38499999046325684,0.38499999046325684,0.38499999046325684,3500.0
2026-04-10 15:59:00,SURG.V,,0.5899999737739563,0.5899999737739563,0.5899999737739563,0.5899999737739563,27500.0
2026-04-10 15:59:00,TAO.V,,0.08500000089406967,0.08500000089406967,0.08500000089406967,0.08500000089406967,0.0
2026-04-10 15:59:00,TECT.V,,2.4200000762939453,2.430000066757202,2.4200000762939453,2.430000066757202,900.0
2026-04-10 15:59:00,THX.V,,1.5399999618530273,1.5399999618530273,1.5299999713897705,1.5299999713897705,12000.0
2026-04-10 15:59:00,TIG.V,,0.5299999713897705,0.5299999713897705,0.5299999713897705,0.5299999713897705,500.0
2026-04-10 15:59:00,TLA.V,,0.5600000023841858,0.5600000023841858,0.5600000023841858,0.5600000023841858,18030.0
2026-04-10 15:59:00,TLT.V,,0.2849999964237213,0.28999999165534973,0.2849999964237213,0.28999999165534973,15500.0
2026-04-10 15:59:00,TMET.V,,0.10000000149011612,0.10000000149011612,0.10000000149011612,0.10000000149011612,3000.0
2026-04-10 15:59:00,TOI.V,,91.51000213623047,91.91999816894531,91.51000213623047,91.56999969482422,1777.0
2026-04-10 15:59:00,TUD.V,,0.9800000190734863,0.9900000095367432,0.9599999785423279,0.9850000143051147,17746.0
2026-04-10 15:59:00,TWR.V,,0.17000000178813934,0.17000000178813934,0.17000000178813934,0.17000000178813934,1000.0
2026-04-10 15:59:00,UCU.V,,5.809999942779541,5.809999942779541,5.739999771118164,5.769999980926514,1900.0
2026-04-10 15:59:00,UGD.V,,0.41499999165534973,0.41499999165534973,0.4050000011920929,0.4050000011920929,10500.0
2026-04-10 15:59:00,VCU.V,,1.2999999523162842,1.2999999523162842,1.2999999523162842,1.2999999523162842,300.0
2026-04-10 15:59:00,VO.V,,0.10499999672174454,0.10499999672174454,0.10499999672174454,0.10499999672174454,1000.0
2026-04-10 15:59:00,WAM.V,,0.7799999713897705,0.8050000071525574,0.7799999713897705,0.8050000071525574,4514.0
2026-04-10 15:59:00,WEX.V,,0.699999988079071,0.699999988079071,0.699999988079071,0.699999988079071,500.0
2026-04-10 15:59:00,WGO.V,,1.6100000143051147,1.6100000143051147,1.6100000143051147,1.6100000143051147,800.0
2026-04-10 15:59:00,WIL.V,,0.3499999940395355,0.3499999940395355,0.3499999940395355,0.3499999940395355,500.0
2026-04-10 15:59:00,WRLG.V,,0.9900000095367432,1.0,0.9900000095367432,0.9900000095367432,33000.0
2026-04-10 15:59:00,WSK.V,,0.20999999344348907,0.20999999344348907,0.20999999344348907,0.20999999344348907,500.0
2026-04-10 15:59:00,ZDC.V,,5.659999847412109,5.679999828338623,5.659999847412109,5.679999828338623,1700.0
2026-04-10 15:59:00,ZEN.V,,0.7400000095367432,0.75,0.7400000095367432,0.7400000095367432,3000.0
2026-04-10 15:59:00,ZOMD.V,,0.8799999952316284,0.8799999952316284,0.8799999952316284,0.8799999952316284,500.0
